t,base_v,candidate_v,inner_v,inner_s,disturbance,drive_a,pv,mode,front_status,rear_status,base_correction,correction,blocked_until,update,increment_delta
82.719679107,0.0,0.0,0.0,0.0,0.0,0.0,1.0,WAITING_FOR_INITIALIZATION,MISSING_OR_STALE,MISSING_OR_STALE,0.0,0.0,,False,
82.769679107,0.0,0.0,0.0,0.0,0.0,0.0,1.0,WAITING_FOR_INITIALIZATION,MISSING_OR_STALE,MISSING_OR_STALE,0.0,0.0,,False,
82.819679107,1.2481411960389879,1.2481411960389879,1.2481411960389879,0.0,0.0,0.0,0.010000000000000002,INITIALIZED,ACCEPTED,ACCEPTED,0.0,0.0,,False,
82.86967910700001,1.239500247153387,1.239500247153387,1.239500247153387,0.06219103607982351,0.0,-0.12057610403442608,0.01500000000000114,MODEL_ONLY,DUPLICATE_OR_OLD,DUPLICATE_OR_OLD,0.0,0.0,,False,
82.91967910700001,1.1482254130983585,1.1482254130983585,1.1703555714959202,0.12243743154605274,0.0,-0.2321360182229667,0.006666666666666763,FUSED,ACCEPTED,ACCEPTED,-0.022130158397561717,-0.022130158397561717,,True,0.0
82.969679107,1.1290953063701517,1.1290953063701517,1.1512254647677134,0.18047695745264028,0.0,-0.3303597277068688,0.01166666666666648,MODEL_ONLY,DUPLICATE_OR_OLD,DUPLICATE_OR_OLD,-0.022130158397561717,-0.022130158397561717,,False,
83.019679107,1.0243784829271212,1.029014223226953,1.0669046166530725,0.2359302094881568,-0.11892876740633175,-0.41684195825307097,0.006249999999999934,FUSED,ACCEPTED,ACCEPTED,-0.042526133725951265,-0.03789039342611944,,True,0.007417184479730846
83.069679107,0.991170836850642,0.9958065771504738,1.0336969705765933,0.28844524916889547,-0.11892876740633175,-0.49298331339904183,0.011249999999999651,MODEL_ONLY,DUPLICATE_OR_OLD,DUPLICATE_OR_OLD,-0.042526133725951265,-0.03789039342611944,,False,
83.11967910700001,0.8691550208236469,0.8753952302462662,0.9373127575232219,0.33772049237140206,-0.21904665124587186,-0.5600209059351253,0.006190476190476305,FUSED,ACCEPTED,ACCEPTED,-0.06815773669957492,-0.06191752727695565,,True,0.007227575036642439
83.16967910700001,0.8243798142249509,0.8306200236475701,0.8925375509245258,0.3834667500825931,-0.21904665124587186,-0.6242230885805595,0.011190476190476022,MODEL_ONLY,DUPLICATE_OR_OLD,DUPLICATE_OR_OLD,-0.06815773669957492,-0.06191752727695565,,False,
83.219679107,0.7543956823698557,0.7605480482729889,0.8479931077888572,0.4269800165504252,-0.13828391721561864,-0.680738361354718,0.0061818181818181165,FUSED,ACCEPTED,ACCEPTED,-0.09359742541900151,-0.08744505951586823,,True,0.0060981096116860395
83.269679107,0.7083464779222475,0.7144988438253808,0.801943903341249,0.4682284418286755,-0.13828391721561864,-0.7304785875434502,0.011181818181817833,MODEL_ONLY,DUPLICATE_OR_OLD,DUPLICATE_OR_OLD,-0.09359742541900151,-0.08744505951586823,,False,
83.319679107,0.6356758050579192,0.6395100837696676,0.7410939953769243,0.5068043892966276,-0.17835640391771468,-0.7742413492044258,0.0061805555555554635,FUSED,ACCEPTED,ACCEPTED,-0.10541819031900512,-0.10158391160725677,,True,0.0024017529193193915
83.36967910700001,0.5835139402215069,0.5873482189332553,0.688932130540512,0.5425550424445716,-0.17835640391771468,-0.8127007570572431,0.0111805555555566,MODEL_ONLY,DUPLICATE_OR_OLD,DUPLICATE_OR_OLD,-0.10541819031900512,-0.10158391160725677,,False,
83.41967910700001,0.4723286084628012,0.47544986612079976,0.585056017699968,0.5744047461505818,-0.29149753084820496,-0.8464545409758065,0.006180371352785258,FUSED,ACCEPTED,ACCEPTED,-0.11272740923716673,-0.1096061515791682,,True,0.002680592285724037
83.469679107,0.41137217969159867,0.4144934373495972,0.5240995889287654,0.6021336363162986,-0.29149753084820496,-0.8756876532560436,0.011180371352784975,MODEL_ONLY,DUPLICATE_OR_OLD,DUPLICATE_OR_OLD,-0.11272740923716673,-0.1096061515791682,,False,
83.519679107,0.3391912918264694,0.3409809321473747,0.45058638896321496,0.6265007857635967,-0.29149753084820496,-0.9007975981516337,0.0061803444782167535,FUSED,ACCEPTED,ACCEPTED,-0.11139509713674556,-0.10960545681584027,,True,0.0009666571469967578
83.569679107,0.2759902077679769,0.2777798480888822,0.38738530490472245,0.647450078110294,-0.29149753084820496,-0.9214222289269254,0.01118034447821647,MODEL_ONLY,DUPLICATE_OR_OLD,DUPLICATE_OR_OLD,-0.11139509713674556,-0.10960545681584027,,False,
83.61967910700001,0.2476277257987065,0.2488219817262738,0.3634450300487787,0.6662208364841358,-0.29149753084820496,-0.9419126739081081,0.006180340557275657,FUSED,ACCEPTED,ACCEPTED,-0.1158173042500722,-0.11462304832250492,,True,0.0008262882405136868
83.66967910700001,0.18265040981450387,0.18384466574207114,0.29846771406457606,0.6827686550869687,-0.29149753084820496,-0.9584928587191133,0.011180340557275374,MODEL_ONLY,DUPLICATE_OR_OLD,DUPLICATE_OR_OLD,-0.1158173042500722,-0.11462304832250492,,False,
83.719679107,0.1071944904167075,0.10799082494795417,0.2409582883214967,0.6962543051466198,-0.29149753084820496,-0.9669895682924441,0.006180339985217969,FUSED,ACCEPTED,ACCEPTED,-0.1337637979047892,-0.13296746337354254,,True,0.0005504055936497998
83.769679107,0.042182017116769555,0.04297835164801622,0.17594581502155876,0.7066769077301955,-0.29149753084820496,-0.9651230436922361,0.011180339985217686,MODEL_ONLY,DUPLICATE_OR_OLD,DUPLICATE_OR_OLD,-0.1337637979047892,-0.13296746337354254,,False,
83.819679107,0.011923599563743975,0.011369377098102151,0.14411173503669408,0.7146783464816514,-0.29149753084820496,-0.9459366341234245,0.00618033990175588,FUSED,ACCEPTED,ACCEPTED,-0.1321881354729501,-0.13274235793859193,,True,-0.0013889125884219422
83.86967910700001,0.08207847694501666,0.08207847694501666,0.08207847694501666,0.7203331017811955,-0.29149753084820496,-0.9169201986057388,0.011180339901757017,MODEL_ONLY,DUPLICATE_OR_OLD,DUPLICATE_OR_OLD,0.0,0.0,,False,
83.91967910700001,0.07154978102801397,0.07154978102801397,0.07154978102801397,0.724173808230521,-0.29149753084820496,-0.8602630625735266,0.0061803398895791326,FUSED,ACCEPTED,ACCEPTED,0.0,0.0,,True,-0.004962824728842824
83.969679107,0.015869731238677534,0.015869731238677534,0.015869731238677534,0.7263592960371882,-0.29149753084820496,-0.8041720245077415,0.011180339889578849,MODEL_ONLY,DUPLICATE_OR_OLD,DUPLICATE_OR_OLD,0.0,0.0,,False,
84.019679107,0.0,0.0,0.0,0.7267560393181551,-0.29149753084820496,-0.7188290914325655,0.006180339887802361,FUSED,ACCEPTED,ACCEPTED,0.0,0.0,,True,-0.005748110948805951
84.069679107,-0.04622011732903552,-0.04622011732903552,-0.04622011732903552,0.7256005363849293,-0.29149753084820496,-0.632904815732558,0.011180339887802078,MODEL_ONLY,DUPLICATE_OR_OLD,DUPLICATE_OR_OLD,0.0,0.0,,False,
84.11967910700001,-0.08537141611526546,-0.08968146062743493,-0.03304706186811499,0.723618856905,-0.29149753084820496,-0.5263297540275628,0.006180339887543341,FUSED,ACCEPTED,ACCEPTED,-0.05232435424715046,-0.056634398759319936,,True,-0.006973798513665058
84.16967910700001,-0.12157441923957546,-0.12588446375174495,-0.069250064992425,0.7210614287334867,-0.29149753084820496,-0.4411172502619425,0.011180339887543057,MODEL_ONLY,DUPLICATE_OR_OLD,DUPLICATE_OR_OLD,-0.052324354247150456,-0.05663439875931994,,False,
84.219679107,-0.1013518512480909,-0.10782834209570602,-0.03823738974723167,0.7183742423649954,-0.29149753084820496,-0.3430362991872262,0.0061803398875053435,FUSED,ACCEPTED,ACCEPTED,-0.06311446150085923,-0.06959095234847434,,True,-0.00781542831771953
84.269679107,-0.08042580121316538,-0.08392320061245313,-0.03131905093041126,0.7166353313480543,-0.29149753084820496,-0.2803192482771684,0.005278640450005569,FUSED,ACCEPTED,ACCEPTED,-0.049106750282754116,-0.05260414968204187,,True,-0.0008328190034299007
84.319679107,-0.10604278863792878,-0.10954018803721653,-0.05693603835517466,0.7144289541159148,-0.29149753084820496,-0.2289570432750383,0.010278640450005285,MODEL_ONLY,DUPLICATE_OR_OLD,DUPLICATE_OR_OLD,-0.049106750282754116,-0.05260414968204187,,False,
84.36967910700001,-0.1285472912284369,-0.13204469062772461,-0.07944054094568276,0.7110195396333926,-0.29149753084820496,-0.17307598277004207,0.015278640450006422,MODEL_ONLY,DUPLICATE_OR_OLD,DUPLICATE_OR_OLD,-0.04910675028275413,-0.052604149682041856,,False,
84.41967910700001,-0.07772157676457318,-0.08189016706670132,-0.032640511365816444,0.7082175133256052,-0.29149753084820496,-0.11603686645818859,0.006697341805517568,FUSED,ACCEPTED,ACCEPTED,-0.04508106539875674,-0.04924965570088488,,True,-0.0044995744746100935
84.469679107,-0.09626016612946144,-0.10042875643158958,-0.051179100730704696,0.7061220230231923,-0.29149753084820496,-0.0877255906767538,0.011697341805517285,MODEL_ONLY,DUPLICATE_OR_OLD,DUPLICATE_OR_OLD,-0.04508106539875674,-0.04924965570088488,,False,
84.519679107,0.0,0.0,0.0,0.7048425455049248,0.0,0.0,0.00625430873498668,STOPPED,ACCEPTED,ACCEPTED,0.0,0.0,85.019679107,False,
84.569679107,0.0,0.0,0.0,0.7048425455049248,0.0,0.0,0.011254308734986396,STOPPED,DUPLICATE_OR_OLD,DUPLICATE_OR_OLD,0.0,0.0,85.069679107,False,
84.61967910700001,0.0,0.0,0.0,0.7048425455049248,0.0,0.0,0.0061911013917979865,STOPPED,ACCEPTED,ACCEPTED,0.0,0.0,85.11967910700001,False,
84.66967910700001,0.0,0.0,0.0,0.7048425455049248,0.0,0.0,0.011191101391797704,STOPPED,DUPLICATE_OR_OLD,DUPLICATE_OR_OLD,0.0,0.0,85.16967910700001,False,
84.719679107,0.0,0.0,0.0,0.7048425455049248,0.0,0.0,0.006181909324694601,STOPPED,ACCEPTED,ACCEPTED,0.0,0.0,85.219679107,False,
84.769679107,0.0,0.0,0.0,0.7048425455049248,0.0,0.0,0.011181909324694317,STOPPED,DUPLICATE_OR_OLD,DUPLICATE_OR_OLD,0.0,0.0,85.269679107,False,
84.819679107,0.0,0.0,0.0,0.7048425455049248,0.0,0.0,0.0061805688515740595,STOPPED,ACCEPTED,ACCEPTED,0.0,0.0,85.319679107,False,
84.86967910700001,0.0,0.0,0.0,0.7048425455049248,0.0,0.0,0.011180568851575198,STOPPED,DUPLICATE_OR_OLD,DUPLICATE_OR_OLD,0.0,0.0,85.36967910700001,False,
84.91967910700001,0.0,0.0,0.0,0.7048425455049248,0.0,0.0,0.006180373292615282,STOPPED,ACCEPTED,ACCEPTED,0.0,0.0,85.41967910700001,False,
84.969679107,0.0,0.0,0.0,0.7048425455049248,0.0,0.0,0.011180373292614999,STOPPED,DUPLICATE_OR_OLD,DUPLICATE_OR_OLD,0.0,0.0,85.469679107,False,
85.019679107,0.0,0.0,0.0,0.7048425455049248,0.0,0.0,0.006180344761233438,STOPPED,ACCEPTED,ACCEPTED,0.0,0.0,85.519679107,False,
85.069679107,0.0,0.0,0.0,0.7048425455049248,0.0,0.0,0.011180344761233155,STOPPED,DUPLICATE_OR_OLD,DUPLICATE_OR_OLD,0.0,0.0,85.569679107,False,
85.11967910700001,0.0,0.0,0.0,0.7048425455049248,0.0,0.0,0.0061803405985672195,STOPPED,ACCEPTED,ACCEPTED,0.0,0.0,85.61967910700001,False,
85.16967910700001,0.0,0.0,0.0,0.7048425455049248,0.0,0.0,0.005278640608510045,STOPPED,ACCEPTED,ACCEPTED,0.0,0.0,85.66967910700001,False,
85.219679107,0.0,0.0,0.0,0.7048425455049248,0.0,0.0,0.010278640608509762,STOPPED,DUPLICATE_OR_OLD,DUPLICATE_OR_OLD,0.0,0.0,85.719679107,False,
85.269679107,0.0,0.0,0.0,0.7048425455049248,0.0,0.0,0.015278640608509478,STOPPED,DUPLICATE_OR_OLD,DUPLICATE_OR_OLD,0.0,0.0,85.769679107,False,
85.319679107,0.0,0.0,0.0,0.7048425455049248,0.0,0.0,0.006697341822806371,STOPPED,ACCEPTED,ACCEPTED,0.0,0.0,85.819679107,False,
85.36967910700001,0.0,0.0,0.0,0.7048425455049248,0.0,0.0,0.011697341822807508,STOPPED,DUPLICATE_OR_OLD,DUPLICATE_OR_OLD,0.0,0.0,85.86967910700001,False,
85.41967910700001,0.0,0.0,0.0,0.7048425455049248,0.0,0.0,0.006254308737412532,STOPPED,ACCEPTED,ACCEPTED,0.0,0.0,85.91967910700001,False,
85.469679107,0.0,0.0,0.0,0.7048425455049248,0.0,0.0,0.011254308737412249,STOPPED,DUPLICATE_OR_OLD,DUPLICATE_OR_OLD,0.0,0.0,85.969679107,False,
85.519679107,0.0,0.0,0.0,0.7048425455049248,0.0,0.0,0.006191101392149716,STOPPED,ACCEPTED,ACCEPTED,0.0,0.0,86.019679107,False,
85.569679107,0.0,0.0,0.0,0.7048425455049248,0.0,0.0,0.011191101392149433,STOPPED,DUPLICATE_OR_OLD,DUPLICATE_OR_OLD,0.0,0.0,86.069679107,False,
85.61967910700001,0.0,0.0,0.0,0.7048425455049248,0.0,0.0,0.006181909324746083,STOPPED,ACCEPTED,ACCEPTED,0.0,0.0,86.11967910700001,False,
85.66967910700001,0.0,0.0,0.0,0.7048425455049248,0.0,0.0,0.0111819093247458,STOPPED,DUPLICATE_OR_OLD,DUPLICATE_OR_OLD,0.0,0.0,86.16967910700001,False,
85.719679107,0.0,0.0,0.0,0.7048425455049248,0.0,0.0,0.006180568851581569,STOPPED,ACCEPTED,ACCEPTED,0.0,0.0,86.219679107,False,
85.769679107,0.0,0.0,0.0,0.7048425455049248,0.0,0.0,0.011180568851581286,STOPPED,DUPLICATE_OR_OLD,DUPLICATE_OR_OLD,0.0,0.0,86.269679107,False,
85.819679107,0.0,0.0,0.0,0.7048425455049248,0.0,0.0,0.006180373292616171,STOPPED,ACCEPTED,ACCEPTED,0.0,0.0,86.319679107,False,
85.86967910700001,0.0,0.0,0.0,0.7048425455049248,0.0,0.0,0.01118037329261731,STOPPED,DUPLICATE_OR_OLD,DUPLICATE_OR_OLD,0.0,0.0,86.36967910700001,False,
85.91967910700001,0.0,0.0,0.0,0.7048425455049248,0.0,0.0,0.006180344761233775,STOPPED,ACCEPTED,ACCEPTED,0.0,0.0,86.41967910700001,False,
85.969679107,0.0,0.0,0.0,0.7048425455049248,0.0,0.0,0.0052786415364196254,STOPPED,ACCEPTED,ACCEPTED,0.0,0.0,86.469679107,False,
86.019679107,0.0,0.0,0.0,0.7048425455049248,0.0,0.0,0.010278641536419341,STOPPED,DUPLICATE_OR_OLD,DUPLICATE_OR_OLD,0.0,0.0,86.519679107,False,
86.069679107,0.0,0.0,0.0,0.7048425455049248,0.0,0.0,0.015278641536419058,STOPPED,DUPLICATE_OR_OLD,DUPLICATE_OR_OLD,0.0,0.0,86.569679107,False,
86.11967910700001,0.0,0.0,0.0,0.7048425455049248,0.0,0.0,0.006697341924018734,STOPPED,ACCEPTED,ACCEPTED,0.0,0.0,86.61967910700001,False,
86.16967910700001,0.0,0.0,0.0,0.7048425455049248,0.0,0.0,0.01169734192401845,STOPPED,DUPLICATE_OR_OLD,DUPLICATE_OR_OLD,0.0,0.0,86.66967910700001,False,
86.219679107,0.0,0.0,0.0,0.7048425455049248,0.0,0.0,0.006254308751612633,STOPPED,ACCEPTED,ACCEPTED,0.0,0.0,86.719679107,False,
86.269679107,0.0,0.0,0.0,0.7048425455049248,0.0,0.0,0.01125430875161235,STOPPED,DUPLICATE_OR_OLD,DUPLICATE_OR_OLD,0.0,0.0,86.769679107,False,
86.319679107,0.0,0.0,0.0,0.7048425455049248,0.0,0.0,0.0061911013942098254,STOPPED,ACCEPTED,ACCEPTED,0.0,0.0,86.819679107,False,
86.36967910700001,0.0,0.0,0.0,0.7048425455049248,0.0,0.0,0.011191101394210963,STOPPED,DUPLICATE_OR_OLD,DUPLICATE_OR_OLD,0.0,0.0,86.86967910700001,False,
86.41967910700001,0.0,0.0,0.0,0.7048425455049248,0.0,0.0,0.006181909325046402,STOPPED,ACCEPTED,ACCEPTED,0.0,0.0,86.91967910700001,False,
86.469679107,0.0,0.0,0.0,0.7048425455049248,0.0,0.0,0.005278990271110404,STOPPED,ACCEPTED,ACCEPTED,0.0,0.0,86.969679107,False,
86.519679107,0.0,0.0,0.0,0.7048425455049248,0.0,0.0,0.01027899027111012,STOPPED,DUPLICATE_OR_OLD,DUPLICATE_OR_OLD,0.0,0.0,87.019679107,False,
86.569679107,0.0,0.0,0.0,0.7048425455049248,0.0,0.0,0.015278990271109837,STOPPED,DUPLICATE_OR_OLD,DUPLICATE_OR_OLD,0.0,0.0,87.069679107,False,
86.61967910700001,0.0,0.0,0.0,0.7048425455049248,0.0,0.0,0.006697379961992674,STOPPED,ACCEPTED,ACCEPTED,0.0,0.0,87.11967910700001,False,
86.66967910700001,0.0,0.0,0.0,0.7048425455049248,0.0,0.0,0.01169737996199239,STOPPED,DUPLICATE_OR_OLD,DUPLICATE_OR_OLD,0.0,0.0,87.16967910700001,False,
86.719679107,0.0,0.0,0.0,0.7048425455049248,0.0,0.0,0.006254314088409964,STOPPED,ACCEPTED,ACCEPTED,0.0,0.0,87.219679107,False,
86.769679107,0.0,0.0,0.0,0.7048425455049248,0.0,0.0,0.005295072822202642,STOPPED,ACCEPTED,ACCEPTED,0.0,0.0,87.269679107,False,
86.819679107,0.0,0.0,0.0,0.7048425455049248,0.0,0.0,0.010295072822202359,STOPPED,DUPLICATE_OR_OLD,DUPLICATE_OR_OLD,0.0,0.0,87.319679107,False,
86.86967910700001,0.0,0.0,0.0,0.7048425455049248,0.0,0.0,0.015295072822203496,STOPPED,DUPLICATE_OR_OLD,DUPLICATE_OR_OLD,0.0,0.0,87.36967910700001,False,
86.91967910700001,0.0,0.0,0.0,0.7048425455049248,0.0,0.0,0.006699133202719681,STOPPED,ACCEPTED,ACCEPTED,0.0,0.0,87.41967910700001,False,
86.969679107,0.0,0.0,0.0,0.7048425455049248,0.0,0.0,0.011699133202719397,STOPPED,DUPLICATE_OR_OLD,DUPLICATE_OR_OLD,0.0,0.0,87.469679107,False,
87.019679107,0.0,0.0,0.0,0.7048425455049248,0.0,0.0,0.006254560054788007,STOPPED,ACCEPTED,ACCEPTED,0.0,0.0,87.519679107,False,
87.069679107,0.0,0.0,0.0,0.7048425455049248,0.0,0.0,0.011254560054787723,STOPPED,DUPLICATE_OR_OLD,DUPLICATE_OR_OLD,0.0,0.0,87.569679107,False,
87.11967910700001,0.0,0.0,0.0,0.7048425455049248,0.0,0.0,0.0061911378521934185,STOPPED,ACCEPTED,ACCEPTED,0.0,0.0,87.61967910700001,False,
87.16967910700001,0.0,0.0,0.0,0.7048425455049248,0.0,0.0,0.011191137852193136,STOPPED,DUPLICATE_OR_OLD,DUPLICATE_OR_OLD,0.0,0.0,87.66967910700001,False,
87.219679107,0.0,0.0,0.0,0.7048425455049248,0.0,0.0,0.0061819146398167085,STOPPED,ACCEPTED,ACCEPTED,0.0,0.0,87.719679107,False,
87.269679107,0.0,0.0,0.0,0.7048425455049248,0.0,0.0,0.011181914639816425,STOPPED,DUPLICATE_OR_OLD,DUPLICATE_OR_OLD,0.0,0.0,87.769679107,False,
87.319679107,0.0,0.0,0.0,0.7048425455049248,0.0,0.0,0.0061805696269468,STOPPED,ACCEPTED,ACCEPTED,0.0,0.0,87.819679107,False,
87.36967910700001,0.0,0.0,0.0,0.7048425455049248,0.0,0.0,0.011180569626947938,STOPPED,DUPLICATE_OR_OLD,DUPLICATE_OR_OLD,0.0,0.0,87.86967910700001,False,
87.41967910700001,0.0,0.0,0.0,0.7048425455049248,0.0,0.0,0.006180373405738659,STOPPED,ACCEPTED,ACCEPTED,0.0,0.0,87.91967910700001,False,
87.469679107,0.0,0.0,0.0,0.7048425455049248,0.0,0.0,0.005278647921622236,STOPPED,ACCEPTED,ACCEPTED,0.0,0.0,87.969679107,False,
87.519679107,0.0,0.0,0.0,0.7048425455049248,0.0,0.0,0.010278647921621952,STOPPED,DUPLICATE_OR_OLD,DUPLICATE_OR_OLD,0.0,0.0,88.019679107,False,
87.569679107,0.0,0.0,0.0,0.7048425455049248,0.0,0.0,0.015278647921621669,STOPPED,DUPLICATE_OR_OLD,DUPLICATE_OR_OLD,0.0,0.0,88.069679107,False,
87.61967910700001,0.0,0.0,0.0,0.7048425455049248,0.0,0.0,0.006697342620487778,STOPPED,ACCEPTED,ACCEPTED,0.0,0.0,88.11967910700001,False,
87.66967910700001,0.0,0.0,0.0,0.7048425455049248,0.0,0.0,0.011697342620487494,STOPPED,DUPLICATE_OR_OLD,DUPLICATE_OR_OLD,0.0,0.0,88.16967910700001,False,
87.719679107,0.0,0.0,0.0,0.7048425455049248,0.0,0.0,0.006254308849328651,STOPPED,ACCEPTED,ACCEPTED,0.0,0.0,88.219679107,False,
87.769679107,0.0,0.0,0.0,0.7048425455049248,0.0,0.0,0.011254308849328367,STOPPED,DUPLICATE_OR_OLD,DUPLICATE_OR_OLD,0.0,0.0,88.269679107,False,
87.819679107,0.0,0.0,0.0,0.7048425455049248,0.0,0.0,0.00619110140838618,STOPPED,ACCEPTED,ACCEPTED,0.0,0.0,88.319679107,False,
87.86967910700001,0.0,0.0,0.0,0.7048425455049248,0.0,0.0,0.011191101408387317,STOPPED,DUPLICATE_OR_OLD,DUPLICATE_OR_OLD,0.0,0.0,88.36967910700001,False,
87.91967910700001,0.0,0.0,0.0,0.7048425455049248,0.0,0.0,0.006181909327113004,STOPPED,ACCEPTED,ACCEPTED,0.0,0.0,88.41967910700001,False,
87.969679107,0.0,0.0,0.0,0.7048425455049248,0.0,0.0,0.011181909327112721,STOPPED,DUPLICATE_OR_OLD,DUPLICATE_OR_OLD,0.0,0.0,88.469679107,False,
88.019679107,0.0,0.0,0.0,0.7048425455049248,0.0,0.0,0.016181909327112436,STOPPED,DUPLICATE_OR_OLD,DUPLICATE_OR_OLD,0.0,0.0,88.519679107,False,
88.069679107,0.0,0.0,0.0,0.7048425455049248,0.0,0.0,0.021181909327112152,MODEL_ONLY,MISSING_OR_STALE,MISSING_OR_STALE,0.0,0.0,88.569679107,False,
88.11967910700001,0.0,0.0,0.0,0.7048425455049248,0.0,0.0,0.0072361878668170815,FUSED,ACCEPTED,ACCEPTED,0.0,0.0,88.569679107,False,
88.16967910700001,0.0,0.0,0.0,0.7048425455049248,0.0,0.0,0.012236187866816798,MODEL_ONLY,DUPLICATE_OR_OLD,DUPLICATE_OR_OLD,0.0,0.0,88.569679107,False,
88.219679107,0.0,0.0,0.0,0.7048425455049248,0.0,0.0,0.006328414222688044,FUSED,ACCEPTED,ACCEPTED,0.0,0.0,88.569679107,False,
88.269679107,0.0,0.0,0.0,0.7048425455049248,0.0,0.0,0.01132841422268776,MODEL_ONLY,DUPLICATE_OR_OLD,DUPLICATE_OR_OLD,0.0,0.0,88.569679107,False,
88.319679107,0.0,0.0,0.0,0.7048425455049248,0.0,0.0,0.006201822139601978,FUSED,ACCEPTED,ACCEPTED,0.0,0.0,88.569679107,False,
88.36967910700001,0.0,0.0,0.0,0.7048425455049248,0.0,0.0,0.011201822139603114,MODEL_ONLY,DUPLICATE_OR_OLD,DUPLICATE_OR_OLD,0.0,0.0,88.569679107,False,
88.41967910700001,0.0,0.0,0.0,0.7048425455049248,0.0,0.0,0.006183471536170201,FUSED,ACCEPTED,ACCEPTED,0.0,0.0,88.569679107,False,
88.469679107,0.0,0.0,0.0,0.7048425455049248,0.0,0.0,0.005279338429999349,FUSED,ACCEPTED,ACCEPTED,0.0,0.0,88.569679107,False,
88.519679107,0.0,0.0,0.0,0.7048425455049248,0.0,0.0,0.010279338429999067,MODEL_ONLY,DUPLICATE_OR_OLD,DUPLICATE_OR_OLD,0.0,0.0,88.569679107,False,
88.569679107,0.0,0.0,0.0,0.7048425455049248,0.0,0.0,0.015279338429998783,MODEL_ONLY,DUPLICATE_OR_OLD,DUPLICATE_OR_OLD,0.0,0.0,88.569679107,False,
88.61967910700001,0.0,0.0,0.0,0.7048425455049248,0.0,0.0,0.006697417936287446,STOPPED,ACCEPTED,ACCEPTED,0.0,0.0,89.11967910700001,False,
88.66967910700001,0.0,0.0,0.0,0.7048425455049248,0.0,0.0,0.011697417936287162,STOPPED,DUPLICATE_OR_OLD,DUPLICATE_OR_OLD,0.0,0.0,89.16967910700001,False,
88.719679107,0.0,0.0,0.0,0.7048425455049248,0.0,0.0,0.006254319416257821,STOPPED,ACCEPTED,ACCEPTED,0.0,0.0,89.219679107,False,
88.769679107,0.0,0.0,0.0,0.7048425455049248,0.0,0.0,0.011254319416257538,STOPPED,DUPLICATE_OR_OLD,DUPLICATE_OR_OLD,0.0,0.0,89.269679107,False,
88.819679107,0.0,0.0,0.0,0.7048425455049248,0.0,0.0,0.0061911029414048425,STOPPED,ACCEPTED,ACCEPTED,0.0,0.0,89.319679107,False,
88.86967910700001,0.0,0.0,0.0,0.7048425455049248,0.0,0.0,0.011191102941405979,STOPPED,DUPLICATE_OR_OLD,DUPLICATE_OR_OLD,0.0,0.0,89.36967910700001,False,
88.91967910700001,0.0,0.0,0.0,0.7048425455049248,0.0,0.0,0.006181909550593638,STOPPED,ACCEPTED,ACCEPTED,0.0,0.0,89.41967910700001,False,
88.969679107,0.0,0.0,0.0,0.7048425455049248,0.0,0.0,0.011181909550593354,STOPPED,DUPLICATE_OR_OLD,DUPLICATE_OR_OLD,0.0,0.0,89.469679107,False,
89.019679107,0.0,0.0,0.0,0.7048425455049248,0.0,0.0,0.006180568884528333,STOPPED,ACCEPTED,ACCEPTED,0.0,0.0,89.519679107,False,
89.069679107,0.0,0.0,0.0,0.7048425455049248,0.0,0.0,0.01118056888452805,STOPPED,DUPLICATE_OR_OLD,DUPLICATE_OR_OLD,0.0,0.0,89.569679107,False,
89.11967910700001,0.0,0.0,0.0,0.7048425455049248,0.0,0.0,0.006180373297423162,STOPPED,ACCEPTED,ACCEPTED,0.0,0.0,89.61967910700001,False,
89.16967910700001,0.0,0.0,0.0,0.7048425455049248,0.0,0.0,0.011180373297422878,STOPPED,DUPLICATE_OR_OLD,DUPLICATE_OR_OLD,0.0,0.0,89.66967910700001,False,
89.219679107,0.0,0.0,0.0,0.7048425455049248,0.0,0.0,0.006180344761934896,STOPPED,ACCEPTED,ACCEPTED,0.0,0.0,89.719679107,False,
89.269679107,0.0,0.0,0.0,0.7048425455049248,0.0,0.0,0.011180344761934613,STOPPED,DUPLICATE_OR_OLD,DUPLICATE_OR_OLD,0.0,0.0,89.769679107,False,
89.319679107,0.0,0.0,0.0,0.7048425455049248,0.0,0.0,0.006180340598669354,STOPPED,ACCEPTED,ACCEPTED,0.0,0.0,89.819679107,False,
89.36967910700001,0.0,0.0,0.0,0.7048425455049248,0.0,0.0,0.011180340598670492,STOPPED,DUPLICATE_OR_OLD,DUPLICATE_OR_OLD,0.0,0.0,89.86967910700001,False,
89.41967910700001,0.0,0.0,0.0,0.7048425455049248,0.0,0.0,0.006180339991257435,STOPPED,ACCEPTED,ACCEPTED,0.0,0.0,89.91967910700001,False,
89.469679107,0.0,0.0,0.0,0.7048425455049248,0.0,0.0,0.01118033999125715,STOPPED,DUPLICATE_OR_OLD,DUPLICATE_OR_OLD,0.0,0.0,89.969679107,False,
89.519679107,0.0,0.0,0.0,0.7048425455049248,0.0,0.0,0.006180339902637026,STOPPED,ACCEPTED,ACCEPTED,0.0,0.0,90.019679107,False,
89.569679107,0.0,0.0,0.0,0.7048425455049248,0.0,0.0,0.011180339902636742,STOPPED,DUPLICATE_OR_OLD,DUPLICATE_OR_OLD,0.0,0.0,90.069679107,False,
89.61967910700001,0.0,0.0,0.0,0.7048425455049248,0.0,0.0,0.0061803398897076894,STOPPED,ACCEPTED,ACCEPTED,0.0,0.0,90.11967910700001,False,
89.66967910700001,0.0,0.0,0.0,0.7048425455049248,0.0,0.0,0.011180339889707406,STOPPED,DUPLICATE_OR_OLD,DUPLICATE_OR_OLD,0.0,0.0,90.16967910700001,False,
89.719679107,0.0,0.0,0.0,0.7048425455049248,0.0,0.0,0.006180339887821118,STOPPED,ACCEPTED,ACCEPTED,0.0,0.0,90.219679107,False,
89.769679107,0.0,0.0,0.0,0.7048425455049248,0.0,0.0,0.011180339887820835,STOPPED,DUPLICATE_OR_OLD,DUPLICATE_OR_OLD,0.0,0.0,90.269679107,False,
89.819679107,0.0,0.0,0.0,0.7048425455049248,0.0,0.0,0.00618033988754587,STOPPED,ACCEPTED,ACCEPTED,0.0,0.0,90.319679107,False,
89.86967910700001,0.0,0.0,0.0,0.7048425455049248,0.0,0.0,0.011180339887547007,STOPPED,DUPLICATE_OR_OLD,DUPLICATE_OR_OLD,0.0,0.0,90.36967910700001,False,
89.91967910700001,0.0,0.0,0.0,0.7048425455049248,0.0,0.0,0.006180339887505919,STOPPED,ACCEPTED,ACCEPTED,0.0,0.0,90.41967910700001,False,
89.969679107,0.0,0.0,0.0,0.7048425455049248,0.0,0.0,0.011180339887505636,STOPPED,DUPLICATE_OR_OLD,DUPLICATE_OR_OLD,0.0,0.0,90.469679107,False,
90.019679107,0.0,0.0,0.0,0.7048425455049248,0.0,0.0,0.006180339887499884,STOPPED,ACCEPTED,ACCEPTED,0.0,0.0,90.519679107,False,
90.069679107,0.0,0.0,0.0,0.7048425455049248,0.0,0.0,0.0111803398874996,STOPPED,DUPLICATE_OR_OLD,DUPLICATE_OR_OLD,0.0,0.0,90.569679107,False,
90.11967910700001,0.0,0.0,0.0,0.7048425455049248,0.0,0.0,0.00618033988749921,STOPPED,ACCEPTED,ACCEPTED,0.0,0.0,90.61967910700001,False,
90.16967910700001,0.0,0.0,0.0,0.7048425455049248,0.0,0.0,0.011180339887498926,STOPPED,DUPLICATE_OR_OLD,DUPLICATE_OR_OLD,0.0,0.0,90.66967910700001,False,
90.219679107,0.0,0.0,0.0,0.7048425455049248,0.0,0.0,0.006180339887498904,STOPPED,ACCEPTED,ACCEPTED,0.0,0.0,90.719679107,False,
90.269679107,0.0,0.0,0.0,0.7048425455049248,0.0,0.0,0.01118033988749862,STOPPED,DUPLICATE_OR_OLD,DUPLICATE_OR_OLD,0.0,0.0,90.769679107,False,
90.319679107,0.0,0.0,0.0,0.7048425455049248,0.0,0.0,0.00618033988749886,STOPPED,ACCEPTED,ACCEPTED,0.0,0.0,90.819679107,False,
90.36967910700001,0.0,0.0,0.0,0.7048425455049248,0.0,0.0,0.011180339887499998,STOPPED,DUPLICATE_OR_OLD,DUPLICATE_OR_OLD,0.0,0.0,90.86967910700001,False,
90.41967910700001,0.0,0.0,0.0,0.7048425455049248,0.0,0.0,0.006180339887499061,STOPPED,ACCEPTED,ACCEPTED,0.0,0.0,90.91967910700001,False,
90.469679107,0.0,0.0,0.0,0.7048425455049248,0.0,0.0,0.011180339887498777,STOPPED,DUPLICATE_OR_OLD,DUPLICATE_OR_OLD,0.0,0.0,90.969679107,False,
90.519679107,0.0,0.0,0.0,0.7048425455049248,0.0,0.0,0.0061803398874988825,STOPPED,ACCEPTED,ACCEPTED,0.0,0.0,91.019679107,False,
90.569679107,0.0,0.0,0.0,0.7048425455049248,0.0,0.0,0.0111803398874986,STOPPED,DUPLICATE_OR_OLD,DUPLICATE_OR_OLD,0.0,0.0,91.069679107,False,
90.61967910700001,0.0,0.0,0.0,0.7048425455049248,0.0,0.0,0.006180339887499064,STOPPED,ACCEPTED,ACCEPTED,0.0,0.0,91.11967910700001,False,
90.66967910700001,0.0,0.0,0.0,0.7048425455049248,0.0,0.0,0.01118033988749878,STOPPED,DUPLICATE_OR_OLD,DUPLICATE_OR_OLD,0.0,0.0,91.16967910700001,False,
90.719679107,0.0,0.0,0.0,0.7048425455049248,0.0,0.0,0.006180339887498883,STOPPED,ACCEPTED,ACCEPTED,0.0,0.0,91.219679107,False,
90.769679107,0.0,0.0,0.0,0.7048425455049248,0.0,0.0,0.0111803398874986,STOPPED,DUPLICATE_OR_OLD,DUPLICATE_OR_OLD,0.0,0.0,91.269679107,False,
90.819679107,0.0,0.0,0.0,0.7048425455049248,0.0,0.0,0.006180339887498857,STOPPED,ACCEPTED,ACCEPTED,0.0,0.0,91.319679107,False,
90.86967910700001,0.0,0.0,0.0,0.7048425455049248,0.0,0.0,0.011180339887499995,STOPPED,DUPLICATE_OR_OLD,DUPLICATE_OR_OLD,0.0,0.0,91.36967910700001,False,
90.91967910700001,0.0,0.0,0.0,0.7048425455049248,0.0,0.0,0.00618033988749906,STOPPED,ACCEPTED,ACCEPTED,0.0,0.0,91.41967910700001,False,
90.969679107,0.0,0.0,0.0,0.7048425455049248,0.0,0.0,0.011180339887498777,STOPPED,DUPLICATE_OR_OLD,DUPLICATE_OR_OLD,0.0,0.0,91.469679107,False,
91.019679107,0.0,0.0,0.0,0.7048425455049248,0.0,0.0,0.0061803398874988825,STOPPED,ACCEPTED,ACCEPTED,0.0,0.0,91.519679107,False,
91.069679107,0.0,0.0,0.0,0.7048425455049248,0.0,0.0,0.0111803398874986,STOPPED,DUPLICATE_OR_OLD,DUPLICATE_OR_OLD,0.0,0.0,91.569679107,False,
91.11967910700001,0.0,0.0,0.0,0.7048425455049248,0.0,0.0,0.006180339887499064,STOPPED,ACCEPTED,ACCEPTED,0.0,0.0,91.61967910700001,False,
91.16967910700001,0.0,0.0,0.0,0.7048425455049248,0.0,0.0,0.01118033988749878,STOPPED,DUPLICATE_OR_OLD,DUPLICATE_OR_OLD,0.0,0.0,91.66967910700001,False,
91.219679107,0.0,0.0,0.0,0.7048425455049248,0.0,0.0,0.006180339887498883,STOPPED,ACCEPTED,ACCEPTED,0.0,0.0,91.719679107,False,
91.269679107,0.0,0.0,0.0,0.7048425455049248,0.0,0.0,0.0111803398874986,STOPPED,DUPLICATE_OR_OLD,DUPLICATE_OR_OLD,0.0,0.0,91.769679107,False,
91.319679107,0.0,0.0,0.0,0.7048425455049248,0.0,0.0,0.006180339887498857,STOPPED,ACCEPTED,ACCEPTED,0.0,0.0,91.819679107,False,
91.36967910700001,0.0,0.0,0.0,0.7048425455049248,0.0,0.0,0.011180339887499995,STOPPED,DUPLICATE_OR_OLD,DUPLICATE_OR_OLD,0.0,0.0,91.86967910700001,False,
91.41967910700001,0.0,0.0,0.0,0.7048425455049248,0.0,0.0,0.00618033988749906,STOPPED,ACCEPTED,ACCEPTED,0.0,0.0,91.91967910700001,False,
91.469679107,0.0,0.0,0.0,0.7048425455049248,0.0,0.0,0.011180339887498777,STOPPED,DUPLICATE_OR_OLD,DUPLICATE_OR_OLD,0.0,0.0,91.969679107,False,
91.519679107,0.0,0.0,0.0,0.7048425455049248,0.0,0.0,0.0061803398874988825,STOPPED,ACCEPTED,ACCEPTED,0.0,0.0,92.019679107,False,
91.569679107,0.0,0.0,0.0,0.7048425455049248,0.0,0.0,0.0111803398874986,STOPPED,DUPLICATE_OR_OLD,DUPLICATE_OR_OLD,0.0,0.0,92.069679107,False,
91.61967910700001,0.0,0.0,0.0,0.7048425455049248,0.0,0.0,0.006180339887499064,STOPPED,ACCEPTED,ACCEPTED,0.0,0.0,92.11967910700001,False,
91.66967910700001,0.0,0.0,0.0,0.7048425455049248,0.0,0.0,0.01118033988749878,STOPPED,DUPLICATE_OR_OLD,DUPLICATE_OR_OLD,0.0,0.0,92.16967910700001,False,
91.719679107,0.0,0.0,0.0,0.7048425455049248,0.0,0.0,0.006180339887498883,STOPPED,ACCEPTED,ACCEPTED,0.0,0.0,92.219679107,False,
91.769679107,0.0,0.0,0.0,0.7048425455049248,0.0,0.0,0.0111803398874986,STOPPED,DUPLICATE_OR_OLD,DUPLICATE_OR_OLD,0.0,0.0,92.269679107,False,
91.819679107,0.0,0.0,0.0,0.7048425455049248,0.0,0.0,0.006180339887498857,STOPPED,ACCEPTED,ACCEPTED,0.0,0.0,92.319679107,False,
91.86967910700001,0.0,0.0,0.0,0.7048425455049248,0.0,0.0,0.011180339887499995,STOPPED,DUPLICATE_OR_OLD,DUPLICATE_OR_OLD,0.0,0.0,92.36967910700001,False,
91.91967910700001,0.0,0.0,0.0,0.7048425455049248,0.0,0.0,0.00618033988749906,STOPPED,ACCEPTED,ACCEPTED,0.0,0.0,92.41967910700001,False,
91.969679107,0.0,0.0,0.0,0.7048425455049248,0.0,0.0,0.011180339887498777,STOPPED,DUPLICATE_OR_OLD,DUPLICATE_OR_OLD,0.0,0.0,92.469679107,False,
92.019679107,0.0,0.0,0.0,0.7048425455049248,0.0,0.0,0.0061803398874988825,STOPPED,ACCEPTED,ACCEPTED,0.0,0.0,92.519679107,False,
92.069679107,0.0,0.0,0.0,0.7048425455049248,0.0,0.0,0.0111803398874986,STOPPED,DUPLICATE_OR_OLD,DUPLICATE_OR_OLD,0.0,0.0,92.569679107,False,
92.11967910700001,0.0,0.0,0.0,0.7048425455049248,0.0,0.0,0.006180339887499064,STOPPED,ACCEPTED,ACCEPTED,0.0,0.0,92.61967910700001,False,
92.16967910700001,0.0,0.0,0.0,0.7048425455049248,0.0,0.0,0.01118033988749878,STOPPED,DUPLICATE_OR_OLD,DUPLICATE_OR_OLD,0.0,0.0,92.66967910700001,False,
92.219679107,0.0,0.0,0.0,0.7048425455049248,0.0,0.0,0.006180339887498883,STOPPED,ACCEPTED,ACCEPTED,0.0,0.0,92.719679107,False,
92.269679107,0.0,0.0,0.0,0.7048425455049248,0.0,0.0,0.0111803398874986,STOPPED,DUPLICATE_OR_OLD,DUPLICATE_OR_OLD,0.0,0.0,92.769679107,False,
92.31967910700001,0.0,0.0,0.0,0.7048425455049248,0.0,0.0,0.006180339887499064,STOPPED,ACCEPTED,ACCEPTED,0.0,0.0,92.81967910700001,False,
92.36967910700001,0.0,0.0,0.0,0.7048425455049248,0.0,0.0,0.01118033988749878,STOPPED,DUPLICATE_OR_OLD,DUPLICATE_OR_OLD,0.0,0.0,92.86967910700001,False,
92.41967910700001,0.0,0.0,0.0,0.7048425455049248,0.0,0.0,0.006180339887498883,STOPPED,ACCEPTED,ACCEPTED,0.0,0.0,92.91967910700001,False,
92.469679107,0.0,0.0,0.0,0.7048425455049248,0.0,0.0,0.0111803398874986,STOPPED,DUPLICATE_OR_OLD,DUPLICATE_OR_OLD,0.0,0.0,92.969679107,False,
92.519679107,0.0,0.0,0.0,0.7048425455049248,0.0,0.0,0.006180339887498857,STOPPED,ACCEPTED,ACCEPTED,0.0,0.0,93.019679107,False,
92.56967910700001,0.0,0.0,0.0,0.7048425455049248,0.0,0.0,0.011180339887499995,STOPPED,DUPLICATE_OR_OLD,DUPLICATE_OR_OLD,0.0,0.0,93.06967910700001,False,
92.61967910700001,0.0,0.0,0.0,0.7048425455049248,0.0,0.0,0.00618033988749906,STOPPED,ACCEPTED,ACCEPTED,0.0,0.0,93.11967910700001,False,
92.66967910700001,0.0,0.0,0.0,0.7048425455049248,0.0,0.0,0.011180339887498777,STOPPED,DUPLICATE_OR_OLD,DUPLICATE_OR_OLD,0.0,0.0,93.16967910700001,False,
92.719679107,0.0,0.0,0.0,0.7048425455049248,0.0,0.0,0.0061803398874988825,STOPPED,ACCEPTED,ACCEPTED,0.0,0.0,93.219679107,False,
92.769679107,0.0,0.0,0.0,0.7048425455049248,0.0,0.0,0.0111803398874986,STOPPED,DUPLICATE_OR_OLD,DUPLICATE_OR_OLD,0.0,0.0,93.269679107,False,
92.81967910700001,0.0,0.0,0.0,0.7048425455049248,0.0,0.0,0.006180339887499064,STOPPED,ACCEPTED,ACCEPTED,0.0,0.0,93.31967910700001,False,
92.86967910700001,0.0,0.0,0.0,0.7048425455049248,0.0,0.0,0.01118033988749878,STOPPED,DUPLICATE_OR_OLD,DUPLICATE_OR_OLD,0.0,0.0,93.36967910700001,False,
92.91967910700001,0.0,0.0,0.0,0.7048425455049248,0.0,0.0,0.006180339887498883,STOPPED,ACCEPTED,ACCEPTED,0.0,0.0,93.41967910700001,False,
92.969679107,0.0,0.0,0.0,0.7048425455049248,0.0,0.0,0.0111803398874986,STOPPED,DUPLICATE_OR_OLD,DUPLICATE_OR_OLD,0.0,0.0,93.469679107,False,
93.019679107,0.0,0.0,0.0,0.7048425455049248,0.0,0.0,0.006180339887498857,STOPPED,ACCEPTED,ACCEPTED,0.0,0.0,93.519679107,False,
93.06967910700001,0.0,0.0,0.0,0.7048425455049248,0.0,0.0,0.011180339887499995,STOPPED,DUPLICATE_OR_OLD,DUPLICATE_OR_OLD,0.0,0.0,93.56967910700001,False,
93.11967910700001,0.0,0.0,0.0,0.7048425455049248,0.0,0.0,0.00618033988749906,STOPPED,ACCEPTED,ACCEPTED,0.0,0.0,93.61967910700001,False,
93.16967910700001,0.0,0.0,0.0,0.7048425455049248,0.0,0.0,0.011180339887498777,STOPPED,DUPLICATE_OR_OLD,DUPLICATE_OR_OLD,0.0,0.0,93.66967910700001,False,
93.219679107,0.0,0.0,0.0,0.7048425455049248,0.0,0.0,0.0061803398874988825,STOPPED,ACCEPTED,ACCEPTED,0.0,0.0,93.719679107,False,
93.269679107,0.0,0.0,0.0,0.7048425455049248,0.0,0.0,0.0111803398874986,STOPPED,DUPLICATE_OR_OLD,DUPLICATE_OR_OLD,0.0,0.0,93.769679107,False,
93.31967910700001,0.0,0.0,0.0,0.7048425455049248,0.0,0.0,0.006180339887499064,STOPPED,ACCEPTED,ACCEPTED,0.0,0.0,93.81967910700001,False,
93.36967910700001,0.0,0.0,0.0,0.7048425455049248,0.0,0.0,0.01118033988749878,STOPPED,DUPLICATE_OR_OLD,DUPLICATE_OR_OLD,0.0,0.0,93.86967910700001,False,
93.41967910700001,0.0,0.0,0.0,0.7048425455049248,0.0,0.0,0.006180339887498883,STOPPED,ACCEPTED,ACCEPTED,0.0,0.0,93.91967910700001,False,
93.469679107,0.0,0.0,0.0,0.7048425455049248,0.0,0.0,0.005278640450004129,STOPPED,ACCEPTED,ACCEPTED,0.0,0.0,93.969679107,False,
93.519679107,0.0,0.0,0.0,0.7048425455049248,0.0,0.0,0.010278640450003845,STOPPED,DUPLICATE_OR_OLD,DUPLICATE_OR_OLD,0.0,0.0,94.019679107,False,
93.56967910700001,0.0,0.0,0.0,0.7048425455049248,0.0,0.0,0.015278640450004983,STOPPED,DUPLICATE_OR_OLD,DUPLICATE_OR_OLD,0.0,0.0,94.06967910700001,False,
93.61967910700001,0.0,0.0,0.0,0.7048425455049248,0.0,0.0,0.006697341805517412,STOPPED,ACCEPTED,ACCEPTED,0.0,0.0,94.11967910700001,False,
93.66967910700001,0.0,0.0,0.0,0.7048425455049248,0.0,0.0,0.011697341805517129,STOPPED,DUPLICATE_OR_OLD,DUPLICATE_OR_OLD,0.0,0.0,94.16967910700001,False,
93.719679107,0.0,0.0,0.0,0.7048425455049248,0.0,0.0,0.006254308734986658,STOPPED,ACCEPTED,ACCEPTED,0.0,0.0,94.219679107,False,
93.769679107,0.0,0.0,0.0,0.7048425455049248,0.0,0.0,0.011254308734986375,STOPPED,DUPLICATE_OR_OLD,DUPLICATE_OR_OLD,0.0,0.0,94.269679107,False,
93.81967910700001,0.0,0.0,0.0,0.7048425455049248,0.0,0.0,0.006191101391797983,STOPPED,ACCEPTED,ACCEPTED,0.0,0.0,94.31967910700001,False,
93.86967910700001,0.0,0.0,0.0,0.7048425455049248,0.0,0.0,0.0111911013917977,STOPPED,DUPLICATE_OR_OLD,DUPLICATE_OR_OLD,0.0,0.0,94.36967910700001,False,
93.91967910700001,0.0,0.0,0.0,0.7048425455049248,0.0,0.0,0.0061819093246946,STOPPED,ACCEPTED,ACCEPTED,0.0,0.0,94.41967910700001,False,
93.969679107,0.0,0.0,0.0,0.7048425455049248,0.0,0.0,0.011181909324694317,STOPPED,DUPLICATE_OR_OLD,DUPLICATE_OR_OLD,0.0,0.0,94.469679107,False,
94.019679107,0.0,0.0,0.0,0.7048425455049248,0.0,0.0,0.0061805688515740595,STOPPED,ACCEPTED,ACCEPTED,0.0,0.0,94.519679107,False,
94.06967910700001,0.0,0.0,0.0,0.7048425455049248,0.0,0.0,0.011180568851575198,STOPPED,DUPLICATE_OR_OLD,DUPLICATE_OR_OLD,0.0,0.0,94.56967910700001,False,
94.11967910700001,0.0,0.0,0.0,0.7048425455049248,0.0,0.0,0.006180373292615282,STOPPED,ACCEPTED,ACCEPTED,0.0,0.0,94.61967910700001,False,
94.16967910700001,0.0,0.0,0.0,0.7048425455049248,0.0,0.0,0.011180373292614999,STOPPED,DUPLICATE_OR_OLD,DUPLICATE_OR_OLD,0.0,0.0,94.66967910700001,False,
94.219679107,0.0,0.0,0.0,0.7048425455049248,0.0,0.0,0.006180344761233438,STOPPED,ACCEPTED,ACCEPTED,0.0,0.0,94.719679107,False,
94.269679107,0.0,0.0,0.0,0.7048425455049248,0.0,0.0,0.011180344761233155,STOPPED,DUPLICATE_OR_OLD,DUPLICATE_OR_OLD,0.0,0.0,94.769679107,False,
94.31967910700001,0.0,0.0,0.0,0.7048425455049248,0.0,0.0,0.0061803405985672195,STOPPED,ACCEPTED,ACCEPTED,0.0,0.0,94.81967910700001,False,
94.36967910700001,0.0,0.0,0.0,0.7048425455049248,0.0,0.0,0.011180340598566936,STOPPED,DUPLICATE_OR_OLD,DUPLICATE_OR_OLD,0.0,0.0,94.86967910700001,False,
94.41967910700001,0.0,0.0,0.0,0.7048425455049248,0.0,0.0,0.006180339991242326,STOPPED,ACCEPTED,ACCEPTED,0.0,0.0,94.91967910700001,False,
94.469679107,0.0,0.0,0.0,0.7048425455049248,0.0,0.0,0.011180339991242043,STOPPED,DUPLICATE_OR_OLD,DUPLICATE_OR_OLD,0.0,0.0,94.969679107,False,
94.519679107,0.0,0.0,0.0,0.7048425455049248,0.0,0.0,0.006180339902634821,STOPPED,ACCEPTED,ACCEPTED,0.0,0.0,95.019679107,False,
94.56967910700001,0.0,0.0,0.0,0.7048425455049248,0.0,0.0,0.011180339902635958,STOPPED,DUPLICATE_OR_OLD,DUPLICATE_OR_OLD,0.0,0.0,95.06967910700001,False,
94.61967910700001,0.0,0.0,0.0,0.7048425455049248,0.0,0.0,0.0061803398897073685,STOPPED,ACCEPTED,ACCEPTED,0.0,0.0,95.11967910700001,False,
94.66967910700001,0.0,0.0,0.0,0.7048425455049248,0.0,0.0,0.011180339889707085,STOPPED,DUPLICATE_OR_OLD,DUPLICATE_OR_OLD,0.0,0.0,95.16967910700001,False,
94.719679107,0.0,0.0,0.0,0.7048425455049248,0.0,0.0,0.006180339887821071,STOPPED,ACCEPTED,ACCEPTED,0.0,0.0,95.219679107,False,
94.769679107,0.0,0.0,0.0,0.7048425455049248,0.0,0.0,0.011180339887820787,STOPPED,DUPLICATE_OR_OLD,DUPLICATE_OR_OLD,0.0,0.0,95.269679107,False,
94.81967910700001,0.0,0.0,0.0,0.7048425455049248,0.0,0.0,0.0061803398875460705,STOPPED,ACCEPTED,ACCEPTED,0.0,0.0,95.31967910700001,False,
94.86967910700001,0.0,0.0,0.0,0.7048425455049248,0.0,0.0,0.011180339887545788,STOPPED,DUPLICATE_OR_OLD,DUPLICATE_OR_OLD,0.0,0.0,95.36967910700001,False,
94.91967910700001,0.0,0.0,0.0,0.7048425455049248,0.0,0.0,0.006180339887505742,STOPPED,ACCEPTED,ACCEPTED,0.0,0.0,95.41967910700001,False,
94.969679107,0.0,0.0,0.0,0.7048425455049248,0.0,0.0,0.011180339887505459,STOPPED,DUPLICATE_OR_OLD,DUPLICATE_OR_OLD,0.0,0.0,95.469679107,False,
95.019679107,0.0,0.0,0.0,0.7048425455049248,0.0,0.0,0.006180339887499858,STOPPED,ACCEPTED,ACCEPTED,0.0,0.0,95.519679107,False,
95.06967910700001,0.0,0.0,0.0,0.7048425455049248,0.0,0.0,0.011180339887500996,STOPPED,DUPLICATE_OR_OLD,DUPLICATE_OR_OLD,0.0,0.0,95.56967910700001,False,
95.11967910700001,0.0,0.0,0.0,0.7048425455049248,0.0,0.0,0.006180339887499207,STOPPED,ACCEPTED,ACCEPTED,0.0,0.0,95.61967910700001,False,
95.16967910700001,0.0,0.0,0.0,0.7048425455049248,0.0,0.0,0.011180339887498923,STOPPED,DUPLICATE_OR_OLD,DUPLICATE_OR_OLD,0.0,0.0,95.66967910700001,False,
95.219679107,0.0,0.0,0.0,0.7048425455049248,0.0,0.0,0.006180339887498904,STOPPED,ACCEPTED,ACCEPTED,0.0,0.0,95.719679107,False,
95.269679107,0.0,0.0,0.0,0.7048425455049248,0.0,0.0,0.01118033988749862,STOPPED,DUPLICATE_OR_OLD,DUPLICATE_OR_OLD,0.0,0.0,95.769679107,False,
95.31967910700001,0.0,0.0,0.0,0.7048425455049248,0.0,0.0,0.006180339887499067,STOPPED,ACCEPTED,ACCEPTED,0.0,0.0,95.81967910700001,False,
95.36967910700001,0.0,0.0,0.0,0.7048425455049248,0.0,0.0,0.011180339887498784,STOPPED,DUPLICATE_OR_OLD,DUPLICATE_OR_OLD,0.0,0.0,95.86967910700001,False,
95.41967910700001,0.0,0.0,0.0,0.7048425455049248,0.0,0.0,0.006180339887498883,STOPPED,ACCEPTED,ACCEPTED,0.0,0.0,95.91967910700001,False,
95.469679107,0.0,0.0,0.0,0.7048425455049248,0.0,0.0,0.0111803398874986,STOPPED,DUPLICATE_OR_OLD,DUPLICATE_OR_OLD,0.0,0.0,95.969679107,False,
95.519679107,0.0,0.0,0.0,0.7048425455049248,0.0,0.0,0.006180339887498857,STOPPED,ACCEPTED,ACCEPTED,0.0,0.0,96.019679107,False,
95.56967910700001,0.0,0.0,0.0,0.7048425455049248,0.0,0.0,0.011180339887499995,STOPPED,DUPLICATE_OR_OLD,DUPLICATE_OR_OLD,0.0,0.0,96.06967910700001,False,
95.61967910700001,0.0,0.0,0.0,0.7048425455049248,0.0,0.0,0.00618033988749906,STOPPED,ACCEPTED,ACCEPTED,0.0,0.0,96.11967910700001,False,
95.66967910700001,0.0,0.0,0.0,0.7048425455049248,0.0,0.0,0.011180339887498777,STOPPED,DUPLICATE_OR_OLD,DUPLICATE_OR_OLD,0.0,0.0,96.16967910700001,False,
95.719679107,0.0,0.0,0.0,0.7048425455049248,0.0,0.0,0.0061803398874988825,STOPPED,ACCEPTED,ACCEPTED,0.0,0.0,96.219679107,False,
95.769679107,0.0,0.0,0.0,0.7048425455049248,0.0,0.0,0.0111803398874986,STOPPED,DUPLICATE_OR_OLD,DUPLICATE_OR_OLD,0.0,0.0,96.269679107,False,
95.81967910700001,0.0,0.0,0.0,0.7048425455049248,0.0,0.0,0.006180339887499064,STOPPED,ACCEPTED,ACCEPTED,0.0,0.0,96.31967910700001,False,
95.86967910700001,0.0,0.0,0.0,0.7048425455049248,0.0,0.0,0.01118033988749878,STOPPED,DUPLICATE_OR_OLD,DUPLICATE_OR_OLD,0.0,0.0,96.36967910700001,False,
95.91967910700001,0.0,0.0,0.0,0.7048425455049248,0.0,0.0,0.006180339887498883,STOPPED,ACCEPTED,ACCEPTED,0.0,0.0,96.41967910700001,False,
95.969679107,0.0,0.0,0.0,0.7048425455049248,0.0,0.0,0.0111803398874986,STOPPED,DUPLICATE_OR_OLD,DUPLICATE_OR_OLD,0.0,0.0,96.469679107,False,
96.019679107,0.0,0.0,0.0,0.7048425455049248,0.0,0.0,0.006180339887498857,STOPPED,ACCEPTED,ACCEPTED,0.0,0.0,96.519679107,False,
96.06967910700001,0.0,0.0,0.0,0.7048425455049248,0.0,0.0,0.011180339887499995,STOPPED,DUPLICATE_OR_OLD,DUPLICATE_OR_OLD,0.0,0.0,96.56967910700001,False,
96.11967910700001,0.0,0.0,0.0,0.7048425455049248,0.0,0.0,0.00618033988749906,STOPPED,ACCEPTED,ACCEPTED,0.0,0.0,96.61967910700001,False,
96.16967910700001,0.0,0.0,0.0,0.7048425455049248,0.0,0.0,0.011180339887498777,STOPPED,DUPLICATE_OR_OLD,DUPLICATE_OR_OLD,0.0,0.0,96.66967910700001,False,
96.219679107,0.0,0.0,0.0,0.7048425455049248,0.0,0.0,0.0061803398874988825,STOPPED,ACCEPTED,ACCEPTED,0.0,0.0,96.719679107,False,
96.269679107,0.0,0.0,0.0,0.7048425455049248,0.0,0.0,0.0111803398874986,STOPPED,DUPLICATE_OR_OLD,DUPLICATE_OR_OLD,0.0,0.0,96.769679107,False,
96.31967910700001,0.0,0.0,0.0,0.7048425455049248,0.0,0.0,0.006180339887499064,STOPPED,ACCEPTED,ACCEPTED,0.0,0.0,96.81967910700001,False,
96.36967910700001,0.0,0.0,0.0,0.7048425455049248,0.0,0.0,0.005278640450004169,STOPPED,ACCEPTED,ACCEPTED,0.0,0.0,96.86967910700001,False,
96.41967910700001,0.0,0.0,0.0,0.7048425455049248,0.0,0.0,0.010278640450003885,STOPPED,DUPLICATE_OR_OLD,DUPLICATE_OR_OLD,0.0,0.0,96.91967910700001,False,
96.469679107,0.0,0.0,0.0,0.7048425455049248,0.0,0.0,0.006044091050000051,STOPPED,ACCEPTED,ACCEPTED,0.0,0.0,96.969679107,False,
96.519679107,0.0,0.0,0.0,0.7048425455049248,0.0,0.0,0.011044091049999767,STOPPED,DUPLICATE_OR_OLD,DUPLICATE_OR_OLD,0.0,0.0,97.019679107,False,
96.56967910700001,0.0,0.0,0.0,0.7048425455049248,0.0,0.0,0.016044091050000903,STOPPED,DUPLICATE_OR_OLD,DUPLICATE_OR_OLD,0.0,0.0,97.06967910700001,False,
96.61967910700001,0.0,0.0,0.0,0.7048425455049248,0.0,0.0,0.006778775070626589,STOPPED,ACCEPTED,ACCEPTED,0.0,0.0,97.11967910700001,False,
96.66967910700001,0.0,0.0,0.0,0.7048425455049248,0.0,0.0,0.011778775070626305,STOPPED,DUPLICATE_OR_OLD,DUPLICATE_OR_OLD,0.0,0.0,97.16967910700001,False,
96.719679107,0.0,0.0,0.0,0.7048425455049248,0.0,0.0,0.006265699243663641,STOPPED,ACCEPTED,ACCEPTED,0.0,0.0,97.219679107,False,
96.769679107,0.0,0.0,0.0,0.7048425455049248,0.0,0.0,0.011265699243663357,STOPPED,DUPLICATE_OR_OLD,DUPLICATE_OR_OLD,0.0,0.0,97.269679107,False,
96.81967910700001,0.0,0.0,0.0,0.7048425455049248,0.0,0.0,0.0061927531769739265,STOPPED,ACCEPTED,ACCEPTED,0.0,0.0,97.31967910700001,False,
96.86967910700001,0.0,0.0,0.0,0.7048425455049248,0.0,0.0,0.011192753176973644,STOPPED,DUPLICATE_OR_OLD,DUPLICATE_OR_OLD,0.0,0.0,97.36967910700001,False,
96.91967910700001,0.0,0.0,0.0,0.7048425455049248,0.0,0.0,0.006182150103719824,STOPPED,ACCEPTED,ACCEPTED,0.0,0.0,97.41967910700001,False,
96.969679107,0.0,0.0,0.0,0.7048425455049248,0.0,0.0,0.011182150103719542,STOPPED,DUPLICATE_OR_OLD,DUPLICATE_OR_OLD,0.0,0.0,97.469679107,False,
97.019679107,0.0,0.0,0.0,0.7048425455049248,0.0,0.0,0.006180603976225977,STOPPED,ACCEPTED,ACCEPTED,0.0,0.0,97.519679107,False,
97.06967910700001,0.0,0.0,0.0,0.7048425455049248,0.0,0.0,0.011180603976227114,STOPPED,DUPLICATE_OR_OLD,DUPLICATE_OR_OLD,0.0,0.0,97.56967910700001,False,
97.11967910700001,0.0,0.0,0.0,0.7048425455049248,0.0,0.0,0.006180378417136423,STOPPED,ACCEPTED,ACCEPTED,0.0,0.0,97.61967910700001,False,
97.16967910700001,0.0,0.0,0.0,0.7048425455049248,0.0,0.0,0.01118037841713614,STOPPED,DUPLICATE_OR_OLD,DUPLICATE_OR_OLD,0.0,0.0,97.66967910700001,False,
97.219679107,0.0,0.0,0.0,0.7048425455049248,0.0,0.0,0.006180345508888942,STOPPED,ACCEPTED,ACCEPTED,0.0,0.0,97.719679107,False,
97.269679107,0.0,0.0,0.0,0.7048425455049248,0.0,0.0,0.011180345508888658,STOPPED,DUPLICATE_OR_OLD,DUPLICATE_OR_OLD,0.0,0.0,97.769679107,False,
97.31967910700001,0.0,0.0,0.0,0.7048425455049248,0.0,0.0,0.006180340707648645,STOPPED,ACCEPTED,ACCEPTED,0.0,0.0,97.81967910700001,False,
97.36967910700001,0.0,0.0,0.0,0.7048425455049248,0.0,0.0,0.01118034070764836,STOPPED,DUPLICATE_OR_OLD,DUPLICATE_OR_OLD,0.0,0.0,97.86967910700001,False,
97.41967910700001,0.0,0.0,0.0,0.7048425455049248,0.0,0.0,0.00618034000715709,STOPPED,ACCEPTED,ACCEPTED,0.0,0.0,97.91967910700001,False,
97.469679107,0.0,0.0,0.0,0.7048425455049248,0.0,0.0,0.005278640476677423,STOPPED,ACCEPTED,ACCEPTED,0.0,0.0,97.969679107,False,
97.519679107,0.0,0.0,0.0,0.7048425455049248,0.0,0.0,0.010278640476677139,STOPPED,DUPLICATE_OR_OLD,DUPLICATE_OR_OLD,0.0,0.0,98.019679107,False,
97.56967910700001,0.0,0.0,0.0,0.7048425455049248,0.0,0.0,0.015278640476678276,STOPPED,DUPLICATE_OR_OLD,DUPLICATE_OR_OLD,0.0,0.0,98.06967910700001,False,
97.61967910700001,0.0,0.0,0.0,0.7048425455049248,0.0,0.0,0.006697341808426816,STOPPED,ACCEPTED,ACCEPTED,0.0,0.0,98.11967910700001,False,
97.66967910700001,0.0,0.0,0.0,0.7048425455049248,0.0,0.0,0.011697341808426532,STOPPED,DUPLICATE_OR_OLD,DUPLICATE_OR_OLD,0.0,0.0,98.16967910700001,False,
97.719679107,0.0,0.0,0.0,0.7048425455049248,0.0,0.0,0.006254308735394853,STOPPED,ACCEPTED,ACCEPTED,0.0,0.0,98.219679107,False,
97.769679107,0.0,0.0,0.0,0.7048425455049248,0.0,0.0,0.01125430873539457,STOPPED,DUPLICATE_OR_OLD,DUPLICATE_OR_OLD,0.0,0.0,98.269679107,False,
97.81967910700001,0.0,0.0,0.0,0.7048425455049248,0.0,0.0,0.006191101391857204,STOPPED,ACCEPTED,ACCEPTED,0.0,0.0,98.31967910700001,False,
97.86967910700001,0.0,0.0,0.0,0.7048425455049248,0.0,0.0,0.005281038104115397,STOPPED,ACCEPTED,ACCEPTED,0.0,0.0,98.36967910700001,False,
97.91967910700001,0.0,0.0,0.0,0.7048425455049248,0.0,0.0,0.010281038104115113,STOPPED,DUPLICATE_OR_OLD,DUPLICATE_OR_OLD,0.0,0.0,98.41967910700001,False,
97.969679107,0.0,0.0,0.0,0.7048425455049248,0.0,0.0,0.01528103810411483,STOPPED,DUPLICATE_OR_OLD,DUPLICATE_OR_OLD,0.0,0.0,98.469679107,False,
98.019679107,0.0,0.0,0.0,0.7048425455049248,0.0,0.0,0.006697603310158243,STOPPED,ACCEPTED,ACCEPTED,0.0,0.0,98.519679107,False,
98.06967910700001,0.0,0.0,0.0,0.7048425455049248,0.0,0.0,0.01169760331015938,STOPPED,DUPLICATE_OR_OLD,DUPLICATE_OR_OLD,0.0,0.0,98.56967910700001,False,
98.11967910700001,0.0,0.0,0.0,0.7048425455049248,0.0,0.0,0.00625434542425958,STOPPED,ACCEPTED,ACCEPTED,0.0,0.0,98.61967910700001,False,
98.16967910700001,0.0,0.0,0.0,0.7048425455049248,0.0,0.0,0.011254345424259297,STOPPED,DUPLICATE_OR_OLD,DUPLICATE_OR_OLD,0.0,0.0,98.66967910700001,False,
98.219679107,0.0,0.0,0.0,0.7048425455049248,0.0,0.0,0.006191106714563145,STOPPED,ACCEPTED,ACCEPTED,0.0,0.0,98.719679107,False,
98.269679107,0.0,0.0,0.0,0.7048425455049248,0.0,0.0,0.011191106714562861,STOPPED,DUPLICATE_OR_OLD,DUPLICATE_OR_OLD,0.0,0.0,98.769679107,False,
98.31967910700001,0.0,0.0,0.0,0.7048425455049248,0.0,0.0,0.006181910100637582,STOPPED,ACCEPTED,ACCEPTED,0.0,0.0,98.81967910700001,False,
98.36967910700001,0.0,0.0,0.0,0.7048425455049248,0.0,0.0,0.005278990443973639,STOPPED,ACCEPTED,ACCEPTED,0.0,0.0,98.86967910700001,False,
98.41967910700001,0.0,0.0,0.0,0.7048425455049248,0.0,0.0,0.010278990443973356,STOPPED,DUPLICATE_OR_OLD,DUPLICATE_OR_OLD,0.0,0.0,98.91967910700001,False,
98.469679107,0.0,0.0,0.0,0.7048425455049248,0.0,0.0,0.015278990443973073,STOPPED,DUPLICATE_OR_OLD,DUPLICATE_OR_OLD,0.0,0.0,98.969679107,False,
98.519679107,0.0,0.0,0.0,0.7048425455049248,0.0,0.0,0.00669737998084723,STOPPED,ACCEPTED,ACCEPTED,0.0,0.0,99.019679107,False,
98.56967910700001,0.0,0.0,0.0,0.7048425455049248,0.0,0.0,0.011697379980848367,STOPPED,DUPLICATE_OR_OLD,DUPLICATE_OR_OLD,0.0,0.0,99.06967910700001,False,
98.61967910700001,0.0,0.0,0.0,0.7048425455049248,0.0,0.0,0.006254314091055487,STOPPED,ACCEPTED,ACCEPTED,0.0,0.0,99.11967910700001,False,
98.66967910700001,0.0,0.0,0.0,0.7048425455049248,0.0,0.0,0.011254314091055203,STOPPED,DUPLICATE_OR_OLD,DUPLICATE_OR_OLD,0.0,0.0,99.16967910700001,False,
98.719679107,0.0004186014615899945,0.0004186014615899945,0.0004186014615899945,0.7048530105414645,0.0,0.021980188503117996,0.006191102168840477,FUSED,ACCEPTED,ACCEPTED,0.0,0.0,99.16967910700001,False,
98.769679107,0.002479784418257686,0.002479784418257686,0.002479784418257686,0.7049254701884607,0.0,0.04133300452035599,0.011191102168840193,MODEL_ONLY,DUPLICATE_OR_OLD,DUPLICATE_OR_OLD,0.0,0.0,99.16967910700001,False,
98.81967910700001,0.002048796345800836,0.002048796345800836,0.002048796345800836,0.7050386847075623,0.0,0.058372507513882815,0.006181909437970632,FUSED,ACCEPTED,ACCEPTED,0.0,0.0,99.16967910700001,False,
98.86967910700001,0.005690799139795092,0.005690799139795092,0.005690799139795092,0.7052321745947021,0.0,0.07337521626735972,0.011181909437970348,MODEL_ONLY,DUPLICATE_OR_OLD,DUPLICATE_OR_OLD,0.0,0.0,99.16967910700001,False,
98.91967910700001,0.0041849129583172865,0.0041849129583172865,0.0041849129583172865,0.7054790673971549,0.0,0.10680817010556035,0.006180568868098828,FUSED,ACCEPTED,ACCEPTED,0.0,0.0,99.16967910700001,False,
98.969679107,0.010942500571531668,0.010942500571531668,0.010942500571531668,0.7058572527354011,0.0,0.13624476044470707,0.011180568868098545,MODEL_ONLY,DUPLICATE_OR_OLD,DUPLICATE_OR_OLD,0.0,0.0,99.16967910700001,False,
99.019679107,0.007222096456965546,0.007222096456965546,0.007222096456965546,0.7063113676611136,0.0,0.16216268725991614,0.006180373295025964,FUSED,ACCEPTED,ACCEPTED,0.0,0.0,99.16967910700001,False,
99.06967910700001,0.016376938415558182,0.016376938415558182,0.016376938415558182,0.7069013435329268,0.0,0.18498254929758529,0.0111803732950271,MODEL_ONLY,DUPLICATE_OR_OLD,DUPLICATE_OR_OLD,0.0,0.0,99.16967910700001,False,
99.11967910700001,0.010090479680659452,0.010090479680659452,0.010090479680659452,0.7075630289853322,0.0,0.20507466959450554,0.006180344761585358,FUSED,ACCEPTED,ACCEPTED,0.0,0.0,99.16967910700001,False,
99.16967910700001,0.021097056729590905,0.021097056729590905,0.021097056729590905,0.7083427173955884,0.0,0.22276510511772013,0.011180344761585075,MODEL_ONLY,DUPLICATE_OR_OLD,DUPLICATE_OR_OLD,0.0,0.0,99.16967910700001,False,
99.219679107,0.030325310856785297,0.029078950075553774,0.01276657627785387,0.7091893082207745,0.0,0.25201614874807127,0.0061803405986183575,FUSED,ACCEPTED,ACCEPTED,0.017558734578931427,0.016312373797699904,99.16967910700001,True,-0.002016653874238182
99.269679107,0.044047330431795206,0.04280096965056369,0.026488595852863783,0.7101706875240424,0.0,0.277770707932588,0.011180340598618074,MODEL_ONLY,DUPLICATE_OR_OLD,DUPLICATE_OR_OLD,0.017558734578931423,0.016312373797699904,99.16967910700001,False,
99.31967910700001,0.04334657432576333,0.041835270393345704,0.015724386113269085,0.711226012073196,0.0,0.30044673027117935,0.006180339991249995,FUSED,ACCEPTED,ACCEPTED,0.027622188212494247,0.02611088428007662,99.16967910700001,True,-0.0016750477977406641
99.36967910700001,0.059162233336538014,0.05765092940412039,0.03154004512404377,0.7124076228541287,0.0,0.3204122045554036,0.011180339991249712,MODEL_ONLY,DUPLICATE_OR_OLD,DUPLICATE_OR_OLD,0.027622188212494243,0.026110884280076622,99.16967910700001,False,
99.41967910700001,0.05117711201061767,0.04997404555537478,0.018346226306904065,0.7136547796399023,0.0,0.33799113252795837,0.00618033990263594,FUSED,ACCEPTED,ACCEPTED,0.032830885703713605,0.03162781924847072,99.16967910700001,True,-0.0010125652189639095
99.469679107,0.06861160447461487,0.06740853801937198,0.03578071877090126,0.7150079532668474,0.0,0.35346878681581273,0.011180339902635656,MODEL_ONLY,DUPLICATE_OR_OLD,DUPLICATE_OR_OLD,0.032830885703713605,0.03162781924847072,99.16967910700001,False,
99.519679107,0.05810396420044951,0.05713066819663466,0.020501312568537197,0.7164150040503333,0.0,0.3670963403633526,0.006180339889707323,FUSED,ACCEPTED,ACCEPTED,0.037602651631912315,0.036629355628097465,99.16967910700001,True,-0.0008312900553547678
99.56967910700001,0.07679188134768483,0.07581858534386998,0.03918922971577251,0.7179072676074414,0.0,0.3790949424924133,0.01118033988970846,MODEL_ONLY,DUPLICATE_OR_OLD,DUPLICATE_OR_OLD,0.03760265163191232,0.03662935562809747,99.16967910700001,False,
99.61967910700001,0.060355884918387795,0.05978693850290246,0.02221774187214756,0.7194424418971394,0.0,0.38965930773590257,0.006180339887821271,FUSED,ACCEPTED,ACCEPTED,0.03813814304624023,0.0375691966307549,99.16967910700001,True,-0.00031904462659478744
99.66967910700001,0.08001493464829429,0.07944598823280896,0.041876791602054056,0.7210448052339943,0.0,0.39896087568501953,0.011180339887820988,MODEL_ONLY,DUPLICATE_OR_OLD,DUPLICATE_OR_OLD,0.03813814304624023,0.037569196630754906,99.16967910700001,False,
99.719679107,0.06590641430343966,0.06545156991435848,0.0235654814455971,0.7226808620601854,0.0,0.40715059312832363,0.006180339887545893,FUSED,ACCEPTED,ACCEPTED,0.04234093285784256,0.04188608846876138,99.16967910700001,True,-0.0003843254585795819
99.769679107,0.0863181145191236,0.08586327013004244,0.043977181661281055,0.7243694286378574,0.0,0.41436136363154047,0.011180339887545609,MODEL_ONLY,DUPLICATE_OR_OLD,DUPLICATE_OR_OLD,0.04234093285784255,0.041886088468761386,99.16967910700001,False,
99.81967910700001,0.098352406465123,0.09815016566976592,0.05955595719319441,0.7269577571092198,0.0,0.42071020431011447,0.006180339887505923,FUSED,ACCEPTED,ACCEPTED,0.03879644927192859,0.03859420847657151,99.16967910700001,True,-4.6123188755672895e-05
99.86967910700001,0.11891176834601445,0.11870952755065738,0.08011531907408587,0.7304495390159016,0.0,0.4263001447948256,0.01118033988750564,MODEL_ONLY,DUPLICATE_OR_OLD,DUPLICATE_OR_OLD,0.03879644927192859,0.03859420847657151,99.16967910700001,False,
99.91967910700001,0.16157899111080498,0.1614806754826819,0.11791687273387444,0.7354003438111003,0.0,0.43122189920710363,0.006180339887499884,FUSED,ACCEPTED,ACCEPTED,0.04366211837693054,0.04356380274880747,99.16967910700001,True,-3.4086342485958876e-05
99.969679107,0.1819733650763465,0.18187504944822344,0.13831124669941597,0.7418060467969322,0.0,0.43555533827698856,0.0111803398874996,MODEL_ONLY,DUPLICATE_OR_OLD,DUPLICATE_OR_OLD,0.04366211837693054,0.04356380274880747,99.16967910700001,False,
100.019679107,0.19454677790479527,0.19451846071121712,0.15076014340863944,0.7490328315496332,0.0,0.43937078549344427,0.006180339887499003,FUSED,ACCEPTED,ACCEPTED,0.04378663449615583,0.043758317302577676,99.16967910700001,True,1.4944218129898934e-05
100.06967910700001,0.2150182642305957,0.21498994703701754,0.17123162973443987,0.757082625878212,0.0,0.44273015832107476,0.01118033988750014,MODEL_ONLY,DUPLICATE_OR_OLD,DUPLICATE_OR_OLD,0.04378663449615583,0.043758317302577676,99.16967910700001,False,
100.11967910700001,0.2386149063102052,0.23860448314703134,0.19670877081818186,0.766281135892027,0.0,0.4456879730030189,0.006180339887499082,FUSED,ACCEPTED,ACCEPTED,0.04190613549202335,0.04189571232884948,99.16967910700001,True,6.359558116925124e-07
100.16967910700001,0.259058389838651,0.25904796667547714,0.21715225434662763,0.7766276615211466,0.0,0.4482922292560819,0.011180339887498798,MODEL_ONLY,DUPLICATE_OR_OLD,DUPLICATE_OR_OLD,0.04190613549202335,0.041895712328849505,99.16967910700001,False,
100.219679107,0.2732226950639447,0.2727671459824068,0.2272138323185785,0.7877368136877761,0.0,0.46169776756430847,0.006180339887498886,FUSED,ACCEPTED,ACCEPTED,0.0460088627453662,0.04555331366382831,99.16967910700001,True,-0.0007306520283603679
100.269679107,0.2947738255411291,0.2943182764595912,0.2487649627957629,0.799636283565634,0.0,0.4735008927492605,0.011180339887498603,MODEL_ONLY,DUPLICATE_OR_OLD,DUPLICATE_OR_OLD,0.04600886274536617,0.04555331366382828,99.16967910700001,False,
100.31967910700001,0.3059347514547256,0.3053059407304311,0.2569606273927832,0.8122794233203505,0.0,0.4838931471241701,0.0061803398874990655,FUSED,ACCEPTED,ACCEPTED,0.0489741240619424,0.04834531333764791,99.16967910700001,True,-0.0007358923084646932
100.36967910700001,0.3283463025577185,0.327717491833424,0.2793721784957761,0.8256877434675638,0.0,0.4930431772475865,0.011180339887498782,MODEL_ONLY,DUPLICATE_OR_OLD,DUPLICATE_OR_OLD,0.0489741240619424,0.04834531333764791,99.16967910700001,False,
100.41967910700001,0.34741075705063174,0.34685599799233535,0.29733015686108105,0.8401053018514844,0.0,0.5010994707368596,0.006180339887498883,FUSED,ACCEPTED,ACCEPTED,0.050080600189550684,0.0495258411312543,99.16967910700001,True,-0.0005089926117859689
100.469679107,0.37046237808817645,0.36990761902988006,0.32038177789862576,0.8555481002204761,0.0,0.5081927659402494,0.0111803398874986,MODEL_ONLY,DUPLICATE_OR_OLD,DUPLICATE_OR_OLD,0.050080600189550684,0.0495258411312543,99.16967910700001,False,
100.519679107,0.38715504371976645,0.3866994004679095,0.3358593005234266,0.8719541271810265,0.0,0.5144381735721125,0.006180339887498857,FUSED,ACCEPTED,ACCEPTED,0.05129574319633984,0.05084009994448291,99.16967910700001,True,-0.00039438631465502083
100.56967910700001,0.41071534766647116,0.41025970441461423,0.3594196044701313,0.8893360998058694,0.0,0.5199370447412559,0.011180339887499995,MODEL_ONLY,DUPLICATE_OR_OLD,DUPLICATE_OR_OLD,0.05129574319633984,0.05084009994448291,99.16967910700001,False,
100.61967910700001,0.4221655067774849,0.4218323541044192,0.3715331793275032,0.9076099194008092,0.0,0.52477861568701,0.00618033988749906,FUSED,ACCEPTED,ACCEPTED,0.050632327449981696,0.050299174776916034,99.16967910700001,True,-0.0002574493320709956
100.66967910700001,0.446129591294276,0.4457964386212103,0.3954972638442943,0.926785680480103,0.0,0.5290414559139849,0.011180339887498777,MODEL_ONLY,DUPLICATE_OR_OLD,DUPLICATE_OR_OLD,0.050632327449981696,0.050299174776916034,99.16967910700001,False,
100.719679107,0.46603489313682667,0.4657380892064241,0.4121993477185477,0.9469780957691729,0.0,0.5327947432259579,0.0061803398874988825,FUSED,ACCEPTED,ACCEPTED,0.05383554541827895,0.05353874148787641,99.16967910700001,True,-0.00027433917198840113
100.769679107,0.49031104535499054,0.490014241424588,0.4364754999367116,0.9681949669605532,0.0,0.5360993863502943,0.0111803398874986,MODEL_ONLY,DUPLICATE_OR_OLD,DUPLICATE_OR_OLD,0.05383554541827895,0.05353874148787641,99.16967910700001,False,
100.81967910700001,0.5105020929585709,0.5103134208177167,0.46047040044269266,0.9906186144700434,0.0,0.5390090133709569,0.006180339887499064,FUSED,ACCEPTED,ACCEPTED,0.05003169251587819,0.04984302037502403,99.16967910700001,True,-0.00012184301964907746
100.86967910700001,0.535501533298061,0.5353128611572069,0.4854698407821829,1.014267120500664,0.0,0.5511970793429282,0.01118033988749878,MODEL_ONLY,DUPLICATE_OR_OLD,DUPLICATE_OR_OLD,0.050031692515878134,0.04984302037502397,99.16967910700001,False,
100.91967910700001,0.5611697196713632,0.5608657106427256,0.5150118550292461,1.0392791628959481,0.0002580483688602911,0.5619282611218314,0.006180339887498883,FUSED,ACCEPTED,ACCEPTED,0.04615786464211713,0.045853855613479544,99.16967910700001,True,-0.00037529114544444103
100.969679107,0.5871694135816302,0.5868654045529926,0.5410115489395131,1.0656797479951656,0.0002580483688602911,0.5713767054145267,0.0111803398874986,MODEL_ONLY,DUPLICATE_OR_OLD,DUPLICATE_OR_OLD,0.04615786464211713,0.045853855613479544,99.16967910700001,False,
101.019679107,0.6150619020363807,0.6142680017354987,0.5610208209378964,1.0932305572420993,-0.0024779025136254644,0.588318275788186,0.006180339887498857,FUSED,ACCEPTED,ACCEPTED,0.05404108109848427,0.05324718079760227,99.16967910700001,True,-0.0010966697579209636
101.06967910700001,0.6425066342029331,0.6417127339020511,0.5884655531044488,1.1219677165931645,-0.0024779025136254644,0.6032347581667651,0.011180339887499995,MODEL_ONLY,DUPLICATE_OR_OLD,DUPLICATE_OR_OLD,0.05404108109848427,0.05324718079760227,99.16967910700001,False,
101.11967910700001,0.6750383950612355,0.6741800867629572,0.6162683728276053,1.1520860647414641,0.003180182374263705,0.6163682187399524,0.00618033988749906,FUSED,ACCEPTED,ACCEPTED,0.05877002223363026,0.05791171393535188,99.16967910700001,True,-0.0008981146298166418
101.16967910700001,0.7043870728458899,0.7035287645476115,0.6456170506122596,1.183633200327459,0.003180182374263705,0.6358169958666726,0.011180339887498777,MODEL_ONLY,DUPLICATE_OR_OLD,DUPLICATE_OR_OLD,0.05877002223363026,0.05791171393535188,99.16967910700001,False,
101.219679107,0.7377412902586722,0.736630746867387,0.6742992851060469,1.2166311087204147,-0.0024619927987592845,0.6529409893865776,0.0061803398874988825,FUSED,ACCEPTED,ACCEPTED,0.06344200515262532,0.06233146176134019,99.16967910700001,True,-0.0012664332519187887
101.269679107,0.76841308437746,0.7673025409861749,0.7049710792248347,1.2511128678286847,-0.0024619927987592845,0.6680180892041742,0.0111803398874986,MODEL_ONLY,DUPLICATE_OR_OLD,DUPLICATE_OR_OLD,0.06344200515262532,0.06233146176134019,99.16967910700001,False,
101.31967910700001,0.8081615971492078,0.8071624963392063,0.7406108034017385,1.2872524148943572,0.013015870079659353,0.6812929680252618,0.006180339887499064,FUSED,ACCEPTED,ACCEPTED,0.0675507937474693,0.06655169293746788,99.16967910700001,True,-0.0009302255069740251
101.36967910700001,0.8408524517427532,0.8398533509327518,0.7733016579952839,1.3251002264292806,0.013015870079659353,0.6929810519304166,0.01118033988749878,MODEL_ONLY,DUPLICATE_OR_OLD,DUPLICATE_OR_OLD,0.0675507937474693,0.06655169293746788,99.16967910700001,False,
101.41967910700001,0.893310850269835,0.892167917197507,0.8227434343865256,1.3650013537388235,0.04819486917125848,0.7105855204294121,0.006180339887498883,FUSED,ACCEPTED,ACCEPTED,0.07056741588330939,0.06942448281098135,99.16967910700001,True,-0.0012318262991248413
101.469679107,0.9294141090018037,0.9282711759294756,0.8588466931184943,1.4070411069264466,0.04819486917125848,0.7260856622909796,0.0111803398874986,MODEL_ONLY,DUPLICATE_OR_OLD,DUPLICATE_OR_OLD,0.07056741588330939,0.06942448281098135,99.16967910700001,False,
101.519679107,0.9851962856723144,0.9837859581291989,0.9064536531682428,1.4511736155836126,0.06906441030868245,0.739733015390133,0.006180339887498857,FUSED,ACCEPTED,ACCEPTED,0.07874263250407165,0.07733230496095611,99.16967910700001,True,-0.0015755864144660209
101.56967910700001,1.0236253995559437,1.0222150720128282,0.944882767051872,1.497457026089126,0.06906441030868245,0.7517490503578406,0.011180339887499995,MODEL_ONLY,DUPLICATE_OR_OLD,DUPLICATE_OR_OLD,0.07874263250407165,0.07733230496095622,99.16967910700001,False,
101.61967910700001,1.070067379958203,1.0689353096552496,0.987056144456121,1.5457554988768232,0.05983862320506856,0.7623287646288844,0.00618033988749906,FUSED,ACCEPTED,ACCEPTED,0.083011235502082,0.08187916519912863,99.16967910700001,True,-0.0009600978709173452
101.66967910700001,1.1090296098905226,1.1078975395875692,1.0260183743884406,1.5960823618479343,0.05983862320506856,0.7716438468800405,0.011180339887498777,MODEL_ONLY,DUPLICATE_OR_OLD,DUPLICATE_OR_OLD,0.083011235502082,0.08187916519912863,99.16967910700001,False,
101.719679107,1.1315729199200104,1.1311405075419367,1.0774885531249394,1.6486700350357657,0.0032675466768888536,0.7798454632113331,0.0061803398874988825,FUSED,ACCEPTED,ACCEPTED,0.054084366795071004,0.05365195441699733,99.16967910700001,True,0.0
101.769679107,1.1842402820379518,1.1840361246068765,1.147018817004843,1.704282719289007,0.08295638277828032,0.7870667102848495,0.005278640450004129,FUSED,ACCEPTED,ACCEPTED,0.03722146503310886,0.03701730760203348,99.16967910700001,True,0.0
101.81967910700001,1.225447230943917,1.2252430735128417,1.1882257659108082,1.7626638338619116,0.08295638277828032,0.7934247752308802,0.010278640450005266,MODEL_ONLY,DUPLICATE_OR_OLD,DUPLICATE_OR_OLD,0.03722146503310886,0.03701730760203348,99.16967910700001,False,
101.86967910700001,1.2669340645431968,1.2667299071121214,1.229712599510088,1.8231122929974306,0.08295638277828032,0.7990228373725533,0.015278640450004983,MODEL_ONLY,DUPLICATE_OR_OLD,DUPLICATE_OR_OLD,0.03722146503310886,0.03701730760203348,99.16967910700001,False,
101.91967910700001,1.3450148648913214,1.3446977942213065,1.270113328335758,1.8856079411935731,0.15121708643181223,0.8039517426303721,0.006697341805517412,FUSED,ACCEPTED,ACCEPTED,0.07490153655556342,0.07458446588554857,99.16967910700001,True,-0.00037275154231887486
101.969679107,1.3903781455054982,1.3900610748354834,1.3154766089499348,1.9502476896257117,0.15121708643181223,0.8082914777790233,0.011697341805517129,MODEL_ONLY,DUPLICATE_OR_OLD,DUPLICATE_OR_OLD,0.07490153655556342,0.07458446588554857,99.16967910700001,False,
102.019679107,1.450099261822484,1.449124146164895,1.3588724918014725,2.0171064171444932,0.14093853490027292,0.8189656405300253,0.006254308734986658,FUSED,ACCEPTED,ACCEPTED,0.09122677002101143,0.09025165436342242,99.16967910700001,True,-0.0013692173027723964
102.06967910700001,1.4959522256778088,1.4949771100202198,1.4047254556567974,2.0861963658309657,0.14093853490027292,0.8283638814881931,0.011254308734987796,MODEL_ONLY,DUPLICATE_OR_OLD,DUPLICATE_OR_OLD,0.09122677002101143,0.09025165436342242,99.16967910700001,False,
102.11967910700001,1.5508559823774815,1.5501640501257452,1.4507649674615497,2.15758362640892,0.14902585231806859,0.8366387162614815,0.006191101391797983,FUSED,ACCEPTED,ACCEPTED,0.10009101491593175,0.0993990826641955,99.16967910700001,True,-0.0005177117355213562
102.16967910700001,1.5978913355752562,1.59719940332352,1.4978003206593244,2.231297758611938,0.14902585231806859,0.8439244297082873,0.0111911013917977,MODEL_ONLY,DUPLICATE_OR_OLD,DUPLICATE_OR_OLD,0.10009101491593175,0.0993990826641955,99.16967910700001,False,
102.219679107,1.6445630841926877,1.6439646914011505,1.5418883827711296,2.307289976197695,0.13236488632327914,0.8503392551257467,0.0061819093246946,FUSED,ACCEPTED,ACCEPTED,0.1026747014215581,0.10207630863002093,99.16967910700001,True,-0.0005406206499543181
102.269679107,1.6913685306893171,1.69077013789778,1.588693829267759,2.385554531498663,0.13236488632327914,0.8559872929516817,0.011181909324694317,MODEL_ONLY,DUPLICATE_OR_OLD,DUPLICATE_OR_OLD,0.1026747014215581,0.10207630863002093,99.16967910700001,False,
102.31967910700001,1.7430752520054889,1.7427382900155053,1.6386422606098991,2.4662379337456226,0.14756121152648685,0.8609602001170705,0.006180568851574267,FUSED,ACCEPTED,ACCEPTED,0.1044329913955897,0.10409602940560614,99.16967910700001,True,-0.00017540453943332146
102.36967910700001,1.7911080833361566,1.790771121346173,1.6866750919405669,2.5493708675593796,0.14756121152648685,0.8653386774640184,0.011180568851573983,MODEL_ONLY,DUPLICATE_OR_OLD,DUPLICATE_OR_OLD,0.1044329913955897,0.10409602940560614,99.16967910700001,False,
102.41967910700001,1.8412972766638693,1.8408735282865172,1.7345557905704378,2.6349016396221496,0.14299695328609488,0.8691937793672211,0.006180373292615105,FUSED,ACCEPTED,ACCEPTED,0.10674148609343148,0.10631773771607933,99.16967910700001,True,-0.0004773845555140488
102.469679107,1.8894643643035036,1.8890406159261515,1.7827228782100721,2.7228336063416574,0.14299695328609488,0.8725880668115623,0.011180373292614822,MODEL_ONLY,DUPLICATE_OR_OLD,DUPLICATE_OR_OLD,0.10674148609343148,0.10631773771607933,99.16967910700001,False,
102.519679107,1.9424045269498584,1.942134377980928,1.8334403508843011,2.8132376870690115,0.1537388261199166,0.8755766226381257,0.006180344761233412,FUSED,ACCEPTED,ACCEPTED,0.1089641760655573,0.10869402709662679,99.16967910700001,True,-0.00017521950986068568
102.56967910700001,1.9913897020661857,1.9911195530972552,1.8824255260006284,2.906134333991156,0.1537388261199166,0.8782079454341308,0.01118034476123455,MODEL_ONLY,DUPLICATE_OR_OLD,DUPLICATE_OR_OLD,0.1089641760655573,0.10869402709662679,99.16967910700001,False,
102.61967910700001,2.012499411787771,2.01237298770317,1.9306834818760477,3.0014620591880674,0.06708014888658743,0.8805247365729243,0.006180340598567217,FUSED,ACCEPTED,ACCEPTED,0.08181592991172337,0.08168950582712231,99.16967910700001,True,-3.759724781156326e-05
102.66967910700001,2.0573694853941076,2.0572430613095065,1.9755535554823842,3.0991179851220227,0.06708014888658743,0.882564593176205,0.011180340598566933,MODEL_ONLY,DUPLICATE_OR_OLD,DUPLICATE_OR_OLD,0.08181592991172337,0.08168950582712231,99.16967910700001,False,
102.719679107,2.1149774922112643,2.1156022696090298,2.0202431551617375,3.19901290288812,0.14906372253163058,0.8843606182439262,0.006180339991242326,FUSED,ACCEPTED,ACCEPTED,0.09473433704952683,0.09535911444729228,99.16967910700001,True,0.0010890454258650067
102.769679107,2.1641156127209578,2.164740390118723,2.069381275671431,3.3012535136589434,0.14906372253163058,0.8859419578531396,0.011180339991242043,MODEL_ONLY,DUPLICATE_OR_OLD,DUPLICATE_OR_OLD,0.09473433704952683,0.09535911444729228,99.16967910700001,False,
102.81967910700001,2.1185890119922415,2.1185890119922415,2.1185890119922415,3.405952770850559,0.14906372253163058,0.887334274143491,0.01618033999124318,MODEL_ONLY,RATE_ANOMALY,RATE_ANOMALY,0.0,0.0,103.31967910700001,False,
102.86967910700001,2.167858042692024,2.167858042692024,2.167858042692024,3.5131139472176596,0.14906372253163058,0.8885601617650254,0.021180339991242896,MODEL_ONLY,DUPLICATE_OR_OLD,DUPLICATE_OR_OLD,0.0,0.0,103.31967910700001,False,
102.91967910700001,2.2171810410295985,2.2171810410295985,2.2171810410295985,3.622739924310694,0.14906372253163058,0.8896395145464631,0.026180339991242613,MODEL_ONLY,ZERO_LOCK_SUSPECT,ZERO_LOCK_SUSPECT,0.0,0.0,103.41967910700001,False,
102.969679107,2.2665515560557807,2.2665515560557807,2.2665515560557807,3.734833239237822,0.14906372253163058,0.890589848334269,0.03118033999124233,MODEL_ONLY,DUPLICATE_OR_OLD,DUPLICATE_OR_OLD,0.0,0.0,103.41967910700001,False,
103.019679107,2.315963907926851,2.315963907926851,2.315963907926851,3.8493961258373814,0.14906372253163058,0.8914265852415874,0.036180339991242046,MODEL_ONLY,ZERO_LOCK_SUSPECT,ZERO_LOCK_SUSPECT,0.0,0.0,103.519679107,False,
103.06967910700001,2.3654130957315567,2.3654130957315567,2.3654130957315567,3.966430550928868,0.14906372253163058,0.8921633039198585,0.04118033999124318,MODEL_ONLY,DUPLICATE_OR_OLD,DUPLICATE_OR_OLD,0.0,0.0,103.519679107,False,
103.11967910700001,2.4148947163358048,2.4148947163358048,2.4148947163358048,4.085938246230546,0.14906372253163058,0.8928119599145521,0.046180339991242894,MODEL_ONLY,DUPLICATE_OR_OLD,DUPLICATE_OR_OLD,0.0,0.0,103.519679107,False,
103.16967910700001,2.464404892928265,2.464404892928265,2.464404892928265,4.207920736462141,0.14906372253163058,0.8933830796809727,0.05118033999124261,MODEL_ONLY,MISSING_OR_STALE,MISSING_OR_STALE,0.0,0.0,103.66967910700001,False,
103.219679107,2.5139402121070424,2.5139402121070424,2.5139402121070424,4.332379364088016,0.14906372253163058,0.8938859314086446,0.05618033999124232,MODEL_ONLY,ZERO_LOCK_SUSPECT,ZERO_LOCK_SUSPECT,0.0,0.0,103.719679107,False,
103.269679107,2.5634976684866686,2.5634976684866686,2.5634976684866686,4.459315311102852,0.14906372253163058,0.8943286754264315,0.06118033999124203,MODEL_ONLY,DUPLICATE_OR_OLD,DUPLICATE_OR_OLD,0.0,0.0,103.719679107,False,
103.31967910700001,2.613074615926422,2.613074615926422,2.613074615926422,4.5887296182132085,0.14906372253163058,0.8947184966291818,0.06618033999124318,MODEL_ONLY,ZERO_LOCK_SUSPECT,ZERO_LOCK_SUSPECT,0.0,0.0,103.81967910700001,False,
103.36967910700001,2.6626687245884337,2.6626687245884337,2.6626687245884337,4.720623201726072,0.14906372253163058,0.895061721074931,0.07118033999124289,MODEL_ONLY,DUPLICATE_OR_OLD,DUPLICATE_OR_OLD,0.0,0.0,103.81967910700001,False,
103.41967910700001,2.7122779431289303,2.7122779431289303,2.7122779431289303,4.854996868418999,0.14906372253163058,0.8953639186448135,0.0761803399912426,MODEL_ONLY,ZERO_LOCK_SUSPECT,ZERO_LOCK_SUSPECT,0.0,0.0,103.91967910700001,False,
103.469679107,2.7619004654087638,2.7619004654087638,2.7619004654087638,4.991851328632434,0.14906372253163058,0.895629993431659,0.08118033999124231,MODEL_ONLY,ZERO_LOCK_SUSPECT,ZERO_LOCK_SUSPECT,0.0,0.0,103.969679107,False,
103.519679107,2.811534701183216,2.811534701183216,2.811534701183216,5.131187207797225,0.14906372253163058,0.8958642633241087,0.08618033999124203,MODEL_ONLY,DUPLICATE_OR_OLD,DUPLICATE_OR_OLD,0.0,0.0,103.969679107,False,
103.56967910700001,2.861179250295362,2.861179250295362,2.861179250295362,5.273005056584222,0.14906372253163058,0.8960705300777498,0.09118033999124317,MODEL_ONLY,DUPLICATE_OR_OLD,DUPLICATE_OR_OLD,0.0,0.0,103.969679107,False,
103.61967910700001,2.9111564812098885,2.9111564812098885,2.9111564812098885,5.417313449871846,0.14906372253163058,0.9027241661256595,0.09618033999124288,MODEL_ONLY,ZERO_LOCK_SUSPECT,ZERO_LOCK_SUSPECT,0.0,0.0,104.11967910700001,False,
103.66967910700001,2.96142662725174,2.96142662725174,2.96142662725174,5.5641280275833775,0.14906372253163058,0.908582468672182,0.1011803399912426,MODEL_ONLY,DUPLICATE_OR_OLD,DUPLICATE_OR_OLD,0.0,0.0,104.11967910700001,False,
103.719679107,3.0119546752022583,3.0119546752022583,3.0119546752022583,5.713462560144719,0.14906372253163058,0.9137405068455162,0.10618033999124231,MODEL_ONLY,ZERO_LOCK_SUSPECT,ZERO_LOCK_SUSPECT,0.0,0.0,104.219679107,False,
103.769679107,3.062709797101128,3.062709797101128,3.062709797101128,5.865329171952295,0.14906372253163058,0.9182819858125536,0.11118033999124202,MODEL_ONLY,DUPLICATE_OR_OLD,DUPLICATE_OR_OLD,0.0,0.0,104.219679107,False,
103.81967910700001,3.1136648499671256,3.1136648499671256,3.1136648499671256,6.019738538129037,0.14906372253163058,0.9222806051548211,0.11618033999124316,MODEL_ONLY,ZERO_LOCK_SUSPECT,ZERO_LOCK_SUSPECT,0.0,0.0,104.31967910700001,False,
103.86967910700001,3.1647959353190056,3.1647959353190056,3.1647959353190056,6.176700057761181,0.14906372253163058,0.9258012548727648,0.12118033999124288,MODEL_ONLY,DUPLICATE_OR_OLD,DUPLICATE_OR_OLD,0.0,0.0,104.31967910700001,False,
103.91967910700001,3.2160820113486106,3.2160820113486106,3.2160820113486106,6.336222006427862,0.14906372253163058,0.928901068427268,0.1261803399912426,MODEL_ONLY,ZERO_LOCK_SUSPECT,ZERO_LOCK_SUSPECT,0.0,0.0,104.41967910700001,False,
103.969679107,3.2675045514522147,3.2675045514522147,3.2675045514522147,6.498311670497873,0.14906372253163058,0.9316303499072487,0.13118033999124232,MODEL_ONLY,DUPLICATE_OR_OLD,DUPLICATE_OR_OLD,0.0,0.0,104.41967910700001,False,
104.019679107,3.3190472435789324,3.3190472435789324,3.3190472435789324,6.662975465373643,0.14906372253163058,0.9340333903695189,0.13618033999124204,MODEL_ONLY,ZERO_LOCK_SUSPECT,ZERO_LOCK_SUSPECT,0.0,0.0,104.519679107,False,
104.06967910700001,3.370695725517116,3.370695725517116,3.370695725517116,6.830219039601082,0.14906372253163058,0.9361491865985508,0.1411803399912432,MODEL_ONLY,DUPLICATE_OR_OLD,DUPLICATE_OR_OLD,0.0,0.0,104.519679107,False,
104.11967910700001,3.4224373518228703,3.4224373518228703,3.4224373518228703,7.000047366534572,0.14906372253163058,0.9380120739502493,0.1461803399912429,MODEL_ONLY,ZERO_LOCK_SUSPECT,ZERO_LOCK_SUSPECT,0.0,0.0,104.61967910700001,False,
104.16967910700001,3.4742609886085916,3.4742609886085916,3.4742609886085916,7.172464825045349,0.14906372253163058,0.9396522835495958,0.15118033999124264,MODEL_ONLY,DUPLICATE_OR_OLD,DUPLICATE_OR_OLD,0.0,0.0,104.61967910700001,False,
104.219679107,3.5261568328610537,3.5261568328610537,3.5261568328610537,7.3474752705820805,0.14906372253163058,0.9410964328844097,0.15618033999124237,MODEL_ONLY,ZERO_LOCK_SUSPECT,ZERO_LOCK_SUSPECT,0.0,0.0,104.719679107,False,
104.269679107,3.5781162533571274,3.5781162533571274,3.5781162533571274,7.525082097737525,0.14906372253163058,0.9423679577566421,0.1611803399912421,MODEL_ONLY,DUPLICATE_OR_OLD,DUPLICATE_OR_OLD,0.0,0.0,104.719679107,False,
104.31967910700001,3.630131650595431,3.630131650595431,3.630131650595431,7.70528829533638,0.14906372253163058,0.9434874926009483,0.16618033999124324,MODEL_ONLY,ZERO_LOCK_SUSPECT,ZERO_LOCK_SUSPECT,0.0,0.0,104.81967910700001,False,
104.36967910700001,3.6821963334707917,3.6821963334707917,3.6821963334707917,7.888096494938025,0.14906372253163058,0.9444732053423867,0.17118033999124296,MODEL_ONLY,DUPLICATE_OR_OLD,DUPLICATE_OR_OLD,0.0,0.0,104.81967910700001,False,
104.41967910700001,3.7343044106904006,3.7343044106904006,3.7343044106904006,8.073509013542044,0.14906372253163058,0.9453410922273512,0.1761803399912427,MODEL_ONLY,ZERO_LOCK_SUSPECT,ZERO_LOCK_SUSPECT,0.0,0.0,104.91967910700001,False,
104.469679107,3.7864506951692563,3.7864506951692563,3.7864506951692563,8.261527891188525,0.14906372253163058,0.9461052374122804,0.18118033999124242,MODEL_ONLY,DUPLICATE_OR_OLD,DUPLICATE_OR_OLD,0.0,0.0,104.91967910700001,False,
104.519679107,3.8386306198536366,3.8386306198536366,3.8386306198536366,8.452154924064086,0.14906372253163058,0.9467780415227771,0.18618033999124214,MODEL_ONLY,ZERO_LOCK_SUSPECT,ZERO_LOCK_SUSPECT,0.0,0.0,105.019679107,False,
104.56967910700001,3.8908401636065038,3.8908401636065038,3.8908401636065038,8.645391693650634,0.14906372253163058,0.94737042289222,0.1911803399912433,MODEL_ONLY,DUPLICATE_OR_OLD,DUPLICATE_OR_OLD,0.0,0.0,105.019679107,False,
104.61967910700001,3.9430757859520242,3.9430757859520242,3.9430757859520242,8.841239592389586,0.14906372253163058,0.947891994745584,0.196180339991243,MODEL_ONLY,ZERO_LOCK_SUSPECT,ZERO_LOCK_SUSPECT,0.0,0.0,105.11967910700001,False,
104.66967910700001,3.9953343696204575,3.9953343696204575,3.9953343696204575,9.039699846278888,0.14906372253163058,0.9483512212038328,0.20118033999124274,MODEL_ONLY,DUPLICATE_OR_OLD,DUPLICATE_OR_OLD,0.0,0.0,105.11967910700001,False,
104.719679107,4.047613169960726,4.047613169960726,4.047613169960726,9.240773534768406,0.14906372253163058,0.9487555546405307,0.20618033999124247,MODEL_ONLY,ZERO_LOCK_SUSPECT,ZERO_LOCK_SUSPECT,0.0,0.0,105.219679107,False,
104.769679107,4.099909770399953,4.099909770399953,4.099909770399953,9.444461608277411,0.14906372253163058,0.9491115566197186,0.2111803399912422,MODEL_ONLY,DUPLICATE_OR_OLD,DUPLICATE_OR_OLD,0.0,0.0,105.219679107,False,
104.81967910700001,4.152222043227091,4.152222043227091,4.152222043227091,9.650764903618134,0.14906372253163058,0.9494250043776402,0.21618033999124334,MODEL_ONLY,ZERO_LOCK_SUSPECT,ZERO_LOCK_SUSPECT,0.0,0.0,105.31967910700001,False,
104.86967910700001,4.204548115064148,4.204548115064148,4.204548115064148,9.859684157575403,0.14906372253163058,0.9497009845763182,0.22118033999124306,MODEL_ONLY,DUPLICATE_OR_OLD,DUPLICATE_OR_OLD,0.0,0.0,105.31967910700001,False,
104.91967910700001,4.256886336464911,4.256886336464911,4.256886336464911,10.071220018863617,0.14906372253163058,0.9499439758504222,0.2261803399912428,MODEL_ONLY,ZERO_LOCK_SUSPECT,ZERO_LOCK_SUSPECT,0.0,0.0,105.41967910700001,False,
104.969679107,4.309235255147502,4.309235255147502,4.309235255147502,10.285373058653915,0.14906372253163058,0.9501579214870058,0.23118033999124252,MODEL_ONLY,DUPLICATE_OR_OLD,DUPLICATE_OR_OLD,0.0,0.0,105.41967910700001,False,
105.019679107,4.3615935924266225,4.3615935924266225,4.3615935924266225,10.502143779843257,0.14906372253163058,0.9503462934175698,0.23618033999124224,MODEL_ONLY,ZERO_LOCK_SUSPECT,ZERO_LOCK_SUSPECT,0.0,0.0,105.519679107,False,
105.06967910700001,4.413960222462925,4.413960222462925,4.413960222462925,10.721532625215545,0.14906372253163058,0.9505121485609186,0.2411803399912434,MODEL_ONLY,DUPLICATE_OR_OLD,DUPLICATE_OR_OLD,0.0,0.0,105.519679107,False,
105.11967910700001,4.466334153992724,4.466334153992724,4.466334153992724,10.943539984626923,0.14906372253163058,0.9506581784311486,0.2461803399912431,MODEL_ONLY,ZERO_LOCK_SUSPECT,ZERO_LOCK_SUSPECT,0.0,0.0,105.61967910700001,False,
105.16967910700001,4.518714514241756,4.518714514241756,4.518714514241756,11.168166201332772,0.14906372253163058,0.9507867528158124,0.25118033999124284,MODEL_ONLY,DUPLICATE_OR_OLD,DUPLICATE_OR_OLD,0.0,0.0,105.61967910700001,False,
105.219679107,4.571100534761651,4.571100534761651,4.571100534761651,11.395411577557844,0.14906372253163058,0.9508999582330714,0.25618033999124257,MODEL_ONLY,ZERO_LOCK_SUSPECT,ZERO_LOCK_SUSPECT,0.0,0.0,105.719679107,False,
105.269679107,4.623491538959489,4.623491538959489,4.623491538959489,11.62527637940086,0.14906372253163058,0.9509996317919246,0.2611803399912423,MODEL_ONLY,DUPLICATE_OR_OLD,DUPLICATE_OR_OLD,0.0,0.0,105.719679107,False,
105.31967910700001,4.675886931117995,4.675886931117995,4.675886931117995,11.857760841152851,0.14906372253163058,0.9510873910049994,0.2661803399912434,MODEL_ONLY,ZERO_LOCK_SUSPECT,ZERO_LOCK_SUSPECT,0.0,0.0,105.81967910700001,False,
105.36967910700001,4.7282861867281225,4.7282861867281225,4.7282861867281225,12.09286516909899,0.14906372253163058,0.9511646600377109,0.27118033999124314,MODEL_ONLY,DUPLICATE_OR_OLD,DUPLICATE_OR_OLD,0.0,0.0,105.81967910700001,False,
105.41967910700001,4.7806888439773525,4.7806888439773525,4.7806888439773525,12.330589544866614,0.14906372253163058,0.9512326928197631,0.27618033999124286,MODEL_ONLY,ZERO_LOCK_SUSPECT,ZERO_LOCK_SUSPECT,0.0,0.0,105.91967910700001,False,
105.469679107,4.833094496255296,4.833094496255296,4.833094496255296,12.570934128372416,0.14906372253163058,0.9512925933940465,0.2811803399912426,MODEL_ONLY,DUPLICATE_OR_OLD,DUPLICATE_OR_OLD,0.0,0.0,105.91967910700001,False,
105.519679107,4.885502785555196,4.885502785555196,4.885502785555196,12.813899060417665,0.14906372253163058,0.9513453338331592,0.2861803399912423,MODEL_ONLY,ZERO_LOCK_SUSPECT,ZERO_LOCK_SUSPECT,0.0,0.0,106.019679107,False,
105.56967910700001,4.937913396664167,4.937913396664167,4.937913396664167,13.059484464973204,0.14906372253163058,0.951391770014299,0.29118033999124343,MODEL_ONLY,DUPLICATE_OR_OLD,DUPLICATE_OR_OLD,0.0,0.0,106.019679107,False,
105.61967910700001,4.990326052047835,4.990326052047835,4.990326052047835,13.30769045119099,0.14906372253163058,0.9514326555085254,0.29618033999124316,MODEL_ONLY,ZERO_LOCK_SUSPECT,ZERO_LOCK_SUSPECT,0.0,0.0,106.11967910700001,False,
105.66967910700001,5.042740507346566,5.042740507346566,5.042740507346566,13.558517115175835,0.14906372253163058,0.9514686538097877,0.3011803399912429,MODEL_ONLY,DUPLICATE_OR_OLD,DUPLICATE_OR_OLD,0.0,0.0,106.11967910700001,False,
105.719679107,5.095156547409916,5.095156547409916,5.095156547409916,13.811964541544732,0.14906372253163058,0.9515003491021717,0.3061803399912426,MODEL_ONLY,ZERO_LOCK_SUSPECT,ZERO_LOCK_SUSPECT,0.0,0.0,106.219679107,False,
105.769679107,5.147573982805162,5.147573982805162,5.147573982805162,14.068032804800094,0.14906372253163058,0.9515282557400986,0.31118033999124234,MODEL_ONLY,DUPLICATE_OR_OLD,DUPLICATE_OR_OLD,0.0,0.0,106.219679107,False,
105.81967910700001,5.199992646743184,5.199992646743184,5.199992646743184,14.32672197053886,0.14906372253163058,0.9515528265953205,0.31618033999124345,MODEL_ONLY,RATE_ANOMALY,RATE_ANOMALY,0.0,0.0,106.31967910700001,False,
105.86967910700001,5.252412392371734,5.252412392371734,5.252412392371734,14.588032096516718,0.14906372253163058,0.9515744604061691,0.3211803399912432,MODEL_ONLY,DUPLICATE_OR_OLD,DUPLICATE_OR_OLD,0.0,0.0,106.31967910700001,False,
105.91967910700001,5.105905485609031,5.105905485609031,5.105905485609031,14.846990043466223,0.14906372253163058,0.9515935082483223,0.009702540606620232,FUSED,ACCEPTED,ACCEPTED,0.0,0.0,106.31967910700001,False,
105.969679107,5.158327022178877,5.158327022178877,5.158327022178877,15.103595856160906,0.14906372253163058,0.9516102792320955,0.014702540606619949,MODEL_ONLY,DUPLICATE_OR_OLD,DUPLICATE_OR_OLD,0.0,0.0,106.31967910700001,False,
106.019679107,5.193277262763774,5.193277262763774,5.193277262763774,15.362385963284458,0.13506799657045493,0.9516250455187152,0.006633284629607964,FUSED,ACCEPTED,ACCEPTED,0.0,0.0,106.31967910700001,False,
106.06967910700001,5.245000401410821,5.245000401410821,5.245000401410821,15.623342904888883,0.13506799657045493,0.9516380467369789,0.011633284629609102,MODEL_ONLY,DUPLICATE_OR_OLD,DUPLICATE_OR_OLD,0.0,0.0,106.31967910700001,False,
106.11967910700001,5.295201032415234,5.295201032415234,5.295201032415234,15.88684794073452,0.14675344880719152,0.9516494938719761,0.0062452997671632385,FUSED,ACCEPTED,ACCEPTED,0.0,0.0,106.31967910700001,False,
106.16967910700001,5.347509519971702,5.347509519971702,5.347509519971702,16.152915704544178,0.14675344880719152,0.9516595726889749,0.011245299767162955,MODEL_ONLY,DUPLICATE_OR_OLD,DUPLICATE_OR_OLD,0.0,0.0,106.31967910700001,False,
106.219679107,5.400053898159907,5.400053898159907,5.400053898159907,16.421604789997453,0.1266341897491444,0.9516684467480406,0.006189793948358061,FUSED,ACCEPTED,ACCEPTED,0.0,0.0,106.31967910700001,False,
106.269679107,5.4513572571319395,5.4513572571319395,5.4513572571319395,16.692890068879734,0.1266341897491444,0.9516762600583041,0.011189793948357778,MODEL_ONLY,DUPLICATE_OR_OLD,DUPLICATE_OR_OLD,0.0,0.0,106.31967910700001,False,
106.31967910700001,5.556462569489724,5.556651499744168,5.4833802972398535,16.96625850773909,0.09547752180486946,0.9516831394149572,0.006181718718475595,FUSED,ACCEPTED,ACCEPTED,0.07308227224987007,0.07327120250431474,106.31967910700001,True,0.00030562738786500676
106.36967910700001,5.606208741884472,5.606397672138916,5.533126469634602,17.241671176910938,0.09547752180486946,0.9516891964568976,0.01118171871847531,MODEL_ONLY,DUPLICATE_OR_OLD,DUPLICATE_OR_OLD,0.07308227224987007,0.07327120250431474,106.31967910700001,False,
106.41967910700001,5.6354925097771895,5.635564515151009,5.547774191851461,17.518693693448075,-0.016319993840081717,0.9516945294784168,0.006180541045632907,FUSED,ACCEPTED,ACCEPTED,0.08771831792572815,0.08779032329954806,106.31967910700001,True,-2.5201901947269345e-07
106.469679107,5.701584513959018,5.702049720267487,5.633454495415702,17.79822441062974,0.1027899214038252,0.9516992250243291,0.0052786852902126525,FUSED,ACCEPTED,ACCEPTED,0.06813001854331624,0.06859522485178537,106.31967910700001,True,0.0008168895884148875
106.519679107,5.751697014475591,5.75216222078406,5.683566995932274,18.081149947913424,0.1027899214038252,0.9517033592944301,0.010278685290212369,MODEL_ONLY,DUPLICATE_OR_OLD,DUPLICATE_OR_OLD,0.06813001854331624,0.06859522485178537,106.31967910700001,False,
106.56967910700001,5.80180969699646,5.802274903304929,5.733679678453144,18.366581114773126,0.1027899214038252,0.9517069993800743,0.015278685290213506,MODEL_ONLY,DUPLICATE_OR_OLD,DUPLICATE_OR_OLD,0.06813001854331624,0.06859522485178537,106.31967910700001,False,
106.61967910700001,5.863200597607439,5.863354098176077,5.768651984119535,18.65413940633743,0.08537586394551402,0.9517102043529412,0.00669734669647885,FUSED,ACCEPTED,ACCEPTED,0.09454861348790367,0.09470211405654183,106.31967910700001,True,-2.1045126760710353e-07
106.66967910700001,5.912442878597558,5.912596379166196,5.817894265109654,18.94380306256814,0.08537586394551402,0.9517130262236555,0.011697346696478567,MODEL_ONLY,DUPLICATE_OR_OLD,DUPLICATE_OR_OLD,0.09454861348790367,0.09470211405654183,106.31967910700001,False,
106.719679107,5.956925980270743,5.957128786548831,5.851690688796802,19.235542686415783,0.06476778614553146,0.9517155107858216,0.0062543094211983535,FUSED,ACCEPTED,ACCEPTED,0.1052352914739405,0.10543809775202906,106.31967910700001,True,0.00023233534659689026
106.769679107,6.0051380909776375,6.005340897255726,5.899902799503697,19.529332523623278,0.06476778614553146,0.9517176983591664,0.01125430942119807,MODEL_ONLY,DUPLICATE_OR_OLD,DUPLICATE_OR_OLD,0.1052352914739405,0.10543809775202906,106.31967910700001,False,
106.81967910700001,6.027529180740273,6.0276063949274565,5.941244161336097,19.82536119764434,0.000814309070671676,0.9517196244438523,0.006191101491351575,FUSED,ACCEPTED,ACCEPTED,0.08628501940417621,0.08636223359135986,106.31967910700001,True,-5.276255331254642e-08
106.86967910700001,6.072512428265584,6.072589642452767,5.986227408861407,20.12354798689926,0.000814309070671676,0.9510939118023398,0.011191101491351291,MODEL_ONLY,DUPLICATE_OR_OLD,DUPLICATE_OR_OLD,0.08628501940417621,0.08636223359135986,106.31967910700001,False,
106.91967910700001,6.120252000544861,6.1203819744275245,6.030999201760092,20.42397865216478,0.04837689365847578,0.9496928311197297,0.00618190933920734,FUSED,ACCEPTED,ACCEPTED,0.0892527987847691,0.08938277266743277,106.31967910700001,True,0.0001625594948956588
106.969679107,6.167439964421621,6.167569938304284,6.078187165636852,20.726708311349686,0.04837689365847578,0.9476256542435105,0.011181909339207057,MODEL_ONLY,DUPLICATE_OR_OLD,DUPLICATE_OR_OLD,0.0892527987847691,0.08938277266743277,106.31967910700001,False,
107.019679107,6.217515791831911,6.217504694972166,6.122103152606306,21.031715569305746,0.04644308032463778,0.9449403093222694,0.006180568853691186,FUSED,ACCEPTED,ACCEPTED,0.0954126392256045,0.09540154236585963,106.31967910700001,True,-9.827491732225524e-05
107.06967910700001,6.2646116657621596,6.264600568902415,6.169199026536555,21.338998123784386,0.04644308032463778,0.9477176686468667,0.011180568853692324,MODEL_ONLY,DUPLICATE_OR_OLD,DUPLICATE_OR_OLD,0.0954126392256045,0.09540154236585963,106.31967910700001,False,
107.11967910700001,6.3105677311753485,6.310495207165214,6.207960642948764,21.6484271155215,0.0388253142672514,0.9492795568305735,0.006180373292924162,FUSED,ACCEPTED,ACCEPTED,0.10260708822658415,0.10253456421644991,106.31967910700001,True,-0.00011048753968918856
107.16967910700001,6.357393716595075,6.357321192584941,6.254786628368491,21.959995797304412,0.0388253142672514,0.9499376644940775,0.011180373292923878,MODEL_ONLY,DUPLICATE_OR_OLD,DUPLICATE_OR_OLD,0.10260708822658415,0.10253456421644991,106.31967910700001,False,
107.219679107,6.401284555313854,6.40133463346256,6.2952630720228155,22.273747039814175,0.033123039377025584,0.9496626882485844,0.006180344761278503,FUSED,ACCEPTED,ACCEPTED,0.10602148329103844,0.1060715614397445,106.31967910700001,True,0.0001258502935256034
107.269679107,6.447763156928712,6.447813235077418,6.3417416736376735,22.58967215845567,0.033123039377025584,0.9486922632869307,0.01118034476127822,MODEL_ONLY,DUPLICATE_OR_OLD,DUPLICATE_OR_OLD,0.10602148329103844,0.1060715614397445,106.31967910700001,False,
107.31967910700001,6.491219870984853,6.4913503729369175,6.3867680584849404,22.90788490175881,0.02969290032065202,0.9470129858199828,0.006180340598573796,FUSED,ACCEPTED,ACCEPTED,0.10445181249991276,0.10458231445197708,106.31967910700001,True,0.00018020658107252563
107.36967910700001,6.537329692909875,6.537460194861939,6.432877880409962,23.228376050231162,0.02969290032065202,0.9447468085465862,0.011180340598573512,MODEL_ONLY,DUPLICATE_OR_OLD,DUPLICATE_OR_OLD,0.10445181249991276,0.10458231445197708,106.31967910700001,False,
107.41967910700001,6.584384329497775,6.584580977253594,6.481102982158345,23.551225571795353,0.03813340612852728,0.9419563606383811,0.006180339991243285,FUSED,ACCEPTED,ACCEPTED,0.10328134733943006,0.10347799509524958,106.31967910700001,True,0.00023752810895696919
107.469679107,6.630612833146784,6.630809480902603,6.527331485807354,23.876436433494476,0.03813340612852728,0.9386799372184428,0.011180339991243002,MODEL_ONLY,DUPLICATE_OR_OLD,DUPLICATE_OR_OLD,0.10328134733943006,0.10347799509524958,106.31967910700001,False,
107.519679107,6.672119609553602,6.672298885937623,6.570304865564535,24.203877342278755,0.023661326000041213,0.9350209265005434,0.0061803399026349615,FUSED,ACCEPTED,ACCEPTED,0.10181474398906687,0.10199402037308847,106.31967910700001,True,0.00016854028588796088
107.56967910700001,6.717244979746943,6.717424256130965,6.615430235757876,24.53352071981189,0.023661326000041213,0.9310893482333145,0.011180339902636099,MODEL_ONLY,DUPLICATE_OR_OLD,DUPLICATE_OR_OLD,0.10181474398906687,0.10199402037308847,106.31967910700001,False,
107.61967910700001,6.758193355367438,6.758558860383272,6.664345335448494,24.86551510909203,0.024367407716948872,0.9213997449689255,0.006180339889707388,FUSED,ACCEPTED,ACCEPTED,0.0938480199189442,0.09421352493477819,106.31967910700001,True,0.00048060063986453405
107.66967910700001,6.802405692181441,6.802771197197275,6.708557672262497,25.199837684284784,0.024367407716948872,0.9121225989299157,0.011180339889707104,MODEL_ONLY,DUPLICATE_OR_OLD,DUPLICATE_OR_OLD,0.0938480199189442,0.09421352493477819,106.31967910700001,False,
107.719679107,6.828022562652016,6.828345799962554,6.746925160737915,25.536224755109775,-0.020108510592310423,0.9032896650003646,0.006180339887821074,FUSED,ACCEPTED,ACCEPTED,0.08109740191410175,0.08142063922463905,106.31967910700001,True,0.0002971144320416813
107.769679107,6.869152112642089,6.869475349952626,6.788054710727987,25.874599251896402,-0.020108510592310423,0.8949427807605623,0.01118033988782079,MODEL_ONLY,DUPLICATE_OR_OLD,DUPLICATE_OR_OLD,0.08109740191410175,0.08142063922463905,106.31967910700001,False,
107.81967910700001,6.915310563527832,6.915678070442166,6.834162250056309,26.215154675916086,0.026802838699719753,0.8869899817106055,0.006180339887546071,FUSED,ACCEPTED,ACCEPTED,0.08114831347152318,0.08151582038585659,106.31967910700001,True,0.00039486703414745583
107.86967910700001,6.9580045288820305,6.958372035796364,6.876856215410507,26.557930137552738,0.026802838699719753,0.8793197387510363,0.011180339887545788,MODEL_ONLY,DUPLICATE_OR_OLD,DUPLICATE_OR_OLD,0.08114831347152318,0.08151582038585659,106.31967910700001,False,
107.91967910700001,7.000751353319534,7.00084976712436,6.910280618983957,26.90260855841258,0.016731680376384048,0.8719557257720747,0.006180339887505742,FUSED,ACCEPTED,ACCEPTED,0.09047073433557706,0.0905691481404034,106.31967910700001,True,-6.789488298780677e-05
107.969679107,7.042225732815336,7.042324146620162,6.951754998479759,27.249159448849156,0.016731680376384048,0.8649991799064469,0.011180339887505459,MODEL_ONLY,DUPLICATE_OR_OLD,DUPLICATE_OR_OLD,0.09047073433557706,0.0905691481404034,106.31967910700001,False,
108.019679107,7.063731545016835,7.064177567293407,6.971347928059941,27.597237022012628,-0.035828064245954534,0.8582938506618456,0.006180339887499858,FUSED,ACCEPTED,ACCEPTED,0.09238361695689434,0.09282963923346621,106.31967910700001,True,0.0006608561268868773
108.06967910700001,7.101933892486486,7.102379914763058,7.009550275529592,27.946759477102447,-0.035828064245954534,0.8521182840055552,0.011180339887500996,MODEL_ONLY,DUPLICATE_OR_OLD,DUPLICATE_OR_OLD,0.09238361695689434,0.09282963923346621,106.31967910700001,False,
108.11967910700001,7.141512471604975,7.142544687539754,7.05424927726736,28.29835446592235,0.007291815155046816,0.8407000269299274,0.006180339887499207,FUSED,ACCEPTED,ACCEPTED,0.08726319433761542,0.08829541027239429,106.31967910700001,True,0.0013945035395393074
108.16967910700001,7.180768577604184,7.1818007935389625,7.093505383266568,28.65204833243568,0.007291815155046816,0.8300735751959044,0.011180339887498923,MODEL_ONLY,DUPLICATE_OR_OLD,DUPLICATE_OR_OLD,0.08726319433761542,0.08829541027239429,106.31967910700001,False,
108.219679107,7.223590980415543,7.224181056647922,7.138623355900598,29.00785155091484,0.01329965426682271,0.8202200182862114,0.006180339887498904,FUSED,ACCEPTED,ACCEPTED,0.08496762451494533,0.08555770074732383,106.31967910700001,True,0.0003168188685187534
108.269679107,7.262192772750653,7.262782848983031,7.177225148235707,29.365747763518225,0.01329965426682271,0.8109794628021588,0.01118033988749862,MODEL_ONLY,DUPLICATE_OR_OLD,DUPLICATE_OR_OLD,0.08496762451494533,0.08555770074732383,106.31967910700001,False,
108.31967910700001,7.300846537628928,7.301424444527505,7.215645470144042,29.7255695289778,0.013262708503975417,0.8023658472642683,0.006180339887499067,FUSED,ACCEPTED,ACCEPTED,0.08520106748488576,0.08577897438346316,106.31967910700001,True,0.0005703858366686437
108.36967910700001,7.3386130870778095,7.339190993976387,7.253412019592924,30.087295966221205,0.013262708503975417,0.7943115508404424,0.011180339887498784,MODEL_ONLY,DUPLICATE_OR_OLD,DUPLICATE_OR_OLD,0.08520106748488576,0.08577897438346316,106.31967910700001,False,
108.41967910700001,7.350073547559611,7.3506418720284055,7.265848955712507,30.45027749060382,-0.059475304194849046,0.7867625745660025,0.006180339887498883,FUSED,ACCEPTED,ACCEPTED,0.08422459184710362,0.08479291631589803,106.31967910700001,True,0.0005624022014938251
108.469679107,7.3834859366393,7.384054261108094,7.299261344792196,30.81440524811642,-0.059475304194849046,0.7799663561554048,0.0111803398874986,MODEL_ONLY,DUPLICATE_OR_OLD,DUPLICATE_OR_OLD,0.08422459184710362,0.08479291631589803,106.31967910700001,False,
108.519679107,7.405886287843165,7.406308809586608,7.342132475355351,31.180440093620085,-0.04193616858968799,0.7680357491535394,0.006180339887498857,FUSED,ACCEPTED,ACCEPTED,0.06375381248781409,0.06417633423125668,106.31967910700001,True,0.000332410703522773
108.56967910700001,7.439030142218987,7.439452663962429,7.3752763297311725,31.548375313747332,-0.04193616858968799,0.7570565264727186,0.011180339887499995,MODEL_ONLY,DUPLICATE_OR_OLD,DUPLICATE_OR_OLD,0.06375381248781409,0.06417633423125668,106.31967910700001,False,
108.61967910700001,7.486703383127835,7.48720019793913,7.417209858547608,31.91818746845428,0.017138914078137044,0.7470264613903189,0.00618033988749906,FUSED,ACCEPTED,ACCEPTED,0.06949352458022684,0.06999033939152177,106.31967910700001,True,0.0005427304523563797
108.66967910700001,7.521835186400518,7.522332001211813,7.452341661820292,32.28992625646346,0.017138914078137044,0.73774042174232,0.011180339887498777,MODEL_ONLY,DUPLICATE_OR_OLD,DUPLICATE_OR_OLD,0.06949352458022684,0.06999033939152177,106.31967910700001,False,
108.719679107,7.560741132571978,7.560789846352835,7.484477226436975,32.66334672866987,0.004988776962137564,0.7291871993739167,0.0061803398874988825,FUSED,ACCEPTED,ACCEPTED,0.07626390613500345,0.07631261991585969,106.31967910700001,True,-0.00022822788634842273
108.769679107,7.594444131228815,7.594492845009671,7.518180225093811,33.03841316495812,0.004988776962137564,0.7213144665413758,0.0111803398874986,MODEL_ONLY,DUPLICATE_OR_OLD,DUPLICATE_OR_OLD,0.07626390613500345,0.07631261991585969,106.31967910700001,False,
108.81967910700001,7.619346661448038,7.619724447677072,7.545736133013228,33.41501107391088,-0.01788667531708901,0.7140273452378444,0.006180339887499064,FUSED,ACCEPTED,ACCEPTED,0.07361052843481009,0.07398831466384426,106.31967910700001,True,0.0005811641867687345
108.86967910700001,7.650919983597814,7.651297769826848,7.577309455163004,33.793087213615266,-0.01788667531708901,0.7015963886793921,0.01118033988749878,MODEL_ONLY,DUPLICATE_OR_OLD,DUPLICATE_OR_OLD,0.07361052843481009,0.07398831466384426,106.31967910700001,False,
108.91967910700001,7.67304720823804,7.67388345297635,7.6020116622414955,34.17257024155035,-0.02438813945389367,0.6903475077534021,0.006180339887498883,FUSED,ACCEPTED,ACCEPTED,0.07103554599654416,0.07187179073485428,106.31967910700001,True,0.0011195876794741766
108.969679107,7.7032260021351044,7.704062246873415,7.63219045613856,34.553425294509836,-0.02438813945389367,0.6802072877619713,0.0111803398874986,MODEL_ONLY,DUPLICATE_OR_OLD,DUPLICATE_OR_OLD,0.07103554599654416,0.07187179073485428,106.31967910700001,False,
109.019679107,7.722687862030414,7.723547642567203,7.652944980950784,34.935553680437046,-0.03848912298999238,0.6709929661436653,0.006180339887498857,FUSED,ACCEPTED,ACCEPTED,0.06974288107962945,0.0706026616164186,106.31967910700001,True,0.000874326460200997
109.06967910700001,7.7512854699358185,7.752145250472608,7.681542588856189,35.31891586968231,-0.03848912298999238,0.6626845514646938,0.011180339887499995,MODEL_ONLY,DUPLICATE_OR_OLD,DUPLICATE_OR_OLD,0.06974288107962945,0.0706026616164186,106.31967910700001,False,
109.11967910700001,7.76960484394928,7.770667557441183,7.703620787363053,35.70354495408777,-0.04631000218985681,0.6490364709132156,0.00618033988749906,FUSED,ACCEPTED,ACCEPTED,0.06598405658622752,0.06704677007813054,106.31967910700001,True,0.0011881329556014675
109.16967910700001,7.7965187747858415,7.7975814882777446,7.730534718199614,36.08939884172681,-0.04631000218985681,0.6368318892878468,0.011180339887498777,MODEL_ONLY,DUPLICATE_OR_OLD,DUPLICATE_OR_OLD,0.06598405658622752,0.06704677007813054,106.31967910700001,False,
109.219679107,7.812617715731656,7.813516871855846,7.7522027730948535,36.47646727900915,-0.05820017330318839,0.6258585549390487,0.0061803398874988825,FUSED,ACCEPTED,ACCEPTED,0.06041494263680214,0.061314098760992586,106.31967910700001,True,0.0007980721118344344
109.269679107,7.837896283804078,7.838795439928268,7.777481341167276,36.86470938186568,-0.05820017330318839,0.6160148051184016,0.0111803398874986,MODEL_ONLY,DUPLICATE_OR_OLD,DUPLICATE_OR_OLD,0.06041494263680214,0.061314098760992586,106.31967910700001,False,
109.31967910700001,7.851000291689363,7.851421040749906,7.808250520997161,37.25435267841988,-0.07363950867722127,0.6071365560354175,0.006180339887499064,FUSED,ACCEPTED,ACCEPTED,0.042749770692202205,0.043170519752744774,106.31967910700001,True,0.0001250772347500817
109.36967910700001,7.8746593716468025,7.875080120707345,7.8319096009546,37.64535668146865,-0.07363950867722127,0.5990643781927711,0.01118033988749878,MODEL_ONLY,DUPLICATE_OR_OLD,DUPLICATE_OR_OLD,0.042749770692202205,0.043170519752744774,106.31967910700001,False,
109.41967910700001,7.9095675656147115,7.9099940263385236,7.863839378986295,38.037750405967145,-0.02025282034825636,0.5917622488042974,0.006180339887498883,FUSED,ACCEPTED,ACCEPTED,0.04572818662841627,0.046154647352228295,106.31967910700001,True,0.00042999072584406356
109.469679107,7.938758004582295,7.938744268922438,7.901103968444656,38.4318739896529,-0.027420400183334696,0.5785933439993943,0.005278640450004129,FUSED,ACCEPTED,ACCEPTED,0.0376540361376394,0.037640300477781885,106.31967910700001,True,-0.0004074592747908973
109.519679107,7.963111174094861,7.963097438435003,7.925457137957221,38.827538017312925,-0.027420400183334696,0.5667270608014147,0.010278640450003845,MODEL_ONLY,DUPLICATE_OR_OLD,DUPLICATE_OR_OLD,0.0376540361376394,0.037640300477781885,106.31967910700001,False,
109.56967910700001,7.986933147707683,7.9869194120478255,7.949279111570044,39.224406423551194,-0.027420400183334696,0.5561031428064052,0.015278640450004983,MODEL_ONLY,DUPLICATE_OR_OLD,DUPLICATE_OR_OLD,0.0376540361376394,0.037640300477781885,106.31967910700001,False,
109.61967910700001,8.017576861083203,8.017893597632005,7.973816730636822,39.622483819606344,-0.007202348973650952,0.5465779693728997,0.006697341805517412,FUSED,ACCEPTED,ACCEPTED,0.04376013044638061,0.04407686699518276,106.31967910700001,True,0.0004797022118477323
109.66967910700001,8.04150538664705,8.041822123195852,7.997745256200669,40.02177286927726,-0.007202348973650952,0.5380161306173468,0.011697341805517129,MODEL_ONLY,DUPLICATE_OR_OLD,DUPLICATE_OR_OLD,0.04376013044638061,0.04407686699518276,106.31967910700001,False,
109.719679107,8.060929559521378,8.061539713664292,8.011418394573061,40.42200196054658,-0.022927903568665763,0.5231963051915408,0.006254308734986658,FUSED,ACCEPTED,ACCEPTED,0.04951116494831709,0.05012131909123063,106.31967910700001,True,0.0007858812721343381
109.769679107,8.082674174866762,8.083284329009675,8.033163009918445,40.823116495658844,-0.022927903568665763,0.5100634808431057,0.011254308734986375,MODEL_ONLY,DUPLICATE_OR_OLD,DUPLICATE_OR_OLD,0.04951116494831709,0.05012131909123063,106.31967910700001,False,
109.81967910700001,8.095584132271897,8.096107700359513,8.053091011395976,41.2252728461918,-0.033300077758552545,0.49836673416900823,0.006191101391797983,FUSED,ACCEPTED,ACCEPTED,0.042493120875921164,0.04301668896353661,106.31967910700001,True,0.00047029848586939427
109.86967910700001,8.115704275494942,8.116227843582557,8.07321115461902,41.628430400342154,-0.033300077758552545,0.4879462125861962,0.0111911013917977,MODEL_ONLY,DUPLICATE_OR_OLD,DUPLICATE_OR_OLD,0.042493120875921164,0.04301668896353661,106.31967910700001,False,
109.91967910700001,8.137221724751784,8.138155017039683,8.095238575823247,42.032641643603185,-0.009199419021125865,0.4705159229921128,0.0061819093246946,FUSED,ACCEPTED,ACCEPTED,0.04198314892853716,0.042916441216435786,106.31967910700001,True,0.0011863474633097698
109.969679107,8.156902483340772,8.157835775628671,8.114919334412235,42.43789559135905,-0.009199419021125865,0.4550578611676567,0.011181909324694317,MODEL_ONLY,DUPLICATE_OR_OLD,DUPLICATE_OR_OLD,0.04198314892853716,0.042916441216435786,106.31967910700001,False,
110.019679107,8.174458712292097,8.175277236796124,8.132063410484838,42.844070159981456,-0.013741193892972653,0.4413486454300412,0.0061805688515740595,FUSED,ACCEPTED,ACCEPTED,0.042395301807259145,0.043213826311285786,106.31967910700001,True,0.000747600992116064
110.06967910700001,8.19093603516704,8.191322485837823,8.162887960498937,43.251443944256145,-0.014495763031902512,0.42919236898231045,0.005278691488375063,FUSED,ACCEPTED,ACCEPTED,0.028048074668102885,0.02843452533888602,106.31967910700001,True,0.0
110.11967910700001,8.208515876736472,8.208902327407255,8.18046780206837,43.6600278383203,-0.014495763031902512,0.41833586478732304,0.01027869148837478,MODEL_ONLY,DUPLICATE_OR_OLD,DUPLICATE_OR_OLD,0.028048074668102885,0.02843452533888602,106.31967910700001,False,
110.16967910700001,8.225119575646444,8.225506026317227,8.19707150097834,44.069466320896446,-0.014495763031902512,0.3988130115980932,0.015278691488374496,MODEL_ONLY,DUPLICATE_OR_OLD,DUPLICATE_OR_OLD,0.028048074668102885,0.02843452533888602,106.31967910700001,False,
110.219679107,8.239929359949114,8.241036472945657,8.206141398384975,44.4795466433805,-0.005506430235722367,0.381562052593764,0.006697347372544288,FUSED,ACCEPTED,ACCEPTED,0.03378796156413877,0.03489507456068175,106.31967910700001,True,0.0014624921028200955
110.269679107,8.255358851985394,8.256465964981937,8.221570890421255,44.89023945060063,-0.005506430235722367,0.36633954132805596,0.011697347372544005,MODEL_ONLY,DUPLICATE_OR_OLD,DUPLICATE_OR_OLD,0.03378796156413877,0.03489507456068175,106.31967910700001,False,
110.31967910700001,8.275821895566798,8.276834187035032,8.242059704603593,45.30183021547634,0.01719429529438459,0.35287960508214883,0.006254309516051868,FUSED,ACCEPTED,ACCEPTED,0.03376219096320554,0.034774482431439324,106.31967910700001,True,0.0009555030897001465
110.36967910700001,8.291117106189018,8.292129397657252,8.257354915225813,45.714315580972055,0.01719429529438459,0.34095318751678605,0.011254309516051584,MODEL_ONLY,DUPLICATE_OR_OLD,DUPLICATE_OR_OLD,0.03376219096320554,0.034774482431439324,106.31967910700001,False,
110.41967910700001,8.301712445797845,8.302999691944494,8.268962114557018,46.127473506716605,0.006124633666210648,0.31592553557730424,0.006191101505112439,FUSED,ACCEPTED,ACCEPTED,0.032750331240826824,0.03403757738747615,106.31967910700001,True,0.0014564041648012435
110.469679107,8.315311472087016,8.316100851210019,8.291954261756468,46.54149641612442,0.020940792660841694,0.29386745347037374,0.005281038129335754,FUSED,ACCEPTED,ACCEPTED,0.023357210330548384,0.02414658945355086,106.31967910700001,True,0.00034450153573431855
110.519679107,8.32746647348708,8.328255852610082,8.304109263156532,46.95639800424722,0.020940792660841694,0.27440250570720337,0.01028103812933547,MODEL_ONLY,DUPLICATE_OR_OLD,DUPLICATE_OR_OLD,0.023357210330548384,0.02414658945355086,106.31967910700001,False,
110.56967910700001,8.338763417068789,8.339552796191791,8.31540620673824,47.37188589099468,0.020940792660841694,0.25724134934001003,0.015281038129336608,MODEL_ONLY,DUPLICATE_OR_OLD,DUPLICATE_OR_OLD,0.023357210330548384,0.02414658945355086,106.31967910700001,False,
110.61967910700001,8.35335131317532,8.354344279378855,8.330046199029557,47.78802220113885,0.0382759974525066,0.24211028218623037,0.006697603312908886,FUSED,ACCEPTED,ACCEPTED,0.02330511414576364,0.0242980803492987,106.31967910700001,True,0.0010933491717214396
110.66967910700001,8.364090971456763,8.365083937660298,8.340785857311,48.20479300254734,0.0382759974525066,0.22876043854309894,0.011697603312908603,MODEL_ONLY,DUPLICATE_OR_OLD,DUPLICATE_OR_OLD,0.02330511414576364,0.0242980803492987,106.31967910700001,False,
110.719679107,8.372238004225856,8.37305835032579,8.348720310904453,48.622030656752706,0.03143688066624573,0.21698627620978433,0.006254345424645294,FUSED,ACCEPTED,ACCEPTED,0.023517693321403854,0.0243380394213375,106.31967910700001,True,0.0007169659319131542
110.769679107,8.380750140310441,8.381570486410375,8.357232446989038,49.03967947570002,0.03143688066624573,0.19104911139219077,0.01125434542464501,MODEL_ONLY,DUPLICATE_OR_OLD,DUPLICATE_OR_OLD,0.023517693321403854,0.0243380394213375,106.31967910700001,False,
110.81967910700001,8.387878329555068,8.389121235465982,8.369202180978947,49.45784034139931,0.04656788231052537,0.16821231094106656,0.006191106714619308,FUSED,ACCEPTED,ACCEPTED,0.01867614857612132,0.019919054487035126,106.31967910700001,True,0.0015028731996223066
110.86967910700001,8.394999823999324,8.396242729910238,8.376323675423203,49.876478487809344,0.04656788231052537,0.14810527694132825,0.011191106714619025,MODEL_ONLY,DUPLICATE_OR_OLD,DUPLICATE_OR_OLD,0.01867614857612132,0.019919054487035126,106.31967910700001,False,
110.91967910700001,8.40338706496107,8.40458443282938,8.387580130604434,50.29557608296001,0.05920103650319303,0.13040171040484996,0.006181910100645564,FUSED,ACCEPTED,ACCEPTED,0.01580693435663605,0.017004302224945533,106.31967910700001,True,0.0011692425255463313
110.969679107,8.409475669070762,8.410673036939071,8.393668734714126,50.71510730459295,0.05920103650319303,0.11481431605739958,0.01118191010064528,MODEL_ONLY,DUPLICATE_OR_OLD,DUPLICATE_OR_OLD,0.01580693435663605,0.017004302224945533,106.31967910700001,False,
111.019679107,8.399898692403175,8.400888826155782,8.386479232007334,51.13461100376096,0.01758568557322667,0.10109014008176813,0.006180568964770204,FUSED,ACCEPTED,ACCEPTED,0.013419460395841298,0.014409594148448335,106.31967910700001,True,0.0008620684535093903
111.06967910700001,8.402616136421377,8.403606270173984,8.389196676025536,51.55400290146188,0.01758568557322667,0.0890064651575523,0.011180568964771341,MODEL_ONLY,DUPLICATE_OR_OLD,DUPLICATE_OR_OLD,0.013419460395841298,0.014409594148448335,106.31967910700001,False,
111.11967910700001,8.411532632204374,8.412138212050582,8.404122015513325,51.97383586875033,0.06672086437132654,0.07836719618189192,0.006180373309130089,FUSED,ACCEPTED,ACCEPTED,0.007410616691048588,0.008016196537257159,106.31967910700001,True,0.00036791582633783574
111.16967910700001,8.415706495805514,8.416312075651723,8.408295879114466,52.394146316116,0.06672086437132654,0.06899967801822122,0.011180373309129805,MODEL_ONLY,DUPLICATE_OR_OLD,DUPLICATE_OR_OLD,0.007410616691048588,0.008016196537257159,106.31967910700001,False,
111.219679107,8.405448046989966,8.405610769561063,8.397195995818386,52.8142836129893,0.012307068812030177,0.06075189363120665,0.00618034476364291,FUSED,ACCEPTED,ACCEPTED,0.008252051171579566,0.008414773742677184,106.31967910700001,True,-0.0001109777117388102
111.269679107,8.406125736769173,8.40628845934027,8.397873685597594,53.23416035502468,0.012307068812030177,0.05348999713886772,0.011180344763642627,MODEL_ONLY,DUPLICATE_OR_OLD,DUPLICATE_OR_OLD,0.008252051171579566,0.008414773742677184,106.31967910700001,False,
111.31967910700001,8.39515355787388,8.39586071702577,8.3915119841481,53.653894996768415,0.009764171090293082,0.047096141748020515,0.006180340598918758,FUSED,ACCEPTED,ACCEPTED,0.0036415737257797787,0.004348732877669903,106.31967910700001,True,0.0010436393621337846
111.36967910700001,8.395102931276286,8.395810090428176,8.391461357550506,54.07346933031086,0.009764171090293082,0.04146656732456638,0.011180340598918474,MODEL_ONLY,DUPLICATE_OR_OLD,DUPLICATE_OR_OLD,0.0036415737257797787,0.004348732877669903,106.31967910700001,False,
111.41967910700001,8.395143658295503,8.395669648867095,8.39416831444335,54.49311007211068,0.0265673563920467,0.036509916563495705,0.006180339991293615,FUSED,ACCEPTED,ACCEPTED,0.0009753438521524771,0.0015013344237448933,106.31967910700001,True,0.00041402223619691007
111.469679107,8.395578139270043,8.395821942433189,8.394944525385053,54.91283789310637,0.024057418667821753,0.032145752433279266,0.005278640473141257,FUSED,ACCEPTED,ACCEPTED,0.0006336138849896145,0.0008774170481355981,106.31967910700001,True,-8.592925581398989e-06
111.519679107,8.395584009326875,8.39582781249002,8.394950395441885,55.33258526612702,0.024057418667821753,0.028303252835556195,0.010278640473140973,MODEL_ONLY,DUPLICATE_OR_OLD,DUPLICATE_OR_OLD,0.0006336138849896145,0.0008774170481355981,106.31967910700001,False,
111.56967910700001,8.395420719806776,8.395664522969922,8.394787105921786,55.752328703661206,0.024057418667821753,0.024920061296934193,0.01527864047314211,MODEL_ONLY,DUPLICATE_OR_OLD,DUPLICATE_OR_OLD,0.0006336138849896145,0.0008774170481355981,106.31967910700001,False,
111.61967910700001,8.394801117137789,8.395035579479977,8.395063269465371,56.17207496304586,0.02507217510737235,0.021941275041815395,0.006697341808041106,FUSED,ACCEPTED,ACCEPTED,-0.0002621523275827542,-2.7689985394374617e-05,106.31967910700001,True,0.0002298561059007547
111.66967910700001,8.39440849007605,8.394642952418238,8.394670642403632,56.59181831084256,0.02507217510737235,0.0193185540245769,0.011697341808040822,MODEL_ONLY,DUPLICATE_OR_OLD,DUPLICATE_OR_OLD,-0.0002621523275827542,-2.7689985394374617e-05,106.31967910700001,False,
111.719679107,8.391613892114393,8.39179535998229,8.392403233733434,57.01149515774596,0.01975004409119288,0.017009336462409055,0.006254308735340736,FUSED,ACCEPTED,ACCEPTED,-0.0007893416190416502,-0.000607873751144794,106.31967910700001,True,0.00014972959787717185
111.769679107,8.390738038207534,8.39091950607543,8.391527379826575,57.43109342308494,0.01975004409119288,0.014976148138384007,0.011254308735340453,MODEL_ONLY,DUPLICATE_OR_OLD,DUPLICATE_OR_OLD,-0.0007893416190416502,-0.000607873751144794,106.31967910700001,False,
111.81967910700001,8.3881962059196,8.388292798307228,8.389390827341245,57.85061637826423,0.019587050084562723,0.01318599426606021,0.0061911013918493525,FUSED,ACCEPTED,ACCEPTED,-0.001194621421644726,-0.0010980290340167898,106.31967910700001,True,4.437516839887398e-05
111.86967910700001,8.387143886107829,8.387240478495457,8.388338507529474,58.27005961163597,0.019587050084562723,0.011609824046741862,0.011191101391849069,MODEL_ONLY,DUPLICATE_OR_OLD,DUPLICATE_OR_OLD,-0.001194621421644726,-0.0010980290340167898,106.31967910700001,False,
111.91967910700001,8.38815549563223,8.388260012422066,8.390175982236164,58.68952247388009,0.028472903849058855,0.010222059230166673,0.006181909324702089,FUSED,ACCEPTED,ACCEPTED,-0.0020204866039339464,-0.0019159698140978065,106.31967910700001,True,0.00010941108455802661
111.969679107,8.38741698625775,8.387521503047585,8.389437472861683,59.10901281025751,0.028472903849058855,0.00900017902806714,0.011181909324701806,MODEL_ONLY,DUPLICATE_OR_OLD,DUPLICATE_OR_OLD,-0.0020204866039339464,-0.0019159698140978065,106.31967910700001,False,
112.019679107,8.384319990052624,8.384340911523925,8.3861967335655,59.52840366541817,0.018075218554311892,0.007924354644532693,0.0061805688515751515,FUSED,ACCEPTED,ACCEPTED,-0.0018767435128754784,-0.0018558220415751947,106.31967910700001,True,-3.0738266036106545e-05
112.06967910700001,8.382960443836618,8.382981365307918,8.384837187349493,59.94767951344114,0.018075218554311892,0.006977127492297272,0.011180568851576289,MODEL_ONLY,DUPLICATE_OR_OLD,DUPLICATE_OR_OLD,-0.0018767435128754784,-0.0018558220415751947,106.31967910700001,False,
112.11967910700001,8.38191541326453,8.382060931961062,8.384621464561842,60.3669159797389,0.024280301924122064,0.006143125873014598,0.006180373292615442,FUSED,ACCEPTED,ACCEPTED,-0.002706051297312939,-0.002560532600780263,106.31967910700001,True,0.00022252292696226493
112.16967910700001,8.380787705618587,8.38093322431512,8.3834937569159,60.78611886027582,0.024280301924122064,0.005408815523775938,0.011180373292615158,MODEL_ONLY,DUPLICATE_OR_OLD,DUPLICATE_OR_OLD,-0.002706051297312939,-0.002560532600780263,106.31967910700001,False,
112.219679107,8.371691837881752,8.371734929442617,8.374315496224916,61.205064091604314,-0.0002463254510894561,0.0047622799817193424,0.006180344761233462,FUSED,ACCEPTED,ACCEPTED,-0.002623658343164692,-0.0025805667822993428,106.31967910700001,True,-2.021175965376742e-05
112.269679107,8.369277009450983,8.369320101011848,8.371900667794147,61.62371949570477,-0.0002463254510894561,0.004193027202460802,0.011180344761233179,MODEL_ONLY,DUPLICATE_OR_OLD,DUPLICATE_OR_OLD,-0.002623658343164692,-0.0025805667822993428,106.31967910700001,False,
112.31967910700001,8.364990906799383,8.365227195662625,8.36939847564956,62.042251974290956,0.008436979561126339,0.0036918192941331686,0.006180340598567224,FUSED,ACCEPTED,ACCEPTED,-0.004407568850176347,-0.004171279986934451,106.31967910700001,True,0.00035569132668085944
112.36967910700001,8.362963118389299,8.36319940725254,8.367370687239475,62.460671203363155,0.008436979561126339,0.0032505226039400673,0.01118034059856694,MODEL_ONLY,DUPLICATE_OR_OLD,DUPLICATE_OR_OLD,-0.004407568850176347,-0.004171279986934451,106.31967910700001,False,
112.41967910700001,8.363074336336858,8.363173943555813,8.367008717867275,62.8790306884908,0.01510800845588384,0.0028619757244120925,0.006180339991242327,FUSED,ACCEPTED,ACCEPTED,-0.0039343815304171414,-0.0038347743114623967,106.31967910700001,True,1.5133320857129567e-05
112.469679107,8.367624007317005,8.36763443261325,8.37059537664925,63.29747079085369,0.03362787349114443,0.0025198732773602777,0.005278640473129825,FUSED,ACCEPTED,ACCEPTED,-0.0029713693322452883,-0.0029609440359994466,106.31967910700001,True,-6.934143962906546e-05
112.519679107,8.366804170652703,8.366814595948949,8.369775539984948,63.71598006376952,0.03362787349114443,0.0022186635895588514,0.010278640473129541,MODEL_ONLY,DUPLICATE_OR_OLD,DUPLICATE_OR_OLD,-0.0029713693322452883,-0.0029609440359994466,106.31967910700001,False,
112.56967910700001,8.365971073738905,8.36598149903515,8.36894244307115,64.13444801334602,0.03362787349114443,0.0019534585996286995,0.015278640473130678,MODEL_ONLY,DUPLICATE_OR_OLD,DUPLICATE_OR_OLD,-0.0029713693322452883,-0.0029609440359994466,106.31967910700001,False,
112.61967910700001,8.373472956858178,8.373485889116075,8.375642416088963,64.553062634825,0.04408426856625806,0.001719954534081579,0.00669734180803986,FUSED,ACCEPTED,ACCEPTED,-0.0021694592307852645,-0.002156526972887818,106.31967910700001,True,1.4168515158906585e-05
112.66967910700001,8.373140724871416,8.373153657129313,8.3753101841022,64.97183644982975,0.04408426856625806,0.0015143620652467702,0.011697341808039576,MODEL_ONLY,DUPLICATE_OR_OLD,DUPLICATE_OR_OLD,-0.0021694592307852645,-0.002156526972887818,106.31967910700001,False,
112.719679107,8.369780937308184,8.369734630099739,8.371058956549767,65.39049567834603,0.025903917062465066,0.0013333448176774249,0.006254308735340562,FUSED,ACCEPTED,ACCEPTED,-0.00127801924158355,-0.0013243264500282237,106.31967910700001,True,-8.178558998827635e-05
112.769679107,8.368522667904225,8.36847636069578,8.369800687145808,65.80901716943839,0.025903917062465066,0.001173965225111173,0.01125430873534028,MODEL_ONLY,DUPLICATE_OR_OLD,DUPLICATE_OR_OLD,-0.00127801924158355,-0.0013243264500282237,106.31967910700001,False,
112.81967910700001,8.367740962875962,8.367725847998583,8.369466089159626,66.22749883884612,0.034023980823739745,0.0010336368593466892,0.0061911013918493265,FUSED,ACCEPTED,ACCEPTED,-0.0017251262836648351,-0.001740241161042988,106.31967910700001,True,4.075314941124047e-06
112.86967910700001,8.366875502521683,8.366860387644305,8.368600628805348,66.64595050679522,0.034023980823739745,0.0009100824574245368,0.011191101391849043,MODEL_ONLY,DUPLICATE_OR_OLD,DUPLICATE_OR_OLD,-0.0017251262836648351,-0.001740241161042988,106.31967910700001,False,
112.91967910700001,8.36064883329056,8.360645018522481,8.362159102502064,67.06421950007788,0.016659142367122542,0.0008012969659725369,0.006181909324702086,FUSED,ACCEPTED,ACCEPTED,-0.0015102692115043226,-0.0015140839795826366,106.31967910700001,True,3.1644416882458185e-06
112.969679107,8.35890490264073,8.35890108787265,8.360415171852233,67.48228385693672,0.016659142367122542,0.0007055150029963448,0.011181909324701802,MODEL_ONLY,DUPLICATE_OR_OLD,DUPLICATE_OR_OLD,-0.0015102692115043226,-0.0015140839795826366,106.31967910700001,False,
113.019679107,8.35448467315309,8.354606161372756,8.35746222644824,67.9002307918942,0.01736284145863045,0.000621182209081261,0.006180568851575151,FUSED,ACCEPTED,ACCEPTED,-0.002977553295149704,-0.002856065075484082,106.31967910700001,True,0.00019892221415145376
113.06967910700001,8.352767998208838,8.352889486428504,8.355745551503988,68.3180609863431,0.01736284145863045,0.0005469300230898995,0.011180568851576287,MODEL_ONLY,DUPLICATE_OR_OLD,DUPLICATE_OR_OLD,-0.002977553295149704,-0.002856065075484082,106.31967910700001,False,
113.11967910700001,8.349849274877739,8.349895908433261,8.353221768776143,68.73578516935008,0.016736048855947268,0.0004815534730132578,0.006180373292615442,FUSED,ACCEPTED,ACCEPTED,-0.003372493898403661,-0.003325860342881626,106.31967910700001,True,3.714835075390062e-07
113.16967910700001,8.348095113383277,8.348141746938799,8.35146760728168,69.1534024037515,0.016736048855947268,0.00042399162156255183,0.011180373292615158,MODEL_ONLY,DUPLICATE_OR_OLD,DUPLICATE_OR_OLD,-0.003372493898403661,-0.003325860342881626,106.31967910700001,False,
113.219679107,8.347456121249138,8.347480572786464,8.351158177823114,69.5709680483791,0.02152981943008189,0.00037331034917132224,0.006180344761233462,FUSED,ACCEPTED,ACCEPTED,-0.0037020565739762645,-0.0036776050366498225,106.31967910700001,True,1.0742324448355118e-05
113.269679107,8.345936883062056,8.345961334599382,8.349638939636032,69.98848797631555,0.02152981943008189,0.000328687195008297,0.011180344761233179,MODEL_ONLY,DUPLICATE_OR_OLD,DUPLICATE_OR_OLD,-0.0037020565739762645,-0.0036776050366498225,106.31967910700001,False,
113.31967910700001,8.349061208320643,8.349033375052153,8.352603544825453,70.40604403842718,0.03297979266869249,0.0002893980099995514,0.006180340598567224,FUSED,ACCEPTED,ACCEPTED,-0.0035423365048092847,-0.00357016977329927,106.31967910700001,True,-6.014704584566275e-05
113.36967910700001,8.348110774696003,8.348082941427514,8.351653111200813,70.82365045482781,0.03297979266869249,0.00025480520526389647,0.01118034059856694,MODEL_ONLY,DUPLICATE_OR_OLD,DUPLICATE_OR_OLD,-0.0035423365048092847,-0.00357016977329927,106.31967910700001,False,
113.41967910700001,8.348984247690778,8.348966038229618,8.351528229695539,71.2412299883502,0.030821316020103053,0.00022434740525574816,0.006180339991242327,FUSED,ACCEPTED,ACCEPTED,-0.002543982004761247,-0.002562191465921515,106.31967910700001,True,-1.2261621392198503e-05
113.469679107,8.347994009075933,8.348000690075331,8.349903684158894,71.65876578619654,0.02940453535795053,0.0001975303377058539,0.005278640473129825,FUSED,ACCEPTED,ACCEPTED,-0.0019096750829614706,-0.0019029940835633141,106.31967910700001,True,2.8943703911566213e-05
113.519679107,8.346860768266119,8.346867449265517,8.34877044334908,72.07623263938422,0.02940453535795053,0.00017391881252073888,0.010278640473129541,MODEL_ONLY,DUPLICATE_OR_OLD,DUPLICATE_OR_OLD,-0.0019096750829614706,-0.0019029940835633141,106.31967910700001,False,
113.56967910700001,8.345726487998652,8.34573316899805,8.347636163081614,72.49364280454508,0.02940453535795053,0.0001531296594737023,0.015278640473130678,MODEL_ONLY,DUPLICATE_OR_OLD,DUPLICATE_OR_OLD,-0.0019096750829614706,-0.0019029940835633141,106.31967910700001,False,
113.61967910700001,8.345431651939975,8.34543443800751,8.347541502358986,72.91102224618106,0.03170311193346455,0.00013482551007951908,0.00669734180803986,FUSED,ACCEPTED,ACCEPTED,-0.0021098504190106837,-0.0021070643514757847,106.31967910700001,True,8.653609328257948e-07
113.66967910700001,8.342808822835854,8.34279374766989,8.344478065725342,73.32832273538315,0.025061445727867893,0.00011870932274439156,0.005391140496162221,FUSED,ACCEPTED,ACCEPTED,-0.0016692428894877764,-0.0016843180554513282,106.31967910700001,True,-3.034464666488209e-05
113.719679107,8.341454957582028,8.341439882416065,8.343124200471516,73.74551279203806,0.025061445727867893,0.0001045195623448472,0.010391140496161938,MODEL_ONLY,DUPLICATE_OR_OLD,DUPLICATE_OR_OLD,-0.0016692428894877764,-0.0016843180554513282,106.31967910700001,False,
113.769679107,8.340100467647884,8.340085392481921,8.341769710537372,74.16263513981326,0.025061445727867893,9.202595600920924e-05,0.015391140496161654,MODEL_ONLY,DUPLICATE_OR_OLD,DUPLICATE_OR_OLD,-0.0016692428894877764,-0.0016843180554513282,106.31967910700001,False,
113.81967910700001,8.338745427703751,8.338730352537787,8.340414670593239,74.57968974934163,0.025061445727867893,8.102575622606516e-05,0.020391140496162793,MODEL_ONLY,DUPLICATE_OR_OLD,DUPLICATE_OR_OLD,-0.0016692428894877764,-0.0016843180554513282,106.31967910700001,False,
113.86967910700001,8.339059146383827,8.339059146383827,8.339059146383827,74.99667659476603,0.025061445727867893,7.134045063708963e-05,0.02539114049616251,MODEL_ONLY,MISSING_OR_STALE,MISSING_OR_STALE,0.0,0.0,114.36967910700001,False,
113.91967910700001,8.323465583480807,8.323465583480807,8.323465583480807,75.41323971301262,0.025061445727867893,6.281286512036029e-05,0.007524209547648166,FUSED,ACCEPTED,ACCEPTED,0.0,0.0,114.36967910700001,False,
113.969679107,8.322109257479521,8.322109257479521,8.322109257479521,75.8293790840366,0.025061445727867893,5.530461315277066e-05,0.012524209547647883,MODEL_ONLY,DUPLICATE_OR_OLD,DUPLICATE_OR_OLD,0.0,0.0,114.36967910700001,False,
114.019679107,8.324145550149955,8.324145550149955,8.324145550149955,76.24553545422732,0.041819120759208975,4.8693850059487146e-05,0.006366834810391616,FUSED,ACCEPTED,ACCEPTED,0.0,0.0,114.36967910700001,False,
114.06967910700001,8.323626486334364,8.323626486334364,8.323626486334364,76.66172975513952,0.041819120759208975,4.2873295706199925e-05,0.011366834810392752,MODEL_ONLY,DUPLICATE_OR_OLD,DUPLICATE_OR_OLD,0.0,0.0,114.36967910700001,False,
114.11967910700001,8.329501120214571,8.329501120214571,8.329501120214571,77.07805794530321,0.05699000706030327,3.774849354622355e-05,0.006207356676707169,FUSED,ACCEPTED,ACCEPTED,0.0,0.0,114.36967910700001,False,
114.16967910700001,8.329740118863137,8.329740118863137,8.329740118863137,77.49453897628014,0.05699000706030327,3.323627777006232e-05,0.011207356676706887,MODEL_ONLY,DUPLICATE_OR_OLD,DUPLICATE_OR_OLD,0.0,0.0,114.36967910700001,False,
114.219679107,8.33580912516142,8.33580912516142,8.33580912516142,77.91117770738073,0.06703523738623791,2.9263423682221367e-05,0.0061842775204841195,FUSED,ACCEPTED,ACCEPTED,0.0,0.0,114.36967910700001,False,
114.269679107,8.336550011785365,8.336550011785365,8.336550011785365,78.32798668580438,0.06703523738623791,2.576545940341588e-05,0.011184277520483836,MODEL_ONLY,DUPLICATE_OR_OLD,DUPLICATE_OR_OLD,0.0,0.0,114.36967910700001,False,
114.31967910700001,8.338591526325814,8.338591526325814,8.338591526325814,78.74486522425725,0.06442756188828302,2.268561961437093e-05,0.00618091429401609,FUSED,ACCEPTED,ACCEPTED,0.0,0.0,114.36967910700001,False,
114.36967910700001,8.33920173959811,8.33920173959811,8.33920173959811,79.16181005590533,0.06442756188828302,1.997392436246338e-05,0.011180914294015807,MODEL_ONLY,DUPLICATE_OR_OLD,DUPLICATE_OR_OLD,0.0,0.0,114.36967910700001,False,
114.41967910700001,8.332968311670653,8.332983729208685,8.332142527280595,79.57859366257728,0.04048348799918797,1.758636798197373e-05,0.006180423690441623,FUSED,ACCEPTED,ACCEPTED,0.0008257843900576489,0.0008412019280896743,114.36967910700001,True,2.4945762305989558e-05
114.469679107,8.332381096762523,8.332396514300555,8.331555312372465,79.99518610856857,0.04048348799918797,1.548420496568093e-05,0.01118042369044134,MODEL_ONLY,DUPLICATE_OR_OLD,DUPLICATE_OR_OLD,0.0008257843900576489,0.0008412019280896743,114.36967910700001,False,
114.519679107,8.323395928987974,8.323454124951688,8.323832089550017,80.41157079361662,0.028343097300919537,1.3633321198838548e-05,0.006180352114144288,FUSED,ACCEPTED,ACCEPTED,-0.00043616056204243137,-0.0003779645983286173,114.36967910700001,True,8.463434783796122e-05
114.56967910700001,8.3222015205187,8.322259716482414,8.322637681080742,80.82773253788248,0.028343097300919537,1.200368035185849e-05,0.011180352114145425,MODEL_ONLY,DUPLICATE_OR_OLD,DUPLICATE_OR_OLD,-0.00043616056204243137,-0.0003779645983286173,114.36967910700001,False,
114.61967910700001,8.318996882650659,8.319019153685954,8.32060375092012,81.24381357368249,0.03410114947421407,1.0568836447708278e-05,0.006180341671341755,FUSED,ACCEPTED,ACCEPTED,-0.0016068682694605485,-0.0015845972341654857,114.36967910700001,True,6.822526509757745e-08
114.66967910700001,8.318090241881267,8.318112512916562,8.319697110150727,81.65982109520924,0.03410114947421407,9.305504693909377e-06,0.011180341671341472,MODEL_ONLY,DUPLICATE_OR_OLD,DUPLICATE_OR_OLD,-0.0016068682694605485,-0.0015845972341654857,114.36967910700001,False,
114.719679107,8.310327547474786,8.310302017595076,8.312169399651035,82.07561775795426,0.015005638334074534,8.193183614563923e-06,0.006180340147758007,FUSED,ACCEPTED,ACCEPTED,-0.0018418521762484374,-0.0018673820559591547,114.36967910700001,True,-5.5072466619108564e-05
114.769679107,8.30846602656427,8.30844049668456,8.310307878740518,82.49117968991403,0.015005638334074534,7.213822350322968e-06,0.011180340147757723,MODEL_ONLY,DUPLICATE_OR_OLD,DUPLICATE_OR_OLD,-0.0018418521762484374,-0.0018673820559591547,114.36967910700001,False,
114.81967910700001,8.296942602216578,8.296932868580907,8.299569960577884,82.90642663589709,-0.0014420997764981146,6.351527727209011e-06,0.006180339925470358,FUSED,ACCEPTED,ACCEPTED,-0.002627358361305454,-0.002637091996977148,114.36967910700001,True,2.8979881283759668e-08
114.869679107,8.294258613324734,8.294248879689063,8.29688597168604,83.32133803420355,-0.0014420997764981146,5.59230634057708e-06,0.011180339925468654,MODEL_ONLY,DUPLICATE_OR_OLD,DUPLICATE_OR_OLD,-0.002627358361305454,-0.002637091996977148,114.36967910700001,False,
114.91967910700001,8.298406301258586,8.298419313375964,8.302782026516656,83.73632973415872,0.03250102158815746,4.923837468721675e-06,0.00618033989303882,FUSED,ACCEPTED,ACCEPTED,-0.004375725258070062,-0.00436271314069181,114.36967910700001,True,2.7069765829109554e-05
114.969679107,8.297419405583314,8.297432417700692,8.301795130841384,84.15144416309265,0.03250102158815746,4.335273130957727e-06,0.011180339893038536,MODEL_ONLY,DUPLICATE_OR_OLD,DUPLICATE_OR_OLD,-0.004375725258070062,-0.00436271314069181,114.36967910700001,False,
115.019679107,8.302735148848535,8.30257933481796,8.305719940123444,84.56663203986675,0.03710615626515138,3.817062045486944e-06,0.006180339888307122,FUSED,ACCEPTED,ACCEPTED,-0.0029847912749083605,-0.003140605305484101,114.36967910700001,True,-0.0002601543281649803
115.06967910700001,8.301978461183188,8.301822647152612,8.304963252458096,84.98189911968137,0.03710615626515138,3.360794630228458e-06,0.01118033988830826,MODEL_ONLY,DUPLICATE_OR_OLD,DUPLICATE_OR_OLD,-0.0029847912749083605,-0.003140605305484101,114.36967910700001,False,
115.119679107,8.301623090575086,8.301553083156314,8.303733048583204,85.39711652720726,0.030349800603487867,2.959066531267861e-06,0.006180339887616778,FUSED,ACCEPTED,ACCEPTED,-0.0021099580081180846,-0.0021799654268903623,114.36967910700001,True,-1.6976016221573707e-05
115.16967910700001,8.300528547354846,8.300458539936074,8.302638505362964,85.81227581605602,0.030349800603487867,2.605358464249201e-06,0.011180339887617914,MODEL_ONLY,DUPLICATE_OR_OLD,DUPLICATE_OR_OLD,-0.0021099580081180846,-0.0021799654268903623,114.36967910700001,False,
115.219679107,8.293901969932456,8.293899140904925,8.29613828753222,86.22724523587837,0.01491455975135568,2.2939304187685217e-06,0.006180339887516265,FUSED,ACCEPTED,ACCEPTED,-0.0022363175997632823,-0.0022391466272946303,114.36967910700001,True,3.8689501564694896e-05
115.269679107,8.292035635388112,8.29203280636058,8.294271952987875,86.64200549189135,0.01491455975135568,2.0197285089013404e-06,0.011180339887515982,MODEL_ONLY,DUPLICATE_OR_OLD,DUPLICATE_OR_OLD,-0.0022363175997632823,-0.0022391466272946303,114.36967910700001,False,
115.31967910700001,8.286228346929335,8.286377519051248,8.289752800412451,87.05660611072646,0.012488088357371672,1.7783029582294942e-06,0.0061803398875016,FUSED,ACCEPTED,ACCEPTED,-0.0035244534831164742,-0.0033752813612029087,114.36967910700001,True,0.00024311399860052312
115.369679107,8.284240666115661,8.284389838237574,8.287765119598777,87.4710440587266,0.012488088357371672,1.5657358884180972e-06,0.011180339887499894,MODEL_ONLY,DUPLICATE_OR_OLD,DUPLICATE_OR_OLD,-0.0035244534831164742,-0.0033752813612029087,114.36967910700001,False,
115.41967910700001,8.283938388848892,8.284013014741326,8.288030509084207,87.88543894944377,0.02231774131545199,1.3785777394876577e-06,0.006180339887499253,FUSED,ACCEPTED,ACCEPTED,-0.004092120235315022,-0.004017494342880568,114.36967910700001,True,2.855378888223705e-05
115.469679107,8.282442173085892,8.282516798978326,8.286534293321207,88.29980306950388,0.02231774131545199,1.2137912900055378e-06,0.01118033988749897,MODEL_ONLY,DUPLICATE_OR_OLD,DUPLICATE_OR_OLD,-0.004092120235315022,-0.004017494342880568,114.36967910700001,False,
115.519679107,8.280915530766574,8.28089663725024,8.28447232734565,88.71407823502052,0.018364180955214658,1.0687023687476986e-06,0.006180339887498911,FUSED,ACCEPTED,ACCEPTED,-0.003556796579076149,-0.0035756900954098114,114.36967910700001,True,-7.669168955967091e-05
115.56967910700001,8.27922162334382,8.279202729827487,8.282778419922897,89.12825950370232,0.018364180955214658,9.409564579769639e-07,0.011180339887500048,MODEL_ONLY,DUPLICATE_OR_OLD,DUPLICATE_OR_OLD,-0.003556796579076149,-0.0035756900954098114,114.36967910700001,False,
115.619679107,8.283751959647136,8.28374474600508,8.287072796237386,89.54250578410618,0.0371694375027195,8.284804840903694e-07,0.006180339887498861,FUSED,ACCEPTED,ACCEPTED,-0.0033208365902499537,-0.003328050232305202,114.36967910700001,True,4.9172327247319625e-09
115.66967910700001,8.282998304476394,8.282991090834338,8.286319141066643,89.95684058253887,0.0371694375027195,7.294491755699995e-07,0.011180339887499998,MODEL_ONLY,DUPLICATE_OR_OLD,DUPLICATE_OR_OLD,-0.0033208365902499537,-0.003328050232305202,114.36967910700001,False,
115.719679107,8.27779980800534,8.277612833716642,8.280147491828048,90.37100224836122,0.013461290656037586,6.422554422920251e-07,0.006180339887499061,FUSED,ACCEPTED,ACCEPTED,-0.002347683822707225,-0.002534658111406074,114.36967910700001,True,-0.0002980724781660117
115.769679107,8.275860737294021,8.275673763005322,8.278208421116728,90.78496114618481,0.013461290656037586,5.654842955047539e-07,0.011180339887498777,MODEL_ONLY,DUPLICATE_OR_OLD,DUPLICATE_OR_OLD,-0.002347683822707225,-0.002534658111406074,114.36967910700001,False,
