t,base_v,candidate_v,inner_v,inner_s,disturbance,drive_a,pv,mode,front_status,rear_status,base_correction,correction,blocked_until,update,increment_delta
20.299998881,0.0,0.0,0.0,0.0,0.0,0.0,1.0,WAITING_FOR_INITIALIZATION,MISSING_OR_STALE,MISSING_OR_STALE,0.0,0.0,,False,
20.349998881,0.0,0.0,0.0,0.0,0.0,0.09312552921001704,1.0,WAITING_FOR_INITIALIZATION,MISSING_OR_STALE,MISSING_OR_STALE,0.0,0.0,,False,
20.399998881000002,2.0920070674684315,2.0920070674684315,2.0920070674684315,0.0,0.0,0.0,0.010000000000000002,INITIALIZED,ACCEPTED,ACCEPTED,0.0,0.0,,False,
20.449998881,2.094051180414886,2.094051180414886,2.094051180414886,0.10465145619707698,0.0,0.0931255292100109,0.014999999999999718,MODEL_ONLY,DUPLICATE_OR_OLD,DUPLICATE_OR_OLD,0.0,0.0,,False,
20.499998881,2.155221930830085,2.1539686939636726,2.1492479567328058,0.21073393462577078,0.0,0.17511942262242297,0.0066666666666666445,FUSED,ACCEPTED,ACCEPTED,0.005973974097279289,0.004720737230866856,,True,-0.0018798552996187098
20.549998881,2.1649753815871637,2.1637221447207513,2.1590014074898844,0.31844016873133957,0.0,0.2473122854598969,0.011666666666666716,MODEL_ONLY,DUPLICATE_OR_OLD,DUPLICATE_OR_OLD,0.005973974097279289,0.004720737230866856,,False,
20.599998881,2.2351897294765495,2.2338079545696052,2.221157168004382,0.4279441331186978,0.09255915391750161,0.31087567082636575,0.006250000000000018,FUSED,ACCEPTED,ACCEPTED,0.014032561472167693,0.012650786565223449,,True,-0.0014588977312637481
20.649998881000002,2.255547578244751,2.254165803337807,2.2415150167725835,0.5395109377381235,0.09255915391750161,0.3668410917896827,0.01125000000000009,MODEL_ONLY,DUPLICATE_OR_OLD,DUPLICATE_OR_OLD,0.014032561472167693,0.012650786565223449,,False,
20.699998881,2.3094659178294137,2.3083606114020014,2.2846300968093534,0.6526645655776655,0.09069892198298671,0.41611676088035615,0.006190476190476163,FUSED,ACCEPTED,ACCEPTED,0.024835821020060322,0.023730514592648078,,True,-0.0009351719784693943
20.749998881,2.334363816843685,2.3332585104162726,2.3095279958236246,0.7675185178934916,0.09069892198298671,0.45950232865666935,0.011190476190476233,MODEL_ONLY,DUPLICATE_OR_OLD,DUPLICATE_OR_OLD,0.024835821020060322,0.023730514592648078,,False,
20.799998881,2.412511108280911,2.4120890821904446,2.388770727859506,0.8849759859855715,0.19059481372869455,0.4977018605150647,0.006181818181818198,FUSED,ACCEPTED,ACCEPTED,0.02374038042140514,0.02331835433093854,,True,0.0
20.849998881,2.4791441123884845,2.478944872603286,2.461913737118971,1.0062430976100352,0.23761225427224805,0.5313352623348567,0.005278969957081565,FUSED,ACCEPTED,ACCEPTED,0.01723037526951332,0.017031135484314674,,True,0.0
20.899998881000002,2.516459978602554,2.5162607388173552,2.4992296033330406,1.1302716811213371,0.23761225427224805,0.5609483403737431,0.010278969957081635,MODEL_ONLY,DUPLICATE_OR_OLD,DUPLICATE_OR_OLD,0.01723037526951332,0.017031135484314674,,False,
20.949998881,2.555079510731257,2.5548802709460583,2.5378491354617436,1.2561986495911996,0.23761225427224805,0.587021658667139,0.015278969957081352,MODEL_ONLY,DUPLICATE_OR_OLD,DUPLICATE_OR_OLD,0.01723037526951332,0.017031135484314674,,False,
20.999998881,2.6146348410441,2.6142958861273455,2.5683027741017055,1.3838524473302878,0.22969075361163047,0.6020931304421016,0.006697377746279222,FUSED,ACCEPTED,ACCEPTED,0.046332066942394334,0.04599311202564005,,True,-0.00040785147898211166
21.049998881,2.6542753679044373,2.653936412987683,2.607943300962043,1.5132585992068832,0.22969075361163047,0.6153630539611136,0.011697377746279294,MODEL_ONLY,DUPLICATE_OR_OLD,DUPLICATE_OR_OLD,0.046332066942394334,0.04599311202564005,,False,
21.099998881,2.6945000808111876,2.6941611258944334,2.6481680138687933,1.6446613820776559,0.22969075361163047,0.6270467748896137,0.016697377746279364,MODEL_ONLY,DUPLICATE_OR_OLD,DUPLICATE_OR_OLD,0.046332066942394334,0.04599311202564005,,False,
21.149998881000002,2.7352391498652713,2.734900194948517,2.688907082922877,1.7780882594974496,0.22969075361163047,0.6373338978364409,0.021697377746279434,MODEL_ONLY,DUPLICATE_OR_OLD,DUPLICATE_OR_OLD,0.046332066942394334,0.04599311202564005,,False,
21.199998881,2.7678418043463124,2.7677494394588,2.728164533326968,1.9135150499036881,0.1856296192085019,0.6463913632766667,0.007275009656237925,FUSED,ACCEPTED,ACCEPTED,0.039677271019344484,0.039584906131831854,,True,0.0
21.249998881,2.807229429622337,2.807137064734824,2.7675521586029923,2.050907967201939,0.1856296192085019,0.6543661566785671,0.012275009656237996,MODEL_ONLY,DUPLICATE_OR_OLD,DUPLICATE_OR_OLD,0.039677271019344484,0.039584906131831854,,False,
21.299998881,2.8483075151649477,2.8482418678325225,2.8049937851585574,2.1902216157959797,0.1971699804909131,0.6613876937987136,0.006333640161438808,FUSED,ACCEPTED,ACCEPTED,0.04331373000639038,0.04324808267396518,,True,-5.0181317865334585e-05
21.349998881,2.888932346713861,2.8888666993814356,2.8456186167074704,2.3314869258426323,0.1971699804909131,0.667569920854006,0.011333640161438879,MODEL_ONLY,DUPLICATE_OR_OLD,DUPLICATE_OR_OLD,0.04331373000639038,0.04324808267396518,,False,
21.399998881000002,2.928544028672036,2.9285647964236623,2.875364163571628,2.4745114953496117,0.19196966080838335,0.6643906303980368,0.00620257589201691,FUSED,ACCEPTED,ACCEPTED,0.05317986510040784,0.053200632852034246,,True,7.367395207995286e-05
21.449998881,2.9607328008584886,2.960742595777621,2.926673361070796,2.619562433465664,0.1670014613824713,0.6615913721818937,0.005283591931975924,FUSED,ACCEPTED,ACCEPTED,0.03405943978769255,0.03406923470682477,,True,0.0
21.499998881,2.999427046387236,2.9994368413063683,2.9653676065995436,2.7668634576574247,0.1670014613824713,0.6591267195591886,0.010283591931975995,MODEL_ONLY,DUPLICATE_OR_OLD,DUPLICATE_OR_OLD,0.03405943978769255,0.03406923470682477,,False,
21.549998881,3.0380127897328766,3.038022584652009,3.003953349945184,2.916096481571045,0.1670014613824713,0.6569566758970585,0.015283591931976065,MODEL_ONLY,DUPLICATE_OR_OLD,DUPLICATE_OR_OLD,0.03405943978769255,0.03406923470682477,,False,
21.599998881,3.0654837987230223,3.0656665653912913,3.0169494828830343,3.0666190523917525,0.15507393742798709,0.6454197881743107,0.006697881802640096,FUSED,ACCEPTED,ACCEPTED,0.04853431583998802,0.048717082508257015,,True,0.00026804335383712186
21.649998881000002,3.102388429422187,3.102571196090456,3.053854113582199,3.2183891423033852,0.15507393742798709,0.6352619469220303,0.011697881802640166,MODEL_ONLY,DUPLICATE_OR_OLD,DUPLICATE_OR_OLD,0.04853431583998802,0.048717082508257015,,False,
21.699998881,3.1223558462498864,3.1225095937437595,3.074421409055206,3.3715960303693118,0.12188529187939015,0.6263183096616042,0.006254384496147106,FUSED,ACCEPTED,ACCEPTED,0.0479344371946806,0.04808818468855369,,True,0.00013636853842299151
21.749998881,3.15676013423252,3.156913881726393,3.1088256970378394,3.52617720802164,0.12188529187939015,0.6184437381400087,0.011254384496147178,MODEL_ONLY,DUPLICATE_OR_OLD,DUPLICATE_OR_OLD,0.0479344371946806,0.04808818468855369,,False,
21.799998881,3.175727989265051,3.175786549957607,3.1383652521115555,3.682356981750377,0.10229056826115253,0.6115104430115161,0.006191112382974559,FUSED,ACCEPTED,ACCEPTED,0.03736273715349547,0.03742129784605153,,True,0.0
21.849998881,3.2085006496627333,3.2085592103552893,3.171137912509238,3.840094560865899,0.10229056826115253,0.6054059100592216,0.01119111238297463,MODEL_ONLY,DUPLICATE_OR_OLD,DUPLICATE_OR_OLD,0.03736273715349547,0.03742129784605153,,False,
21.899998881000002,3.229697844792457,3.2298763580583,3.189630549341858,3.999113772412179,0.09236163941720146,0.5889184959536125,0.006181910926967574,FUSED,ACCEPTED,ACCEPTED,0.04006729545059917,0.0402458087164419,,True,0.00025259870880040697
21.949998881,3.260423857388976,3.260602370654819,3.220356561938377,4.159363450194176,0.09236163941720146,0.5744018828799538,0.011181910926967291,MODEL_ONLY,DUPLICATE_OR_OLD,DUPLICATE_OR_OLD,0.04006729545059917,0.0402458087164419,,False,
21.999998881,3.284902855755846,3.285108060616598,3.244553041218097,4.32098619027309,0.09351926123585785,0.5616204937682037,0.006180569085314548,FUSED,ACCEPTED,ACCEPTED,0.040349814537748774,0.040555019398500924,,True,0.0002216995720564427
22.049998881,3.314485000846245,3.3146902057069974,3.2741351863084964,4.483953395961257,0.09351926123585785,0.55036691093886,0.01118056908531462,MODEL_ONLY,DUPLICATE_OR_OLD,DUPLICATE_OR_OLD,0.040349814537748774,0.040555019398500924,,False,
22.099998881,3.3152681727540347,3.3154831198478307,3.2790124754448833,4.647782087505094,0.02556711488459222,0.5267832994097785,0.00618037332671686,FUSED,ACCEPTED,ACCEPTED,0.03625569730915146,0.03647064440294745,,True,0.00022096803965480222
22.149998881000002,3.3392353011497864,3.3394502482435824,3.302979603840635,4.8123318894872344,0.02556711488459222,0.5060187233971761,0.011180373326716932,MODEL_ONLY,DUPLICATE_OR_OLD,DUPLICATE_OR_OLD,0.03625569730915146,0.03647064440294745,,False,
22.199998881,3.355868657283149,3.3562377570206468,3.3205349969957365,4.977919754508134,0.0512486188694503,0.48773621325442584,0.00618034476620883,FUSED,ACCEPTED,ACCEPTED,0.03533366028741236,0.03570276002491024,,True,0.0004643711138683157
22.249998881,3.37940087863587,3.3797699783733677,3.3440672183484574,5.144534809891741,0.0512486188694503,0.4716390785517018,0.0111803447662089,MODEL_ONLY,DUPLICATE_OR_OLD,DUPLICATE_OR_OLD,0.03533366028741236,0.03570276002491024,,False,
22.299998881,3.4004058370717716,3.4009171396536217,3.3687320634272284,5.312354791936136,0.06249416617906989,0.4372425195088737,0.006180340599293016,FUSED,ACCEPTED,ACCEPTED,0.03167377364454316,0.03218507622639333,,True,0.0005991887464572299
22.349998881,3.421266257223722,3.421777559805572,3.389592483579179,5.481312905611299,0.06249416617906989,0.4069575072266778,0.011180340599293088,MODEL_ONLY,DUPLICATE_OR_OLD,DUPLICATE_OR_OLD,0.03167377364454316,0.03218507622639333,,False,
22.399998881000002,3.4400794256241047,3.440760173152988,3.4088026412182226,5.651272783731236,0.06938684881315854,0.3802925734526119,0.006180339991348322,FUSED,ACCEPTED,ACCEPTED,0.03127678440588211,0.03195753193476536,,True,0.0007854702607644481
22.449998881,3.4587773543932023,3.4594581019220856,3.4275005699873202,5.8221803640113645,0.06938684881315854,0.35681499693555474,0.01118033999134804,MODEL_ONLY,DUPLICATE_OR_OLD,DUPLICATE_OR_OLD,0.03127678440588211,0.03195753193476536,,False,
22.499998881,3.4632967320872083,3.464123182410421,3.4367122156170278,5.993785683651476,0.047423099594823215,0.31416359267826593,0.006180339902650337,FUSED,ACCEPTED,ACCEPTED,0.026584516470180564,0.027410966793393055,,True,0.000916499601785619
22.549998881,3.476886246902756,3.4777126972259684,3.4503017304325754,6.165961032302718,0.047423099594823215,0.2766104670828666,0.011180339902650408,MODEL_ONLY,DUPLICATE_OR_OLD,DUPLICATE_OR_OLD,0.026584516470180564,0.027410966793393055,,False,
22.599998881,3.4804968722219938,3.4812927362228274,3.4594984626744165,6.338706037130395,0.05150099501363315,0.24354620421647238,0.006180339889709528,FUSED,ACCEPTED,ACCEPTED,0.020998409547577257,0.021794273548410903,,True,0.0007769606140301914
22.649998881000002,3.4911814701476422,3.491977334148476,3.470183060600065,6.51194807521226,0.05150099501363315,0.21443423386607507,0.011180339889709599,MODEL_ONLY,DUPLICATE_OR_OLD,DUPLICATE_OR_OLD,0.020998409547577257,0.021794273548410903,,False,
22.699998881,3.4927383071301246,3.493383462648404,3.4764031892088814,6.685612731457474,0.046897698018900605,0.18880212402267843,0.006180339887821438,FUSED,ACCEPTED,ACCEPTED,0.016335117921243203,0.016980273439522797,,True,0.0005520125536810448
22.749998881,3.5007827242230682,3.501427879741348,3.484447606301825,6.859634001345245,0.046897698018900605,0.16623391420670916,0.011180339887821508,MODEL_ONLY,DUPLICATE_OR_OLD,DUPLICATE_OR_OLD,0.016335117921243203,0.016980273439522797,,False,
22.799998881,3.4565692347698067,3.4568348547459933,3.4458358797118245,7.032891088495588,-0.08422213152382653,0.14636336521915533,0.006180339887546021,FUSED,ACCEPTED,ACCEPTED,0.01073335505798223,0.0109989750341688,,True,3.105411123928339e-05
22.849998881,3.456189365464012,3.4564549854401987,3.44545601040603,7.2051733857485365,-0.08422213152382653,0.12886801577467308,0.011180339887546093,MODEL_ONLY,DUPLICATE_OR_OLD,DUPLICATE_OR_OLD,0.01073335505798223,0.0109989750341688,,False,
22.899998881000002,3.470805817963212,3.4710557423402313,3.4676385163695205,7.378000748917928,0.03782776481635608,0.11346394956712808,0.006180339887505838,FUSED,ACCEPTED,ACCEPTED,0.003167301593691718,0.0034172259707108132,,True,0.00024022396326017098
22.949998881,3.4750801020780413,3.4753300264550604,3.4719128004843496,7.551489531839264,0.03782776481635608,0.09990118784696993,0.011180339887505554,MODEL_ONLY,DUPLICATE_OR_OLD,DUPLICATE_OR_OLD,0.003167301593691718,0.0034172259707108132,,False,
22.999998881,3.465950468835153,3.466446101608208,3.462483027845307,7.724849427547508,-0.02051679965464951,0.06688966266969087,0.006180339887499923,FUSED,ACCEPTED,ACCEPTED,0.003467440989845638,0.003963073762900837,,True,0.0006474889131267824
23.049998881,3.4642036716380407,3.464699304411096,3.460736230648195,7.897929909009848,-0.02051679965464951,0.03782412607915303,0.011180339887499995,MODEL_ONLY,DUPLICATE_OR_OLD,DUPLICATE_OR_OLD,0.003467440989845638,0.003963073762900837,,False,
23.099998881,3.461348759007868,3.4617855355266385,3.462479991526907,8.071010314564228,0.009616610862551327,0.012232899598125384,0.006180339887499112,FUSED,ACCEPTED,ACCEPTED,-0.001131232519038683,-0.0006944560002684064,,True,0.0004004013531712187
23.149998881000002,3.458702460342978,3.4591392368617484,3.459833692862017,8.244068156673954,0.009616610862551327,-0.010299313793608586,0.011180339887499183,MODEL_ONLY,DUPLICATE_OR_OLD,DUPLICATE_OR_OLD,-0.001131232519038683,-0.0006944560002684064,,False,
23.199998881,3.4759146566910744,3.4762002521849906,3.479030899377439,8.41753977147993,0.07346461375495184,-0.030138169141436175,0.006180339887498942,FUSED,ACCEPTED,ACCEPTED,-0.0031162426863646786,-0.00283064719244841,,True,0.0001921604821023765
23.249998881,3.4745954431903296,3.474881038684246,3.4777116858766943,8.591458336111286,0.07346461375495184,-0.04760561340310242,0.011180339887499013,MODEL_ONLY,DUPLICATE_OR_OLD,DUPLICATE_OR_OLD,-0.0031162426863646786,-0.00283064719244841,,False,
23.299998881,3.430343275986721,3.430487432142656,3.432919376033035,8.764224112659031,-0.0746610144649229,-0.06298511003660172,0.006180339887498968,FUSED,ACCEPTED,ACCEPTED,-0.0025761000463138117,-0.002431943890378818,,True,5.674183771596335e-05
23.349998881,3.420171749791441,3.420315905947376,3.4227478498377546,8.935615793305804,-0.0746610144649229,-0.07652623907394454,0.01118033988749904,MODEL_ONLY,DUPLICATE_OR_OLD,DUPLICATE_OR_OLD,-0.0025761000463138117,-0.002431943890378818,,False,
23.399998881000002,3.420244486969022,3.420489164521795,3.431308205008588,9.106967194676965,0.02444242215836201,-0.0884487473312417,0.006180339887498973,FUSED,ACCEPTED,ACCEPTED,-0.011063718039566073,-0.01081904048679272,,True,0.000306803192615928
23.449998881,3.4139071388344866,3.41415181638726,3.4249708568740527,9.278374171224021,0.02444242215836201,-0.09894611448233434,0.01118033988749869,MODEL_ONLY,DUPLICATE_OR_OLD,DUPLICATE_OR_OLD,-0.011063718039566073,-0.01081904048679272,,False,
23.499998881,3.4071076617807385,3.407352339333512,3.4181713798203046,9.449452727141383,0.02444242215836201,-0.10818869286657745,0.01618033988749876,MODEL_ONLY,DUPLICATE_OR_OLD,DUPLICATE_OR_OLD,-0.011063718039566073,-0.01081904048679272,,False,
23.549998881,3.399901295771125,3.4001459733238986,3.4109650138106913,9.62018113698216,0.02444242215836201,-0.11632647198388495,0.02118033988749883,MODEL_ONLY,DUPLICATE_OR_OLD,DUPLICATE_OR_OLD,-0.011063718039566073,-0.01081904048679272,,False,
23.599998881,3.386970672601638,3.3870683074722234,3.396136040391053,9.790358663337205,-0.0024442481411740997,-0.12349151253955767,0.007236067977499787,FUSED,ACCEPTED,ACCEPTED,-0.009165367789414791,-0.009067732918829563,,True,4.146956378666897e-05
23.649998881000002,3.377746292199302,3.377843927069887,3.3869116599887166,9.959934855846702,-0.0024442481411740997,-0.12980008953880912,0.012236067977499859,MODEL_ONLY,DUPLICATE_OR_OLD,DUPLICATE_OR_OLD,-0.009165367789414791,-0.009067732918829563,,False,
23.699998881,3.3494314101791245,3.3495369093556544,3.3611929462289583,10.128637471002135,-0.04881986827275246,-0.13535457920934876,0.006328398060887036,FUSED,ACCEPTED,ACCEPTED,-0.011761536049833765,-0.011656036873303854,,True,0.00011006187955238042
23.749998881,3.3373659972284897,3.3374714964050196,3.3491275332783235,10.29639548298982,-0.04881986827275246,-0.1402451203731955,0.011328398060887108,MODEL_ONLY,DUPLICATE_OR_OLD,DUPLICATE_OR_OLD,-0.011761536049833765,-0.011656036873303854,,False,
23.799998881,3.3153912465883093,3.3154416013686627,3.328061387300347,10.463325206004289,-0.049928582391793735,-0.14455107722862592,0.006201819808074175,FUSED,ACCEPTED,ACCEPTED,-0.012670140712037536,-0.012619785931684113,,True,1.658270058764108e-05
23.849998881,3.3028655375863605,3.302915892366714,3.315535678298398,10.62941513264426,-0.049928582391793735,-0.14834232728043903,0.011201819808074246,MODEL_ONLY,DUPLICATE_OR_OLD,DUPLICATE_OR_OLD,-0.012670140712037536,-0.012619785931684113,,False,
23.899998881000002,3.282054401811991,3.2818777288364718,3.2966586438562344,10.794719990698129,-0.06917399032128638,-0.13061042524817165,0.006183471196562304,FUSED,ACCEPTED,ACCEPTED,-0.014604242044243598,-0.014780915019762642,,True,-0.000316797824802352
23.949998881,3.2702336346550607,3.2700569616795416,3.2848378766993043,10.959257403712007,-0.06917399032128638,-0.11499808245059036,0.01118347119656202,MODEL_ONLY,DUPLICATE_OR_OLD,DUPLICATE_OR_OLD,-0.014604242044243598,-0.014780915019762642,,False,
23.999998881,3.2508133495568607,3.2505599083666863,3.2662847764510516,11.123035470040769,-0.08577002750901273,-0.10125194020450357,0.006180796684698932,FUSED,ACCEPTED,ACCEPTED,-0.015471426894190898,-0.01572486808436535,,True,-0.0003008773759731395
24.049998881,3.2394552384271407,3.239201797236966,3.2549266653213316,11.286065756085081,-0.08577002750901273,-0.08914892471864636,0.011180796684699002,MODEL_ONLY,DUPLICATE_OR_OLD,DUPLICATE_OR_OLD,-0.015471426894190898,-0.01572486808436535,,False,
24.099998881,3.2225832515107755,3.222355260105369,3.2378485342923256,11.448385136075425,-0.09597232870287764,-0.07849262702955472,0.006180406532149447,FUSED,ACCEPTED,ACCEPTED,-0.015265282781550038,-0.015493274186956452,,True,-0.00021226301745126686
24.149998881000002,3.2117169657744458,3.2114889743690394,3.226982248555996,11.610005905646634,-0.09597232870287764,-0.06911011565697699,0.01118040653214952,MODEL_ONLY,DUPLICATE_OR_OLD,DUPLICATE_OR_OLD,-0.015265282781550038,-0.015493274186956452,,False,
24.199998881,3.1950582330917943,3.194859077946883,3.2101857224818553,11.770935104922572,-0.10911669697525951,-0.060849130254264513,0.006180349610797635,FUSED,ACCEPTED,ACCEPTED,-0.015127489390061033,-0.015326644534972456,,True,-0.00018133342922207682
24.249998881,3.1843114541890936,3.184112299044182,3.1994389435791546,11.9311757215741,-0.10911669697525951,-0.05357561071201332,0.011180349610797707,MODEL_ONLY,DUPLICATE_OR_OLD,DUPLICATE_OR_OLD,-0.015127489390061033,-0.015326644534972456,,False,
24.299998881,3.1753774262622394,3.175285610726256,3.1881122844602494,12.090864502275087,-0.09862039875776932,-0.04717152161700837,0.006180341306108603,FUSED,ACCEPTED,ACCEPTED,-0.012734858198010013,-0.012826673733993488,,True,-2.547604919204277e-05
24.349998881,3.165757595967936,3.1656657804319526,3.178492454165946,12.250029620740744,-0.09862039875776932,-0.041532936761557795,0.011180341306108673,MODEL_ONLY,DUPLICATE_OR_OLD,DUPLICATE_OR_OLD,-0.012734858198010013,-0.012826673733993488,,False,
24.399998881000002,3.1593684676716314,3.1592597372995534,3.1728056635444575,12.408812073683507,-0.09396989460103349,-0.03656835261844916,0.006180340094471318,FUSED,ACCEPTED,ACCEPTED,-0.013437195872826102,-0.013545926244904027,,True,-0.00011918431478187379
24.449998881,3.156298999766403,3.156247664248846,3.1644626172744377,12.56724378070397,-0.08516834826979088,-0.010217014909306741,0.005278640496140842,FUSED,ACCEPTED,ACCEPTED,-0.008163617508034626,-0.008214953025591498,,True,0.0
24.499998881,3.1500776413760643,3.1500263058585074,3.158241258884099,12.725311377607936,-0.08516834826979088,0.01298445082975325,0.010278640496140913,MODEL_ONLY,DUPLICATE_OR_OLD,DUPLICATE_OR_OLD,-0.008163617508034626,-0.008214953025591498,,False,
24.549998881,3.144877688461194,3.144826352943637,3.1530413059692286,12.88309344172927,-0.08516834826979088,0.03341256033912256,0.015278640496140986,MODEL_ONLY,DUPLICATE_OR_OLD,DUPLICATE_OR_OLD,-0.008163617508034626,-0.008214953025591498,,False,
24.599998881,3.14607651631135,3.1457936759668903,3.152924469108015,13.040742586106203,-0.08591256962687542,0.05139882305287177,0.006697341810549758,FUSED,ACCEPTED,ACCEPTED,-0.006847952796665169,-0.007130793141124858,,True,-0.0003970022513920396
24.649998881000002,3.1425304804050436,3.142247640060584,3.1493784332017087,13.19830015866395,-0.08591256962687542,0.06723512186748457,0.011697341810549829,MODEL_ONLY,DUPLICATE_OR_OLD,DUPLICATE_OR_OLD,-0.006847952796665169,-0.007130793141124858,,False,
24.699998881,3.1463945835647453,3.146130834352357,3.1513862373700383,13.355819275428233,-0.07646567717700971,0.08117844984711983,0.006254308735692756,FUSED,ACCEPTED,ACCEPTED,-0.004991653805292984,-0.005255403017681459,,True,-0.0002523155768505967
24.749998881,3.1446318902242147,3.1443681410118263,3.1496235440295077,13.513344519963224,-0.07646567717700971,0.09345508073313917,0.011254308735692827,MODEL_ONLY,DUPLICATE_OR_OLD,DUPLICATE_OR_OLD,-0.004991653805292984,-0.005255403017681459,,False,
24.799998881,3.1551788458074035,3.155078386406608,3.157627017576515,13.671025784003378,-0.05496077015970609,0.10426424093733709,0.006191101391900319,FUSED,ACCEPTED,ACCEPTED,-0.0024481717691116067,-0.0025486311699070008,,True,0.0
24.849998881,3.1555077109115,3.1554072515107046,3.1579558826806116,13.828915356509809,-0.05496077015970609,0.11378134260837221,0.011191101391900389,MODEL_ONLY,DUPLICATE_OR_OLD,DUPLICATE_OR_OLD,-0.0024481717691116067,-0.0025486311699070008,,False,
24.899998881000002,3.1617077219913705,3.1615546364715987,3.161975365099801,13.98691363770432,-0.05545626739529412,0.12216083023791469,0.006181909324709622,FUSED,ACCEPTED,ACCEPTED,-0.0002676431084305264,-0.00042072862820230483,,True,-0.00018558863225500994
24.949998881,3.1627996794533453,3.1626465939335735,3.163067322561776,14.14503970489585,-0.05545626739529412,0.12953868700152893,0.01118190932470934,MODEL_ONLY,DUPLICATE_OR_OLD,DUPLICATE_OR_OLD,-0.0002676431084305264,-0.00042072862820230483,,False,
24.999998881,3.144822692388787,3.1446671600457936,3.143625899152368,14.302707035438706,-0.12090662386041462,0.1360346415074476,0.006180568851576302,FUSED,ACCEPTED,ACCEPTED,0.0011967932364194134,0.0010412608934258216,,True,-0.00015704441624354967
25.049998881,3.143252903215658,3.1430973708726646,3.142056109979239,14.459849085666999,-0.12090662386041462,0.14175411076457237,0.011180568851576374,MODEL_ONLY,DUPLICATE_OR_OLD,DUPLICATE_OR_OLD,0.0011967932364194134,0.0010412608934258216,,False,
25.099998881,3.142830158151843,3.1427016571539244,3.1435492713541846,14.616989220200336,-0.08971789071102901,0.14678991090039387,0.006180373292615506,FUSED,ACCEPTED,ACCEPTED,-0.0007191132023414148,-0.0008476142002602494,,True,-0.00011179494430404785
25.149998881000002,3.143293288267481,3.143164787269562,3.1440124014698223,14.77417826202094,-0.08971789071102901,0.1512237633905265,0.011180373292615578,MODEL_ONLY,DUPLICATE_OR_OLD,DUPLICATE_OR_OLD,-0.0007191132023414148,-0.0008476142002602494,,False,
25.199998881,3.1522494847318896,3.1521371162382468,3.1519038530342676,14.931576168383533,-0.0718405558954211,0.1551276212431073,0.006180344761233523,FUSED,ACCEPTED,ACCEPTED,0.0003456316976220286,0.00023326320397920597,,True,-0.0001023980782613274
25.249998881,3.1539735352517573,3.1538611667581145,3.1536279035541352,15.089214462298244,-0.0718405558954211,0.15856483665951437,0.011180344761233595,MODEL_ONLY,DUPLICATE_OR_OLD,DUPLICATE_OR_OLD,0.0003456316976220286,0.00023326320397920597,,False,
25.299998881,3.1450581227750583,3.1450034748509847,3.1436217224197005,15.246645702947593,-0.11557467814503805,0.16159118912031803,0.006180340598567129,FUSED,ACCEPTED,ACCEPTED,0.0014364003553577476,0.0013817524312842444,,True,-1.8974660974974134e-05
25.349998881,3.144880014878487,3.1448253669544135,3.1434436145231293,15.403822336371165,-0.11557467814503805,0.16425579058035283,0.0111803405985672,MODEL_ONLY,DUPLICATE_OR_OLD,DUPLICATE_OR_OLD,0.0014364003553577476,0.0013817524312842444,,False,
25.399998881000002,3.14462238138815,3.144563392447108,3.1441310603601607,15.56101170324325,-0.10002688437800993,0.16660188246250396,0.006180339991242416,FUSED,ACCEPTED,ACCEPTED,0.0004913210279893221,0.00043233208694726244,,True,-6.167183695679403e-05
25.449998881,3.145442250520108,3.145383261579066,3.1449509294921185,15.718238752989548,-0.10002688437800993,0.16866753738390566,0.011180339991242133,MODEL_ONLY,DUPLICATE_OR_OLD,DUPLICATE_OR_OLD,0.0004913210279893221,0.00043233208694726244,,False,
25.499998881,3.156357931189286,3.156310316991587,3.1553561336834464,15.875746429568938,-0.07341643439794265,0.17048627700223612,0.006180339902634887,FUSED,ACCEPTED,ACCEPTED,0.001001797505839619,0.000954183308140788,,True,-4.058421974474061e-05
25.549998881,3.1586793267514808,3.158631712553782,3.157677529245641,16.033572271142166,-0.07341643439794265,0.17208761600857891,0.011180339902634957,MODEL_ONLY,DUPLICATE_OR_OLD,DUPLICATE_OR_OLD,0.001001797505839619,0.000954183308140788,,False,
25.599998881,3.167218889928321,3.167179481230575,3.164637928736594,16.191630157591725,-0.07059900941975643,0.17349754109482568,0.006180339889707274,FUSED,ACCEPTED,ACCEPTED,0.002580961191726683,0.002541552493980692,,True,-3.4337419884910864e-05
25.649998881000002,3.1698137225724135,3.1697743138746675,3.1672327613806868,16.34992692484466,-0.07059900941975643,0.17473893266834886,0.011180339889707345,MODEL_ONLY,DUPLICATE_OR_OLD,DUPLICATE_OR_OLD,0.002580961191726683,0.002541552493980692,,False,
25.699998881,3.1827453974897146,3.182717939132409,3.1795206557495788,16.508595760272907,-0.04825169230147803,0.17583193615757434,0.006180339887821108,FUSED,ACCEPTED,ACCEPTED,0.0032247417401358724,0.003197283382830207,,True,-2.0072640737452564e-05
25.749998881,3.1865603638030056,3.1865329054457,3.1833356220628697,16.66766716721822,-0.04825169230147803,0.1767942889340385,0.011180339887821179,MODEL_ONLY,DUPLICATE_OR_OLD,DUPLICATE_OR_OLD,0.0032247417401358724,0.003197283382830207,,False,
25.799998881,3.200187918427156,3.200177430267941,3.1968395123067728,16.827171545577464,-0.03450616721610249,0.17764160815625296,0.0061803398875459725,FUSED,ACCEPTED,ACCEPTED,0.0033484061203834514,0.003337917961168113,,True,0.0
25.849998881,3.204769828758341,3.2047593405991255,3.2014214226379574,16.987128068951083,-0.03450616721610249,0.17838764420653794,0.011180339887546045,MODEL_ONLY,DUPLICATE_OR_OLD,DUPLICATE_OR_OLD,0.0033484061203834514,0.003337917961168113,,False,
25.899998881000002,3.2203266860693476,3.2203184438171,3.2156004172539134,17.147553614948382,-0.014325829495118125,0.17904450383362183,0.006180339887505831,FUSED,ACCEPTED,ACCEPTED,0.004726268815434143,0.004718026563186761,,True,-6.854205405290581e-06
25.949998881,3.225979373407364,3.2259711311551165,3.2212531045919297,17.30847495299452,-0.014325829495118125,0.17962284662218808,0.011180339887505547,MODEL_ONLY,DUPLICATE_OR_OLD,DUPLICATE_OR_OLD,0.004726268815434143,0.004718026563186761,,False,
25.999998881,3.2437554766418564,3.2437471490002476,3.2372858223736287,17.46993842616866,0.006644771880650751,0.18013205797769727,0.0061803398874999225,FUSED,ACCEPTED,ACCEPTED,0.006469654268227654,0.006461326626618913,,True,-8.380415136035463e-06
26.049998881,3.250504571789237,3.2504962441476284,3.2440349175210095,17.63197144466603,0.006644771880650751,0.180580401433699,0.011180339887499995,MODEL_ONLY,DUPLICATE_OR_OLD,DUPLICATE_OR_OLD,0.006469654268227654,0.006461326626618913,,False,
26.099998881,3.2565489708317377,3.256685792454899,3.249838153213061,17.79431827143438,-0.0037733931698584813,0.1589949642501737,0.006180339887499112,FUSED,ACCEPTED,ACCEPTED,0.0067108176186767565,0.006847639241838177,,True,0.00022652880223128762
26.149998881000002,3.260747623328937,3.2608844449520986,3.2540368057102604,17.956915145407468,-0.0037733931698584813,0.13998971348059314,0.011180339887499183,MODEL_ONLY,DUPLICATE_OR_OLD,DUPLICATE_OR_OLD,0.0067108176186767565,0.006847639241838177,,False,
26.199998881,3.270772760529449,3.271057769997447,3.2651963953023264,18.119895975432772,0.022228882784360218,0.1232562299869024,0.006180339887498942,FUSED,ACCEPTED,ACCEPTED,0.005576365227122793,0.0058613746951206025,,True,0.00037659459282657695
26.249998881,3.2746981892053766,3.2749831986733744,3.269121823978254,18.28325393091479,0.022228882784360218,0.10852296110092499,0.011180339887499013,MODEL_ONLY,DUPLICATE_OR_OLD,DUPLICATE_OR_OLD,0.005576365227122793,0.0058613746951206025,,False,
26.299998881,3.2685986999657715,3.2687075638954313,3.264501911262389,18.446594524295808,-0.010572053274306197,0.09555081384011473,0.006180339887498968,FUSED,ACCEPTED,ACCEPTED,0.004096788703382259,0.004205652633042067,,True,0.0
26.349998881,3.2696643975278374,3.2697732614574972,3.265567608824455,18.60984626229798,-0.010572053274306197,0.08412927488236811,0.01118033988749904,MODEL_ONLY,DUPLICATE_OR_OLD,DUPLICATE_OR_OLD,0.004096788703382259,0.004205652633042067,,False,
26.399998881000002,3.2705874326675946,3.2707568494072166,3.268531611103142,18.773198742796176,0.007050137316367812,0.0740729943344725,0.006180339887498973,FUSED,ACCEPTED,ACCEPTED,0.002055821564452387,0.002225238304074395,,True,0.0002068404342927874
26.449998881,3.2715887149078373,3.2717581316474593,3.269532893343385,18.93665035540733,0.007050137316367812,0.06521877785523114,0.01118033988749869,MODEL_ONLY,DUPLICATE_OR_OLD,DUPLICATE_OR_OLD,0.002055821564452387,0.002225238304074395,,False,
26.499998881,3.220391065419924,3.2207875961578467,3.2199806073558235,19.098888192924814,-0.1367585702202906,0.036352968250108766,0.0061803398874989215,FUSED,ACCEPTED,ACCEPTED,0.0004104580641004496,0.0008069888020232341,,True,0.0005368949081935716
26.549998881,3.21148785312337,3.211884383861293,3.2110773950592697,19.259664642985193,-0.1367585702202906,0.010937594655960527,0.011180339887498992,MODEL_ONLY,DUPLICATE_OR_OLD,DUPLICATE_OR_OLD,0.0004104580641004496,0.0008069888020232341,,False,
26.599998881,3.2014657717845716,3.2018623025224944,3.201055313720471,19.41996796070469,-0.1367585702202906,-0.011439786188937217,0.016180339887499062,MODEL_ONLY,DUPLICATE_OR_OLD,DUPLICATE_OR_OLD,0.0004104580641004496,0.0008069888020232341,,False,
26.649998881000002,3.1904585639206355,3.1908550946585583,3.190048105856535,19.579745546194115,-0.1367585702202906,-0.03114231669169129,0.021180339887499133,MODEL_ONLY,DUPLICATE_OR_OLD,DUPLICATE_OR_OLD,0.0004104580641004496,0.0008069888020232341,,False,
26.699998881,3.18272766871704,3.1828372671174847,3.1909772257260514,19.73927117948367,-0.042144586992470506,-0.048489731516623294,0.007236067977499783,FUSED,ACCEPTED,ACCEPTED,-0.008249557009011532,-0.008139958608566644,,True,0.0
26.749998881,3.1748200985354864,3.1749296969359313,3.183069655544498,19.898622351515435,-0.042144586992470506,-0.06376354627185228,0.012236067977499855,MODEL_ONLY,DUPLICATE_OR_OLD,DUPLICATE_OR_OLD,-0.008249557009011532,-0.008139958608566644,,False,
26.799998881,3.1816722169351777,3.181712457105137,3.189771842465449,20.057943388965686,-0.00547388754686929,-0.07721162597314268,0.0063283980608870825,FUSED,ACCEPTED,ACCEPTED,-0.008099625530271215,-0.008059385360311921,,True,0.0
26.849998881,3.1743337486683703,3.1743739888383296,3.1824333741986415,20.21724851938229,-0.00547388754686929,-0.0890522074225377,0.011328398060887153,MODEL_ONLY,DUPLICATE_OR_OLD,DUPLICATE_OR_OLD,-0.008099625530271215,-0.008059385360311921,,False,
26.899998881000002,3.177617151426412,3.177779238767834,3.1877815409540484,20.376503892261113,0.01100257463874903,-0.0994774407773269,0.006201819808074181,FUSED,ACCEPTED,ACCEPTED,-0.01016438952763643,-0.01000230218621434,,True,0.00023671019848857562
26.949998881,3.170122291250898,3.1702843785923203,3.1802866807785346,20.53570559780442,0.01100257463874903,-0.108656507782297,0.011201819808073898,MODEL_ONLY,DUPLICATE_OR_OLD,DUPLICATE_OR_OLD,-0.01016438952763643,-0.01000230218621434,,False,
26.999998881,3.168686303184119,3.1691340175632936,3.180540752198856,20.694726283628857,0.025567904305948783,-0.1361244655984277,0.006183471196562254,FUSED,ACCEPTED,ACCEPTED,-0.011854449014736979,-0.011406734635562188,,True,0.0006240075617533775
27.049998881,3.169989744580583,3.170201095390382,3.1776355890943444,20.853680692161188,0.055041365006629026,-0.16030907775084027,0.005279338354318999,FUSED,ACCEPTED,ACCEPTED,-0.0076458445137612685,-0.007434493703962541,,True,0.0
27.099998881,3.161049508583593,3.1612608593933915,3.168695353097354,21.012338965715983,0.055041365006629026,-0.18160281457968958,0.01027933835431907,MODEL_ONLY,DUPLICATE_OR_OLD,DUPLICATE_OR_OLD,-0.0076458445137612685,-0.007434493703962541,,False,
27.149998881000002,3.1440556014126546,3.144139207560425,3.149801044023689,21.170301375644012,0.018458305872704556,-0.20035123300702662,0.006044200263535998,FUSED,ACCEPTED,ACCEPTED,-0.005745442611034601,-0.005661836463264347,,True,0.0
27.199998881,3.131523423974474,3.131607030122244,3.1372688665855084,21.327478123409232,0.018458305872704556,-0.21685858426959403,0.011044200263535715,MODEL_ONLY,DUPLICATE_OR_OLD,DUPLICATE_OR_OLD,-0.005745442611034601,-0.005661836463264347,,False,
27.249998881,3.1182645381828333,3.1183481443306036,3.124009980793868,21.484010094593717,0.018458305872704556,-0.23139275133877485,0.016044200263535785,MODEL_ONLY,DUPLICATE_OR_OLD,DUPLICATE_OR_OLD,-0.005745442611034601,-0.005661836463264347,,False,
27.299998881,3.0983796059522337,3.098465750703299,3.1109382275475097,21.639883799802256,0.017861414764299224,-0.2441895961526283,0.006778786402899907,FUSED,ACCEPTED,ACCEPTED,-0.012558621595275987,-0.0124724768442106,,True,8.735107074667528e-05
27.349998881,3.0838876738117436,3.083973818562809,3.0964462954070195,21.79506841287612,0.017861414764299224,-0.2554567872073598,0.011778786402899978,MODEL_ONLY,DUPLICATE_OR_OLD,DUPLICATE_OR_OLD,-0.012558621595275987,-0.0124724768442106,,False,
27.399998881000002,3.062207474967594,3.0623692162849996,3.0802034602128088,21.949484656766618,0.006648639407988214,-0.2653771696227493,0.006265700823948828,FUSED,ACCEPTED,ACCEPTED,-0.01799598524521473,-0.01783424392780919,,True,0.00020679616495211314
27.449998881,3.046222156801092,3.0463838981184974,3.0642181420463066,22.103095196823087,0.006648639407988214,-0.2741117323713088,0.011265700823948545,MODEL_ONLY,DUPLICATE_OR_OLD,DUPLICATE_OR_OLD,-0.01799598524521473,-0.01783424392780919,,False,
27.499998881,3.033350303290092,3.0335208314550743,3.054977409103312,22.25607508560183,0.028406618963005,-0.28180222082366724,0.0061927534060381255,FUSED,ACCEPTED,ACCEPTED,-0.021627105813220027,-0.02145657764823783,,True,0.00017593023629269497
27.549998881,3.017729798869564,3.017900327034546,3.039356904682784,22.408433443446484,0.028406618963005,-0.28857343700682525,0.011192753406038196,MODEL_ONLY,DUPLICATE_OR_OLD,DUPLICATE_OR_OLD,-0.021627105813220027,-0.02145657764823783,,False,
27.599998881,2.982737307298018,2.9828794445011235,3.0049489743677174,22.559541090422748,-0.031955442117407404,-0.29453526490411536,0.006182150137108274,FUSED,ACCEPTED,ACCEPTED,-0.02221166706969946,-0.02206952986659383,,True,0.00012460407506731733
27.649998881000002,2.963292044934614,2.963359147283613,2.9755908953181733,22.709054587164896,-0.003347807689398779,-0.29978445366363293,0.005279043942530975,FUSED,ACCEPTED,ACCEPTED,-0.01229885038355949,-0.012231748034560397,,True,0.0
27.699998881,2.945292181649147,2.945359283998146,2.9575910320327066,22.85738413534866,-0.003347807689398779,-0.30440618765323113,0.01027904394253069,MODEL_ONLY,DUPLICATE_OR_OLD,DUPLICATE_OR_OLD,-0.01229885038355949,-0.012231748034560397,,False,
27.749998881,2.9270888543042863,2.9271559566532854,2.939387704687846,23.004808603766676,-0.003347807689398779,-0.30847546884108745,0.015279043942530761,MODEL_ONLY,DUPLICATE_OR_OLD,DUPLICATE_OR_OLD,-0.01229885038355949,-0.012231748034560397,,False,
27.799998881,2.895476567625111,2.8954987289420684,2.91110225541491,23.151070852769248,-0.03760457110430619,-0.31205833393525023,0.0066973858160846,FUSED,ACCEPTED,ACCEPTED,-0.015625687789799336,-0.0156035264728418,,True,0.0
27.849998881,2.8752235292498574,2.875245690566815,2.8908492170396567,23.296119639580613,-0.03760457110430619,-0.3152129260340386,0.011697385816084671,MODEL_ONLY,DUPLICATE_OR_OLD,DUPLICATE_OR_OLD,-0.015625687789799336,-0.0156035264728418,,False,
27.899998881000002,2.8548316152673987,2.8548537765843562,2.870457303057198,23.440152302583037,-0.03760457110430619,-0.3179904381781466,0.016697385816084744,MODEL_ONLY,DUPLICATE_OR_OLD,DUPLICATE_OR_OLD,-0.015625687789799336,-0.0156035264728418,,False,
27.949998881,2.8343174259880244,2.834339587304982,2.8499431137778237,23.583162313003903,-0.03760457110430619,-0.3204359441164976,0.02169738581608446,MODEL_ONLY,DUPLICATE_OR_OLD,DUPLICATE_OR_OLD,-0.015625687789799336,-0.0156035264728418,,False,
27.999998881,2.8004343894085486,2.8004827160077976,2.8277948784159634,23.72510576280875,-0.05268576021296119,-0.322589129767618,0.007275010255467032,FUSED,ACCEPTED,ACCEPTED,-0.027360489007414834,-0.027312162408165808,,True,5.8127290024960476e-05
28.049998881,2.779932995933736,2.779981322532985,2.807293484941151,23.865982971892677,-0.05268576021296119,-0.30509883891659656,0.012275010255467103,MODEL_ONLY,DUPLICATE_OR_OLD,DUPLICATE_OR_OLD,-0.027360489007414834,-0.027312162408165808,,False,
28.099998881,2.762891211048322,2.7626842923959454,2.791176231258582,24.00594471479767,-0.03991428510078643,-0.289699226630292,0.0063336402419883475,FUSED,ACCEPTED,ACCEPTED,-0.028285020210260026,-0.02849193886263679,,True,-0.000354672690059947
28.149998881000002,2.7444763139530575,2.7442693953006807,2.7727613341633175,24.14504315393322,-0.03991428510078643,-0.27614038643783984,0.011333640241988418,MODEL_ONLY,DUPLICATE_OR_OLD,DUPLICATE_OR_OLD,-0.028285020210260026,-0.02849193886263679,,False,
28.199998881,2.7226097144322146,2.7223751551960302,2.7490586846701124,24.283088654404047,-0.06067716197030172,-0.26420228410470664,0.0062025759036324485,FUSED,ACCEPTED,ACCEPTED,-0.02644897023789783,-0.026683529474082146,,True,-0.0002514817246178219
28.249998881,2.704279133470628,2.7040445742344437,2.730728103708526,24.420083324113513,-0.06067716197030172,-0.25369118689480086,0.011202575903632519,MODEL_ONLY,DUPLICATE_OR_OLD,DUPLICATE_OR_OLD,-0.02644897023789783,-0.026683529474082146,,False,
28.299998881,2.669975080977293,2.669799158344036,2.694454261386901,24.5557128832409,-0.10482138650628126,-0.24443651965598412,0.006183581325447607,FUSED,ACCEPTED,ACCEPTED,-0.02447918040960806,-0.024655103042865,,True,-0.00013973295374171413
28.349998881,2.6503074432981935,2.6501315206649365,2.6747866237078015,24.68994390536827,-0.10482138650628126,-0.23628809670916856,0.011183581325447677,MODEL_ONLY,DUPLICATE_OR_OLD,DUPLICATE_OR_OLD,-0.02447918040960806,-0.024655103042865,,False,
28.399998881000002,2.6303749850015876,2.6302141386318376,2.6566998800439197,24.823231067962066,-0.08539814161794707,-0.2291136846199187,0.006180812748376393,FUSED,ACCEPTED,ACCEPTED,-0.02632489504233204,-0.026485741412082042,,True,-0.0001515305927265384
28.449998881,2.612353071587328,2.612192225217578,2.6386779666296603,24.955615514128898,-0.08539814161794707,-0.22279685630082408,0.01118081274837611,MODEL_ONLY,DUPLICATE_OR_OLD,DUPLICATE_OR_OLD,-0.02632489504233204,-0.026485741412082042,,False,
28.499998881000003,2.5986174746973996,2.5982080137117105,2.623350007680552,25.087166213486665,-0.08519915158769084,-0.1961651315500383,0.006180408875725183,FUSED,ACCEPTED,ACCEPTED,-0.024732532983152478,-0.025141993968841536,,True,-0.0005631087781733865
28.549998881,2.5831095138766997,2.5827000528910107,2.607842046859852,25.217946014850167,-0.08519915158769084,-0.17271679446000424,0.0111804088757249,MODEL_ONLY,DUPLICATE_OR_OLD,DUPLICATE_OR_OLD,-0.024732532983152478,-0.025141993968841536,,False,
28.599998881,2.5800267664100835,2.579574637581221,2.602567251353031,25.34820624730549,-0.06263284043533399,-0.15207132303698778,0.006180349952718955,FUSED,ACCEPTED,ACCEPTED,-0.02254048494294736,-0.022992613771809722,,True,-0.0004784988937355378
28.649998881000002,2.567588276846219,2.5671361480173567,2.5901287617891664,25.478023647634046,-0.06263284043533399,-0.13389368047572855,0.011180349952719026,MODEL_ONLY,DUPLICATE_OR_OLD,DUPLICATE_OR_OLD,-0.02254048494294736,-0.022992613771809722,,False,
28.699998881,2.5384928310693335,2.538130211905594,2.557057473851136,25.606703303525048,-0.1352967589917528,-0.1178888781481582,0.006180341355994162,FUSED,ACCEPTED,ACCEPTED,-0.018564642781802476,-0.01892726194554184,,True,-0.0003072991827845206
28.749998881000003,2.5220450821296554,2.5218738765963526,2.531270286531892,25.733911497534635,-0.12159481453307693,-0.08181699999488551,0.005278640777350012,FUSED,ACCEPTED,ACCEPTED,-0.00922520440223673,-0.009396409935539474,,True,0.0
28.799998881,2.5108503316029522,2.5106791260696495,2.520075536005189,25.860195143098053,-0.12159481453307693,-0.050056925635314865,0.010278640777349728,MODEL_ONLY,DUPLICATE_OR_OLD,DUPLICATE_OR_OLD,-0.00922520440223673,-0.009396409935539474,,False,
28.849998881,2.5010537648900275,2.5008825593567248,2.5102789692922642,25.98595400573049,-0.12159481453307693,-0.022093249359862625,0.015278640777349799,MODEL_ONLY,DUPLICATE_OR_OLD,DUPLICATE_OR_OLD,-0.00922520440223673,-0.009396409935539474,,False,
28.899998881000002,2.507545634157461,2.507138603945439,2.5187676629813747,26.111680171537333,-0.08291207818913862,0.0025278262076948096,0.006697341841222754,FUSED,ACCEPTED,ACCEPTED,-0.011222028823913544,-0.011629059035935807,,True,-0.0005233223645923681
28.949998881,2.501998159448733,2.5015911292367106,2.5132201882726464,26.237479867818678,-0.08291207818913862,0.02420585438010219,0.01169734184122247,MODEL_ONLY,DUPLICATE_OR_OLD,DUPLICATE_OR_OLD,-0.011222028823913544,-0.011629059035935807,,False,
28.999998881000003,2.4979506642282003,2.497520226907934,2.5063646510818116,26.36296948880255,-0.10682889548425302,0.04329262839833435,0.00625430873999629,FUSED,ACCEPTED,ACCEPTED,-0.008413986853611277,-0.008844424173877652,,True,-0.00044445578408337273
29.049998881,2.491902941028963,2.4914725037086964,2.500316927882574,26.48813652827665,-0.10682889548425302,0.038117701864875564,0.011254308739996007,MODEL_ONLY,DUPLICATE_OR_OLD,DUPLICATE_OR_OLD,-0.008413986853611277,-0.008844424173877652,,False,
29.099998881,2.4880240224577355,2.4876517334516115,2.495671600843072,26.613036241494793,-0.10366332385090699,0.05554154176841175,0.006191101392524611,FUSED,ACCEPTED,ACCEPTED,-0.007647578385336473,-0.008019867391460433,,True,-0.00033651491380643807
29.149998881000002,2.4837728250585545,2.4834005360524305,2.491420403443891,26.73771354160197,-0.10366332385090699,0.07088264623251173,0.011191101392524681,MODEL_ONLY,DUPLICATE_OR_OLD,DUPLICATE_OR_OLD,-0.007647578385336473,-0.008019867391460433,,False,
29.199998881,2.4749051259585046,2.4746015613629284,2.4808902569530757,26.86202130811189,-0.12587451826430357,0.08438997225716421,0.006181909324800578,FUSED,ACCEPTED,ACCEPTED,-0.005985130994571097,-0.006288695590147331,,True,-0.0002611188045944764
29.249998881000003,2.470813372432028,2.470509807836452,2.476798503426599,26.985963527121392,-0.12587451826430357,0.09628271809976258,0.011181909324801006,MODEL_ONLY,DUPLICATE_OR_OLD,DUPLICATE_OR_OLD,-0.005985130994571097,-0.006288695590147331,,False,
29.299998881,2.4610153530226784,2.460835500675389,2.4649881910589664,27.109508194483524,-0.1462144169494466,0.12697745429136917,0.006180568851589623,FUSED,ACCEPTED,ACCEPTED,-0.003972838036288007,-0.004152690383577351,,True,-0.00010340138850373952
29.349998881,2.4587926254656907,2.4586127731184013,2.4627654635019787,27.23270203584755,-0.1462144169494466,0.15400313617437902,0.011180568851589693,MODEL_ONLY,DUPLICATE_OR_OLD,DUPLICATE_OR_OLD,-0.003972838036288007,-0.004152690383577351,,False,
29.399998881000002,2.495927014293496,2.495573097908564,2.4983305343348876,27.356729435793472,-0.029464685783720454,0.17779833925683183,0.006180373292617449,FUSED,ACCEPTED,ACCEPTED,-0.002403520041391438,-0.002757436426323423,,True,-0.00046149235413189436
29.449998881,2.5017790772114954,2.5014251608265634,2.504182597252887,27.481792264083158,-0.029464685783720454,0.1987492145089783,0.011180373292617165,MODEL_ONLY,DUPLICATE_OR_OLD,DUPLICATE_OR_OLD,-0.002403520041391438,-0.002757436426323423,,False,
29.499998881000003,2.5085534671470633,2.5081995507621313,2.5109569871884547,27.607170753694202,-0.029464685783720454,0.21719575486041492,0.01618037329261759,MODEL_ONLY,DUPLICATE_OR_OLD,DUPLICATE_OR_OLD,-0.002403520041391438,-0.002757436426323423,,False,
29.549998881,2.5161399349715965,2.5157860185866645,2.518543455012988,27.73290826474923,-0.029464685783720454,0.23343731263983133,0.021180373292617308,MODEL_ONLY,DUPLICATE_OR_OLD,DUPLICATE_OR_OLD,-0.002403520041391438,-0.002757436426323423,,False,
29.599998881,2.540605465037811,2.540451122447101,2.534606528703485,27.859237014342145,-0.06021278249630189,0.24773745749499576,0.007236070529421403,FUSED,ACCEPTED,ACCEPTED,0.005998936334326022,0.005844593743615789,,True,-7.811228184794773e-05
29.649998881000002,2.547999075076097,2.5478447324853866,2.5420001387417708,27.986152181028277,-0.06021278249630189,0.2603282536277309,0.012236070529421474,MODEL_ONLY,DUPLICATE_OR_OLD,DUPLICATE_OR_OLD,0.005998936334326022,0.005844593743615789,,False,
29.699998881,2.527389672469097,2.5271823414355596,2.5179970167720307,28.112652109916116,-0.15495656858646634,0.2714140257553353,0.006328398404902899,FUSED,ACCEPTED,ACCEPTED,0.009392655697066488,0.009185324663528949,,True,-0.0002380737963601793
29.749998881000003,2.5310884142671393,2.5308810832336017,2.5216957585700728,28.23864442929968,-0.15495656858646634,0.28117467491283216,0.011328398404903326,MODEL_ONLY,DUPLICATE_OR_OLD,DUPLICATE_OR_OLD,0.009392655697066488,0.009185324663528949,,False,
29.799998881,2.5520032937905537,2.551924545729107,2.5460024597655537,28.36533688475806,-0.06875211664757419,0.2897685979052133,0.006201819857702497,FUSED,ACCEPTED,ACCEPTED,0.006000834024999957,0.0059220859635531475,,True,0.0
29.849998881,2.5608202873292276,2.560741539267781,2.5548194533042277,28.49285743258481,-0.06875211664757419,0.29733525778687364,0.011201819857702567,MODEL_ONLY,DUPLICATE_OR_OLD,DUPLICATE_OR_OLD,0.006000834024999957,0.0059220859635531475,,False,
29.899998881000002,2.572778171443412,2.5726841076106193,2.5630717371180713,28.620804712345368,-0.08875788436947736,0.30399744708220267,0.006183471203791112,FUSED,ACCEPTED,ACCEPTED,0.009706434325340574,0.009612370492547928,,True,-0.00010351695070146515
29.949998881,2.581221277730396,2.581127213897603,2.571514843405055,28.74916937685844,-0.08875788436947736,0.30986328047513356,0.011183471203790828,MODEL_ONLY,DUPLICATE_OR_OLD,DUPLICATE_OR_OLD,0.009706434325340574,0.009612370492547928,,False,
29.999998881000003,2.600809648431224,2.600717675827506,2.589835879356991,28.8782031449275,-0.05931438646259936,0.31502794930520633,0.006180796685753401,FUSED,ACCEPTED,ACCEPTED,0.010973769074233086,0.010881796470514793,,True,-9.068040314695429e-05
30.049998881,2.6112105289069003,2.611118556303182,2.600236759832667,29.007954960907234,-0.05931438646259936,0.3195752663422813,0.011180796685753117,MODEL_ONLY,DUPLICATE_OR_OLD,DUPLICATE_OR_OLD,0.010973769074233086,0.010881796470514793,,False,
30.099998881,2.6366836374881615,2.636600036150746,2.6233733744359338,29.138545214263953,-0.03285347745258643,0.3235790259086783,0.006180406532303236,FUSED,ACCEPTED,ACCEPTED,0.013310263052227711,0.013226661714812238,,True,-7.842775637049298e-05
30.149998881000002,2.6487840101682627,2.6487004088308472,2.635473747116035,29.270016392302754,-0.03285347745258643,0.3271042014209241,0.011180406532303306,MODEL_ONLY,DUPLICATE_OR_OLD,DUPLICATE_OR_OLD,0.013310263052227711,0.013226661714812238,,False,
30.199998881,2.665690174088326,2.6658445060540563,2.651209897662694,29.402183483422213,-0.03297937645352595,0.30998442594024034,0.0061803496108200715,FUSED,ACCEPTED,ACCEPTED,0.014480276425631988,0.014634608391362214,,True,0.00030138222844806363
30.249998881000003,2.681327165199005,2.681400030835581,2.6740862430515233,29.53531588694008,-0.01994226763824449,0.29491103996417645,0.005278642617451765,FUSED,ACCEPTED,ACCEPTED,0.007240922147481843,0.00731378778405789,,True,0.0
30.299998881,2.6917998598515447,2.6918727254881207,2.684558937704063,29.66928201645896,-0.01994226763824449,0.2816394310555379,0.010278642617451482,MODEL_ONLY,DUPLICATE_OR_OLD,DUPLICATE_OR_OLD,0.007240922147481843,0.00731378778405789,,False,
30.349998881,2.7005892848360613,2.7006621504726374,2.6933483626885795,29.80372969896878,-0.01994226763824449,0.24797403769508972,0.015278642617451554,MODEL_ONLY,DUPLICATE_OR_OLD,DUPLICATE_OR_OLD,0.007240922147481843,0.00731378778405789,,False,
30.399998881000002,2.7054605311501074,2.706288496136065,2.6968978868019677,29.938485855206046,-0.019220725067754314,0.19726282211070748,0.006697342041932777,FUSED,ACCEPTED,ACCEPTED,0.008562644348139692,0.009390609334097189,,True,0.0012003268662004966
30.449998881,2.7095179965771,2.7103459615630574,2.70095535222896,30.07343218618181,-0.019220725067754314,0.15261330397414483,0.011697342041932493,MODEL_ONLY,DUPLICATE_OR_OLD,DUPLICATE_OR_OLD,0.008562644348139692,0.009390609334097189,,False,
30.499998881000003,2.7255939514471335,2.7266269914166137,2.721408081447779,30.20899127202374,0.04413578716683232,0.09391480804413967,0.006254308768156313,FUSED,ACCEPTED,ACCEPTED,0.004185869999354441,0.005218909968834673,,True,0.0011558589085705544
30.549998881,2.726644769784334,2.727677809753814,2.7224588997849795,30.345087946554553,0.04413578716683232,0.02912384994376424,0.01125430876815603,MODEL_ONLY,DUPLICATE_OR_OLD,DUPLICATE_OR_OLD,0.004185869999354441,0.005218909968834673,,False,
30.599998881,2.743851653719383,2.745239236614859,2.744387869632817,30.481759115790002,0.10020354445606922,-0.038574804447537275,0.006191101396609985,FUSED,ACCEPTED,ACCEPTED,-0.0005362159134341127,0.0008513669820420233,,True,0.0016057053213838592
30.649998881000002,2.7413406078951534,2.7427281907906296,2.7418768238085875,30.618915733126038,0.10020354445606922,-0.0981811905740443,0.011191101396610056,MODEL_ONLY,DUPLICATE_OR_OLD,DUPLICATE_OR_OLD,-0.0005362159134341127,0.0008513669820420233,,False,
30.699998881,2.7109111912681976,2.7122092713689807,2.7161508002831987,30.755366423728326,0.02341532995225319,-0.16815568028495503,0.006181909325396137,FUSED,ACCEPTED,ACCEPTED,-0.00523960901500109,-0.003941528914217951,,True,0.0012428010975209453
30.749998881000003,2.6979815011077486,2.6992795812085317,2.7032211101227497,30.890850721488487,0.02341532995225319,-0.22976586279463387,0.011181909325396564,MODEL_ONLY,DUPLICATE_OR_OLD,DUPLICATE_OR_OLD,-0.00523960901500109,-0.003941528914217951,,False,
30.799998881,2.668083314184252,2.6685791069412472,2.6777325664136122,31.02537456340189,0.04221839726665036,-0.29858087406903433,0.006180568851676504,FUSED,ACCEPTED,ACCEPTED,-0.009649252229360084,-0.009153459472365011,,True,0.0
30.849998881,2.64962356178681,2.650119354543805,2.65927281401617,31.158799697912634,0.04221839726665036,-0.35917017484898733,0.011180568851676575,MODEL_ONLY,DUPLICATE_OR_OLD,DUPLICATE_OR_OLD,-0.009649252229360084,-0.009153459472365011,,False,
30.899998881000002,2.603713251998051,2.60462172034758,2.6261519344829836,31.290935316625117,-0.00551697868093555,-0.41251701445589806,0.006180373292630124,FUSED,ACCEPTED,ACCEPTED,-0.022438682484932748,-0.021530214135403458,,True,0.0011635122829764498
30.949998881,2.577522415188642,2.578430883538171,2.5999610976735745,31.421588142429023,-0.00551697868093555,-0.46605648714094516,0.011180373292629841,MODEL_ONLY,DUPLICATE_OR_OLD,DUPLICATE_OR_OLD,-0.022438682484932748,-0.021530214135403458,,False,
30.999998881000003,2.528520044024994,2.5297186434086796,2.5641400702626886,31.55069067162744,-0.011899165337743413,-0.519400203453404,0.006180344761235707,FUSED,ACCEPTED,ACCEPTED,-0.03562002623769445,-0.03442142685400906,,True,0.001377909853790063
31.049998881,2.4969945447469195,2.498193144130605,2.532614570984614,31.678109537658614,-0.011899165337743413,-0.566367549857808,0.011180344761235424,MODEL_ONLY,DUPLICATE_OR_OLD,DUPLICATE_OR_OLD,-0.03562002623769445,-0.03442142685400906,,False,
31.099998881,2.4482449059704177,2.4493411830122342,2.491952814951431,31.803723722307016,-0.014799435733614842,-0.6136156417341466,0.0061803405985673965,FUSED,ACCEPTED,ACCEPTED,-0.04370790898101351,-0.042611631939196926,,True,0.0010330383757819611
31.149998881000002,2.4121319708639697,2.4132282479057863,2.455839879844983,31.92741853967693,-0.014799435733614842,-0.6552159960301622,0.011180340598567467,MODEL_ONLY,DUPLICATE_OR_OLD,DUPLICATE_OR_OLD,-0.04370790898101351,-0.042611631939196926,,False,
31.199998881,2.3312471855222294,2.332025789164626,2.3788489733757716,32.04828576100744,-0.10965773005389584,-0.6918437075165929,0.006180339991242404,FUSED,ACCEPTED,ACCEPTED,-0.04760178785354219,-0.04682318421114573,,True,0.000582270692861292
31.249998881000003,2.2869474767810267,2.287726080423423,2.334549264634569,32.166120716957714,-0.10965773005389584,-0.7240931744082144,0.011180339991242832,MODEL_ONLY,DUPLICATE_OR_OLD,DUPLICATE_OR_OLD,-0.04760178785354219,-0.04682318421114573,,False,
31.299998881,2.198041439962446,2.198338840088898,2.2421821639190678,32.280539002671546,-0.16597550044225867,-0.7524877443268282,0.006180339902634936,FUSED,ACCEPTED,ACCEPTED,-0.04414072395662183,-0.043843323830169645,,True,0.0
31.349998881,2.1482560910621578,2.14855349118861,2.1923968150187796,32.39140347714499,-0.16597550044225867,-0.7774882072158622,0.011180339902635008,MODEL_ONLY,DUPLICATE_OR_OLD,DUPLICATE_OR_OLD,-0.04414072395662183,-0.043843323830169645,,False,
31.399998881000002,2.06254365930109,2.0628956389147004,2.125636529039667,32.499354310746455,-0.21227221364294505,-0.7936053486125693,0.00618033988970728,FUSED,ACCEPTED,ACCEPTED,-0.06309286973857686,-0.06274089012496642,,True,0.00038571159173118874
31.449998881,2.0089280876552302,2.0092800672688407,2.072020957393807,32.60429574790729,-0.21227221364294505,-0.8077959489688801,0.011180339889706997,MODEL_ONLY,DUPLICATE_OR_OLD,DUPLICATE_OR_OLD,-0.06309286973857686,-0.06274089012496642,,False,
31.499998881000003,1.9536512896477511,1.9539554912690926,2.0260119328554014,32.706746570163524,-0.16514149533379813,-0.8202902947673828,0.006180339887821161,FUSED,ACCEPTED,ACCEPTED,-0.07236064320765023,-0.07205644158630875,,True,0.0002746731982088968
31.549998881,1.8579576345609332,1.8581012590839354,1.9031285933866402,32.80497508331957,-0.31882981527046733,-0.8250871325026755,0.005278640450075969,FUSED,ACCEPTED,ACCEPTED,-0.045170958825706986,-0.04502733430270478,,True,0.0
31.599998881,1.7979384510147582,1.7980820755377604,1.8431094098404652,32.89863103340025,-0.31882981527046733,-0.8293105858536572,0.010278640450076041,MODEL_ONLY,DUPLICATE_OR_OLD,DUPLICATE_OR_OLD,-0.045170958825706986,-0.04502733430270478,,False,
31.649998881000002,1.7377333371131698,1.737876961636172,1.7829042959388768,32.98928137604474,-0.31882981527046733,-0.8330291934285848,0.015278640450076111,MODEL_ONLY,DUPLICATE_OR_OLD,DUPLICATE_OR_OLD,-0.045170958825706986,-0.04502733430270478,,False,
31.699998881,1.6989976975214,1.6990961097467239,1.761082163140005,33.077881037521706,-0.18212588209776967,-0.8425073133184637,0.006697341805525171,FUSED,ACCEPTED,ACCEPTED,-0.062084465618605034,-0.061986053393281226,,True,7.611669826930456e-05
31.749998881000003,1.6447366161235444,1.6448350283488682,1.7068210817421494,33.164578618643766,-0.18212588209776967,-0.8508524778409386,0.011697341805525598,MODEL_ONLY,DUPLICATE_OR_OLD,DUPLICATE_OR_OLD,-0.062084465618605034,-0.061986053393281226,,False,
31.799998881,1.5509256963702494,1.5509625585515259,1.6070242202367235,33.247424751193236,-0.32597702370205117,-0.8582001107323058,0.006254308734987845,FUSED,ACCEPTED,ACCEPTED,-0.05609852386647418,-0.05606166168519766,,True,0.0
31.849998881,1.488486464066327,1.4885233262476034,1.544584987932801,33.32621498139748,-0.32597702370205117,-0.8705643629704508,0.011254308734987915,MODEL_ONLY,DUPLICATE_OR_OLD,DUPLICATE_OR_OLD,-0.05609852386647418,-0.05606166168519766,,False,
31.899998881000002,1.403589349063107,1.403474358612533,1.47391920032452,33.40167758610391,-0.34060450250983865,-0.8557717004901737,0.0061911013917980515,FUSED,ACCEPTED,ACCEPTED,-0.070329851261413,-0.07044484171198717,,True,-0.00020841345263905575
31.949998881,1.3418096013311887,1.3416946108806145,1.4121394525926017,33.47382905242683,-0.34060450250983865,-0.8427472232487025,0.011191101391797768,MODEL_ONLY,DUPLICATE_OR_OLD,DUPLICATE_OR_OLD,-0.070329851261413,-0.07044484171198717,,False,
31.999998881000003,1.2717283525234462,1.2714949784721268,1.348299422645357,33.542840024307786,-0.34562446727579116,-0.8237208859962633,0.006181909324694714,FUSED,ACCEPTED,ACCEPTED,-0.07657107012191089,-0.07680444417323029,,True,-0.0003064905107130478
32.049998881,1.2118998086605794,1.21166643460926,1.2884708787824903,33.608759281843476,-0.34562446727579116,-0.7987032853182939,0.011181909324694431,MODEL_ONLY,DUPLICATE_OR_OLD,DUPLICATE_OR_OLD,-0.07657107012191089,-0.07680444417323029,,False,
32.099998881000005,1.160269420290751,1.1596066545773793,1.2410027001706267,33.67199612131731,-0.32848336519356586,-0.7567960596685037,0.00618056885157418,FUSED,ACCEPTED,ACCEPTED,-0.08073327987987566,-0.08139604559324742,,True,-0.0009281186166888583
32.149998881,1.1052382101546894,1.1045754444413176,1.185971490034565,33.732670476072435,-0.32848336519356586,-0.7198979932029104,0.011180568851573897,MODEL_ONLY,DUPLICATE_OR_OLD,DUPLICATE_OR_OLD,-0.08073327987987566,-0.08139604559324742,,False,
32.199998881,1.0556172794298904,1.0547392336960772,1.133515587424165,33.7906576530089,-0.34330175847922906,-0.674301444150438,0.006180373292615093,FUSED,ACCEPTED,ACCEPTED,-0.07789830799427455,-0.07877635372808767,,True,-0.001011094220807987
32.249998881,1.0041323492343441,1.003254303500531,1.0820306572286187,33.84604630912522,-0.34330175847922906,-0.6341548231939874,0.011180373292615519,MODEL_ONLY,DUPLICATE_OR_OLD,DUPLICATE_OR_OLD,-0.07789830799427455,-0.07877635372808767,,False,
32.299998881,0.9954482976441649,0.9950647474706507,1.0572847783783936,33.89952919501539,-0.23961452315586584,-0.5988064241405205,0.006180344761233514,FUSED,ACCEPTED,ACCEPTED,-0.06183648073422876,-0.062220030907742974,,True,-7.793574091981975e-05
32.349998881000005,0.9534406522684354,0.9530571020949212,1.0152771330026642,33.95134324279992,-0.23961452315586584,-0.5482977889672437,0.01118034476123394,MODEL_ONLY,DUPLICATE_OR_OLD,DUPLICATE_OR_OLD,-0.06183648073422876,-0.062220030907742974,,False,
32.399998881,0.942138054035342,0.9410101206474685,1.001293479848855,34.00175750812121,-0.23170542890144952,-0.4827577448226257,0.006180340598567128,FUSED,ACCEPTED,ACCEPTED,-0.059155425813513074,-0.06028335920138661,,True,-0.0015879873764281308
32.449998881,0.9066882560798968,0.9055603226920232,0.9658436818934099,34.05093593716476,-0.23170542890144952,-0.42505194234906996,0.011180340598566844,MODEL_ONLY,DUPLICATE_OR_OLD,DUPLICATE_OR_OLD,-0.059155425813513074,-0.06028335920138661,,False,
32.499998881,0.9069975571142174,0.9056554708276181,0.9572173621486695,34.099012463265815,-0.19359344157204503,-0.35226373742518313,0.006180339991242416,FUSED,ACCEPTED,ACCEPTED,-0.050219805034452114,-0.05156189132105138,,True,-0.0014744400509846822
32.549998881,0.8802972766436001,0.8789551903570009,0.9305170816780522,34.14620582436148,-0.19359344157204503,-0.288176173393739,0.011180339991242133,MODEL_ONLY,DUPLICATE_OR_OLD,DUPLICATE_OR_OLD,-0.050219805034452114,-0.05156189132105138,,False,
32.599998881000005,0.8785415806169239,0.8770684329778204,0.9175877940517375,34.19240844625473,-0.19738097036583047,-0.21152565691758726,0.006180339902634938,FUSED,ACCEPTED,ACCEPTED,-0.039046213434813626,-0.04051936107391707,,True,-0.0015541480090432158
32.649998881,0.858859036395741,0.8573858887566376,0.8979052498305546,34.23779577235179,-0.19738097036583047,-0.14403745758851497,0.011180339902634655,MODEL_ONLY,DUPLICATE_OR_OLD,DUPLICATE_OR_OLD,-0.039046213434813626,-0.04051936107391707,,False,
32.699998881,0.8587275373845372,0.8576395009554338,0.886924860453958,34.2824165251089,-0.19349725200510928,-0.08461637005940002,0.006180339889707178,FUSED,ACCEPTED,ACCEPTED,-0.0281973230694208,-0.029285359498524177,,True,-0.0008500246120974053
32.749998881,0.8455101013452636,0.8444220649161602,0.8737074244146844,34.32643233223062,-0.19349725200510928,-0.01862289219400111,0.011180339889707604,MODEL_ONLY,DUPLICATE_OR_OLD,DUPLICATE_OR_OLD,-0.0281973230694208,-0.029285359498524177,,False,
32.799998881,0.8726784250444632,0.8721624938168212,0.8897615145257691,34.37051905570413,-0.1270298649624247,0.05059472175521679,0.006180339887821146,FUSED,ACCEPTED,ACCEPTED,-0.01708308948130588,-0.01759902070894792,,True,-0.00016235076804651388
32.849998881000005,0.8692924074539047,0.8687764762262626,0.8863754969352106,34.414922480990654,-0.1270298649624247,0.11153850063689358,0.011180339887821574,MODEL_ONLY,DUPLICATE_OR_OLD,DUPLICATE_OR_OLD,-0.01708308948130588,-0.01759902070894792,,False,
32.899998881,0.8932387567651138,0.8922451079038767,0.8999567749212236,34.45958078778706,-0.12124154063551437,0.17482368361144085,0.006180339887545978,FUSED,ACCEPTED,ACCEPTED,-0.0067180181561098395,-0.007711667017346935,,True,-0.0012888945958181802
32.949998881,0.8960923689840138,0.8950987201227767,0.9028103871401236,34.50464996683859,-0.12124154063551437,0.23054415673431328,0.011180339887545694,MODEL_ONLY,DUPLICATE_OR_OLD,DUPLICATE_OR_OLD,-0.0067180181561098395,-0.007711667017346935,,False,
32.999998881,0.9143618462967974,0.9132556626883505,0.9119361908760527,34.550018631289,-0.13199239906194776,0.2882266907520236,0.006180339887505832,FUSED,ACCEPTED,ACCEPTED,0.002425655420744688,0.0013194718122977456,,True,-0.0011757339071379255
33.049998881,0.9221013459587613,0.9209951623503143,0.9196756905380166,34.595808928324345,-0.13199239906194776,0.33901422008073234,0.01118033988750555,MODEL_ONLY,DUPLICATE_OR_OLD,DUPLICATE_OR_OLD,0.002425655420744688,0.0013194718122977456,,False,
33.099998881000005,0.9492432887408879,0.9483668510419602,0.9401265059854331,34.64230398323743,-0.11062913951546494,0.38373092990009,0.0061803398874999745,FUSED,ACCEPTED,ACCEPTED,0.0091167827554548,0.008240345056527043,,True,-0.0007344469180687492
33.149998881,0.9622552242180402,0.9613787865191125,0.9531384414625854,34.68963560692363,-0.11062913951546494,0.42310248751468266,0.011180339887499691,MODEL_ONLY,DUPLICATE_OR_OLD,DUPLICATE_OR_OLD,0.0091167827554548,0.008240345056527043,,False,
33.199998881,0.9851439071242364,0.9841659449884167,0.9677278851921876,34.73765726509,-0.12352460018690485,0.465653025784749,0.006180339887499017,FUSED,ACCEPTED,ACCEPTED,0.01741602193204883,0.016438059796229143,,True,-0.0010407076885075583
33.249998881,1.001511708212535,1.0005337460767154,0.9840956862804862,34.78645285437682,-0.12352460018690485,0.5031173422740427,0.011180339887499443,MODEL_ONLY,DUPLICATE_OR_OLD,DUPLICATE_OR_OLD,0.017416021932048942,0.016438059796229254,,False,
33.299998881,1.0281010952582275,1.0277174258311375,1.0102030474491914,34.83631032272006,-0.11795086146514043,0.5361034117122514,0.0061803398874989805,FUSED,ACCEPTED,ACCEPTED,0.017898047809036033,0.017514378381946027,,True,-1.6376333828727052e-05
33.349998881000005,1.047848929604637,1.047465260177547,1.029950881795601,34.887314170951186,-0.11795086146514043,0.5651465353815056,0.011180339887499408,MODEL_ONLY,DUPLICATE_OR_OLD,DUPLICATE_OR_OLD,0.017898047809036033,0.017514378381946027,,False,
33.399998881,1.1068378524105225,1.106233790954431,1.0808279160443568,34.94008364089718,-0.02446587513091357,0.5980315321379698,0.006180339887498975,FUSED,ACCEPTED,ACCEPTED,0.026009936366165665,0.02540587491007429,,True,-0.0007402712208635955
33.449998881,1.134351784064156,1.1337477226080646,1.1083418476979903,34.994812884990736,-0.02446587513091357,0.6269856647135408,0.011180339887498692,MODEL_ONLY,DUPLICATE_OR_OLD,DUPLICATE_OR_OLD,0.026009936366165665,0.02540587491007429,,False,
33.499998881,1.155055063771932,1.1545007639018225,1.1200197809919363,35.05052192570799,-0.11188762090614948,0.6524788037097932,0.006180339887498974,FUSED,ACCEPTED,ACCEPTED,0.03503528277999557,0.034480982909886215,,True,-0.000523545518638445
33.549998881,1.1805948233503158,1.1800405234802065,1.1455595405703203,35.10716140874705,-0.11188762090614948,0.6749246543732799,0.01118033988749869,MODEL_ONLY,DUPLICATE_OR_OLD,DUPLICATE_OR_OLD,0.03503528277999557,0.034480982909886215,,False,
33.599998881000005,1.2525213591617839,1.2521514391586235,1.2163207803649634,35.16620841677043,0.036988536944202594,0.6873739661481745,0.006180339887498974,FUSED,ACCEPTED,ACCEPTED,0.03620057879682048,0.0358306587936601,,True,-0.00025596697854482486
33.649998881,1.2866754080592795,1.286305488056119,1.250474829262459,35.22787830701111,0.036988536944202594,0.6983351660617492,0.01118033988749869,MODEL_ONLY,DUPLICATE_OR_OLD,DUPLICATE_OR_OLD,0.03620057879682048,0.0358306587936601,,False,
33.699998881,1.3567870552567518,1.3565348901872976,1.3135949939023037,35.291980052590226,0.06715607443650831,0.7079861335784966,0.0061803398874988695,FUSED,ACCEPTED,ACCEPTED,0.043192061354448086,0.04293989628499384,,True,-0.00017938851808103895
33.749998881,1.3933568800468066,1.3931047149773523,1.3501648186923585,35.3585740479051,0.06715607443650831,0.7164834855786163,0.011180339887499297,MODEL_ONLY,DUPLICATE_OR_OLD,DUPLICATE_OR_OLD,0.043192061354448086,0.04293989628499384,,False,
33.799998881,1.4384166271364647,1.4383174930550293,1.3988080722717464,35.4272983701792,0.04518552094211502,0.7239651179526367,0.006180339887498959,FUSED,ACCEPTED,ACCEPTED,0.03960855486471826,0.0395094207832829,,True,-4.55572950777694e-06
33.849998881000005,1.4861969520255265,1.486150147261315,1.458843906786718,35.49873966965567,0.07805398193076576,0.7305524433899281,0.005278640450004304,FUSED,ACCEPTED,ACCEPTED,0.027353045238808438,0.027306240474596954,,True,0.0
33.899998881,1.5243051080993895,1.524258303335178,1.496952062860581,35.572634568896845,0.07805398193076576,0.736352361676137,0.01027864045000402,MODEL_ONLY,DUPLICATE_OR_OLD,DUPLICATE_OR_OLD,0.027353045238808438,0.027306240474596954,,False,
33.949998881,1.56266859504887,1.5626217902846584,1.5353155498100615,35.648441259213605,0.07805398193076576,0.7414589944737626,0.015278640450003737,MODEL_ONLY,DUPLICATE_OR_OLD,DUPLICATE_OR_OLD,0.027353045238808438,0.027306240474596954,,False,
33.999998881,1.610308071822101,1.610330449117984,1.5671663621522196,35.72600330701267,0.0832651820848629,0.7380700055100283,0.006697341805517353,FUSED,ACCEPTED,ACCEPTED,0.0431417096698814,0.04316408696576435,,True,5.649302482695767e-05
34.049998881,1.6486134739652876,1.6486358512611705,1.6054717642954062,35.80531926017385,0.0832651820848629,0.7350861148172672,0.01169734180551707,MODEL_ONLY,DUPLICATE_OR_OLD,DUPLICATE_OR_OLD,0.0431417096698814,0.04316408696576435,,False,
34.099998881000005,1.6901513181604364,1.6901937214378795,1.6402297767048715,35.88646179869887,0.08486399544590863,0.7324588995145244,0.006254308734986749,FUSED,ACCEPTED,ACCEPTED,0.04992154145556493,0.049963944733008026,,True,5.439679221527771e-05
34.149998881,1.7282896410518465,1.7283320443292896,1.6783680995962815,35.96942674560639,0.08486399544590863,0.7301457248852697,0.011254308734986465,MODEL_ONLY,DUPLICATE_OR_OLD,DUPLICATE_OR_OLD,0.04992154145556493,0.049963944733008026,,False,
34.199998881,1.7660967022299485,1.7662496487303971,1.7141480231338526,36.05423964867464,0.08422653633995691,0.7194865192424843,0.0061911013917977905,FUSED,ACCEPTED,ACCEPTED,0.05194867909609591,0.05210162559654452,,True,0.00022095506655142594
34.249998881,1.8032009380920913,1.8033538845925399,1.7512522589959953,36.14087465572789,0.08422653633995691,0.7101014475145736,0.011191101391798217,MODEL_ONLY,DUPLICATE_OR_OLD,DUPLICATE_OR_OLD,0.05194867909609591,0.05210162559654452,,False,
34.299998881,1.8363478096281556,1.836458900927055,1.791995609403022,36.22945585243786,0.08028161633743651,0.6922119704727482,0.006181909324694676,FUSED,ACCEPTED,ACCEPTED,0.04435220022513353,0.044463291524033055,,True,8.524055500272465e-05
34.349998881000005,1.8715727714220898,1.8716838627209893,1.8272205711969562,36.319936256952865,0.08028161633743651,0.6764608881839869,0.011181909324695103,MODEL_ONLY,DUPLICATE_OR_OLD,DUPLICATE_OR_OLD,0.04435220022513353,0.044463291524033055,,False,
34.399998881,1.8842104213438218,1.8844651340034426,1.8353564526729162,36.41150068254961,0.022986352593163728,0.6625925904865633,0.006180568851574175,FUSED,ACCEPTED,ACCEPTED,0.04885396867090552,0.04910868133052637,,True,0.00034346693319865784
34.449998881,1.9152666765729185,1.9155213892325393,1.866412707902013,36.50404491156397,0.022986352593163728,0.6503820212381489,0.011180568851573891,MODEL_ONLY,DUPLICATE_OR_OLD,DUPLICATE_OR_OLD,0.04885396867090552,0.04910868133052637,,False,
34.499998881,1.920443977183107,1.9208222360302731,1.8755641933971303,36.597594334096456,-0.010690162373789489,0.6285184477326023,0.006180373292615195,FUSED,ACCEPTED,ACCEPTED,0.04487978378597668,0.045258042633142814,,True,0.00045461350977318155
34.549998881,1.947760720948197,1.9481389797953632,1.9028809371622204,36.692055462360436,-0.010690162373789489,0.6092683072949024,0.011180373292614912,MODEL_ONLY,DUPLICATE_OR_OLD,DUPLICATE_OR_OLD,0.04487978378597668,0.045258042633142814,,False,
34.599998881000005,1.9643154086859131,1.9644598905246318,1.9318438971198433,36.7879235832175,-0.00170873436592996,0.5923192066926032,0.006180344761233529,FUSED,ACCEPTED,ACCEPTED,0.032471511566069866,0.03261599340478849,,True,0.0
34.649998881,1.990487613180627,1.9906320950193457,1.9580161016145572,36.885170083185855,-0.00170873436592996,0.5773960942012168,0.011180344761233245,MODEL_ONLY,DUPLICATE_OR_OLD,DUPLICATE_OR_OLD,0.032471511566069866,0.03261599340478849,,False,
34.699998881,2.0119999095128387,2.0123013960646596,1.9796885046960921,36.98361269834361,0.004991722839474638,0.5505815853388747,0.006180340598567026,FUSED,ACCEPTED,ACCEPTED,0.03231140481674655,0.03261289136856749,,True,0.000398520771684549
34.749998881,2.0359859477992712,2.0362874343510917,2.0036745429825245,37.08319677453559,0.004991722839474638,0.5269723129920083,0.011180340598567453,MODEL_ONLY,DUPLICATE_OR_OLD,DUPLICATE_OR_OLD,0.03231140481674677,0.032612891368567265,,False,
34.799998881,2.0472037663950577,2.047318924007574,2.0221455603107317,37.18384227711791,-0.011902835854879173,0.48596156964850706,0.006180339991242402,FUSED,ACCEPTED,ACCEPTED,0.025058206084326073,0.025173363696842532,,True,0.0
34.849998881000005,2.066489110630362,2.0666042682428785,2.041430904546036,37.28543168873934,-0.011902835854879173,0.4498529907550883,0.011180339991242828,MODEL_ONLY,DUPLICATE_OR_OLD,DUPLICATE_OR_OLD,0.025058206084326073,0.025173363696842532,,False,
34.899998881,2.070302734075726,2.070718589596606,2.0456551243398446,37.38760883946148,-0.03092375069081285,0.4180606026293439,0.0061803399026349355,FUSED,ACCEPTED,ACCEPTED,0.024647609735881204,0.025063465256761397,,True,0.0006016970474033607
34.949998881,2.085647806788199,2.0860636623090794,2.061000197052318,37.49027522249628,-0.03092375069081285,0.39006847517061566,0.011180339902634652,MODEL_ONLY,DUPLICATE_OR_OLD,DUPLICATE_OR_OLD,0.024647609735881204,0.025063465256761397,,False,
34.999998881,2.082447044471313,2.0832096358419685,2.061619334606101,37.59334071078775,-0.047034852730868715,0.3434421607908641,0.00618033988970728,FUSED,ACCEPTED,ACCEPTED,0.020827709865212096,0.02159030123586758,,True,0.0009768859107341411
35.049998881,2.0926026013546166,2.093365192725272,2.0717748914894045,37.696675566440135,-0.047034852730868715,0.3023892606473967,0.011180339889706997,MODEL_ONLY,DUPLICATE_OR_OLD,DUPLICATE_OR_OLD,0.020827709865212096,0.02159030123586758,,False,
35.099998881000005,2.1002796138340365,2.100719536190696,2.0845027930709454,37.80058250855415,-0.023693805864623933,0.28822375261393096,0.006180339887821161,FUSED,ACCEPTED,ACCEPTED,0.01577682076309106,0.016216743119750632,,True,0.00024050193892083925
35.149998881,2.110270335010602,2.1107102573672614,2.0944935142475107,37.905057416237106,-0.023693805864623933,0.27575149967017487,0.011180339887820877,MODEL_ONLY,DUPLICATE_OR_OLD,DUPLICATE_OR_OLD,0.01577682076309106,0.016216743119750632,,False,
35.199998881,2.116096223231774,2.1164340056122217,2.101315831349393,38.00995264987702,-0.03136605267752053,0.26477010082972696,0.006180339887545877,FUSED,ACCEPTED,ACCEPTED,0.014780391882381227,0.015118174262828799,,True,0.0002746564035396061
35.249998881,2.1246708245253645,2.125008606905812,2.1098904326429833,38.11523280647684,-0.03136605267752053,0.2551013488378603,0.011180339887546305,MODEL_ONLY,DUPLICATE_OR_OLD,DUPLICATE_OR_OLD,0.014780391882381227,0.015118174262828799,,False,
35.299998881,2.142094722813484,2.142187260629127,2.1302170872154993,38.2212354944733,-0.003906867899441672,0.26681191205082194,0.006180339887505817,FUSED,ACCEPTED,ACCEPTED,0.011877635597984604,0.011970173413627716,,True,-5.903166096223912e-05
35.349998881000005,2.153143349339378,2.153235887155021,2.1412657137413933,38.32802256449723,-0.003906867899441672,0.2771226687254776,0.011180339887506243,MODEL_ONLY,DUPLICATE_OR_OLD,DUPLICATE_OR_OLD,0.011877635597984604,0.011970173413627716,,False,
35.399998881,2.1767598253848552,2.1764428516393832,2.1609175161132477,38.43557714524359,0.012575954720591642,0.2998761535654555,0.006180339887499972,FUSED,ACCEPTED,ACCEPTED,0.01584230927160757,0.015525335526135553,,True,-0.000570065809027423
35.449998881,2.1907719511534207,2.1904549774079487,2.174929641881813,38.54397332419346,0.012575954720591642,0.3199098309743932,0.01118033988749969,MODEL_ONLY,DUPLICATE_OR_OLD,DUPLICATE_OR_OLD,0.01584230927160757,0.015525335526135553,,False,
35.499998881,2.202453668979575,2.202080939700865,2.1829475125460873,38.65292025305416,-0.018558404850984367,0.3375488095022125,0.006180339887499119,FUSED,ACCEPTED,ACCEPTED,0.019506156433487742,0.019133427154777838,,True,-0.00040718809331209346
35.549998881,2.2165675520345354,2.2161948227558255,2.1970613956010476,38.762420475757835,-0.018558404850984367,0.353079336282382,0.011180339887498836,MODEL_ONLY,DUPLICATE_OR_OLD,DUPLICATE_OR_OLD,0.019506156433487742,0.019133427154777838,,False,
35.599998881000005,2.2186758964384206,2.2183550406029457,2.1982167840103477,38.872302430248126,-0.053095176993308436,0.36675344227946255,0.006180339887498994,FUSED,ACCEPTED,ACCEPTED,0.020459112428072856,0.020138256592598047,,True,-0.0002887962844418078
35.649998881,2.2329042546030236,2.2325833987675487,2.2124451421749507,38.98256897840275,-0.053095176993308436,0.3899056106224593,0.011180339887498711,MODEL_ONLY,DUPLICATE_OR_OLD,DUPLICATE_OR_OLD,0.020459112428072856,0.020138256592598047,,False,
35.699998881,2.242187737981494,2.2417990109401056,2.220967646313532,39.09340429811496,-0.059379954397899275,0.4102903154341846,0.006180339887498873,FUSED,ACCEPTED,ACCEPTED,0.021220091667962127,0.020831364626573645,,True,-0.0004306737535009139
35.749998881,2.2580184948330886,2.2576297677917,2.2367984031651265,39.204848449351935,-0.059379954397899275,0.42823836177287344,0.0111803398874993,MODEL_ONLY,DUPLICATE_OR_OLD,DUPLICATE_OR_OLD,0.021220091667962127,0.020831364626573645,,False,
35.799998881,2.264439978451799,2.2642914979343347,2.2466405838496284,39.316934424027295,-0.08694396570301233,0.4440410123557919,0.00618033988749896,FUSED,ACCEPTED,ACCEPTED,0.017799394602170615,0.017650914084706315,,True,0.0
35.849998881000005,2.280859664225858,2.2807111837083935,2.2630602696236872,39.429676945364136,-0.08694396570301233,0.4675809515326241,0.011180339887499387,MODEL_ONLY,DUPLICATE_OR_OLD,DUPLICATE_OR_OLD,0.017799394602170615,0.017650914084706315,,False,
35.899998881,2.2997084895837325,2.2993803162544992,2.277548759172502,39.54319217108404,-0.07445167383549497,0.4883070755092912,0.006180339887498972,FUSED,ACCEPTED,ACCEPTED,0.022159730411230427,0.021831557081997133,,True,-0.000439229594440399
35.949998881,2.3187015288707347,2.3183733555415014,2.2965417984595042,39.65754443502483,-0.07445167383549497,0.5065557299288839,0.011180339887498688,MODEL_ONLY,DUPLICATE_OR_OLD,DUPLICATE_OR_OLD,0.022159730411230427,0.021831557081997133,,False,
35.999998881,2.357993897660091,2.3575982568507747,2.3306343515913395,39.77322383877611,-0.02604578834218438,0.5226230558071165,0.006180339887498974,FUSED,ACCEPTED,ACCEPTED,0.027359546068751683,0.02696390525943526,,True,-0.00043733800514306545
36.049998881,2.380917934491977,2.3805222936826604,2.353558388423225,39.89032865727647,-0.02604578834218438,0.5367697953387766,0.01118033988749869,MODEL_ONLY,DUPLICATE_OR_OLD,DUPLICATE_OR_OLD,0.027359546068751683,0.02696390525943526,,False,
36.099998881000005,2.4145885294842104,2.4142737536927132,2.383397792907411,40.00875256180974,-0.02980072216479296,0.549225523248535,0.006180339887498974,FUSED,ACCEPTED,ACCEPTED,0.031190736576799605,0.030875960785302414,,True,-0.0002647984619843849
36.149998881,2.438495948475508,2.438181172684011,2.4073052118987084,40.128520136929886,-0.02980072216479296,0.5601923723528592,0.01118033988749869,MODEL_ONLY,DUPLICATE_OR_OLD,DUPLICATE_OR_OLD,0.031190736576799605,0.030875960785302414,,False,
36.199998881,2.48176616876509,2.481518922433896,2.4483618865821417,40.2499118143919,0.011179533270796724,0.5698483137918824,0.0061803398874988695,FUSED,ACCEPTED,ACCEPTED,0.03340428218294811,0.03315703585175411,,True,-0.00020551082948487565
36.249998881,2.5086304841685725,2.5083832378373785,2.4752262019856244,40.3730015166061,0.011179533270796724,0.5783500451631195,0.011180339887499297,MODEL_ONLY,DUPLICATE_OR_OLD,DUPLICATE_OR_OLD,0.03340428218294811,0.03315703585175411,,False,
36.299998881,2.5358690739851655,2.5356218276539715,2.5024647918022174,40.49744379145079,0.011179533270796724,0.585835533425978,0.016180339887499014,MODEL_ONLY,DUPLICATE_OR_OLD,DUPLICATE_OR_OLD,0.03340428218294811,0.03315703585175411,,False,
36.349998881000005,2.5634371998226206,2.5631899534914266,2.5300329176396725,40.62325623418685,0.011179533270796724,0.5924262538435834,0.02118033988749944,MODEL_ONLY,DUPLICATE_OR_OLD,DUPLICATE_OR_OLD,0.03340428218294811,0.03315703585175411,,False,
36.399998881,2.6045634986058626,2.604495161400639,2.5778517273423343,40.75095335031139,0.010889462918950632,0.5982291612956673,0.007236067977499807,FUSED,ACCEPTED,ACCEPTED,0.026711771263528306,0.026643434058304827,,True,0.0
36.449998881,2.6326627295311655,2.632594392325942,2.6059509582676372,40.880548417451635,0.010889462918950632,0.603338425953216,0.012236067977499524,MODEL_ONLY,DUPLICATE_OR_OLD,DUPLICATE_OR_OLD,0.026711771263528306,0.026643434058304827,,False,
36.499998880999996,2.65242598325971,2.6523571135203876,2.6191809050225983,41.01117671403389,-0.02471154868534759,0.6078369614815573,0.00632839806088699,FUSED,ACCEPTED,ACCEPTED,0.03324507823711187,0.03317620849778935,,True,-6.917870427911033e-05
36.549998881,2.6791681308357167,2.679099261096394,2.645923052598605,41.14280431297443,-0.02471154868534759,0.6117977705717368,0.011328398060887417,MODEL_ONLY,DUPLICATE_OR_OLD,DUPLICATE_OR_OLD,0.03324507823711187,0.03317620849778935,,False,
36.599998881000005,2.712426925013973,2.7123674653623375,2.677966053507904,41.2759015406271,0.005850195418865622,0.6152851296355943,0.0062018198080742715,FUSED,ACCEPTED,ACCEPTED,0.034460871506069246,0.03440141185443357,,True,-5.369663210830905e-05
36.649998881,2.741025052861085,2.740965593209449,2.7065641813550156,41.41051479649867,0.005850195418865622,0.6183556318898994,0.011201819808073988,MODEL_ONLY,DUPLICATE_OR_OLD,DUPLICATE_OR_OLD,0.034460871506069246,0.03440141185443357,,False,
36.699998881,2.762074248958172,2.762051556010861,2.7313547112761523,41.546462768814436,-0.027748259982484324,0.621059105756816,0.006183471196562216,FUSED,ACCEPTED,ACCEPTED,0.030719537682019737,0.030696844734708684,,True,0.0
36.749998880999996,2.789246643614946,2.789223950667635,2.7585271059329264,41.68370981424466,-0.027748259982484324,0.6234394234845928,0.011183471196561932,MODEL_ONLY,DUPLICATE_OR_OLD,DUPLICATE_OR_OLD,0.030719537682019737,0.030696844734708684,,False,
36.799998881,2.802597141549155,2.8025884746511944,2.7789140560679124,41.82214584329469,-0.05717530307661874,0.6255352131108604,0.00618079668469897,FUSED,ACCEPTED,ACCEPTED,0.02368308548124265,0.02367441858328201,,True,0.0
36.849998881000005,2.828495237143111,2.8284865702451505,2.8048121516618685,41.961738998487945,-0.05717530307661874,0.6273804853223447,0.011180796684699398,MODEL_ONLY,DUPLICATE_OR_OLD,DUPLICATE_OR_OLD,0.02368308548124265,0.02367441858328201,,False,
36.899998881,2.86580328352254,2.865916000929973,2.833603718293582,42.102699395236826,-0.0019196818556866668,0.6193789480513066,0.006180406532149452,FUSED,ACCEPTED,ACCEPTED,0.03219956522895817,0.032312282636390854,,True,0.00018773491600086734
36.949998881,2.8937118291041553,2.893824546511588,2.861512263875197,42.24507729479104,-0.0019196818556866668,0.6123338638547126,0.011180406532149169,MODEL_ONLY,DUPLICATE_OR_OLD,DUPLICATE_OR_OLD,0.03219956522895817,0.032312282636390854,,False,
36.999998880999996,2.9049997912773766,2.9051329078165393,2.867629737927842,42.388305844836104,-0.0680222041234757,0.606130904391317,0.006180349610797583,FUSED,ACCEPTED,ACCEPTED,0.03737005334953469,0.037503169888697396,,True,0.0001457238439847644
37.049998881,2.9290199879231444,2.929153104462307,2.8916499345736097,42.53228783664865,-0.0680222041234757,0.6006694074054988,0.01118034961079801,MODEL_ONLY,DUPLICATE_OR_OLD,DUPLICATE_OR_OLD,0.03737005334953469,0.037503169888697396,,False,
37.099998881000005,2.963896964631747,2.963993980051608,2.9303598397281907,42.67783808100621,-0.007061437100529873,0.5958607431699648,0.0061803413061087,FUSED,ACCEPTED,ACCEPTED,0.033537124903556315,0.033634140323417494,,True,7.470371450923538e-05
37.149998881,2.989957444150595,2.990054459570456,2.9564203192470386,42.82500758498058,-0.007061437100529873,0.5805142978442381,0.011180341306108416,MODEL_ONLY,DUPLICATE_OR_OLD,DUPLICATE_OR_OLD,0.033537124903556315,0.033634140323417494,,False,
37.199998881,3.015390425927143,3.015607550079278,2.9801258535166233,42.97342123929967,-0.022028597634314435,0.5670022693707216,0.006180340094471229,FUSED,ACCEPTED,ACCEPTED,0.03526457241051961,0.03548169656265454,,True,0.00029135542451723395
37.249998880999996,3.0394321016860997,3.0396492258382346,3.00416752927558,43.12302857386946,-0.022028597634314435,0.5551053831802073,0.011180340094470945,MODEL_ONLY,DUPLICATE_OR_OLD,DUPLICATE_OR_OLD,0.03526457241051961,0.03548169656265454,,False,
37.299998881,3.0642375453669324,3.0644040476322747,3.035075083153739,43.27400963918021,-0.0077162945559957966,0.530955364698324,0.006180339917695819,FUSED,ACCEPTED,ACCEPTED,0.029162462213193407,0.029328964478535724,,True,0.00013521621913013468
37.349998881000005,3.098171507002124,3.098250118708069,3.0783213778475456,43.426844550705255,0.030827363089090773,0.5096920864317852,0.005278640456735558,FUSED,ACCEPTED,ACCEPTED,0.01985012915457851,0.01992874086052332,,True,0.0
37.399998881,3.1216492359253993,3.121727847631344,3.101799106770821,43.5813475628207,0.030827363089090773,0.4909704857431822,0.010278640456735273,MODEL_ONLY,DUPLICATE_OR_OLD,DUPLICATE_OR_OLD,0.01985012915457851,0.01992874086052332,,False,
37.449998881,3.1443027778913533,3.144381389597298,3.1244526487367748,43.737003856708384,0.030827363089090773,0.4744867465967534,0.01527864045673499,MODEL_ONLY,DUPLICATE_OR_OLD,DUPLICATE_OR_OLD,0.01985012915457851,0.01992874086052332,,False,
37.499998880999996,3.1662306509875164,3.1663092626934612,3.146380521832938,43.893774685972616,0.030827363089090773,0.45997336920093496,0.020278640456734706,MODEL_ONLY,DUPLICATE_OR_OLD,DUPLICATE_OR_OLD,0.01985012915457851,0.01992874086052332,,False,
37.549998881,3.1865084183811296,3.1865870300870744,3.166658289226551,44.051600656249114,0.030827363089090773,0.4269712551498813,0.025278640456735134,MODEL_ONLY,DUPLICATE_OR_OLD,DUPLICATE_OR_OLD,0.01985012915457851,0.01992874086052332,,False,
37.599998881000005,3.1153487380398386,3.115368255010882,3.0980575337847975,44.20821855182441,-0.15324783929360558,0.39791400473916105,0.007517294554481977,FUSED,ACCEPTED,ACCEPTED,0.01729120425504105,0.017310721226084347,,True,0.0
37.649998881,3.1236906862548466,3.12371020322589,3.1063994819998055,44.36332997721902,-0.15324783929360558,0.37233007396051343,0.012517294554481693,MODEL_ONLY,DUPLICATE_OR_OLD,DUPLICATE_OR_OLD,0.01729120425504105,0.017310721226084347,,False,
37.699998881,3.1365765038572646,3.1368946272083904,3.1237066712191344,44.51908263104948,-0.060310253775371636,0.34980428418911613,0.006365921809572875,FUSED,ACCEPTED,ACCEPTED,0.01286983263813024,0.01318795598925604,,True,0.0004885871057621512
37.749998880999996,3.1474473818812956,3.1477655052324214,3.1345775492431653,44.67553973656103,-0.060310253775371636,0.32997108462274327,0.01136592180957259,MODEL_ONLY,DUPLICATE_OR_OLD,DUPLICATE_OR_OLD,0.01286983263813024,0.01318795598925604,,False,
37.799998881,3.1101170184887508,3.1103781035506204,3.099078483489005,44.831381137379346,-0.19981759934829987,0.2905284315831248,0.006207225344812648,FUSED,ACCEPTED,ACCEPTED,0.011038534999745941,0.011299620061615556,,True,0.0002262331971719725
37.849998881000005,3.110304000173637,3.1105650852355065,3.099265465173891,44.98633973609593,-0.19981759934829987,0.25580050341275473,0.011207225344813075,MODEL_ONLY,DUPLICATE_OR_OLD,DUPLICATE_OR_OLD,0.011038534999745941,0.011299620061615556,,False,
37.899998881,3.1024524022721156,3.1029633254679685,3.0994312181648485,45.14130715317939,-0.1433615959839648,0.2252237317692546,0.0061842583988085936,FUSED,ACCEPTED,ACCEPTED,0.0030211841072671497,0.0035321073031200356,,True,0.0006650755129018078
37.949998881,3.1025872546395603,3.103098177835413,3.099566070532293,45.29628208539681,-0.1433615959839648,0.19830191369959535,0.01118425839880831,MODEL_ONLY,DUPLICATE_OR_OLD,DUPLICATE_OR_OLD,0.0030211841072671497,0.0035321073031200356,,False,
37.999998880999996,3.1204379187193743,3.1209520409766545,3.1202160050858474,45.45177663728725,-0.07925791190673487,0.17459815920823782,0.006180911505037996,FUSED,ACCEPTED,ACCEPTED,0.0002219136335268601,0.000736035890807063,,True,0.0005160989072747703
38.049998881,3.121549249673798,3.122063371931078,3.121327336040271,45.60781522081542,-0.07925791190673487,0.15372780136194328,0.011180911505038423,MODEL_ONLY,DUPLICATE_OR_OLD,DUPLICATE_OR_OLD,0.0002219136335268601,0.000736035890807063,,False,
38.099998881000005,3.1463553064277643,3.147034734889901,3.1470135141231705,45.764523742069514,-0.02217320892117603,0.11428218380473223,0.006180423283553222,FUSED,ACCEPTED,ACCEPTED,-0.0006582076954062543,2.1220766730500884e-05,,True,0.0007815897061465842
38.149998881,3.14661206473719,3.1472914931993268,3.1472702724325963,45.9218808367334,-0.02217320892117603,0.07955164547642632,0.011180423283552938,MODEL_ONLY,DUPLICATE_OR_OLD,DUPLICATE_OR_OLD,-0.0006582076954062543,2.1220766730500884e-05,,False,
38.199998881,3.1314533712440276,3.1318412493968113,3.1318989880346075,46.07886006824507,-0.09565358065784851,0.07004254574775048,0.006180352054780449,FUSED,ACCEPTED,ACCEPTED,-0.0004456167905799724,-5.7738637796234116e-05,,True,0.00020769108088577911
38.249998880999996,3.127142033870752,3.127529912023536,3.127587650661332,46.23534723421246,-0.09565358065784851,0.06167010355907107,0.011180352054780166,MODEL_ONLY,DUPLICATE_OR_OLD,DUPLICATE_OR_OLD,-0.0004456167905799724,-5.7738637796234116e-05,,False,
38.299998881,3.136326266666854,3.136474422868868,3.139380743131884,46.392021444057306,-0.02742498764557222,0.054298450068951516,0.006180341662680592,FUSED,ACCEPTED,ACCEPTED,-0.003054476465030209,-0.00290632026301596,,True,0.0
38.349998881000005,3.134733251633064,3.134881407835078,3.137787728098094,46.54895065583807,-0.02742498764557222,0.047807957336513204,0.011180341662681018,MODEL_ONLY,DUPLICATE_OR_OLD,DUPLICATE_OR_OLD,-0.003054476465030209,-0.00290632026301596,,False,
38.399998881,3.0780283219413556,3.0781763605656813,3.080957445929583,46.704419285188756,-0.21293824009798232,0.0420932969870689,0.006180340146494464,FUSED,ACCEPTED,ACCEPTED,-0.0029291239882276443,-0.0027810853639018696,,True,0.00014796595732564574
38.449998881,3.066622332964749,3.0667703715890746,3.0695514569529765,46.85818200776081,-0.21293824009798232,0.03706173093256886,0.01118034014649418,MODEL_ONLY,DUPLICATE_OR_OLD,DUPLICATE_OR_OLD,-0.0029291239882276443,-0.0027810853639018696,,False,
38.499998880999996,3.0582400309298516,3.0580587447741627,3.0687193805534654,47.01163877869846,-0.12335707505263775,0.054611794911617995,0.006180339925285803,FUSED,ACCEPTED,ACCEPTED,-0.010479349623613743,-0.010660635779302652,,True,-0.0003848200598179294
38.549998881,3.052963215430127,3.0527819292744383,3.063442565053741,47.164942827338656,-0.12335707505263775,0.0700640354248947,0.01118033992528623,MODEL_ONLY,DUPLICATE_OR_OLD,DUPLICATE_OR_OLD,-0.010479349623613743,-0.010660635779302652,,False,
38.599998881000005,3.0288710042522613,3.0286172665283497,3.036961217021494,47.31745292189055,-0.19964460601894213,0.0836692129994696,0.006180339893012102,FUSED,ACCEPTED,ACCEPTED,-0.008090212769232608,-0.008343950493144181,,True,-0.0002985152555066914
38.649998881,3.0210590161248585,3.020805278400947,3.029149228894091,47.46910568303843,-0.19964460601894213,0.09564811383761346,0.011180339893011818,MODEL_ONLY,DUPLICATE_OR_OLD,DUPLICATE_OR_OLD,-0.008090212769232608,-0.008343950493144181,,False,
38.699998881,3.0442075947273772,3.044006490065787,3.053239115261185,47.6211653916423,-0.08316011030358221,0.10619513275769463,0.006180339888303224,FUSED,ACCEPTED,ACCEPTED,-0.009031520533807846,-0.009232625195398025,,True,-0.00016857564015444748
38.749998880999996,3.043211497086512,3.0430103924249217,3.0522430176203197,47.77380244496433,-0.08316011030358221,0.11548142785301214,0.01118033988830294,MODEL_ONLY,DUPLICATE_OR_OLD,DUPLICATE_OR_OLD,-0.009031520533807846,-0.009232625195398025,,False,
38.799998881,3.0497031755209276,3.0496263603754987,3.0534869493513925,47.926445694138636,-0.11268077840447932,0.12365769806270528,0.006180339887616312,FUSED,ACCEPTED,ACCEPTED,-0.0037837738304649093,-0.0038605889758938083,,True,0.0
38.849998881000005,3.047999804518838,3.047922989373409,3.051783578349303,48.07907745733117,-0.11268077840447932,0.13085662872942663,0.011180339887616738,MODEL_ONLY,DUPLICATE_OR_OLD,DUPLICATE_OR_OLD,-0.0037837738304649093,-0.0038605889758938083,,False,
38.899998881,3.0589275899444988,3.058819743416486,3.0615731795559666,48.23191137627879,-0.08305206172435428,0.13719504483055,0.006180339887516094,FUSED,ACCEPTED,ACCEPTED,-0.00264558961146788,-0.0027534361394807583,,True,-0.00012702497716727905
38.949998881,3.059301613681232,3.0591937671532192,3.0619472032927,48.384999385849994,-0.08305206172435428,0.1427758068257594,0.01118033988751581,MODEL_ONLY,DUPLICATE_OR_OLD,DUPLICATE_OR_OLD,-0.00264558961146788,-0.0027534361394807583,,False,
38.999998880999996,3.0599213210710285,3.0598134745430157,3.0625669106824964,48.53811223869936,-0.08305206172435428,0.1476894798870237,0.016180339887515528,MODEL_ONLY,DUPLICATE_OR_OLD,DUPLICATE_OR_OLD,-0.00264558961146788,-0.0027534361394807583,,False,
39.049998881,3.060757344646444,3.060649498118431,3.063402934257912,48.69126148482289,-0.08305206172435428,0.152015803599399,0.021180339887515956,MODEL_ONLY,DUPLICATE_OR_OLD,DUPLICATE_OR_OLD,-0.00264558961146788,-0.0027534361394807583,,False,
39.099998881000005,3.0514746530894508,3.0514170228285185,3.0513131579197275,48.844129387127346,-0.12631089071047236,0.1558249859831049,0.007236067977501122,FUSED,ACCEPTED,ACCEPTED,0.00016149516972330247,0.00010386490879099597,,True,-3.844935369558462e-05
39.149998881,3.0505058871774104,3.050448256916478,3.050344392007687,48.996670825875526,-0.12631089071047236,0.1591788428364024,0.012236067977500839,MODEL_ONLY,DUPLICATE_OR_OLD,DUPLICATE_OR_OLD,0.00016149516972330247,0.00010386490879099597,,False,
39.199998881,3.035813212549068,3.03574696090862,3.0365243259624086,49.14884254382477,-0.15554363196496349,0.16213180088864168,0.006328398060887167,FUSED,ACCEPTED,ACCEPTED,-0.0007111134133404029,-0.0007773650537887811,,True,-7.125358145195718e-05
39.249998880999996,3.0336604564846206,3.033594204844172,3.034371569897961,49.30061494122127,-0.15554363196496349,0.16473178104274733,0.011328398060886882,MODEL_ONLY,DUPLICATE_OR_OLD,DUPLICATE_OR_OLD,-0.0007111134133404029,-0.0007773650537887811,,False,
39.299998881,3.0413307224088744,3.0413055588420312,3.042717386365765,49.45254216512787,-0.11082240498649473,0.16702097604049476,0.006201819808074195,FUSED,ACCEPTED,ACCEPTED,-0.001386663956890466,-0.0014118275237335887,,True,0.0
39.349998881000005,3.041629265399743,3.0416041018329,3.0430159293566335,49.60468549802095,-0.11082240498649473,0.16903653517060424,0.011201819808074623,MODEL_ONLY,DUPLICATE_OR_OLD,DUPLICATE_OR_OLD,-0.001386663956890466,-0.0014118275237335887,,False,
39.399998881,3.052297204975077,3.0522632729044017,3.052480776660374,49.757072915671365,-0.09508455099648146,0.1708111671311688,0.0061834711965623075,FUSED,ACCEPTED,ACCEPTED,-0.00018357168529670176,-0.00021750375597218152,,True,-3.9344119406051095e-05
39.449998881,3.0535494974484028,3.0535155653777273,3.0537330691336995,49.909728261816205,-0.09508455099648146,0.17237367082972646,0.011183471196562024,MODEL_ONLY,DUPLICATE_OR_OLD,DUPLICATE_OR_OLD,-0.00018357168529670176,-0.00021750375597218152,,False,
39.499998881,3.0768486361680027,3.0768184965349787,3.075772258315246,50.06296589500244,-0.0447934870645345,0.17374940273485343,0.006180796684698984,FUSED,ACCEPTED,ACCEPTED,0.0010763778527569379,0.0010462382197329312,,True,-2.779623116327002e-05
39.549998881,3.0807448327146143,3.0807146930815903,3.0796684548618574,50.216851912831864,-0.0447934870645345,0.17496068836350878,0.0111807966846987,MODEL_ONLY,DUPLICATE_OR_OLD,DUPLICATE_OR_OLD,0.0010763778527569379,0.0010462382197329312,,False,
39.599998881000005,3.0973543320676655,3.0976301871492513,3.0943981109379117,50.37120357697687,-0.031026439520227003,0.1540469960786696,0.006180406532149456,FUSED,ACCEPTED,ACCEPTED,0.0029562211297538,0.003232076211339585,,True,0.00046496487671682154
39.649998881,3.099972506277227,3.1002483613588128,3.097016285147473,50.525988936878996,-0.031026439520227003,0.13563319407819324,0.011180406532149172,MODEL_ONLY,DUPLICATE_OR_OLD,DUPLICATE_OR_OLD,0.0029562211297538,0.003232076211339585,,False,
39.699998881,3.1037558147071156,3.1040641394302404,3.1010569700463533,50.680940768258836,-0.036434327458301156,0.11942046131466319,0.006180349610797584,FUSED,ACCEPTED,ACCEPTED,0.0026988446607623118,0.0030071693838871205,,True,0.0003283919825445335
39.749998881,3.1045792196116433,3.104887544334768,3.101880374950881,50.83601420188378,-0.036434327458301156,0.1051456959155959,0.011180349610798012,MODEL_ONLY,DUPLICATE_OR_OLD,DUPLICATE_OR_OLD,0.0026988446607623118,0.0030071693838871205,,False,
39.799998881,3.106010429719891,3.1061281992408136,3.1048680038264727,50.9911829113532,-0.029927464425445603,0.0925772455395605,0.006180341306108596,FUSED,ACCEPTED,ACCEPTED,0.0011424258934185083,0.00126019541434097,,True,0.0
39.849998881000005,3.105977450385205,3.1060952199061274,3.1048350244917864,51.14642548706117,-0.029927464425445603,0.08151114809846134,0.011180341306109023,MODEL_ONLY,DUPLICATE_OR_OLD,DUPLICATE_OR_OLD,0.0011424258934185083,0.00126019541434097,,False,
39.899998881,3.0971519123719626,3.097307150575169,3.0971547302853906,51.30147523093059,-0.054100018208858416,0.07176782184008972,0.006180340094471317,FUSED,ACCEPTED,ACCEPTED,-2.8179134279326945e-06,0.00015242028977846545,,True,0.00017839512034126693
39.949998881,3.0949942054970436,3.09514944370025,3.0949970234104716,51.45627902477298,-0.054100018208858416,0.06318915107721425,0.011180340094471034,MODEL_ONLY,DUPLICATE_OR_OLD,DUPLICATE_OR_OLD,-2.8179134279326945e-06,0.00015242028977846545,,False,
39.999998881,3.0856802468835363,3.0860995284359714,3.0888020880961378,51.610874002560664,-0.05138789564962451,0.03456595019914607,0.006180339917695832,FUSED,ACCEPTED,ACCEPTED,-0.003121841212601506,-0.002702559660166415,,True,0.0005824693146746635
40.049998881,3.080966897853808,3.081386179406243,3.0840887390664093,51.76519627323972,-0.05138789564962451,0.009364185421786055,0.011180339917695549,MODEL_ONLY,DUPLICATE_OR_OLD,DUPLICATE_OR_OLD,-0.003121841212601506,-0.002702559660166415,,False,
40.099998881000005,3.069391370022923,3.069666390409317,3.074785372623212,51.91916812603197,-0.054106484817755124,-0.012825120051041628,0.006180339891904636,FUSED,ACCEPTED,ACCEPTED,-0.005394002600289216,-0.0051189822138950625,,True,0.00018586208269074245
40.149998881,3.064581633130806,3.0647114801435533,3.0689151031470567,52.072760637926216,-0.03775437101343675,-0.032362056520214386,0.005278640450986225,FUSED,ACCEPTED,ACCEPTED,-0.004333470016250729,-0.0042036230035034094,,True,0.0
40.199998881,3.0576035674931337,3.057733414505881,3.0619370375093844,52.22603194144262,-0.03775437101343675,-0.049563671373277655,0.010278640450985942,MODEL_ONLY,DUPLICATE_OR_OLD,DUPLICATE_OR_OLD,-0.004333470016250729,-0.0042036230035034094,,False,
40.249998881,3.049868229716044,3.0499980767287913,3.0542016997322947,52.37893540987368,-0.03775437101343675,-0.06470911416161132,0.01527864045098637,MODEL_ONLY,DUPLICATE_OR_OLD,DUPLICATE_OR_OLD,-0.004333470016250729,-0.0042036230035034094,,False,
40.299998881,2.9987294290491273,2.998718273288413,3.006109043989565,52.53044317846671,-0.1577592625620019,-0.05697419659665193,0.006697341805624457,FUSED,ACCEPTED,ACCEPTED,-0.0073796149404374844,-0.007390770701151794,,True,-8.06884169116135e-05
40.349998881000005,2.985721109298912,2.9857099535381977,2.9931007242393495,52.68042342267245,-0.1577592625620019,-0.05016386207554685,0.011697341805624883,MODEL_ONLY,DUPLICATE_OR_OLD,DUPLICATE_OR_OLD,-0.0073796149404374844,-0.007390770701151794,,False,
40.399998881,2.973012603062546,2.9730014473018316,2.9803922180029834,52.829760746228494,-0.1577592625620019,-0.044167591798607464,0.0166973418056246,MODEL_ONLY,DUPLICATE_OR_OLD,DUPLICATE_OR_OLD,-0.0073796149404374844,-0.007390770701151794,,False,
40.449998881,2.9605680725319448,2.9605569167712305,2.9679476874723822,52.97846924386537,-0.1577592625620019,-0.03888807768330408,0.021697341805624316,MODEL_ONLY,DUPLICATE_OR_OLD,DUPLICATE_OR_OLD,-0.0073796149404374844,-0.007390770701151794,,False,
40.499998881,2.955735578664003,2.955735578664003,2.955735578664003,53.12656132551879,-0.1577592625620019,-0.034239643238831635,0.026697341805624743,MODEL_ONLY,MISSING_OR_STALE,MISSING_OR_STALE,0.0,0.0,40.999998881,False,
40.549998881,2.9437281093576013,2.9437281093576013,2.9437281093576013,53.27404791771932,-0.1577592625620019,-0.030146853199324364,0.03169734180562446,MODEL_ONLY,MISSING_OR_STALE,MISSING_OR_STALE,0.0,0.0,41.049998881,False,
40.599998881000005,2.931900818243529,2.931900818243529,2.931900818243529,53.42093864090936,-0.1577592625620019,-0.02654328935270207,0.03669734180562489,MODEL_ONLY,MISSING_OR_STALE,MISSING_OR_STALE,0.0,0.0,41.099998881000005,False,
40.649998881,2.920232167962134,2.920232167962134,2.920232167962134,53.5672419655645,-0.1577592625620019,-0.023370472699189373,0.04169734180562461,MODEL_ONLY,MISSING_OR_STALE,MISSING_OR_STALE,0.0,0.0,41.149998881,False,
40.699998881,2.90870319559329,2.90870319559329,2.90870319559329,53.71296534965337,-0.1577592625620019,-0.020576914448169382,0.04669734180562432,MODEL_ONLY,MISSING_OR_STALE,MISSING_OR_STALE,0.0,0.0,41.199998881,False,
40.749998881,2.8972972049242096,2.8972972049242096,2.8972972049242096,53.85811535966632,-0.1577592625620019,-0.018117280452866518,0.05169734180562475,MODEL_ONLY,MISSING_OR_STALE,MISSING_OR_STALE,0.0,0.0,41.249998881,False,
40.799998881,2.885999495501614,2.885999495501614,2.885999495501614,54.00269777717696,-0.1577592625620019,-0.015951655523213128,0.05669734180562447,MODEL_ONLY,MISSING_OR_STALE,MISSING_OR_STALE,0.0,0.0,41.299998881,False,
40.849998881000005,2.874797124071273,2.874797124071273,2.874797124071273,54.1467176926663,-0.1577592625620019,-0.014044895678092313,0.061697341805624896,MODEL_ONLY,MISSING_OR_STALE,MISSING_OR_STALE,0.0,0.0,41.349998881000005,False,
40.899998881,2.8647777039587314,2.8647777039587314,2.8647777039587314,54.29020706336704,-0.1577592625620019,0.009614130677869398,0.06669734180562462,MODEL_ONLY,MISSING_OR_STALE,MISSING_OR_STALE,0.0,0.0,41.399998881,False,
40.949998881,2.8557998326576324,2.8557998326576324,2.8557998326576324,54.43322150178244,-0.1577592625620019,0.030445106906711143,0.07169734180562433,MODEL_ONLY,MISSING_OR_STALE,MISSING_OR_STALE,0.0,0.0,41.449998881,False,
40.999998881,2.847739010021422,2.847739010021422,2.847739010021422,54.57580997284943,-0.1577592625620019,0.0487860802045106,0.07669734180562475,MODEL_ONLY,MISSING_OR_STALE,MISSING_OR_STALE,0.0,0.0,41.499998881,False,
41.049998881,2.8404856178623428,2.8404856178623428,2.8404856178623428,54.718015588546514,-0.1577592625620019,0.0649346897470986,0.08169734180562446,MODEL_ONLY,MISSING_OR_STALE,MISSING_OR_STALE,0.0,0.0,41.549998881,False,
41.099998881000005,2.8339431410563485,2.8339431410563485,2.8339431410563485,54.85987630751949,-0.1577592625620019,0.07915299680882502,0.08669734180562488,MODEL_ONLY,MISSING_OR_STALE,MISSING_OR_STALE,0.0,0.0,41.599998881000005,False,
41.149998881,2.828026601285889,2.828026601285889,2.828026601285889,55.00142555107804,-0.1577592625620019,0.09167173751949328,0.0916973418056246,MODEL_ONLY,MISSING_OR_STALE,MISSING_OR_STALE,0.0,0.0,41.649998881,False,
41.199998881,2.82266117800314,2.82266117800314,2.82266117800314,55.14269274556026,-0.1577592625620019,0.10269406727370364,0.09669734180562431,MODEL_ONLY,MISSING_OR_STALE,MISSING_OR_STALE,0.0,0.0,41.699998881,False,
41.249998881,2.8177809942345653,2.8177809942345653,2.8177809942345653,55.28370379986622,-0.1577592625620019,0.11239885755720508,0.10169734180562473,MODEL_ONLY,MISSING_OR_STALE,MISSING_OR_STALE,0.0,0.0,41.749998881,False,
41.299998881,2.813328047522707,2.813328047522707,2.813328047522707,55.42448152591014,-0.1577592625620019,0.12094359869151389,0.10669734180562444,MODEL_ONLY,MISSING_OR_STALE,MISSING_OR_STALE,0.0,0.0,41.799998881,False,
41.349998881000005,2.8092512686564146,2.8092512686564146,2.8092512686564146,55.565046008814626,-0.1577592625620019,0.1284669556028419,0.11169734180562486,MODEL_ONLY,MISSING_OR_STALE,MISSING_OR_STALE,0.0,0.0,41.849998881000005,False,
41.399998881,2.7790066390162282,2.7790066390162282,2.7790066390162282,55.704752456506434,-0.1577592625620019,0.13509101809058044,0.009210717458039357,FUSED,ACCEPTED,ACCEPTED,0.0,0.0,41.849998881000005,False,
41.449998881,2.775552676475444,2.775552676475444,2.775552676475444,55.84361643939372,-0.1577592625620019,0.14092328211296162,0.014210717458039073,MODEL_ONLY,DUPLICATE_OR_OLD,DUPLICATE_OR_OLD,0.0,0.0,41.849998881000005,False,
41.499998881,2.75928659428436,2.75928659428436,2.75928659428436,55.98198742116273,-0.1889644590058479,0.1460583942423732,0.006576598977972808,FUSED,ACCEPTED,ACCEPTED,0.0,0.0,41.849998881000005,False,
41.549998881,2.754755192195713,2.754755192195713,2.754755192195713,56.11983846582472,-0.1889644590058479,0.15057968759953788,0.011576598977972525,MODEL_ONLY,DUPLICATE_OR_OLD,DUPLICATE_OR_OLD,0.0,0.0,41.849998881000005,False,
41.599998881000005,2.754301311853417,2.754301311853417,2.754301311853417,56.25756487842596,-0.1676354750617634,0.15456053419185747,0.006237291307180376,FUSED,ACCEPTED,ACCEPTED,0.0,0.0,41.849998881000005,False,
41.649998881,2.7512106513620873,2.7512106513620873,2.7512106513620873,56.39520267750634,-0.1676354750617634,0.1580655356017894,0.011237291307180092,MODEL_ONLY,DUPLICATE_OR_OLD,DUPLICATE_OR_OLD,0.0,0.0,41.849998881000005,False,
41.699998881,2.7487344679562775,2.7487344679562775,2.7487344679562775,56.53270130548929,-0.1699433691118736,0.1611515713478864,0.006188630951677734,FUSED,ACCEPTED,ACCEPTED,0.0,0.0,41.849998881000005,False,
41.749998881,2.7458185720789223,2.7458185720789223,2.7458185720789223,56.67006513149018,-0.1699433691118736,0.1638687219313935,0.011188630951678161,MODEL_ONLY,DUPLICATE_OR_OLD,DUPLICATE_OR_OLD,0.0,0.0,41.849998881000005,False,
41.799998881,2.736875836684384,2.736875836684384,2.736875836684384,56.80713249170926,-0.1865873042926347,0.16626108154770328,0.006181549154497017,FUSED,ACCEPTED,ACCEPTED,0.0,0.0,41.849998881000005,False,
41.849998881000005,2.7333526816339933,2.7333526816339933,2.7333526816339933,56.94388820466723,-0.1865873042926347,0.16836747365143576,0.011181549154497445,MODEL_ONLY,DUPLICATE_OR_OLD,DUPLICATE_OR_OLD,0.0,0.0,41.849998881000005,False,
41.899998881,2.731009344157679,2.7309854378516243,2.7340139026560752,57.08057236927448,-0.17048718021829798,0.17022208098739688,0.006180516309027377,FUSED,ACCEPTED,ACCEPTED,-0.0030045584983962037,-0.0030284648044509588,41.849998881000005,True,-3.868011159477783e-05
41.949998881,2.7284655716440156,2.728441665337961,2.731470130142412,57.21720947009443,-0.17048718021829798,0.17185500031163217,0.011180516309027094,MODEL_ONLY,DUPLICATE_OR_OLD,DUPLICATE_OR_OLD,-0.0030045584983962037,-0.0030284648044509588,41.849998881000005,False,
41.999998881,2.738852590647031,2.7388231206803586,2.7422273011078926,57.3540519058757,-0.13651586700675258,0.1732927308046368,0.006180365626879629,FUSED,ACCEPTED,ACCEPTED,-0.003374710460861685,-0.003404180427533987,41.849998881000005,True,-3.290846054411012e-05
42.049998881,2.7381425639834998,2.7381130940168275,2.7415172744443614,57.491145520264496,-0.13651586700675258,0.17455860410274524,0.011180365626879345,MODEL_ONLY,DUPLICATE_OR_OLD,DUPLICATE_OR_OLD,-0.003374710460861685,-0.003404180427533987,41.849998881000005,False,
42.099998881000005,2.7374882652611463,2.737458795294474,2.740862975722008,57.628205026518664,-0.13651586700675258,0.17567316292629467,0.016180365626879772,MODEL_ONLY,DUPLICATE_OR_OLD,DUPLICATE_OR_OLD,-0.003374710460861685,-0.003404180427533987,41.849998881000005,False,
42.149998881,2.736883033114927,2.7368535631482547,2.7402577435757887,57.7652330445011,-0.13651586700675258,0.17665449444897377,0.02118036562687949,MODEL_ONLY,DUPLICATE_OR_OLD,DUPLICATE_OR_OLD,-0.003374710460861685,-0.003404180427533987,41.849998881000005,False,
42.199998881,2.754605857404997,2.7545958694688664,2.755969265022084,57.90263871971604,-0.11345099117165043,0.17751852381831382,0.007236069943812074,FUSED,ACCEPTED,ACCEPTED,-0.0013634076170871978,-0.0013733955532178044,41.849998881000005,True,-2.5464699494138826e-06
42.249998881,2.755235107957613,2.7552251200214823,2.7565985155747,58.04045291423097,-0.11345099117165043,0.1782792725905984,0.0122360699438125,MODEL_ONLY,DUPLICATE_OR_OLD,DUPLICATE_OR_OLD,-0.0013634076170871978,-0.0013733955532178044,41.849998881000005,False,
42.299998881,2.7633576199423433,2.7633539527700415,2.7634473305374145,58.178454060383764,-0.10717934046116062,0.17894908627410125,0.006328398325958953,FUSED,ACCEPTED,ACCEPTED,-8.971059507123513e-05,-9.337776737305958e-05,41.849998881000005,True,0.0
42.349998881000005,2.764363431134616,2.764359763962314,2.764453141729687,58.31665157219045,-0.10717934046116062,0.17953883467324816,0.011328398325959381,MODEL_ONLY,DUPLICATE_OR_OLD,DUPLICATE_OR_OLD,-8.971059507123513e-05,-9.337776737305958e-05,41.849998881000005,False,
42.399998881,2.7792518927818834,2.7792463128806797,2.7784796830881846,58.45522489281089,-0.0747891619697103,0.18005808828490533,0.006201819846313908,FUSED,ACCEPTED,ACCEPTED,0.0007722096936988443,0.0007666297924950882,41.849998881000005,True,-6.751313650103438e-06
42.449998881,2.781926034845534,2.78192045494433,2.781153825151835,58.59421573051688,-0.0747891619697103,0.1805152736093743,0.011201819846313625,MODEL_ONLY,DUPLICATE_OR_OLD,DUPLICATE_OR_OLD,0.0007722096936988443,0.0007666297924950882,41.849998881000005,False,
42.499998881,2.7951951951302205,2.7951893277987203,2.7927341336117215,58.73356292948598,-0.06298244325213176,0.18091780989649375,0.0061834712021322635,FUSED,ACCEPTED,ACCEPTED,0.002461061518499008,0.002455194186998799,41.849998881000005,True,-6.044737680137649e-06
42.549998881,2.7984975209265794,2.7984916535950792,2.7960364594080804,58.873282194311464,-0.06298244325213176,0.1812722295459785,0.01118347120213198,MODEL_ONLY,DUPLICATE_OR_OLD,DUPLICATE_OR_OLD,0.002461061518499008,0.002455194186998799,41.849998881000005,False,
42.599998881000005,2.8072177172822084,2.8072114157117287,2.8033635299942636,59.013267194046534,-0.06045375990261625,0.18158428411586536,0.006180796685511435,FUSED,ACCEPTED,ACCEPTED,0.0038541872879447325,0.0038478857174650827,41.849998881000005,True,-6.569893000175214e-06
42.649998881,2.810675817651713,2.810669516081233,2.806821630363768,59.15352182305548,-0.06045375990261625,0.1818590376593803,0.011180796685511151,MODEL_ONLY,DUPLICATE_OR_OLD,DUPLICATE_OR_OLD,0.0038541872879447325,0.0038478857174650827,41.849998881000005,False,
42.699998881,2.82131293137274,2.8213094652046733,2.817392176724182,59.29412716823267,-0.04609337406929061,0.18210094890490827,0.006180406532267883,FUSED,ACCEPTED,ACCEPTED,0.003920754648558233,0.003917288480491443,41.849998881000005,True,-1.7138424747622366e-06
42.749998881,2.8255117963315763,2.8255083301635096,2.821591041683018,59.435101748692865,-0.04609337406929061,0.1823139436126898,0.01118040653226831,MODEL_ONLY,DUPLICATE_OR_OLD,DUPLICATE_OR_OLD,0.003920754648558233,0.003917288480491443,41.849998881000005,False,
42.799998881,2.8390483762333885,2.8390470522783677,2.835307744039813,59.576524218335926,-0.028544642210234096,0.18250147828245641,0.006180349610814965,FUSED,ACCEPTED,ACCEPTED,0.003740632193575344,0.0037393082385546172,41.849998881000005,True,0.0
42.849998881000005,2.8441423104168355,2.844140986461815,2.84040167822326,59.718416953892515,-0.028544642210234096,0.18266659624585935,0.011180349610815392,MODEL_ONLY,DUPLICATE_OR_OLD,DUPLICATE_OR_OLD,0.003740632193575344,0.0037393082385546172,41.849998881000005,False,
42.899998881,2.8585988092169723,2.858596404059888,2.852684317359477,59.860744103782075,-0.012535461161813137,0.18281197705396407,0.006180341306111132,FUSED,ACCEPTED,ACCEPTED,0.005914491857495374,0.005912086700411212,41.849998881000005,True,-3.0733763064462113e-06
42.949998881,2.86450687163861,2.864504466481526,2.858592379781115,60.00352602121058,-0.012535461161813137,0.18293997996127714,0.011180341306110848,MODEL_ONLY,DUPLICATE_OR_OLD,DUPLICATE_OR_OLD,0.005914491857495374,0.005912086700411212,41.849998881000005,False,
42.999998881,2.882383272868158,2.8823812975921803,2.8753604492659743,60.14687484193677,0.009835250495652283,0.18305268221196758,0.006180340094471687,FUSED,ACCEPTED,ACCEPTED,0.00702282360218387,0.007020848326205975,41.849998881000005,True,-1.709594866574314e-06
43.049998881,2.889420467512085,2.889418492236107,2.882397643909901,60.29081879426616,0.009835250495652283,0.18315191274959608,0.011180340094471403,MODEL_ONLY,DUPLICATE_OR_OLD,DUPLICATE_OR_OLD,0.00702282360218387,0.007020848326205975,41.849998881000005,False,
43.099998881000005,2.9056612093274565,2.905659634455248,2.8973044184661845,60.435311345825575,0.020742144307412537,0.1832392818973968,0.006180339917695885,FUSED,ACCEPTED,ACCEPTED,0.008356790861272057,0.008355215989063414,41.849998881000005,True,-1.327409073107605e-06
43.149998881,2.9132519633990293,2.9132503885268206,2.904895172537757,60.580366335600665,0.020742144307412537,0.18331620749076602,0.011180339917695601,MODEL_ONLY,DUPLICATE_OR_OLD,DUPLICATE_OR_OLD,0.008356790861272057,0.008355215989063414,41.849998881000005,False,
43.199998881,2.9263705037511274,2.9263693488381763,2.9172441562406926,60.72591981882012,0.025318414560195728,0.18338393788603904,0.00618033989190454,FUSED,ACCEPTED,ACCEPTED,0.00912634751043484,0.009125192597483789,41.849998881000005,True,-8.953638567371636e-07
43.249998881,2.9341964395717492,2.934195284658798,2.9250700920613144,60.87197767502768,0.025318414560195728,0.1834435722189433,0.011180339891904967,MODEL_ONLY,DUPLICATE_OR_OLD,DUPLICATE_OR_OLD,0.00912634751043484,0.009125192597483789,41.849998881000005,False,
43.299998881,2.9330981394010998,2.9330976982636066,2.9250395030029575,61.01823041490428,-0.007092430866344895,0.18349607824148462,0.006180339888141737,FUSED,ACCEPTED,ACCEPTED,0.008058636398142305,0.008058195260649104,41.849998881000005,True,0.0
43.349998881000005,2.939308469740783,2.93930802860329,2.931249833342641,61.16463764831293,-0.007092430866344895,0.18354230802672486,0.011180339888142165,MODEL_ONLY,DUPLICATE_OR_OLD,DUPLICATE_OR_OLD,0.008058636398142305,0.008058195260649104,41.849998881000005,False,
43.399998881,2.9516089339892395,2.9516082301321247,2.9430571891523836,61.3114953238753,0.024252462749451142,0.1835830117963101,0.006180339887592751,FUSED,ACCEPTED,ACCEPTED,0.008551744836855946,0.008551040979741131,41.849998881000005,True,-8.662267708282184e-07
43.449998881,2.9593903361131324,2.9593896322560176,2.9508385912762765,61.45884271838601,0.024252462749451142,0.18361885009514356,0.011180339887592467,MODEL_ONLY,DUPLICATE_OR_OLD,DUPLICATE_OR_OLD,0.008551744836855946,0.008551040979741131,41.849998881000005,False,
43.499998881,2.967421445797501,2.96768308597536,2.958428877157164,61.60657440509686,0.02215766330682798,0.16167021600765455,0.006180339887512655,FUSED,ACCEPTED,ACCEPTED,0.00899256864033715,0.009254208818195941,41.849998881000005,True,0.0004237777082169974
43.549998881,2.973034424574061,2.9732960647519198,2.964041855933724,61.754636173424124,0.02215766330682798,0.14234518259110612,0.011180339887512372,MODEL_ONLY,DUPLICATE_OR_OLD,DUPLICATE_OR_OLD,0.00899256864033715,0.009254208818195941,41.849998881000005,False,
43.599998881000005,2.987302638180945,2.987437733336353,2.9807277646616166,61.90325541393902,0.054400297820309716,0.12533014124219163,0.00618033988750097,FUSED,ACCEPTED,ACCEPTED,0.006574873519328506,0.0067099686747362774,41.849998881000005,True,5.68860304259464e-05
43.649998881,2.9929279380607885,2.9930630332161963,2.98635306454146,62.05243243466909,0.054400297820309716,0.110348970143296,0.011180339887500687,MODEL_ONLY,DUPLICATE_OR_OLD,DUPLICATE_OR_OLD,0.006574873519328506,0.0067099686747362774,41.849998881000005,False,
43.699998881,2.9978937170999473,2.998028812255355,2.991318843580619,62.201874232372134,0.054400297820309716,0.09715855332960205,0.0161803398875004,MODEL_ONLY,DUPLICATE_OR_OLD,DUPLICATE_OR_OLD,0.006574873519328506,0.0067099686747362774,41.849998881000005,False,
43.749998881,3.0022788102415543,3.002413905396962,2.995703936722226,62.35154980187972,0.054400297820309716,0.08554483537855154,0.02118033988750083,MODEL_ONLY,DUPLICATE_OR_OLD,DUPLICATE_OR_OLD,0.006574873519328506,0.0067099686747362774,41.849998881000005,False,
43.799998881,2.953680547258166,2.9537726084482876,2.9486455596691497,62.500158539289494,-0.06818810229577152,0.07531934769673035,0.007236067977499913,FUSED,ACCEPTED,ACCEPTED,0.0050349875890165485,0.005127048779137944,41.849998881000005,True,7.562367805263523e-05
43.849998881000005,2.950974786126661,2.9510668473167825,2.9459397985376445,62.64752317324468,-0.06818810229577152,0.06631615003239852,0.01223606797750034,MODEL_ONLY,DUPLICATE_OR_OLD,DUPLICATE_OR_OLD,0.0050349875890165485,0.005127048779137944,41.849998881000005,False,
43.899998881,2.9572071221508924,2.957368444245456,2.9583196808609453,62.795129660229634,0.011494940739809625,0.058389137580257905,0.0063283980608871,FUSED,ACCEPTED,ACCEPTED,-0.001112558710052891,-0.0009512366154891261,41.849998881000005,True,0.00020150579802321027
43.949998881,2.9577401891684385,2.9579015112630023,2.9588527478784914,62.94305897094811,0.011494940739809625,0.0514096699778363,0.011328398060886816,MODEL_ONLY,DUPLICATE_OR_OLD,DUPLICATE_OR_OLD,-0.001112558710052891,-0.0009512366154891261,41.849998881000005,False,
43.999998881,2.929128751268246,2.9292488499074647,2.92936804776742,63.09026449083927,-0.09016675136350122,0.04526448371663587,0.006201819808074185,FUSED,ACCEPTED,ACCEPTED,-0.00023929649917420193,-0.00011919785995528898,41.849998881000005,True,9.48521605433368e-05
44.049998881,2.924000942886256,2.924121041525475,2.9242402393854303,63.23660469801808,-0.09016675136350122,0.03985385409042578,0.011201819808073901,MODEL_ONLY,DUPLICATE_OR_OLD,DUPLICATE_OR_OLD,-0.00023929649917420193,-0.00011919785995528898,41.849998881000005,False,
44.099998881000005,2.9181126539100006,2.9182099557331873,2.922681450111561,63.38277774025551,-0.045900081268001734,0.03508997685258402,0.006183471196562306,FUSED,ACCEPTED,ACCEPTED,-0.004568796201560588,-0.004471494378373908,41.849998881000005,True,8.32312951212057e-05
44.149998881,2.9147502634942586,2.9148475653174453,2.919319059695819,63.52882775300069,-0.045900081268001734,0.03089554331987945,0.011183471196562022,MODEL_ONLY,DUPLICATE_OR_OLD,DUPLICATE_OR_OLD,-0.004568796201560588,-0.004471494378373908,41.849998881000005,False,
44.199998881,2.904195452907267,2.9042816352782928,2.909074377728429,63.67453758893629,-0.07007608475731857,0.027202485799310408,0.00618079668469888,FUSED,ACCEPTED,ACCEPTED,-0.004878924821162034,-0.004792742450136167,41.849998881000005,True,7.93115013433647e-05
44.249998881,2.8992770287999985,2.8993632111710244,2.9041559536211605,63.819868347220044,-0.07007608475731857,0.02395087297867783,0.011180796684699307,MODEL_ONLY,DUPLICATE_OR_OLD,DUPLICATE_OR_OLD,-0.004878924821162034,-0.004792742450136167,41.849998881000005,False,
44.299998881,2.8908681422899924,2.8909250058946694,2.896706644044162,63.96488991216167,-0.06787721517889239,0.021087937355170398,0.00618040653214944,FUSED,ACCEPTED,ACCEPTED,-0.005838501754169556,-0.005781638149492618,41.849998881000005,True,3.874412210760642e-05
44.349998881000005,2.8857904789586604,2.8858473425633373,2.89162898071283,64.1095983027806,-0.06787721517889239,0.018567218918971198,0.011180406532149866,MODEL_ONLY,DUPLICATE_OR_OLD,DUPLICATE_OR_OLD,-0.005838501754169556,-0.005781638149492618,41.849998881000005,False,
44.399998881,2.8692085657654745,2.8692598576459862,2.876028120726664,64.25378973031657,-0.097277435237834,0.016347811195507156,0.006180349610797685,FUSED,ACCEPTED,ACCEPTED,-0.006819554961189578,-0.006768263080677794,41.849998881000005,True,4.784837978512313e-05
44.449998881,2.862452215355799,2.862503507236311,2.8692717703169888,64.39742222759266,-0.097277435237834,0.014393697411026021,0.011180349610797401,MODEL_ONLY,DUPLICATE_OR_OLD,DUPLICATE_OR_OLD,-0.006819554961189578,-0.006768263080677794,41.849998881000005,False,
44.499998881,2.8667638596041747,2.8668063984233663,2.8754226823601536,64.5410395889096,-0.047351574512915016,0.012673166008738345,0.0061803413061086105,FUSED,ACCEPTED,ACCEPTED,-0.008658822755978957,-0.008616283936787372,41.849998881000005,True,3.712913304150349e-05
44.549998881,2.862342032161717,2.8623845709809084,2.8710008549176957,64.68470017734154,-0.047351574512915016,0.011158296030456516,0.011180341306108326,MODEL_ONLY,DUPLICATE_OR_OLD,DUPLICATE_OR_OLD,-0.008658822755978957,-0.008616283936787372,41.849998881000005,False,
44.599998881000005,2.8538553711991197,2.8538894266840504,2.8611353031555935,64.82800358129339,-0.07756216745970934,0.009824504012450361,0.006180340094471319,FUSED,ACCEPTED,ACCEPTED,-0.007279931956473806,-0.007245876471543067,41.849998881000005,True,2.881249647920716e-05
44.649998881,2.847797606559925,2.8478316620448556,2.8550775385163987,64.97090890233518,-0.07756216745970934,0.008650145042504852,0.011180340094471036,MODEL_ONLY,DUPLICATE_OR_OLD,DUPLICATE_OR_OLD,-0.007279931956473806,-0.007245876471543067,41.849998881000005,False,
44.699998881,2.847554206081128,2.8475772050368886,2.855291408989777,65.11366812602283,-0.05172575241913234,0.007616161504086852,0.006180339917695728,FUSED,ACCEPTED,ACCEPTED,-0.007737202908649099,-0.007714203952888354,41.849998881000005,True,1.6165645024076095e-05
44.749998881,2.842691043632206,2.842714042587967,2.8504282465408552,65.2563111174111,-0.05172575241913234,0.006705773807410804,0.011180339917696156,MODEL_ONLY,DUPLICATE_OR_OLD,DUPLICATE_OR_OLD,-0.007737202908649099,-0.007714203952888354,41.849998881000005,False,
44.799998881,2.8351544031240272,2.8351631879434116,2.8402715864176247,65.39857861323506,-0.06833329825398707,0.0059042080885532665,0.006180339891904621,FUSED,ACCEPTED,ACCEPTED,-0.005117183293597449,-0.005108398474213072,41.849998881000005,True,0.0
44.849998881000005,2.829385497515877,2.8293942823352616,2.8345026808094747,65.54044796991575,-0.06833329825398707,0.00519845645768911,0.011180339891905047,MODEL_ONLY,DUPLICATE_OR_OLD,DUPLICATE_OR_OLD,-0.005117183293597449,-0.005108398474213072,41.849998881000005,False,
44.899998881,2.8344604208165856,2.8344721071935726,2.8415547777426724,65.68234940637954,-0.03098510458266291,0.004577065905736377,0.006180339888141749,FUSED,ACCEPTED,ACCEPTED,-0.007094356926086842,-0.007082670549099834,41.849998881000005,True,1.3479638204897185e-05
44.949998881,2.831599509116462,2.831611195493449,2.838693866042549,65.82435562247417,-0.03098510458266291,0.026010140946879954,0.011180339888141466,MODEL_ONLY,DUPLICATE_OR_OLD,DUPLICATE_OR_OLD,-0.007094356926086842,-0.007082670549099834,41.849998881000005,False,
44.999998881,2.8228592037420452,2.8227036973237913,2.8270790669667543,65.96599994579941,-0.07464434990217148,0.044881241979344816,0.006180339887592753,FUSED,ACCEPTED,ACCEPTED,-0.0042198632247090195,-0.004375369642962923,41.849998881000005,True,-0.00025883724838281783
45.049998881,2.819589653285884,2.8194341468676303,2.823809516510593,66.10727216038633,-0.07464434990217148,0.06149661114563475,0.01118033988759247,MODEL_ONLY,DUPLICATE_OR_OLD,DUPLICATE_OR_OLD,-0.0042198632247090195,-0.004375369642962923,41.849998881000005,False,
45.099998881000005,2.817849440964992,2.8176296573083697,2.8215864266516903,66.2484070589654,-0.06451310906191618,0.0761258843426379,0.006180339887512656,FUSED,ACCEPTED,ACCEPTED,-0.0037369856866984463,-0.003956769343320676,41.849998881000005,True,-0.00025950917463698434
45.149998881,2.816461945338577,2.816242161681955,2.8201989310252755,66.38945169290731,-0.06451310906191618,0.0890064669003038,0.011180339887512374,MODEL_ONLY,DUPLICATE_OR_OLD,DUPLICATE_OR_OLD,-0.0037369856866984463,-0.003956769343320676,41.849998881000005,False,
45.199998881,2.8054329541154095,2.8051963413418664,2.807588306876727,66.53014637385486,-0.10073600680971082,0.10034738621944393,0.006180339887500866,FUSED,ACCEPTED,ACCEPTED,-0.0021553527613176193,-0.0023919655348607627,41.849998881000005,True,-0.00024701373980131496
45.249998881,2.8033006244510696,2.8030640116775265,2.8054559772123873,66.6704724809571,-0.10073600680971082,0.11033268388959604,0.011180339887501292,MODEL_ONLY,DUPLICATE_OR_OLD,DUPLICATE_OR_OLD,-0.0021553527613176193,-0.0023919655348607627,41.849998881000005,False,
45.299998881,2.788923173503291,2.788801266118925,2.79091403039223,66.8103817311472,-0.12465903271548182,0.11912440233461152,0.006180339887499249,FUSED,ACCEPTED,ACCEPTED,-0.0019908568889390743,-0.002112764273304979,41.849998881000005,True,-5.101555516173859e-05
45.349998881000005,2.7864213190718616,2.7862994116874957,2.7884121759608007,66.94986488630605,-0.12465903271548182,0.1268652144535626,0.011180339887499675,MODEL_ONLY,DUPLICATE_OR_OLD,DUPLICATE_OR_OLD,-0.0019908568889390743,-0.002112764273304979,41.849998881000005,False,
45.399998881,2.7797790943729113,2.7796321526774226,2.7825117094370544,67.08913798344098,-0.12323709060751051,0.13368073893101615,0.0061803398874990135,FUSED,ACCEPTED,ACCEPTED,-0.002732615064143129,-0.0028795567596318072,41.849998881000005,True,-0.00016241375064758893
45.449998881,2.7779891552636933,2.7778422135682046,2.7807217703278364,67.22821882043509,-0.12323709060751051,0.13968157878980217,0.01118033988749873,MODEL_ONLY,DUPLICATE_OR_OLD,DUPLICATE_OR_OLD,-0.002732615064143129,-0.0028795567596318072,41.849998881000005,False,
45.499998881,2.770641940020341,2.7705274800363964,2.7729655846269337,67.36706100430897,-0.1373887513967672,0.14496511626808792,0.006180339887498979,FUSED,ACCEPTED,ACCEPTED,-0.002323644606592623,-0.0024381045905372822,41.849998881000005,True,-9.438518219811445e-05
45.549998881,2.7686411935895814,2.7685267336056367,2.770964838196174,67.50565926487954,-0.1373887513967672,0.1496170931482191,0.011180339887498695,MODEL_ONLY,DUPLICATE_OR_OLD,DUPLICATE_OR_OLD,-0.002323644606592623,-0.0024381045905372822,41.849998881000005,False,
45.599998881000005,2.7593706887938363,2.7592716026476345,2.7618537350303267,67.64397972921022,-0.1525549578285286,0.1537130021830695,0.0061803398874989745,FUSED,ACCEPTED,ACCEPTED,-0.002483046236490427,-0.002582132382692226,41.849998881000005,True,-8.958459193939743e-05
45.649998881,2.7569967429940827,2.756897656847881,2.759479789230573,67.78201306731673,-0.1525549578285286,0.15731931220008985,0.01118033988749869,MODEL_ONLY,DUPLICATE_OR_OLD,DUPLICATE_OR_OLD,-0.002483046236490427,-0.002582132382692226,41.849998881000005,False,
45.699998881,2.7502141004531007,2.7501410774497352,2.753022397947739,67.91982562199618,-0.15675688920316339,0.16049454676418912,0.0061803398874988695,FUSED,ACCEPTED,ACCEPTED,-0.002808297494638179,-0.0028813204980036033,41.849998881000005,True,-5.6915095238813194e-05
45.749998881,2.747928604169815,2.7478555811664496,2.750736901664453,68.0574196044865,-0.15675688920316339,0.16329023390408234,0.011180339887499297,MODEL_ONLY,DUPLICATE_OR_OLD,DUPLICATE_OR_OLD,-0.002808297494638179,-0.0028813204980036033,41.849998881000005,False,
45.799998881,2.7401760888443727,2.7401481965390477,2.7424237732861516,68.19474862136026,-0.1681234220393757,0.16575174231436868,0.006180339887498959,FUSED,ACCEPTED,ACCEPTED,-0.002247684441778919,-0.00227557674710388,41.849998881000005,True,0.0
45.849998881000005,2.7375537051042387,2.7375258127989137,2.7398013895460176,68.33180425043108,-0.1681234220393757,0.16791901760331374,0.011180339887499386,MODEL_ONLY,DUPLICATE_OR_OLD,DUPLICATE_OR_OLD,-0.002247684441778919,-0.00227557674710388,41.849998881000005,False,
45.899998881,2.7374541084127184,2.737429331342762,2.74024845783061,68.46880549661549,-0.1540902527568749,0.1698272305342312,0.006180339887498972,FUSED,ACCEPTED,ACCEPTED,-0.002794349417891695,-0.0028191264878483224,41.849998881000005,True,-2.2851748616080532e-05
45.949998881,2.735712799645554,2.7356880225755975,2.738507149063446,68.60577438678783,-0.1540902527568749,0.17150734778020124,0.011180339887498688,MODEL_ONLY,DUPLICATE_OR_OLD,DUPLICATE_OR_OLD,-0.002794349417891695,-0.0028191264878483224,41.849998881000005,False,
45.999998881,2.731904939547978,2.731891811624353,2.7340853557807256,68.74258919940894,-0.1650685452691076,0.17298663445438234,0.006180339887498974,FUSED,ACCEPTED,ACCEPTED,-0.0021804162327474508,-0.0021935441563725178,41.849998881000005,True,-5.928355251857758e-06
46.049998881,2.7297538035947446,2.7297406756711196,2.731934219827492,68.87923968879913,-0.1650685452691076,0.17428909657103403,0.01118033988749869,MODEL_ONLY,DUPLICATE_OR_OLD,DUPLICATE_OR_OLD,-0.0021804162327474508,-0.0021935441563725178,41.849998881000005,False,
46.099998881000005,2.745572495720337,2.745556123504707,2.748114123127087,69.01624089737301,-0.10875034999281741,0.1754358706175537,0.006180339887498974,FUSED,ACCEPTED,ACCEPTED,-0.0025416274067500133,-0.002557999622379903,41.849998881000005,True,-1.8377298358397427e-05
46.149998881,2.746345093030342,2.746328720814712,2.748886720437092,69.15366591846211,-0.10875034999281741,0.17644556655953741,0.01118033988749869,MODEL_ONLY,DUPLICATE_OR_OLD,DUPLICATE_OR_OLD,-0.0025416274067500133,-0.002557999622379903,41.849998881000005,False,
46.199998881,2.7598778354975635,2.7598715818676642,2.7599432425535118,69.29138666753687,-0.10586308164967058,0.19755814368990102,0.0061803398874988695,FUSED,ACCEPTED,ACCEPTED,-6.540705594826335e-05,-7.166068584751883e-05,41.849998881000005,True,0.0
46.249998881,2.7627798707518205,2.7627736171219213,2.762845277807769,69.42945638054591,-0.10586308164967058,0.2161470571014383,0.011180339887499297,MODEL_ONLY,DUPLICATE_OR_OLD,DUPLICATE_OR_OLD,-6.540705594826335e-05,-7.166068584751883e-05,41.849998881000005,False,
46.299998881,2.778920640188297,2.7788365033562927,2.7762746563529443,69.56793437889992,-0.08644223621274097,0.23251396956730558,0.006180339887498959,FUSED,ACCEPTED,ACCEPTED,0.002645983835352528,0.002561847003348383,41.849998881000005,True,-0.00013227129805778223
46.349998881000005,2.78433258910952,2.7842484522775157,2.7816866052741673,69.70688341044061,-0.08644223621274097,0.2469244850038442,0.011180339887499386,MODEL_ONLY,DUPLICATE_OR_OLD,DUPLICATE_OR_OLD,0.002645983835352528,0.002561847003348383,41.849998881000005,False,
46.399998881,2.797014466167117,2.7968716224345433,2.791211818531647,69.84620587103575,-0.08694552033627093,0.25961245871786837,0.006180339887498972,FUSED,ACCEPTED,ACCEPTED,0.005802647635469782,0.005659803902896332,41.849998881000005,True,-0.00017912659249921022
46.449998881,2.8035942162536864,2.803451372521113,2.7977915686182167,69.9859309557145,-0.08694552033627093,0.2707837924343299,0.011180339887498688,MODEL_ONLY,DUPLICATE_OR_OLD,DUPLICATE_OR_OLD,0.005802647635469782,0.005659803902896332,41.849998881000005,False,
46.499998881,2.8122721269360795,2.812359686316771,2.8046518634481385,70.12599204151617,-0.08578424158842726,0.2603962018456849,0.006180339887498974,FUSED,ACCEPTED,ACCEPTED,0.007620263487940981,0.0077078228686322525,41.849998881000005,True,0.00022995633580286112
46.549998881,2.8179332652397777,2.818020824620469,2.8103130017518367,70.26636616314616,-0.08578424158842726,0.2512502780290674,0.01118033988749869,MODEL_ONLY,DUPLICATE_OR_OLD,DUPLICATE_OR_OLD,0.007620263487940981,0.0077078228686322525,41.849998881000005,False,
46.599998881000005,2.838012622649985,2.8381463524965733,2.8305422563169937,70.4073875445979,-0.04250340292747851,0.2431976000046916,0.006180339887498974,FUSED,ACCEPTED,ACCEPTED,0.007470366332991141,0.007604096179579578,41.849998881000005,True,0.00016226476378923462
46.649998881,2.845080663390098,2.8452143932366862,2.8376102970571067,70.54909135843224,-0.04250340292747851,0.23610748809643065,0.01118033988749869,MODEL_ONLY,DUPLICATE_OR_OLD,DUPLICATE_OR_OLD,0.007470366332991141,0.007604096179579578,41.849998881000005,False,
46.699998881,2.8617474548642736,2.8618533058131006,2.8535331609517467,70.69136994488245,-0.0333340093836461,0.22986488324876347,0.0061803398874988695,FUSED,ACCEPTED,ACCEPTED,0.008214293912526927,0.008320144861353906,41.849998881000005,True,8.862084244138681e-05
46.749998881,2.8686870148685943,2.8687928658174213,2.8604727209560674,70.83422009193016,-0.0333340093836461,0.22436847983675,0.011180339887499297,MODEL_ONLY,DUPLICATE_OR_OLD,DUPLICATE_OR_OLD,0.008214293912526927,0.008320144861353906,41.849998881000005,False,
46.799998881,2.8758949615188785,2.875935392983589,2.8690961835428412,70.97745931454263,-0.042193884866136816,0.21952908166807142,0.006180339887498959,FUSED,ACCEPTED,ACCEPTED,0.006798777976037229,0.006839209440747673,41.849998881000005,True,0.0
46.849998881000005,2.881936511482145,2.8819769429468556,2.875137733506108,71.12106516246887,-0.042193884866136816,0.21526815449816467,0.011180339887499386,MODEL_ONLY,DUPLICATE_OR_OLD,DUPLICATE_OR_OLD,0.006798777976037229,0.006839209440747673,41.849998881000005,False,
46.899998881,2.890047842632017,2.890105595420903,2.88251260529791,71.26500642093896,-0.0342695477854553,0.21151655156853802,0.006180339887498972,FUSED,ACCEPTED,ACCEPTED,0.007535237334106881,0.007592990122992749,41.849998881000005,True,6.845795595686842e-05
46.949998881,2.896132871298716,2.896190624087602,2.888597633964609,71.40928417692051,-0.0342695477854553,0.2082133914861531,0.011180339887498688,MODEL_ONLY,DUPLICATE_OR_OLD,DUPLICATE_OR_OLD,0.007535237334106881,0.007592990122992749,41.849998881000005,False,
46.999998881,2.894269415525459,2.8943027660560947,2.8872591432824213,71.5536805963517,-0.05934206912708549,0.20530507023400274,0.006180339887498974,FUSED,ACCEPTED,ACCEPTED,0.00701027224303763,0.00704362277367343,41.849998881000005,True,1.826910563503155e-05
47.049998881,2.898827368114753,2.898860718645389,2.8918170958717155,71.69815750233055,-0.05934206912708549,0.20274439127968458,0.01118033988749869,MODEL_ONLY,DUPLICATE_OR_OLD,DUPLICATE_OR_OLD,0.00701027224303763,0.00704362277367343,41.849998881000005,False,
47.099998881000005,2.8979833746284775,2.89801605338684,2.891772103926976,71.84274723232552,-0.06288741964435546,0.20048979966528102,0.006180339887498974,FUSED,ACCEPTED,ACCEPTED,0.0062112707015016255,0.006243949459864062,41.849998881000005,True,3.226358026434551e-05
47.149998881,2.9021520755103882,2.9021847542687507,2.8959408048088866,71.9874400550439,-0.06288741964435546,0.19850470764928835,0.01118033988749869,MODEL_ONLY,DUPLICATE_OR_OLD,DUPLICATE_OR_OLD,0.0062112707015016255,0.006243949459864062,41.849998881000005,False,
47.199998881,2.903789321150779,2.903804333429125,2.898776277125355,72.13230798209226,-0.06312073872403053,0.19675690095703252,0.0061803398874988695,FUSED,ACCEPTED,ACCEPTED,0.005013044025424129,0.005028056303769901,41.849998881000005,True,4.093793233721048e-06
47.249998881,2.9066830120712934,2.906698024349639,2.9016699680458693,72.27731913822156,-0.06312073872403053,0.17323782750103095,0.011180339887499297,MODEL_ONLY,DUPLICATE_OR_OLD,DUPLICATE_OR_OLD,0.005013044025424129,0.005028056303769901,41.849998881000005,False,
47.299998881,2.9096110733560754,2.9096214518495827,2.906539430757624,72.42252437319164,-0.05117268144719103,0.1525300750891138,0.006180339887498959,FUSED,ACCEPTED,ACCEPTED,0.003071642598451163,0.003082021091958431,41.849998881000005,True,7.514656980549738e-06
47.349998881000005,2.91115515557607,2.9111655340695775,2.908083512977619,72.56788994678503,-0.05117268144719103,0.13429759621380508,0.011180339887499386,MODEL_ONLY,DUPLICATE_OR_OLD,DUPLICATE_OR_OLD,0.003071642598451163,0.003082021091958431,41.849998881000005,False,
47.399998881,2.9120942280201665,2.9123005027855555,2.910275858867054,72.71334893108114,-0.04824082548591466,0.11824451235777168,0.006180339887498972,FUSED,ACCEPTED,ACCEPTED,0.00181836915311262,0.0020246439185016563,41.849998881000005,True,0.0003273453196814733
47.449998881,2.912275538849895,2.912481813615284,2.9104571696967825,72.85886725679524,-0.04824082548591466,0.10411031244720052,0.011180339887498688,MODEL_ONLY,DUPLICATE_OR_OLD,DUPLICATE_OR_OLD,0.00181836915311262,0.0020246439185016563,41.849998881000005,False,
47.499998881,2.8776358246425486,2.8778715764034613,2.8773250003821427,73.00356181104722,-0.1446235311945496,0.09166562525166627,0.006180339887498974,FUSED,ACCEPTED,ACCEPTED,0.0003108242604059619,0.0005465760213185789,41.849998881000005,True,0.0002539695460323919
47.549998881,2.8651268762049833,2.8652381830877642,2.866478920952424,73.14715690908058,-0.11550887871428533,0.08070849712453255,0.005278640450004149,FUSED,ACCEPTED,ACCEPTED,-0.0013520447474406616,-0.0012407378646597245,41.849998881000005,True,0.0
47.599998881000005,2.860292324484867,2.8604036313676477,2.8616443692323075,73.29035999133521,-0.11550887871428533,0.07106111467866909,0.010278640450004576,MODEL_ONLY,DUPLICATE_OR_OLD,DUPLICATE_OR_OLD,-0.0013520447474406616,-0.0012407378646597245,41.849998881000005,False,
47.649998881,2.855033062991456,2.855144369874237,2.856385107738897,73.43331072825949,-0.11550887871428533,0.06256691921277424,0.015278640450004292,MODEL_ONLY,DUPLICATE_OR_OLD,DUPLICATE_OR_OLD,-0.0013520447474406616,-0.0012407378646597245,41.849998881000005,False,
47.699998881,2.8207815162187533,2.8209007872170613,2.8262437616081204,73.57537644999316,-0.1796362409279032,0.05508806606087333,0.006697341805517337,FUSED,ACCEPTED,ACCEPTED,-0.005462245389367126,-0.00534297439105913,41.849998881000005,True,0.00012319834025511112
47.749998881,2.811612700035778,2.811731971034086,2.817074945425145,73.716459417669,-0.1796362409279032,0.04850318763509612,0.011697341805517764,MODEL_ONLY,DUPLICATE_OR_OLD,DUPLICATE_OR_OLD,-0.005462245389367126,-0.00534297439105913,41.849998881000005,False,
47.799998881,2.8134969654498443,2.8135416406834977,2.8208081502535696,73.85740649506096,-0.11286247557030468,0.04270542386014717,0.006254308734986747,FUSED,ACCEPTED,ACCEPTED,-0.007311184803725279,-0.007266509570071911,41.849998881000005,True,0.0
47.849998881000005,2.807121712554852,2.8071663877885054,2.8144328973585773,73.99828752125127,-0.11286247557030468,0.037600688037153995,0.011254308734987173,MODEL_ONLY,DUPLICATE_OR_OLD,DUPLICATE_OR_OLD,-0.007311184803725279,-0.007266509570071911,41.849998881000005,False,
47.899998881,2.796130440481481,2.796182329860421,2.804025491524039,74.13874898097333,-0.14275675884999234,0.03310613999517693,0.006191101391797894,FUSED,ACCEPTED,ACCEPTED,-0.007895051042558165,-0.00784316166361787,41.849998881000005,True,5.632767613590953e-05
47.949998881,2.787837881108273,2.7878897704872134,2.7957329321508313,74.2787429415652,-0.14275675884999234,0.0291488417525035,0.01119110139179761,MODEL_ONLY,DUPLICATE_OR_OLD,DUPLICATE_OR_OLD,-0.007895051042558165,-0.00784316166361787,41.849998881000005,False,
47.999998881,2.780836846744652,2.7808880235822873,2.790609670409633,74.41840150662922,-0.12898675500681273,0.025664573871682354,0.0061819093246946915,FUSED,ACCEPTED,ACCEPTED,-0.009772823664981,-0.009721646827345776,41.849998881000005,True,5.073675558777031e-05
48.049998881,2.7729051851409774,2.7729563619786126,2.7826780088059584,74.55773369860961,-0.12898675500681273,0.02259679329997671,0.011181909324694407,MODEL_ONLY,DUPLICATE_OR_OLD,DUPLICATE_OR_OLD,-0.009772823664981,-0.009721646827345776,41.849998881000005,False,
48.099998881000005,2.7648384696614516,2.764889646499087,2.7746112933264326,74.69666593116293,-0.12898675500681273,0.019895715782963497,0.016181909324694835,MODEL_ONLY,DUPLICATE_OR_OLD,DUPLICATE_OR_OLD,-0.009772823664981,-0.009721646827345776,41.849998881000005,False,
48.149998881,2.756652843790809,2.7567040206284443,2.76642566745579,74.83519185518247,-0.12898675500681273,0.017517507960604212,0.02118190932469455,MODEL_ONLY,DUPLICATE_OR_OLD,DUPLICATE_OR_OLD,-0.009772823664981,-0.009721646827345776,41.849998881000005,False,
48.199998881,2.759136206818822,2.7591724941889817,2.7695896460781833,74.97359223802081,-0.10517862681857237,0.015423576035027385,0.007236187866632299,FUSED,ACCEPTED,ACCEPTED,-0.010453439259361375,-0.010417151889201559,41.849998881000005,True,3.060044057339589e-05
48.249998881,2.7519441089328835,2.7519803963030434,2.762397548192245,75.11189191787759,-0.10517862681857237,0.013579939466461736,0.012236187866632726,MODEL_ONLY,DUPLICATE_OR_OLD,DUPLICATE_OR_OLD,-0.010453439259361375,-0.010417151889201559,41.849998881000005,False,
48.299998881,2.7349403746147374,2.7349194759775197,2.7428933561931466,75.24952419048721,-0.14994000651334333,0.03393686803670717,0.00632841422266323,FUSED,ACCEPTED,ACCEPTED,-0.00795298157840918,-0.007973880215626838,41.849998881000005,True,-5.407651147875097e-05
48.349998881000005,2.727424233687232,2.727403335050014,2.735377215265641,75.38648095477369,-0.14994000651334333,0.05186045832985602,0.011328414222663657,MODEL_ONLY,DUPLICATE_OR_OLD,DUPLICATE_OR_OLD,-0.00795298157840918,-0.007973880215626838,41.849998881000005,False,
48.399998881,2.725250146759423,2.7249616766037366,2.734834524872957,75.52323624827714,-0.12499613072453454,0.06764157618798562,0.0062018221395985,FUSED,ACCEPTED,ACCEPTED,-0.009584378113534076,-0.009872848269220302,41.849998881000005,True,-0.0004523388050355157
48.449998881,2.720464992664521,2.720176522508835,2.730049370778055,75.65985834566841,-0.12499613072453454,0.08153631919309712,0.011201822139598217,MODEL_ONLY,DUPLICATE_OR_OLD,DUPLICATE_OR_OLD,-0.009584378113534076,-0.009872848269220302,41.849998881000005,False,
48.499998881,2.707066521721754,2.7067847125122793,2.714476644804916,75.795971496058,-0.16525268112477567,0.093770172644655,0.0061834715361695925,FUSED,ACCEPTED,ACCEPTED,-0.0074101230831620235,-0.007691932292636761,41.849998881000005,True,-0.00027769797670426297
48.549998881,2.7014188075850822,2.7011369983756075,2.7088289306682443,75.93155413544483,-0.16525268112477567,0.104541668757904,0.011183471536169309,MODEL_ONLY,DUPLICATE_OR_OLD,DUPLICATE_OR_OLD,-0.0074101230831620235,-0.007691932292636761,41.849998881000005,False,
48.599998881000005,2.6866511708046303,2.6864220800786613,2.6940040514881542,76.06662495999875,-0.1812621761012876,0.11402560846481592,0.006180796734235168,FUSED,ACCEPTED,ACCEPTED,-0.00735288068352391,-0.007581971409492905,41.849998881000005,True,-0.00019651521620468043
48.649998881,2.6810946933863065,2.6808656026603375,2.6884475740698304,76.20118625063769,-0.1812621761012876,0.12237589810133931,0.011180796734234884,MODEL_ONLY,DUPLICATE_OR_OLD,DUPLICATE_OR_OLD,-0.00735288068352391,-0.007581971409492905,41.849998881000005,False,
48.699998881,2.660008074795398,2.659566971624225,2.66646995894281,76.335059188963,-0.22516287802170673,0.14995162085975663,0.006180406539376332,FUSED,ACCEPTED,ACCEPTED,-0.006461884147412,-0.006902987318584852,41.849998881000005,True,-0.0005721303688358591
48.749998881,2.654849323196787,2.6544082200256143,2.661311207344199,76.46825371812018,-0.22516287802170673,0.1742311164159654,0.011180406539376759,MODEL_ONLY,DUPLICATE_OR_OLD,DUPLICATE_OR_OLD,-0.006461884147412,-0.006902987318584852,41.849998881000005,False,
48.799998881,2.6430908174623373,2.6428326797493615,2.6484297671044934,76.60099724248138,-0.23079858584153823,0.19560839488761864,0.006180349611852069,FUSED,ACCEPTED,ACCEPTED,-0.005338949642156088,-0.005597087355131869,41.849998881000005,True,-0.0001450593068478643
48.849998881000005,2.639660243097891,2.639402105384915,2.644999192740047,76.7333329664775,-0.23079858584153823,0.21443036891903042,0.011180349611852495,MODEL_ONLY,DUPLICATE_OR_OLD,DUPLICATE_OR_OLD,-0.005338949642156088,-0.005597087355131869,41.849998881000005,False,
48.899998881,2.63508920474693,2.6347981336112962,2.6393410007888285,76.86544147131572,-0.23256835138537782,0.23100248341474625,0.006180341306262443,FUSED,ACCEPTED,ACCEPTED,-0.004251796041898626,-0.004542867177532273,41.849998881000005,True,-0.0003114250979691104
48.949998881,2.6331283072758653,2.6328372361402317,2.637380103317764,76.99735949891837,-0.23256835138537782,0.24559367233046897,0.01118034130626216,MODEL_ONLY,DUPLICATE_OR_OLD,DUPLICATE_OR_OLD,-0.004251796041898626,-0.004542867177532273,41.849998881000005,False,
48.999998881,2.633701312524419,2.633215801560425,2.635896857624927,77.12919142294194,-0.23413602145462342,0.27211593365860043,0.006180340094493763,FUSED,ACCEPTED,ACCEPTED,-0.0021955451005077897,-0.0026810560645018633,41.849998881000005,True,-0.0006056813761506659
49.049998881,2.6341557425278723,2.6336702315638783,2.63635128762838,77.26099762657327,-0.23413602145462342,0.2954678918900571,0.01118034009449348,MODEL_ONLY,DUPLICATE_OR_OLD,DUPLICATE_OR_OLD,-0.0021955451005077897,-0.0026810560645018633,41.849998881000005,False,
49.099998881000005,2.6357695265377727,2.6354206342978754,2.635456247019789,77.39279281493948,-0.24247758828850655,0.3160285049726774,0.006180339917699107,FUSED,ACCEPTED,ACCEPTED,0.0003132795179836556,-3.561272191365816e-05,41.849998881000005,True,-0.00026445722598612896
49.149998881,2.6377400552361268,2.6373911629962294,2.637426775718143,77.52461489050792,-0.24247758828850655,0.3341314326219586,0.011180339917698824,MODEL_ONLY,DUPLICATE_OR_OLD,DUPLICATE_OR_OLD,0.0003132795179836556,-3.561272191365816e-05,41.849998881000005,False,
49.199998881,2.6494338488174325,2.649153951064512,2.647094595478901,77.65672792478784,-0.22077462091307734,0.35007045098479983,0.00618033989190501,FUSED,ACCEPTED,ACCEPTED,0.0023392533385315772,0.002059355585611211,41.849998881000005,True,-0.00023725681501202567
49.249998881,2.6539881652568895,2.653708267503969,2.651648911918358,77.78919651247278,-0.22077462091307734,0.3641042200686149,0.011180339891905436,MODEL_ONLY,DUPLICATE_OR_OLD,DUPLICATE_OR_OLD,0.0023392533385315772,0.002059355585611211,41.849998881000005,False,
49.299998881,2.67871060041926,2.6785033335545023,2.673787284795936,77.92233241739063,-0.18443469440621343,0.38757305965147737,0.006180339888141805,FUSED,ACCEPTED,ACCEPTED,0.00492331562332371,0.004716048758566238,41.849998881000005,True,-0.00016237850725213474
49.349998881000005,2.6872885313220864,2.687081264457329,2.6823652156987627,78.056236229903,-0.18443469440621343,0.4082365828292172,0.01118033988814223,MODEL_ONLY,DUPLICATE_OR_OLD,DUPLICATE_OR_OLD,0.00492331562332371,0.004716048758566238,41.849998881000005,False,
49.399998881,2.7142882598476494,2.7139734840803516,2.7040867602036998,78.19089752930056,-0.16347593498520052,0.4264301193527982,0.006180339887592761,FUSED,ACCEPTED,ACCEPTED,0.010201499643949674,0.009886723876651793,41.849998881000005,True,-0.0003812199231582637
49.449998881,2.7256247453690174,2.7253099696017196,2.7154232457250678,78.32638527944877,-0.16347593498520052,0.44244891577912615,0.011180339887592478,MODEL_ONLY,DUPLICATE_OR_OLD,DUPLICATE_OR_OLD,0.010201499643949674,0.009886723876651793,41.849998881000005,False,
49.499998881,2.758691100805339,2.7583219405747097,2.744427550590618,78.46288154935668,-0.13291780984760695,0.466179164094563,0.006180339887512657,FUSED,ACCEPTED,ACCEPTED,0.014263550214721032,0.01389438998409176,41.849998881000005,True,-0.00040277167742838044
49.549998881,2.7737866892376792,2.77341752900705,2.759523139022958,78.60048031659701,-0.13291780984760695,0.48707284886104285,0.011180339887512374,MODEL_ONLY,DUPLICATE_OR_OLD,DUPLICATE_OR_OLD,0.014263550214721032,0.01389438998409176,41.849998881000005,False,
49.599998881000005,2.8078295465151544,2.8074730533563006,2.7887313194850254,78.73918667805972,-0.11316733091172426,0.5054690349151592,0.00618033988750097,FUSED,ACCEPTED,ACCEPTED,0.019098227030128978,0.0187417338712752,41.849998881000005,True,-0.00034866447795913955
49.649998881,2.8256423293227817,2.825285836163928,2.8065441022926527,78.87906856360416,-0.11316733091172426,0.5216662574309548,0.011180339887500687,MODEL_ONLY,DUPLICATE_OR_OLD,DUPLICATE_OR_OLD,0.019098227030128978,0.0187417338712752,41.849998881000005,False,
49.699998881,2.8593097455207714,2.859074179019266,2.8386519798563574,79.02019846565788,-0.0997999597238918,0.5445498998334449,0.006180339887499161,FUSED,ACCEPTED,ACCEPTED,0.02065776566441402,0.020422199162908772,41.849998881000005,True,-0.00016082971711833816
49.749998881,2.879942492845966,2.879706926344461,2.859284727181552,79.16264688333385,-0.0997999597238918,0.5646981765944424,0.011180339887499589,MODEL_ONLY,DUPLICATE_OR_OLD,DUPLICATE_OR_OLD,0.02065776566441402,0.020422199162908772,41.849998881000005,False,
49.799998881,2.9150833578336526,2.91498174545592,2.8936106049326504,79.3064692666367,-0.08333096688739985,0.5824380559937753,0.006180339887499001,FUSED,ACCEPTED,ACCEPTED,0.021472752901002146,0.021371140523269716,41.849998881000005,True,-1.8824176308020885e-05
49.849998881000005,2.938207517100674,2.9381059047229416,2.916734764199672,79.45172790086502,-0.08333096688739985,0.5980574225945041,0.011180339887499429,MODEL_ONLY,DUPLICATE_OR_OLD,DUPLICATE_OR_OLD,0.021472752901002146,0.021371140523269716,41.849998881000005,False,
49.899998881,2.976179055720947,2.97602900133993,2.9494084611809854,79.59838148149953,-0.062306065318342894,0.611809749062804,0.006180339887498978,FUSED,ACCEPTED,ACCEPTED,0.026770594539961667,0.02662054015894455,41.849998881000005,True,-0.00017999318553002866
49.949998881,3.0016474994140987,3.0014974450330816,2.974876904874137,79.7464886156509,-0.062306065318342894,0.6239182095481292,0.011180339887498694,MODEL_ONLY,DUPLICATE_OR_OLD,DUPLICATE_OR_OLD,0.026770594539961667,0.02662054015894455,41.849998881000005,False,
49.999998881,3.0406556859882463,3.0404855622096214,3.008857831155641,79.89608198405166,-0.045931557981329654,0.6345793013759486,0.0061803398874989745,FUSED,ACCEPTED,ACCEPTED,0.03179785483260522,0.03162773105398031,41.849998881000005,True,-0.000182527348480635
50.049998881,3.076596473242907,3.076516151690218,3.05434097355098,80.04766195416931,-0.03383542581705948,0.643966033826281,0.005278640450004149,FUSED,ACCEPTED,ACCEPTED,0.02225549969192686,0.02217517813923786,41.849998881000005,True,0.0
50.099998881000005,3.1049040752210124,3.1048237536683234,3.0826485755290856,80.20108669289633,-0.03383542581705948,0.6522307357458562,0.010278640450004576,MODEL_ONLY,DUPLICATE_OR_OLD,DUPLICATE_OR_OLD,0.02225549969192686,0.02217517813923786,41.849998881000005,False,
50.149998881,3.1335755167896253,3.1334951952369363,3.1113200170976985,80.35593590771198,-0.03383542581705948,0.6595075275560874,0.015278640450004292,MODEL_ONLY,DUPLICATE_OR_OLD,DUPLICATE_OR_OLD,0.02225549969192686,0.02217517813923786,41.849998881000005,False,
50.199998881,3.1484629926969876,3.148476779909245,3.111590837780781,80.51150867908393,-0.08638894503860235,0.6572919645184838,0.006697341805517337,FUSED,ACCEPTED,ACCEPTED,0.03687215491620677,0.03688594212846397,41.849998881000005,True,6.0195039832275365e-05
50.249998881,3.1742984437192465,3.1743122309315037,3.1374262888030398,80.66773410724853,-0.08638894503860235,0.6553412358504718,0.011697341805517764,MODEL_ONLY,DUPLICATE_OR_OLD,DUPLICATE_OR_OLD,0.03687215491620677,0.03688594212846397,41.849998881000005,False,
50.299998881,3.2077068327114726,3.207728318327973,3.1728972797876325,80.82549219646329,-0.04443623799130132,0.6536236849292761,0.006254308734986747,FUSED,ACCEPTED,ACCEPTED,0.03480955292384014,0.03483103854034031,41.849998881000005,True,2.60961732779022e-05
50.349998881000005,3.2354784292517857,3.235499914868286,3.2006688763279456,80.98483135036619,-0.04443623799130132,0.6521114391642581,0.011254308734987173,MODEL_ONLY,DUPLICATE_OR_OLD,DUPLICATE_OR_OLD,0.03480955292384014,0.03483103854034031,41.849998881000005,False,
50.399998881,3.270846970389016,3.2708775959864,3.2310966147045668,81.145625487642,-0.0347010511057451,0.6507799576776873,0.006191101391797894,FUSED,ACCEPTED,ACCEPTED,0.03975035568444918,0.03978098128183305,41.849998881000005,True,3.624871002005231e-05
50.449998881,3.2989801359680344,3.2990107615654183,3.2592297802835852,81.30788364751669,-0.0347010511057451,0.6496076330528867,0.01119110139179761,MODEL_ONLY,DUPLICATE_OR_OLD,DUPLICATE_OR_OLD,0.03975035568444918,0.03978098128183305,41.849998881000005,False,
50.499998881,3.3242562085839578,3.3244342969975413,3.28339925495925,81.47144937339777,-0.04877632487634408,0.6389492033544445,0.0061819093246946915,FUSED,ACCEPTED,ACCEPTED,0.04085695362470787,0.04103504203829145,41.849998881000005,True,0.000269164871343007
50.549998881,3.3506834695627723,3.350861557976356,3.3098265159380644,81.6362800176702,-0.04877632487634408,0.6295648148194087,0.011181909324694407,MODEL_ONLY,DUPLICATE_OR_OLD,DUPLICATE_OR_OLD,0.04085695362470787,0.04103504203829145,41.849998881000005,False,
50.599998881000005,3.366345384435708,3.3665425098613224,3.3265325956338705,81.80218899545952,-0.07146059801218888,0.6213021766383446,0.006180568851574177,FUSED,ACCEPTED,ACCEPTED,0.039812788801837584,0.040009914227451926,41.849998881000005,True,0.0002088898049897453
50.649998881,3.39086155111078,3.391058676536394,3.351048762308942,81.96912852940808,-0.07146059801218888,0.614027201880397,0.011180568851573893,MODEL_ONLY,DUPLICATE_OR_OLD,DUPLICATE_OR_OLD,0.039812788801837584,0.040009914227451926,41.849998881000005,False,
50.699998881,3.410668162165605,3.4109525652543287,3.375206803166053,82.13728491854495,-0.06308995172076592,0.5965092531676591,0.006180373292615093,FUSED,ACCEPTED,ACCEPTED,0.03546135899955205,0.03574576208827551,41.849998881000005,True,0.00033834288769422904
50.749998881,3.4339557655144923,3.434240168603216,3.3984944065149403,82.30662744878698,-0.06308995172076592,0.5810852890652138,0.011180373292615519,MODEL_ONLY,DUPLICATE_OR_OLD,DUPLICATE_OR_OLD,0.03546135899955205,0.03574576208827551,41.849998881000005,False,
50.799998881,3.446731162388325,3.4468397945631017,3.4216304495328584,82.47713057018817,-0.08326245220175535,0.5675050079184567,0.006180344761233514,FUSED,ACCEPTED,ACCEPTED,0.025100712855466778,0.025209345030243302,41.849998881000005,True,0.0
50.849998881000005,3.4677332776372456,3.467841909812022,3.442632564781779,82.64873714554605,-0.08326245220175535,0.5555480275468685,0.01118034476123394,MODEL_ONLY,DUPLICATE_OR_OLD,DUPLICATE_OR_OLD,0.025100712855466778,0.025209345030243302,41.849998881000005,False,
50.899998881,3.4875988349233036,3.487640328714072,3.465513947663378,82.82144080835717,-0.06977999167819536,0.5450203088596419,0.006180340598567128,FUSED,ACCEPTED,ACCEPTED,0.022084887259925523,0.022126381050693755,41.849998881000005,True,0.0
50.949998881,3.5082852221695364,3.5083267159603047,3.486200334909611,82.99523366542148,-0.06977999167819536,0.5357510069696134,0.011180340598566844,MODEL_ONLY,DUPLICATE_OR_OLD,DUPLICATE_OR_OLD,0.022084887259925523,0.022126381050693755,41.849998881000005,False,
50.999998881,3.5194822943124677,3.51975988981084,3.494239057900727,83.16974465024175,-0.0905694391001208,0.5139144880070758,0.006180339991242416,FUSED,ACCEPTED,ACCEPTED,0.025243236411740533,0.025520831910113007,41.849998881000005,True,0.0004235143720616938
51.049998881,3.537076067248309,3.5373536627466815,3.5118328308365685,83.34489644746017,-0.0905694391001208,0.49468816818370825,0.011180339991242133,MODEL_ONLY,DUPLICATE_OR_OLD,DUPLICATE_OR_OLD,0.025243236411740533,0.025520831910113007,41.849998881000005,False,
51.099998881000005,3.5531237446246444,3.553370231978888,3.5303521343726882,83.52095107159042,-0.07460882413005483,0.4777600408304112,0.006180339902634938,FUSED,ACCEPTED,ACCEPTED,0.022771610251956176,0.02301809760619955,41.849998881000005,True,0.00022726146396815847
51.149998881,3.569923909628739,3.5701703969829826,3.547152299376783,83.69788868243414,-0.07460882413005483,0.46285539457871,0.011180339902634655,MODEL_ONLY,DUPLICATE_OR_OLD,DUPLICATE_OR_OLD,0.022771610251956176,0.02301809760619955,41.849998881000005,False,
51.199998881,3.5764227101573915,3.576958695888023,3.5543619826144135,83.87542653948391,-0.09255239915352925,0.4295087814720635,0.006180339889707178,FUSED,ACCEPTED,ACCEPTED,0.022060727542978054,0.02259671327360957,41.849998881000005,True,0.0007149055667602724
51.249998881,3.589190337243399,3.5897263229740304,3.567129609700421,84.0534638292918,-0.09255239915352925,0.40014821124039845,0.011180339889707604,MODEL_ONLY,DUPLICATE_OR_OLD,DUPLICATE_OR_OLD,0.022060727542978054,0.02259671327360957,41.849998881000005,False,
51.299998881,3.5943010406719846,3.5947211509641175,3.5768704734388566,84.23206383137027,-0.08975162611596699,0.37429721757062534,0.006180339887821146,FUSED,ACCEPTED,ACCEPTED,0.01743056723312808,0.017850677525260927,41.849998881000005,True,0.0003484953326888564
51.349998881000005,3.604778110243561,3.605198220535694,3.587347543010433,84.41116928178151,-0.08975162611596699,0.3515362879142213,0.011180339887821574,MODEL_ONLY,DUPLICATE_OR_OLD,DUPLICATE_OR_OLD,0.01743056723312808,0.017850677525260927,41.849998881000005,False,
