t,base_v,candidate_v,inner_v,inner_s,disturbance,drive_a,pv,mode,front_status,rear_status,base_correction,correction,blocked_until,update,increment_delta
132.147309694,0.0,0.0,0.0,0.0,0.0,0.0,1.0,WAITING_FOR_INITIALIZATION,MISSING_OR_STALE,MISSING_OR_STALE,0.0,0.0,,False,
132.197309694,0.0,0.0,0.0,0.0,0.0,0.0,1.0,WAITING_FOR_INITIALIZATION,MISSING_OR_STALE,MISSING_OR_STALE,0.0,0.0,,False,
132.247309694,0.0,0.0,0.0,0.0,0.0,0.0,0.010000000000000002,INITIALIZED,ACCEPTED,ACCEPTED,0.0,0.0,,False,
132.297309694,0.0,0.0,0.0,0.0,0.0,0.0,0.01500000000000114,MODEL_ONLY,DUPLICATE_OR_OLD,DUPLICATE_OR_OLD,0.0,0.0,,False,
132.347309694,0.0,0.0,0.0,0.0,0.0,0.0,0.019999999999999435,MODEL_ONLY,DUPLICATE_OR_OLD,DUPLICATE_OR_OLD,0.0,0.0,,False,
132.397309694,0.0,0.0,0.0,0.0,0.0,0.0,0.00714285714285719,FUSED,ACCEPTED,ACCEPTED,0.0,0.0,,True,0.0
132.447309694,0.0,0.0,0.0,0.0,0.0,0.0,0.012142857142858328,MODEL_ONLY,DUPLICATE_OR_OLD,DUPLICATE_OR_OLD,0.0,0.0,,False,
132.497309694,0.0,0.0,0.0,0.0,0.0,0.0,0.00631578947368414,FUSED,ACCEPTED,ACCEPTED,0.0,0.0,,True,0.0
132.547309694,0.0,0.0,0.0,0.0,0.0,0.0,0.005308641975308877,FUSED,ACCEPTED,ACCEPTED,0.0,0.0,,True,0.0
132.597309694,0.0,0.0,0.0,0.0,0.0,0.0,0.010308641975307172,MODEL_ONLY,DUPLICATE_OR_OLD,DUPLICATE_OR_OLD,0.0,0.0,,False,
132.647309694,0.0,0.0,0.0,0.0,0.0,0.0,0.006048780487804827,FUSED,ACCEPTED,ACCEPTED,0.0,0.0,,True,0.0
132.697309694,0.0,0.0,0.0,0.0,0.0,0.0,0.011048780487805963,MODEL_ONLY,DUPLICATE_OR_OLD,DUPLICATE_OR_OLD,0.0,0.0,,False,
132.747309694,0.0,0.0,0.0,0.0,0.0,0.0,0.006161048689138486,FUSED,ACCEPTED,ACCEPTED,0.0,0.0,,True,0.0
132.797309694,0.0,0.0,0.0,0.0,0.0,0.0,0.011161048689139624,STOPPED,DUPLICATE_OR_OLD,DUPLICATE_OR_OLD,0.0,0.0,133.297309694,False,
132.847309694,0.0,0.0,0.0,0.0,0.0,0.0,0.006177523264137341,STOPPED,ACCEPTED,ACCEPTED,0.0,0.0,133.347309694,False,
132.897309694,0.0,0.0,0.0,0.0,0.0,0.0,0.011177523264138478,STOPPED,DUPLICATE_OR_OLD,DUPLICATE_OR_OLD,0.0,0.0,133.397309694,False,
132.947309694,0.0,0.0,0.0,0.0,0.0,0.0,0.00617992890347311,STOPPED,ACCEPTED,ACCEPTED,0.0,0.0,133.447309694,False,
132.997309694,0.0,0.0,0.0,0.0,0.0,0.0,0.011179928903471404,STOPPED,DUPLICATE_OR_OLD,DUPLICATE_OR_OLD,0.0,0.0,133.497309694,False,
133.047309694,0.0,0.0,0.0,0.0,0.0,0.0,0.0061802799247962885,STOPPED,ACCEPTED,ACCEPTED,0.0,0.0,133.547309694,False,
133.097309694,0.0,0.0,0.0,0.0,0.0,0.0,0.011180279924794582,STOPPED,DUPLICATE_OR_OLD,DUPLICATE_OR_OLD,0.0,0.0,133.597309694,False,
133.147309694,0.0,0.0,0.0,0.0,0.0,0.0,0.006180331139038412,STOPPED,ACCEPTED,ACCEPTED,0.0,0.0,133.647309694,False,
133.197309694,0.0,0.0,0.0,0.0,0.0,0.0,0.011180331139039549,STOPPED,DUPLICATE_OR_OLD,DUPLICATE_OR_OLD,0.0,0.0,133.697309694,False,
133.247309694,0.0,0.0,0.0,0.0,0.0,0.0,0.016180331139037843,STOPPED,DUPLICATE_OR_OLD,DUPLICATE_OR_OLD,0.0,0.0,133.747309694,False,
133.297309694,0.0,0.0,0.0,0.0,0.0,0.0,0.006792849968331603,STOPPED,ACCEPTED,ACCEPTED,0.0,0.0,133.797309694,False,
133.347309694,0.0,0.0,0.0,0.0,0.0,0.0,0.005411339033429618,STOPPED,ACCEPTED,ACCEPTED,0.0,0.0,133.847309694,False,
133.397309694,0.0,0.0,0.0,0.0,0.0,0.0,0.010411339033430755,STOPPED,DUPLICATE_OR_OLD,DUPLICATE_OR_OLD,0.0,0.0,133.897309694,False,
133.447309694,0.0,0.0,0.0,0.0,0.0,0.0,0.015411339033431892,STOPPED,DUPLICATE_OR_OLD,DUPLICATE_OR_OLD,0.0,0.0,133.947309694,False,
133.497309694,0.0,0.0,0.0,0.0,0.0,0.0,0.0067117528139726676,STOPPED,ACCEPTED,ACCEPTED,0.0,0.0,133.997309694,False,
133.547309694,0.0,0.0,0.0,0.0,0.0,0.0,0.011711752813973804,STOPPED,DUPLICATE_OR_OLD,DUPLICATE_OR_OLD,0.0,0.0,134.047309694,False,
133.597309694,0.0,0.0,0.0,0.0,0.0,0.0,0.00625632953792186,STOPPED,ACCEPTED,ACCEPTED,0.0,0.0,134.097309694,False,
133.647309694,0.0,0.0,0.0,0.0,0.0,0.0,0.00529551892665232,STOPPED,ACCEPTED,ACCEPTED,0.0,0.0,134.147309694,False,
133.697309694,0.0,0.0,0.0,0.0,0.0,0.0,0.010295518926653457,STOPPED,DUPLICATE_OR_OLD,DUPLICATE_OR_OLD,0.0,0.0,134.197309694,False,
133.747309694,0.0,0.0,0.0,0.0,0.0,0.0,0.0060467306367596035,STOPPED,ACCEPTED,ACCEPTED,0.0,0.0,134.247309694,False,
133.797309694,0.0,0.0,0.0,0.0,0.0,0.0,0.01104673063676074,STOPPED,DUPLICATE_OR_OLD,DUPLICATE_OR_OLD,0.0,0.0,134.297309694,False,
133.847309694,0.0,0.0,0.0,0.0,0.0,0.0,0.016046730636759036,STOPPED,DUPLICATE_OR_OLD,DUPLICATE_OR_OLD,0.0,0.0,134.347309694,False,
133.897309694,0.0,0.0,0.0,0.0,0.0,0.0,0.006779048938518594,STOPPED,ACCEPTED,ACCEPTED,0.0,0.0,134.397309694,False,
133.947309694,0.0,0.0,0.0,0.0,0.0,0.0,0.011779048938519731,STOPPED,DUPLICATE_OR_OLD,DUPLICATE_OR_OLD,0.0,0.0,134.447309694,False,
133.997309694,0.0,0.0,0.0,0.0,0.0,0.0,0.006265737434156463,STOPPED,ACCEPTED,ACCEPTED,0.0,0.0,134.497309694,False,
134.047309694,0.0,0.0,0.0,0.0,0.0,0.0,0.0112657374341576,STOPPED,DUPLICATE_OR_OLD,DUPLICATE_OR_OLD,0.0,0.0,134.547309694,False,
134.097309694,0.0,0.0,0.0,0.0,0.0,0.0,0.006192758712726632,STOPPED,ACCEPTED,ACCEPTED,0.0,0.0,134.597309694,False,
134.147309694,0.0,0.0,0.0,0.0,0.0,0.0,0.005281407137432144,STOPPED,ACCEPTED,ACCEPTED,0.0,0.0,134.647309694,False,
134.197309694,0.0,0.0,0.0,0.0,0.0,0.0,0.010281407137433281,STOPPED,DUPLICATE_OR_OLD,DUPLICATE_OR_OLD,0.0,0.0,134.697309694,False,
134.247309694,0.0,0.0,0.0,0.0,0.0,0.0,0.015281407137431577,STOPPED,DUPLICATE_OR_OLD,DUPLICATE_OR_OLD,0.0,0.0,134.747309694,False,
134.297309694,0.0,0.0,0.0,0.0,0.0,0.0,0.006697643555791574,STOPPED,ACCEPTED,ACCEPTED,0.0,0.0,134.797309694,False,
134.347309694,0.0,0.0,0.0,0.0,0.0,0.0,0.0053912045912785,STOPPED,ACCEPTED,ACCEPTED,0.0,0.0,134.847309694,False,
134.397309694,0.0,0.0,0.0,0.0,0.0,0.0,0.010391204591279637,STOPPED,DUPLICATE_OR_OLD,DUPLICATE_OR_OLD,0.0,0.0,134.897309694,False,
134.447309694,0.0,0.0,0.0,0.0,0.0,0.0,0.006061628362667775,STOPPED,ACCEPTED,ACCEPTED,0.0,0.0,134.947309694,False,
134.497309694,0.0,0.0,0.0,0.0,0.0,0.0,0.01106162836266607,STOPPED,DUPLICATE_OR_OLD,DUPLICATE_OR_OLD,0.0,0.0,134.997309694,False,
134.547309694,0.0,0.0,0.0,0.0,0.0,0.0,0.006162941217316717,STOPPED,ACCEPTED,ACCEPTED,0.0,0.0,135.047309694,False,
134.597309694,0.0,0.0,0.0,0.0,0.0,0.0,0.011162941217315012,STOPPED,DUPLICATE_OR_OLD,DUPLICATE_OR_OLD,0.0,0.0,135.097309694,False,
134.647309694,0.0,0.0,0.0,0.0,0.0,0.0,0.00617779976764179,STOPPED,ACCEPTED,ACCEPTED,0.0,0.0,135.147309694,False,
134.697309694,0.0,0.0,0.0,0.0,0.0,0.0,0.011177799767642927,STOPPED,DUPLICATE_OR_OLD,DUPLICATE_OR_OLD,0.0,0.0,135.197309694,False,
134.747309694,0.0,0.0,0.0,0.0,0.0,0.0,0.0061799692530458,STOPPED,ACCEPTED,ACCEPTED,0.0,0.0,135.247309694,False,
134.797309694,0.0,0.0,0.0,0.0,0.0,0.0,0.011179969253046937,STOPPED,DUPLICATE_OR_OLD,DUPLICATE_OR_OLD,0.0,0.0,135.297309694,False,
134.847309694,0.0,0.0,0.0,0.0,0.0,0.0,0.006180285811895365,STOPPED,ACCEPTED,ACCEPTED,0.0,0.0,135.347309694,False,
134.897309694,0.0,0.0,0.0,0.0,0.0,0.0,0.011180285811896503,STOPPED,DUPLICATE_OR_OLD,DUPLICATE_OR_OLD,0.0,0.0,135.397309694,False,
134.947309694,0.0,0.0,0.0,0.0,0.0,0.0,0.016180285811897642,STOPPED,DUPLICATE_OR_OLD,DUPLICATE_OR_OLD,0.0,0.0,135.447309694,False,
134.997309694,0.0,0.0,0.0,0.0,0.0,0.0,0.006792845306060412,STOPPED,ACCEPTED,ACCEPTED,0.0,0.0,135.497309694,False,
135.047309694,0.0,0.0,0.0,0.0,0.0,0.0,0.011792845306061549,STOPPED,DUPLICATE_OR_OLD,DUPLICATE_OR_OLD,0.0,0.0,135.547309694,False,
135.097309694,0.0,0.0,0.0,0.0,0.0,0.0,0.00626766030790382,STOPPED,ACCEPTED,ACCEPTED,0.0,0.0,135.597309694,False,
135.147309694,0.0,0.0,0.0,0.0,0.0,0.0,0.00529802533272402,STOPPED,ACCEPTED,ACCEPTED,0.0,0.0,135.647309694,False,
135.197309694,0.0,0.0,0.0,0.0,0.0,0.0,0.010298025332725157,STOPPED,DUPLICATE_OR_OLD,DUPLICATE_OR_OLD,0.0,0.0,135.697309694,False,
135.247309694,0.0,0.0,0.0,0.0,0.0,0.0,0.006047122307579944,STOPPED,ACCEPTED,ACCEPTED,0.0,0.0,135.747309694,False,
135.297309694,0.0,0.0,0.0,0.0,0.0,0.0,0.011047122307581082,STOPPED,DUPLICATE_OR_OLD,DUPLICATE_OR_OLD,0.0,0.0,135.797309694,False,
135.347309694,0.0,0.0,0.0,0.0,0.0,0.0,0.016047122307579376,STOPPED,DUPLICATE_OR_OLD,DUPLICATE_OR_OLD,0.0,0.0,135.847309694,False,
135.397309694,0.0,0.0,0.0,0.0,0.0,0.0,0.006779089571996055,STOPPED,ACCEPTED,ACCEPTED,0.0,0.0,135.897309694,False,
135.447309694,0.0,0.0,0.0,0.0,0.0,0.0,0.005408439839993286,STOPPED,ACCEPTED,ACCEPTED,0.0,0.0,135.947309694,False,
135.497309694,0.0,0.0,0.0,0.0,0.0,0.0,0.010408439839991582,STOPPED,DUPLICATE_OR_OLD,DUPLICATE_OR_OLD,0.0,0.0,135.997309694,False,
135.547309694,0.0,0.0,0.0,0.0,0.0,0.0,0.015408439839992719,STOPPED,DUPLICATE_OR_OLD,DUPLICATE_OR_OLD,0.0,0.0,136.047309694,False,
135.597309694,0.0,0.0,0.0,0.0,0.0,0.0,0.006711439306778012,STOPPED,ACCEPTED,ACCEPTED,0.0,0.0,136.097309694,False,
135.647309694,0.0,0.0,0.0,0.0,0.0,0.0,0.005394133084084567,STOPPED,ACCEPTED,ACCEPTED,0.0,0.0,136.147309694,False,
135.697309694,0.0,0.0,0.0,0.0,0.0,0.0,0.010394133084085704,STOPPED,DUPLICATE_OR_OLD,DUPLICATE_OR_OLD,0.0,0.0,136.197309694,False,
135.747309694,0.0,0.0,0.0,0.0,0.0,0.0,0.015394133084083998,STOPPED,DUPLICATE_OR_OLD,DUPLICATE_OR_OLD,0.0,0.0,136.247309694,False,
135.797309694,0.0,0.0,0.0,0.0,0.0,0.0,0.0067098913555668546,STOPPED,ACCEPTED,ACCEPTED,0.0,0.0,136.297309694,False,
135.847309694,0.0,0.0,0.0,0.0,0.0,0.0,0.01170989135556515,STOPPED,DUPLICATE_OR_OLD,DUPLICATE_OR_OLD,0.0,0.0,136.347309694,False,
135.897309694,0.0,0.0,0.0,0.0,0.0,0.0,0.006256068635069151,STOPPED,ACCEPTED,ACCEPTED,0.0,0.0,136.397309694,False,
135.947309694,0.0,0.0,0.0,0.0,0.0,0.0,0.005295461182553276,STOPPED,ACCEPTED,ACCEPTED,0.0,0.0,136.447309694,False,
135.997309694,0.0,0.0,0.0,0.0,0.0,0.0,0.01029546118255157,STOPPED,DUPLICATE_OR_OLD,DUPLICATE_OR_OLD,0.0,0.0,136.497309694,False,
136.047309694,0.0,0.0,0.0,0.0,0.0,0.0,0.015295461182552707,STOPPED,DUPLICATE_OR_OLD,DUPLICATE_OR_OLD,0.0,0.0,136.547309694,False,
136.097309694,0.0,0.0,0.0,0.0,0.0,0.0,0.006699175516839596,STOPPED,ACCEPTED,ACCEPTED,0.0,0.0,136.597309694,False,
136.147309694,0.0,0.0,0.0,0.0,0.0,0.0,0.005391529972077051,STOPPED,ACCEPTED,ACCEPTED,0.0,0.0,136.647309694,False,
136.197309694,0.0,0.0,0.0,0.0,0.0,0.0,0.010391529972078189,STOPPED,DUPLICATE_OR_OLD,DUPLICATE_OR_OLD,0.0,0.0,136.697309694,False,
136.247309694,0.0,0.0,0.0,0.0,0.0,0.0,0.015391529972076483,STOPPED,DUPLICATE_OR_OLD,DUPLICATE_OR_OLD,0.0,0.0,136.747309694,False,
136.297309694,0.0,0.0,0.0,0.0,0.0,0.0,0.006709609549375254,STOPPED,ACCEPTED,ACCEPTED,0.0,0.0,136.797309694,False,
136.347309694,0.0,0.0,0.0,0.0,0.0,0.0,0.005393744886448887,STOPPED,ACCEPTED,ACCEPTED,0.0,0.0,136.847309694,False,
136.397309694,0.0,0.0,0.0,0.0,0.0,0.0,0.010393744886450024,STOPPED,DUPLICATE_OR_OLD,DUPLICATE_OR_OLD,0.0,0.0,136.897309694,False,
136.447309694,0.0,0.0,0.0,0.0,0.0,0.0,0.00606202234262206,STOPPED,ACCEPTED,ACCEPTED,0.0,0.0,136.947309694,False,
136.497309694,0.0,0.0,0.0,0.0,0.0,0.0,0.011062022342620355,STOPPED,DUPLICATE_OR_OLD,DUPLICATE_OR_OLD,0.0,0.0,136.997309694,False,
136.547309694,0.0,0.0,0.0,0.0,0.0,0.0,0.016062022342621492,STOPPED,DUPLICATE_OR_OLD,DUPLICATE_OR_OLD,0.0,0.0,137.047309694,False,
136.597309694,0.0,0.0,0.0,0.0,0.0,0.0,0.006780634599480301,STOPPED,ACCEPTED,ACCEPTED,0.0,0.0,137.097309694,False,
136.647309694,0.0,0.0,0.0,0.0,0.0,0.0,0.0054087655461434155,STOPPED,ACCEPTED,ACCEPTED,0.0,0.0,137.147309694,False,
136.697309694,0.0,0.0,0.0,0.0,0.0,0.0,0.010408765546144554,STOPPED,DUPLICATE_OR_OLD,DUPLICATE_OR_OLD,0.0,0.0,137.197309694,False,
136.747309694,0.0,0.0,0.0,0.0,0.0,0.0,0.00606435031964076,STOPPED,ACCEPTED,ACCEPTED,0.0,0.0,137.247309694,False,
136.797309694,0.0,0.0,0.0,0.0,0.0,0.0,0.011064350319641897,STOPPED,DUPLICATE_OR_OLD,DUPLICATE_OR_OLD,0.0,0.0,137.297309694,False,
136.847309694,0.0,0.0,0.0,0.0,0.0,0.0,0.01606435031964019,STOPPED,DUPLICATE_OR_OLD,DUPLICATE_OR_OLD,0.0,0.0,137.347309694,False,
136.897309694,0.0,0.0,0.0,0.0,0.0,0.0,0.0067808758602373835,STOPPED,ACCEPTED,ACCEPTED,0.0,0.0,137.397309694,False,
136.947309694,0.0,0.0,0.0,0.0,0.0,0.0,0.005408816401981693,STOPPED,ACCEPTED,ACCEPTED,0.0,0.0,137.447309694,False,
136.997309694,0.0,0.0,0.0,0.0,0.0,0.0,0.010408816401979989,STOPPED,DUPLICATE_OR_OLD,DUPLICATE_OR_OLD,0.0,0.0,137.497309694,False,
137.047309694,0.0,0.0,0.0,0.0,0.0,0.0,0.015408816401981126,STOPPED,DUPLICATE_OR_OLD,DUPLICATE_OR_OLD,0.0,0.0,137.547309694,False,
137.097309694,0.0,0.0,0.0,0.0,0.0,0.0,0.00671148003006488,STOPPED,ACCEPTED,ACCEPTED,0.0,0.0,137.597309694,False,
137.147309694,0.0,0.0,0.0,0.0,0.0,0.0,0.005394141723110531,STOPPED,ACCEPTED,ACCEPTED,0.0,0.0,137.647309694,False,
137.197309694,0.0,0.0,0.0,0.0,0.0,0.0,0.010394141723111669,STOPPED,DUPLICATE_OR_OLD,DUPLICATE_OR_OLD,0.0,0.0,137.697309694,False,
137.247309694,0.00043278069294032384,0.00043278069294032384,0.00043278069294032384,1.0819517323504405e-05,0.0,0.021980188503112136,0.006062083881772036,FUSED,ACCEPTED,ACCEPTED,0.0,0.0,137.697309694,False,
137.297309694,0.0024937784580934008,0.0024937784580934008,0.0024937784580934008,8.398349609936416e-05,0.0,0.04133300452035599,0.011062083881773172,MODEL_ONLY,DUPLICATE_OR_OLD,DUPLICATE_OR_OLD,0.0,0.0,137.697309694,False,
137.347309694,0.005379834736088137,0.005379834736088137,0.005379834736088137,0.0002808238259538354,0.0,0.05837250751387373,0.016062083881771466,MODEL_ONLY,DUPLICATE_OR_OLD,DUPLICATE_OR_OLD,0.0,0.0,137.697309694,False,
137.397309694,0.0028904523874462287,0.0028904523874462287,0.0028904523874462287,0.00048758100404224154,0.0,0.07337521626735573,0.0067806409775784384,FUSED,ACCEPTED,ACCEPTED,0.0,0.0,137.697309694,False,
137.447309694,0.007181933157250734,0.007181933157250734,0.007181933157250734,0.0007393906426597229,0.0,0.08658459626085058,0.011780640977579575,MODEL_ONLY,DUPLICATE_OR_OLD,DUPLICATE_OR_OLD,0.0,0.0,137.697309694,False,
137.497309694,0.004480446184828842,0.004480446184828842,0.004480446184828842,0.0010309501262116129,0.0,0.098215010653315,0.0062659594262988285,FUSED,ACCEPTED,ACCEPTED,0.0,0.0,137.697309694,False,
137.547309694,0.005104813804046517,0.005104813804046517,0.005104813804046517,0.0012705816259335513,0.0,0.12867877283444049,0.005297649262119427,FUSED,ACCEPTED,ACCEPTED,0.0,0.0,137.697309694,False,
137.597309694,0.012813209730858753,0.012813209730858753,0.012813209730858753,0.0017185322143060304,0.0,0.1555010898769102,0.010297649262117722,MODEL_ONLY,DUPLICATE_OR_OLD,DUPLICATE_OR_OLD,0.0,0.0,137.697309694,False,
137.647309694,0.008539113239974626,0.008539113239974626,0.008539113239974626,0.0022523402885769863,0.0,0.17911723706352797,0.006047063544764149,FUSED,ACCEPTED,ACCEPTED,0.0,0.0,137.697309694,False,
137.697309694,0.018423176139972974,0.018423176139972974,0.018423176139972974,0.00292639752307583,0.0,0.19991045962728246,0.011047063544765286,MODEL_ONLY,DUPLICATE_OR_OLD,DUPLICATE_OR_OLD,0.0,0.0,137.697309694,False,
137.747309694,0.014541163298459172,0.014541163298459172,0.011169835799323274,0.0036662228215579838,0.0,0.21821819209393123,0.006160795637168717,FUSED,ACCEPTED,ACCEPTED,0.003371327499135898,0.003371327499135898,137.697309694,True,0.0
137.797309694,0.02679606484704789,0.02679606484704789,0.023424737347911992,0.004531087150239062,0.0,0.24801274490177974,0.011160795637169854,MODEL_ONLY,DUPLICATE_OR_OLD,DUPLICATE_OR_OLD,0.0033713274991358996,0.0033713274991358996,137.697309694,False,
137.847309694,0.02160645357978199,0.02160645357978199,0.014079263975687845,0.005468687183328738,0.0,0.27424584561991283,0.006177486289525376,FUSED,ACCEPTED,ACCEPTED,0.007527189604094146,0.007527189604094146,137.697309694,True,0.0
137.897309694,0.03629003042256579,0.03629003042256579,0.028762840818471642,0.006539739803182969,0.0,0.2973432076688314,0.011177486289526514,MODEL_ONLY,DUPLICATE_OR_OLD,DUPLICATE_OR_OLD,0.007527189604094146,0.007527189604094146,137.697309694,False,
137.947309694,0.02548159435596807,0.02548159435596807,0.01691290204141637,0.007681633374680429,0.0,0.3176796573836657,0.006179923507781373,FUSED,ACCEPTED,ACCEPTED,0.0085686923145517,0.0085686923145517,137.697309694,True,0.0
137.997309694,0.04204048391704208,0.04204048391704208,0.03347179160249038,0.008941250715777668,0.0,0.33558521673403013,0.011179923507779667,MODEL_ONLY,DUPLICATE_OR_OLD,DUPLICATE_OR_OLD,0.0085686923145517,0.0085686923145517,137.697309694,False,
138.047309694,0.027628839102328846,0.027628839102328846,0.01933014888802221,0.010261299228040782,0.0,0.35135045895405836,0.006180279137550594,FUSED,ACCEPTED,ACCEPTED,0.008298690214306636,0.008298690214306636,137.697309694,True,0.0
138.097309694,0.04563871595766565,0.04563871595766565,0.03734002574335901,0.01167805359382483,0.0,0.3652312239942647,0.011180279137548889,MODEL_ONLY,DUPLICATE_OR_OLD,DUPLICATE_OR_OLD,0.00829869021430664,0.00829869021430664,137.697309694,False,
138.147309694,0.06402925177599517,0.06402925177599517,0.05573056156168853,0.014004818276451548,0.0,0.37745277031829505,0.016180279137550026,MODEL_ONLY,DUPLICATE_OR_OLD,DUPLICATE_OR_OLD,0.00829869021430664,0.00829869021430664,137.697309694,False,
138.197309694,0.04425487467449617,0.044171542773072094,0.02387137659977609,0.015994866730488617,0.0,0.3882134304200749,0.006792844619547759,FUSED,ACCEPTED,ACCEPTED,0.020383498074720077,0.020300166173296004,137.697309694,True,-0.00012267600113252328
138.247309694,0.034749252500034904,0.034711014306316346,0.01993565378372215,0.0170900424900757,0.0,0.39768782938367425,0.005411337907199607,FUSED,ACCEPTED,ACCEPTED,0.014813598716312753,0.014775360522594195,137.697309694,True,0.0
138.297309694,0.05479122142879633,0.05475298323507777,0.039977622712483576,0.01858787440248118,0.0,0.40602971871690463,0.010411337907200745,MODEL_ONLY,DUPLICATE_OR_OLD,DUPLICATE_OR_OLD,0.014813598716312756,0.014775360522594191,137.697309694,False,
138.347309694,0.07522425406253738,0.07520920637246367,0.059664994713418344,0.021078939838127878,0.0,0.4133744714463535,0.006064748721015986,FUSED,ACCEPTED,ACCEPTED,0.015559259349119038,0.015544211659045327,137.697309694,True,0.0
138.397309694,0.09545936791270099,0.09544432022262728,0.07990010856358194,0.02456806742005368,0.0,0.4198412789646351,0.011064748721017124,MODEL_ONLY,DUPLICATE_OR_OLD,DUPLICATE_OR_OLD,0.015559259349119045,0.015544211659045334,137.697309694,False,
138.447309694,0.13073300117773057,0.13072722798181957,0.11929941722666978,0.029548055564811104,0.0,0.42553508528037426,0.006163400573305304,FUSED,ACCEPTED,ACCEPTED,0.011433583951060783,0.011427810755149787,137.697309694,True,0.0
138.497309694,0.15086407770683252,0.15085830451092153,0.13943049375577174,0.036016303339369934,0.0,0.43054829006024203,0.0111634005733036,MODEL_ONLY,DUPLICATE_OR_OLD,DUPLICATE_OR_OLD,0.011433583951060783,0.011427810755149787,137.697309694,False,
138.547309694,0.16527770693501842,0.16527550034268543,0.1519655677740353,0.04330120487761677,0.0,0.43496224810012923,0.006177866874765781,FUSED,ACCEPTED,ACCEPTED,0.013312139160983116,0.013309932568650124,137.697309694,True,0.0
138.597309694,0.18554580348185634,0.18554359688952335,0.17223366432087323,0.05140618567998671,0.0,0.4388485895590107,0.011177866874764075,MODEL_ONLY,DUPLICATE_OR_OLD,DUPLICATE_OR_OLD,0.013312139160983116,0.013309932568650124,137.697309694,False,
138.647309694,0.19842422830104928,0.19842338537815432,0.18634156845016706,0.060370566499264755,0.0,0.44227038238045396,0.006179979045718297,FUSED,ACCEPTED,ACCEPTED,0.012082659850882221,0.012081816927987266,137.697309694,True,0.0
138.697309694,0.21933350693915685,0.2193326640162619,0.20725084708827463,0.07021037688772803,0.0,0.4563957341148959,0.011179979045719435,MODEL_ONLY,DUPLICATE_OR_OLD,DUPLICATE_OR_OLD,0.012082659850882221,0.012081816927987266,137.697309694,False,
138.747309694,0.22495952516036877,0.22495920318803508,0.2182415905839515,0.08084768782953006,0.0,0.4688326307892122,0.006180287240666947,FUSED,ACCEPTED,ACCEPTED,0.006717934576417256,0.006717612604083573,137.697309694,True,0.0
138.797309694,0.24686594356920644,0.24686562159687275,0.24014800899278918,0.09230742781895118,0.0,0.4797828996246882,0.011180287240668083,MODEL_ONLY,DUPLICATE_OR_OLD,DUPLICATE_OR_OLD,0.006717934576417256,0.006717612604083573,137.697309694,False,
138.847309694,0.26915892427649823,0.26915860230416455,0.262440989700081,0.10487215278626866,0.0,0.4894242426951572,0.016180287240666377,MODEL_ONLY,DUPLICATE_OR_OLD,DUPLICATE_OR_OLD,0.006717934576417228,0.006717612604083545,137.697309694,False,
138.897309694,0.28185956859739014,0.2816729743037776,0.25204192405635195,0.1177342256301824,0.0,0.4979131206943381,0.006792845453021582,FUSED,ACCEPTED,ACCEPTED,0.02981764454103819,0.029631050247425628,137.697309694,True,-0.0002745403725123857
138.947309694,0.3049056636476459,0.3047190693540333,0.2750880191066077,0.1309124742092594,0.0,0.5053872919958088,0.01179284545302272,MODEL_ONLY,DUPLICATE_OR_OLD,DUPLICATE_OR_OLD,0.02981764454103819,0.029631050247425628,137.697309694,False,
138.997309694,0.3095026657979693,0.30933761950035,0.27501162058241413,0.14466496520148026,0.0,0.5119680482098914,0.006267660328376039,FUSED,ACCEPTED,ACCEPTED,0.03449104521555518,0.03432599891793586,137.697309694,True,-0.00015221464496495418
139.047309694,0.3180260318901435,0.31794842753918484,0.29530902051652214,0.1589229812289569,0.0,0.517762182516221,0.005298025337250134,FUSED,ACCEPTED,ACCEPTED,0.022717011373621365,0.022639407022662705,137.697309694,True,0.0
139.097309694,0.34181613234840774,0.3417385279974491,0.3190991209747864,0.17428318476623436,0.0,0.5228637227142767,0.01029802533724843,MODEL_ONLY,DUPLICATE_OR_OLD,DUPLICATE_OR_OLD,0.022717011373621365,0.022639407022662705,137.697309694,False,
139.147309694,0.36577813473612314,0.3657005303851645,0.3430611233625018,0.19083719087467033,0.0,0.5273554571160799,0.015298025337249567,MODEL_ONLY,DUPLICATE_OR_OLD,DUPLICATE_OR_OLD,0.022717011373621365,0.022639407022662705,137.697309694,False,
139.197309694,0.3683664240553972,0.36833241261482735,0.3434059562132889,0.207998867864069,0.0,0.5313102780433009,0.006699454869190689,FUSED,ACCEPTED,ACCEPTED,0.024960467842108314,0.024926456401538455,137.697309694,True,-1.2535011378073113e-05
139.247309694,0.38905649090486627,0.38904081703620236,0.3700548798619563,0.22583538876594403,0.0,0.5444186020636965,0.005391589300153811,FUSED,ACCEPTED,ACCEPTED,0.019001611042909983,0.01898593717424607,137.697309694,True,0.0
139.297309694,0.4143683093524751,0.4143526354838112,0.3953666983095651,0.24497092822023642,0.0,0.5559600400738944,0.01039158930015495,MODEL_ONLY,DUPLICATE_OR_OLD,DUPLICATE_OR_OLD,0.019001611042909983,0.01898593717424607,137.697309694,False,
139.347309694,0.42753442337037056,0.42752825051191784,0.4137653583961461,0.2651992296378723,0.0,0.5661218877010841,0.006061688033076509,FUSED,ACCEPTED,ACCEPTED,0.013769064974224476,0.013762892115771752,137.697309694,True,0.0
139.397309694,0.45375778419052704,0.4537516113320743,0.43998871921630256,0.28654308157818836,0.0,0.5750690524397497,0.011061688033077647,MODEL_ONLY,DUPLICATE_OR_OLD,DUPLICATE_OR_OLD,0.013769064974224476,0.013762892115771752,137.697309694,False,
139.447309694,0.4803563271338855,0.48035015427543276,0.466587262159661,0.3092074811125926,0.0,0.5829467297871822,0.016061688033078784,MODEL_ONLY,DUPLICATE_OR_OLD,DUPLICATE_OR_OLD,0.013769064974224476,0.013762892115771752,137.697309694,False,
139.497309694,0.4953733178050632,0.4951837509454514,0.4656631439741644,0.3325137412659303,0.0,0.5985052927451656,0.006780599950218043,FUSED,ACCEPTED,ACCEPTED,0.0297101738308988,0.029520606971287,137.697309694,True,-0.0002766415522342594
139.547309694,0.5234205143385906,0.5232309474789788,0.4937103405076918,0.35649807837798214,0.0,0.6122040836529835,0.01178059995021918,MODEL_ONLY,DUPLICATE_OR_OLD,DUPLICATE_OR_OLD,0.0297101738308988,0.029520606971287,137.697309694,False,
139.597309694,0.5411926762204591,0.5409965021197928,0.5082127354674785,0.38154615527735286,0.0,0.6321506151075759,0.006265953705820997,FUSED,ACCEPTED,ACCEPTED,0.03297994075298061,0.032783766652314306,137.697309694,True,-0.0002001115290503619
139.647309694,0.5698587592070423,0.5697665112395258,0.5473205922315223,0.4079344884698339,0.006122213063850623,0.6497128645563574,0.005297647997201166,FUSED,ACCEPTED,ACCEPTED,0.022538166975520024,0.022445919008003523,137.697309694,True,0.0
139.697309694,0.6008333368003942,0.6007410888328777,0.5782951698248742,0.4360748825212502,0.006122213063850623,0.6651758339655087,0.010297647997202303,MODEL_ONLY,DUPLICATE_OR_OLD,DUPLICATE_OR_OLD,0.022538166975520024,0.022445919008003523,137.697309694,False,
139.747309694,0.635141427730555,0.63510496269336,0.6108412658033742,0.46580329341194626,0.013603025380224641,0.6787904579717071,0.006047063347111721,FUSED,ACCEPTED,ACCEPTED,0.024300161927180874,0.024263696889985864,137.697309694,True,0.0
139.797309694,0.6681255680178115,0.6680891029806165,0.6438254060906307,0.4971699602093035,0.013603025380224641,0.6980911801729961,0.011047063347112859,MODEL_ONLY,DUPLICATE_OR_OLD,DUPLICATE_OR_OLD,0.024300161927180874,0.024263696889985864,137.697309694,False,
139.847309694,0.7019561379694234,0.7019196729322283,0.6776559760422425,0.530206994762614,0.013603025380224641,0.7150848163152962,0.016047063347111153,MODEL_ONLY,DUPLICATE_OR_OLD,DUPLICATE_OR_OLD,0.024300161927180874,0.024263696889985864,137.697309694,False,
139.897309694,0.7347739561383952,0.7345576780315318,0.6940241345987135,0.5644989975286457,-0.0024380182471113246,0.7300471408503817,0.006779083455269818,FUSED,ACCEPTED,ACCEPTED,0.04074982153968176,0.04053354343281834,137.697309694,True,-0.00030171191142937953
139.947309694,0.7749724453881633,0.7748731399663775,0.7494553381939896,0.6005859843484715,0.018738536781917545,0.7432209638991071,0.00540843855043872,FUSED,ACCEPTED,ACCEPTED,0.02551710719417377,0.02541780177238795,137.697309694,True,0.0
139.997309694,0.81104111594864,0.8109418105268542,0.7855240087544663,0.6389604680221699,0.018738536781917545,0.7548200715987212,0.010408438550437014,MODEL_ONLY,DUPLICATE_OR_OLD,DUPLICATE_OR_OLD,0.02551710719417377,0.02541780177238795,137.697309694,False,
140.047309694,0.8476195388065051,0.8475202333847193,0.8221024316123313,0.679151129031349,0.018738536781917545,0.7650326954460119,0.015408438550438152,MODEL_ONLY,DUPLICATE_OR_OLD,DUPLICATE_OR_OLD,0.02551710719417377,0.02541780177238795,137.697309694,False,
140.097309694,0.9051407643667647,0.904937593735057,0.857836142459361,0.721149593383127,0.06135784661580542,0.7740245669370924,0.006711439167317433,FUSED,ACCEPTED,ACCEPTED,0.0473046219074037,0.04710145127569598,137.697309694,True,-0.00025406389807162283
140.147309694,0.9563422324112386,0.9562486547215506,0.9267313823039419,0.7657637815022197,0.07499612578379752,0.781941607074985,0.005394133054499385,FUSED,ACCEPTED,ACCEPTED,0.029610850107296693,0.02951727241760871,137.697309694,True,0.0
140.197309694,0.9972686419574023,0.9971750642677143,0.9676577918501056,0.8131235108560817,0.07499612578379752,0.7957654664395781,0.010394133054500522,MODEL_ONLY,DUPLICATE_OR_OLD,DUPLICATE_OR_OLD,0.029610850107296693,0.02951727241760871,137.697309694,False,
140.247309694,1.0368681079674802,1.0368312578456482,1.0119400424302227,0.862613456713073,0.04855734677686876,0.8079369092319382,0.006062082537514151,FUSED,ACCEPTED,ACCEPTED,0.02492806553725746,0.024891215415425494,137.697309694,True,0.0
140.297309694,1.077616695012131,1.0775798448902991,1.0526886294748736,0.9142291735107121,0.04855734677686876,0.8186534548608168,0.011062082537515288,MODEL_ONLY,DUPLICATE_OR_OLD,DUPLICATE_OR_OLD,0.02492806553725746,0.024891215415425494,137.697309694,False,
140.347309694,1.130006252601048,1.129992113239092,1.1019571566745374,0.968095318164429,0.08347093914329554,0.8280890125161338,0.006163008084405355,FUSED,ACCEPTED,ACCEPTED,0.028049095926510503,0.02803495656455457,137.697309694,True,0.0
140.397309694,1.1733875567717644,1.1733734174098085,1.145338460845254,1.0242777086024366,0.08347093914329554,0.8363967033850083,0.011163008084406493,MODEL_ONLY,DUPLICATE_OR_OLD,DUPLICATE_OR_OLD,0.028049095926510503,0.02803495656455457,137.697309694,False,
140.447309694,1.2244954217138275,1.2244900173803845,1.207071254059603,1.0830879514750713,0.08835465851027809,0.8437113455178818,0.006177809536373725,FUSED,ACCEPTED,ACCEPTED,0.01742416765422461,0.017418763320781627,137.697309694,True,0.0
140.497309694,1.2688086031122354,1.2688031987787924,1.2513844354580108,1.1445493437129908,0.08835465851027809,0.8501516416695404,0.01117780953637202,MODEL_ONLY,DUPLICATE_OR_OLD,DUPLICATE_OR_OLD,0.01742416765422461,0.017418763320781627,137.697309694,False,
140.547309694,1.325008525149273,1.3250064606780514,1.2993704940694861,1.2083182169511928,0.11377554118595365,0.8558221056194726,0.006179970678560654,FUSED,ACCEPTED,ACCEPTED,0.025638031079786794,0.025635966608565264,137.697309694,True,0.0
140.597309694,1.3714494897408283,1.3714474252696067,1.3458114586610415,1.2744477657694335,0.11377554118595365,0.867286783347331,0.01117997067855895,MODEL_ONLY,DUPLICATE_OR_OLD,DUPLICATE_OR_OLD,0.025638031079786794,0.025635966608565264,137.697309694,False,
140.647309694,1.3990486311951493,1.3990478426261905,1.3692614552710662,1.3423245886177517,0.04018162354414047,0.8773810461300556,0.006180286019881057,FUSED,ACCEPTED,ACCEPTED,0.029787175924083087,0.02978638735512429,137.697309694,True,0.0
140.697309694,1.442758989995938,1.4427582014269793,1.412971814071855,1.4118804203513406,0.04018162354414047,0.886268704688398,0.011180286019882194,MODEL_ONLY,DUPLICATE_OR_OLD,DUPLICATE_OR_OLD,0.029787175924083087,0.02978638735512429,137.697309694,False,
140.747309694,1.5079638295378588,1.5079635283306991,1.4745129851894085,1.4840675403328476,0.12710158830456553,0.8940939888473184,0.006180332028303162,FUSED,ACCEPTED,ACCEPTED,0.03345084434845025,0.03345054314129059,137.697309694,True,0.0
140.797309694,1.5567559419024344,1.5567556406952747,1.5233050975539841,1.5590129924014495,0.12710158830456553,0.9009838881122313,0.0111803320283043,MODEL_ONLY,DUPLICATE_OR_OLD,DUPLICATE_OR_OLD,0.03345084434845025,0.03345054314129059,137.697309694,False,
140.847309694,1.5851498778992226,1.5851497628482907,1.5477853386063707,1.6357902533054323,0.03485917505494843,0.9070502124675557,0.00618033874085731,FUSED,ACCEPTED,ACCEPTED,0.037364539292851884,0.03736442424191999,137.697309694,True,0.0
140.897309694,1.6299002444666926,1.6299001294157607,1.5925357051738407,1.7142982793999555,0.03485917505494843,0.91239140684052,0.011180338740858447,MODEL_ONLY,DUPLICATE_OR_OLD,DUPLICATE_OR_OLD,0.037364539292851884,0.03736442424191999,137.697309694,False,
140.947309694,1.6748857477683674,1.6748856327174355,1.6375212084755155,1.7950497022412077,0.03485917505494843,0.9170941486754055,0.016180338740859584,MODEL_ONLY,DUPLICATE_OR_OLD,DUPLICATE_OR_OLD,0.037364539292851884,0.03736442424191999,137.697309694,False,
140.997309694,1.735313039210729,1.7352833111829842,1.6861497922881232,1.8781414772602705,0.10131890690057295,0.9212347545439196,0.006792850750240161,FUSED,ACCEPTED,ACCEPTED,0.04916324692260576,0.04913351889486095,137.697309694,True,-4.370937958956406e-05
141.047309694,1.799825951274026,1.7998123100904628,1.7569419174066796,1.96421877000266,0.1344517107232115,0.9248804186182712,0.0054113391980673865,FUSED,ACCEPTED,ACCEPTED,0.042884033867346405,0.04287039268378323,137.697309694,True,0.0
141.097309694,1.8503408885694674,1.8503272473859043,1.807456854702121,2.05332873930535,0.1344517107232115,0.9280903031050004,0.01041133919806568,MODEL_ONLY,DUPLICATE_OR_OLD,DUPLICATE_OR_OLD,0.042884033867346405,0.04287039268378323,137.697309694,False,
141.147309694,1.9009971355779158,1.9009834943943527,1.8581131017105694,2.144967988215688,0.1344517107232115,0.930916498335286,0.015411339198066818,MODEL_ONLY,DUPLICATE_OR_OLD,DUPLICATE_OR_OLD,0.042884033867346405,0.04287039268378323,137.697309694,False,
141.197309694,1.9487660023165116,1.948727128074682,1.8865464046426654,2.23858447587454,0.09900797138927979,0.9334048680921129,0.006711752831774241,FUSED,ACCEPTED,ACCEPTED,0.062219597673846216,0.06218072343201664,137.697309694,True,-5.123651655428163e-05
141.247309694,1.9978840270957279,1.9978451528538983,1.9356644294218817,2.3341397467261213,0.09900797138927979,0.9355957938924021,0.011711752831772535,MODEL_ONLY,DUPLICATE_OR_OLD,DUPLICATE_OR_OLD,0.062219597673846216,0.06218072343201664,137.697309694,False,
141.297309694,2.0465798352710323,2.0465331390342514,1.9760957226940254,2.4319337505290415,0.10404258403529058,0.9375248303023686,0.006256329540416763,FUSED,ACCEPTED,ACCEPTED,0.07048411257700682,0.07043741634022593,137.697309694,True,-5.137677210839686e-05
141.347309694,2.0961309650641495,2.0960842688273686,2.0256468524871427,2.5319773149085365,0.10404258403529058,0.9392232819206209,0.011256329540415059,MODEL_ONLY,DUPLICATE_OR_OLD,DUPLICATE_OR_OLD,0.07048411257700682,0.07043741634022593,137.697309694,False,
141.397309694,2.1303825985239864,2.1303512430547076,2.063805729818736,2.6342136294662066,0.05883968819971927,0.9407187113923733,0.006191394541797222,FUSED,ACCEPTED,ACCEPTED,0.06657686870525037,0.06654551323597158,137.697309694,True,-2.1918672698240105e-05
141.447309694,2.177814188756277,2.177782833286998,2.1112373200510266,2.7385897057129744,0.05883968819971927,0.9420353866988419,0.01119139454179836,MODEL_ONLY,DUPLICATE_OR_OLD,DUPLICATE_OR_OLD,0.06657686870525037,0.06654551323597158,137.697309694,False,
141.497309694,2.22537899220806,2.225356493686507,2.1619772837925932,2.8454200708090287,0.08110705161310372,0.9431946749805096,0.006181952059084965,FUSED,ACCEPTED,ACCEPTED,0.06340170841546655,0.06337920989391366,137.697309694,True,-1.7028364116558614e-05
141.547309694,2.280809080408602,2.2807984588561174,2.2299650530327155,2.9552186292296865,0.10208313356423875,0.9442153892852521,0.005278999795625328,FUSED,ACCEPTED,ACCEPTED,0.05084402737588656,0.0508334058234019,137.697309694,True,0.0
141.597309694,2.330556778262959,2.3305461567104744,2.2797127508870725,3.0679605743276426,0.10208313356423875,0.945114093868383,0.010278999795623623,MODEL_ONLY,DUPLICATE_OR_OLD,DUPLICATE_OR_OLD,0.05084402737588656,0.0508334058234019,137.697309694,False,
141.647309694,2.3811790875125993,2.3811748857828747,2.336549469807295,3.183367129845028,0.09185821759280108,0.9459053729990748,0.006044147283971742,FUSED,ACCEPTED,ACCEPTED,0.04462961770530427,0.044625415975579674,137.697309694,True,0.0
141.697309694,2.4304899382560534,2.430485736526329,2.385860320550749,3.301427374604006,0.09185821759280108,0.9466020676353554,0.011044147283972879,MODEL_ONLY,DUPLICATE_OR_OLD,DUPLICATE_OR_OLD,0.04462961770530427,0.044625415975579674,137.697309694,False,
141.747309694,2.461230786219492,2.461229172908955,2.433894716503548,3.421921250530322,0.037994322957080995,0.9472154838084794,0.006160365747065759,FUSED,ACCEPTED,ACCEPTED,0.027336069715944156,0.027334456405406993,137.697309694,True,0.0
141.797309694,2.507906117654078,2.5079045043435406,2.4805700479381336,3.544782869641392,0.037994322957080995,0.9477555760983517,0.011160365747066896,MODEL_ONLY,DUPLICATE_OR_OLD,DUPLICATE_OR_OLD,0.027336069715944156,0.027334456405406993,137.697309694,False,
141.847309694,2.529882683062513,2.529882066362214,2.502817339626186,3.6693675543304574,-0.012556750833907511,0.9482311091774579,0.006177423474623305,FUSED,ACCEPTED,ACCEPTED,0.027065343436326827,0.027064726736028,137.697309694,True,0.0
141.897309694,2.5740751720048043,2.5740745553045055,2.5470098285684775,3.7956132335353527,-0.012556750833907511,0.9486498000448611,0.011177423474624443,MODEL_ONLY,DUPLICATE_OR_OLD,DUPLICATE_OR_OLD,0.027065343436326827,0.027064726736028,137.697309694,False,
141.947309694,2.6182860931077494,2.6182854764074506,2.5912207496714226,3.9240689979913794,-0.012556750833907511,0.9490184432584442,0.016177423474625578,MODEL_ONLY,DUPLICATE_OR_OLD,DUPLICATE_OR_OLD,0.027065343436326827,0.027064726736028,137.697309694,False,
141.997309694,2.6706481124213144,2.6706464095640197,2.6278239370986887,4.054545115160588,0.03828476477944165,0.9493430211976853,0.0067925508635634175,FUSED,ACCEPTED,ACCEPTED,0.042824175322625724,0.042822472465330996,137.697309694,True,-2.2157416865245527e-06
142.047309694,2.717431627199296,2.7174299243420013,2.6746074518766703,4.187105899885002,0.03828476477944165,0.9496288011463195,0.011792550863564556,MODEL_ONLY,DUPLICATE_OR_OLD,DUPLICATE_OR_OLD,0.042824175322625724,0.042822472465330996,137.697309694,False,
142.097309694,2.768441983302473,2.7684408963007536,2.7214492227735243,4.322007316751211,0.038195021253977515,0.9498804207703526,0.006267619290554477,FUSED,ACCEPTED,ACCEPTED,0.04699276052894863,0.04699167352722933,137.697309694,True,-7.202584055426842e-07
142.147309694,2.815244669015782,2.815243582014063,2.7682519084868336,4.459249845032751,0.038195021253977515,0.9501019633785769,0.011267619290555614,MODEL_ONLY,DUPLICATE_OR_OLD,DUPLICATE_OR_OLD,0.04699276052894863,0.04699167352722933,137.697309694,False,
142.197309694,2.871196545627446,2.8711943325286415,2.815679309329128,4.598848125478182,0.06060761379874113,0.9502970241869195,0.006193031469892281,FUSED,ACCEPTED,ACCEPTED,0.055517236298318284,0.055515023199513625,137.697309694,True,-2.9053310633131435e-06
142.247309694,2.910135834927284,2.9101347906695016,2.8824664076030304,4.741301768401438,0.0173719844591137,0.9504687686619723,0.0052814678663563415,FUSED,ACCEPTED,ACCEPTED,0.027669427324253704,0.027668383066471236,137.697309694,True,0.0
142.297309694,2.9559232698264397,2.9559222255686572,2.928253842502186,4.886569774654101,0.0173719844591137,0.9506199838905042,0.010281467866357478,MODEL_ONLY,DUPLICATE_OR_OLD,DUPLICATE_OR_OLD,0.027669427324253704,0.027668383066471236,137.697309694,False,
142.347309694,3.001717361721473,3.0017163174636905,2.9740479343972193,5.034127319076536,0.0173719844591137,0.9507531238085885,0.015281467866355772,MODEL_ONLY,DUPLICATE_OR_OLD,DUPLICATE_OR_OLD,0.027669427324253704,0.027668383066471236,137.697309694,False,
142.397309694,3.063477229296041,3.0634738276789477,2.999779003457785,5.183472992522945,0.07740576258914633,0.9508703490243263,0.006697650178606393,FUSED,ACCEPTED,ACCEPTED,0.06369822583825613,0.0636948242211628,137.697309694,True,-4.563938936497092e-06
142.447309694,3.1160797922495402,3.1160782245142946,3.0693712683123198,5.335201749317232,0.06627353170789818,0.9509735618804142,0.005391205998030447,FUSED,ACCEPTED,ACCEPTED,0.04670852393722047,0.04670695620197485,137.697309694,True,0.0
142.497309694,3.1643345271828593,3.1643329594476137,3.117626003245639,5.489876681106128,0.06627353170789818,0.951064437325554,0.010391205998028742,MODEL_ONLY,DUPLICATE_OR_OLD,DUPLICATE_OR_OLD,0.04670852393722047,0.04670695620197485,137.697309694,False,
142.547309694,3.2125932627547127,3.212591695019467,3.165884738817492,5.646964449657742,0.06627353170789818,0.9511444500956915,0.015391205998029879,MODEL_ONLY,DUPLICATE_OR_OLD,DUPLICATE_OR_OLD,0.04670852393722047,0.04670695620197485,137.697309694,False,
142.597309694,3.2507088431802216,3.2507075235039116,3.19194429015865,5.805910175382091,0.03410855231346449,0.9512148986461796,0.006709574473402335,FUSED,ACCEPTED,ACCEPTED,0.058764553021571686,0.05876323334526168,137.697309694,True,-1.1980263514288492e-06
142.647309694,3.2901734886513214,3.2901728807737642,3.2585661233598215,5.9671729357200896,0.022942233846233184,0.9512769262232444,0.005393737444162687,FUSED,ACCEPTED,ACCEPTED,0.03160736529149988,0.0316067574139427,137.697309694,True,0.0
142.697309694,3.3362750137961417,3.3362744059185845,3.304667648504642,6.131253780016738,0.022942233846233184,0.9513315394167009,0.010393737444163824,MODEL_ONLY,DUPLICATE_OR_OLD,DUPLICATE_OR_OLD,0.03160736529149988,0.0316067574139427,137.697309694,False,
142.747309694,3.3877300393183547,3.387729799937461,3.3556919088350554,6.297762768950174,0.05095321163873523,0.9513796244949944,0.006062021188496244,FUSED,ACCEPTED,ACCEPTED,0.03203813048329929,0.032037891102405514,137.697309694,True,0.0
142.797309694,3.435236634471348,3.4352363950904543,3.403198503988049,6.46673502927079,0.05095321163873523,0.9514219617876548,0.011062021188497381,MODEL_ONLY,DUPLICATE_OR_OLD,DUPLICATE_OR_OLD,0.03203813048329929,0.032037891102405514,137.697309694,False,
142.847309694,3.459368251223818,3.4593681593733465,3.426539831950846,6.637478487669204,-0.02589459649389629,0.9514592383485637,0.006162999052270662,FUSED,ACCEPTED,ACCEPTED,0.0328284192729722,0.032828327422500525,137.697309694,True,0.0
142.897309694,3.503035960836073,3.5030358689856014,3.470207541563101,6.809897172007092,-0.02589459649389629,0.9514920591055341,0.0111629990522718,MODEL_ONLY,DUPLICATE_OR_OLD,DUPLICATE_OR_OLD,0.0328284192729722,0.032828327422500525,137.697309694,False,
142.947309694,3.5467051153269082,3.5467050234764366,3.513876696053936,6.984499277947558,-0.02589459649389629,0.9515209566771408,0.016162999052272937,MODEL_ONLY,DUPLICATE_OR_OLD,DUPLICATE_OR_OLD,0.0328284192729722,0.032828327422500525,137.697309694,False,
142.997309694,3.6107480886858245,3.6106008278933137,3.5493766550916668,7.161080611726137,0.057415765917216616,0.9576959840758373,0.006791066231068933,FUSED,ACCEPTED,ACCEPTED,0.061371433594157754,0.06122417280164694,137.697309694,True,-0.00021680147607669453
143.047309694,3.6653343195937502,3.665266741077422,3.6177180158735314,7.340257978500308,0.04719059882487758,0.9631328878190193,0.005410963422367176,FUSED,ACCEPTED,ACCEPTED,0.047616303720218855,0.04754872520389064,137.697309694,True,0.0
143.097309694,3.7134776809432575,3.7134101024269293,3.6658613772230386,7.52234746332766,0.04719059882487758,0.9679198985323372,0.010410963422365471,MODEL_ONLY,DUPLICATE_OR_OLD,DUPLICATE_OR_OLD,0.047616303720218855,0.04754872520389064,137.697309694,False,
143.147309694,3.757327922521613,3.757301328285415,3.7273471457317937,7.707177676401573,0.02434122020086663,0.9721347003114166,0.006064690726681364,FUSED,ACCEPTED,ACCEPTED,0.029980776789819252,0.029954182553621145,137.697309694,True,0.0
143.197309694,3.8047251045826913,3.804698510346493,3.774744327792872,7.894729963239732,0.02434122020086663,0.9758456913872245,0.011064690726682501,MODEL_ONLY,DUPLICATE_OR_OLD,DUPLICATE_OR_OLD,0.029980776789819252,0.029954182553621145,137.697309694,False,
143.247309694,3.852285656779357,3.8522590625431588,3.8223048799895376,8.084656193434228,0.02434122020086663,0.9791130940995122,0.016064690726680795,MODEL_ONLY,DUPLICATE_OR_OLD,DUPLICATE_OR_OLD,0.029980776789819252,0.029954182553621145,137.697309694,False,
143.297309694,3.884600605634506,3.884589705231486,3.8418257248024092,8.276259458554069,-0.011245200539163874,0.9819899321910597,0.006780911135416248,FUSED,ACCEPTED,ACCEPTED,0.042774880832096684,0.04276398042907692,137.697309694,True,-3.4500998643549607e-06
143.347309694,3.930652326653312,3.9306414262502924,3.8878774458212155,8.469502037819593,-0.011245200539163874,0.9845228912823418,0.011780911135414542,MODEL_ONLY,DUPLICATE_OR_OLD,DUPLICATE_OR_OLD,0.042774880832096684,0.04276398042907692,137.697309694,False,
143.397309694,3.9913042069801317,3.991267688044235,3.9329728829814727,8.665023296039704,0.047819478984437655,0.9867530764905282,0.0062659970941855775,FUSED,ACCEPTED,ACCEPTED,0.058331323998658924,0.0582948050627623,137.697309694,True,-5.178540901627782e-05
143.447309694,4.040518851385402,4.040482332449505,3.982187527386743,8.862902306298954,0.047819478984437655,0.9887166794874849,0.011265997094186714,MODEL_ONLY,DUPLICATE_OR_OLD,DUPLICATE_OR_OLD,0.058331323998658924,0.0582948050627623,137.697309694,False,
143.497309694,4.085264060821587,4.085223130396331,4.017110931198791,9.062884767763524,0.0102736073433538,0.9904455658219031,0.006192796350299649,FUSED,ACCEPTED,ACCEPTED,0.06815312962279663,0.06811219919754041,137.697309694,True,-4.3642518054970436e-05
143.547309694,4.141945190187642,4.141925876820695,4.090089918427768,9.265564789004234,0.052343390006644105,0.9919677920366595,0.005281415517467533,FUSED,ACCEPTED,ACCEPTED,0.05185527175987392,0.05183595839292643,137.697309694,True,0.0
143.597309694,4.191615599218282,4.191596285851334,4.139760327458408,9.471311045151317,0.052343390006644105,0.993308060973234,0.010281415517465827,MODEL_ONLY,DUPLICATE_OR_OLD,DUPLICATE_OR_OLD,0.05185527175987392,0.05183595839292643,137.697309694,False,
143.647309694,4.2090822042291665,4.209074564875691,4.175769694447568,9.679199295699014,-0.06058670004635723,0.9944881226519352,0.0060445252786217665,FUSED,ACCEPTED,ACCEPTED,0.03331250978159872,0.03330487042812358,137.697309694,True,0.0
143.697309694,4.253217062070193,4.253209422716718,4.219904552288594,9.889091151867467,-0.06058670004635723,0.9955271272334317,0.011044525278622904,MODEL_ONLY,DUPLICATE_OR_OLD,DUPLICATE_OR_OLD,0.03331250978159872,0.03330487042812358,137.697309694,False,
143.747309694,4.293619345670736,4.29361641248098,4.261592101501517,10.101128568212147,-0.028803667406975465,0.9964419357895051,0.006160421473218958,FUSED,ACCEPTED,ACCEPTED,0.032027244169219315,0.032024310979463344,137.697309694,True,0.0
143.797309694,4.339429368478372,4.339426435288616,4.307402124309153,10.315353423857463,-0.028803667406975465,0.9972473939262351,0.011160421473220095,MODEL_ONLY,DUPLICATE_OR_OLD,DUPLICATE_OR_OLD,0.032027244169219315,0.032024310979463344,137.697309694,False,
143.847309694,4.408673813278106,4.408672692046263,4.38659745028303,10.532703413222194,0.040714243666419285,0.9979565726999977,0.006177431617362338,FUSED,ACCEPTED,ACCEPTED,0.022076362995075982,0.0220752417632335,137.697309694,True,0.0
143.897309694,4.458026410979896,4.458025289748053,4.43595004798482,10.75326710067894,0.040714243666419285,0.9985809807358987,0.011177431617363474,MODEL_ONLY,DUPLICATE_OR_OLD,DUPLICATE_OR_OLD,0.022076362995075982,0.0220752417632335,137.697309694,False,
143.947309694,4.516681928408763,4.516681500088728,4.502519173052447,10.976728831204923,0.03941014682878894,0.9991307509909064,0.006179915529464484,FUSED,ACCEPTED,ACCEPTED,0.014162755356315948,0.014162327036280509,137.697309694,True,0.0
143.997309694,4.566021012491475,4.566020584171439,4.551858257135159,11.203088266959536,0.03941014682878894,0.9996148051925071,0.011179915529462778,MODEL_ONLY,DUPLICATE_OR_OLD,DUPLICATE_OR_OLD,0.014162755356315948,0.014162327036280509,137.697309694,False,
144.047309694,4.616332845096835,4.616332681490488,4.6002898896809405,11.43189197062999,0.03171597689309293,1.0000409986214045,0.006180277973492465,FUSED,ACCEPTED,ACCEPTED,0.01604295541589451,0.016042791809547374,137.697309694,True,0.0
144.097309694,4.665327292802527,4.6653271291961795,4.649284337386632,11.663131326306601,0.03171597689309293,1.0004162475878104,0.011180277973490759,MODEL_ONLY,DUPLICATE_OR_OLD,DUPLICATE_OR_OLD,0.01604295541589451,0.016042791809547374,137.697309694,False,
144.147309694,4.712232254533837,4.7122321920416255,4.701594007449914,11.896903284927568,0.024731570571175296,1.0007466416700306,0.006180330854345696,FUSED,ACCEPTED,ACCEPTED,0.010638247083923247,0.010638184591711841,137.697309694,True,0.0
144.197309694,4.760908546670907,4.760908484178696,4.750270299586984,12.133199892603544,0.024731570571175296,1.0010375425367581,0.011180330854346833,MODEL_ONLY,DUPLICATE_OR_OLD,DUPLICATE_OR_OLD,0.010638247083923247,0.010638184591711841,137.697309694,False,
144.247309694,4.809597645228951,4.80959758273674,4.798959398145028,12.371930635046763,0.024731570571175296,1.0012936709567775,0.01618033085434513,MODEL_ONLY,DUPLICATE_OR_OLD,DUPLICATE_OR_OLD,0.010638247083923247,0.010638184591711841,137.697309694,False,
144.297309694,4.860271757464879,4.860268754822858,4.810896375916545,12.612177029398357,0.03246725779568687,1.0015191834080797,0.006792849939048647,FUSED,ACCEPTED,ACCEPTED,0.04937538154833465,0.04937237890631341,137.697309694,True,-4.390793050979003e-06
144.347309694,4.90936884381279,4.909365841170769,4.859993462264455,12.853949275352798,0.03246725779568687,1.0017177395296082,0.011792849939046942,MODEL_ONLY,DUPLICATE_OR_OLD,DUPLICATE_OR_OLD,0.04937538154833465,0.04937237890631341,137.697309694,False,
144.397309694,4.959240741703589,4.959237485384287,4.898036737048103,13.097900030335667,0.031956622431447784,1.001892561510252,0.0062676609532956295,FUSED,ACCEPTED,ACCEPTED,0.06120400465548581,0.061200748336184496,137.697309694,True,-3.4073819743102307e-06
144.447309694,5.01540795013069,5.01540641901765,4.971270564338063,13.344632712870377,0.05562477424697282,1.0020464863788532,0.005298025475410887,FUSED,ACCEPTED,ACCEPTED,0.04413738579262727,0.04413585467958736,137.697309694,True,0.0
144.497309694,5.065686125926875,5.065684594813835,5.021548740134247,13.5944531954821,0.05562477424697282,1.0021820120437988,0.010298025475409183,MODEL_ONLY,DUPLICATE_OR_OLD,DUPLICATE_OR_OLD,0.04413738579262727,0.04413585467958736,137.697309694,False,
144.547309694,5.079861426497783,5.079860821267529,5.056598100996222,13.846406866510419,-0.06299204393277161,1.0023013378293322,0.006047122329875114,FUSED,ACCEPTED,ACCEPTED,0.02326332550156085,0.023262720271306492,137.697309694,True,0.0
144.597309694,5.124219980791112,5.124219375560858,5.1009566552895516,14.100345735417477,-0.06299204393277161,1.0024064001664095,0.01104712232987341,MODEL_ONLY,DUPLICATE_OR_OLD,DUPLICATE_OR_OLD,0.02326332550156085,0.023262720271306492,137.697309694,False,
144.647309694,5.180766307405172,5.180766075045432,5.1633156966228935,14.356952544215346,0.018156542153609775,1.0024989040172982,0.006160804301774798,FUSED,ACCEPTED,ACCEPTED,0.017450610782278275,0.017450378422538826,137.697309694,True,0.0
144.697309694,5.22919098852172,5.22919075616198,5.211740377739441,14.616328946074464,0.018156542153609775,1.0025803505438775,0.011160804301775934,MODEL_ONLY,DUPLICATE_OR_OLD,DUPLICATE_OR_OLD,0.017450610782278275,0.017450378422538826,137.697309694,False,
144.747309694,5.280612929507865,5.2806128406880655,5.2693872786372875,14.878357137483793,0.010931308478577316,1.0026520614686454,0.006177487555563497,FUSED,ACCEPTED,ACCEPTED,0.011225650870577475,0.01122556205077796,137.697309694,True,0.0
144.797309694,5.328683091439656,5.328683002619856,5.317457440569078,15.143028255464012,0.010931308478577316,1.002715200523766,0.011177487555564634,MODEL_ONLY,DUPLICATE_OR_OLD,DUPLICATE_OR_OLD,0.011225650870577475,0.01122556205077796,137.697309694,False,
144.847309694,5.376756032962042,5.376755944142243,5.365530382091465,15.410102951030435,0.010931308478577316,1.0027707923362328,0.01617748755556293,MODEL_ONLY,DUPLICATE_OR_OLD,DUPLICATE_OR_OLD,0.011225650870577475,0.01122556205077796,137.697309694,False,
144.897309694,5.437708702085947,5.437707289765701,5.374268707596282,15.67859792827269,0.04306711329504313,1.0028197390556197,0.006792557456023952,FUSED,ACCEPTED,ACCEPTED,0.06343999448966553,0.063438582169419,137.697309694,True,-2.0372765556775363e-06
144.947309694,5.479665068600864,5.479664420526286,5.438911009273919,15.948927421194506,0.0016180291593455576,1.002862834994256,0.005411277441769345,FUSED,ACCEPTED,ACCEPTED,0.04075405932694576,0.040753411252367755,137.697309694,True,0.0
144.997309694,5.527278845516348,5.52727819744177,5.486524786189403,16.222063316080995,0.0016180291593455576,1.002900779517407,0.01041127744176764,MODEL_ONLY,DUPLICATE_OR_OLD,DUPLICATE_OR_OLD,0.04075405932694576,0.040753411252367755,137.697309694,False,
145.047309694,5.574894292875622,5.574893644801044,5.534140233548676,16.49757994157451,0.0016180291593455576,1.0029341883926446,0.015411277441768777,MODEL_ONLY,DUPLICATE_OR_OLD,DUPLICATE_OR_OLD,0.04075405932694576,0.040753411252367755,137.697309694,False,
145.097309694,5.625223606031958,5.625222727827462,5.558330379493955,16.774891706900483,0.022681366424351843,1.0029636037825866,0.006711746154317765,FUSED,ACCEPTED,ACCEPTED,0.06689322653800289,0.0668923483335071,137.697309694,True,-9.909509511435433e-07
145.147309694,5.673894985987008,5.6738941077825125,5.607001759449005,17.054025010374122,0.022681366424351843,1.002989503043166,0.011711746154318903,MODEL_ONLY,DUPLICATE_OR_OLD,DUPLICATE_OR_OLD,0.06689322653800289,0.0668923483335071,137.697309694,False,
145.197309694,5.705194254134544,5.705193729620904,5.641344482363828,17.33523366641951,-0.03220306513874162,1.0030123064702112,0.006256328604566828,FUSED,ACCEPTED,ACCEPTED,0.06384977177071605,0.06384924725707553,137.697309694,True,-3.128715703390461e-07
145.247309694,5.751123556565257,5.751123032051616,5.687273784794541,17.618449123098372,-0.03220306513874162,1.0030323841200506,0.011256328604565123,MODEL_ONLY,DUPLICATE_OR_OLD,DUPLICATE_OR_OLD,0.06384977177071605,0.06384924725707553,137.697309694,False,
145.297309694,5.797053742880734,5.797053218367093,5.733203971110018,17.90396106699605,-0.03220306513874162,1.003050061814823,0.01625632860456626,MODEL_ONLY,DUPLICATE_OR_OLD,DUPLICATE_OR_OLD,0.06384977177071605,0.06384924725707553,137.697309694,False,
145.347309694,5.842984707426941,5.842984182913301,5.779134935656225,18.19176953966511,-0.03220306513874162,1.0030656264299533,0.021256328604564553,MODEL_ONLY,DUPLICATE_OR_OLD,DUPLICATE_OR_OLD,0.06384977177071605,0.06384924725707553,137.697309694,False,
145.397309694,5.878364174617193,5.878363873391691,5.816995895010968,18.481672810431856,-0.033337311057941084,1.003079330549595,0.007241860832334602,FUSED,ACCEPTED,ACCEPTED,0.06136827960622515,0.06136797838072283,137.697309694,True,-2.1618385775967752e-07
145.447309694,5.924239715374249,5.924239414148746,5.862871435768024,18.773669493701398,-0.033337311057941084,1.0030913965655925,0.012241860832335739,MODEL_ONLY,DUPLICATE_OR_OLD,DUPLICATE_OR_OLD,0.06136827960622515,0.06136797838072283,137.697309694,False,
145.497309694,5.96112697112688,5.961126673604274,5.893418146541056,19.067576733259024,-0.051879682085511816,1.0031020202864775,0.006329178809939903,FUSED,ACCEPTED,ACCEPTED,0.06770882458582417,0.06770852706321762,137.697309694,True,-2.9537498758003267e-07
145.547309694,6.003705181203975,6.003705041713087,5.9624881920293396,19.363974391723353,-0.04793836353147733,1.003111374115071,0.005311586963048372,FUSED,ACCEPTED,ACCEPTED,0.04121698917463501,0.041216849683747725,137.697309694,True,0.0
145.597309694,6.04908871514577,6.049088575654883,6.007871725971135,19.663233389673263,-0.04793836353147733,1.0078523127344385,0.010311586963046668,MODEL_ONLY,DUPLICATE_OR_OLD,DUPLICATE_OR_OLD,0.04121698917463501,0.041216849683747725,137.697309694,False,
145.647309694,6.0904694322891295,6.09046937717963,6.058836773872834,19.96490110216943,-0.05741813285088825,1.0110849683217398,0.006049240209790511,FUSED,ACCEPTED,ACCEPTED,0.03163265841629581,0.031632603306796625,137.697309694,True,0.0
145.697309694,6.135630894395496,6.135630839285997,6.1039982359792,20.268971977415802,-0.05741813285088825,1.012890645344761,0.011049240209791648,MODEL_ONLY,DUPLICATE_OR_OLD,DUPLICATE_OR_OLD,0.03163265841629581,0.031632603306796625,137.697309694,False,
145.747309694,6.1808264707406755,6.180826415631176,6.14919381232438,20.575301778623288,-0.05741813285088825,1.0135729301215268,0.01604924020978994,MODEL_ONLY,DUPLICATE_OR_OLD,DUPLICATE_OR_OLD,0.03163265841629581,0.031632603306796625,137.697309694,False,
145.797309694,6.2260073388831705,6.226007283773671,6.194374680466875,20.88389099094314,-0.05741813285088825,1.0132787660673281,0.021049240209791077,MODEL_ONLY,DUPLICATE_OR_OLD,DUPLICATE_OR_OLD,0.03163265841629581,0.031632603306796625,137.697309694,False,
145.847309694,6.256274550658735,6.256274535371451,6.237115818963732,21.194678253428798,-0.0858468411788083,1.012138215230698,0.007226016431468522,FUSED,ACCEPTED,ACCEPTED,0.01915873169500326,0.019158716407718934,137.697309694,True,0.0
145.897309694,6.299885635484112,6.299885620196828,6.280726903789109,21.50762432149769,-0.0858468411788083,1.0103118080528903,0.01222601643146966,MODEL_ONLY,DUPLICATE_OR_OLD,DUPLICATE_OR_OLD,0.01915873169500326,0.019158716407718934,137.697309694,False,
145.947309694,6.336171377143905,6.336171371528951,6.320364076645647,21.82265159600863,-0.09498252146137189,1.0078763269048996,0.006327042545805229,FUSED,ACCEPTED,ACCEPTED,0.01580730049825796,0.015807294883304124,137.697309694,True,0.0
145.997309694,6.379059581288789,6.3790595756738355,6.363252280790531,22.139742004944427,-0.09498252146137189,1.0049898747260932,0.011327042545803523,MODEL_ONLY,DUPLICATE_OR_OLD,DUPLICATE_OR_OLD,0.01580730049825796,0.015807294883304124,137.697309694,False,
146.047309694,6.421781086950989,6.421781081336035,6.405973786452731,22.45897265662558,-0.09498252146137189,1.0016559050719107,0.01632704254580466,MODEL_ONLY,DUPLICATE_OR_OLD,DUPLICATE_OR_OLD,0.01580730049825796,0.015807294883304124,137.697309694,False,
146.097309694,6.4728712548873535,6.472967245437623,6.416882028506005,22.779544051999437,-0.062409818584737875,0.9979415422711463,0.00680786975489975,FUSED,ACCEPTED,ACCEPTED,0.05598922638134862,0.05608521693161794,137.697309694,True,0.0001410020257312794
146.147309694,6.510802728680787,6.51084674515344,6.481317731013125,23.10199904598749,-0.09369334421551781,0.9944739498328775,0.00541449939293007,FUSED,ACCEPTED,ACCEPTED,0.02948499766766144,0.029529014140314835,137.697309694,True,0.0
146.197309694,6.553019367784768,6.553063384257421,6.5235343701171065,23.42712034851582,-0.09369334421551781,0.9902693966616964,0.010414499392931207,MODEL_ONLY,DUPLICATE_OR_OLD,DUPLICATE_OR_OLD,0.02948499766766144,0.029529014140314835,137.697309694,False,
146.247309694,6.601953039546446,6.601970358979724,6.573019849952526,23.75453420401745,-0.06187619037860899,0.985825358806572,0.006065238254198283,FUSED,ACCEPTED,ACCEPTED,0.02893318959392044,0.0289505090271982,137.697309694,True,0.0
146.297309694,6.645299807950248,6.645317127383525,6.616366618356327,24.084268865725246,-0.06187619037860899,0.9810548288211907,0.01106523825419942,MODEL_ONLY,DUPLICATE_OR_OLD,DUPLICATE_OR_OLD,0.02893318959392044,0.0289505090271982,137.697309694,False,
146.347309694,6.688399523598598,6.688416843031876,6.659466334004677,24.416164689534156,-0.06187619037860899,0.9761137737126466,0.016065238254197714,MODEL_ONLY,DUPLICATE_OR_OLD,DUPLICATE_OR_OLD,0.02893318959392044,0.0289505090271982,137.697309694,False,
146.397309694,6.731963818712974,6.732107270734871,6.670326979426331,24.74940952237001,-0.06783250359925191,0.9710363599695727,0.006780967872136511,FUSED,ACCEPTED,ACCEPTED,0.061636839286642875,0.06178029130853968,137.697309694,True,0.00020332914604642705
146.447309694,6.767366110234677,6.767431971413455,6.726213575247538,25.08432303623693,-0.08963438920038566,0.9663841589626025,0.005408835797057457,FUSED,ACCEPTED,ACCEPTED,0.04115253498713933,0.041218396165916715,137.697309694,True,0.0
146.497309694,6.808340341976612,6.808406203155389,6.767187806989472,25.42165807079274,-0.08963438920038566,0.9613622944060862,0.010408835797055753,MODEL_ONLY,DUPLICATE_OR_OLD,DUPLICATE_OR_OLD,0.04115253498713933,0.041218396165916715,137.697309694,False,
146.547309694,6.855305321482295,6.85533124206335,6.820289770342917,25.76134501022613,-0.05793763854392011,0.9562716909283842,0.0060643612010124835,FUSED,ACCEPTED,ACCEPTED,0.035015551139378154,0.03504147172043304,137.697309694,True,0.0
146.597309694,6.897343001288999,6.897368921870054,6.862327450149621,26.103410440738326,-0.05793763854392011,0.9509345050450204,0.01106436120101078,MODEL_ONLY,DUPLICATE_OR_OLD,DUPLICATE_OR_OLD,0.035015551139378154,0.03504147172043304,137.697309694,False,
146.647309694,6.941152497472354,6.941162442308851,6.910035649829966,26.447719518237893,-0.061720442654635735,0.9504151880090923,0.006163343531468647,FUSED,ACCEPTED,ACCEPTED,0.031116847642387313,0.031126792478884724,137.697309694,True,0.0
146.697309694,6.982913148925618,6.982923093762116,6.951796301283231,26.794265317015803,-0.061720442654635735,0.9491767420864782,0.011163343531469784,MODEL_ONLY,DUPLICATE_OR_OLD,DUPLICATE_OR_OLD,0.031116847642387313,0.031126792478884724,137.697309694,False,
146.747309694,7.013097042143587,7.013100843200775,6.991846951889957,27.142856398345014,-0.09634100124116529,0.9474113170031419,0.006177858541675893,FUSED,ACCEPTED,ACCEPTED,0.02125009025363056,0.021253891310817785,137.697309694,True,0.0
146.797309694,7.052928684548381,7.052932485605568,7.031678594294751,27.49344453699971,-0.09634100124116529,0.9452171197035926,0.01117785854167703,MODEL_ONLY,DUPLICATE_OR_OLD,DUPLICATE_OR_OLD,0.02125009025363056,0.021253891310817785,137.697309694,False,
146.847309694,7.099763425702208,7.09976487771448,7.073882921785914,27.846083574901606,-0.06038787192849701,0.9426561301105529,0.006179977829706761,FUSED,ACCEPTED,ACCEPTED,0.025880503916294373,0.02588195592856657,137.697309694,True,0.0
146.897309694,7.14111899107162,7.141120443083892,7.115238487155326,28.200811610125218,-0.06038787192849701,0.9397424496832815,0.011179977829707899,MODEL_ONLY,DUPLICATE_OR_OLD,DUPLICATE_OR_OLD,0.025880503916294373,0.02588195592856657,137.697309694,False,
146.947309694,7.182816163898317,7.1828167185253236,7.1697576636057505,28.557936513894326,-0.06834121161282956,0.936539067536265,0.00618028706324877,FUSED,ACCEPTED,ACCEPTED,0.0130585002925665,0.013059054919573043,137.697309694,True,0.0
146.997309694,7.223431379144353,7.2234319337713595,7.2103728788517865,28.91743977745564,-0.06834121161282956,0.9328887869005685,0.011180287063247064,MODEL_ONLY,DUPLICATE_OR_OLD,DUPLICATE_OR_OLD,0.0130585002925665,0.013059054919573043,137.697309694,False,
147.047309694,7.270062320815443,7.270062532664536,7.246960740390656,29.278873117936783,-0.04963996300362139,0.9290648091760251,0.006180332180529081,FUSED,ACCEPTED,ACCEPTED,0.02310158042478694,0.023101792273879873,137.697309694,True,0.0
147.097309694,7.311225871196986,7.311226083046079,7.288124290772199,29.64225024371573,-0.04963996300362139,0.9251542410015083,0.011180332180527375,MODEL_ONLY,DUPLICATE_OR_OLD,DUPLICATE_OR_OLD,0.02310158042478694,0.023101792273879873,137.697309694,False,
147.147309694,7.35218700777974,7.352187219628833,7.329085427354953,30.007680486668992,-0.04963996300362139,0.9211059650252618,0.016180332180528514,MODEL_ONLY,DUPLICATE_OR_OLD,DUPLICATE_OR_OLD,0.02310158042478694,0.023101792273879873,137.697309694,False,
147.197309694,7.3882751733887515,7.388287295068263,7.350821363466938,30.37467815643962,-0.06778718656467375,0.9169461652619836,0.006792850075457364,FUSED,ACCEPTED,ACCEPTED,0.03745380992181335,0.03746593160132505,137.697309694,True,1.7744740716647833e-05
147.247309694,7.427922167214088,7.427934288893599,7.390468357292274,30.743210399458476,-0.06778718656467375,0.9129703334384083,0.01179285007545566,MODEL_ONLY,DUPLICATE_OR_OLD,DUPLICATE_OR_OLD,0.03745380992181335,0.03746593160132505,137.697309694,False,
147.297309694,7.478679395868854,7.478725507309931,7.431912291810025,31.113769915686117,-0.02766381531473884,0.9089030828613786,0.006267660972297848,FUSED,ACCEPTED,ACCEPTED,0.04676710405882911,0.046813215499906136,137.697309694,True,6.635205622672335e-05
147.347309694,7.519920847641808,7.519966959082885,7.473153743582979,31.486396566570814,-0.02766381531473884,0.9047361211408514,0.011267660972296142,MODEL_ONLY,DUPLICATE_OR_OLD,DUPLICATE_OR_OLD,0.04676710405882911,0.046813215499906136,137.697309694,False,
147.397309694,7.574908251555179,7.57502656776053,7.512218845572425,31.861030881299783,-0.0019034262772444632,0.9004906803170662,0.006193037510821264,FUSED,ACCEPTED,ACCEPTED,0.06268940598275385,0.06280772218810515,137.697309694,True,0.0001627016670326803
147.447309694,7.6156664421267175,7.615722269992492,7.574365917898441,32.23819550038664,-0.025241868860914743,0.8962124058483957,0.005281469211341972,FUSED,ACCEPTED,ACCEPTED,0.04130052422827646,0.041356352094051196,137.697309694,True,0.0
147.497309694,7.656372058317413,7.656427886183188,7.615071534089137,32.6179314366862,-0.025241868860914743,0.891597463041855,0.010281469211340266,MODEL_ONLY,DUPLICATE_OR_OLD,DUPLICATE_OR_OLD,0.04130052422827646,0.041356352094051196,137.697309694,False,
147.547309694,7.696847110865097,7.696902938730871,7.65554658663682,32.99969688970443,-0.025241868860914743,0.8869861901811469,0.015281469211341403,MODEL_ONLY,DUPLICATE_OR_OLD,DUPLICATE_OR_OLD,0.04130052422827646,0.041356352094051196,137.697309694,False,
147.597309694,7.737092205416143,7.737148033281918,7.695791681187867,33.38348034639992,-0.025241868860914743,0.8823870302488557,0.0202814692113397,MODEL_ONLY,DUPLICATE_OR_OLD,DUPLICATE_OR_OLD,0.04130052422827646,0.041356352094051196,137.697309694,False,
147.647309694,7.778747086435353,7.778762910001385,7.754190130284934,33.76972989168683,-0.015443215936033745,0.8778072204777179,0.007165650914337318,FUSED,ACCEPTED,ACCEPTED,0.024556956150418863,0.024572779716450555,137.697309694,True,0.0
147.697309694,7.819219863425217,7.819235686991249,7.794662907274798,34.15845121762591,-0.015443215936033745,0.8771420260998719,0.012165650914338456,MODEL_ONLY,DUPLICATE_OR_OLD,DUPLICATE_OR_OLD,0.024556956150418863,0.024572779716450555,137.697309694,False,
147.747309694,7.853981813413919,7.853987638257242,7.836542327462965,34.54923134849422,-0.03296107043668931,0.8760149762606791,0.006318880769125076,FUSED,ACCEPTED,ACCEPTED,0.01743948595095457,0.017445310794276914,137.697309694,True,0.0
147.797309694,7.8934450138558345,7.893450838699157,7.87600552790488,34.942045044878505,-0.03296107043668931,0.8744683496415523,0.011318880769126214,MODEL_ONLY,DUPLICATE_OR_OLD,DUPLICATE_OR_OLD,0.01743948595095457,0.017445310794276914,137.697309694,False,
147.847309694,7.932814280527255,7.932820105370578,7.915374794576301,35.3368295529404,-0.03296107043668931,0.8725896742321062,0.016318880769124508,MODEL_ONLY,DUPLICATE_OR_OLD,DUPLICATE_OR_OLD,0.01743948595095457,0.017445310794276914,137.697309694,False,
147.897309694,7.974935756370457,7.9749795725118835,7.927422852472607,35.732899494116715,-0.017947243721918114,0.8704250074574479,0.006807037877976131,FUSED,ACCEPTED,ACCEPTED,0.04751290389785012,0.04755672003927636,137.697309694,True,6.163663515491857e-05
147.947309694,8.014844423697262,8.01488823983869,7.967331519799413,36.13026835342361,-0.017947243721918114,0.8683638606245955,0.011807037877977268,MODEL_ONLY,DUPLICATE_OR_OLD,DUPLICATE_OR_OLD,0.047512903897849235,0.047556720039277245,137.697309694,False,
147.997309694,8.065487481888832,8.065548278931438,8.00760313094716,36.52964171969214,0.009745256125552847,0.8660382487615366,0.006269636337472439,FUSED,ACCEPTED,ACCEPTED,0.05788435094167177,0.05794514798427741,137.697309694,True,7.090048932843762e-05
148.047309694,8.106536596184243,8.10659739322685,8.048652245242572,36.93104810409697,0.009745256125552847,0.8634803001492425,0.011269636337473576,MODEL_ONLY,DUPLICATE_OR_OLD,DUPLICATE_OR_OLD,0.05788435094167177,0.05794514798427741,137.697309694,False,
148.097309694,8.148327294923883,8.148385632506315,8.090548584424466,37.33452812483851,-0.0022786338999133803,0.8607131899539632,0.0061933237782452015,FUSED,ACCEPTED,ACCEPTED,0.05777871049941652,0.05783704808184886,137.697309694,True,5.6825895186955744e-05
148.147309694,8.188489033730642,8.188547371313074,8.130710323231225,37.74005959753,-0.0022786338999133803,0.8577566804016574,0.011193323778246339,MODEL_ONLY,DUPLICATE_OR_OLD,DUPLICATE_OR_OLD,0.05777871049941652,0.05783704808184886,137.697309694,False,
148.197309694,8.22830724601568,8.228349717636705,8.176296203247524,38.14773476069206,-0.0012304223553760568,0.8546599792649614,0.00618223327262323,FUSED,ACCEPTED,ACCEPTED,0.05201104276815549,0.05205351438918093,137.697309694,True,3.2673779875383446e-05
148.247309694,8.266895700948673,8.266915751535635,8.241251666550399,38.558173457436865,-0.005230521815619751,0.8513790562327657,0.005279062471224314,FUSED,ACCEPTED,ACCEPTED,0.02564403439827423,0.025664084985235647,137.697309694,True,0.0
148.297309694,8.306407559790237,8.306427610377199,8.280763525391963,38.97122383723552,-0.005230521815619751,0.8477109690134497,0.010279062471225451,MODEL_ONLY,DUPLICATE_OR_OLD,DUPLICATE_OR_OLD,0.02564403439827423,0.025664084985235647,137.697309694,False,
148.347309694,8.353284628264076,8.353292559961298,8.334290344499221,39.38660018398266,0.020313506185903992,0.8440132534614255,0.006044157091908202,FUSED,ACCEPTED,ACCEPTED,0.018994283764854458,0.019002215462077032,137.697309694,True,0.0
148.397309694,8.393694664952196,8.393702596649419,8.374700381187342,39.804324952124915,0.020313506185903992,0.8401304979430695,0.01104415709190934,MODEL_ONLY,DUPLICATE_OR_OLD,DUPLICATE_OR_OLD,0.018994283764854458,0.019002215462077032,137.697309694,False,
148.447309694,8.43391036612916,8.433918297826382,8.414916082364305,40.224065363713805,0.020313506185903992,0.8362437877199176,0.016044157091910476,MODEL_ONLY,DUPLICATE_OR_OLD,DUPLICATE_OR_OLD,0.018994283764854458,0.019002215462077032,137.697309694,False,
148.497309694,8.481425748584073,8.481514235947795,8.43046587731756,40.645199912705706,0.03214239621403403,0.8323603097168879,0.006778781923311952,FUSED,ACCEPTED,ACCEPTED,0.050959871266512025,0.0510483586302346,137.697309694,True,0.0001267667142078044
148.547309694,8.521858896302371,8.521947383666094,8.470899025035859,41.067734035264635,0.03214239621403403,0.8287638285184855,0.01177878192331309,MODEL_ONLY,DUPLICATE_OR_OLD,DUPLICATE_OR_OLD,0.050959871266512025,0.0510483586302346,137.697309694,False,
148.597309694,8.563669566958664,8.563754070050457,8.507988779787919,41.49220623038509,0.029857159339492102,0.8251395063845575,0.0062657001992705175,FUSED,ACCEPTED,ACCEPTED,0.055680787170745205,0.055765290262538514,137.697309694,True,8.212850229995239e-05
148.647309694,8.604115626237418,8.604155363039405,8.56573115591903,41.91904922877786,0.029520798453209263,0.8251614332130854,0.005297591940874584,FUSED,ACCEPTED,ACCEPTED,0.03838447031838754,0.03842420712037509,137.697309694,True,0.0
148.697309694,8.644205287854643,8.64424502465663,8.605820817536255,42.34833802811434,0.029520798453209263,0.8245157042578385,0.010297591940875721,MODEL_ONLY,DUPLICATE_OR_OLD,DUPLICATE_OR_OLD,0.03838447031838754,0.03842420712037509,137.697309694,False,
148.747309694,8.67797445957972,8.677990167320633,8.652770602322128,42.77980281361065,0.01057708574367765,0.8234906869497143,0.006047054587894304,FUSED,ACCEPTED,ACCEPTED,0.025203857257592333,0.02521956499850475,137.697309694,True,0.0
148.797309694,8.716994099587074,8.717009807327987,8.691790242329482,43.21341683472704,0.01057708574367765,0.8220589847699621,0.011047054587895441,MODEL_ONLY,DUPLICATE_OR_OLD,DUPLICATE_OR_OLD,0.025203857257592333,0.02521956499850475,137.697309694,False,
148.847309694,8.755928937733051,8.755944645473964,8.730725080475459,43.64897971779702,0.01057708574367765,0.8203629475428739,0.016047054587893735,MODEL_ONLY,DUPLICATE_OR_OLD,DUPLICATE_OR_OLD,0.025203857257592333,0.02521956499850475,137.697309694,False,
148.897309694,8.796779789559533,8.796791058710754,8.759825656134687,44.086243486212375,0.02457295894094976,0.8184389983893481,0.006779082546561774,FUSED,ACCEPTED,ACCEPTED,0.03695413342484599,0.036965402576067063,137.697309694,True,9.160262458889068e-06
148.947309694,8.844651878254512,8.844657052554759,8.815413031430927,44.52562445340161,0.0505164644066621,0.8164256539085225,0.0054084383588609165,FUSED,ACCEPTED,ACCEPTED,0.029238846823584907,0.029244021123831843,137.697309694,True,0.0
148.997309694,8.885267976662726,8.885273150962973,8.856029129839142,44.967410507433215,0.0505164644066621,0.8140487741246608,0.010408438358859212,MODEL_ONLY,DUPLICATE_OR_OLD,DUPLICATE_OR_OLD,0.029238846823584907,0.029244021123831843,137.697309694,False,
149.047309694,8.9319644325571,8.931966469006635,8.905332320596317,45.4114445436942,0.055231359257975586,0.8115193372628542,0.0060642996398427495,FUSED,ACCEPTED,ACCEPTED,0.026632111960783078,0.026634148410318303,137.697309694,True,0.0
149.097309694,8.972552213706711,8.972554250156247,8.945920101745928,45.85772585425261,0.055231359257975586,0.808767534101255,0.011064299639841044,MODEL_ONLY,DUPLICATE_OR_OLD,DUPLICATE_OR_OLD,0.026632111960783078,0.026634148410318303,137.697309694,False,
149.147309694,9.01299747019575,9.012999506645285,8.986365358234966,46.30603299075223,0.055231359257975586,0.8059170408893442,0.016064299639842183,MODEL_ONLY,DUPLICATE_OR_OLD,DUPLICATE_OR_OLD,0.026632111960783078,0.026634148410318303,137.697309694,False,
149.197309694,9.048288601182225,9.048318748061911,9.004282676026605,46.75579919160887,0.03584686264623771,0.8029849984957846,0.006780870608402864,FUSED,ACCEPTED,ACCEPTED,0.04400592515561996,0.044036072035305907,137.697309694,True,4.349193773749149e-05
149.247309694,9.086619353230908,9.0866331942202,9.060117072751911,47.20740918532818,0.039876340878607384,0.8002175760434401,0.00540881529494837,FUSED,ACCEPTED,ACCEPTED,0.026502280478997164,0.026516121468288745,137.697309694,True,0.0
149.297309694,9.12586133143251,9.125875172421802,9.099359050953513,47.66139608842092,0.039876340878607384,0.7972064935199961,0.010408815294949508,MODEL_ONLY,DUPLICATE_OR_OLD,DUPLICATE_OR_OLD,0.026502280478997164,0.026516121468288745,137.697309694,False,
149.347309694,9.164950775388824,9.164964616378116,9.138448494909827,48.11734127706735,0.039876340878607384,0.7941558086146658,0.015408815294947802,MODEL_ONLY,DUPLICATE_OR_OLD,DUPLICATE_OR_OLD,0.026502280478997164,0.026516121468288745,137.697309694,False,
149.397309694,9.203886189885155,9.203900030874447,9.177383909406158,48.57523708717535,0.039876340878607384,0.7910752194145727,0.020408815294948937,MODEL_ONLY,DUPLICATE_OR_OLD,DUPLICATE_OR_OLD,0.026502280478997164,0.026516121468288745,137.697309694,False,
149.447309694,9.24266650323839,9.242680344227681,9.216164222759392,49.035075790479596,0.039876340878607384,0.7879731965526405,0.025408815294950073,MODEL_ONLY,DUPLICATE_OR_OLD,DUPLICATE_OR_OLD,0.026502280478997164,0.026516121468288745,137.697309694,False,
149.497309694,9.277253879795492,9.277359112606485,9.229645718298482,49.49622103900589,0.03660284803350313,0.7815069025561269,0.007525292457348996,FUSED,ACCEPTED,ACCEPTED,0.04760816149700986,0.04771339430800303,137.697309694,True,0.00013528719516350124
149.547309694,9.321663985109726,9.321710702732236,9.284915897611269,49.959085079403735,0.06134921249599516,0.7756854137058525,0.005560545986723941,FUSED,ACCEPTED,ACCEPTED,0.03674808749845759,0.036794805120967666,137.697309694,True,0.0
149.597309694,9.360621200412972,9.360667918035482,9.323873112914514,50.42430480466672,0.06134921249599516,0.7700383639359184,0.010560545986722236,MODEL_ONLY,DUPLICATE_OR_OLD,DUPLICATE_OR_OLD,0.03674808749845759,0.036794805120967666,137.697309694,False,
149.647309694,9.398734776637157,9.398753053876828,9.367882217481881,50.89159868792674,0.04994162497267573,0.7647025143974718,0.006087720502842864,FUSED,ACCEPTED,ACCEPTED,0.030852559155276182,0.030870836394946366,137.697309694,True,0.0
149.697309694,9.436599550752412,9.436617827992082,9.405746991597136,51.36093941815382,0.04994162497267573,0.7595971276989668,0.011087720502844001,MODEL_ONLY,DUPLICATE_OR_OLD,DUPLICATE_OR_OLD,0.030852559155276182,0.030870836394946366,137.697309694,False,
149.747309694,9.44347924809609,9.443486254166118,9.425617747336283,51.831723536626995,-0.0361206730341817,0.7547545788479268,0.006166778926157813,FUSED,ACCEPTED,ACCEPTED,0.01786150075980686,0.017868506829834985,137.697309694,True,0.0
149.797309694,9.476576534453798,9.476583540523826,9.458715033693991,52.30383185615286,-0.0361206730341817,0.7503096705549406,0.01116677892615895,MODEL_ONLY,DUPLICATE_OR_OLD,DUPLICATE_OR_OLD,0.01786150075980686,0.017868506829834985,137.697309694,False,
149.847309694,9.51280209102541,9.512804768492915,9.490929859184899,52.77757297847467,0.012040349614605338,0.7460959450929373,0.006178360344534558,FUSED,ACCEPTED,ACCEPTED,0.021872231840511347,0.021874909308015944,137.697309694,True,0.0
149.897309694,9.547896734037051,9.547899411504556,9.52602450219654,53.252996837509315,0.012040349614605338,0.742095780984816,0.011178360344535695,MODEL_ONLY,DUPLICATE_OR_OLD,DUPLICATE_OR_OLD,0.021872231840511347,0.021874909308015944,137.697309694,False,
149.947309694,9.582799585427672,9.582802262895177,9.56092735358716,53.73017063390402,0.012040349614605338,0.7382599485643838,0.016178360344536832,MODEL_ONLY,DUPLICATE_OR_OLD,DUPLICATE_OR_OLD,0.021872231840511347,0.021874909308015944,137.697309694,False,
149.997309694,9.63763265701547,9.63767681788919,9.60289425232223,54.209266174051585,0.06048850079279167,0.7312256579399486,0.006792647243313815,FUSED,ACCEPTED,ACCEPTED,0.034738404693239744,0.034782565566960244,137.697309694,True,6.374851201852022e-05
150.047309694,9.68425463999484,9.684274904111094,9.66233044095756,54.690896791383686,0.07212805290136542,0.7246772836393741,0.005411296347639652,FUSED,ACCEPTED,ACCEPTED,0.021924199037281156,0.0219444631535346,137.697309694,True,0.0
150.097309694,9.721169593022758,9.721189857139011,9.699245393985477,55.174936187257096,0.07212805290136542,0.7184142780239666,0.010411296347637947,MODEL_ONLY,DUPLICATE_OR_OLD,DUPLICATE_OR_OLD,0.021924199037281156,0.0219444631535346,137.697309694,False,
150.147309694,9.757358438789103,9.757366413241087,9.743790856931389,55.661012093530125,0.0560945389635438,0.7125940641287191,0.006064742285007793,FUSED,ACCEPTED,ACCEPTED,0.013567581857714117,0.0135755563096982,137.697309694,True,0.0
150.197309694,9.792906181145433,9.792914155597417,9.779338599287719,56.14909032993572,0.0560945389635438,0.7071035785296272,0.01106474228500893,MODEL_ONLY,DUPLICATE_OR_OLD,DUPLICATE_OR_OLD,0.013567581857714117,0.0135755563096982,137.697309694,False,
150.247309694,9.831557765091347,9.831560824569893,9.818891242760163,56.63904607598675,0.06755660706222957,0.7019797243691567,0.006163399625956737,FUSED,ACCEPTED,ACCEPTED,0.012666522331183927,0.01266958180972999,137.697309694,True,0.0
150.297309694,9.867180857296804,9.86718391677535,9.85451433496562,57.13088121543,0.06755660706222957,0.6971485074134687,0.011163399625957873,MODEL_ONLY,DUPLICATE_OR_OLD,DUPLICATE_OR_OLD,0.012666522331183927,0.01266958180972999,137.697309694,False,
150.347309694,9.902576970172095,9.902580029650641,9.889910447840911,57.62449183499999,0.06755660706222957,0.6926089208105718,0.016163399625956167,MODEL_ONLY,DUPLICATE_OR_OLD,DUPLICATE_OR_OLD,0.012666522331183927,0.01266958180972999,137.697309694,False,
150.397309694,9.926060659630899,9.926264865552268,9.87959623694674,58.1187295021198,0.03425420324293886,0.6849664739846693,0.0067911074786363886,FUSED,ACCEPTED,ACCEPTED,0.04646442268415818,0.04666862860552712,137.697309694,True,0.0002992504068382029
150.447309694,9.959077006789812,9.959281212711181,9.912612584105654,58.61353472264622,0.03425420324293886,0.67831601030191,0.011791107478637526,MODEL_ONLY,DUPLICATE_OR_OLD,DUPLICATE_OR_OLD,0.04646442268415818,0.04666862860552712,137.697309694,False,
150.497309694,9.991788050547667,9.991992256469036,9.945323627863509,59.109983127945284,0.03425420324293886,0.6722099422811286,0.01679110747863582,MODEL_ONLY,DUPLICATE_OR_OLD,DUPLICATE_OR_OLD,0.04646442268415818,0.04666862860552712,137.697309694,False,
150.547309694,10.024217954883333,10.024422160804702,9.977753532199175,59.60806005694697,0.03425420324293886,0.6665871538369995,0.02179110747863696,MODEL_ONLY,DUPLICATE_OR_OLD,DUPLICATE_OR_OLD,0.04646442268415818,0.04666862860552712,137.697309694,False,
150.597309694,10.063503240356406,10.06358609296115,10.0240597187938,60.108105388221624,0.06935839973681952,0.661393592364251,0.00728195189399856,FUSED,ACCEPTED,ACCEPTED,0.039443521562605,0.03952637416734994,137.697309694,True,3.7556486723849813e-05
150.647309694,10.105771448486651,10.105808632215052,10.076527605939392,60.610620071340065,0.09108589056648564,0.6530155531138565,0.005512062835620385,FUSED,ACCEPTED,ACCEPTED,0.029243842547259646,0.029281026275659983,137.697309694,True,0.0
150.697309694,10.13997712654821,10.14001431027661,10.11073328400095,61.11530159358869,0.09108589056648564,0.6452709410312929,0.010512062835621522,MODEL_ONLY,DUPLICATE_OR_OLD,DUPLICATE_OR_OLD,0.029243842547259646,0.029281026275659983,137.697309694,False,
150.747309694,10.166803422157304,10.166817997116858,10.148228241914849,61.62177563173641,0.057903898416186435,0.6382141954248713,0.006080285602762765,FUSED,ACCEPTED,ACCEPTED,0.018575180242455858,0.018589755202009783,137.697309694,True,0.0
150.797309694,10.198673556602376,10.19868813156193,10.18009837635992,62.1299837971934,0.057903898416186435,0.6317420608518508,0.011080285602763904,MODEL_ONLY,DUPLICATE_OR_OLD,DUPLICATE_OR_OLD,0.018575180242455858,0.018589755202009783,137.697309694,False,
150.847309694,10.22674519741598,10.226750785912891,10.210547684028189,62.63974994870293,0.057780017163487615,0.6258249962554749,0.0061656861614502855,FUSED,ACCEPTED,ACCEPTED,0.016197513387790963,0.01620310188470242,137.697309694,True,0.0
150.897309694,10.257864491091947,10.257870079588859,10.241666977704156,63.15105531524635,0.057780017163487615,0.6168491267224507,0.011165686161451423,MODEL_ONLY,DUPLICATE_OR_OLD,DUPLICATE_OR_OLD,0.016197513387790963,0.01620310188470242,137.697309694,False,
150.947309694,10.288578635805864,10.288584224302776,10.272381122418073,63.663906517749524,0.057780017163487615,0.6087461474814576,0.016165686161452558,MODEL_ONLY,DUPLICATE_OR_OLD,DUPLICATE_OR_OLD,0.016197513387790963,0.01620310188470242,137.697309694,False,
150.997309694,10.30080946165348,10.300877667923292,10.269503345913849,64.17745362945764,0.01686779077720149,0.6014155113413121,0.006791342905721391,FUSED,ACCEPTED,ACCEPTED,0.031306115739631935,0.03137432200944268,137.697309694,True,9.779084005293731e-05
151.047309694,10.326125375073508,10.326156674782803,10.30952998932826,64.69192946283881,0.028825290121389405,0.5949794695650793,0.005411021687252719,FUSED,ACCEPTED,ACCEPTED,0.01659538574524788,0.016626685454543377,137.697309694,True,0.0
151.097309694,10.35422194893561,10.354253248644905,10.337626563190362,65.20810837665161,0.028825290121389405,0.5853494574875957,0.010411021687251014,MODEL_ONLY,DUPLICATE_OR_OLD,DUPLICATE_OR_OLD,0.01659538574524788,0.016626685454543377,137.697309694,False,
151.147309694,10.38330660841742,10.383318925792803,10.373622207691287,65.72588959592377,0.03805264764086691,0.5767034325652306,0.0060646997499448595,FUSED,ACCEPTED,ACCEPTED,0.009684400726133191,0.009696718101515955,137.697309694,True,0.0
151.197309694,10.411040982929006,10.411053300304388,10.401356582202872,66.24526406567125,0.03805264764086691,0.5688781129574569,0.011064699749945997,MODEL_ONLY,DUPLICATE_OR_OLD,DUPLICATE_OR_OLD,0.009684400726133191,0.009696718101515955,137.697309694,False,
151.247309694,10.44511169779473,10.445116423487141,10.439564543007734,66.76628709380134,0.05671841372070317,0.5618252372038541,0.006163393364996897,FUSED,ACCEPTED,ACCEPTED,0.005547154786995634,0.005551880479407245,137.697309694,True,0.0
151.297309694,10.472911138325678,10.47291586401809,10.467363983538682,67.28896030696512,0.05671841372070317,0.5515136672648856,0.011163393364998034,MODEL_ONLY,DUPLICATE_OR_OLD,DUPLICATE_OR_OLD,0.005547154786995634,0.005551880479407245,137.697309694,False,
151.347309694,10.506309153392566,10.506310959615615,10.491541495629795,67.81293294394416,0.06814743023310232,0.5422837057302597,0.006177865821725224,FUSED,ACCEPTED,ACCEPTED,0.014767657762771336,0.014769463985819797,137.697309694,True,0.0
151.397309694,10.533805680595961,10.53380748681901,10.51903802283319,68.33819743190585,0.06814743023310232,0.5340263842014189,0.011177865821726361,MODEL_ONLY,DUPLICATE_OR_OLD,DUPLICATE_OR_OLD,0.014767657762771336,0.014769463985819797,137.697309694,False,
151.447309694,10.56093130028864,10.560933106511689,10.546163642525869,68.86482747353995,0.06814743023310232,0.5266082339871185,0.016177865821727498,MODEL_ONLY,DUPLICATE_OR_OLD,DUPLICATE_OR_OLD,0.014767657762771336,0.014769463985819797,137.697309694,False,
151.497309694,10.575692102932814,10.575747433428491,10.5501938940288,69.39223641195363,0.034422327708064485,0.5158343120140862,0.006792596370393108,FUSED,ACCEPTED,ACCEPTED,0.025498208904014774,0.025553539399691516,137.697309694,True,8.060418145788145e-05
151.547309694,10.600117471088042,10.600172801583719,10.574619262184028,69.92035674085908,0.034422327708064485,0.5063283057631115,0.011792596370394245,MODEL_ONLY,DUPLICATE_OR_OLD,DUPLICATE_OR_OLD,0.025498208904014774,0.025553539399691516,137.697309694,False,
151.597309694,10.619001605847883,10.619189780436486,10.584970470371667,70.44934648417279,0.035940013170848904,0.4978381224303761,0.006267625629948051,FUSED,ACCEPTED,ACCEPTED,0.034031135476215724,0.03421931006481849,137.697309694,True,0.0002672833160412072
151.647309694,10.641242729718503,10.641331209077636,10.616405423908956,70.97938088152993,0.03877191557695574,0.48591043409975165,0.005298017665912858,FUSED,ACCEPTED,ACCEPTED,0.02483730580954635,0.024925785168679937,137.697309694,True,0.0
151.697309694,10.664332543005774,10.664421022364907,10.639495237196227,71.51077839805768,0.03877191557695574,0.4752676205350924,0.010298017665913995,MODEL_ONLY,DUPLICATE_OR_OLD,DUPLICATE_OR_OLD,0.02483730580954635,0.024925785168679937,137.697309694,False,
151.747309694,10.6764113556695,10.676446330488597,10.656870025875547,72.0431875296343,0.011149183834139226,0.46579402762225947,0.0060471211096217795,FUSED,ACCEPTED,ACCEPTED,0.019541329793954176,0.019576304613050155,137.697309694,True,0.0
151.797309694,10.697225434877529,10.697260409696625,10.677684105083575,72.57655138290839,0.011149183834139226,0.4573756706930702,0.011047121109622917,MODEL_ONLY,DUPLICATE_OR_OLD,DUPLICATE_OR_OLD,0.019541329793954176,0.019576304613050155,137.697309694,False,
151.847309694,10.717664303908816,10.717699278727912,10.698122974114861,73.11094655988818,0.011149183834139226,0.44987146715847237,0.016047121109621212,MODEL_ONLY,DUPLICATE_OR_OLD,DUPLICATE_OR_OLD,0.019541329793954176,0.019576304613050155,137.697309694,False,
151.897309694,10.719942411816016,10.720090231763967,10.695446479065895,73.64578579621782,-0.01660704314494677,0.43841200593254687,0.006779089447716708,FUSED,ACCEPTED,ACCEPTED,0.02449593275012063,0.024643752698072063,137.697309694,True,0.00020143541786183522
151.947309694,10.74194650028383,10.742014372702604,10.729607698660923,74.18141215066112,0.016300051351329652,0.42833292535402095,0.005408439813792186,FUSED,ACCEPTED,ACCEPTED,0.012338801622908235,0.012406674041681498,137.697309694,True,0.0
151.997309694,10.761115533123592,10.761183405542365,10.748776731500683,74.71837176141497,0.016300051351329652,0.4193238758107643,0.010408439813790481,MODEL_ONLY,DUPLICATE_OR_OLD,DUPLICATE_OR_OLD,0.012338801622908235,0.012406674041681498,137.697309694,False,
152.047309694,10.785630723127799,10.78565743567657,10.776304488968416,75.25649879192682,0.0279973251130172,0.4113164685879892,0.006064299865207769,FUSED,ACCEPTED,ACCEPTED,0.009326234159383162,0.00935294670815523,137.697309694,True,0.0
152.097309694,10.804626357476055,10.804653070024827,10.795300123316672,75.79578890723376,0.0279973251130172,0.4041586322189715,0.011064299865206063,MODEL_ONLY,DUPLICATE_OR_OLD,DUPLICATE_OR_OLD,0.009326234159383162,0.00935294670815523,137.697309694,False,
152.147309694,10.81624855990443,10.816258808615853,10.811105134501412,76.33594903867933,0.012768946738242555,0.3558480697289058,0.00616333450285813,FUSED,ACCEPTED,ACCEPTED,0.005143425403018043,0.005153674114440676,137.697309694,True,0.0
152.197309694,10.82994045601422,10.829950704725643,10.824797030611203,76.87684659280727,0.012768946738242555,0.3133122458242628,0.011163334502859267,MODEL_ONLY,DUPLICATE_OR_OLD,DUPLICATE_OR_OLD,0.005143425403018043,0.005153674114440676,137.697309694,False,
152.247309694,10.84175978407471,10.841770032786133,10.836616358671693,77.41838192753916,0.012768946738242555,0.2758608848383937,0.016163334502857563,MODEL_ONLY,DUPLICATE_OR_OLD,DUPLICATE_OR_OLD,0.005143425403018043,0.005153674114440676,137.697309694,False,
152.297309694,10.851930379007527,10.85194062771895,10.846786953604509,77.96046701034619,0.012768946738242555,0.24288622228478154,0.021163334502858698,MODEL_ONLY,DUPLICATE_OR_OLD,DUPLICATE_OR_OLD,0.005143425403018043,0.005153674114440676,137.697309694,False,
152.347309694,10.86064931992577,10.860659568637193,10.855505894522752,78.50302433154918,0.012768946738242555,0.21385314199342395,0.026163334502856992,MODEL_ONLY,DUPLICATE_OR_OLD,DUPLICATE_OR_OLD,0.005143425403018043,0.005153674114440676,137.697309694,False,
152.397309694,10.862946702950888,10.862946702950888,10.862946702950888,79.04598564648614,0.012768946738242555,0.18829049219117328,0.03116333450285813,MODEL_ONLY,MISSING_OR_STALE,MISSING_OR_STALE,0.0,0.0,152.897309694,False,
152.447309694,10.869262158749617,10.869262158749617,10.869262158749617,79.58929086802878,0.012768946738242555,0.1657834396030734,0.036163334502859266,MODEL_ONLY,MISSING_OR_STALE,MISSING_OR_STALE,0.0,0.0,152.947309694,False,
152.497309694,10.874586779442982,10.874586779442982,10.874586779442982,80.13288709148341,0.012768946738242555,0.14596673749582076,0.041163334502857564,MODEL_ONLY,MISSING_OR_STALE,MISSING_OR_STALE,0.0,0.0,152.997309694,False,
152.547309694,10.879039003182392,10.879039003182392,10.879039003182392,80.67672773604917,0.012768946738242555,0.12851879841668645,0.0461633345028587,MODEL_ONLY,MISSING_OR_STALE,MISSING_OR_STALE,0.0,0.0,153.047309694,False,
152.597309694,10.882723110772954,10.882723110772954,10.882723110772954,81.22077178889788,0.012768946738242555,0.11315647543977608,0.051163334502857,MODEL_ONLY,MISSING_OR_STALE,MISSING_OR_STALE,0.0,0.0,153.097309694,False,
152.647309694,10.885730917952975,10.885730917952975,10.885730917952975,81.76498313961615,0.012768946738242555,0.0996304672289034,0.05616333450285813,MODEL_ONLY,MISSING_OR_STALE,MISSING_OR_STALE,0.0,0.0,153.147309694,False,
152.697309694,10.888143265389063,10.888143265389063,10.888143265389063,82.30932999419983,0.012768946738242555,0.08772127235027316,0.06116333450285927,MODEL_ONLY,MISSING_OR_STALE,MISSING_OR_STALE,0.0,0.0,153.197309694,False,
152.747309694,10.890031330566682,10.890031330566682,10.890031330566682,82.85378435909854,0.012768946738242555,0.07723562718090901,0.06616333450285757,MODEL_ONLY,MISSING_OR_STALE,MISSING_OR_STALE,0.0,0.0,153.247309694,False,
152.797309694,10.891457782865604,10.891457782865604,10.891457782865604,83.39832158693447,0.012768946738242555,0.06800336960695444,0.07116333450285871,MODEL_ONLY,MISSING_OR_STALE,MISSING_OR_STALE,0.0,0.0,153.297309694,False,
152.847309694,10.892477800564961,10.892477800564961,10.892477800564961,83.94291997652005,0.012768946738242555,0.059874677615662016,0.076163334502857,MODEL_ONLY,MISSING_OR_STALE,MISSING_OR_STALE,0.0,0.0,153.347309694,False,
152.897309694,10.893139966281963,10.893139966281963,10.893139966281963,84.48756042069134,0.012768946738242555,0.052717637968524675,0.08116333450285815,MODEL_ONLY,MISSING_OR_STALE,MISSING_OR_STALE,0.0,0.0,153.397309694,False,
152.947309694,10.893487055375532,10.893487055375532,10.893487055375532,85.0322260962329,0.012768946738242555,0.0464161054998894,0.08616333450285929,MODEL_ONLY,MISSING_OR_STALE,MISSING_OR_STALE,0.0,0.0,153.447309694,False,
152.997309694,10.893556730109177,10.893556730109177,10.893556730109177,85.57690219086983,0.012768946738242555,0.040867818301406955,0.09116333450285759,MODEL_ONLY,MISSING_OR_STALE,MISSING_OR_STALE,0.0,0.0,153.497309694,False,
153.047309694,10.893382150838022,10.893382150838022,10.893382150838022,86.12157566289363,0.012768946738242555,0.035982738205398816,0.09616333450285873,MODEL_ONLY,MISSING_OR_STALE,MISSING_OR_STALE,0.0,0.0,153.547309694,False,
153.097309694,10.892992514138415,10.892992514138415,10.892992514138415,86.66623502951786,0.012768946738242555,0.03168158963635665,0.10116333450285703,MODEL_ONLY,MISSING_OR_STALE,MISSING_OR_STALE,0.0,0.0,153.597309694,False,
153.147309694,10.892413526612932,10.892413526612932,10.892413526612932,87.21087018053677,0.012768946738242555,0.027894573118835933,0.10616333450285817,MODEL_ONLY,MISSING_OR_STALE,MISSING_OR_STALE,0.0,0.0,153.647309694,False,
153.197309694,10.892263968477147,10.892263968477147,10.892263968477147,87.75548711791414,0.012768946738242555,0.03648316091278362,0.11116333450285931,MODEL_ONLY,MISSING_OR_STALE,MISSING_OR_STALE,0.0,0.0,153.697309694,False,
153.247309694,10.851449793910822,10.851449793910822,10.851449793910822,88.29907996197366,0.012768946738242555,0.04404528704168049,0.009207376688369514,FUSED,ACCEPTED,ACCEPTED,0.0,0.0,153.697309694,False,
153.297309694,10.852013494195713,10.852013494195713,10.852013494195713,88.84166654417645,0.012768946738242555,0.05074832932631521,0.014207376688370651,MODEL_ONLY,DUPLICATE_OR_OLD,DUPLICATE_OR_OLD,0.0,0.0,153.697309694,False,
153.347309694,10.847617565372703,10.847617565372703,10.847617565372703,89.38415732066548,0.002129702355609263,0.06766042097317655,0.006576207405856402,FUSED,ACCEPTED,ACCEPTED,0.0,0.0,153.697309694,False,
153.397309694,10.849239899977478,10.849239899977478,10.849239899977478,89.92657875729935,0.002129702355609263,0.08256026010661305,0.01157620740585754,MODEL_ONLY,DUPLICATE_OR_OLD,DUPLICATE_OR_OLD,0.0,0.0,153.697309694,False,
153.447309694,10.848038445812133,10.848038445812133,10.848038445812133,90.46901071594422,-0.004752460459134171,0.09567562943510806,0.006237235867674815,FUSED,ACCEPTED,ACCEPTED,0.0,0.0,153.697309694,False,
153.497309694,10.850549950078978,10.850549950078978,10.850549950078978,91.01147542584131,-0.004752460459134171,0.10722581616278778,0.011237235867673109,MODEL_ONLY,DUPLICATE_OR_OLD,DUPLICATE_OR_OLD,0.0,0.0,153.697309694,False,
153.547309694,10.831107311450856,10.831107311450856,10.831107311450856,91.55351685737968,-0.0669667671848379,0.11739004617606145,0.00618862289822208,FUSED,ACCEPTED,ACCEPTED,0.0,0.0,153.697309694,False,
153.597309694,10.831838835925579,10.831838835925579,10.831838835925579,92.0950905110639,-0.0669667671848379,0.13384052704604274,0.011188622898220375,MODEL_ONLY,DUPLICATE_OR_OLD,DUPLICATE_OR_OLD,0.0,0.0,153.697309694,False,
153.647309694,10.818449200127242,10.818449200127242,10.818449200127242,92.63634771196534,-0.08713284950240095,0.14832256302111427,0.0061815479802570655,FUSED,ACCEPTED,ACCEPTED,0.0,0.0,153.697309694,False,
153.697309694,10.819535955776118,10.819535955776118,10.819535955776118,93.17729734086305,-0.08713284950240095,0.16111123284663956,0.011181547980258203,MODEL_ONLY,DUPLICATE_OR_OLD,DUPLICATE_OR_OLD,0.0,0.0,153.697309694,False,
153.747309694,10.807814416933773,10.807814416933773,10.807241243533968,93.71796677084562,-0.11228478944226955,0.17236816073346606,0.00618051613772379,FUSED,ACCEPTED,ACCEPTED,0.000573173399805782,0.000573173399805782,153.697309694,True,0.0
153.797309694,10.808703725039175,10.808703725039175,10.808130551639369,94.25835106572508,-0.11228478944226955,0.18231422191703672,0.011180516137724927,MODEL_ONLY,DUPLICATE_OR_OLD,DUPLICATE_OR_OLD,0.000573173399805782,0.000573173399805782,153.697309694,False,
153.847309694,10.81003076606229,10.81003076606229,10.809457592662485,94.79879076933244,-0.11228478944226955,0.19106888027134622,0.01618051613772322,MODEL_ONLY,DUPLICATE_OR_OLD,DUPLICATE_OR_OLD,0.000573173399805782,0.000573173399805782,153.697309694,False,
153.897309694,10.813442231030805,10.813253150725401,10.811254850534564,95.33930858041249,-0.094891190930881,0.19877331203243212,0.006792868996834437,FUSED,ACCEPTED,ACCEPTED,0.0021873804962417864,0.0019983001908379094,153.697309694,True,-0.0002783511731065994
153.947309694,10.813292523829329,10.813205761363392,10.811524796916876,95.8798780715989,-0.11022710662645399,0.2055517272767548,0.005411343040032018,FUSED,ACCEPTED,ACCEPTED,0.0017677269124529715,0.0016809644465158868,153.697309694,True,0.0
153.997309694,10.815744961540037,10.8156581990741,10.813977234627584,96.42051562238733,-0.11022710662645399,0.2115191312073809,0.010411343040030312,MODEL_ONLY,DUPLICATE_OR_OLD,DUPLICATE_OR_OLD,0.0017677269124529715,0.0016809644465158868,153.697309694,False,
154.047309694,10.818459757890393,10.818372995424456,10.81669203097794,96.96128235402759,-0.11022710662645399,0.2167663040002927,0.01541134304003145,MODEL_ONLY,DUPLICATE_OR_OLD,DUPLICATE_OR_OLD,0.0017677269124529715,0.0016809644465158868,153.697309694,False,
154.097309694,10.807578765820047,10.807391116059296,10.80384901375185,97.50179588014565,-0.14629946428111737,0.22744870264938946,0.006711753247188975,FUSED,ACCEPTED,ACCEPTED,0.003729752068196035,0.0035421023074455604,153.697309694,True,-0.00023707683402960332
154.147309694,10.809496513842161,10.80930886408141,10.805766761773965,98.04203627453391,-0.14629946428111737,0.2368976950901222,0.011711753247190112,MODEL_ONLY,DUPLICATE_OR_OLD,DUPLICATE_OR_OLD,0.003729752068196035,0.0035421023074455604,153.697309694,False,
154.197309694,10.811829912746921,10.81164226298617,10.808100160678725,98.58238294759535,-0.14629946428111737,0.24521071274303863,0.01671175324719125,MODEL_ONLY,DUPLICATE_OR_OLD,DUPLICATE_OR_OLD,0.003729752068196035,0.0035421023074455604,153.697309694,False,
154.247309694,10.814528882849137,10.814341233088387,10.810799130780941,99.12285542988165,-0.14629946428111737,0.2525221366921819,0.021711753247189543,MODEL_ONLY,DUPLICATE_OR_OLD,DUPLICATE_OR_OLD,0.003729752068196035,0.0035421023074455604,153.697309694,False,
154.297309694,10.811103800052827,10.811050580875554,10.807686963735181,99.66331758224467,-0.15477462273749482,0.2642115303695744,0.00727607670146747,FUSED,ACCEPTED,ACCEPTED,0.0034168363176458882,0.00336361714037281,153.697309694,True,-2.8927976319426986e-06
154.347309694,10.814478690699877,10.814425471522604,10.811061854382231,100.20378630269742,-0.15477462273749482,0.2745157060452595,0.012276076701465764,MODEL_ONLY,DUPLICATE_OR_OLD,DUPLICATE_OR_OLD,0.0034168363176458882,0.00336361714037281,153.697309694,False,
154.397309694,10.822553519561,10.822440577130147,10.818086801992697,100.74451501910691,-0.13964708291705322,0.2835751101721689,0.0063337835901223286,FUSED,ACCEPTED,ACCEPTED,0.004466717568302414,0.004353775137449389,153.697309694,True,-0.00014751234774533582
154.447309694,10.827535222859309,10.827422280428456,10.823068505291007,101.28554390178913,-0.13964708291705322,0.2915244192499614,0.011333783590123466,MODEL_ONLY,DUPLICATE_OR_OLD,DUPLICATE_OR_OLD,0.004466717568302414,0.004353775137449389,153.697309694,False,
154.497309694,10.83286591805158,10.832752975620727,10.828399200483277,101.8268305944333,-0.13964708291705322,0.29850425712925976,0.01633378359012176,MODEL_ONLY,DUPLICATE_OR_OLD,DUPLICATE_OR_OLD,0.004466717568302414,0.004353775137449389,153.697309694,False,
154.547309694,10.838502859314838,10.838389916883985,10.834036141746536,102.36839147798918,-0.13964708291705322,0.3046291785489223,0.021333783590122897,MODEL_ONLY,DUPLICATE_OR_OLD,DUPLICATE_OR_OLD,0.004466717568302414,0.004353775137449389,153.697309694,False,
154.597309694,10.860164208815828,10.86001385108976,10.853030155333165,102.91056813541599,-0.11752794574633857,0.31470262118326686,0.007247740529087398,FUSED,ACCEPTED,ACCEPTED,0.007134053482662495,0.006983695756595409,153.697309694,True,-0.0001645658230870744
154.647309694,10.879469488672578,10.87940190530344,10.87420362733401,103.45374897998279,-0.09348371228316144,0.3234905910672372,0.005505161530032603,FUSED,ACCEPTED,ACCEPTED,0.005265861338568101,0.00519827796943062,153.697309694,True,0.0
154.697309694,10.88850577493071,10.888438191561573,10.883239913592142,103.99768506850607,-0.09348371228316144,0.32645270781248387,0.01050516153003374,MODEL_ONLY,DUPLICATE_OR_OLD,DUPLICATE_OR_OLD,0.005265861338568101,0.00519827796943062,153.697309694,False,
154.747309694,10.913327136228135,10.913300638309643,10.907876802264834,104.54246298640231,-0.06537043926354687,0.3290261866478309,0.006079224988155784,FUSED,ACCEPTED,ACCEPTED,0.0054503339633011905,0.005423836044808894,153.697309694,True,0.0
154.797309694,10.924006355697243,10.92397985777875,10.918556021733941,105.0881238070024,-0.06537043926354687,0.33119809901238,0.011079224988156921,MODEL_ONLY,DUPLICATE_OR_OLD,DUPLICATE_OR_OLD,0.0054503339633011905,0.005423836044808894,153.697309694,False,
154.847309694,10.950942039917917,10.95093187937116,10.94401441026645,105.63468806780223,-0.03793561435522321,0.3330698028363056,0.006165530223945748,FUSED,ACCEPTED,ACCEPTED,0.006927629651467981,0.00691746910471025,153.697309694,True,0.0
154.897309694,10.963164162021998,10.96315400147524,10.95623653237053,106.18219434136827,-0.03793561435522321,0.3346213268035212,0.011165530223946885,MODEL_ONLY,DUPLICATE_OR_OLD,DUPLICATE_OR_OLD,0.006927629651467981,0.00691746910471025,153.697309694,False,
154.947309694,10.975982427177016,10.975978543996865,10.968810043330548,106.73032050576093,-0.05504787657941537,0.3307500111618308,0.00617817796375191,FUSED,ACCEPTED,ACCEPTED,0.007172383846468122,0.007168500666317357,153.697309694,True,0.0
154.997309694,10.986982871608614,10.986978988428463,10.979810487762146,107.27903601903806,-0.05504787657941537,0.32730003557819337,0.011178177963750206,MODEL_ONLY,DUPLICATE_OR_OLD,DUPLICATE_OR_OLD,0.007172383846468122,0.007168500666317357,153.697309694,False,
155.047309694,10.99782962899229,10.99782574581214,10.990657245145822,107.82829771236088,-0.05504787657941537,0.32422629461965513,0.016178177963751345,MODEL_ONLY,DUPLICATE_OR_OLD,DUPLICATE_OR_OLD,0.007172383846468122,0.007168500666317357,153.697309694,False,
155.097309694,11.023692021712023,11.023728873554413,11.011140791923387,108.37834266328743,-0.013666107202852273,0.3214843915460532,0.006792628481488932,FUSED,ACCEPTED,ACCEPTED,0.01255122978863632,0.012588081631026427,153.697309694,True,5.608627445966366e-05
155.147309694,11.036346714974314,11.036383566816705,11.023795485185678,108.92921607021528,-0.013666107202852273,0.3190032428153647,0.01179262848149007,MODEL_ONLY,DUPLICATE_OR_OLD,DUPLICATE_OR_OLD,0.01255122978863632,0.012588081631026427,153.697309694,False,
155.197309694,11.052560119637755,11.052580163859089,11.039304894349696,109.48079357970379,-0.020399328053330047,0.31677740969664064,0.006267630103217322,FUSED,ACCEPTED,ACCEPTED,0.013255225288059336,0.013275269509392729,153.697309694,True,1.0035293262400727e-05
155.247309694,11.064967942245767,11.064977367001246,11.056873796500916,110.03319804697486,-0.02248524695355392,0.3147671935762042,0.005298018654890927,FUSED,ACCEPTED,ACCEPTED,0.008094145744850678,0.008103570500329838,153.697309694,True,0.0
155.297309694,11.076878531046354,11.076887955801833,11.068784385301504,110.58633950152004,-0.02248524695355392,0.31294029333198553,0.010298018654892063,MODEL_ONLY,DUPLICATE_OR_OLD,DUPLICATE_OR_OLD,0.008094145744850678,0.008103570500329838,153.697309694,False,
155.347309694,11.088706767592898,11.088716192348377,11.080612621848047,111.14007442669859,-0.02248524695355392,0.3112932482512442,0.015298018654890357,MODEL_ONLY,DUPLICATE_OR_OLD,DUPLICATE_OR_OLD,0.008094145744850678,0.008103570500329838,153.697309694,False,
155.397309694,11.104543631673527,11.10457122749144,11.090130391994071,111.69434300204477,-0.011209193493627008,0.30980490788431536,0.006699454141241169,FUSED,ACCEPTED,ACCEPTED,0.014413239679456069,0.01444083549736952,153.697309694,True,3.6547953951554524e-05
155.447309694,11.116794199342447,11.11682179516036,11.102380959662991,112.24915578583632,-0.011209193493627008,0.30846381723870847,0.011699454141242306,MODEL_ONLY,DUPLICATE_OR_OLD,DUPLICATE_OR_OLD,0.014413239679456069,0.01444083549736952,153.697309694,False,
155.497309694,11.12676039404133,11.126809015959978,11.112646316034853,112.80453146772858,-0.020037155795604538,0.30132974482756564,0.0062546050765308475,FUSED,ACCEPTED,ACCEPTED,0.014114078006477015,0.014162699925124755,153.697309694,True,6.121280967667786e-05
155.547309694,11.137897420926686,11.137946042845334,11.123783342920209,113.36044220920259,-0.020037155795604538,0.29502096386939874,0.011254605076531985,MODEL_ONLY,DUPLICATE_OR_OLD,DUPLICATE_OR_OLD,0.014114078006477015,0.014162699925124755,153.697309694,False,
155.597309694,11.151517527346657,11.151600354917496,11.136918759711165,113.91695976176818,-0.007024899375136047,0.2894365489802479,0.006191144383680227,FUSED,ACCEPTED,ACCEPTED,0.014598767635492393,0.014681595206331721,153.697309694,True,0.00010387123940558754
155.647309694,11.162126376761252,11.162165462697027,11.151940598065975,114.47418124571274,-0.01123901485633136,0.27722953275397333,0.005281047677773983,FUSED,ACCEPTED,ACCEPTED,0.010185778695277037,0.0102248646310521,153.697309694,True,0.0
155.697309694,11.172274837785185,11.17231392372096,11.162089059089908,115.03203198714176,-0.01123901485633136,0.26645150570166815,0.01028104767777512,MODEL_ONLY,DUPLICATE_OR_OLD,DUPLICATE_OR_OLD,0.010185778695277037,0.0102248646310521,153.697309694,False,
155.747309694,11.190802701585019,11.19081816215306,11.182956025799658,115.59065811426382,0.018031908237945336,0.25694148601817635,0.006044467726394189,FUSED,ACCEPTED,ACCEPTED,0.007846675785360802,0.007862136353400828,153.697309694,True,0.0
155.797309694,11.20098420794333,11.20099966851137,11.19313753215797,116.15006045321289,0.018031908237945336,0.23784148929498067,0.011044467726395326,MODEL_ONLY,DUPLICATE_OR_OLD,DUPLICATE_OR_OLD,0.007846675785360802,0.007862136353400828,153.697309694,False,
155.847309694,11.210324340917422,11.210339801485462,11.202477665132061,116.70995083314494,0.018031908237945336,0.2210140216106959,0.016044467726393622,MODEL_ONLY,DUPLICATE_OR_OLD,DUPLICATE_OR_OLD,0.007846675785360802,0.007862136353400828,153.697309694,False,
155.897309694,11.216369775693485,11.216743454604936,11.203736336837565,117.27010618319432,0.006137463889086215,0.20618832907383228,0.006778814155187543,FUSED,ACCEPTED,ACCEPTED,0.01263343885591972,0.013007117767370957,153.697309694,True,0.000543898632885377
155.947309694,11.225115665156844,11.225287244246866,11.217211144864773,117.830629870237,0.020583644475651315,0.1815418824502532,0.0054083817747177226,FUSED,ACCEPTED,ACCEPTED,0.007904520292070671,0.00807609938209275,153.697309694,True,0.0
155.997309694,11.231524759658145,11.231696338748167,11.223620239366074,118.39165065484258,0.020583644475651315,0.15984151591714232,0.010408381774716018,MODEL_ONLY,DUPLICATE_OR_OLD,DUPLICATE_OR_OLD,0.007904520292070671,0.00807609938209275,153.697309694,False,
156.047309694,11.232799769478639,11.232867298017663,11.22815445973307,118.95294502232018,0.014314312495490738,0.11966510365329255,0.006064290875088082,FUSED,ACCEPTED,ACCEPTED,0.004645309745569648,0.004712838284593346,153.697309694,True,0.0
156.097309694,11.235117877844472,11.235185406383495,11.230472568098902,119.51441069801578,0.014314312495490738,0.08429112518790086,0.011064290875086376,MODEL_ONLY,DUPLICATE_OR_OLD,DUPLICATE_OR_OLD,0.004645309745569648,0.004712838284593346,153.697309694,False,
156.147309694,11.235878706351349,11.235946234890372,11.231233396605779,120.07595334713352,0.014314312495490738,0.05314552800879832,0.01606429087508751,MODEL_ONLY,DUPLICATE_OR_OLD,DUPLICATE_OR_OLD,0.004645309745569648,0.004712838284593346,153.697309694,False,
156.197309694,11.222344871414258,11.222529932932755,11.221336021552856,120.63726758258761,-0.0032005037914324824,0.025722878204468735,0.006780869700129133,FUSED,ACCEPTED,ACCEPTED,0.001008849861401373,0.001193911379898438,153.697309694,True,0.00024085878229739417
156.247309694,11.219651590617909,11.219836652136406,11.218642740756508,121.19826705164516,-0.0032005037914324824,0.001578158231173122,0.011780869700127428,MODEL_ONLY,DUPLICATE_OR_OLD,DUPLICATE_OR_OLD,0.001008849861401373,0.001193911379898438,153.697309694,False,
156.297309694,11.224669250218769,11.225370172743448,11.22872270846842,121.75945118787591,0.04937112947975219,-0.03906655320711619,0.006265991316946665,FUSED,ACCEPTED,ACCEPTED,-0.004053458249650532,-0.003352535724971517,153.697309694,True,0.0010083326979284518
156.347309694,11.205688439978617,11.206018037839462,11.20828801734364,122.32037645602102,-0.014584893819808743,-0.07485285333038001,0.005297656313800948,FUSED,ACCEPTED,ACCEPTED,-0.0025995773650233645,-0.002269979504179176,153.697309694,True,0.0
156.397309694,11.197028957476864,11.197358555337708,11.199628534841887,122.8805743698258,-0.014584893819808743,-0.10636148584849224,0.010297656313802086,MODEL_ONLY,DUPLICATE_OR_OLD,DUPLICATE_OR_OLD,-0.0025995773650233645,-0.002269979504179176,153.697309694,False,
156.447309694,11.186181461400245,11.186311749303899,11.190944080420214,123.44033868520748,0.017501697880057773,-0.14721268455740188,0.006047064646639351,FUSED,ACCEPTED,ACCEPTED,-0.004762619019968994,-0.004632331116315669,153.697309694,True,0.0
156.497309694,11.17528534328736,11.175415631191013,11.180047962307329,123.99961348627548,0.017501697880057773,-0.18318078977108376,0.011047064646637645,MODEL_ONLY,DUPLICATE_OR_OLD,DUPLICATE_OR_OLD,-0.004762619019968994,-0.004632331116315669,153.697309694,False,
156.547309694,11.144093837411361,11.144143857598058,11.14913613289915,124.55784308865577,-0.0322685389298241,-0.214849495550868,0.006160795799579498,FUSED,ACCEPTED,ACCEPTED,-0.005042295487788451,-0.004992275301091809,153.697309694,True,0.0
156.597309694,11.127731610703153,11.12778163088985,11.132773906190941,125.11489083963284,-0.0322685389298241,-0.24273272486771014,0.011160795799577794,MODEL_ONLY,DUPLICATE_OR_OLD,DUPLICATE_OR_OLD,-0.005042295487788451,-0.004992275301091809,153.697309694,False,
156.647309694,11.099916868768243,11.099935989053069,11.107259492484589,125.67089167459984,-0.03504866864623925,-0.2672829695964604,0.006177486313256207,FUSED,ACCEPTED,ACCEPTED,-0.007342623716345642,-0.007323503431519995,153.697309694,True,0.0
156.697309694,11.080574720289507,11.080593840574332,11.087917344005852,126.22577109551223,-0.03504866864623925,-0.29955103056166893,0.011177486313257344,MODEL_ONLY,DUPLICATE_OR_OLD,DUPLICATE_OR_OLD,-0.007342623716345642,-0.007323503431519995,153.697309694,False,
156.747309694,11.059812024741762,11.059831145026587,11.067154648458107,126.77964789532363,-0.03504866864623925,-0.3279619719420742,0.016177486313255638,MODEL_ONLY,DUPLICATE_OR_OLD,DUPLICATE_OR_OLD,-0.007342623716345642,-0.007323503431519995,153.697309694,False,
156.797309694,11.005671355696366,11.006033463803403,11.02924448070407,127.33205787355281,-0.0979685285419889,-0.35297684937744445,0.006792557328219253,FUSED,ACCEPTED,ACCEPTED,-0.023573125007704476,-0.023211016900667403,153.697309694,True,0.0005240668103206614
156.847309694,10.968382015498205,10.968548176863107,10.989705724151031,127.882531628674,-0.0964654831860614,-0.3750016068371691,0.00541127741485771,FUSED,ACCEPTED,ACCEPTED,-0.021323708652825957,-0.02115754728792396,153.697309694,True,0.0
156.897309694,10.941226894604544,10.941393055969446,10.96255060325737,128.43133803685933,-0.0964654831860614,-0.39439366432030304,0.010411277414858847,MODEL_ONLY,DUPLICATE_OR_OLD,DUPLICATE_OR_OLD,-0.021323708652825957,-0.02115754728792396,153.697309694,False,
156.947309694,10.913218071021722,10.913384232386624,10.934541779674548,128.97876534643277,-0.0964654831860614,-0.41146771810348803,0.015411277414859984,MODEL_ONLY,DUPLICATE_OR_OLD,DUPLICATE_OR_OLD,-0.021323708652825957,-0.02115754728792396,153.697309694,False,
156.997309694,10.881699651450983,10.881754289525746,10.907631862835913,129.52481968749535,-0.07995159003654603,-0.4265008476641078,0.00671174615140822,FUSED,ACCEPTED,ACCEPTED,-0.02593221138493007,-0.025877573310166824,153.697309694,True,0.0
157.047309694,10.844424923757284,10.844450088971719,10.866558745348739,130.06917445270008,-0.10786416980174515,-0.43973701215418354,0.005394198177215297,FUSED,ACCEPTED,ACCEPTED,-0.022133821591454605,-0.022108656377019642,153.697309694,True,0.0
157.097309694,10.81385000127916,10.813875166493595,10.835983822870615,130.61173801690538,-0.10786416980174515,-0.45139100939419136,0.010394198177213591,MODEL_ONLY,DUPLICATE_OR_OLD,DUPLICATE_OR_OLD,-0.022133821591454605,-0.022108656377019642,153.697309694,False,
157.147309694,10.782762031189032,10.782787196403467,10.804895852780486,131.15276000879678,-0.10786416980174515,-0.4616519616339506,0.015394198177214729,MODEL_ONLY,DUPLICATE_OR_OLD,DUPLICATE_OR_OLD,-0.022133821591454605,-0.022108656377019642,153.697309694,False,
157.197309694,10.740445279386687,10.740581252312358,10.777806038301456,131.69232755607393,-0.1173450569201214,-0.47068638464763635,0.006709898401762672,FUSED,ACCEPTED,ACCEPTED,-0.037360758914768866,-0.03722478598909795,153.697309694,True,0.00019030588363896928
157.247309694,10.708033818523921,10.708169791449592,10.74539457743869,132.23040757146725,-0.1173450569201214,-0.47864088996868304,0.011709898401760968,MODEL_ONLY,DUPLICATE_OR_OLD,DUPLICATE_OR_OLD,-0.037360758914768866,-0.03722478598909795,153.697309694,False,
157.297309694,10.662050302462529,10.662193622505136,10.705179550840606,132.76667192467437,-0.14229407943631325,-0.4856445641166371,0.006256069622735713,FUSED,ACCEPTED,ACCEPTED,-0.043129248378077634,-0.04298592833547055,153.697309694,True,0.00014771690772209106
157.347309694,10.627732881801075,10.627876201843682,10.670862130179152,133.30107296669968,-0.14229407943631325,-0.4918110634262648,0.011256069622734007,MODEL_ONLY,DUPLICATE_OR_OLD,DUPLICATE_OR_OLD,-0.043129248378077634,-0.04298592833547055,153.697309694,False,
157.397309694,10.596618248205493,10.596763976175692,10.646072631603209,133.83399633574436,-0.11240392284613941,-0.4972404584741184,0.006191356839128354,FUSED,ACCEPTED,ACCEPTED,-0.04945438339771613,-0.04930865542751661,153.697309694,True,0.00014720921852609536
157.447309694,10.558077554166232,10.55814632181113,10.58885596929394,134.3648695507669,-0.13751615333861816,-0.5020208580339813,0.005281094987964544,FUSED,ACCEPTED,ACCEPTED,-0.03077841512770796,-0.030709647482810354,153.697309694,True,0.0
157.497309694,10.523278091035225,10.523346858680123,10.554056506162933,134.89344236265316,-0.13751615333861816,-0.5062298389150023,0.010281094987962838,MODEL_ONLY,DUPLICATE_OR_OLD,DUPLICATE_OR_OLD,-0.03077841512770796,-0.030709647482810354,153.697309694,False,
157.547309694,10.488293334605647,10.488362102250544,10.519071749733355,135.4202705690507,-0.13751615333861816,-0.5099357048860317,0.015281094987963975,MODEL_ONLY,DUPLICATE_OR_OLD,DUPLICATE_OR_OLD,-0.03077841512770796,-0.030709647482810354,153.697309694,False,
157.597309694,10.462011072893649,10.462033782655276,10.49439209969312,135.9456071652862,-0.1035613262637903,-0.5131985951160978,0.006697609513798849,FUSED,ACCEPTED,ACCEPTED,-0.03238102679947197,-0.0323583170378452,153.697309694,True,0.0
157.647309694,10.426039909499822,10.426050375980756,10.452263877670969,136.46927356472042,-0.12276196294609694,-0.5160714601189612,0.005391197360409746,FUSED,ACCEPTED,ACCEPTED,-0.026223968171146694,-0.026213501690213192,153.697309694,True,0.0
157.697309694,10.391359601782202,10.391370068263136,10.417583569953349,136.99101975091116,-0.12276196294609694,-0.5186009210394119,0.010391197360410883,MODEL_ONLY,DUPLICATE_OR_OLD,DUPLICATE_OR_OLD,-0.026223968171146694,-0.026213501690213192,153.697309694,False,
157.747309694,10.356567938805275,10.356578405286209,10.382791906976422,137.51102913783424,-0.12276196294609694,-0.520828026225944,0.015391197360409177,MODEL_ONLY,DUPLICATE_OR_OLD,DUPLICATE_OR_OLD,-0.026223968171146694,-0.026213501690213192,153.697309694,False,
157.797309694,10.346075194156104,10.346103928444276,10.387113224258222,138.03027676611524,-0.051965457058824285,-0.5227889173675238,0.006709573538215808,FUSED,ACCEPTED,ACCEPTED,-0.04103803010211848,-0.04100929581394652,153.697309694,True,3.769296132689892e-05
157.847309694,10.314638986984606,10.314667721272778,10.355677017086725,138.5488465221487,-0.051965457058824285,-0.5245154160045769,0.011709573538214103,MODEL_ONLY,DUPLICATE_OR_OLD,DUPLICATE_OR_OLD,-0.04103803010211848,-0.04100929581394652,153.697309694,False,
157.897309694,10.262880878084472,10.262927063734091,10.31264783848013,139.06555464353798,-0.1422187418409182,-0.5260355399321847,0.006256024086010844,FUSED,ACCEPTED,ACCEPTED,-0.04976696039565809,-0.04972077474603864,153.697309694,True,5.662957950797881e-05
157.947309694,10.221018019834824,10.221039748098507,10.256390834028572,139.5797806103508,-0.12561996533068712,-0.5273739578756986,0.00529545132262965,FUSED,ACCEPTED,ACCEPTED,-0.035372814193747715,-0.035351085930065196,153.697309694,True,0.0
157.997309694,10.185697238559099,10.185718966822781,10.221070052752847,140.09171713252016,-0.12561996533068712,-0.5285523898173222,0.010295451322627946,MODEL_ONLY,DUPLICATE_OR_OLD,DUPLICATE_OR_OLD,-0.035372814193747715,-0.035351085930065196,153.697309694,False,
158.047309694,10.15032457880071,10.150346307064392,10.185697392994458,140.60188631866396,-0.12561996533068712,-0.5295899594701874,0.015295451322629083,MODEL_ONLY,DUPLICATE_OR_OLD,DUPLICATE_OR_OLD,-0.035372814193747715,-0.035351085930065196,153.697309694,False,
158.097309694,10.111307821222997,10.11133537618548,10.162516072864792,141.11059165531026,-0.12656903144666748,-0.5305035046199075,0.006699174442556961,FUSED,ACCEPTED,ACCEPTED,-0.05120825164179443,-0.05118069667931202,153.697309694,True,3.0425900756254898e-05
158.147309694,10.075801813613825,10.075829368576308,10.12701006525562,141.6178298087634,-0.12656903144666748,-0.5313078503698757,0.011699174442558097,MODEL_ONLY,DUPLICATE_OR_OLD,DUPLICATE_OR_OLD,-0.05120825164179443,-0.05118069667931202,153.697309694,False,
158.197309694,10.034200719838791,10.03422049500528,10.085099781437451,142.12313255493083,-0.1403216831558515,-0.5320160497245434,0.006254565840035969,FUSED,ACCEPTED,ACCEPTED,-0.050899061598659756,-0.050879286432170545,153.697309694,True,1.5116375710111374e-05
158.247309694,9.99794049239193,9.997960267558419,10.04883955399059,142.62648103831637,-0.1403216831558515,-0.5326395954149026,0.011254565840034264,MODEL_ONLY,DUPLICATE_OR_OLD,DUPLICATE_OR_OLD,-0.050899061598659756,-0.050879286432170545,153.697309694,False,
158.297309694,9.983986028704107,9.98399356079076,10.023766536485095,143.12829619057837,-0.06819925872647352,-0.5331886064036918,0.006191138691483876,FUSED,ACCEPTED,ACCEPTED,-0.039780507780987406,-0.039772975694335244,153.697309694,True,0.0
158.347309694,9.95128030264461,9.951287834731263,9.991060810425598,143.62866687425097,-0.06819925872647352,-0.5336719920969476,0.01119113869148217,MODEL_ONLY,DUPLICATE_OR_OLD,DUPLICATE_OR_OLD,-0.039780507780987406,-0.039772975694335244,153.697309694,False,
158.397309694,9.917369698912267,9.91737715298184,9.959830716528806,144.12743916242493,-0.10313438188362388,-0.5340975969267526,0.006181914762166585,FUSED,ACCEPTED,ACCEPTED,-0.042461017616538754,-0.04245356354696561,153.697309694,True,7.405884525885087e-06
158.447309694,9.87700610225313,9.877009621325724,9.909219174616743,144.6241654097037,-0.1178824233481586,-0.534472327651473,0.005278991482932106,FUSED,ACCEPTED,ACCEPTED,-0.03221307236361248,-0.03220955329101827,153.697309694,True,0.0
158.497309694,9.84175970429543,9.841763223368025,9.873972776659043,145.11874520848542,-0.1178824233481586,-0.5348022654393353,0.010278991482930402,MODEL_ONLY,DUPLICATE_OR_OLD,DUPLICATE_OR_OLD,-0.03221307236361248,-0.03220955329101827,153.697309694,False,
158.547309694,9.809167981178796,9.80916937327254,9.83357477652359,145.6114338973151,-0.09951016023229133,-0.5350927645542419,0.006044145983137012,FUSED,ACCEPTED,ACCEPTED,-0.024406795344795285,-0.024405403251050117,153.697309694,True,0.0
158.597309694,9.77481288268659,9.774814274780335,9.799219678031385,146.1022537586788,-0.09951016023229133,-0.5353485392453079,0.011044145983135308,MODEL_ONLY,DUPLICATE_OR_OLD,DUPLICATE_OR_OLD,-0.024406795344795285,-0.024405403251050117,153.697309694,False,
158.647309694,9.734012503134958,9.734013037648067,9.755866390946206,146.59113091040336,-0.12252313924533653,-0.5355737402501749,0.006160365555286403,FUSED,ACCEPTED,ACCEPTED,-0.02185388781124864,-0.02185335329813931,153.697309694,True,0.0
158.697309694,9.698485581546665,9.698486116059774,9.720339469357913,147.0780360569111,-0.12252313924533653,-0.5357720221536021,0.01116036555528754,MODEL_ONLY,DUPLICATE_OR_OLD,DUPLICATE_OR_OLD,-0.02185388781124864,-0.02185335329813931,153.697309694,False,
158.747309694,9.662949930931351,9.66295046544446,9.6848038187426,147.56316463911344,-0.12252313924533653,-0.5359466026944391,0.016160365555285834,MODEL_ONLY,DUPLICATE_OR_OLD,DUPLICATE_OR_OLD,-0.02185388781124864,-0.02185335329813931,153.697309694,False,
158.797309694,9.631787771688902,9.631789353208603,9.669458574356172,148.04702119894102,-0.10256709010026926,-0.5361003149834183,0.00679079503022605,FUSED,ACCEPTED,ACCEPTED,-0.037670802667269854,-0.037669221147568877,153.697309694,True,2.076315779350746e-06
158.847309694,9.59763128120222,9.59763200697643,9.61624062617491,148.52916367895415,-0.10723087364566108,-0.5362356534791631,0.005410906308774065,FUSED,ACCEPTED,ACCEPTED,-0.018609344972690067,-0.018608619198481335,153.697309694,True,0.0
158.897309694,9.562839833278167,9.562840559052376,9.581449178250857,149.0091059240649,-0.10723087364566108,-0.5363548144685164,0.010410906308775203,MODEL_ONLY,DUPLICATE_OR_OLD,DUPLICATE_OR_OLD,-0.018609344972690067,-0.018608619198481335,153.697309694,False,
158.947309694,9.528043139492134,9.528043865266342,9.546652484464824,149.4873084656329,-0.10723087364566108,-0.5364597317081051,0.01541090630877634,MODEL_ONLY,DUPLICATE_OR_OLD,DUPLICATE_OR_OLD,-0.018609344972690067,-0.018608619198481335,153.697309694,False,
158.997309694,9.48969251696908,9.489694215973035,9.530172720239655,149.96422909575037,-0.11756592159385672,-0.5365521078055397,0.006711706024652531,FUSED,ACCEPTED,ACCEPTED,-0.04048020327057422,-0.04047850426661981,153.697309694,True,2.1758224420520555e-06
159.047309694,9.454370385278567,9.454372084282522,9.494850588549141,150.4398546784702,-0.11756592159385672,-0.5366334418495035,0.011711706024653669,MODEL_ONLY,DUPLICATE_OR_OLD,DUPLICATE_OR_OLD,-0.04048020327057422,-0.04047850426661981,153.697309694,False,
159.097309694,9.427845679614672,9.427847462263472,9.476413250550836,150.91413627444754,-0.08744978619133731,-0.5367050537371151,0.006256322980355092,FUSED,ACCEPTED,ACCEPTED,-0.04856757093616437,-0.04856578828736424,153.697309694,True,1.8327004508572609e-06
159.147309694,9.394022621507093,9.394024404155893,9.442590192443257,151.3871113605225,-0.08744978619133731,-0.5367681055933536,0.01125632298035623,MODEL_ONLY,DUPLICATE_OR_OLD,DUPLICATE_OR_OLD,-0.04856757093616437,-0.04856578828736424,153.697309694,False,
159.197309694,9.365581050013587,9.36558212839985,9.409889149269253,151.85842334406544,-0.08536592201698759,-0.5368236206301403,0.006191393590229256,FUSED,ACCEPTED,ACCEPTED,-0.04430809925566592,-0.04430702086940208,153.697309694,True,6.451625040315712e-07
159.247309694,9.326332439767077,9.32633294864643,9.354240271844956,152.32752657959313,-0.11075606829323828,-0.5368724997511256,0.005281103171708577,FUSED,ACCEPTED,ACCEPTED,-0.02790783207787939,-0.027907323198526512,153.697309694,True,0.0
159.297309694,9.291336696025487,9.29133720490484,9.319244528103367,152.79436369959194,-0.11075606829323828,-0.5369155361716449,0.010281103171709714,MODEL_ONLY,DUPLICATE_OR_OLD,DUPLICATE_OR_OLD,-0.02790783207787939,-0.027907323198526512,153.697309694,False,
159.347309694,9.23656989100837,9.236570092296798,9.264394006083585,153.25895466294645,-0.16115282749123722,-0.5369534282910974,0.006044476409086862,FUSED,ACCEPTED,ACCEPTED,-0.027824115075214095,-0.02782391378678639,153.697309694,True,0.0
159.397309694,9.199050746564131,9.199050947852559,9.226874861639345,153.72123638463964,-0.16115282749123722,-0.5369867910266428,0.011044476409087999,MODEL_ONLY,DUPLICATE_OR_OLD,DUPLICATE_OR_OLD,-0.027824115075214095,-0.02782391378678639,153.697309694,False,
159.447309694,9.17146626203076,9.17146633931718,9.189410264646181,154.18164351279688,-0.10611823143258914,-0.5370161657921391,0.006160414268681498,FUSED,ACCEPTED,ACCEPTED,-0.01794400261542073,-0.017943925329001686,153.697309694,True,0.0
159.497309694,9.136696085476592,9.13669616276301,9.154640088092012,154.6402447716152,-0.10611823143258914,-0.5370420292842615,0.011160414268679794,MODEL_ONLY,DUPLICATE_OR_OLD,DUPLICATE_OR_OLD,-0.01794400261542073,-0.017943925329001686,153.697309694,False,
159.547309694,9.101924770325699,9.101924847612118,9.11986877294112,155.09710749314112,-0.10611823143258914,-0.5370648012183846,0.01616041426868093,MODEL_ONLY,DUPLICATE_OR_OLD,DUPLICATE_OR_OLD,-0.01794400261542073,-0.017943925329001686,153.697309694,False,
159.597309694,9.083166487253974,9.083166916761138,9.126575733789867,155.55326860580925,-0.07574659596096572,-0.5370848511397663,0.006790800047208789,FUSED,ACCEPTED,ACCEPTED,-0.04340924653589262,-0.043408817028728564,153.697309694,True,5.959598331148341e-07
159.647309694,9.051649389910798,9.051649587015614,9.080120092578378,156.00843600146857,-0.08796011646752447,-0.5371025044205653,0.005410907365339994,FUSED,ACCEPTED,ACCEPTED,-0.028470702667579673,-0.02847050556276365,153.697309694,True,0.0
159.697309694,9.017783318192077,9.017783515296893,9.046254020859656,156.46159535430462,-0.08796011646752447,-0.5371180475400137,0.010410907365341131,MODEL_ONLY,DUPLICATE_OR_OLD,DUPLICATE_OR_OLD,-0.028470702667579673,-0.02847050556276365,153.697309694,False,
159.747309694,8.983916562213704,8.98391675931852,9.012387264881283,156.913061386448,-0.08796011646752447,-0.5371317327334313,0.015410907365339427,MODEL_ONLY,DUPLICATE_OR_OLD,DUPLICATE_OR_OLD,-0.028470702667579673,-0.02847050556276365,153.697309694,False,
159.797309694,8.942626242188355,8.942626499361074,8.985532360794805,157.36300937709,-0.11014864178945015,-0.5371437820855255,0.006711706138897704,FUSED,ACCEPTED,ACCEPTED,-0.04290611860644944,-0.04290586143373076,153.697309694,True,2.866020331199204e-07
159.847309694,8.917530809434613,8.917530927883488,8.943259292379114,157.8112291684192,-0.06770749106032983,-0.5371543911344048,0.005394189689180972,FUSED,ACCEPTED,ACCEPTED,-0.025728482944501252,-0.025728364495625655,153.697309694,True,0.0
159.897309694,8.884675084761012,8.884675203209888,8.910403567705513,158.25757073992142,-0.06770749106032983,-0.537163732044791,0.010394189689182109,MODEL_ONLY,DUPLICATE_OR_OLD,DUPLICATE_OR_OLD,-0.025728482944501252,-0.025728364495625655,153.697309694,False,
159.947309694,8.851818948869555,8.85181906731843,8.877547431814056,158.70226951490952,-0.06770749106032983,-0.5371719564019256,0.015394189689183246,MODEL_ONLY,DUPLICATE_OR_OLD,DUPLICATE_OR_OLD,-0.025728482944501252,-0.025728364495625655,153.697309694,False,
159.997309694,8.818962450914638,8.818962569363514,8.84469093385914,159.1453254740512,-0.06770749106032983,-0.5371791976715109,0.020394189689181542,MODEL_ONLY,DUPLICATE_OR_OLD,DUPLICATE_OR_OLD,-0.025728482944501252,-0.025728364495625655,153.697309694,False,
160.047309694,8.786105634174996,8.786105752623872,8.811834117119497,159.58673860032576,-0.06770749106032983,-0.5371855733656045,0.02539418968918268,MODEL_ONLY,DUPLICATE_OR_OLD,DUPLICATE_OR_OLD,-0.025728482944501252,-0.025728364495625655,153.697309694,False,
160.097309694,8.746689935302971,8.74669001477092,8.783652350509255,160.02662576201632,-0.09697641772984719,-0.5371911869496171,0.007524396434995611,FUSED,ACCEPTED,ACCEPTED,-0.036962415206284405,-0.03696233573833574,153.697309694,True,6.664282461987803e-08
160.147309694,8.712369144422066,8.712369223890015,8.74933155962835,160.46495035976986,-0.09697641772984719,-0.5371961295213598,0.012524396434996747,MODEL_ONLY,DUPLICATE_OR_OLD,DUPLICATE_OR_OLD,-0.036962415206284405,-0.03696233573833574,153.697309694,False,
160.197309694,8.67563122651018,8.675631266166336,8.712612947165923,160.9014989724398,-0.09666436427558728,-0.5372004812893882,0.006366859479147461,FUSED,ACCEPTED,ACCEPTED,-0.03698172065574212,-0.03698168099958643,153.697309694,True,1.69382300338472e-08
160.247309694,8.641325629134345,8.6413256687905,8.678307349790087,161.33627197986357,-0.09666436427558728,-0.5372043128746357,0.011366859479145756,MODEL_ONLY,DUPLICATE_OR_OLD,DUPLICATE_OR_OLD,-0.03698172065574212,-0.03698168099958643,153.697309694,False,
160.297309694,8.606537067544592,8.606537095017606,8.644386308775829,161.7693393213278,-0.09560160591964223,-0.5372076864564563,0.006207360225092856,FUSED,ACCEPTED,ACCEPTED,-0.03784924123123723,-0.037849213758223144,153.697309694,True,2.0029228532669752e-08
160.347309694,8.55945845680369,8.55945846975816,8.591045028883038,162.20022510476912,-0.14054533433466415,-0.5372106567816782,0.005284655943096276,FUSED,ACCEPTED,ACCEPTED,-0.03158657207934823,-0.031586559124876956,153.697309694,True,0.0
160.397309694,8.522958362965959,8.52295837592043,8.554544935045307,162.6288648538674,-0.14054533433466415,-0.5372132720530406,0.010284655943097413,MODEL_ONLY,DUPLICATE_OR_OLD,DUPLICATE_OR_OLD,-0.03158657207934823,-0.031586559124876956,153.697309694,False,
160.447309694,8.486458153995308,8.48645816694978,8.518044726074656,163.0556795953955,-0.14054533433466415,-0.5372155747114324,0.01528465594309855,MODEL_ONLY,DUPLICATE_OR_OLD,DUPLICATE_OR_OLD,-0.03158657207934823,-0.031586559124876956,153.697309694,False,
160.497309694,8.457621779197495,8.457621802451053,8.49933221394937,163.48111401889597,-0.09698393160725316,-0.5372176021246278,0.006697997818172533,FUSED,ACCEPTED,ACCEPTED,-0.04171043475187375,-0.041710411498316446,153.697309694,True,2.833083478231968e-08
160.547309694,8.439325819831678,8.439325830548594,8.466692257676574,163.9052646306867,-0.05467145080312427,-0.5372193871936938,0.005391279838905568,FUSED,ACCEPTED,ACCEPTED,-0.02736643784489523,-0.027366427127979875,153.697309694,True,0.0
160.597309694,8.40711903582885,8.407119046545766,8.434485473673746,164.32779407397032,-0.05467145080312427,-0.5372209588869122,0.010391279838903863,MODEL_ONLY,DUPLICATE_OR_OLD,DUPLICATE_OR_OLD,-0.02736643784489523,-0.027366427127979875,153.697309694,False,
160.647309694,8.370818233083945,8.37081823730465,8.392542619070126,164.74846977628903,-0.09366255197450421,-0.5372223427098803,0.006061640034119979,FUSED,ACCEPTED,ACCEPTED,-0.02172438598618065,-0.021724381765475087,153.697309694,True,0.0
160.697309694,8.336661763910904,8.33666176813161,8.358386149897084,165.1672429955133,-0.09366255197450421,-0.5372235611194175,0.011061640034121117,MODEL_ONLY,DUPLICATE_OR_OLD,DUPLICATE_OR_OLD,-0.02172438598618065,-0.021724381765475087,153.697309694,False,
160.747309694,8.302505241099453,8.302505245320159,8.324229627085634,165.58430838993772,-0.09366255197450421,-0.5372246338879975,0.01606164003411941,MODEL_ONLY,DUPLICATE_OR_OLD,DUPLICATE_OR_OLD,-0.02172438598618065,-0.021724381765475087,153.697309694,False,
160.797309694,8.256540933114739,8.256540952439066,8.299688545559606,165.99990634425393,-0.11842563430431427,-0.5372255784246175,0.006780594975340899,FUSED,ACCEPTED,ACCEPTED,-0.043147612444867534,-0.043147593120540506,153.697309694,True,2.6495478200327938e-08
160.847309694,8.221146167378333,8.22114618670266,8.2642937798232,166.41400590238837,-0.11842563430431427,-0.5372264100573138,0.011780594975339193,MODEL_ONLY,DUPLICATE_OR_OLD,DUPLICATE_OR_OLD,-0.043147612444867534,-0.043147593120540506,153.697309694,False,
160.897309694,8.196015928734518,8.19601594424894,8.242328566659422,166.82667146105052,-0.0754796754184921,-0.537227142281906,0.0062659530121686865,FUSED,ACCEPTED,ACCEPTED,-0.046312637924904365,-0.04631262241048262,153.697309694,True,1.3243996621614684e-08
160.947309694,8.162885552864507,8.162885560159934,8.18752326546687,167.23741775685377,-0.09131419485010867,-0.5372277869810093,0.00529764784381997,FUSED,ACCEPTED,ACCEPTED,-0.024637712602363138,-0.024637705306936653,153.697309694,True,0.0
160.997309694,8.128846261872834,8.12884626916826,8.153483974475197,167.6459429378522,-0.09131419485010867,-0.537228354616866,0.010297647843818265,MODEL_ONLY,DUPLICATE_OR_OLD,DUPLICATE_OR_OLD,-0.024637712602363138,-0.024637705306936653,153.697309694,False,
161.047309694,8.089952497086928,8.089952499970765,8.107164738054472,168.05245915566553,-0.10596316758983351,-0.5372288544011284,0.0060470633231448235,FUSED,ACCEPTED,ACCEPTED,-0.01721224096754348,-0.01721223808370631,153.697309694,True,0.0
161.097309694,8.055180710466894,8.055180713350731,8.072392951434438,168.45694809790263,-0.10596316758983351,-0.5372292944443464,0.01104706332314312,MODEL_ONLY,DUPLICATE_OR_OLD,DUPLICATE_OR_OLD,-0.01721224096754348,-0.01721223808370631,153.697309694,False,
161.147309694,8.032241881360255,8.032241882467419,8.04064307709394,168.85977399861594,-0.0654618496773017,-0.5372296818875858,0.0061607956045031595,FUSED,ACCEPTED,ACCEPTED,-0.008401195733684474,-0.008401194626520336,153.697309694,True,0.0
161.197309694,7.9994951242071295,7.999495125314294,8.007896319940814,169.2609874835419,-0.0654618496773017,-0.5372300230183149,0.011160795604504297,MODEL_ONLY,DUPLICATE_OR_OLD,DUPLICATE_OR_OLD,-0.008401195733684474,-0.008401194626520336,153.697309694,False,
161.247309694,7.9667483520363165,7.966748353143481,7.975149547770001,169.66056363023452,-0.0654618496773017,-0.5372303233724377,0.016160795604502592,MODEL_ONLY,DUPLICATE_OR_OLD,DUPLICATE_OR_OLD,-0.008401195733684474,-0.008401194626520336,153.697309694,False,
161.297309694,7.9340015666429,7.934001567750064,7.9424027623765845,170.05850243798827,-0.0654618496773017,-0.5372305878241315,0.021160795604503728,MODEL_ONLY,DUPLICATE_OR_OLD,DUPLICATE_OR_OLD,-0.008401195733684474,-0.008401194626520336,153.697309694,False,
161.347309694,7.901254769607462,7.901254770714626,7.9096559653411465,170.45480390618107,-0.0654618496773017,-0.5372308206649451,0.026160795604502022,MODEL_ONLY,DUPLICATE_OR_OLD,DUPLICATE_OR_OLD,-0.008401195733684474,-0.008401194626520336,153.697309694,False,
161.397309694,7.848356266053258,7.848356267910557,7.880262465957378,170.84955186696362,-0.12209369629204408,-0.5372310256734429,0.007570503715213427,FUSED,ACCEPTED,ACCEPTED,-0.03190619990411925,-0.03190619804682093,153.697309694,True,2.0980286744021193e-09
161.447309694,7.818266069710544,7.818266070533432,7.843598939659971,171.24264840210415,-0.08569459512006461,-0.5372312061765238,0.005569438712500203,FUSED,ACCEPTED,ACCEPTED,-0.02533286994942685,-0.025332869126539315,153.697309694,True,0.0
161.497309694,7.784507608181045,7.784507609003932,7.8098404781304716,171.6339843875488,-0.08569459512006461,-0.5372313651034097,0.010569438712498498,MODEL_ONLY,DUPLICATE_OR_OLD,DUPLICATE_OR_OLD,-0.02533286994942685,-0.025332869126539315,153.697309694,False,
161.547309694,7.760708362998131,7.760708363319956,7.7781311242685085,172.02368367760886,-0.06601494346970128,-0.5372315050331826,0.006089081143923784,FUSED,ACCEPTED,ACCEPTED,-0.01742276127037723,-0.017422760948552884,153.697309694,True,0.0
161.597309694,7.727933870894488,7.727933871216313,7.7453566321648655,172.41177087151956,-0.06601494346970128,-0.537231628236637,0.01108908114392208,MODEL_ONLY,DUPLICATE_OR_OLD,DUPLICATE_OR_OLD,-0.01742276127037723,-0.017422760948552884,153.697309694,False,
161.647309694,7.705263419702028,7.705263419825385,7.722577273479802,172.79846921916078,-0.0484266510772349,-0.5372317367131308,0.006166978842668347,FUSED,ACCEPTED,ACCEPTED,-0.017313853777773502,-0.017313853654417066,153.697309694,True,0.0
161.697309694,7.67336833201867,7.673368332142027,7.690682185796444,173.18380070564277,-0.0484266510772349,-0.537231832223032,0.011166978842669484,MODEL_ONLY,DUPLICATE_OR_OLD,DUPLICATE_OR_OLD,-0.017313853777773502,-0.017313853654417066,153.697309694,False,
161.747309694,7.641473240130668,7.641473240254024,7.658787093908441,173.56753743763525,-0.0484266510772349,-0.5372319163162845,0.016166978842667778,MODEL_ONLY,DUPLICATE_OR_OLD,DUPLICATE_OR_OLD,-0.017313853777773502,-0.017313853654417066,153.697309694,False,
161.797309694,7.5877228584490926,7.587722859612097,7.6246183960840455,173.94962257488515,-0.11871254707900442,-0.5372319903575624,0.006791475987942221,FUSED,ACCEPTED,ACCEPTED,-0.0368955376349529,-0.0368955364719481,153.697309694,True,1.6541710709527813e-09
161.847309694,7.55707882653203,7.557078827065728,7.576450006853355,174.32964928495846,-0.0754863321320681,-0.537232055548415,0.005411049712495824,FUSED,ACCEPTED,ACCEPTED,-0.019371180321324566,-0.019371179787627035,153.697309694,True,0.0
161.897309694,7.523830740759744,7.523830741293441,7.543201921081068,174.70764058315692,-0.0754863321320681,-0.5372321129467661,0.010411049712496961,MODEL_ONLY,DUPLICATE_OR_OLD,DUPLICATE_OR_OLD,-0.019371180321324566,-0.019371179787627035,153.697309694,False,
161.947309694,7.48867372827533,7.488673728485356,7.499680207697604,175.08371263637648,-0.08904310184459001,-0.5372321634840819,0.0060647040900944655,FUSED,ACCEPTED,ACCEPTED,-0.011006479422273507,-0.011006479212247733,153.697309694,True,0.0
161.997309694,7.454747799265751,7.4547477994757765,7.465754278688024,175.45784849853598,-0.08904310184459001,-0.5372322079804871,0.011064704090092761,MODEL_ONLY,DUPLICATE_OR_OLD,DUPLICATE_OR_OLD,-0.011006479422273507,-0.011006479212247733,153.697309694,False,
162.047309694,7.421112235060487,7.421112235141065,7.43218352955294,175.8302969437421,-0.08571195572031345,-0.5372322471580739,0.006163394003847303,FUSED,ACCEPTED,ACCEPTED,-0.01107129449245381,-0.011071294411875598,153.697309694,True,0.0
162.097309694,7.3873528596735145,7.387352859754093,7.398424154165968,176.20106213583495,-0.08571195572031345,-0.5372322816526203,0.011163394003845598,MODEL_ONLY,DUPLICATE_OR_OLD,DUPLICATE_OR_OLD,-0.01107129449245381,-0.011071294411875598,153.697309694,False,
162.147309694,7.358845336738371,7.358845336769169,7.366603196195924,176.57018781959408,-0.07084279018164014,-0.537232312023907,0.006177865915053022,FUSED,ACCEPTED,ACCEPTED,-0.007757859457552918,-0.007757859426755331,153.697309694,True,0.0
162.197309694,7.325829416772704,7.325829416803502,7.333587276230257,176.93769258140483,-0.07084279018164014,-0.5372323387648025,0.01117786591505416,MODEL_ONLY,DUPLICATE_OR_OLD,DUPLICATE_OR_OLD,-0.007757859457552918,-0.007757859426755331,153.697309694,False,
162.247309694,7.292352115299855,7.292352115330653,7.300109974757408,177.3035350126794,-0.07084279018164014,-0.5464599689088208,0.016177865915052454,MODEL_ONLY,DUPLICATE_OR_OLD,DUPLICATE_OR_OLD,-0.007757859457552918,-0.007757859426755331,153.697309694,False,
162.297309694,7.258468582942236,7.258468582973034,7.266226442399789,177.6676934231084,-0.07084279018164014,-0.5545845866038454,0.021177865915053593,MODEL_ONLY,DUPLICATE_OR_OLD,DUPLICATE_OR_OLD,-0.007757859457552918,-0.007757859426755331,153.697309694,False,
162.347309694,7.224227377966315,7.224227377997113,7.231985237423868,178.03014871510388,-0.07084279018164014,-0.5617380389702713,0.026177865915051887,MODEL_ONLY,DUPLICATE_OR_OLD,DUPLICATE_OR_OLD,-0.007757859457552918,-0.007757859426755331,153.697309694,False,
162.397309694,7.205723669000218,7.205754740507001,7.237181348295876,178.39187787974694,-0.035148523694141606,-0.5680364129590092,0.007571510864446138,FUSED,ACCEPTED,ACCEPTED,-0.03145767929565846,-0.03142660778887496,153.697309694,True,4.103738323903844e-05
162.447309694,7.1628965695381615,7.162910335345408,7.185867007674296,178.7524540886463,-0.08017492719649624,-0.5735819192222747,0.005569636405797209,FUSED,ACCEPTED,ACCEPTED,-0.02297043813613442,-0.02295667232888743,153.697309694,True,0.0
162.497309694,7.12735243212009,7.127366197927337,7.1503228702562245,179.11085883559443,-0.08017492719649624,-0.5784645507984386,0.010569636405795505,MODEL_ONLY,DUPLICATE_OR_OLD,DUPLICATE_OR_OLD,-0.02297043813613442,-0.02295667232888743,153.697309694,False,
162.547309694,7.108886557393327,7.108891941047216,7.126826292939955,179.4677875646744,-0.012055556555416388,-0.5827635435281918,0.00608911138144577,FUSED,ACCEPTED,ACCEPTED,-0.0179397355466282,-0.017934351892739286,153.697309694,True,0.0
162.597309694,7.076344182952141,7.07634956660603,7.094283918498769,179.82331531996024,-0.012055556555416388,-0.5865486619017903,0.011089111381444066,MODEL_ONLY,DUPLICATE_OR_OLD,DUPLICATE_OR_OLD,-0.0179397355466282,-0.017934351892739286,153.697309694,False,
162.647309694,7.0311065027800685,7.031108566343603,7.0462948680820086,180.17682978962483,-0.0709895248994327,-0.589881331204302,0.006166983285175408,FUSED,ACCEPTED,ACCEPTED,-0.01518836530194001,-0.015186301738405739,153.697309694,True,0.0
162.697309694,6.995304081300184,6.995306144863719,7.010492446602124,180.528249472492,-0.0709895248994327,-0.5928156343313499,0.011166983285176544,MODEL_ONLY,DUPLICATE_OR_OLD,DUPLICATE_OR_OLD,-0.01518836530194001,-0.015186301738405739,153.697309694,False,
162.747309694,6.959372482064296,6.95937454562783,6.974560847366236,180.8778758048411,-0.0709895248994327,-0.5953991894518383,0.016166983285174838,MODEL_ONLY,DUPLICATE_OR_OLD,DUPLICATE_OR_OLD,-0.01518836530194001,-0.015186301738405739,153.697309694,False,
162.797309694,6.891165694376634,6.891179674538286,6.924739772161823,181.22535832032938,-0.13878832076609215,-0.5976739227604332,0.006791476445281658,FUSED,ACCEPTED,ACCEPTED,-0.03357407778518873,-0.03356009762353729,153.697309694,True,1.9609966313109684e-05
162.847309694,6.849906042453025,6.849912457879573,6.8792797881459125,181.57045880933694,-0.10891640627285706,-0.5996767488600933,0.005411049808804486,FUSED,ACCEPTED,ACCEPTED,-0.029373745692887532,-0.02936733026633931,153.697309694,True,0.0
162.897309694,6.811776050130236,6.811782465556784,6.8411497958231235,181.91346954893623,-0.10891640627285706,-0.601440169816004,0.010411049808805624,MODEL_ONLY,DUPLICATE_OR_OLD,DUPLICATE_OR_OLD,-0.029373745692887532,-0.02936733026633931,153.697309694,False,
162.947309694,6.773568426168128,6.773574841594677,6.802942171861016,182.25457184812842,-0.10891640627285706,-0.6029928026023808,0.01541104980880676,MODEL_ONLY,DUPLICATE_OR_OLD,DUPLICATE_OR_OLD,-0.029373745692887532,-0.02936733026633931,153.697309694,False,
162.997309694,6.743355037691626,6.743372449620794,6.787272771365767,182.59432722170897,-0.0859486410264641,-0.6043598435016342,0.006711721541061482,FUSED,ACCEPTED,ACCEPTED,-0.043917733674140536,-0.043900321744972715,153.697309694,True,2.2799453436125883e-05
163.047309694,6.706167268272347,6.706184680201515,6.750085001946488,182.93276116604184,-0.0859486410264641,-0.6055634769922001,0.01171172154106262,MODEL_ONLY,DUPLICATE_OR_OLD,DUPLICATE_OR_OLD,-0.043917733674140536,-0.043900321744972715,153.697309694,False,
163.097309694,6.661123726263896,6.661149273947173,6.714238164077316,183.26936924519234,-0.1184998973383731,-0.6066232357605015,0.006256325154996795,FUSED,ACCEPTED,ACCEPTED,-0.05311443781342007,-0.05308889013014273,153.697309694,True,3.0415975325680245e-05
163.147309694,6.609596259278132,6.609608278139855,6.638187210068006,183.60317987954605,-0.14786287036163123,-0.607556317679371,0.005295517956616912,FUSED,ACCEPTED,ACCEPTED,-0.028590950789873837,-0.028578931928151086,153.697309694,True,0.0
