t,base_v,candidate_v,inner_v,inner_s,disturbance,drive_a,pv,mode,front_status,rear_status,base_correction,correction,blocked_until,update,increment_delta
42.820133437,0.0,0.0,0.0,0.0,0.0,0.0,1.0,WAITING_FOR_INITIALIZATION,MISSING_OR_STALE,MISSING_OR_STALE,0.0,0.0,,False,
42.870133437,0.0,0.0,0.0,0.0,0.0,0.0,1.0,WAITING_FOR_INITIALIZATION,MISSING_OR_STALE,MISSING_OR_STALE,0.0,0.0,,False,
42.920133437000004,0.0,0.0,0.0,0.0,0.0,0.0,0.010000000000000002,INITIALIZED,ACCEPTED,ACCEPTED,0.0,0.0,,False,
42.970133437,0.0,0.0,0.0,0.0,0.0,0.0,0.014999999999999718,MODEL_ONLY,DUPLICATE_OR_OLD,DUPLICATE_OR_OLD,0.0,0.0,,False,
43.020133437000005,0.0,0.0,0.0,0.0,0.0,0.0,0.006666666666666684,FUSED,ACCEPTED,ACCEPTED,0.0,0.0,,True,0.0
43.070133437,0.0,0.0,0.0,0.0,0.0,0.0,0.0116666666666664,MODEL_ONLY,DUPLICATE_OR_OLD,DUPLICATE_OR_OLD,0.0,0.0,,False,
43.120133437,0.0,0.0,0.0,0.0,0.0,0.0,0.006249999999999923,FUSED,ACCEPTED,ACCEPTED,0.0,0.0,,True,0.0
43.170133437000004,0.0,0.0,0.0,0.0,0.0,0.0,0.01125000000000035,MODEL_ONLY,DUPLICATE_OR_OLD,DUPLICATE_OR_OLD,0.0,0.0,,False,
43.220133437,0.0,0.0,0.0,0.0,0.0,0.0,0.006190476190476201,FUSED,ACCEPTED,ACCEPTED,0.0,0.0,,True,0.0
43.270133437000005,0.0,0.0,0.0,0.0,0.0,0.0,0.011190476190476629,MODEL_ONLY,DUPLICATE_OR_OLD,DUPLICATE_OR_OLD,0.0,0.0,,False,
43.320133437,0.0,0.0,0.0,0.0,0.0,0.0,0.006181818181818205,FUSED,ACCEPTED,ACCEPTED,0.0,0.0,,True,0.0
43.370133437,0.0,0.0,0.0,0.0,0.0,0.0,0.011181818181817921,MODEL_ONLY,DUPLICATE_OR_OLD,DUPLICATE_OR_OLD,0.0,0.0,,False,
43.420133437000004,0.0,0.0,0.0,0.0,0.0,0.0,0.006180555555555581,FUSED,ACCEPTED,ACCEPTED,0.0,0.0,,True,0.0
43.470133437,0.0,0.0,0.0,0.0,0.0,0.0,0.011180555555555298,STOPPED,DUPLICATE_OR_OLD,DUPLICATE_OR_OLD,0.0,0.0,43.970133437,False,
43.520133437000005,0.0,0.0,0.0,0.0,0.0,0.0,0.006180371352785171,STOPPED,ACCEPTED,ACCEPTED,0.0,0.0,44.020133437000005,False,
43.570133437,0.0,0.0,0.0,0.0,0.0,0.0,0.011180371352784888,STOPPED,DUPLICATE_OR_OLD,DUPLICATE_OR_OLD,0.0,0.0,44.070133437,False,
43.620133437,0.0,0.0,0.0,0.0,0.0,0.0,0.006180344478216741,STOPPED,ACCEPTED,ACCEPTED,0.0,0.0,44.120133437,False,
43.670133437000004,0.0,0.0,0.0,0.0,0.0,0.0,0.011180344478217169,STOPPED,DUPLICATE_OR_OLD,DUPLICATE_OR_OLD,0.0,0.0,44.170133437000004,False,
43.720133437,0.0,0.0,0.0,0.0,0.0,0.0,0.006180340557275552,STOPPED,ACCEPTED,ACCEPTED,0.0,0.0,44.220133437,False,
43.770133437000005,0.0,0.0,0.0,0.0,0.0,0.0,0.01118034055727598,STOPPED,DUPLICATE_OR_OLD,DUPLICATE_OR_OLD,0.0,0.0,44.270133437000005,False,
43.820133437,0.0,0.0,0.0,0.0,0.0,0.0,0.006180339985218057,STOPPED,ACCEPTED,ACCEPTED,0.0,0.0,44.320133437,False,
43.870133437,0.0,0.0,0.0,0.0,0.0,0.0,0.011180339985217773,STOPPED,DUPLICATE_OR_OLD,DUPLICATE_OR_OLD,0.0,0.0,44.370133437,False,
43.920133437000004,0.0,0.0,0.0,0.0,0.0,0.0,0.006180339901755996,STOPPED,ACCEPTED,ACCEPTED,0.0,0.0,44.420133437000004,False,
43.970133437,0.0,0.0,0.0,0.0,0.0,0.0,0.011180339901755713,STOPPED,DUPLICATE_OR_OLD,DUPLICATE_OR_OLD,0.0,0.0,44.470133437,False,
44.020133437000005,0.0,0.0,0.0,0.0,0.0,0.0,0.006180339889579046,STOPPED,ACCEPTED,ACCEPTED,0.0,0.0,44.520133437000005,False,
44.070133437,0.0,0.0,0.0,0.0,0.0,0.0,0.011180339889578762,STOPPED,DUPLICATE_OR_OLD,DUPLICATE_OR_OLD,0.0,0.0,44.570133437,False,
44.120133437,0.0,0.0,0.0,0.0,0.0,0.0,0.006180339887802349,STOPPED,ACCEPTED,ACCEPTED,0.0,0.0,44.620133437,False,
44.170133437000004,0.0,0.0,0.0,0.0,0.0,0.0,0.011180339887802777,STOPPED,DUPLICATE_OR_OLD,DUPLICATE_OR_OLD,0.0,0.0,44.670133437000004,False,
44.220133437,0.0,0.0,0.0,0.0,0.0,0.0,0.006180339887543235,STOPPED,ACCEPTED,ACCEPTED,0.0,0.0,44.720133437,False,
44.270133437000005,0.0,0.0,0.0,0.0,0.0,0.0,0.011180339887543661,STOPPED,DUPLICATE_OR_OLD,DUPLICATE_OR_OLD,0.0,0.0,44.770133437000005,False,
44.320133437,0.0,0.0,0.0,0.0,0.0,0.0,0.006180339887505432,STOPPED,ACCEPTED,ACCEPTED,0.0,0.0,44.820133437,False,
44.370133437,0.0,0.0,0.0,0.0,0.0,0.0,0.011180339887505148,STOPPED,DUPLICATE_OR_OLD,DUPLICATE_OR_OLD,0.0,0.0,44.870133437,False,
44.420133437000004,0.0,0.0,0.0,0.0,0.0,0.0,0.0061803398874999155,STOPPED,ACCEPTED,ACCEPTED,0.0,0.0,44.920133437000004,False,
44.470133437,0.0,0.0,0.0,0.0,0.0,0.0,0.011180339887499632,STOPPED,DUPLICATE_OR_OLD,DUPLICATE_OR_OLD,0.0,0.0,44.970133437,False,
44.520133437000005,0.0,0.0,0.0,0.0,0.0,0.0,0.006180339887499111,STOPPED,ACCEPTED,ACCEPTED,0.0,0.0,45.020133437000005,False,
44.570133437,0.0,0.0,0.0,0.0,0.0,0.0,0.011180339887498827,STOPPED,DUPLICATE_OR_OLD,DUPLICATE_OR_OLD,0.0,0.0,45.070133437,False,
44.620133437,0.0,0.0,0.0,0.0,0.0,0.0,0.00618033988749889,STOPPED,ACCEPTED,ACCEPTED,0.0,0.0,45.120133437,False,
44.670133437000004,0.0,0.0,0.0,0.0,0.0,0.0,0.011180339887499318,STOPPED,DUPLICATE_OR_OLD,DUPLICATE_OR_OLD,0.0,0.0,45.170133437000004,False,
44.720133437,0.0,0.0,0.0,0.0,0.0,0.0,0.0061803398874989614,STOPPED,ACCEPTED,ACCEPTED,0.0,0.0,45.220133437,False,
44.770133437000005,0.0,0.0,0.0,0.0,0.0,0.0,0.011180339887499387,STOPPED,DUPLICATE_OR_OLD,DUPLICATE_OR_OLD,0.0,0.0,45.270133437000005,False,
44.820133437,0.0,0.0,0.0,0.0,0.0,0.0,0.006180339887498972,STOPPED,ACCEPTED,ACCEPTED,0.0,0.0,45.320133437,False,
44.870133437,0.0,0.0,0.0,0.0,0.0,0.0,0.011180339887498688,STOPPED,DUPLICATE_OR_OLD,DUPLICATE_OR_OLD,0.0,0.0,45.370133437,False,
44.920133437000004,0.0,0.0,0.0,0.0,0.0,0.0,0.006180339887498974,STOPPED,ACCEPTED,ACCEPTED,0.0,0.0,45.420133437000004,False,
44.970133437,0.0,0.0,0.0,0.0,0.0,0.0,0.01118033988749869,STOPPED,DUPLICATE_OR_OLD,DUPLICATE_OR_OLD,0.0,0.0,45.470133437,False,
45.020133437000005,0.0,0.0,0.0,0.0,0.0,0.0,0.006180339887498974,STOPPED,ACCEPTED,ACCEPTED,0.0,0.0,45.520133437000005,False,
45.070133437,0.0,0.0,0.0,0.0,0.0,0.0,0.01118033988749869,STOPPED,DUPLICATE_OR_OLD,DUPLICATE_OR_OLD,0.0,0.0,45.570133437,False,
45.120133437,0.0,0.0,0.0,0.0,0.0,0.0,0.0061803398874988695,STOPPED,ACCEPTED,ACCEPTED,0.0,0.0,45.620133437,False,
45.170133437000004,0.0,0.0,0.0,0.0,0.0,0.0,0.011180339887499297,STOPPED,DUPLICATE_OR_OLD,DUPLICATE_OR_OLD,0.0,0.0,45.670133437000004,False,
45.220133437,0.0,0.0,0.0,0.0,0.0,0.0,0.006180339887498959,STOPPED,ACCEPTED,ACCEPTED,0.0,0.0,45.720133437,False,
45.270133437000005,0.0,0.0,0.0,0.0,0.0,0.0,0.011180339887499386,STOPPED,DUPLICATE_OR_OLD,DUPLICATE_OR_OLD,0.0,0.0,45.770133437000005,False,
45.320133437,0.0,0.0,0.0,0.0,0.0,0.0,0.006180339887498972,STOPPED,ACCEPTED,ACCEPTED,0.0,0.0,45.820133437,False,
45.370133437,0.0,0.0,0.0,0.0,0.0,0.0,0.011180339887498688,STOPPED,DUPLICATE_OR_OLD,DUPLICATE_OR_OLD,0.0,0.0,45.870133437,False,
45.420133437000004,0.0,0.0,0.0,0.0,0.0,0.0,0.006180339887498974,STOPPED,ACCEPTED,ACCEPTED,0.0,0.0,45.920133437000004,False,
45.470133437,0.0,0.0,0.0,0.0,0.0,0.0,0.01118033988749869,STOPPED,DUPLICATE_OR_OLD,DUPLICATE_OR_OLD,0.0,0.0,45.970133437,False,
45.520133437000005,0.0,0.0,0.0,0.0,0.0,0.0,0.006180339887498974,STOPPED,ACCEPTED,ACCEPTED,0.0,0.0,46.020133437000005,False,
45.570133437,0.0,0.0,0.0,0.0,0.0,0.0,0.01118033988749869,STOPPED,DUPLICATE_OR_OLD,DUPLICATE_OR_OLD,0.0,0.0,46.070133437,False,
45.620133437,0.0,0.0,0.0,0.0,0.0,0.0,0.0061803398874988695,STOPPED,ACCEPTED,ACCEPTED,0.0,0.0,46.120133437,False,
45.670133437000004,0.0,0.0,0.0,0.0,0.0,0.0,0.011180339887499297,STOPPED,DUPLICATE_OR_OLD,DUPLICATE_OR_OLD,0.0,0.0,46.170133437000004,False,
45.720133437,0.0,0.0,0.0,0.0,0.0,0.0,0.006180339887498959,STOPPED,ACCEPTED,ACCEPTED,0.0,0.0,46.220133437,False,
45.770133437000005,0.0,0.0,0.0,0.0,0.0,0.0,0.011180339887499386,STOPPED,DUPLICATE_OR_OLD,DUPLICATE_OR_OLD,0.0,0.0,46.270133437000005,False,
45.820133437,0.0,0.0,0.0,0.0,0.0,0.0,0.006180339887498972,STOPPED,ACCEPTED,ACCEPTED,0.0,0.0,46.320133437,False,
45.870133437,0.0,0.0,0.0,0.0,0.0,0.0,0.011180339887498688,STOPPED,DUPLICATE_OR_OLD,DUPLICATE_OR_OLD,0.0,0.0,46.370133437,False,
45.920133437000004,0.0,0.0,0.0,0.0,0.0,0.0,0.006180339887498974,STOPPED,ACCEPTED,ACCEPTED,0.0,0.0,46.420133437000004,False,
45.970133437,0.0,0.0,0.0,0.0,0.0,0.0,0.01118033988749869,STOPPED,DUPLICATE_OR_OLD,DUPLICATE_OR_OLD,0.0,0.0,46.470133437,False,
46.020133437000005,0.0,0.0,0.0,0.0,0.0,0.0,0.006180339887498974,STOPPED,ACCEPTED,ACCEPTED,0.0,0.0,46.520133437000005,False,
46.070133437,0.0,0.0,0.0,0.0,0.0,0.0,0.01118033988749869,STOPPED,DUPLICATE_OR_OLD,DUPLICATE_OR_OLD,0.0,0.0,46.570133437,False,
46.120133437,0.0,0.0,0.0,0.0,0.0,0.0,0.0061803398874988695,STOPPED,ACCEPTED,ACCEPTED,0.0,0.0,46.620133437,False,
46.170133437000004,0.0,0.0,0.0,0.0,0.0,0.0,0.011180339887499297,STOPPED,DUPLICATE_OR_OLD,DUPLICATE_OR_OLD,0.0,0.0,46.670133437000004,False,
46.220133437,0.0,0.0,0.0,0.0,0.0,0.0,0.006180339887498959,STOPPED,ACCEPTED,ACCEPTED,0.0,0.0,46.720133437,False,
46.270133437000005,0.0,0.0,0.0,0.0,0.0,0.0,0.011180339887499386,STOPPED,DUPLICATE_OR_OLD,DUPLICATE_OR_OLD,0.0,0.0,46.770133437000005,False,
46.320133437,0.0,0.0,0.0,0.0,0.0,0.0,0.006180339887498972,STOPPED,ACCEPTED,ACCEPTED,0.0,0.0,46.820133437,False,
46.370133437,0.0,0.0,0.0,0.0,0.0,0.0,0.011180339887498688,STOPPED,DUPLICATE_OR_OLD,DUPLICATE_OR_OLD,0.0,0.0,46.870133437,False,
46.420133437000004,0.0,0.0,0.0,0.0,0.0,0.0,0.006180339887498974,STOPPED,ACCEPTED,ACCEPTED,0.0,0.0,46.920133437000004,False,
46.470133437,0.0,0.0,0.0,0.0,0.0,0.0,0.01118033988749869,STOPPED,DUPLICATE_OR_OLD,DUPLICATE_OR_OLD,0.0,0.0,46.970133437,False,
46.520133437000005,0.0,0.0,0.0,0.0,0.0,0.0,0.006180339887498974,STOPPED,ACCEPTED,ACCEPTED,0.0,0.0,47.020133437000005,False,
46.570133437,0.0,0.0,0.0,0.0,0.0,0.0,0.01118033988749869,STOPPED,DUPLICATE_OR_OLD,DUPLICATE_OR_OLD,0.0,0.0,47.070133437,False,
46.620133437,0.0,0.0,0.0,0.0,0.0,0.0,0.0061803398874988695,STOPPED,ACCEPTED,ACCEPTED,0.0,0.0,47.120133437,False,
46.670133437000004,0.0,0.0,0.0,0.0,0.0,0.0,0.011180339887499297,STOPPED,DUPLICATE_OR_OLD,DUPLICATE_OR_OLD,0.0,0.0,47.170133437000004,False,
46.720133437,0.0,0.0,0.0,0.0,0.0,0.0,0.006180339887498959,STOPPED,ACCEPTED,ACCEPTED,0.0,0.0,47.220133437,False,
46.770133437000005,0.0,0.0,0.0,0.0,0.0,0.0,0.011180339887499386,STOPPED,DUPLICATE_OR_OLD,DUPLICATE_OR_OLD,0.0,0.0,47.270133437000005,False,
46.820133437,0.0,0.0,0.0,0.0,0.0,0.0,0.006180339887498972,STOPPED,ACCEPTED,ACCEPTED,0.0,0.0,47.320133437,False,
46.870133437,0.0,0.0,0.0,0.0,0.0,0.0,0.011180339887498688,STOPPED,DUPLICATE_OR_OLD,DUPLICATE_OR_OLD,0.0,0.0,47.370133437,False,
46.920133437000004,0.0,0.0,0.0,0.0,0.0,0.0,0.006180339887498974,STOPPED,ACCEPTED,ACCEPTED,0.0,0.0,47.420133437000004,False,
46.970133437,0.0,0.0,0.0,0.0,0.0,0.0,0.01118033988749869,STOPPED,DUPLICATE_OR_OLD,DUPLICATE_OR_OLD,0.0,0.0,47.470133437,False,
47.020133437000005,0.0,0.0,0.0,0.0,0.0,0.0,0.006180339887498974,STOPPED,ACCEPTED,ACCEPTED,0.0,0.0,47.520133437000005,False,
47.070133437,0.0,0.0,0.0,0.0,0.0,0.0,0.01118033988749869,STOPPED,DUPLICATE_OR_OLD,DUPLICATE_OR_OLD,0.0,0.0,47.570133437,False,
47.120133437,0.0,0.0,0.0,0.0,0.0,0.0,0.0061803398874988695,STOPPED,ACCEPTED,ACCEPTED,0.0,0.0,47.620133437,False,
47.170133437000004,0.0,0.0,0.0,0.0,0.0,0.0,0.011180339887499297,STOPPED,DUPLICATE_OR_OLD,DUPLICATE_OR_OLD,0.0,0.0,47.670133437000004,False,
47.220133437,0.0,0.0,0.0,0.0,0.0,0.0,0.006180339887498959,STOPPED,ACCEPTED,ACCEPTED,0.0,0.0,47.720133437,False,
47.270133437000005,0.0,0.0,0.0,0.0,0.0,0.0,0.011180339887499386,STOPPED,DUPLICATE_OR_OLD,DUPLICATE_OR_OLD,0.0,0.0,47.770133437000005,False,
47.320133437,0.0,0.0,0.0,0.0,0.0,0.0,0.006180339887498972,STOPPED,ACCEPTED,ACCEPTED,0.0,0.0,47.820133437,False,
47.370133437,0.0,0.0,0.0,0.0,0.0,0.0,0.011180339887498688,STOPPED,DUPLICATE_OR_OLD,DUPLICATE_OR_OLD,0.0,0.0,47.870133437,False,
47.420133437000004,0.0,0.0,0.0,0.0,0.0,0.0,0.006180339887498974,STOPPED,ACCEPTED,ACCEPTED,0.0,0.0,47.920133437000004,False,
47.470133437,0.0,0.0,0.0,0.0,0.0,0.0,0.01118033988749869,STOPPED,DUPLICATE_OR_OLD,DUPLICATE_OR_OLD,0.0,0.0,47.970133437,False,
47.520133437000005,0.0,0.0,0.0,0.0,0.0,0.0,0.006180339887498974,STOPPED,ACCEPTED,ACCEPTED,0.0,0.0,48.020133437000005,False,
47.570133437,0.0,0.0,0.0,0.0,0.0,0.0,0.01118033988749869,STOPPED,DUPLICATE_OR_OLD,DUPLICATE_OR_OLD,0.0,0.0,48.070133437,False,
47.62013343700001,0.0,0.0,0.0,0.0,0.0,0.0,0.006180339887498974,STOPPED,ACCEPTED,ACCEPTED,0.0,0.0,48.12013343700001,False,
47.670133437000004,0.0,0.0,0.0,0.0,0.0,0.0,0.01118033988749869,STOPPED,DUPLICATE_OR_OLD,DUPLICATE_OR_OLD,0.0,0.0,48.170133437000004,False,
47.720133437,0.0,0.0,0.0,0.0,0.0,0.0,0.0061803398874988695,STOPPED,ACCEPTED,ACCEPTED,0.0,0.0,48.220133437,False,
47.770133437000005,0.0,0.0,0.0,0.0,0.0,0.0,0.011180339887499297,STOPPED,DUPLICATE_OR_OLD,DUPLICATE_OR_OLD,0.0,0.0,48.270133437000005,False,
47.820133437,0.0,0.0,0.0,0.0,0.0,0.0,0.006180339887498959,STOPPED,ACCEPTED,ACCEPTED,0.0,0.0,48.320133437,False,
47.87013343700001,0.0,0.0,0.0,0.0,0.0,0.0,0.011180339887499386,STOPPED,DUPLICATE_OR_OLD,DUPLICATE_OR_OLD,0.0,0.0,48.37013343700001,False,
47.920133437000004,0.0,0.0,0.0,0.0,0.0,0.0,0.006180339887498972,STOPPED,ACCEPTED,ACCEPTED,0.0,0.0,48.420133437000004,False,
47.970133437,0.0,0.0,0.0,0.0,0.0,0.0,0.011180339887498688,STOPPED,DUPLICATE_OR_OLD,DUPLICATE_OR_OLD,0.0,0.0,48.470133437,False,
48.020133437000005,0.0,0.0,0.0,0.0,0.0,0.0,0.006180339887498974,STOPPED,ACCEPTED,ACCEPTED,0.0,0.0,48.520133437000005,False,
48.070133437,0.0,0.0,0.0,0.0,0.0,0.0,0.005278640450004149,STOPPED,ACCEPTED,ACCEPTED,0.0,0.0,48.570133437,False,
48.12013343700001,0.0,0.0,0.0,0.0,0.0,0.0,0.010278640450004576,STOPPED,DUPLICATE_OR_OLD,DUPLICATE_OR_OLD,0.0,0.0,48.62013343700001,False,
48.170133437000004,0.0,0.0,0.0,0.0,0.0,0.0,0.015278640450004292,STOPPED,DUPLICATE_OR_OLD,DUPLICATE_OR_OLD,0.0,0.0,48.670133437000004,False,
48.220133437,0.0,0.0,0.0,0.0,0.0,0.0,0.006697341805517337,STOPPED,ACCEPTED,ACCEPTED,0.0,0.0,48.720133437,False,
48.270133437000005,0.0,0.0,0.0,0.0,0.0,0.0,0.011697341805517764,STOPPED,DUPLICATE_OR_OLD,DUPLICATE_OR_OLD,0.0,0.0,48.770133437000005,False,
48.320133437,0.0,0.0,0.0,0.0,0.0,0.0,0.006254308734986747,STOPPED,ACCEPTED,ACCEPTED,0.0,0.0,48.820133437,False,
48.37013343700001,0.0,0.0,0.0,0.0,0.0,0.0,0.011254308734987173,STOPPED,DUPLICATE_OR_OLD,DUPLICATE_OR_OLD,0.0,0.0,48.87013343700001,False,
48.420133437000004,0.0,0.0,0.0,0.0,0.0,0.0,0.006191101391797894,STOPPED,ACCEPTED,ACCEPTED,0.0,0.0,48.920133437000004,False,
48.470133437,0.0,0.0,0.0,0.0,0.0,0.0,0.01119110139179761,STOPPED,DUPLICATE_OR_OLD,DUPLICATE_OR_OLD,0.0,0.0,48.970133437,False,
48.520133437000005,0.0,0.0,0.0,0.0,0.0,0.0,0.0061819093246946915,STOPPED,ACCEPTED,ACCEPTED,0.0,0.0,49.020133437000005,False,
48.570133437,0.0,0.0,0.0,0.0,0.0,0.0,0.011181909324694407,STOPPED,DUPLICATE_OR_OLD,DUPLICATE_OR_OLD,0.0,0.0,49.070133437,False,
48.62013343700001,0.0,0.0,0.0,0.0,0.0,0.0,0.006180568851574177,STOPPED,ACCEPTED,ACCEPTED,0.0,0.0,49.12013343700001,False,
48.670133437000004,0.0,0.0,0.0,0.0,0.0,0.0,0.011180568851573893,STOPPED,DUPLICATE_OR_OLD,DUPLICATE_OR_OLD,0.0,0.0,49.170133437000004,False,
48.720133437,0.0,0.0,0.0,0.0,0.0,0.0,0.006180373292615093,STOPPED,ACCEPTED,ACCEPTED,0.0,0.0,49.220133437,False,
48.770133437000005,0.0,0.0,0.0,0.0,0.0,0.0,0.011180373292615519,STOPPED,DUPLICATE_OR_OLD,DUPLICATE_OR_OLD,0.0,0.0,49.270133437000005,False,
48.820133437,0.0,0.0,0.0,0.0,0.0,0.0,0.006180344761233514,STOPPED,ACCEPTED,ACCEPTED,0.0,0.0,49.320133437,False,
48.87013343700001,0.0,0.0,0.0,0.0,0.0,0.0,0.01118034476123394,STOPPED,DUPLICATE_OR_OLD,DUPLICATE_OR_OLD,0.0,0.0,49.37013343700001,False,
48.920133437000004,0.0,0.0,0.0,0.0,0.0,0.0,0.006180340598567128,STOPPED,ACCEPTED,ACCEPTED,0.0,0.0,49.420133437000004,False,
48.970133437,0.0,0.0,0.0,0.0,0.0,0.0,0.011180340598566844,STOPPED,DUPLICATE_OR_OLD,DUPLICATE_OR_OLD,0.0,0.0,49.470133437,False,
49.020133437000005,0.0,0.0,0.0,0.0,0.0,0.0,0.006180339991242416,STOPPED,ACCEPTED,ACCEPTED,0.0,0.0,49.520133437000005,False,
49.070133437,0.0,0.0,0.0,0.0,0.0,0.0,0.011180339991242133,STOPPED,DUPLICATE_OR_OLD,DUPLICATE_OR_OLD,0.0,0.0,49.570133437,False,
49.12013343700001,0.0,0.0,0.0,0.0,0.0,0.0,0.006180339902634938,STOPPED,ACCEPTED,ACCEPTED,0.0,0.0,49.62013343700001,False,
49.170133437000004,0.0,0.0,0.0,0.0,0.0,0.0,0.011180339902634655,STOPPED,DUPLICATE_OR_OLD,DUPLICATE_OR_OLD,0.0,0.0,49.670133437000004,False,
49.220133437,0.0,0.0,0.0,0.0,0.0,0.0,0.006180339889707178,STOPPED,ACCEPTED,ACCEPTED,0.0,0.0,49.720133437,False,
49.270133437000005,0.0,0.0,0.0,0.0,0.0,0.0,0.011180339889707604,STOPPED,DUPLICATE_OR_OLD,DUPLICATE_OR_OLD,0.0,0.0,49.770133437000005,False,
49.320133437,0.0,0.0,0.0,0.0,0.0,0.0,0.006180339887821146,STOPPED,ACCEPTED,ACCEPTED,0.0,0.0,49.820133437,False,
49.37013343700001,0.0,0.0,0.0,0.0,0.0,0.0,0.011180339887821574,STOPPED,DUPLICATE_OR_OLD,DUPLICATE_OR_OLD,0.0,0.0,49.87013343700001,False,
49.420133437000004,0.0,0.0,0.0,0.0,0.0,0.0,0.006180339887545978,STOPPED,ACCEPTED,ACCEPTED,0.0,0.0,49.920133437000004,False,
49.470133437,0.0,0.0,0.0,0.0,0.0,0.0,0.011180339887545694,STOPPED,DUPLICATE_OR_OLD,DUPLICATE_OR_OLD,0.0,0.0,49.970133437,False,
49.520133437000005,0.0,0.0,0.0,0.0,0.0,0.0,0.006180339887505832,STOPPED,ACCEPTED,ACCEPTED,0.0,0.0,50.020133437000005,False,
49.570133437,0.0,0.0,0.0,0.0,0.0,0.0,0.01118033988750555,STOPPED,DUPLICATE_OR_OLD,DUPLICATE_OR_OLD,0.0,0.0,50.070133437,False,
49.62013343700001,0.0,0.0,0.0,0.0,0.0,0.0,0.0061803398874999745,STOPPED,ACCEPTED,ACCEPTED,0.0,0.0,50.12013343700001,False,
49.670133437000004,0.0,0.0,0.0,0.0,0.0,0.0,0.011180339887499691,STOPPED,DUPLICATE_OR_OLD,DUPLICATE_OR_OLD,0.0,0.0,50.170133437000004,False,
49.720133437,0.0,0.0,0.0,0.0,0.0,0.0,0.006180339887499017,STOPPED,ACCEPTED,ACCEPTED,0.0,0.0,50.220133437,False,
49.770133437000005,0.0,0.0,0.0,0.0,0.0,0.0,0.011180339887499443,STOPPED,DUPLICATE_OR_OLD,DUPLICATE_OR_OLD,0.0,0.0,50.270133437000005,False,
49.820133437,0.0,0.0,0.0,0.0,0.0,0.0,0.0061803398874989805,STOPPED,ACCEPTED,ACCEPTED,0.0,0.0,50.320133437,False,
49.87013343700001,0.0,0.0,0.0,0.0,0.0,0.0,0.011180339887499408,STOPPED,DUPLICATE_OR_OLD,DUPLICATE_OR_OLD,0.0,0.0,50.37013343700001,False,
49.920133437000004,0.0,0.0,0.0,0.0,0.0,0.0,0.006180339887498975,STOPPED,ACCEPTED,ACCEPTED,0.0,0.0,50.420133437000004,False,
49.970133437,0.0,0.0,0.0,0.0,0.0,0.0,0.011180339887498692,STOPPED,DUPLICATE_OR_OLD,DUPLICATE_OR_OLD,0.0,0.0,50.470133437,False,
50.020133437000005,0.0,0.0,0.0,0.0,0.0,0.0,0.006180339887498974,STOPPED,ACCEPTED,ACCEPTED,0.0,0.0,50.520133437000005,False,
50.070133437,0.0,0.0,0.0,0.0,0.0,0.0,0.01118033988749869,STOPPED,DUPLICATE_OR_OLD,DUPLICATE_OR_OLD,0.0,0.0,50.570133437,False,
50.12013343700001,0.0,0.0,0.0,0.0,0.0,0.0,0.006180339887498974,STOPPED,ACCEPTED,ACCEPTED,0.0,0.0,50.62013343700001,False,
50.170133437000004,0.0,0.0,0.0,0.0,0.0,0.0,0.01118033988749869,STOPPED,DUPLICATE_OR_OLD,DUPLICATE_OR_OLD,0.0,0.0,50.670133437000004,False,
50.220133437,0.0,0.0,0.0,0.0,0.0,0.0,0.0061803398874988695,STOPPED,ACCEPTED,ACCEPTED,0.0,0.0,50.720133437,False,
50.270133437000005,0.0,0.0,0.0,0.0,0.0,0.0,0.011180339887499297,STOPPED,DUPLICATE_OR_OLD,DUPLICATE_OR_OLD,0.0,0.0,50.770133437000005,False,
50.320133437,0.0,0.0,0.0,0.0,0.0,0.0,0.006180339887498959,STOPPED,ACCEPTED,ACCEPTED,0.0,0.0,50.820133437,False,
50.37013343700001,0.0,0.0,0.0,0.0,0.0,0.0,0.011180339887499386,STOPPED,DUPLICATE_OR_OLD,DUPLICATE_OR_OLD,0.0,0.0,50.87013343700001,False,
50.420133437000004,0.0,0.0,0.0,0.0,0.0,0.0,0.006180339887498972,STOPPED,ACCEPTED,ACCEPTED,0.0,0.0,50.920133437000004,False,
50.470133437,0.0,0.0,0.0,0.0,0.0,0.0,0.011180339887498688,STOPPED,DUPLICATE_OR_OLD,DUPLICATE_OR_OLD,0.0,0.0,50.970133437,False,
50.520133437000005,0.0,0.0,0.0,0.0,0.0,0.0,0.006180339887498974,STOPPED,ACCEPTED,ACCEPTED,0.0,0.0,51.020133437000005,False,
50.570133437,0.0,0.0,0.0,0.0,0.0,0.0,0.01118033988749869,STOPPED,DUPLICATE_OR_OLD,DUPLICATE_OR_OLD,0.0,0.0,51.070133437,False,
50.62013343700001,0.0,0.0,0.0,0.0,0.0,0.0,0.006180339887498974,STOPPED,ACCEPTED,ACCEPTED,0.0,0.0,51.12013343700001,False,
50.670133437000004,0.0,0.0,0.0,0.0,0.0,0.0,0.01118033988749869,STOPPED,DUPLICATE_OR_OLD,DUPLICATE_OR_OLD,0.0,0.0,51.170133437000004,False,
50.720133437,0.0,0.0,0.0,0.0,0.0,0.0,0.0061803398874988695,STOPPED,ACCEPTED,ACCEPTED,0.0,0.0,51.220133437,False,
50.770133437000005,0.0,0.0,0.0,0.0,0.0,0.0,0.011180339887499297,STOPPED,DUPLICATE_OR_OLD,DUPLICATE_OR_OLD,0.0,0.0,51.270133437000005,False,
50.820133437,0.0,0.0,0.0,0.0,0.0,0.0,0.006180339887498959,STOPPED,ACCEPTED,ACCEPTED,0.0,0.0,51.320133437,False,
50.87013343700001,0.0,0.0,0.0,0.0,0.0,0.0,0.011180339887499386,STOPPED,DUPLICATE_OR_OLD,DUPLICATE_OR_OLD,0.0,0.0,51.37013343700001,False,
50.920133437000004,0.0,0.0,0.0,0.0,0.0,0.0,0.006180339887498972,STOPPED,ACCEPTED,ACCEPTED,0.0,0.0,51.420133437000004,False,
50.970133437,0.0,0.0,0.0,0.0,0.0,0.0,0.011180339887498688,STOPPED,DUPLICATE_OR_OLD,DUPLICATE_OR_OLD,0.0,0.0,51.470133437,False,
51.020133437000005,0.0,0.0,0.0,0.0,0.0,0.0,0.006180339887498974,STOPPED,ACCEPTED,ACCEPTED,0.0,0.0,51.520133437000005,False,
51.070133437,0.0,0.0,0.0,0.0,0.0,0.0,0.01118033988749869,STOPPED,DUPLICATE_OR_OLD,DUPLICATE_OR_OLD,0.0,0.0,51.570133437,False,
51.12013343700001,0.0,0.0,0.0,0.0,0.0,0.0,0.006180339887498974,STOPPED,ACCEPTED,ACCEPTED,0.0,0.0,51.62013343700001,False,
51.170133437000004,0.0,0.0,0.0,0.0,0.0,0.0,0.01118033988749869,STOPPED,DUPLICATE_OR_OLD,DUPLICATE_OR_OLD,0.0,0.0,51.670133437000004,False,
51.220133437,0.0,0.0,0.0,0.0,0.0,0.0,0.0061803398874988695,STOPPED,ACCEPTED,ACCEPTED,0.0,0.0,51.720133437,False,
51.270133437000005,0.0,0.0,0.0,0.0,0.0,0.0,0.011180339887499297,STOPPED,DUPLICATE_OR_OLD,DUPLICATE_OR_OLD,0.0,0.0,51.770133437000005,False,
51.320133437,0.0,0.0,0.0,0.0,0.0,0.0,0.006180339887498959,STOPPED,ACCEPTED,ACCEPTED,0.0,0.0,51.820133437,False,
51.37013343700001,0.0,0.0,0.0,0.0,0.0,0.0,0.005278640450004304,STOPPED,ACCEPTED,ACCEPTED,0.0,0.0,51.87013343700001,False,
51.420133437000004,0.0,0.0,0.0,0.0,0.0,0.0,0.01027864045000402,STOPPED,DUPLICATE_OR_OLD,DUPLICATE_OR_OLD,0.0,0.0,51.920133437000004,False,
51.470133437,0.0,0.0,0.0,0.0,0.0,0.0,0.015278640450003737,STOPPED,DUPLICATE_OR_OLD,DUPLICATE_OR_OLD,0.0,0.0,51.970133437,False,
51.520133437000005,0.0,0.0,0.0,0.0,0.0,0.0,0.006697341805517353,STOPPED,ACCEPTED,ACCEPTED,0.0,0.0,52.020133437000005,False,
51.570133437,0.0,0.0,0.0,0.0,0.0,0.0,0.01169734180551707,STOPPED,DUPLICATE_OR_OLD,DUPLICATE_OR_OLD,0.0,0.0,52.070133437,False,
51.62013343700001,0.0,0.0,0.0,0.0,0.0,0.0,0.006254308734986749,STOPPED,ACCEPTED,ACCEPTED,0.0,0.0,52.12013343700001,False,
51.670133437000004,0.0,0.0,0.0,0.0,0.0,0.0,0.011254308734986465,STOPPED,DUPLICATE_OR_OLD,DUPLICATE_OR_OLD,0.0,0.0,52.170133437000004,False,
51.720133437,0.0,0.0,0.0,0.0,0.0,0.0,0.0061911013917977905,STOPPED,ACCEPTED,ACCEPTED,0.0,0.0,52.220133437,False,
51.770133437000005,0.0,0.0,0.0,0.0,0.0,0.0,0.011191101391798217,STOPPED,DUPLICATE_OR_OLD,DUPLICATE_OR_OLD,0.0,0.0,52.270133437000005,False,
51.820133437,0.0,0.0,0.0,0.0,0.0,0.0,0.006181909324694676,STOPPED,ACCEPTED,ACCEPTED,0.0,0.0,52.320133437,False,
51.87013343700001,0.0,0.0,0.0,0.0,0.0,0.0,0.011181909324695103,STOPPED,DUPLICATE_OR_OLD,DUPLICATE_OR_OLD,0.0,0.0,52.37013343700001,False,
51.920133437000004,0.0,0.0,0.0,0.0,0.0,0.0,0.006180568851574175,STOPPED,ACCEPTED,ACCEPTED,0.0,0.0,52.420133437000004,False,
51.970133437,0.0,0.0,0.0,0.0,0.0,0.0,0.011180568851573891,STOPPED,DUPLICATE_OR_OLD,DUPLICATE_OR_OLD,0.0,0.0,52.470133437,False,
52.020133437000005,0.0,0.0,0.0,0.0,0.0,0.0,0.006180373292615195,STOPPED,ACCEPTED,ACCEPTED,0.0,0.0,52.520133437000005,False,
52.070133437,0.0,0.0,0.0,0.0,0.0,0.0,0.011180373292614912,STOPPED,DUPLICATE_OR_OLD,DUPLICATE_OR_OLD,0.0,0.0,52.570133437,False,
52.12013343700001,0.0,0.0,0.0,0.0,0.0,0.0,0.006180344761233529,STOPPED,ACCEPTED,ACCEPTED,0.0,0.0,52.62013343700001,False,
52.170133437000004,0.0,0.0,0.0,0.0,0.0,0.0,0.011180344761233245,STOPPED,DUPLICATE_OR_OLD,DUPLICATE_OR_OLD,0.0,0.0,52.670133437000004,False,
52.220133437,0.0,0.0,0.0,0.0,0.0,0.0,0.006180340598567026,STOPPED,ACCEPTED,ACCEPTED,0.0,0.0,52.720133437,False,
52.270133437000005,0.0,0.0,0.0,0.0,0.0,0.0,0.011180340598567453,STOPPED,DUPLICATE_OR_OLD,DUPLICATE_OR_OLD,0.0,0.0,52.770133437000005,False,
52.320133437,0.0,0.0,0.0,0.0,0.0,0.0,0.006180339991242402,STOPPED,ACCEPTED,ACCEPTED,0.0,0.0,52.820133437,False,
52.37013343700001,0.0,0.0,0.0,0.0,0.0,0.0,0.011180339991242828,STOPPED,DUPLICATE_OR_OLD,DUPLICATE_OR_OLD,0.0,0.0,52.87013343700001,False,
52.420133437000004,0.0,0.0,0.0,0.0,0.0,0.0,0.0061803399026349355,STOPPED,ACCEPTED,ACCEPTED,0.0,0.0,52.920133437000004,False,
52.470133437,0.0,0.0,0.0,0.0,0.0,0.0,0.011180339902634652,STOPPED,DUPLICATE_OR_OLD,DUPLICATE_OR_OLD,0.0,0.0,52.970133437,False,
52.520133437000005,0.0,0.0,0.0,0.0,0.0,0.0,0.00618033988970728,STOPPED,ACCEPTED,ACCEPTED,0.0,0.0,53.020133437000005,False,
52.570133437,0.0,0.0,0.0,0.0,0.0,0.0,0.011180339889706997,STOPPED,DUPLICATE_OR_OLD,DUPLICATE_OR_OLD,0.0,0.0,53.070133437,False,
52.62013343700001,0.0,0.0,0.0,0.0,0.0,0.0,0.006180339887821161,STOPPED,ACCEPTED,ACCEPTED,0.0,0.0,53.12013343700001,False,
52.670133437000004,0.0,0.0,0.0,0.0,0.0,0.0,0.011180339887820877,STOPPED,DUPLICATE_OR_OLD,DUPLICATE_OR_OLD,0.0,0.0,53.170133437000004,False,
52.720133437,0.0,0.0,0.0,0.0,0.0,0.0,0.006180339887545877,STOPPED,ACCEPTED,ACCEPTED,0.0,0.0,53.220133437,False,
52.770133437000005,0.0,0.0,0.0,0.0,0.0,0.0,0.011180339887546305,STOPPED,DUPLICATE_OR_OLD,DUPLICATE_OR_OLD,0.0,0.0,53.270133437000005,False,
52.820133437,0.0,0.0,0.0,0.0,0.0,0.0,0.006180339887505817,STOPPED,ACCEPTED,ACCEPTED,0.0,0.0,53.320133437,False,
52.87013343700001,0.0,0.0,0.0,0.0,0.0,0.0,0.011180339887506243,STOPPED,DUPLICATE_OR_OLD,DUPLICATE_OR_OLD,0.0,0.0,53.37013343700001,False,
52.920133437000004,0.0,0.0,0.0,0.0,0.0,0.0,0.006180339887499972,STOPPED,ACCEPTED,ACCEPTED,0.0,0.0,53.420133437000004,False,
52.970133437,0.0,0.0,0.0,0.0,0.0,0.0,0.01118033988749969,STOPPED,DUPLICATE_OR_OLD,DUPLICATE_OR_OLD,0.0,0.0,53.470133437,False,
53.020133437000005,0.0,0.0,0.0,0.0,0.0,0.0,0.006180339887499119,STOPPED,ACCEPTED,ACCEPTED,0.0,0.0,53.520133437000005,False,
53.070133437,0.0,0.0,0.0,0.0,0.0,0.0,0.011180339887498836,STOPPED,DUPLICATE_OR_OLD,DUPLICATE_OR_OLD,0.0,0.0,53.570133437,False,
53.12013343700001,0.0,0.0,0.0,0.0,0.0,0.0,0.006180339887498994,STOPPED,ACCEPTED,ACCEPTED,0.0,0.0,53.62013343700001,False,
53.170133437000004,0.0,0.0,0.0,0.0,0.0,0.0,0.011180339887498711,STOPPED,DUPLICATE_OR_OLD,DUPLICATE_OR_OLD,0.0,0.0,53.670133437000004,False,
53.220133437,0.0,0.0,0.0,0.0,0.0,0.0,0.006180339887498873,STOPPED,ACCEPTED,ACCEPTED,0.0,0.0,53.720133437,False,
53.270133437000005,0.0,0.0,0.0,0.0,0.0,0.0,0.0111803398874993,STOPPED,DUPLICATE_OR_OLD,DUPLICATE_OR_OLD,0.0,0.0,53.770133437000005,False,
53.320133437,0.0,0.0,0.0,0.0,0.0,0.0,0.00618033988749896,STOPPED,ACCEPTED,ACCEPTED,0.0,0.0,53.820133437,False,
53.37013343700001,0.0,0.0,0.0,0.0,0.0,0.0,0.011180339887499387,STOPPED,DUPLICATE_OR_OLD,DUPLICATE_OR_OLD,0.0,0.0,53.87013343700001,False,
53.420133437000004,0.0,0.0,0.0,0.0,0.0,0.0,0.006180339887498972,STOPPED,ACCEPTED,ACCEPTED,0.0,0.0,53.920133437000004,False,
53.470133437,0.0,0.0,0.0,0.0,0.0,0.0,0.011180339887498688,STOPPED,DUPLICATE_OR_OLD,DUPLICATE_OR_OLD,0.0,0.0,53.970133437,False,
53.520133437000005,0.0,0.0,0.0,0.0,0.0,0.0,0.006180339887498974,STOPPED,ACCEPTED,ACCEPTED,0.0,0.0,54.020133437000005,False,
53.570133437,0.0,0.0,0.0,0.0,0.0,0.0,0.01118033988749869,STOPPED,DUPLICATE_OR_OLD,DUPLICATE_OR_OLD,0.0,0.0,54.070133437,False,
53.62013343700001,0.0,0.0,0.0,0.0,0.0,0.0,0.006180339887498974,STOPPED,ACCEPTED,ACCEPTED,0.0,0.0,54.12013343700001,False,
53.670133437000004,0.0,0.0,0.0,0.0,0.0,0.0,0.01118033988749869,STOPPED,DUPLICATE_OR_OLD,DUPLICATE_OR_OLD,0.0,0.0,54.170133437000004,False,
53.720133437,0.0,0.0,0.0,0.0,0.0,0.0,0.0061803398874988695,STOPPED,ACCEPTED,ACCEPTED,0.0,0.0,54.220133437,False,
53.770133437000005,0.0,0.0,0.0,0.0,0.0,0.0,0.011180339887499297,STOPPED,DUPLICATE_OR_OLD,DUPLICATE_OR_OLD,0.0,0.0,54.270133437000005,False,
53.820133437,0.0,0.0,0.0,0.0,0.0,0.0,0.006180339887498959,STOPPED,ACCEPTED,ACCEPTED,0.0,0.0,54.320133437,False,
53.87013343700001,0.0,0.0,0.0,0.0,0.0,0.0,0.011180339887499386,STOPPED,DUPLICATE_OR_OLD,DUPLICATE_OR_OLD,0.0,0.0,54.37013343700001,False,
53.920133437000004,0.0,0.0,0.0,0.0,0.0,0.0,0.006180339887498972,STOPPED,ACCEPTED,ACCEPTED,0.0,0.0,54.420133437000004,False,
53.970133437,0.0,0.0,0.0,0.0,0.0,0.0,0.011180339887498688,STOPPED,DUPLICATE_OR_OLD,DUPLICATE_OR_OLD,0.0,0.0,54.470133437,False,
54.020133437000005,0.0,0.0,0.0,0.0,0.0,0.0,0.006180339887498974,STOPPED,ACCEPTED,ACCEPTED,0.0,0.0,54.520133437000005,False,
54.070133437,0.0,0.0,0.0,0.0,0.0,0.0,0.01118033988749869,STOPPED,DUPLICATE_OR_OLD,DUPLICATE_OR_OLD,0.0,0.0,54.570133437,False,
54.12013343700001,0.0,0.0,0.0,0.0,0.0,0.0,0.006180339887498974,STOPPED,ACCEPTED,ACCEPTED,0.0,0.0,54.62013343700001,False,
54.170133437000004,0.0,0.0,0.0,0.0,0.0,0.0,0.01118033988749869,STOPPED,DUPLICATE_OR_OLD,DUPLICATE_OR_OLD,0.0,0.0,54.670133437000004,False,
54.220133437,0.0,0.0,0.0,0.0,0.0,0.0,0.0061803398874988695,STOPPED,ACCEPTED,ACCEPTED,0.0,0.0,54.720133437,False,
54.270133437000005,0.0,0.0,0.0,0.0,0.0,0.0,0.011180339887499297,STOPPED,DUPLICATE_OR_OLD,DUPLICATE_OR_OLD,0.0,0.0,54.770133437000005,False,
54.320133437,0.0,0.0,0.0,0.0,0.0,0.0,0.006180339887498959,STOPPED,ACCEPTED,ACCEPTED,0.0,0.0,54.820133437,False,
54.37013343700001,0.0,0.0,0.0,0.0,0.0,0.0,0.011180339887499386,STOPPED,DUPLICATE_OR_OLD,DUPLICATE_OR_OLD,0.0,0.0,54.87013343700001,False,
54.420133437000004,0.0,0.0,0.0,0.0,0.0,0.0,0.006180339887498972,STOPPED,ACCEPTED,ACCEPTED,0.0,0.0,54.920133437000004,False,
54.470133437,0.0,0.0,0.0,0.0,0.0,0.0,0.011180339887498688,STOPPED,DUPLICATE_OR_OLD,DUPLICATE_OR_OLD,0.0,0.0,54.970133437,False,
54.520133437000005,0.0,0.0,0.0,0.0,0.0,0.0,0.006180339887498974,STOPPED,ACCEPTED,ACCEPTED,0.0,0.0,55.020133437000005,False,
54.570133437,0.0,0.0,0.0,0.0,0.0,0.0,0.01118033988749869,STOPPED,DUPLICATE_OR_OLD,DUPLICATE_OR_OLD,0.0,0.0,55.070133437,False,
54.62013343700001,0.0,0.0,0.0,0.0,0.0,0.0,0.006180339887498974,STOPPED,ACCEPTED,ACCEPTED,0.0,0.0,55.12013343700001,False,
54.670133437000004,0.0,0.0,0.0,0.0,0.0,0.0,0.01118033988749869,STOPPED,DUPLICATE_OR_OLD,DUPLICATE_OR_OLD,0.0,0.0,55.170133437000004,False,
54.720133437,0.0,0.0,0.0,0.0,0.0,0.0,0.0061803398874988695,STOPPED,ACCEPTED,ACCEPTED,0.0,0.0,55.220133437,False,
54.770133437000005,0.0,0.0,0.0,0.0,0.0,0.0,0.011180339887499297,STOPPED,DUPLICATE_OR_OLD,DUPLICATE_OR_OLD,0.0,0.0,55.270133437000005,False,
54.820133437,0.0,0.0,0.0,0.0,0.0,0.0,0.006180339887498959,STOPPED,ACCEPTED,ACCEPTED,0.0,0.0,55.320133437,False,
54.87013343700001,0.0,0.0,0.0,0.0,0.0,0.0,0.011180339887499386,STOPPED,DUPLICATE_OR_OLD,DUPLICATE_OR_OLD,0.0,0.0,55.37013343700001,False,
54.920133437000004,0.0,0.0,0.0,0.0,0.0,0.0,0.006180339887498972,STOPPED,ACCEPTED,ACCEPTED,0.0,0.0,55.420133437000004,False,
54.970133437,0.0,0.0,0.0,0.0,0.0,0.0,0.011180339887498688,STOPPED,DUPLICATE_OR_OLD,DUPLICATE_OR_OLD,0.0,0.0,55.470133437,False,
55.020133437000005,0.0,0.0,0.0,0.0,0.0,0.0,0.006180339887498974,STOPPED,ACCEPTED,ACCEPTED,0.0,0.0,55.520133437000005,False,
55.070133437,0.0,0.0,0.0,0.0,0.0,0.0,0.01118033988749869,STOPPED,DUPLICATE_OR_OLD,DUPLICATE_OR_OLD,0.0,0.0,55.570133437,False,
55.12013343700001,0.0,0.0,0.0,0.0,0.0,0.0,0.006180339887498974,STOPPED,ACCEPTED,ACCEPTED,0.0,0.0,55.62013343700001,False,
55.170133437000004,0.0,0.0,0.0,0.0,0.0,0.0,0.01118033988749869,STOPPED,DUPLICATE_OR_OLD,DUPLICATE_OR_OLD,0.0,0.0,55.670133437000004,False,
55.220133437,0.0,0.0,0.0,0.0,0.0,0.0,0.0061803398874988695,STOPPED,ACCEPTED,ACCEPTED,0.0,0.0,55.720133437,False,
55.270133437000005,0.0,0.0,0.0,0.0,0.0,0.0,0.011180339887499297,STOPPED,DUPLICATE_OR_OLD,DUPLICATE_OR_OLD,0.0,0.0,55.770133437000005,False,
55.320133437,0.0,0.0,0.0,0.0,0.0,0.0,0.006180339887498959,STOPPED,ACCEPTED,ACCEPTED,0.0,0.0,55.820133437,False,
55.37013343700001,0.0,0.0,0.0,0.0,0.0,0.0,0.011180339887499386,STOPPED,DUPLICATE_OR_OLD,DUPLICATE_OR_OLD,0.0,0.0,55.87013343700001,False,
55.420133437000004,0.0,0.0,0.0,0.0,0.0,0.0,0.006180339887498972,STOPPED,ACCEPTED,ACCEPTED,0.0,0.0,55.920133437000004,False,
55.470133437,0.0,0.0,0.0,0.0,0.0,0.0,0.011180339887498688,STOPPED,DUPLICATE_OR_OLD,DUPLICATE_OR_OLD,0.0,0.0,55.970133437,False,
55.520133437000005,0.0,0.0,0.0,0.0,0.0,0.0,0.006180339887498974,STOPPED,ACCEPTED,ACCEPTED,0.0,0.0,56.020133437000005,False,
55.570133437,0.0,0.0,0.0,0.0,0.0,0.0,0.01118033988749869,STOPPED,DUPLICATE_OR_OLD,DUPLICATE_OR_OLD,0.0,0.0,56.070133437,False,
55.62013343700001,0.0,0.0,0.0,0.0,0.0,0.0,0.006180339887498974,STOPPED,ACCEPTED,ACCEPTED,0.0,0.0,56.12013343700001,False,
55.670133437000004,0.0,0.0,0.0,0.0,0.0,0.0,0.01118033988749869,STOPPED,DUPLICATE_OR_OLD,DUPLICATE_OR_OLD,0.0,0.0,56.170133437000004,False,
55.720133437,0.0,0.0,0.0,0.0,0.0,0.0,0.0061803398874988695,STOPPED,ACCEPTED,ACCEPTED,0.0,0.0,56.220133437,False,
55.770133437000005,0.0,0.0,0.0,0.0,0.0,0.0,0.011180339887499297,STOPPED,DUPLICATE_OR_OLD,DUPLICATE_OR_OLD,0.0,0.0,56.270133437000005,False,
55.820133437,0.0,0.0,0.0,0.0,0.0,0.0,0.006180339887498959,STOPPED,ACCEPTED,ACCEPTED,0.0,0.0,56.320133437,False,
55.87013343700001,0.0,0.0,0.0,0.0,0.0,0.0,0.011180339887499386,STOPPED,DUPLICATE_OR_OLD,DUPLICATE_OR_OLD,0.0,0.0,56.37013343700001,False,
55.920133437000004,0.0,0.0,0.0,0.0,0.0,0.0,0.006180339887498972,STOPPED,ACCEPTED,ACCEPTED,0.0,0.0,56.420133437000004,False,
55.970133437,0.0,0.0,0.0,0.0,0.0,0.0,0.011180339887498688,STOPPED,DUPLICATE_OR_OLD,DUPLICATE_OR_OLD,0.0,0.0,56.470133437,False,
56.020133437000005,0.0,0.0,0.0,0.0,0.0,0.0,0.006180339887498974,STOPPED,ACCEPTED,ACCEPTED,0.0,0.0,56.520133437000005,False,
56.070133437,0.0,0.0,0.0,0.0,0.0,0.0,0.01118033988749869,STOPPED,DUPLICATE_OR_OLD,DUPLICATE_OR_OLD,0.0,0.0,56.570133437,False,
56.12013343700001,0.0,0.0,0.0,0.0,0.0,0.0,0.006180339887498974,STOPPED,ACCEPTED,ACCEPTED,0.0,0.0,56.62013343700001,False,
56.170133437000004,0.0,0.0,0.0,0.0,0.0,0.0,0.01118033988749869,STOPPED,DUPLICATE_OR_OLD,DUPLICATE_OR_OLD,0.0,0.0,56.670133437000004,False,
56.220133437,0.0,0.0,0.0,0.0,0.0,0.0,0.0061803398874988695,STOPPED,ACCEPTED,ACCEPTED,0.0,0.0,56.720133437,False,
56.270133437000005,0.0,0.0,0.0,0.0,0.0,0.0,0.011180339887499297,STOPPED,DUPLICATE_OR_OLD,DUPLICATE_OR_OLD,0.0,0.0,56.770133437000005,False,
56.320133437,0.0,0.0,0.0,0.0,0.0,0.0,0.006180339887498959,STOPPED,ACCEPTED,ACCEPTED,0.0,0.0,56.820133437,False,
56.37013343700001,0.0,0.0,0.0,0.0,0.0,0.0,0.011180339887499386,STOPPED,DUPLICATE_OR_OLD,DUPLICATE_OR_OLD,0.0,0.0,56.87013343700001,False,
56.420133437000004,0.0,0.0,0.0,0.0,0.0,0.0,0.006180339887498972,STOPPED,ACCEPTED,ACCEPTED,0.0,0.0,56.920133437000004,False,
56.470133437,0.0,0.0,0.0,0.0,0.0,0.0,0.011180339887498688,STOPPED,DUPLICATE_OR_OLD,DUPLICATE_OR_OLD,0.0,0.0,56.970133437,False,
56.520133437000005,0.0,0.0,0.0,0.0,0.0,0.0,0.006180339887498974,STOPPED,ACCEPTED,ACCEPTED,0.0,0.0,57.020133437000005,False,
56.570133437,0.0,0.0,0.0,0.0,0.0,0.0,0.01118033988749869,STOPPED,DUPLICATE_OR_OLD,DUPLICATE_OR_OLD,0.0,0.0,57.070133437,False,
56.62013343700001,0.0,0.0,0.0,0.0,0.0,0.0,0.006180339887498974,STOPPED,ACCEPTED,ACCEPTED,0.0,0.0,57.12013343700001,False,
56.670133437000004,0.0,0.0,0.0,0.0,0.0,0.0,0.01118033988749869,STOPPED,DUPLICATE_OR_OLD,DUPLICATE_OR_OLD,0.0,0.0,57.170133437000004,False,
56.720133437,0.0,0.0,0.0,0.0,0.0,0.0,0.0061803398874988695,STOPPED,ACCEPTED,ACCEPTED,0.0,0.0,57.220133437,False,
56.770133437000005,0.0,0.0,0.0,0.0,0.0,0.0,0.011180339887499297,STOPPED,DUPLICATE_OR_OLD,DUPLICATE_OR_OLD,0.0,0.0,57.270133437000005,False,
56.820133437,0.0,0.0,0.0,0.0,0.0,0.0,0.006180339887498959,STOPPED,ACCEPTED,ACCEPTED,0.0,0.0,57.320133437,False,
56.87013343700001,0.0,0.0,0.0,0.0,0.0,0.0,0.011180339887499386,STOPPED,DUPLICATE_OR_OLD,DUPLICATE_OR_OLD,0.0,0.0,57.37013343700001,False,
56.920133437000004,0.0,0.0,0.0,0.0,0.0,0.0,0.006180339887498972,STOPPED,ACCEPTED,ACCEPTED,0.0,0.0,57.420133437000004,False,
56.970133437,0.0,0.0,0.0,0.0,0.0,0.0,0.011180339887498688,STOPPED,DUPLICATE_OR_OLD,DUPLICATE_OR_OLD,0.0,0.0,57.470133437,False,
57.020133437000005,0.0,0.0,0.0,0.0,0.0,0.0,0.006180339887498974,STOPPED,ACCEPTED,ACCEPTED,0.0,0.0,57.520133437000005,False,
57.070133437,0.0,0.0,0.0,0.0,0.0,0.0,0.01118033988749869,STOPPED,DUPLICATE_OR_OLD,DUPLICATE_OR_OLD,0.0,0.0,57.570133437,False,
57.12013343700001,0.0,0.0,0.0,0.0,0.0,0.0,0.006180339887498974,STOPPED,ACCEPTED,ACCEPTED,0.0,0.0,57.62013343700001,False,
57.170133437000004,0.0,0.0,0.0,0.0,0.0,0.0,0.01118033988749869,STOPPED,DUPLICATE_OR_OLD,DUPLICATE_OR_OLD,0.0,0.0,57.670133437000004,False,
57.220133437,0.0,0.0,0.0,0.0,0.0,0.0,0.0061803398874988695,STOPPED,ACCEPTED,ACCEPTED,0.0,0.0,57.720133437,False,
57.270133437000005,0.0,0.0,0.0,0.0,0.0,0.0,0.011180339887499297,STOPPED,DUPLICATE_OR_OLD,DUPLICATE_OR_OLD,0.0,0.0,57.770133437000005,False,
57.320133437,0.0,0.0,0.0,0.0,0.0,0.0,0.006180339887498959,STOPPED,ACCEPTED,ACCEPTED,0.0,0.0,57.820133437,False,
57.37013343700001,0.0,0.0,0.0,0.0,0.0,0.0,0.011180339887499386,STOPPED,DUPLICATE_OR_OLD,DUPLICATE_OR_OLD,0.0,0.0,57.87013343700001,False,
57.420133437000004,0.0,0.0,0.0,0.0,0.0,0.0,0.006180339887498972,STOPPED,ACCEPTED,ACCEPTED,0.0,0.0,57.920133437000004,False,
57.470133437,0.0,0.0,0.0,0.0,0.0,0.0,0.011180339887498688,STOPPED,DUPLICATE_OR_OLD,DUPLICATE_OR_OLD,0.0,0.0,57.970133437,False,
57.520133437000005,0.0,0.0,0.0,0.0,0.0,0.0,0.006180339887498974,STOPPED,ACCEPTED,ACCEPTED,0.0,0.0,58.020133437000005,False,
57.570133437,0.0,0.0,0.0,0.0,0.0,0.0,0.01118033988749869,STOPPED,DUPLICATE_OR_OLD,DUPLICATE_OR_OLD,0.0,0.0,58.070133437,False,
57.62013343700001,0.0,0.0,0.0,0.0,0.0,0.0,0.006180339887498974,STOPPED,ACCEPTED,ACCEPTED,0.0,0.0,58.12013343700001,False,
57.670133437000004,0.0,0.0,0.0,0.0,0.0,0.0,0.01118033988749869,STOPPED,DUPLICATE_OR_OLD,DUPLICATE_OR_OLD,0.0,0.0,58.170133437000004,False,
57.720133437,0.0,0.0,0.0,0.0,0.0,0.0,0.0061803398874988695,STOPPED,ACCEPTED,ACCEPTED,0.0,0.0,58.220133437,False,
57.770133437000005,0.0,0.0,0.0,0.0,0.0,0.0,0.011180339887499297,STOPPED,DUPLICATE_OR_OLD,DUPLICATE_OR_OLD,0.0,0.0,58.270133437000005,False,
57.820133437,0.0,0.0,0.0,0.0,0.0,0.0,0.006180339887498959,STOPPED,ACCEPTED,ACCEPTED,0.0,0.0,58.320133437,False,
57.87013343700001,0.0,0.0,0.0,0.0,0.0,0.0,0.011180339887499386,STOPPED,DUPLICATE_OR_OLD,DUPLICATE_OR_OLD,0.0,0.0,58.37013343700001,False,
57.920133437000004,0.0,0.0,0.0,0.0,0.0,0.0,0.006180339887498972,STOPPED,ACCEPTED,ACCEPTED,0.0,0.0,58.420133437000004,False,
57.970133437,0.0,0.0,0.0,0.0,0.0,0.0,0.011180339887498688,STOPPED,DUPLICATE_OR_OLD,DUPLICATE_OR_OLD,0.0,0.0,58.470133437,False,
58.020133437000005,0.0,0.0,0.0,0.0,0.0,0.0,0.006180339887498974,STOPPED,ACCEPTED,ACCEPTED,0.0,0.0,58.520133437000005,False,
58.070133437,0.0,0.0,0.0,0.0,0.0,0.0,0.01118033988749869,STOPPED,DUPLICATE_OR_OLD,DUPLICATE_OR_OLD,0.0,0.0,58.570133437,False,
58.12013343700001,0.0,0.0,0.0,0.0,0.0,0.0,0.006180339887498974,STOPPED,ACCEPTED,ACCEPTED,0.0,0.0,58.62013343700001,False,
58.170133437000004,0.0,0.0,0.0,0.0,0.0,0.0,0.01118033988749869,STOPPED,DUPLICATE_OR_OLD,DUPLICATE_OR_OLD,0.0,0.0,58.670133437000004,False,
58.220133437,0.0,0.0,0.0,0.0,0.0,0.0,0.0061803398874988695,STOPPED,ACCEPTED,ACCEPTED,0.0,0.0,58.720133437,False,
58.270133437000005,0.0,0.0,0.0,0.0,0.0,0.0,0.011180339887499297,STOPPED,DUPLICATE_OR_OLD,DUPLICATE_OR_OLD,0.0,0.0,58.770133437000005,False,
58.320133437,0.0,0.0,0.0,0.0,0.0,0.0,0.006180339887498959,STOPPED,ACCEPTED,ACCEPTED,0.0,0.0,58.820133437,False,
58.37013343700001,0.0,0.0,0.0,0.0,0.0,0.0,0.011180339887499386,STOPPED,DUPLICATE_OR_OLD,DUPLICATE_OR_OLD,0.0,0.0,58.87013343700001,False,
58.420133437000004,0.0,0.0,0.0,0.0,0.0,0.0,0.006180339887498972,STOPPED,ACCEPTED,ACCEPTED,0.0,0.0,58.920133437000004,False,
58.470133437,0.0,0.0,0.0,0.0,0.0,0.0,0.011180339887498688,STOPPED,DUPLICATE_OR_OLD,DUPLICATE_OR_OLD,0.0,0.0,58.970133437,False,
58.520133437000005,0.0,0.0,0.0,0.0,0.0,0.0,0.006180339887498974,STOPPED,ACCEPTED,ACCEPTED,0.0,0.0,59.020133437000005,False,
58.570133437,0.0,0.0,0.0,0.0,0.0,0.0,0.01118033988749869,STOPPED,DUPLICATE_OR_OLD,DUPLICATE_OR_OLD,0.0,0.0,59.070133437,False,
58.62013343700001,0.0,0.0,0.0,0.0,0.0,0.0,0.006180339887498974,STOPPED,ACCEPTED,ACCEPTED,0.0,0.0,59.12013343700001,False,
58.670133437000004,0.0,0.0,0.0,0.0,0.0,0.0,0.01118033988749869,STOPPED,DUPLICATE_OR_OLD,DUPLICATE_OR_OLD,0.0,0.0,59.170133437000004,False,
58.720133437,0.0,0.0,0.0,0.0,0.0,0.0,0.0061803398874988695,STOPPED,ACCEPTED,ACCEPTED,0.0,0.0,59.220133437,False,
58.770133437000005,0.0,0.0,0.0,0.0,0.0,0.0,0.011180339887499297,STOPPED,DUPLICATE_OR_OLD,DUPLICATE_OR_OLD,0.0,0.0,59.270133437000005,False,
58.820133437,0.0,0.0,0.0,0.0,0.0,0.0,0.006180339887498959,STOPPED,ACCEPTED,ACCEPTED,0.0,0.0,59.320133437,False,
58.87013343700001,0.0,0.0,0.0,0.0,0.0,0.0,0.011180339887499386,STOPPED,DUPLICATE_OR_OLD,DUPLICATE_OR_OLD,0.0,0.0,59.37013343700001,False,
58.920133437000004,0.0,0.0,0.0,0.0,0.0,0.0,0.006180339887498972,STOPPED,ACCEPTED,ACCEPTED,0.0,0.0,59.420133437000004,False,
58.970133437,0.0,0.0,0.0,0.0,0.0,0.0,0.011180339887498688,STOPPED,DUPLICATE_OR_OLD,DUPLICATE_OR_OLD,0.0,0.0,59.470133437,False,
59.020133437,0.0,0.0,0.0,0.0,0.0,0.0,0.0061803398874988695,STOPPED,ACCEPTED,ACCEPTED,0.0,0.0,59.520133437,False,
59.070133437,0.0,0.0,0.0,0.0,0.0,0.0,0.011180339887499297,STOPPED,DUPLICATE_OR_OLD,DUPLICATE_OR_OLD,0.0,0.0,59.570133437,False,
59.12013343700001,0.0,0.0,0.0,0.0,0.0,0.0,0.006180339887499062,STOPPED,ACCEPTED,ACCEPTED,0.0,0.0,59.62013343700001,False,
59.170133437000004,0.0,0.0,0.0,0.0,0.0,0.0,0.011180339887498779,STOPPED,DUPLICATE_OR_OLD,DUPLICATE_OR_OLD,0.0,0.0,59.670133437000004,False,
59.220133437,0.0,0.0,0.0,0.0,0.0,0.0,0.0061803398874988825,STOPPED,ACCEPTED,ACCEPTED,0.0,0.0,59.720133437,False,
59.270133437,0.0,0.0,0.0,0.0,0.0,0.0,0.0111803398874986,STOPPED,DUPLICATE_OR_OLD,DUPLICATE_OR_OLD,0.0,0.0,59.770133437,False,
59.320133437,0.0,0.0,0.0,0.0,0.0,0.0,0.006180339887498961,STOPPED,ACCEPTED,ACCEPTED,0.0,0.0,59.820133437,False,
59.37013343700001,0.0,0.0,0.0,0.0,0.0,0.0,0.011180339887499387,STOPPED,DUPLICATE_OR_OLD,DUPLICATE_OR_OLD,0.0,0.0,59.87013343700001,False,
59.420133437000004,0.0,0.0,0.0,0.0,0.0,0.0,0.006180339887498972,STOPPED,ACCEPTED,ACCEPTED,0.0,0.0,59.920133437000004,False,
59.470133437,0.0,0.0,0.0,0.0,0.0,0.0,0.011180339887498688,STOPPED,DUPLICATE_OR_OLD,DUPLICATE_OR_OLD,0.0,0.0,59.970133437,False,
59.520133437,0.0,0.0,0.0,0.0,0.0,0.0,0.0061803398874988695,STOPPED,ACCEPTED,ACCEPTED,0.0,0.0,60.020133437,False,
59.570133437,0.0,0.0,0.0,0.0,0.0,0.0,0.011180339887499297,STOPPED,DUPLICATE_OR_OLD,DUPLICATE_OR_OLD,0.0,0.0,60.070133437,False,
59.62013343700001,0.0,0.0,0.0,0.0,0.0,0.0,0.006180339887499062,STOPPED,ACCEPTED,ACCEPTED,0.0,0.0,60.12013343700001,False,
59.670133437000004,0.0,0.0,0.0,0.0,0.0,0.0,0.011180339887498779,STOPPED,DUPLICATE_OR_OLD,DUPLICATE_OR_OLD,0.0,0.0,60.170133437000004,False,
59.720133437,0.0,0.0,0.0,0.0,0.0,0.0,0.0061803398874988825,STOPPED,ACCEPTED,ACCEPTED,0.0,0.0,60.220133437,False,
59.770133437,0.0,0.0,0.0,0.0,0.0,0.0,0.0111803398874986,STOPPED,DUPLICATE_OR_OLD,DUPLICATE_OR_OLD,0.0,0.0,60.270133437,False,
59.820133437,0.0,0.0,0.0,0.0,0.0,0.0,0.006180339887498961,STOPPED,ACCEPTED,ACCEPTED,0.0,0.0,60.320133437,False,
59.87013343700001,0.0,0.0,0.0,0.0,0.0,0.0,0.011180339887499387,STOPPED,DUPLICATE_OR_OLD,DUPLICATE_OR_OLD,0.0,0.0,60.37013343700001,False,
59.920133437000004,0.0,0.0,0.0,0.0,0.0,0.0,0.006180339887498972,STOPPED,ACCEPTED,ACCEPTED,0.0,0.0,60.420133437000004,False,
59.970133437,0.0,0.0,0.0,0.0,0.0,0.0,0.011180339887498688,STOPPED,DUPLICATE_OR_OLD,DUPLICATE_OR_OLD,0.0,0.0,60.470133437,False,
60.020133437,0.0,0.0,0.0,0.0,0.0,0.0,0.0061803398874988695,STOPPED,ACCEPTED,ACCEPTED,0.0,0.0,60.520133437,False,
60.070133437,0.0,0.0,0.0,0.0,0.0,0.0,0.011180339887499297,STOPPED,DUPLICATE_OR_OLD,DUPLICATE_OR_OLD,0.0,0.0,60.570133437,False,
60.12013343700001,0.0,0.0,0.0,0.0,0.0,0.0,0.006180339887499062,STOPPED,ACCEPTED,ACCEPTED,0.0,0.0,60.62013343700001,False,
60.170133437000004,0.0,0.0,0.0,0.0,0.0,0.0,0.011180339887498779,STOPPED,DUPLICATE_OR_OLD,DUPLICATE_OR_OLD,0.0,0.0,60.670133437000004,False,
60.220133437,0.0,0.0,0.0,0.0,0.0,0.0,0.0061803398874988825,STOPPED,ACCEPTED,ACCEPTED,0.0,0.0,60.720133437,False,
60.270133437,0.0,0.0,0.0,0.0,0.0,0.0,0.0111803398874986,STOPPED,DUPLICATE_OR_OLD,DUPLICATE_OR_OLD,0.0,0.0,60.770133437,False,
60.320133437,0.0,0.0,0.0,0.0,0.0,0.0,0.006180339887498961,STOPPED,ACCEPTED,ACCEPTED,0.0,0.0,60.820133437,False,
60.37013343700001,0.0,0.0,0.0,0.0,0.0,0.0,0.011180339887499387,STOPPED,DUPLICATE_OR_OLD,DUPLICATE_OR_OLD,0.0,0.0,60.87013343700001,False,
60.420133437000004,0.0,0.0,0.0,0.0,0.0,0.0,0.006180339887498972,STOPPED,ACCEPTED,ACCEPTED,0.0,0.0,60.920133437000004,False,
60.470133437,0.0,0.0,0.0,0.0,0.0,0.0,0.011180339887498688,STOPPED,DUPLICATE_OR_OLD,DUPLICATE_OR_OLD,0.0,0.0,60.970133437,False,
60.520133437,0.0,0.0,0.0,0.0,0.0,0.0,0.0061803398874988695,STOPPED,ACCEPTED,ACCEPTED,0.0,0.0,61.020133437,False,
60.570133437,0.0,0.0,0.0,0.0,0.0,0.0,0.011180339887499297,STOPPED,DUPLICATE_OR_OLD,DUPLICATE_OR_OLD,0.0,0.0,61.070133437,False,
60.62013343700001,0.0,0.0,0.0,0.0,0.0,0.0,0.006180339887499062,STOPPED,ACCEPTED,ACCEPTED,0.0,0.0,61.12013343700001,False,
60.670133437000004,0.0,0.0,0.0,0.0,0.0,0.0,0.011180339887498779,STOPPED,DUPLICATE_OR_OLD,DUPLICATE_OR_OLD,0.0,0.0,61.170133437000004,False,
60.720133437,0.0,0.0,0.0,0.0,0.0,0.0,0.0061803398874988825,STOPPED,ACCEPTED,ACCEPTED,0.0,0.0,61.220133437,False,
60.770133437,0.0,0.0,0.0,0.0,0.0,0.0,0.0111803398874986,STOPPED,DUPLICATE_OR_OLD,DUPLICATE_OR_OLD,0.0,0.0,61.270133437,False,
60.820133437,0.0,0.0,0.0,0.0,0.0,0.0,0.006180339887498961,STOPPED,ACCEPTED,ACCEPTED,0.0,0.0,61.320133437,False,
60.87013343700001,0.0,0.0,0.0,0.0,0.0,0.0,0.011180339887499387,STOPPED,DUPLICATE_OR_OLD,DUPLICATE_OR_OLD,0.0,0.0,61.37013343700001,False,
60.920133437000004,0.0,0.0,0.0,0.0,0.0,0.0,0.006180339887498972,STOPPED,ACCEPTED,ACCEPTED,0.0,0.0,61.420133437000004,False,
60.970133437,0.0,0.0,0.0,0.0,0.0,0.0,0.011180339887498688,STOPPED,DUPLICATE_OR_OLD,DUPLICATE_OR_OLD,0.0,0.0,61.470133437,False,
61.020133437,0.0,0.0,0.0,0.0,0.0,0.0,0.0061803398874988695,STOPPED,ACCEPTED,ACCEPTED,0.0,0.0,61.520133437,False,
61.070133437,0.0,0.0,0.0,0.0,0.0,0.0,0.011180339887499297,STOPPED,DUPLICATE_OR_OLD,DUPLICATE_OR_OLD,0.0,0.0,61.570133437,False,
61.12013343700001,0.0,0.0,0.0,0.0,0.0,0.0,0.006180339887499062,STOPPED,ACCEPTED,ACCEPTED,0.0,0.0,61.62013343700001,False,
61.170133437000004,0.0,0.0,0.0,0.0,0.0,0.0,0.011180339887498779,STOPPED,DUPLICATE_OR_OLD,DUPLICATE_OR_OLD,0.0,0.0,61.670133437000004,False,
61.220133437,0.0,0.0,0.0,0.0,0.0,0.0,0.0061803398874988825,STOPPED,ACCEPTED,ACCEPTED,0.0,0.0,61.720133437,False,
61.270133437,0.0,0.0,0.0,0.0,0.0,0.0,0.0111803398874986,STOPPED,DUPLICATE_OR_OLD,DUPLICATE_OR_OLD,0.0,0.0,61.770133437,False,
61.320133437,0.0,0.0,0.0,0.0,0.0,0.0,0.006180339887498961,STOPPED,ACCEPTED,ACCEPTED,0.0,0.0,61.820133437,False,
61.37013343700001,0.0,0.0,0.0,0.0,0.0,0.0,0.011180339887499387,STOPPED,DUPLICATE_OR_OLD,DUPLICATE_OR_OLD,0.0,0.0,61.87013343700001,False,
61.420133437000004,0.03874812231527029,0.03874812231527029,0.03874812231527029,0.0009687030578817023,0.0,0.0,0.006180339887498972,FUSED,ACCEPTED,ACCEPTED,0.0,0.0,61.87013343700001,False,
61.470133437,0.03824827851355415,0.03824827851355415,0.03824827851355415,0.002893613078602204,0.0,0.0,0.011180339887498688,MODEL_ONLY,DUPLICATE_OR_OLD,DUPLICATE_OR_OLD,0.0,0.0,61.87013343700001,False,
61.520133437,0.11195743441240122,0.11195743441240122,0.11195743441240122,0.006648755901750875,0.0,0.0,0.0061803398874988695,FUSED,ACCEPTED,ACCEPTED,0.0,0.0,61.87013343700001,False,
61.570133437,0.11063092682430653,0.11063092682430653,0.11063092682430653,0.012213464932669043,0.0,0.0,0.011180339887499297,MODEL_ONLY,DUPLICATE_OR_OLD,DUPLICATE_OR_OLD,0.0,0.0,61.87013343700001,False,
61.62013343700001,0.21875144269418667,0.21875144269418667,0.21875144269418667,0.020448024170632073,0.0,0.0,0.006180339887499062,FUSED,ACCEPTED,ACCEPTED,0.0,0.0,61.87013343700001,False,
61.670133437000004,0.21505160178793778,0.21505160178793778,0.21505160178793778,0.03129310028268457,0.0,-0.03229386935573705,0.011180339887498779,MODEL_ONLY,DUPLICATE_OR_OLD,DUPLICATE_OR_OLD,0.0,0.0,61.87013343700001,False,
61.720133437,0.3389113543448782,0.3389113543448782,0.3389113543448782,0.04514217418600418,0.0,-0.07082680733891977,0.0061803398874988825,FUSED,ACCEPTED,ACCEPTED,0.0,0.0,61.87013343700001,False,
61.770133437,0.33035038878398576,0.33035038878398576,0.33035038878398576,0.061873717764224824,0.0,-0.12238621312769775,0.0111803398874986,MODEL_ONLY,DUPLICATE_OR_OLD,DUPLICATE_OR_OLD,0.0,0.0,61.87013343700001,False,
61.820133437,0.46025357316441373,0.46025357316441373,0.46025357316441373,0.0816388168129365,0.2733104992808906,-0.1759944984650448,0.006180339887498961,FUSED,ACCEPTED,ACCEPTED,0.0,0.0,61.87013343700001,False,
61.87013343700001,0.4596065245263703,0.4596065245263703,0.4596065245263703,0.10463531925520805,0.2733104992808906,-0.23504542377940274,0.011180339887499387,MODEL_ONLY,DUPLICATE_OR_OLD,DUPLICATE_OR_OLD,0.0,0.0,61.87013343700001,False,
61.920133437000004,0.589928268632025,0.5899442947851643,0.5952624478834869,0.13100704356545298,0.5289821279135044,-0.29443499196493206,0.006180339887498972,FUSED,ACCEPTED,ACCEPTED,-0.005334179251461957,-0.00531815309832262,61.87013343700001,True,2.593086048835111e-05
61.970133437,0.5960277194764126,0.596043745629552,0.6013618987278746,0.16092265223073532,0.5289821279135044,-0.35502069831480015,0.011180339887498688,MODEL_ONLY,DUPLICATE_OR_OLD,DUPLICATE_OR_OLD,-0.005334179251461957,-0.00531815309832262,61.87013343700001,False,
62.020133437000005,0.7411923718091977,0.7409429483607415,0.7384209387393315,0.19441722316741833,0.6,-0.4149311651138698,0.006180339887498974,FUSED,ACCEPTED,ACCEPTED,0.0027714330698662692,0.0025220096214100263,61.87013343700001,True,-0.00041348032454242845
62.070133437,0.7451807299885321,0.7449313065400759,0.7424092969186659,0.23143797905886615,0.6,-0.46805440998067827,0.01118033988749869,MODEL_ONLY,DUPLICATE_OR_OLD,DUPLICATE_OR_OLD,0.0027714330698662692,0.0025220096214100263,61.87013343700001,False,
62.12013343700001,0.8794531260009696,0.8814178740715317,0.876417616084604,0.27190865188395136,0.6,-0.5210292404242809,0.006180339887498974,FUSED,ACCEPTED,ACCEPTED,0.0030355099163655863,0.005000257986927714,61.87013343700001,True,0.003333181326237522
62.170133437000004,0.8784533889324188,0.8804181370029809,0.8754178790160532,0.3157045392614653,0.6,-0.5677677924701431,0.01118033988749869,MODEL_ONLY,DUPLICATE_OR_OLD,DUPLICATE_OR_OLD,0.0030355099163655863,0.005000257986927714,61.87013343700001,False,
62.220133437,1.0023212988023713,1.0056524869416121,1.0061102786611786,0.3627427432033934,0.6,-0.614812236205233,0.0061803398874988695,FUSED,ACCEPTED,ACCEPTED,-0.0037889798588073287,-0.00045779171956650266,61.87013343700001,True,0.004175694545273775
62.270133437000005,0.9968963714506116,1.0002275595898524,1.000685351309419,0.41291263395266264,0.6,-0.6562597389850553,0.011180339887499297,MODEL_ONLY,DUPLICATE_OR_OLD,DUPLICATE_OR_OLD,-0.0037889798588073287,-0.00045779171956650266,61.87013343700001,False,
62.320133437,1.1381919242550753,1.140231610724992,1.1470373098094235,0.46660570048063066,0.6,-0.6983807537721721,0.006180339887498959,FUSED,ACCEPTED,ACCEPTED,-0.008845385554348217,-0.006805699084431627,61.87013343700001,True,0.0012414945417469469
62.37013343700001,1.128806052947642,1.1308457394175586,1.1376514385019902,0.5237229191884208,0.6,-0.7354752460569658,0.011180339887499386,MODEL_ONLY,DUPLICATE_OR_OLD,DUPLICATE_OR_OLD,-0.008845385554348217,-0.006805699084431627,61.87013343700001,False,
62.420133437000004,1.2571275887837,1.2595830508950947,1.2762338418146335,0.584070051196333,0.6,-0.7681354501161956,0.006180339887498972,FUSED,ACCEPTED,ACCEPTED,-0.019106253030933606,-0.016650790919538805,61.87013343700001,True,0.0027124255895227753
62.470133437,1.2446707535955421,1.247126215706937,1.2637770066264757,0.6475703224073571,0.6,-0.796893732930308,0.011180339887498688,MODEL_ONLY,DUPLICATE_OR_OLD,DUPLICATE_OR_OLD,-0.019106253030933606,-0.016650790919538805,61.87013343700001,False,
62.520133437000005,1.3308429960933867,1.3335942993185594,1.3595030859192618,0.7131523247210062,0.6,-0.827611147118532,0.006180339887498974,FUSED,ACCEPTED,ACCEPTED,-0.02866008982587509,-0.025908786600702394,61.87013343700001,True,0.0029341430887568076
62.570133437,1.315497974078247,1.3182492773034198,1.3441580639041222,0.7807438534665869,0.6,-0.8546573001966257,0.01118033988749869,MODEL_ONLY,DUPLICATE_OR_OLD,DUPLICATE_OR_OLD,-0.02866008982587509,-0.025908786600702394,61.87013343700001,False,
62.62013343700001,1.4691060944431906,1.4713183944074966,1.503259495961988,0.8519292924632458,0.6,-0.8784704753844536,0.006180339887498974,FUSED,ACCEPTED,ACCEPTED,-0.03415340151879742,-0.03194110155449148,61.87013343700001,True,0.0018791776290435006
62.670133437000004,1.4515220591687465,1.4537343591330525,1.485675460687544,0.9266526663794799,0.6,-0.8994374660597979,0.01118033988749869,MODEL_ONLY,DUPLICATE_OR_OLD,DUPLICATE_OR_OLD,-0.03415340151879742,-0.03194110155449148,61.87013343700001,False,
62.720133437,1.601517478279036,1.6034124275092623,1.6404433171328336,1.0048056358249848,0.6,-0.9230901410703167,0.0061803398874988695,FUSED,ACCEPTED,ACCEPTED,-0.038925838853797634,-0.03703088962357137,61.87013343700001,True,0.0016988156902101384
62.770133437000005,1.5817095352500985,1.5836044844803248,1.6206353741038961,1.08633260310591,0.6,-0.9439155980590093,0.011180339887499297,MODEL_ONLY,DUPLICATE_OR_OLD,DUPLICATE_OR_OLD,-0.038925838853797634,-0.03703088962357137,61.87013343700001,False,
62.820133437,1.7258775306534604,1.7274967668435472,1.7698433064781642,1.1710945701204567,0.6,-0.962251707535896,0.006180339887498959,FUSED,ACCEPTED,ACCEPTED,-0.043965775824703845,-0.042346539634616986,61.87013343700001,True,0.0014488361601392927
62.87013343700001,1.70434556457952,1.7059648007696069,1.7483113404042239,1.2590484362925238,0.6,-0.9783960532634634,0.011180339887499386,MODEL_ONLY,DUPLICATE_OR_OLD,DUPLICATE_OR_OLD,-0.043965775824703845,-0.042346539634616986,61.87013343700001,False,
62.920133437000004,1.8456029701094325,1.8470663677874017,1.8958339480052129,1.3501520685027546,0.6,-0.9926106048818323,0.006180339887498972,FUSED,ACCEPTED,ACCEPTED,-0.05023097789578035,-0.048767580217811135,61.87013343700001,True,0.0013670841807242179
62.970133437,1.8227345044107097,1.824197902088679,1.87296548230649,1.4443720542605418,0.6,-1.0051260442180605,0.011180339887498688,MODEL_ONLY,DUPLICATE_OR_OLD,DUPLICATE_OR_OLD,-0.05023097789578035,-0.048767580217811135,61.87013343700001,False,
63.020133437000005,1.7993150675892529,1.800778465267222,1.8495460454850332,1.537434842455338,0.6,-1.016145466829496,0.016180339887499114,MODEL_ONLY,DUPLICATE_OR_OLD,DUPLICATE_OR_OLD,-0.05023097789578035,-0.048767580217811135,61.87013343700001,False,
63.070133437,1.8256414971670072,1.8256414971670072,1.8256414971670072,1.6293145310216337,0.6,-1.0258476969633874,0.02118033988749883,MODEL_ONLY,MISSING_OR_STALE,MISSING_OR_STALE,0.0,0.0,63.570133437,False,
63.12013343700001,1.8013098245444978,1.8013098245444978,1.8013098245444978,1.719988314064429,0.6,-1.0343901833148046,0.02618033988749926,MODEL_ONLY,MISSING_OR_STALE,MISSING_OR_STALE,0.0,0.0,63.62013343700001,False,
63.170133437000004,1.7766020833989913,1.7766020833989913,1.7766020833989913,1.8094361117630111,0.6,-1.0419115541140365,0.031180339887498975,MODEL_ONLY,MISSING_OR_STALE,MISSING_OR_STALE,0.0,0.0,63.670133437000004,False,
63.220133437,1.7515632266416115,1.7515632266416115,1.7515632266416115,1.8976402445140212,0.6,-1.0485338667917121,0.03618033988749869,MODEL_ONLY,MISSING_OR_STALE,MISSING_OR_STALE,0.0,0.0,63.720133437,False,
63.270133437000005,1.7259823665517444,1.7259823665517444,1.7259823665517444,1.9845788843438625,0.6,-1.0593739340135186,0.04118033988749912,MODEL_ONLY,MISSING_OR_STALE,MISSING_OR_STALE,0.0,0.0,63.770133437000005,False,
63.320133437,1.6999242908846806,1.6999242908846806,1.6999242908846806,2.0702265507797684,0.6,-1.0689182463104747,0.04618033988749884,MODEL_ONLY,MISSING_OR_STALE,MISSING_OR_STALE,0.0,0.0,63.820133437,False,
63.37013343700001,1.6734460431132054,1.6734460431132054,1.6734460431132054,2.154560809129723,0.6,-1.0773216893916697,0.05118033988749927,MODEL_ONLY,MISSING_OR_STALE,MISSING_OR_STALE,0.0,0.0,63.87013343700001,False,
63.420133437000004,1.6465978481417636,1.6465978481417636,1.6465978481417636,2.2375619064110923,0.6,-1.0847206347033898,0.05618033988749899,MODEL_ONLY,MISSING_OR_STALE,MISSING_OR_STALE,0.0,0.0,63.920133437000004,False,
63.470133437,1.6194239273704911,1.6194239273704911,1.6194239273704911,2.319212450798894,0.6,-1.091235152437384,0.0611803398874987,MODEL_ONLY,MISSING_OR_STALE,MISSING_OR_STALE,0.0,0.0,63.970133437,False,
63.520133437000005,1.5919632163369544,1.5919632163369544,1.5919632163369544,2.399497129391587,0.6,-1.0969709599865374,0.06618033988749912,MODEL_ONLY,MISSING_OR_STALE,MISSING_OR_STALE,0.0,0.0,64.020133437,False,
63.570133437,1.564249996582598,1.564249996582598,1.564249996582598,2.4784024597145713,0.6,-1.1020211374628377,0.07118033988749883,MODEL_ONLY,MISSING_OR_STALE,MISSING_OR_STALE,0.0,0.0,64.07013343700001,False,
63.62013343700001,1.5363144519993026,1.5363144519993026,1.5363144519993026,2.5559165709291256,0.6,-1.1064676381107108,0.07618033988749925,MODEL_ONLY,MISSING_OR_STALE,MISSING_OR_STALE,0.0,0.0,64.120133437,False,
63.670133437000004,1.508183158686543,1.508183158686543,1.508183158686543,2.632029011196267,0.6,-1.110382618118065,0.08118033988749897,MODEL_ONLY,MISSING_OR_STALE,MISSING_OR_STALE,0.0,0.0,64.170133437,False,
63.720133437,1.4798795162710918,1.4798795162710918,1.4798795162710918,2.706730578070204,0.6,-1.1138296073935834,0.08618033988749868,MODEL_ONLY,MISSING_OR_STALE,MISSING_OR_STALE,0.0,0.0,64.220133437,False,
63.770133437000005,1.4514241276923754,1.4514241276923754,1.4514241276923754,2.780013169169297,0.6,-1.11686454029389,0.0911803398874991,MODEL_ONLY,MISSING_OR_STALE,MISSING_OR_STALE,0.0,0.0,64.270133437,False,
63.820133437,1.4228351336213554,1.4228351336213554,1.4228351336213554,2.8518696507021364,0.6,-1.119536663006044,0.09618033988749881,MODEL_ONLY,MISSING_OR_STALE,MISSING_OR_STALE,0.0,0.0,64.32013343700001,False,
63.87013343700001,1.394128506946212,1.394128506946212,1.394128506946212,2.9222937417163317,0.6,-1.1218893322818437,0.10118033988749923,MODEL_ONLY,MISSING_OR_STALE,MISSING_OR_STALE,0.0,0.0,64.370133437,False,
63.920133437000004,1.3653183121123849,1.3653183121123849,1.3653183121123849,2.991279912192793,0.6,-1.1239607184474099,0.10618033988749895,MODEL_ONLY,MISSING_OR_STALE,MISSING_OR_STALE,0.0,0.0,64.420133437,False,
63.970133437,1.336416933536888,1.336416933536888,1.336416933536888,3.058823293334021,0.6,-1.1257844240448875,0.11118033988749866,MODEL_ONLY,MISSING_OR_STALE,MISSING_OR_STALE,0.0,0.0,64.470133437,False,
64.020133437,1.3074352768191029,1.3074352768191029,1.3074352768191029,3.124919598592917,0.6,-1.1273900280761815,0.11618033988749837,MODEL_ONLY,MISSING_OR_STALE,MISSING_OR_STALE,0.0,0.0,64.520133437,False,
64.07013343700001,1.2783829460339022,1.2783829460339022,1.2783829460339022,3.1895650541642566,0.6,-1.1288035645874301,0.12118033988749952,MODEL_ONLY,MISSING_OR_STALE,MISSING_OR_STALE,0.0,0.0,64.57013343700001,False,
64.120133437,1.2492684000120662,1.2492684000120662,1.2492684000120662,3.252756337815402,0.6,-1.1300479432352948,0.12618033988749924,MODEL_ONLY,MISSING_OR_STALE,MISSING_OR_STALE,0.0,0.0,64.620133437,False,
64.170133437,1.2200990901812971,1.2200990901812971,1.2200990901812971,3.314490525070233,0.6,-1.1311433184914854,0.13118033988749897,MODEL_ONLY,MISSING_OR_STALE,MISSING_OR_STALE,0.0,0.0,64.670133437,False,
64.220133437,1.1908815822550227,1.1908815822550227,1.1908815822550227,3.3747650418811372,0.6,-1.1321074132504716,0.1361803398874987,MODEL_ONLY,MISSING_OR_STALE,MISSING_OR_STALE,0.0,0.0,64.720133437,False,
64.270133437,1.1616216638110017,1.1616216638110017,1.1616216638110017,3.4335776230327846,0.6,-1.1329558017874968,0.14118033988749842,MODEL_ONLY,MISSING_OR_STALE,MISSING_OR_STALE,0.0,0.0,64.770133437,False,
64.32013343700001,1.13232443959609,1.13232443959609,1.13232443959609,3.490926275617975,0.6,-1.133702156249705,0.14618033988749957,MODEL_ONLY,MISSING_OR_STALE,MISSING_OR_STALE,0.0,0.0,64.82013343700001,False,
64.370133437,1.102994416225459,1.102994416225459,1.102994416225459,3.5468092470135106,0.6,-1.1343584601308117,0.1511803398874993,MODEL_ONLY,MISSING_OR_STALE,MISSING_OR_STALE,0.0,0.0,64.870133437,False,
64.420133437,1.0736355778140902,1.0736355778140902,1.0736355778140902,3.6012249968644965,0.6,-1.1349351914551356,0.15618033988749902,MODEL_ONLY,MISSING_OR_STALE,MISSING_OR_STALE,0.0,0.0,64.920133437,False,
64.470133437,1.0442514539876748,1.0442514539876748,1.0442514539876748,3.6541721726595378,0.6,-1.1354414776516533,0.16118033988749875,MODEL_ONLY,MISSING_OR_STALE,MISSING_OR_STALE,0.0,0.0,64.970133437,False,
64.520133437,1.0148451816715112,1.0148451816715112,1.0148451816715112,3.7056495885510143,0.6,-1.1358852232988839,0.16618033988749847,MODEL_ONLY,MISSING_OR_STALE,MISSING_OR_STALE,0.0,0.0,65.020133437,False,
64.57013343700001,0.9854195620564824,0.9854195620564824,0.9854195620564824,3.7556562071442254,0.6,-1.136273211024277,0.17118033988749962,MODEL_ONLY,MISSING_OR_STALE,MISSING_OR_STALE,0.0,0.0,65.07013343700001,False,
64.620133437,0.9559771141988953,0.9559771141988953,0.9559771141988953,3.804191124050607,0.6,-1.1366111747933159,0.17618033988749934,MODEL_ONLY,MISSING_OR_STALE,MISSING_OR_STALE,0.0,0.0,65.120133437,False,
64.670133437,0.9265201268386092,0.9265201268386092,0.9265201268386092,3.851253555076542,0.6,-1.1369038435541325,0.18118033988749907,MODEL_ONLY,MISSING_OR_STALE,MISSING_OR_STALE,0.0,0.0,65.170133437,False,
64.720133437,0.8970507102359199,0.8970507102359199,0.8970507102359199,3.8968428260034025,0.6,-1.1371549516225368,0.1861803398874988,MODEL_ONLY,MISSING_OR_STALE,MISSING_OR_STALE,0.0,0.0,65.220133437,False,
64.770133437,0.8675708501555083,0.8675708501555083,0.8675708501555083,3.9409583650131856,0.6,-1.1373672101818655,0.19118033988749852,MODEL_ONLY,MISSING_OR_STALE,MISSING_OR_STALE,0.0,0.0,65.270133437,False,
64.82013343700001,0.8380824665995876,0.8380824665995876,0.8380824665995876,3.983599697932073,0.6,-1.1375422316777315,0.19618033988749967,MODEL_ONLY,MISSING_OR_STALE,MISSING_OR_STALE,0.0,0.0,65.32013343700001,False,
64.870133437,0.8085874805559896,0.8085874805559896,0.8085874805559896,4.02476644661096,0.6,-1.1376803955088666,0.2011803398874994,MODEL_ONLY,MISSING_OR_STALE,MISSING_OR_STALE,0.0,0.0,65.370133437,False,
64.920133437,0.779087892939274,0.779087892939274,0.779087892939274,4.06445833094834,0.6,-1.1377806389924803,0.20618033988749912,MODEL_ONLY,MISSING_OR_STALE,MISSING_OR_STALE,0.0,0.0,65.420133437,False,
64.970133437,0.7495858811421536,0.7495858811421536,0.7495858811421536,4.102675175300374,0.6,-1.1378401517848673,0.21118033988749885,MODEL_ONLY,MISSING_OR_STALE,MISSING_OR_STALE,0.0,0.0,65.470133437,False,
65.020133437,0.7200839202801217,0.7200839202801217,0.7200839202801217,4.139416920335929,0.6,-1.1378539443508648,0.21618033988749857,MODEL_ONLY,MISSING_OR_STALE,MISSING_OR_STALE,0.0,0.0,65.520133437,False,
65.07013343700001,0.6905849384336317,0.6905849384336317,0.6905849384336317,4.174683641803781,0.6,-1.1378142511954057,0.22118033988749972,MODEL_ONLY,MISSING_OR_STALE,MISSING_OR_STALE,0.0,0.0,65.57013343700001,False,
65.120133437,0.6610925181291097,0.6610925181291097,0.6610925181291097,4.208475578217847,0.6,-1.1377097168140928,0.22618033988749944,MODEL_ONLY,MISSING_OR_STALE,MISSING_OR_STALE,0.0,0.0,65.620133437,False,
65.170133437,0.6316111601455364,0.6316111601455364,0.6316111601455364,4.240793170174711,0.6,-1.1375242960708303,0.23118033988749917,MODEL_ONLY,MISSING_OR_STALE,MISSING_OR_STALE,0.0,0.0,65.670133437,False,
65.220133437,0.6021466307076355,0.6021466307076355,0.6021466307076355,4.271637114946039,0.6,-1.1372357804333981,0.2361803398874989,MODEL_ONLY,MISSING_OR_STALE,MISSING_OR_STALE,0.0,0.0,65.720133437,False,
65.270133437,0.5727064194538897,0.5727064194538897,0.5727064194538897,4.301008441200075,0.6,-1.136813836983884,0.24118033988749862,MODEL_ONLY,MISSING_OR_STALE,MISSING_OR_STALE,0.0,0.0,65.770133437,False,
65.32013343700001,0.5433003434286605,0.5433003434286605,0.5433003434286605,4.328908610272145,0.6,-1.1362174189714478,0.24618033988749977,MODEL_ONLY,MISSING_OR_STALE,MISSING_OR_STALE,0.0,0.0,65.82013343700001,False,
65.370133437,0.5139413417728147,0.5139413417728147,0.5139413417728147,4.35533965240218,0.6,-1.1353913771925692,0.2511803398874995,MODEL_ONLY,MISSING_OR_STALE,MISSING_OR_STALE,0.0,0.0,65.870133437,False,
65.420133437,0.48464651646117796,0.48464651646117796,0.48464651646117796,4.380304348858028,0.6,-1.1342620762331486,0.2561803398874992,MODEL_ONLY,MISSING_OR_STALE,MISSING_OR_STALE,0.0,0.0,65.920133437,False,
65.470133437,0.45543848534776027,0.45543848534776027,0.45543848534776027,4.40380647390325,0.6,-1.1327318099987798,0.26118033988749895,MODEL_ONLY,MISSING_OR_STALE,MISSING_OR_STALE,0.0,0.0,65.970133437,False,
65.520133437,0.4263471226422306,0.4263471226422306,0.4263471226422306,4.425851114102999,0.6,-1.1306718382384697,0.2661803398874987,MODEL_ONLY,MISSING_OR_STALE,MISSING_OR_STALE,0.0,0.0,66.020133437,False,
65.57013343700001,0.39741176429449804,0.39741176429449804,0.39741176429449804,4.446445086276421,0.6,-1.127913966520279,0.2711803398874998,MODEL_ONLY,MISSING_OR_STALE,MISSING_OR_STALE,0.0,0.0,66.07013343700001,False,
65.620133437,0.36868394374703456,0.36868394374703456,0.36868394374703456,4.465597478977458,0.6,-1.1242408244321946,0.2761803398874995,MODEL_ONLY,MISSING_OR_STALE,MISSING_OR_STALE,0.0,0.0,66.120133437,False,
65.670133437,0.3402306845118019,0.3402306845118019,0.3402306845118019,4.4833203446839285,0.6,-1.1193754435580292,0.28118033988749924,MODEL_ONLY,MISSING_OR_STALE,MISSING_OR_STALE,0.0,0.0,66.170133437,False,
65.720133437,0.31213829196014914,0.31213829196014914,0.31213829196014914,4.499629569095727,0.6,-1.1129714972604536,0.28618033988749897,MODEL_ONLY,MISSING_OR_STALE,MISSING_OR_STALE,0.0,0.0,66.220133437,False,
65.770133437,0.2845164358057609,0.2845164358057609,0.2845164358057609,4.514545937289873,0.6,-1.1046067160898985,0.2911803398874987,MODEL_ONLY,MISSING_OR_STALE,MISSING_OR_STALE,0.0,0.0,66.270133437,False,
65.82013343700001,0.2575020791643135,0.2575020791643135,0.2575020791643135,4.528096400164128,0.6,-1.0937834979580248,0.2961803398874998,MODEL_ONLY,MISSING_OR_STALE,MISSING_OR_STALE,0.0,0.0,66.32013343700001,False,
65.870133437,0.23126249354901404,0.23126249354901404,0.23126249354901404,4.540315514481961,0.6,-1.0799422694831344,0.30118033988749954,MODEL_ONLY,MISSING_OR_STALE,MISSING_OR_STALE,0.0,0.0,66.370133437,False,
65.920133437,0.20599625610837893,0.20599625610837893,0.20599625610837893,4.551246983223395,0.6,-1.0624939136599503,0.30618033988749926,MODEL_ONLY,MISSING_OR_STALE,MISSING_OR_STALE,0.0,0.0,66.420133437,False,
65.970133437,0.18193089061496007,0.18193089061496007,0.18193089061496007,4.560945161891478,0.6,-1.0408761994646019,0.311180339887499,MODEL_ONLY,MISSING_OR_STALE,MISSING_OR_STALE,0.0,0.0,66.470133437,False,
66.020133437,0.1593159001222697,0.1593159001222697,0.1593159001222697,4.569476331659908,0.6,-1.0146341693211376,0.3161803398874987,MODEL_ONLY,MISSING_OR_STALE,MISSING_OR_STALE,0.0,0.0,66.520133437,False,
66.07013343700001,0.13841055614982337,0.13841055614982337,0.13841055614982337,4.576919493066712,0.6,-0.9835155560447112,0.32118033988749983,MODEL_ONLY,MISSING_OR_STALE,MISSING_OR_STALE,0.0,0.0,66.57013343700001,False,
66.120133437,0.11946698898245879,0.11946698898245879,0.11946698898245879,4.583366431695019,0.6,-0.9475619971723372,0.32618033988749956,MODEL_ONLY,MISSING_OR_STALE,MISSING_OR_STALE,0.0,0.0,66.620133437,False,
66.170133437,0.10271055629334541,0.10271055629334541,0.10271055629334541,4.5889208703269135,0.6,-0.9071706436434873,0.3311803398874993,MODEL_ONLY,MISSING_OR_STALE,MISSING_OR_STALE,0.0,0.0,66.670133437,False,
66.220133437,0.08832054363358124,0.08832054363358124,0.08832054363358124,4.5936966478250865,0.6,-0.8631044032966069,0.336180339887499,MODEL_ONLY,MISSING_OR_STALE,MISSING_OR_STALE,0.0,0.0,66.720133437,False,
66.270133437,0.0764144057627853,0.0764144057627853,0.0764144057627853,4.597815021559995,0.6,-0.8164432603488755,0.34118033988749874,MODEL_ONLY,MISSING_OR_STALE,MISSING_OR_STALE,0.0,0.0,66.770133437,False,
66.32013343700001,0.06703788711017183,0.06703788711017183,0.06703788711017183,4.60140132888182,0.6,-0.7684874108863644,0.34618033988749985,MODEL_ONLY,MISSING_OR_STALE,MISSING_OR_STALE,0.0,0.0,66.82013343700001,False,
66.370133437,0.06016190670223186,0.06016190670223186,0.06016190670223186,4.604581323727129,0.6,-0.7206358381025447,0.3511803398874996,MODEL_ONLY,MISSING_OR_STALE,MISSING_OR_STALE,0.0,0.0,66.870133437,False,
66.420133437,0.05568571584047421,0.05568571584047421,0.05568571584047421,4.6074775142906965,0.6,-0.6742659992023324,0.3561803398874993,MODEL_ONLY,MISSING_OR_STALE,MISSING_OR_STALE,0.0,0.0,66.920133437,False,
66.470133437,0.053444980221902826,0.053444980221902826,0.053444980221902826,4.6102057816922555,0.6,-0.6306332728699653,0.36118033988749904,MODEL_ONLY,MISSING_OR_STALE,MISSING_OR_STALE,0.0,0.0,66.970133437,False,
66.520133437,0.05322316766001987,0.05322316766001987,0.05322316766001987,4.612872485389303,0.6,-0.5907986304991575,0.36618033988749876,MODEL_ONLY,MISSING_OR_STALE,MISSING_OR_STALE,0.0,0.0,67.020133437,False,
66.57013343700001,0.054764747409842635,0.054764747409842635,0.054764747409842635,4.615572183266051,0.6,-0.555584792712038,0.3711803398874999,MODEL_ONLY,MISSING_OR_STALE,MISSING_OR_STALE,0.0,0.0,67.07013343700001,False,
66.620133437,0.05778898740720869,0.05778898740720869,0.05778898740720869,4.618386026636477,0.6,-0.5255568833048962,0.3761803398874996,MODEL_ONLY,MISSING_OR_STALE,MISSING_OR_STALE,0.0,0.0,67.120133437,False,
66.670133437,0.06200341138241014,0.06200341138241014,0.06200341138241014,4.6213808366062175,0.6,-0.501022622674554,0.38118033988749933,MODEL_ONLY,MISSING_OR_STALE,MISSING_OR_STALE,0.0,0.0,67.170133437,False,
66.720133437,0.06711619311487844,0.06711619311487844,0.06711619311487844,4.624608826718649,0.6,-0.48204773818509966,0.38618033988749906,MODEL_ONLY,MISSING_OR_STALE,MISSING_OR_STALE,0.0,0.0,67.220133437,False,
66.770133437,0.07284693423911416,0.07284693423911416,0.07284693423911416,4.628107904902499,0.6,-0.46848309132441707,0.3911803398874988,MODEL_ONLY,MISSING_OR_STALE,MISSING_OR_STALE,0.0,0.0,67.270133437,False,
66.82013343700001,0.07893543155789945,0.07893543155789945,0.07893543155789945,4.631902464047425,0.6,-0.4600003609984761,0.3961803398874999,MODEL_ONLY,MISSING_OR_STALE,MISSING_OR_STALE,0.0,0.0,67.32013343700001,False,
66.870133437,0.08514821389356382,0.08514821389356382,0.08514821389356382,4.636004555183711,0.6,-0.45613299518424183,0.4011803398874996,MODEL_ONLY,MISSING_OR_STALE,MISSING_OR_STALE,0.0,0.0,67.370133437,False,
66.920133437,0.0912828153280415,0.0912828153280415,0.0912828153280415,4.6404153309142515,0.6,-0.45631892790065637,0.40618033988749935,MODEL_ONLY,MISSING_OR_STALE,MISSING_OR_STALE,0.0,0.0,67.420133437,False,
66.970133437,0.09716992905727477,0.09716992905727477,0.09716992905727477,4.645126649523884,0.6,-0.45994164242959534,0.4111803398874991,MODEL_ONLY,MISSING_OR_STALE,MISSING_OR_STALE,0.0,0.0,67.470133437,False,
67.020133437,0.1026737266024363,0.1026737266024363,0.1026737266024363,4.650122740915377,0.6,-0.4663667149847826,0.4161803398874988,MODEL_ONLY,MISSING_OR_STALE,MISSING_OR_STALE,0.0,0.0,67.520133437,False,
67.07013343700001,0.1076907122294693,0.1076907122294693,0.1076907122294693,4.655381851886175,0.6,-0.47497190898975217,0.4211803398874999,MODEL_ONLY,MISSING_OR_STALE,MISSING_OR_STALE,0.0,0.0,67.57013343700001,False,
67.120133437,0.11214750875087644,0.11214750875087644,0.11214750875087644,4.660877807410683,0.6,-0.48516996835600906,0.42618033988749965,MODEL_ONLY,MISSING_OR_STALE,MISSING_OR_STALE,0.0,0.0,67.620133437,False,
67.170133437,0.11599794832329885,0.11599794832329885,0.11599794832329885,4.666581443837537,0.6,-0.4964242279594758,0.4311803398874994,MODEL_ONLY,MISSING_OR_STALE,MISSING_OR_STALE,0.0,0.0,67.670133437,False,
67.220133437,0.11921978728380064,0.11921978728380064,0.11921978728380064,4.672461887227715,0.6,-0.5082578589638133,0.4361803398874991,MODEL_ONLY,MISSING_OR_STALE,MISSING_OR_STALE,0.0,0.0,67.720133437,False,
67.270133437,0.12181129488328253,0.12181129488328253,0.12181129488328253,4.678487664281891,0.6,-0.5202579486338065,0.44118033988749883,MODEL_ONLY,MISSING_OR_STALE,MISSING_OR_STALE,0.0,0.0,67.770133437,False,
67.32013343700001,0.12378789577874019,0.12378789577874019,0.12378789577874019,4.684627644048443,0.6,-0.5320757192770789,0.44618033988749994,MODEL_ONLY,MISSING_OR_STALE,MISSING_OR_STALE,0.0,0.0,67.82013343700001,False,
67.370133437,0.12517898411595602,0.12517898411595602,0.12517898411595602,4.69085181604581,0.6,-0.5434241014319461,0.45118033988749967,MODEL_ONLY,MISSING_OR_STALE,MISSING_OR_STALE,0.0,0.0,67.870133437,False,
67.420133437,0.12602497716328812,0.12602497716328812,0.12602497716328812,4.697131915077791,0.6,-0.5540736788089831,0.4561803398874994,MODEL_ONLY,MISSING_OR_STALE,MISSING_OR_STALE,0.0,0.0,67.920133437,False,
67.470133437,0.12637463961306145,0.12637463961306145,0.12637463961306145,4.7034419054972,0.6,-0.563847785954953,0.4611803398874991,MODEL_ONLY,MISSING_OR_STALE,MISSING_OR_STALE,0.0,0.0,67.970133437,False,
67.520133437,0.1262826847285501,0.1262826847285501,0.1262826847285501,4.70975833860574,0.6,-0.5726173097716287,0.46618033988749885,MODEL_ONLY,MISSING_OR_STALE,MISSING_OR_STALE,0.0,0.0,68.020133437,False,
67.57013343700001,0.12580764342207387,0.12580764342207387,0.12580764342207387,4.716060596809506,0.6,-0.5802955475916293,0.47118033988749997,MODEL_ONLY,MISSING_OR_STALE,MISSING_OR_STALE,0.0,0.0,68.07013343700001,False,
67.620133437,0.12500998478870654,0.12500998478870654,0.12500998478870654,4.722331037514776,0.6,-0.5868333172074386,0.4761803398874997,MODEL_ONLY,MISSING_OR_STALE,MISSING_OR_STALE,0.0,0.0,68.120133437,False,
67.670133437,0.12395046939593436,0.12395046939593436,0.12395046939593436,4.728555048869391,0.6,-0.5922143987046764,0.4811803398874994,MODEL_ONLY,MISSING_OR_STALE,MISSING_OR_STALE,0.0,0.0,68.170133437,False,
67.720133437,0.12268871783552018,0.12268871783552018,0.12268871783552018,4.734721028550177,0.6,-0.5964513101626809,0.48618033988749915,MODEL_ONLY,MISSING_OR_STALE,MISSING_OR_STALE,0.0,0.0,68.220133437,False,
67.770133437,0.12128198011138505,0.12128198011138505,0.12128198011138505,4.740820295998849,0.6,-0.599581373385849,0.4911803398874989,MODEL_ONLY,MISSING_OR_STALE,MISSING_OR_STALE,0.0,0.0,68.270133437,False,
67.82013343700001,0.11978409513376724,0.11978409513376724,0.11978409513376724,4.746846947879979,0.6,-0.6016630055334986,0.4961803398875,MODEL_ONLY,MISSING_OR_STALE,MISSING_OR_STALE,0.0,0.0,68.32013343700001,False,
67.870133437,0.11824463299793554,0.11824463299793554,0.11824463299793554,4.7527976660832705,0.6,-0.6027721717303866,0.5011803398874997,MODEL_ONLY,MISSING_OR_STALE,MISSING_OR_STALE,0.0,0.0,68.370133437,False,
67.920133437,0.11670821522103801,0.11670821522103801,0.11670821522103801,4.758671487288744,0.6,-0.602998946740916,0.5061803398874993,MODEL_ONLY,MISSING_OR_STALE,MISSING_OR_STALE,0.0,0.0,68.420133437,False,
67.970133437,0.11521400933942591,0.11521400933942591,0.11521400933942591,4.764469542902756,0.6,-0.6024441552716472,0.511180339887499,MODEL_ONLY,MISSING_OR_STALE,MISSING_OR_STALE,0.0,0.0,68.470133437,False,
68.020133437,0.11379539412067134,0.11379539412067134,0.11379539412067134,4.770194777989258,0.6,-0.6012160856127595,0.5161803398874987,MODEL_ONLY,MISSING_OR_STALE,MISSING_OR_STALE,0.0,0.0,68.520133437,False,
68.07013343700001,0.11247979021725285,0.11247979021725285,0.11247979021725285,4.775851657597707,0.6,-0.5994272959574736,0.5211803398874998,MODEL_ONLY,MISSING_OR_STALE,MISSING_OR_STALE,0.0,0.0,68.57013343700001,False,
68.120133437,0.11128864864176345,0.11128864864176345,0.11128864864176345,4.7814458685691825,0.6,-0.5971915534926532,0.5261803398874995,MODEL_ONLY,MISSING_OR_STALE,MISSING_OR_STALE,0.0,0.0,68.620133437,False,
68.170133437,0.1102375863420929,0.1102375863420929,0.1102375863420929,4.786984024443779,0.6,-0.5946209608777799,0.5311803398874991,MODEL_ONLY,MISSING_OR_STALE,MISSING_OR_STALE,0.0,0.0,68.670133437,False,
68.220133437,0.1093366548123382,0.1093366548123382,0.1093366548123382,4.792473380472639,0.6,-0.5918233317633276,0.5361803398874988,MODEL_ONLY,MISSING_OR_STALE,MISSING_OR_STALE,0.0,0.0,68.720133437,False,
68.270133437,0.10859072449572886,0.10859072449572886,0.10859072449572886,4.797921564955341,0.6,-0.5888998763569276,0.5411803398874985,MODEL_ONLY,MISSING_OR_STALE,MISSING_OR_STALE,0.0,0.0,68.770133437,False,
68.32013343700001,0.1079999650696732,0.1079999650696732,0.1079999650696732,4.803336332194477,0.6,-0.5859432504697913,0.5461803398874996,MODEL_ONLY,MISSING_OR_STALE,MISSING_OR_STALE,0.0,0.0,68.82013343700001,False,
68.370133437,0.10756039981342302,0.10756039981342302,0.10756039981342302,4.8087253413165545,0.6,-0.5830360084012466,0.5511803398874993,MODEL_ONLY,MISSING_OR_STALE,MISSING_OR_STALE,0.0,0.0,68.870133437,False,
68.420133437,0.10726451130598766,0.10726451130598766,0.10726451130598766,4.814095964094539,0.6,-0.5802494832871121,0.5561803398874989,MODEL_ONLY,MISSING_OR_STALE,MISSING_OR_STALE,0.0,0.0,68.920133437,False,
68.470133437,0.10710187574113668,0.10710187574113668,0.10710187574113668,4.819455123770717,0.6,-0.5776431001129998,0.5611803398874986,MODEL_ONLY,MISSING_OR_STALE,MISSING_OR_STALE,0.0,0.0,68.970133437,False,
68.520133437,0.10705980413826849,0.10705980413826849,0.10705980413826849,4.824809165767702,0.6,-0.5752641083241707,0.5661803398874983,MODEL_ONLY,MISSING_OR_STALE,MISSING_OR_STALE,0.0,0.0,69.020133437,False,
68.57013343700001,0.1071239705569665,0.1071239705569665,0.1071239705569665,4.830163760135084,0.6,-0.5731477044036233,0.5711803398874994,MODEL_ONLY,MISSING_OR_STALE,MISSING_OR_STALE,0.0,0.0,69.07013343700001,False,
68.620133437,0.10727900991984013,0.10727900991984013,0.10727900991984013,4.835523834647004,0.6,-0.5713175010954873,0.5761803398874991,MODEL_ONLY,MISSING_OR_STALE,MISSING_OR_STALE,0.0,0.0,69.120133437,False,
68.670133437,0.1075090710132108,0.1075090710132108,0.1075090710132108,4.84089353667033,0.6,-0.5697862898401447,0.5811803398874987,MODEL_ONLY,MISSING_OR_STALE,MISSING_OR_STALE,0.0,0.0,69.170133437,False,
68.720133437,0.10779831346047877,0.10779831346047877,0.10779831346047877,4.846276221282172,0.6,-0.5685570367564733,0.5861803398874984,MODEL_ONLY,MISSING_OR_STALE,MISSING_OR_STALE,0.0,0.0,69.220133437,False,
68.770133437,0.10813134075087873,0.10813134075087873,0.10813134075087873,4.8516744626374555,0.6,-0.5676240500806363,0.5911803398874981,MODEL_ONLY,MISSING_OR_STALE,MISSING_OR_STALE,0.0,0.0,69.270133437,False,
68.82013343700001,0.10849356458327306,0.10849356458327306,0.10849356458327306,4.85709008527081,0.6,-0.5669742579820586,0.5961803398874992,MODEL_ONLY,MISSING_OR_STALE,MISSING_OR_STALE,0.0,0.0,69.32013343700001,False,
68.870133437,0.10887149871055948,0.10887149871055948,0.10887149871055948,4.862524211853156,0.6,-0.5665885395523502,0.6011803398874989,MODEL_ONLY,MISSING_OR_STALE,MISSING_OR_STALE,0.0,0.0,69.370133437,False,
68.920133437,0.10925298304314142,0.10925298304314142,0.10925298304314142,4.867977323896998,0.6,-0.5664430578122956,0.6061803398874985,MODEL_ONLY,MISSING_OR_STALE,MISSING_OR_STALE,0.0,0.0,69.420133437,False,
68.970133437,0.10962734092614333,0.10962734092614333,0.10962734092614333,4.8734493319962295,0.6,-0.5665105510810674,0.6111803398874982,MODEL_ONLY,MISSING_OR_STALE,MISSING_OR_STALE,0.0,0.0,69.470133437,False,
69.020133437,0.10998547421669788,0.10998547421669788,0.10998547421669788,4.8789396523748,0.6,-0.5667615473089999,0.6161803398874979,MODEL_ONLY,MISSING_OR_STALE,MISSING_OR_STALE,0.0,0.0,69.520133437,False,
69.07013343700001,0.11031990205707022,0.11031990205707022,0.11031990205707022,4.884447286781646,0.6,-0.5671654743828917,0.621180339887499,MODEL_ONLY,MISSING_OR_STALE,MISSING_OR_STALE,0.0,0.0,69.57013343700001,False,
69.120133437,0.11062475009278179,0.11062475009278179,0.11062475009278179,4.889970903085392,0.6,-0.567691647479066,0.6261803398874987,MODEL_ONLY,MISSING_OR_STALE,MISSING_OR_STALE,0.0,0.0,69.620133437,False,
69.170133437,0.11089569736512285,0.11089569736512285,0.11089569736512285,4.895508914271839,0.6,-0.5683101219026658,0.6311803398874983,MODEL_ONLY,MISSING_OR_STALE,MISSING_OR_STALE,0.0,0.0,69.670133437,False,
69.220133437,0.11112988826734649,0.11112988826734649,0.11112988826734649,4.901059553912651,0.6,-0.5689924062793011,0.636180339887498,MODEL_ONLY,MISSING_OR_STALE,MISSING_OR_STALE,0.0,0.0,69.720133437,False,
69.270133437,0.11132581685039517,0.11132581685039517,0.11132581685039517,4.9066209465405946,0.6,-0.5697120363409623,0.6411803398874977,MODEL_ONLY,MISSING_OR_STALE,MISSING_OR_STALE,0.0,0.0,69.770133437,False,
69.32013343700001,0.11148319045361013,0.11148319045361013,0.11148319045361013,4.912191171723196,0.6,-0.5704450138519376,0.6461803398874988,MODEL_ONLY,MISSING_OR_STALE,MISSING_OR_STALE,0.0,0.0,69.82013343700001,False,
69.370133437,0.11160277917096825,0.11160277917096825,0.11160277917096825,4.91776832096381,0.6,-0.571170118504487,0.6511803398874985,MODEL_ONLY,MISSING_OR_STALE,MISSING_OR_STALE,0.0,0.0,69.870133437,False,
69.420133437,0.11168625709035394,0.11168625709035394,0.11168625709035394,4.923350546870343,0.6,-0.5718691029787466,0.6561803398874981,MODEL_ONLY,MISSING_OR_STALE,MISSING_OR_STALE,0.0,0.0,69.920133437,False,
69.470133437,0.1117360406014837,0.1117360406014837,0.1117360406014837,4.928936104312639,0.6,-0.5725267829338385,0.6611803398874978,MODEL_ONLY,MISSING_OR_STALE,MISSING_OR_STALE,0.0,0.0,69.970133437,False,
69.520133437,0.11175512838939265,0.11175512838939265,0.11175512838939265,4.93452338353741,0.6,-0.5731310346132952,0.6661803398874975,MODEL_ONLY,MISSING_OR_STALE,MISSING_OR_STALE,0.0,0.0,70.020133437,False,
69.57013343700001,0.11174694704010982,0.11174694704010982,0.11174694704010982,4.940110935423149,0.6,-0.5736727131388194,0.6711803398874986,MODEL_ONLY,MISSING_OR_STALE,MISSING_OR_STALE,0.0,0.0,70.07013343700001,False,
69.620133437,0.11171520550261944,0.11171520550261944,0.11171520550261944,4.945697489236717,0.6,-0.5741455045497962,0.6761803398874983,MODEL_ONLY,MISSING_OR_STALE,MISSING_OR_STALE,0.0,0.0,70.120133437,False,
69.670133437,0.1116637609908555,0.1116637609908555,0.1116637609908555,4.951281963399054,0.6,-0.5745457243213085,0.6811803398874979,MODEL_ONLY,MISSING_OR_STALE,MISSING_OR_STALE,0.0,0.0,70.170133437,False,
69.720133437,0.11159649828189709,0.11159649828189709,0.11159649828189709,4.956863469880872,0.6,-0.5748720745404743,0.6861803398874976,MODEL_ONLY,MISSING_OR_STALE,MISSING_OR_STALE,0.0,0.0,70.220133437,False,
69.770133437,0.11151722377942634,0.11151722377942634,0.11151722377942634,4.962441312932405,0.6,-0.5751253712009081,0.6911803398874973,MODEL_ONLY,MISSING_OR_STALE,MISSING_OR_STALE,0.0,0.0,70.270133437,False,
69.82013343700001,0.11142957517048968,0.11142957517048968,0.11142957517048968,4.968014982906155,0.6,-0.5753082522331842,0.6961803398874984,MODEL_ONLY,MISSING_OR_STALE,MISSING_OR_STALE,0.0,0.0,70.32013343700001,False,
69.870133437,0.1113369470127823,0.1113369470127823,0.1113369470127823,4.973584145960737,0.6,-0.5754248759580414,0.7011803398874981,MODEL_ONLY,MISSING_OR_STALE,MISSING_OR_STALE,0.0,0.0,70.370133437,False,
69.920133437,0.11124243215206783,0.11124243215206783,0.11124243215206783,4.979148630439857,0.6,-0.5754806186525542,0.7061803398874977,MODEL_ONLY,MISSING_OR_STALE,MISSING_OR_STALE,0.0,0.0,70.420133437,False,
69.970133437,0.11114877848710125,0.11114877848710125,0.11114877848710125,4.984708410705836,0.6,-0.5754817788759892,0.7111803398874974,MODEL_ONLY,MISSING_OR_STALE,MISSING_OR_STALE,0.0,0.0,70.470133437,False,
70.020133437,0.11105836027390521,0.11105836027390521,0.11105836027390521,4.990263589174861,0.6,-0.5754352951273317,0.7161803398874971,MODEL_ONLY,MISSING_OR_STALE,MISSING_OR_STALE,0.0,0.0,70.520133437,False,
70.07013343700001,0.11097316289305006,0.11097316289305006,0.11097316289305006,4.995814377254035,0.6,-0.5753484823156129,0.7211803398874982,MODEL_ONLY,MISSING_OR_STALE,MISSING_OR_STALE,0.0,0.0,70.57013343700001,False,
70.120133437,0.11089477979245621,0.11089477979245621,0.11089477979245621,5.001361075821173,0.6,-0.575228791432955,0.7261803398874979,MODEL_ONLY,MISSING_OR_STALE,MISSING_OR_STALE,0.0,0.0,70.620133437,False,
70.170133437,0.11082442016302721,0.11082442016302721,0.11082442016302721,5.006904055820059,0.6,-0.5750835957455249,0.7311803398874975,MODEL_ONLY,MISSING_OR_STALE,MISSING_OR_STALE,0.0,0.0,70.670133437,False,
70.220133437,0.11076292580304244,0.11076292580304244,0.11076292580304244,5.0124437394692105,0.6,-0.5749200057771428,0.7361803398874972,MODEL_ONLY,MISSING_OR_STALE,MISSING_OR_STALE,0.0,0.0,70.720133437,False,
70.270133437,0.11071079557663413,0.11071079557663413,0.11071079557663413,5.017980582503702,0.6,-0.5747447143723204,0.7411803398874969,MODEL_ONLY,MISSING_OR_STALE,MISSING_OR_STALE,0.0,0.0,70.770133437,False,
70.32013343700001,0.1106682158678851,0.1106682158678851,0.1106682158678851,5.023515057789816,0.6,-0.5745638722076419,0.746180339887498,MODEL_ONLY,MISSING_OR_STALE,MISSING_OR_STALE,0.0,0.0,70.82013343700001,False,
70.370133437,0.1106350954703218,0.1106350954703218,0.1106350954703218,5.029047640573271,0.6,-0.5743829932888211,0.7511803398874977,MODEL_ONLY,MISSING_OR_STALE,MISSING_OR_STALE,0.0,0.0,70.870133437,False,
70.420133437,0.11061110342638289,0.11061110342638289,0.11061110342638289,5.034578795545689,0.6,-0.5742068892392119,0.7561803398874973,MODEL_ONLY,MISSING_OR_STALE,MISSING_OR_STALE,0.0,0.0,70.920133437,False,
70.470133437,0.11059570843685651,0.11059570843685651,0.11059570843685651,5.040108965842269,0.6,-0.5740396305645303,0.761180339887497,MODEL_ONLY,MISSING_OR_STALE,MISSING_OR_STALE,0.0,0.0,70.970133437,False,
70.520133437,0.11058821859004944,0.11058821859004944,0.11058821859004944,5.045638564017942,0.6,-0.5738845325748594,0.7661803398874967,MODEL_ONLY,MISSING_OR_STALE,MISSING_OR_STALE,0.0,0.0,71.020133437,False,
70.57013343700001,0.11058782030825334,0.11058782030825334,0.11058782030825334,5.051167964990401,0.6,-0.5737441632614189,0.7711803398874978,MODEL_ONLY,MISSING_OR_STALE,MISSING_OR_STALE,0.0,0.0,71.07013343700001,False,
70.620133437,0.1105936155687093,0.1105936155687093,0.1105936155687093,5.056697500887324,0.6,-0.5736203701608606,0.7761803398874975,MODEL_ONLY,MISSING_OR_STALE,MISSING_OR_STALE,0.0,0.0,71.120133437,False,
70.670133437,0.11060465662187258,0.11060465662187258,0.11060465662187258,5.062227457692089,0.6,-0.5735143230890216,0.7811803398874971,MODEL_ONLY,MISSING_OR_STALE,MISSING_OR_STALE,0.0,0.0,71.170133437,False,
70.720133437,0.11061997759595701,0.11061997759595701,0.11061997759595701,5.067758073547534,0.6,-0.5734265695809022,0.7861803398874968,MODEL_ONLY,MISSING_OR_STALE,MISSING_OR_STALE,0.0,0.0,71.220133437,False,
70.770133437,0.11063862253872248,0.11063862253872248,0.11063862253872248,5.073289538550901,0.6,-0.5733570999232226,0.7911803398874965,MODEL_ONLY,MISSING_OR_STALE,MISSING_OR_STALE,0.0,0.0,71.270133437,False,
70.82013343700001,0.11065966960119342,0.11065966960119342,0.11065966960119342,5.078821995854399,0.6,-0.5733054187974111,0.7961803398874976,MODEL_ONLY,MISSING_OR_STALE,MISSING_OR_STALE,0.0,0.0,71.32013343700001,False,
70.870133437,0.11068225121015075,0.11068225121015075,0.11068225121015075,5.084355543874683,0.6,-0.5732706207502175,0.8011803398874973,MODEL_ONLY,MISSING_OR_STALE,MISSING_OR_STALE,0.0,0.0,71.370133437,False,
70.920133437,0.11070557020428613,0.11070557020428613,0.11070557020428613,5.089890239410043,0.6,-0.5732514669617288,0.8061803398874969,MODEL_ONLY,MISSING_OR_STALE,MISSING_OR_STALE,0.0,0.0,71.420133437,False,
70.970133437,0.11072891202106298,0.11072891202106298,0.11072891202106298,5.0954261014656765,0.6,-0.57324646107193,0.8111803398874966,MODEL_ONLY,MISSING_OR_STALE,MISSING_OR_STALE,0.0,0.0,71.470133437,False,
71.020133437,0.11075165311652106,0.11075165311652106,0.11075165311652106,5.100963115594116,0.6,-0.5732539221432819,0.8161803398874963,MODEL_ONLY,MISSING_OR_STALE,MISSING_OR_STALE,0.0,0.0,71.520133437,False,
71.07013343700001,0.11077326587806337,0.11077326587806337,0.11077326587806337,5.106501238568981,0.6,-0.5732720531653682,0.8211803398874974,MODEL_ONLY,MISSING_OR_STALE,MISSING_OR_STALE,0.0,0.0,71.57013343700001,False,
71.120133437,0.11079332035082022,0.11079332035082022,0.11079332035082022,5.112040403224703,0.6,-0.5732990038371842,0.8261803398874971,MODEL_ONLY,MISSING_OR_STALE,MISSING_OR_STALE,0.0,0.0,71.620133437,False,
71.170133437,0.11081148314211607,0.11081148314211607,0.11081148314211607,5.117580523312026,0.6,-0.5733329266833735,0.8311803398874967,MODEL_ONLY,MISSING_OR_STALE,MISSING_OR_STALE,0.0,0.0,71.670133437,False,
71.220133437,0.11082751389688583,0.11082751389688583,0.11082751389688583,5.1231214982380004,0.6,-0.5733720258646675,0.8361803398874964,MODEL_ONLY,MISSING_OR_STALE,MISSING_OR_STALE,0.0,0.0,71.720133437,False,
71.270133437,0.11084125975091313,0.11084125975091313,0.11084125975091313,5.128663217579195,0.6,-0.5734145983236069,0.8411803398874961,MODEL_ONLY,MISSING_OR_STALE,MISSING_OR_STALE,0.0,0.0,71.770133437,False,
71.32013343700001,0.11085264817002709,0.11085264817002709,0.11085264817002709,5.13420556527722,0.6,-0.5734590671596559,0.8461803398874972,MODEL_ONLY,MISSING_OR_STALE,MISSING_OR_STALE,0.0,0.0,71.82013343700001,False,
71.370133437,0.11086167857356803,0.11086167857356803,0.11086167857356803,5.13974842344581,0.6,-0.5735040073498814,0.8511803398874969,MODEL_ONLY,MISSING_OR_STALE,MISSING_OR_STALE,0.0,0.0,71.870133437,False,
71.420133437,0.11086841312126265,0.11086841312126265,0.11086841312126265,5.14529167573818,0.6,-0.5735481641206636,0.8561803398874965,MODEL_ONLY,MISSING_OR_STALE,MISSING_OR_STALE,0.0,0.0,71.920133437,False,
71.470133437,0.11087296701588793,0.11087296701588793,0.11087296701588793,5.150835210241609,0.6,-0.5735904644318185,0.8611803398874962,MODEL_ONLY,MISSING_OR_STALE,MISSING_OR_STALE,0.0,0.0,71.970133437,False,
71.520133437,0.11087549864147193,0.11087549864147193,0.11087549864147193,5.156378921883043,0.6,-0.5736300221574491,0.8661803398874959,MODEL_ONLY,MISSING_OR_STALE,MISSING_OR_STALE,0.0,0.0,72.020133437,False,
71.57013343700001,0.11087619981991473,0.11087619981991473,0.11087619981991473,5.161922714344579,0.6,-0.5736661376390318,0.871180339887497,MODEL_ONLY,MISSING_OR_STALE,MISSING_OR_STALE,0.0,0.0,72.07013343700001,False,
71.620133437,0.11087528642934442,0.11087528642934442,0.11087528642934442,5.16746650150081,0.6,-0.5736982923475958,0.8761803398874967,MODEL_ONLY,MISSING_OR_STALE,MISSING_OR_STALE,0.0,0.0,72.120133437,False,
71.670133437,0.11087298958664449,0.11087298958664449,0.11087298958664449,5.17301020840121,0.6,-0.5737261394257631,0.8811803398874963,MODEL_ONLY,MISSING_OR_STALE,MISSING_OR_STALE,0.0,0.0,72.170133437,False,
71.720133437,0.1108695475556428,0.1108695475556428,0.1108695475556428,5.178553771829766,0.6,-0.5737494908896721,0.886180339887496,MODEL_ONLY,MISSING_OR_STALE,MISSING_OR_STALE,0.0,0.0,72.220133437,False,
71.770133437,0.11086519850251995,0.11086519850251995,0.11086519850251995,5.18409714048122,0.6,-0.5737683022584222,0.8911803398874957,MODEL_ONLY,MISSING_OR_STALE,MISSING_OR_STALE,0.0,0.0,72.270133437,False,
71.82013343700001,0.11086017418198786,0.11086017418198786,0.11086017418198786,5.189640274798334,0.6,-0.5737826553478103,0.8961803398874968,MODEL_ONLY,MISSING_OR_STALE,MISSING_OR_STALE,0.0,0.0,72.32013343700001,False,
71.870133437,0.11085469460245463,0.11085469460245463,0.11085469460245463,5.1951831465179446,0.6,-0.5737927399189726,0.9011803398874965,MODEL_ONLY,MISSING_OR_STALE,MISSING_OR_STALE,0.0,0.0,72.370133437,False,
71.920133437,0.11084896368631002,0.11084896368631002,0.11084896368631002,5.200725737975163,0.6,-0.5737988348142663,0.9061803398874961,MODEL_ONLY,MISSING_OR_STALE,MISSING_OR_STALE,0.0,0.0,72.420133437,False,
71.970133437,0.11084316591305904,0.11084316591305904,0.11084316591305904,5.2062680412151465,0.6,-0.5738012891453614,0.9111803398874958,MODEL_ONLY,MISSING_OR_STALE,MISSING_OR_STALE,0.0,0.0,72.470133437,False,
72.020133437,0.11083746390857566,0.11083746390857566,0.11083746390857566,5.211810056960687,0.6,-0.5738005040249664,0.9161803398874955,MODEL_ONLY,MISSING_OR_STALE,MISSING_OR_STALE,0.0,0.0,72.520133437,False,
72.07013343700001,0.1108319969233818,0.1108319969233818,0.1108319969233818,5.217351793481487,0.6,-0.57379691525655,0.9211803398874966,MODEL_ONLY,MISSING_OR_STALE,MISSING_OR_STALE,0.0,0.0,72.57013343700001,False,
72.120133437,0.11082688012659428,0.11082688012659428,0.11082688012659428,5.222893265407736,0.6,-0.5737909773182868,0.9261803398874963,MODEL_ONLY,MISSING_OR_STALE,MISSING_OR_STALE,0.0,0.0,72.620133437,False,
72.170133437,0.1108222046299305,0.1108222046299305,0.1108222046299305,5.228434492526649,0.6,-0.5737831489003994,0.9311803398874959,MODEL_ONLY,MISSING_OR_STALE,MISSING_OR_STALE,0.0,0.0,72.670133437,False,
72.220133437,0.11081803814773834,0.11081803814773834,0.11081803814773834,5.23397549859609,0.6,-0.573773880180962,0.9361803398874956,MODEL_ONLY,MISSING_OR_STALE,MISSING_OR_STALE,0.0,0.0,72.720133437,False,
72.270133437,0.11081442619415188,0.11081442619415188,0.11081442619415188,5.239516310204637,0.6,-0.5737636019556388,0.9411803398874953,MODEL_ONLY,MISSING_OR_STALE,MISSING_OR_STALE,0.0,0.0,72.770133437,False,
72.32013343700001,0.1108113937168528,0.1108113937168528,0.1108113937168528,5.245056955702413,0.6,-0.5737527166730001,0.9461803398874964,MODEL_ONLY,MISSING_OR_STALE,MISSING_OR_STALE,0.0,0.0,72.82013343700001,False,
72.370133437,0.1108089470681669,0.1108089470681669,0.1108089470681669,5.2505974642220385,0.6,-0.5737415913699532,0.9511803398874961,MODEL_ONLY,MISSING_OR_STALE,MISSING_OR_STALE,0.0,0.0,72.870133437,False,
72.420133437,0.11080707621795136,0.11080707621795136,0.11080707621795136,5.256137864804191,0.6,-0.5737305524521003,0.9561803398874957,MODEL_ONLY,MISSING_OR_STALE,MISSING_OR_STALE,0.0,0.0,72.920133437,False,
72.470133437,0.11080575711851653,0.11080575711851653,0.11080575711851653,5.261678185637602,0.6,-0.57371988222188,0.9611803398874954,MODEL_ONLY,MISSING_OR_STALE,MISSING_OR_STALE,0.0,0.0,72.970133437,False,
72.520133437,0.11080495413926181,0.11080495413926181,0.11080495413926181,5.267218453419046,0.6,-0.5737098170233007,0.9661803398874951,MODEL_ONLY,MISSING_OR_STALE,MISSING_OR_STALE,0.0,0.0,73.020133437,False,
72.57013343700001,0.11080462249738027,0.11080462249738027,0.11080462249738027,5.272758692834963,0.6,-0.5737005468458385,0.9711803398874962,MODEL_ONLY,MISSING_OR_STALE,MISSING_OR_STALE,0.0,0.0,73.07013343700001,False,
72.620133437,0.11080471062051392,0.11080471062051392,0.11080471062051392,5.27829892616291,0.6,-0.5736922162113626,0.9761803398874959,MODEL_ONLY,MISSING_OR_STALE,MISSING_OR_STALE,0.0,0.0,73.120133437,False,
72.670133437,0.11080516238725636,0.11080516238725636,0.11080516238725636,5.283839172988104,0.6,-0.573684926156318,0.9811803398874955,MODEL_ONLY,MISSING_OR_STALE,MISSING_OR_STALE,0.0,0.0,73.170133437,False,
72.720133437,0.1108059192015754,0.1108059192015754,0.1108059192015754,5.289379450027825,0.6,-0.5736787371162478,0.9861803398874952,MODEL_ONLY,MISSING_OR_STALE,MISSING_OR_STALE,0.0,0.0,73.220133437,False,
72.770133437,0.11080692186727074,0.11080692186727074,0.11080692186727074,5.294919771054546,0.6,-0.5736736725203904,0.9911803398874949,MODEL_ONLY,MISSING_OR_STALE,MISSING_OR_STALE,0.0,0.0,73.270133437,False,
72.82013343700001,0.1108081122382419,0.1108081122382419,0.1108081122382419,5.300460146907184,0.6,-0.5736697229097886,0.996180339887496,MODEL_ONLY,MISSING_OR_STALE,MISSING_OR_STALE,0.0,0.0,73.32013343700001,False,
72.870133437,0.11080943462940888,0.11080943462940888,0.11080943462940888,5.306000585578875,0.6,-0.573666850402296,1.0011803398874957,MODEL_ONLY,MISSING_OR_STALE,MISSING_OR_STALE,0.0,0.0,73.370133437,False,
72.920133437,0.11081083698143808,0.11081083698143808,0.11081083698143808,5.311541092369146,0.6,-0.5736649933412499,1.0061803398874953,MODEL_ONLY,MISSING_OR_STALE,MISSING_OR_STALE,0.0,0.0,73.420133437,False,
72.970133437,0.11081227177985242,0.11081227177985242,0.11081227177985242,5.317081670088178,0.6,-0.5736640709806116,1.011180339887495,MODEL_ONLY,MISSING_OR_STALE,MISSING_OR_STALE,0.0,0.0,73.470133437,False,
73.020133437,0.11081369673556433,0.11081369673556433,0.11081369673556433,5.322622319301063,0.6,-0.5736639880772731,1.0161803398874947,MODEL_ONLY,MODEL_DISAGREEMENT,MODEL_DISAGREEMENT,0.0,0.0,73.520133437,False,
73.07013343700001,0.11081507523931323,0.11081507523931323,0.11081507523931323,5.328163038600436,0.6,-0.5736646392802796,1.021180339887496,MODEL_ONLY,DUPLICATE_OR_OLD,DUPLICATE_OR_OLD,0.0,0.0,73.520133437,False,
73.120133437,0.11081637660690263,0.11081637660690263,0.11081637660690263,5.333703824896591,0.6,-0.5736659132262643,1.0261803398874956,MODEL_ONLY,MODEL_DISAGREEMENT,MODEL_DISAGREEMENT,0.0,0.0,73.620133437,False,
73.170133437,0.11081757613552892,0.11081757613552892,0.11081757613552892,5.339244673715151,0.6,-0.573667696269848,1.0311803398874952,MODEL_ONLY,DUPLICATE_OR_OLD,DUPLICATE_OR_OLD,0.0,0.0,73.620133437,False,
73.220133437,0.11081865499391562,0.11081865499391562,0.11081865499391562,5.3447855794933865,0.6,-0.573669875796606,1.036180339887495,MODEL_ONLY,MODEL_DISAGREEMENT,MODEL_DISAGREEMENT,0.0,0.0,73.720133437,False,
73.270133437,0.11081959997047325,0.11081959997047325,0.11081959997047325,5.350326535867496,0.6,-0.5736723430840343,1.0411803398874946,MODEL_ONLY,DUPLICATE_OR_OLD,DUPLICATE_OR_OLD,0.0,0.0,73.720133437,False,
73.32013343700001,0.11082040310437426,0.11082040310437426,0.11082040310437426,5.355867535944369,0.6,-0.5736749956924055,1.0461803398874958,MODEL_ONLY,MODEL_DISAGREEMENT,MODEL_DISAGREEMENT,0.0,0.0,73.82013343700001,False,
73.370133437,0.1108210612243538,0.1108210612243538,0.1108210612243538,5.361408572552587,0.6,-0.5736777393822282,1.0511803398874955,MODEL_ONLY,DUPLICATE_OR_OLD,DUPLICATE_OR_OLD,0.0,0.0,73.82013343700001,False,
73.420133437,0.1108215754193191,0.1108215754193191,0.1108215754193191,5.366949638468678,0.6,-0.57368048956803,1.0561803398874952,MODEL_ONLY,MODEL_DISAGREEMENT,MODEL_DISAGREEMENT,0.0,0.0,73.920133437,False,
73.470133437,0.11082195046357525,0.11082195046357525,0.11082195046357525,5.37249072661575,0.6,-0.5736831723292674,1.0611803398874948,MODEL_ONLY,DUPLICATE_OR_OLD,DUPLICATE_OR_OLD,0.0,0.0,73.920133437,False,
73.520133437,0.1108221942177579,0.1108221942177579,0.1108221942177579,5.378031830232783,0.6,-0.5736857250082652,1.0661803398874945,MODEL_ONLY,MODEL_DISAGREEMENT,MODEL_DISAGREEMENT,0.0,0.0,74.020133437,False,
73.57013343700001,0.11082231702450536,0.11082231702450536,0.11082231702450536,5.38357294301384,0.6,-0.5736880964322288,1.0711803398874957,MODEL_ONLY,DUPLICATE_OR_OLD,DUPLICATE_OR_OLD,0.0,0.0,74.020133437,False,
73.620133437,0.11082233111560362,0.11082233111560362,0.11082233111560362,5.389114059217343,0.6,-0.5736902468016102,1.0761803398874954,MODEL_ONLY,MODEL_DISAGREEMENT,MODEL_DISAGREEMENT,0.0,0.0,74.120133437,False,
73.670133437,0.11082225004488776,0.11082225004488776,0.11082225004488776,5.394655173746355,0.6,-0.5736921472905553,1.081180339887495,MODEL_ONLY,DUPLICATE_OR_OLD,DUPLICATE_OR_OLD,0.0,0.0,74.120133437,False,
73.720133437,0.11082208815866924,0.11082208815866924,0.11082208815866924,5.400196282201444,0.6,-0.5736937794069441,1.0861803398874947,MODEL_ONLY,MODEL_DISAGREEMENT,MODEL_DISAGREEMENT,0.0,0.0,74.220133437,False,
73.770133437,0.11082186011295288,0.11082186011295288,0.11082186011295288,5.405737380908234,0.6,-0.5736951341598331,1.0911803398874944,MODEL_ONLY,DUPLICATE_OR_OLD,DUPLICATE_OR_OLD,0.0,0.0,74.220133437,False,
73.82013343700001,0.11082158044427738,0.11082158044427738,0.11082158044427738,5.411278466922166,0.6,-0.5736962110810988,1.0961803398874956,MODEL_ONLY,MODEL_DISAGREEMENT,MODEL_DISAGREEMENT,0.0,0.0,74.32013343700001,False,
73.870133437,0.1108212631987132,0.1108212631987132,0.1108212631987132,5.4168195380132405,0.6,-0.5736970171459557,1.1011803398874953,MODEL_ONLY,DUPLICATE_OR_OLD,DUPLICATE_OR_OLD,0.0,0.0,74.32013343700001,False,
73.920133437,0.2608209216214252,0.2608209216214252,0.2608209216214252,5.426110592633743,0.6,-0.5736975656339863,1.106180339887495,REACQUIRING,REACQUIRE_ACCEPTED,REACQUIRE_ACCEPTED,0.0,0.0,74.420133437,False,
73.970133437,0.2574367056988041,0.2574367056988041,0.2574367056988041,5.439067033316748,0.6,-0.6226100738368017,1.1111803398874947,MODEL_ONLY,DUPLICATE_OR_OLD,DUPLICATE_OR_OLD,0.0,0.0,74.420133437,False,
74.020133437,0.4019405471622567,0.4019405471622567,0.4019405471622567,5.4555514646382735,0.6,-0.6650782207276469,1.1161803398874943,REACQUIRING,REACQUIRE_ACCEPTED,REACQUIRE_ACCEPTED,0.0,0.0,74.520133437,False,
74.07013343700001,0.3935731712832544,0.3935731712832544,0.3935731712832544,5.475439307599416,0.6,-0.7169480839665898,1.1211803398874955,MODEL_ONLY,DUPLICATE_OR_OLD,DUPLICATE_OR_OLD,0.0,0.0,74.520133437,False,
74.120133437,0.5329265673116911,0.5329265673116911,0.5329265673116911,5.4986018010642885,0.6,-0.762206342284666,1.1261803398874952,REACQUIRING,REACQUIRE_ACCEPTED,REACQUIRE_ACCEPTED,0.0,0.0,74.620133437,False,
74.170133437,0.520041691684993,0.520041691684993,0.520041691684993,5.524926007539204,0.6,-0.8059583105584046,1.131180339887495,MODEL_ONLY,DUPLICATE_OR_OLD,DUPLICATE_OR_OLD,0.0,0.0,74.620133437,False,
74.220133437,0.6551797583148821,0.6551797583148821,0.6551797583148821,5.554306543789199,0.6,-0.8443007537942301,1.1361803398874946,REACQUIRING,REACQUIRE_ACCEPTED,REACQUIRE_ACCEPTED,0.0,0.0,74.720133437,False,
74.270133437,0.6386167760630386,0.6386167760630386,0.6386167760630386,5.586651457148645,0.6,-0.879165321505559,1.1411803398874942,MODEL_ONLY,DUPLICATE_OR_OLD,DUPLICATE_OR_OLD,0.0,0.0,74.720133437,False,
74.32013343700001,0.7705237700930173,0.7705237700930173,0.7705237700930173,5.621879970802555,0.6,-0.9097925814544635,1.1461803398874955,REACQUIRING,REACQUIRE_ACCEPTED,REACQUIRE_ACCEPTED,0.0,0.0,74.82013343700001,False,
74.370133437,0.7510592447949216,0.7510592447949216,0.7510592447949216,5.659919546174751,0.6,-0.9370942815781504,1.1511803398874951,MODEL_ONLY,DUPLICATE_OR_OLD,DUPLICATE_OR_OLD,0.0,0.0,74.82013343700001,False,
74.420133437,0.8623607000853211,0.8623607000853211,0.8623607000853211,5.700255044796755,0.6,-0.9611061735166276,1.1561803398874948,REACQUIRING,REACQUIRE_ACCEPTED,REACQUIRE_ACCEPTED,0.0,0.0,74.920133437,False,
74.470133437,0.8406320839165443,0.8406320839165443,0.8406320839165443,5.742829864396799,0.6,-0.9823478374090422,1.1611803398874945,MODEL_ONLY,DUPLICATE_OR_OLD,DUPLICATE_OR_OLD,0.0,0.0,74.920133437,False,
74.520133437,0.9649240156754263,0.9649240156754263,0.9649240156754263,5.787968766886595,0.6,-1.001038526805211,1.1661803398874941,REACQUIRING,REACQUIRE_ACCEPTED,REACQUIRE_ACCEPTED,0.0,0.0,75.020133437,False,
74.57013343700001,0.941435272257392,0.941435272257392,0.941435272257392,5.835627749084926,0.6,-1.0175383342810613,1.1711803398874954,MODEL_ONLY,DUPLICATE_OR_OLD,DUPLICATE_OR_OLD,0.0,0.0,75.020133437,False,
74.620133437,1.067220474184754,1.067220474184754,1.067220474184754,5.885844142745977,0.6,-1.0320612107703016,1.176180339887495,REACQUIRING,REACQUIRE_ACCEPTED,REACQUIRE_ACCEPTED,0.0,0.0,75.120133437,False,
74.670133437,1.0423652313337768,1.0423652313337768,1.0423652313337768,5.938583785383938,0.6,-1.0448640086334022,1.1811803398874947,MODEL_ONLY,DUPLICATE_OR_OLD,DUPLICATE_OR_OLD,0.0,0.0,75.120133437,False,
74.720133437,1.166923610590536,1.166923610590536,1.166923610590536,5.993816006432042,0.6,-1.0561346598636856,1.1861803398874944,REACQUIRING,REACQUIRE_ACCEPTED,REACQUIRE_ACCEPTED,0.0,0.0,75.220133437,False,
74.770133437,1.1410082990655583,1.1410082990655583,1.1410082990655583,6.051514304173441,0.6,-1.0660638537917504,1.191180339887494,MODEL_ONLY,DUPLICATE_OR_OLD,DUPLICATE_OR_OLD,0.0,0.0,75.220133437,False,
74.82013343700001,1.255600579664471,1.255600579664471,1.255600579664471,6.1114295261417055,0.6,-1.0748054856841722,1.1961803398874953,REACQUIRING,REACQUIRE_ACCEPTED,REACQUIRE_ACCEPTED,0.0,0.0,75.32013343700001,False,
74.870133437,1.2288632217009123,1.2288632217009123,1.2288632217009123,6.173541121175837,0.6,-1.0825042570798782,1.201180339887495,MODEL_ONLY,DUPLICATE_OR_OLD,DUPLICATE_OR_OLD,0.0,0.0,75.32013343700001,False,
74.920133437,1.351786958636598,1.351786958636598,1.351786958636598,6.238057375684271,0.6,-1.0892824719507113,1.2061803398874946,REACQUIRING,REACQUIRE_ACCEPTED,REACQUIRE_ACCEPTED,0.0,0.0,75.420133437,False,
74.970133437,1.324412234702481,1.324412234702481,1.324412234702481,6.304962355517744,0.6,-1.0952513490251885,1.2111803398874943,MODEL_ONLY,DUPLICATE_OR_OLD,DUPLICATE_OR_OLD,0.0,0.0,75.420133437,False,
75.020133437,3.533003389774755,3.533003389774755,3.533003389774755,6.426397746129668,0.6,-1.1005066288593965,0.2981638187710343,SINGLE_WHEEL,MODEL_DISAGREEMENT,ACCEPTED,0.0,0.0,75.520133437,False,
75.07013343700001,3.5051345158518368,3.5051345158518368,3.5051345158518368,6.602351193770373,0.6,-1.1051342080914965,0.30316381877103543,MODEL_ONLY,DUPLICATE_OR_OLD,DUPLICATE_OR_OLD,0.0,0.0,75.520133437,False,
75.120133437,4.215726193449749,4.215726193449749,4.215726193449749,6.7953727115029015,0.6,-1.1092086358185969,0.02462214243023923,FUSED,ACCEPTED,ACCEPTED,0.0,0.0,75.520133437,False,
75.170133437,4.187474228318048,4.187474228318048,4.187474228318048,7.005452722047084,0.6,-1.112796032267309,0.029622142430238946,MODEL_ONLY,DUPLICATE_OR_OLD,DUPLICATE_OR_OLD,0.0,0.0,75.520133437,False,
75.220133437,4.238330437637836,4.238330437637836,4.238330437637836,7.216097838695969,0.6,-1.1159546140712353,0.0077589601360728505,FUSED,ACCEPTED,ACCEPTED,0.0,0.0,75.520133437,False,
75.270133437,4.20978149216868,4.20978149216868,4.20978149216868,7.42730063694112,0.6,-1.1187356390164085,0.012758960136072566,MODEL_ONLY,DUPLICATE_OR_OLD,DUPLICATE_OR_OLD,0.0,0.0,75.520133437,False,
75.32013343700001,4.221291492138694,4.221291492138694,4.221291492138694,7.6380774615488525,0.6,-1.1211842378578456,0.006397559580409261,FUSED,ACCEPTED,ACCEPTED,0.0,0.0,75.520133437,False,
75.370133437,4.192512321285058,4.192512321285058,4.192512321285058,7.848422556884434,0.6,-1.1233401467060167,0.011397559580408978,MODEL_ONLY,DUPLICATE_OR_OLD,DUPLICATE_OR_OLD,0.0,0.0,75.520133437,False,
75.420133437,4.201500281500265,4.201500281500265,4.201500281500265,8.058272871954054,0.6,-1.1252383518684823,0.0062117710277196855,FUSED,ACCEPTED,ACCEPTED,0.0,0.0,75.520133437,False,
75.470133437,4.172542635101368,4.172542635101368,4.172542635101368,8.267623944869083,0.6,-1.1269096576112405,0.011211771027719402,MODEL_ONLY,DUPLICATE_OR_OLD,DUPLICATE_OR_OLD,0.0,0.0,75.520133437,False,
75.520133437,4.1422301054782045,4.142312805305029,4.185012576968567,8.47656282517082,0.6,-1.1283811860534814,0.006184920130186955,FUSED,ACCEPTED,ACCEPTED,-0.042782471490362184,-0.042699771663537334,75.520133437,True,0.00013371203683182342
75.57013343700001,4.113134101094456,4.113216800921281,4.155916572584818,8.685086053909702,0.6,-1.12967681730809,0.011184920130188092,MODEL_ONLY,DUPLICATE_OR_OLD,DUPLICATE_OR_OLD,-0.042782471490362184,-0.042699771663537334,75.520133437,False,
75.620133437,4.107575490699154,4.10767719383443,4.168296758712644,8.893191387192127,0.6,-1.1308175770105402,0.006181008019011943,FUSED,ACCEPTED,ACCEPTED,-0.06072126801348965,-0.06061956487821352,75.520133437,True,0.00011344450211495105
75.670133437,4.078372228304566,4.078473931439842,4.139093496318056,9.100876143567882,0.6,-1.1318219775250429,0.01118100801901166,MODEL_ONLY,DUPLICATE_OR_OLD,DUPLICATE_OR_OLD,-0.06072126801348965,-0.06061956487821352,75.520133437,False,
75.720133437,4.08125698181568,4.081347891067332,4.148262817837779,9.308060051421766,0.6,-1.1327063183650694,0.006180437364085262,FUSED,ACCEPTED,ACCEPTED,-0.06700583602209864,-0.06691492677044675,75.520133437,True,8.423854015431054e-05
75.770133437,4.051970570762169,4.052061480013821,4.118976406784268,9.514741032037305,0.6,-1.1334849507035107,0.011180437364084979,MODEL_ONLY,DUPLICATE_OR_OLD,DUPLICATE_OR_OLD,-0.06700583602209864,-0.06691492677044675,75.520133437,False,
75.82013343700001,4.057224239510454,4.057302957117484,4.128195420405918,9.720920327717106,0.6,-1.1341705102649673,0.006180354109088402,FUSED,ACCEPTED,ACCEPTED,-0.07097118089546406,-0.07089246328843402,75.520133437,True,7.118280166829027e-05
75.870133437,4.02787336987314,4.02795208748017,4.098844550768604,9.926596326996458,0.6,-1.1347741223795695,0.011180354109088119,MODEL_ONLY,DUPLICATE_OR_OLD,DUPLICATE_OR_OLD,-0.07097118089546406,-0.07089246328843402,75.520133437,False,
75.920133437,4.045453065804408,4.045511646041522,4.115132203833775,10.131945745861506,0.6,-1.1353055825259653,0.006180341962399678,FUSED,ACCEPTED,ACCEPTED,-0.06967913802936643,-0.06962055779225285,75.520133437,True,4.6134668999775474e-05
75.970133437,4.016052226521406,4.01611080675852,4.085731364550773,10.336967335071108,0.6,-1.1357735152933404,0.011180341962399394,MODEL_ONLY,DUPLICATE_OR_OLD,DUPLICATE_OR_OLD,-0.06967913802936643,-0.06962055779225285,75.520133437,False,
76.020133437,4.034616877942721,4.034655938416603,4.100242523133307,10.541616682263198,0.6,-1.1361855143421276,0.006180340190222779,FUSED,ACCEPTED,ACCEPTED,-0.06562564519058611,-0.06558658471670409,75.520133437,True,2.699659829839829e-05
76.07013343700001,4.005177301142642,4.005216361616524,4.070802946333228,10.745892818999907,0.6,-1.1365482656346986,0.011180340190223917,MODEL_ONLY,DUPLICATE_OR_OLD,DUPLICATE_OR_OLD,-0.06562564519058611,-0.06558658471670409,75.520133437,False,
76.120133437,4.015985939185076,4.016013807674351,4.080120858860585,10.94966591412974,0.6,-1.1368676559358393,0.006180339931665885,FUSED,ACCEPTED,ACCEPTED,-0.06413491967550922,-0.06410705118623472,75.520133437,True,2.0951462515420016e-05
76.170133437,3.9865163322495523,3.9865442007388268,4.0506512519250615,11.15293521689937,0.6,-1.137148868343767,0.011180339931665602,MODEL_ONLY,DUPLICATE_OR_OLD,DUPLICATE_OR_OLD,-0.06413491967550922,-0.06410705118623472,75.520133437,False,
76.220133437,3.990440964711403,3.9904655735940793,4.0584191016461215,11.35566197573864,0.6,-1.1373964664019736,0.006180339893942736,FUSED,ACCEPTED,ACCEPTED,-0.06797813693471833,-0.06795352805204224,75.520133437,True,2.2594335013587097e-05
76.270133437,3.960948077785224,3.9609726866679003,4.0289262147199425,11.55784560864778,0.6,-1.137614468156873,0.011180339893942452,MODEL_ONLY,DUPLICATE_OR_OLD,DUPLICATE_OR_OLD,-0.06797813693471833,-0.06795352805204224,75.520133437,False,
76.32013343700001,3.975350907763967,3.975367087163042,4.039004270841835,11.75954387078687,0.6,-1.1378064113630655,0.006180339888439209,FUSED,ACCEPTED,ACCEPTED,-0.06365336307786862,-0.06363718367879345,75.520133437,True,1.0969691704575124e-05
76.370133437,3.945839973700912,3.9458561530999874,4.009493336778781,11.960756310977374,0.6,-1.1379754108943785,0.011180339888438926,MODEL_ONLY,DUPLICATE_OR_OLD,DUPLICATE_OR_OLD,-0.06365336307786862,-0.06363718367879345,75.520133437,False,
76.420133437,3.9572566796714903,3.9572700864234553,4.02294000978173,12.161567144641374,0.6,-1.1381242092923558,0.00618033988763605,FUSED,ACCEPTED,ACCEPTED,-0.06568333011023997,-0.06566992335827493,75.520133437,True,1.1693161811765496e-05
76.470133437,3.92773175508953,3.927745161841495,3.99341508519977,12.3619760220159,0.6,-1.138255221272499,0.011180339887635766,MODEL_ONLY,DUPLICATE_OR_OLD,DUPLICATE_OR_OLD,-0.06568333011023997,-0.06566992335827493,75.520133437,False,
76.520133437,3.9388780176480194,3.938889049051365,4.006092690100362,12.561963716398392,0.6,-1.1383705729105162,0.006180339887518869,FUSED,ACCEPTED,ACCEPTED,-0.06721467245234303,-0.06720364104899756,75.520133437,True,9.563357163122621e-06
76.57013343700001,3.9093422473224506,3.909353278725796,3.9765569197747936,12.761529956645315,0.6,-1.138472136144495,0.011180339887520006,MODEL_ONLY,DUPLICATE_OR_OLD,DUPLICATE_OR_OLD,-0.06721467245234303,-0.06720364104899756,75.520133437,False,
76.620133437,3.9254589524283316,3.925467279676018,3.9918235049995188,12.960739467264661,0.6,-1.1385615591529021,0.00618033988750198,FUSED,ACCEPTED,ACCEPTED,-0.06636455257118712,-0.0663562253235006,75.520133437,True,6.655987578541023e-06
76.670133437,3.8959147742549267,3.8959231015026132,3.962279326826114,13.15959203806029,0.6,-1.1386402931013924,0.011180339887501696,MODEL_ONLY,DUPLICATE_OR_OLD,DUPLICATE_OR_OLD,-0.06636455257118712,-0.0663562253235006,75.520133437,False,
76.720133437,3.8989138559456396,3.8989202278659714,3.9649727704358666,13.357773340491828,0.6,-1.1387096156924714,0.006180339887499308,FUSED,ACCEPTED,ACCEPTED,-0.06605891449022705,-0.06605254256989523,75.520133437,True,5.163461568105654e-06
76.770133437,3.869363159832295,3.8693695317526267,3.935422074322522,13.555283211610776,0.6,-1.138770651900182,0.011180339887499025,MODEL_ONLY,DUPLICATE_OR_OLD,DUPLICATE_OR_OLD,-0.06605891449022705,-0.06605254256989523,75.520133437,False,
76.82013343700001,3.8800154018747843,3.880021446158643,3.95181837880745,13.75246422293907,0.6,-1.1388243922262962,0.006180339887499126,FUSED,ACCEPTED,ACCEPTED,-0.0718029769326658,-0.07179693264880704,75.520133437,True,5.841793382435623e-06
76.870133437,3.850459652917735,3.8504656972015936,3.9222626298504006,13.949316248155505,0.6,-1.1388717087742797,0.011180339887498843,MODEL_ONLY,DUPLICATE_OR_OLD,DUPLICATE_OR_OLD,-0.0718029769326658,-0.07179693264880704,75.520133437,False,
76.920133437,3.866644199088568,3.8666488684478963,3.937736659276057,14.145816230383655,0.6,-1.1389133694018747,0.006180339887498892,FUSED,ACCEPTED,ACCEPTED,-0.07109246018748916,-0.07108779082816064,75.520133437,True,3.819609236871413e-06
76.970133437,3.837084533061134,3.8370892024204624,3.908176993248623,14.341964071696761,0.6,-1.1389500501819734,0.011180339887498609,MODEL_ONLY,DUPLICATE_OR_OLD,DUPLICATE_OR_OLD,-0.07109246018748916,-0.07108779082816064,75.520133437,False,
77.020133437,3.8430864065055372,3.84309010606365,3.9146496827112784,14.537534738595747,0.6,-1.1389823463739972,0.006180339887498859,FUSED,ACCEPTED,ACCEPTED,-0.07156327620574121,-0.07155957664762846,75.520133437,True,3.1001879994274617e-06
77.07013343700001,3.813523703883002,3.813527403441115,3.8850869800887433,14.732528155165792,0.6,-1.1390107820838278,0.011180339887499996,MODEL_ONLY,DUPLICATE_OR_OLD,DUPLICATE_OR_OLD,-0.07156327620574121,-0.07155957664762846,75.520133437,False,
77.120133437,3.8361705365962475,3.836173172230717,3.9050115918400454,14.927280619464,0.6,-1.1390358187690497,0.006180339887499061,FUSED,ACCEPTED,ACCEPTED,-0.06884105524379791,-0.06883841960932857,75.520133437,True,1.9780934966684427e-06
77.170133437,3.8066054799415356,3.806608115576005,3.8754465351853336,15.121792072639623,0.6,-1.1390578627275312,0.011180339887498777,MODEL_ONLY,DUPLICATE_OR_OLD,DUPLICATE_OR_OLD,-0.06884105524379791,-0.06883841960932857,75.520133437,False,
77.220133437,3.8115747434162564,3.8115768517252175,3.8815736492393715,15.31571757725023,0.6,-1.1390772716908677,0.0061803398874988825,FUSED,ACCEPTED,ACCEPTED,-0.06999890582311519,-0.069996797514154,75.520133437,True,1.7824038737873638e-06
77.270133437,3.7820078618664366,3.7820099701753978,3.8520067676895517,15.509057087673442,0.6,-1.1390943606296855,0.0111803398874986,MODEL_ONLY,DUPLICATE_OR_OLD,DUPLICATE_OR_OLD,-0.06999890582311519,-0.069996797514154,75.520133437,False,
77.32013343700001,3.789335555456939,3.7893370170729384,3.856141766405147,15.701760801025854,0.6,-1.139109406865018,0.006180339887499064,FUSED,ACCEPTED,ACCEPTED,-0.06680621094820793,-0.06680474933220859,75.520133437,True,1.0619377687065557e-06
77.370133437,3.7597672592101685,3.759768720826168,3.8265734701583765,15.893828681939931,0.6,-1.1391226545686992,0.01118033988749878,MODEL_ONLY,DUPLICATE_OR_OLD,DUPLICATE_OR_OLD,-0.06680621094820793,-0.06680474933220859,75.520133437,False,
77.420133437,3.7673458253312284,3.767346923504539,3.8336724426021225,16.08533482975893,0.6,-1.1391343187258085,0.006180339887498883,FUSED,ACCEPTED,ACCEPTED,-0.06632661727089406,-0.06632551909758355,75.520133437,True,8.735533758158498e-07
77.470133437,3.7377764323817195,3.73777753055503,3.8041030496526136,16.276279217065287,0.6,-1.139144588623471,0.0111803398874986,MODEL_ONLY,DUPLICATE_OR_OLD,DUPLICATE_OR_OLD,-0.06632661727089406,-0.06632551909758355,75.520133437,False,
77.520133437,3.7483150458189036,3.748315908082407,3.8152029633777653,16.466761867391035,0.6,-1.1391536309226284,0.006180339887498857,FUSED,ACCEPTED,ACCEPTED,-0.0668879175588617,-0.06688705529535843,75.520133437,True,7.164632240819202e-07
77.57013343700001,3.7187448026824286,3.718745664945932,3.7856327202412903,16.656782759481555,0.6,-1.1391615923626288,0.011180339887499995,MODEL_ONLY,DUPLICATE_OR_OLD,DUPLICATE_OR_OLD,-0.0668879175588617,-0.06688705529535843,75.520133437,False,
77.620133437,3.7231927148048825,3.72319344324395,3.7925010325267623,16.846236103300747,0.6,-1.1391686021425285,0.00618033988749906,FUSED,ACCEPTED,ACCEPTED,-0.06930831772187984,-0.06930758928281211,75.520133437,True,6.457310180313369e-07
77.670133437,3.69362181258566,3.6936225410247276,3.7629301303075398,17.035121882371595,0.6,-1.139174774017747,0.011180339887498777,MODEL_ONLY,DUPLICATE_OR_OLD,DUPLICATE_OR_OLD,-0.06930831772187984,-0.06930758928281211,75.520133437,False,
77.720133437,3.7000045281973772,3.700005116010321,3.770248198702493,17.223451340596835,0.6,-1.1391802081461015,0.0061803398874988825,FUSED,ACCEPTED,ACCEPTED,-0.07024367050511593,-0.07024308269217228,75.520133437,True,5.009012192108697e-07
77.770133437,3.670433115043383,3.6704337028563265,3.740676785548499,17.411224465203098,0.6,-1.1391849927131787,0.0111803398874986,MODEL_ONLY,DUPLICATE_OR_OLD,DUPLICATE_OR_OLD,-0.07024367050511593,-0.07024308269217228,75.520133437,False,
77.82013343700001,3.6759571050142292,3.675957525138076,3.743640804268262,17.59833240494856,0.6,-1.1391892053634183,0.006180339887499064,FUSED,ACCEPTED,ACCEPTED,-0.06768369925403261,-0.06768327913018579,75.520133437,True,3.164862852345074e-07
77.870133437,3.646385295772887,3.646385715896734,3.7140689950269197,17.78477514993093,0.6,-1.139192914460136,0.01118033988749878,MODEL_ONLY,DUPLICATE_OR_OLD,DUPLICATE_OR_OLD,-0.06768369925403261,-0.06768327913018579,75.520133437,False,
77.920133437,3.652673849698282,3.6526742309093145,3.7252400812336193,17.970757876837432,0.6,-1.13919618019493,0.006180339887498883,FUSED,ACCEPTED,ACCEPTED,-0.07256623153533726,-0.07256585032430474,75.520133437,True,3.5716159060839026e-07
77.970133437,3.623101733401723,3.6231021146127556,3.6956679649370603,18.156280577991687,0.6,-1.1391990555644755,0.0111803398874986,MODEL_ONLY,DUPLICATE_OR_OLD,DUPLICATE_OR_OLD,-0.07256623153533726,-0.07256585032430474,75.520133437,False,
78.020133437,3.6348422281180444,3.634842524860569,3.707087489801944,18.341349464360153,0.6,-1.1392015872305614,0.006180339887498857,FUSED,ACCEPTED,ACCEPTED,-0.07224526168389955,-0.07224496494137478,75.520133437,True,2.445381164367655e-07
78.07013343700001,3.6052698737858346,3.6052701705283594,3.677515135469734,18.525964529991988,0.6,-1.139203816277322,0.011180339887499995,MODEL_ONLY,DUPLICATE_OR_OLD,DUPLICATE_OR_OLD,-0.07224526168389955,-0.07224496494137478,75.520133437,False,
78.120133437,3.6107403294812954,3.6107405600754854,3.6828756202302384,18.709974298884475,0.6,-1.139205778877954,0.00618033988749906,FUSED,ACCEPTED,ACCEPTED,-0.07213529074894298,-0.07213506015475302,75.520133437,True,1.897122707955612e-07
78.170133437,3.581167790618873,3.5811680212130628,3.653303081367816,18.893378766424416,0.6,-1.1392075068817398,0.011180339887498777,MODEL_ONLY,DUPLICATE_OR_OLD,DUPLICATE_OR_OLD,-0.07213529074894298,-0.07213506015475302,75.520133437,False,
78.220133437,3.5783762394405247,3.578376414460634,3.649750327723776,19.075955101651694,0.6,-1.1392090283309002,0.0061803398874988825,FUSED,ACCEPTED,ACCEPTED,-0.07137408828325142,-0.07137391326314235,75.520133437,True,1.4067343803714216e-07
78.270133437,3.548803557526406,3.548803732546515,3.6201776458096573,19.25770330099002,0.6,-1.1392103679156667,0.0111803398874986,MODEL_ONLY,DUPLICATE_OR_OLD,DUPLICATE_OR_OLD,-0.07137408828325142,-0.07137391326314235,75.520133437,False,
78.32013343700001,3.5670264903053495,3.567026602706914,3.6329800988704717,19.439032244607063,0.6,-1.1392115473749567,0.006180339887499064,FUSED,ACCEPTED,ACCEPTED,-0.06595360856512222,-0.06595349616355772,75.520133437,True,7.370117525995479e-08
78.370133437,3.5374536974945565,3.537453809896121,3.6034073060596787,19.619941929730306,0.6,-1.139212585849155,0.01118033988749878,MODEL_ONLY,DUPLICATE_OR_OLD,DUPLICATE_OR_OLD,-0.06595360856512222,-0.06595349616355772,75.520133437,False,
78.420133437,3.5370966833172255,3.537096771330679,3.603938661581188,19.800125578921318,0.6,-1.1392135001907266,0.006180339887498883,FUSED,ACCEPTED,ACCEPTED,-0.06684197826396243,-0.06684189025050902,75.520133437,True,7.294077158936929e-08
78.470133437,3.507523804537005,3.5075238925504584,3.5743657828009674,19.979583190030862,0.6,-1.1392143052376993,0.0111803398874986,MODEL_ONLY,DUPLICATE_OR_OLD,DUPLICATE_OR_OLD,-0.06684197826396243,-0.06684189025050902,75.520133437,False,
78.520133437,3.517649181976636,3.517649246831578,3.583381089474576,20.15852686183774,0.6,-1.139215014054457,0.006180339887498857,FUSED,ACCEPTED,ACCEPTED,-0.06573190749793989,-0.06573184264299803,75.520133437,True,5.0542194776626026e-08
78.57013343700001,3.488076236551105,3.4880763014060467,3.5538081440490448,20.33695659267587,0.6,-1.13921563814375,0.011180339887499995,MODEL_ONLY,DUPLICATE_OR_OLD,DUPLICATE_OR_OLD,-0.06573190749793989,-0.06573184264299803,75.520133437,False,
78.620133437,3.4863908027693826,3.4863908590184494,3.5553583080760687,20.514685753978988,0.6,-1.1392161876333624,0.00618033988749906,FUSED,ACCEPTED,ACCEPTED,-0.06896750530668605,-0.06896744905761931,75.520133437,True,5.093034333158997e-08
78.670133437,3.456817805679024,3.4568178619280907,3.52578531098571,20.691714344455523,0.6,-1.1392166714404677,0.011180339887498777,MODEL_ONLY,DUPLICATE_OR_OLD,DUPLICATE_OR_OLD,-0.06896750530668605,-0.06896744905761931,75.520133437,False,
78.720133437,3.4641867076413795,3.464186749047756,3.5314775132210796,20.868145915060683,0.6,-1.1392170974163365,0.0061803398874988825,FUSED,ACCEPTED,ACCEPTED,-0.06729080557970013,-0.06729076417332358,75.520133437,True,3.223308925326407e-08
78.770133437,3.4346136704993566,3.434613711905733,3.5019044760790567,21.043980464793176,0.6,-1.1392174724737487,0.0111803398874986,MODEL_ONLY,DUPLICATE_OR_OLD,DUPLICATE_OR_OLD,-0.06729080557970013,-0.06729076417332358,75.520133437,False,
78.82013343700001,3.4438173885219463,3.4438174241511166,3.5141325944694106,21.219381391556926,0.6,-1.1392178026991737,0.006180339887499064,FUSED,ACCEPTED,ACCEPTED,-0.07031520594746432,-0.07031517031829404,75.520133437,True,3.2058660823230944e-08
78.870133437,3.4142443203310338,3.414244355960204,3.484559526278498,21.394348694575612,0.6,-1.1392180934515435,0.01118033988749878,MODEL_ONLY,DUPLICATE_OR_OLD,DUPLICATE_OR_OLD,-0.07031520594746432,-0.07031517031829404,75.520133437,False,
78.920133437,3.4156707264100428,3.4156707540408764,3.485693756184176,21.56860502663717,0.6,-1.139218349449217,0.006180339887498883,FUSED,ACCEPTED,ACCEPTED,-0.07002302977413333,-0.0700230021432997,75.520133437,True,2.2687589751324566e-08
78.970133437,3.38609763414938,3.3860976617802137,3.4561206639235134,21.74215038713985,0.6,-1.1392185748465504,0.0111803398874986,MODEL_ONLY,DUPLICATE_OR_OLD,DUPLICATE_OR_OLD,-0.07002302977413333,-0.0700230021432997,75.520133437,False,
79.020133437,3.3993352693695327,3.399335291845494,3.4707147432184446,21.91532127231839,0.6,-1.1392187733013144,0.006180339887498857,FUSED,ACCEPTED,ACCEPTED,-0.07137947384891197,-0.07137945137295043,75.520133437,True,1.9290075120581562e-08
79.07013343700001,3.369762158449486,3.3697621809254477,3.441141632298398,22.08811768170635,0.6,-1.139218948034053,0.011180339887499995,MODEL_ONLY,DUPLICATE_OR_OLD,DUPLICATE_OR_OLD,-0.07137947384891197,-0.07137945137295043,75.520133437,False,
79.120133437,3.3591583672285172,3.359158384247438,3.4296010708274642,22.259886249284488,0.6,-1.1392191018803473,0.00618033988749906,FUSED,ACCEPTED,ACCEPTED,-0.070442703598947,-0.07044268658002606,75.520133437,True,1.364628472722007e-08
79.170133437,3.3662689371837895,3.3662689465181046,3.420810371823078,22.43114653535074,0.6,-1.13921923733683,0.005278640450004169,FUSED,ACCEPTED,ACCEPTED,-0.05454143463928851,-0.05454142530497341,75.520133437,True,2.460994227848623e-09
79.220133437,3.336695805835369,3.336695815169684,3.3912372404746574,22.601447725658176,0.6,-1.1392193566017028,0.010278640450003885,MODEL_ONLY,DUPLICATE_OR_OLD,DUPLICATE_OR_OLD,-0.05454143463928851,-0.05454142530497341,75.520133437,False,
79.270133437,3.307122669236513,3.307122678570828,3.3616641038758015,22.770270259266926,0.6,-1.139219461610408,0.015278640450003602,MODEL_ONLY,DUPLICATE_OR_OLD,DUPLICATE_OR_OLD,-0.05454143463928851,-0.05454142530497341,75.520133437,False,
79.32013343700001,3.3153213374011457,3.3153213443987046,3.37539898473504,22.938696836482237,0.6,-1.139219554067038,0.006697341805517416,FUSED,ACCEPTED,ACCEPTED,-0.0600776473338942,-0.060077640336335225,75.520133437,True,5.845235712120811e-09
79.370133437,3.2857481921092107,3.2857481991067696,3.345825839443105,23.10672745708668,0.6,-1.1392196354719881,0.011697341805517132,MODEL_ONLY,DUPLICATE_OR_OLD,DUPLICATE_OR_OLD,-0.0600776473338942,-0.060077640336335225,75.520133437,False,
79.420133437,3.2883943146683516,3.288394321466383,3.355368160072565,23.274257307074564,0.6,-1.139219707146306,0.006254308734986658,FUSED,ACCEPTED,ACCEPTED,-0.06697384540421325,-0.06697383860618178,75.520133437,True,6.6785344476905095e-09
79.470133437,3.2588211626373598,3.2588211694353912,3.325795008041573,23.441286386277408,0.6,-1.13921977025313,0.011254308734986375,MODEL_ONLY,DUPLICATE_OR_OLD,DUPLICATE_OR_OLD,-0.06697384540421325,-0.06697383860618178,75.520133437,False,
79.520133437,3.2775264168981963,3.2775264222542835,3.3448714589220256,23.60805304795149,0.6,-1.1392198258165638,0.0061911013917977775,FUSED,ACCEPTED,ACCEPTED,-0.0673450420238293,-0.06734503666774216,75.520133437,True,4.468972344962019e-09
79.57013343700001,3.2479532596429377,3.247953264999025,3.315298301666767,23.774557291966246,0.6,-1.139219874738297,0.011191101391798915,MODEL_ONLY,DUPLICATE_OR_OLD,DUPLICATE_OR_OLD,-0.0673450420238293,-0.06734503666774216,75.520133437,False,
79.620133437,3.2814389156275507,3.281438919700974,3.348196926746122,23.941144672676558,0.6,-1.1392199178122357,0.006181909324694778,FUSED,ACCEPTED,ACCEPTED,-0.06675801111857105,-0.06675800704514767,75.520133437,True,3.2812200873033603e-09
79.670133437,3.251865754322346,3.2518657583957693,3.318623765440917,24.107815189981224,0.6,-1.139219955737389,0.011181909324694494,MODEL_ONLY,DUPLICATE_OR_OLD,DUPLICATE_OR_OLD,-0.06675801111857105,-0.06675800704514767,75.520133437,False,
79.720133437,3.3198687055788176,3.3198687086207173,3.3856889906578314,24.275423008883685,0.6,-1.1392199891292094,0.006180568851574085,FUSED,ACCEPTED,ACCEPTED,-0.06582028507901372,-0.0658202820371141,75.520133437,True,2.4044448931892504e-09
79.770133437,3.290295541134003,3.2902955441759025,3.3561158262130166,24.443968129305446,0.6,-1.1392200185295838,0.011180568851573801,MODEL_ONLY,DUPLICATE_OR_OLD,DUPLICATE_OR_OLD,-0.06582028507901372,-0.0658202820371141,75.520133437,False,
79.82013343700001,3.3784385954849796,3.3784385980048004,3.4461037228248643,24.614023618031432,0.6,-1.1392200444156235,0.006180373292615286,FUSED,ACCEPTED,ACCEPTED,-0.06766512733988472,-0.06766512482006393,75.520133437,True,2.197162687900267e-09
79.870133437,3.3488654286062736,3.3488654311260944,3.4165305559461583,24.785589475000698,0.6,-1.1392200672074104,0.011180373292615002,MODEL_ONLY,DUPLICATE_OR_OLD,DUPLICATE_OR_OLD,-0.06766512733988472,-0.06766512482006393,75.520133437,False,
79.920133437,3.4570694940432225,3.4570694962180815,3.527642948852721,24.95919381262066,0.6,-1.1392200872748115,0.006180344761233438,FUSED,ACCEPTED,ACCEPTED,-0.0705734548094985,-0.07057345263463954,75.520133437,True,1.9616609031603005e-09
79.970133437,3.427496325277713,3.427496327452572,3.4980697800872114,25.13483663084415,0.6,-1.1392201049434827,0.011180344761233155,MODEL_ONLY,DUPLICATE_OR_OLD,DUPLICATE_OR_OLD,-0.0705734548094985,-0.07057345263463954,75.520133437,False,
80.020133437,3.5365761065476655,3.536576108359797,3.609000137906493,25.31251337879398,0.6,-1.1392201205001529,0.006180340598567013,FUSED,ACCEPTED,ACCEPTED,-0.07242403135882736,-0.07242402954669602,75.520133437,True,1.5879534909224446e-09
80.07013343700001,3.507002936319458,3.5070029381315893,3.5794269676782853,25.492224056433642,0.6,-1.1392201341972774,0.01118034059856815,MODEL_ONLY,DUPLICATE_OR_OLD,DUPLICATE_OR_OLD,-0.07242403135882736,-0.07242402954669602,75.520133437,False,
80.120133437,3.63456944909782,3.6345694504558037,3.7055188723508836,25.67434770243436,0.6,-1.1392201462571343,0.006180339991242503,FUSED,ACCEPTED,ACCEPTED,-0.07094942325306342,-0.07094942189507991,75.520133437,True,1.077304384589084e-09
80.170133437,3.604996277735713,3.6049962790936965,3.6759457009887764,25.858884316767842,0.6,-1.1392201568754325,0.01118033999124222,MODEL_ONLY,DUPLICATE_OR_OLD,DUPLICATE_OR_OLD,-0.07094942325306342,-0.07094942189507991,75.520133437,False,
80.220133437,3.740102505948418,3.7401025070327174,3.8119533256009666,26.046081792432574,0.6,-1.1392201662244865,0.006180339902634847,FUSED,ACCEPTED,ACCEPTED,-0.07185081965254847,-0.07185081856824915,75.520133437,True,9.15153119951384e-10
80.270133437,3.710529333707282,3.7105293347915813,3.7823801533598305,26.235940129406583,0.6,-1.139220174456014,0.011180339902634564,MODEL_ONLY,DUPLICATE_OR_OLD,DUPLICATE_OR_OLD,-0.07185081965254847,-0.07185081856824915,75.520133437,False,
80.32013343700001,3.8654658405316575,3.865465841055391,3.9201292828010152,26.428502865310648,0.6,-1.1392201817035967,0.006180339889707372,FUSED,ACCEPTED,ACCEPTED,-0.05466344226935771,-0.05466344174562421,75.520133437,True,1.772843330472007e-10
80.370133437,3.83589266760908,3.8358926681328134,3.8905561098784376,26.623770000127625,0.6,-1.1392201880848494,0.011180339889707088,MODEL_ONLY,DUPLICATE_OR_OLD,DUPLICATE_OR_OLD,-0.05466344226935771,-0.05466344174562421,75.520133437,False,
80.420133437,3.9640209530382937,3.9640209535639412,4.028945959152334,26.821757551853384,0.6,-1.1392201937033275,0.006180339887821071,FUSED,ACCEPTED,ACCEPTED,-0.06492500611404006,-0.06492500558839254,75.520133437,True,5.268302183392137e-10
80.470133437,3.934447779587448,3.9344477801130955,3.999372785701488,27.022465520474718,0.6,-1.1392201986502084,0.011180339887820787,MODEL_ONLY,DUPLICATE_OR_OLD,DUPLICATE_OR_OLD,-0.06492500611404006,-0.06492500558839254,75.520133437,False,
80.520133437,4.047118226807734,4.047118227284062,4.117433924487099,27.22538568822942,0.6,-1.1392202030057703,0.006180339887545863,FUSED,ACCEPTED,ACCEPTED,-0.07031569767936574,-0.07031569720303743,75.520133437,True,4.458471924984053e-10
80.57013343700001,4.017545052947355,4.017545053423683,4.087860750626721,27.43051805510731,0.6,-1.139220206840696,0.011180339887547,MODEL_ONLY,DUPLICATE_OR_OLD,DUPLICATE_OR_OLD,-0.07031569767936574,-0.07031569720303743,75.520133437,False,
80.620133437,4.144430651425159,4.144430651794051,4.21461879741706,27.638080043808394,0.6,-1.139220210217219,0.006180339887505919,FUSED,ACCEPTED,ACCEPTED,-0.07018814599190115,-0.07018814562300957,75.520133437,True,3.024926836792119e-10
80.670133437,4.114857477247317,4.114857477616209,4.185045623239218,27.848071654324787,0.6,-1.139220213190134,0.011180339887505636,MODEL_ONLY,DUPLICATE_OR_OLD,DUPLICATE_OR_OLD,-0.07018814599190115,-0.07018814562300957,75.520133437,False,
80.720133437,4.2310747800115704,4.231074780304445,4.301959227808905,28.060246775600977,0.6,-1.1392202158076854,0.006180339887499884,FUSED,ACCEPTED,ACCEPTED,-0.07088444779733472,-0.07088444750446055,75.520133437,True,2.4589269509434075e-10
80.770133437,4.201501605587618,4.201501605880492,4.2723860533849525,28.274605407630812,0.6,-1.1392202181123512,0.0111803398874996,MODEL_ONLY,DUPLICATE_OR_OLD,DUPLICATE_OR_OLD,-0.07088444779733472,-0.07088444750446055,75.520133437,False,
80.82013343700001,4.344436730271552,4.344436730501313,4.41559848486217,28.49180502108704,0.6,-1.139220220141532,0.00618033988749921,FUSED,ACCEPTED,ACCEPTED,-0.07116175459061846,-0.07116175436085737,75.520133437,True,1.9075564738901818e-10
80.870133437,4.3148635556568085,4.31486355588657,4.386025310247427,28.711845615964766,0.6,-1.1392202219281573,0.011180339887498926,MODEL_ONLY,DUPLICATE_OR_OLD,DUPLICATE_OR_OLD,-0.07116175459061846,-0.07116175436085737,75.520133437,False,
80.920133437,4.429305226708063,4.42930522688726,4.500580333742736,28.934010757064506,0.6,-1.1392202235012208,0.006180339887498904,FUSED,ACCEPTED,ACCEPTED,-0.07127510703467266,-0.07127510685547556,75.520133437,True,1.479460720599235e-10
80.970133437,4.399732051945415,4.399732052124612,4.471007158980088,29.158300444382565,0.6,-1.1392202248862502,0.01118033988749862,MODEL_ONLY,DUPLICATE_OR_OLD,DUPLICATE_OR_OLD,-0.07127510703467266,-0.07127510685547556,75.520133437,False,
81.020133437,4.4360001897248695,4.4360001898578325,4.505872628556087,29.382722439070957,0.6,-1.139220226105722,0.00618033988749886,FUSED,ACCEPTED,ACCEPTED,-0.06987243883121774,-0.06987243869825477,75.520133437,True,1.0438840070126076e-10
81.07013343700001,4.406427014847554,4.406427014980517,4.476299453678772,29.607276741126878,0.6,-1.1392202271794258,0.011180339887499998,MODEL_ONLY,DUPLICATE_OR_OLD,DUPLICATE_OR_OLD,-0.06987243883121774,-0.06987243869825477,75.520133437,False,
81.120133437,4.421336037112336,4.421336037215655,4.491410300293609,29.831469484976175,0.6,-1.1392202281247858,0.006180339887499061,FUSED,ACCEPTED,ACCEPTED,-0.07007426318127319,-0.07007426307795406,75.520133437,True,8.499813353157748e-11
81.170133437,4.391762862146143,4.391762862249462,4.461837125327416,30.05530067061669,0.6,-1.1392202289571436,0.011180339887498777,MODEL_ONLY,DUPLICATE_OR_OLD,DUPLICATE_OR_OLD,-0.07007426318127319,-0.07007426307795406,75.520133437,False,
81.22013343700002,4.409654484144995,4.409654484227151,4.480549464387718,30.278860335359617,0.6,-1.1392202296900065,0.00618033988749909,FUSED,ACCEPTED,ACCEPTED,-0.07089498024272345,-0.07089498016056783,75.520133437,True,6.907645289100373e-11
81.270133437,4.3800813091099045,4.38008130919206,4.450976289352628,30.50214847920305,0.6,-1.1392202303352676,0.011180339887497386,MODEL_ONLY,DUPLICATE_OR_OLD,DUPLICATE_OR_OLD,-0.07089498024272345,-0.07089498016056783,75.520133437,False,
81.32013343700001,4.402424923609297,4.402424923669291,4.471448697993061,30.725209103886744,0.6,-1.1392202309033983,0.006180339887498887,FUSED,ACCEPTED,ACCEPTED,-0.06902377438376384,-0.06902377432377005,75.520133437,True,4.629763239449858e-11
81.370133437,4.372851748520781,4.372851748580775,4.441875522904545,30.94804220940917,0.6,-1.1392202314036184,0.011180339887498603,MODEL_ONLY,DUPLICATE_OR_OLD,DUPLICATE_OR_OLD,-0.06902377438376384,-0.06902377432377005,75.520133437,False,
81.420133437,4.3826511402196475,4.382651140268245,4.453160813563759,31.170418117820866,0.6,-1.1392202318440452,0.006180339887498857,FUSED,ACCEPTED,ACCEPTED,-0.07050967334411151,-0.07050967329551394,75.520133437,True,4.155373267700213e-11
81.47013343700002,4.353077965089712,4.35307796513831,4.4235876384338235,31.392336829120854,0.6,-1.1392202322318263,0.011180339887499995,MODEL_ONLY,DUPLICATE_OR_OLD,DUPLICATE_OR_OLD,-0.07050967334411151,-0.07050967329551394,75.520133437,False,
81.520133437,4.367674181354221,4.36767418139271,4.438765847157244,31.613895666260554,0.6,-1.1392202325732546,0.006180339887498853,FUSED,ACCEPTED,ACCEPTED,-0.0710916658030234,-0.07109166576453418,75.520133437,True,3.224213951380506e-11
81.57013343700001,4.338101006192184,4.338101006230673,4.409192671995207,31.835094629239414,0.6,-1.1392202328738705,0.011180339887499991,MODEL_ONLY,DUPLICATE_OR_OLD,DUPLICATE_OR_OLD,-0.0710916658030234,-0.07109166576453418,75.520133437,False,
81.620133437,4.352475948086877,4.352475948117034,4.423798370315616,32.055919405297175,0.6,-1.1392202331385528,0.00618033988749906,FUSED,ACCEPTED,ACCEPTED,-0.07132242222873941,-0.0713224221985822,75.520133437,True,2.500784301862069e-11
81.670133437,4.322902772899962,4.322902772930119,4.394225195128701,32.27636999443327,0.6,-1.1392202333715966,0.011180339887498777,MODEL_ONLY,DUPLICATE_OR_OLD,DUPLICATE_OR_OLD,-0.07132242222873941,-0.0713224221985822,75.520133437,False,
81.72013343700002,4.3374240906820605,4.3374240907044825,4.407378887877789,32.49641009650848,0.6,-1.1392202335767838,0.00618033988749909,FUSED,ACCEPTED,ACCEPTED,-0.06995479719572817,-0.0699547971733061,75.520133437,True,1.764136059456689e-11
81.770133437,4.3078509154758615,4.307850915498284,4.37780571267159,32.716039711522136,0.6,-1.1392202337574442,0.011180339887497386,MODEL_ONLY,DUPLICATE_OR_OLD,DUPLICATE_OR_OLD,-0.06995479719572817,-0.0699547971733061,75.520133437,False,
81.82013343700001,4.313553741205215,4.313553741222239,4.382997546535857,32.935059793002374,0.6,-1.1392202339165096,0.006180339887498887,FUSED,ACCEPTED,ACCEPTED,-0.06944380533064187,-0.06944380531361816,75.520133437,True,1.3686551891822774e-11
81.870133437,4.283980565984051,4.283980566001075,4.353424371314693,33.15347034094862,0.6,-1.1392202340565614,0.011180339887498603,MODEL_ONLY,DUPLICATE_OR_OLD,DUPLICATE_OR_OLD,-0.06944380533064187,-0.06944380531361816,75.520133437,False,
81.920133437,4.307480600213111,4.3074806002222745,4.365044625796778,33.3714320658764,0.6,-1.1392202341798723,0.006180339887498857,FUSED,ACCEPTED,ACCEPTED,-0.05756402558366691,-0.057564025574503574,75.520133437,True,4.304938350241372e-12
81.97013343700002,4.277907424980345,4.277907424989508,4.335471450564012,33.588944967785466,0.6,-1.1392202342884434,0.011180339887499995,MODEL_ONLY,DUPLICATE_OR_OLD,DUPLICATE_OR_OLD,-0.05756402558366691,-0.057564025574503574,75.520133437,False,
82.020133437,4.281568750420504,4.281568750430357,4.34995686028148,33.80608067555653,0.6,-1.1392202343840365,0.006180339887498853,FUSED,ACCEPTED,ACCEPTED,-0.06838810986097599,-0.06838810985112342,75.520133437,True,1.0278930484552973e-11
82.07013343700001,4.251995575178751,4.251995575188603,4.320383685039727,34.02283918918961,0.6,-1.139220234468203,0.011180339887499991,MODEL_ONLY,DUPLICATE_OR_OLD,DUPLICATE_OR_OLD,-0.06838810986097599,-0.06838810985112342,75.520133437,False,
82.120133437,4.268960220697127,4.268960220704448,4.336375741433518,34.23925817485143,0.6,-1.1392202345423088,0.00618033988749906,FUSED,ACCEPTED,ACCEPTED,-0.06741552073639046,-0.0674155207290692,75.520133437,True,5.757228027647443e-12
82.170133437,4.239387045448414,4.239387045455735,4.306802566184804,34.45533763254188,0.6,-1.1392202346075564,0.011180339887498777,MODEL_ONLY,DUPLICATE_OR_OLD,DUPLICATE_OR_OLD,-0.06741552073639046,-0.0674155207290692,75.520133437,False,
82.22013343700002,4.244836799605632,4.244836799611947,4.3155450469444085,34.670896322870156,0.6,-1.1392202346650049,0.00618033988749909,FUSED,ACCEPTED,ACCEPTED,-0.07070824733877679,-0.07070824733246184,75.520133437,True,5.693029381248493e-12
82.270133437,4.215263624351525,4.21526362435784,4.285971871690302,34.88593424583595,0.6,-1.1392202347155862,0.011180339887497386,MODEL_ONLY,DUPLICATE_OR_OLD,DUPLICATE_OR_OLD,-0.07070824733877679,-0.07070824733246184,75.520133437,False,
82.32013343700001,4.222387931891701,4.222387931896256,4.290713326537744,35.100351375791696,0.6,-1.1392202347601215,0.006180339887498887,FUSED,ACCEPTED,ACCEPTED,-0.0683253946460427,-0.06832539464148812,75.520133437,True,3.4660746495163153e-12
82.370133437,4.192814756633399,4.192814756637953,4.261140151279442,35.31414771273711,0.6,-1.1392202347993332,0.011180339887498603,MODEL_ONLY,DUPLICATE_OR_OLD,DUPLICATE_OR_OLD,-0.0683253946460427,-0.06832539464148812,75.520133437,False,
82.420133437,4.207308004719958,4.20730800472345,4.275462125935199,35.52756276966746,0.6,-1.1392202348338578,0.006180339887498857,FUSED,ACCEPTED,ACCEPTED,-0.06815412121524123,-0.06815412121174891,75.520133437,True,2.836009205253731e-12
82.47013343700002,4.177734829458402,4.177734829461894,4.245888950673643,35.74059654658273,0.6,-1.1392202348642555,0.011180339887499995,MODEL_ONLY,DUPLICATE_OR_OLD,DUPLICATE_OR_OLD,-0.06815412121524123,-0.06815412121174891,75.520133437,False,
82.520133437,4.170220953615196,4.170220953618173,4.2412452181960205,35.9527749008044,0.6,-1.1392202348910196,0.006180339887498853,FUSED,ACCEPTED,ACCEPTED,-0.07102426458082434,-0.07102426457784716,75.520133437,True,2.6575824874086607e-12
82.57013343700001,4.1406477783511235,4.140647778354101,4.211672042931948,36.164097832332644,0.6,-1.1392202349145846,0.011180339887499991,MODEL_ONLY,DUPLICATE_OR_OLD,DUPLICATE_OR_OLD,-0.07102426458082434,-0.07102426457784716,75.520133437,False,
82.620133437,4.10984400478115,4.109844004783507,4.181240040466496,36.373920634417594,0.5717316979840547,-1.1392202349353329,0.00618033988749906,FUSED,ACCEPTED,ACCEPTED,-0.07139603568534536,-0.07139603568298902,75.520133437,True,1.9723944699734375e-12
82.670133437,4.078857414414338,4.078857414416694,4.150253450099683,36.58220797168174,0.5717316979840547,-1.139220234953601,0.011180339887498777,MODEL_ONLY,DUPLICATE_OR_OLD,DUPLICATE_OR_OLD,-0.07139603568534536,-0.07139603568298902,75.520133437,False,
82.72013343700002,4.057219877496631,4.057589033484084,4.13088535125714,36.78923644171571,0.6,-1.1392202349696854,0.00618033988749909,FUSED,ACCEPTED,ACCEPTED,-0.07366547376050914,-0.0732963177730559,75.520133437,True,0.0005973069333946451
82.770133437,4.038047795014625,4.037906352289471,4.095044708549677,36.99488469321081,0.6,-1.1392202349838472,0.005278640450003858,FUSED,ACCEPTED,ACCEPTED,-0.056996913535051874,-0.05713835626020636,75.520133437,True,-0.0005981360973999483
82.82013343700001,4.008474619746465,4.008333177021311,4.065471533281517,37.19889759925663,0.6,-1.139220234996316,0.010278640450004995,MODEL_ONLY,DUPLICATE_OR_OLD,DUPLICATE_OR_OLD,-0.056996913535051874,-0.05713835626020636,75.520133437,False,
82.870133437,3.9789014444777653,3.978760001752611,4.035898358012817,37.401431846538976,0.6,-1.1392202350072946,0.015278640450004712,MODEL_ONLY,DUPLICATE_OR_OLD,DUPLICATE_OR_OLD,-0.056996913535051874,-0.05713835626020636,75.520133437,False,
