t,base_v,candidate_v,inner_v,inner_s,disturbance,drive_a,pv,mode,front_status,rear_status,base_correction,correction,blocked_until,update,increment_delta
12.265799097,0.0,0.0,0.0,0.0,0.0,0.0,1.0,WAITING_FOR_INITIALIZATION,MISSING_OR_STALE,MISSING_OR_STALE,0.0,0.0,,False,
12.315799097000001,0.0,0.0,0.0,0.0,0.0,0.0,1.0,WAITING_FOR_INITIALIZATION,MISSING_OR_STALE,MISSING_OR_STALE,0.0,0.0,,False,
12.365799097,0.0,0.0,0.0,0.0,0.0,0.0,0.010000000000000002,INITIALIZED,ACCEPTED,ACCEPTED,0.0,0.0,,False,
12.415799097,0.0,0.0,0.0,0.0,0.0,0.0,0.015000000000000072,MODEL_ONLY,DUPLICATE_OR_OLD,DUPLICATE_OR_OLD,0.0,0.0,,False,
12.465799097,0.0,0.0,0.0,0.0,0.0,0.0,0.0066666666666666645,FUSED,ACCEPTED,ACCEPTED,0.0,0.0,,True,0.0
12.515799097,0.0,0.0,0.0,0.0,0.0,0.0,0.011666666666666735,MODEL_ONLY,DUPLICATE_OR_OLD,DUPLICATE_OR_OLD,0.0,0.0,,False,
12.565799097000001,0.0,0.0,0.0,0.0,0.0,0.0,0.00625000000000002,FUSED,ACCEPTED,ACCEPTED,0.0,0.0,,True,0.0
12.615799097,0.0,0.0,0.0,0.0,0.0,0.0,0.005294117647058805,FUSED,ACCEPTED,ACCEPTED,0.0,0.0,,True,0.0
12.665799097,0.0,0.0,0.0,0.0,0.0,0.0,0.010294117647058877,MODEL_ONLY,DUPLICATE_OR_OLD,DUPLICATE_OR_OLD,0.0,0.0,,False,
12.715799097,0.0,0.0,0.0,0.0,0.0,0.0,0.01529411764705877,MODEL_ONLY,DUPLICATE_OR_OLD,DUPLICATE_OR_OLD,0.0,0.0,,False,
12.765799097,0.0,0.0,0.0,0.0,0.0,0.0,0.006699029126213595,FUSED,ACCEPTED,ACCEPTED,0.0,0.0,,True,0.0
12.815799097000001,0.0,0.0,0.0,0.0,0.0,0.0,0.005391498881431783,FUSED,ACCEPTED,ACCEPTED,0.0,0.0,,True,0.0
12.865799097,0.0,0.0,0.0,0.0,0.0,0.0,0.010391498881431677,MODEL_ONLY,DUPLICATE_OR_OLD,DUPLICATE_OR_OLD,0.0,0.0,,False,
12.915799097,0.0,0.0,0.0,0.0,0.0,0.0,0.00606167400881057,STOPPED,ACCEPTED,ACCEPTED,0.0,0.0,13.415799097,False,
12.965799097,0.0,0.0,0.0,0.0,0.0,0.0,0.011061674008810463,STOPPED,DUPLICATE_OR_OLD,DUPLICATE_OR_OLD,0.0,0.0,13.465799097,False,
13.015799097,0.0,0.0,0.0,0.0,0.0,0.0,0.006162947937795803,STOPPED,ACCEPTED,ACCEPTED,0.0,0.0,13.515799097,False,
13.065799097000001,0.0,0.0,0.0,0.0,0.0,0.0,0.011162947937795875,STOPPED,DUPLICATE_OR_OLD,DUPLICATE_OR_OLD,0.0,0.0,13.565799097000001,False,
13.115799097,0.0,0.0,0.0,0.0,0.0,0.0,0.0061778007494508284,STOPPED,ACCEPTED,ACCEPTED,0.0,0.0,13.615799097,False,
13.165799097,0.0,0.0,0.0,0.0,0.0,0.0,0.011177800749450899,STOPPED,DUPLICATE_OR_OLD,DUPLICATE_OR_OLD,0.0,0.0,13.665799097,False,
13.215799097,0.0,0.0,0.0,0.0,0.0,0.0,0.0061799693963176805,STOPPED,ACCEPTED,ACCEPTED,0.0,0.0,13.715799097,False,
13.265799097,0.0,0.0,0.0,0.0,0.0,0.0,0.01117996939631775,STOPPED,DUPLICATE_OR_OLD,DUPLICATE_OR_OLD,0.0,0.0,13.765799097,False,
13.315799097000001,0.0,0.0,0.0,0.0,0.0,0.0,0.01617996939631782,STOPPED,DUPLICATE_OR_OLD,DUPLICATE_OR_OLD,0.0,0.0,13.815799097000001,False,
13.365799097,0.0,0.0,0.0,0.0,0.0,0.0,0.006792812759726129,STOPPED,ACCEPTED,ACCEPTED,0.0,0.0,13.865799097,False,
13.415799097,0.0,0.0,0.0,0.0,0.0,0.0,0.0054113311988435425,STOPPED,ACCEPTED,ACCEPTED,0.0,0.0,13.915799097,False,
13.465799097000001,0.0,0.0,0.0,0.0,0.0,0.0,0.010411331198843615,STOPPED,DUPLICATE_OR_OLD,DUPLICATE_OR_OLD,0.0,0.0,13.965799097000001,False,
13.515799097,0.0,0.0,0.0,0.0,0.0,0.0,0.00606474768214618,STOPPED,ACCEPTED,ACCEPTED,0.0,0.0,14.015799097,False,
13.565799097000001,0.0,0.0,0.0,0.0,0.0,0.0,0.011064747682146252,STOPPED,DUPLICATE_OR_OLD,DUPLICATE_OR_OLD,0.0,0.0,14.065799097000001,False,
13.615799097,0.0,0.0,0.0,0.0,0.0,0.0,0.016064747682146146,STOPPED,DUPLICATE_OR_OLD,DUPLICATE_OR_OLD,0.0,0.0,14.115799097,False,
13.665799097,0.0,0.0,0.0,0.0,0.0,0.0,0.006780917037434275,STOPPED,ACCEPTED,ACCEPTED,0.0,0.0,14.165799097,False,
13.715799097000001,0.000504574450775946,0.000504574450775946,0.000504574450775946,1.261436126939883e-05,0.0,0.021980188503119443,0.005408825081692733,FUSED,ACCEPTED,ACCEPTED,0.0,0.0,14.165799097,False,
13.765799097,0.0025646345359126095,0.0025646345359126095,0.0025646345359126095,8.934458593661108e-05,0.0,0.04133300452035789,0.010408825081692627,MODEL_ONLY,DUPLICATE_OR_OLD,DUPLICATE_OR_OLD,0.0,0.0,14.165799097,False,
13.815799097000001,0.005449765523593047,0.005449765523593047,0.005449765523593047,0.00028970458742425535,0.0,0.05837250751388107,0.015408825081692699,MODEL_ONLY,DUPLICATE_OR_OLD,DUPLICATE_OR_OLD,0.0,0.0,14.165799097,False,
13.865799097,0.0029752433810326514,0.0029752433810326514,0.0029752433810326514,0.0005003298100398933,0.0,0.07337521626735867,0.006711480968720353,FUSED,ACCEPTED,ACCEPTED,0.0,0.0,14.165799097,False,
13.915799097,0.007265616949261768,0.007265616949261768,0.007265616949261768,0.0007563513182972574,0.0,0.08658459626085052,0.011711480968720423,MODEL_ONLY,DUPLICATE_OR_OLD,DUPLICATE_OR_OLD,0.0,0.0,14.165799097,False,
13.965799097000001,0.004522966855185263,0.004522966855185263,0.004522966855185263,0.0010510659134084373,0.0,0.09821501065331882,0.006256291438235816,FUSED,ACCEPTED,ACCEPTED,0.0,0.0,14.165799097,False,
14.015799097,0.005126878294897608,0.005126878294897608,0.005126878294897608,0.001292312042160504,0.0,0.1286787728344367,0.005295510494360249,FUSED,ACCEPTED,ACCEPTED,0.0,0.0,14.165799097,False,
14.065799097000001,0.012834986229896182,0.012834986229896182,0.012834986229896182,0.001741358655280355,0.0,0.15550108987691577,0.01029551049436032,MODEL_ONLY,DUPLICATE_OR_OLD,DUPLICATE_OR_OLD,0.0,0.0,14.165799097,False,
14.115799097,0.008548332094972676,0.008548332094972676,0.008548332094972676,0.0022759416134020653,0.0,0.17911723706352736,0.0060467293189320846,FUSED,ACCEPTED,ACCEPTED,0.0,0.0,14.165799097,False,
14.165799097,0.018432274808644226,0.018432274808644226,0.018432274808644226,0.0029504567859924974,0.0,0.19991045962727774,0.011046729318932157,MODEL_ONLY,DUPLICATE_OR_OLD,DUPLICATE_OR_OLD,0.0,0.0,14.165799097,False,
14.215799097000001,0.029103123120757492,0.029103123120757492,0.029103123120757492,0.004138841734227557,0.0,0.21821819209393314,0.016046729318932227,MODEL_ONLY,DUPLICATE_OR_OLD,DUPLICATE_OR_OLD,0.0,0.0,14.165799097,False,
14.265799097,0.02129140376640403,0.021257324404288614,0.013026347871684166,0.005192078509038576,0.0,0.23433753420374814,0.006779048801800178,FUSED,ACCEPTED,ACCEPTED,0.008265055894719864,0.008230976532604448,14.165799097,True,-5.027159873280049e-05
14.315799097000001,0.03354801279792623,0.033513933435810814,0.025282956903206366,0.006149811128410853,0.0,0.24853007227620025,0.011779048801800248,MODEL_ONLY,DUPLICATE_OR_OLD,DUPLICATE_OR_OLD,0.008265055894719861,0.008230976532604448,14.165799097,False,
14.365799097,0.026904936502559946,0.026808951876730717,0.014447695922672529,0.007143077449057804,0.0,0.2747013349573493,0.006265737415091541,FUSED,ACCEPTED,ACCEPTED,0.012457240579887417,0.012361255954058188,14.165799097,True,-0.0001328790078916845
14.415799097,0.041603777867622274,0.041507793241793045,0.029146537287734857,0.008232933279318004,0.0,0.2977442506964591,0.011265737415091612,MODEL_ONLY,DUPLICATE_OR_OLD,DUPLICATE_OR_OLD,0.012457240579887417,0.012361255954058188,14.165799097,False,
14.465799097000001,0.0313256871599709,0.03128914349690433,0.017007011581270826,0.009386772001043162,0.0,0.3180327622684343,0.006192758709963258,FUSED,ACCEPTED,ACCEPTED,0.014318675578700077,0.014282131915633503,14.165799097,True,0.0
14.515799097,0.04789890121833245,0.047862357555265876,0.03358022563963237,0.010651452931565716,0.0,0.3358961136978511,0.011192758709963151,MODEL_ONLY,DUPLICATE_OR_OLD,DUPLICATE_OR_OLD,0.014318675578700077,0.014282131915633503,14.165799097,False,
14.565799097000001,0.03836576291374599,0.03825374837517238,0.019366774637095477,0.011975127938483932,0.0,0.3516241932643998,0.00618215091020703,FUSED,ACCEPTED,ACCEPTED,0.018998988276650516,0.018886973738076906,14.165799097,True,-0.00015862233213048346
14.615799097,0.056387216548354976,0.05627520200978137,0.03738822827170446,0.0133940030112039,0.0,0.3654722378392999,0.011182150910206924,MODEL_ONLY,DUPLICATE_OR_OLD,DUPLICATE_OR_OLD,0.018998988276650516,0.018886973738076906,14.165799097,False,
14.665799097,0.03990568556336668,0.03986290277636123,0.021307938533188166,0.014861407181326237,0.0,0.377664974895151,0.006180604093874677,FUSED,ACCEPTED,ACCEPTED,0.018597747030178517,0.018554964243173065,14.165799097,True,0.0
14.715799097000001,0.05904844814010835,0.0590056653531029,0.040450701109929835,0.01640537317240421,0.0,0.388400269406159,0.011180604093874748,MODEL_ONLY,DUPLICATE_OR_OLD,DUPLICATE_OR_OLD,0.018597747030178517,0.018554964243173065,14.165799097,False,
14.765799097,0.04477189605410706,0.0447219630854902,0.022849773193442134,0.017987885029988476,0.0,0.3978523348210176,0.006180378434300661,FUSED,ACCEPTED,ACCEPTED,0.021922122860664923,0.021872189892048068,14.165799097,True,-5.435195172152213e-05
14.815799097000001,0.06478347907996058,0.06473354611134373,0.04286135621929566,0.019630663265306943,0.0,0.40617456021643283,0.011180378434300732,MODEL_ONLY,DUPLICATE_OR_OLD,DUPLICATE_OR_OLD,0.021922122860664923,0.021872189892048068,14.165799097,False,
14.865799097,0.04833076259693045,0.04829239986179436,0.024058119537282374,0.02130365015922136,0.0,0.41350199951062283,0.0061803455113932405,FUSED,ACCEPTED,ACCEPTED,0.024272643059648075,0.024234280324511984,14.165799097,True,-3.1211954622682725e-05
14.915799097,0.06816237305071253,0.06814426062893195,0.054530611554559745,0.023268368436517438,0.0,0.41995356313200977,0.005278641703639439,FUSED,ACCEPTED,ACCEPTED,0.013631761496152785,0.013613649074372201,14.165799097,True,0.0
14.965799097000001,0.08874899519675067,0.0887308827749701,0.07511723370059789,0.026509564567896424,0.0,0.42563394770971685,0.01027864170363951,MODEL_ONLY,DUPLICATE_OR_OLD,DUPLICATE_OR_OLD,0.013631761496152778,0.013613649074372208,14.165799097,False,
15.015799097,0.12416421084221134,0.12415704573342387,0.11479370578762137,0.0312573380551018,0.0,0.43063533510109075,0.006044091246184211,FUSED,ACCEPTED,ACCEPTED,0.009370505054589973,0.009363339945802504,14.165799097,True,0.0
15.065799097000001,0.14456235496416037,0.1445551898553729,0.1351918499095704,0.03750697694753168,0.0,0.4350388883282374,0.011044091246184282,MODEL_ONLY,DUPLICATE_OR_OLD,DUPLICATE_OR_OLD,0.009370505054589973,0.009363339945802518,14.165799097,False,
15.115799097,0.16496989133884962,0.16496272623006217,0.15559938628425965,0.04477675785237728,0.0,0.4389160686997793,0.016044091246184174,MODEL_ONLY,DUPLICATE_OR_OLD,DUPLICATE_OR_OLD,0.009370505054589973,0.009363339945802518,14.165799097,False,
15.165799097,0.1862873871821976,0.1862846997755341,0.1683214818184917,0.05287477955494618,0.0,0.4423297954922249,0.006778775090983171,FUSED,ACCEPTED,ACCEPTED,0.017965905363705875,0.017963217957042393,14.165799097,True,-5.59634990387331e-07
15.215799097000001,0.2024049711938497,0.20240373723709493,0.19193157400180022,0.06188110595045361,0.0,0.44533546701037147,0.005408373538812954,FUSED,ACCEPTED,ACCEPTED,0.010473397192049483,0.010472163235294707,14.165799097,True,0.0
15.265799097,0.22286029003112567,0.2228590560743709,0.2123868928390762,0.0719890676214753,0.0,0.44798185959661746,0.010408373538812847,MODEL_ONLY,DUPLICATE_OR_OLD,DUPLICATE_OR_OLD,0.010473397192049483,0.010472163235294707,14.165799097,False,
15.315799097000001,0.24332167245845776,0.24332043850170298,0.23284827526640828,0.08311994682411257,0.0,0.45031191917839664,0.015408373538812917,MODEL_ONLY,DUPLICATE_OR_OLD,DUPLICATE_OR_OLD,0.010473397192049483,0.010472163235294707,14.165799097,False,
15.365799097,0.2577876405928612,0.2577856287729752,0.23673840557031978,0.09485961384503053,0.0,0.45236345819904594,0.00671143213653432,FUSED,ACCEPTED,ACCEPTED,0.021049235022541413,0.021047223202655396,14.165799097,True,-2.3929688932819437e-06
15.415799097,0.2783316583792982,0.27832964655941217,0.2572824233567568,0.10721013456820762,0.0,0.4541697692419735,0.011711432136534392,MODEL_ONLY,DUPLICATE_OR_OLD,DUPLICATE_OR_OLD,0.021049235022541413,0.021047223202655396,14.165799097,False,
15.465799097000001,0.2839291350719887,0.28392820873584973,0.2616296779887831,0.1201829371018463,0.0,0.45576016530608016,0.006256284594219666,FUSED,ACCEPTED,ACCEPTED,0.022299457083205576,0.022298530747066614,14.165799097,True,-2.767905236122914e-07
15.515799097,0.3045307549266452,0.30452982859050626,0.28223129784343964,0.13377946149765158,0.0,0.4571604555000805,0.011256284594219559,MODEL_ONLY,DUPLICATE_OR_OLD,DUPLICATE_OR_OLD,0.022299457083205576,0.022298530747066614,14.165799097,False,
15.565799097000001,0.3083477194026847,0.3083474759397755,0.2845177257064432,0.14794818708639884,0.0,0.45839336387533797,0.006191388022126513,FUSED,ACCEPTED,ACCEPTED,0.023829993696241503,0.023829750233332336,14.165799097,True,1.7660431207711103e-07
15.615799097,0.3289964790704337,0.32899623560752456,0.3051664853741922,0.16269029236341442,0.0,0.4594788981940761,0.011191388022126407,MODEL_ONLY,DUPLICATE_OR_OLD,DUPLICATE_OR_OLD,0.023829993696241503,0.023829750233332336,14.165799097,False,
15.665799097,0.33824121027090054,0.3382411173155715,0.3229907947773892,0.17839422436720417,0.0,0.46043467461737464,0.006181951108680457,FUSED,ACCEPTED,ACCEPTED,0.01525041549351136,0.015250322538182315,14.165799097,True,0.0
15.715799097000001,0.3588916719189878,0.35889157896365875,0.34364125642547644,0.19506002564727604,0.0,0.4612762035820187,0.011181951108680529,MODEL_ONLY,DUPLICATE_OR_OLD,DUPLICATE_OR_OLD,0.01525041549351136,0.015250322538182315,14.165799097,False,
15.765799097,0.3730745181984149,0.3730742884859103,0.3508692738511823,0.21242278890419214,0.0,0.4620171415054411,0.006180574947034953,FUSED,ACCEPTED,ACCEPTED,0.022205244347232644,0.022205014634728015,14.165799097,True,-3.142246717859065e-07
15.815799097000001,0.39084031899793475,0.3908402105436057,0.37594616917573437,0.2305931749798653,0.0,0.46266951240345017,0.005278692847098632,FUSED,ACCEPTED,ACCEPTED,0.014894149822200387,0.014894041367871313,14.165799097,True,0.0
15.865799097,0.41150928722337987,0.4115091787690508,0.3966151374011795,0.24990720764428775,0.0,0.46324390301717844,0.010278692847098526,MODEL_ONLY,DUPLICATE_OR_OLD,DUPLICATE_OR_OLD,0.014894149822200387,0.014894041367871313,14.165799097,False,
15.915799097,0.42518592449375403,0.42518588159029785,0.4172370213899539,0.27025351161406636,0.0,0.46374963461579216,0.00604409924971743,FUSED,ACCEPTED,ACCEPTED,0.007948903103800142,0.007948860200343966,14.165799097,True,0.0
15.965799097000001,0.445862820556592,0.4458627776531358,0.43791391745279185,0.2916322850851353,0.0,0.4641949142629929,0.011044099249717502,MODEL_ONLY,DUPLICATE_OR_OLD,DUPLICATE_OR_OLD,0.007948903103800142,0.007948860200343966,14.165799097,False,
16.015799097,0.4665446874980579,0.4665446445946017,0.45859578439425774,0.31404502763131026,0.0,0.46458696800208044,0.01604409924971722,MODEL_ONLY,DUPLICATE_OR_OLD,DUPLICATE_OR_OLD,0.007948903103800142,0.007948860200343966,14.165799097,False,
16.065799097,0.4852369656399618,0.48511325943803585,0.46359208343913527,0.3370997243271454,0.0,0.47604473647021894,0.00677877592145275,FUSED,ACCEPTED,ACCEPTED,0.021644882200826554,0.021521175998900577,14.165799097,True,-0.00018247008485691024
16.115799097,0.4978694281993262,0.49781262693447453,0.4874250463023636,0.3608751525706832,0.0,0.4861329158823536,0.005408373713901127,FUSED,ACCEPTED,ACCEPTED,0.010444381896962618,0.010387580632110927,14.165799097,True,0.0
16.165799097,0.5200476410364989,0.5199908397716473,0.5096032591395363,0.38580086020673104,0.0,0.4950152182376875,0.010408373713901197,MODEL_ONLY,DUPLICATE_OR_OLD,DUPLICATE_OR_OLD,0.010444381896962618,0.010387580632110982,14.165799097,False,
16.215799097,0.5376060755545672,0.5375837202218366,0.528932824087116,0.4117642622873977,-0.0040766489915922376,0.5124620237726166,0.006064289626482916,FUSED,ACCEPTED,ACCEPTED,0.008673251467451237,0.008650896134720698,14.165799097,True,0.0
16.265799097,0.5612074722161424,0.5611851168834119,0.5525342207486912,0.4388009384082914,-0.0040766489915922376,0.5278233487020225,0.011064289626482633,MODEL_ONLY,DUPLICATE_OR_OLD,DUPLICATE_OR_OLD,0.008673251467451237,0.008650896134720698,14.165799097,False,
16.315799097,0.5854796338996481,0.5854572785669175,0.5768063824321968,0.46703445348781397,-0.0040766489915922376,0.5413484781656599,0.016064289626482705,MODEL_ONLY,DUPLICATE_OR_OLD,DUPLICATE_OR_OLD,0.008673251467451237,0.008650896134720698,14.165799097,False,
16.365799097,0.6021064985666231,0.6020644399216889,0.5809883826839484,0.49597932261571803,-0.023845702642532815,0.5532568993369327,0.0067808695707386,FUSED,ACCEPTED,ACCEPTED,0.02111811588267476,0.02107605723774053,14.165799097,True,-5.141253844451188e-05
16.415799097,0.6253363161198182,0.6253170062181646,0.6123160862331498,0.5258119343386459,-0.022024147849362116,0.5723643965374263,0.005408815076219722,FUSED,ACCEPTED,ACCEPTED,0.0130202298866684,0.013000919985014736,14.165799097,True,0.0
16.465799097,0.651093764607618,0.6510744547059644,0.6380735347209496,0.5570716748624989,-0.022024147849362116,0.5891879045714263,0.010408815076219793,MODEL_ONLY,DUPLICATE_OR_OLD,DUPLICATE_OR_OLD,0.0130202298866684,0.013000919985014736,14.165799097,False,
16.515799097,0.6775892499510872,0.6775699400494335,0.6645690200644188,0.5896377387321312,-0.022024147849362116,0.6040004370344814,0.01540881507621951,MODEL_ONLY,DUPLICATE_OR_OLD,DUPLICATE_OR_OLD,0.0130202298866684,0.013000919985014736,14.165799097,False,
16.565799097,0.6884248288617111,0.6883626381479048,0.6635925527884596,0.6228417780534536,-0.06808162897161069,0.6170423732065129,0.006711479886692384,FUSED,ACCEPTED,ACCEPTED,0.024832276073251447,0.024770085359445138,14.165799097,True,-8.320164069857555e-05
16.615799097,0.7138416990726923,0.713779508358886,0.6890094229994409,0.6566568274481517,-0.06808162897161069,0.6285253589511566,0.011711479886692456,MODEL_ONLY,DUPLICATE_OR_OLD,DUPLICATE_OR_OLD,0.024832276073251447,0.024770085359445138,14.165799097,False,
16.665799097,0.7397625531791521,0.7397003624653458,0.7149302771059006,0.6917553199507858,-0.06808162897161069,0.6386357413263182,0.016711479886692526,MODEL_ONLY,DUPLICATE_OR_OLD,DUPLICATE_OR_OLD,0.024832276073251447,0.024770085359445138,14.165799097,False,
16.715799097,0.7661272878707291,0.7660650971569228,0.7412950117974777,0.7281609521733707,-0.06808162897161069,0.6475375926431379,0.021711479886692597,MODEL_ONLY,DUPLICATE_OR_OLD,DUPLICATE_OR_OLD,0.024832276073251447,0.024770085359445138,14.165799097,False,
16.765799097,0.8041498777646066,0.8041329373650372,0.7863013796995036,0.766350861960793,-0.03377850466365162,0.6553753730481044,0.007276056418628623,FUSED,ACCEPTED,ACCEPTED,0.017848498065102913,0.01783155766553357,14.165799097,True,0.0
16.815799097,0.8351824908433343,0.8351748860863473,0.8232045902959162,0.8065885112106791,-0.03633606409320525,0.6622762748369732,0.005510875079469926,FUSED,ACCEPTED,ACCEPTED,0.011977900547418097,0.011970295790431074,14.165799097,True,0.0
16.865799097,0.864172527705023,0.8641649229480359,0.8521946271576049,0.8484734916470177,-0.03633606409320525,0.6683522865442458,0.010510875079469996,MODEL_ONLY,DUPLICATE_OR_OLD,DUPLICATE_OR_OLD,0.011977900547418097,0.011970295790431074,14.165799097,False,
16.915799097,0.8934297012011573,0.8934220964441703,0.8814518006537392,0.891814652342302,-0.03633606409320525,0.6737020103044743,0.015510875079470066,MODEL_ONLY,DUPLICATE_OR_OLD,DUPLICATE_OR_OLD,0.011977900547418097,0.011970295790431074,14.165799097,False,
16.965799097,0.9568957335951948,0.9568599551346969,0.9289707699640439,0.9370752166077472,0.050190575288247496,0.6784122619777054,0.006722480107845645,FUSED,ACCEPTED,ACCEPTED,0.027924963631150823,0.027889185170652975,14.165799097,True,-4.951444367830987e-05
17.015799097,0.9909215553683821,0.9908857769078843,0.9629965917372313,0.9843744006502764,0.050190575288247496,0.6825594800060673,0.011722480107845362,MODEL_ONLY,DUPLICATE_OR_OLD,DUPLICATE_OR_OLD,0.027924963631150823,0.027889185170652975,14.165799097,False,
17.065799097000003,1.0460494619041407,1.0459983206524583,1.007113607261446,1.0336271556252474,0.07020133341262508,0.6862109658645659,0.006257832371979586,FUSED,ACCEPTED,ACCEPTED,0.03893585464269478,0.038884713391012404,14.165799097,True,-6.03281612111678e-05
17.115799097,1.0814188847567778,1.0813677435050955,1.042483030114083,1.0848670715596327,0.07020133341262508,0.6894259762362484,0.011257832371979302,MODEL_ONLY,DUPLICATE_OR_OLD,DUPLICATE_OR_OLD,0.03893585464269478,0.038884713391012404,14.165799097,False,
17.165799097,1.1268035012786957,1.126758509256947,1.0835835081000094,1.1380187350149857,0.07302788313160279,0.6922566846356718,0.006191612522185442,FUSED,ACCEPTED,ACCEPTED,0.0432199931786863,0.04317500115693762,14.165799097,True,-4.1209703298683564e-05
17.215799097,1.1625802861414343,1.1625352941196856,1.119360292962748,1.1930923300415555,0.07302788313160279,0.6947490280859894,0.011191612522185514,MODEL_ONLY,DUPLICATE_OR_OLD,DUPLICATE_OR_OLD,0.0432199931786863,0.04317500115693762,14.165799097,False,
17.265799097,1.1958928812393421,1.1958757032127083,1.1658096304862078,1.2502215781277761,0.05402434934991959,0.6969434525896244,0.006181983834890027,FUSED,ACCEPTED,ACCEPTED,0.03008325075313434,0.030066072726500526,14.165799097,True,0.0
17.315799097000003,1.2400938876753538,1.2400857779407946,1.2234395213454201,1.309952806923572,0.09023797407623146,0.6988755694901028,0.0052790068777560685,FUSED,ACCEPTED,ACCEPTED,0.016654366329933668,0.016646256595374442,14.165799097,True,0.0
17.365799097,1.2770224849217122,1.277014375187153,1.2603681185917786,1.3720479979219984,0.09023797407623146,0.7005767333765472,0.010279006877755785,MODEL_ONLY,DUPLICATE_OR_OLD,DUPLICATE_OR_OLD,0.016654366329933668,0.016646256595374442,14.165799097,False,
17.415799097,1.3140259652043649,1.3140178554698057,1.2973715988744312,1.4359914908586546,0.09023797407623146,0.7020745509091341,0.015279006877755855,MODEL_ONLY,DUPLICATE_OR_OLD,DUPLICATE_OR_OLD,0.016654366329933668,0.016646256595374442,14.165799097,False,
17.465799097,1.3575669350971615,1.357553076085758,1.3209537817845378,1.5014496253751297,0.09203762640290644,0.7033933288227736,0.006697381773328119,FUSED,ACCEPTED,ACCEPTED,0.036613153312623714,0.03659929430122011,14.165799097,True,-1.669409937361116e-05
17.515799097,1.394784385894285,1.3947705268828814,1.3581712325816613,1.568427750734281,0.09203762640290644,0.7045544683792719,0.011697381773327836,MODEL_ONLY,DUPLICATE_OR_OLD,DUPLICATE_OR_OLD,0.036613153312623714,0.03659929430122011,14.165799097,False,
17.565799097000003,1.4211770861903104,1.421161228189735,1.376376572101175,1.6367914458513577,0.05403858862534683,0.7055768126691794,0.00625431434254336,FUSED,ACCEPTED,ACCEPTED,0.044800514089135435,0.04478465608856008,14.165799097,True,-1.705518777424253e-05
17.615799097,1.456590705224977,1.4565748472244016,1.4117901911358415,1.7064956149322792,0.05403858862534683,0.7064769523993752,0.011254314342543077,MODEL_ONLY,DUPLICATE_OR_OLD,DUPLICATE_OR_OLD,0.044800514089135435,0.04478465608856008,14.165799097,False,
17.665799097,1.4920439497553746,1.4920280917547992,1.4472434356662391,1.7779714556023323,0.05403858862534683,0.7072694951287434,0.01625431434254315,MODEL_ONLY,DUPLICATE_OR_OLD,DUPLICATE_OR_OLD,0.044800514089135435,0.04478465608856008,14.165799097,False,
17.715799097,1.547134576385596,1.5471295025259035,1.5295465658335714,1.8523912056398286,0.11545328901680776,0.7079673023211196,0.00680044172769196,FUSED,ACCEPTED,ACCEPTED,0.017588010552024524,0.01758293669233213,14.165799097,True,0.0
17.765799097,1.5857241634105255,1.585719089550833,1.568136152858501,1.929833273607126,0.11545328901680776,0.7085816980624321,0.011800441727691676,MODEL_ONLY,DUPLICATE_OR_OLD,DUPLICATE_OR_OLD,0.017588010552024524,0.01758293669233213,14.165799097,False,
17.815799097000003,1.624340797793028,1.6243357239333356,1.6067527872410035,2.0092054971096203,0.11545328901680776,0.7091226528291171,0.016800441727692104,MODEL_ONLY,DUPLICATE_OR_OLD,DUPLICATE_OR_OLD,0.017588010552024524,0.01758293669233213,14.165799097,False,
17.865799097,1.6731214392643146,1.673112411057813,1.629041133637765,2.0901003451315847,0.12478573120920539,0.709598945290022,0.006855389593128827,FUSED,ACCEPTED,ACCEPTED,0.04408030562654952,0.044071277420048016,14.165799097,True,-1.0842090301721452e-05
17.915799097,1.709214791867596,1.7092106609842443,1.6819208759907778,2.1728743953722995,0.10504132874931377,0.7100183047675342,0.0054244695765369045,FUSED,ACCEPTED,ACCEPTED,0.027293915876818176,0.02728978499346657,14.165799097,True,0.0
17.965799097,1.7473740718793593,1.7473699409960077,1.7200801560025412,2.2579244211721337,0.10504132874931377,0.7103875366698097,0.010424469576536977,MODEL_ONLY,DUPLICATE_OR_OLD,DUPLICATE_OR_OLD,0.027293915876818176,0.02728978499346657,14.165799097,False,
18.015799097,1.7855496066219034,1.7855454757385518,1.7582556907450853,2.344882817340819,0.10504132874931377,0.7107126329296265,0.015424469576536693,MODEL_ONLY,DUPLICATE_OR_OLD,DUPLICATE_OR_OLD,0.027293915876818176,0.02728978499346657,14.165799097,False,
18.065799097000003,1.8248578933196447,1.8248529196769887,1.7806006169651643,2.433354225033583,0.11320695952885983,0.7109988692420782,0.00671317195034623,FUSED,ACCEPTED,ACCEPTED,0.0442572763544804,0.044252302711824454,14.165799097,True,-5.386265026247061e-06
18.115799097,1.8634686224083035,1.8634636487656475,1.819211346053823,2.5233495241090527,0.11320695952885983,0.7112508906790893,0.011713171950345946,MODEL_ONLY,DUPLICATE_OR_OLD,DUPLICATE_OR_OLD,0.0442572763544804,0.044252302711824454,14.165799097,False,
18.165799097,1.8975996992313855,1.8975957765751317,1.8496944986637434,2.615072170226993,0.09816337815226227,0.7114727870701136,0.006256528420290999,FUSED,ACCEPTED,ACCEPTED,0.04790520056764214,0.04790127791138832,14.165799097,True,-3.2938190673154066e-06
18.215799097,1.9354791126376842,1.9354751899814304,1.887573912070042,2.708503880495339,0.09816337815226227,0.7116681593723018,0.011256528420291071,MODEL_ONLY,DUPLICATE_OR_OLD,DUPLICATE_OR_OLD,0.04790520056764214,0.04790127791138832,14.165799097,False,
18.265799097,1.9733671269654618,1.973363204309208,1.9254619263978197,2.80382977645703,0.09816337815226227,0.7118401781071991,0.016256528420290788,MODEL_ONLY,DUPLICATE_OR_OLD,DUPLICATE_OR_OLD,0.04790520056764214,0.04790127791138832,14.165799097,False,
18.315799097000003,2.011262714118047,2.0112587914617928,1.9633575135504047,2.901050262455744,0.09816337815226227,0.7119916348122912,0.021256528420291215,MODEL_ONLY,DUPLICATE_OR_OLD,DUPLICATE_OR_OLD,0.04790520056764214,0.047901277911388096,14.165799097,False,
18.365799097,2.0217789461212856,2.0217778642040627,1.9926960511892997,2.999951601574231,0.04357279851981617,0.7121249873423575,0.007241876032895774,FUSED,ACCEPTED,ACCEPTED,0.029082894931985903,0.02908181301476298,14.165799097,True,0.0
18.415799097,2.0621423918589787,2.0621419054264396,2.0456090210314395,3.1009092283797512,0.08355952153627746,0.712242399755788,0.005503976379865641,FUSED,ACCEPTED,ACCEPTED,0.01653337082753925,0.016532884395000114,14.165799097,True,0.0
18.465799097,2.0993254932959378,2.0993250068633986,2.0827921224683985,3.2041192569672488,0.08355952153627746,0.7123457774331421,0.010503976379865713,MODEL_ONLY,DUPLICATE_OR_OLD,DUPLICATE_OR_OLD,0.01653337082753925,0.016532884395000114,14.165799097,False,
18.515799097,2.1419693394818027,2.141969148753686,2.1269272367084797,3.3093622409466645,0.09157045371386602,0.7124367979978583,0.006079042792756553,FUSED,ACCEPTED,ACCEPTED,0.015042102773322963,0.015041912045206107,14.165799097,True,0.0
18.565799097000003,2.1795615455792334,2.1795613548511166,2.1645194428059105,3.4166484079345336,0.09157045371386602,0.7125169385408973,0.011079042792756979,MODEL_ONLY,DUPLICATE_OR_OLD,DUPLICATE_OR_OLD,0.015042102773322963,0.015041912045206107,14.165799097,False,
18.615799097,2.2171572797282217,2.217157089000105,2.202115176954899,3.525814273428548,0.09157045371386602,0.7125874995911237,0.016079042792756695,MODEL_ONLY,DUPLICATE_OR_OLD,DUPLICATE_OR_OLD,0.015042102773322963,0.015041912045206107,14.165799097,False,
18.665799097,2.230904952689692,2.2309045965914827,2.1969965854632076,3.635792067489002,0.021951991171905827,0.7126496262204208,0.006782397686221346,FUSED,ACCEPTED,ACCEPTED,0.03390836722648416,0.03390801112827502,14.165799097,True,-4.3455058168495597e-07
18.715799097,2.276007690503821,2.276007527024018,2.259380451642726,3.747201493416652,0.0861961823741324,0.7127043266260333,0.005409137164764209,FUSED,ACCEPTED,ACCEPTED,0.016627238861095073,0.016627075381292045,14.165799097,True,0.0
18.765799097,2.313342960529578,2.313342797049775,2.296715721668483,3.861103897749426,0.0861961823741324,0.7127524884916941,0.010409137164763925,MODEL_ONLY,DUPLICATE_OR_OLD,DUPLICATE_OR_OLD,0.016627238861095073,0.016627075381292045,14.165799097,False,
18.815799097000003,2.3564651667919407,2.356465102452958,2.341297956697471,3.9770542397085844,0.08625376970884062,0.7127948933930465,0.00606440788006477,FUSED,ACCEPTED,ACCEPTED,0.015167210094469752,0.015167145755487166,14.165799097,True,0.0
18.865799097,2.393807303233455,2.3938072388944724,2.3786400931389853,4.095052690954489,0.08625376970884062,0.7128322294811326,0.011064407880064487,MODEL_ONLY,DUPLICATE_OR_OLD,DUPLICATE_OR_OLD,0.015167210094469752,0.015167145755487166,14.165799097,False,
18.915799097,2.4311510833332934,2.431151018994311,2.4159838732388237,4.214918290113936,0.08625376970884062,0.7128651026497785,0.01606440788006456,MODEL_ONLY,DUPLICATE_OR_OLD,DUPLICATE_OR_OLD,0.015167210094469752,0.015167145755487166,14.165799097,False,
18.965799097,2.4615644720185736,2.461564233928746,2.4257490726242232,4.335961613760515,0.06109875046150108,0.712894046368101,0.006780881825074983,FUSED,ACCEPTED,ACCEPTED,0.03581539939435041,0.03581516130452256,14.165799097,True,-3.2057533952412065e-07
19.015799097,2.5005899836448973,2.500589874333516,2.476693927552226,4.458522688764919,0.0798329920794624,0.7129195303376981,0.005408817659307188,FUSED,ACCEPTED,ACCEPTED,0.023896056092671092,0.023895946781289812,14.165799097,True,0.0
19.065799097000003,2.5376165681363787,2.5376164588249974,2.5137205120437076,4.5832830497548285,0.0798329920794624,0.7129419681150142,0.010408817659307614,MODEL_ONLY,DUPLICATE_OR_OLD,DUPLICATE_OR_OLD,0.023896056092671092,0.023895946781289812,14.165799097,False,
19.115799097,2.5699178846849056,2.5699178416638633,2.5555209980049662,4.710014087506038,0.06068350562131384,0.7129617238225766,0.0060643583916086055,FUSED,ACCEPTED,ACCEPTED,0.014396886679939325,0.01439684365889704,14.165799097,True,0.0
19.165799097,2.6059888523505768,2.6059888093295345,2.5915919656706374,4.83869191159793,0.06068350562131384,0.7129791180580124,0.011064358391608676,MODEL_ONLY,DUPLICATE_OR_OLD,DUPLICATE_OR_OLD,0.014396886679939325,0.01439684365889704,14.165799097,False,
19.215799097,2.642060585768172,2.6420605427471298,2.6276636990882327,4.969173303216904,0.06068350562131384,0.7129944330967393,0.016064358391608746,MODEL_ONLY,DUPLICATE_OR_OLD,DUPLICATE_OR_OLD,0.014396886679939325,0.01439684365889704,14.165799097,False,
19.265799097,2.678132993404557,2.6781329503835147,2.6637361067246177,5.101458298362218,0.06068350562131384,0.7130079174727598,0.021064358391608463,MODEL_ONLY,DUPLICATE_OR_OLD,DUPLICATE_OR_OLD,0.014396886679939325,0.01439684365889704,14.165799097,False,
19.315799097000003,2.7142059946678976,2.7142059516468553,2.6998091079879583,5.235546928730043,0.06068350562131384,0.7130197900118964,0.02606435839160889,MODEL_ONLY,DUPLICATE_OR_OLD,DUPLICATE_OR_OLD,0.014396886679939325,0.01439684365889704,14.165799097,False,
19.365799097,2.7308957720452,2.730895761568708,2.710577782029749,5.370806600980479,0.02868358685241608,0.7044077101285143,0.007564798187119985,FUSED,ACCEPTED,ACCEPTED,0.02031799001545087,0.020317979538958753,14.165799097,True,0.0
19.415799097,2.764559041055272,2.7645590305787797,2.744241051039821,5.50717707180722,0.02868358685241608,0.6968250637155766,0.012564798187120056,MODEL_ONLY,DUPLICATE_OR_OLD,DUPLICATE_OR_OLD,0.02031799001545087,0.020317979538958753,14.165799097,False,
19.465799097,2.8039237542836184,2.803988447247069,2.768854994460744,5.645004472944736,0.06118878619103483,0.690148798817642,0.006372184576822849,FUSED,ACCEPTED,ACCEPTED,0.035068759822874274,0.03513345278632496,14.165799097,True,0.0001015299593863303
19.515799097,2.8293157259871515,2.8293459956880413,2.80654983023281,5.784389593562067,0.020156888876541587,0.6842705723304701,0.005321021131904002,FUSED,ACCEPTED,ACCEPTED,0.022765895754341514,0.022796165455231332,14.165799097,True,0.0
19.565799097000003,2.861666156502554,2.861696426203444,2.8389002607482126,5.925525845836605,0.020156888876541587,0.6790949917981296,0.010321021131904428,MODEL_ONLY,DUPLICATE_OR_OLD,DUPLICATE_OR_OLD,0.022765895754341514,0.022796165455231332,14.165799097,False,
19.615799097,2.8961997863649884,2.8962117407410513,2.882827523792586,6.068569040450116,0.044015393041989447,0.6745380673745488,0.006050712193672106,FUSED,ACCEPTED,ACCEPTED,0.013372262572402427,0.013384216948465255,14.165799097,True,0.0
19.665799097,2.9293146849401412,2.929326639316204,2.915942422367739,6.213538289104126,0.044015393041989447,0.6705258488277647,0.011050712193672176,MODEL_ONLY,DUPLICATE_OR_OLD,DUPLICATE_OR_OLD,0.013372262572402427,0.013384216948465255,14.165799097,False,
19.715799097,2.9617716404806864,2.9617835948567492,2.948399377908284,6.3601468341110285,0.044015393041989447,0.6573669881356208,0.016050712193672247,MODEL_ONLY,DUPLICATE_OR_OLD,DUPLICATE_OR_OLD,0.013372262572402427,0.013384216948465255,14.165799097,False,
19.765799097,2.9683265419341387,2.968330391886432,2.9478975823001776,6.507554258116231,-0.021620066743624468,0.6457810542872654,0.006779461953198624,FUSED,ACCEPTED,ACCEPTED,0.020428959633961075,0.020432809586254486,14.165799097,True,0.0
19.815799097000003,3.0128899916847507,3.012891759383283,2.9982485274137285,6.6562079108590915,0.06297048521206522,0.6355800295725167,0.005408518345637478,FUSED,ACCEPTED,ACCEPTED,0.014641464271022198,0.014643231969554638,14.165799097,True,0.0
19.865799097,3.044756270963373,3.0447580386619055,3.030114806692351,6.8069169942117345,0.06297048521206522,0.6265983707271526,0.010408518345637194,MODEL_ONLY,DUPLICATE_OR_OLD,DUPLICATE_OR_OLD,0.014641464271022198,0.014643231969554638,14.165799097,False,
19.915799097,3.076227147829641,3.0762289155281732,3.0615856835586186,6.959209506468011,0.06297048521206522,0.6186903224800102,0.015408518345637265,MODEL_ONLY,DUPLICATE_OR_OLD,DUPLICATE_OR_OLD,0.014641464271022198,0.014643231969554638,14.165799097,False,
19.965799097,3.1085844286824953,3.1085850099993855,3.0831593788239267,7.112828133027577,0.04139736611711618,0.6117275522216625,0.006711447796852396,FUSED,ACCEPTED,ACCEPTED,0.025425049858568638,0.025425631175458818,14.165799097,True,0.0
20.015799097,3.138321986840503,3.138322568157393,3.1128969369819344,7.267729540922715,0.04139736611711618,0.6055970674098068,0.011711447796852112,MODEL_ONLY,DUPLICATE_OR_OLD,DUPLICATE_OR_OLD,0.025425049858568638,0.025425631175458818,14.165799097,False,
20.065799097000003,3.1734912675545712,3.173691526742937,3.1388785746295813,7.424023928713016,0.06432208526609595,0.589086803565518,0.006256286789075387,FUSED,ACCEPTED,ACCEPTED,0.03461269292498992,0.03481295211335578,14.165799097,True,0.0003197448690219415
20.115799097,3.2020264226151767,3.20212063436079,3.1803383537721053,7.582004351923049,0.05377447888994631,0.574550072066186,0.0052955094653975,FUSED,ACCEPTED,ACCEPTED,0.021688068843071395,0.0217822805886847,14.165799097,True,0.0
20.165799097,3.230190531509233,3.2302847432548463,3.2085024626661616,7.741725372334008,0.05377447888994631,0.5617509693579144,0.010295509465397572,MODEL_ONLY,DUPLICATE_OR_OLD,DUPLICATE_OR_OLD,0.021688068843071395,0.0217822805886847,14.165799097,False,
20.215799097,3.2577911814505516,3.257885393196165,3.23610311260748,7.902840511715851,0.05377447888994631,0.550481790303159,0.015295509465397643,MODEL_ONLY,DUPLICATE_OR_OLD,DUPLICATE_OR_OLD,0.021688068843071395,0.0217822805886847,14.165799097,False,
20.265799097,3.2780429829783713,3.278318133333247,3.247719306503169,8.064936072193609,0.045514865391216186,0.5268844468226487,0.006699180777460864,FUSED,ACCEPTED,ACCEPTED,0.030323676475202177,0.030598826830078085,14.165799097,True,0.0003643023959083308
20.315799097000003,3.296787336039813,3.2969141382254334,3.27864849877093,8.228095267325475,0.03354078084957415,0.5061077802890943,0.0053915310893271635,FUSED,ACCEPTED,ACCEPTED,0.0181388372688831,0.018265639454503546,14.165799097,True,0.0
20.365799097,3.320242942806437,3.3203697449920573,3.3021041055375537,8.392614082433179,0.03354078084957415,0.48781462484967286,0.01039153108932688,MODEL_ONLY,DUPLICATE_OR_OLD,DUPLICATE_OR_OLD,0.0181388372688831,0.018265639454503546,14.165799097,False,
20.415799097,3.342893224196659,3.3430200263822796,3.324754386927776,8.558285544744814,0.03354078084957415,0.47170811732160217,0.015391531089326952,MODEL_ONLY,DUPLICATE_OR_OLD,DUPLICATE_OR_OLD,0.0181388372688831,0.018265639454503546,14.165799097,False,
20.465799097,3.3501605232035527,3.3502829863619117,3.329166536123846,8.724633567821106,0.016433300372972286,0.4373033058215911,0.006709609670336147,FUSED,ACCEPTED,ACCEPTED,0.020993987079706677,0.02111645023806563,14.165799097,True,0.00012033530084684663
20.515799097,3.3687205760802965,3.3688430392386555,3.34772658900059,8.891555895949208,0.016433300372972286,0.40701102752866536,0.011709609670335863,MODEL_ONLY,DUPLICATE_OR_OLD,DUPLICATE_OR_OLD,0.020993987079706677,0.02111645023806563,14.165799097,False,
20.565799097000003,3.3803036009035163,3.3805416496298877,3.3591838240811076,9.059228656276265,0.02186912323240243,0.38033969627675723,0.0062560291507719025,FUSED,ACCEPTED,ACCEPTED,0.02111977682240873,0.021357825548780074,14.165799097,True,0.000307221837109746
20.615799097,3.3896615552151816,3.389773546370577,3.3770381587652905,9.227634205847416,0.006096553084312648,0.3568564869958319,0.005295452443601401,FUSED,ACCEPTED,ACCEPTED,0.012623396449891189,0.012735387605286697,14.165799097,True,0.0
20.665799097,3.4030642255150396,3.403176216670435,3.3904408290651484,9.39682118054318,0.006096553084312648,0.3142001232795833,0.010295452443601472,MODEL_ONLY,DUPLICATE_OR_OLD,DUPLICATE_OR_OLD,0.012623396449891189,0.012735387605286697,14.165799097,False,
20.715799097,3.414215841901954,3.4142601151386733,3.4070551754421206,9.566758580655863,0.022305403419178842,0.2766426310475293,0.006046720246536057,FUSED,ACCEPTED,ACCEPTED,0.007160666459833376,0.007204939696552781,14.165799097,True,0.0
20.765799097,3.424897674729803,3.4249419479665226,3.41773700826997,9.737378385248656,0.022305403419178842,0.24357452350456504,0.011046720246535774,MODEL_ONLY,DUPLICATE_OR_OLD,DUPLICATE_OR_OLD,0.007160666459833376,0.007204939696552781,14.165799097,False,
20.815799097000003,3.4341237397847197,3.434168013021439,3.4269630733248864,9.908495887288542,0.022305403419178842,0.21445916804587412,0.0160467202465362,MODEL_ONLY,DUPLICATE_OR_OLD,DUPLICATE_OR_OLD,0.007160666459833376,0.007204939696552781,14.165799097,False,
20.865799097,3.442088946707533,3.4424437841055986,3.432286147737309,10.079977117815087,0.03214881388054909,0.18882407772858606,0.006779047860581743,FUSED,ACCEPTED,ACCEPTED,0.009802798970223847,0.010157636368289591,14.165799097,True,0.0005023968076593721
20.915799097,3.4072772901693282,3.407440216207389,3.4021730223500466,10.250838597067274,-0.10582965099837637,0.1662532437056926,0.005408431046198705,FUSED,ACCEPTED,ACCEPTED,0.005104267819281638,0.005267193857342534,14.165799097,True,0.0
20.965799097,3.4066926633106864,3.4068555893487473,3.401588395491405,10.420932632513312,-0.10582965099837637,0.14638038419228555,0.010408431046198777,MODEL_ONLY,DUPLICATE_OR_OLD,DUPLICATE_OR_OLD,0.005104267819281638,0.005267193857342534,14.165799097,False,
21.015799097,3.4052331672628093,3.4053960933008702,3.4001288994435277,10.590975564886675,-0.10582965099837637,0.1288830004075742,0.015408431046198493,MODEL_ONLY,DUPLICATE_OR_OLD,DUPLICATE_OR_OLD,0.005104267819281638,0.005267193857342534,14.165799097,False,
21.065799097000003,3.417657663175316,3.4177112424072775,3.417110243211908,10.761406543453075,0.008959641752258121,0.09240717296091655,0.006711438355761533,FUSED,ACCEPTED,ACCEPTED,0.0005474199634081245,0.0006009991953694893,14.165799097,True,0.0
21.115799097,3.4027636594593673,3.402788337341635,3.402367657819652,10.931893490978855,-0.0645556981882206,0.060291434847413,0.005394132882335525,FUSED,ACCEPTED,ACCEPTED,0.00039600163971531543,0.0004206795219832138,14.165799097,True,0.0
21.165799097,3.3985244414621185,3.3985491193443864,3.398128439822403,11.101905893419909,-0.0645556981882206,0.03201460860998989,0.010394132882335597,MODEL_ONLY,DUPLICATE_OR_OLD,DUPLICATE_OR_OLD,0.00039600163971531543,0.0004206795219832138,14.165799097,False,
21.215799097,3.3930403837865235,3.3930650616687914,3.392644382146808,11.271675213969141,-0.0645556981882206,0.007117815043063729,0.015394132882335668,MODEL_ONLY,DUPLICATE_OR_OLD,DUPLICATE_OR_OLD,0.00039600163971531543,0.0004206795219832138,14.165799097,False,
21.265799097,3.3926859288180764,3.39292503382717,3.398357541525579,11.441450262060942,-0.012912281395118762,-0.0148029735457826,0.006709891333727816,FUSED,ACCEPTED,ACCEPTED,-0.005671612707502494,-0.005432507698408973,14.165799097,True,0.0003442465848899727
21.315799097000003,3.405971654206037,3.4060817906435794,3.4086726919552492,11.611626017897978,0.03833129864519343,-0.03410348993819618,0.005393804673511143,FUSED,ACCEPTED,ACCEPTED,-0.002701037749212265,-0.0025909013116698354,14.165799097,True,0.0
21.365799097,3.402721208376324,3.4028313448138663,3.405422246125536,11.781978391349988,0.03833129864519343,-0.05109694487271707,0.01039380467351086,MODEL_ONLY,DUPLICATE_OR_OLD,DUPLICATE_OR_OLD,-0.002701037749212265,-0.0025909013116698354,14.165799097,False,
21.415799097,3.398722654297224,3.3988327907347666,3.4014236920464365,11.952149539804289,0.03833129864519343,-0.06605910986044579,0.015393804673510932,MODEL_ONLY,DUPLICATE_OR_OLD,DUPLICATE_OR_OLD,-0.002701037749212265,-0.0025909013116698354,14.165799097,False,
21.465799097,3.3486969210320163,3.3487331575080765,3.3526960651109454,12.121002533733225,-0.10848875246206327,-0.07923279243309504,0.006709855805345995,FUSED,ACCEPTED,ACCEPTED,-0.0039991440789290955,-0.0039629076028688814,14.165799097,True,0.0
21.515799097,3.3361187310681637,3.336154967544224,3.340117875147093,12.288322882239667,-0.10848875246206327,-0.09083177644825896,0.011709855805345712,MODEL_ONLY,DUPLICATE_OR_OLD,DUPLICATE_OR_OLD,-0.0039991440789290955,-0.0039629076028688814,14.165799097,False,
21.565799097000003,3.3394739905196134,3.3396012065590983,3.3520728523603776,12.455627650427369,-0.0025427067617701804,-0.10104429139555064,0.006256063651980316,FUSED,ACCEPTED,ACCEPTED,-0.012598861840764197,-0.01247164580127924,14.165799097,True,0.00018166268731102317
21.615799097,3.3312328883129956,3.3313601043524805,3.3438317501537598,12.623025265490213,-0.0025427067617701804,-0.11003606700385186,0.011256063651980033,MODEL_ONLY,DUPLICATE_OR_OLD,DUPLICATE_OR_OLD,-0.012598861840764197,-0.01247164580127924,14.165799097,False,
21.665799097,3.314716266525882,3.314764718586774,3.3235605161870225,12.789710072148734,-0.052222358163020045,-0.11795302272018104,0.0061913559730245975,FUSED,ACCEPTED,ACCEPTED,-0.008844249661140502,-0.008795797600248623,14.165799097,True,0.0
21.715799097,3.30324680331413,3.303295255375022,3.3120910529752705,12.955601361377795,-0.052222358163020045,-0.1249236357052791,0.011191355973024668,MODEL_ONLY,DUPLICATE_OR_OLD,DUPLICATE_OR_OLD,-0.008844249661140502,-0.008795797600248623,14.165799097,False,
21.765799097,3.2915317827988857,3.2916103544994746,3.304493952735716,13.12101598652056,-0.03801296804075903,-0.1310610257740142,0.0061819464367177356,FUSED,ACCEPTED,ACCEPTED,-0.012962169936830303,-0.012883598236241411,14.165799097,True,9.717399662076756e-05
21.815799097000003,3.280195731322749,3.280274303023338,3.2931579012595793,13.285957282870456,-0.03801296804075903,-0.13646479111521775,0.011181946436718163,MODEL_ONLY,DUPLICATE_OR_OLD,DUPLICATE_OR_OLD,-0.012962169936830303,-0.012883598236241411,14.165799097,False,
21.865799097,3.251536425476948,3.251607249804839,3.265626302604303,13.449926887967043,-0.08814812749530475,-0.14122262458119503,0.006180574265488575,FUSED,ACCEPTED,ACCEPTED,-0.014089877127354988,-0.014019052799464138,14.165799097,True,6.603666360805588e-05
21.915799097,3.235372368339243,3.235405806680906,3.2438188984860434,13.612663017994304,-0.06919014044484642,-0.14541173677623642,0.005278692695176887,FUSED,ACCEPTED,ACCEPTED,-0.008446530146800413,-0.008413091805137274,14.165799097,True,0.0
21.965799097,3.221845692346757,3.22187913068842,3.2302922224935573,13.774515796018797,-0.06919014044484642,-0.14910010903813498,0.010278692695176958,MODEL_ONLY,DUPLICATE_OR_OLD,DUPLICATE_OR_OLD,-0.008446530146800413,-0.008413091805137274,14.165799097,False,
22.015799097,3.2081566419738663,3.2081900803155294,3.2166031721206667,13.935688180884144,-0.06919014044484642,-0.15234759664623598,0.015278692695176675,MODEL_ONLY,DUPLICATE_OR_OLD,DUPLICATE_OR_OLD,-0.008446530146800413,-0.008413091805137274,14.165799097,False,
22.065799097000003,3.1819950735241767,3.1817386435137878,3.197096636511909,14.096030676099971,-0.1063926732330212,-0.13413693008796065,0.006697347504176481,FUSED,ACCEPTED,ACCEPTED,-0.015101562987732464,-0.01535799299812135,14.165799097,True,-0.0003993723372975218
22.115799097,3.162341066899885,3.1622228819418665,3.171681775369418,14.255250136396995,-0.11120073498752159,-0.11810305124276675,0.005391141706111657,FUSED,ACCEPTED,ACCEPTED,-0.009340708469533165,-0.009458893427551462,14.165799097,True,0.0
22.165799097,3.148969578597286,3.148851393639268,3.1583102870668194,14.413499937957903,-0.11120073498752159,-0.10398576069770502,0.010391141706111728,MODEL_ONLY,DUPLICATE_OR_OLD,DUPLICATE_OR_OLD,-0.009340708469533165,-0.009458893427551462,14.165799097,False,
22.215799097,3.138336336584249,3.13828979084031,3.1444870667174794,14.571069871802512,-0.09761110872291667,-0.09155596162925232,0.006061618608668967,FUSED,ACCEPTED,ACCEPTED,-0.006150730133230198,-0.006197275877169339,14.165799097,True,0.0
22.265799097,3.1268130205299265,3.1267664747859873,3.1329637506631567,14.72800614223702,-0.09761110872291667,-0.0806119419968065,0.011061618608668684,MODEL_ONLY,DUPLICATE_OR_OLD,DUPLICATE_OR_OLD,-0.006150730133230198,-0.006197275877169339,14.165799097,False,
22.315799097000003,3.115771496518482,3.115724950774543,3.121922226651712,14.884378291669904,-0.09761110872291667,-0.07097610113922023,0.01606161860866911,MODEL_ONLY,DUPLICATE_OR_OLD,DUPLICATE_OR_OLD,-0.006150730133230198,-0.006197275877169339,14.165799097,False,
22.365799097,3.082654989583925,3.082570876849702,3.0935645293060117,15.03976546056884,-0.16364603006644524,-0.062492067653257606,0.006780592754683701,FUSED,ACCEPTED,ACCEPTED,-0.010909539722086858,-0.010993652456309455,14.165799097,True,-0.00010194944040426562
22.415799097,3.069109416473136,3.0690253037389135,3.080018956195223,15.194105047706373,-0.16364603006644524,-0.055022161782585,0.011780592754683773,MODEL_ONLY,DUPLICATE_OR_OLD,DUPLICATE_OR_OLD,-0.010909539722086858,-0.010993652456309455,14.165799097,False,
22.465799097,3.0555208138805585,3.0554068340802845,3.0711946410377533,15.347885387637199,-0.13992600081719506,-0.04844516113672135,0.006265952702540153,FUSED,ACCEPTED,ACCEPTED,-0.015673827157194786,-0.015787806957468842,14.165799097,True,-0.00013177837657469063
22.515799097,3.0437796336472736,3.0436656538469995,3.0594534608044683,15.501151590183245,-0.13992600081719506,-0.042654333481781576,0.01126595270253987,MODEL_ONLY,DUPLICATE_OR_OLD,DUPLICATE_OR_OLD,-0.015673827157194786,-0.015787806957468842,14.165799097,False,
22.565799097000003,3.0337239893891375,3.0336109367174178,3.0499430714227156,15.653886503488938,-0.14019321372865026,-0.037555704678953035,0.00619278991580882,FUSED,ACCEPTED,ACCEPTED,-0.016219082033578136,-0.01633213470529782,14.165799097,True,-0.00011248269062420768
22.615799097,3.0224488385012367,3.022335785829517,3.038667920534815,15.806101778287868,-0.14019321372865026,-0.033066533662639,0.011192789915808537,MODEL_ONLY,DUPLICATE_OR_OLD,DUPLICATE_OR_OLD,-0.016219082033578136,-0.01633213470529782,14.165799097,False,
22.665799097,3.0233392709784903,3.0232665589479235,3.038036123290541,15.958019379383504,-0.10842888178194818,-0.029113969710044856,0.006182155458756795,FUSED,ACCEPTED,ACCEPTED,-0.014696852312050535,-0.014769564342617336,14.165799097,True,-4.7799312399201405e-05
22.715799097,3.014023969860443,3.013951257829876,3.0287208221724935,16.109688303020082,-0.10842888178194818,-0.025633870212259845,0.011182155458756865,MODEL_ONLY,DUPLICATE_OR_OLD,DUPLICATE_OR_OLD,-0.014696852312050535,-0.014769564342617336,14.165799097,False,
22.765799097,3.0140386949477223,3.013980381297471,3.0271412284008457,16.261084854284405,-0.09946655849562541,-0.022569759761489293,0.0061806047574072005,FUSED,ACCEPTED,ACCEPTED,-0.0131025334531234,-0.013160847103374618,14.165799097,True,-4.941596022947463e-05
22.815799097000003,3.0179225936553977,3.017895062028743,3.0252086957604,16.41239360238845,-0.06846584034647728,-0.019871913662405354,0.005278699492042295,FUSED,ACCEPTED,ACCEPTED,-0.007286102105002357,-0.007313633731657276,14.165799097,True,0.0
22.865799097,3.01101231057,3.010984778943345,3.0182984126750023,16.563481280099325,-0.06846584034647728,-0.017496550994747593,0.010278699492042012,MODEL_ONLY,DUPLICATE_OR_OLD,DUPLICATE_OR_OLD,-0.007286102105002357,-0.007313633731657276,14.165799097,False,
22.915799097,3.0115041215191685,3.011493230283777,3.0157166208208395,16.71433165593672,-0.06775339761750701,-0.015405124132103615,0.00604410028959438,FUSED,ACCEPTED,ACCEPTED,-0.004212499301671002,-0.004223390537062333,14.165799097,True,0.0
22.965799097,3.0048261034606005,3.004815212225209,3.0090386027622715,16.8649505365263,-0.06775339761750701,-0.013563693187118033,0.01104410028959445,MODEL_ONLY,DUPLICATE_OR_OLD,DUPLICATE_OR_OLD,-0.004212499301671002,-0.004223390537062333,14.165799097,False,
23.015799097,2.998229151299811,2.99821826006442,3.002441650601482,17.015237542860387,-0.06775339761750701,-0.011942375231555606,0.016044100289594167,MODEL_ONLY,DUPLICATE_OR_OLD,DUPLICATE_OR_OLD,-0.004212499301671002,-0.004223390537062333,14.165799097,False,
23.065799097000003,3.011077433904509,3.0107852905465804,3.0174511975751503,17.165734864064817,-0.03267304252057623,0.011465329150011812,0.006778776029353374,FUSED,ACCEPTED,ACCEPTED,-0.0063737636706413525,-0.006665907028569951,14.165799097,True,-0.0004257922755192085
23.115799097,3.010883851053993,3.0107497097425,3.0142745951891188,17.316528008883914,-0.04706476760735289,0.03207502484111294,0.005408373736649775,FUSED,ACCEPTED,ACCEPTED,-0.003390744135125967,-0.003524885446618775,14.165799097,True,0.0
23.165799097,3.0084295075590286,3.008295366247536,3.0118202516941546,17.467180380055996,-0.04706476760735289,0.05022116807480674,0.010408373736649847,MODEL_ONLY,DUPLICATE_OR_OLD,DUPLICATE_OR_OLD,-0.003390744135125967,-0.003524885446618775,14.165799097,False,
23.215799097,3.0157376847342983,3.0156848905992297,3.0172379697631224,17.61790683559243,-0.026229516131246418,0.06619823630487695,0.006064289630006641,FUSED,ACCEPTED,ACCEPTED,-0.0015002850288241554,-0.00155307916389269,14.165799097,True,0.0
23.265799097,3.016838499452427,3.0167857053173583,3.018338784481251,17.768796254448528,-0.026229516131246418,0.10048908086055092,0.011064289630006358,MODEL_ONLY,DUPLICATE_OR_OLD,DUPLICATE_OR_OLD,-0.0015002850288241554,-0.00155307916389269,14.165799097,False,
23.315799097000003,3.01974923125013,3.0197289758985293,3.0202532683806718,17.91976105577009,-0.03982536383061788,0.1306810150956743,0.0061633329962358175,FUSED,ACCEPTED,ACCEPTED,-0.0005040371305415903,-0.0005242924821424744,14.165799097,True,0.0
23.365799097,3.0230089993793996,3.0229887440277987,3.023513036509941,18.070855213392345,-0.03982536383061788,0.15726399678274755,0.011163332996235533,MODEL_ONLY,DUPLICATE_OR_OLD,DUPLICATE_OR_OLD,-0.0005040371305415903,-0.0005242924821424744,14.165799097,False,
23.415799097,3.0202209214238107,3.0202131795387825,3.019629712766569,18.22193378212426,-0.06389191101283118,0.1806694172461158,0.0061778570026078845,FUSED,ACCEPTED,ACCEPTED,0.0005912086572417152,0.0005834667722135478,14.165799097,True,0.0
23.465799097,3.024478017456039,3.024470275571011,3.0238868087987973,18.3730216951634,-0.06389191101283118,0.20127710202413324,0.011177857002607955,MODEL_ONLY,DUPLICATE_OR_OLD,DUPLICATE_OR_OLD,0.0005912086572417152,0.0005834667722135478,14.165799097,False,
23.515799097,3.0296423321228882,3.02963459023786,3.0290511234656465,18.52434514347,-0.06389191101283118,0.21942147471655138,0.01617785700260767,MODEL_ONLY,DUPLICATE_OR_OLD,DUPLICATE_OR_OLD,0.0005912086572417152,0.0005834667722135478,14.165799097,False,
23.565799097000003,3.026672055818843,3.026427000135196,3.02062107108287,18.675586948333727,-0.08513763236508348,0.23539698404463566,0.006792595463131582,FUSED,ACCEPTED,ACCEPTED,0.006050984735972875,0.005805929052325798,14.165799097,True,-0.00035711319663848766
23.615799097,3.0141526350311585,3.0140401859729167,3.0108680008333417,18.826374175131622,-0.13656251092002547,0.2494628821948804,0.00541128544467409,FUSED,ACCEPTED,ACCEPTED,0.0032846341978167715,0.0031721851395749567,14.165799097,True,0.0
23.665799097,3.017804717566311,3.0176922685080694,3.0145200833684944,18.97700887723667,-0.13656251092002547,0.2618474319898149,0.010411285444674161,MODEL_ONLY,DUPLICATE_OR_OLD,DUPLICATE_OR_OLD,0.0032846341978167715,0.0031721851395749567,14.165799097,False,
23.715799097,3.0220020090599853,3.0218895600017435,3.0187173748621685,19.12783981369244,-0.13656251092002547,0.2727516111602387,0.015411285444674232,MODEL_ONLY,DUPLICATE_OR_OLD,DUPLICATE_OR_OLD,0.0032846341978167715,0.0031721851395749567,14.165799097,False,
23.765799097,3.0198625354832282,3.0197326962111193,3.014738331877237,19.278676206360917,-0.12952088731319214,0.2823523738322358,0.006711747019640915,FUSED,ACCEPTED,ACCEPTED,0.0051242036059910845,0.0049943643338821175,14.165799097,True,-0.00013835917347130439
23.815799097000003,3.025314603707067,3.025184764434958,3.0201904001010758,19.429549424660387,-0.12952088731319214,0.2908055221566914,0.011711747019641342,MODEL_ONLY,DUPLICATE_OR_OLD,DUPLICATE_OR_OLD,0.0051242036059910845,0.0049943643338821175,14.165799097,False,
23.865799097,3.020109368473054,3.0200401583810033,3.0142247764302303,19.58040980407366,-0.15849551474844595,0.29824823468239986,0.006256328725842218,FUSED,ACCEPTED,ACCEPTED,0.005884592042823655,0.005815381950772913,14.165799097,True,-3.293071324734966e-05
23.915799097,3.019792993699677,3.0197604339416193,3.016458945630587,19.731176897125184,-0.15602175057366427,0.2845777186587718,0.005295518746921456,FUSED,ACCEPTED,ACCEPTED,0.003334048069090212,0.0033014883110324966,14.165799097,True,0.0
23.965799097,3.0230068071284495,3.0229742473703918,3.0196727590593593,19.882080189742435,-0.15602175057366427,0.27254128951584405,0.010295518746921528,MODEL_ONLY,DUPLICATE_OR_OLD,DUPLICATE_OR_OLD,0.003334048069090212,0.0033014883110324966,14.165799097,False,
24.015799097,3.0256907370244335,3.0256581772663758,3.0223566889553433,20.033130925942793,-0.15602175057366427,0.2619436188600832,0.015295518746921245,MODEL_ONLY,DUPLICATE_OR_OLD,DUPLICATE_OR_OLD,0.003334048069090212,0.0033014883110324966,14.165799097,False,
24.065799097000003,3.034736190978391,3.0348284668057297,3.031660568644151,20.184481357382793,-0.12761060176512498,0.2526127266166816,0.006699181788720454,FUSED,ACCEPTED,ACCEPTED,0.00307562233424008,0.003167898161578808,14.165799097,True,0.00015378476778654974
24.115799097,3.041773769956661,3.0418162949828287,3.0400599804150006,20.336274371109262,-0.12336459814369512,0.2443971901194591,0.00539153130409817,FUSED,ACCEPTED,ACCEPTED,0.0017137895416605708,0.001756314567828099,14.165799097,True,0.0
24.165799097,3.044851560871563,3.0448940858977305,3.0431377713299024,20.488354314902885,-0.12336459814369512,0.2371636868084612,0.010391531304098242,MODEL_ONLY,DUPLICATE_OR_OLD,DUPLICATE_OR_OLD,0.0017137895416605708,0.001756314567828099,14.165799097,False,
24.215799097,3.047610908978938,3.0476534340051056,3.0458971194372775,20.640580187172066,-0.12336459814369512,0.23079483065793435,0.015391531304098312,MODEL_ONLY,DUPLICATE_OR_OLD,DUPLICATE_OR_OLD,0.0017137895416605708,0.001756314567828099,14.165799097,False,
24.265799097,3.0592390875987534,3.059261333507941,3.0569389182318893,20.793151088113788,-0.10285157968408572,0.22518726722398533,0.006709609693588693,FUSED,ACCEPTED,ACCEPTED,0.0023001693668640577,0.0023224152760517036,14.165799097,True,1.2301037134459722e-05
24.315799097000003,3.0624968449161214,3.062519090825309,3.0601966755492573,20.946079477958328,-0.10285157968408572,0.22024999639817658,0.01170960969358912,MODEL_ONLY,DUPLICATE_OR_OLD,DUPLICATE_OR_OLD,0.0023001693668640577,0.0023224152760517036,14.165799097,False,
24.365799097,3.083509606273424,3.0835179350769684,3.0819414455192438,21.09963293098503,-0.06095341066282445,0.2159028956485363,0.006256029154031286,FUSED,ACCEPTED,ACCEPTED,0.0015681607541804254,0.001576489557724603,14.165799097,True,0.0
24.415799097,3.0884535432110947,3.088461872014639,3.0868853824569142,21.253853601684437,-0.06095341066282445,0.21207541978297412,0.011256029154031358,MODEL_ONLY,DUPLICATE_OR_OLD,DUPLICATE_OR_OLD,0.0015681607541804254,0.001576489557724603,14.165799097,False,
24.465799097,3.1060091969919674,3.1060553466143253,3.1012372651854574,21.408556667875498,-0.06095341066282445,0.20870545613474903,0.006191350968825166,FUSED,ACCEPTED,ACCEPTED,0.0047719318065100325,0.00481808142886786,14.165799097,True,6.941534023720969e-05
24.515799097,3.1106362787700794,3.1106824283924372,3.1058643469635694,21.563734208179216,-0.06095341066282445,0.20573831659180908,0.011191350968824882,MODEL_ONLY,DUPLICATE_OR_OLD,DUPLICATE_OR_OLD,0.0047719318065100325,0.00481808142886786,14.165799097,False,
24.565799097000003,3.1280095457354467,3.1280572151074617,3.122373523889827,21.719440154950565,-0.02091747304732336,0.20312585011255888,0.006181945707228824,FUSED,ACCEPTED,ACCEPTED,0.00563602184561951,0.005683691217634568,14.165799097,True,4.860799020729636e-05
24.615799097,3.1437245499350026,3.1437470546532538,3.140210995246443,21.87600476792896,-0.00805743249944952,0.2008256613258726,0.005278998379932867,FUSED,ACCEPTED,ACCEPTED,0.003513554688559406,0.0035360594068105655,14.165799097,True,0.0
24.665799097,3.150649535918429,3.15067204063668,3.1471359812298694,22.033188442340872,-0.00805743249944952,0.19880042253470656,0.010278998379932939,MODEL_ONLY,DUPLICATE_OR_OLD,DUPLICATE_OR_OLD,0.003513554688559406,0.0035360594068105655,14.165799097,False,
24.715799097,3.157485364173042,3.157507868891293,3.1539718094844824,22.190716137108733,-0.00805743249944952,0.19701726795844576,0.01527899837993301,MODEL_ONLY,DUPLICATE_OR_OLD,DUPLICATE_OR_OLD,0.003513554688559406,0.0035360594068105655,14.165799097,False,
24.765799097,3.1747214920452715,3.1749604834043805,3.1686587913476156,22.348781902129527,0.012955360408255304,0.1734670718805623,0.0066973808464458814,FUSED,ACCEPTED,ACCEPTED,0.0060627006976559095,0.006301692056764896,14.165799097,True,0.0003457454683614405
24.815799097000003,3.1803936923997385,3.1806326837588474,3.1743309917020825,22.507356646705784,0.012955360408255304,0.15273191704781064,0.01169738084644631,MODEL_ONLY,DUPLICATE_OR_OLD,DUPLICATE_OR_OLD,0.0060627006976559095,0.006301692056764896,14.165799097,False,
24.865799097,3.1918968110621133,3.192154272080812,3.185773626180198,22.66635926215283,0.025914683774440415,0.13447531126346074,0.006254314212500285,FUSED,ACCEPTED,ACCEPTED,0.006123184881915211,0.006380645900613935,14.165799097,True,0.0002685224299220452
24.915799097,3.2091860189851937,3.2093071525188965,3.205586840044842,22.82614327380846,0.0623871083060941,0.11840098447624188,0.005295072849671775,FUSED,ACCEPTED,ACCEPTED,0.003599178940351777,0.0037203124740545768,14.165799097,True,0.0
24.965799097,3.2149056149261566,3.2150267484598594,3.211306435985805,22.986565605709227,0.0623871083060941,0.10424808087990214,0.010295072849671846,MODEL_ONLY,DUPLICATE_OR_OLD,DUPLICATE_OR_OLD,0.003599178940351777,0.0037203124740545768,14.165799097,False,
25.015799097,3.2200021531090592,3.220123286642762,3.2164029741687075,23.14725834096308,0.0623871083060941,0.09178692571870803,0.015295072849671562,MODEL_ONLY,DUPLICATE_OR_OLD,DUPLICATE_OR_OLD,0.003599178940351777,0.0037203124740545768,14.165799097,False,
25.065799097000003,3.1841335681206475,3.184173552686555,3.181314135827086,23.30720126871299,-0.05972486302780782,0.08081529810219928,0.006699133205712601,FUSED,ACCEPTED,ACCEPTED,0.002819432293561519,0.0028594168594691105,14.165799097,True,0.0
25.115799097,3.2065686713011483,3.206587098104435,3.2054175185253406,23.466869560071792,0.06874545531215162,0.07115514934406698,0.00539152098602377,FUSED,ACCEPTED,ACCEPTED,0.0011511527758076845,0.0011695795790944707,14.165799097,True,0.0
25.165799097,3.2105262662269185,3.2105446930302053,3.209375113451111,23.627239375871206,0.06874545531215162,0.06264971356999358,0.01039152098602384,MODEL_ONLY,DUPLICATE_OR_OLD,DUPLICATE_OR_OLD,0.0011511527758076845,0.0011695795790944707,14.165799097,False,
25.215799097,3.1997428264272574,3.1997500834967716,3.198906052533895,23.787446405020834,-0.012999391870435403,0.05516096370514481,0.0060616774373208155,FUSED,ACCEPTED,ACCEPTED,0.0008367738933623414,0.0008440309628765519,14.165799097,True,0.0
25.265799097,3.198909061893238,3.1989163189627523,3.1980722879998758,23.947370863534168,-0.012999391870435403,0.048567371556789744,0.011061677437320533,MODEL_ONLY,DUPLICATE_OR_OLD,DUPLICATE_OR_OLD,0.0008367738933623414,0.0008440309628765519,14.165799097,False,
25.315799097000003,3.205461928382349,3.2054647129573373,3.205263277153062,24.107454252663004,0.028533149462746793,0.04276193564245551,0.006162948442574248,FUSED,ACCEPTED,ACCEPTED,0.00019865122928708345,0.0002014358042754516,14.165799097,True,0.0
25.365799097,3.2061589445751,3.2061617291500886,3.205960293345813,24.267734841925467,0.028533149462746793,0.03765044475901648,0.011162948442573964,MODEL_ONLY,DUPLICATE_OR_OLD,DUPLICATE_OR_OLD,0.00019865122928708345,0.0002014358042754516,14.165799097,False,
25.415799097,3.206630935985587,3.2066337205605753,3.2064322847563,24.428044656378024,0.028533149462746793,0.033149949113723945,0.016162948442574036,MODEL_ONLY,DUPLICATE_OR_OLD,DUPLICATE_OR_OLD,0.00019865122928708345,0.0002014358042754516,14.165799097,False,
25.465799097,3.1891671656114906,3.1892027040058455,3.1888695479527414,24.58792720219575,-0.027014946067647934,0.029187414206556468,0.00679106101965043,FUSED,ACCEPTED,ACCEPTED,0.0002976176587492496,0.0003331560531041333,14.165799097,True,5.101535847220858e-05
25.515799097,3.1864891815707184,3.1865247199650732,3.186191563911969,24.74730372999236,-0.027014946067647934,0.025698535618940564,0.011791061019650146,MODEL_ONLY,DUPLICATE_OR_OLD,DUPLICATE_OR_OLD,0.0002976176587492496,0.0003331560531041333,14.165799097,False,
25.565799097000003,3.192028047742283,3.19204131276166,3.1936525718669455,24.906799833386845,0.019118617516067825,0.022626695475120015,0.006267411733837175,FUSED,ACCEPTED,ACCEPTED,-0.0016245241246624076,-0.0016112591052857006,14.165799097,True,0.0
25.615799097,3.1879478543747473,3.1879540916261546,3.1888161856056394,25.066361552323652,-0.005854204279091738,0.01992204364152528,0.005297970375920361,FUSED,ACCEPTED,ACCEPTED,-0.0008683312308921387,-0.0008620939794847793,14.165799097,True,0.0
25.665799097,3.1859200150801428,3.18592625233155,3.186788346311035,25.225751665621573,-0.005854204279091738,0.017540688753744284,0.010297970375920432,MODEL_ONLY,DUPLICATE_OR_OLD,DUPLICATE_OR_OLD,-0.0008683312308921387,-0.0008620939794847793,14.165799097,False,
25.715799097,3.1914653744997783,3.191467840014329,3.1921944531590296,25.385226235608325,0.023651824400691177,0.015443985943009149,0.006047113720427806,FUSED,ACCEPTED,ACCEPTED,-0.0007290786592513143,-0.0007266131447005719,14.165799097,True,0.0
25.765799097,3.190715697686643,3.190718163201194,3.1914447763458944,25.54481721634594,0.023651824400691177,0.013597909703343427,0.011047113720427522,MODEL_ONLY,DUPLICATE_OR_OLD,DUPLICATE_OR_OLD,-0.0007290786592513143,-0.0007266131447005719,14.165799097,False,
25.815799097000003,3.1863758076527837,3.1863767542123824,3.1868091959294986,25.704273565652837,0.0036703412900362734,0.01197250172219795,0.006160803032791573,FUSED,ACCEPTED,ACCEPTED,-0.00043338827671490776,-0.0004324417171162054,14.165799097,True,0.0
25.865799097,3.1844742304346445,3.184475176994243,3.1849076187113594,25.86356648601885,0.0036703412900362734,0.010541384713916076,0.01116080303279129,MODEL_ONLY,DUPLICATE_OR_OLD,DUPLICATE_OR_OLD,-0.00043338827671490776,-0.0004324417171162054,14.165799097,False,
25.915799097,3.1826663062448457,3.182666668068448,3.183050694808231,26.022765443856844,0.00879436429363644,0.009281334366463771,0.00617748737014477,FUSED,ACCEPTED,ACCEPTED,-0.00038438856338540717,-0.00038402673978321644,14.165799097,True,0.0
25.965799097,3.1809024560639374,3.1809028178875396,3.181286844627323,26.181873882342735,0.00879436429363644,0.008171902454938451,0.011177487370144842,MODEL_ONLY,DUPLICATE_OR_OLD,DUPLICATE_OR_OLD,-0.00038438856338540717,-0.00038402673978321644,14.165799097,False,
26.015799097,3.183668204273733,3.1836683424931107,3.184196830241422,26.341010974214445,0.02219074001741088,0.007195085005699795,0.006179923665475625,FUSED,ACCEPTED,ACCEPTED,-0.0005286259676888783,-0.0005284877483111572,14.165799097,True,0.0
26.065799097000003,3.1824823292625695,3.182482467481947,3.1830109552302583,26.500191168851252,0.02219074001741088,0.006335030126058326,0.01117992366547605,MODEL_ONLY,DUPLICATE_OR_OLD,DUPLICATE_OR_OLD,-0.0005286259676888783,-0.0005284877483111572,14.165799097,False,
26.115799097,3.183026317822453,3.1830263706183968,3.1834256492100677,26.65935208396225,0.021951083851007597,0.005577780758152974,0.006180279160558711,FUSED,ACCEPTED,ACCEPTED,-0.0003993313876144988,-0.00039927859167088187,14.165799097,True,0.0
26.165799097,3.1817572609057865,3.18175731370173,3.182156592293401,26.818491639999838,0.021951083851007597,0.004911048182398943,0.011180279160558783,MODEL_ONLY,DUPLICATE_OR_OLD,DUPLICATE_OR_OLD,-0.0003993313876144988,-0.00039927859167088187,14.165799097,False,
26.215799097,3.183599690772875,3.183599710939178,3.1838982580028894,26.977643011257246,0.02924337079920537,0.0043240125948999335,0.006180331027537242,FUSED,ACCEPTED,ACCEPTED,-0.00029856723001442376,-0.0002985470637115739,14.165799097,True,0.0
26.265799097,3.1826400531706267,3.1826400733369296,3.182938620400641,27.136813933217326,0.02924337079920537,0.0038071475225723186,0.011180331027536959,MODEL_ONLY,DUPLICATE_OR_OLD,DUPLICATE_OR_OLD,-0.00029856723001442376,-0.0002985470637115739,14.165799097,False,
26.315799097000003,3.1812883696974263,3.181288377400271,3.181436151900886,27.295923302524876,0.024606909345904454,0.0033520652265731227,0.006180338594847541,FUSED,ACCEPTED,ACCEPTED,-0.0001477822034594567,-0.0001477745006148723,14.165799097,True,0.0
26.365799097,3.1800541206756456,3.18005412837849,3.180201902879105,27.454964253894367,0.024606909345904454,0.002951380585223299,0.011180338594847256,MODEL_ONLY,DUPLICATE_OR_OLD,DUPLICATE_OR_OLD,-0.0001477822034594567,-0.0001477745006148723,14.165799097,False,
26.415799097,3.179674987223019,3.179674990165244,3.1798730057588798,27.61396612661032,0.027658293423163723,0.002598591247503259,0.00618033969890361,FUSED,ACCEPTED,ACCEPTED,-0.00019801853586098872,-0.00019801559363585852,14.165799097,True,0.0
26.465799097,3.178560136981452,3.178560139923677,3.178758155517313,27.772931905642224,0.027658293423163723,0.0022879721122410386,0.011180339698903682,MODEL_ONLY,DUPLICATE_OR_OLD,DUPLICATE_OR_OLD,-0.00019801853586098872,-0.00019801559363585852,14.165799097,False,
26.515799097,3.177431612255303,3.177431615197528,3.177629630791164,27.931841600299926,0.027658293423163723,0.0020144824205893894,0.0161803396989034,MODEL_ONLY,DUPLICATE_OR_OLD,DUPLICATE_OR_OLD,-0.00019801853586098872,-0.00019801559363585852,14.165799097,False,
26.565799097000003,3.1762280713113724,3.176231203223994,3.1773629499644387,28.09071641481883,0.02653316542216222,0.0017736839540796318,0.006792850848782909,FUSED,ACCEPTED,ACCEPTED,-0.0011348786530662736,-0.0011317467404445836,14.165799097,True,4.609212061298679e-06
26.615799097,3.1750206495146815,3.1750237814273032,3.176155528167748,28.249554376772124,0.02653316542216222,0.0015616690107621704,0.011792850848782625,MODEL_ONLY,DUPLICATE_OR_OLD,DUPLICATE_OR_OLD,-0.0011348786530662736,-0.0011317467404445836,14.165799097,False,
26.665799097,3.1757511439852837,3.175753858511535,3.1771388278595127,28.40838673567281,0.03239301503311821,0.0013749969906224795,0.006267661080024884,FUSED,ACCEPTED,ACCEPTED,-0.001387683874229051,-0.0013849693479777159,14.165799097,True,2.4659762138251606e-06
26.715799097,3.1748191631466613,3.1748218776729127,3.1762068470208904,28.56722037754482,0.03239301503311821,0.0012106385611751124,0.011267661080024955,MODEL_ONLY,DUPLICATE_OR_OLD,DUPLICATE_OR_OLD,-0.001387683874229051,-0.0013849693479777159,14.165799097,False,
26.765799097,3.1759028352483547,3.1759055929131903,3.1772365982173536,28.726056463675768,0.03560783933311933,0.0010659264971486534,0.006193037526434155,FUSED,ACCEPTED,ACCEPTED,-0.0013337629689988972,-0.0013310053041633019,14.165799097,True,2.7841828356270967e-06
26.815799097000003,3.174300727230346,3.174302028442988,3.1750399282257527,28.884863376836858,0.03019266692841942,0.0009385123964833239,0.005281469214817952,FUSED,ACCEPTED,ACCEPTED,-0.000739200995406808,-0.0007378997827647282,14.165799097,True,0.0
26.865799097,3.173239513486941,3.173240814699583,3.173978714482348,29.04358884290455,0.03019266692841942,0.000826328570224154,0.010281469214817669,MODEL_ONLY,DUPLICATE_OR_OLD,DUPLICATE_OR_OLD,-0.000739200995406808,-0.0007378997827647282,14.165799097,False,
26.915799097,3.1693200963285717,3.1693206110188497,3.169809672421144,29.20218355257714,0.023089616065628718,0.0007275544878546751,0.0060445336799734364,FUSED,ACCEPTED,ACCEPTED,-0.0004895760925722747,-0.0004890614022943218,14.165799097,True,0.0
26.965799097,3.1678944429751934,3.1678949576654714,3.1683840190677657,29.360638394864363,0.023089616065628718,0.0006405872335430547,0.011044533679973507,MODEL_ONLY,DUPLICATE_OR_OLD,DUPLICATE_OR_OLD,-0.0004895760925722747,-0.0004890614022943218,14.165799097,False,
27.015799097,3.164916149411543,3.1649163470308532,3.1654090638521346,29.51898322193735,0.02212340043106775,0.0005640154938612834,0.0061604227117763935,FUSED,ACCEPTED,ACCEPTED,-0.0004929144405916297,-0.0004927168212813804,14.165799097,True,0.0
27.065799097000003,3.1634349857475015,3.1634351833668117,3.163927900188093,29.67721664603837,0.02212340043106775,0.0004965966548476351,0.011160422711776821,MODEL_ONLY,DUPLICATE_OR_OLD,DUPLICATE_OR_OLD,-0.0004929144405916297,-0.0004927168212813804,14.165799097,False,
27.115799097,3.161950854082555,3.161951051701865,3.1624437685231466,29.835375937756144,0.02212340043106775,0.00043723663674125523,0.016160422711776538,MODEL_ONLY,DUPLICATE_OR_OLD,DUPLICATE_OR_OLD,-0.0004929144405916297,-0.0004927168212813804,14.165799097,False,
27.165799097,3.1591342077104843,3.1591348158947774,3.160611945985479,29.99345233061886,0.020377392272216768,0.00038497213914471276,0.006790800916760141,FUSED,ACCEPTED,ACCEPTED,-0.0014777382749948664,-0.001477130090701717,14.165799097,True,8.022092370147012e-07
27.215799097,3.1575578615561826,3.1575584697404757,3.1590355998311774,30.15144351926428,0.020377392272216768,0.0003389550084874496,0.011790800916760213,MODEL_ONLY,DUPLICATE_OR_OLD,DUPLICATE_OR_OLD,-0.0014777382749948664,-0.001477130090701717,14.165799097,False,
27.265799097,3.1558571426864535,3.155857709393696,3.1576626166154997,30.30936097467544,0.021381618636446362,0.00029843847410355117,0.006267375495390978,FUSED,ACCEPTED,ACCEPTED,-0.0018054739290462862,-0.0018049072218038198,14.165799097,True,5.420049957027134e-07
27.315799097000003,3.15529844551694,3.155298711984818,3.156299700145005,30.467210032594465,0.02471270501681023,0.00026276502956159203,0.005297962363918868,FUSED,ACCEPTED,ACCEPTED,-0.0010012546280648849,-0.0010009881601868997,14.165799097,True,0.0
27.365799097,3.1539334850375726,3.1539337515054506,3.1549347396656375,30.62499089358972,0.02471270501681023,0.00023135576258357502,0.010297962363918584,MODEL_ONLY,DUPLICATE_OR_OLD,DUPLICATE_OR_OLD,-0.0010012546280648849,-0.0010009881601868997,14.165799097,False,
27.415799097,3.152567141818096,3.152567408285974,3.1535683964461607,30.78270347199252,0.02471270501681023,0.00020370096039770274,0.015297962363918654,MODEL_ONLY,DUPLICATE_OR_OLD,DUPLICATE_OR_OLD,-0.0010012546280648849,-0.0010009881601868997,14.165799097,False,
27.465799097,3.151878536056263,3.151878745326898,3.1532614752119223,30.940374218783973,0.024938416889497363,0.00017935183806782045,0.006699448009114695,FUSED,ACCEPTED,ACCEPTED,-0.0013829391556594572,-0.001382729885024414,14.165799097,True,1.8109182490025355e-07
27.515799097,3.1498408074067554,3.149840903847289,3.150762761067221,31.097974824690944,0.021989207794589908,0.00015791325556592097,0.0053915878432485,FUSED,ACCEPTED,ACCEPTED,-0.0009219536604656575,-0.0009218572199318764,14.165799097,True,0.0
27.565799097000003,3.148335056143418,3.1483351525839516,3.1492570098038835,31.255475318962734,0.021989207794589908,0.00013903730539966837,0.010391587843248926,MODEL_ONLY,DUPLICATE_OR_OLD,DUPLICATE_OR_OLD,-0.0009219536604656575,-0.0009218572199318764,14.165799097,False,
27.615799097,3.146797294897985,3.146797332879278,3.147370256539249,31.412891000621304,0.023048694105355927,0.0001224176667343237,0.006061687807106206,FUSED,ACCEPTED,ACCEPTED,-0.0005729616412639693,-0.0005729236599707477,14.165799097,True,0.0
27.665799097,3.145342955316635,3.145342993297928,3.145915916957899,31.570223154958736,0.023048694105355927,0.00010778463438713588,0.011061687807106278,MODEL_ONLY,DUPLICATE_OR_OLD,DUPLICATE_OR_OLD,-0.0005729616412639693,-0.0005729236599707477,14.165799097,False,
27.715799097,3.143585116987851,3.143585131561463,3.1440472975731573,31.727472235322015,0.0221725979196684,9.490074202428178e-05,0.006162949969313478,FUSED,ACCEPTED,ACCEPTED,-0.0004621805853064487,-0.0004621660116943538,14.165799097,True,0.0
27.765799097,3.142085761210924,3.142085775784536,3.1425479417962303,31.88463711630624,0.0221725979196684,8.355690853309837e-05,0.011162949969313194,MODEL_ONLY,DUPLICATE_OR_OLD,DUPLICATE_OR_OLD,-0.0004621805853064487,-0.0004621660116943538,14.165799097,False,
27.815799097000003,3.140293480073707,3.1402934856440314,3.140683870796996,32.041717911621085,0.021680186058189062,7.356904503256734e-05,0.006177801046239456,FUSED,ACCEPTED,ACCEPTED,-0.000390390723289169,-0.00039038515296452303,14.165799097,True,0.0
27.865799097,3.1387685646116523,3.138768570181977,3.1391589553349415,32.19871398227438,0.021680186058189062,6.47750674602815e-05,0.011177801046239173,MODEL_ONLY,DUPLICATE_OR_OLD,DUPLICATE_OR_OLD,-0.000390390723289169,-0.00039038515296452303,14.165799097,False,
27.915799097,3.136737490236933,3.136737492364814,3.1369092309296835,32.355615686930996,0.02054732444213651,5.7032266255822585e-05,0.0061799694396269325,FUSED,ACCEPTED,ACCEPTED,-0.00017174069275061044,-0.0001717385648696279,14.165799097,True,0.0
27.965799097,3.1351552036902257,3.1351552058181067,3.1353269443829763,32.51242159131382,0.02054732444213651,5.021499045554068e-05,0.011179969439627003,MODEL_ONLY,DUPLICATE_OR_OLD,DUPLICATE_OR_OLD,-0.00017174069275061044,-0.0001717385648696279,14.165799097,False,
28.015799097,3.1335726170244262,3.1335726191523072,3.133744357717177,32.669148373866314,0.02054732444213651,4.4212608615962765e-05,0.01617996943962672,MODEL_ONLY,DUPLICATE_OR_OLD,DUPLICATE_OR_OLD,-0.00017174069275061044,-0.0001717385648696279,14.165799097,False,
28.065799097000003,3.131310924026627,3.1313109878667795,3.132819526032611,32.825812470960074,0.01928663916393241,3.89277134755003e-05,0.006792812764180959,FUSED,ACCEPTED,ACCEPTED,-0.0015086020059840166,-0.0015085381658312969,14.165799097,True,9.297724476355768e-08
28.115799097,3.1298178214562924,3.129817850750424,3.1307884617870076,32.98240267065555,0.02053286512394706,3.4274541219528006e-05,0.005411331199781471,FUSED,ACCEPTED,ACCEPTED,-0.0009706403307152556,-0.0009706110365836906,14.165799097,True,0.0
28.165799097,3.1282338100731377,3.1282338393672693,3.129204450403853,33.13890249346033,0.02053286512394706,3.0177579696491946e-05,0.010411331199781541,MODEL_ONLY,DUPLICATE_OR_OLD,DUPLICATE_OR_OLD,-0.0009706403307152556,-0.0009706110365836906,14.165799097,False,
28.215799097,3.1266496183281483,3.12664964762228,3.1276202586588635,33.295323111186896,0.02053286512394706,2.657034299905544e-05,0.015411331199781612,MODEL_ONLY,DUPLICATE_OR_OLD,DUPLICATE_OR_OLD,-0.0009706403307152556,-0.0009706110365836906,14.165799097,False,
28.265799097,3.125181532989239,3.1251815631964326,3.1267693498658433,33.45168285140001,0.020577321770599517,2.3394292524046557e-05,0.006711751966953718,FUSED,ACCEPTED,ACCEPTED,-0.0015878168766043643,-0.001587786669410729,14.165799097,True,3.0654524572817227e-08
28.315799097000003,3.124042686933172,3.124042700846003,3.124796370292537,33.60797199440398,0.021948572752961817,2.0597887002064923e-05,0.00539419941089035,FUSED,ACCEPTED,ACCEPTED,-0.0007536833593650982,-0.0007536694465337668,14.165799097,True,0.0
28.365799097,3.1225288588397873,3.1225288727526186,3.1232825421991524,33.764173967216266,0.021948572752961817,1.813574608053398e-05,0.010394199410890067,MODEL_ONLY,DUPLICATE_OR_OLD,DUPLICATE_OR_OLD,-0.0007536833593650982,-0.0007536694465337668,14.165799097,False,
28.415799097000004,3.1210149223547927,3.121014936267624,3.121768605714158,33.92030024591411,0.021948572752961817,1.596791388673145e-05,0.015394199410890493,MODEL_ONLY,DUPLICATE_OR_OLD,DUPLICATE_OR_OLD,-0.0007536833593650982,-0.0007536694465337668,14.165799097,False,
28.465799097,3.119500890434635,3.119500904347466,3.120254573794,34.07635082540181,0.021948572752961817,1.4059210619835073e-05,0.02039419941089021,MODEL_ONLY,DUPLICATE_OR_OLD,DUPLICATE_OR_OLD,-0.0007536833593650982,-0.0007536694465337668,14.165799097,False,
28.515799097,3.12189811841257,3.121898122343392,3.1223657361405337,34.23241633315016,0.030390645052190926,1.2378661649542725e-05,0.00717467829010331,FUSED,ACCEPTED,ACCEPTED,-0.0004676177279638871,-0.0004676137971415528,14.165799097,True,0.0
28.565799097000003,3.1208060320965854,3.1208060360274077,3.1212736498245492,34.3885073177993,0.030390645052190926,1.0898994856629767e-05,0.012174678290103737,MODEL_ONLY,DUPLICATE_OR_OLD,DUPLICATE_OR_OLD,-0.0004676177279638871,-0.0004676137971415528,14.165799097,False,
28.615799097,3.1187084814000716,3.1187084828465736,3.1190982104979996,34.544516614307355,0.024512868837514856,9.596198058231307e-06,0.006320103629840644,FUSED,ACCEPTED,ACCEPTED,-0.00038972909792800436,-0.0003897276514259751,14.165799097,True,0.0
28.665799097000004,3.117322383780077,3.1173223852265792,3.117712112878005,34.70043687239177,0.024512868837514856,8.449129335700612e-06,0.01132010362984107,MODEL_ONLY,DUPLICATE_OR_OLD,DUPLICATE_OR_OLD,-0.00038972909792800436,-0.0003897276514259751,14.165799097,False,
28.715799097,3.120125396051281,3.1201253966008617,3.1205448105154105,34.85639329547659,0.037988999384231434,7.4391739414094135e-06,0.006200622862038294,FUSED,ACCEPTED,ACCEPTED,-0.00041941446412963046,-0.00041941391454880517,14.165799097,True,0.0
28.765799097,3.1194130099992665,3.1194130105488473,3.119832424463396,35.012402726351056,0.037988999384231434,6.549942216733258e-06,0.01120062286203801,MODEL_ONLY,DUPLICATE_OR_OLD,DUPLICATE_OR_OLD,-0.00041941446412963046,-0.00041941391454880517,14.165799097,False,
28.815799097000003,3.120474525754077,3.1204745259638353,3.120773944791591,35.16841788558244,0.038151057552294546,5.767003619008769e-06,0.006183296842729339,FUSED,ACCEPTED,ACCEPTED,-0.0002994190375140704,-0.00029941882775563755,14.165799097,True,0.0
28.865799097,3.1197701689959816,3.11977016920574,3.1200695880334957,35.324438973903064,0.038151057552294546,5.077652541223214e-06,0.011183296842729055,MODEL_ONLY,DUPLICATE_OR_OLD,DUPLICATE_OR_OLD,-0.0002994190375140704,-0.00029941882775563755,14.165799097,False,
28.915799097000004,3.1169439507417165,3.116943950821828,3.1171614413837534,35.480369749638506,0.02997018672657629,4.470702124133849e-06,0.006180771252732149,FUSED,ACCEPTED,ACCEPTED,-0.0002174906420369105,-0.00021749056192543748,14.165799097,True,0.0
28.965799097,3.115830493374844,3.1158304934549554,3.116047984016881,35.636199985273514,0.02997018672657629,3.936302714781726e-06,0.011180771252731866,MODEL_ONLY,DUPLICATE_OR_OLD,DUPLICATE_OR_OLD,-0.0002174906420369105,-0.00021749056192543748,14.165799097,False,
29.015799097,3.1126149461505626,3.1126149461811616,3.1129989454543927,35.791926158510286,0.026322048172584007,3.465782025323344e-06,0.00618040282180127,FUSED,ACCEPTED,ACCEPTED,-0.00038399930383015146,-0.00038399927323107264,14.165799097,True,0.0
29.065799097000003,3.1113190376160746,3.1113190376466737,3.111703036919905,35.94754370806966,0.026322048172584007,3.051504398263798e-06,0.011180402821801697,MODEL_ONLY,DUPLICATE_OR_OLD,DUPLICATE_OR_OLD,-0.00038399930383015146,-0.00038399927323107264,14.165799097,False,
29.115799097,3.1104889004373772,3.110488900449065,3.1108583013216933,36.10310774152569,0.030158159321180364,2.6867468942322553e-06,0.006180349069467862,FUSED,ACCEPTED,ACCEPTED,-0.000369400884316029,-0.0003694008726284892,14.165799097,True,0.0
29.165799097000004,3.1093847631646088,3.1093847631762963,3.109754164048925,36.25862305315997,0.030158159321180364,2.36559019143924e-06,0.011180349069468288,MODEL_ONLY,DUPLICATE_OR_OLD,DUPLICATE_OR_OLD,-0.000369400884316029,-0.0003694008726284892,14.165799097,False,
29.215799097,3.1082806117534574,3.108280611765145,3.1086500126377734,36.41408315757713,0.030158159321180364,2.082822526322382e-06,0.016180349069468004,MODEL_ONLY,DUPLICATE_OR_OLD,DUPLICATE_OR_OLD,-0.000369400884316029,-0.0003694008726284892,14.165799097,False,
29.265799097,3.1085117292030318,3.1085117308860792,3.1095291966283254,36.56953763780878,0.03309169300050685,1.833855116518129e-06,0.006792851812620612,FUSED,ACCEPTED,ACCEPTED,-0.0010174674252936278,-0.0010174657422461486,14.165799097,True,2.472156252712049e-09
29.315799097000003,3.107554231067105,3.1075542327501524,3.1085716984923986,36.72499016018681,0.03309169300050685,1.6146476936360568e-06,0.01179285181262104,MODEL_ONLY,DUPLICATE_OR_OLD,DUPLICATE_OR_OLD,-0.0010174674252936278,-0.0010174657422461486,14.165799097,False,
29.365799097,3.1063143666307695,3.106314367451622,3.107313371500571,36.88038728693663,0.03083193594307053,1.4216429373735162e-06,0.006267661214290931,FUSED,ACCEPTED,ACCEPTED,-0.0009990048698016452,-0.0009990040489493701,14.165799097,True,3.074222217937239e-10
29.415799097000004,3.1052438624950236,3.105243863315876,3.1062428673648252,37.03572619290828,0.03083193594307053,1.25170874696057e-06,0.011267661214291357,MODEL_ONLY,DUPLICATE_OR_OLD,DUPLICATE_OR_OLD,-0.0009990048698016452,-0.0009990040489493701,14.165799097,False,
29.465799097,3.1039740052479448,3.103974006485668,3.105149691069829,37.19101100686913,0.030764073416654502,1.1020874131110892e-06,0.006193037545893336,FUSED,ACCEPTED,ACCEPTED,-0.0011756858218840982,-0.001175684584160841,14.165799097,True,1.4939811373692463e-09
29.515799097,3.1011069999839407,3.101107000567964,3.101820661909698,37.34618526569361,0.024816278446185152,9.703508656364398e-07,0.005281469219150289,FUSED,ACCEPTED,ACCEPTED,-0.0007136619257575028,-0.0007136613417340065,14.165799097,True,0.0
29.565799097000003,3.0997356931059765,3.09973569369,3.100449355031734,37.50124201611716,0.024816278446185152,8.543612704761566e-07,0.010281469219150716,MODEL_ONLY,DUPLICATE_OR_OLD,DUPLICATE_OR_OLD,-0.0007136619257575028,-0.0007136613417340065,14.165799097,False,
29.615799097,3.098364381121766,3.0983643817057893,3.0990780430475233,37.656230201069135,0.024816278446185152,7.5223633670991e-07,0.015281469219150433,MODEL_ONLY,DUPLICATE_OR_OLD,DUPLICATE_OR_OLD,-0.0007136619257575028,-0.0007136613417340065,14.165799097,False,
29.665799097000004,3.0946855763086405,3.0946855769854,3.0959873080545997,37.811106834846704,0.021644456815472345,6.623187705493339e-07,0.006697650326135526,FUSED,ACCEPTED,ACCEPTED,-0.001301731745959156,-0.0013017310691996187,14.165799097,True,7.224842269587528e-10
29.715799097,3.0931556647885463,3.093155665465306,3.0944573965345055,37.96586795246142,0.021644456815472345,5.831493806063704e-07,0.011697650326135242,MODEL_ONLY,DUPLICATE_OR_OLD,DUPLICATE_OR_OLD,-0.001301731745959156,-0.0013017310691996187,14.165799097,False,
29.765799097,3.092788685214189,3.092788685645015,3.0943109744926685,38.12058716173709,0.027388977377317686,5.134433979872585e-07,0.006254352020555621,FUSED,ACCEPTED,ACCEPTED,-0.0015222892784794162,-0.0015222888476533747,14.165799097,True,2.8353967936566027e-10
29.815799097000003,3.0915459931681992,3.0915459935990253,3.0930682824466786,38.275271643160586,0.027388977377317686,4.520696269325982e-07,0.011254352020556049,MODEL_ONLY,DUPLICATE_OR_OLD,DUPLICATE_OR_OLD,-0.0015222892784794162,-0.0015222888476533747,14.165799097,False,
29.865799097,3.088659946392883,3.0886599468943396,3.0901643001455366,38.42985245772538,0.020713186884110727,3.9803208765779814e-07,0.006191107671531741,FUSED,ACCEPTED,ACCEPTED,-0.0015043537526535644,-0.0015043532511969104,14.165799097,True,5.449102768399078e-10
29.915799097000004,3.0870834597414443,3.087083460242901,3.088587813494098,38.584321260566384,0.020713186884110727,3.5045385349200525e-07,0.011191107671532169,MODEL_ONLY,DUPLICATE_OR_OLD,DUPLICATE_OR_OLD,-0.0015043537526535644,-0.0015043532511969104,14.165799097,False,
29.965799097,3.084271899499201,3.0842718997365477,3.085855383018792,38.738682340479194,0.019659901797119836,3.0856282002316573e-07,0.006181910240142543,FUSED,ACCEPTED,ACCEPTED,-0.0015834835195907004,-0.0015834832822441136,14.165799097,True,7.422609380434986e-11
30.015799097,3.082642744654679,3.0826427448920257,3.08422622817427,38.89293438075901,0.019659901797119836,2.716791753092268e-07,0.01118191024014226,MODEL_ONLY,DUPLICATE_OR_OLD,DUPLICATE_OR_OLD,-0.0015834835195907004,-0.0015834832822441136,14.165799097,False,
30.065799097000003,3.0839585613228913,3.0839585616573304,3.0858148728233146,39.04718540828396,0.02988094723654646,2.3920436782098016e-07,0.0061805689851202016,FUSED,ACCEPTED,ACCEPTED,-0.0018563115004233133,-0.0018563111659841702,14.165799097,True,3.944399524884179e-10
30.115799097,3.0828404556969513,3.0828404560313905,3.0846967671973746,39.201448199284464,0.02988094723654646,2.1061139308711874e-07,0.011180568985119918,MODEL_ONLY,DUPLICATE_OR_OLD,DUPLICATE_OR_OLD,-0.0018563115004233133,-0.0018563111659841702,14.165799097,False,
30.165799097000004,3.083279404439444,3.083279404567187,3.0841293985845066,39.35566885342902,0.02999175079712727,1.8543624141216691e-07,0.006180373312098957,FUSED,ACCEPTED,ACCEPTED,-0.0008499941450628157,-0.0008499940173196663,14.165799097,True,0.0
30.215799097,3.0821668366244817,3.082166836752225,3.0830168307695445,39.50984750916287,0.02999175079712727,1.6327036788008974e-07,0.011180373312098674,MODEL_ONLY,DUPLICATE_OR_OLD,DUPLICATE_OR_OLD,-0.0008499941450628157,-0.0008499940173196663,14.165799097,False,
30.265799097,3.0799845660460416,3.0799845661149208,3.0810197413220752,39.66394842346515,0.024906719542261313,1.4375406244591194e-07,0.00618034476407606,FUSED,ACCEPTED,ACCEPTED,-0.0010351752760335842,-0.0010351752071544595,14.165799097,True,3.2499859357534855e-11
30.315799097000003,3.0786177448333483,3.0786177449022274,3.079652920109382,39.81796524000095,0.024906719542261313,1.2657061252461862e-07,0.011180344764076488,MODEL_ONLY,DUPLICATE_OR_OLD,DUPLICATE_OR_OLD,-0.0010351752760335842,-0.0010351752071544595,14.165799097,False,
30.365799097,3.0707682447110183,3.0707682447373275,3.071809551465672,39.97175180179032,0.007790874383623397,1.1144116334719283e-07,0.00618034059898185,FUSED,ACCEPTED,ACCEPTED,-0.001041306754653526,-0.001041306728344349,14.165799097,True,0.0
30.415799097000004,3.0698172483475044,3.069817248359926,3.0704090071816483,40.12530726575652,0.020807118800460385,9.812019267711064e-08,0.0052786406086026295,FUSED,ACCEPTED,ACCEPTED,-0.0005917588341439739,-0.0005917588217223546,14.165799097,True,0.0
30.465799097,3.068245445088767,3.0682454451011885,3.068837203922911,40.27878842103412,0.020807118800460385,8.639152645058963e-08,0.010278640608602346,MODEL_ONLY,DUPLICATE_OR_OLD,DUPLICATE_OR_OLD,-0.0005917588341439739,-0.0005917588217223546,14.165799097,False,
30.515799097,3.066673641313695,3.0666736413261164,3.0672654001478388,40.43219098613588,0.020807118800460385,7.606483068193162e-08,0.015278640608602062,MODEL_ONLY,DUPLICATE_OR_OLD,DUPLICATE_OR_OLD,-0.0005917588341439739,-0.0005917588217223546,14.165799097,False,
30.565799097000003,3.0680900102563844,3.068090010262214,3.069344111687262,40.58560622393177,0.026709734123471243,6.697252270429507e-08,0.0066973418228165466,FUSED,ACCEPTED,ACCEPTED,-0.0012541014308777854,-0.0012541014250482263,14.165799097,True,2.579369660568598e-12
30.615799097,3.0656893757318353,3.065689375734522,3.0664918475975704,40.73900212291388,0.019612067029449495,5.896705162117502e-08,0.005391140499301023,FUSED,ACCEPTED,ACCEPTED,-0.0008024718657351215,-0.0008024718630483818,14.165799097,True,0.0
30.665799097000004,3.064057818160896,3.0640578181635827,3.064860290026631,40.892285926354496,0.019612067029449495,5.191850383547316e-08,0.010391140499301451,MODEL_ONLY,DUPLICATE_OR_OLD,DUPLICATE_OR_OLD,-0.0008024718657351215,-0.0008024718630483818,14.165799097,False,
30.715799097,3.0624262602796564,3.062426260282343,3.0632287321453915,41.045488151908785,0.019612067029449495,4.571249479847025e-08,0.015391140499301167,MODEL_ONLY,DUPLICATE_OR_OLD,DUPLICATE_OR_OLD,-0.0008024718657351215,-0.0008024718630483818,14.165799097,False,
30.765799097,3.063141296424937,3.063141296425821,3.064420113092327,41.19867937303972,0.027745423713540093,4.024831276575491e-08,0.006709567381905251,FUSED,ACCEPTED,ACCEPTED,-0.0012788166673902701,-0.0012788166665060885,14.165799097,True,0.0
30.815799097000003,3.061916405864141,3.0619164058650252,3.0631952225315313,41.351869756430325,0.027745423713540093,3.5437284436819026e-08,0.011709567381905678,MODEL_ONLY,DUPLICATE_OR_OLD,DUPLICATE_OR_OLD,-0.0012788166673902701,-0.0012788166665060885,14.165799097,False,
30.865799097,3.063264967106433,3.0632649671554346,3.0647915249012843,41.50506942511614,0.03253389409285536,3.1201335955740514e-08,0.0062560232230588,FUSED,ACCEPTED,ACCEPTED,-0.0015265577948513354,-0.0015265577458496438,14.165799097,True,7.779797964700685e-11
30.915799097000004,3.0612830415069054,3.061283041529958,3.062047193123952,41.658240393066784,0.025828634075574997,2.7471725920722244e-08,0.005295451131634221,FUSED,ACCEPTED,ACCEPTED,-0.0007641516170466822,-0.0007641515939940113,14.165799097,True,0.0
30.965799097,3.059962310901744,3.0599623109247966,3.0607264625187907,41.81130973445784,0.025828634075574997,2.418792984165298e-08,0.010295451131633937,MODEL_ONLY,DUPLICATE_OR_OLD,DUPLICATE_OR_OLD,-0.0007641516170466822,-0.0007641515939940113,14.165799097,False,
31.015799097,3.0567322863043245,3.056732286313438,3.057232855694836,41.96425871741317,0.021731498011837137,2.1296657942536192e-08,0.006046720041496185,FUSED,ACCEPTED,ACCEPTED,-0.0005005693905113517,-0.000500569381397753,14.165799097,True,0.0
31.065799097000003,3.055206698624129,3.0552066986332425,3.05570726801464,42.11708222050592,0.021731498011837137,1.875099036959943e-08,0.011046720041496611,MODEL_ONLY,DUPLICATE_OR_OLD,DUPLICATE_OR_OLD,-0.0005005693905113517,-0.000500569381397753,14.165799097,False,
31.115799097,3.055093575949292,3.055093575952791,3.055594897301341,42.26986477463881,0.028267826235853263,1.650961577114692e-08,0.006160745005870797,FUSED,ACCEPTED,ACCEPTED,-0.0005013213520488335,-0.0005013213485498547,14.165799097,True,0.0
31.165799097000004,3.053894804469556,3.053894804473055,3.054396125821605,42.4226145502169,0.028267826235853263,1.4536160892749742e-08,0.011160745005871223,MODEL_ONLY,DUPLICATE_OR_OLD,DUPLICATE_OR_OLD,-0.0005013213520488335,-0.0005013213485498547,14.165799097,False,
31.215799097,3.052696032902942,3.0526960329064408,3.0531973542549906,42.57530438721881,0.028267826235853263,1.2798600308384512e-08,0.01616074500587094,MODEL_ONLY,DUPLICATE_OR_OLD,DUPLICATE_OR_OLD,-0.0005013213520488335,-0.0005013213485498547,14.165799097,False,
31.265799097,3.056063374831806,3.0560633748500536,3.057306696337665,42.72806698848361,0.0386662100485073,1.1268736708568036e-08,0.006790834109352647,FUSED,ACCEPTED,ACCEPTED,-0.0012433215058589298,-0.0012433214876113041,14.165799097,True,2.5217516226236358e-11
31.315799097000003,3.0553845223119818,3.0553845223302294,3.0566278438178407,42.88091535198751,0.0386662100485073,9.921743311558648e-09,0.011790834109353074,MODEL_ONLY,DUPLICATE_OR_OLD,DUPLICATE_OR_OLD,-0.0012433215058589298,-0.0012433214876113041,14.165799097,False,
31.365799097,3.0542568154293677,3.0542568154361787,3.0550315704768063,43.033706837344866,0.032387021193806445,8.735760971823242e-09,0.006267380119938498,FUSED,ACCEPTED,ACCEPTED,-0.0007747550474386244,-0.0007747550406276282,14.165799097,True,0.0
31.415799097000004,3.0532640033552982,3.0532640033621092,3.054038758402737,43.18643359556687,0.032387021193806445,7.691543447604104e-09,0.011267380119938924,MODEL_ONLY,DUPLICATE_OR_OLD,DUPLICATE_OR_OLD,-0.0007747550474386244,-0.0007747550406276282,14.165799097,False,
31.465799097,3.051681059174448,3.0516810591819055,3.0526959207854056,43.339101962546565,0.03154195922282467,6.7721450709560154e-09,0.006192996806556527,FUSED,ACCEPTED,ACCEPTED,-0.0010148616109577624,-0.0010148616035001723,14.165799097,True,7.85523620976114e-12
31.515799097,3.050727869989721,3.05072786999324,3.0513877494673958,43.49170405430288,0.03257824966603574,5.962645751726168e-09,0.005281460148709875,FUSED,ACCEPTED,ACCEPTED,-0.000659879477674874,-0.0006598794741559111,14.165799097,True,0.0
31.565799097000003,3.049744619217181,3.0497446192207,3.050404498694856,43.64424886050695,0.03257824966603574,5.2499088528176615e-09,0.010281460148710302,MODEL_ONLY,DUPLICATE_OR_OLD,DUPLICATE_OR_OLD,-0.000659879477674874,-0.0006598794741559111,14.165799097,False,
31.615799097,3.0487613684132646,3.0487613684167836,3.0494212478909395,43.796744504171585,0.03257824966603574,4.6223680075098824e-09,0.015281460148710018,MODEL_ONLY,DUPLICATE_OR_OLD,DUPLICATE_OR_OLD,-0.000659879477674874,-0.0006598794741559111,14.165799097,False,
31.665799097000004,3.0485312221852356,3.048531222186398,3.0493628152569783,43.94921410575029,0.034417094299053874,4.069839419284978e-09,0.006697649336957136,FUSED,ACCEPTED,ACCEPTED,-0.0008315930717426312,-0.0008315930705804497,14.165799097,True,0.0
31.715799097,3.044843689892303,3.0448436898928386,3.045248084466679,44.10157937824338,0.024131266771810878,3.583356598145279e-09,0.005391205819255569,FUSED,ACCEPTED,ACCEPTED,-0.0004043945743759103,-0.0004043945738403387,14.165799097,True,0.0
31.765799097,3.043438089870308,3.0434380898708437,3.043842484444684,44.25380664246615,0.024131266771810878,3.1550248515031634e-09,0.010391205819255286,MODEL_ONLY,DUPLICATE_OR_OLD,DUPLICATE_OR_OLD,-0.0004043945743759103,-0.0004043945738403387,14.165799097,False,
31.815799097000003,3.0420324898294564,3.042032489829992,3.0424368844038323,44.40596362668738,0.024131266771810878,2.7778931683088963e-09,0.015391205819255713,MODEL_ONLY,DUPLICATE_OR_OLD,DUPLICATE_OR_OLD,-0.0004043945743759103,-0.0004043945738403387,14.165799097,False,
31.865799097,3.0409542412656614,3.0409542412658377,3.0420050118073325,44.55807467409265,0.029371760667370725,2.445841417338085e-09,0.006709574454046788,FUSED,ACCEPTED,ACCEPTED,-0.001050770541671131,-0.0010507705414948276,14.165799097,True,0.0
31.915799097000004,3.0375478138253027,3.037547813825384,3.038138821269232,44.71007826991958,0.02093224255080752,2.1534810290807634e-09,0.005393737440055743,FUSED,ACCEPTED,ACCEPTED,-0.000591007443929481,-0.0005910074438482127,14.165799097,True,0.0
31.965799097,3.0359822625293096,3.035982262529391,3.036573269973239,44.86194607220063,0.02093224255080752,1.89606754948896e-09,0.01039373744005546,MODEL_ONLY,DUPLICATE_OR_OLD,DUPLICATE_OR_OLD,-0.000591007443929481,-0.0005910074438482127,14.165799097,False,
32.015799097,3.0344167112219846,3.034416711222066,3.035007718665914,45.013735596916604,0.02093224255080752,1.6694236464946548e-09,0.015393737440055176,MODEL_ONLY,DUPLICATE_OR_OLD,DUPLICATE_OR_OLD,-0.000591007443929481,-0.0005910074438482127,14.165799097,False,
32.065799097,3.0338460832711656,3.0338460832736973,3.0354840284664797,45.16549789059493,0.027317489613914784,1.4698713198412275e-09,0.0067098485272755245,FUSED,ACCEPTED,ACCEPTED,-0.0016379451953141277,-0.0016379451927823752,14.165799097,True,3.7331561453246564e-12
32.115799097,3.03676186249967,3.0367618625008364,3.0376068043201028,45.31732516141459,0.039483951866892894,1.2941722141221322e-09,0.005393795591232953,FUSED,ACCEPTED,ACCEPTED,-0.0008449418204325987,-0.0008449418192664204,14.165799097,True,0.0
32.165799097000004,3.036123896631652,3.036123896632818,3.0369688384520845,45.469189552483904,0.039483951866892894,1.1394750664205552e-09,0.010393795591233379,MODEL_ONLY,DUPLICATE_OR_OLD,DUPLICATE_OR_OLD,-0.0008449418204325987,-0.0008449418192664204,14.165799097,False,
32.215799097,3.036781978210041,3.0367819782105,3.037228845604826,45.62104449458532,0.03674694448832316,1.0032694357256697e-09,0.006062030205735617,FUSED,ACCEPTED,ACCEPTED,-0.00044686739478505544,-0.0004468673943258672,14.165799097,True,0.0
32.265799097,3.0371061713854433,3.0371061713859024,3.0375530387802283,45.77291404169494,0.03674694448832316,0.02198018938646296,0.011062030205735334,MODEL_ONLY,DUPLICATE_OR_OLD,DUPLICATE_OR_OLD,-0.00044686739478505544,-0.0004468673943258672,14.165799097,False,
32.315799097,3.0383980053564286,3.0383980053568878,3.0388448727512136,45.92482398948324,0.03674694448832316,0.04133300529811405,0.01606203020573576,MODEL_ONLY,DUPLICATE_OR_OLD,DUPLICATE_OR_OLD,-0.00044686739478505544,-0.0004468673943258672,14.165799097,False,
32.365799097,3.040541814472441,3.0405418144729004,3.0409886818672263,46.07681982834869,0.03674694448832316,0.05837250819866807,0.021062030205735476,MODEL_ONLY,DUPLICATE_OR_OLD,DUPLICATE_OR_OLD,-0.00044686739478505544,-0.0004468673943258672,14.165799097,False,
32.415799097000004,3.0434357590220356,3.0434357590224947,3.0438826264168206,46.2289416110558,0.03674694448832316,0.07337521687029208,0.026062030205735904,MODEL_ONLY,DUPLICATE_OR_OLD,DUPLICATE_OR_OLD,-0.00044686739478505544,-0.0004468673943258672,14.165799097,False,
32.465799097,3.0474370399624853,3.0474370399624853,3.0474370399624853,46.38122460271528,0.03674694448832316,0.08658459679171222,0.03106203020573562,MODEL_ONLY,MISSING_OR_STALE,MISSING_OR_STALE,0.0,0.0,32.965799097,False,
32.515799097,3.0515729742246007,3.0515729742246007,3.0515729742246007,46.53369985306995,0.03674694448832316,0.09821501112072392,0.03606203020573534,MODEL_ONLY,MISSING_OR_STALE,MISSING_OR_STALE,0.0,0.0,33.015799097,False,
32.565799097,3.0572320965929793,3.0572320965929793,3.0572320965929793,46.6864199798404,0.03674694448832316,0.1286787732459742,0.04106203020573577,MODEL_ONLY,MISSING_OR_STALE,MISSING_OR_STALE,0.0,0.0,33.065799097,False,
32.615799097,3.064232334811021,3.064232334811021,3.064232334811021,46.839456590625495,0.03674694448832316,0.15550109023925893,0.04606203020573549,MODEL_ONLY,MISSING_OR_STALE,MISSING_OR_STALE,0.0,0.0,33.115799097,False,
32.665799097000004,3.0724133803862292,3.0724133803862292,3.0724133803862292,46.99287273350544,0.03674694448832316,0.1791172373825607,0.051062030205735916,MODEL_ONLY,MISSING_OR_STALE,MISSING_OR_STALE,0.0,0.0,33.165799097000004,False,
32.715799097,3.081634087087717,3.081634087087717,3.081634087087717,47.14672392019229,0.03674694448832316,0.1999104599081745,0.056062030205735636,MODEL_ONLY,MISSING_OR_STALE,MISSING_OR_STALE,0.0,0.0,33.215799097,False,
32.765799097,3.091770180410858,3.091770180410858,3.091770180410858,47.30105902687974,0.03674694448832316,0.21821819234125206,0.06106203020573535,MODEL_ONLY,MISSING_OR_STALE,MISSING_OR_STALE,0.0,0.0,33.265799097,False,
32.815799097,3.1027122408380134,3.1027122408380134,3.1027122408380134,47.45592108741098,0.03674694448832316,0.23433753442150576,0.06606203020573577,MODEL_ONLY,MISSING_OR_STALE,MISSING_OR_STALE,0.0,0.0,33.315799097,False,
32.865799097,3.114363928167488,3.114363928167488,3.114363928167488,47.61134799163611,0.03674694448832316,0.24853007246792755,0.07106203020573548,MODEL_ONLY,MISSING_OR_STALE,MISSING_OR_STALE,0.0,0.0,33.365799097,False,
32.915799097000004,3.126640418094975,3.126640418094975,3.126640418094975,47.76737310029268,0.03674694448832316,0.26102612442813367,0.0760620302057359,MODEL_ONLY,MISSING_OR_STALE,MISSING_OR_STALE,0.0,0.0,33.415799097000004,False,
32.965799097,3.1394670256761223,3.1394670256761223,3.1394670256761223,47.92402578638695,0.03674694448832316,0.2720284775013738,0.08106203020573562,MODEL_ONLY,MISSING_OR_STALE,MISSING_OR_STALE,0.0,0.0,33.465799097,False,
33.015799097,3.15277799333169,3.15277799333169,3.15277799333169,48.08133191186214,0.03674694448832316,0.2817156789897917,0.08606203020573533,MODEL_ONLY,MISSING_OR_STALE,MISSING_OR_STALE,0.0,0.0,33.515799097,False,
33.065799097,3.1665154237268784,3.1665154237268784,3.1665154237268784,48.23931424728861,0.03674694448832316,0.29024493378215604,0.09106203020573575,MODEL_ONLY,MISSING_OR_STALE,MISSING_OR_STALE,0.0,0.0,33.565799097,False,
33.115799097,3.180628340207494,3.180628340207494,3.180628340207494,48.39799284138696,0.03674694448832316,0.2977546554907452,0.09606203020573546,MODEL_ONLY,MISSING_OR_STALE,MISSING_OR_STALE,0.0,0.0,33.615799097,False,
33.165799097000004,3.1950718595456498,3.1950718595456498,3.1950718595456498,48.5573853463808,0.03674694448832316,0.30436671264150106,0.10106203020573588,MODEL_ONLY,MISSING_OR_STALE,MISSING_OR_STALE,0.0,0.0,33.665799097000004,False,
33.215799097,3.2098064635701693,3.2098064635701693,3.2098064635701693,48.717507304458685,0.03674694448832316,0.310188406368826,0.1060620302057356,MODEL_ONLY,MISSING_OR_STALE,MISSING_OR_STALE,0.0,0.0,33.715799097,False,
33.265799097,3.224797357861712,3.224797357861712,3.224797357861712,48.878372399994475,0.03674694448832316,0.3153142117092873,0.11106203020573531,MODEL_ONLY,MISSING_OR_STALE,MISSING_OR_STALE,0.0,0.0,33.765799097,False,
33.315799097,3.2400139071053973,3.2400139071053973,3.2400139071053973,49.03999268161866,0.03674694448832316,0.3198273107520942,0.11606203020573573,MODEL_ONLY,MISSING_OR_STALE,MISSING_OR_STALE,0.0,0.0,33.815799097,False,
33.365799097,3.0821316604263163,3.0821316604263163,3.0821316604263163,49.198046320806945,0.03674694448832316,0.323800942526481,0.009237002510620167,FUSED,ACCEPTED,ACCEPTED,0.0,0.0,33.815799097,False,
33.415799097000004,3.0919026617430694,3.0919026617430694,3.0919026617430694,49.352397178861196,0.01649601971461388,0.32729959153210986,0.005874077252078501,FUSED,ACCEPTED,ACCEPTED,0.0,0.0,33.815799097,False,
33.465799097,3.106634300920466,3.106634300920466,3.106634300920466,49.507360602927776,0.01649601971461388,0.3303800342000703,0.010874077252078219,MODEL_ONLY,DUPLICATE_OR_OLD,DUPLICATE_OR_OLD,0.0,0.0,33.815799097,False,
33.515799097,3.1215015514011872,3.1215015514011872,3.1215015514011872,49.66306399923581,0.01649601971461388,0.3330922602665679,0.015874077252077935,MODEL_ONLY,DUPLICATE_OR_OLD,DUPLICATE_OR_OLD,0.0,0.0,33.815799097,False,
33.565799097,3.1274579289993447,3.1274579289993447,3.1274579289993447,49.81928798624584,0.01535636825838989,0.33548028401143465,0.006761036801730868,FUSED,ACCEPTED,ACCEPTED,0.0,0.0,33.815799097,False,
33.615799097,3.142492726820243,3.142492726820243,3.142492726820243,49.97603675264132,0.01535636825838989,0.3375828585263274,0.011761036801730584,MODEL_ONLY,DUPLICATE_OR_OLD,DUPLICATE_OR_OLD,0.0,0.0,33.815799097,False,
33.665799097000004,3.155260215382242,3.155260215382242,3.155260215382242,50.1334805761964,0.030436151584308496,0.3192105307591218,0.0062632240020860635,FUSED,ACCEPTED,ACCEPTED,0.0,0.0,33.815799097,False,
33.715799097,3.169321575176208,3.169321575176208,3.169321575176208,50.29159512096035,0.030436151584308496,0.3030343146617652,0.01126322400208578,MODEL_ONLY,DUPLICATE_OR_OLD,DUPLICATE_OR_OLD,0.0,0.0,33.815799097,False,
33.765799097,3.18418721306078,3.18418721306078,3.18418721306078,50.45043284066627,0.0345221687837299,0.2887917009579375,0.0061923943537145615,FUSED,ACCEPTED,ACCEPTED,0.0,0.0,33.815799097,False,
33.815799097,3.1971137359349893,3.1971137359349893,3.1971137359349893,50.60996536439117,0.0345221687837299,0.2762515590671749,0.01119239435371499,MODEL_ONLY,DUPLICATE_OR_OLD,DUPLICATE_OR_OLD,0.0,0.0,33.815799097,False,
33.865799097,3.2255379099579202,3.2255379099579202,3.2183159948689855,50.77035110766126,0.05709373339302878,0.2652103862943607,0.00618209780100468,FUSED,ACCEPTED,ACCEPTED,0.007221915088934772,0.007221915088934772,33.815799097,True,0.0
33.915799097000004,3.238554883377602,3.238554883377602,3.231332968288667,50.93159233174022,0.05709373339302878,0.255489005367326,0.011182097801005108,MODEL_ONLY,DUPLICATE_OR_OLD,DUPLICATE_OR_OLD,0.007221915088934772,0.007221915088934772,33.815799097,False,
33.965799097,3.251143889365411,3.251143889365411,3.243921974276476,51.09347370530434,0.05709373339302878,0.24692965672990766,0.016182097801004824,MODEL_ONLY,DUPLICATE_OR_OLD,DUPLICATE_OR_OLD,0.007221915088934772,0.007221915088934772,33.815799097,False,
34.015799097,3.2633560844369174,3.2633560844369174,3.2561341693479826,51.255975108894944,0.05709373339302878,0.2393934384038521,0.02118209780100454,MODEL_ONLY,DUPLICATE_OR_OLD,DUPLICATE_OR_OLD,0.007221915088934772,0.007221915088934772,33.815799097,False,
34.065799097,3.2826299566312063,3.2826299566312063,3.2721639974356225,51.419182563064545,0.06196374345729624,0.23275805187342172,0.007236202263617163,FUSED,ACCEPTED,ACCEPTED,0.010465959195583796,0.010465959195583796,33.815799097,True,0.0
34.115799097,3.293362761731211,3.293362761731211,3.2828968025356273,51.583059083063816,0.06196374345729624,0.20493562890955544,0.01223620226361688,MODEL_ONLY,DUPLICATE_OR_OLD,DUPLICATE_OR_OLD,0.010465959195583796,0.010465959195583796,33.815799097,False,
34.165799097000004,3.3045176600149664,3.3045355527624123,3.294519061240639,51.747494479658236,0.06803074501323197,0.1804389221275744,0.006328416163453814,FUSED,ACCEPTED,ACCEPTED,0.009998598774327405,0.010016491521773307,33.815799097,True,2.8273658027051785e-05
34.215799097,3.3212886584945,3.321297047653502,3.315551067324667,51.91274623287236,0.09543707125582976,0.15887039648401208,0.0053114193180761795,FUSED,ACCEPTED,ACCEPTED,0.005737591169832967,0.00574598032883511,33.815799097,True,0.0
34.265799097,3.330442350326756,3.3304507394857583,3.324704759156923,52.07875262853439,0.09543707125582976,0.1398800357560443,0.010311419318075896,MODEL_ONLY,DUPLICATE_OR_OLD,DUPLICATE_OR_OLD,0.005737591169832967,0.00574598032883511,33.815799097,False,
34.315799097,3.3387600234933474,3.3387684126523496,3.3330224323235145,52.24519580832141,0.09543707125582976,0.12315966244271911,0.015311419318076322,MODEL_ONLY,DUPLICATE_OR_OLD,DUPLICATE_OR_OLD,0.005737591169832967,0.00574598032883511,33.815799097,False,
34.365799097,3.302178669283496,3.3022095517296193,3.2949158541338157,52.41089426548284,-0.03119668294350203,0.1084379366292045,0.006700913310899779,FUSED,ACCEPTED,ACCEPTED,0.00726281514968008,0.007293697595803561,33.815799097,True,4.195665357746396e-05
34.415799097000004,3.3202867944046455,3.320301025347685,3.316840280516888,52.57618816884912,0.08180624819842056,0.0954759526551001,0.005391899015154779,FUSED,ACCEPTED,ACCEPTED,0.0034465138877575185,0.003460744830797058,33.815799097,True,0.0
34.465799097,3.3259681114026867,3.325982342345726,3.322521597514929,52.742172215799904,0.08180624819842056,0.08406336212915408,0.010391899015154495,MODEL_ONLY,DUPLICATE_OR_OLD,DUPLICATE_OR_OLD,0.0034465138877575185,0.003460744830797058,33.815799097,False,
34.515799097,3.306608227681732,3.306613832202698,3.3042854728162436,52.90784239255817,-0.020334999430067863,0.07401496037421118,0.006061736070219927,FUSED,ACCEPTED,ACCEPTED,0.0023227548654882746,0.0023283593864542595,33.815799097,True,0.0
34.565799097,3.3062376982372377,3.3062433027582037,3.3039149433717494,53.073047402962885,-0.020334999430067863,0.06516768090692447,0.011061736070220353,MODEL_ONLY,DUPLICATE_OR_OLD,DUPLICATE_OR_OLD,0.0023227548654882746,0.0023283593864542595,33.815799097,False,
34.615799097,3.3054776822063134,3.3054832867272794,3.303154927340825,53.23822414973069,-0.020334999430067863,0.05737794917831929,0.01606173607022007,MODEL_ONLY,DUPLICATE_OR_OLD,DUPLICATE_OR_OLD,0.0023227548654882746,0.0023283593864542595,33.815799097,False,
34.665799097000004,3.3087216421848518,3.308723446501569,3.3086233978841713,53.40351860786133,0.0246744822390541,0.0505193526314347,0.006780604929037693,FUSED,ACCEPTED,ACCEPTED,9.82443006805056e-05,0.0001000486173978743,33.815799097,True,0.0
34.715799097,3.300353546930456,3.3003543753356923,3.3002402448584798,53.56874019892989,-0.013529039052106284,0.044480589265530335,0.005408759291773285,FUSED,ACCEPTED,ACCEPTED,0.00011330207197612907,0.00011413047721253733,33.815799097,True,0.0
34.765799097,3.2990231145303093,3.2990239429355457,3.298909812458333,53.7337189503628,-0.013529039052106284,0.03916366141591677,0.010408759291773002,MODEL_ONLY,DUPLICATE_OR_OLD,DUPLICATE_OR_OLD,0.00011330207197612907,0.00011413047721253733,33.815799097,False,
34.815799097,3.3002487532969753,3.300249079328336,3.300421884313058,53.8987022427821,0.01015574318896785,0.03448228543791197,0.006064349350880077,FUSED,ACCEPTED,ACCEPTED,-0.00017313101608262826,-0.00017280498472205252,33.815799097,True,0.0
34.865799097,3.2996624015124416,3.299662727543802,3.2998355325285242,54.06370867820313,0.01015574318896785,0.03036049148710127,0.011064349350879793,MODEL_ONLY,DUPLICATE_OR_OLD,DUPLICATE_OR_OLD,-0.00017313101608262826,-0.00017280498472205252,33.815799097,False,
34.915799097000004,3.2988945946872024,3.298894920718563,3.299067725703285,54.228681259658934,0.01015574318896785,0.026731390672988638,0.01606434935088022,MODEL_ONLY,DUPLICATE_OR_OLD,DUPLICATE_OR_OLD,-0.00017313101608262826,-0.00017280498472205252,33.815799097,False,
34.965799097,3.2926520447918537,3.292654595689392,3.293350953567489,54.3934917266407,-0.006524282799671707,0.02353608957929889,0.00678087575984696,FUSED,ACCEPTED,ACCEPTED,-0.0006989087756354984,-0.0006963578780974089,33.815799097,True,3.6071210845697605e-06
35.015799097,3.290749803860315,3.290752354757853,3.2914487126359506,54.55811171829578,-0.006524282799671707,0.02072273453563832,0.011780875759846677,MODEL_ONLY,DUPLICATE_OR_OLD,DUPLICATE_OR_OLD,-0.0006989087756354984,-0.0006963578780974089,33.815799097,False,
35.065799097,3.2891607724067744,3.289173428477863,3.2908827511474747,54.722670004890375,0.00162505966092499,0.01824567013087149,0.006265992161842175,FUSED,ACCEPTED,ACCEPTED,-0.0017219787407003473,-0.001709322669611879,33.815799097,True,1.8677910290908987e-05
35.115799097,3.2874330967871077,3.287445752858196,3.289155075527808,54.88717095055725,0.00162505966092499,0.016064698312477206,0.011265992161841891,MODEL_ONLY,DUPLICATE_OR_OLD,DUPLICATE_OR_OLD,-0.0017219787407003473,-0.001709322669611879,33.815799097,False,
35.165799097000004,3.2853058910087243,3.2853107094336327,3.2867651629712524,55.05156895651974,4.9994412669295473e-05,0.014144426048470745,0.006192795635366325,FUSED,ACCEPTED,ACCEPTED,-0.0014592719625281525,-0.0014544535376197487,33.815799097,True,0.0
35.215799097,3.2833189117593053,3.2833237301842138,3.2847781837218335,55.21585754018705,4.9994412669295473e-05,0.012453690965691778,0.011192795635366041,MODEL_ONLY,DUPLICATE_OR_OLD,DUPLICATE_OR_OLD,-0.0014592719625281525,-0.0014544535376197487,33.815799097,False,
35.265799097,3.2751987408349907,3.27520572139997,3.277172645221039,55.37990631091061,-0.01726813497794165,0.010965055643648502,0.006182156292435655,FUSED,ACCEPTED,ACCEPTED,-0.0019739043860482752,-0.001966923821068889,33.815799097,True,8.315813147362437e-06
35.315799097,3.2729817932855467,3.2729850887786416,3.273953400097893,55.5436844620436,-0.0059916281722814276,0.00965436235727462,0.005279045314394696,FUSED,ACCEPTED,ACCEPTED,-0.0009716068123464261,-0.0009683113192515691,33.815799097,True,0.0
35.365799097,3.2704950654107416,3.2704983609038365,3.271466672223088,55.70731996385162,-0.0059916281722814276,0.008500341042915976,0.010279045314394412,MODEL_ONLY,DUPLICATE_OR_OLD,DUPLICATE_OR_OLD,-0.0009716068123464261,-0.0009683113192515691,33.815799097,False,
35.415799097000004,3.2705122869785797,3.270513590624763,3.2714376185814387,55.87089257112174,0.0005874741919199454,0.007484264125577946,0.006044154407086876,FUSED,ACCEPTED,ACCEPTED,-0.0009253316028590142,-0.000924027956675566,33.815799097,True,0.0
35.465799097,3.2682589793001355,3.268260282946319,3.2691843109029946,56.034408119358844,0.0005874741919199454,0.006589642605939347,0.011044154407086592,MODEL_ONLY,DUPLICATE_OR_OLD,DUPLICATE_OR_OLD,-0.0009253316028590142,-0.000924027956675566,33.815799097,False,
35.515799097,3.2624632778228397,3.262463778375157,3.2633167850613387,56.19772064675794,-0.012836263707836502,0.005801958475197171,0.006160366797211463,FUSED,ACCEPTED,ACCEPTED,-0.0008535072384989739,-0.000853006686181601,33.815799097,True,0.0
35.565799097,3.259464722574878,3.2594652231271954,3.260318229813377,56.36081152212982,-0.012836263707836502,0.005108429115347006,0.01116036679721189,MODEL_ONLY,DUPLICATE_OR_OLD,DUPLICATE_OR_OLD,-0.0008535072384989739,-0.000853006686181601,33.815799097,False,
35.615799097,3.25681417206241,3.256814363402356,3.257578339035893,56.523758936351044,-0.007273509921094801,0.004497799861561165,0.006177423628071651,FUSED,ACCEPTED,ACCEPTED,-0.0007641669734828049,-0.0007639756335366954,33.815799097,True,0.0
35.665799097000004,3.254036341116035,3.2540365324559812,3.254800508089518,56.686568407529194,-0.007273509921094801,0.00396016136034513,0.011177423628072078,MODEL_ONLY,DUPLICATE_OR_OLD,DUPLICATE_OR_OLD,-0.0007641669734828049,-0.0007639756335366954,33.815799097,False,
35.715799097,3.2576034283386126,3.2576035014321105,3.258440134836341,56.84939942360233,0.010999723770917843,0.0034867887595441877,0.006179914363583002,FUSED,ACCEPTED,ACCEPTED,-0.0008367064977283789,-0.000836633404230458,33.815799097,True,0.0
35.765799097,3.2556947510148495,3.2556948241083474,3.256531457512578,57.01227371341104,0.010999723770917843,0.003070000120556741,0.011179914363582719,MODEL_ONLY,DUPLICATE_OR_OLD,DUPLICATE_OR_OLD,-0.0008367064977283789,-0.000836633404230458,33.815799097,False,
35.815799097,3.253767725272811,3.253767798366309,3.2546044317705394,57.17505211064313,0.010999723770917843,0.0027030317550554195,0.016179914363583146,MODEL_ONLY,DUPLICATE_OR_OLD,DUPLICATE_OR_OLD,-0.0008367064977283789,-0.000836633404230458,33.815799097,False,
35.865799097,3.254727637412453,3.2547298026728426,3.2565735734879317,57.33783156077458,0.011211732335575939,0.0023799284631666755,0.006792807099021517,FUSED,ACCEPTED,ACCEPTED,-0.0018459360754787824,-0.0018437708150891297,33.815799097,True,3.1530674483499534e-06
35.915799097000004,3.253864790664775,3.2538657842313126,3.254876032757165,57.500617800930726,0.0123638197224814,0.002095446891882579,0.00541133000693206,FUSED,ACCEPTED,ACCEPTED,-0.0010112420923897858,-0.0010102485258522975,33.815799097,True,0.0
35.965799097,3.251963066654832,3.2519640602213693,3.2529743087472216,57.66331405946833,0.0123638197224814,0.0018449704453965044,0.010411330006931776,MODEL_ONLY,DUPLICATE_OR_OLD,DUPLICATE_OR_OLD,-0.0010112420923897858,-0.0010102485258522975,33.815799097,False,
36.015799097,3.250050315840945,3.2500513094074823,3.2510615579333346,57.82591495613533,0.0123638197224814,0.001624434366517612,0.015411330006931493,MODEL_ONLY,DUPLICATE_OR_OLD,DUPLICATE_OR_OLD,-0.0010112420923897858,-0.0010102485258522975,33.815799097,False,
36.065799097,3.2489693390079384,3.248971203978336,3.2508967640982207,57.988463914186134,0.013021156849356029,0.0014302597733788214,0.006711751837975974,FUSED,ACCEPTED,ACCEPTED,-0.0019274250902823198,-0.0019255601198846506,33.815799097,True,2.29189204316348e-06
36.115799097,3.2486368122866676,3.2486376712548486,3.249766964514184,58.150980507401435,0.01748067766028148,0.001259295580978769,0.005394199383529636,FUSED,ACCEPTED,ACCEPTED,-0.0011301522275162235,-0.0011292932593351956,33.815799097,True,0.0
36.165799097000004,3.246954121019597,3.246954979987778,3.2480842732471134,58.31342678834548,0.01748067766028148,0.0011087673650544611,0.010394199383530062,MODEL_ONLY,DUPLICATE_OR_OLD,DUPLICATE_OR_OLD,-0.0011301522275162235,-0.0011292932593351956,33.815799097,False,
36.215799097,3.2452648030011964,3.2452656619693774,3.2463949552287126,58.47578876905737,0.01748067766028148,0.000976232338442996,0.015394199383529778,MODEL_ONLY,DUPLICATE_OR_OLD,DUPLICATE_OR_OLD,-0.0011301522275162235,-0.0011292932593351956,33.815799097,False,
36.265799097,3.2442139470950866,3.244214689400092,3.245856765634677,58.63809506207894,0.01674835033050735,0.0008595397092834427,0.006709898532343326,FUSED,ACCEPTED,ACCEPTED,-0.0016428185395902517,-0.0016420762345847884,33.815799097,True,6.851009087917911e-07
36.315799097,3.242477040882162,3.2424777831871676,3.2441198594217524,58.800344477705366,0.01674835033050735,0.0007567957777483441,0.011709898532343752,MODEL_ONLY,DUPLICATE_OR_OLD,DUPLICATE_OR_OLD,-0.0016428185395902517,-0.0016420762345847884,33.815799097,False,
36.365799097,3.2419556759712136,3.241955953885038,3.2436579034771493,58.96253892177783,0.019795112462193853,0.0006663332048907866,0.006256069641039322,FUSED,ACCEPTED,ACCEPTED,-0.0017022275059357383,-0.0017019495921113403,33.815799097,True,0.0
36.415799097000004,3.232834106057645,3.232834236803276,3.2338021694740062,59.12447542360162,-0.007834329957877736,0.0005866839548986774,0.005295461405201322,FUSED,ACCEPTED,ACCEPTED,-0.0009680634163613533,-0.0009679326707301428,33.815799097,True,0.0
36.465799097,3.229856053814997,3.2298561845606284,3.2308241172313585,59.286091080769246,-0.007834329957877736,0.0005165554716607202,0.010295461405201038,MODEL_ONLY,DUPLICATE_OR_OLD,DUPLICATE_OR_OLD,-0.0009680634163613533,-0.0009679326707301428,33.815799097,False,
36.515799097,3.215912772412186,3.2159128240995734,3.2169428577238324,59.447285255143115,-0.028226524583893534,0.00045480970303459476,0.006046721647091998,FUSED,ACCEPTED,ACCEPTED,-0.0010300853116462783,-0.0010300336242590191,33.815799097,True,0.0
36.565799097,3.2119093048962752,3.2119093565836625,3.2129393902079215,59.608032311341425,-0.028226524583893534,0.00040044463242134686,0.011046721647092424,MODEL_ONLY,DUPLICATE_OR_OLD,DUPLICATE_OR_OLD,-0.0010300853116462783,-0.0010300336242590191,33.815799097,False,
36.615799097,3.211643241940047,3.211643261784152,3.2123338092455005,59.768664141327754,-0.003843342942537093,0.0003525780179383577,0.00616074524253366,FUSED,ACCEPTED,ACCEPTED,-0.0006905673054533601,-0.0006905474613483342,33.815799097,True,0.0
36.665799097000004,3.2088544329283484,3.2088544527724534,3.2095450002338017,59.92921111156475,-0.003843342942537093,0.0003104330753084952,0.011160745242534086,MODEL_ONLY,DUPLICATE_OR_OLD,DUPLICATE_OR_OLD,-0.0006905673054533601,-0.0006905474613483342,33.815799097,False,
36.715799097,3.2139692714271564,3.2139692790126073,3.214785280873815,60.08981936859243,0.015052273646744694,0.000273325872126095,0.006177478926043222,FUSED,ACCEPTED,ACCEPTED,-0.0008160094466584944,-0.0008160018612075604,33.815799097,True,0.0
36.765799097,3.2121217543026033,3.212121761888054,3.2129377637492618,60.250512444708,0.015052273646744694,0.00024065422893243502,0.011177478926042938,MODEL_ONLY,DUPLICATE_OR_OLD,DUPLICATE_OR_OLD,-0.0008160094466584944,-0.0008160018612075604,33.815799097,False,
36.815799097,3.192865090306937,3.192865093204638,3.193406128896307,60.410671042024155,-0.04507127858049656,0.00021188794698639353,0.006179922433228958,FUSED,ACCEPTED,ACCEPTED,-0.0005410385893700465,-0.0005410356916688563,33.815799097,True,0.0
36.865799097,3.1891077002949384,3.1891077031926396,3.1896487388843084,60.57024741371866,-0.04507127858049656,0.02216674870726348,0.011179922433228674,MODEL_ONLY,DUPLICATE_OR_OLD,DUPLICATE_OR_OLD,-0.0005410385893700465,-0.0005410356916688563,33.815799097,False,
36.915799097000004,3.186316836072556,3.186316838970257,3.186857874661926,60.72966007905733,-0.04507127858049656,0.041497264499587294,0.0161799224332291,MODEL_ONLY,DUPLICATE_OR_OLD,DUPLICATE_OR_OLD,-0.0005410385893700465,-0.0005410356916688563,33.815799097,False,
36.965799097,3.170203763639883,3.1700872896558665,3.1719605109334967,60.88863053869721,-0.06819274073916039,0.05851713289580382,0.00679280792907205,FUSED,ACCEPTED,ACCEPTED,-0.0017567472936135253,-0.0018732212776302326,33.815799097,True,-0.00017146799170743776
37.015799097,3.1673716820463684,3.167318235980861,3.1686372431121432,61.04714548254834,-0.05671385937381146,0.07350255404734933,0.005411330181706449,FUSED,ACCEPTED,ACCEPTED,-0.0012655610657748007,-0.0013190071312823015,33.815799097,True,0.0
37.065799097,3.1662586612038073,3.1662052151382998,3.167524222269582,61.205549519182895,-0.05671385937381146,0.08669671288932587,0.010411330181706875,MODEL_ONLY,DUPLICATE_OR_OLD,DUPLICATE_OR_OLD,-0.0012655610657748007,-0.0013190071312823015,33.815799097,False,
37.115799097,3.166079608173808,3.166058575797649,3.166681705127204,61.363904667367805,-0.0571544013564708,0.09831372557030107,0.006064747524630208,FUSED,ACCEPTED,ACCEPTED,-0.0006020969533957476,-0.0006231293295546614,33.815799097,True,0.0
37.165799097000004,3.166036830295193,3.166015797919034,3.166638927248589,61.52223768317722,-0.0571544013564708,0.10854211415090727,0.011064747524630634,MODEL_ONLY,DUPLICATE_OR_OLD,DUPLICATE_OR_OLD,-0.0006020969533957476,-0.0006231293295546614,33.815799097,False,
37.215799097,3.169375287006338,3.169367217725736,3.16954527174835,61.68064228815213,-0.05034132811887434,0.11754786595895841,0.0061634003972030355,FUSED,ACCEPTED,ACCEPTED,-0.0001699847420120193,-0.00017805402261394931,33.815799097,True,0.0
37.265799097,3.17051991344449,3.170511844163888,3.170689898186502,61.83914816740049,-0.05034132811887434,0.12547712724866023,0.011163400397202752,MODEL_ONLY,DUPLICATE_OR_OLD,DUPLICATE_OR_OLD,-0.0001699847420120193,-0.00017805402261394931,33.815799097,False,
37.315799097,3.154739298231522,3.1547362140450326,3.1546533963635306,61.997281749764255,-0.10523437684639173,0.13245857487684862,0.006177866849039629,FUSED,ACCEPTED,ACCEPTED,8.59018679912893e-05,8.281768150197877e-05,33.815799097,True,0.0
37.365799097,3.1537956910950693,3.15379260690858,3.153709789227078,62.154990829404014,-0.10523437684639173,0.13860550448407769,0.011177866849039346,MODEL_ONLY,DUPLICATE_OR_OLD,DUPLICATE_OR_OLD,8.59018679912893e-05,8.281768150197877e-05,33.815799097,False,
37.415799097000004,3.1480593727889796,3.148058194623277,3.148144728701998,62.31253719235225,-0.10053419370199952,0.14401766906777802,0.006179979041964297,FUSED,ACCEPTED,ACCEPTED,-8.535591301850332e-05,-8.653407872127872e-05,33.815799097,True,0.0
37.465799097,3.1478596444747433,3.1478584663090405,3.147945000387762,62.469939435579484,-0.10053419370199952,0.1487828977840145,0.011179979041964013,MODEL_ONLY,DUPLICATE_OR_OLD,DUPLICATE_OR_OLD,-8.535591301850332e-05,-8.653407872127872e-05,33.815799097,False,
37.515799097,3.1478696973337037,3.147868519168001,3.147955053246722,62.62733693692034,-0.10053419370199952,0.15297852124794892,0.016179979041963728,MODEL_ONLY,DUPLICATE_OR_OLD,DUPLICATE_OR_OLD,-8.535591301850332e-05,-8.653407872127872e-05,33.815799097,False,
37.565799097,3.136285703060484,3.136254634731112,3.1361484218839237,62.78443952379862,-0.12773781408294993,0.15667262646290747,0.006792813751881836,FUSED,ACCEPTED,ACCEPTED,0.00013728117656031102,0.00010621284718848045,33.815799097,True,-4.5180790772610016e-05
37.615799097,3.137950580494123,3.1379363242674025,3.138020614772695,62.94129374971502,-0.10601839057162332,0.1599251617431786,0.005411331407750587,FUSED,ACCEPTED,ACCEPTED,-7.00342785719954e-05,-8.42905052924614e-05,33.815799097,True,0.0
37.665799097000004,3.138176942925272,3.1381626866985517,3.138246977203844,63.09820043951445,-0.10601839057162332,0.16278890956134415,0.010411331407751013,MODEL_ONLY,DUPLICATE_OR_OLD,DUPLICATE_OR_OLD,-7.00342785719954e-05,-8.42905052924614e-05,33.815799097,False,
37.715799097,3.1336735704613714,3.133667960276493,3.1336571497905754,63.2549980426893,-0.1254262316295774,0.16531034310759668,0.006064747714497993,FUSED,ACCEPTED,ACCEPTED,1.64206707959913e-05,1.0810485917556178e-05,33.815799097,True,0.0
37.765799097,3.133166614384625,3.1331610041997466,3.133150193713829,63.4116682262769,-0.1254262316295774,0.16753038046138896,0.01106474771449771,MODEL_ONLY,DUPLICATE_OR_OLD,DUPLICATE_OR_OLD,1.64206707959913e-05,1.0810485917556178e-05,33.815799097,False,
37.815799097,3.1316996302641242,3.131697477860832,3.131745375110141,63.56829061549752,-0.12271872793635598,0.16948504861417796,0.006163400425150617,FUSED,ACCEPTED,ACCEPTED,-4.57448460169374e-05,-4.7897249308981316e-05,33.815799097,True,0.0
37.865799097,3.1315118337549244,3.1315096813516323,3.1315575786009413,63.724873189340286,-0.12271872793635598,0.1712060681190975,0.011163400425150334,MODEL_ONLY,DUPLICATE_OR_OLD,DUPLICATE_OR_OLD,-4.57448460169374e-05,-4.7897249308981316e-05,33.815799097,False,
37.915799097000004,3.1313998022325356,3.1313976498292435,3.1314455470785525,63.881448267482284,-0.12271872793635598,0.1727213678553152,0.01616340042515076,MODEL_ONLY,DUPLICATE_OR_OLD,DUPLICATE_OR_OLD,-4.57448460169374e-05,-4.7897249308981316e-05,33.815799097,False,
37.965799097,3.134327735765093,3.134325046074137,3.134374552295305,64.03809376996662,-0.11417140914664933,0.17405553826071576,0.0067911075609292364,FUSED,ACCEPTED,ACCEPTED,-4.681653021165744e-05,-4.950622116783876e-05,33.815799097,True,-2.943566823736184e-06
38.015799097,3.134768513308825,3.134765823617869,3.1348153298390367,64.19482351701997,-0.11417140914664933,0.17523023038802388,0.011791107560928953,MODEL_ONLY,DUPLICATE_OR_OLD,DUPLICATE_OR_OLD,-4.681653021165744e-05,-4.950622116783876e-05,33.815799097,False,
38.065799097,3.146870159285244,3.1468572482992516,3.1464655735671574,64.35185553960514,-0.08378073821409909,0.17626450726028411,0.006267418218057014,FUSED,ACCEPTED,ACCEPTED,0.00040458571808654753,0.0003916747320942271,33.815799097,True,-1.8998312274993946e-05
38.115799097,3.158829654448664,3.158823583666654,3.1583692189477826,64.509476409418,-0.0664138574836829,0.17717515322753294,0.005297971809521443,FUSED,ACCEPTED,ACCEPTED,0.0004604355008814842,0.00045436471887150276,33.815799097,True,0.0
38.165799097000004,3.16179564537339,3.16178957459138,3.1613352098725085,64.66746902013853,-0.0664138574836829,0.1779769463449354,0.01029797180952187,MODEL_ONLY,DUPLICATE_OR_OLD,DUPLICATE_OR_OLD,0.0004604355008814842,0.00045436471887150276,33.815799097,False,
38.215799097,3.174408057485763,3.1744056577748077,3.174065659864188,64.82585404188194,-0.05411659835641893,0.17868289819256283,0.006047113944432405,FUSED,ACCEPTED,ACCEPTED,0.0003423976215750635,0.00033999791061978257,33.815799097,True,0.0
38.265799097,3.1780552873010364,3.178052887590081,3.1777128896794613,64.98464850562053,-0.05411659835641893,0.17930446502863545,0.011047113944432122,MODEL_ONLY,DUPLICATE_OR_OLD,DUPLICATE_OR_OLD,0.0003423976215750635,0.00033999791061978257,33.815799097,False,
38.315799097,3.1817298805500207,3.1817274808390654,3.1813874829284456,65.14362601493573,-0.05411659835641893,0.1798517337028429,0.016047113944432548,MODEL_ONLY,DUPLICATE_OR_OLD,DUPLICATE_OR_OLD,0.0003423976215750635,0.00033999791061978257,33.815799097,False,
38.365799097,3.185428566381201,3.1854261666702457,3.185086168759626,65.30278785622792,-0.05411659835641893,0.18033358534676447,0.021047113944432264,MODEL_ONLY,DUPLICATE_OR_OLD,DUPLICATE_OR_OLD,0.0003423976215750635,0.00033999791061978257,33.815799097,False,
38.415799097000004,3.189148464919932,3.189146065208977,3.188806067298357,65.46213516212939,-0.05411659835641893,0.18075783949777396,0.026047113944432692,MODEL_ONLY,DUPLICATE_OR_OLD,DUPLICATE_OR_OLD,0.0003423976215750635,0.00033999791061978257,33.815799097,False,
38.465799097,3.2072096996249435,3.2072091150013917,3.205062961762059,65.62198188785588,-0.03405658751580051,0.18113138099528525,0.007563775125935161,FUSED,ACCEPTED,ACCEPTED,0.0021467378628843292,0.0021461532393325378,33.815799097,True,0.0
38.515799097,3.221259580999491,3.2212593219012025,3.219433868247048,65.7825943086061,-0.012909874528684352,0.1814602717086253,0.005568117505077435,FUSED,ACCEPTED,ACCEPTED,0.0018257127524430317,0.0018254536541544297,33.815799097,True,0.0
38.565799097,3.2270894162002035,3.227089157101915,3.2252637034477605,65.94371174789848,-0.012909874528684352,0.1817498489096646,0.010568117505077862,MODEL_ONLY,DUPLICATE_OR_OLD,DUPLICATE_OR_OLD,0.0018257127524430317,0.0018254536541544297,33.815799097,False,
38.615799097,3.2391969330829626,3.239196831746488,3.2375906647977954,66.10528310710461,-0.008354420699768245,0.18200481188660653,0.006088879051023567,FUSED,ACCEPTED,ACCEPTED,0.0016062682851671894,0.0016061669486924224,33.815799097,True,0.0
38.665799097000004,3.2452785134398634,3.2452784121033886,3.243672245154696,66.26731467985344,-0.008354420699768245,0.18222929820451345,0.011088879051023993,MODEL_ONLY,DUPLICATE_OR_OLD,DUPLICATE_OR_OLD,0.0016062682851671894,0.0016061669486924224,33.815799097,False,
38.715799097,3.2494807679452937,3.2494807291025074,3.248522479750986,66.42961954797607,-0.02123360924348646,0.18242695085013216,0.006166949150846094,FUSED,ACCEPTED,ACCEPTED,0.0009582881943077659,0.0009582493515214452,33.815799097,True,0.0
38.765799097,3.2549369728323145,3.254936933989528,3.2539786846380068,66.5921820770858,-0.02123360924348646,0.1826009773506527,0.01116694915084581,MODEL_ONLY,DUPLICATE_OR_OLD,DUPLICATE_OR_OLD,0.0009582881943077659,0.0009582493515214452,33.815799097,False,
38.815799097,3.260400838943093,3.2604008001003066,3.259442550748785,66.75501760797047,-0.02123360924348646,0.18275420182578495,0.016166949150846238,MODEL_ONLY,DUPLICATE_OR_OLD,DUPLICATE_OR_OLD,0.0009582881943077659,0.0009582493515214452,33.815799097,False,
38.865799097,3.262170886363909,3.262170873901096,3.2595904477959206,66.91799343293408,-0.028742561966070085,0.18288911081785983,0.006791472931277083,FUSED,ACCEPTED,ACCEPTED,0.002580438567988619,0.002580426105175615,33.815799097,True,0.0
38.915799097000004,3.2672719894294535,3.2672719769666405,3.264691550861465,67.08110048290052,-0.028742561966070085,0.18300789364369074,0.01179147293127751,MODEL_ONLY,DUPLICATE_OR_OLD,DUPLICATE_OR_OLD,0.002580438567988619,0.002580426105175615,33.815799097,False,
38.965799097,3.265165926236654,3.2651658809001574,3.2609626629243316,67.24424183824516,-0.04637822247495817,0.1831124779230288,0.006267469121368958,FUSED,ACCEPTED,ACCEPTED,0.004203263312322569,0.00420321797582579,33.815799097,True,-6.491410258976926e-08
39.015799097,3.2895689663045613,3.289568944987264,3.2870256568066103,67.40794154623842,0.03296130800023096,0.1832045608601718,0.00529798306374292,FUSED,ACCEPTED,ACCEPTED,0.0025433094979510074,0.0025432881806537466,33.815799097,True,0.0
39.065799097,3.2966701406003986,3.2966701192831014,3.2941268311024476,67.57247035843616,0.03296130800023096,0.16130544828324705,0.010297983063743348,MODEL_ONLY,DUPLICATE_OR_OLD,DUPLICATE_OR_OLD,0.0025433094979510074,0.0025432881806537466,33.815799097,False,
39.115799097,3.3028072433265536,3.3028072220092564,3.3002639338286026,67.73733012755943,0.03296130800023096,0.1420240168896162,0.015297983063743064,MODEL_ONLY,DUPLICATE_OR_OLD,DUPLICATE_OR_OLD,0.0025433094979510074,0.0025432881806537466,33.815799097,False,
39.165799097000004,3.30809551349093,3.3080954921736327,3.305552203992979,67.90247553100498,0.03296130800023096,0.12504736565402505,0.02029798306374349,MODEL_ONLY,DUPLICATE_OR_OLD,DUPLICATE_OR_OLD,0.0025433094979510074,0.0025432881806537466,33.815799097,False,
39.215799097,3.3126364151604797,3.3126363938431824,3.3100931056625287,68.06786666374636,0.03296130800023096,0.1100999957575132,0.025297983063743208,MODEL_ONLY,DUPLICATE_OR_OLD,DUPLICATE_OR_OLD,0.0025433094979510074,0.0025432881806537466,33.815799097,False,
39.265799097,3.2991923779985135,3.2991923727085966,3.2972345001359473,68.23304985389132,-0.01997840874658536,0.09693933976460574,0.0075184862269205635,FUSED,ACCEPTED,ACCEPTED,0.001957877862566182,0.001957872572649233,33.815799097,True,0.0
39.315799097,3.2998488853035655,3.2998488800136485,3.2978910074409993,68.39792799158076,-0.01997840874658536,0.08535182521436416,0.012518486226920991,MODEL_ONLY,DUPLICATE_OR_OLD,DUPLICATE_OR_OLD,0.001957877862566182,0.001957872572649233,33.815799097,False,
39.365799097,3.28672857587153,3.2867285739492162,3.285930006098545,68.56252351691924,-0.04393675321448892,0.07514940874482166,0.006366079181267891,FUSED,ACCEPTED,ACCEPTED,0.0007985697729853136,0.00079856785067145,33.815799097,True,0.0
39.415799097000004,3.285227900917779,3.285227898995465,3.2844293311447936,68.72678250035034,-0.04393675321448892,0.06616652450621231,0.011366079181268317,MODEL_ONLY,DUPLICATE_OR_OLD,DUPLICATE_OR_OLD,0.0007985697729853136,0.00079856785067145,33.815799097,False,
39.465799097,3.292695696348204,3.2927064187362824,3.2936212094879336,68.89123376386615,0.0015525668013124175,0.0582573973415719,0.0062072479828155225,FUSED,ACCEPTED,ACCEPTED,-0.0009255131397294392,-0.0009147907516511289,33.815799097,True,1.7275155098691458e-05
39.515799097,3.2900839202759373,3.290088976277587,3.2905137138577865,69.05583713694979,-0.02194509420830669,0.051293677132688696,0.005284630986489502,FUSED,ACCEPTED,ACCEPTED,-0.0004297935818491361,-0.0004247375801993414,33.815799097,True,0.0
39.565799097,3.288632619843253,3.2886376758449027,3.289062413425102,69.22032654013188,-0.02194509420830669,0.04516235592136518,0.01028463098648993,MODEL_ONLY,DUPLICATE_OR_OLD,DUPLICATE_OR_OLD,-0.0004297935818491361,-0.0004247375801993414,33.815799097,False,
39.615799097,3.2704382270020775,3.270440226636422,3.271037913394201,69.38432904830235,-0.059111723839597896,0.01869396393378531,0.006045028299861957,FUSED,ACCEPTED,ACCEPTED,-0.0005996863921233775,-0.0005976867577790479,33.815799097,True,0.0
39.665799097000004,3.264639949083919,3.264641948718263,3.2652396354760422,69.54773598702411,-0.059111723839597896,-0.004610564156825609,0.011045028299862383,MODEL_ONLY,DUPLICATE_OR_OLD,DUPLICATE_OR_OLD,-0.0005996863921233775,-0.0005976867577790479,33.815799097,False,
39.715799097,3.2367624303206157,3.2367631980810962,3.2370632662240917,69.71029355956661,-0.09857427622853275,-0.02512941659715393,0.006160495629005346,FUSED,ACCEPTED,ACCEPTED,-0.00030083590347596,-0.0003000681429954355,33.815799097,True,0.0
39.765799097,3.2270617742205143,3.227062541980995,3.2273626101239903,69.8719042064753,-0.09857427622853275,-0.04319557540676544,0.011160495629005063,MODEL_ONLY,DUPLICATE_OR_OLD,DUPLICATE_OR_OLD,-0.00030083590347596,-0.0003000681429954355,33.815799097,False,
39.815799097,3.2222207758458685,3.2222210693267304,3.224003666523437,70.0331883633915,-0.05615074575906848,-0.05910222004409708,0.006177442452996769,FUSED,ACCEPTED,ACCEPTED,-0.0017828906775685383,-0.0017825971967067034,33.815799097,True,0.0
39.865799097,3.213145700781956,3.2131459942628178,3.2149285914595245,70.19416166984107,-0.05615074575906848,-0.0731074851524536,0.011177442452996485,MODEL_ONLY,DUPLICATE_OR_OLD,DUPLICATE_OR_OLD,-0.0017828906775685383,-0.0017825971967067034,33.815799097,False,
39.915799097000004,3.2034540674959042,3.203454360976766,3.2052369581734728,70.3546658085819,-0.05615074575906848,-0.08543864959520864,0.01617744245299691,MODEL_ONLY,DUPLICATE_OR_OLD,DUPLICATE_OR_OLD,-0.0017828906775685383,-0.0017825971967067034,33.815799097,False,
39.965799097,3.204857481582162,3.2049232000497256,3.213618379799821,70.51513719203122,-0.02857838469878683,-0.09629582476024671,0.00679255281600597,FUSED,ACCEPTED,ACCEPTED,-0.008760898217658575,-0.00869517975009515,33.815799097,True,9.661218234783935e-05
40.015799097,3.2048007479293257,3.2048309043172063,3.2101275342845614,70.67573083988331,-0.009311108285893065,-0.10585520198788524,0.005411276464749265,FUSED,ACCEPTED,ACCEPTED,-0.0053267863552357575,-0.005296629967355138,33.815799097,True,0.0
40.065799097,3.196009433405602,3.196039589793483,3.201336219760838,70.83601743373447,-0.009311108285893065,-0.11427191182181792,0.01041127646474969,MODEL_ONLY,DUPLICATE_OR_OLD,DUPLICATE_OR_OLD,-0.0053267863552357575,-0.005296629967355138,33.815799097,False,
40.115799097,3.1868475873988054,3.186877743786686,3.192174373754041,70.99585519857233,-0.009311108285893065,-0.12168254148331718,0.015411276464749407,MODEL_ONLY,DUPLICATE_OR_OLD,DUPLICATE_OR_OLD,-0.0053267863552357575,-0.005296629967355138,33.815799097,False,
40.165799097000004,3.1955357355808793,3.19554565176704,3.198173881085102,71.15561390494332,0.02552737746728464,-0.1282073514225293,0.006711746048676665,FUSED,ACCEPTED,ACCEPTED,-0.0026381455042225888,-0.0026282293180619476,33.815799097,True,0.0
40.215799097,3.1875023295900444,3.187512245776205,3.190140475094267,71.31532176384779,0.02552737746728464,-0.1339522269172543,0.011711746048676381,MODEL_ONLY,DUPLICATE_OR_OLD,DUPLICATE_OR_OLD,-0.0026381455042225888,-0.0026282293180619476,33.815799097,False,
40.265799097,3.156983086935848,3.156986799230111,3.163049862791934,71.47415152229493,-0.05823495427836992,-0.13901039638998564,0.006256328589760749,FUSED,ACCEPTED,ACCEPTED,-0.0060667758560857266,-0.006063063561823068,33.815799097,True,0.0
40.315799097,3.1465132062867145,3.146514952728602,3.1506713992437403,71.63199455384584,-0.013187399992189507,-0.16285004265838005,0.005295518716803788,FUSED,ACCEPTED,ACCEPTED,-0.004158192957025797,-0.004156446515138246,33.815799097,True,0.0
40.365799097,3.13404967033679,3.1340514167786777,3.138207863293816,71.78921653540927,-0.013187399992189507,-0.1838400486395731,0.010295518716803505,MODEL_ONLY,DUPLICATE_OR_OLD,DUPLICATE_OR_OLD,-0.004158192957025797,-0.004156446515138246,33.815799097,False,
40.415799097000004,3.097312054174377,3.097312744589904,3.1004179679925192,71.94518218119144,-0.08675141555526078,-0.20232104228060488,0.006046730603963876,FUSED,ACCEPTED,ACCEPTED,-0.003105913818142181,-0.0031052234026152092,33.815799097,True,0.0
40.465799097,3.079432673127196,3.079433363542723,3.082538586945338,72.09975609506488,-0.08675141555526078,-0.21859293502164412,0.011046730603963592,MODEL_ONLY,DUPLICATE_OR_OLD,DUPLICATE_OR_OLD,-0.003105913818142181,-0.0031052234026152092,33.815799097,False,
40.515799097,3.0682046633541917,3.0682049284222104,3.0733030191521937,72.25365213521731,-0.03398929803415293,-0.232919788789294,0.006160746562765008,FUSED,ACCEPTED,ACCEPTED,-0.005098355798001997,-0.005098090729983351,33.815799097,True,0.0
40.565799097,3.05161632987313,3.0516165949411485,3.056714685671132,72.40690257783791,-0.03398929803415293,-0.24553410122032251,0.011160746562765434,MODEL_ONLY,DUPLICATE_OR_OLD,DUPLICATE_OR_OLD,-0.005098355798001997,-0.005098090729983351,33.815799097,False,
40.615799097,3.019387965222258,3.0193880665450616,3.0228391659682785,72.55889142412889,-0.08596510714894037,-0.25664057865690004,0.006177479118951025,FUSED,ACCEPTED,ACCEPTED,-0.003451200746020344,-0.0034510994232168635,33.815799097,True,0.0
40.665799097000004,2.9991565734393775,2.999156674762181,3.002607774185398,72.70952759763274,-0.08596510714894037,-0.26641945814190493,0.011177479118951452,MODEL_ONLY,DUPLICATE_OR_OLD,DUPLICATE_OR_OLD,-0.003451200746020344,-0.0034510994232168635,33.815799097,False,
40.715799097,2.973502903624053,2.9735029423301493,2.9781713728615777,72.85904707630891,-0.08197877062819141,-0.2750294323239343,0.0061799224613799785,FUSED,ACCEPTED,ACCEPTED,-0.004668469237524953,-0.0046684305314284025,33.815799097,True,0.0
40.765799097,2.952661290337422,2.9526613290435186,2.957329759574947,73.00743460461982,-0.08197877062819141,-0.2826102247377164,0.011179922461379695,MODEL_ONLY,DUPLICATE_OR_OLD,DUPLICATE_OR_OLD,-0.004668469237524953,-0.0046684305314284025,33.815799097,False,
40.815799097,2.91807068931045,2.9180707040950993,2.924863561537586,73.15448943764764,-0.11507592889653934,-0.28928485725180786,0.006180278984877929,FUSED,ACCEPTED,ACCEPTED,-0.00679287222713576,-0.006792857442486699,33.815799097,True,0.0
40.865799097,2.894946647023291,2.89494666180794,2.9017395192504267,73.30015451466733,-0.11507592889653934,-0.2951616464799551,0.011180278984877647,MODEL_ONLY,DUPLICATE_OR_OLD,DUPLICATE_OR_OLD,-0.00679287222713576,-0.006792857442486699,33.815799097,False,
40.915799097000004,2.871563888982421,2.87156390376707,2.878356761209557,73.44465692167884,-0.11507592889653934,-0.30033596155410514,0.016180278984878074,MODEL_ONLY,DUPLICATE_OR_OLD,DUPLICATE_OR_OLD,-0.00679287222713576,-0.006792857442486699,33.815799097,False,
40.965799097,2.8616043025274562,2.861645063611198,2.884045566897349,73.58871697988151,-0.060946723108612016,-0.3048917717843454,0.0067928446038440105,FUSED,ACCEPTED,ACCEPTED,-0.0224412643698928,-0.022400503286151174,33.815799097,True,5.9998931893560925e-05
41.015799097,2.8498478890887817,2.849866592972778,2.86278241917375,73.73238767953328,-0.043390683502555025,-0.3220119178315047,0.005411337903893353,FUSED,ACCEPTED,ACCEPTED,-0.012934530084968365,-0.012915826200972091,33.815799097,True,0.0
41.065799097,2.8282119098913734,2.8282306137753697,2.8411464399763418,73.87498590101204,-0.043390683502555025,-0.3370856300788676,0.010411337903893779,MODEL_ONLY,DUPLICATE_OR_OLD,DUPLICATE_OR_OLD,-0.012934530084968365,-0.012915826200972091,33.815799097,False,
41.115799097,2.80921658866394,2.809223949112283,2.8162593218774457,74.01642104505838,-0.04745384857322934,-0.35035752625839156,0.006064748720504083,FUSED,ACCEPTED,ACCEPTED,-0.007042733213505681,-0.007035372765162862,33.815799097,True,0.0
41.165799097000004,2.78612958351454,2.786136943962883,2.793172316728046,74.15665683602353,-0.04745384857322934,-0.36204298404805085,0.01106474872050451,MODEL_ONLY,DUPLICATE_OR_OLD,DUPLICATE_OR_OLD,-0.007042733213505681,-0.007035372765162862,33.815799097,False,
41.215799097,2.7431950680138613,2.7431978919230504,2.748005766179989,74.29518628809622,-0.10692847847371156,-0.37233163624263976,0.00616340057322964,FUSED,ACCEPTED,ACCEPTED,-0.004810698166127558,-0.004807874256938405,33.815799097,True,0.0
41.265799097,2.7161669581651466,2.716169782074336,2.720977656331274,74.43191087365899,-0.10692847847371156,-0.38139044813399325,0.011163400573229357,MODEL_ONLY,DUPLICATE_OR_OLD,DUPLICATE_OR_OLD,-0.004810698166127558,-0.004807874256938405,33.815799097,False,
41.315799097,2.6924120706284937,2.692413149964179,2.6946129495421585,74.56730063880585,-0.0728153843907691,-0.38936642704074537,0.006177866874754832,FUSED,ACCEPTED,ACCEPTED,-0.0022008789136647167,-0.0021997995779794444,33.815799097,True,0.0
41.365799097,2.6663396874927323,2.6663407668284176,2.668540566406397,74.70137947670456,-0.0728153843907691,-0.39638900795795373,0.011177866874754548,MODEL_ONLY,DUPLICATE_OR_OLD,DUPLICATE_OR_OLD,-0.0022008789136647167,-0.0021997995779794444,33.815799097,False,
41.415799097000004,2.6179564558726334,2.617956868181127,2.621833932511799,74.83363883917752,-0.14149420411670532,-0.4025721540413573,0.006179979045716804,FUSED,ACCEPTED,ACCEPTED,-0.0038774766391656,-0.003877064330672031,33.815799097,True,0.0
41.465799097,2.587868771847837,2.5878691841563306,2.5917462484870026,74.9639783437025,-0.14149420411670532,-0.4080162060129414,0.01117997904571652,MODEL_ONLY,DUPLICATE_OR_OLD,DUPLICATE_OR_OLD,-0.0038774766391656,-0.003877064330672031,33.815799097,False,
41.515799097,2.5641817123727866,2.564181869862788,2.56916202188457,75.09300105046178,-0.09559806366752455,-0.41280951050057163,0.006180287240666729,FUSED,ACCEPTED,ACCEPTED,-0.0049803095117835205,-0.004980152021782036,33.815799097,True,0.0
41.565799097,2.535938152984312,2.5359383104743136,2.5409184624960957,75.2207530625713,-0.09559806366752455,-0.4170298537359015,0.011180287240667157,MODEL_ONLY,DUPLICATE_OR_OLD,DUPLICATE_OR_OLD,-0.0049803095117835205,-0.004980152021782036,33.815799097,False,
41.615799097,2.5101796946755828,2.5101797548315314,2.519583417297806,75.34726560956615,-0.09550813321293881,-0.4207457238771422,0.00618033220641422,FUSED,ACCEPTED,ACCEPTED,-0.00940372262222322,-0.009403662466274554,33.815799097,True,0.0
41.665799097000004,2.481591253374553,2.481591313530502,2.4909949759967764,75.47253006939853,-0.09550813321293881,-0.4240174224420577,0.011180332206414647,MODEL_ONLY,DUPLICATE_OR_OLD,DUPLICATE_OR_OLD,-0.00940372262222322,-0.009403662466274554,33.815799097,False,
41.715799097,2.4528587810513094,2.452858841207258,2.4622625036735326,75.59636150639028,-0.09550813321293881,-0.4268980428868178,0.016180332206414363,MODEL_ONLY,DUPLICATE_OR_OLD,DUPLICATE_OR_OLD,-0.00940372262222322,-0.009403662466274554,33.815799097,False,
41.765799097,2.4405911380977727,2.440621115113425,2.4700282407831096,75.7196687750017,-0.053333085621202106,-0.42943433221223093,0.006792850078119788,FUSED,ACCEPTED,ACCEPTED,-0.029437102685336836,-0.029407125669684397,33.815799097,True,4.4101845901735326e-05
41.815799097,2.417957319459953,2.4179710748960455,2.4371112367542476,75.84234726194013,-0.05825737416036604,-0.43166744957961894,0.005411339056546858,FUSED,ACCEPTED,ACCEPTED,-0.019153917294294498,-0.01914016185820211,33.815799097,True,0.0
41.865799097,2.390750605521572,2.3907643609576645,2.4099045228158666,75.96352265592938,-0.05825737416036604,-0.43363363424325907,0.010411339056546575,MODEL_ONLY,DUPLICATE_OR_OLD,DUPLICATE_OR_OLD,-0.019153917294294498,-0.01914016185820211,33.815799097,False,
41.915799097000004,2.3634573336130225,2.363471089049115,2.382611250907317,76.08333555027247,-0.05825737416036604,-0.43536479364740943,0.015411339056547003,MODEL_ONLY,DUPLICATE_OR_OLD,DUPLICATE_OR_OLD,-0.019153917294294498,-0.01914016185820211,33.815799097,False,
41.965799097,2.3240530097933423,2.324057532920741,2.3441116250216387,76.20150362217068,-0.09531333088029219,-0.43688902122239176,0.006711752816472159,FUSED,ACCEPTED,ACCEPTED,-0.02005861522829644,-0.02005409210089759,33.815799097,True,0.0
42.015799097,2.2947636271169864,2.2947681502443853,2.314822242345283,76.31797696885484,-0.09531333088029219,-0.4382310522870105,0.011711752816471875,MODEL_ONLY,DUPLICATE_OR_OLD,DUPLICATE_OR_OLD,-0.02005861522829644,-0.02005409210089759,33.815799097,False,
42.065799097,2.2616453514841655,2.2616629232654826,2.2954036718386415,76.43323261670945,-0.09266762661819442,-0.4394126654577257,0.006256329538272265,FUSED,ACCEPTED,ACCEPTED,-0.03375832035447601,-0.033740748573158896,33.815799097,True,2.5379851519173602e-05
42.115799097,2.2361225543401293,2.2361308209513924,2.2561924050751903,76.54702251863229,-0.0760937935248518,-0.44045303607367814,0.005295518926729557,FUSED,ACCEPTED,ACCEPTED,-0.020069850735060957,-0.020061584123797882,33.815799097,True,0.0
42.165799097000004,2.2076372487777993,2.2076455153890624,2.2277070995128603,76.659120006247,-0.0760937935248518,-0.4413690473715769,0.010295518926729984,MODEL_ONLY,DUPLICATE_OR_OLD,DUPLICATE_OR_OLD,-0.020069850735060957,-0.020061584123797882,33.815799097,False,
42.215799097,2.1937781799149656,2.19378144792907,2.2077604137988738,76.77000669407978,-0.03830173465757027,-0.44217556447637857,0.006046730636771785,FUSED,ACCEPTED,ACCEPTED,-0.01398223388390818,-0.013978965869803961,33.815799097,True,0.0
42.265799097,2.167106645883556,2.16710991389766,2.181088879767464,76.87972792641894,-0.03830173465757027,-0.44288567563087833,0.011046730636771501,MODEL_ONLY,DUPLICATE_OR_OLD,DUPLICATE_OR_OLD,-0.01398223388390818,-0.013978965869803961,33.815799097,False,
42.315799097,2.13761756475488,2.1376188194283166,2.146791154754854,76.98792492728201,-0.0648300896992248,-0.44351090458817727,0.006160746567600956,FUSED,ACCEPTED,ACCEPTED,-0.009173589999974308,-0.009172335326537606,33.815799097,True,0.0
42.365799097,2.109560826872961,2.1095620815463976,2.118734416872935,77.0945630665727,-0.0648300896992248,-0.4440613976220679,0.011160746567600672,MODEL_ONLY,DUPLICATE_OR_OLD,DUPLICATE_OR_OLD,-0.009173589999974308,-0.009172335326537606,33.815799097,False,
42.415799097000004,2.0814798544634616,2.0814811091368983,2.090653444463436,77.19979776310612,-0.0648300896992248,-0.44454608818966523,0.016160746567601098,MODEL_ONLY,DUPLICATE_OR_OLD,DUPLICATE_OR_OLD,-0.009173589999974308,-0.009172335326537606,33.815799097,False,
42.465799097,2.0534072239048973,2.053407626550397,2.0699327349158936,77.30381241759059,-0.06099242694618543,-0.44497284189556285,0.0067908342701912565,FUSED,ACCEPTED,ACCEPTED,-0.016525511010996308,-0.0165251083654967,33.815799097,True,0.0
42.515799097,2.02547800983728,2.0254784124827796,2.0420035208482763,77.40661082398469,-0.06099242694618543,-0.44534858414647105,0.011790834270190974,MODEL_ONLY,DUPLICATE_OR_OLD,DUPLICATE_OR_OLD,-0.016525511010996308,-0.0165251083654967,33.815799097,False,
42.565799097,1.988554996912091,1.988559214707941,2.0191098185719363,77.50813865747021,-0.08803468696741451,-0.4456794125137363,0.00626738014234726,FUSED,ACCEPTED,ACCEPTED,-0.030554821659845244,-0.03055060386399533,33.815799097,True,6.489958321906353e-06
42.615799097,1.9769143567013112,1.9769163399243608,1.9973793592200748,77.60855088691501,-0.014428736253297852,-0.44597069571650255,0.0052979633913213895,FUSED,ACCEPTED,ACCEPTED,-0.020465002518763598,-0.020463019295714036,33.815799097,True,0.0
42.665799097000004,1.9512693983450482,1.9512713815680978,1.9717344008638118,77.70777873091711,-0.014428736253297852,-0.4462271607262599,0.010297963391321815,MODEL_ONLY,DUPLICATE_OR_OLD,DUPLICATE_OR_OLD,-0.020465002518763598,-0.020463019295714036,33.815799097,False,
42.715799097,1.9261233960748465,1.9261241800205813,1.9384568065712855,77.80553351110298,-0.043742396004771665,-0.44645296946723045,0.006047112629062268,FUSED,ACCEPTED,ACCEPTED,-0.01233341049643899,-0.012332626550704218,33.815799097,True,0.0
42.765799097,1.8989915234588897,1.8989923074046244,1.9113249339553287,77.90177805461614,-0.043742396004771665,-0.44665178634617503,0.011047112629061984,MODEL_ONLY,DUPLICATE_OR_OLD,DUPLICATE_OR_OLD,-0.01233341049643899,-0.012332626550704218,33.815799097,False,
42.815799097,1.8787809824999546,1.878781283472176,1.88887046646084,77.99678293962656,-0.020362277328737903,-0.4574792346428604,0.0061608028719304705,FUSED,ACCEPTED,ACCEPTED,-0.010089483960885381,-0.010089182988664014,33.815799097,True,0.0
42.865799097,1.8518000832378039,1.8518003842100252,1.8618895671986893,78.09055194046803,-0.020362277328737903,-0.46701243820190097,0.011160802871930187,MODEL_ONLY,DUPLICATE_OR_OLD,DUPLICATE_OR_OLD,-0.010089483960885381,-0.010089182988664014,33.815799097,False,
42.915799097000004,1.8303196339615928,1.8303197490086052,1.8388223241558965,78.18306973775191,-0.010833154842764146,-0.47540610275266015,0.006177487346640436,FUSED,ACCEPTED,ACCEPTED,-0.00850269019430372,-0.008502575147291358,33.815799097,True,0.0
42.965799097,1.803025990677844,1.8030261057248564,1.8115286808721478,78.2743285128776,-0.010833154842764146,-0.48279644154483664,0.011177487346640152,MODEL_ONLY,DUPLICATE_OR_OLD,DUPLICATE_OR_OLD,-0.00850269019430372,-0.008502575147291358,33.815799097,False,
43.015799097,1.771446123013008,1.7714461669618449,1.7766589900958027,78.36403320465179,-0.028258580151890533,-0.489303385640352,0.006179923662045588,FUSED,ACCEPTED,ACCEPTED,-0.00521286708279467,-0.005212823133957878,33.815799097,True,0.0
43.065799097,1.7426694040808626,1.7426694480296994,1.7478822711636572,78.45214673618328,-0.028258580151890533,-0.495032530133914,0.011179923662046015,MODEL_ONLY,DUPLICATE_OR_OLD,DUPLICATE_OR_OLD,-0.00521286708279467,-0.005212823133957878,33.815799097,False,
43.115799097,1.7139743759785537,1.7139743927657827,1.7209115067190857,78.53886658063034,-0.02204152362486615,-0.5000768481659871,0.006180279160058259,FUSED,ACCEPTED,ACCEPTED,-0.006937130740531927,-0.006937113953302987,33.815799097,True,0.0
43.165799097000004,1.68503422648658,1.685034243273809,1.691971357227112,78.62418865222901,-0.02204152362486615,-0.5045181993572483,0.011180279160058686,MODEL_ONLY,DUPLICATE_OR_OLD,DUPLICATE_OR_OLD,-0.006937130740531927,-0.006937113953302987,33.815799097,False,
43.215799097,1.660599137115076,1.6605991435272416,1.668224290786329,78.70819354342935,-0.008220611842358875,-0.5084286581159024,0.006180331027464227,FUSED,ACCEPTED,ACCEPTED,-0.007625153671253049,-0.0076251472590873615,33.815799097,True,0.0
43.265799097,1.6319823591086278,1.6319823655207935,1.6396075127798808,78.7908893385185,-0.008220611842358875,-0.5118716838635576,0.011180331027463943,MODEL_ONLY,DUPLICATE_OR_OLD,DUPLICATE_OR_OLD,-0.007625153671253049,-0.0076251472590873615,33.815799097,False,
