t,base_v,candidate_v,inner_v,inner_s,disturbance,drive_a,pv,mode,front_status,rear_status,base_correction,correction,blocked_until,update,increment_delta
82.719679107,0.0,0.0,0.0,0.0,0.0,0.0,1.0,WAITING_FOR_INITIALIZATION,MISSING_OR_STALE,MISSING_OR_STALE,0.0,0.0,,False,
82.769679107,0.0,0.0,0.0,0.0,0.0,0.0,1.0,WAITING_FOR_INITIALIZATION,MISSING_OR_STALE,MISSING_OR_STALE,0.0,0.0,,False,
82.819679107,1.2481411960389879,1.2481411960389879,1.2481411960389879,0.0,0.0,0.0,0.010000000000000002,INITIALIZED,ACCEPTED,ACCEPTED,0.0,0.0,,False,
82.86967910700001,1.239500247153387,1.239500247153387,1.239500247153387,0.06219103607982351,0.0,-0.12057610403442608,0.01500000000000114,MODEL_ONLY,DUPLICATE_OR_OLD,DUPLICATE_OR_OLD,0.0,0.0,,False,
82.91967910700001,1.1482254130983585,1.1482254130983585,1.1703555714959202,0.12243743154605274,0.0,-0.2321360182229667,0.006666666666666763,FUSED,ACCEPTED,ACCEPTED,-0.022130158397561717,-0.022130158397561717,,True,0.0
82.969679107,1.1290953063701517,1.1290953063701517,1.1512254647677134,0.18047695745264028,0.0,-0.3303597277068688,0.01166666666666648,MODEL_ONLY,DUPLICATE_OR_OLD,DUPLICATE_OR_OLD,-0.022130158397561717,-0.022130158397561717,,False,
83.019679107,1.0243784829271212,1.029014223226953,1.0669046166530725,0.2359302094881568,-0.11892876740633175,-0.41684195825307097,0.006249999999999934,FUSED,ACCEPTED,ACCEPTED,-0.042526133725951265,-0.03789039342611944,,True,0.007417184479730846
83.069679107,0.991170836850642,0.9958065771504738,1.0336969705765933,0.28844524916889547,-0.11892876740633175,-0.49298331339904183,0.011249999999999651,MODEL_ONLY,DUPLICATE_OR_OLD,DUPLICATE_OR_OLD,-0.042526133725951265,-0.03789039342611944,,False,
83.11967910700001,0.8691550208236469,0.8753952302462662,0.9373127575232219,0.33772049237140206,-0.21904665124587186,-0.5600209059351253,0.006190476190476305,FUSED,ACCEPTED,ACCEPTED,-0.06815773669957492,-0.06191752727695565,,True,0.007227575036642439
83.16967910700001,0.8243798142249509,0.8306200236475701,0.8925375509245258,0.3834667500825931,-0.21904665124587186,-0.6242230885805595,0.011190476190476022,MODEL_ONLY,DUPLICATE_OR_OLD,DUPLICATE_OR_OLD,-0.06815773669957492,-0.06191752727695565,,False,
83.219679107,0.7543956823698557,0.7605480482729889,0.8479931077888572,0.4269800165504252,-0.13828391721561864,-0.680738361354718,0.0061818181818181165,FUSED,ACCEPTED,ACCEPTED,-0.09359742541900151,-0.08744505951586823,,True,0.0060981096116860395
83.269679107,0.7083464779222475,0.7144988438253808,0.801943903341249,0.4682284418286755,-0.13828391721561864,-0.7304785875434502,0.011181818181817833,MODEL_ONLY,DUPLICATE_OR_OLD,DUPLICATE_OR_OLD,-0.09359742541900151,-0.08744505951586823,,False,
83.319679107,0.6356758050579192,0.6395100837696676,0.7410939953769243,0.5068043892966276,-0.17835640391771468,-0.7742413492044258,0.0061805555555554635,FUSED,ACCEPTED,ACCEPTED,-0.10541819031900512,-0.10158391160725677,,True,0.0024017529193193915
83.36967910700001,0.5835139402215069,0.5873482189332553,0.688932130540512,0.5425550424445716,-0.17835640391771468,-0.8127007570572431,0.0111805555555566,MODEL_ONLY,DUPLICATE_OR_OLD,DUPLICATE_OR_OLD,-0.10541819031900512,-0.10158391160725677,,False,
83.41967910700001,0.4723286084628012,0.47544986612079976,0.585056017699968,0.5744047461505818,-0.29149753084820496,-0.8464545409758065,0.006180371352785258,FUSED,ACCEPTED,ACCEPTED,-0.11272740923716673,-0.1096061515791682,,True,0.002680592285724037
83.469679107,0.41137217969159867,0.4144934373495972,0.5240995889287654,0.6021336363162986,-0.29149753084820496,-0.8756876532560436,0.011180371352784975,MODEL_ONLY,DUPLICATE_OR_OLD,DUPLICATE_OR_OLD,-0.11272740923716673,-0.1096061515791682,,False,
83.519679107,0.3391912918264694,0.3409809321473747,0.45058638896321496,0.6265007857635967,-0.29149753084820496,-0.9007975981516337,0.0061803444782167535,FUSED,ACCEPTED,ACCEPTED,-0.11139509713674556,-0.10960545681584027,,True,0.0009666571469967578
83.569679107,0.2759902077679769,0.2777798480888822,0.38738530490472245,0.647450078110294,-0.29149753084820496,-0.9214222289269254,0.01118034447821647,MODEL_ONLY,DUPLICATE_OR_OLD,DUPLICATE_OR_OLD,-0.11139509713674556,-0.10960545681584027,,False,
83.61967910700001,0.2476277257987065,0.2488219817262738,0.3634450300487787,0.6662208364841358,-0.29149753084820496,-0.9419126739081081,0.006180340557275657,FUSED,ACCEPTED,ACCEPTED,-0.1158173042500722,-0.11462304832250492,,True,0.0008262882405136868
83.66967910700001,0.18265040981450387,0.18384466574207114,0.29846771406457606,0.6827686550869687,-0.29149753084820496,-0.9584928587191133,0.011180340557275374,MODEL_ONLY,DUPLICATE_OR_OLD,DUPLICATE_OR_OLD,-0.1158173042500722,-0.11462304832250492,,False,
83.719679107,0.1071944904167075,0.10799082494795417,0.2409582883214967,0.6962543051466198,-0.29149753084820496,-0.9669895682924441,0.006180339985217969,FUSED,ACCEPTED,ACCEPTED,-0.1337637979047892,-0.13296746337354254,,True,0.0005504055936497998
83.769679107,0.042182017116769555,0.04297835164801622,0.17594581502155876,0.7066769077301955,-0.29149753084820496,-0.9651230436922361,0.011180339985217686,MODEL_ONLY,DUPLICATE_OR_OLD,DUPLICATE_OR_OLD,-0.1337637979047892,-0.13296746337354254,,False,
83.819679107,0.011923599563743975,0.011369377098102151,0.14411173503669408,0.7146783464816514,-0.29149753084820496,-0.9459366341234245,0.00618033990175588,FUSED,ACCEPTED,ACCEPTED,-0.1321881354729501,-0.13274235793859193,,True,-0.0013889125884219422
83.86967910700001,0.08207847694501666,0.08207847694501666,0.08207847694501666,0.7203331017811955,-0.29149753084820496,-0.9169201986057388,0.011180339901757017,MODEL_ONLY,DUPLICATE_OR_OLD,DUPLICATE_OR_OLD,0.0,0.0,,False,
83.91967910700001,0.07154978102801397,0.07154978102801397,0.07154978102801397,0.724173808230521,-0.29149753084820496,-0.8602630625735266,0.0061803398895791326,FUSED,ACCEPTED,ACCEPTED,0.0,0.0,,True,-0.004962824728842824
83.969679107,0.015869731238677534,0.015869731238677534,0.015869731238677534,0.7263592960371882,-0.29149753084820496,-0.8041720245077415,0.011180339889578849,MODEL_ONLY,DUPLICATE_OR_OLD,DUPLICATE_OR_OLD,0.0,0.0,,False,
84.019679107,0.0,0.0,0.0,0.7267560393181551,-0.29149753084820496,-0.7188290914325655,0.006180339887802361,FUSED,ACCEPTED,ACCEPTED,0.0,0.0,,True,-0.005748110948805951
84.069679107,-0.04622011732903552,-0.04622011732903552,-0.04622011732903552,0.7256005363849293,-0.29149753084820496,-0.632904815732558,0.011180339887802078,MODEL_ONLY,DUPLICATE_OR_OLD,DUPLICATE_OR_OLD,0.0,0.0,,False,
84.11967910700001,-0.08537141611526546,-0.08968146062743493,-0.03304706186811499,0.723618856905,-0.29149753084820496,-0.5263297540275628,0.006180339887543341,FUSED,ACCEPTED,ACCEPTED,-0.05232435424715046,-0.056634398759319936,,True,-0.006973798513665058
84.16967910700001,-0.12157441923957546,-0.12588446375174495,-0.069250064992425,0.7210614287334867,-0.29149753084820496,-0.4411172502619425,0.011180339887543057,MODEL_ONLY,DUPLICATE_OR_OLD,DUPLICATE_OR_OLD,-0.052324354247150456,-0.05663439875931994,,False,
84.219679107,-0.1013518512480909,-0.10782834209570602,-0.03823738974723167,0.7183742423649954,-0.29149753084820496,-0.3430362991872262,0.0061803398875053435,FUSED,ACCEPTED,ACCEPTED,-0.06311446150085923,-0.06959095234847434,,True,-0.00781542831771953
84.269679107,-0.08042580121316538,-0.08392320061245313,-0.03131905093041126,0.7166353313480543,-0.29149753084820496,-0.2803192482771684,0.005278640450005569,FUSED,ACCEPTED,ACCEPTED,-0.049106750282754116,-0.05260414968204187,,True,-0.0008328190034299007
84.319679107,-0.10604278863792878,-0.10954018803721653,-0.05693603835517466,0.7144289541159148,-0.29149753084820496,-0.2289570432750383,0.010278640450005285,MODEL_ONLY,DUPLICATE_OR_OLD,DUPLICATE_OR_OLD,-0.049106750282754116,-0.05260414968204187,,False,
84.36967910700001,-0.1285472912284369,-0.13204469062772461,-0.07944054094568276,0.7110195396333926,-0.29149753084820496,-0.17307598277004207,0.015278640450006422,MODEL_ONLY,DUPLICATE_OR_OLD,DUPLICATE_OR_OLD,-0.04910675028275413,-0.052604149682041856,,False,
84.41967910700001,-0.07772157676457318,-0.08189016706670132,-0.032640511365816444,0.7082175133256052,-0.29149753084820496,-0.11603686645818859,0.006697341805517568,FUSED,ACCEPTED,ACCEPTED,-0.04508106539875674,-0.04924965570088488,,True,-0.0044995744746100935
84.469679107,-0.09626016612946144,-0.10042875643158958,-0.051179100730704696,0.7061220230231923,-0.29149753084820496,-0.0877255906767538,0.011697341805517285,MODEL_ONLY,DUPLICATE_OR_OLD,DUPLICATE_OR_OLD,-0.04508106539875674,-0.04924965570088488,,False,
84.519679107,0.0,0.0,0.0,0.7048425455049248,0.0,0.0,0.00625430873498668,STOPPED,ACCEPTED,ACCEPTED,0.0,0.0,85.019679107,False,
84.569679107,0.0,0.0,0.0,0.7048425455049248,0.0,0.0,0.011254308734986396,STOPPED,DUPLICATE_OR_OLD,DUPLICATE_OR_OLD,0.0,0.0,85.069679107,False,
84.61967910700001,0.0,0.0,0.0,0.7048425455049248,0.0,0.0,0.0061911013917979865,STOPPED,ACCEPTED,ACCEPTED,0.0,0.0,85.11967910700001,False,
84.66967910700001,0.0,0.0,0.0,0.7048425455049248,0.0,0.0,0.011191101391797704,STOPPED,DUPLICATE_OR_OLD,DUPLICATE_OR_OLD,0.0,0.0,85.16967910700001,False,
84.719679107,0.0,0.0,0.0,0.7048425455049248,0.0,0.0,0.006181909324694601,STOPPED,ACCEPTED,ACCEPTED,0.0,0.0,85.219679107,False,
84.769679107,0.0,0.0,0.0,0.7048425455049248,0.0,0.0,0.011181909324694317,STOPPED,DUPLICATE_OR_OLD,DUPLICATE_OR_OLD,0.0,0.0,85.269679107,False,
84.819679107,0.0,0.0,0.0,0.7048425455049248,0.0,0.0,0.0061805688515740595,STOPPED,ACCEPTED,ACCEPTED,0.0,0.0,85.319679107,False,
84.86967910700001,0.0,0.0,0.0,0.7048425455049248,0.0,0.0,0.011180568851575198,STOPPED,DUPLICATE_OR_OLD,DUPLICATE_OR_OLD,0.0,0.0,85.36967910700001,False,
84.91967910700001,0.0,0.0,0.0,0.7048425455049248,0.0,0.0,0.006180373292615282,STOPPED,ACCEPTED,ACCEPTED,0.0,0.0,85.41967910700001,False,
84.969679107,0.0,0.0,0.0,0.7048425455049248,0.0,0.0,0.011180373292614999,STOPPED,DUPLICATE_OR_OLD,DUPLICATE_OR_OLD,0.0,0.0,85.469679107,False,
85.019679107,0.0,0.0,0.0,0.7048425455049248,0.0,0.0,0.006180344761233438,STOPPED,ACCEPTED,ACCEPTED,0.0,0.0,85.519679107,False,
85.069679107,0.0,0.0,0.0,0.7048425455049248,0.0,0.0,0.011180344761233155,STOPPED,DUPLICATE_OR_OLD,DUPLICATE_OR_OLD,0.0,0.0,85.569679107,False,
85.11967910700001,0.0,0.0,0.0,0.7048425455049248,0.0,0.0,0.0061803405985672195,STOPPED,ACCEPTED,ACCEPTED,0.0,0.0,85.61967910700001,False,
85.16967910700001,0.0,0.0,0.0,0.7048425455049248,0.0,0.0,0.005278640608510045,STOPPED,ACCEPTED,ACCEPTED,0.0,0.0,85.66967910700001,False,
85.219679107,0.0,0.0,0.0,0.7048425455049248,0.0,0.0,0.010278640608509762,STOPPED,DUPLICATE_OR_OLD,DUPLICATE_OR_OLD,0.0,0.0,85.719679107,False,
85.269679107,0.0,0.0,0.0,0.7048425455049248,0.0,0.0,0.015278640608509478,STOPPED,DUPLICATE_OR_OLD,DUPLICATE_OR_OLD,0.0,0.0,85.769679107,False,
85.319679107,0.0,0.0,0.0,0.7048425455049248,0.0,0.0,0.006697341822806371,STOPPED,ACCEPTED,ACCEPTED,0.0,0.0,85.819679107,False,
85.36967910700001,0.0,0.0,0.0,0.7048425455049248,0.0,0.0,0.011697341822807508,STOPPED,DUPLICATE_OR_OLD,DUPLICATE_OR_OLD,0.0,0.0,85.86967910700001,False,
85.41967910700001,0.0,0.0,0.0,0.7048425455049248,0.0,0.0,0.006254308737412532,STOPPED,ACCEPTED,ACCEPTED,0.0,0.0,85.91967910700001,False,
85.469679107,0.0,0.0,0.0,0.7048425455049248,0.0,0.0,0.011254308737412249,STOPPED,DUPLICATE_OR_OLD,DUPLICATE_OR_OLD,0.0,0.0,85.969679107,False,
85.519679107,0.0,0.0,0.0,0.7048425455049248,0.0,0.0,0.006191101392149716,STOPPED,ACCEPTED,ACCEPTED,0.0,0.0,86.019679107,False,
85.569679107,0.0,0.0,0.0,0.7048425455049248,0.0,0.0,0.011191101392149433,STOPPED,DUPLICATE_OR_OLD,DUPLICATE_OR_OLD,0.0,0.0,86.069679107,False,
85.61967910700001,0.0,0.0,0.0,0.7048425455049248,0.0,0.0,0.006181909324746083,STOPPED,ACCEPTED,ACCEPTED,0.0,0.0,86.11967910700001,False,
85.66967910700001,0.0,0.0,0.0,0.7048425455049248,0.0,0.0,0.0111819093247458,STOPPED,DUPLICATE_OR_OLD,DUPLICATE_OR_OLD,0.0,0.0,86.16967910700001,False,
85.719679107,0.0,0.0,0.0,0.7048425455049248,0.0,0.0,0.006180568851581569,STOPPED,ACCEPTED,ACCEPTED,0.0,0.0,86.219679107,False,
85.769679107,0.0,0.0,0.0,0.7048425455049248,0.0,0.0,0.011180568851581286,STOPPED,DUPLICATE_OR_OLD,DUPLICATE_OR_OLD,0.0,0.0,86.269679107,False,
85.819679107,0.0,0.0,0.0,0.7048425455049248,0.0,0.0,0.006180373292616171,STOPPED,ACCEPTED,ACCEPTED,0.0,0.0,86.319679107,False,
85.86967910700001,0.0,0.0,0.0,0.7048425455049248,0.0,0.0,0.01118037329261731,STOPPED,DUPLICATE_OR_OLD,DUPLICATE_OR_OLD,0.0,0.0,86.36967910700001,False,
85.91967910700001,0.0,0.0,0.0,0.7048425455049248,0.0,0.0,0.006180344761233775,STOPPED,ACCEPTED,ACCEPTED,0.0,0.0,86.41967910700001,False,
85.969679107,0.0,0.0,0.0,0.7048425455049248,0.0,0.0,0.0052786415364196254,STOPPED,ACCEPTED,ACCEPTED,0.0,0.0,86.469679107,False,
86.019679107,0.0,0.0,0.0,0.7048425455049248,0.0,0.0,0.010278641536419341,STOPPED,DUPLICATE_OR_OLD,DUPLICATE_OR_OLD,0.0,0.0,86.519679107,False,
86.069679107,0.0,0.0,0.0,0.7048425455049248,0.0,0.0,0.015278641536419058,STOPPED,DUPLICATE_OR_OLD,DUPLICATE_OR_OLD,0.0,0.0,86.569679107,False,
86.11967910700001,0.0,0.0,0.0,0.7048425455049248,0.0,0.0,0.006697341924018734,STOPPED,ACCEPTED,ACCEPTED,0.0,0.0,86.61967910700001,False,
86.16967910700001,0.0,0.0,0.0,0.7048425455049248,0.0,0.0,0.01169734192401845,STOPPED,DUPLICATE_OR_OLD,DUPLICATE_OR_OLD,0.0,0.0,86.66967910700001,False,
86.219679107,0.0,0.0,0.0,0.7048425455049248,0.0,0.0,0.006254308751612633,STOPPED,ACCEPTED,ACCEPTED,0.0,0.0,86.719679107,False,
86.269679107,0.0,0.0,0.0,0.7048425455049248,0.0,0.0,0.01125430875161235,STOPPED,DUPLICATE_OR_OLD,DUPLICATE_OR_OLD,0.0,0.0,86.769679107,False,
86.319679107,0.0,0.0,0.0,0.7048425455049248,0.0,0.0,0.0061911013942098254,STOPPED,ACCEPTED,ACCEPTED,0.0,0.0,86.819679107,False,
86.36967910700001,0.0,0.0,0.0,0.7048425455049248,0.0,0.0,0.011191101394210963,STOPPED,DUPLICATE_OR_OLD,DUPLICATE_OR_OLD,0.0,0.0,86.86967910700001,False,
86.41967910700001,0.0,0.0,0.0,0.7048425455049248,0.0,0.0,0.006181909325046402,STOPPED,ACCEPTED,ACCEPTED,0.0,0.0,86.91967910700001,False,
86.469679107,0.0,0.0,0.0,0.7048425455049248,0.0,0.0,0.005278990271110404,STOPPED,ACCEPTED,ACCEPTED,0.0,0.0,86.969679107,False,
86.519679107,0.0,0.0,0.0,0.7048425455049248,0.0,0.0,0.01027899027111012,STOPPED,DUPLICATE_OR_OLD,DUPLICATE_OR_OLD,0.0,0.0,87.019679107,False,
86.569679107,0.0,0.0,0.0,0.7048425455049248,0.0,0.0,0.015278990271109837,STOPPED,DUPLICATE_OR_OLD,DUPLICATE_OR_OLD,0.0,0.0,87.069679107,False,
86.61967910700001,0.0,0.0,0.0,0.7048425455049248,0.0,0.0,0.006697379961992674,STOPPED,ACCEPTED,ACCEPTED,0.0,0.0,87.11967910700001,False,
86.66967910700001,0.0,0.0,0.0,0.7048425455049248,0.0,0.0,0.01169737996199239,STOPPED,DUPLICATE_OR_OLD,DUPLICATE_OR_OLD,0.0,0.0,87.16967910700001,False,
86.719679107,0.0,0.0,0.0,0.7048425455049248,0.0,0.0,0.006254314088409964,STOPPED,ACCEPTED,ACCEPTED,0.0,0.0,87.219679107,False,
86.769679107,0.0,0.0,0.0,0.7048425455049248,0.0,0.0,0.005295072822202642,STOPPED,ACCEPTED,ACCEPTED,0.0,0.0,87.269679107,False,
86.819679107,0.0,0.0,0.0,0.7048425455049248,0.0,0.0,0.010295072822202359,STOPPED,DUPLICATE_OR_OLD,DUPLICATE_OR_OLD,0.0,0.0,87.319679107,False,
86.86967910700001,0.0,0.0,0.0,0.7048425455049248,0.0,0.0,0.015295072822203496,STOPPED,DUPLICATE_OR_OLD,DUPLICATE_OR_OLD,0.0,0.0,87.36967910700001,False,
86.91967910700001,0.0,0.0,0.0,0.7048425455049248,0.0,0.0,0.006699133202719681,STOPPED,ACCEPTED,ACCEPTED,0.0,0.0,87.41967910700001,False,
86.969679107,0.0,0.0,0.0,0.7048425455049248,0.0,0.0,0.011699133202719397,STOPPED,DUPLICATE_OR_OLD,DUPLICATE_OR_OLD,0.0,0.0,87.469679107,False,
87.019679107,0.0,0.0,0.0,0.7048425455049248,0.0,0.0,0.006254560054788007,STOPPED,ACCEPTED,ACCEPTED,0.0,0.0,87.519679107,False,
87.069679107,0.0,0.0,0.0,0.7048425455049248,0.0,0.0,0.011254560054787723,STOPPED,DUPLICATE_OR_OLD,DUPLICATE_OR_OLD,0.0,0.0,87.569679107,False,
87.11967910700001,0.0,0.0,0.0,0.7048425455049248,0.0,0.0,0.0061911378521934185,STOPPED,ACCEPTED,ACCEPTED,0.0,0.0,87.61967910700001,False,
87.16967910700001,0.0,0.0,0.0,0.7048425455049248,0.0,0.0,0.011191137852193136,STOPPED,DUPLICATE_OR_OLD,DUPLICATE_OR_OLD,0.0,0.0,87.66967910700001,False,
87.219679107,0.0,0.0,0.0,0.7048425455049248,0.0,0.0,0.0061819146398167085,STOPPED,ACCEPTED,ACCEPTED,0.0,0.0,87.719679107,False,
87.269679107,0.0,0.0,0.0,0.7048425455049248,0.0,0.0,0.011181914639816425,STOPPED,DUPLICATE_OR_OLD,DUPLICATE_OR_OLD,0.0,0.0,87.769679107,False,
87.319679107,0.0,0.0,0.0,0.7048425455049248,0.0,0.0,0.0061805696269468,STOPPED,ACCEPTED,ACCEPTED,0.0,0.0,87.819679107,False,
87.36967910700001,0.0,0.0,0.0,0.7048425455049248,0.0,0.0,0.011180569626947938,STOPPED,DUPLICATE_OR_OLD,DUPLICATE_OR_OLD,0.0,0.0,87.86967910700001,False,
87.41967910700001,0.0,0.0,0.0,0.7048425455049248,0.0,0.0,0.006180373405738659,STOPPED,ACCEPTED,ACCEPTED,0.0,0.0,87.91967910700001,False,
87.469679107,0.0,0.0,0.0,0.7048425455049248,0.0,0.0,0.005278647921622236,STOPPED,ACCEPTED,ACCEPTED,0.0,0.0,87.969679107,False,
87.519679107,0.0,0.0,0.0,0.7048425455049248,0.0,0.0,0.010278647921621952,STOPPED,DUPLICATE_OR_OLD,DUPLICATE_OR_OLD,0.0,0.0,88.019679107,False,
87.569679107,0.0,0.0,0.0,0.7048425455049248,0.0,0.0,0.015278647921621669,STOPPED,DUPLICATE_OR_OLD,DUPLICATE_OR_OLD,0.0,0.0,88.069679107,False,
87.61967910700001,0.0,0.0,0.0,0.7048425455049248,0.0,0.0,0.006697342620487778,STOPPED,ACCEPTED,ACCEPTED,0.0,0.0,88.11967910700001,False,
87.66967910700001,0.0,0.0,0.0,0.7048425455049248,0.0,0.0,0.011697342620487494,STOPPED,DUPLICATE_OR_OLD,DUPLICATE_OR_OLD,0.0,0.0,88.16967910700001,False,
87.719679107,0.0,0.0,0.0,0.7048425455049248,0.0,0.0,0.006254308849328651,STOPPED,ACCEPTED,ACCEPTED,0.0,0.0,88.219679107,False,
87.769679107,0.0,0.0,0.0,0.7048425455049248,0.0,0.0,0.011254308849328367,STOPPED,DUPLICATE_OR_OLD,DUPLICATE_OR_OLD,0.0,0.0,88.269679107,False,
87.819679107,0.0,0.0,0.0,0.7048425455049248,0.0,0.0,0.00619110140838618,STOPPED,ACCEPTED,ACCEPTED,0.0,0.0,88.319679107,False,
87.86967910700001,0.0,0.0,0.0,0.7048425455049248,0.0,0.0,0.011191101408387317,STOPPED,DUPLICATE_OR_OLD,DUPLICATE_OR_OLD,0.0,0.0,88.36967910700001,False,
87.91967910700001,0.0,0.0,0.0,0.7048425455049248,0.0,0.0,0.006181909327113004,STOPPED,ACCEPTED,ACCEPTED,0.0,0.0,88.41967910700001,False,
87.969679107,0.0,0.0,0.0,0.7048425455049248,0.0,0.0,0.011181909327112721,STOPPED,DUPLICATE_OR_OLD,DUPLICATE_OR_OLD,0.0,0.0,88.469679107,False,
88.019679107,0.0,0.0,0.0,0.7048425455049248,0.0,0.0,0.016181909327112436,STOPPED,DUPLICATE_OR_OLD,DUPLICATE_OR_OLD,0.0,0.0,88.519679107,False,
88.069679107,0.0,0.0,0.0,0.7048425455049248,0.0,0.0,0.021181909327112152,MODEL_ONLY,MISSING_OR_STALE,MISSING_OR_STALE,0.0,0.0,88.569679107,False,
88.11967910700001,0.0,0.0,0.0,0.7048425455049248,0.0,0.0,0.0072361878668170815,FUSED,ACCEPTED,ACCEPTED,0.0,0.0,88.569679107,False,
88.16967910700001,0.0,0.0,0.0,0.7048425455049248,0.0,0.0,0.012236187866816798,MODEL_ONLY,DUPLICATE_OR_OLD,DUPLICATE_OR_OLD,0.0,0.0,88.569679107,False,
88.219679107,0.0,0.0,0.0,0.7048425455049248,0.0,0.0,0.006328414222688044,FUSED,ACCEPTED,ACCEPTED,0.0,0.0,88.569679107,False,
88.269679107,0.0,0.0,0.0,0.7048425455049248,0.0,0.0,0.01132841422268776,MODEL_ONLY,DUPLICATE_OR_OLD,DUPLICATE_OR_OLD,0.0,0.0,88.569679107,False,
88.319679107,0.0,0.0,0.0,0.7048425455049248,0.0,0.0,0.006201822139601978,FUSED,ACCEPTED,ACCEPTED,0.0,0.0,88.569679107,False,
88.36967910700001,0.0,0.0,0.0,0.7048425455049248,0.0,0.0,0.011201822139603114,MODEL_ONLY,DUPLICATE_OR_OLD,DUPLICATE_OR_OLD,0.0,0.0,88.569679107,False,
88.41967910700001,0.0,0.0,0.0,0.7048425455049248,0.0,0.0,0.006183471536170201,FUSED,ACCEPTED,ACCEPTED,0.0,0.0,88.569679107,False,
88.469679107,0.0,0.0,0.0,0.7048425455049248,0.0,0.0,0.005279338429999349,FUSED,ACCEPTED,ACCEPTED,0.0,0.0,88.569679107,False,
88.519679107,0.0,0.0,0.0,0.7048425455049248,0.0,0.0,0.010279338429999067,MODEL_ONLY,DUPLICATE_OR_OLD,DUPLICATE_OR_OLD,0.0,0.0,88.569679107,False,
88.569679107,0.0,0.0,0.0,0.7048425455049248,0.0,0.0,0.015279338429998783,MODEL_ONLY,DUPLICATE_OR_OLD,DUPLICATE_OR_OLD,0.0,0.0,88.569679107,False,
88.61967910700001,0.0,0.0,0.0,0.7048425455049248,0.0,0.0,0.006697417936287446,STOPPED,ACCEPTED,ACCEPTED,0.0,0.0,89.11967910700001,False,
88.66967910700001,0.0,0.0,0.0,0.7048425455049248,0.0,0.0,0.011697417936287162,STOPPED,DUPLICATE_OR_OLD,DUPLICATE_OR_OLD,0.0,0.0,89.16967910700001,False,
88.719679107,0.0,0.0,0.0,0.7048425455049248,0.0,0.0,0.006254319416257821,STOPPED,ACCEPTED,ACCEPTED,0.0,0.0,89.219679107,False,
88.769679107,0.0,0.0,0.0,0.7048425455049248,0.0,0.0,0.011254319416257538,STOPPED,DUPLICATE_OR_OLD,DUPLICATE_OR_OLD,0.0,0.0,89.269679107,False,
88.819679107,0.0,0.0,0.0,0.7048425455049248,0.0,0.0,0.0061911029414048425,STOPPED,ACCEPTED,ACCEPTED,0.0,0.0,89.319679107,False,
88.86967910700001,0.0,0.0,0.0,0.7048425455049248,0.0,0.0,0.011191102941405979,STOPPED,DUPLICATE_OR_OLD,DUPLICATE_OR_OLD,0.0,0.0,89.36967910700001,False,
88.91967910700001,0.0,0.0,0.0,0.7048425455049248,0.0,0.0,0.006181909550593638,STOPPED,ACCEPTED,ACCEPTED,0.0,0.0,89.41967910700001,False,
88.969679107,0.0,0.0,0.0,0.7048425455049248,0.0,0.0,0.011181909550593354,STOPPED,DUPLICATE_OR_OLD,DUPLICATE_OR_OLD,0.0,0.0,89.469679107,False,
89.019679107,0.0,0.0,0.0,0.7048425455049248,0.0,0.0,0.006180568884528333,STOPPED,ACCEPTED,ACCEPTED,0.0,0.0,89.519679107,False,
89.069679107,0.0,0.0,0.0,0.7048425455049248,0.0,0.0,0.01118056888452805,STOPPED,DUPLICATE_OR_OLD,DUPLICATE_OR_OLD,0.0,0.0,89.569679107,False,
89.11967910700001,0.0,0.0,0.0,0.7048425455049248,0.0,0.0,0.006180373297423162,STOPPED,ACCEPTED,ACCEPTED,0.0,0.0,89.61967910700001,False,
89.16967910700001,0.0,0.0,0.0,0.7048425455049248,0.0,0.0,0.011180373297422878,STOPPED,DUPLICATE_OR_OLD,DUPLICATE_OR_OLD,0.0,0.0,89.66967910700001,False,
89.219679107,0.0,0.0,0.0,0.7048425455049248,0.0,0.0,0.006180344761934896,STOPPED,ACCEPTED,ACCEPTED,0.0,0.0,89.719679107,False,
89.269679107,0.0,0.0,0.0,0.7048425455049248,0.0,0.0,0.011180344761934613,STOPPED,DUPLICATE_OR_OLD,DUPLICATE_OR_OLD,0.0,0.0,89.769679107,False,
89.319679107,0.0,0.0,0.0,0.7048425455049248,0.0,0.0,0.006180340598669354,STOPPED,ACCEPTED,ACCEPTED,0.0,0.0,89.819679107,False,
89.36967910700001,0.0,0.0,0.0,0.7048425455049248,0.0,0.0,0.011180340598670492,STOPPED,DUPLICATE_OR_OLD,DUPLICATE_OR_OLD,0.0,0.0,89.86967910700001,False,
89.41967910700001,0.0,0.0,0.0,0.7048425455049248,0.0,0.0,0.006180339991257435,STOPPED,ACCEPTED,ACCEPTED,0.0,0.0,89.91967910700001,False,
89.469679107,0.0,0.0,0.0,0.7048425455049248,0.0,0.0,0.01118033999125715,STOPPED,DUPLICATE_OR_OLD,DUPLICATE_OR_OLD,0.0,0.0,89.969679107,False,
89.519679107,0.0,0.0,0.0,0.7048425455049248,0.0,0.0,0.006180339902637026,STOPPED,ACCEPTED,ACCEPTED,0.0,0.0,90.019679107,False,
89.569679107,0.0,0.0,0.0,0.7048425455049248,0.0,0.0,0.011180339902636742,STOPPED,DUPLICATE_OR_OLD,DUPLICATE_OR_OLD,0.0,0.0,90.069679107,False,
89.61967910700001,0.0,0.0,0.0,0.7048425455049248,0.0,0.0,0.0061803398897076894,STOPPED,ACCEPTED,ACCEPTED,0.0,0.0,90.11967910700001,False,
89.66967910700001,0.0,0.0,0.0,0.7048425455049248,0.0,0.0,0.011180339889707406,STOPPED,DUPLICATE_OR_OLD,DUPLICATE_OR_OLD,0.0,0.0,90.16967910700001,False,
89.719679107,0.0,0.0,0.0,0.7048425455049248,0.0,0.0,0.006180339887821118,STOPPED,ACCEPTED,ACCEPTED,0.0,0.0,90.219679107,False,
89.769679107,0.0,0.0,0.0,0.7048425455049248,0.0,0.0,0.011180339887820835,STOPPED,DUPLICATE_OR_OLD,DUPLICATE_OR_OLD,0.0,0.0,90.269679107,False,
89.819679107,0.0,0.0,0.0,0.7048425455049248,0.0,0.0,0.00618033988754587,STOPPED,ACCEPTED,ACCEPTED,0.0,0.0,90.319679107,False,
89.86967910700001,0.0,0.0,0.0,0.7048425455049248,0.0,0.0,0.011180339887547007,STOPPED,DUPLICATE_OR_OLD,DUPLICATE_OR_OLD,0.0,0.0,90.36967910700001,False,
89.91967910700001,0.0,0.0,0.0,0.7048425455049248,0.0,0.0,0.006180339887505919,STOPPED,ACCEPTED,ACCEPTED,0.0,0.0,90.41967910700001,False,
89.969679107,0.0,0.0,0.0,0.7048425455049248,0.0,0.0,0.011180339887505636,STOPPED,DUPLICATE_OR_OLD,DUPLICATE_OR_OLD,0.0,0.0,90.469679107,False,
90.019679107,0.0,0.0,0.0,0.7048425455049248,0.0,0.0,0.006180339887499884,STOPPED,ACCEPTED,ACCEPTED,0.0,0.0,90.519679107,False,
90.069679107,0.0,0.0,0.0,0.7048425455049248,0.0,0.0,0.0111803398874996,STOPPED,DUPLICATE_OR_OLD,DUPLICATE_OR_OLD,0.0,0.0,90.569679107,False,
90.11967910700001,0.0,0.0,0.0,0.7048425455049248,0.0,0.0,0.00618033988749921,STOPPED,ACCEPTED,ACCEPTED,0.0,0.0,90.61967910700001,False,
90.16967910700001,0.0,0.0,0.0,0.7048425455049248,0.0,0.0,0.011180339887498926,STOPPED,DUPLICATE_OR_OLD,DUPLICATE_OR_OLD,0.0,0.0,90.66967910700001,False,
90.219679107,0.0,0.0,0.0,0.7048425455049248,0.0,0.0,0.006180339887498904,STOPPED,ACCEPTED,ACCEPTED,0.0,0.0,90.719679107,False,
90.269679107,0.0,0.0,0.0,0.7048425455049248,0.0,0.0,0.01118033988749862,STOPPED,DUPLICATE_OR_OLD,DUPLICATE_OR_OLD,0.0,0.0,90.769679107,False,
90.319679107,0.0,0.0,0.0,0.7048425455049248,0.0,0.0,0.00618033988749886,STOPPED,ACCEPTED,ACCEPTED,0.0,0.0,90.819679107,False,
90.36967910700001,0.0,0.0,0.0,0.7048425455049248,0.0,0.0,0.011180339887499998,STOPPED,DUPLICATE_OR_OLD,DUPLICATE_OR_OLD,0.0,0.0,90.86967910700001,False,
90.41967910700001,0.0,0.0,0.0,0.7048425455049248,0.0,0.0,0.006180339887499061,STOPPED,ACCEPTED,ACCEPTED,0.0,0.0,90.91967910700001,False,
90.469679107,0.0,0.0,0.0,0.7048425455049248,0.0,0.0,0.011180339887498777,STOPPED,DUPLICATE_OR_OLD,DUPLICATE_OR_OLD,0.0,0.0,90.969679107,False,
90.519679107,0.0,0.0,0.0,0.7048425455049248,0.0,0.0,0.0061803398874988825,STOPPED,ACCEPTED,ACCEPTED,0.0,0.0,91.019679107,False,
90.569679107,0.0,0.0,0.0,0.7048425455049248,0.0,0.0,0.0111803398874986,STOPPED,DUPLICATE_OR_OLD,DUPLICATE_OR_OLD,0.0,0.0,91.069679107,False,
90.61967910700001,0.0,0.0,0.0,0.7048425455049248,0.0,0.0,0.006180339887499064,STOPPED,ACCEPTED,ACCEPTED,0.0,0.0,91.11967910700001,False,
90.66967910700001,0.0,0.0,0.0,0.7048425455049248,0.0,0.0,0.01118033988749878,STOPPED,DUPLICATE_OR_OLD,DUPLICATE_OR_OLD,0.0,0.0,91.16967910700001,False,
90.719679107,0.0,0.0,0.0,0.7048425455049248,0.0,0.0,0.006180339887498883,STOPPED,ACCEPTED,ACCEPTED,0.0,0.0,91.219679107,False,
90.769679107,0.0,0.0,0.0,0.7048425455049248,0.0,0.0,0.0111803398874986,STOPPED,DUPLICATE_OR_OLD,DUPLICATE_OR_OLD,0.0,0.0,91.269679107,False,
90.819679107,0.0,0.0,0.0,0.7048425455049248,0.0,0.0,0.006180339887498857,STOPPED,ACCEPTED,ACCEPTED,0.0,0.0,91.319679107,False,
90.86967910700001,0.0,0.0,0.0,0.7048425455049248,0.0,0.0,0.011180339887499995,STOPPED,DUPLICATE_OR_OLD,DUPLICATE_OR_OLD,0.0,0.0,91.36967910700001,False,
90.91967910700001,0.0,0.0,0.0,0.7048425455049248,0.0,0.0,0.00618033988749906,STOPPED,ACCEPTED,ACCEPTED,0.0,0.0,91.41967910700001,False,
90.969679107,0.0,0.0,0.0,0.7048425455049248,0.0,0.0,0.011180339887498777,STOPPED,DUPLICATE_OR_OLD,DUPLICATE_OR_OLD,0.0,0.0,91.469679107,False,
91.019679107,0.0,0.0,0.0,0.7048425455049248,0.0,0.0,0.0061803398874988825,STOPPED,ACCEPTED,ACCEPTED,0.0,0.0,91.519679107,False,
91.069679107,0.0,0.0,0.0,0.7048425455049248,0.0,0.0,0.0111803398874986,STOPPED,DUPLICATE_OR_OLD,DUPLICATE_OR_OLD,0.0,0.0,91.569679107,False,
91.11967910700001,0.0,0.0,0.0,0.7048425455049248,0.0,0.0,0.006180339887499064,STOPPED,ACCEPTED,ACCEPTED,0.0,0.0,91.61967910700001,False,
91.16967910700001,0.0,0.0,0.0,0.7048425455049248,0.0,0.0,0.01118033988749878,STOPPED,DUPLICATE_OR_OLD,DUPLICATE_OR_OLD,0.0,0.0,91.66967910700001,False,
91.219679107,0.0,0.0,0.0,0.7048425455049248,0.0,0.0,0.006180339887498883,STOPPED,ACCEPTED,ACCEPTED,0.0,0.0,91.719679107,False,
91.269679107,0.0,0.0,0.0,0.7048425455049248,0.0,0.0,0.0111803398874986,STOPPED,DUPLICATE_OR_OLD,DUPLICATE_OR_OLD,0.0,0.0,91.769679107,False,
91.319679107,0.0,0.0,0.0,0.7048425455049248,0.0,0.0,0.006180339887498857,STOPPED,ACCEPTED,ACCEPTED,0.0,0.0,91.819679107,False,
91.36967910700001,0.0,0.0,0.0,0.7048425455049248,0.0,0.0,0.011180339887499995,STOPPED,DUPLICATE_OR_OLD,DUPLICATE_OR_OLD,0.0,0.0,91.86967910700001,False,
91.41967910700001,0.0,0.0,0.0,0.7048425455049248,0.0,0.0,0.00618033988749906,STOPPED,ACCEPTED,ACCEPTED,0.0,0.0,91.91967910700001,False,
91.469679107,0.0,0.0,0.0,0.7048425455049248,0.0,0.0,0.011180339887498777,STOPPED,DUPLICATE_OR_OLD,DUPLICATE_OR_OLD,0.0,0.0,91.969679107,False,
91.519679107,0.0,0.0,0.0,0.7048425455049248,0.0,0.0,0.0061803398874988825,STOPPED,ACCEPTED,ACCEPTED,0.0,0.0,92.019679107,False,
91.569679107,0.0,0.0,0.0,0.7048425455049248,0.0,0.0,0.0111803398874986,STOPPED,DUPLICATE_OR_OLD,DUPLICATE_OR_OLD,0.0,0.0,92.069679107,False,
91.61967910700001,0.0,0.0,0.0,0.7048425455049248,0.0,0.0,0.006180339887499064,STOPPED,ACCEPTED,ACCEPTED,0.0,0.0,92.11967910700001,False,
91.66967910700001,0.0,0.0,0.0,0.7048425455049248,0.0,0.0,0.01118033988749878,STOPPED,DUPLICATE_OR_OLD,DUPLICATE_OR_OLD,0.0,0.0,92.16967910700001,False,
91.719679107,0.0,0.0,0.0,0.7048425455049248,0.0,0.0,0.006180339887498883,STOPPED,ACCEPTED,ACCEPTED,0.0,0.0,92.219679107,False,
91.769679107,0.0,0.0,0.0,0.7048425455049248,0.0,0.0,0.0111803398874986,STOPPED,DUPLICATE_OR_OLD,DUPLICATE_OR_OLD,0.0,0.0,92.269679107,False,
91.819679107,0.0,0.0,0.0,0.7048425455049248,0.0,0.0,0.006180339887498857,STOPPED,ACCEPTED,ACCEPTED,0.0,0.0,92.319679107,False,
91.86967910700001,0.0,0.0,0.0,0.7048425455049248,0.0,0.0,0.011180339887499995,STOPPED,DUPLICATE_OR_OLD,DUPLICATE_OR_OLD,0.0,0.0,92.36967910700001,False,
91.91967910700001,0.0,0.0,0.0,0.7048425455049248,0.0,0.0,0.00618033988749906,STOPPED,ACCEPTED,ACCEPTED,0.0,0.0,92.41967910700001,False,
91.969679107,0.0,0.0,0.0,0.7048425455049248,0.0,0.0,0.011180339887498777,STOPPED,DUPLICATE_OR_OLD,DUPLICATE_OR_OLD,0.0,0.0,92.469679107,False,
92.019679107,0.0,0.0,0.0,0.7048425455049248,0.0,0.0,0.0061803398874988825,STOPPED,ACCEPTED,ACCEPTED,0.0,0.0,92.519679107,False,
92.069679107,0.0,0.0,0.0,0.7048425455049248,0.0,0.0,0.0111803398874986,STOPPED,DUPLICATE_OR_OLD,DUPLICATE_OR_OLD,0.0,0.0,92.569679107,False,
92.11967910700001,0.0,0.0,0.0,0.7048425455049248,0.0,0.0,0.006180339887499064,STOPPED,ACCEPTED,ACCEPTED,0.0,0.0,92.61967910700001,False,
92.16967910700001,0.0,0.0,0.0,0.7048425455049248,0.0,0.0,0.01118033988749878,STOPPED,DUPLICATE_OR_OLD,DUPLICATE_OR_OLD,0.0,0.0,92.66967910700001,False,
92.219679107,0.0,0.0,0.0,0.7048425455049248,0.0,0.0,0.006180339887498883,STOPPED,ACCEPTED,ACCEPTED,0.0,0.0,92.719679107,False,
92.269679107,0.0,0.0,0.0,0.7048425455049248,0.0,0.0,0.0111803398874986,STOPPED,DUPLICATE_OR_OLD,DUPLICATE_OR_OLD,0.0,0.0,92.769679107,False,
92.31967910700001,0.0,0.0,0.0,0.7048425455049248,0.0,0.0,0.006180339887499064,STOPPED,ACCEPTED,ACCEPTED,0.0,0.0,92.81967910700001,False,
92.36967910700001,0.0,0.0,0.0,0.7048425455049248,0.0,0.0,0.01118033988749878,STOPPED,DUPLICATE_OR_OLD,DUPLICATE_OR_OLD,0.0,0.0,92.86967910700001,False,
92.41967910700001,0.0,0.0,0.0,0.7048425455049248,0.0,0.0,0.006180339887498883,STOPPED,ACCEPTED,ACCEPTED,0.0,0.0,92.91967910700001,False,
92.469679107,0.0,0.0,0.0,0.7048425455049248,0.0,0.0,0.0111803398874986,STOPPED,DUPLICATE_OR_OLD,DUPLICATE_OR_OLD,0.0,0.0,92.969679107,False,
92.519679107,0.0,0.0,0.0,0.7048425455049248,0.0,0.0,0.006180339887498857,STOPPED,ACCEPTED,ACCEPTED,0.0,0.0,93.019679107,False,
92.56967910700001,0.0,0.0,0.0,0.7048425455049248,0.0,0.0,0.011180339887499995,STOPPED,DUPLICATE_OR_OLD,DUPLICATE_OR_OLD,0.0,0.0,93.06967910700001,False,
92.61967910700001,0.0,0.0,0.0,0.7048425455049248,0.0,0.0,0.00618033988749906,STOPPED,ACCEPTED,ACCEPTED,0.0,0.0,93.11967910700001,False,
92.66967910700001,0.0,0.0,0.0,0.7048425455049248,0.0,0.0,0.011180339887498777,STOPPED,DUPLICATE_OR_OLD,DUPLICATE_OR_OLD,0.0,0.0,93.16967910700001,False,
92.719679107,0.0,0.0,0.0,0.7048425455049248,0.0,0.0,0.0061803398874988825,STOPPED,ACCEPTED,ACCEPTED,0.0,0.0,93.219679107,False,
92.769679107,0.0,0.0,0.0,0.7048425455049248,0.0,0.0,0.0111803398874986,STOPPED,DUPLICATE_OR_OLD,DUPLICATE_OR_OLD,0.0,0.0,93.269679107,False,
92.81967910700001,0.0,0.0,0.0,0.7048425455049248,0.0,0.0,0.006180339887499064,STOPPED,ACCEPTED,ACCEPTED,0.0,0.0,93.31967910700001,False,
92.86967910700001,0.0,0.0,0.0,0.7048425455049248,0.0,0.0,0.01118033988749878,STOPPED,DUPLICATE_OR_OLD,DUPLICATE_OR_OLD,0.0,0.0,93.36967910700001,False,
92.91967910700001,0.0,0.0,0.0,0.7048425455049248,0.0,0.0,0.006180339887498883,STOPPED,ACCEPTED,ACCEPTED,0.0,0.0,93.41967910700001,False,
92.969679107,0.0,0.0,0.0,0.7048425455049248,0.0,0.0,0.0111803398874986,STOPPED,DUPLICATE_OR_OLD,DUPLICATE_OR_OLD,0.0,0.0,93.469679107,False,
93.019679107,0.0,0.0,0.0,0.7048425455049248,0.0,0.0,0.006180339887498857,STOPPED,ACCEPTED,ACCEPTED,0.0,0.0,93.519679107,False,
93.06967910700001,0.0,0.0,0.0,0.7048425455049248,0.0,0.0,0.011180339887499995,STOPPED,DUPLICATE_OR_OLD,DUPLICATE_OR_OLD,0.0,0.0,93.56967910700001,False,
93.11967910700001,0.0,0.0,0.0,0.7048425455049248,0.0,0.0,0.00618033988749906,STOPPED,ACCEPTED,ACCEPTED,0.0,0.0,93.61967910700001,False,
93.16967910700001,0.0,0.0,0.0,0.7048425455049248,0.0,0.0,0.011180339887498777,STOPPED,DUPLICATE_OR_OLD,DUPLICATE_OR_OLD,0.0,0.0,93.66967910700001,False,
93.219679107,0.0,0.0,0.0,0.7048425455049248,0.0,0.0,0.0061803398874988825,STOPPED,ACCEPTED,ACCEPTED,0.0,0.0,93.719679107,False,
93.269679107,0.0,0.0,0.0,0.7048425455049248,0.0,0.0,0.0111803398874986,STOPPED,DUPLICATE_OR_OLD,DUPLICATE_OR_OLD,0.0,0.0,93.769679107,False,
93.31967910700001,0.0,0.0,0.0,0.7048425455049248,0.0,0.0,0.006180339887499064,STOPPED,ACCEPTED,ACCEPTED,0.0,0.0,93.81967910700001,False,
93.36967910700001,0.0,0.0,0.0,0.7048425455049248,0.0,0.0,0.01118033988749878,STOPPED,DUPLICATE_OR_OLD,DUPLICATE_OR_OLD,0.0,0.0,93.86967910700001,False,
93.41967910700001,0.0,0.0,0.0,0.7048425455049248,0.0,0.0,0.006180339887498883,STOPPED,ACCEPTED,ACCEPTED,0.0,0.0,93.91967910700001,False,
93.469679107,0.0,0.0,0.0,0.7048425455049248,0.0,0.0,0.005278640450004129,STOPPED,ACCEPTED,ACCEPTED,0.0,0.0,93.969679107,False,
93.519679107,0.0,0.0,0.0,0.7048425455049248,0.0,0.0,0.010278640450003845,STOPPED,DUPLICATE_OR_OLD,DUPLICATE_OR_OLD,0.0,0.0,94.019679107,False,
93.56967910700001,0.0,0.0,0.0,0.7048425455049248,0.0,0.0,0.015278640450004983,STOPPED,DUPLICATE_OR_OLD,DUPLICATE_OR_OLD,0.0,0.0,94.06967910700001,False,
93.61967910700001,0.0,0.0,0.0,0.7048425455049248,0.0,0.0,0.006697341805517412,STOPPED,ACCEPTED,ACCEPTED,0.0,0.0,94.11967910700001,False,
93.66967910700001,0.0,0.0,0.0,0.7048425455049248,0.0,0.0,0.011697341805517129,STOPPED,DUPLICATE_OR_OLD,DUPLICATE_OR_OLD,0.0,0.0,94.16967910700001,False,
93.719679107,0.0,0.0,0.0,0.7048425455049248,0.0,0.0,0.006254308734986658,STOPPED,ACCEPTED,ACCEPTED,0.0,0.0,94.219679107,False,
93.769679107,0.0,0.0,0.0,0.7048425455049248,0.0,0.0,0.011254308734986375,STOPPED,DUPLICATE_OR_OLD,DUPLICATE_OR_OLD,0.0,0.0,94.269679107,False,
93.81967910700001,0.0,0.0,0.0,0.7048425455049248,0.0,0.0,0.006191101391797983,STOPPED,ACCEPTED,ACCEPTED,0.0,0.0,94.31967910700001,False,
93.86967910700001,0.0,0.0,0.0,0.7048425455049248,0.0,0.0,0.0111911013917977,STOPPED,DUPLICATE_OR_OLD,DUPLICATE_OR_OLD,0.0,0.0,94.36967910700001,False,
93.91967910700001,0.0,0.0,0.0,0.7048425455049248,0.0,0.0,0.0061819093246946,STOPPED,ACCEPTED,ACCEPTED,0.0,0.0,94.41967910700001,False,
93.969679107,0.0,0.0,0.0,0.7048425455049248,0.0,0.0,0.011181909324694317,STOPPED,DUPLICATE_OR_OLD,DUPLICATE_OR_OLD,0.0,0.0,94.469679107,False,
94.019679107,0.0,0.0,0.0,0.7048425455049248,0.0,0.0,0.0061805688515740595,STOPPED,ACCEPTED,ACCEPTED,0.0,0.0,94.519679107,False,
94.06967910700001,0.0,0.0,0.0,0.7048425455049248,0.0,0.0,0.011180568851575198,STOPPED,DUPLICATE_OR_OLD,DUPLICATE_OR_OLD,0.0,0.0,94.56967910700001,False,
94.11967910700001,0.0,0.0,0.0,0.7048425455049248,0.0,0.0,0.006180373292615282,STOPPED,ACCEPTED,ACCEPTED,0.0,0.0,94.61967910700001,False,
94.16967910700001,0.0,0.0,0.0,0.7048425455049248,0.0,0.0,0.011180373292614999,STOPPED,DUPLICATE_OR_OLD,DUPLICATE_OR_OLD,0.0,0.0,94.66967910700001,False,
94.219679107,0.0,0.0,0.0,0.7048425455049248,0.0,0.0,0.006180344761233438,STOPPED,ACCEPTED,ACCEPTED,0.0,0.0,94.719679107,False,
94.269679107,0.0,0.0,0.0,0.7048425455049248,0.0,0.0,0.011180344761233155,STOPPED,DUPLICATE_OR_OLD,DUPLICATE_OR_OLD,0.0,0.0,94.769679107,False,
94.31967910700001,0.0,0.0,0.0,0.7048425455049248,0.0,0.0,0.0061803405985672195,STOPPED,ACCEPTED,ACCEPTED,0.0,0.0,94.81967910700001,False,
94.36967910700001,0.0,0.0,0.0,0.7048425455049248,0.0,0.0,0.011180340598566936,STOPPED,DUPLICATE_OR_OLD,DUPLICATE_OR_OLD,0.0,0.0,94.86967910700001,False,
94.41967910700001,0.0,0.0,0.0,0.7048425455049248,0.0,0.0,0.006180339991242326,STOPPED,ACCEPTED,ACCEPTED,0.0,0.0,94.91967910700001,False,
94.469679107,0.0,0.0,0.0,0.7048425455049248,0.0,0.0,0.011180339991242043,STOPPED,DUPLICATE_OR_OLD,DUPLICATE_OR_OLD,0.0,0.0,94.969679107,False,
94.519679107,0.0,0.0,0.0,0.7048425455049248,0.0,0.0,0.006180339902634821,STOPPED,ACCEPTED,ACCEPTED,0.0,0.0,95.019679107,False,
94.56967910700001,0.0,0.0,0.0,0.7048425455049248,0.0,0.0,0.011180339902635958,STOPPED,DUPLICATE_OR_OLD,DUPLICATE_OR_OLD,0.0,0.0,95.06967910700001,False,
94.61967910700001,0.0,0.0,0.0,0.7048425455049248,0.0,0.0,0.0061803398897073685,STOPPED,ACCEPTED,ACCEPTED,0.0,0.0,95.11967910700001,False,
94.66967910700001,0.0,0.0,0.0,0.7048425455049248,0.0,0.0,0.011180339889707085,STOPPED,DUPLICATE_OR_OLD,DUPLICATE_OR_OLD,0.0,0.0,95.16967910700001,False,
94.719679107,0.0,0.0,0.0,0.7048425455049248,0.0,0.0,0.006180339887821071,STOPPED,ACCEPTED,ACCEPTED,0.0,0.0,95.219679107,False,
94.769679107,0.0,0.0,0.0,0.7048425455049248,0.0,0.0,0.011180339887820787,STOPPED,DUPLICATE_OR_OLD,DUPLICATE_OR_OLD,0.0,0.0,95.269679107,False,
94.81967910700001,0.0,0.0,0.0,0.7048425455049248,0.0,0.0,0.0061803398875460705,STOPPED,ACCEPTED,ACCEPTED,0.0,0.0,95.31967910700001,False,
94.86967910700001,0.0,0.0,0.0,0.7048425455049248,0.0,0.0,0.011180339887545788,STOPPED,DUPLICATE_OR_OLD,DUPLICATE_OR_OLD,0.0,0.0,95.36967910700001,False,
94.91967910700001,0.0,0.0,0.0,0.7048425455049248,0.0,0.0,0.006180339887505742,STOPPED,ACCEPTED,ACCEPTED,0.0,0.0,95.41967910700001,False,
94.969679107,0.0,0.0,0.0,0.7048425455049248,0.0,0.0,0.011180339887505459,STOPPED,DUPLICATE_OR_OLD,DUPLICATE_OR_OLD,0.0,0.0,95.469679107,False,
95.019679107,0.0,0.0,0.0,0.7048425455049248,0.0,0.0,0.006180339887499858,STOPPED,ACCEPTED,ACCEPTED,0.0,0.0,95.519679107,False,
95.06967910700001,0.0,0.0,0.0,0.7048425455049248,0.0,0.0,0.011180339887500996,STOPPED,DUPLICATE_OR_OLD,DUPLICATE_OR_OLD,0.0,0.0,95.56967910700001,False,
95.11967910700001,0.0,0.0,0.0,0.7048425455049248,0.0,0.0,0.006180339887499207,STOPPED,ACCEPTED,ACCEPTED,0.0,0.0,95.61967910700001,False,
95.16967910700001,0.0,0.0,0.0,0.7048425455049248,0.0,0.0,0.011180339887498923,STOPPED,DUPLICATE_OR_OLD,DUPLICATE_OR_OLD,0.0,0.0,95.66967910700001,False,
95.219679107,0.0,0.0,0.0,0.7048425455049248,0.0,0.0,0.006180339887498904,STOPPED,ACCEPTED,ACCEPTED,0.0,0.0,95.719679107,False,
95.269679107,0.0,0.0,0.0,0.7048425455049248,0.0,0.0,0.01118033988749862,STOPPED,DUPLICATE_OR_OLD,DUPLICATE_OR_OLD,0.0,0.0,95.769679107,False,
95.31967910700001,0.0,0.0,0.0,0.7048425455049248,0.0,0.0,0.006180339887499067,STOPPED,ACCEPTED,ACCEPTED,0.0,0.0,95.81967910700001,False,
95.36967910700001,0.0,0.0,0.0,0.7048425455049248,0.0,0.0,0.011180339887498784,STOPPED,DUPLICATE_OR_OLD,DUPLICATE_OR_OLD,0.0,0.0,95.86967910700001,False,
95.41967910700001,0.0,0.0,0.0,0.7048425455049248,0.0,0.0,0.006180339887498883,STOPPED,ACCEPTED,ACCEPTED,0.0,0.0,95.91967910700001,False,
95.469679107,0.0,0.0,0.0,0.7048425455049248,0.0,0.0,0.0111803398874986,STOPPED,DUPLICATE_OR_OLD,DUPLICATE_OR_OLD,0.0,0.0,95.969679107,False,
95.519679107,0.0,0.0,0.0,0.7048425455049248,0.0,0.0,0.006180339887498857,STOPPED,ACCEPTED,ACCEPTED,0.0,0.0,96.019679107,False,
95.56967910700001,0.0,0.0,0.0,0.7048425455049248,0.0,0.0,0.011180339887499995,STOPPED,DUPLICATE_OR_OLD,DUPLICATE_OR_OLD,0.0,0.0,96.06967910700001,False,
95.61967910700001,0.0,0.0,0.0,0.7048425455049248,0.0,0.0,0.00618033988749906,STOPPED,ACCEPTED,ACCEPTED,0.0,0.0,96.11967910700001,False,
95.66967910700001,0.0,0.0,0.0,0.7048425455049248,0.0,0.0,0.011180339887498777,STOPPED,DUPLICATE_OR_OLD,DUPLICATE_OR_OLD,0.0,0.0,96.16967910700001,False,
95.719679107,0.0,0.0,0.0,0.7048425455049248,0.0,0.0,0.0061803398874988825,STOPPED,ACCEPTED,ACCEPTED,0.0,0.0,96.219679107,False,
95.769679107,0.0,0.0,0.0,0.7048425455049248,0.0,0.0,0.0111803398874986,STOPPED,DUPLICATE_OR_OLD,DUPLICATE_OR_OLD,0.0,0.0,96.269679107,False,
95.81967910700001,0.0,0.0,0.0,0.7048425455049248,0.0,0.0,0.006180339887499064,STOPPED,ACCEPTED,ACCEPTED,0.0,0.0,96.31967910700001,False,
95.86967910700001,0.0,0.0,0.0,0.7048425455049248,0.0,0.0,0.01118033988749878,STOPPED,DUPLICATE_OR_OLD,DUPLICATE_OR_OLD,0.0,0.0,96.36967910700001,False,
95.91967910700001,0.0,0.0,0.0,0.7048425455049248,0.0,0.0,0.006180339887498883,STOPPED,ACCEPTED,ACCEPTED,0.0,0.0,96.41967910700001,False,
95.969679107,0.0,0.0,0.0,0.7048425455049248,0.0,0.0,0.0111803398874986,STOPPED,DUPLICATE_OR_OLD,DUPLICATE_OR_OLD,0.0,0.0,96.469679107,False,
96.019679107,0.0,0.0,0.0,0.7048425455049248,0.0,0.0,0.006180339887498857,STOPPED,ACCEPTED,ACCEPTED,0.0,0.0,96.519679107,False,
96.06967910700001,0.0,0.0,0.0,0.7048425455049248,0.0,0.0,0.011180339887499995,STOPPED,DUPLICATE_OR_OLD,DUPLICATE_OR_OLD,0.0,0.0,96.56967910700001,False,
96.11967910700001,0.0,0.0,0.0,0.7048425455049248,0.0,0.0,0.00618033988749906,STOPPED,ACCEPTED,ACCEPTED,0.0,0.0,96.61967910700001,False,
96.16967910700001,0.0,0.0,0.0,0.7048425455049248,0.0,0.0,0.011180339887498777,STOPPED,DUPLICATE_OR_OLD,DUPLICATE_OR_OLD,0.0,0.0,96.66967910700001,False,
96.219679107,0.0,0.0,0.0,0.7048425455049248,0.0,0.0,0.0061803398874988825,STOPPED,ACCEPTED,ACCEPTED,0.0,0.0,96.719679107,False,
96.269679107,0.0,0.0,0.0,0.7048425455049248,0.0,0.0,0.0111803398874986,STOPPED,DUPLICATE_OR_OLD,DUPLICATE_OR_OLD,0.0,0.0,96.769679107,False,
96.31967910700001,0.0,0.0,0.0,0.7048425455049248,0.0,0.0,0.006180339887499064,STOPPED,ACCEPTED,ACCEPTED,0.0,0.0,96.81967910700001,False,
96.36967910700001,0.0,0.0,0.0,0.7048425455049248,0.0,0.0,0.005278640450004169,STOPPED,ACCEPTED,ACCEPTED,0.0,0.0,96.86967910700001,False,
96.41967910700001,0.0,0.0,0.0,0.7048425455049248,0.0,0.0,0.010278640450003885,STOPPED,DUPLICATE_OR_OLD,DUPLICATE_OR_OLD,0.0,0.0,96.91967910700001,False,
96.469679107,0.0,0.0,0.0,0.7048425455049248,0.0,0.0,0.006044091050000051,STOPPED,ACCEPTED,ACCEPTED,0.0,0.0,96.969679107,False,
96.519679107,0.0,0.0,0.0,0.7048425455049248,0.0,0.0,0.011044091049999767,STOPPED,DUPLICATE_OR_OLD,DUPLICATE_OR_OLD,0.0,0.0,97.019679107,False,
96.56967910700001,0.0,0.0,0.0,0.7048425455049248,0.0,0.0,0.016044091050000903,STOPPED,DUPLICATE_OR_OLD,DUPLICATE_OR_OLD,0.0,0.0,97.06967910700001,False,
96.61967910700001,0.0,0.0,0.0,0.7048425455049248,0.0,0.0,0.006778775070626589,STOPPED,ACCEPTED,ACCEPTED,0.0,0.0,97.11967910700001,False,
96.66967910700001,0.0,0.0,0.0,0.7048425455049248,0.0,0.0,0.011778775070626305,STOPPED,DUPLICATE_OR_OLD,DUPLICATE_OR_OLD,0.0,0.0,97.16967910700001,False,
96.719679107,0.0,0.0,0.0,0.7048425455049248,0.0,0.0,0.006265699243663641,STOPPED,ACCEPTED,ACCEPTED,0.0,0.0,97.219679107,False,
96.769679107,0.0,0.0,0.0,0.7048425455049248,0.0,0.0,0.011265699243663357,STOPPED,DUPLICATE_OR_OLD,DUPLICATE_OR_OLD,0.0,0.0,97.269679107,False,
96.81967910700001,0.0,0.0,0.0,0.7048425455049248,0.0,0.0,0.0061927531769739265,STOPPED,ACCEPTED,ACCEPTED,0.0,0.0,97.31967910700001,False,
96.86967910700001,0.0,0.0,0.0,0.7048425455049248,0.0,0.0,0.011192753176973644,STOPPED,DUPLICATE_OR_OLD,DUPLICATE_OR_OLD,0.0,0.0,97.36967910700001,False,
96.91967910700001,0.0,0.0,0.0,0.7048425455049248,0.0,0.0,0.006182150103719824,STOPPED,ACCEPTED,ACCEPTED,0.0,0.0,97.41967910700001,False,
96.969679107,0.0,0.0,0.0,0.7048425455049248,0.0,0.0,0.011182150103719542,STOPPED,DUPLICATE_OR_OLD,DUPLICATE_OR_OLD,0.0,0.0,97.469679107,False,
97.019679107,0.0,0.0,0.0,0.7048425455049248,0.0,0.0,0.006180603976225977,STOPPED,ACCEPTED,ACCEPTED,0.0,0.0,97.519679107,False,
97.06967910700001,0.0,0.0,0.0,0.7048425455049248,0.0,0.0,0.011180603976227114,STOPPED,DUPLICATE_OR_OLD,DUPLICATE_OR_OLD,0.0,0.0,97.56967910700001,False,
97.11967910700001,0.0,0.0,0.0,0.7048425455049248,0.0,0.0,0.006180378417136423,STOPPED,ACCEPTED,ACCEPTED,0.0,0.0,97.61967910700001,False,
97.16967910700001,0.0,0.0,0.0,0.7048425455049248,0.0,0.0,0.01118037841713614,STOPPED,DUPLICATE_OR_OLD,DUPLICATE_OR_OLD,0.0,0.0,97.66967910700001,False,
97.219679107,0.0,0.0,0.0,0.7048425455049248,0.0,0.0,0.006180345508888942,STOPPED,ACCEPTED,ACCEPTED,0.0,0.0,97.719679107,False,
97.269679107,0.0,0.0,0.0,0.7048425455049248,0.0,0.0,0.011180345508888658,STOPPED,DUPLICATE_OR_OLD,DUPLICATE_OR_OLD,0.0,0.0,97.769679107,False,
97.31967910700001,0.0,0.0,0.0,0.7048425455049248,0.0,0.0,0.006180340707648645,STOPPED,ACCEPTED,ACCEPTED,0.0,0.0,97.81967910700001,False,
97.36967910700001,0.0,0.0,0.0,0.7048425455049248,0.0,0.0,0.01118034070764836,STOPPED,DUPLICATE_OR_OLD,DUPLICATE_OR_OLD,0.0,0.0,97.86967910700001,False,
97.41967910700001,0.0,0.0,0.0,0.7048425455049248,0.0,0.0,0.00618034000715709,STOPPED,ACCEPTED,ACCEPTED,0.0,0.0,97.91967910700001,False,
97.469679107,0.0,0.0,0.0,0.7048425455049248,0.0,0.0,0.005278640476677423,STOPPED,ACCEPTED,ACCEPTED,0.0,0.0,97.969679107,False,
97.519679107,0.0,0.0,0.0,0.7048425455049248,0.0,0.0,0.010278640476677139,STOPPED,DUPLICATE_OR_OLD,DUPLICATE_OR_OLD,0.0,0.0,98.019679107,False,
97.56967910700001,0.0,0.0,0.0,0.7048425455049248,0.0,0.0,0.015278640476678276,STOPPED,DUPLICATE_OR_OLD,DUPLICATE_OR_OLD,0.0,0.0,98.06967910700001,False,
97.61967910700001,0.0,0.0,0.0,0.7048425455049248,0.0,0.0,0.006697341808426816,STOPPED,ACCEPTED,ACCEPTED,0.0,0.0,98.11967910700001,False,
97.66967910700001,0.0,0.0,0.0,0.7048425455049248,0.0,0.0,0.011697341808426532,STOPPED,DUPLICATE_OR_OLD,DUPLICATE_OR_OLD,0.0,0.0,98.16967910700001,False,
97.719679107,0.0,0.0,0.0,0.7048425455049248,0.0,0.0,0.006254308735394853,STOPPED,ACCEPTED,ACCEPTED,0.0,0.0,98.219679107,False,
97.769679107,0.0,0.0,0.0,0.7048425455049248,0.0,0.0,0.01125430873539457,STOPPED,DUPLICATE_OR_OLD,DUPLICATE_OR_OLD,0.0,0.0,98.269679107,False,
97.81967910700001,0.0,0.0,0.0,0.7048425455049248,0.0,0.0,0.006191101391857204,STOPPED,ACCEPTED,ACCEPTED,0.0,0.0,98.31967910700001,False,
97.86967910700001,0.0,0.0,0.0,0.7048425455049248,0.0,0.0,0.005281038104115397,STOPPED,ACCEPTED,ACCEPTED,0.0,0.0,98.36967910700001,False,
97.91967910700001,0.0,0.0,0.0,0.7048425455049248,0.0,0.0,0.010281038104115113,STOPPED,DUPLICATE_OR_OLD,DUPLICATE_OR_OLD,0.0,0.0,98.41967910700001,False,
97.969679107,0.0,0.0,0.0,0.7048425455049248,0.0,0.0,0.01528103810411483,STOPPED,DUPLICATE_OR_OLD,DUPLICATE_OR_OLD,0.0,0.0,98.469679107,False,
98.019679107,0.0,0.0,0.0,0.7048425455049248,0.0,0.0,0.006697603310158243,STOPPED,ACCEPTED,ACCEPTED,0.0,0.0,98.519679107,False,
98.06967910700001,0.0,0.0,0.0,0.7048425455049248,0.0,0.0,0.01169760331015938,STOPPED,DUPLICATE_OR_OLD,DUPLICATE_OR_OLD,0.0,0.0,98.56967910700001,False,
98.11967910700001,0.0,0.0,0.0,0.7048425455049248,0.0,0.0,0.00625434542425958,STOPPED,ACCEPTED,ACCEPTED,0.0,0.0,98.61967910700001,False,
98.16967910700001,0.0,0.0,0.0,0.7048425455049248,0.0,0.0,0.011254345424259297,STOPPED,DUPLICATE_OR_OLD,DUPLICATE_OR_OLD,0.0,0.0,98.66967910700001,False,
98.219679107,0.0,0.0,0.0,0.7048425455049248,0.0,0.0,0.006191106714563145,STOPPED,ACCEPTED,ACCEPTED,0.0,0.0,98.719679107,False,
98.269679107,0.0,0.0,0.0,0.7048425455049248,0.0,0.0,0.011191106714562861,STOPPED,DUPLICATE_OR_OLD,DUPLICATE_OR_OLD,0.0,0.0,98.769679107,False,
98.31967910700001,0.0,0.0,0.0,0.7048425455049248,0.0,0.0,0.006181910100637582,STOPPED,ACCEPTED,ACCEPTED,0.0,0.0,98.81967910700001,False,
98.36967910700001,0.0,0.0,0.0,0.7048425455049248,0.0,0.0,0.005278990443973639,STOPPED,ACCEPTED,ACCEPTED,0.0,0.0,98.86967910700001,False,
98.41967910700001,0.0,0.0,0.0,0.7048425455049248,0.0,0.0,0.010278990443973356,STOPPED,DUPLICATE_OR_OLD,DUPLICATE_OR_OLD,0.0,0.0,98.91967910700001,False,
98.469679107,0.0,0.0,0.0,0.7048425455049248,0.0,0.0,0.015278990443973073,STOPPED,DUPLICATE_OR_OLD,DUPLICATE_OR_OLD,0.0,0.0,98.969679107,False,
98.519679107,0.0,0.0,0.0,0.7048425455049248,0.0,0.0,0.00669737998084723,STOPPED,ACCEPTED,ACCEPTED,0.0,0.0,99.019679107,False,
98.56967910700001,0.0,0.0,0.0,0.7048425455049248,0.0,0.0,0.011697379980848367,STOPPED,DUPLICATE_OR_OLD,DUPLICATE_OR_OLD,0.0,0.0,99.06967910700001,False,
98.61967910700001,0.0,0.0,0.0,0.7048425455049248,0.0,0.0,0.006254314091055487,STOPPED,ACCEPTED,ACCEPTED,0.0,0.0,99.11967910700001,False,
98.66967910700001,0.0,0.0,0.0,0.7048425455049248,0.0,0.0,0.011254314091055203,STOPPED,DUPLICATE_OR_OLD,DUPLICATE_OR_OLD,0.0,0.0,99.16967910700001,False,
98.719679107,0.0004186014615899945,0.0004186014615899945,0.0004186014615899945,0.7048530105414645,0.0,0.021980188503117996,0.006191102168840477,FUSED,ACCEPTED,ACCEPTED,0.0,0.0,99.16967910700001,False,
98.769679107,0.002479784418257686,0.002479784418257686,0.002479784418257686,0.7049254701884607,0.0,0.04133300452035599,0.011191102168840193,MODEL_ONLY,DUPLICATE_OR_OLD,DUPLICATE_OR_OLD,0.0,0.0,99.16967910700001,False,
98.81967910700001,0.002048796345800836,0.002048796345800836,0.002048796345800836,0.7050386847075623,0.0,0.058372507513882815,0.006181909437970632,FUSED,ACCEPTED,ACCEPTED,0.0,0.0,99.16967910700001,False,
98.86967910700001,0.005690799139795092,0.005690799139795092,0.005690799139795092,0.7052321745947021,0.0,0.07337521626735972,0.011181909437970348,MODEL_ONLY,DUPLICATE_OR_OLD,DUPLICATE_OR_OLD,0.0,0.0,99.16967910700001,False,
98.91967910700001,0.0041849129583172865,0.0041849129583172865,0.0041849129583172865,0.7054790673971549,0.0,0.10680817010556035,0.006180568868098828,FUSED,ACCEPTED,ACCEPTED,0.0,0.0,99.16967910700001,False,
98.969679107,0.010942500571531668,0.010942500571531668,0.010942500571531668,0.7058572527354011,0.0,0.13624476044470707,0.011180568868098545,MODEL_ONLY,DUPLICATE_OR_OLD,DUPLICATE_OR_OLD,0.0,0.0,99.16967910700001,False,
99.019679107,0.007222096456965546,0.007222096456965546,0.007222096456965546,0.7063113676611136,0.0,0.16216268725991614,0.006180373295025964,FUSED,ACCEPTED,ACCEPTED,0.0,0.0,99.16967910700001,False,
99.06967910700001,0.016376938415558182,0.016376938415558182,0.016376938415558182,0.7069013435329268,0.0,0.18498254929758529,0.0111803732950271,MODEL_ONLY,DUPLICATE_OR_OLD,DUPLICATE_OR_OLD,0.0,0.0,99.16967910700001,False,
99.11967910700001,0.010090479680659452,0.010090479680659452,0.010090479680659452,0.7075630289853322,0.0,0.20507466959450554,0.006180344761585358,FUSED,ACCEPTED,ACCEPTED,0.0,0.0,99.16967910700001,False,
99.16967910700001,0.021097056729590905,0.021097056729590905,0.021097056729590905,0.7083427173955884,0.0,0.22276510511772013,0.011180344761585075,MODEL_ONLY,DUPLICATE_OR_OLD,DUPLICATE_OR_OLD,0.0,0.0,99.16967910700001,False,
99.219679107,0.030325310856785297,0.029078950075553774,0.01276657627785387,0.7091893082207745,0.0,0.25201614874807127,0.0061803405986183575,FUSED,ACCEPTED,ACCEPTED,0.017558734578931427,0.016312373797699904,99.16967910700001,True,-0.002016653874238182
99.269679107,0.044047330431795206,0.04280096965056369,0.026488595852863783,0.7101706875240424,0.0,0.277770707932588,0.011180340598618074,MODEL_ONLY,DUPLICATE_OR_OLD,DUPLICATE_OR_OLD,0.017558734578931423,0.016312373797699904,99.16967910700001,False,
99.31967910700001,0.04334657432576333,0.041835270393345704,0.015724386113269085,0.711226012073196,0.0,0.30044673027117935,0.006180339991249995,FUSED,ACCEPTED,ACCEPTED,0.027622188212494247,0.02611088428007662,99.16967910700001,True,-0.0016750477977406641
99.36967910700001,0.059162233336538014,0.05765092940412039,0.03154004512404377,0.7124076228541287,0.0,0.3204122045554036,0.011180339991249712,MODEL_ONLY,DUPLICATE_OR_OLD,DUPLICATE_OR_OLD,0.027622188212494243,0.026110884280076622,99.16967910700001,False,
99.41967910700001,0.05117711201061767,0.04997404555537478,0.018346226306904065,0.7136547796399023,0.0,0.33799113252795837,0.00618033990263594,FUSED,ACCEPTED,ACCEPTED,0.032830885703713605,0.03162781924847072,99.16967910700001,True,-0.0010125652189639095
99.469679107,0.06861160447461487,0.06740853801937198,0.03578071877090126,0.7150079532668474,0.0,0.35346878681581273,0.011180339902635656,MODEL_ONLY,DUPLICATE_OR_OLD,DUPLICATE_OR_OLD,0.032830885703713605,0.03162781924847072,99.16967910700001,False,
99.519679107,0.05810396420044951,0.05713066819663466,0.020501312568537197,0.7164150040503333,0.0,0.3670963403633526,0.006180339889707323,FUSED,ACCEPTED,ACCEPTED,0.037602651631912315,0.036629355628097465,99.16967910700001,True,-0.0008312900553547678
99.56967910700001,0.07679188134768483,0.07581858534386998,0.03918922971577251,0.7179072676074414,0.0,0.3790949424924133,0.01118033988970846,MODEL_ONLY,DUPLICATE_OR_OLD,DUPLICATE_OR_OLD,0.03760265163191232,0.03662935562809747,99.16967910700001,False,
99.61967910700001,0.060355884918387795,0.05978693850290246,0.02221774187214756,0.7194424418971394,0.0,0.38965930773590257,0.006180339887821271,FUSED,ACCEPTED,ACCEPTED,0.03813814304624023,0.0375691966307549,99.16967910700001,True,-0.00031904462659478744
99.66967910700001,0.08001493464829429,0.07944598823280896,0.041876791602054056,0.7210448052339943,0.0,0.39896087568501953,0.011180339887820988,MODEL_ONLY,DUPLICATE_OR_OLD,DUPLICATE_OR_OLD,0.03813814304624023,0.037569196630754906,99.16967910700001,False,
99.719679107,0.06590641430343966,0.06545156991435848,0.0235654814455971,0.7226808620601854,0.0,0.40715059312832363,0.006180339887545893,FUSED,ACCEPTED,ACCEPTED,0.04234093285784256,0.04188608846876138,99.16967910700001,True,-0.0003843254585795819
99.769679107,0.0863181145191236,0.08586327013004244,0.043977181661281055,0.7243694286378574,0.0,0.41436136363154047,0.011180339887545609,MODEL_ONLY,DUPLICATE_OR_OLD,DUPLICATE_OR_OLD,0.04234093285784255,0.041886088468761386,99.16967910700001,False,
99.81967910700001,0.098352406465123,0.09815016566976592,0.05955595719319441,0.7269577571092198,0.0,0.42071020431011447,0.006180339887505923,FUSED,ACCEPTED,ACCEPTED,0.03879644927192859,0.03859420847657151,99.16967910700001,True,-4.6123188755672895e-05
99.86967910700001,0.11891176834601445,0.11870952755065738,0.08011531907408587,0.7304495390159016,0.0,0.4263001447948256,0.01118033988750564,MODEL_ONLY,DUPLICATE_OR_OLD,DUPLICATE_OR_OLD,0.03879644927192859,0.03859420847657151,99.16967910700001,False,
99.91967910700001,0.16157899111080498,0.1614806754826819,0.11791687273387444,0.7354003438111003,0.0,0.43122189920710363,0.006180339887499884,FUSED,ACCEPTED,ACCEPTED,0.04366211837693054,0.04356380274880747,99.16967910700001,True,-3.4086342485958876e-05
99.969679107,0.1819733650763465,0.18187504944822344,0.13831124669941597,0.7418060467969322,0.0,0.43555533827698856,0.0111803398874996,MODEL_ONLY,DUPLICATE_OR_OLD,DUPLICATE_OR_OLD,0.04366211837693054,0.04356380274880747,99.16967910700001,False,
100.019679107,0.19454677790479527,0.19451846071121712,0.15076014340863944,0.7490328315496332,0.0,0.43937078549344427,0.006180339887499003,FUSED,ACCEPTED,ACCEPTED,0.04378663449615583,0.043758317302577676,99.16967910700001,True,1.4944218129898934e-05
100.06967910700001,0.2150182642305957,0.21498994703701754,0.17123162973443987,0.757082625878212,0.0,0.44273015832107476,0.01118033988750014,MODEL_ONLY,DUPLICATE_OR_OLD,DUPLICATE_OR_OLD,0.04378663449615583,0.043758317302577676,99.16967910700001,False,
100.11967910700001,0.2386149063102052,0.23860448314703134,0.19670877081818186,0.766281135892027,0.0,0.4456879730030189,0.006180339887499082,FUSED,ACCEPTED,ACCEPTED,0.04190613549202335,0.04189571232884948,99.16967910700001,True,6.359558116925124e-07
100.16967910700001,0.259058389838651,0.25904796667547714,0.21715225434662763,0.7766276615211466,0.0,0.4482922292560819,0.011180339887498798,MODEL_ONLY,DUPLICATE_OR_OLD,DUPLICATE_OR_OLD,0.04190613549202335,0.041895712328849505,99.16967910700001,False,
100.219679107,0.2732226950639447,0.2727671459824068,0.2272138323185785,0.7877368136877761,0.0,0.46169776756430847,0.006180339887498886,FUSED,ACCEPTED,ACCEPTED,0.0460088627453662,0.04555331366382831,99.16967910700001,True,-0.0007306520283603679
100.269679107,0.2947738255411291,0.2943182764595912,0.2487649627957629,0.799636283565634,0.0,0.4735008927492605,0.011180339887498603,MODEL_ONLY,DUPLICATE_OR_OLD,DUPLICATE_OR_OLD,0.04600886274536617,0.04555331366382828,99.16967910700001,False,
100.31967910700001,0.3059347514547256,0.3053059407304311,0.2569606273927832,0.8122794233203505,0.0,0.4838931471241701,0.0061803398874990655,FUSED,ACCEPTED,ACCEPTED,0.0489741240619424,0.04834531333764791,99.16967910700001,True,-0.0007358923084646932
100.36967910700001,0.3283463025577185,0.327717491833424,0.2793721784957761,0.8256877434675638,0.0,0.4930431772475865,0.011180339887498782,MODEL_ONLY,DUPLICATE_OR_OLD,DUPLICATE_OR_OLD,0.0489741240619424,0.04834531333764791,99.16967910700001,False,
100.41967910700001,0.34741075705063174,0.34685599799233535,0.29733015686108105,0.8401053018514844,0.0,0.5010994707368596,0.006180339887498883,FUSED,ACCEPTED,ACCEPTED,0.050080600189550684,0.0495258411312543,99.16967910700001,True,-0.0005089926117859689
100.469679107,0.37046237808817645,0.36990761902988006,0.32038177789862576,0.8555481002204761,0.0,0.5081927659402494,0.0111803398874986,MODEL_ONLY,DUPLICATE_OR_OLD,DUPLICATE_OR_OLD,0.050080600189550684,0.0495258411312543,99.16967910700001,False,
100.519679107,0.38715504371976645,0.3866994004679095,0.3358593005234266,0.8719541271810265,0.0,0.5144381735721125,0.006180339887498857,FUSED,ACCEPTED,ACCEPTED,0.05129574319633984,0.05084009994448291,99.16967910700001,True,-0.00039438631465502083
100.56967910700001,0.41071534766647116,0.41025970441461423,0.3594196044701313,0.8893360998058694,0.0,0.5199370447412559,0.011180339887499995,MODEL_ONLY,DUPLICATE_OR_OLD,DUPLICATE_OR_OLD,0.05129574319633984,0.05084009994448291,99.16967910700001,False,
100.61967910700001,0.4221655067774849,0.4218323541044192,0.3715331793275032,0.9076099194008092,0.0,0.52477861568701,0.00618033988749906,FUSED,ACCEPTED,ACCEPTED,0.050632327449981696,0.050299174776916034,99.16967910700001,True,-0.0002574493320709956
100.66967910700001,0.446129591294276,0.4457964386212103,0.3954972638442943,0.926785680480103,0.0,0.5290414559139849,0.011180339887498777,MODEL_ONLY,DUPLICATE_OR_OLD,DUPLICATE_OR_OLD,0.050632327449981696,0.050299174776916034,99.16967910700001,False,
100.719679107,0.46603489313682667,0.4657380892064241,0.4121993477185477,0.9469780957691729,0.0,0.5327947432259579,0.0061803398874988825,FUSED,ACCEPTED,ACCEPTED,0.05383554541827895,0.05353874148787641,99.16967910700001,True,-0.00027433917198840113
100.769679107,0.49031104535499054,0.490014241424588,0.4364754999367116,0.9681949669605532,0.0,0.5360993863502943,0.0111803398874986,MODEL_ONLY,DUPLICATE_OR_OLD,DUPLICATE_OR_OLD,0.05383554541827895,0.05353874148787641,99.16967910700001,False,
100.81967910700001,0.5105020929585709,0.5103134208177167,0.46047040044269266,0.9906186144700434,0.0,0.5390090133709569,0.006180339887499064,FUSED,ACCEPTED,ACCEPTED,0.05003169251587819,0.04984302037502403,99.16967910700001,True,-0.00012184301964907746
100.86967910700001,0.535501533298061,0.5353128611572069,0.4854698407821829,1.014267120500664,0.0,0.5511970793429282,0.01118033988749878,MODEL_ONLY,DUPLICATE_OR_OLD,DUPLICATE_OR_OLD,0.050031692515878134,0.04984302037502397,99.16967910700001,False,
100.91967910700001,0.5611697196713632,0.5608657106427256,0.5150118550292461,1.0392791628959481,0.0002580483688602911,0.5619282611218314,0.006180339887498883,FUSED,ACCEPTED,ACCEPTED,0.04615786464211713,0.045853855613479544,99.16967910700001,True,-0.00037529114544444103
100.969679107,0.5871694135816302,0.5868654045529926,0.5410115489395131,1.0656797479951656,0.0002580483688602911,0.5713767054145267,0.0111803398874986,MODEL_ONLY,DUPLICATE_OR_OLD,DUPLICATE_OR_OLD,0.04615786464211713,0.045853855613479544,99.16967910700001,False,
101.019679107,0.6150619020363807,0.6142680017354987,0.5610208209378964,1.0932305572420993,-0.0024779025136254644,0.588318275788186,0.006180339887498857,FUSED,ACCEPTED,ACCEPTED,0.05404108109848427,0.05324718079760227,99.16967910700001,True,-0.0010966697579209636
101.06967910700001,0.6425066342029331,0.6417127339020511,0.5884655531044488,1.1219677165931645,-0.0024779025136254644,0.6032347581667651,0.011180339887499995,MODEL_ONLY,DUPLICATE_OR_OLD,DUPLICATE_OR_OLD,0.05404108109848427,0.05324718079760227,99.16967910700001,False,
101.11967910700001,0.6750383950612355,0.6741800867629572,0.6162683728276053,1.1520860647414641,0.003180182374263705,0.6163682187399524,0.00618033988749906,FUSED,ACCEPTED,ACCEPTED,0.05877002223363026,0.05791171393535188,99.16967910700001,True,-0.0008981146298166418
101.16967910700001,0.7043870728458899,0.7035287645476115,0.6456170506122596,1.183633200327459,0.003180182374263705,0.6358169958666726,0.011180339887498777,MODEL_ONLY,DUPLICATE_OR_OLD,DUPLICATE_OR_OLD,0.05877002223363026,0.05791171393535188,99.16967910700001,False,
101.219679107,0.7377412902586722,0.736630746867387,0.6742992851060469,1.2166311087204147,-0.0024619927987592845,0.6529409893865776,0.0061803398874988825,FUSED,ACCEPTED,ACCEPTED,0.06344200515262532,0.06233146176134019,99.16967910700001,True,-0.0012664332519187887
101.269679107,0.76841308437746,0.7673025409861749,0.7049710792248347,1.2511128678286847,-0.0024619927987592845,0.6680180892041742,0.0111803398874986,MODEL_ONLY,DUPLICATE_OR_OLD,DUPLICATE_OR_OLD,0.06344200515262532,0.06233146176134019,99.16967910700001,False,
101.31967910700001,0.8081615971492078,0.8071624963392063,0.7406108034017385,1.2872524148943572,0.013015870079659353,0.6812929680252618,0.006180339887499064,FUSED,ACCEPTED,ACCEPTED,0.0675507937474693,0.06655169293746788,99.16967910700001,True,-0.0009302255069740251
101.36967910700001,0.8408524517427532,0.8398533509327518,0.7733016579952839,1.3251002264292806,0.013015870079659353,0.6929810519304166,0.01118033988749878,MODEL_ONLY,DUPLICATE_OR_OLD,DUPLICATE_OR_OLD,0.0675507937474693,0.06655169293746788,99.16967910700001,False,
101.41967910700001,0.893310850269835,0.892167917197507,0.8227434343865256,1.3650013537388235,0.04819486917125848,0.7105855204294121,0.006180339887498883,FUSED,ACCEPTED,ACCEPTED,0.07056741588330939,0.06942448281098135,99.16967910700001,True,-0.0012318262991248413
101.469679107,0.9294141090018037,0.9282711759294756,0.8588466931184943,1.4070411069264466,0.04819486917125848,0.7260856622909796,0.0111803398874986,MODEL_ONLY,DUPLICATE_OR_OLD,DUPLICATE_OR_OLD,0.07056741588330939,0.06942448281098135,99.16967910700001,False,
101.519679107,0.9851962856723144,0.9837859581291989,0.9064536531682428,1.4511736155836126,0.06906441030868245,0.739733015390133,0.006180339887498857,FUSED,ACCEPTED,ACCEPTED,0.07874263250407165,0.07733230496095611,99.16967910700001,True,-0.0015755864144660209
101.56967910700001,1.0236253995559437,1.0222150720128282,0.944882767051872,1.497457026089126,0.06906441030868245,0.7517490503578406,0.011180339887499995,MODEL_ONLY,DUPLICATE_OR_OLD,DUPLICATE_OR_OLD,0.07874263250407165,0.07733230496095622,99.16967910700001,False,
101.61967910700001,1.070067379958203,1.0689353096552496,0.987056144456121,1.5457554988768232,0.05983862320506856,0.7623287646288844,0.00618033988749906,FUSED,ACCEPTED,ACCEPTED,0.083011235502082,0.08187916519912863,99.16967910700001,True,-0.0009600978709173452
101.66967910700001,1.1090296098905226,1.1078975395875692,1.0260183743884406,1.5960823618479343,0.05983862320506856,0.7716438468800405,0.011180339887498777,MODEL_ONLY,DUPLICATE_OR_OLD,DUPLICATE_OR_OLD,0.083011235502082,0.08187916519912863,99.16967910700001,False,
101.719679107,1.1315729199200104,1.1311405075419367,1.0774885531249394,1.6486700350357657,0.0032675466768888536,0.7798454632113331,0.0061803398874988825,FUSED,ACCEPTED,ACCEPTED,0.054084366795071004,0.05365195441699733,99.16967910700001,True,0.0
101.769679107,1.1842402820379518,1.1840361246068765,1.147018817004843,1.704282719289007,0.08295638277828032,0.7870667102848495,0.005278640450004129,FUSED,ACCEPTED,ACCEPTED,0.03722146503310886,0.03701730760203348,99.16967910700001,True,0.0
101.81967910700001,1.225447230943917,1.2252430735128417,1.1882257659108082,1.7626638338619116,0.08295638277828032,0.7934247752308802,0.010278640450005266,MODEL_ONLY,DUPLICATE_OR_OLD,DUPLICATE_OR_OLD,0.03722146503310886,0.03701730760203348,99.16967910700001,False,
101.86967910700001,1.2669340645431968,1.2667299071121214,1.229712599510088,1.8231122929974306,0.08295638277828032,0.7990228373725533,0.015278640450004983,MODEL_ONLY,DUPLICATE_OR_OLD,DUPLICATE_OR_OLD,0.03722146503310886,0.03701730760203348,99.16967910700001,False,
101.91967910700001,1.3450148648913214,1.3446977942213065,1.270113328335758,1.8856079411935731,0.15121708643181223,0.8039517426303721,0.006697341805517412,FUSED,ACCEPTED,ACCEPTED,0.07490153655556342,0.07458446588554857,99.16967910700001,True,-0.00037275154231887486
101.969679107,1.3903781455054982,1.3900610748354834,1.3154766089499348,1.9502476896257117,0.15121708643181223,0.8082914777790233,0.011697341805517129,MODEL_ONLY,DUPLICATE_OR_OLD,DUPLICATE_OR_OLD,0.07490153655556342,0.07458446588554857,99.16967910700001,False,
102.019679107,1.450099261822484,1.449124146164895,1.3588724918014725,2.0171064171444932,0.14093853490027292,0.8189656405300253,0.006254308734986658,FUSED,ACCEPTED,ACCEPTED,0.09122677002101143,0.09025165436342242,99.16967910700001,True,-0.0013692173027723964
102.06967910700001,1.4959522256778088,1.4949771100202198,1.4047254556567974,2.0861963658309657,0.14093853490027292,0.8283638814881931,0.011254308734987796,MODEL_ONLY,DUPLICATE_OR_OLD,DUPLICATE_OR_OLD,0.09122677002101143,0.09025165436342242,99.16967910700001,False,
102.11967910700001,1.5508559823774815,1.5501640501257452,1.4507649674615497,2.15758362640892,0.14902585231806859,0.8366387162614815,0.006191101391797983,FUSED,ACCEPTED,ACCEPTED,0.10009101491593175,0.0993990826641955,99.16967910700001,True,-0.0005177117355213562
102.16967910700001,1.5978913355752562,1.59719940332352,1.4978003206593244,2.231297758611938,0.14902585231806859,0.8439244297082873,0.0111911013917977,MODEL_ONLY,DUPLICATE_OR_OLD,DUPLICATE_OR_OLD,0.10009101491593175,0.0993990826641955,99.16967910700001,False,
102.219679107,1.6445630841926877,1.6439646914011505,1.5418883827711296,2.307289976197695,0.13236488632327914,0.8503392551257467,0.0061819093246946,FUSED,ACCEPTED,ACCEPTED,0.1026747014215581,0.10207630863002093,99.16967910700001,True,-0.0005406206499543181
102.269679107,1.6913685306893171,1.69077013789778,1.588693829267759,2.385554531498663,0.13236488632327914,0.8559872929516817,0.011181909324694317,MODEL_ONLY,DUPLICATE_OR_OLD,DUPLICATE_OR_OLD,0.1026747014215581,0.10207630863002093,99.16967910700001,False,
102.31967910700001,1.7430752520054889,1.7427382900155053,1.6386422606098991,2.4662379337456226,0.14756121152648685,0.8609602001170705,0.006180568851574267,FUSED,ACCEPTED,ACCEPTED,0.1044329913955897,0.10409602940560614,99.16967910700001,True,-0.00017540453943332146
102.36967910700001,1.7911080833361566,1.790771121346173,1.6866750919405669,2.5493708675593796,0.14756121152648685,0.8653386774640184,0.011180568851573983,MODEL_ONLY,DUPLICATE_OR_OLD,DUPLICATE_OR_OLD,0.1044329913955897,0.10409602940560614,99.16967910700001,False,
102.41967910700001,1.8412972766638693,1.8408735282865172,1.7345557905704378,2.6349016396221496,0.14299695328609488,0.8691937793672211,0.006180373292615105,FUSED,ACCEPTED,ACCEPTED,0.10674148609343148,0.10631773771607933,99.16967910700001,True,-0.0004773845555140488
102.469679107,1.8894643643035036,1.8890406159261515,1.7827228782100721,2.7228336063416574,0.14299695328609488,0.8725880668115623,0.011180373292614822,MODEL_ONLY,DUPLICATE_OR_OLD,DUPLICATE_OR_OLD,0.10674148609343148,0.10631773771607933,99.16967910700001,False,
102.519679107,1.9424045269498584,1.942134377980928,1.8334403508843011,2.8132376870690115,0.1537388261199166,0.8755766226381257,0.006180344761233412,FUSED,ACCEPTED,ACCEPTED,0.1089641760655573,0.10869402709662679,99.16967910700001,True,-0.00017521950986068568
102.56967910700001,1.9913897020661857,1.9911195530972552,1.8824255260006284,2.906134333991156,0.1537388261199166,0.8782079454341308,0.01118034476123455,MODEL_ONLY,DUPLICATE_OR_OLD,DUPLICATE_OR_OLD,0.1089641760655573,0.10869402709662679,99.16967910700001,False,
102.61967910700001,2.012499411787771,2.01237298770317,1.9306834818760477,3.0014620591880674,0.06708014888658743,0.8805247365729243,0.006180340598567217,FUSED,ACCEPTED,ACCEPTED,0.08181592991172337,0.08168950582712231,99.16967910700001,True,-3.759724781156326e-05
102.66967910700001,2.0573694853941076,2.0572430613095065,1.9755535554823842,3.0991179851220227,0.06708014888658743,0.882564593176205,0.011180340598566933,MODEL_ONLY,DUPLICATE_OR_OLD,DUPLICATE_OR_OLD,0.08181592991172337,0.08168950582712231,99.16967910700001,False,
102.719679107,2.1149774922112643,2.1156022696090298,2.0202431551617375,3.19901290288812,0.14906372253163058,0.8843606182439262,0.006180339991242326,FUSED,ACCEPTED,ACCEPTED,0.09473433704952683,0.09535911444729228,99.16967910700001,True,0.0010890454258650067
102.769679107,2.1641156127209578,2.164740390118723,2.069381275671431,3.3012535136589434,0.14906372253163058,0.8859419578531396,0.011180339991242043,MODEL_ONLY,DUPLICATE_OR_OLD,DUPLICATE_OR_OLD,0.09473433704952683,0.09535911444729228,99.16967910700001,False,
102.81967910700001,2.2133233490417683,2.2139481264395338,2.1185890119922415,3.405952770850559,0.14906372253163058,0.887334274143491,0.01618033999124318,MODEL_ONLY,DUPLICATE_OR_OLD,DUPLICATE_OR_OLD,0.09473433704952683,0.09535911444729228,99.16967910700001,False,
102.86967910700001,2.167858042692024,2.167858042692024,2.167858042692024,3.5131139472176596,0.14906372253163058,0.8885601617650254,0.021180339991242896,MODEL_ONLY,MISSING_OR_STALE,MISSING_OR_STALE,0.0,0.0,103.36967910700001,False,
102.91967910700001,2.2171810410295985,2.2171810410295985,2.2171810410295985,3.622739924310694,0.14906372253163058,0.8896395145464631,0.026180339991242613,MODEL_ONLY,MISSING_OR_STALE,MISSING_OR_STALE,0.0,0.0,103.41967910700001,False,
102.969679107,2.2665515560557807,2.2665515560557807,2.2665515560557807,3.734833239237822,0.14906372253163058,0.890589848334269,0.03118033999124233,MODEL_ONLY,MISSING_OR_STALE,MISSING_OR_STALE,0.0,0.0,103.469679107,False,
103.019679107,2.315963907926851,2.315963907926851,2.315963907926851,3.8493961258373814,0.14906372253163058,0.8914265852415874,0.036180339991242046,MODEL_ONLY,MISSING_OR_STALE,MISSING_OR_STALE,0.0,0.0,103.519679107,False,
103.06967910700001,2.3654130957315567,2.3654130957315567,2.3654130957315567,3.966430550928868,0.14906372253163058,0.8921633039198585,0.04118033999124318,MODEL_ONLY,MISSING_OR_STALE,MISSING_OR_STALE,0.0,0.0,103.56967910700001,False,
103.11967910700001,2.4148947163358048,2.4148947163358048,2.4148947163358048,4.085938246230546,0.14906372253163058,0.8928119599145521,0.046180339991242894,MODEL_ONLY,MISSING_OR_STALE,MISSING_OR_STALE,0.0,0.0,103.61967910700001,False,
103.16967910700001,2.464404892928265,2.464404892928265,2.464404892928265,4.207920736462141,0.14906372253163058,0.8933830796809727,0.05118033999124261,MODEL_ONLY,MISSING_OR_STALE,MISSING_OR_STALE,0.0,0.0,103.66967910700001,False,
103.219679107,2.5139402121070424,2.5139402121070424,2.5139402121070424,4.332379364088016,0.14906372253163058,0.8938859314086446,0.05618033999124232,MODEL_ONLY,MISSING_OR_STALE,MISSING_OR_STALE,0.0,0.0,103.719679107,False,
103.269679107,2.5634976684866686,2.5634976684866686,2.5634976684866686,4.459315311102852,0.14906372253163058,0.8943286754264315,0.06118033999124203,MODEL_ONLY,MISSING_OR_STALE,MISSING_OR_STALE,0.0,0.0,103.769679107,False,
103.31967910700001,2.613074615926422,2.613074615926422,2.613074615926422,4.5887296182132085,0.14906372253163058,0.8947184966291818,0.06618033999124318,MODEL_ONLY,MISSING_OR_STALE,MISSING_OR_STALE,0.0,0.0,103.81967910700001,False,
103.36967910700001,2.6626687245884337,2.6626687245884337,2.6626687245884337,4.720623201726072,0.14906372253163058,0.895061721074931,0.07118033999124289,MODEL_ONLY,MISSING_OR_STALE,MISSING_OR_STALE,0.0,0.0,103.86967910700001,False,
103.41967910700001,2.7122779431289303,2.7122779431289303,2.7122779431289303,4.854996868418999,0.14906372253163058,0.8953639186448135,0.0761803399912426,MODEL_ONLY,MISSING_OR_STALE,MISSING_OR_STALE,0.0,0.0,103.91967910700001,False,
103.469679107,2.7619004654087638,2.7619004654087638,2.7619004654087638,4.991851328632434,0.14906372253163058,0.895629993431659,0.08118033999124231,MODEL_ONLY,MISSING_OR_STALE,MISSING_OR_STALE,0.0,0.0,103.969679107,False,
103.519679107,2.811534701183216,2.811534701183216,2.811534701183216,5.131187207797225,0.14906372253163058,0.8958642633241087,0.08618033999124203,MODEL_ONLY,MISSING_OR_STALE,MISSING_OR_STALE,0.0,0.0,104.019679107,False,
103.56967910700001,2.861179250295362,2.861179250295362,2.861179250295362,5.273005056584222,0.14906372253163058,0.8960705300777498,0.09118033999124317,MODEL_ONLY,MISSING_OR_STALE,MISSING_OR_STALE,0.0,0.0,104.06967910700001,False,
103.61967910700001,2.9111564812098885,2.9111564812098885,2.9111564812098885,5.417313449871846,0.14906372253163058,0.9027241661256595,0.09618033999124288,MODEL_ONLY,MISSING_OR_STALE,MISSING_OR_STALE,0.0,0.0,104.11967910700001,False,
103.66967910700001,2.96142662725174,2.96142662725174,2.96142662725174,5.5641280275833775,0.14906372253163058,0.908582468672182,0.1011803399912426,MODEL_ONLY,MISSING_OR_STALE,MISSING_OR_STALE,0.0,0.0,104.16967910700001,False,
103.719679107,3.0119546752022583,3.0119546752022583,3.0119546752022583,5.713462560144719,0.14906372253163058,0.9137405068455162,0.10618033999124231,MODEL_ONLY,MISSING_OR_STALE,MISSING_OR_STALE,0.0,0.0,104.219679107,False,
103.769679107,3.062709797101128,3.062709797101128,3.062709797101128,5.865329171952295,0.14906372253163058,0.9182819858125536,0.11118033999124202,MODEL_ONLY,MISSING_OR_STALE,MISSING_OR_STALE,0.0,0.0,104.269679107,False,
103.81967910700001,3.1136648499671256,3.1136648499671256,3.1136648499671256,6.019738538129037,0.14906372253163058,0.9222806051548211,0.11618033999124316,MODEL_ONLY,MISSING_OR_STALE,MISSING_OR_STALE,0.0,0.0,104.31967910700001,False,
103.86967910700001,3.1647959353190056,3.1647959353190056,3.1647959353190056,6.176700057761181,0.14906372253163058,0.9258012548727648,0.12118033999124288,MODEL_ONLY,MISSING_OR_STALE,MISSING_OR_STALE,0.0,0.0,104.36967910700001,False,
103.91967910700001,3.2160820113486106,3.2160820113486106,3.2160820113486106,6.336222006427862,0.14906372253163058,0.928901068427268,0.1261803399912426,MODEL_ONLY,MISSING_OR_STALE,MISSING_OR_STALE,0.0,0.0,104.41967910700001,False,
103.969679107,3.2675045514522147,3.2675045514522147,3.2675045514522147,6.498311670497873,0.14906372253163058,0.9316303499072487,0.13118033999124232,MODEL_ONLY,MISSING_OR_STALE,MISSING_OR_STALE,0.0,0.0,104.469679107,False,
104.019679107,3.3190472435789324,3.3190472435789324,3.3190472435789324,6.662975465373643,0.14906372253163058,0.9340333903695189,0.13618033999124204,MODEL_ONLY,MISSING_OR_STALE,MISSING_OR_STALE,0.0,0.0,104.519679107,False,
104.06967910700001,3.370695725517116,3.370695725517116,3.370695725517116,6.830219039601082,0.14906372253163058,0.9361491865985508,0.1411803399912432,MODEL_ONLY,MISSING_OR_STALE,MISSING_OR_STALE,0.0,0.0,104.56967910700001,False,
104.11967910700001,3.4224373518228703,3.4224373518228703,3.4224373518228703,7.000047366534572,0.14906372253163058,0.9380120739502493,0.1461803399912429,MODEL_ONLY,MISSING_OR_STALE,MISSING_OR_STALE,0.0,0.0,104.61967910700001,False,
104.16967910700001,3.4742609886085916,3.4742609886085916,3.4742609886085916,7.172464825045349,0.14906372253163058,0.9396522835495958,0.15118033999124264,MODEL_ONLY,MISSING_OR_STALE,MISSING_OR_STALE,0.0,0.0,104.66967910700001,False,
104.219679107,3.5261568328610537,3.5261568328610537,3.5261568328610537,7.3474752705820805,0.14906372253163058,0.9410964328844097,0.15618033999124237,MODEL_ONLY,MISSING_OR_STALE,MISSING_OR_STALE,0.0,0.0,104.719679107,False,
104.269679107,3.5781162533571274,3.5781162533571274,3.5781162533571274,7.525082097737525,0.14906372253163058,0.9423679577566421,0.1611803399912421,MODEL_ONLY,MISSING_OR_STALE,MISSING_OR_STALE,0.0,0.0,104.769679107,False,
104.31967910700001,3.630131650595431,3.630131650595431,3.630131650595431,7.70528829533638,0.14906372253163058,0.9434874926009483,0.16618033999124324,MODEL_ONLY,MISSING_OR_STALE,MISSING_OR_STALE,0.0,0.0,104.81967910700001,False,
104.36967910700001,3.6821963334707917,3.6821963334707917,3.6821963334707917,7.888096494938025,0.14906372253163058,0.9444732053423867,0.17118033999124296,MODEL_ONLY,MISSING_OR_STALE,MISSING_OR_STALE,0.0,0.0,104.86967910700001,False,
104.41967910700001,3.7343044106904006,3.7343044106904006,3.7343044106904006,8.073509013542044,0.14906372253163058,0.9453410922273512,0.1761803399912427,MODEL_ONLY,MISSING_OR_STALE,MISSING_OR_STALE,0.0,0.0,104.91967910700001,False,
104.469679107,3.7864506951692563,3.7864506951692563,3.7864506951692563,8.261527891188525,0.14906372253163058,0.9461052374122804,0.18118033999124242,MODEL_ONLY,MISSING_OR_STALE,MISSING_OR_STALE,0.0,0.0,104.969679107,False,
104.519679107,3.8386306198536366,3.8386306198536366,3.8386306198536366,8.452154924064086,0.14906372253163058,0.9467780415227771,0.18618033999124214,MODEL_ONLY,MISSING_OR_STALE,MISSING_OR_STALE,0.0,0.0,105.019679107,False,
104.56967910700001,3.8908401636065038,3.8908401636065038,3.8908401636065038,8.645391693650634,0.14906372253163058,0.94737042289222,0.1911803399912433,MODEL_ONLY,MISSING_OR_STALE,MISSING_OR_STALE,0.0,0.0,105.06967910700001,False,
104.61967910700001,3.9430757859520242,3.9430757859520242,3.9430757859520242,8.841239592389586,0.14906372253163058,0.947891994745584,0.196180339991243,MODEL_ONLY,MISSING_OR_STALE,MISSING_OR_STALE,0.0,0.0,105.11967910700001,False,
104.66967910700001,3.9953343696204575,3.9953343696204575,3.9953343696204575,9.039699846278888,0.14906372253163058,0.9483512212038328,0.20118033999124274,MODEL_ONLY,MISSING_OR_STALE,MISSING_OR_STALE,0.0,0.0,105.16967910700001,False,
104.719679107,4.047613169960726,4.047613169960726,4.047613169960726,9.240773534768406,0.14906372253163058,0.9487555546405307,0.20618033999124247,MODEL_ONLY,MISSING_OR_STALE,MISSING_OR_STALE,0.0,0.0,105.219679107,False,
104.769679107,4.099909770399953,4.099909770399953,4.099909770399953,9.444461608277411,0.14906372253163058,0.9491115566197186,0.2111803399912422,MODEL_ONLY,MISSING_OR_STALE,MISSING_OR_STALE,0.0,0.0,105.269679107,False,
104.81967910700001,4.152222043227091,4.152222043227091,4.152222043227091,9.650764903618134,0.14906372253163058,0.9494250043776402,0.21618033999124334,MODEL_ONLY,MISSING_OR_STALE,MISSING_OR_STALE,0.0,0.0,105.31967910700001,False,
104.86967910700001,4.204548115064148,4.204548115064148,4.204548115064148,9.859684157575403,0.14906372253163058,0.9497009845763182,0.22118033999124306,MODEL_ONLY,MISSING_OR_STALE,MISSING_OR_STALE,0.0,0.0,105.36967910700001,False,
104.91967910700001,4.256886336464911,4.256886336464911,4.256886336464911,10.071220018863617,0.14906372253163058,0.9499439758504222,0.2261803399912428,MODEL_ONLY,MISSING_OR_STALE,MISSING_OR_STALE,0.0,0.0,105.41967910700001,False,
104.969679107,4.309235255147502,4.309235255147502,4.309235255147502,10.285373058653915,0.14906372253163058,0.9501579214870058,0.23118033999124252,MODEL_ONLY,MISSING_OR_STALE,MISSING_OR_STALE,0.0,0.0,105.469679107,False,
105.019679107,4.3615935924266225,4.3615935924266225,4.3615935924266225,10.502143779843257,0.14906372253163058,0.9503462934175698,0.23618033999124224,MODEL_ONLY,MISSING_OR_STALE,MISSING_OR_STALE,0.0,0.0,105.519679107,False,
105.06967910700001,4.413960222462925,4.413960222462925,4.413960222462925,10.721532625215545,0.14906372253163058,0.9505121485609186,0.2411803399912434,MODEL_ONLY,MISSING_OR_STALE,MISSING_OR_STALE,0.0,0.0,105.56967910700001,False,
105.11967910700001,4.466334153992724,4.466334153992724,4.466334153992724,10.943539984626923,0.14906372253163058,0.9506581784311486,0.2461803399912431,MODEL_ONLY,MISSING_OR_STALE,MISSING_OR_STALE,0.0,0.0,105.61967910700001,False,
105.16967910700001,4.518714514241756,4.518714514241756,4.518714514241756,11.168166201332772,0.14906372253163058,0.9507867528158124,0.25118033999124284,MODEL_ONLY,MISSING_OR_STALE,MISSING_OR_STALE,0.0,0.0,105.66967910700001,False,
105.219679107,4.571100534761651,4.571100534761651,4.571100534761651,11.395411577557844,0.14906372253163058,0.9508999582330714,0.25618033999124257,MODEL_ONLY,MISSING_OR_STALE,MISSING_OR_STALE,0.0,0.0,105.719679107,False,
105.269679107,4.623491538959489,4.623491538959489,4.623491538959489,11.62527637940086,0.14906372253163058,0.9509996317919246,0.2611803399912423,MODEL_ONLY,MISSING_OR_STALE,MISSING_OR_STALE,0.0,0.0,105.769679107,False,
105.31967910700001,4.675886931117995,4.675886931117995,4.675886931117995,11.857760841152851,0.14906372253163058,0.9510873910049994,0.2661803399912434,MODEL_ONLY,MISSING_OR_STALE,MISSING_OR_STALE,0.0,0.0,105.81967910700001,False,
105.36967910700001,4.7282861867281225,4.7282861867281225,4.7282861867281225,12.09286516909899,0.14906372253163058,0.9511646600377109,0.27118033999124314,MODEL_ONLY,MISSING_OR_STALE,MISSING_OR_STALE,0.0,0.0,105.86967910700001,False,
105.41967910700001,4.7806888439773525,4.7806888439773525,4.7806888439773525,12.330589544866614,0.14906372253163058,0.9512326928197631,0.27618033999124286,MODEL_ONLY,MISSING_OR_STALE,MISSING_OR_STALE,0.0,0.0,105.91967910700001,False,
105.469679107,4.833094496255296,4.833094496255296,4.833094496255296,12.570934128372416,0.14906372253163058,0.9512925933940465,0.2811803399912426,MODEL_ONLY,MISSING_OR_STALE,MISSING_OR_STALE,0.0,0.0,105.969679107,False,
105.519679107,4.885502785555196,4.885502785555196,4.885502785555196,12.813899060417665,0.14906372253163058,0.9513453338331592,0.2861803399912423,MODEL_ONLY,MISSING_OR_STALE,MISSING_OR_STALE,0.0,0.0,106.019679107,False,
105.56967910700001,4.937913396664167,4.937913396664167,4.937913396664167,13.059484464973204,0.14906372253163058,0.951391770014299,0.29118033999124343,MODEL_ONLY,MISSING_OR_STALE,MISSING_OR_STALE,0.0,0.0,106.06967910700001,False,
105.61967910700001,4.990326052047835,4.990326052047835,4.990326052047835,13.30769045119099,0.14906372253163058,0.9514326555085254,0.29618033999124316,MODEL_ONLY,MISSING_OR_STALE,MISSING_OR_STALE,0.0,0.0,106.11967910700001,False,
105.66967910700001,5.042740507346566,5.042740507346566,5.042740507346566,13.558517115175835,0.14906372253163058,0.9514686538097877,0.3011803399912429,MODEL_ONLY,MISSING_OR_STALE,MISSING_OR_STALE,0.0,0.0,106.16967910700001,False,
105.719679107,5.095156547409916,5.095156547409916,5.095156547409916,13.811964541544732,0.14906372253163058,0.9515003491021717,0.3061803399912426,MODEL_ONLY,MISSING_OR_STALE,MISSING_OR_STALE,0.0,0.0,106.219679107,False,
105.769679107,5.147573982805162,5.147573982805162,5.147573982805162,14.068032804800094,0.14906372253163058,0.9515282557400986,0.31118033999124234,MODEL_ONLY,MISSING_OR_STALE,MISSING_OR_STALE,0.0,0.0,106.269679107,False,
105.81967910700001,5.199992646743184,5.199992646743184,5.199992646743184,14.32672197053886,0.14906372253163058,0.9515528265953205,0.31618033999124345,MODEL_ONLY,MISSING_OR_STALE,MISSING_OR_STALE,0.0,0.0,106.31967910700001,False,
105.86967910700001,5.252412392371734,5.252412392371734,5.252412392371734,14.588032096516718,0.14906372253163058,0.9515744604061691,0.3211803399912432,MODEL_ONLY,MISSING_OR_STALE,MISSING_OR_STALE,0.0,0.0,106.36967910700001,False,
105.91967910700001,5.304833090392392,5.304833090392392,5.304833090392392,14.851963233585806,0.14906372253163058,0.9515935082483223,0.3261803399912429,MODEL_ONLY,MISSING_OR_STALE,MISSING_OR_STALE,0.0,0.0,106.41967910700001,False,
105.969679107,5.357254626962238,5.357254626962238,5.357254626962238,15.118515426519657,0.14906372253163058,0.9516102792320955,0.33118033999124263,MODEL_ONLY,MISSING_OR_STALE,MISSING_OR_STALE,0.0,0.0,106.469679107,False,
106.019679107,5.4096769018464155,5.4096769018464155,5.4096769018464155,15.387688714739859,0.14906372253163058,0.9516250455187152,0.33618033999124236,MODEL_ONLY,MISSING_OR_STALE,MISSING_OR_STALE,0.0,0.0,106.519679107,False,
106.06967910700001,5.462099826791521,5.462099826791521,5.462099826791521,15.65948313295587,0.14906372253163058,0.9516380467369789,0.3411803399912435,MODEL_ONLY,MISSING_OR_STALE,MISSING_OR_STALE,0.0,0.0,106.56967910700001,False,
106.11967910700001,5.5145233240933615,5.5145233240933615,5.5145233240933615,15.933898711727977,0.14906372253163058,0.9516494938719761,0.3461803399912432,MODEL_ONLY,MISSING_OR_STALE,MISSING_OR_STALE,0.0,0.0,106.61967910700001,False,
106.16967910700001,5.566947325336052,5.566947325336052,5.566947325336052,16.210935477963698,0.14906372253163058,0.9516595726889749,0.35118033999124293,MODEL_ONLY,MISSING_OR_STALE,MISSING_OR_STALE,0.0,0.0,106.66967910700001,False,
106.219679107,5.619371770281695,5.619371770281695,5.619371770281695,16.490593455354126,0.14906372253163058,0.9516684467480406,0.35618033999124266,MODEL_ONLY,MISSING_OR_STALE,MISSING_OR_STALE,0.0,0.0,106.719679107,False,
106.269679107,5.671796605892852,5.671796605892852,5.671796605892852,16.772872664758474,0.14906372253163058,0.9516762600583041,0.3611803399912424,MODEL_ONLY,MISSING_OR_STALE,MISSING_OR_STALE,0.0,0.0,106.769679107,False,
106.31967910700001,5.7242217854718564,5.7242217854718564,5.7242217854718564,17.057773124542656,0.14906372253163058,0.9516831394149572,0.3661803399912435,MODEL_ONLY,MISSING_OR_STALE,MISSING_OR_STALE,0.0,0.0,106.81967910700001,False,
106.36967910700001,5.776647267902943,5.776647267902943,5.776647267902943,17.34529485087701,0.14906372253163058,0.9516891964568976,0.3711803399912432,MODEL_ONLY,MISSING_OR_STALE,MISSING_OR_STALE,0.0,0.0,106.86967910700001,False,
106.41967910700001,5.829073016985105,5.829073016985105,5.829073016985105,17.635437857999197,0.14906372253163058,0.9516945294784168,0.37618033999124295,MODEL_ONLY,MISSING_OR_STALE,MISSING_OR_STALE,0.0,0.0,106.91967910700001,False,
106.469679107,5.881499000844563,5.881499000844563,5.881499000844563,17.928202158444922,0.14906372253163058,0.9516992250243291,0.3811803399912427,MODEL_ONLY,MISSING_OR_STALE,MISSING_OR_STALE,0.0,0.0,106.969679107,False,
106.519679107,5.933925191417527,5.933925191417527,5.933925191417527,18.22358776325146,0.14906372253163058,0.9517033592944301,0.3861803399912424,MODEL_ONLY,MISSING_OR_STALE,MISSING_OR_STALE,0.0,0.0,107.019679107,False,
106.56967910700001,5.986327170781364,5.986327170781364,5.986327170781364,18.5215940723065,0.14906372253163058,0.9512191351116289,0.3911803399912435,MODEL_ONLY,MISSING_OR_STALE,MISSING_OR_STALE,0.0,0.0,107.06967910700001,False,
106.61967910700001,6.038658254128351,6.038658254128351,6.038658254128351,18.822218707929224,0.14906372253163058,0.9498012147749129,0.39618033999124325,MODEL_ONLY,MISSING_OR_STALE,MISSING_OR_STALE,0.0,0.0,107.11967910700001,False,
106.66967910700001,6.09087826285423,6.09087826285423,6.09087826285423,19.12545712085377,0.14906372253163058,0.9475797223527432,0.401180339991243,MODEL_ONLY,MISSING_OR_STALE,MISSING_OR_STALE,0.0,0.0,107.16967910700001,False,
106.719679107,6.142952757685006,6.142952757685006,6.142952757685006,19.431302896367235,0.14906372253163058,0.9446694444506766,0.4061803399912427,MODEL_ONLY,MISSING_OR_STALE,MISSING_OR_STALE,0.0,0.0,107.219679107,False,
106.769679107,6.194852356831587,6.194852356831587,6.194852356831587,19.73974802423013,0.14906372253163058,0.9411715307668055,0.4111803399912424,MODEL_ONLY,MISSING_OR_STALE,MISSING_OR_STALE,0.0,0.0,107.269679107,False,
106.81967910700001,6.2465521301593885,6.2465521301593885,6.2465521301593885,20.050783136404977,0.14906372253163058,0.9371750143909002,0.41618033999124354,MODEL_ONLY,MISSING_OR_STALE,MISSING_OR_STALE,0.0,0.0,107.31967910700001,False,
106.86967910700001,6.298031061270184,6.298031061270184,6.298031061270184,20.364397716190698,0.14906372253163058,0.9327581700510925,0.42118033999124327,MODEL_ONLY,MISSING_OR_STALE,MISSING_OR_STALE,0.0,0.0,107.36967910700001,False,
106.91967910700001,6.349271570217312,6.349271570217312,6.349271570217312,20.680580281977868,0.14906372253163058,0.9279897267777353,0.426180339991243,MODEL_ONLY,MISSING_OR_STALE,MISSING_OR_STALE,0.0,0.0,107.41967910700001,False,
106.969679107,6.400259090319351,6.400259090319351,6.400259090319351,20.999318548491267,0.14906372253163058,0.9229299498759498,0.4311803399912427,MODEL_ONLY,MISSING_OR_STALE,MISSING_OR_STALE,0.0,0.0,107.469679107,False,
107.019679107,6.450981693210679,6.450981693210679,6.450981693210679,21.3205995680795,0.14906372253163058,0.9176316056617189,0.43618033999124245,MODEL_ONLY,MISSING_OR_STALE,MISSING_OR_STALE,0.0,0.0,107.519679107,False,
107.06967910700001,6.501711378226594,6.501711378226594,6.501711378226594,21.644416894865508,0.14906372253163058,0.9177732481531853,0.44118033999124356,MODEL_ONLY,MISSING_OR_STALE,MISSING_OR_STALE,0.0,0.0,107.56967910700001,False,
107.11967910700001,6.55240445150742,6.55240445150742,6.55240445150742,21.970769790608838,0.14906372253163058,0.9170410134516773,0.4461803399912433,MODEL_ONLY,MISSING_OR_STALE,MISSING_OR_STALE,0.0,0.0,107.61967910700001,False,
107.16967910700001,6.603023135746032,6.603023135746032,6.603023135746032,22.299655480290156,0.14906372253163058,0.915553232607406,0.451180339991243,MODEL_ONLY,MISSING_OR_STALE,MISSING_OR_STALE,0.0,0.0,107.66967910700001,False,
107.219679107,6.653534876977475,6.653534876977475,6.653534876977475,22.631069430608225,0.14906372253163058,0.913414372464042,0.45618033999124274,MODEL_ONLY,MISSING_OR_STALE,MISSING_OR_STALE,0.0,0.0,107.719679107,False,
107.269679107,6.70391172872224,6.70391172872224,6.70391172872224,22.9650055957507,0.14906372253163058,0.9107165827304498,0.46118033999124247,MODEL_ONLY,MISSING_OR_STALE,MISSING_OR_STALE,0.0,0.0,107.769679107,False,
107.31967910700001,6.754129805127178,6.754129805127178,6.754129805127178,23.30145663409701,0.14906372253163058,0.9075410759336487,0.4661803399912436,MODEL_ONLY,MISSING_OR_STALE,MISSING_OR_STALE,0.0,0.0,107.81967910700001,False,
107.36967910700001,6.804168795623043,6.804168795623043,6.804168795623043,23.64041409911575,0.14906372253163058,0.9039593577524678,0.4711803399912433,MODEL_ONLY,MISSING_OR_STALE,MISSING_OR_STALE,0.0,0.0,107.86967910700001,False,
107.41967910700001,6.854011534404085,6.854011534404085,6.854011534404085,23.98186860736641,0.14906372253163058,0.9000343234560163,0.47618033999124304,MODEL_ONLY,MISSING_OR_STALE,MISSING_OR_STALE,0.0,0.0,107.91967910700001,False,
107.469679107,6.903643618740939,6.903643618740939,6.903643618740939,24.325809986195015,0.14906372253163058,0.8958212345722397,0.48118033999124277,MODEL_ONLY,MISSING_OR_STALE,MISSING_OR_STALE,0.0,0.0,107.969679107,False,
107.519679107,6.9530530707727385,6.9530530707727385,6.9530530707727385,24.67222740343284,0.14906372253163058,0.8913685884711494,0.4861803399912425,MODEL_ONLY,MISSING_OR_STALE,MISSING_OR_STALE,0.0,0.0,108.019679107,False,
107.56967910700001,7.002230037993444,7.002230037993444,7.002230037993444,25.021109481152074,0.14906372253163058,0.8867188922489998,0.4911803399912436,MODEL_ONLY,MISSING_OR_STALE,MISSING_OR_STALE,0.0,0.0,108.06967910700001,False,
107.61967910700001,7.0509070773578175,7.0509070773578175,7.0509070773578175,25.372437909035835,0.14906372253163058,0.8767203351226303,0.49618033999124334,MODEL_ONLY,MISSING_OR_STALE,MISSING_OR_STALE,0.0,0.0,108.11967910700001,False,
107.66967910700001,7.099110811525709,7.099110811525709,7.099110811525709,25.726188356257904,0.14906372253163058,0.8672542311930022,0.501180339991243,MODEL_ONLY,MISSING_OR_STALE,MISSING_OR_STALE,0.0,0.0,108.16967910700001,False,
107.719679107,7.146865450842546,7.146865450842546,7.146865450842546,26.08233776281709,0.14906372253163058,0.8582723341719003,0.5061803399912427,MODEL_ONLY,MISSING_OR_STALE,MISSING_OR_STALE,0.0,0.0,108.219679107,False,
107.769679107,7.194193043751382,7.194193043751382,7.194193043751382,26.44086422518192,0.14906372253163058,0.8497314060118766,0.5111803399912423,MODEL_ONLY,MISSING_OR_STALE,MISSING_OR_STALE,0.0,0.0,108.269679107,False,
107.81967910700001,7.241113700393459,7.241113700393459,7.241113700393459,26.801746893785623,0.14906372253163058,0.8415926806764373,0.5161803399912435,MODEL_ONLY,MISSING_OR_STALE,MISSING_OR_STALE,0.0,0.0,108.31967910700001,False,
107.86967910700001,7.2876457922657,7.2876457922657,7.2876457922657,27.16496588110208,0.14906372253163058,0.8338213852799772,0.5211803399912431,MODEL_ONLY,MISSING_OR_STALE,MISSING_OR_STALE,0.0,0.0,108.36967910700001,False,
107.91967910700001,7.3338061305022,7.3338061305022,7.3338061305022,27.530502179171258,0.14906372253163058,0.826386312565166,0.5261803399912428,MODEL_ONLY,MISSING_OR_STALE,MISSING_OR_STALE,0.0,0.0,108.41967910700001,False,
107.969679107,7.379610125075315,7.379610125075315,7.379610125075315,27.898337585560675,0.14906372253163058,0.8192594392974659,0.5311803399912425,MODEL_ONLY,MISSING_OR_STALE,MISSING_OR_STALE,0.0,0.0,108.469679107,False,
108.019679107,7.425071926969081,7.425071926969081,7.425071926969081,28.268454636861765,0.14906372253163058,0.8124155857104842,0.5361803399912421,MODEL_ONLY,MISSING_OR_STALE,MISSING_OR_STALE,0.0,0.0,108.519679107,False,
108.06967910700001,7.470204555159178,7.470204555159178,7.470204555159178,28.640836548915058,0.14906372253163058,0.8058321116368433,0.5411803399912433,MODEL_ONLY,MISSING_OR_STALE,MISSING_OR_STALE,0.0,0.0,108.56967910700001,False,
108.11967910700001,7.514764061091494,7.514764061091494,7.514764061091494,29.015460764321304,0.14906372253163058,0.7943696664814863,0.5461803399912429,MODEL_ONLY,MISSING_OR_STALE,MISSING_OR_STALE,0.0,0.0,108.61967910700001,False,
108.16967910700001,7.55879379241875,7.55879379241875,7.55879379241875,29.39229971065904,0.14906372253163058,0.7837741743802699,0.5511803399912426,MODEL_ONLY,MISSING_OR_STALE,MISSING_OR_STALE,0.0,0.0,108.66967910700001,False,
108.219679107,7.602332505784966,7.602332505784966,7.602332505784966,29.77132786811411,0.14906372253163058,0.7739538151594957,0.5561803399912423,MODEL_ONLY,MISSING_OR_STALE,MISSING_OR_STALE,0.0,0.0,108.719679107,False,
108.269679107,7.645414878954003,7.645414878954003,7.645414878954003,30.152521552732562,0.14906372253163058,0.7648270112158841,0.561180339991242,MODEL_ONLY,MISSING_OR_STALE,MISSING_OR_STALE,0.0,0.0,108.769679107,False,
108.31967910700001,7.688071965479281,7.688071965479281,7.688071965479281,30.535858723843482,0.14906372253163058,0.7563212783404917,0.5661803399912431,MODEL_ONLY,MISSING_OR_STALE,MISSING_OR_STALE,0.0,0.0,108.81967910700001,False,
108.36967910700001,7.7303315983243035,7.7303315983243035,7.7303315983243035,30.92131881293855,0.14906372253163058,0.7483722047356106,0.5711803399912427,MODEL_ONLY,MISSING_OR_STALE,MISSING_OR_STALE,0.0,0.0,108.86967910700001,False,
108.41967910700001,7.77221874813778,7.77221874813778,7.77221874813778,31.30888257160008,0.14906372253163058,0.7409225441046903,0.5761803399912424,MODEL_ONLY,MISSING_OR_STALE,MISSING_OR_STALE,0.0,0.0,108.91967910700001,False,
108.469679107,7.813755841256842,7.813755841256842,7.813755841256842,31.698531936334923,0.14906372253163058,0.7339214102164124,0.5811803399912421,MODEL_ONLY,MISSING_OR_STALE,MISSING_OR_STALE,0.0,0.0,108.969679107,False,
108.519679107,7.8547039359653565,7.8547039359653565,7.8547039359653565,32.090243430765454,0.14906372253163058,0.7221414420054348,0.5861803399912418,MODEL_ONLY,MISSING_OR_STALE,MISSING_OR_STALE,0.0,0.0,109.019679107,False,
108.56967910700001,7.895113640728768,7.895113640728768,7.895113640728768,32.4839888701829,0.14906372253163058,0.7113736431031633,0.5911803399912429,MODEL_ONLY,MISSING_OR_STALE,MISSING_OR_STALE,0.0,0.0,109.06967910700001,False,
108.61967910700001,7.935029976205038,7.935029976205038,7.935029976205038,32.879742460606224,0.14906372253163058,0.7015062573605445,0.5961803399912425,MODEL_ONLY,MISSING_OR_STALE,MISSING_OR_STALE,0.0,0.0,109.11967910700001,False,
108.66967910700001,7.974493010971705,7.974493010971705,7.974493010971705,33.27748053528562,0.14906372253163058,0.6924402431685107,0.6011803399912422,MODEL_ONLY,MISSING_OR_STALE,MISSING_OR_STALE,0.0,0.0,109.16967910700001,False,
108.719679107,8.013538424813014,8.013538424813014,8.013538424813014,33.677181321180214,0.14906372253163058,0.6840878246613252,0.6061803399912419,MODEL_ONLY,MISSING_OR_STALE,MISSING_OR_STALE,0.0,0.0,109.219679107,False,
108.769679107,8.052198007781268,8.052198007781268,8.052198007781268,34.07882473199505,0.14906372253163058,0.6763712072002326,0.6111803399912416,MODEL_ONLY,MISSING_OR_STALE,MISSING_OR_STALE,0.0,0.0,109.269679107,False,
108.81967910700001,8.09050010232345,8.09050010232345,8.09050010232345,34.48239218474776,0.14906372253163058,0.669221438678582,0.6161803399912427,MODEL_ONLY,MISSING_OR_STALE,MISSING_OR_STALE,0.0,0.0,109.31967910700001,False,
108.86967910700001,8.128202942972125,8.128202942972125,8.128202942972125,34.887859760880126,0.14906372253163058,0.6572363608086588,0.6211803399912423,MODEL_ONLY,MISSING_OR_STALE,MISSING_OR_STALE,0.0,0.0,109.36967910700001,False,
108.91967910700001,8.165362387586528,8.165362387586528,8.165362387586528,35.29519889414407,0.14906372253163058,0.6463684401232274,0.626180339991242,MODEL_ONLY,MISSING_OR_STALE,MISSING_OR_STALE,0.0,0.0,109.41967910700001,False,
108.969679107,8.202027986991835,8.202027986991835,8.202027986991835,35.70438365350851,0.14906372253163058,0.6364915359412956,0.6311803399912417,MODEL_ONLY,MISSING_OR_STALE,MISSING_OR_STALE,0.0,0.0,109.469679107,False,
109.019679107,8.238243710529554,8.238243710529554,8.238243710529554,36.11539044594652,0.14906372253163058,0.627494018589516,0.6361803399912414,MODEL_ONLY,MISSING_OR_STALE,MISSING_OR_STALE,0.0,0.0,109.519679107,False,
109.06967910700001,8.274048588140548,8.274048588140548,8.274048588140548,36.528197753413366,0.14906372253163058,0.619277100054846,0.6411803399912425,MODEL_ONLY,MISSING_OR_STALE,MISSING_OR_STALE,0.0,0.0,109.56967910700001,False,
109.11967910700001,8.309195738165721,8.309195738165721,8.309195738165721,36.942778861571,0.14906372253163058,0.6061225483386239,0.6461803399912421,MODEL_ONLY,MISSING_OR_STALE,MISSING_OR_STALE,0.0,0.0,109.61967910700001,False,
109.16967910700001,8.343750907481965,8.343750907481965,8.343750907481965,37.35910252771217,0.14906372253163058,0.5942829341600185,0.6511803399912418,MODEL_ONLY,MISSING_OR_STALE,MISSING_OR_STALE,0.0,0.0,109.66967910700001,False,
109.219679107,8.377772306565436,8.377772306565436,8.377772306565436,37.77714060806333,0.14906372253163058,0.5836075295045827,0.6561803399912415,MODEL_ONLY,MISSING_OR_STALE,MISSING_OR_STALE,0.0,0.0,109.719679107,False,
109.269679107,8.411311482807967,8.411311482807967,8.411311482807967,38.19686770279764,0.14906372253163058,0.5739630726857813,0.6611803399912412,MODEL_ONLY,MISSING_OR_STALE,MISSING_OR_STALE,0.0,0.0,109.769679107,False,
109.31967910700001,8.444414092719429,8.444414092719429,8.444414092719429,38.61826084218592,0.14906372253163058,0.5652317460641737,0.6661803399912423,MODEL_ONLY,MISSING_OR_STALE,MISSING_OR_STALE,0.0,0.0,109.81967910700001,False,
109.36967910700001,8.477120584683416,8.477120584683416,8.477120584683416,39.041299209120965,0.14906372253163058,0.557309387114892,0.6711803399912419,MODEL_ONLY,MISSING_OR_STALE,MISSING_OR_STALE,0.0,0.0,109.86967910700001,False,
109.41967910700001,8.509466802595112,8.509466802595112,8.509466802595112,39.4659638938029,0.14906372253163058,0.5501039060690858,0.6761803399912416,MODEL_ONLY,MISSING_OR_STALE,MISSING_OR_STALE,0.0,0.0,109.91967910700001,False,
109.469679107,8.541185170272005,8.541185170272005,8.541185170272005,39.892230193124554,0.14906372253163058,0.5375469013729984,0.6811803399912413,MODEL_ONLY,MISSING_OR_STALE,MISSING_OR_STALE,0.0,0.0,109.969679107,False,
109.519679107,8.572340859031383,8.572340859031383,8.572340859031383,40.320068343857116,0.14906372253163058,0.5262933230227139,0.686180339991241,MODEL_ONLY,MISSING_OR_STALE,MISSING_OR_STALE,0.0,0.0,110.019679107,False,
109.56967910700001,8.602991496421582,8.602991496421582,8.602991496421582,40.74945165274354,0.14906372253163058,0.5161922956389422,0.6911803399912421,MODEL_ONLY,MISSING_OR_STALE,MISSING_OR_STALE,0.0,0.0,110.06967910700001,False,
109.61967910700001,8.633188045765237,8.633188045765237,8.633188045765237,41.180356141298184,0.14906372253163058,0.5071105347082507,0.6961803399912417,MODEL_ONLY,MISSING_OR_STALE,MISSING_OR_STALE,0.0,0.0,110.11967910700001,False,
109.66967910700001,8.662975583242373,8.662975583242373,8.662975583242373,41.61276023202335,0.14906372253163058,0.498930297377852,0.7011803399912414,MODEL_ONLY,MISSING_OR_STALE,MISSING_OR_STALE,0.0,0.0,110.16967910700001,False,
109.719679107,8.692065711451612,8.692065711451612,8.692065711451612,42.04663626439067,0.14906372253163058,0.4849821120199033,0.7061803399912411,MODEL_ONLY,MISSING_OR_STALE,MISSING_OR_STALE,0.0,0.0,110.219679107,False,
109.769679107,8.720534148508706,8.720534148508706,8.720534148508706,42.48195126088965,0.14906372253163058,0.47254828897702067,0.7111803399912408,MODEL_ONLY,MISSING_OR_STALE,MISSING_OR_STALE,0.0,0.0,110.269679107,False,
109.81967910700001,8.748447774451133,8.748447774451133,8.748447774451133,42.91867580896375,0.14906372253163058,0.46145206668349914,0.7161803399912419,MODEL_ONLY,MISSING_OR_STALE,MISSING_OR_STALE,0.0,0.0,110.31967910700001,False,
109.86967910700001,8.77586566672968,8.77586566672968,8.77586566672968,43.35678364499324,0.14906372253163058,0.45153739340610627,0.7211803399912415,MODEL_ONLY,MISSING_OR_STALE,MISSING_OR_STALE,0.0,0.0,110.36967910700001,False,
109.91967910700001,8.802465929304335,8.802465929304335,8.802465929304335,43.79624193489407,0.14906372253163058,0.4351847993282184,0.7261803399912412,MODEL_ONLY,MISSING_OR_STALE,MISSING_OR_STALE,0.0,0.0,110.41967910700001,False,
109.969679107,8.828340612036534,8.828340612036534,8.828340612036534,44.23701209842757,0.14906372253163058,0.42067320247912493,0.7311803399912409,MODEL_ONLY,MISSING_OR_STALE,MISSING_OR_STALE,0.0,0.0,110.469679107,False,
110.019679107,8.853570949651202,8.853570949651202,8.853570949651202,44.67905988746974,0.14906372253163058,0.4077863001284792,0.7361803399912406,MODEL_ONLY,MISSING_OR_STALE,MISSING_OR_STALE,0.0,0.0,110.519679107,False,
110.06967910700001,8.878228634402513,8.878228634402513,8.878228634402513,45.12235487707118,0.14906372253163058,0.396333242861216,0.7411803399912417,MODEL_ONLY,MISSING_OR_STALE,MISSING_OR_STALE,0.0,0.0,110.56967910700001,False,
110.11967910700001,8.902376939114744,8.902376939114744,8.902376939114744,45.56687001640909,0.14906372253163058,0.38614564207974605,0.7461803399912413,MODEL_ONLY,MISSING_OR_STALE,MISSING_OR_STALE,0.0,0.0,110.61967910700001,False,
110.16967910700001,8.925617898544731,8.925617898544731,8.925617898544731,46.01256988735055,0.14906372253163058,0.3679987364348837,0.751180339991241,MODEL_ONLY,MISSING_OR_STALE,MISSING_OR_STALE,0.0,0.0,110.66967910700001,False,
110.219679107,8.948056324244254,8.948056324244254,8.948056324244254,46.45941174292025,0.14906372253163058,0.351948061825608,0.7561803399912407,MODEL_ONLY,MISSING_OR_STALE,MISSING_OR_STALE,0.0,0.0,110.719679107,False,
110.269679107,8.969784643155974,8.969784643155974,8.969784643155974,46.90735776710523,0.14906372253163058,0.33774592606952314,0.7611803399912404,MODEL_ONLY,MISSING_OR_STALE,MISSING_OR_STALE,0.0,0.0,110.769679107,False,
110.31967910700001,8.990884361647938,8.990884361647938,8.990884361647938,47.356374492225434,0.14906372253163058,0.3251739176743043,0.7661803399912415,MODEL_ONLY,MISSING_OR_STALE,MISSING_OR_STALE,0.0,0.0,110.81967910700001,False,
110.36967910700001,9.011427356593792,9.011427356593792,9.011427356593792,47.80643228518145,0.14906372253163058,0.314039446752216,0.7711803399912411,MODEL_ONLY,MISSING_OR_STALE,MISSING_OR_STALE,0.0,0.0,110.86967910700001,False,
110.41967910700001,9.030814019346552,9.030814019346552,9.030814019346552,48.257488319579934,0.14906372253163058,0.29091280289034127,0.7761803399912408,MODEL_ONLY,MISSING_OR_STALE,MISSING_OR_STALE,0.0,0.0,110.91967910700001,False,
110.469679107,9.049181023640338,9.049181023640338,9.049181023640338,48.70948819565458,0.14906372253163058,0.2705196337108534,0.7811803399912405,MODEL_ONLY,MISSING_OR_STALE,MISSING_OR_STALE,0.0,0.0,110.969679107,False,
110.519679107,9.06664879357128,9.06664879357128,9.06664879357128,49.16238394108484,0.14906372253163058,0.2525349464539876,0.7861803399912402,MODEL_ONLY,MISSING_OR_STALE,MISSING_OR_STALE,0.0,0.0,111.019679107,False,
110.56967910700001,9.08332343543962,9.08332343543962,9.08332343543962,49.616133246810215,0.14906372253163058,0.23667238520184808,0.7911803399912413,MODEL_ONLY,MISSING_OR_STALE,MISSING_OR_STALE,0.0,0.0,111.06967910700001,False,
110.61967910700001,9.099298440002933,9.099298440002933,9.099298440002933,50.07069879369625,0.14906372253163058,0.22267963910136157,0.7961803399912409,MODEL_ONLY,MISSING_OR_STALE,MISSING_OR_STALE,0.0,0.0,111.11967910700001,False,
110.66967910700001,9.114656182409831,9.114656182409831,9.114656182409831,50.52604765925655,0.14906372253163058,0.21033439597308873,0.8011803399912406,MODEL_ONLY,MISSING_OR_STALE,MISSING_OR_STALE,0.0,0.0,111.16967910700001,False,
110.719679107,9.129469243847916,9.129469243847916,9.129469243847916,50.98215079491297,0.14906372253163058,0.19944077659683698,0.8061803399912403,MODEL_ONLY,MISSING_OR_STALE,MISSING_OR_STALE,0.0,0.0,111.219679107,False,
110.769679107,9.143090310938641,9.143090310938641,9.143090310938641,51.43896478378261,0.14906372253163058,0.17560088964961004,0.81118033999124,MODEL_ONLY,MISSING_OR_STALE,MISSING_OR_STALE,0.0,0.0,111.269679107,False,
110.81967910700001,9.155661867134828,9.155661867134828,9.155661867134828,51.89643358823455,0.14906372253163058,0.15461067175879842,0.8161803399912411,MODEL_ONLY,MISSING_OR_STALE,MISSING_OR_STALE,0.0,0.0,111.31967910700001,False,
110.86967910700001,9.167309364319996,9.167309364319996,9.167309364319996,52.35450786902089,0.14906372253163058,0.13612949153848922,0.8211803399912407,MODEL_ONLY,MISSING_OR_STALE,MISSING_OR_STALE,0.0,0.0,111.36967910700001,False,
110.91967910700001,9.178143258654273,9.178143258654273,9.178143258654273,52.813144184595224,0.14906372253163058,0.11985743452067404,0.8261803399912404,MODEL_ONLY,MISSING_OR_STALE,MISSING_OR_STALE,0.0,0.0,111.41967910700001,False,
110.969679107,9.18826080306816,9.18826080306816,9.18826080306816,53.27230428613826,0.14906372253163058,0.10553043611285275,0.8311803399912401,MODEL_ONLY,MISSING_OR_STALE,MISSING_OR_STALE,0.0,0.0,111.469679107,False,
111.019679107,9.197747625492955,9.197747625492955,9.197747625492955,53.73195449685226,0.14906372253163058,0.09291599633102397,0.8361803399912398,MODEL_ONLY,MISSING_OR_STALE,MISSING_OR_STALE,0.0,0.0,111.519679107,False,
111.06967910700001,9.206679118439519,9.206679118439519,9.206679118439519,54.19206516545068,0.14906372253163058,0.08180940676634874,0.8411803399912409,MODEL_ONLY,MISSING_OR_STALE,MISSING_OR_STALE,0.0,0.0,111.56967910700001,False,
111.11967910700001,9.21512166247558,9.21512166247558,9.21512166247558,54.65261018497353,0.14906372253163058,0.07203042855633113,0.8461803399912405,MODEL_ONLY,MISSING_OR_STALE,MISSING_OR_STALE,0.0,0.0,111.61967910700001,False,
111.16967910700001,9.223133703456336,9.223133703456336,9.223133703456336,55.1135665691218,0.14906372253163058,0.063420367450249,0.8511803399912402,MODEL_ONLY,MISSING_OR_STALE,MISSING_OR_STALE,0.0,0.0,111.66967910700001,False,
111.219679107,9.230766700989717,9.230766700989717,9.230766700989717,55.574914079232926,0.14906372253163058,0.055839498502762624,0.8561803399912399,MODEL_ONLY,MISSING_OR_STALE,MISSING_OR_STALE,0.0,0.0,111.719679107,False,
111.269679107,9.238065963528127,9.238065963528127,9.238065963528127,56.03663489584584,0.14906372253163058,0.049164798603319786,0.8611803399912396,MODEL_ONLY,MISSING_OR_STALE,MISSING_OR_STALE,0.0,0.0,111.769679107,False,
111.31967910700001,9.245071383638605,9.245071383638605,9.245071383638605,56.49871332952512,0.14906372253163058,0.04328795004463228,0.8661803399912407,MODEL_ONLY,MISSING_OR_STALE,MISSING_OR_STALE,0.0,0.0,111.81967910700001,False,
111.36967910700001,9.251818085383446,9.251818085383446,9.251818085383446,56.96113556625064,0.14906372253163058,0.03811358273193697,0.8711803399912403,MODEL_ONLY,MISSING_OR_STALE,MISSING_OR_STALE,0.0,0.0,111.86967910700001,False,
111.41967910700001,9.25833699431706,9.25833699431706,9.25833699431706,57.42388944324313,0.14906372253163058,0.03355772650741017,0.87618033999124,MODEL_ONLY,MISSING_OR_STALE,MISSING_OR_STALE,0.0,0.0,111.91967910700001,False,
111.469679107,9.264655339349002,9.264655339349002,9.264655339349002,57.88696425158475,0.14906372253163058,0.029546448473932504,0.8811803399912397,MODEL_ONLY,MISSING_OR_STALE,MISSING_OR_STALE,0.0,0.0,111.969679107,False,
111.519679107,9.270797094617473,9.270797094617473,9.270797094617473,58.35035056243389,0.14906372253163058,0.026014653204530266,0.8861803399912394,MODEL_ONLY,MISSING_OR_STALE,MISSING_OR_STALE,0.0,0.0,112.019679107,False,
111.56967910700001,9.276783368544077,9.276783368544077,9.276783368544077,58.814040074013036,0.14906372253163058,0.022905026367180108,0.8911803399912405,MODEL_ONLY,MISSING_OR_STALE,MISSING_OR_STALE,0.0,0.0,112.06967910700001,False,
111.61967910700001,9.282632746383422,9.282632746383422,9.282632746383422,59.2780254768862,0.14906372253163058,0.020167104622016353,0.8961803399912401,MODEL_ONLY,MISSING_OR_STALE,MISSING_OR_STALE,0.0,0.0,112.11967910700001,False,
111.66967910700001,9.288361591826522,9.288361591826522,9.288361591826522,59.74230033534142,0.14906372253163058,0.017756456697125587,0.9011803399912398,MODEL_ONLY,MISSING_OR_STALE,MISSING_OR_STALE,0.0,0.0,112.16967910700001,False,
111.719679107,9.293984312552434,9.293984312552434,9.293984312552434,60.20685898295087,0.14906372253163058,0.01563396235336099,0.9061803399912395,MODEL_ONLY,MISSING_OR_STALE,MISSING_OR_STALE,0.0,0.0,112.219679107,False,
111.769679107,9.299513594037535,9.299513594037535,9.299513594037535,60.67169643061559,0.14906372253163058,0.013765177537130791,0.9111803399912392,MODEL_ONLY,MISSING_OR_STALE,MISSING_OR_STALE,0.0,0.0,112.269679107,False,
111.81967910700001,9.30496060541672,9.30496060541672,9.30496060541672,61.13680828560205,0.14906372253163058,0.012119775418800903,0.9161803399912403,MODEL_ONLY,MISSING_OR_STALE,MISSING_OR_STALE,0.0,0.0,112.31967910700001,False,
111.86967910700001,9.310335180737257,9.310335180737257,9.310335180737257,61.60219068025587,0.14906372253163058,0.010671054245828013,0.9211803399912399,MODEL_ONLY,MISSING_OR_STALE,MISSING_OR_STALE,0.0,0.0,112.36967910700001,False,
111.91967910700001,9.315645978546701,9.315645978546701,9.315645978546701,62.06784020923794,0.14906372253163058,0.009395504024006924,0.9261803399912396,MODEL_ONLY,MISSING_OR_STALE,MISSING_OR_STALE,0.0,0.0,112.41967910700001,False,
111.969679107,9.320900622404691,9.320900622404691,9.320900622404691,62.5337538742617,0.14906372253163058,0.00827242499490083,0.9311803399912393,MODEL_ONLY,MISSING_OR_STALE,MISSING_OR_STALE,0.0,0.0,112.469679107,False,
112.019679107,9.326105824598839,9.326105824598839,9.326105824598839,62.99992903543676,0.14906372253163058,0.007283591718060402,0.936180339991239,MODEL_ONLY,MISSING_OR_STALE,MISSING_OR_STALE,0.0,0.0,112.519679107,False,
112.06967910700001,9.33126749507242,9.33126749507242,9.33126749507242,63.466363368428645,0.14906372253163058,0.0064129573067264935,0.9411803399912401,MODEL_ONLY,MISSING_OR_STALE,MISSING_OR_STALE,0.0,0.0,112.56967910700001,False,
112.11967910700001,9.336390837331532,9.336390837331532,9.336390837331532,63.93305482673872,0.14906372253163058,0.0056463930173244175,0.9461803399912397,MODEL_ONLY,MISSING_OR_STALE,MISSING_OR_STALE,0.0,0.0,112.61967910700001,False,
112.16967910700001,9.341480432888115,9.341480432888115,9.341480432888115,64.40000160849418,0.14906372253163058,0.004971458966778003,0.9511803399912394,MODEL_ONLY,MISSING_OR_STALE,MISSING_OR_STALE,0.0,0.0,112.66967910700001,False,
112.219679107,9.3465403156092,9.3465403156092,9.3465403156092,64.86720212720658,0.14906372253163058,0.004377202256825717,0.9561803399912391,MODEL_ONLY,MISSING_OR_STALE,MISSING_OR_STALE,0.0,0.0,112.719679107,False,
112.269679107,9.351574037178908,9.351574037178908,9.351574037178908,65.33465498602625,0.14906372253163058,0.00385397922927596,0.9611803399912388,MODEL_ONLY,MISSING_OR_STALE,MISSING_OR_STALE,0.0,0.0,112.769679107,False,
112.31967910700001,9.35658472473554,9.35658472473554,9.35658472473554,65.80235895507423,0.14906372253163058,0.003393298967743217,0.9661803399912399,MODEL_ONLY,MISSING_OR_STALE,MISSING_OR_STALE,0.0,0.0,112.81967910700001,False,
112.36967910700001,9.361575131619094,9.361575131619094,9.361575131619094,66.27031295148306,0.14906372253163058,0.00298768550619584,0.9711803399912395,MODEL_ONLY,MISSING_OR_STALE,MISSING_OR_STALE,0.0,0.0,112.86967910700001,False,
112.41967910700001,9.36654768205275,9.36654768205275,9.36654768205275,66.73851602182484,0.14906372253163058,0.0026305565082198716,0.9761803399912392,MODEL_ONLY,MISSING_OR_STALE,MISSING_OR_STALE,0.0,0.0,112.91967910700001,False,
112.469679107,9.371504510483403,9.371504510483403,9.371504510483403,67.2069673266382,0.14906372253163058,0.002316116448196317,0.9811803399912389,MODEL_ONLY,MISSING_OR_STALE,MISSING_OR_STALE,0.0,0.0,112.969679107,False,
112.519679107,9.376447496219694,9.376447496219694,9.376447496219694,67.67566612680575,0.14906372253163058,0.0020392625609231526,0.9861803399912386,MODEL_ONLY,MISSING_OR_STALE,MISSING_OR_STALE,0.0,0.0,113.019679107,False,
112.56967910700001,9.381378293929611,9.381378293929611,9.381378293929611,68.1446117715596,0.14906372253163058,0.0017955020334237603,0.9911803399912397,MODEL_ONLY,MISSING_OR_STALE,MISSING_OR_STALE,0.0,0.0,113.06967910700001,False,
112.61967910700001,9.386298360492612,9.386298360492612,9.386298360492612,68.61380368792013,0.14906372253163058,0.0015808790951222986,0.9961803399912393,MODEL_ONLY,MISSING_OR_STALE,MISSING_OR_STALE,0.0,0.0,113.11967910700001,False,
112.66967910700001,9.391208978642016,9.391208978642016,9.391208978642016,69.08324137139846,0.14906372253163058,0.0013919108231969688,1.0011803399912391,MODEL_ONLY,MISSING_OR_STALE,MISSING_OR_STALE,0.0,0.0,113.16967910700001,False,
112.719679107,9.396111277781328,9.396111277781328,9.396111277781328,69.55292437780902,0.14906372253163058,0.001225530621355318,1.0061803399912388,MODEL_ONLY,MISSING_OR_STALE,MISSING_OR_STALE,0.0,0.0,113.219679107,False,
112.769679107,9.401006252312312,9.401006252312312,9.401006252312312,70.02285231606133,0.14906372253163058,0.0010790384547983466,1.0111803399912385,MODEL_ONLY,MISSING_OR_STALE,MISSING_OR_STALE,0.0,0.0,113.269679107,False,
112.81967910700001,8.40407911164502,8.40407911164502,8.40407911164502,70.46797945016037,0.14906372253163058,0.0009500570337817686,0.03339385553757421,FUSED,ACCEPTED,ACCEPTED,0.0,0.0,113.269679107,False,
112.86967910700001,8.408961958915,8.408961958915,8.408961958915,70.88830547692434,0.14906372253163058,0.0008364932347169472,0.03839385553757392,MODEL_ONLY,DUPLICATE_OR_OLD,DUPLICATE_OR_OLD,0.0,0.0,113.269679107,False,
112.91967910700001,8.369042073991414,8.369042073991414,8.369042073991414,71.30775557774697,0.11086641307194955,0.0007365041327486767,0.008127125321945908,FUSED,ACCEPTED,ACCEPTED,0.0,0.0,113.269679107,False,
112.969679107,8.372005654481404,8.372005654481404,8.372005654481404,71.72628177095876,0.11086641307194955,0.0006484670945837725,0.013127125321945625,MODEL_ONLY,DUPLICATE_OR_OLD,DUPLICATE_OR_OLD,0.0,0.0,113.269679107,False,
113.019679107,8.363205261544449,8.363205261544449,8.363205261544449,72.14466204385938,0.09959878141824047,0.0005709534462332925,0.006444713106817993,FUSED,ACCEPTED,ACCEPTED,0.0,0.0,113.269679107,False,
113.06967910700001,8.365598172361441,8.365598172361441,8.365598172361441,72.56288212970712,0.09959878141824047,0.0005027052883460512,0.01144471310681913,MODEL_ONLY,DUPLICATE_OR_OLD,DUPLICATE_OR_OLD,0.0,0.0,113.269679107,False,
113.11967910700001,8.358496678881634,8.358496678881634,8.358496678881634,72.98098450098817,0.08327464227676354,0.0004426150828903779,0.00621852581285086,FUSED,ACCEPTED,ACCEPTED,0.0,0.0,113.269679107,False,
113.16967910700001,8.36006773286113,8.36006773286113,8.36006773286113,73.39894861128171,0.08327464227676354,0.00038970767991443377,0.011218525812850577,MODEL_ONLY,DUPLICATE_OR_OLD,DUPLICATE_OR_OLD,0.0,0.0,113.269679107,False,
113.219679107,8.355707998291559,8.355707998291559,8.355707998291559,73.81684300456051,0.07667322993941214,0.0003431244927139205,0.006185903024685403,FUSED,ACCEPTED,ACCEPTED,0.0,0.0,113.269679107,False,
113.269679107,8.356944601748422,8.356944601748422,8.356944601748422,74.23465931956149,0.07667322993941214,0.00030210956459989614,0.011185903024685119,MODEL_ONLY,DUPLICATE_OR_OLD,DUPLICATE_OR_OLD,0.0,0.0,113.269679107,False,
113.31967910700001,8.358174331687929,8.358229887386345,8.3564465299443,74.6524940978539,0.07831436392345142,0.0002659973011569066,0.006181151365842647,FUSED,ACCEPTED,ACCEPTED,0.001727801743628632,0.0017833574420453857,113.269679107,True,8.987920717228211e-05
113.36967910700001,8.35948959644921,8.359545152147627,8.357761794705581,75.07034930597013,0.07831436392345142,0.00023420166890930985,0.011181151365842364,MODEL_ONLY,DUPLICATE_OR_OLD,DUPLICATE_OR_OLD,0.001727801743628632,0.0017833574420453857,113.269679107,False,
113.41967910700001,8.357030584911081,8.357051486414825,8.35472692266274,75.48816152390431,0.06706324740616337,0.00020620668511050341,0.006180458276924079,FUSED,ACCEPTED,ACCEPTED,0.0023036622483409985,0.002324563752084785,113.269679107,True,-5.148923383976878e-07
113.469679107,8.353857523990255,8.353946226468352,8.352269064971942,75.90583642359515,0.05980231412040681,0.0001815580443225955,0.0052786668403227875,FUSED,ACCEPTED,ACCEPTED,0.0015884590183130598,0.0016771614964099513,113.269679107,True,0.00014934487098982577
113.519679107,8.354243468965233,8.35433217144333,8.35265500994692,76.3234595254681,0.05980231412040681,0.0001598557459016469,0.010278666840322505,MODEL_ONLY,DUPLICATE_OR_OLD,DUPLICATE_OR_OLD,0.0015884590183130598,0.0016771614964099513,113.269679107,False,
113.56967910700001,8.354628458533053,8.35471716101115,8.35303999951474,76.74110190070473,0.05980231412040681,0.00014074760274662595,0.015278666840323642,MODEL_ONLY,DUPLICATE_OR_OLD,DUPLICATE_OR_OLD,0.0015884590183130598,0.0016771614964099513,113.269679107,False,
113.61967910700001,8.350853146134753,8.350882974204522,8.34982799061869,77.15867360045804,0.05581071205312219,0.00012392352597141555,0.006697344684052409,FUSED,ACCEPTED,ACCEPTED,0.0010251555160625259,0.0010549835858313372,113.269679107,True,7.953878903956338e-07
113.66967910700001,8.34668513206839,8.346727594845099,8.346087197106565,77.57607148015116,0.04544311353749266,0.0001091104927508703,0.005391141107072816,FUSED,ACCEPTED,ACCEPTED,0.0005979349618261409,0.000640397738534304,113.269679107,True,5.326412289445112e-05
113.719679107,8.346349927632712,8.34639239040942,8.345751992670886,77.99336745989557,0.04544311353749266,9.606811567872734e-05,0.010391141107072533,MODEL_ONLY,DUPLICATE_OR_OLD,DUPLICATE_OR_OLD,0.0005979349618261409,0.000640397738534304,113.269679107,False,
113.769679107,8.346014149028337,8.346056611805045,8.34541621406651,78.41064666506398,0.04544311353749266,8.458474173637827e-05,0.01539114110707225,MODEL_ONLY,DUPLICATE_OR_OLD,DUPLICATE_OR_OLD,0.0005979349618261409,0.000640397738534304,113.269679107,False,
113.81967910700001,8.345677864887753,8.345720327664461,8.345079929925927,78.82790906866389,0.04544311353749266,7.44740175662029e-05,0.020391141107073386,MODEL_ONLY,DUPLICATE_OR_OLD,DUPLICATE_OR_OLD,0.0005979349618261409,0.000640397738534304,113.269679107,False,
113.86967910700001,8.34474320067773,8.34474320067773,8.34474320067773,79.24515464692895,0.04544311353749266,6.557186531038267e-05,0.025391141107073103,MODEL_ONLY,MISSING_OR_STALE,MISSING_OR_STALE,0.0,0.0,114.36967910700001,False,
113.91967910700001,8.325125076939573,8.325125076939573,8.325125076939573,79.66190135386937,0.04544311353749266,5.773381993875676e-05,0.0075242095850941645,FUSED,ACCEPTED,ACCEPTED,0.0,0.0,114.36967910700001,False,
113.969679107,8.324787610732352,8.324787610732352,8.324787610732352,80.07814917106114,0.04544311353749266,5.08326848556649e-05,0.012524209585093881,MODEL_ONLY,DUPLICATE_OR_OLD,DUPLICATE_OR_OLD,0.0,0.0,114.36967910700001,False,
114.019679107,8.325488818435286,8.325488818435286,8.325488818435286,80.4944060817903,0.059969758773986886,4.4756467740682574e-05,0.0063668348153344476,FUSED,ACCEPTED,ACCEPTED,0.0,0.0,114.36967910700001,False,
114.06967910700001,8.325877113183804,8.325877113183804,8.325877113183804,80.91069023008087,0.059969758773986886,3.94065631258793e-05,0.011366834815335585,MODEL_ONLY,DUPLICATE_OR_OLD,DUPLICATE_OR_OLD,0.0,0.0,114.36967910700001,False,
114.11967910700001,8.330698839302645,8.330698839302645,8.330698839302645,81.32710462889301,0.07179224525154938,3.469615221628488e-05,0.0062073566774181535,FUSED,ACCEPTED,ACCEPTED,0.0,0.0,114.36967910700001,False,
114.16967910700001,8.331677815486584,8.331677815486584,8.331677815486584,81.74366404526272,0.07179224525154938,3.054879398566552e-05,0.01120735667741787,MODEL_ONLY,DUPLICATE_OR_OLD,DUPLICATE_OR_OLD,0.0,0.0,114.36967910700001,False,
114.219679107,8.336830857438457,8.336830857438457,8.336830857438457,82.16037676208582,0.07920408870499358,2.68971846837995e-05,0.006184277520587637,FUSED,ACCEPTED,ACCEPTED,0.0,0.0,114.36967910700001,False,
114.269679107,8.338180082458651,8.338180082458651,8.338180082458651,82.57725203558323,0.07920408870499358,2.3682065624387287e-05,0.011184277520587354,MODEL_ONLY,DUPLICATE_OR_OLD,DUPLICATE_OR_OLD,0.0,0.0,114.36967910700001,False,
114.31967910700001,8.339446398689418,8.339446398689418,8.339446398689418,82.99419269761202,0.07447140314704565,2.0851261529076184e-05,0.006180914294031189,FUSED,ACCEPTED,ACCEPTED,0.0,0.0,114.36967910700001,False,
114.36967910700001,8.340558723270124,8.340558723270124,8.340558723270124,83.41119282566099,0.07447140314704565,1.835883382175185e-05,0.011180914294030906,MODEL_ONLY,DUPLICATE_OR_OLD,DUPLICATE_OR_OLD,0.0,0.0,114.36967910700001,False,
114.41967910700001,8.334358049949797,8.334385938415478,8.33285262648203,83.82802810940477,0.04860953325022158,1.616433513265864e-05,0.006180423690443825,FUSED,ACCEPTED,ACCEPTED,0.0015054234677673861,0.0015333119334481893,114.36967910700001,True,4.512387350308995e-05
114.469679107,8.334177074701618,8.334204963167299,8.33267165123385,84.24466621634764,0.04860953325022158,1.4232152914382108e-05,0.011180423690443541,MODEL_ONLY,DUPLICATE_OR_OLD,DUPLICATE_OR_OLD,0.0015054234677673861,0.0015333119334481893,114.36967910700001,False,
114.519679107,8.324756978506285,8.324824116850849,8.32441366379131,84.66109334922325,0.03491736362629308,1.2530931517814919e-05,0.006180352114144609,FUSED,ACCEPTED,ACCEPTED,0.0003433147149749516,0.00041045305953879563,114.36967910700001,True,9.139597813115049e-05
114.56967910700001,8.32389123482243,8.323958373166993,8.323547920107455,85.07729238882081,0.03491736362629308,1.1033063349500897e-05,0.011180352114145746,MODEL_ONLY,DUPLICATE_OR_OLD,DUPLICATE_OR_OLD,0.0003433147149749516,0.00041045305953879563,114.36967910700001,False,
114.61967910700001,8.32016413824354,8.32018982155328,8.321076972062372,85.49340801112503,0.0394198608901775,9.714240852808582e-06,0.006180341671341802,FUSED,ACCEPTED,ACCEPTED,-0.000912833818832226,-0.0008871505090919385,114.36967910700001,True,6.270857351984606e-08
114.66967910700001,8.319523395422813,8.319549078732553,8.320436229241645,85.9094458411576,0.0394198608901775,8.553062042433038e-06,0.011180341671341519,MODEL_ONLY,DUPLICATE_OR_OLD,DUPLICATE_OR_OLD,-0.000912833818832226,-0.0008871505090919385,114.36967910700001,False,
114.719679107,8.31133668305175,8.311319884951729,8.312553283692472,86.32527057898093,0.01946637209184001,7.530683190808292e-06,0.006180340147758014,FUSED,ACCEPTED,ACCEPTED,-0.0012166006407223762,-0.001233398740742686,114.36967910700001,True,-4.305305224727501e-05
114.769679107,8.309698169663656,8.309681371563636,8.310914770304379,86.74085728033083,0.01946637209184001,6.630513030183781e-06,0.01118034014775773,MODEL_ONLY,DUPLICATE_OR_OLD,DUPLICATE_OR_OLD,-0.0012166006407223762,-0.001233398740742686,114.36967910700001,False,
114.81967910700001,8.297728892360043,8.297722492519151,8.299886955150091,87.15612732346729,0.002025303282828562,5.837943507847467e-06,0.00618033992547036,FUSED,ACCEPTED,ACCEPTED,-0.002158062790048376,-0.002164462630940278,114.36967910700001,True,2.6636569509536773e-08
114.869679107,8.295218251011484,8.295211851170592,8.297376313801532,87.57105890519094,0.002025303282828562,5.140112725165129e-06,0.011180339925468654,MODEL_ONLY,DUPLICATE_OR_OLD,DUPLICATE_OR_OLD,-0.002158062790048376,-0.002164462630940278,114.36967910700001,False,
114.91967910700001,8.299056858677616,8.299072151448108,8.303035534440268,87.98606920139707,0.035444222984633816,4.525696213381874e-06,0.00618033989303882,FUSED,ACCEPTED,ACCEPTED,-0.003978675762651207,-0.003963382992159481,114.36967910700001,True,2.869954160147903e-05
114.969679107,8.29821710554467,8.298232398315161,8.30219578130732,88.40119998429074,0.035444222984633816,3.984723158996826e-06,0.011180339893038536,MODEL_ONLY,DUPLICATE_OR_OLD,DUPLICATE_OR_OLD,-0.003978675762651207,-0.003963382992159481,114.36967910700001,False,
115.019679107,8.30329187009446,8.30313940888142,8.305929179234024,88.81640310830426,0.03954509546285819,3.5084145963877295e-06,0.006180339888307122,FUSED,ACCEPTED,ACCEPTED,-0.002637309139563726,-0.002789770352604748,114.36967910700001,True,-0.00025613887657482395
115.06967910700001,8.302657115801313,8.302504654588272,8.305294424940877,89.23168369840873,0.03954509546285819,3.089040941866806e-06,0.01118033988830826,MODEL_ONLY,DUPLICATE_OR_OLD,DUPLICATE_OR_OLD,-0.002637309139563726,-0.002789770352604748,114.36967910700001,False,
115.119679107,8.302085172176485,8.302017594678718,8.303906120239684,89.6469137120381,0.03233087187809402,2.719796557212678e-06,0.006180339887616778,FUSED,ACCEPTED,ACCEPTED,-0.0018209480631998787,-0.0018885255609664142,114.36967910700001,True,-1.511647663997133e-05
115.16967910700001,8.301089671986517,8.30102209448875,8.302910620049717,90.06208413054543,0.03233087187809402,2.3946893070814985e-06,0.011180339887617914,MODEL_ONLY,DUPLICATE_OR_OLD,DUPLICATE_OR_OLD,-0.0018209480631998787,-0.0018885255609664142,114.36967910700001,False,
115.219679107,8.294283564540498,8.29428328232111,8.296280057645872,90.4770638974878,0.016543162278852334,2.1084433180280163e-06,0.006180339887516265,FUSED,ACCEPTED,ACCEPTED,-0.0019964931053735313,-0.0019967753247609465,114.36967910700001,True,4.1308549934117225e-05
115.269679107,8.292498651956771,8.292498369737384,8.294495145062145,90.89183327755548,0.016543162278852334,1.8564133610948203e-06,0.011180339887515982,MODEL_ONLY,DUPLICATE_OR_OLD,DUPLICATE_OR_OLD,-0.0019964931053735313,-0.0019967753247609465,114.36967910700001,False,
115.31967910700001,8.2865527993424,8.286706374034031,8.289869152993159,91.30644238500696,0.013848505285034066,1.634509468565875e-06,0.0061803398875016,FUSED,ACCEPTED,ACCEPTED,-0.0033163536507583302,-0.0031627789591279765,114.36967910700001,True,0.000248663492043325
115.369679107,8.284633133044844,8.284786707736474,8.287949486695602,91.72088785099903,0.013848505285034066,1.439130561555592e-06,0.011180339887499894,MODEL_ONLY,DUPLICATE_OR_OLD,DUPLICATE_OR_OLD,-0.0033163536507583302,-0.0031627789591279765,114.36967910700001,False,
115.41967910700001,8.284208237241463,8.284286493559923,8.288126910571242,92.1352897609308,0.023422730187061678,1.2671060113346127e-06,0.006180339887499253,FUSED,ACCEPTED,ACCEPTED,-0.003918673329778244,-0.003840417011318209,114.36967910700001,True,3.1707003864020825e-05
115.469679107,8.28276726601469,8.28284552233315,8.286685939344467,92.54966008217868,0.023422730187061678,1.1156441860458323e-06,0.01118033988749897,MODEL_ONLY,DUPLICATE_OR_OLD,DUPLICATE_OR_OLD,-0.003918673329778244,-0.003840417011318209,114.36967910700001,False,
115.519679107,8.281134422155922,8.281118146671588,8.284551352731482,92.96394101448055,0.019261750932812287,9.822871478187484e-07,0.006180339887498911,FUSED,ACCEPTED,ACCEPTED,-0.0034169305755593626,-0.003433206059893834,114.36967910700001,True,-7.469935147958904e-05
115.56967910700001,8.279485389427764,8.27946911394343,8.282902320003323,93.37812735629902,0.019261750932812287,8.648707651045096e-07,0.011180339887500048,MODEL_ONLY,DUPLICATE_OR_OLD,DUPLICATE_OR_OLD,-0.0034169305755593626,-0.003433206059893834,114.36967910700001,False,
115.619679107,8.283921834336995,8.283915620448445,8.287137262638694,93.79237834586493,0.03788390695443804,7.614895929296381e-07,0.006180339887498861,FUSED,ACCEPTED,ACCEPTED,-0.0032154283016989638,-0.003221642190249341,114.36967910700001,True,4.519625528432575e-09
115.66967910700001,8.283203899689678,8.283197685801127,8.286419327991377,94.20671726063078,0.03788390695443804,6.704659511413059e-07,0.011180339887499998,MODEL_ONLY,DUPLICATE_OR_OLD,DUPLICATE_OR_OLD,-0.0032154283016989638,-0.003221642190249341,114.36967910700001,False,
115.719679107,8.277943134685865,8.277758335625988,8.280199403988572,94.62088272893025,0.014072731431105764,5.90322698843986e-07,0.006180339887499061,FUSED,ACCEPTED,ACCEPTED,-0.002256269302707281,-0.0024410683625841756,114.36967910700001,True,-0.00029517076564364786
115.769679107,8.276034633727047,8.27584983466717,8.278290903029754,95.03484498660569,0.014072731431105764,5.197592632067939e-07,0.011180339887498777,MODEL_ONLY,DUPLICATE_OR_OLD,DUPLICATE_OR_OLD,-0.002256269302707281,-0.0024410683625841756,114.36967910700001,False,
115.81967910700001,8.26772906407232,8.26765847825999,8.270475364436962,95.44856414329246,0.005694496334020041,4.5763053363573304e-07,0.00618033988749909,FUSED,ACCEPTED,ACCEPTED,-0.0027463003646417405,-0.0028168861769710674,114.36967910700001,True,1.8566182358875638e-09
115.869679107,8.265401645517098,8.265331059704769,8.26814794588174,95.86202972605028,0.005694496334020041,4.0292827880283077e-07,0.011180339887497386,MODEL_ONLY,DUPLICATE_OR_OLD,DUPLICATE_OR_OLD,-0.0027463003646417405,-0.0028168861769710674,114.36967910700001,False,
115.91967910700001,8.264562599285282,8.264535639389889,8.268485988991863,96.27544557442222,0.018689858839650172,3.547647849656576e-07,0.006180339887498887,FUSED,ACCEPTED,ACCEPTED,-0.003923389706580238,-0.003950349601973713,114.36967910700001,True,2.4040659124882624e-09
115.969679107,8.262884944326851,8.262857984431458,8.266808334033431,96.68882793249783,0.018689858839650172,3.1235845005885356e-07,0.011180339887498603,MODEL_ONLY,DUPLICATE_OR_OLD,DUPLICATE_OR_OLD,-0.003923389706580238,-0.003950349601973713,114.36967910700001,False,
116.019679107,8.25847141952979,8.258461122918625,8.262042598672512,97.10204920581546,0.006644132519832247,2.7502109977633264e-07,0.006180339887498857,FUSED,ACCEPTED,ACCEPTED,-0.0035711791427210926,-0.003581475753886565,114.36967910700001,True,1.8648504754303907e-09
116.06967910700001,8.256191474744785,8.25618117813362,8.259762653887506,97.51509433712955,0.006644132519832247,2.4214681980887526e-07,0.011180339887499995,MODEL_ONLY,DUPLICATE_OR_OLD,DUPLICATE_OR_OLD,-0.0035711791427210926,-0.003581475753886565,114.36967910700001,False,
116.119679107,8.256064119050857,8.256089705645607,8.260358098507322,97.92809735593929,0.018250073319599158,2.1320212300526217e-07,0.006180339887498853,FUSED,ACCEPTED,ACCEPTED,-0.004293979456464925,-0.004268392861714432,114.36967910700001,True,4.776363563195347e-05
116.16967910700001,8.254364468584363,8.254390055179114,8.258658448040828,98.34107276960309,0.018250073319599158,1.8771729188855366e-07,0.011180339887499991,MODEL_ONLY,DUPLICATE_OR_OLD,DUPLICATE_OR_OLD,-0.004293979456464925,-0.004268392861714432,114.36967910700001,False,
116.219679107,8.2793099962616,8.279262523550265,8.283218707601561,98.75461969849412,0.09208786112887318,1.652787560333253e-07,0.00618033988749906,FUSED,ACCEPTED,ACCEPTED,-0.003908711339960291,-0.003956184051295608,114.36967910700001,True,-9.262584569056298e-05
116.269679107,8.281302233075825,8.28125476036449,8.285210944415786,99.16883043979453,0.09208786112887318,1.4552238060274912e-07,0.011180339887498777,MODEL_ONLY,DUPLICATE_OR_OLD,DUPLICATE_OR_OLD,-0.003908711339960291,-0.003956184051295608,114.36967910700001,False,
116.31967910700001,8.299078950107988,8.298968173240615,8.298059412647172,99.5834121987212,0.09406881996198607,1.2812755713154522e-07,0.00618033988749909,FUSED,ACCEPTED,ACCEPTED,0.0010195374608166219,0.0009087605934432474,114.36967910700001,True,-0.00014990098743305688
116.369679107,8.30117023322835,8.301059456360976,8.300150695767533,99.99836745143143,0.09406881996198607,1.1281200065928854e-07,0.011180339887497386,MODEL_ONLY,DUPLICATE_OR_OLD,DUPLICATE_OR_OLD,0.0010195374608166219,0.0009087605934432474,114.36967910700001,False,
116.41967910700001,8.294330782357958,8.294273719418975,8.291044945212665,100.41314734245603,0.04939388834036602,9.932716878137606e-08,0.006180339887498887,FUSED,ACCEPTED,ACCEPTED,0.003285837145293513,0.003228774206309737,114.36967910700001,True,-2.3865905569867008e-05
116.469679107,8.284909875318855,8.285167769955727,8.283451881847295,100.8275097631325,0.03661024257646572,8.745422827772536e-08,0.005278640450004129,FUSED,ACCEPTED,ACCEPTED,0.0014579934715595044,0.0017158881084320399,114.36967910700001,True,0.0005396012567305474
116.519679107,8.284128227779366,8.284386122416239,8.282670234307806,101.24166281603635,0.03661024257646572,7.700050386502663e-08,0.010278640450003845,MODEL_ONLY,DUPLICATE_OR_OLD,DUPLICATE_OR_OLD,0.0014579934715595044,0.0017158881084320399,114.36967910700001,False,
116.56967910700001,8.28334657977967,8.283604474416542,8.28188858630811,101.65577678655184,0.03661024257646572,6.779635144271126e-08,0.015278640450004983,MODEL_ONLY,DUPLICATE_OR_OLD,DUPLICATE_OR_OLD,0.0014579934715595044,0.0017158881084320399,114.36967910700001,False,
116.619679107,8.270440328319545,8.270525502445187,8.271069644509108,102.06960074232212,0.020369907119545817,5.969240509128141e-08,0.006697341805517257,FUSED,ACCEPTED,ACCEPTED,-0.0006293161895634114,-0.0005441420639211714,114.36967910700001,True,5.10746465736886e-10
116.66967910700001,8.268846662785043,8.268931836910685,8.269475978974606,102.4831143829093,0.020369907119545817,5.255715314698482e-08,0.011697341805518395,MODEL_ONLY,DUPLICATE_OR_OLD,DUPLICATE_OR_OLD,-0.0006293161895634114,-0.0005441420639211714,114.36967910700001,False,
116.719679107,8.270916611607376,8.271092020464112,8.27342743277895,102.89668696820313,0.04514150303708335,4.627480401722275e-08,0.006254308734986835,FUSED,ACCEPTED,ACCEPTED,-0.0025108211715743067,-0.002335412314838692,114.36967910700001,True,0.00022945023179128752
116.769679107,8.270561525278064,8.2707369341348,8.273072346449638,103.31034946268382,0.04514150303708335,4.0743407102810765e-08,0.011254308734986552,MODEL_ONLY,DUPLICATE_OR_OLD,DUPLICATE_OR_OLD,-0.0025108211715743067,-0.002335412314838692,114.36967910700001,False,
116.81967910700001,8.279170795401294,8.279143072336534,8.280593919136361,103.72419111932356,0.06215491003362079,3.587319833331927e-08,0.00619110139179801,FUSED,ACCEPTED,ACCEPTED,-0.0014231237350674775,-0.001450846799826877,114.36967910700001,True,-0.00015269418768212937
116.869679107,8.279666378963896,8.279638655899136,8.281089502698963,104.13823320486931,0.06215491003362079,3.1585143466634015e-08,0.011191101391796306,MODEL_ONLY,DUPLICATE_OR_OLD,DUPLICATE_OR_OLD,-0.0014231237350674775,-0.001450846799826877,114.36967910700001,False,
116.91967910700001,8.283693227452787,8.283575454906929,8.283561413256962,104.5523494777683,0.05922686604042992,2.780965551324103e-08,0.006181909324694605,FUSED,ACCEPTED,ACCEPTED,0.00013181419582508624,1.4041649967211356e-05,114.36967910700001,True,-0.00017338919534786845
116.969679107,8.284042408460744,8.283924635914886,8.283910594264919,104.96653627795632,0.05922686604042992,2.4485465471516596e-08,0.01118190932469432,MODEL_ONLY,DUPLICATE_OR_OLD,DUPLICATE_OR_OLD,0.00013181419582508624,1.4041649967211356e-05,114.36967910700001,False,
117.019679107,8.297859906508739,8.297833432171073,8.29733379079469,105.38106738758279,0.09536059042982789,2.155862804813864e-08,0.0061805688515740595,FUSED,ACCEPTED,ACCEPTED,0.0005261157140488137,0.0004996413763826979,114.36967910700001,True,2.994558557013825e-05
117.06967910700001,8.300015773460975,8.29998929912331,8.299489657746927,105.79598797379643,0.09536059042982789,1.8981646228397627e-08,0.011180568851575198,MODEL_ONLY,DUPLICATE_OR_OLD,DUPLICATE_OR_OLD,0.0005261157140488137,0.0004996413763826979,114.36967910700001,False,
117.119679107,8.320681624738716,8.320671512591282,8.317983617925552,106.2114248056881,0.12683773543519486,1.6712700489824363e-08,0.006180373292615076,FUSED,ACCEPTED,ACCEPTED,0.0026980068131639,0.0026878946657298286,114.36967910700001,True,9.916323664982407e-11
117.16967910700001,8.324411348727889,8.324401236580455,8.321713341914725,106.6274172296842,0.12683773543519486,1.4714970150728289e-08,0.011180373292616213,MODEL_ONLY,DUPLICATE_OR_OLD,DUPLICATE_OR_OLD,0.0026980068131639,0.0026878946657298286,114.36967910700001,False,
117.219679107,8.329977651480666,8.329735024171379,8.32377108537573,107.04355434036644,0.1057651691226911,1.2956035840447704e-08,0.006180344761233615,FUSED,ACCEPTED,ACCEPTED,0.006206566104935973,0.0059639387956487155,114.36967910700001,True,-0.0003863292855324531
117.269679107,8.33265374698883,8.332411119679543,8.326447180883894,107.45980979702291,0.1057651691226911,1.1407353394506044e-08,0.011180344761233332,MODEL_ONLY,DUPLICATE_OR_OLD,DUPLICATE_OR_OLD,0.006206566104935973,0.0059639387956487155,114.36967910700001,False,
117.31967910700001,8.327560413168149,8.327627989885281,8.321474858243137,107.87600784800118,0.08520792759767055,1.0043790637016887e-08,0.006180340598567247,FUSED,ACCEPTED,ACCEPTED,0.006085554925011394,0.0061531316421437054,114.36967910700001,True,0.0002592932911606831
117.369679107,8.329208646471855,8.329276223188987,8.323123091546844,108.29212279674579,0.08520792759767055,8.84321953318459e-09,0.011180340598565541,MODEL_ONLY,DUPLICATE_OR_OLD,DUPLICATE_OR_OLD,0.006085554925011394,0.0061531316421437054,114.36967910700001,False,
117.41967910700001,8.321413052789127,8.321519141469125,8.316922521354103,108.70812393706841,0.07048362206362926,7.786157093306238e-09,0.0061803399912423295,FUSED,ACCEPTED,ACCEPTED,0.004490531435024536,0.004596620115021821,114.36967910700001,True,0.0001298903809767286
117.469679107,8.32173897989631,8.321885150452223,8.31901839109405,109.12402245987958,0.08195555193130233,6.855449200842517e-09,0.0052786404731298255,FUSED,ACCEPTED,ACCEPTED,0.0027205888022603375,0.0028667593581737094,114.36967910700001,True,0.00018202087526445702
117.519679107,8.323224594276338,8.323370764832251,8.320504005474078,109.54001051979377,0.08195555193130233,6.035992233670163e-09,0.010278640473129541,MODEL_ONLY,DUPLICATE_OR_OLD,DUPLICATE_OR_OLD,0.0027205888022603375,0.0028667593581737094,114.36967910700001,False,
117.56967910700001,8.32471020862029,8.324856379176204,8.32198961981803,109.95607286042616,0.08195555193130233,5.314487960970911e-09,0.015278640473130678,MODEL_ONLY,DUPLICATE_OR_OLD,DUPLICATE_OR_OLD,0.0027205888022603375,0.0028667593581737094,114.36967910700001,False,
117.619679107,8.325113543077967,8.325161818243437,8.322097944591397,110.37217504953625,0.0786985293353389,4.679227738192974e-09,0.0066973418080397045,FUSED,ACCEPTED,ACCEPTED,0.0030155984865700702,0.0030638736520405274,114.36967910700001,True,4.043211468754415e-11
117.66967910700001,8.326436306232392,8.326484581397862,8.323420707745822,110.78831301584478,0.0786985293353389,4.119902497977038e-09,0.011697341808040843,MODEL_ONLY,DUPLICATE_OR_OLD,DUPLICATE_OR_OLD,0.0030155984865700702,0.0030638736520405274,114.36967910700001,False,
117.719679107,8.31985486081269,8.319902303946577,8.316832233583783,111.20431933937799,0.05721905654391454,3.6274354535675843e-09,0.00625430873534074,FUSED,ACCEPTED,ACCEPTED,0.0030226272289066713,0.003070070362793942,114.36967910700001,True,4.69448320670543e-05
117.769679107,8.32010365028124,8.320151093415127,8.317081023052333,111.62016717079386,0.05721905654391454,3.19383479979443e-09,0.011254308735340456,MODEL_ONLY,DUPLICATE_OR_OLD,DUPLICATE_OR_OLD,0.0030226272289066713,0.003070070362793942,114.36967910700001,False,
117.81967910700001,8.320854525650974,8.320872596266835,8.319455402483772,112.03608058143236,0.07125901262052718,2.8120640212482023e-09,0.0061911013918493525,FUSED,ACCEPTED,ACCEPTED,0.001399123167201921,0.001417193783062487,114.36967910700001,True,1.1625408209876842e-11
117.869679107,8.32180531288746,8.32182338350332,8.320406189720257,112.45207712123732,0.07125901262052718,2.475927702994582e-09,0.011191101391847647,MODEL_ONLY,DUPLICATE_OR_OLD,DUPLICATE_OR_OLD,0.001399123167201921,0.001417193783062487,114.36967910700001,False,
117.91967910700001,8.313326205642374,8.313259578587276,8.311516887089054,112.86787519815765,0.04016588675059991,2.1799709907509633e-09,0.006181909324702089,FUSED,ACCEPTED,ACCEPTED,0.0018093185533203382,0.0017426914982223707,114.36967910700001,True,-0.00011893830243424721
117.969679107,8.312722336557536,8.312655709502438,8.310913018004216,113.28343594578496,0.04016588675059991,1.9193910689589745e-09,0.011181909324701806,MODEL_ONLY,DUPLICATE_OR_OLD,DUPLICATE_OR_OLD,0.0018093185533203382,0.0017426914982223707,114.36967910700001,False,
118.019679107,8.30760770050294,8.307707255498906,8.307711648969223,113.69890156245927,0.04360080924488933,1.689959220205209e-09,0.0061805688515751515,FUSED,ACCEPTED,ACCEPTED,-0.00010394846628258847,-4.3934703164438815e-06,114.36967910700001,True,0.0002022511906670597
118.06967910700001,8.307175577521244,8.30727513251721,8.307279525987527,114.11427634183329,0.04360080924488933,1.4879522011663266e-09,0.011180568851576289,MODEL_ONLY,DUPLICATE_OR_OLD,DUPLICATE_OR_OLD,-0.00010394846628258847,-4.3934703164438815e-06,114.36967910700001,False,
118.119679107,8.30539590326695,8.305428551995567,8.305983274248936,114.52960791183907,0.044036590516977746,1.3100918214387647e-09,0.006180373292615234,FUSED,ACCEPTED,ACCEPTED,-0.000587370981985913,-0.0005547222533692775,114.36967910700001,True,-8.701033534070767e-06
118.16967910700001,8.304985569332135,8.305018218060752,8.305572940314121,114.94489681720323,0.044036590516977746,1.1534917447316305e-09,0.011180373292616372,MODEL_ONLY,DUPLICATE_OR_OLD,DUPLICATE_OR_OLD,-0.000587370981985913,-0.0005547222533692775,114.36967910700001,False,
118.219679107,8.29858811713722,8.2986005878277,8.299170325484678,115.36001539884818,0.028393443954977088,1.0156106491091932e-09,0.0061803447612336386,FUSED,ACCEPTED,ACCEPTED,-0.0005822083474580353,-0.0005697376569777646,114.36967910700001,True,2.8340694591469373e-12
118.269679107,8.297395625861341,8.297408096551822,8.2979778342088,115.7749441028405,0.028393443954977088,8.942109861600924e-10,0.011180344761233356,MODEL_ONLY,DUPLICATE_OR_OLD,DUPLICATE_OR_OLD,-0.0005822083474580353,-0.0005697376569777646,114.36967910700001,False,
118.31967910700001,8.29085691314775,8.290944669105452,8.292679829349604,116.18971054442954,0.021158196081145993,7.873226698348706e-10,0.006180340598567249,FUSED,ACCEPTED,ACCEPTED,-0.0018229162018545964,-0.0017351602441522118,114.36967910700001,True,0.00013428479768112962
118.369679107,8.289302659468131,8.289390415425833,8.291125575669986,116.6043056795549,0.021158196081145993,6.932111056897434e-10,0.011180340598565545,MODEL_ONLY,DUPLICATE_OR_OLD,DUPLICATE_OR_OLD,-0.0018229162018545964,-0.0017351602441522118,114.36967910700001,False,
118.41967910700001,8.272822099981678,8.272876201975075,8.275527983322162,117.01847201852979,-0.015067518003032684,6.103490417116382e-10,0.006180339991242331,FUSED,ACCEPTED,ACCEPTED,-0.00270588334048405,-0.002651781347086768,114.36967910700001,True,3.330270051657208e-05
118.469679107,8.267184106672813,8.267489465146877,8.270758121301887,117.43212917114536,0.0008738090652841389,5.373917839179253e-10,0.005278640473129826,FUSED,ACCEPTED,ACCEPTED,-0.0035740146290734742,-0.003268656155009708,114.36967910700001,True,0.0005300891002017402
118.519679107,8.264615633631399,8.264920992105463,8.268189648260472,117.8456028653844,0.0008738090652841389,4.731553745257291e-10,0.010278640473129543,MODEL_ONLY,DUPLICATE_OR_OLD,DUPLICATE_OR_OLD,-0.0035740146290734742,-0.003268656155009708,114.36967910700001,False,
118.56967910700001,8.262047160587155,8.262352519061219,8.265621175216229,118.25894813597141,0.0008738090652841389,4.1659737856499684e-10,0.01527864047313068,MODEL_ONLY,DUPLICATE_OR_OLD,DUPLICATE_OR_OLD,-0.0035740146290734742,-0.003268656155009708,114.36967910700001,False,
118.619679107,8.265047899838386,8.265148749307398,8.270035646499192,118.67233955651416,0.017699465256751885,3.667999671380725e-10,0.0066973418080397045,FUSED,ACCEPTED,ACCEPTED,-0.004987746660805925,-0.004886897191793693,114.36967910700001,True,3.624355156273129e-12
118.66967910700001,8.263320709599034,8.263421559068046,8.26830845625984,119.08579815908323,0.017699465256751885,3.22955022799046e-10,0.011697341808040843,MODEL_ONLY,DUPLICATE_OR_OLD,DUPLICATE_OR_OLD,-0.004987746660805925,-0.004886897191793693,114.36967910700001,False,
118.719679107,8.257846710495894,8.257750985404185,8.262149524313887,119.49905960859755,-0.001551090438282849,2.8435102534203616e-10,0.00625430873534074,FUSED,ACCEPTED,ACCEPTED,-0.004302813817993467,-0.004398538909702765,114.36967910700001,True,-0.0002134531486559831
118.769679107,8.25515699246816,8.255061267376451,8.259459806286154,119.91209984186253,-0.001551090438282849,2.503615051789377e-10,0.011254308735340456,MODEL_ONLY,DUPLICATE_OR_OLD,DUPLICATE_OR_OLD,-0.004302813817993467,-0.004398538909702765,114.36967910700001,False,
118.81967910700001,8.260517099500978,8.260480638784578,8.264644378769816,120.32520244648902,0.028887362271656777,2.204348769274325e-10,0.0061911013918493525,FUSED,ACCEPTED,ACCEPTED,-0.004127279268837825,-0.004163739985237669,114.36967910700001,True,7.396592019426329e-13
118.869679107,8.259349304105928,8.259312843389528,8.263476583374766,120.73840547054249,0.028887362271656777,1.940854882274598e-10,0.011191101391847647,MODEL_ONLY,DUPLICATE_OR_OLD,DUPLICATE_OR_OLD,-0.004127279268837825,-0.004163739985237669,114.36967910700001,False,
118.91967910700001,8.264130096709065,8.26338131689196,8.26621944634299,121.15164787128553,0.02732237726311158,0.01571608101256517,0.006181909324702089,FUSED,ACCEPTED,ACCEPTED,-0.0020893496339251527,-0.0028381294510300137,114.36967910700001,True,-0.001188724625963227
118.969679107,8.264361469366301,8.263612689549197,8.266450819000227,121.5649646279191,0.02732237726311158,0.02954834624836031,0.011181909324701806,MODEL_ONLY,DUPLICATE_OR_OLD,DUPLICATE_OR_OLD,-0.0020893496339251527,-0.0028381294510300137,114.36967910700001,False,
119.019679107,8.261503277546353,8.260799286904334,8.261233957847539,121.97815674734026,0.004902895463082462,0.04172675039027425,0.0061805688515751515,FUSED,ACCEPTED,ACCEPTED,0.00026931969881438533,-0.000434670943205262,114.36967910700001,True,-0.0006763120942103521
119.06967910700001,8.261759226110255,8.261055235468236,8.261489906411441,122.39122484394683,0.004902895463082462,0.05245934618170321,0.011180568851576289,MODEL_ONLY,DUPLICATE_OR_OLD,DUPLICATE_OR_OLD,0.00026931969881438533,-0.000434670943205262,114.36967910700001,False,
119.119679107,8.263643423584593,8.263091920672359,8.262579032568853,122.8043265674212,0.01202395825796744,0.061908548433989394,0.006180373292615234,FUSED,ACCEPTED,ACCEPTED,0.0010643910157401848,0.0005128881035059152,114.36967910700001,True,-0.0004572616459442972
119.16967910700001,8.265143767019586,8.264592264107351,8.264079376003846,123.21749302763561,0.01202395825796744,0.07022618080862562,0.011180373292616372,MODEL_ONLY,DUPLICATE_OR_OLD,DUPLICATE_OR_OLD,0.0010643910157401848,0.0005128881035059152,114.36967910700001,False,
119.219679107,8.265368926461887,8.264751730660098,8.262359654928877,123.6306540034089,0.0007808307431939835,0.07754672253855407,0.0061803447612336386,FUSED,ACCEPTED,ACCEPTED,0.003009271533009894,0.0023920757312207996,114.36967910700001,True,-0.0006577961565330361
119.269679107,8.26699557867976,8.26637838287797,8.26398630714675,124.04381265246077,0.0007808307431939835,0.08399548398098511,0.011180344761233356,MODEL_ONLY,DUPLICATE_OR_OLD,DUPLICATE_OR_OLD,0.003009271533009894,0.0023920757312207996,114.36967910700001,False,
119.31967910700001,8.251645082589818,8.251229156936759,8.247925267003263,124.45661044181462,-0.048511699348939556,0.08967030742158115,0.006180340598567249,FUSED,ACCEPTED,ACCEPTED,0.0037198155865549865,0.0033038899334965066,114.36967910700001,True,-0.0002915338976910119
119.369679107,8.25134220411302,8.250926278459962,8.247622388526466,124.86899913320272,-0.048511699348939556,0.0946974001797519,0.011180340598565545,MODEL_ONLY,DUPLICATE_OR_OLD,DUPLICATE_OR_OLD,0.0037198155865549865,0.0033038899334965066,114.36967910700001,False,
119.41967910700001,8.247572251917282,8.247347376507038,8.246255095897228,125.2813460703134,-0.03262481441300144,0.09912416434881036,0.006180339991242331,FUSED,ACCEPTED,ACCEPTED,0.001317156020054,0.001092280609810814,114.36967910700001,True,-0.00010679987181481338
119.469679107,8.248480067279782,8.24825519186954,8.247162911259728,125.6936815204923,-0.03262481441300144,0.10302439202975584,0.011180339991242048,MODEL_ONLY,DUPLICATE_OR_OLD,DUPLICATE_OR_OLD,0.001317156020054,0.001092280609810814,114.36967910700001,False,
119.519679107,8.252687215352639,8.25228154545727,8.250651156387292,126.10612687218345,-0.023858675403936005,0.10645667762481884,0.006180339902634822,FUSED,ACCEPTED,ACCEPTED,0.0020360589653467542,0.0016303890699784773,114.36967910700001,True,-0.000517407031440118
119.56967910700001,8.254355719658577,8.253950049763208,8.25231966069323,126.51870114261055,-0.023858675403936005,0.10947203188941063,0.01118033990263596,MODEL_ONLY,DUPLICATE_OR_OLD,DUPLICATE_OR_OLD,0.0020360589653467542,0.0016303890699784773,114.36967910700001,False,
119.619679107,8.25225361814524,8.251990522531443,8.249184252076798,126.93123874042966,-0.04184832213588532,0.11212376729542531,0.00618033988970716,FUSED,ACCEPTED,ACCEPTED,0.003069366068441326,0.002806270454644988,114.36967910700001,True,-0.00017497986194673232
119.66967910700001,8.253281010574288,8.253214244929254,8.251219351518532,127.34374883051964,-0.03449701957206991,0.11446451260591166,0.0052786404504966975,FUSED,ACCEPTED,ACCEPTED,0.0020616590557551717,0.0019948934107212324,114.36967910700001,True,0.00010883721739884163
119.719679107,8.25477007493161,8.254703309286576,8.252708415875855,127.75634702470448,-0.03449701957206991,0.11652157708526138,0.010278640450496413,MODEL_ONLY,DUPLICATE_OR_OLD,DUPLICATE_OR_OLD,0.0020616590557551717,0.0019948934107212324,114.36967910700001,False,
119.769679107,8.256349556094168,8.256282790449134,8.254287897038413,128.16902193252733,-0.03449701957206991,0.11832991318997692,0.01527864045049613,MODEL_ONLY,DUPLICATE_OR_OLD,DUPLICATE_OR_OLD,0.0020616590557551717,0.0019948934107212324,114.36967910700001,False,
119.81967910700001,8.252883821936473,8.252843693325842,8.250714439580822,128.58164699094291,-0.04956615700516215,0.11991908101266548,0.006697341805571138,FUSED,ACCEPTED,ACCEPTED,0.00216938235565145,0.00212925374501971,114.36967910700001,True,-2.699309769166585e-05
119.869679107,8.253859605774503,8.253819477163871,8.251690223418851,128.99420710751775,-0.04956615700516215,0.12132510413248464,0.011697341805569434,MODEL_ONLY,DUPLICATE_OR_OLD,DUPLICATE_OR_OLD,0.00216938235565145,0.00212925374501971,114.36967910700001,False,
119.91967910700001,8.255833050661405,8.2558494571142,8.25360554116841,129.40683950163253,-0.04051289918133319,0.12256119881381514,0.006254308734994196,FUSED,ACCEPTED,ACCEPTED,0.0022275094929948835,0.00224391594579032,114.36967910700001,True,5.0265173594252546e-05
119.969679107,8.257377536499568,8.257393942952364,8.255150027006573,129.81955839083687,-0.04051289918133319,0.12364588631134543,0.011254308734993912,MODEL_ONLY,DUPLICATE_OR_OLD,DUPLICATE_OR_OLD,0.0022275094929948835,0.00224391594579032,114.36967910700001,False,
120.019679107,8.268506231656529,8.268393403973445,8.265429164535005,130.2325728706254,-0.015788267900253467,0.12459797324214726,0.006191101391798871,FUSED,ACCEPTED,ACCEPTED,0.003077067121523669,0.0029642394384392645,114.36967910700001,True,-0.00019233530040843865
120.06967910700001,8.271375489194462,8.271262661511377,8.268298422072938,130.6459160602907,-0.015788267900253467,0.12541668902565153,0.011191101391800008,MODEL_ONLY,DUPLICATE_OR_OLD,DUPLICATE_OR_OLD,0.003077067121523669,0.0029642394384392645,114.36967910700001,False,
120.119679107,8.285364869241965,8.28521755963415,8.280416597423338,131.05963393577795,0.0005064352009435842,0.12613208821910935,0.00618190932469473,FUSED,ACCEPTED,ACCEPTED,0.004948271818626893,0.004800962210811832,114.36967910700001,True,-0.00016860644482316785
120.16967910700001,8.29494471034288,8.294758309336158,8.290110390823207,131.47389711048422,0.004930449615849033,0.12673898646064122,0.00527899027103234,FUSED,ACCEPTED,ACCEPTED,0.004834319519673613,0.004647918512951321,114.36967910700001,True,-0.0002213605094080716
120.219679107,8.298941819325158,8.298755418318436,8.294107499805484,131.88850255774992,0.004930449615849033,0.12725500039643997,0.010278990271032056,MODEL_ONLY,DUPLICATE_OR_OLD,DUPLICATE_OR_OLD,0.004834319519673613,0.004647918512951321,114.36967910700001,False,
120.269679107,8.302961267473139,8.302774866466416,8.298126947953465,132.30330841894386,0.004930449615849033,0.1277017837105233,0.015278990271031773,MODEL_ONLY,DUPLICATE_OR_OLD,DUPLICATE_OR_OLD,0.004834319519673613,0.004647918512951321,114.36967910700001,False,
120.31967910700001,8.317864704129335,8.317782900321133,8.31014779821263,132.7185152875981,0.0241159822012263,0.12808757693364864,0.006697379961984159,FUSED,ACCEPTED,ACCEPTED,0.007716905916703709,0.007635102108501712,114.36967910700001,True,-3.022471223763229e-05
120.369679107,8.32287857052496,8.322796766716758,8.315161664608256,133.1341480241685,0.0241159822012263,0.1284046160780567,0.011697379961982453,MODEL_ONLY,DUPLICATE_OR_OLD,DUPLICATE_OR_OLD,0.007716905916703709,0.007635102108501712,114.36967910700001,False,
120.41967910700001,8.337577989617753,8.337539054829916,8.328451471634539,133.55023835257467,0.03816704075861431,0.12867433512914705,0.0062543140884087686,FUSED,ACCEPTED,ACCEPTED,0.009126517983213844,0.009087583195377391,114.36967910700001,True,-1.326068778826836e-05
120.469679107,8.34331852269841,8.343279587910574,8.334192004715197,133.96680443948338,0.03816704075861431,0.12888689122131172,0.011254314088408485,MODEL_ONLY,DUPLICATE_OR_OLD,DUPLICATE_OR_OLD,0.009126517983213844,0.009087583195377391,114.36967910700001,False,
120.519679107,8.358373259138625,8.358636989618093,8.350022628593727,134.38390980531608,0.05840224615942571,0.11348056876245534,0.006191102168456499,FUSED,ACCEPTED,ACCEPTED,0.008350630544898152,0.008614361024365635,114.36967910700001,True,0.00044993659413722527
120.56967910700001,8.363676998952709,8.363940729432176,8.35532636840781,134.80154353024122,0.05840224615942571,0.09991582048896924,0.011191102168457636,MODEL_ONLY,DUPLICATE_OR_OLD,DUPLICATE_OR_OLD,0.008350630544898152,0.008614361024365635,114.36967910700001,False,
120.619679107,8.377148831687995,8.377634487626597,8.36785931381172,135.21962317229656,0.07510819701083182,0.08797251628939268,0.00618190943791445,FUSED,ACCEPTED,ACCEPTED,0.00928951787627419,0.009775173814876581,114.36967910700001,True,0.0006227222462733082
120.66967910700001,8.38216491997076,8.382650575909363,8.372875402094486,135.6381415401943,0.07510819701083182,0.07745683901120852,0.011181909437915586,MODEL_ONLY,DUPLICATE_OR_OLD,DUPLICATE_OR_OLD,0.00928951787627419,0.009775173814876581,114.36967910700001,False,
120.719679107,8.406434508524084,8.406923657408647,8.396737808314056,136.0573818704545,0.1247542701009122,0.06819813917647244,0.00618056886809084,FUSED,ACCEPTED,ACCEPTED,0.009696700210028553,0.010185849094591859,114.36967910700001,True,0.0004913074345012577
120.769679107,8.413062366794028,8.413551515678591,8.403365666584,136.4773844573269,0.1247542701009122,0.06004616566473203,0.011180568868090556,MODEL_ONLY,DUPLICATE_OR_OLD,DUPLICATE_OR_OLD,0.009696700210028553,0.010185849094591859,114.36967910700001,False,
120.81967910700001,8.41172252612551,8.412100606757523,8.400803569960127,136.8974886882406,0.07498638549898866,0.05286862742261131,0.0061803732950250065,FUSED,ACCEPTED,ACCEPTED,0.01091895616538352,0.011297036797396132,114.36967910700001,True,0.00030943764828477924
120.869679107,8.41518713421368,8.415565214845692,8.404268178048296,137.31761548194066,0.07498638549898866,0.04654904663117867,0.011180373295023301,MODEL_ONLY,DUPLICATE_OR_OLD,DUPLICATE_OR_OLD,0.01091895616538352,0.011297036797396132,114.36967910700001,False,
120.91967910700001,8.417084486477734,8.417755185570538,8.40860893618032,137.73793740979647,0.09088734925335444,0.0409848684920609,0.006180344761585011,FUSED,ACCEPTED,ACCEPTED,0.008475550297413648,0.00914624939021813,114.36967910700001,True,0.0008515468739138223
120.969679107,8.420820980269953,8.421491679362758,8.41234542997254,138.15846126895028,0.09088734925335444,0.036085796957793764,0.011180344761584728,MODEL_ONLY,DUPLICATE_OR_OLD,DUPLICATE_OR_OLD,0.008475550297413648,0.00914624939021813,114.36967910700001,False,
121.019679107,8.411005392206532,8.411372817476607,8.403183876566171,138.57884950161372,0.05242919391091897,0.03177232939838178,0.006180340598618307,FUSED,ACCEPTED,ACCEPTED,0.007821515640360488,0.008188940910436315,114.36967910700001,True,0.00017999179619165254
121.06967910700001,8.412413411704968,8.412780836975044,8.404591896064607,138.9990438959296,0.05242919391091897,0.027974466424558544,0.011180340598619444,MODEL_ONLY,DUPLICATE_OR_OLD,DUPLICATE_OR_OLD,0.007821515640360488,0.008188940910436315,114.36967910700001,False,
121.11967910700001,8.404868991246948,8.405432811402095,8.400173464406063,139.41916302994133,0.0506022167539282,0.024630575930596997,0.0061803399912499874,FUSED,ACCEPTED,ACCEPTED,0.004695526840885478,0.005259346996032477,114.36967910700001,True,0.000685198864003549
121.16967910700001,8.40587125821242,8.406435078367567,8.401175731371534,139.83919675983574,0.0506022167539282,0.02168639292223704,0.011180339991249705,MODEL_ONLY,DUPLICATE_OR_OLD,DUPLICATE_OR_OLD,0.004695526840885478,0.005259346996032477,114.36967910700001,False,
121.219679107,8.403766055806082,8.404104206571327,8.400792688949185,140.25924597034373,0.053426253274007386,0.019094138898856583,0.006180339902635939,FUSED,ACCEPTED,ACCEPTED,0.0029733668568976412,0.0033115176221425457,114.36967910700001,True,0.0001986794129595561
121.269679107,8.4046657922764,8.405003943041645,8.401692425419503,140.6793080982029,0.053426253274007386,0.016811746499113947,0.011180339902635655,MODEL_ONLY,DUPLICATE_OR_OLD,DUPLICATE_OR_OLD,0.0029733668568976412,0.0033115176221425457,114.36967910700001,False,
121.31967910700001,8.390045827839803,8.390249256006925,8.38778967202582,141.09904515063914,0.01184917078246097,0.01480217682753868,0.006180339889707532,FUSED,ACCEPTED,ACCEPTED,0.002256155813983085,0.00245958398110524,114.36967910700001,True,0.000120165022508824
121.36967910700001,8.388677763779768,8.38888119194689,8.386421607965785,141.5184004326389,0.01184917078246097,0.013032818383579527,0.011180339889707248,MODEL_ONLY,DUPLICATE_OR_OLD,DUPLICATE_OR_OLD,0.002256155813983085,0.00245958398110524,114.36967910700001,False,
121.41967910700001,8.38001310967577,8.380400891548863,8.381107329108076,141.93758865606574,0.017302617992638755,0.011474957838860787,0.006180339887821094,FUSED,ACCEPTED,ACCEPTED,-0.0010942194323053656,-0.0007064375592129579,114.36967910700001,True,0.0005017187293177927
121.469679107,8.374820434954476,8.374987437479055,8.37609045698545,142.35651860071806,0.01102488108756305,0.010103314074378096,0.005278640450075953,FUSED,ACCEPTED,ACCEPTED,-0.0012700220309742605,-0.001103019506395242,114.36967910700001,True,-3.0468527938966707e-05
121.519679107,8.373204296886314,8.373371299410893,8.374474318917288,142.7752827201156,0.01102488108756305,0.0088956279159332,0.01027864045007567,MODEL_ONLY,DUPLICATE_OR_OLD,DUPLICATE_OR_OLD,-0.0012700220309742605,-0.001103019506395242,114.36967910700001,False,
121.56967910700001,8.371534992467854,8.371701994992433,8.372805014498828,143.1939647034511,0.01102488108756305,0.007832300909996023,0.015278640450076807,MODEL_ONLY,DUPLICATE_OR_OLD,DUPLICATE_OR_OLD,-0.0012700220309742605,-0.001103019506395242,114.36967910700001,False,
121.61967910700001,8.368975151250732,8.36906367306808,8.371727875495218,143.6125780257009,0.01637003453938199,0.0068960772780131884,0.006697341805525246,FUSED,ACCEPTED,ACCEPTED,-0.0027527242444858047,-0.0026642024271374964,114.36967910700001,True,4.982064927686915e-05
121.66967910700001,8.367485077653757,8.367573599471106,8.370237801898243,144.03112716763573,0.01637003453938199,0.0060717638878808,0.011697341805524963,MODEL_ONLY,DUPLICATE_OR_OLD,DUPLICATE_OR_OLD,-0.0027527242444858047,-0.0026642024271374964,114.36967910700001,False,
121.719679107,8.362300943945998,8.362338926937714,8.365385049907488,144.44951773893084,0.005829110778441237,0.005345983698256182,0.0062543087349877565,FUSED,ACCEPTED,ACCEPTED,-0.0030841059614896693,-0.0030461229697742453,114.36967910700001,True,7.715404084971799e-06
121.769679107,8.360215583900311,8.360253566892027,8.363299689861801,144.86773485742503,0.005829110778441237,0.004706958674573203,0.011254308734987473,MODEL_ONLY,DUPLICATE_OR_OLD,DUPLICATE_OR_OLD,-0.0030841059614896693,-0.0030461229697742453,114.36967910700001,False,
121.81967910700001,8.359445548857527,8.35946822340379,8.362545326559216,145.28588098283566,0.015744365437404026,0.004144318653902004,0.006191101391798143,FUSED,ACCEPTED,ACCEPTED,-0.0030997777016885664,-0.0030771031554266415,114.36967910700001,True,1.3256461676962837e-05
121.86967910700001,8.357803050263906,8.357825724810168,8.360902827965594,145.70396718669875,0.015744365437404026,0.0036489330568932805,0.01119110139179786,MODEL_ONLY,DUPLICATE_OR_OLD,DUPLICATE_OR_OLD,-0.0030997777016885664,-0.0030771031554266415,114.36967910700001,False,
121.91967910700001,8.351727647141226,8.351685435288235,8.355207321082645,146.12186994042494,-0.0004343809452339309,0.003212762715809106,0.006181909324694625,FUSED,ACCEPTED,ACCEPTED,-0.0034796739414186817,-0.003521885794409485,114.36967910700001,True,-8.228719912300488e-05
121.969679107,8.349235201046332,8.349192989193341,8.35271487498775,146.53956799532668,-0.0004343809452339309,0.0028287294140937657,0.011181909324694341,MODEL_ONLY,DUPLICATE_OR_OLD,DUPLICATE_OR_OLD,-0.0034796739414186817,-0.003521885794409485,114.36967910700001,False,
122.019679107,8.347382253480246,8.347497709851948,8.352172829625125,146.957190187942,0.009878609543975986,0.002490601020357054,0.006180568851574062,FUSED,ACCEPTED,ACCEPTED,-0.004790576144879211,-0.004675119773176917,114.36967910700001,True,0.0002128912426621818
122.06967910700001,8.345373664956742,8.345489121328445,8.350164241101622,147.37474861471026,0.009878609543975986,0.002192890352713586,0.0111805688515752,MODEL_ONLY,DUPLICATE_OR_OLD,DUPLICATE_OR_OLD,-0.004790576144879211,-0.004675119773176917,114.36967910700001,False,
122.11967910700001,8.348359440987243,8.34832942641829,8.353029067444284,147.79232844742387,0.021904663485031776,0.0019307661322386764,0.006180373292615282,FUSED,ACCEPTED,ACCEPTED,-0.004669626457040721,-0.004699641025993628,114.36967910700001,True,-0.00011991928243265757
122.16967910700001,8.346927509372183,8.34689749480323,8.351597135829223,148.2099441025057,0.021904663485031776,0.0016999745804831832,0.011180373292614999,MODEL_ONLY,DUPLICATE_OR_OLD,DUPLICATE_OR_OLD,-0.004669626457040721,-0.004699641025993628,114.36967910700001,False,
122.219679107,8.347590386820709,8.347515903305558,8.351328967105054,148.62751725507903,0.020106150897549916,0.0014967703887255315,0.006180344761233438,FUSED,ACCEPTED,ACCEPTED,-0.003738580284345261,-0.003813063799496419,114.36967910700001,True,-0.000101966778606008
122.269679107,8.346049423644185,8.345974940129034,8.34978800392853,149.04504517935484,0.020106150897549916,0.0013178559387216325,0.011180344761233155,MODEL_ONLY,DUPLICATE_OR_OLD,DUPLICATE_OR_OLD,-0.003738580284345261,-0.003813063799496419,114.36967910700001,False,
122.31967910700001,8.345000815477233,8.34499002181658,8.34852885144264,149.4625031007392,0.01965382897502295,0.0011603277886213484,0.0061803405985672195,FUSED,ACCEPTED,ACCEPTED,-0.0035280359654077387,-0.003538829626061002,114.36967910700001,True,2.856882230910544e-05
122.36967910700001,8.343422424885429,8.343411631224775,8.346950460850836,149.8798900835465,0.01965382897502295,0.001021629555619695,0.011180340598566936,MODEL_ONLY,DUPLICATE_OR_OLD,DUPLICATE_OR_OLD,-0.0035280359654077387,-0.003538829626061002,114.36967910700001,False,
122.41967910700001,8.339036959605926,8.339040013526407,8.342494316674127,150.2971262029846,0.011047457818763966,0.000899510430717002,0.006180339991242326,FUSED,ACCEPTED,ACCEPTED,-0.0034573570682017163,-0.0034543031477198838,114.36967910700001,True,1.1612195911182496e-05
122.469679107,8.33910725637516,8.339153543469768,8.342013919721527,150.71423890889446,0.023089280586541583,0.0007919886523622498,0.005278640473129825,FUSED,ACCEPTED,ACCEPTED,-0.0029066633463674663,-0.002860376251758723,114.36967910700001,True,8.495602074104968e-05
122.519679107,8.33768442285346,8.337730709948069,8.340591086199828,151.13130403404247,0.023089280586541583,0.0006973193462254721,0.010278640473129541,MODEL_ONLY,DUPLICATE_OR_OLD,DUPLICATE_OR_OLD,-0.0029066633463674663,-0.002860376251758723,114.36967910700001,False,
122.56967910700001,8.33625742167491,8.336303708769519,8.339164085021277,151.5482979133231,0.023089280586541583,0.0006139662092000443,0.015278640473130678,MODEL_ONLY,DUPLICATE_OR_OLD,DUPLICATE_OR_OLD,-0.0029066633463674663,-0.002860376251758723,114.36967910700001,False,
122.61967910700001,8.333217570793707,8.333235711248063,8.336166139598554,151.96518116893856,0.01414023181715179,0.0005405765781200645,0.00669734180803986,FUSED,ACCEPTED,ACCEPTED,-0.0029485688048467296,-0.0029304283504902884,114.36967910700001,True,4.260509942266653e-06
122.66967910700001,8.331336216840159,8.331354357294515,8.334284785645005,152.38194244206963,0.01414023181715179,0.0004759594786050924,0.011697341808039576,MODEL_ONLY,DUPLICATE_OR_OLD,DUPLICATE_OR_OLD,-0.0029485688048467296,-0.0029304283504902884,114.36967910700001,False,
122.719679107,8.331784510577643,8.331860010016612,8.335523869627494,152.79868765845143,0.024127619216515697,0.00041906629780714695,0.006254308735340562,FUSED,ACCEPTED,ACCEPTED,-0.003739359049850677,-0.003663859610881559,114.36967910700001,True,0.00010985160428553763
122.769679107,8.330397176708503,8.330472676147473,8.334136535758354,153.21542916858604,0.024127619216515697,0.00036897376741497557,0.01125430873534028,MODEL_ONLY,DUPLICATE_OR_OLD,DUPLICATE_OR_OLD,-0.003739359049850677,-0.003663859610881559,114.36967910700001,False,
