t,base_v,candidate_v,inner_v,inner_s,disturbance,drive_a,pv,mode,front_status,rear_status,base_correction,correction,blocked_until,update,increment_delta
42.820133437,0.0,0.0,0.0,0.0,0.0,0.0,1.0,WAITING_FOR_INITIALIZATION,MISSING_OR_STALE,MISSING_OR_STALE,0.0,0.0,,False,
42.870133437,0.0,0.0,0.0,0.0,0.0,0.0,1.0,WAITING_FOR_INITIALIZATION,MISSING_OR_STALE,MISSING_OR_STALE,0.0,0.0,,False,
42.920133437000004,0.0,0.0,0.0,0.0,0.0,0.0,0.010000000000000002,INITIALIZED,ACCEPTED,ACCEPTED,0.0,0.0,,False,
42.970133437,0.0,0.0,0.0,0.0,0.0,0.0,0.014999999999999718,MODEL_ONLY,DUPLICATE_OR_OLD,DUPLICATE_OR_OLD,0.0,0.0,,False,
43.020133437000005,0.0,0.0,0.0,0.0,0.0,0.0,0.006666666666666684,FUSED,ACCEPTED,ACCEPTED,0.0,0.0,,True,0.0
43.070133437,0.0,0.0,0.0,0.0,0.0,0.0,0.0116666666666664,MODEL_ONLY,DUPLICATE_OR_OLD,DUPLICATE_OR_OLD,0.0,0.0,,False,
43.120133437,0.0,0.0,0.0,0.0,0.0,0.0,0.006249999999999923,FUSED,ACCEPTED,ACCEPTED,0.0,0.0,,True,0.0
43.170133437000004,0.0,0.0,0.0,0.0,0.0,0.0,0.01125000000000035,MODEL_ONLY,DUPLICATE_OR_OLD,DUPLICATE_OR_OLD,0.0,0.0,,False,
43.220133437,0.0,0.0,0.0,0.0,0.0,0.0,0.006190476190476201,FUSED,ACCEPTED,ACCEPTED,0.0,0.0,,True,0.0
43.270133437000005,0.0,0.0,0.0,0.0,0.0,0.0,0.011190476190476629,MODEL_ONLY,DUPLICATE_OR_OLD,DUPLICATE_OR_OLD,0.0,0.0,,False,
43.320133437,0.0,0.0,0.0,0.0,0.0,0.0,0.006181818181818205,FUSED,ACCEPTED,ACCEPTED,0.0,0.0,,True,0.0
43.370133437,0.0,0.0,0.0,0.0,0.0,0.0,0.011181818181817921,MODEL_ONLY,DUPLICATE_OR_OLD,DUPLICATE_OR_OLD,0.0,0.0,,False,
43.420133437000004,0.0,0.0,0.0,0.0,0.0,0.0,0.006180555555555581,FUSED,ACCEPTED,ACCEPTED,0.0,0.0,,True,0.0
43.470133437,0.0,0.0,0.0,0.0,0.0,0.0,0.011180555555555298,STOPPED,DUPLICATE_OR_OLD,DUPLICATE_OR_OLD,0.0,0.0,43.970133437,False,
43.520133437000005,0.0,0.0,0.0,0.0,0.0,0.0,0.006180371352785171,STOPPED,ACCEPTED,ACCEPTED,0.0,0.0,44.020133437000005,False,
43.570133437,0.0,0.0,0.0,0.0,0.0,0.0,0.011180371352784888,STOPPED,DUPLICATE_OR_OLD,DUPLICATE_OR_OLD,0.0,0.0,44.070133437,False,
43.620133437,0.0,0.0,0.0,0.0,0.0,0.0,0.006180344478216741,STOPPED,ACCEPTED,ACCEPTED,0.0,0.0,44.120133437,False,
43.670133437000004,0.0,0.0,0.0,0.0,0.0,0.0,0.011180344478217169,STOPPED,DUPLICATE_OR_OLD,DUPLICATE_OR_OLD,0.0,0.0,44.170133437000004,False,
43.720133437,0.0,0.0,0.0,0.0,0.0,0.0,0.006180340557275552,STOPPED,ACCEPTED,ACCEPTED,0.0,0.0,44.220133437,False,
43.770133437000005,0.0,0.0,0.0,0.0,0.0,0.0,0.01118034055727598,STOPPED,DUPLICATE_OR_OLD,DUPLICATE_OR_OLD,0.0,0.0,44.270133437000005,False,
43.820133437,0.0,0.0,0.0,0.0,0.0,0.0,0.006180339985218057,STOPPED,ACCEPTED,ACCEPTED,0.0,0.0,44.320133437,False,
43.870133437,0.0,0.0,0.0,0.0,0.0,0.0,0.011180339985217773,STOPPED,DUPLICATE_OR_OLD,DUPLICATE_OR_OLD,0.0,0.0,44.370133437,False,
43.920133437000004,0.0,0.0,0.0,0.0,0.0,0.0,0.006180339901755996,STOPPED,ACCEPTED,ACCEPTED,0.0,0.0,44.420133437000004,False,
43.970133437,0.0,0.0,0.0,0.0,0.0,0.0,0.011180339901755713,STOPPED,DUPLICATE_OR_OLD,DUPLICATE_OR_OLD,0.0,0.0,44.470133437,False,
44.020133437000005,0.0,0.0,0.0,0.0,0.0,0.0,0.006180339889579046,STOPPED,ACCEPTED,ACCEPTED,0.0,0.0,44.520133437000005,False,
44.070133437,0.0,0.0,0.0,0.0,0.0,0.0,0.011180339889578762,STOPPED,DUPLICATE_OR_OLD,DUPLICATE_OR_OLD,0.0,0.0,44.570133437,False,
44.120133437,0.0,0.0,0.0,0.0,0.0,0.0,0.006180339887802349,STOPPED,ACCEPTED,ACCEPTED,0.0,0.0,44.620133437,False,
44.170133437000004,0.0,0.0,0.0,0.0,0.0,0.0,0.011180339887802777,STOPPED,DUPLICATE_OR_OLD,DUPLICATE_OR_OLD,0.0,0.0,44.670133437000004,False,
44.220133437,0.0,0.0,0.0,0.0,0.0,0.0,0.006180339887543235,STOPPED,ACCEPTED,ACCEPTED,0.0,0.0,44.720133437,False,
44.270133437000005,0.0,0.0,0.0,0.0,0.0,0.0,0.011180339887543661,STOPPED,DUPLICATE_OR_OLD,DUPLICATE_OR_OLD,0.0,0.0,44.770133437000005,False,
44.320133437,0.0,0.0,0.0,0.0,0.0,0.0,0.006180339887505432,STOPPED,ACCEPTED,ACCEPTED,0.0,0.0,44.820133437,False,
44.370133437,0.0,0.0,0.0,0.0,0.0,0.0,0.011180339887505148,STOPPED,DUPLICATE_OR_OLD,DUPLICATE_OR_OLD,0.0,0.0,44.870133437,False,
44.420133437000004,0.0,0.0,0.0,0.0,0.0,0.0,0.0061803398874999155,STOPPED,ACCEPTED,ACCEPTED,0.0,0.0,44.920133437000004,False,
44.470133437,0.0,0.0,0.0,0.0,0.0,0.0,0.011180339887499632,STOPPED,DUPLICATE_OR_OLD,DUPLICATE_OR_OLD,0.0,0.0,44.970133437,False,
44.520133437000005,0.0,0.0,0.0,0.0,0.0,0.0,0.006180339887499111,STOPPED,ACCEPTED,ACCEPTED,0.0,0.0,45.020133437000005,False,
44.570133437,0.0,0.0,0.0,0.0,0.0,0.0,0.011180339887498827,STOPPED,DUPLICATE_OR_OLD,DUPLICATE_OR_OLD,0.0,0.0,45.070133437,False,
44.620133437,0.0,0.0,0.0,0.0,0.0,0.0,0.00618033988749889,STOPPED,ACCEPTED,ACCEPTED,0.0,0.0,45.120133437,False,
44.670133437000004,0.0,0.0,0.0,0.0,0.0,0.0,0.011180339887499318,STOPPED,DUPLICATE_OR_OLD,DUPLICATE_OR_OLD,0.0,0.0,45.170133437000004,False,
44.720133437,0.0,0.0,0.0,0.0,0.0,0.0,0.0061803398874989614,STOPPED,ACCEPTED,ACCEPTED,0.0,0.0,45.220133437,False,
44.770133437000005,0.0,0.0,0.0,0.0,0.0,0.0,0.011180339887499387,STOPPED,DUPLICATE_OR_OLD,DUPLICATE_OR_OLD,0.0,0.0,45.270133437000005,False,
44.820133437,0.0,0.0,0.0,0.0,0.0,0.0,0.006180339887498972,STOPPED,ACCEPTED,ACCEPTED,0.0,0.0,45.320133437,False,
44.870133437,0.0,0.0,0.0,0.0,0.0,0.0,0.011180339887498688,STOPPED,DUPLICATE_OR_OLD,DUPLICATE_OR_OLD,0.0,0.0,45.370133437,False,
44.920133437000004,0.0,0.0,0.0,0.0,0.0,0.0,0.006180339887498974,STOPPED,ACCEPTED,ACCEPTED,0.0,0.0,45.420133437000004,False,
44.970133437,0.0,0.0,0.0,0.0,0.0,0.0,0.01118033988749869,STOPPED,DUPLICATE_OR_OLD,DUPLICATE_OR_OLD,0.0,0.0,45.470133437,False,
45.020133437000005,0.0,0.0,0.0,0.0,0.0,0.0,0.006180339887498974,STOPPED,ACCEPTED,ACCEPTED,0.0,0.0,45.520133437000005,False,
45.070133437,0.0,0.0,0.0,0.0,0.0,0.0,0.01118033988749869,STOPPED,DUPLICATE_OR_OLD,DUPLICATE_OR_OLD,0.0,0.0,45.570133437,False,
45.120133437,0.0,0.0,0.0,0.0,0.0,0.0,0.0061803398874988695,STOPPED,ACCEPTED,ACCEPTED,0.0,0.0,45.620133437,False,
45.170133437000004,0.0,0.0,0.0,0.0,0.0,0.0,0.011180339887499297,STOPPED,DUPLICATE_OR_OLD,DUPLICATE_OR_OLD,0.0,0.0,45.670133437000004,False,
45.220133437,0.0,0.0,0.0,0.0,0.0,0.0,0.006180339887498959,STOPPED,ACCEPTED,ACCEPTED,0.0,0.0,45.720133437,False,
45.270133437000005,0.0,0.0,0.0,0.0,0.0,0.0,0.011180339887499386,STOPPED,DUPLICATE_OR_OLD,DUPLICATE_OR_OLD,0.0,0.0,45.770133437000005,False,
45.320133437,0.0,0.0,0.0,0.0,0.0,0.0,0.006180339887498972,STOPPED,ACCEPTED,ACCEPTED,0.0,0.0,45.820133437,False,
45.370133437,0.0,0.0,0.0,0.0,0.0,0.0,0.011180339887498688,STOPPED,DUPLICATE_OR_OLD,DUPLICATE_OR_OLD,0.0,0.0,45.870133437,False,
45.420133437000004,0.0,0.0,0.0,0.0,0.0,0.0,0.006180339887498974,STOPPED,ACCEPTED,ACCEPTED,0.0,0.0,45.920133437000004,False,
45.470133437,0.0,0.0,0.0,0.0,0.0,0.0,0.01118033988749869,STOPPED,DUPLICATE_OR_OLD,DUPLICATE_OR_OLD,0.0,0.0,45.970133437,False,
45.520133437000005,0.0,0.0,0.0,0.0,0.0,0.0,0.006180339887498974,STOPPED,ACCEPTED,ACCEPTED,0.0,0.0,46.020133437000005,False,
45.570133437,0.0,0.0,0.0,0.0,0.0,0.0,0.01118033988749869,STOPPED,DUPLICATE_OR_OLD,DUPLICATE_OR_OLD,0.0,0.0,46.070133437,False,
45.620133437,0.0,0.0,0.0,0.0,0.0,0.0,0.0061803398874988695,STOPPED,ACCEPTED,ACCEPTED,0.0,0.0,46.120133437,False,
45.670133437000004,0.0,0.0,0.0,0.0,0.0,0.0,0.011180339887499297,STOPPED,DUPLICATE_OR_OLD,DUPLICATE_OR_OLD,0.0,0.0,46.170133437000004,False,
45.720133437,0.0,0.0,0.0,0.0,0.0,0.0,0.006180339887498959,STOPPED,ACCEPTED,ACCEPTED,0.0,0.0,46.220133437,False,
45.770133437000005,0.0,0.0,0.0,0.0,0.0,0.0,0.011180339887499386,STOPPED,DUPLICATE_OR_OLD,DUPLICATE_OR_OLD,0.0,0.0,46.270133437000005,False,
45.820133437,0.0,0.0,0.0,0.0,0.0,0.0,0.006180339887498972,STOPPED,ACCEPTED,ACCEPTED,0.0,0.0,46.320133437,False,
45.870133437,0.0,0.0,0.0,0.0,0.0,0.0,0.011180339887498688,STOPPED,DUPLICATE_OR_OLD,DUPLICATE_OR_OLD,0.0,0.0,46.370133437,False,
45.920133437000004,0.0,0.0,0.0,0.0,0.0,0.0,0.006180339887498974,STOPPED,ACCEPTED,ACCEPTED,0.0,0.0,46.420133437000004,False,
45.970133437,0.0,0.0,0.0,0.0,0.0,0.0,0.01118033988749869,STOPPED,DUPLICATE_OR_OLD,DUPLICATE_OR_OLD,0.0,0.0,46.470133437,False,
46.020133437000005,0.0,0.0,0.0,0.0,0.0,0.0,0.006180339887498974,STOPPED,ACCEPTED,ACCEPTED,0.0,0.0,46.520133437000005,False,
46.070133437,0.0,0.0,0.0,0.0,0.0,0.0,0.01118033988749869,STOPPED,DUPLICATE_OR_OLD,DUPLICATE_OR_OLD,0.0,0.0,46.570133437,False,
46.120133437,0.0,0.0,0.0,0.0,0.0,0.0,0.0061803398874988695,STOPPED,ACCEPTED,ACCEPTED,0.0,0.0,46.620133437,False,
46.170133437000004,0.0,0.0,0.0,0.0,0.0,0.0,0.011180339887499297,STOPPED,DUPLICATE_OR_OLD,DUPLICATE_OR_OLD,0.0,0.0,46.670133437000004,False,
46.220133437,0.0,0.0,0.0,0.0,0.0,0.0,0.006180339887498959,STOPPED,ACCEPTED,ACCEPTED,0.0,0.0,46.720133437,False,
46.270133437000005,0.0,0.0,0.0,0.0,0.0,0.0,0.011180339887499386,STOPPED,DUPLICATE_OR_OLD,DUPLICATE_OR_OLD,0.0,0.0,46.770133437000005,False,
46.320133437,0.0,0.0,0.0,0.0,0.0,0.0,0.006180339887498972,STOPPED,ACCEPTED,ACCEPTED,0.0,0.0,46.820133437,False,
46.370133437,0.0,0.0,0.0,0.0,0.0,0.0,0.011180339887498688,STOPPED,DUPLICATE_OR_OLD,DUPLICATE_OR_OLD,0.0,0.0,46.870133437,False,
46.420133437000004,0.0,0.0,0.0,0.0,0.0,0.0,0.006180339887498974,STOPPED,ACCEPTED,ACCEPTED,0.0,0.0,46.920133437000004,False,
46.470133437,0.0,0.0,0.0,0.0,0.0,0.0,0.01118033988749869,STOPPED,DUPLICATE_OR_OLD,DUPLICATE_OR_OLD,0.0,0.0,46.970133437,False,
46.520133437000005,0.0,0.0,0.0,0.0,0.0,0.0,0.006180339887498974,STOPPED,ACCEPTED,ACCEPTED,0.0,0.0,47.020133437000005,False,
46.570133437,0.0,0.0,0.0,0.0,0.0,0.0,0.01118033988749869,STOPPED,DUPLICATE_OR_OLD,DUPLICATE_OR_OLD,0.0,0.0,47.070133437,False,
46.620133437,0.0,0.0,0.0,0.0,0.0,0.0,0.0061803398874988695,STOPPED,ACCEPTED,ACCEPTED,0.0,0.0,47.120133437,False,
46.670133437000004,0.0,0.0,0.0,0.0,0.0,0.0,0.011180339887499297,STOPPED,DUPLICATE_OR_OLD,DUPLICATE_OR_OLD,0.0,0.0,47.170133437000004,False,
46.720133437,0.0,0.0,0.0,0.0,0.0,0.0,0.006180339887498959,STOPPED,ACCEPTED,ACCEPTED,0.0,0.0,47.220133437,False,
46.770133437000005,0.0,0.0,0.0,0.0,0.0,0.0,0.011180339887499386,STOPPED,DUPLICATE_OR_OLD,DUPLICATE_OR_OLD,0.0,0.0,47.270133437000005,False,
46.820133437,0.0,0.0,0.0,0.0,0.0,0.0,0.006180339887498972,STOPPED,ACCEPTED,ACCEPTED,0.0,0.0,47.320133437,False,
46.870133437,0.0,0.0,0.0,0.0,0.0,0.0,0.011180339887498688,STOPPED,DUPLICATE_OR_OLD,DUPLICATE_OR_OLD,0.0,0.0,47.370133437,False,
46.920133437000004,0.0,0.0,0.0,0.0,0.0,0.0,0.006180339887498974,STOPPED,ACCEPTED,ACCEPTED,0.0,0.0,47.420133437000004,False,
46.970133437,0.0,0.0,0.0,0.0,0.0,0.0,0.01118033988749869,STOPPED,DUPLICATE_OR_OLD,DUPLICATE_OR_OLD,0.0,0.0,47.470133437,False,
47.020133437000005,0.0,0.0,0.0,0.0,0.0,0.0,0.006180339887498974,STOPPED,ACCEPTED,ACCEPTED,0.0,0.0,47.520133437000005,False,
47.070133437,0.0,0.0,0.0,0.0,0.0,0.0,0.01118033988749869,STOPPED,DUPLICATE_OR_OLD,DUPLICATE_OR_OLD,0.0,0.0,47.570133437,False,
47.120133437,0.0,0.0,0.0,0.0,0.0,0.0,0.0061803398874988695,STOPPED,ACCEPTED,ACCEPTED,0.0,0.0,47.620133437,False,
47.170133437000004,0.0,0.0,0.0,0.0,0.0,0.0,0.011180339887499297,STOPPED,DUPLICATE_OR_OLD,DUPLICATE_OR_OLD,0.0,0.0,47.670133437000004,False,
47.220133437,0.0,0.0,0.0,0.0,0.0,0.0,0.006180339887498959,STOPPED,ACCEPTED,ACCEPTED,0.0,0.0,47.720133437,False,
47.270133437000005,0.0,0.0,0.0,0.0,0.0,0.0,0.011180339887499386,STOPPED,DUPLICATE_OR_OLD,DUPLICATE_OR_OLD,0.0,0.0,47.770133437000005,False,
47.320133437,0.0,0.0,0.0,0.0,0.0,0.0,0.006180339887498972,STOPPED,ACCEPTED,ACCEPTED,0.0,0.0,47.820133437,False,
47.370133437,0.0,0.0,0.0,0.0,0.0,0.0,0.011180339887498688,STOPPED,DUPLICATE_OR_OLD,DUPLICATE_OR_OLD,0.0,0.0,47.870133437,False,
47.420133437000004,0.0,0.0,0.0,0.0,0.0,0.0,0.006180339887498974,STOPPED,ACCEPTED,ACCEPTED,0.0,0.0,47.920133437000004,False,
47.470133437,0.0,0.0,0.0,0.0,0.0,0.0,0.01118033988749869,STOPPED,DUPLICATE_OR_OLD,DUPLICATE_OR_OLD,0.0,0.0,47.970133437,False,
47.520133437000005,0.0,0.0,0.0,0.0,0.0,0.0,0.006180339887498974,STOPPED,ACCEPTED,ACCEPTED,0.0,0.0,48.020133437000005,False,
47.570133437,0.0,0.0,0.0,0.0,0.0,0.0,0.01118033988749869,STOPPED,DUPLICATE_OR_OLD,DUPLICATE_OR_OLD,0.0,0.0,48.070133437,False,
47.62013343700001,0.0,0.0,0.0,0.0,0.0,0.0,0.006180339887498974,STOPPED,ACCEPTED,ACCEPTED,0.0,0.0,48.12013343700001,False,
47.670133437000004,0.0,0.0,0.0,0.0,0.0,0.0,0.01118033988749869,STOPPED,DUPLICATE_OR_OLD,DUPLICATE_OR_OLD,0.0,0.0,48.170133437000004,False,
47.720133437,0.0,0.0,0.0,0.0,0.0,0.0,0.0061803398874988695,STOPPED,ACCEPTED,ACCEPTED,0.0,0.0,48.220133437,False,
47.770133437000005,0.0,0.0,0.0,0.0,0.0,0.0,0.011180339887499297,STOPPED,DUPLICATE_OR_OLD,DUPLICATE_OR_OLD,0.0,0.0,48.270133437000005,False,
47.820133437,0.0,0.0,0.0,0.0,0.0,0.0,0.006180339887498959,STOPPED,ACCEPTED,ACCEPTED,0.0,0.0,48.320133437,False,
47.87013343700001,0.0,0.0,0.0,0.0,0.0,0.0,0.011180339887499386,STOPPED,DUPLICATE_OR_OLD,DUPLICATE_OR_OLD,0.0,0.0,48.37013343700001,False,
47.920133437000004,0.0,0.0,0.0,0.0,0.0,0.0,0.006180339887498972,STOPPED,ACCEPTED,ACCEPTED,0.0,0.0,48.420133437000004,False,
47.970133437,0.0,0.0,0.0,0.0,0.0,0.0,0.011180339887498688,STOPPED,DUPLICATE_OR_OLD,DUPLICATE_OR_OLD,0.0,0.0,48.470133437,False,
48.020133437000005,0.0,0.0,0.0,0.0,0.0,0.0,0.006180339887498974,STOPPED,ACCEPTED,ACCEPTED,0.0,0.0,48.520133437000005,False,
48.070133437,0.0,0.0,0.0,0.0,0.0,0.0,0.005278640450004149,STOPPED,ACCEPTED,ACCEPTED,0.0,0.0,48.570133437,False,
48.12013343700001,0.0,0.0,0.0,0.0,0.0,0.0,0.010278640450004576,STOPPED,DUPLICATE_OR_OLD,DUPLICATE_OR_OLD,0.0,0.0,48.62013343700001,False,
48.170133437000004,0.0,0.0,0.0,0.0,0.0,0.0,0.015278640450004292,STOPPED,DUPLICATE_OR_OLD,DUPLICATE_OR_OLD,0.0,0.0,48.670133437000004,False,
48.220133437,0.0,0.0,0.0,0.0,0.0,0.0,0.006697341805517337,STOPPED,ACCEPTED,ACCEPTED,0.0,0.0,48.720133437,False,
48.270133437000005,0.0,0.0,0.0,0.0,0.0,0.0,0.011697341805517764,STOPPED,DUPLICATE_OR_OLD,DUPLICATE_OR_OLD,0.0,0.0,48.770133437000005,False,
48.320133437,0.0,0.0,0.0,0.0,0.0,0.0,0.006254308734986747,STOPPED,ACCEPTED,ACCEPTED,0.0,0.0,48.820133437,False,
48.37013343700001,0.0,0.0,0.0,0.0,0.0,0.0,0.011254308734987173,STOPPED,DUPLICATE_OR_OLD,DUPLICATE_OR_OLD,0.0,0.0,48.87013343700001,False,
48.420133437000004,0.0,0.0,0.0,0.0,0.0,0.0,0.006191101391797894,STOPPED,ACCEPTED,ACCEPTED,0.0,0.0,48.920133437000004,False,
48.470133437,0.0,0.0,0.0,0.0,0.0,0.0,0.01119110139179761,STOPPED,DUPLICATE_OR_OLD,DUPLICATE_OR_OLD,0.0,0.0,48.970133437,False,
48.520133437000005,0.0,0.0,0.0,0.0,0.0,0.0,0.0061819093246946915,STOPPED,ACCEPTED,ACCEPTED,0.0,0.0,49.020133437000005,False,
48.570133437,0.0,0.0,0.0,0.0,0.0,0.0,0.011181909324694407,STOPPED,DUPLICATE_OR_OLD,DUPLICATE_OR_OLD,0.0,0.0,49.070133437,False,
48.62013343700001,0.0,0.0,0.0,0.0,0.0,0.0,0.006180568851574177,STOPPED,ACCEPTED,ACCEPTED,0.0,0.0,49.12013343700001,False,
48.670133437000004,0.0,0.0,0.0,0.0,0.0,0.0,0.011180568851573893,STOPPED,DUPLICATE_OR_OLD,DUPLICATE_OR_OLD,0.0,0.0,49.170133437000004,False,
48.720133437,0.0,0.0,0.0,0.0,0.0,0.0,0.006180373292615093,STOPPED,ACCEPTED,ACCEPTED,0.0,0.0,49.220133437,False,
48.770133437000005,0.0,0.0,0.0,0.0,0.0,0.0,0.011180373292615519,STOPPED,DUPLICATE_OR_OLD,DUPLICATE_OR_OLD,0.0,0.0,49.270133437000005,False,
48.820133437,0.0,0.0,0.0,0.0,0.0,0.0,0.006180344761233514,STOPPED,ACCEPTED,ACCEPTED,0.0,0.0,49.320133437,False,
48.87013343700001,0.0,0.0,0.0,0.0,0.0,0.0,0.01118034476123394,STOPPED,DUPLICATE_OR_OLD,DUPLICATE_OR_OLD,0.0,0.0,49.37013343700001,False,
48.920133437000004,0.0,0.0,0.0,0.0,0.0,0.0,0.006180340598567128,STOPPED,ACCEPTED,ACCEPTED,0.0,0.0,49.420133437000004,False,
48.970133437,0.0,0.0,0.0,0.0,0.0,0.0,0.011180340598566844,STOPPED,DUPLICATE_OR_OLD,DUPLICATE_OR_OLD,0.0,0.0,49.470133437,False,
49.020133437000005,0.0,0.0,0.0,0.0,0.0,0.0,0.006180339991242416,STOPPED,ACCEPTED,ACCEPTED,0.0,0.0,49.520133437000005,False,
49.070133437,0.0,0.0,0.0,0.0,0.0,0.0,0.011180339991242133,STOPPED,DUPLICATE_OR_OLD,DUPLICATE_OR_OLD,0.0,0.0,49.570133437,False,
49.12013343700001,0.0,0.0,0.0,0.0,0.0,0.0,0.006180339902634938,STOPPED,ACCEPTED,ACCEPTED,0.0,0.0,49.62013343700001,False,
49.170133437000004,0.0,0.0,0.0,0.0,0.0,0.0,0.011180339902634655,STOPPED,DUPLICATE_OR_OLD,DUPLICATE_OR_OLD,0.0,0.0,49.670133437000004,False,
49.220133437,0.0,0.0,0.0,0.0,0.0,0.0,0.006180339889707178,STOPPED,ACCEPTED,ACCEPTED,0.0,0.0,49.720133437,False,
49.270133437000005,0.0,0.0,0.0,0.0,0.0,0.0,0.011180339889707604,STOPPED,DUPLICATE_OR_OLD,DUPLICATE_OR_OLD,0.0,0.0,49.770133437000005,False,
49.320133437,0.0,0.0,0.0,0.0,0.0,0.0,0.006180339887821146,STOPPED,ACCEPTED,ACCEPTED,0.0,0.0,49.820133437,False,
49.37013343700001,0.0,0.0,0.0,0.0,0.0,0.0,0.011180339887821574,STOPPED,DUPLICATE_OR_OLD,DUPLICATE_OR_OLD,0.0,0.0,49.87013343700001,False,
49.420133437000004,0.0,0.0,0.0,0.0,0.0,0.0,0.006180339887545978,STOPPED,ACCEPTED,ACCEPTED,0.0,0.0,49.920133437000004,False,
49.470133437,0.0,0.0,0.0,0.0,0.0,0.0,0.011180339887545694,STOPPED,DUPLICATE_OR_OLD,DUPLICATE_OR_OLD,0.0,0.0,49.970133437,False,
49.520133437000005,0.0,0.0,0.0,0.0,0.0,0.0,0.006180339887505832,STOPPED,ACCEPTED,ACCEPTED,0.0,0.0,50.020133437000005,False,
49.570133437,0.0,0.0,0.0,0.0,0.0,0.0,0.01118033988750555,STOPPED,DUPLICATE_OR_OLD,DUPLICATE_OR_OLD,0.0,0.0,50.070133437,False,
49.62013343700001,0.0,0.0,0.0,0.0,0.0,0.0,0.0061803398874999745,STOPPED,ACCEPTED,ACCEPTED,0.0,0.0,50.12013343700001,False,
49.670133437000004,0.0,0.0,0.0,0.0,0.0,0.0,0.011180339887499691,STOPPED,DUPLICATE_OR_OLD,DUPLICATE_OR_OLD,0.0,0.0,50.170133437000004,False,
49.720133437,0.0,0.0,0.0,0.0,0.0,0.0,0.006180339887499017,STOPPED,ACCEPTED,ACCEPTED,0.0,0.0,50.220133437,False,
49.770133437000005,0.0,0.0,0.0,0.0,0.0,0.0,0.011180339887499443,STOPPED,DUPLICATE_OR_OLD,DUPLICATE_OR_OLD,0.0,0.0,50.270133437000005,False,
49.820133437,0.0,0.0,0.0,0.0,0.0,0.0,0.0061803398874989805,STOPPED,ACCEPTED,ACCEPTED,0.0,0.0,50.320133437,False,
49.87013343700001,0.0,0.0,0.0,0.0,0.0,0.0,0.011180339887499408,STOPPED,DUPLICATE_OR_OLD,DUPLICATE_OR_OLD,0.0,0.0,50.37013343700001,False,
49.920133437000004,0.0,0.0,0.0,0.0,0.0,0.0,0.006180339887498975,STOPPED,ACCEPTED,ACCEPTED,0.0,0.0,50.420133437000004,False,
49.970133437,0.0,0.0,0.0,0.0,0.0,0.0,0.011180339887498692,STOPPED,DUPLICATE_OR_OLD,DUPLICATE_OR_OLD,0.0,0.0,50.470133437,False,
50.020133437000005,0.0,0.0,0.0,0.0,0.0,0.0,0.006180339887498974,STOPPED,ACCEPTED,ACCEPTED,0.0,0.0,50.520133437000005,False,
50.070133437,0.0,0.0,0.0,0.0,0.0,0.0,0.01118033988749869,STOPPED,DUPLICATE_OR_OLD,DUPLICATE_OR_OLD,0.0,0.0,50.570133437,False,
50.12013343700001,0.0,0.0,0.0,0.0,0.0,0.0,0.006180339887498974,STOPPED,ACCEPTED,ACCEPTED,0.0,0.0,50.62013343700001,False,
50.170133437000004,0.0,0.0,0.0,0.0,0.0,0.0,0.01118033988749869,STOPPED,DUPLICATE_OR_OLD,DUPLICATE_OR_OLD,0.0,0.0,50.670133437000004,False,
50.220133437,0.0,0.0,0.0,0.0,0.0,0.0,0.0061803398874988695,STOPPED,ACCEPTED,ACCEPTED,0.0,0.0,50.720133437,False,
50.270133437000005,0.0,0.0,0.0,0.0,0.0,0.0,0.011180339887499297,STOPPED,DUPLICATE_OR_OLD,DUPLICATE_OR_OLD,0.0,0.0,50.770133437000005,False,
50.320133437,0.0,0.0,0.0,0.0,0.0,0.0,0.006180339887498959,STOPPED,ACCEPTED,ACCEPTED,0.0,0.0,50.820133437,False,
50.37013343700001,0.0,0.0,0.0,0.0,0.0,0.0,0.011180339887499386,STOPPED,DUPLICATE_OR_OLD,DUPLICATE_OR_OLD,0.0,0.0,50.87013343700001,False,
50.420133437000004,0.0,0.0,0.0,0.0,0.0,0.0,0.006180339887498972,STOPPED,ACCEPTED,ACCEPTED,0.0,0.0,50.920133437000004,False,
50.470133437,0.0,0.0,0.0,0.0,0.0,0.0,0.011180339887498688,STOPPED,DUPLICATE_OR_OLD,DUPLICATE_OR_OLD,0.0,0.0,50.970133437,False,
50.520133437000005,0.0,0.0,0.0,0.0,0.0,0.0,0.006180339887498974,STOPPED,ACCEPTED,ACCEPTED,0.0,0.0,51.020133437000005,False,
50.570133437,0.0,0.0,0.0,0.0,0.0,0.0,0.01118033988749869,STOPPED,DUPLICATE_OR_OLD,DUPLICATE_OR_OLD,0.0,0.0,51.070133437,False,
50.62013343700001,0.0,0.0,0.0,0.0,0.0,0.0,0.006180339887498974,STOPPED,ACCEPTED,ACCEPTED,0.0,0.0,51.12013343700001,False,
50.670133437000004,0.0,0.0,0.0,0.0,0.0,0.0,0.01118033988749869,STOPPED,DUPLICATE_OR_OLD,DUPLICATE_OR_OLD,0.0,0.0,51.170133437000004,False,
50.720133437,0.0,0.0,0.0,0.0,0.0,0.0,0.0061803398874988695,STOPPED,ACCEPTED,ACCEPTED,0.0,0.0,51.220133437,False,
50.770133437000005,0.0,0.0,0.0,0.0,0.0,0.0,0.011180339887499297,STOPPED,DUPLICATE_OR_OLD,DUPLICATE_OR_OLD,0.0,0.0,51.270133437000005,False,
50.820133437,0.0,0.0,0.0,0.0,0.0,0.0,0.006180339887498959,STOPPED,ACCEPTED,ACCEPTED,0.0,0.0,51.320133437,False,
50.87013343700001,0.0,0.0,0.0,0.0,0.0,0.0,0.011180339887499386,STOPPED,DUPLICATE_OR_OLD,DUPLICATE_OR_OLD,0.0,0.0,51.37013343700001,False,
50.920133437000004,0.0,0.0,0.0,0.0,0.0,0.0,0.006180339887498972,STOPPED,ACCEPTED,ACCEPTED,0.0,0.0,51.420133437000004,False,
50.970133437,0.0,0.0,0.0,0.0,0.0,0.0,0.011180339887498688,STOPPED,DUPLICATE_OR_OLD,DUPLICATE_OR_OLD,0.0,0.0,51.470133437,False,
51.020133437000005,0.0,0.0,0.0,0.0,0.0,0.0,0.006180339887498974,STOPPED,ACCEPTED,ACCEPTED,0.0,0.0,51.520133437000005,False,
51.070133437,0.0,0.0,0.0,0.0,0.0,0.0,0.01118033988749869,STOPPED,DUPLICATE_OR_OLD,DUPLICATE_OR_OLD,0.0,0.0,51.570133437,False,
51.12013343700001,0.0,0.0,0.0,0.0,0.0,0.0,0.006180339887498974,STOPPED,ACCEPTED,ACCEPTED,0.0,0.0,51.62013343700001,False,
51.170133437000004,0.0,0.0,0.0,0.0,0.0,0.0,0.01118033988749869,STOPPED,DUPLICATE_OR_OLD,DUPLICATE_OR_OLD,0.0,0.0,51.670133437000004,False,
51.220133437,0.0,0.0,0.0,0.0,0.0,0.0,0.0061803398874988695,STOPPED,ACCEPTED,ACCEPTED,0.0,0.0,51.720133437,False,
51.270133437000005,0.0,0.0,0.0,0.0,0.0,0.0,0.011180339887499297,STOPPED,DUPLICATE_OR_OLD,DUPLICATE_OR_OLD,0.0,0.0,51.770133437000005,False,
51.320133437,0.0,0.0,0.0,0.0,0.0,0.0,0.006180339887498959,STOPPED,ACCEPTED,ACCEPTED,0.0,0.0,51.820133437,False,
51.37013343700001,0.0,0.0,0.0,0.0,0.0,0.0,0.005278640450004304,STOPPED,ACCEPTED,ACCEPTED,0.0,0.0,51.87013343700001,False,
51.420133437000004,0.0,0.0,0.0,0.0,0.0,0.0,0.01027864045000402,STOPPED,DUPLICATE_OR_OLD,DUPLICATE_OR_OLD,0.0,0.0,51.920133437000004,False,
51.470133437,0.0,0.0,0.0,0.0,0.0,0.0,0.015278640450003737,STOPPED,DUPLICATE_OR_OLD,DUPLICATE_OR_OLD,0.0,0.0,51.970133437,False,
51.520133437000005,0.0,0.0,0.0,0.0,0.0,0.0,0.006697341805517353,STOPPED,ACCEPTED,ACCEPTED,0.0,0.0,52.020133437000005,False,
51.570133437,0.0,0.0,0.0,0.0,0.0,0.0,0.01169734180551707,STOPPED,DUPLICATE_OR_OLD,DUPLICATE_OR_OLD,0.0,0.0,52.070133437,False,
51.62013343700001,0.0,0.0,0.0,0.0,0.0,0.0,0.006254308734986749,STOPPED,ACCEPTED,ACCEPTED,0.0,0.0,52.12013343700001,False,
51.670133437000004,0.0,0.0,0.0,0.0,0.0,0.0,0.011254308734986465,STOPPED,DUPLICATE_OR_OLD,DUPLICATE_OR_OLD,0.0,0.0,52.170133437000004,False,
51.720133437,0.0,0.0,0.0,0.0,0.0,0.0,0.0061911013917977905,STOPPED,ACCEPTED,ACCEPTED,0.0,0.0,52.220133437,False,
51.770133437000005,0.0,0.0,0.0,0.0,0.0,0.0,0.011191101391798217,STOPPED,DUPLICATE_OR_OLD,DUPLICATE_OR_OLD,0.0,0.0,52.270133437000005,False,
51.820133437,0.0,0.0,0.0,0.0,0.0,0.0,0.006181909324694676,STOPPED,ACCEPTED,ACCEPTED,0.0,0.0,52.320133437,False,
51.87013343700001,0.0,0.0,0.0,0.0,0.0,0.0,0.011181909324695103,STOPPED,DUPLICATE_OR_OLD,DUPLICATE_OR_OLD,0.0,0.0,52.37013343700001,False,
51.920133437000004,0.0,0.0,0.0,0.0,0.0,0.0,0.006180568851574175,STOPPED,ACCEPTED,ACCEPTED,0.0,0.0,52.420133437000004,False,
51.970133437,0.0,0.0,0.0,0.0,0.0,0.0,0.011180568851573891,STOPPED,DUPLICATE_OR_OLD,DUPLICATE_OR_OLD,0.0,0.0,52.470133437,False,
52.020133437000005,0.0,0.0,0.0,0.0,0.0,0.0,0.006180373292615195,STOPPED,ACCEPTED,ACCEPTED,0.0,0.0,52.520133437000005,False,
52.070133437,0.0,0.0,0.0,0.0,0.0,0.0,0.011180373292614912,STOPPED,DUPLICATE_OR_OLD,DUPLICATE_OR_OLD,0.0,0.0,52.570133437,False,
52.12013343700001,0.0,0.0,0.0,0.0,0.0,0.0,0.006180344761233529,STOPPED,ACCEPTED,ACCEPTED,0.0,0.0,52.62013343700001,False,
52.170133437000004,0.0,0.0,0.0,0.0,0.0,0.0,0.011180344761233245,STOPPED,DUPLICATE_OR_OLD,DUPLICATE_OR_OLD,0.0,0.0,52.670133437000004,False,
52.220133437,0.0,0.0,0.0,0.0,0.0,0.0,0.006180340598567026,STOPPED,ACCEPTED,ACCEPTED,0.0,0.0,52.720133437,False,
52.270133437000005,0.0,0.0,0.0,0.0,0.0,0.0,0.011180340598567453,STOPPED,DUPLICATE_OR_OLD,DUPLICATE_OR_OLD,0.0,0.0,52.770133437000005,False,
52.320133437,0.0,0.0,0.0,0.0,0.0,0.0,0.006180339991242402,STOPPED,ACCEPTED,ACCEPTED,0.0,0.0,52.820133437,False,
52.37013343700001,0.0,0.0,0.0,0.0,0.0,0.0,0.011180339991242828,STOPPED,DUPLICATE_OR_OLD,DUPLICATE_OR_OLD,0.0,0.0,52.87013343700001,False,
52.420133437000004,0.0,0.0,0.0,0.0,0.0,0.0,0.0061803399026349355,STOPPED,ACCEPTED,ACCEPTED,0.0,0.0,52.920133437000004,False,
52.470133437,0.0,0.0,0.0,0.0,0.0,0.0,0.011180339902634652,STOPPED,DUPLICATE_OR_OLD,DUPLICATE_OR_OLD,0.0,0.0,52.970133437,False,
52.520133437000005,0.0,0.0,0.0,0.0,0.0,0.0,0.00618033988970728,STOPPED,ACCEPTED,ACCEPTED,0.0,0.0,53.020133437000005,False,
52.570133437,0.0,0.0,0.0,0.0,0.0,0.0,0.011180339889706997,STOPPED,DUPLICATE_OR_OLD,DUPLICATE_OR_OLD,0.0,0.0,53.070133437,False,
52.62013343700001,0.0,0.0,0.0,0.0,0.0,0.0,0.006180339887821161,STOPPED,ACCEPTED,ACCEPTED,0.0,0.0,53.12013343700001,False,
52.670133437000004,0.0,0.0,0.0,0.0,0.0,0.0,0.011180339887820877,STOPPED,DUPLICATE_OR_OLD,DUPLICATE_OR_OLD,0.0,0.0,53.170133437000004,False,
52.720133437,0.0,0.0,0.0,0.0,0.0,0.0,0.006180339887545877,STOPPED,ACCEPTED,ACCEPTED,0.0,0.0,53.220133437,False,
52.770133437000005,0.0,0.0,0.0,0.0,0.0,0.0,0.011180339887546305,STOPPED,DUPLICATE_OR_OLD,DUPLICATE_OR_OLD,0.0,0.0,53.270133437000005,False,
52.820133437,0.0,0.0,0.0,0.0,0.0,0.0,0.006180339887505817,STOPPED,ACCEPTED,ACCEPTED,0.0,0.0,53.320133437,False,
52.87013343700001,0.0,0.0,0.0,0.0,0.0,0.0,0.011180339887506243,STOPPED,DUPLICATE_OR_OLD,DUPLICATE_OR_OLD,0.0,0.0,53.37013343700001,False,
52.920133437000004,0.0,0.0,0.0,0.0,0.0,0.0,0.006180339887499972,STOPPED,ACCEPTED,ACCEPTED,0.0,0.0,53.420133437000004,False,
52.970133437,0.0,0.0,0.0,0.0,0.0,0.0,0.01118033988749969,STOPPED,DUPLICATE_OR_OLD,DUPLICATE_OR_OLD,0.0,0.0,53.470133437,False,
53.020133437000005,0.0,0.0,0.0,0.0,0.0,0.0,0.006180339887499119,STOPPED,ACCEPTED,ACCEPTED,0.0,0.0,53.520133437000005,False,
53.070133437,0.0,0.0,0.0,0.0,0.0,0.0,0.011180339887498836,STOPPED,DUPLICATE_OR_OLD,DUPLICATE_OR_OLD,0.0,0.0,53.570133437,False,
53.12013343700001,0.0,0.0,0.0,0.0,0.0,0.0,0.006180339887498994,STOPPED,ACCEPTED,ACCEPTED,0.0,0.0,53.62013343700001,False,
53.170133437000004,0.0,0.0,0.0,0.0,0.0,0.0,0.011180339887498711,STOPPED,DUPLICATE_OR_OLD,DUPLICATE_OR_OLD,0.0,0.0,53.670133437000004,False,
53.220133437,0.0,0.0,0.0,0.0,0.0,0.0,0.006180339887498873,STOPPED,ACCEPTED,ACCEPTED,0.0,0.0,53.720133437,False,
53.270133437000005,0.0,0.0,0.0,0.0,0.0,0.0,0.0111803398874993,STOPPED,DUPLICATE_OR_OLD,DUPLICATE_OR_OLD,0.0,0.0,53.770133437000005,False,
53.320133437,0.0,0.0,0.0,0.0,0.0,0.0,0.00618033988749896,STOPPED,ACCEPTED,ACCEPTED,0.0,0.0,53.820133437,False,
53.37013343700001,0.0,0.0,0.0,0.0,0.0,0.0,0.011180339887499387,STOPPED,DUPLICATE_OR_OLD,DUPLICATE_OR_OLD,0.0,0.0,53.87013343700001,False,
53.420133437000004,0.0,0.0,0.0,0.0,0.0,0.0,0.006180339887498972,STOPPED,ACCEPTED,ACCEPTED,0.0,0.0,53.920133437000004,False,
53.470133437,0.0,0.0,0.0,0.0,0.0,0.0,0.011180339887498688,STOPPED,DUPLICATE_OR_OLD,DUPLICATE_OR_OLD,0.0,0.0,53.970133437,False,
53.520133437000005,0.0,0.0,0.0,0.0,0.0,0.0,0.006180339887498974,STOPPED,ACCEPTED,ACCEPTED,0.0,0.0,54.020133437000005,False,
53.570133437,0.0,0.0,0.0,0.0,0.0,0.0,0.01118033988749869,STOPPED,DUPLICATE_OR_OLD,DUPLICATE_OR_OLD,0.0,0.0,54.070133437,False,
53.62013343700001,0.0,0.0,0.0,0.0,0.0,0.0,0.006180339887498974,STOPPED,ACCEPTED,ACCEPTED,0.0,0.0,54.12013343700001,False,
53.670133437000004,0.0,0.0,0.0,0.0,0.0,0.0,0.01118033988749869,STOPPED,DUPLICATE_OR_OLD,DUPLICATE_OR_OLD,0.0,0.0,54.170133437000004,False,
53.720133437,0.0,0.0,0.0,0.0,0.0,0.0,0.0061803398874988695,STOPPED,ACCEPTED,ACCEPTED,0.0,0.0,54.220133437,False,
53.770133437000005,0.0,0.0,0.0,0.0,0.0,0.0,0.011180339887499297,STOPPED,DUPLICATE_OR_OLD,DUPLICATE_OR_OLD,0.0,0.0,54.270133437000005,False,
53.820133437,0.0,0.0,0.0,0.0,0.0,0.0,0.006180339887498959,STOPPED,ACCEPTED,ACCEPTED,0.0,0.0,54.320133437,False,
53.87013343700001,0.0,0.0,0.0,0.0,0.0,0.0,0.011180339887499386,STOPPED,DUPLICATE_OR_OLD,DUPLICATE_OR_OLD,0.0,0.0,54.37013343700001,False,
53.920133437000004,0.0,0.0,0.0,0.0,0.0,0.0,0.006180339887498972,STOPPED,ACCEPTED,ACCEPTED,0.0,0.0,54.420133437000004,False,
53.970133437,0.0,0.0,0.0,0.0,0.0,0.0,0.011180339887498688,STOPPED,DUPLICATE_OR_OLD,DUPLICATE_OR_OLD,0.0,0.0,54.470133437,False,
54.020133437000005,0.0,0.0,0.0,0.0,0.0,0.0,0.006180339887498974,STOPPED,ACCEPTED,ACCEPTED,0.0,0.0,54.520133437000005,False,
54.070133437,0.0,0.0,0.0,0.0,0.0,0.0,0.01118033988749869,STOPPED,DUPLICATE_OR_OLD,DUPLICATE_OR_OLD,0.0,0.0,54.570133437,False,
54.12013343700001,0.0,0.0,0.0,0.0,0.0,0.0,0.006180339887498974,STOPPED,ACCEPTED,ACCEPTED,0.0,0.0,54.62013343700001,False,
54.170133437000004,0.0,0.0,0.0,0.0,0.0,0.0,0.01118033988749869,STOPPED,DUPLICATE_OR_OLD,DUPLICATE_OR_OLD,0.0,0.0,54.670133437000004,False,
54.220133437,0.0,0.0,0.0,0.0,0.0,0.0,0.0061803398874988695,STOPPED,ACCEPTED,ACCEPTED,0.0,0.0,54.720133437,False,
54.270133437000005,0.0,0.0,0.0,0.0,0.0,0.0,0.011180339887499297,STOPPED,DUPLICATE_OR_OLD,DUPLICATE_OR_OLD,0.0,0.0,54.770133437000005,False,
54.320133437,0.0,0.0,0.0,0.0,0.0,0.0,0.006180339887498959,STOPPED,ACCEPTED,ACCEPTED,0.0,0.0,54.820133437,False,
54.37013343700001,0.0,0.0,0.0,0.0,0.0,0.0,0.011180339887499386,STOPPED,DUPLICATE_OR_OLD,DUPLICATE_OR_OLD,0.0,0.0,54.87013343700001,False,
54.420133437000004,0.0,0.0,0.0,0.0,0.0,0.0,0.006180339887498972,STOPPED,ACCEPTED,ACCEPTED,0.0,0.0,54.920133437000004,False,
54.470133437,0.0,0.0,0.0,0.0,0.0,0.0,0.011180339887498688,STOPPED,DUPLICATE_OR_OLD,DUPLICATE_OR_OLD,0.0,0.0,54.970133437,False,
54.520133437000005,0.0,0.0,0.0,0.0,0.0,0.0,0.006180339887498974,STOPPED,ACCEPTED,ACCEPTED,0.0,0.0,55.020133437000005,False,
54.570133437,0.0,0.0,0.0,0.0,0.0,0.0,0.01118033988749869,STOPPED,DUPLICATE_OR_OLD,DUPLICATE_OR_OLD,0.0,0.0,55.070133437,False,
54.62013343700001,0.0,0.0,0.0,0.0,0.0,0.0,0.006180339887498974,STOPPED,ACCEPTED,ACCEPTED,0.0,0.0,55.12013343700001,False,
54.670133437000004,0.0,0.0,0.0,0.0,0.0,0.0,0.01118033988749869,STOPPED,DUPLICATE_OR_OLD,DUPLICATE_OR_OLD,0.0,0.0,55.170133437000004,False,
54.720133437,0.0,0.0,0.0,0.0,0.0,0.0,0.0061803398874988695,STOPPED,ACCEPTED,ACCEPTED,0.0,0.0,55.220133437,False,
54.770133437000005,0.0,0.0,0.0,0.0,0.0,0.0,0.011180339887499297,STOPPED,DUPLICATE_OR_OLD,DUPLICATE_OR_OLD,0.0,0.0,55.270133437000005,False,
54.820133437,0.0,0.0,0.0,0.0,0.0,0.0,0.006180339887498959,STOPPED,ACCEPTED,ACCEPTED,0.0,0.0,55.320133437,False,
54.87013343700001,0.0,0.0,0.0,0.0,0.0,0.0,0.011180339887499386,STOPPED,DUPLICATE_OR_OLD,DUPLICATE_OR_OLD,0.0,0.0,55.37013343700001,False,
54.920133437000004,0.0,0.0,0.0,0.0,0.0,0.0,0.006180339887498972,STOPPED,ACCEPTED,ACCEPTED,0.0,0.0,55.420133437000004,False,
54.970133437,0.0,0.0,0.0,0.0,0.0,0.0,0.011180339887498688,STOPPED,DUPLICATE_OR_OLD,DUPLICATE_OR_OLD,0.0,0.0,55.470133437,False,
55.020133437000005,0.0,0.0,0.0,0.0,0.0,0.0,0.006180339887498974,STOPPED,ACCEPTED,ACCEPTED,0.0,0.0,55.520133437000005,False,
55.070133437,0.0,0.0,0.0,0.0,0.0,0.0,0.01118033988749869,STOPPED,DUPLICATE_OR_OLD,DUPLICATE_OR_OLD,0.0,0.0,55.570133437,False,
55.12013343700001,0.0,0.0,0.0,0.0,0.0,0.0,0.006180339887498974,STOPPED,ACCEPTED,ACCEPTED,0.0,0.0,55.62013343700001,False,
55.170133437000004,0.0,0.0,0.0,0.0,0.0,0.0,0.01118033988749869,STOPPED,DUPLICATE_OR_OLD,DUPLICATE_OR_OLD,0.0,0.0,55.670133437000004,False,
55.220133437,0.0,0.0,0.0,0.0,0.0,0.0,0.0061803398874988695,STOPPED,ACCEPTED,ACCEPTED,0.0,0.0,55.720133437,False,
55.270133437000005,0.0,0.0,0.0,0.0,0.0,0.0,0.011180339887499297,STOPPED,DUPLICATE_OR_OLD,DUPLICATE_OR_OLD,0.0,0.0,55.770133437000005,False,
55.320133437,0.0,0.0,0.0,0.0,0.0,0.0,0.006180339887498959,STOPPED,ACCEPTED,ACCEPTED,0.0,0.0,55.820133437,False,
55.37013343700001,0.0,0.0,0.0,0.0,0.0,0.0,0.011180339887499386,STOPPED,DUPLICATE_OR_OLD,DUPLICATE_OR_OLD,0.0,0.0,55.87013343700001,False,
55.420133437000004,0.0,0.0,0.0,0.0,0.0,0.0,0.006180339887498972,STOPPED,ACCEPTED,ACCEPTED,0.0,0.0,55.920133437000004,False,
55.470133437,0.0,0.0,0.0,0.0,0.0,0.0,0.011180339887498688,STOPPED,DUPLICATE_OR_OLD,DUPLICATE_OR_OLD,0.0,0.0,55.970133437,False,
55.520133437000005,0.0,0.0,0.0,0.0,0.0,0.0,0.006180339887498974,STOPPED,ACCEPTED,ACCEPTED,0.0,0.0,56.020133437000005,False,
55.570133437,0.0,0.0,0.0,0.0,0.0,0.0,0.01118033988749869,STOPPED,DUPLICATE_OR_OLD,DUPLICATE_OR_OLD,0.0,0.0,56.070133437,False,
55.62013343700001,0.0,0.0,0.0,0.0,0.0,0.0,0.006180339887498974,STOPPED,ACCEPTED,ACCEPTED,0.0,0.0,56.12013343700001,False,
55.670133437000004,0.0,0.0,0.0,0.0,0.0,0.0,0.01118033988749869,STOPPED,DUPLICATE_OR_OLD,DUPLICATE_OR_OLD,0.0,0.0,56.170133437000004,False,
55.720133437,0.0,0.0,0.0,0.0,0.0,0.0,0.0061803398874988695,STOPPED,ACCEPTED,ACCEPTED,0.0,0.0,56.220133437,False,
55.770133437000005,0.0,0.0,0.0,0.0,0.0,0.0,0.011180339887499297,STOPPED,DUPLICATE_OR_OLD,DUPLICATE_OR_OLD,0.0,0.0,56.270133437000005,False,
55.820133437,0.0,0.0,0.0,0.0,0.0,0.0,0.006180339887498959,STOPPED,ACCEPTED,ACCEPTED,0.0,0.0,56.320133437,False,
55.87013343700001,0.0,0.0,0.0,0.0,0.0,0.0,0.011180339887499386,STOPPED,DUPLICATE_OR_OLD,DUPLICATE_OR_OLD,0.0,0.0,56.37013343700001,False,
55.920133437000004,0.0,0.0,0.0,0.0,0.0,0.0,0.006180339887498972,STOPPED,ACCEPTED,ACCEPTED,0.0,0.0,56.420133437000004,False,
55.970133437,0.0,0.0,0.0,0.0,0.0,0.0,0.011180339887498688,STOPPED,DUPLICATE_OR_OLD,DUPLICATE_OR_OLD,0.0,0.0,56.470133437,False,
56.020133437000005,0.0,0.0,0.0,0.0,0.0,0.0,0.006180339887498974,STOPPED,ACCEPTED,ACCEPTED,0.0,0.0,56.520133437000005,False,
56.070133437,0.0,0.0,0.0,0.0,0.0,0.0,0.01118033988749869,STOPPED,DUPLICATE_OR_OLD,DUPLICATE_OR_OLD,0.0,0.0,56.570133437,False,
56.12013343700001,0.0,0.0,0.0,0.0,0.0,0.0,0.006180339887498974,STOPPED,ACCEPTED,ACCEPTED,0.0,0.0,56.62013343700001,False,
56.170133437000004,0.0,0.0,0.0,0.0,0.0,0.0,0.01118033988749869,STOPPED,DUPLICATE_OR_OLD,DUPLICATE_OR_OLD,0.0,0.0,56.670133437000004,False,
56.220133437,0.0,0.0,0.0,0.0,0.0,0.0,0.0061803398874988695,STOPPED,ACCEPTED,ACCEPTED,0.0,0.0,56.720133437,False,
56.270133437000005,0.0,0.0,0.0,0.0,0.0,0.0,0.011180339887499297,STOPPED,DUPLICATE_OR_OLD,DUPLICATE_OR_OLD,0.0,0.0,56.770133437000005,False,
56.320133437,0.0,0.0,0.0,0.0,0.0,0.0,0.006180339887498959,STOPPED,ACCEPTED,ACCEPTED,0.0,0.0,56.820133437,False,
56.37013343700001,0.0,0.0,0.0,0.0,0.0,0.0,0.011180339887499386,STOPPED,DUPLICATE_OR_OLD,DUPLICATE_OR_OLD,0.0,0.0,56.87013343700001,False,
56.420133437000004,0.0,0.0,0.0,0.0,0.0,0.0,0.006180339887498972,STOPPED,ACCEPTED,ACCEPTED,0.0,0.0,56.920133437000004,False,
56.470133437,0.0,0.0,0.0,0.0,0.0,0.0,0.011180339887498688,STOPPED,DUPLICATE_OR_OLD,DUPLICATE_OR_OLD,0.0,0.0,56.970133437,False,
56.520133437000005,0.0,0.0,0.0,0.0,0.0,0.0,0.006180339887498974,STOPPED,ACCEPTED,ACCEPTED,0.0,0.0,57.020133437000005,False,
56.570133437,0.0,0.0,0.0,0.0,0.0,0.0,0.01118033988749869,STOPPED,DUPLICATE_OR_OLD,DUPLICATE_OR_OLD,0.0,0.0,57.070133437,False,
56.62013343700001,0.0,0.0,0.0,0.0,0.0,0.0,0.006180339887498974,STOPPED,ACCEPTED,ACCEPTED,0.0,0.0,57.12013343700001,False,
56.670133437000004,0.0,0.0,0.0,0.0,0.0,0.0,0.01118033988749869,STOPPED,DUPLICATE_OR_OLD,DUPLICATE_OR_OLD,0.0,0.0,57.170133437000004,False,
56.720133437,0.0,0.0,0.0,0.0,0.0,0.0,0.0061803398874988695,STOPPED,ACCEPTED,ACCEPTED,0.0,0.0,57.220133437,False,
56.770133437000005,0.0,0.0,0.0,0.0,0.0,0.0,0.011180339887499297,STOPPED,DUPLICATE_OR_OLD,DUPLICATE_OR_OLD,0.0,0.0,57.270133437000005,False,
56.820133437,0.0,0.0,0.0,0.0,0.0,0.0,0.006180339887498959,STOPPED,ACCEPTED,ACCEPTED,0.0,0.0,57.320133437,False,
56.87013343700001,0.0,0.0,0.0,0.0,0.0,0.0,0.011180339887499386,STOPPED,DUPLICATE_OR_OLD,DUPLICATE_OR_OLD,0.0,0.0,57.37013343700001,False,
56.920133437000004,0.0,0.0,0.0,0.0,0.0,0.0,0.006180339887498972,STOPPED,ACCEPTED,ACCEPTED,0.0,0.0,57.420133437000004,False,
56.970133437,0.0,0.0,0.0,0.0,0.0,0.0,0.011180339887498688,STOPPED,DUPLICATE_OR_OLD,DUPLICATE_OR_OLD,0.0,0.0,57.470133437,False,
57.020133437000005,0.0,0.0,0.0,0.0,0.0,0.0,0.006180339887498974,STOPPED,ACCEPTED,ACCEPTED,0.0,0.0,57.520133437000005,False,
57.070133437,0.0,0.0,0.0,0.0,0.0,0.0,0.01118033988749869,STOPPED,DUPLICATE_OR_OLD,DUPLICATE_OR_OLD,0.0,0.0,57.570133437,False,
57.12013343700001,0.0,0.0,0.0,0.0,0.0,0.0,0.006180339887498974,STOPPED,ACCEPTED,ACCEPTED,0.0,0.0,57.62013343700001,False,
57.170133437000004,0.0,0.0,0.0,0.0,0.0,0.0,0.01118033988749869,STOPPED,DUPLICATE_OR_OLD,DUPLICATE_OR_OLD,0.0,0.0,57.670133437000004,False,
57.220133437,0.0,0.0,0.0,0.0,0.0,0.0,0.0061803398874988695,STOPPED,ACCEPTED,ACCEPTED,0.0,0.0,57.720133437,False,
57.270133437000005,0.0,0.0,0.0,0.0,0.0,0.0,0.011180339887499297,STOPPED,DUPLICATE_OR_OLD,DUPLICATE_OR_OLD,0.0,0.0,57.770133437000005,False,
57.320133437,0.0,0.0,0.0,0.0,0.0,0.0,0.006180339887498959,STOPPED,ACCEPTED,ACCEPTED,0.0,0.0,57.820133437,False,
57.37013343700001,0.0,0.0,0.0,0.0,0.0,0.0,0.011180339887499386,STOPPED,DUPLICATE_OR_OLD,DUPLICATE_OR_OLD,0.0,0.0,57.87013343700001,False,
57.420133437000004,0.0,0.0,0.0,0.0,0.0,0.0,0.006180339887498972,STOPPED,ACCEPTED,ACCEPTED,0.0,0.0,57.920133437000004,False,
57.470133437,0.0,0.0,0.0,0.0,0.0,0.0,0.011180339887498688,STOPPED,DUPLICATE_OR_OLD,DUPLICATE_OR_OLD,0.0,0.0,57.970133437,False,
57.520133437000005,0.0,0.0,0.0,0.0,0.0,0.0,0.006180339887498974,STOPPED,ACCEPTED,ACCEPTED,0.0,0.0,58.020133437000005,False,
57.570133437,0.0,0.0,0.0,0.0,0.0,0.0,0.01118033988749869,STOPPED,DUPLICATE_OR_OLD,DUPLICATE_OR_OLD,0.0,0.0,58.070133437,False,
57.62013343700001,0.0,0.0,0.0,0.0,0.0,0.0,0.006180339887498974,STOPPED,ACCEPTED,ACCEPTED,0.0,0.0,58.12013343700001,False,
57.670133437000004,0.0,0.0,0.0,0.0,0.0,0.0,0.01118033988749869,STOPPED,DUPLICATE_OR_OLD,DUPLICATE_OR_OLD,0.0,0.0,58.170133437000004,False,
57.720133437,0.0,0.0,0.0,0.0,0.0,0.0,0.0061803398874988695,STOPPED,ACCEPTED,ACCEPTED,0.0,0.0,58.220133437,False,
57.770133437000005,0.0,0.0,0.0,0.0,0.0,0.0,0.011180339887499297,STOPPED,DUPLICATE_OR_OLD,DUPLICATE_OR_OLD,0.0,0.0,58.270133437000005,False,
57.820133437,0.0,0.0,0.0,0.0,0.0,0.0,0.006180339887498959,STOPPED,ACCEPTED,ACCEPTED,0.0,0.0,58.320133437,False,
57.87013343700001,0.0,0.0,0.0,0.0,0.0,0.0,0.011180339887499386,STOPPED,DUPLICATE_OR_OLD,DUPLICATE_OR_OLD,0.0,0.0,58.37013343700001,False,
57.920133437000004,0.0,0.0,0.0,0.0,0.0,0.0,0.006180339887498972,STOPPED,ACCEPTED,ACCEPTED,0.0,0.0,58.420133437000004,False,
57.970133437,0.0,0.0,0.0,0.0,0.0,0.0,0.011180339887498688,STOPPED,DUPLICATE_OR_OLD,DUPLICATE_OR_OLD,0.0,0.0,58.470133437,False,
58.020133437000005,0.0,0.0,0.0,0.0,0.0,0.0,0.006180339887498974,STOPPED,ACCEPTED,ACCEPTED,0.0,0.0,58.520133437000005,False,
58.070133437,0.0,0.0,0.0,0.0,0.0,0.0,0.01118033988749869,STOPPED,DUPLICATE_OR_OLD,DUPLICATE_OR_OLD,0.0,0.0,58.570133437,False,
58.12013343700001,0.0,0.0,0.0,0.0,0.0,0.0,0.006180339887498974,STOPPED,ACCEPTED,ACCEPTED,0.0,0.0,58.62013343700001,False,
58.170133437000004,0.0,0.0,0.0,0.0,0.0,0.0,0.01118033988749869,STOPPED,DUPLICATE_OR_OLD,DUPLICATE_OR_OLD,0.0,0.0,58.670133437000004,False,
58.220133437,0.0,0.0,0.0,0.0,0.0,0.0,0.0061803398874988695,STOPPED,ACCEPTED,ACCEPTED,0.0,0.0,58.720133437,False,
58.270133437000005,0.0,0.0,0.0,0.0,0.0,0.0,0.011180339887499297,STOPPED,DUPLICATE_OR_OLD,DUPLICATE_OR_OLD,0.0,0.0,58.770133437000005,False,
58.320133437,0.0,0.0,0.0,0.0,0.0,0.0,0.006180339887498959,STOPPED,ACCEPTED,ACCEPTED,0.0,0.0,58.820133437,False,
58.37013343700001,0.0,0.0,0.0,0.0,0.0,0.0,0.011180339887499386,STOPPED,DUPLICATE_OR_OLD,DUPLICATE_OR_OLD,0.0,0.0,58.87013343700001,False,
58.420133437000004,0.0,0.0,0.0,0.0,0.0,0.0,0.006180339887498972,STOPPED,ACCEPTED,ACCEPTED,0.0,0.0,58.920133437000004,False,
58.470133437,0.0,0.0,0.0,0.0,0.0,0.0,0.011180339887498688,STOPPED,DUPLICATE_OR_OLD,DUPLICATE_OR_OLD,0.0,0.0,58.970133437,False,
58.520133437000005,0.0,0.0,0.0,0.0,0.0,0.0,0.006180339887498974,STOPPED,ACCEPTED,ACCEPTED,0.0,0.0,59.020133437000005,False,
58.570133437,0.0,0.0,0.0,0.0,0.0,0.0,0.01118033988749869,STOPPED,DUPLICATE_OR_OLD,DUPLICATE_OR_OLD,0.0,0.0,59.070133437,False,
58.62013343700001,0.0,0.0,0.0,0.0,0.0,0.0,0.006180339887498974,STOPPED,ACCEPTED,ACCEPTED,0.0,0.0,59.12013343700001,False,
58.670133437000004,0.0,0.0,0.0,0.0,0.0,0.0,0.01118033988749869,STOPPED,DUPLICATE_OR_OLD,DUPLICATE_OR_OLD,0.0,0.0,59.170133437000004,False,
58.720133437,0.0,0.0,0.0,0.0,0.0,0.0,0.0061803398874988695,STOPPED,ACCEPTED,ACCEPTED,0.0,0.0,59.220133437,False,
58.770133437000005,0.0,0.0,0.0,0.0,0.0,0.0,0.011180339887499297,STOPPED,DUPLICATE_OR_OLD,DUPLICATE_OR_OLD,0.0,0.0,59.270133437000005,False,
58.820133437,0.0,0.0,0.0,0.0,0.0,0.0,0.006180339887498959,STOPPED,ACCEPTED,ACCEPTED,0.0,0.0,59.320133437,False,
58.87013343700001,0.0,0.0,0.0,0.0,0.0,0.0,0.011180339887499386,STOPPED,DUPLICATE_OR_OLD,DUPLICATE_OR_OLD,0.0,0.0,59.37013343700001,False,
58.920133437000004,0.0,0.0,0.0,0.0,0.0,0.0,0.006180339887498972,STOPPED,ACCEPTED,ACCEPTED,0.0,0.0,59.420133437000004,False,
58.970133437,0.0,0.0,0.0,0.0,0.0,0.0,0.011180339887498688,STOPPED,DUPLICATE_OR_OLD,DUPLICATE_OR_OLD,0.0,0.0,59.470133437,False,
59.020133437,0.0,0.0,0.0,0.0,0.0,0.0,0.0061803398874988695,STOPPED,ACCEPTED,ACCEPTED,0.0,0.0,59.520133437,False,
59.070133437,0.0,0.0,0.0,0.0,0.0,0.0,0.011180339887499297,STOPPED,DUPLICATE_OR_OLD,DUPLICATE_OR_OLD,0.0,0.0,59.570133437,False,
59.12013343700001,0.0,0.0,0.0,0.0,0.0,0.0,0.006180339887499062,STOPPED,ACCEPTED,ACCEPTED,0.0,0.0,59.62013343700001,False,
59.170133437000004,0.0,0.0,0.0,0.0,0.0,0.0,0.011180339887498779,STOPPED,DUPLICATE_OR_OLD,DUPLICATE_OR_OLD,0.0,0.0,59.670133437000004,False,
59.220133437,0.0,0.0,0.0,0.0,0.0,0.0,0.0061803398874988825,STOPPED,ACCEPTED,ACCEPTED,0.0,0.0,59.720133437,False,
59.270133437,0.0,0.0,0.0,0.0,0.0,0.0,0.0111803398874986,STOPPED,DUPLICATE_OR_OLD,DUPLICATE_OR_OLD,0.0,0.0,59.770133437,False,
59.320133437,0.0,0.0,0.0,0.0,0.0,0.0,0.006180339887498961,STOPPED,ACCEPTED,ACCEPTED,0.0,0.0,59.820133437,False,
59.37013343700001,0.0,0.0,0.0,0.0,0.0,0.0,0.011180339887499387,STOPPED,DUPLICATE_OR_OLD,DUPLICATE_OR_OLD,0.0,0.0,59.87013343700001,False,
59.420133437000004,0.0,0.0,0.0,0.0,0.0,0.0,0.006180339887498972,STOPPED,ACCEPTED,ACCEPTED,0.0,0.0,59.920133437000004,False,
59.470133437,0.0,0.0,0.0,0.0,0.0,0.0,0.011180339887498688,STOPPED,DUPLICATE_OR_OLD,DUPLICATE_OR_OLD,0.0,0.0,59.970133437,False,
59.520133437,0.0,0.0,0.0,0.0,0.0,0.0,0.0061803398874988695,STOPPED,ACCEPTED,ACCEPTED,0.0,0.0,60.020133437,False,
59.570133437,0.0,0.0,0.0,0.0,0.0,0.0,0.011180339887499297,STOPPED,DUPLICATE_OR_OLD,DUPLICATE_OR_OLD,0.0,0.0,60.070133437,False,
59.62013343700001,0.0,0.0,0.0,0.0,0.0,0.0,0.006180339887499062,STOPPED,ACCEPTED,ACCEPTED,0.0,0.0,60.12013343700001,False,
59.670133437000004,0.0,0.0,0.0,0.0,0.0,0.0,0.011180339887498779,STOPPED,DUPLICATE_OR_OLD,DUPLICATE_OR_OLD,0.0,0.0,60.170133437000004,False,
59.720133437,0.0,0.0,0.0,0.0,0.0,0.0,0.0061803398874988825,STOPPED,ACCEPTED,ACCEPTED,0.0,0.0,60.220133437,False,
59.770133437,0.0,0.0,0.0,0.0,0.0,0.0,0.0111803398874986,STOPPED,DUPLICATE_OR_OLD,DUPLICATE_OR_OLD,0.0,0.0,60.270133437,False,
59.820133437,0.0,0.0,0.0,0.0,0.0,0.0,0.006180339887498961,STOPPED,ACCEPTED,ACCEPTED,0.0,0.0,60.320133437,False,
59.87013343700001,0.0,0.0,0.0,0.0,0.0,0.0,0.011180339887499387,STOPPED,DUPLICATE_OR_OLD,DUPLICATE_OR_OLD,0.0,0.0,60.37013343700001,False,
59.920133437000004,0.0,0.0,0.0,0.0,0.0,0.0,0.006180339887498972,STOPPED,ACCEPTED,ACCEPTED,0.0,0.0,60.420133437000004,False,
59.970133437,0.0,0.0,0.0,0.0,0.0,0.0,0.011180339887498688,STOPPED,DUPLICATE_OR_OLD,DUPLICATE_OR_OLD,0.0,0.0,60.470133437,False,
60.020133437,0.0,0.0,0.0,0.0,0.0,0.0,0.0061803398874988695,STOPPED,ACCEPTED,ACCEPTED,0.0,0.0,60.520133437,False,
60.070133437,0.0,0.0,0.0,0.0,0.0,0.0,0.011180339887499297,STOPPED,DUPLICATE_OR_OLD,DUPLICATE_OR_OLD,0.0,0.0,60.570133437,False,
60.12013343700001,0.0,0.0,0.0,0.0,0.0,0.0,0.006180339887499062,STOPPED,ACCEPTED,ACCEPTED,0.0,0.0,60.62013343700001,False,
60.170133437000004,0.0,0.0,0.0,0.0,0.0,0.0,0.011180339887498779,STOPPED,DUPLICATE_OR_OLD,DUPLICATE_OR_OLD,0.0,0.0,60.670133437000004,False,
60.220133437,0.0,0.0,0.0,0.0,0.0,0.0,0.0061803398874988825,STOPPED,ACCEPTED,ACCEPTED,0.0,0.0,60.720133437,False,
60.270133437,0.0,0.0,0.0,0.0,0.0,0.0,0.0111803398874986,STOPPED,DUPLICATE_OR_OLD,DUPLICATE_OR_OLD,0.0,0.0,60.770133437,False,
60.320133437,0.0,0.0,0.0,0.0,0.0,0.0,0.006180339887498961,STOPPED,ACCEPTED,ACCEPTED,0.0,0.0,60.820133437,False,
60.37013343700001,0.0,0.0,0.0,0.0,0.0,0.0,0.011180339887499387,STOPPED,DUPLICATE_OR_OLD,DUPLICATE_OR_OLD,0.0,0.0,60.87013343700001,False,
60.420133437000004,0.0,0.0,0.0,0.0,0.0,0.0,0.006180339887498972,STOPPED,ACCEPTED,ACCEPTED,0.0,0.0,60.920133437000004,False,
60.470133437,0.0,0.0,0.0,0.0,0.0,0.0,0.011180339887498688,STOPPED,DUPLICATE_OR_OLD,DUPLICATE_OR_OLD,0.0,0.0,60.970133437,False,
60.520133437,0.0,0.0,0.0,0.0,0.0,0.0,0.0061803398874988695,STOPPED,ACCEPTED,ACCEPTED,0.0,0.0,61.020133437,False,
60.570133437,0.0,0.0,0.0,0.0,0.0,0.0,0.011180339887499297,STOPPED,DUPLICATE_OR_OLD,DUPLICATE_OR_OLD,0.0,0.0,61.070133437,False,
60.62013343700001,0.0,0.0,0.0,0.0,0.0,0.0,0.006180339887499062,STOPPED,ACCEPTED,ACCEPTED,0.0,0.0,61.12013343700001,False,
60.670133437000004,0.0,0.0,0.0,0.0,0.0,0.0,0.011180339887498779,STOPPED,DUPLICATE_OR_OLD,DUPLICATE_OR_OLD,0.0,0.0,61.170133437000004,False,
60.720133437,0.0,0.0,0.0,0.0,0.0,0.0,0.0061803398874988825,STOPPED,ACCEPTED,ACCEPTED,0.0,0.0,61.220133437,False,
60.770133437,0.0,0.0,0.0,0.0,0.0,0.0,0.0111803398874986,STOPPED,DUPLICATE_OR_OLD,DUPLICATE_OR_OLD,0.0,0.0,61.270133437,False,
60.820133437,0.0,0.0,0.0,0.0,0.0,0.0,0.006180339887498961,STOPPED,ACCEPTED,ACCEPTED,0.0,0.0,61.320133437,False,
60.87013343700001,0.0,0.0,0.0,0.0,0.0,0.0,0.011180339887499387,STOPPED,DUPLICATE_OR_OLD,DUPLICATE_OR_OLD,0.0,0.0,61.37013343700001,False,
60.920133437000004,0.0,0.0,0.0,0.0,0.0,0.0,0.006180339887498972,STOPPED,ACCEPTED,ACCEPTED,0.0,0.0,61.420133437000004,False,
60.970133437,0.0,0.0,0.0,0.0,0.0,0.0,0.011180339887498688,STOPPED,DUPLICATE_OR_OLD,DUPLICATE_OR_OLD,0.0,0.0,61.470133437,False,
61.020133437,0.0,0.0,0.0,0.0,0.0,0.0,0.0061803398874988695,STOPPED,ACCEPTED,ACCEPTED,0.0,0.0,61.520133437,False,
61.070133437,0.0,0.0,0.0,0.0,0.0,0.0,0.011180339887499297,STOPPED,DUPLICATE_OR_OLD,DUPLICATE_OR_OLD,0.0,0.0,61.570133437,False,
61.12013343700001,0.0,0.0,0.0,0.0,0.0,0.0,0.006180339887499062,STOPPED,ACCEPTED,ACCEPTED,0.0,0.0,61.62013343700001,False,
61.170133437000004,0.0,0.0,0.0,0.0,0.0,0.0,0.011180339887498779,STOPPED,DUPLICATE_OR_OLD,DUPLICATE_OR_OLD,0.0,0.0,61.670133437000004,False,
61.220133437,0.0,0.0,0.0,0.0,0.0,0.0,0.0061803398874988825,STOPPED,ACCEPTED,ACCEPTED,0.0,0.0,61.720133437,False,
61.270133437,0.0,0.0,0.0,0.0,0.0,0.0,0.0111803398874986,STOPPED,DUPLICATE_OR_OLD,DUPLICATE_OR_OLD,0.0,0.0,61.770133437,False,
61.320133437,0.0,0.0,0.0,0.0,0.0,0.0,0.006180339887498961,STOPPED,ACCEPTED,ACCEPTED,0.0,0.0,61.820133437,False,
61.37013343700001,0.0,0.0,0.0,0.0,0.0,0.0,0.011180339887499387,STOPPED,DUPLICATE_OR_OLD,DUPLICATE_OR_OLD,0.0,0.0,61.87013343700001,False,
61.420133437000004,0.03874812231527029,0.03874812231527029,0.03874812231527029,0.0009687030578817023,0.0,0.0,0.006180339887498972,FUSED,ACCEPTED,ACCEPTED,0.0,0.0,61.87013343700001,False,
61.470133437,0.03824827851355415,0.03824827851355415,0.03824827851355415,0.002893613078602204,0.0,0.0,0.011180339887498688,MODEL_ONLY,DUPLICATE_OR_OLD,DUPLICATE_OR_OLD,0.0,0.0,61.87013343700001,False,
61.520133437,0.11195743441240122,0.11195743441240122,0.11195743441240122,0.006648755901750875,0.0,0.0,0.0061803398874988695,FUSED,ACCEPTED,ACCEPTED,0.0,0.0,61.87013343700001,False,
61.570133437,0.11063092682430653,0.11063092682430653,0.11063092682430653,0.012213464932669043,0.0,0.0,0.011180339887499297,MODEL_ONLY,DUPLICATE_OR_OLD,DUPLICATE_OR_OLD,0.0,0.0,61.87013343700001,False,
61.62013343700001,0.21875144269418667,0.21875144269418667,0.21875144269418667,0.020448024170632073,0.0,0.0,0.006180339887499062,FUSED,ACCEPTED,ACCEPTED,0.0,0.0,61.87013343700001,False,
61.670133437000004,0.21505160178793778,0.21505160178793778,0.21505160178793778,0.03129310028268457,0.0,-0.03229386935573705,0.011180339887498779,MODEL_ONLY,DUPLICATE_OR_OLD,DUPLICATE_OR_OLD,0.0,0.0,61.87013343700001,False,
61.720133437,0.3389113543448782,0.3389113543448782,0.3389113543448782,0.04514217418600418,0.0,-0.07082680733891977,0.0061803398874988825,FUSED,ACCEPTED,ACCEPTED,0.0,0.0,61.87013343700001,False,
61.770133437,0.33035038878398576,0.33035038878398576,0.33035038878398576,0.061873717764224824,0.0,-0.12238621312769775,0.0111803398874986,MODEL_ONLY,DUPLICATE_OR_OLD,DUPLICATE_OR_OLD,0.0,0.0,61.87013343700001,False,
61.820133437,0.46025357316441373,0.46025357316441373,0.46025357316441373,0.0816388168129365,0.2733104992808906,-0.1759944984650448,0.006180339887498961,FUSED,ACCEPTED,ACCEPTED,0.0,0.0,61.87013343700001,False,
61.87013343700001,0.4596065245263703,0.4596065245263703,0.4596065245263703,0.10463531925520805,0.2733104992808906,-0.23504542377940274,0.011180339887499387,MODEL_ONLY,DUPLICATE_OR_OLD,DUPLICATE_OR_OLD,0.0,0.0,61.87013343700001,False,
61.920133437000004,0.589928268632025,0.5899442947851643,0.5952624478834869,0.13100704356545298,0.5289821279135044,-0.29443499196493206,0.006180339887498972,FUSED,ACCEPTED,ACCEPTED,-0.005334179251461957,-0.00531815309832262,61.87013343700001,True,2.593086048835111e-05
61.970133437,0.5960277194764126,0.596043745629552,0.6013618987278746,0.16092265223073532,0.5289821279135044,-0.35502069831480015,0.011180339887498688,MODEL_ONLY,DUPLICATE_OR_OLD,DUPLICATE_OR_OLD,-0.005334179251461957,-0.00531815309832262,61.87013343700001,False,
62.020133437000005,0.7411923718091977,0.7409429483607415,0.7384209387393315,0.19441722316741833,0.6,-0.4149311651138698,0.006180339887498974,FUSED,ACCEPTED,ACCEPTED,0.0027714330698662692,0.0025220096214100263,61.87013343700001,True,-0.00041348032454242845
62.070133437,0.7451807299885321,0.7449313065400759,0.7424092969186659,0.23143797905886615,0.6,-0.46805440998067827,0.01118033988749869,MODEL_ONLY,DUPLICATE_OR_OLD,DUPLICATE_OR_OLD,0.0027714330698662692,0.0025220096214100263,61.87013343700001,False,
62.12013343700001,0.8794531260009696,0.8814178740715317,0.876417616084604,0.27190865188395136,0.6,-0.5210292404242809,0.006180339887498974,FUSED,ACCEPTED,ACCEPTED,0.0030355099163655863,0.005000257986927714,61.87013343700001,True,0.003333181326237522
62.170133437000004,0.8784533889324188,0.8804181370029809,0.8754178790160532,0.3157045392614653,0.6,-0.5677677924701431,0.01118033988749869,MODEL_ONLY,DUPLICATE_OR_OLD,DUPLICATE_OR_OLD,0.0030355099163655863,0.005000257986927714,61.87013343700001,False,
62.220133437,1.0023212988023713,1.0056524869416121,1.0061102786611786,0.3627427432033934,0.6,-0.614812236205233,0.0061803398874988695,FUSED,ACCEPTED,ACCEPTED,-0.0037889798588073287,-0.00045779171956650266,61.87013343700001,True,0.004175694545273775
62.270133437000005,0.9968963714506116,1.0002275595898524,1.000685351309419,0.41291263395266264,0.6,-0.6562597389850553,0.011180339887499297,MODEL_ONLY,DUPLICATE_OR_OLD,DUPLICATE_OR_OLD,-0.0037889798588073287,-0.00045779171956650266,61.87013343700001,False,
62.320133437,1.1381919242550753,1.140231610724992,1.1470373098094235,0.46660570048063066,0.6,-0.6983807537721721,0.006180339887498959,FUSED,ACCEPTED,ACCEPTED,-0.008845385554348217,-0.006805699084431627,61.87013343700001,True,0.0012414945417469469
62.37013343700001,1.128806052947642,1.1308457394175586,1.1376514385019902,0.5237229191884208,0.6,-0.7354752460569658,0.011180339887499386,MODEL_ONLY,DUPLICATE_OR_OLD,DUPLICATE_OR_OLD,-0.008845385554348217,-0.006805699084431627,61.87013343700001,False,
62.420133437000004,1.2571275887837,1.2595830508950947,1.2762338418146335,0.584070051196333,0.6,-0.7681354501161956,0.006180339887498972,FUSED,ACCEPTED,ACCEPTED,-0.019106253030933606,-0.016650790919538805,61.87013343700001,True,0.0027124255895227753
62.470133437,1.2446707535955421,1.247126215706937,1.2637770066264757,0.6475703224073571,0.6,-0.796893732930308,0.011180339887498688,MODEL_ONLY,DUPLICATE_OR_OLD,DUPLICATE_OR_OLD,-0.019106253030933606,-0.016650790919538805,61.87013343700001,False,
62.520133437000005,1.3308429960933867,1.3335942993185594,1.3595030859192618,0.7131523247210062,0.6,-0.827611147118532,0.006180339887498974,FUSED,ACCEPTED,ACCEPTED,-0.02866008982587509,-0.025908786600702394,61.87013343700001,True,0.0029341430887568076
62.570133437,1.315497974078247,1.3182492773034198,1.3441580639041222,0.7807438534665869,0.6,-0.8546573001966257,0.01118033988749869,MODEL_ONLY,DUPLICATE_OR_OLD,DUPLICATE_OR_OLD,-0.02866008982587509,-0.025908786600702394,61.87013343700001,False,
62.62013343700001,1.4691060944431906,1.4713183944074966,1.503259495961988,0.8519292924632458,0.6,-0.8784704753844536,0.006180339887498974,FUSED,ACCEPTED,ACCEPTED,-0.03415340151879742,-0.03194110155449148,61.87013343700001,True,0.0018791776290435006
62.670133437000004,1.4515220591687465,1.4537343591330525,1.485675460687544,0.9266526663794799,0.6,-0.8994374660597979,0.01118033988749869,MODEL_ONLY,DUPLICATE_OR_OLD,DUPLICATE_OR_OLD,-0.03415340151879742,-0.03194110155449148,61.87013343700001,False,
62.720133437,1.601517478279036,1.6034124275092623,1.6404433171328336,1.0048056358249848,0.6,-0.9230901410703167,0.0061803398874988695,FUSED,ACCEPTED,ACCEPTED,-0.038925838853797634,-0.03703088962357137,61.87013343700001,True,0.0016988156902101384
62.770133437000005,1.5817095352500985,1.5836044844803248,1.6206353741038961,1.08633260310591,0.6,-0.9439155980590093,0.011180339887499297,MODEL_ONLY,DUPLICATE_OR_OLD,DUPLICATE_OR_OLD,-0.038925838853797634,-0.03703088962357137,61.87013343700001,False,
62.820133437,1.7258775306534604,1.7274967668435472,1.7698433064781642,1.1710945701204567,0.6,-0.962251707535896,0.006180339887498959,FUSED,ACCEPTED,ACCEPTED,-0.043965775824703845,-0.042346539634616986,61.87013343700001,True,0.0014488361601392927
62.87013343700001,1.70434556457952,1.7059648007696069,1.7483113404042239,1.2590484362925238,0.6,-0.9783960532634634,0.011180339887499386,MODEL_ONLY,DUPLICATE_OR_OLD,DUPLICATE_OR_OLD,-0.043965775824703845,-0.042346539634616986,61.87013343700001,False,
62.920133437000004,1.8456029701094325,1.8470663677874017,1.8958339480052129,1.3501520685027546,0.6,-0.9926106048818323,0.006180339887498972,FUSED,ACCEPTED,ACCEPTED,-0.05023097789578035,-0.048767580217811135,61.87013343700001,True,0.0013670841807242179
62.970133437,1.8227345044107097,1.824197902088679,1.87296548230649,1.4443720542605418,0.6,-1.0051260442180605,0.011180339887498688,MODEL_ONLY,DUPLICATE_OR_OLD,DUPLICATE_OR_OLD,-0.05023097789578035,-0.048767580217811135,61.87013343700001,False,
63.020133437000005,1.7993150675892529,1.800778465267222,1.8495460454850332,1.537434842455338,0.6,-1.016145466829496,0.016180339887499114,MODEL_ONLY,DUPLICATE_OR_OLD,DUPLICATE_OR_OLD,-0.05023097789578035,-0.048767580217811135,61.87013343700001,False,
63.070133437,1.8256414971670072,1.8256414971670072,1.8256414971670072,1.6293145310216337,0.6,-1.0258476969633874,0.02118033988749883,MODEL_ONLY,MISSING_OR_STALE,MISSING_OR_STALE,0.0,0.0,63.570133437,False,
63.12013343700001,1.8013098245444978,1.8013098245444978,1.8013098245444978,1.719988314064429,0.6,-1.0343901833148046,0.02618033988749926,MODEL_ONLY,MISSING_OR_STALE,MISSING_OR_STALE,0.0,0.0,63.62013343700001,False,
63.170133437000004,1.7766020833989913,1.7766020833989913,1.7766020833989913,1.8094361117630111,0.6,-1.0419115541140365,0.031180339887498975,MODEL_ONLY,MISSING_OR_STALE,MISSING_OR_STALE,0.0,0.0,63.670133437000004,False,
63.220133437,1.7515632266416115,1.7515632266416115,1.7515632266416115,1.8976402445140212,0.6,-1.0485338667917121,0.03618033988749869,MODEL_ONLY,MISSING_OR_STALE,MISSING_OR_STALE,0.0,0.0,63.720133437,False,
63.270133437000005,1.7259823665517444,1.7259823665517444,1.7259823665517444,1.9845788843438625,0.6,-1.0593739340135186,0.04118033988749912,MODEL_ONLY,MISSING_OR_STALE,MISSING_OR_STALE,0.0,0.0,63.770133437000005,False,
63.320133437,1.6999242908846806,1.6999242908846806,1.6999242908846806,2.0702265507797684,0.6,-1.0689182463104747,0.04618033988749884,MODEL_ONLY,MISSING_OR_STALE,MISSING_OR_STALE,0.0,0.0,63.820133437,False,
63.37013343700001,1.6734460431132054,1.6734460431132054,1.6734460431132054,2.154560809129723,0.6,-1.0773216893916697,0.05118033988749927,MODEL_ONLY,MISSING_OR_STALE,MISSING_OR_STALE,0.0,0.0,63.87013343700001,False,
63.420133437000004,1.6465978481417636,1.6465978481417636,1.6465978481417636,2.2375619064110923,0.6,-1.0847206347033898,0.05618033988749899,MODEL_ONLY,MISSING_OR_STALE,MISSING_OR_STALE,0.0,0.0,63.920133437000004,False,
63.470133437,1.6194239273704911,1.6194239273704911,1.6194239273704911,2.319212450798894,0.6,-1.091235152437384,0.0611803398874987,MODEL_ONLY,MISSING_OR_STALE,MISSING_OR_STALE,0.0,0.0,63.970133437,False,
63.520133437000005,1.5919632163369544,1.5919632163369544,1.5919632163369544,2.399497129391587,0.6,-1.0969709599865374,0.06618033988749912,MODEL_ONLY,MISSING_OR_STALE,MISSING_OR_STALE,0.0,0.0,64.020133437,False,
63.570133437,1.564249996582598,1.564249996582598,1.564249996582598,2.4784024597145713,0.6,-1.1020211374628377,0.07118033988749883,MODEL_ONLY,MISSING_OR_STALE,MISSING_OR_STALE,0.0,0.0,64.07013343700001,False,
63.62013343700001,1.5363144519993026,1.5363144519993026,1.5363144519993026,2.5559165709291256,0.6,-1.1064676381107108,0.07618033988749925,MODEL_ONLY,MISSING_OR_STALE,MISSING_OR_STALE,0.0,0.0,64.120133437,False,
63.670133437000004,1.508183158686543,1.508183158686543,1.508183158686543,2.632029011196267,0.6,-1.110382618118065,0.08118033988749897,MODEL_ONLY,MISSING_OR_STALE,MISSING_OR_STALE,0.0,0.0,64.170133437,False,
63.720133437,1.4798795162710918,1.4798795162710918,1.4798795162710918,2.706730578070204,0.6,-1.1138296073935834,0.08618033988749868,MODEL_ONLY,MISSING_OR_STALE,MISSING_OR_STALE,0.0,0.0,64.220133437,False,
63.770133437000005,1.4514241276923754,1.4514241276923754,1.4514241276923754,2.780013169169297,0.6,-1.11686454029389,0.0911803398874991,MODEL_ONLY,MISSING_OR_STALE,MISSING_OR_STALE,0.0,0.0,64.270133437,False,
63.820133437,1.4228351336213554,1.4228351336213554,1.4228351336213554,2.8518696507021364,0.6,-1.119536663006044,0.09618033988749881,MODEL_ONLY,MISSING_OR_STALE,MISSING_OR_STALE,0.0,0.0,64.32013343700001,False,
63.87013343700001,1.394128506946212,1.394128506946212,1.394128506946212,2.9222937417163317,0.6,-1.1218893322818437,0.10118033988749923,MODEL_ONLY,MISSING_OR_STALE,MISSING_OR_STALE,0.0,0.0,64.370133437,False,
63.920133437000004,1.3653183121123849,1.3653183121123849,1.3653183121123849,2.991279912192793,0.6,-1.1239607184474099,0.10618033988749895,MODEL_ONLY,MISSING_OR_STALE,MISSING_OR_STALE,0.0,0.0,64.420133437,False,
63.970133437,1.336416933536888,1.336416933536888,1.336416933536888,3.058823293334021,0.6,-1.1257844240448875,0.11118033988749866,MODEL_ONLY,MISSING_OR_STALE,MISSING_OR_STALE,0.0,0.0,64.470133437,False,
64.020133437,1.3074352768191029,1.3074352768191029,1.3074352768191029,3.124919598592917,0.6,-1.1273900280761815,0.11618033988749837,MODEL_ONLY,MISSING_OR_STALE,MISSING_OR_STALE,0.0,0.0,64.520133437,False,
64.07013343700001,1.2783829460339022,1.2783829460339022,1.2783829460339022,3.1895650541642566,0.6,-1.1288035645874301,0.12118033988749952,MODEL_ONLY,MISSING_OR_STALE,MISSING_OR_STALE,0.0,0.0,64.57013343700001,False,
64.120133437,1.2492684000120662,1.2492684000120662,1.2492684000120662,3.252756337815402,0.6,-1.1300479432352948,0.12618033988749924,MODEL_ONLY,MISSING_OR_STALE,MISSING_OR_STALE,0.0,0.0,64.620133437,False,
64.170133437,1.2200990901812971,1.2200990901812971,1.2200990901812971,3.314490525070233,0.6,-1.1311433184914854,0.13118033988749897,MODEL_ONLY,MISSING_OR_STALE,MISSING_OR_STALE,0.0,0.0,64.670133437,False,
64.220133437,1.1908815822550227,1.1908815822550227,1.1908815822550227,3.3747650418811372,0.6,-1.1321074132504716,0.1361803398874987,MODEL_ONLY,MISSING_OR_STALE,MISSING_OR_STALE,0.0,0.0,64.720133437,False,
64.270133437,1.1616216638110017,1.1616216638110017,1.1616216638110017,3.4335776230327846,0.6,-1.1329558017874968,0.14118033988749842,MODEL_ONLY,MISSING_OR_STALE,MISSING_OR_STALE,0.0,0.0,64.770133437,False,
64.32013343700001,1.13232443959609,1.13232443959609,1.13232443959609,3.490926275617975,0.6,-1.133702156249705,0.14618033988749957,MODEL_ONLY,MISSING_OR_STALE,MISSING_OR_STALE,0.0,0.0,64.82013343700001,False,
64.370133437,1.102994416225459,1.102994416225459,1.102994416225459,3.5468092470135106,0.6,-1.1343584601308117,0.1511803398874993,MODEL_ONLY,MISSING_OR_STALE,MISSING_OR_STALE,0.0,0.0,64.870133437,False,
64.420133437,1.0736355778140902,1.0736355778140902,1.0736355778140902,3.6012249968644965,0.6,-1.1349351914551356,0.15618033988749902,MODEL_ONLY,MISSING_OR_STALE,MISSING_OR_STALE,0.0,0.0,64.920133437,False,
64.470133437,1.0442514539876748,1.0442514539876748,1.0442514539876748,3.6541721726595378,0.6,-1.1354414776516533,0.16118033988749875,MODEL_ONLY,MISSING_OR_STALE,MISSING_OR_STALE,0.0,0.0,64.970133437,False,
64.520133437,1.0148451816715112,1.0148451816715112,1.0148451816715112,3.7056495885510143,0.6,-1.1358852232988839,0.16618033988749847,MODEL_ONLY,MISSING_OR_STALE,MISSING_OR_STALE,0.0,0.0,65.020133437,False,
64.57013343700001,0.9854195620564824,0.9854195620564824,0.9854195620564824,3.7556562071442254,0.6,-1.136273211024277,0.17118033988749962,MODEL_ONLY,MISSING_OR_STALE,MISSING_OR_STALE,0.0,0.0,65.07013343700001,False,
64.620133437,0.9559771141988953,0.9559771141988953,0.9559771141988953,3.804191124050607,0.6,-1.1366111747933159,0.17618033988749934,MODEL_ONLY,MISSING_OR_STALE,MISSING_OR_STALE,0.0,0.0,65.120133437,False,
64.670133437,0.9265201268386092,0.9265201268386092,0.9265201268386092,3.851253555076542,0.6,-1.1369038435541325,0.18118033988749907,MODEL_ONLY,MISSING_OR_STALE,MISSING_OR_STALE,0.0,0.0,65.170133437,False,
64.720133437,0.8970507102359199,0.8970507102359199,0.8970507102359199,3.8968428260034025,0.6,-1.1371549516225368,0.1861803398874988,MODEL_ONLY,MISSING_OR_STALE,MISSING_OR_STALE,0.0,0.0,65.220133437,False,
64.770133437,0.8675708501555083,0.8675708501555083,0.8675708501555083,3.9409583650131856,0.6,-1.1373672101818655,0.19118033988749852,MODEL_ONLY,MISSING_OR_STALE,MISSING_OR_STALE,0.0,0.0,65.270133437,False,
64.82013343700001,0.8380824665995876,0.8380824665995876,0.8380824665995876,3.983599697932073,0.6,-1.1375422316777315,0.19618033988749967,MODEL_ONLY,MISSING_OR_STALE,MISSING_OR_STALE,0.0,0.0,65.32013343700001,False,
64.870133437,0.8085874805559896,0.8085874805559896,0.8085874805559896,4.02476644661096,0.6,-1.1376803955088666,0.2011803398874994,MODEL_ONLY,MISSING_OR_STALE,MISSING_OR_STALE,0.0,0.0,65.370133437,False,
64.920133437,0.779087892939274,0.779087892939274,0.779087892939274,4.06445833094834,0.6,-1.1377806389924803,0.20618033988749912,MODEL_ONLY,MISSING_OR_STALE,MISSING_OR_STALE,0.0,0.0,65.420133437,False,
64.970133437,0.7495858811421536,0.7495858811421536,0.7495858811421536,4.102675175300374,0.6,-1.1378401517848673,0.21118033988749885,MODEL_ONLY,MISSING_OR_STALE,MISSING_OR_STALE,0.0,0.0,65.470133437,False,
65.020133437,0.7200839202801217,0.7200839202801217,0.7200839202801217,4.139416920335929,0.6,-1.1378539443508648,0.21618033988749857,MODEL_ONLY,MISSING_OR_STALE,MISSING_OR_STALE,0.0,0.0,65.520133437,False,
65.07013343700001,0.6905849384336317,0.6905849384336317,0.6905849384336317,4.174683641803781,0.6,-1.1378142511954057,0.22118033988749972,MODEL_ONLY,MISSING_OR_STALE,MISSING_OR_STALE,0.0,0.0,65.57013343700001,False,
65.120133437,0.6610925181291097,0.6610925181291097,0.6610925181291097,4.208475578217847,0.6,-1.1377097168140928,0.22618033988749944,MODEL_ONLY,MISSING_OR_STALE,MISSING_OR_STALE,0.0,0.0,65.620133437,False,
65.170133437,0.6316111601455364,0.6316111601455364,0.6316111601455364,4.240793170174711,0.6,-1.1375242960708303,0.23118033988749917,MODEL_ONLY,MISSING_OR_STALE,MISSING_OR_STALE,0.0,0.0,65.670133437,False,
65.220133437,0.6021466307076355,0.6021466307076355,0.6021466307076355,4.271637114946039,0.6,-1.1372357804333981,0.2361803398874989,MODEL_ONLY,MISSING_OR_STALE,MISSING_OR_STALE,0.0,0.0,65.720133437,False,
65.270133437,0.5727064194538897,0.5727064194538897,0.5727064194538897,4.301008441200075,0.6,-1.136813836983884,0.24118033988749862,MODEL_ONLY,MISSING_OR_STALE,MISSING_OR_STALE,0.0,0.0,65.770133437,False,
65.32013343700001,0.5433003434286605,0.5433003434286605,0.5433003434286605,4.328908610272145,0.6,-1.1362174189714478,0.24618033988749977,MODEL_ONLY,MISSING_OR_STALE,MISSING_OR_STALE,0.0,0.0,65.82013343700001,False,
65.370133437,0.5139413417728147,0.5139413417728147,0.5139413417728147,4.35533965240218,0.6,-1.1353913771925692,0.2511803398874995,MODEL_ONLY,MISSING_OR_STALE,MISSING_OR_STALE,0.0,0.0,65.870133437,False,
65.420133437,0.48464651646117796,0.48464651646117796,0.48464651646117796,4.380304348858028,0.6,-1.1342620762331486,0.2561803398874992,MODEL_ONLY,MISSING_OR_STALE,MISSING_OR_STALE,0.0,0.0,65.920133437,False,
65.470133437,0.45543848534776027,0.45543848534776027,0.45543848534776027,4.40380647390325,0.6,-1.1327318099987798,0.26118033988749895,MODEL_ONLY,MISSING_OR_STALE,MISSING_OR_STALE,0.0,0.0,65.970133437,False,
65.520133437,0.4263471226422306,0.4263471226422306,0.4263471226422306,4.425851114102999,0.6,-1.1306718382384697,0.2661803398874987,MODEL_ONLY,MISSING_OR_STALE,MISSING_OR_STALE,0.0,0.0,66.020133437,False,
65.57013343700001,0.39741176429449804,0.39741176429449804,0.39741176429449804,4.446445086276421,0.6,-1.127913966520279,0.2711803398874998,MODEL_ONLY,MISSING_OR_STALE,MISSING_OR_STALE,0.0,0.0,66.07013343700001,False,
65.620133437,0.36868394374703456,0.36868394374703456,0.36868394374703456,4.465597478977458,0.6,-1.1242408244321946,0.2761803398874995,MODEL_ONLY,MISSING_OR_STALE,MISSING_OR_STALE,0.0,0.0,66.120133437,False,
65.670133437,0.3402306845118019,0.3402306845118019,0.3402306845118019,4.4833203446839285,0.6,-1.1193754435580292,0.28118033988749924,MODEL_ONLY,MISSING_OR_STALE,MISSING_OR_STALE,0.0,0.0,66.170133437,False,
65.720133437,0.31213829196014914,0.31213829196014914,0.31213829196014914,4.499629569095727,0.6,-1.1129714972604536,0.28618033988749897,MODEL_ONLY,MISSING_OR_STALE,MISSING_OR_STALE,0.0,0.0,66.220133437,False,
65.770133437,0.2845164358057609,0.2845164358057609,0.2845164358057609,4.514545937289873,0.6,-1.1046067160898985,0.2911803398874987,MODEL_ONLY,MISSING_OR_STALE,MISSING_OR_STALE,0.0,0.0,66.270133437,False,
65.82013343700001,0.2575020791643135,0.2575020791643135,0.2575020791643135,4.528096400164128,0.6,-1.0937834979580248,0.2961803398874998,MODEL_ONLY,MISSING_OR_STALE,MISSING_OR_STALE,0.0,0.0,66.32013343700001,False,
65.870133437,0.23126249354901404,0.23126249354901404,0.23126249354901404,4.540315514481961,0.6,-1.0799422694831344,0.30118033988749954,MODEL_ONLY,MISSING_OR_STALE,MISSING_OR_STALE,0.0,0.0,66.370133437,False,
65.920133437,0.20599625610837893,0.20599625610837893,0.20599625610837893,4.551246983223395,0.6,-1.0624939136599503,0.30618033988749926,MODEL_ONLY,MISSING_OR_STALE,MISSING_OR_STALE,0.0,0.0,66.420133437,False,
65.970133437,0.18193089061496007,0.18193089061496007,0.18193089061496007,4.560945161891478,0.6,-1.0408761994646019,0.311180339887499,MODEL_ONLY,MISSING_OR_STALE,MISSING_OR_STALE,0.0,0.0,66.470133437,False,
66.020133437,0.1593159001222697,0.1593159001222697,0.1593159001222697,4.569476331659908,0.6,-1.0146341693211376,0.3161803398874987,MODEL_ONLY,MISSING_OR_STALE,MISSING_OR_STALE,0.0,0.0,66.520133437,False,
66.07013343700001,0.13841055614982337,0.13841055614982337,0.13841055614982337,4.576919493066712,0.6,-0.9835155560447112,0.32118033988749983,MODEL_ONLY,MISSING_OR_STALE,MISSING_OR_STALE,0.0,0.0,66.57013343700001,False,
66.120133437,0.11946698898245879,0.11946698898245879,0.11946698898245879,4.583366431695019,0.6,-0.9475619971723372,0.32618033988749956,MODEL_ONLY,MISSING_OR_STALE,MISSING_OR_STALE,0.0,0.0,66.620133437,False,
66.170133437,0.10271055629334541,0.10271055629334541,0.10271055629334541,4.5889208703269135,0.6,-0.9071706436434873,0.3311803398874993,MODEL_ONLY,MISSING_OR_STALE,MISSING_OR_STALE,0.0,0.0,66.670133437,False,
66.220133437,0.08832054363358124,0.08832054363358124,0.08832054363358124,4.5936966478250865,0.6,-0.8631044032966069,0.336180339887499,MODEL_ONLY,MISSING_OR_STALE,MISSING_OR_STALE,0.0,0.0,66.720133437,False,
66.270133437,0.0764144057627853,0.0764144057627853,0.0764144057627853,4.597815021559995,0.6,-0.8164432603488755,0.34118033988749874,MODEL_ONLY,MISSING_OR_STALE,MISSING_OR_STALE,0.0,0.0,66.770133437,False,
66.32013343700001,0.06703788711017183,0.06703788711017183,0.06703788711017183,4.60140132888182,0.6,-0.7684874108863644,0.34618033988749985,MODEL_ONLY,MISSING_OR_STALE,MISSING_OR_STALE,0.0,0.0,66.82013343700001,False,
66.370133437,0.06016190670223186,0.06016190670223186,0.06016190670223186,4.604581323727129,0.6,-0.7206358381025447,0.3511803398874996,MODEL_ONLY,MISSING_OR_STALE,MISSING_OR_STALE,0.0,0.0,66.870133437,False,
66.420133437,0.05568571584047421,0.05568571584047421,0.05568571584047421,4.6074775142906965,0.6,-0.6742659992023324,0.3561803398874993,MODEL_ONLY,MISSING_OR_STALE,MISSING_OR_STALE,0.0,0.0,66.920133437,False,
66.470133437,0.053444980221902826,0.053444980221902826,0.053444980221902826,4.6102057816922555,0.6,-0.6306332728699653,0.36118033988749904,MODEL_ONLY,MISSING_OR_STALE,MISSING_OR_STALE,0.0,0.0,66.970133437,False,
66.520133437,0.05322316766001987,0.05322316766001987,0.05322316766001987,4.612872485389303,0.6,-0.5907986304991575,0.36618033988749876,MODEL_ONLY,MISSING_OR_STALE,MISSING_OR_STALE,0.0,0.0,67.020133437,False,
66.57013343700001,0.054764747409842635,0.054764747409842635,0.054764747409842635,4.615572183266051,0.6,-0.555584792712038,0.3711803398874999,MODEL_ONLY,MISSING_OR_STALE,MISSING_OR_STALE,0.0,0.0,67.07013343700001,False,
66.620133437,0.05778898740720869,0.05778898740720869,0.05778898740720869,4.618386026636477,0.6,-0.5255568833048962,0.3761803398874996,MODEL_ONLY,MISSING_OR_STALE,MISSING_OR_STALE,0.0,0.0,67.120133437,False,
66.670133437,0.06200341138241014,0.06200341138241014,0.06200341138241014,4.6213808366062175,0.6,-0.501022622674554,0.38118033988749933,MODEL_ONLY,MISSING_OR_STALE,MISSING_OR_STALE,0.0,0.0,67.170133437,False,
66.720133437,0.06711619311487844,0.06711619311487844,0.06711619311487844,4.624608826718649,0.6,-0.48204773818509966,0.38618033988749906,MODEL_ONLY,MISSING_OR_STALE,MISSING_OR_STALE,0.0,0.0,67.220133437,False,
66.770133437,0.07284693423911416,0.07284693423911416,0.07284693423911416,4.628107904902499,0.6,-0.46848309132441707,0.3911803398874988,MODEL_ONLY,MISSING_OR_STALE,MISSING_OR_STALE,0.0,0.0,67.270133437,False,
66.82013343700001,0.07893543155789945,0.07893543155789945,0.07893543155789945,4.631902464047425,0.6,-0.4600003609984761,0.3961803398874999,MODEL_ONLY,MISSING_OR_STALE,MISSING_OR_STALE,0.0,0.0,67.32013343700001,False,
66.870133437,0.08514821389356382,0.08514821389356382,0.08514821389356382,4.636004555183711,0.6,-0.45613299518424183,0.4011803398874996,MODEL_ONLY,MISSING_OR_STALE,MISSING_OR_STALE,0.0,0.0,67.370133437,False,
66.920133437,0.0912828153280415,0.0912828153280415,0.0912828153280415,4.6404153309142515,0.6,-0.45631892790065637,0.40618033988749935,MODEL_ONLY,MISSING_OR_STALE,MISSING_OR_STALE,0.0,0.0,67.420133437,False,
66.970133437,0.09716992905727477,0.09716992905727477,0.09716992905727477,4.645126649523884,0.6,-0.45994164242959534,0.4111803398874991,MODEL_ONLY,MISSING_OR_STALE,MISSING_OR_STALE,0.0,0.0,67.470133437,False,
67.020133437,0.1026737266024363,0.1026737266024363,0.1026737266024363,4.650122740915377,0.6,-0.4663667149847826,0.4161803398874988,MODEL_ONLY,MISSING_OR_STALE,MISSING_OR_STALE,0.0,0.0,67.520133437,False,
67.07013343700001,0.1076907122294693,0.1076907122294693,0.1076907122294693,4.655381851886175,0.6,-0.47497190898975217,0.4211803398874999,MODEL_ONLY,MISSING_OR_STALE,MISSING_OR_STALE,0.0,0.0,67.57013343700001,False,
67.120133437,0.11214750875087644,0.11214750875087644,0.11214750875087644,4.660877807410683,0.6,-0.48516996835600906,0.42618033988749965,MODEL_ONLY,MISSING_OR_STALE,MISSING_OR_STALE,0.0,0.0,67.620133437,False,
67.170133437,0.11599794832329885,0.11599794832329885,0.11599794832329885,4.666581443837537,0.6,-0.4964242279594758,0.4311803398874994,MODEL_ONLY,MISSING_OR_STALE,MISSING_OR_STALE,0.0,0.0,67.670133437,False,
67.220133437,0.11921978728380064,0.11921978728380064,0.11921978728380064,4.672461887227715,0.6,-0.5082578589638133,0.4361803398874991,MODEL_ONLY,MISSING_OR_STALE,MISSING_OR_STALE,0.0,0.0,67.720133437,False,
67.270133437,0.12181129488328253,0.12181129488328253,0.12181129488328253,4.678487664281891,0.6,-0.5202579486338065,0.44118033988749883,MODEL_ONLY,MISSING_OR_STALE,MISSING_OR_STALE,0.0,0.0,67.770133437,False,
67.32013343700001,0.12378789577874019,0.12378789577874019,0.12378789577874019,4.684627644048443,0.6,-0.5320757192770789,0.44618033988749994,MODEL_ONLY,MISSING_OR_STALE,MISSING_OR_STALE,0.0,0.0,67.82013343700001,False,
67.370133437,0.12517898411595602,0.12517898411595602,0.12517898411595602,4.69085181604581,0.6,-0.5434241014319461,0.45118033988749967,MODEL_ONLY,MISSING_OR_STALE,MISSING_OR_STALE,0.0,0.0,67.870133437,False,
67.420133437,0.12602497716328812,0.12602497716328812,0.12602497716328812,4.697131915077791,0.6,-0.5540736788089831,0.4561803398874994,MODEL_ONLY,MISSING_OR_STALE,MISSING_OR_STALE,0.0,0.0,67.920133437,False,
67.470133437,0.12637463961306145,0.12637463961306145,0.12637463961306145,4.7034419054972,0.6,-0.563847785954953,0.4611803398874991,MODEL_ONLY,MISSING_OR_STALE,MISSING_OR_STALE,0.0,0.0,67.970133437,False,
67.520133437,0.1262826847285501,0.1262826847285501,0.1262826847285501,4.70975833860574,0.6,-0.5726173097716287,0.46618033988749885,MODEL_ONLY,MISSING_OR_STALE,MISSING_OR_STALE,0.0,0.0,68.020133437,False,
67.57013343700001,0.12580764342207387,0.12580764342207387,0.12580764342207387,4.716060596809506,0.6,-0.5802955475916293,0.47118033988749997,MODEL_ONLY,MISSING_OR_STALE,MISSING_OR_STALE,0.0,0.0,68.07013343700001,False,
67.620133437,0.12500998478870654,0.12500998478870654,0.12500998478870654,4.722331037514776,0.6,-0.5868333172074386,0.4761803398874997,MODEL_ONLY,MISSING_OR_STALE,MISSING_OR_STALE,0.0,0.0,68.120133437,False,
67.670133437,0.12395046939593436,0.12395046939593436,0.12395046939593436,4.728555048869391,0.6,-0.5922143987046764,0.4811803398874994,MODEL_ONLY,MISSING_OR_STALE,MISSING_OR_STALE,0.0,0.0,68.170133437,False,
67.720133437,0.12268871783552018,0.12268871783552018,0.12268871783552018,4.734721028550177,0.6,-0.5964513101626809,0.48618033988749915,MODEL_ONLY,MISSING_OR_STALE,MISSING_OR_STALE,0.0,0.0,68.220133437,False,
67.770133437,0.12128198011138505,0.12128198011138505,0.12128198011138505,4.740820295998849,0.6,-0.599581373385849,0.4911803398874989,MODEL_ONLY,MISSING_OR_STALE,MISSING_OR_STALE,0.0,0.0,68.270133437,False,
67.82013343700001,0.11978409513376724,0.11978409513376724,0.11978409513376724,4.746846947879979,0.6,-0.6016630055334986,0.4961803398875,MODEL_ONLY,MISSING_OR_STALE,MISSING_OR_STALE,0.0,0.0,68.32013343700001,False,
67.870133437,0.11824463299793554,0.11824463299793554,0.11824463299793554,4.7527976660832705,0.6,-0.6027721717303866,0.5011803398874997,MODEL_ONLY,MISSING_OR_STALE,MISSING_OR_STALE,0.0,0.0,68.370133437,False,
67.920133437,0.11670821522103801,0.11670821522103801,0.11670821522103801,4.758671487288744,0.6,-0.602998946740916,0.5061803398874993,MODEL_ONLY,MODEL_DISAGREEMENT,MODEL_DISAGREEMENT,0.0,0.0,68.420133437,False,
67.970133437,0.11521400933942591,0.11521400933942591,0.11521400933942591,4.764469542902756,0.6,-0.6024441552716472,0.511180339887499,MODEL_ONLY,DUPLICATE_OR_OLD,DUPLICATE_OR_OLD,0.0,0.0,68.420133437,False,
68.020133437,0.11379539412067134,0.11379539412067134,0.11379539412067134,4.770194777989258,0.6,-0.6012160856127595,0.5161803398874987,MODEL_ONLY,MODEL_DISAGREEMENT,MODEL_DISAGREEMENT,0.0,0.0,68.520133437,False,
68.07013343700001,0.11247979021725285,0.11247979021725285,0.11247979021725285,4.775851657597707,0.6,-0.5994272959574736,0.5211803398874998,MODEL_ONLY,DUPLICATE_OR_OLD,DUPLICATE_OR_OLD,0.0,0.0,68.520133437,False,
68.120133437,0.11128864864176345,0.11128864864176345,0.11128864864176345,4.7814458685691825,0.6,-0.5971915534926532,0.5261803398874995,MODEL_ONLY,MODEL_DISAGREEMENT,MODEL_DISAGREEMENT,0.0,0.0,68.620133437,False,
68.170133437,0.1102375863420929,0.1102375863420929,0.1102375863420929,4.786984024443779,0.6,-0.5946209608777799,0.5311803398874991,MODEL_ONLY,DUPLICATE_OR_OLD,DUPLICATE_OR_OLD,0.0,0.0,68.620133437,False,
68.220133437,0.1093366548123382,0.1093366548123382,0.1093366548123382,4.792473380472639,0.6,-0.5918233317633276,0.5361803398874988,MODEL_ONLY,MODEL_DISAGREEMENT,MODEL_DISAGREEMENT,0.0,0.0,68.720133437,False,
68.270133437,0.10859072449572886,0.10859072449572886,0.10859072449572886,4.797921564955341,0.6,-0.5888998763569276,0.5411803398874985,MODEL_ONLY,DUPLICATE_OR_OLD,DUPLICATE_OR_OLD,0.0,0.0,68.720133437,False,
68.32013343700001,0.1079999650696732,0.1079999650696732,0.1079999650696732,4.803336332194477,0.6,-0.5859432504697913,0.5461803398874996,MODEL_ONLY,MODEL_DISAGREEMENT,MODEL_DISAGREEMENT,0.0,0.0,68.82013343700001,False,
68.370133437,0.10756039981342302,0.10756039981342302,0.10756039981342302,4.8087253413165545,0.6,-0.5830360084012466,0.5511803398874993,MODEL_ONLY,DUPLICATE_OR_OLD,DUPLICATE_OR_OLD,0.0,0.0,68.82013343700001,False,
68.420133437,0.10726451130598766,0.10726451130598766,0.10726451130598766,4.814095964094539,0.6,-0.5802494832871121,0.5561803398874989,MODEL_ONLY,MODEL_DISAGREEMENT,MODEL_DISAGREEMENT,0.0,0.0,68.920133437,False,
68.470133437,0.10710187574113668,0.10710187574113668,0.10710187574113668,4.819455123770717,0.6,-0.5776431001129998,0.5611803398874986,MODEL_ONLY,DUPLICATE_OR_OLD,DUPLICATE_OR_OLD,0.0,0.0,68.920133437,False,
68.520133437,0.10705980413826849,0.10705980413826849,0.10705980413826849,4.824809165767702,0.6,-0.5752641083241707,0.5661803398874983,MODEL_ONLY,MODEL_DISAGREEMENT,MODEL_DISAGREEMENT,0.0,0.0,69.020133437,False,
68.57013343700001,0.1071239705569665,0.1071239705569665,0.1071239705569665,4.830163760135084,0.6,-0.5731477044036233,0.5711803398874994,MODEL_ONLY,DUPLICATE_OR_OLD,DUPLICATE_OR_OLD,0.0,0.0,69.020133437,False,
68.620133437,0.10727900991984013,0.10727900991984013,0.10727900991984013,4.835523834647004,0.6,-0.5713175010954873,0.5761803398874991,MODEL_ONLY,MODEL_DISAGREEMENT,MODEL_DISAGREEMENT,0.0,0.0,69.120133437,False,
68.670133437,0.1075090710132108,0.1075090710132108,0.1075090710132108,4.84089353667033,0.6,-0.5697862898401447,0.5811803398874987,MODEL_ONLY,DUPLICATE_OR_OLD,DUPLICATE_OR_OLD,0.0,0.0,69.120133437,False,
68.720133437,0.25779831346047877,0.25779831346047877,0.25779831346047877,4.850026221282172,0.6,-0.5685570367564733,0.5861803398874984,REACQUIRING,REACQUIRE_ACCEPTED,REACQUIRE_ACCEPTED,0.0,0.0,69.220133437,False,
68.770133437,0.25467727314367017,0.25467727314367017,0.25467727314367017,4.8628381109472745,0.6,-0.6175510362576886,0.5911803398874981,MODEL_ONLY,DUPLICATE_OR_OLD,DUPLICATE_OR_OLD,0.0,0.0,69.220133437,False,
68.82013343700001,0.38739245704933123,0.38739245704933123,0.38739245704933123,4.878889854202103,0.6,-0.6601235595237842,0.5961803398874992,REACQUIRING,REACQUIRE_ACCEPTED,REACQUIRE_ACCEPTED,0.0,0.0,69.32013343700001,False,
68.870133437,0.3792942093399577,0.3792942093399577,0.3792942093399577,4.898057020861834,0.6,-0.7118483804920819,0.6011803398874989,MODEL_ONLY,DUPLICATE_OR_OLD,DUPLICATE_OR_OLD,0.0,0.0,69.32013343700001,False,
68.920133437,0.5189069039012648,0.5189069039012648,0.5189069039012648,4.920512048692863,0.6,-0.7569330534831918,0.6061803398874985,REACQUIRING,REACQUIRE_ACCEPTED,REACQUIRE_ACCEPTED,0.0,0.0,69.420133437,False,
68.970133437,0.506267780156791,0.506267780156791,0.506267780156791,4.946141415794313,0.6,-0.8011187144565746,0.6111803398874982,MODEL_ONLY,DUPLICATE_OR_OLD,DUPLICATE_OR_OLD,0.0,0.0,69.420133437,False,
69.020133437,0.6326714406404432,0.6326714406404432,0.6326714406404432,4.974614896314242,0.6,-0.8398204739683227,0.6161803398874979,REACQUIRING,REACQUIRE_ACCEPTED,REACQUIRE_ACCEPTED,0.0,0.0,69.520133437,False,
69.07013343700001,0.6163124630700644,0.6163124630700644,0.6163124630700644,5.005839493907012,0.6,-0.8751227589600475,0.621180339887499,MODEL_ONLY,DUPLICATE_OR_OLD,DUPLICATE_OR_OLD,0.0,0.0,69.520133437,False,
69.120133437,0.7484053258623329,0.7484053258623329,0.7484053258623329,5.03995743863032,0.6,-0.9061190249883709,0.6261803398874987,REACQUIRING,REACQUIRE_ACCEPTED,REACQUIRE_ACCEPTED,0.0,0.0,69.620133437,False,
69.170133437,0.7291046216957483,0.7291046216957483,0.7291046216957483,5.07689518731927,0.6,-0.9338294988048772,0.6311803398874983,MODEL_ONLY,DUPLICATE_OR_OLD,DUPLICATE_OR_OLD,0.0,0.0,69.620133437,False,
69.220133437,0.8555224834927906,0.8555224834927906,0.8555224834927906,5.116510864948981,0.6,-0.9581950947288473,0.636180339887498,REACQUIRING,REACQUIRE_ACCEPTED,REACQUIRE_ACCEPTED,0.0,0.0,69.720133437,False,
69.270133437,0.8339222623594299,0.8339222623594299,0.8339222623594299,5.158746983595284,0.6,-0.9797812659002796,0.6411803398874977,MODEL_ONLY,DUPLICATE_OR_OLD,DUPLICATE_OR_OLD,0.0,0.0,69.720133437,False,
69.32013343700001,0.9613726206650414,0.9613726206650414,0.9613726206650414,5.203629355670906,0.6,-0.9987745254541216,0.6461803398874988,REACQUIRING,REACQUIRE_ACCEPTED,REACQUIRE_ACCEPTED,0.0,0.0,69.82013343700001,False,
69.370133437,0.9379835900081357,0.9379835900081357,0.9379835900081357,5.251113260937733,0.6,-1.0155443225732994,0.6511803398874985,MODEL_ONLY,DUPLICATE_OR_OLD,DUPLICATE_OR_OLD,0.0,0.0,69.82013343700001,False,
69.420133437,1.048814510395278,1.048814510395278,1.048814510395278,5.300783213447815,0.6,-1.0303047707559962,0.6561803398874981,REACQUIRING,REACQUIRE_ACCEPTED,REACQUIRE_ACCEPTED,0.0,0.0,69.920133437,False,
69.470133437,1.0240366801188385,1.0240366801188385,1.0240366801188385,5.352604493210665,0.6,-1.043316246581034,0.6611803398874978,MODEL_ONLY,DUPLICATE_OR_OLD,DUPLICATE_OR_OLD,0.0,0.0,69.920133437,False,
69.520133437,1.1486360081356126,1.1486360081356126,1.1486360081356126,5.406921310417023,0.6,-1.054770279308428,0.6661803398874975,REACQUIRING,REACQUIRE_ACCEPTED,REACQUIRE_ACCEPTED,0.0,0.0,70.020133437,False,
69.57013343700001,1.1227807935052472,1.1227807935052472,1.1227807935052472,5.463706730458058,0.6,-1.0648620952240664,0.6711803398874986,MODEL_ONLY,DUPLICATE_OR_OLD,DUPLICATE_OR_OLD,0.0,0.0,70.020133437,False,
69.620133437,1.2464813607550411,1.2464813607550411,1.2464813607550411,5.522938284314562,0.6,-1.0737467742045772,0.6761803398874983,REACQUIRING,REACQUIRE_ACCEPTED,REACQUIRE_ACCEPTED,0.0,0.0,70.120133437,False,
69.670133437,1.2197906171213861,1.2197906171213861,1.2197906171213861,5.584595083761469,0.6,-1.0815720056348843,0.6811803398874979,MODEL_ONLY,DUPLICATE_OR_OLD,DUPLICATE_OR_OLD,0.0,0.0,70.120133437,False,
69.720133437,1.3427554030956204,1.3427554030956204,1.3427554030956204,5.648658734266891,0.6,-1.088461536862551,0.6861803398874976,REACQUIRING,REACQUIRE_ACCEPTED,REACQUIRE_ACCEPTED,0.0,0.0,70.220133437,False,
69.770133437,1.315416821845251,1.315416821845251,1.315416821845251,5.715113039890409,0.6,-1.0945285086500243,0.6911803398874973,MODEL_ONLY,DUPLICATE_OR_OLD,DUPLICATE_OR_OLD,0.0,0.0,70.220133437,False,
69.82013343700001,1.4377662376058764,1.4377662376058764,1.4377662376058764,5.783942616376702,0.6,-1.0998701468515308,0.6961803398874984,REACQUIRING,REACQUIRE_ACCEPTED,REACQUIRE_ACCEPTED,0.0,0.0,70.32013343700001,False,
69.870133437,1.4099253944715004,1.4099253944715004,1.4099253944715004,5.855134907178632,0.6,-1.1045736518761435,0.7011803398874981,MODEL_ONLY,DUPLICATE_OR_OLD,DUPLICATE_OR_OLD,0.0,0.0,70.32013343700001,False,
69.920133437,1.5228502568932025,1.5228502568932025,1.5228502568932025,5.9284542984627455,0.6,-1.1087148798733064,0.7061803398874977,REACQUIRING,REACQUIRE_ACCEPTED,REACQUIRE_ACCEPTED,0.0,0.0,70.420133437,False,
69.970133437,1.4946200331222474,1.4946200331222474,1.4946200331222474,6.003891055713128,0.6,-1.1123612304858599,0.7111803398874974,MODEL_ONLY,DUPLICATE_OR_OLD,DUPLICATE_OR_OLD,0.0,0.0,70.420133437,False,
70.020133437,1.6161764653992465,1.6161764653992465,1.6161764653992465,6.081660968176161,0.6,-1.1155716978226817,0.7161803398874971,REACQUIRING,REACQUIRE_ACCEPTED,REACQUIRE_ACCEPTED,0.0,0.0,70.520133437,False,
70.07013343700001,1.5876443789770587,1.5876443789770587,1.5876443789770587,6.161756489285587,0.6,-1.118398468079077,0.7211803398874982,MODEL_ONLY,DUPLICATE_OR_OLD,DUPLICATE_OR_OLD,0.0,0.0,70.520133437,False,
70.120133437,1.708987849348034,1.708987849348034,1.708987849348034,6.244172294993709,0.6,-1.1208873355185855,0.7261803398874979,REACQUIRING,REACQUIRE_ACCEPTED,REACQUIRE_ACCEPTED,0.0,0.0,70.620133437,False,
70.170133437,1.680221749833115,1.680221749833115,1.680221749833115,6.328902534973233,0.6,-1.1230787238855222,0.7311803398874975,MODEL_ONLY,DUPLICATE_OR_OLD,DUPLICATE_OR_OLD,0.0,0.0,70.620133437,False,
70.220133437,1.789339301871623,1.789339301871623,1.789339301871623,6.415641561265846,0.6,-1.125008164134822,0.7361803398874972,REACQUIRING,REACQUIRE_ACCEPTED,REACQUIRE_ACCEPTED,0.0,0.0,70.720133437,False,
70.270133437,1.7603917894194814,1.7603917894194814,1.7603917894194814,6.504384838548119,0.6,-1.1267069804464733,0.7411803398874969,MODEL_ONLY,DUPLICATE_OR_OLD,DUPLICATE_OR_OLD,0.0,0.0,70.720133437,False,
70.32013343700001,3.664047522701771,3.664047522701771,3.664047522701771,6.639995821351181,0.6,-1.128202729469272,0.25769040442078156,SINGLE_WHEEL,ACCEPTED,MODEL_DISAGREEMENT,0.0,0.0,70.82013343700001,False,
70.370133437,3.634959374568765,3.634959374568765,3.634959374568765,6.822470993782933,0.6,-1.1295196922934074,0.2626904044207813,MODEL_ONLY,DUPLICATE_OR_OLD,DUPLICATE_OR_OLD,0.0,0.0,70.82013343700001,False,
70.420133437,4.624273683109741,4.624273683109741,4.624273683109741,7.028951820224885,0.6,-1.1306792337247022,0.03394868112485154,FUSED,ACCEPTED,ACCEPTED,0.0,0.0,70.82013343700001,False,
70.470133437,4.595076511045447,4.595076511045447,4.595076511045447,7.259435575078752,0.6,-1.1317001709191685,0.03894868112485125,MODEL_ONLY,DUPLICATE_OR_OLD,DUPLICATE_OR_OLD,0.0,0.0,70.82013343700001,False,
70.520133437,4.719831997796299,4.719831997796299,4.719831997796299,7.492308287799782,0.6,-1.1325990717491983,0.00814638656747559,FUSED,ACCEPTED,ACCEPTED,0.0,0.0,70.82013343700001,False,
70.57013343700001,4.6905503080945214,4.6905503080945214,4.6905503080945214,7.727567845447106,0.6,-1.1333905236686777,0.013146386567476727,MODEL_ONLY,DUPLICATE_OR_OLD,DUPLICATE_OR_OLD,0.0,0.0,70.82013343700001,False,
70.620133437,4.722884334966185,4.722884334966185,4.722884334966185,7.96290371152361,0.6,-1.1340873704396686,0.00644714607467406,FUSED,ACCEPTED,ACCEPTED,0.0,0.0,70.82013343700001,False,
70.670133437,4.693537125419735,4.693537125419735,4.693537125419735,8.198314248033244,0.6,-1.1347009205622838,0.011447146074673776,MODEL_ONLY,DUPLICATE_OR_OLD,DUPLICATE_OR_OLD,0.0,0.0,70.82013343700001,False,
70.720133437,4.719744460321567,4.719744460321567,4.719744460321567,8.433646287676762,0.6,-1.1352411307901735,0.006218873684228534,FUSED,ACCEPTED,ACCEPTED,0.0,0.0,70.82013343700001,False,
70.770133437,4.690346458417745,4.690346458417745,4.690346458417745,8.668898560645232,0.6,-1.135716767709734,0.011218873684228251,MODEL_ONLY,DUPLICATE_OR_OLD,DUPLICATE_OR_OLD,0.0,0.0,70.82013343700001,False,
70.82013343700001,4.666542427584301,4.666568561534005,4.711610243062728,8.903947478182298,0.6,-1.1361355500051613,0.006185953630031414,FUSED,ACCEPTED,ACCEPTED,-0.04506781547842653,-0.04504168152872268,70.82013343700001,True,4.224724475260233e-05
70.870133437,4.637105050380064,4.637131184329768,4.68217286585849,9.138792055905315,0.6,-1.1365042737180415,0.01118595363003113,MODEL_ONLY,DUPLICATE_OR_OLD,DUPLICATE_OR_OLD,-0.04506781547842653,-0.04504168152872268,70.82013343700001,False,
70.920133437,4.6384550804043165,4.6384793175428065,4.695665405803787,9.373238012696858,0.6,-1.1368289225342039,0.006181158745911894,FUSED,ACCEPTED,ACCEPTED,-0.05721032539947046,-0.05718608826098048,70.82013343700001,True,2.3065251273921006e-05
70.970133437,4.608987178641602,4.609011415780092,4.666197504041072,9.607284585442965,0.6,-1.137114764887581,0.01118115874591161,MODEL_ONLY,DUPLICATE_OR_OLD,DUPLICATE_OR_OLD,-0.05721032539947046,-0.05718608826098048,70.82013343700001,False,
71.020133437,4.638662429863634,4.638684737161056,4.702738214249529,9.841507978400216,0.6,-1.1373664394568896,0.006180459353594622,FUSED,ACCEPTED,ACCEPTED,-0.06407578438589567,-0.06405347708847309,70.82013343700001,True,2.111465040759153e-05
71.07013343700001,4.609170864823161,4.609193172120584,4.673246649209057,10.075907599986733,0.6,-1.1375880304425792,0.011180459353595759,MODEL_ONLY,DUPLICATE_OR_OLD,DUPLICATE_OR_OLD,-0.06407578438589567,-0.06405347708847309,70.82013343700001,False,
71.120133437,4.625724769791343,4.625742386548024,4.691008120696123,10.31001396923435,0.6,-1.1377831338456514,0.006180357317287997,FUSED,ACCEPTED,ACCEPTED,-0.06528335090478077,-0.06526573414809977,70.82013343700001,True,1.4717864481400555e-05
71.170133437,4.596214860481811,4.596232477238492,4.661498211386592,10.543826627536404,0.6,-1.1379549158239297,0.011180357317287714,MODEL_ONLY,DUPLICATE_OR_OLD,DUPLICATE_OR_OLD,-0.06528335090478077,-0.06526573414809977,70.82013343700001,False,
71.220133437,4.620421082073408,4.620435265383573,4.686924135657851,10.777537186212502,0.6,-1.138106164072789,0.006180342430469124,FUSED,ACCEPTED,ACCEPTED,-0.06650305358444264,-0.06648887027427719,70.82013343700001,True,1.2061325805987066e-05
71.270133437,4.590896951901865,4.59091113521203,4.657400005486307,11.011145289741092,0.6,-1.13823933306416,0.01118034243046884,MODEL_ONLY,DUPLICATE_OR_OLD,DUPLICATE_OR_OLD,-0.06650305358444264,-0.06648887027427719,70.82013343700001,False,
71.32013343700001,4.610514432135448,4.610523014877405,4.670110191433437,11.244333044664138,0.6,-1.1383565838779481,0.006180340258513386,FUSED,ACCEPTED,ACCEPTED,-0.05959575929798966,-0.05958717655603252,70.82013343700001,True,5.121400992215419e-06
71.370133437,4.580979277653499,4.580987860395457,4.640575036951489,11.477100175373748,0.6,-1.1384598192722573,0.011180340258513104,MODEL_ONLY,DUPLICATE_OR_OLD,DUPLICATE_OR_OLD,-0.05959575929798966,-0.05958717655603252,70.82013343700001,False,
71.420133437,4.604935804476504,4.60494428909942,4.6715086629706795,11.709902267871788,0.6,-1.1385507145615423,0.006180339941629143,FUSED,ACCEPTED,ACCEPTED,-0.06657285849417516,-0.0665643738712598,70.82013343700001,True,8.42398201396366e-06
71.470133437,4.57539210371798,4.575400588340895,4.641964962212155,11.942739108501346,0.6,-1.1386307448037816,0.01118033994162886,MODEL_ONLY,DUPLICATE_OR_OLD,DUPLICATE_OR_OLD,-0.06657285849417516,-0.0665643738712598,70.82013343700001,False,
71.520133437,4.577333183253909,4.577340649246782,4.647324819731389,12.174971353049921,0.6,-1.1387012087378672,0.006180339895396354,FUSED,ACCEPTED,ACCEPTED,-0.06999163647747952,-0.0699841704846067,70.82013343700001,True,6.83644488647106e-06
71.57013343700001,4.547782857242582,4.547790323235454,4.617774493720061,12.40659883588626,0.6,-1.1387632498596718,0.011180339895397491,MODEL_ONLY,DUPLICATE_OR_OLD,DUPLICATE_OR_OLD,-0.06999163647747952,-0.0699841704846067,70.82013343700001,False,
71.620133437,4.573451234520659,4.573457506409212,4.645490633686488,12.63818046407141,0.6,-1.1388178749788156,0.00618033988865129,FUSED,ACCEPTED,ACCEPTED,-0.07203939916582858,-0.07203312727727607,70.82013343700001,True,5.533891496961596e-06
71.670133437,4.54389577247446,4.543902044363013,4.615935171640289,12.869716109204568,0.6,-1.1388659705572752,0.011180339888651006,MODEL_ONLY,DUPLICATE_OR_OLD,DUPLICATE_OR_OLD,-0.07203939916582858,-0.07203312727727607,70.82013343700001,False,
71.720133437,4.555804620923802,4.5558095582391545,4.627916156443643,13.100812392406652,0.6,-1.1389083170949785,0.00618033988766699,FUSED,ACCEPTED,ACCEPTED,-0.07211153551984051,-0.07210659820448839,70.82013343700001,True,4.11250375399741e-06
71.770133437,4.526245177315675,4.526250114631027,4.598356712835516,13.331469214138618,0.6,-1.1389456017958364,0.011180339887666707,MODEL_ONLY,DUPLICATE_OR_OLD,DUPLICATE_OR_OLD,-0.07211153551984051,-0.07210659820448839,70.82013343700001,False,
71.82013343700001,4.571359373720228,4.571363317821133,4.644244632951304,13.562534247783342,0.6,-1.1389784297197578,0.006180339887523591,FUSED,ACCEPTED,ACCEPTED,-0.07288525923107603,-0.07288131513017149,70.82013343700001,True,3.3302606181340177e-06
71.870133437,4.541796843521812,4.541800787622717,4.614682102752888,13.794007416175933,0.6,-1.1390073336016235,0.011180339887523308,MODEL_ONLY,DUPLICATE_OR_OLD,DUPLICATE_OR_OLD,-0.07288525923107603,-0.07288131513017149,70.82013343700001,False,
71.920133437,4.559307615985043,4.559310518169849,4.630317985895621,14.025132418392133,0.6,-1.1390327824965614,0.006180339887502462,FUSED,ACCEPTED,ACCEPTED,-0.07101036991057796,-0.07100746772577171,70.82013343700001,True,2.258245244940449e-06
71.970133437,4.529742692997116,4.5297455951819225,4.600753062907694,14.255909194612203,0.6,-1.139055189391821,0.011180339887502179,MODEL_ONLY,DUPLICATE_OR_OLD,DUPLICATE_OR_OLD,-0.07101036991057796,-0.07100746772577171,70.82013343700001,False,
72.020133437,4.571191072832778,4.571193055595243,4.638573171591245,14.486892350474664,0.6,-1.1390749179087722,0.0061803398874993795,FUSED,ACCEPTED,ACCEPTED,-0.06738209875846746,-0.06738011599600213,70.82013343700001,True,1.414528208745769e-06
72.07013343700001,4.541624294904245,4.54162627766671,4.609006393662712,14.718081839606064,0.6,-1.1390922882037904,0.011180339887500517,MODEL_ONLY,DUPLICATE_OR_OLD,DUPLICATE_OR_OLD,-0.06738209875846746,-0.06738011599600213,70.82013343700001,False,
72.120133437,4.566243674132447,4.566245109836362,4.632253658545983,14.949113340911268,0.6,-1.1391075821637853,0.006180339887499137,FUSED,ACCEPTED,ACCEPTED,-0.06600998441353578,-0.06600854870962092,70.82013343700001,True,1.0976031368375994e-06
72.170133437,4.536675458215077,4.536676893918992,4.602685442628613,15.17998681844062,0.6,-1.139121047980692,0.011180339887498853,MODEL_ONLY,DUPLICATE_OR_OLD,DUPLICATE_OR_OLD,-0.06600998441353578,-0.06600854870962092,70.82013343700001,False,
72.220133437,4.5613314204477735,4.561332589048105,4.629022135687222,15.410779507898502,0.6,-1.1391329041791536,0.006180339887498894,FUSED,ACCEPTED,ACCEPTED,-0.0676907152394488,-0.06768954663911764,70.82013343700001,True,1.0035212376219294e-06
72.270133437,4.5317620897713,4.531763258371631,4.599452805010749,15.641491381415937,0.6,-1.139143343162762,0.01118033988749861,MODEL_ONLY,DUPLICATE_OR_OLD,DUPLICATE_OR_OLD,-0.0676907152394488,-0.06768954663911764,70.82013343700001,False,
72.32013343700001,4.564787376793302,4.564788097191761,4.6265504025518815,15.872141461605056,0.6,-1.1391525343364024,0.0061803398874990655,FUSED,ACCEPTED,ACCEPTED,-0.06176302575857928,-0.06176230536012017,70.82013343700001,True,4.433944682524782e-07
72.370133437,4.5352171819321985,4.535217902330658,4.596980207690778,16.10272972686111,0.6,-1.1391606268553731,0.011180339887498782,MODEL_ONLY,DUPLICATE_OR_OLD,DUPLICATE_OR_OLD,-0.06176302575857928,-0.06176230536012017,70.82013343700001,False,
72.420133437,4.57339963378383,4.573400263319974,4.638757212553045,16.333623162367193,0.6,-1.1391677520458934,0.006180339887498883,FUSED,ACCEPTED,ACCEPTED,-0.06535757876921533,-0.06535694923307123,70.82013343700001,True,5.733801440449549e-07
72.470133437,4.543828768988681,4.543829398524825,4.6091863477578965,16.564821751374954,0.6,-1.1391740255362781,0.0111803398874986,MODEL_ONLY,DUPLICATE_OR_OLD,DUPLICATE_OR_OLD,-0.06535757876921533,-0.06535694923307123,70.82013343700001,False,
72.520133437,4.562048329875105,4.562048874454431,4.630253852650562,16.795807756385152,0.6,-1.1391795491333658,0.006180339887498857,FUSED,ACCEPTED,ACCEPTED,-0.06820552277545744,-0.06820497819613092,70.82013343700001,True,4.920731261071065e-07
72.57013343700001,4.532476945733029,4.532477490312355,4.600682468508486,17.026581164414182,0.6,-1.1391844124746504,0.011180339887499995,MODEL_ONLY,DUPLICATE_OR_OLD,DUPLICATE_OR_OLD,-0.06820552277545744,-0.06820497819613092,70.82013343700001,False,
72.620133437,4.552267818624998,4.552268251159302,4.620835252874369,17.25711910744874,0.6,-1.139188694482928,0.00618033988749906,FUSED,ACCEPTED,ACCEPTED,-0.0685674342493714,-0.06856700171506702,70.82013343700001,True,3.63286672216967e-07
72.670133437,4.522696031874309,4.522696464408614,4.591263466123681,17.487421575423678,0.6,-1.139192464647063,0.011180339887498777,MODEL_ONLY,DUPLICATE_OR_OLD,DUPLICATE_OR_OLD,-0.0685674342493714,-0.06856700171506702,70.82013343700001,False,
72.720133437,4.533874933474819,4.533875290462855,4.6040593067922355,17.717304644746562,0.6,-1.139195784149662,0.0061803398874988825,FUSED,ACCEPTED,ACCEPTED,-0.07018437331741634,-0.07018401632938076,70.82013343700001,True,3.102978733959816e-07
72.770133437,4.504302834613486,4.5043031916015215,4.574487207930902,17.94676830761463,0.6,-1.1391987068599498,0.0111803398874986,MODEL_ONLY,DUPLICATE_OR_OLD,DUPLICATE_OR_OLD,-0.07018437331741634,-0.07018401632938076,70.82013343700001,False,
72.82013343700001,4.5149319319329875,4.514932217009715,4.585739895076045,18.175773985189856,0.6,-1.1392012802079656,0.006180339887499064,FUSED,ACCEPTED,ACCEPTED,-0.07080796314305715,-0.0708076780663296,70.82013343700001,True,2.4063309506106023e-07
72.870133437,4.485359591116939,4.485359876193667,4.556167554259996,18.404321671423244,0.6,-1.1392035459542622,0.01118033988749878,MODEL_ONLY,DUPLICATE_OR_OLD,DUPLICATE_OR_OLD,-0.07080796314305715,-0.0708076780663296,70.82013343700001,False,
72.920133437,4.512252754347264,4.512252983877234,4.584041881524219,18.632826907317835,0.6,-1.1392055408676003,0.006180339887498883,FUSED,ACCEPTED,ACCEPTED,-0.07178912717695507,-0.07178889764698493,70.82013343700001,True,1.9520018586238752e-07
72.970133437,4.482680225962847,4.482680455492817,4.554469353139802,18.86128968818442,0.6,-1.139207297321636,0.0111803398874986,MODEL_ONLY,DUPLICATE_OR_OLD,DUPLICATE_OR_OLD,-0.07178912717695507,-0.07178889764698493,70.82013343700001,False,
73.020133437,4.494283609592388,4.494283786764456,4.565727277669546,19.08929460395464,0.6,-1.1392088438202836,0.006180339887498857,FUSED,ACCEPTED,ACCEPTED,-0.07144366807715752,-0.07144349090509028,70.82013343700001,True,1.448131043135792e-07
73.07013343700001,4.464710935801031,4.464711112973098,4.536154603878188,19.316841650993386,0.6,-1.1392102054602804,0.011180339887499995,MODEL_ONLY,DUPLICATE_OR_OLD,DUPLICATE_OR_OLD,-0.07144366807715752,-0.07144349090509028,70.82013343700001,False,
73.120133437,4.496491428494485,4.4964915529194895,4.564885804460705,19.544367661201846,0.6,-1.139211404338458,0.00618033988749906,FUSED,ACCEPTED,ACCEPTED,-0.06839437596621956,-0.06839425154121503,70.82013343700001,True,9.1825527515077e-08
73.170133437,4.466918641980633,4.466918766405637,4.535313017946852,19.771872631762022,0.6,-1.1392124599103335,0.011180339887498777,MODEL_ONLY,DUPLICATE_OR_OLD,DUPLICATE_OR_OLD,-0.06839437596621956,-0.06839425154121503,70.82013343700001,False,
73.220133437,4.470939782034396,4.4709398834202725,4.541109011304464,19.99878318249329,0.6,-1.139213389305834,0.0061803398874988825,FUSED,ACCEPTED,ACCEPTED,-0.07016922927006775,-0.07016912788419116,70.82013343700001,True,8.714691152045262e-08
73.270133437,4.441366908135696,4.4413670095215725,4.511536137405764,20.225099311211032,0.6,-1.1392142076072844,0.0111803398874986,MODEL_ONLY,DUPLICATE_OR_OLD,DUPLICATE_OR_OLD,-0.07016922927006775,-0.07016912788419116,70.82013343700001,False,
73.32013343700001,4.469024708338298,4.469024766891243,4.530380294807195,20.451147222016406,0.6,-1.1392149280941635,0.006180339887499064,FUSED,ACCEPTED,ACCEPTED,-0.061355586468896384,-0.06135552791595167,70.82013343700001,True,3.208073740684769e-08
73.370133437,4.439451766697033,4.439451825249978,4.500807353165929,20.67692691321572,0.6,-1.1392155624586053,0.01118033988749878,MODEL_ONLY,DUPLICATE_OR_OLD,DUPLICATE_OR_OLD,-0.061355586468896384,-0.06135552791595167,70.82013343700001,False,
73.420133437,4.449530205058192,4.449530261052529,4.517636351906263,20.90238800584251,0.6,-1.1392161209951406,0.006180339887498883,FUSED,ACCEPTED,ACCEPTED,-0.06810614684807081,-0.06810609085373365,70.82013343700001,True,5.441303022046817e-08
73.470133437,4.419957210901469,4.419957266895806,4.48806335774954,21.127530498583894,0.6,-1.1392166127677568,0.0111803398874986,MODEL_ONLY,DUPLICATE_OR_OLD,DUPLICATE_OR_OLD,-0.06810614684807081,-0.06810609085373365,70.82013343700001,False,
73.520133437,4.437842060041681,4.437842107699108,4.508654363495876,21.352448441615017,0.6,-1.13921704575699,0.006180339887498857,FUSED,ACCEPTED,ACCEPTED,-0.0708123034541952,-0.07081225579676786,70.82013343700001,True,4.2504934100184855e-08
73.57013343700001,4.408269025173865,4.408269072831293,4.479081328628061,21.577141833918166,0.6,-1.1392174269894333,0.011180339887499995,MODEL_ONLY,DUPLICATE_OR_OLD,DUPLICATE_OR_OLD,-0.0708123034541952,-0.07081225579676786,70.82013343700001,False,
73.620133437,4.416093082570346,4.416093121133973,4.4879353434822296,21.80131725072091,0.6,-1.1392177626517654,0.00618033988749906,FUSED,ACCEPTED,ACCEPTED,-0.0718422609118834,-0.07184222234825643,70.82013343700001,True,3.2943348604597134e-08
73.670133437,4.386520016142454,4.3865200547060805,4.458362277054337,22.024974691234313,0.6,-1.1392180581911489,0.011180339887498777,MODEL_ONLY,DUPLICATE_OR_OLD,DUPLICATE_OR_OLD,-0.0718422609118834,-0.07184222234825643,70.82013343700001,False,
73.720133437,4.41467331586596,4.414673345721878,4.48620911003148,22.248588975911446,0.6,-1.1392183184036266,0.0061803398874988825,FUSED,ACCEPTED,ACCEPTED,-0.07153579416551992,-0.07153576430960129,70.82013343700001,True,2.447425868912223e-08
73.770133437,4.385100224972026,4.385100254827945,4.456636019137546,22.47216010414066,0.6,-1.1392185475119534,0.0111803398874986,MODEL_ONLY,DUPLICATE_OR_OLD,DUPLICATE_OR_OLD,-0.07153579416551992,-0.07153576430960129,70.82013343700001,False,
73.82013343700001,4.40564429326736,4.405644317469434,4.478535013950339,22.695539379967908,0.6,-1.1392187492341221,0.006180339887499064,FUSED,ACCEPTED,ACCEPTED,-0.0728907206829783,-0.07289069648090418,70.82013343700001,True,2.070780692753349e-08
73.870133437,4.3760711834068395,4.376071207608914,4.448961904089818,22.9187268029189,0.6,-1.1392189268437007,0.01118033988749878,MODEL_ONLY,DUPLICATE_OR_OLD,DUPLICATE_OR_OLD,-0.0728907206829783,-0.07289069648090418,70.82013343700001,False,
73.920133437,4.397991548304367,4.39799156706065,4.470674708961196,23.141717718245165,0.6,-1.1392190832229556,0.006180339887498883,FUSED,ACCEPTED,ACCEPTED,-0.07268316065682967,-0.07268314190054603,70.82013343700001,True,1.5390599475417766e-08
73.970133437,4.36841842374055,4.368418442496834,4.44110158439738,23.364512125579115,0.6,-1.139219220909625,0.0111803398874986,MODEL_ONLY,DUPLICATE_OR_OLD,DUPLICATE_OR_OLD,-0.07268316065682967,-0.07268314190054603,70.82013343700001,False,
74.020133437,4.378086670171814,4.3780866843962425,4.449974026217782,23.58678901584448,0.6,-1.1392193421381023,0.006180339887498857,FUSED,ACCEPTED,ACCEPTED,-0.07188735604596808,-0.07188734182153933,70.82013343700001,True,1.1423587104042454e-08
74.07013343700001,4.348513534209685,4.348513548434114,4.420400890255653,23.808548388756368,0.6,-1.1392194488756953,0.011180339887499995,MODEL_ONLY,DUPLICATE_OR_OLD,DUPLICATE_OR_OLD,-0.07188735604596808,-0.07188734182153933,70.82013343700001,False,
74.120133437,4.3704612249223285,4.370461235830767,4.442050524780429,24.030109674132255,0.6,-1.1392195428545526,0.00618033988749906,FUSED,ACCEPTED,ACCEPTED,-0.07158929985810047,-0.07158928894966188,70.82013343700001,True,8.85904340164334e-09
74.170133437,4.340888080124005,4.340888091032443,4.412477379982105,24.251472871751307,0.6,-1.1392196255997729,0.011180339887498777,MODEL_ONLY,DUPLICATE_OR_OLD,DUPLICATE_OR_OLD,-0.07158929985810047,-0.07158928894966188,70.82013343700001,False,
74.220133437,4.34322071156154,4.343220719976738,4.414711621767092,24.472152596795024,0.6,-1.1392196984541536,0.0061803398874988825,FUSED,ACCEPTED,ACCEPTED,-0.07149091020555165,-0.07149090179035333,70.82013343700001,True,6.874291066938376e-09
74.270133437,4.313647559913205,4.3136475683284035,4.385138470118757,24.692148849092156,0.6,-1.1392197625999831,0.0111803398874986,MODEL_ONLY,DUPLICATE_OR_OLD,DUPLICATE_OR_OLD,-0.07149091020555165,-0.07149090179035333,70.82013343700001,False,
74.32013343700001,4.339994909094938,4.339994914561856,4.406344029754502,24.911935911589037,0.6,-1.1392198190782266,0.006180339887499064,FUSED,ACCEPTED,ACCEPTED,-0.06634912065956389,-0.06634911519264541,70.82013343700001,True,3.6447803247741106e-09
74.370133437,4.310421752136332,4.31042175760325,4.376770872795896,25.131513784152784,0.6,-1.1392198688054187,0.01118033988749878,MODEL_ONLY,DUPLICATE_OR_OLD,DUPLICATE_OR_OLD,-0.06634912065956389,-0.06634911519264541,70.82013343700001,False,
74.420133437,4.30720260617378,4.307202610703036,4.375982544977444,25.350332619597104,0.6,-1.1392199125885372,0.006180339887498883,FUSED,ACCEPTED,ACCEPTED,-0.06877993880366429,-0.0687799342744082,70.82013343700001,True,3.949749069476205e-09
74.470133437,4.2776294450985395,4.277629449627796,4.346409383902204,25.568392417819084,0.6,-1.1392199511380992,0.0111803398874986,MODEL_ONLY,DUPLICATE_OR_OLD,DUPLICATE_OR_OLD,-0.06877993880366429,-0.0687799342744082,70.82013343700001,False,
74.520133437,4.287325542686457,4.287325546399807,4.3577760673039965,25.785997054099226,0.6,-1.1392199850796907,0.006180339887498857,FUSED,ACCEPTED,ACCEPTED,-0.07045052461753976,-0.07045052090418924,70.82013343700001,True,3.209092366840416e-09
74.57013343700001,4.257752378419907,4.2577523821332575,4.328202903037447,26.003146528357814,0.6,-1.1392200149641194,0.011180339887499995,MODEL_ONLY,DUPLICATE_OR_OLD,DUPLICATE_OR_OLD,-0.07045052461753976,-0.07045052090418924,70.82013343700001,False,
74.620133437,4.2697791778772745,4.269779180764701,4.340147227289784,26.21985528161598,0.6,-1.139220041276353,0.00618033988749906,FUSED,ACCEPTED,ACCEPTED,-0.07036804941250985,-0.07036804652508355,70.82013343700001,True,2.376976962481514e-09
74.670133437,4.240206011136769,4.240206014024196,4.310574060549279,26.436123313811944,0.6,-1.1392200644433885,0.011180339887498777,MODEL_ONLY,DUPLICATE_OR_OLD,DUPLICATE_OR_OLD,-0.07036804941250985,-0.07036804652508355,70.82013343700001,False,
74.720133437,4.259368475172115,4.259368477414265,4.329710600710098,26.652130430343416,0.6,-1.1392200848411835,0.0061803398874988825,FUSED,ACCEPTED,ACCEPTED,-0.0703421255379828,-0.07034212329583323,70.82013343700001,True,1.843346864038864e-09
74.770133437,4.229795306513742,4.229795308755891,4.3001374320517245,26.86787663116245,0.6,-1.1392201028007554,0.0111803398874986,MODEL_ONLY,DUPLICATE_OR_OLD,DUPLICATE_OR_OLD,-0.0703421255379828,-0.07034212329583323,70.82013343700001,False,
74.82013343700001,4.239180474011874,4.239180475877475,4.311719452890038,27.083173053286043,0.6,-1.1392201186135538,0.006180339887499064,FUSED,ACCEPTED,ACCEPTED,-0.07253897887816407,-0.07253897701256307,70.82013343700001,True,1.6328813301491607e-09
74.870133437,4.209607303866729,4.20960730573233,4.282146282744893,27.298019696676903,0.6,-1.1392201325361904,0.01118033988749878,MODEL_ONLY,DUPLICATE_OR_OLD,DUPLICATE_OR_OLD,-0.07253897887816407,-0.07253897701256307,70.82013343700001,False,
74.920133437,4.216041319963711,4.2160413213943295,4.287966529564409,27.512272516984623,0.6,-1.1392201447946033,0.006180339887498883,FUSED,ACCEPTED,ACCEPTED,-0.07192520960069793,-0.07192520817007964,70.82013343700001,True,1.1617845435685226e-09
74.970133437,4.186468148665989,4.186468150096608,4.258393358266687,27.725931514180388,0.6,-1.1392201555877233,0.0111803398874986,MODEL_ONLY,DUPLICATE_OR_OLD,DUPLICATE_OR_OLD,-0.07192520960069793,-0.07192520817007964,70.82013343700001,False,
75.020133437,4.199786412673125,4.199786413776559,4.271487705159304,27.939178540766026,0.6,-1.139220165090702,0.006180339887498857,FUSED,ACCEPTED,ACCEPTED,-0.07170129248617929,-0.07170129138274461,70.82013343700001,True,9.012238594285904e-10
75.07013343700001,4.1702132404818935,4.170213241585328,4.241914532968073,28.152013596719257,0.6,-1.1392201734577547,0.011180339887499995,MODEL_ONLY,DUPLICATE_OR_OLD,DUPLICATE_OR_OLD,-0.07170129248617929,-0.07170129138274461,70.82013343700001,False,
75.120133437,4.181721784999197,4.181721785872115,4.25407647368233,28.364413371885504,0.6,-1.1392201808246631,0.00618033988749906,FUSED,ACCEPTED,ACCEPTED,-0.07235468868313344,-0.07235468781021481,70.82013343700001,True,7.304527815943374e-10
75.170133437,4.152148612115313,4.152148612988231,4.224503300798446,28.576377866247512,0.6,-1.139220187310978,0.011180339887498777,MODEL_ONLY,DUPLICATE_OR_OLD,DUPLICATE_OR_OLD,-0.07235468868313344,-0.07235468781021481,70.82013343700001,False,
75.220133437,4.164013951943373,4.16401395261201,4.2359026519563585,28.78788801506637,0.6,-1.1392201930219596,0.0061803398874988825,FUSED,ACCEPTED,ACCEPTED,-0.07188870001298575,-0.07188869934434816,70.82013343700001,True,5.423857057929027e-10
75.270133437,4.1344407785225235,4.134440779191161,4.206329478535509,28.99894381832865,0.6,-1.1392201980502867,0.0111803398874986,MODEL_ONLY,DUPLICATE_OR_OLD,DUPLICATE_OR_OLD,-0.07188870001298575,-0.07188869934434816,70.82013343700001,False,
75.32013343700001,4.158973154591734,4.158973154948592,4.218264184692873,29.20955865990941,0.6,-1.1392202024775595,0.006180339887499064,FUSED,ACCEPTED,ACCEPTED,-0.05929103010113934,-0.0592910297442808,70.82013343700001,True,1.641677835340083e-10
75.370133437,4.129399980754617,4.129399981111476,4.188691010855757,29.41973253979811,0.6,-1.1392202063756243,0.01118033988749878,MODEL_ONLY,DUPLICATE_OR_OLD,DUPLICATE_OR_OLD,-0.05929103010113934,-0.0592910297442808,70.82013343700001,False,
75.420133437,4.135591602452137,4.135591602753852,4.199582061710552,29.629439366612257,0.6,-1.139220209807739,0.006180339887498883,FUSED,ACCEPTED,ACCEPTED,-0.06399045925841484,-0.06399045895669975,70.82013343700001,True,2.6763539995311447e-10
75.470133437,4.106018428292321,4.106018428594036,4.170008887550736,29.83867914034378,0.6,-1.1392202128296005,0.0111803398874986,MODEL_ONLY,DUPLICATE_OR_OLD,DUPLICATE_OR_OLD,-0.06399045925841484,-0.06399045895669975,70.82013343700001,False,
75.520133437,4.115815994654365,4.115815994919027,4.183807030793063,30.047524538302362,0.6,-1.1392202154902478,0.006180339887498857,FUSED,ACCEPTED,ACCEPTED,-0.06799103613869839,-0.06799103587403632,70.82013343700001,True,2.4176260993158394e-10
75.57013343700001,4.086242820244378,4.08624282050904,4.154233856383076,30.25597556048181,0.6,-1.139220217832858,0.011180339887499995,MODEL_ONLY,DUPLICATE_OR_OLD,DUPLICATE_OR_OLD,-0.06799103613869839,-0.06799103587403632,70.82013343700001,False,
75.620133437,4.09650136753372,4.096501367761581,4.167489052613895,30.464018633206724,0.6,-1.1392202198954477,0.00618033988749906,FUSED,ACCEPTED,ACCEPTED,-0.07098768508017539,-0.0709876848523141,70.82013343700001,True,2.0511721487981305e-10
75.670133437,4.06692819292981,4.066928193157671,4.137915878009985,30.67165375647231,0.6,-1.1392202217114884,0.011180339887498777,MODEL_ONLY,DUPLICATE_OR_OLD,DUPLICATE_OR_OLD,-0.07098768508017539,-0.0709876848523141,70.82013343700001,False,
75.720133437,4.076272951480129,4.076272951661297,4.147687997253508,30.878793853353887,0.6,-1.1392202233104511,0.0061803398874988825,FUSED,ACCEPTED,ACCEPTED,-0.07141504577337887,-0.0714150455922109,70.82013343700001,True,1.523103865253006e-10
75.770133437,4.046699776725879,4.046699776907047,4.118114822499258,31.085438923847693,0.6,-1.1392202247182839,0.0111803398874986,MODEL_ONLY,DUPLICATE_OR_OLD,DUPLICATE_OR_OLD,-0.07141504577337887,-0.0714150455922109,70.82013343700001,False,
75.82013343700001,4.0547237032981815,4.054723703446925,4.127769794821596,31.291586039280762,0.6,-1.1392202259578332,0.006180339887499064,FUSED,ACCEPTED,ACCEPTED,-0.07304609152341435,-0.07304609137467111,70.82013343700001,True,1.2870449150881313e-10
75.870133437,4.025150528427385,4.025150528576129,4.0981966199508,31.49723519965006,0.6,-1.1392202270492147,0.01118033988749878,MODEL_ONLY,DUPLICATE_OR_OLD,DUPLICATE_OR_OLD,-0.07304609152341435,-0.07304609137467111,70.82013343700001,False,
75.920133437,4.0440546203879615,4.04405462049633,4.114809937876726,31.702560363595737,0.6,-1.1392202280101393,0.006180339887498883,FUSED,ACCEPTED,ACCEPTED,-0.07075531748876429,-0.07075531738039587,70.82013343700001,True,8.341535795430843e-11
75.970133437,4.014481445426816,4.014481445535185,4.085236762915581,31.907561531115533,0.6,-1.1392202288562012,0.0111803398874986,MODEL_ONLY,DUPLICATE_OR_OLD,DUPLICATE_OR_OLD,-0.07075531748876429,-0.07075531738039587,70.82013343700001,False,
76.020133437,4.033757742657762,4.033757742729323,4.099995642063521,32.11219234124,0.6,-1.1392202296011302,0.006180339887498857,FUSED,ACCEPTED,ACCEPTED,-0.06623789940575886,-0.06623789933419832,70.82013343700001,True,4.881213488960867e-11
76.07013343700001,4.0041845676265675,4.004184567698128,4.070422467032326,32.316452793967436,0.6,-1.1392202302570151,0.011180339887499995,MODEL_ONLY,DUPLICATE_OR_OLD,DUPLICATE_OR_OLD,-0.06623789940575886,-0.06623789933419832,70.82013343700001,False,
76.120133437,4.015405802206626,4.015405802257372,4.079930598240058,32.520211620599234,0.6,-1.1392202308344996,0.00618033988749906,FUSED,ACCEPTED,ACCEPTED,-0.06452479603343253,-0.06452479598268646,70.82013343700001,True,3.7881989212174005e-11
76.170133437,3.985832627121143,3.985832627171889,4.050357423154575,32.72346882113409,0.6,-1.1392202313429554,0.011180339887498777,MODEL_ONLY,DUPLICATE_OR_OLD,DUPLICATE_OR_OLD,-0.06452479603343253,-0.06452479598268646,70.82013343700001,False,
76.220133437,3.990010494977483,3.9900104950221142,4.058272038184282,32.926184557667554,0.6,-1.1392202317906335,0.0061803398874988825,FUSED,ACCEPTED,ACCEPTED,-0.06826154320679922,-0.06826154316216781,70.82013343700001,True,4.085246030349765e-11
76.270133437,3.960437319849907,3.9604373198945386,4.028698863056706,33.128358830198565,0.6,-1.139220232184799,0.0111803398874986,MODEL_ONLY,DUPLICATE_OR_OLD,DUPLICATE_OR_OLD,-0.06826154320679922,-0.06826154316216781,70.82013343700001,False,
76.32013343700001,3.975038509527378,3.975038509556684,4.038890428646234,33.330048562491186,0.6,-1.1392202325318486,0.006180339887499064,FUSED,ACCEPTED,ACCEPTED,-0.06385191911885624,-0.06385191908955035,70.82013343700001,True,1.983413433492842e-11
76.370133437,3.9454653343671717,3.9454653343964776,4.009317253486028,33.53125375454448,0.6,-1.139220232837414,0.01118033988749878,MODEL_ONLY,DUPLICATE_OR_OLD,DUPLICATE_OR_OLD,-0.06385191911885624,-0.06385191908955035,70.82013343700001,False,
76.420133437,3.957015844288833,3.957015844313093,4.02285181975557,33.73205798137551,0.6,-1.139220233106454,0.006180339887498883,FUSED,ACCEPTED,ACCEPTED,-0.06583597546673747,-0.06583597544247732,70.82013343700001,True,2.1142226858117397e-11
76.470133437,3.9274426691033306,3.9274426691275908,3.993278644570068,33.93246124298364,0.6,-1.1392202333433348,0.0111803398874986,MODEL_ONLY,DUPLICATE_OR_OLD,DUPLICATE_OR_OLD,-0.06583597546673747,-0.06583597544247732,70.82013343700001,False,
76.520133437,3.9386907670174724,3.9386907670374254,4.00602434734282,34.13244381778145,0.6,-1.1392202335519002,0.006180339887498857,FUSED,ACCEPTED,ACCEPTED,-0.06733358032534786,-0.06733358030539494,70.82013343700001,True,1.7291348908266002e-11
76.57013343700001,3.9091175918123517,3.9091175918323047,3.9764511721376996,34.33200570576851,0.6,-1.139220233735535,0.011180339887499995,MODEL_ONLY,DUPLICATE_OR_OLD,DUPLICATE_OR_OLD,-0.06733358032534786,-0.06733358030539494,70.82013343700001,False,
76.620133437,3.9253151968160442,3.9253151968311033,3.9917705334281175,34.531211248407644,0.6,-1.1392202338972193,0.00618033988749906,FUSED,ACCEPTED,ACCEPTED,-0.06645533661207326,-0.06645533659701419,70.82013343700001,True,1.2034581664543964e-11
76.670133437,3.89574202159573,3.895742021610789,3.962197358207803,34.73006044569853,0.6,-1.139220234039577,0.011180339887498777,MODEL_ONLY,DUPLICATE_OR_OLD,DUPLICATE_OR_OLD,-0.06645533661207326,-0.06645533659701419,70.82013343700001,False,
76.720133437,3.8988029425698345,3.8988029425813564,3.964931709264621,34.928238672385326,0.6,-1.139220234164918,0.0061803398874988825,FUSED,ACCEPTED,ACCEPTED,-0.06612876669478629,-0.0661287666832644,70.82013343700001,True,9.335976436375404e-12
76.770133437,3.8692297673377354,3.8692297673492573,3.9353585340325217,35.125745928467744,0.6,-1.1392202342752766,0.0111803398874986,MODEL_ONLY,DUPLICATE_OR_OLD,DUPLICATE_OR_OLD,-0.06612876669478629,-0.0661287666832644,70.82013343700001,False,
76.82013343700001,3.8799257018287405,3.879925701839669,3.951786548664042,35.3229245555352,0.6,-1.1392202343724436,0.006180339887499064,FUSED,ACCEPTED,ACCEPTED,-0.07186084683530147,-0.07186084682437288,70.82013343700001,True,1.0562439811678814e-11
76.870133437,3.850352526587505,3.8503525265984337,3.9222133734228066,35.51977455358736,0.6,-1.1392202344579958,0.01118033988749878,MODEL_ONLY,DUPLICATE_OR_OLD,DUPLICATE_OR_OLD,-0.07186084683530147,-0.07186084682437288,70.82013343700001,False,
76.920133437,3.866574753079693,3.8665747530881354,3.9377119843923682,35.71627268753273,0.6,-1.1392202345333218,0.006180339887498883,FUSED,ACCEPTED,ACCEPTED,-0.07113723131267546,-0.07113723130423288,70.82013343700001,True,6.906170080256402e-12
76.970133437,3.837001577831375,3.8370015778398177,3.9081388091440505,35.91241895737113,0.6,-1.1392202345996436,0.0111803398874986,MODEL_ONLY,DUPLICATE_OR_OLD,DUPLICATE_OR_OLD,-0.07113723131267546,-0.07113723130423288,70.82013343700001,False,
77.020133437,3.843032308806327,3.843032308813016,3.914630554419213,36.1079881914602,0.6,-1.1392202346580378,0.006180339887498857,FUSED,ACCEPTED,ACCEPTED,-0.07159824561288586,-0.07159824560619699,70.82013343700001,True,5.605405029029953e-12
77.07013343700001,3.8134591335525108,3.8134591335591996,3.8850573791653966,36.30298038979986,0.6,-1.139220234709452,0.011180339887499995,MODEL_ONLY,DUPLICATE_OR_OLD,DUPLICATE_OR_OLD,-0.07159824561288586,-0.07159824560619699,70.82013343700001,False,
77.120133437,3.836129405350895,3.8361294053556607,3.9049967632615026,36.497731743360525,0.6,-1.1392202347547205,0.00618033988749906,FUSED,ACCEPTED,ACCEPTED,-0.06886735791060739,-0.06886735790584186,70.82013343700001,True,3.576555718254326e-12
77.170133437,3.806556230092831,3.8065562300975966,3.8754235880034384,36.69224225214214,0.6,-1.139220234794578,0.011180339887498777,MODEL_ONLY,DUPLICATE_OR_OLD,DUPLICATE_OR_OLD,-0.06886735791060739,-0.06886735790584186,70.82013343700001,False,
77.220133437,3.8115426350196553,3.811542635023467,3.881562153842839,36.886166895688284,0.6,-1.139220234829671,0.0061803398874988825,FUSED,ACCEPTED,ACCEPTED,-0.0700195188231838,-0.07001951881937218,70.82013343700001,True,3.2227415180940966e-12
77.270133437,3.7819694597582916,3.781969459762103,3.8519889785814754,37.07950567399888,0.6,-1.1392202348605691,0.0111803398874986,MODEL_ONLY,DUPLICATE_OR_OLD,DUPLICATE_OR_OLD,-0.0700195188231838,-0.07001951881937218,70.82013343700001,False,
77.32013343700001,3.789311261019812,3.789311261022455,3.8561328549436023,37.27220871983705,0.6,-1.139220234887774,0.006180339887499064,FUSED,ACCEPTED,ACCEPTED,-0.06682159392379017,-0.06682159392114739,70.82013343700001,True,1.920075209937977e-12
77.370133437,3.7597380857558904,3.759738085758533,3.8265596796796806,37.46427603320262,0.6,-1.139220234911727,0.01118033988749878,MODEL_ONLY,DUPLICATE_OR_OLD,DUPLICATE_OR_OLD,-0.06682159392379017,-0.06682159392114739,70.82013343700001,False,
77.420133437,3.7673271124304013,3.767327112432387,3.833665534254437,37.65578166355097,0.6,-1.1392202349328169,0.006180339887498883,FUSED,ACCEPTED,ACCEPTED,-0.06633842182403571,-0.06633842182205019,70.82013343700001,True,1.579458785982979e-12
77.470133437,3.7377539371644968,3.7377539371664823,3.8040923589885325,37.84672561088203,0.6,-1.1392202349513858,0.0111803398874986,MODEL_ONLY,DUPLICATE_OR_OLD,DUPLICATE_OR_OLD,-0.06633842182403571,-0.06633842182205019,70.82013343700001,False,
77.520133437,3.748300501576995,3.748300501578554,3.8151976078833765,38.03720786005382,0.6,-1.139220234967735,0.006180339887498857,FUSED,ACCEPTED,ACCEPTED,-0.06689710630638146,-0.06689710630482226,70.82013343700001,True,1.2954221029204405e-12
77.57013343700001,3.7187273263095446,3.718727326311104,3.785624432615926,38.22722841106634,0.6,-1.1392202349821299,0.011180339887499995,MODEL_ONLY,DUPLICATE_OR_OLD,DUPLICATE_OR_OLD,-0.06689710630638146,-0.06689710630482226,70.82013343700001,False,
77.620133437,3.723181232936441,3.7231812329377583,3.7924968808358277,38.416681443902625,0.6,-1.1392202349948042,0.00618033988749906,FUSED,ACCEPTED,ACCEPTED,-0.0693156478993866,-0.06931564789806943,70.82013343700001,True,1.1675382882714302e-12
77.670133437,3.6936080576678076,3.693608057669125,3.7629237055671942,38.60556695856269,0.6,-1.1392202350059635,0.011180339887498777,MODEL_ONLY,DUPLICATE_OR_OLD,DUPLICATE_OR_OLD,-0.0693156478993866,-0.06931564789806943,70.82013343700001,False,
77.720133437,3.6999955475203254,3.6999955475213886,3.770244980224862,38.79389617570748,0.6,-1.1392202350157887,0.0061803398874988825,FUSED,ACCEPTED,ACCEPTED,-0.07024943270453665,-0.0702494327034735,70.82013343700001,True,9.056644323379714e-13
77.770133437,3.6704223722507683,3.6704223722518314,3.740671804955305,38.981669095336976,0.6,-1.1392202350244396,0.0111803398874986,MODEL_ONLY,DUPLICATE_OR_OLD,DUPLICATE_OR_OLD,-0.07024943270453665,-0.0702494327034735,70.82013343700001,False,
77.82013343700001,3.675950265654445,3.6759502656552048,3.743638309237008,39.168776848191825,0.6,-1.1392202350320564,0.006180339887499064,FUSED,ACCEPTED,ACCEPTED,-0.06768804358256286,-0.06768804358180303,70.82013343700001,True,5.722367024674213e-13
77.870133437,3.6463770903841715,3.6463770903849313,3.7140651339667343,39.35521943427191,0.6,-1.1392202350387628,0.01118033988749878,MODEL_ONLY,DUPLICATE_OR_OLD,DUPLICATE_OR_OLD,-0.06768804358256286,-0.06768804358180303,70.82013343700001,False,
