t,base_v,candidate_v,inner_v,inner_s,disturbance,drive_a,pv,mode,front_status,rear_status,base_correction,correction,blocked_until,update,increment_delta
19.541718442,0.0,0.0,0.0,0.0,0.0,0.0,1.0,WAITING_FOR_INITIALIZATION,MISSING_OR_STALE,MISSING_OR_STALE,0.0,0.0,,False,
19.591718442,0.0,0.0,0.0,0.0,0.0,0.0,1.0,WAITING_FOR_INITIALIZATION,MISSING_OR_STALE,MISSING_OR_STALE,0.0,0.0,,False,
19.641718442000002,0.0,0.0,0.0,0.0,0.0,0.0,1.0,WAITING_FOR_INITIALIZATION,MISSING_OR_STALE,CANDIDATE,0.0,0.0,,False,
19.691718442,0.0,0.0,0.0,0.0,0.0,0.0,1.0,WAITING_FOR_INITIALIZATION,MISSING_OR_STALE,DUPLICATE_OR_OLD,0.0,0.0,,False,
19.741718442,0.0,0.0,0.0,0.0,0.0,0.0,1.0,WAITING_FOR_INITIALIZATION,MISSING_OR_STALE,DUPLICATE_OR_OLD,0.0,0.0,,False,
19.791718442,0.0,0.0,0.0,0.0,0.0,0.0,1.0,WAITING_FOR_INITIALIZATION,MISSING_OR_STALE,CANDIDATE,0.0,0.0,,False,
19.841718442,0.0,0.0,0.0,0.0,0.0,0.0,1.0,WAITING_FOR_INITIALIZATION,MISSING_OR_STALE,CANDIDATE,0.0,0.0,,False,
19.891718442000002,0.0,0.0,0.0,0.0,0.0,0.0,1.0,WAITING_FOR_INITIALIZATION,MISSING_OR_STALE,DUPLICATE_OR_OLD,0.0,0.0,,False,
19.941718442,0.0,0.0,0.0,0.0,0.0,0.0,1.0,WAITING_FOR_INITIALIZATION,MISSING_OR_STALE,DUPLICATE_OR_OLD,0.0,0.0,,False,
19.991718442,0.0,0.0,0.0,0.0,0.0,0.0,1.0,WAITING_FOR_INITIALIZATION,MISSING_OR_STALE,CANDIDATE,0.0,0.0,,False,
20.041718442,0.0,0.0,0.0,0.0,0.0,0.0,1.0,WAITING_FOR_INITIALIZATION,MISSING_OR_STALE,CANDIDATE,0.0,0.0,,False,
20.091718442,0.0,0.0,0.0,0.0,0.0,0.0,1.0,WAITING_FOR_INITIALIZATION,MISSING_OR_STALE,DUPLICATE_OR_OLD,0.0,0.0,,False,
20.141718442000002,0.0,0.0,0.0,0.0,0.0,0.0,1.0,WAITING_FOR_INITIALIZATION,MISSING_OR_STALE,CANDIDATE,0.0,0.0,,False,
20.191718442,0.0,0.0,0.0,0.0,0.0,0.0,1.0,WAITING_FOR_INITIALIZATION,MISSING_OR_STALE,DUPLICATE_OR_OLD,0.0,0.0,,False,
20.241718442,0.0,0.0,0.0,0.0,0.0,0.0,1.0,WAITING_FOR_INITIALIZATION,MISSING_OR_STALE,DUPLICATE_OR_OLD,0.0,0.0,,False,
20.291718442,0.0,0.0,0.0,0.0,0.0,0.0,1.0,WAITING_FOR_INITIALIZATION,MISSING_OR_STALE,CANDIDATE,0.0,0.0,,False,
20.341718442,0.0,0.0,0.0,0.0,0.0,0.0,1.0,WAITING_FOR_INITIALIZATION,MISSING_OR_STALE,CANDIDATE,0.0,0.0,,False,
20.391718442000002,0.0,0.0,0.0,0.0,0.0,0.0,1.0,WAITING_FOR_INITIALIZATION,MISSING_OR_STALE,DUPLICATE_OR_OLD,0.0,0.0,,False,
20.441718442,0.0,0.0,0.0,0.0,0.0,0.0,1.0,WAITING_FOR_INITIALIZATION,MISSING_OR_STALE,CANDIDATE,0.0,0.0,,False,
20.491718442,0.0,0.0,0.0,0.0,0.0,0.0,1.0,WAITING_FOR_INITIALIZATION,MISSING_OR_STALE,DUPLICATE_OR_OLD,0.0,0.0,,False,
20.541718442,0.0,0.0,0.0,0.0,0.0,0.0,1.0,WAITING_FOR_INITIALIZATION,MISSING_OR_STALE,CANDIDATE,0.0,0.0,,False,
20.591718442,0.0,0.0,0.0,0.0,0.0,0.0,1.0,WAITING_FOR_INITIALIZATION,MISSING_OR_STALE,DUPLICATE_OR_OLD,0.0,0.0,,False,
20.641718442000002,0.0,0.0,0.0,0.0,0.0,0.0,1.0,WAITING_FOR_INITIALIZATION,MISSING_OR_STALE,DUPLICATE_OR_OLD,0.0,0.0,,False,
20.691718442,0.0,0.0,0.0,0.0,0.0,0.0,1.0,WAITING_FOR_INITIALIZATION,MISSING_OR_STALE,CANDIDATE,0.0,0.0,,False,
20.741718442,0.0,0.0,0.0,0.0,0.0,0.0,1.0,WAITING_FOR_INITIALIZATION,MISSING_OR_STALE,DUPLICATE_OR_OLD,0.0,0.0,,False,
20.791718442,0.0,0.0,0.0,0.0,0.0,0.0,1.0,WAITING_FOR_INITIALIZATION,MISSING_OR_STALE,CANDIDATE,0.0,0.0,,False,
20.841718442,0.0,0.0,0.0,0.0,0.0,0.0,1.0,WAITING_FOR_INITIALIZATION,MISSING_OR_STALE,DUPLICATE_OR_OLD,0.0,0.0,,False,
20.891718442000002,0.0,0.0,0.0,0.0,0.0,0.0,1.0,WAITING_FOR_INITIALIZATION,MISSING_OR_STALE,CANDIDATE,0.0,0.0,,False,
20.941718442,0.0,0.0,0.0,0.0,0.0,0.0,1.0,WAITING_FOR_INITIALIZATION,MISSING_OR_STALE,CANDIDATE,0.0,0.0,,False,
20.991718442,0.0,0.0,0.0,0.0,0.0,0.0,1.0,WAITING_FOR_INITIALIZATION,MISSING_OR_STALE,DUPLICATE_OR_OLD,0.0,0.0,,False,
21.041718442,0.0,0.0,0.0,0.0,0.0,0.0,1.0,WAITING_FOR_INITIALIZATION,MISSING_OR_STALE,CANDIDATE,0.0,0.0,,False,
21.091718442,0.0,0.0,0.0,0.0,0.0,0.0,1.0,WAITING_FOR_INITIALIZATION,MISSING_OR_STALE,DUPLICATE_OR_OLD,0.0,0.0,,False,
21.141718442000002,0.0,0.0,0.0,0.0,0.0,0.0,1.0,WAITING_FOR_INITIALIZATION,MISSING_OR_STALE,CANDIDATE,0.0,0.0,,False,
21.191718442,0.0,0.0,0.0,0.0,0.0,0.021980188503117996,1.0,WAITING_FOR_INITIALIZATION,MISSING_OR_STALE,DUPLICATE_OR_OLD,0.0,0.0,,False,
21.241718442,0.0,0.0,0.0,0.0,0.0,0.041333004520357264,1.0,WAITING_FOR_INITIALIZATION,MISSING_OR_STALE,CANDIDATE,0.0,0.0,,False,
21.291718442,0.0,0.0,0.0,0.0,0.0,0.058372507513880525,1.0,WAITING_FOR_INITIALIZATION,MISSING_OR_STALE,DUPLICATE_OR_OLD,0.0,0.0,,False,
21.341718442,0.0,0.0,0.0,0.0,0.0,0.0733752162673587,1.0,WAITING_FOR_INITIALIZATION,MISSING_OR_STALE,CANDIDATE,0.0,0.0,,False,
21.391718442000002,0.0,0.0,0.0,0.0,0.0,0.08658459626085055,1.0,WAITING_FOR_INITIALIZATION,MISSING_OR_STALE,DUPLICATE_OR_OLD,0.0,0.0,,False,
21.441718442,0.0,0.0,0.0,0.0,0.0,0.09821501065331809,1.0,WAITING_FOR_INITIALIZATION,MISSING_OR_STALE,DUPLICATE_OR_OLD,0.0,0.0,,False,
21.491718442,0.0,0.0,0.0,0.0,0.0,0.10845519898972597,1.0,WAITING_FOR_INITIALIZATION,MISSING_OR_STALE,CANDIDATE,0.0,0.0,,False,
21.541718442,0.0,0.0,0.0,0.0,0.0,0.1376949139302359,1.0,WAITING_FOR_INITIALIZATION,MISSING_OR_STALE,CANDIDATE,0.0,0.0,,False,
21.591718442,0.0,0.0,0.0,0.0,0.0,0.16343949858472584,1.0,WAITING_FOR_INITIALIZATION,MISSING_OR_STALE,DUPLICATE_OR_OLD,0.0,0.0,,False,
21.641718442000002,0.0,0.0,0.0,0.0,0.0,0.18610673868541341,1.0,WAITING_FOR_INITIALIZATION,MISSING_OR_STALE,CANDIDATE,0.0,0.0,,False,
21.691718442,0.0,0.0,0.0,0.0,0.0,0.20606448050482068,1.0,WAITING_FOR_INITIALIZATION,MISSING_OR_STALE,DUPLICATE_OR_OLD,0.0,0.0,,False,
21.741718442,0.0,0.0,0.0,0.0,0.0,0.22363660030241755,1.0,WAITING_FOR_INITIALIZATION,MISSING_OR_STALE,CANDIDATE,0.0,0.0,,False,
21.791718442,0.0,0.0,0.0,0.0,0.0,0.2391082602214175,1.0,WAITING_FOR_INITIALIZATION,MISSING_OR_STALE,DUPLICATE_OR_OLD,0.0,0.0,,False,
21.841718442,0.0,0.0,0.0,0.0,0.0,0.2527305359289805,1.0,WAITING_FOR_INITIALIZATION,MISSING_OR_STALE,DUPLICATE_OR_OLD,0.0,0.0,,False,
21.891718442000002,0.0,0.0,0.0,0.0,0.0,0.24450091725290485,1.0,WAITING_FOR_INITIALIZATION,MISSING_OR_STALE,CANDIDATE,0.0,0.0,,False,
21.941718442000003,0.0,0.0,0.0,0.0,0.0,0.23725501505750177,1.0,WAITING_FOR_INITIALIZATION,MISSING_OR_STALE,CANDIDATE,0.0,0.0,,False,
21.991718442,0.0,0.0,0.0,0.0,0.0,0.23087524210666316,1.0,WAITING_FOR_INITIALIZATION,MISSING_OR_STALE,DUPLICATE_OR_OLD,0.0,0.0,,False,
22.041718442,0.0,0.0,0.0,0.0,0.0,0.22525806679755128,1.0,WAITING_FOR_INITIALIZATION,MISSING_OR_STALE,CANDIDATE,0.0,0.0,,False,
22.091718442,0.0,0.0,0.0,0.0,0.0,0.22031233303924466,1.0,WAITING_FOR_INITIALIZATION,MISSING_OR_STALE,DUPLICATE_OR_OLD,0.0,0.0,,False,
22.141718442000002,0.0,0.0,0.0,0.0,0.0,0.21595778096244275,1.0,WAITING_FOR_INITIALIZATION,MISSING_OR_STALE,CANDIDATE,0.0,0.0,,False,
22.191718442000003,0.0,0.0,0.0,0.0,0.0,0.21212374445416288,1.0,WAITING_FOR_INITIALIZATION,MISSING_OR_STALE,DUPLICATE_OR_OLD,0.0,0.0,,False,
22.241718442,0.0,0.0,0.0,0.0,0.0,0.2087480043808881,1.0,WAITING_FOR_INITIALIZATION,MISSING_OR_STALE,CANDIDATE,0.0,0.0,,False,
22.291718442,0.0,0.0,0.0,0.0,0.0,0.205775778890154,1.0,WAITING_FOR_INITIALIZATION,MISSING_OR_STALE,DUPLICATE_OR_OLD,0.0,0.0,,False,
22.341718442,0.0,0.0,0.0,0.0,0.0,0.20315883440508908,1.0,WAITING_FOR_INITIALIZATION,MISSING_OR_STALE,DUPLICATE_OR_OLD,0.0,0.0,,False,
22.391718442000002,0.0,0.0,0.0,0.0,0.0,0.20085470288503401,1.0,WAITING_FOR_INITIALIZATION,MISSING_OR_STALE,CANDIDATE,0.0,0.0,,False,
22.441718442000003,0.0,0.0,0.0,0.0,0.0,0.19882599264986844,1.0,WAITING_FOR_INITIALIZATION,MISSING_OR_STALE,DUPLICATE_OR_OLD,0.0,0.0,,False,
22.491718442,0.0,0.0,0.0,0.0,0.0,0.19703978158403182,1.0,WAITING_FOR_INITIALIZATION,MISSING_OR_STALE,CANDIDATE,0.0,0.0,,False,
22.541718442,0.0,0.0,0.0,0.0,0.0,0.19546708287309086,1.0,WAITING_FOR_INITIALIZATION,MISSING_OR_STALE,DUPLICATE_OR_OLD,0.0,0.0,,False,
22.591718442,0.0,0.0,0.0,0.0,0.0,0.19408237460277417,1.0,WAITING_FOR_INITIALIZATION,MISSING_OR_STALE,CANDIDATE,0.0,0.0,,False,
22.641718442000002,0.0,0.0,0.0,0.0,0.0,0.19286318558675708,1.0,WAITING_FOR_INITIALIZATION,MISSING_OR_STALE,CANDIDATE,0.0,0.0,,False,
22.691718442000003,0.0,0.0,0.0,0.0,0.0,0.19178973070196986,1.0,WAITING_FOR_INITIALIZATION,MISSING_OR_STALE,DUPLICATE_OR_OLD,0.0,0.0,,False,
22.741718442,0.0,0.0,0.0,0.0,0.0,0.19084458981361288,1.0,WAITING_FOR_INITIALIZATION,MISSING_OR_STALE,DUPLICATE_OR_OLD,0.0,0.0,,False,
22.791718442,0.0,0.0,0.0,0.0,0.0,0.1900124250794411,1.0,WAITING_FOR_INITIALIZATION,MISSING_OR_STALE,CANDIDATE,0.0,0.0,,False,
22.841718442,0.0,0.0,0.0,0.0,0.0,0.1672995435425847,1.0,WAITING_FOR_INITIALIZATION,MISSING_OR_STALE,CANDIDATE,0.0,0.0,,False,
22.891718442000002,0.0,0.0,0.0,0.0,0.0,0.14730161597514155,1.0,WAITING_FOR_INITIALIZATION,MISSING_OR_STALE,DUPLICATE_OR_OLD,0.0,0.0,,False,
22.941718442000003,0.0,0.0,0.0,0.0,0.0,0.1296941139792476,1.0,WAITING_FOR_INITIALIZATION,MISSING_OR_STALE,DUPLICATE_OR_OLD,0.0,0.0,,False,
22.991718442,0.0,0.0,0.0,0.0,0.0,0.1141913012257845,1.0,WAITING_FOR_INITIALIZATION,MISSING_OR_STALE,CANDIDATE,0.0,0.0,,False,
23.041718442,0.0,0.0,0.0,0.0,0.0,0.10054159649623125,1.0,WAITING_FOR_INITIALIZATION,MISSING_OR_STALE,DUPLICATE_OR_OLD,0.0,0.0,,False,
23.091718442,0.0,0.0,0.0,0.0,0.0,0.08852349099712724,1.0,WAITING_FOR_INITIALIZATION,MISSING_OR_STALE,CANDIDATE,0.0,0.0,,False,
23.141718442000002,0.0,0.0,0.0,0.0,0.0,0.07794195369288981,1.0,WAITING_FOR_INITIALIZATION,MISSING_OR_STALE,CANDIDATE,0.0,0.0,,False,
23.191718442000003,0.0,0.0,0.0,0.0,0.0,0.06862526632237903,1.0,WAITING_FOR_INITIALIZATION,MISSING_OR_STALE,DUPLICATE_OR_OLD,0.0,0.0,,False,
23.241718442,0.0,0.0,0.0,0.0,0.0,0.06042223673753132,1.0,WAITING_FOR_INITIALIZATION,MISSING_OR_STALE,DUPLICATE_OR_OLD,0.0,0.0,,False,
23.291718442,0.0,0.0,0.0,0.0,0.0,0.053199745341836115,1.0,WAITING_FOR_INITIALIZATION,MISSING_OR_STALE,CANDIDATE,0.0,0.0,,False,
23.341718442,0.0,0.0,0.0,0.0,0.0,0.04684058481201879,1.0,WAITING_FOR_INITIALIZATION,MISSING_OR_STALE,DUPLICATE_OR_OLD,0.0,0.0,,False,
23.391718442000002,0.0,0.0,0.0,0.0,0.0,0.0412415580457025,1.0,WAITING_FOR_INITIALIZATION,MISSING_OR_STALE,CANDIDATE,0.0,0.0,,False,
23.441718442000003,0.0,0.0,0.0,0.0,0.0,0.03631180346835945,1.0,WAITING_FOR_INITIALIZATION,MISSING_OR_STALE,CANDIDATE,0.0,0.0,,False,
23.491718442,0.0,0.0,0.0,0.0,0.0,0.031971320522459504,1.0,WAITING_FOR_INITIALIZATION,MISSING_OR_STALE,DUPLICATE_OR_OLD,0.0,0.0,,False,
23.541718442,0.0,0.0,0.0,0.0,0.0,0.02814967141030332,1.0,WAITING_FOR_INITIALIZATION,MISSING_OR_STALE,DUPLICATE_OR_OLD,0.0,0.0,,False,
23.591718442,0.0,0.0,0.0,0.0,0.0,0.02478483802229542,1.0,WAITING_FOR_INITIALIZATION,MISSING_OR_STALE,CANDIDATE,0.0,0.0,,False,
23.641718442000002,0.0,0.0,0.0,0.0,0.0,0.02182221550076707,1.0,WAITING_FOR_INITIALIZATION,MISSING_OR_STALE,DUPLICATE_OR_OLD,0.0,0.0,,False,
23.691718442000003,0.0,0.0,0.0,0.0,0.0,0.019213726106805315,1.0,WAITING_FOR_INITIALIZATION,MISSING_OR_STALE,CANDIDATE,0.0,0.0,,False,
23.741718442,0.0,0.0,0.0,0.0,0.0,0.016917039009827342,1.0,WAITING_FOR_INITIALIZATION,MISSING_OR_STALE,DUPLICATE_OR_OLD,0.0,0.0,,False,
23.791718442,0.0,0.0,0.0,0.0,0.0,0.014894883338565607,1.0,WAITING_FOR_INITIALIZATION,MISSING_OR_STALE,CANDIDATE,0.0,0.0,,False,
23.841718442,0.0,0.0,0.0,0.0,0.0,0.013114443345587796,1.0,WAITING_FOR_INITIALIZATION,MISSING_OR_STALE,DUPLICATE_OR_OLD,0.0,0.0,,False,
23.891718442000002,0.0,0.0,0.0,0.0,0.0,0.011546825870016831,1.0,WAITING_FOR_INITIALIZATION,MISSING_OR_STALE,CANDIDATE,0.0,0.0,,False,
23.941718442000003,0.0,0.0,0.0,0.0,0.0,0.010166591456384386,1.0,WAITING_FOR_INITIALIZATION,MISSING_OR_STALE,DUPLICATE_OR_OLD,0.0,0.0,,False,
23.991718442,0.0,0.0,0.0,0.0,0.0,0.00895134152056614,1.0,WAITING_FOR_INITIALIZATION,MISSING_OR_STALE,CANDIDATE,0.0,0.0,,False,
24.041718442,0.0,0.0,0.0,0.0,0.0,0.007881354863285376,1.0,WAITING_FOR_INITIALIZATION,MISSING_OR_STALE,DUPLICATE_OR_OLD,0.0,0.0,,False,
24.091718442,0.0,0.0,0.0,0.0,0.0,0.006939267632490403,1.0,WAITING_FOR_INITIALIZATION,MISSING_OR_STALE,CANDIDATE,0.0,0.0,,False,
24.141718442000002,0.0,0.0,0.0,0.0,0.0,0.006109791541001111,1.0,WAITING_FOR_INITIALIZATION,MISSING_OR_STALE,DUPLICATE_OR_OLD,0.0,0.0,,False,
24.191718442000003,0.0,0.0,0.0,0.0,0.0,0.005379465766633315,1.0,WAITING_FOR_INITIALIZATION,MISSING_OR_STALE,CANDIDATE,0.0,0.0,,False,
24.241718442,0.0,0.0,0.0,0.0,0.0,0.004736438508610445,1.0,WAITING_FOR_INITIALIZATION,MISSING_OR_STALE,DUPLICATE_OR_OLD,0.0,0.0,,False,
24.291718442,0.0,0.0,0.0,0.0,0.0,0.004170274655337707,1.0,WAITING_FOR_INITIALIZATION,MISSING_OR_STALE,CANDIDATE,0.0,0.0,,False,
24.341718442,0.0,0.0,0.0,0.0,0.0,0.003671786442352479,1.0,WAITING_FOR_INITIALIZATION,MISSING_OR_STALE,DUPLICATE_OR_OLD,0.0,0.0,,False,
24.391718442000002,0.0,0.0,0.0,0.0,0.0,0.0032328843523500993,1.0,WAITING_FOR_INITIALIZATION,MISSING_OR_STALE,CANDIDATE,0.0,0.0,,False,
24.441718442000003,0.0,0.0,0.0,0.0,0.0,0.002846445837676201,1.0,WAITING_FOR_INITIALIZATION,MISSING_OR_STALE,DUPLICATE_OR_OLD,0.0,0.0,,False,
24.491718442,0.0,0.0,0.0,0.0,0.0,0.002506199734900639,1.0,WAITING_FOR_INITIALIZATION,MISSING_OR_STALE,CANDIDATE,0.0,0.0,,False,
24.541718442,0.0,0.0,0.0,0.0,0.0,0.0022066244957408805,1.0,WAITING_FOR_INITIALIZATION,MISSING_OR_STALE,DUPLICATE_OR_OLD,0.0,0.0,,False,
24.591718442,0.0,0.0,0.0,0.0,0.0,0.0019428585828163215,1.0,WAITING_FOR_INITIALIZATION,MISSING_OR_STALE,CANDIDATE,0.0,0.0,,False,
24.641718442000002,0.0,0.0,0.0,0.0,0.0,0.0017106215761262449,1.0,WAITING_FOR_INITIALIZATION,MISSING_OR_STALE,DUPLICATE_OR_OLD,0.0,0.0,,False,
24.691718442000003,0.0,0.0,0.0,0.0,0.0,0.0015061447099597185,1.0,WAITING_FOR_INITIALIZATION,MISSING_OR_STALE,CANDIDATE,0.0,0.0,,False,
24.741718442,0.0,0.0,0.0,0.0,0.0,0.0013261097129832122,1.0,WAITING_FOR_INITIALIZATION,MISSING_OR_STALE,DUPLICATE_OR_OLD,0.0,0.0,,False,
24.791718442,0.0,0.0,0.0,0.0,0.0,0.0011675949589966253,1.0,WAITING_FOR_INITIALIZATION,MISSING_OR_STALE,CANDIDATE,0.0,0.0,,False,
24.841718442,0.0,0.0,0.0,0.0,0.0,0.0010280280544869137,1.0,WAITING_FOR_INITIALIZATION,MISSING_OR_STALE,DUPLICATE_OR_OLD,0.0,0.0,,False,
24.891718442000002,0.0,0.0,0.0,0.0,0.0,0.0009051440935650729,1.0,WAITING_FOR_INITIALIZATION,MISSING_OR_STALE,CANDIDATE,0.0,0.0,,False,
24.941718442000003,0.0,0.0,0.0,0.0,0.0,0.0007969489028435522,1.0,WAITING_FOR_INITIALIZATION,MISSING_OR_STALE,DUPLICATE_OR_OLD,0.0,0.0,,False,
24.991718442,0.0,0.0,0.0,0.0,0.0,0.0007016866797881684,1.0,WAITING_FOR_INITIALIZATION,MISSING_OR_STALE,CANDIDATE,0.0,0.0,,False,
25.041718442,0.0,0.0,0.0,0.0,0.0,0.0006178114993763841,1.0,WAITING_FOR_INITIALIZATION,MISSING_OR_STALE,CANDIDATE,0.0,0.0,,False,
25.091718442,0.0,0.0,0.0,0.0,0.0,0.0005439622266692083,1.0,WAITING_FOR_INITIALIZATION,MISSING_OR_STALE,DUPLICATE_OR_OLD,0.0,0.0,,False,
25.141718442000002,0.0,0.0,0.0,0.0,0.0,0.00047894042817525737,1.0,WAITING_FOR_INITIALIZATION,MISSING_OR_STALE,DUPLICATE_OR_OLD,0.0,0.0,,False,
25.191718442000003,0.0,0.0,0.0,0.0,0.0,0.00042169092355045216,1.0,WAITING_FOR_INITIALIZATION,MISSING_OR_STALE,CANDIDATE,0.0,0.0,,False,
25.241718442,0.0,0.0,0.0,0.0,0.0,0.00037128466202432283,1.0,WAITING_FOR_INITIALIZATION,MISSING_OR_STALE,CANDIDATE,0.0,0.0,,False,
25.291718442,0.0,0.0,0.0,0.0,0.0,0.0003269036456698158,1.0,WAITING_FOR_INITIALIZATION,MISSING_OR_STALE,DUPLICATE_OR_OLD,0.0,0.0,,False,
25.341718442,0.0,0.0,0.0,0.0,0.0,0.00028782765484994824,1.0,WAITING_FOR_INITIALIZATION,MISSING_OR_STALE,CANDIDATE,0.0,0.0,,False,
25.391718442000002,0.0,0.0,0.0,0.0,0.0,0.00025342256042043976,1.0,WAITING_FOR_INITIALIZATION,MISSING_OR_STALE,DUPLICATE_OR_OLD,0.0,0.0,,False,
25.441718442000003,0.0,0.0,0.0,0.0,0.0,0.00022313003301761432,1.0,WAITING_FOR_INITIALIZATION,MISSING_OR_STALE,DUPLICATE_OR_OLD,0.0,0.0,,False,
25.491718442,0.0,0.0,0.0,0.0,0.0,0.00019645848243283134,1.0,WAITING_FOR_INITIALIZATION,MISSING_OR_STALE,CANDIDATE,0.0,0.0,,False,
25.541718442,0.0,0.0,0.0,0.0,0.0,0.00017297508003668834,1.0,WAITING_FOR_INITIALIZATION,MISSING_OR_STALE,CANDIDATE,0.0,0.0,,False,
25.591718442,0.0,0.0,0.0,0.0,0.0,0.00015229873479211283,1.0,WAITING_FOR_INITIALIZATION,MISSING_OR_STALE,DUPLICATE_OR_OLD,0.0,0.0,,False,
25.641718442000002,0.0,0.0,0.0,0.0,0.0,0.00013409390887033344,1.0,WAITING_FOR_INITIALIZATION,MISSING_OR_STALE,DUPLICATE_OR_OLD,0.0,0.0,,False,
25.691718442000003,0.0,0.0,0.0,0.0,0.0,0.00011806517250894779,1.0,WAITING_FOR_INITIALIZATION,MISSING_OR_STALE,CANDIDATE,0.0,0.0,,False,
25.741718442,0.0,0.0,0.0,0.0,0.0,0.00010395240974776025,1.0,WAITING_FOR_INITIALIZATION,MISSING_OR_STALE,DUPLICATE_OR_OLD,0.0,0.0,,False,
25.791718442,0.0,0.0,0.0,0.0,0.0,9.15265972405807e-05,1.0,WAITING_FOR_INITIALIZATION,MISSING_OR_STALE,CANDIDATE,0.0,0.0,,False,
25.841718442,0.0,0.0,0.0,0.0,0.0,8.058608764112818e-05,1.0,WAITING_FOR_INITIALIZATION,MISSING_OR_STALE,DUPLICATE_OR_OLD,0.0,0.0,,False,
25.891718442000002,0.0,0.0,0.0,0.0,0.0,7.095333724942912e-05,1.0,WAITING_FOR_INITIALIZATION,MISSING_OR_STALE,CANDIDATE,0.0,0.0,,False,
25.941718442000003,0.0,0.0,0.0,0.0,0.0,6.247202481463892e-05,1.0,WAITING_FOR_INITIALIZATION,MISSING_OR_STALE,CANDIDATE,0.0,0.0,,False,
25.991718442,0.0,0.0,0.0,0.0,0.0,5.50045147379209e-05,1.0,WAITING_FOR_INITIALIZATION,MISSING_OR_STALE,DUPLICATE_OR_OLD,0.0,0.0,,False,
26.041718442,0.0,0.0,0.0,0.0,0.0,4.842962350797973e-05,1.0,WAITING_FOR_INITIALIZATION,MISSING_OR_STALE,DUPLICATE_OR_OLD,0.0,0.0,,False,
26.091718442,0.0,0.0,0.0,0.0,0.0,4.2640653122746144e-05,1.0,WAITING_FOR_INITIALIZATION,MISSING_OR_STALE,CANDIDATE,0.0,0.0,,False,
26.141718442000002,0.0,0.0,0.0,0.0,0.0,3.754365958336992e-05,1.0,WAITING_FOR_INITIALIZATION,MISSING_OR_STALE,DUPLICATE_OR_OLD,0.0,0.0,,False,
26.191718442000003,0.0,0.0,0.0,0.0,0.0,3.3055928361474115e-05,1.0,WAITING_FOR_INITIALIZATION,MISSING_OR_STALE,CANDIDATE,0.0,0.0,,False,
26.241718442,0.0,0.0,0.0,0.0,0.0,2.910463209939531e-05,1.0,WAITING_FOR_INITIALIZATION,MISSING_OR_STALE,DUPLICATE_OR_OLD,0.0,0.0,,False,
26.291718442,0.0,0.0,0.0,0.0,0.0,2.562564876043219e-05,1.0,WAITING_FOR_INITIALIZATION,MISSING_OR_STALE,CANDIDATE,0.0,0.0,,False,
26.341718442,0.0,0.0,0.0,0.0,0.0,2.2562521049928784e-05,1.0,WAITING_FOR_INITIALIZATION,MISSING_OR_STALE,CANDIDATE,0.0,0.0,,False,
26.391718442000002,0.0,0.0,0.0,0.0,0.0,1.986554022056665e-05,1.0,WAITING_FOR_INITIALIZATION,MISSING_OR_STALE,DUPLICATE_OR_OLD,0.0,0.0,,False,
26.441718442000003,0.0,0.0,0.0,0.0,0.0,1.749093939376942e-05,1.0,WAITING_FOR_INITIALIZATION,MISSING_OR_STALE,CANDIDATE,0.0,0.0,,False,
26.491718442,0.0,0.0,0.0,0.0,0.0,1.540018330635618e-05,1.0,WAITING_FOR_INITIALIZATION,MISSING_OR_STALE,DUPLICATE_OR_OLD,0.0,0.0,,False,
26.541718442,0.0,0.0,0.0,0.0,0.0,1.3559342956379575e-05,1.0,WAITING_FOR_INITIALIZATION,MISSING_OR_STALE,DUPLICATE_OR_OLD,0.0,0.0,,False,
26.591718442,0.0,0.0,0.0,0.0,0.0,1.1938544999840155e-05,1.0,WAITING_FOR_INITIALIZATION,MISSING_OR_STALE,CANDIDATE,0.0,0.0,,False,
26.641718442000002,0.0,0.0,0.0,0.0,0.0,1.051148696302792e-05,1.0,WAITING_FOR_INITIALIZATION,MISSING_OR_STALE,DUPLICATE_OR_OLD,0.0,0.0,,False,
26.691718442000003,0.0,0.0,0.0,0.0,0.0,9.25501040331006e-06,1.0,WAITING_FOR_INITIALIZATION,MISSING_OR_STALE,CANDIDATE,0.0,0.0,,False,
26.741718442,0.0,0.0,0.0,0.0,0.0,8.148725091573962e-06,1.0,WAITING_FOR_INITIALIZATION,MISSING_OR_STALE,CANDIDATE,0.0,0.0,,False,
26.791718442,0.0,0.0,0.0,0.0,0.0,7.174678117519768e-06,1.0,WAITING_FOR_INITIALIZATION,MISSING_OR_STALE,DUPLICATE_OR_OLD,0.0,0.0,,False,
26.841718442,0.0,0.0,0.0,0.0,0.0,6.3170625480107075e-06,1.0,WAITING_FOR_INITIALIZATION,MISSING_OR_STALE,DUPLICATE_OR_OLD,0.0,0.0,,False,
26.891718442000002,0.0,0.0,0.0,0.0,0.0,5.561960910557823e-06,1.0,WAITING_FOR_INITIALIZATION,MISSING_OR_STALE,CANDIDATE,0.0,0.0,,False,
26.941718442000003,0.0,0.0,0.0,0.0,0.0,4.897119339164214e-06,1.0,WAITING_FOR_INITIALIZATION,MISSING_OR_STALE,CANDIDATE,0.0,0.0,,False,
26.991718442,0.0,0.0,0.0,0.0,0.0,4.311748717344217e-06,1.0,WAITING_FOR_INITIALIZATION,MISSING_OR_STALE,DUPLICATE_OR_OLD,0.0,0.0,,False,
27.041718442,0.0,0.0,0.0,0.0,0.0,3.7963495912460796e-06,1.0,WAITING_FOR_INITIALIZATION,MISSING_OR_STALE,DUPLICATE_OR_OLD,0.0,0.0,,False,
27.091718442,0.0,0.0,0.0,0.0,0.0,3.342558011551142e-06,1.0,WAITING_FOR_INITIALIZATION,MISSING_OR_STALE,CANDIDATE,0.0,0.0,,False,
27.141718442000002,0.0,0.0,0.0,0.0,0.0,2.94300980245539e-06,1.0,WAITING_FOR_INITIALIZATION,MISSING_OR_STALE,CANDIDATE,0.0,0.0,,False,
27.191718442000003,0.0,0.0,0.0,0.0,0.0,2.5912210550772648e-06,1.0,WAITING_FOR_INITIALIZATION,MISSING_OR_STALE,DUPLICATE_OR_OLD,0.0,0.0,,False,
27.241718442,0.0,0.0,0.0,0.0,0.0,2.2814829059263964e-06,1.0,WAITING_FOR_INITIALIZATION,MISSING_OR_STALE,DUPLICATE_OR_OLD,0.0,0.0,,False,
27.291718442,0.0,0.0,0.0,0.0,0.0,2.0087688928874885e-06,1.0,WAITING_FOR_INITIALIZATION,MISSING_OR_STALE,CANDIDATE,0.0,0.0,,False,
27.341718442,0.0,0.0,0.0,0.0,0.0,1.7686533852831795e-06,1.0,WAITING_FOR_INITIALIZATION,MISSING_OR_STALE,DUPLICATE_OR_OLD,0.0,0.0,,False,
27.391718442000002,0.0,0.0,0.0,0.0,0.0,1.557239764290226e-06,1.0,WAITING_FOR_INITIALIZATION,MISSING_OR_STALE,CANDIDATE,0.0,0.0,,False,
27.441718442000003,0.0,0.0,0.0,0.0,0.0,0.02198155960030766,1.0,WAITING_FOR_INITIALIZATION,MISSING_OR_STALE,CANDIDATE,0.0,0.0,,False,
27.491718442,0.0,0.0,0.0,0.0,0.0,0.0413342117252737,1.0,WAITING_FOR_INITIALIZATION,MISSING_OR_STALE,DUPLICATE_OR_OLD,0.0,0.0,,False,
27.541718442,0.0,0.0,0.0,0.0,0.0,0.05837357041716907,1.0,WAITING_FOR_INITIALIZATION,MISSING_OR_STALE,CANDIDATE,0.0,0.0,,False,
27.591718442,0.0,0.0,0.0,0.0,0.0,0.07337615211792178,1.0,WAITING_FOR_INITIALIZATION,MISSING_OR_STALE,DUPLICATE_OR_OLD,0.0,0.0,,False,
27.641718442,0.0,0.0,0.0,0.0,0.0,0.0865854202457652,1.0,WAITING_FOR_INITIALIZATION,MISSING_OR_STALE,CANDIDATE,0.0,0.0,,False,
27.691718442000003,0.0,0.0,0.0,0.0,0.0,0.09821573614429764,1.0,WAITING_FOR_INITIALIZATION,MISSING_OR_STALE,DUPLICATE_OR_OLD,0.0,0.0,,False,
27.741718442,0.0,0.0,0.0,0.0,0.0,0.10845583776010925,1.0,WAITING_FOR_INITIALIZATION,MISSING_OR_STALE,DUPLICATE_OR_OLD,0.0,0.0,,False,
27.791718442,0.0,0.0,0.0,0.0,0.0,0.11747190250134315,1.0,WAITING_FOR_INITIALIZATION,MISSING_OR_STALE,CANDIDATE,0.0,0.0,,False,
27.841718442,0.0,0.0,0.0,0.0,0.0,0.14563381782624005,1.0,WAITING_FOR_INITIALIZATION,MISSING_OR_STALE,CANDIDATE,0.0,0.0,,False,
27.891718442,0.0,0.0,0.0,0.0,0.0,0.1704294362031439,1.0,WAITING_FOR_INITIALIZATION,MISSING_OR_STALE,DUPLICATE_OR_OLD,0.0,0.0,,False,
27.941718442000003,0.0,0.0,0.0,0.0,0.0,0.19226114344322778,1.0,WAITING_FOR_INITIALIZATION,MISSING_OR_STALE,DUPLICATE_OR_OLD,0.0,0.0,,False,
27.991718442,0.0,0.0,0.0,0.0,0.0,0.21148322670696085,1.0,WAITING_FOR_INITIALIZATION,MISSING_OR_STALE,CANDIDATE,0.0,0.0,,False,
28.041718442,0.0,0.0,0.0,0.0,0.0,0.22840762391212174,1.0,WAITING_FOR_INITIALIZATION,MISSING_OR_STALE,CANDIDATE,0.0,0.0,,False,
28.091718442,0.0,0.0,0.0,0.0,0.0,0.243308985893966,1.0,WAITING_FOR_INITIALIZATION,MISSING_OR_STALE,DUPLICATE_OR_OLD,0.0,0.0,,False,
28.141718442,0.0,0.0,0.0,0.0,0.0,0.23620555962214745,1.0,WAITING_FOR_INITIALIZATION,MISSING_OR_STALE,DUPLICATE_OR_OLD,0.0,0.0,,False,
28.191718442000003,0.0,0.0,0.0,0.0,0.0,0.22995123192559305,1.0,WAITING_FOR_INITIALIZATION,MISSING_OR_STALE,CANDIDATE,0.0,0.0,,False,
28.241718442,0.0,0.0,0.0,0.0,0.0,0.2244445069397839,1.0,WAITING_FOR_INITIALIZATION,MISSING_OR_STALE,CANDIDATE,0.0,0.0,,False,
28.291718442,0.0,0.0,0.0,0.0,0.0,0.21959602097285139,1.0,WAITING_FOR_INITIALIZATION,MISSING_OR_STALE,DUPLICATE_OR_OLD,0.0,0.0,,False,
28.341718442,0.0,0.0,0.0,0.0,0.0,0.21532709230252203,1.0,WAITING_FOR_INITIALIZATION,MISSING_OR_STALE,DUPLICATE_OR_OLD,0.0,0.0,,False,
28.391718442,0.0,0.0,0.0,0.0,0.0,0.2115684443211423,1.0,WAITING_FOR_INITIALIZATION,MISSING_OR_STALE,CANDIDATE,0.0,0.0,,False,
28.441718442000003,0.0,0.0,0.0,0.0,0.0,0.20825908130785897,1.0,WAITING_FOR_INITIALIZATION,MISSING_OR_STALE,CANDIDATE,0.0,0.0,,False,
28.491718442,0.0,0.0,0.0,0.0,0.0,0.20534529858387415,1.0,WAITING_FOR_INITIALIZATION,MISSING_OR_STALE,DUPLICATE_OR_OLD,0.0,0.0,,False,
28.541718442,0.0,0.0,0.0,0.0,0.0,0.2027798109874648,1.0,WAITING_FOR_INITIALIZATION,MISSING_OR_STALE,CANDIDATE,0.0,0.0,,False,
28.591718442,0.0,0.0,0.0,0.0,0.0,0.20052098552558248,1.0,WAITING_FOR_INITIALIZATION,MISSING_OR_STALE,DUPLICATE_OR_OLD,0.0,0.0,,False,
28.641718442,0.0,0.0,0.0,0.0,0.0,0.19853216574941646,1.0,WAITING_FOR_INITIALIZATION,MISSING_OR_STALE,CANDIDATE,0.0,0.0,,False,
28.691718442000003,0.0,0.0,0.0,0.0,0.0,0.19678107688982227,1.0,WAITING_FOR_INITIALIZATION,MISSING_OR_STALE,DUPLICATE_OR_OLD,0.0,0.0,,False,
28.741718442,0.0,0.0,0.0,0.0,0.0,0.1952393020990943,1.0,WAITING_FOR_INITIALIZATION,MISSING_OR_STALE,DUPLICATE_OR_OLD,0.0,0.0,,False,
28.791718442,0.0,0.0,0.0,0.0,0.0,0.19388182129947587,1.0,WAITING_FOR_INITIALIZATION,MISSING_OR_STALE,CANDIDATE,0.0,0.0,,False,
28.841718442,0.0,0.0,0.0,0.0,0.0,0.19268660515479988,1.0,WAITING_FOR_INITIALIZATION,MISSING_OR_STALE,CANDIDATE,0.0,0.0,,False,
28.891718442,0.0,0.0,0.0,0.0,0.0,0.19163425757618543,1.0,WAITING_FOR_INITIALIZATION,MISSING_OR_STALE,DUPLICATE_OR_OLD,0.0,0.0,,False,
28.941718442000003,0.0,0.0,0.0,0.0,0.0,0.1907077009603391,1.0,WAITING_FOR_INITIALIZATION,MISSING_OR_STALE,DUPLICATE_OR_OLD,0.0,0.0,,False,
28.991718442,0.0,0.0,0.0,0.0,0.0,0.18989189905247636,1.0,WAITING_FOR_INITIALIZATION,MISSING_OR_STALE,CANDIDATE,0.0,0.0,,False,
29.041718442,0.0,0.0,0.0,0.0,0.0,0.1671934244333329,1.0,WAITING_FOR_INITIALIZATION,MISSING_OR_STALE,CANDIDATE,0.0,0.0,,False,
29.091718442,0.0,0.0,0.0,0.0,0.0,0.14720818167192928,1.0,WAITING_FOR_INITIALIZATION,MISSING_OR_STALE,DUPLICATE_OR_OLD,0.0,0.0,,False,
29.141718442000002,0.0,0.0,0.0,0.0,0.0,0.12961184822072105,1.0,WAITING_FOR_INITIALIZATION,MISSING_OR_STALE,CANDIDATE,0.0,0.0,,False,
29.191718442000003,0.0,0.0,0.0,0.0,0.0,0.11411886899486531,1.0,WAITING_FOR_INITIALIZATION,MISSING_OR_STALE,DUPLICATE_OR_OLD,0.0,0.0,,False,
29.241718442,0.0,0.0,0.0,0.0,0.0,0.10047782235532801,1.0,WAITING_FOR_INITIALIZATION,MISSING_OR_STALE,CANDIDATE,0.0,0.0,,False,
29.291718442,0.0,0.0,0.0,0.0,0.0,0.08846734001300885,1.0,WAITING_FOR_INITIALIZATION,MISSING_OR_STALE,DUPLICATE_OR_OLD,0.0,0.0,,False,
29.341718442,0.0,0.0,0.0,0.0,0.0,0.07789251464168805,1.0,WAITING_FOR_INITIALIZATION,MISSING_OR_STALE,CANDIDATE,0.0,0.0,,False,
29.391718442000002,0.0,0.0,0.0,0.0,0.0,0.06858173690215413,1.0,WAITING_FOR_INITIALIZATION,MISSING_OR_STALE,DUPLICATE_OR_OLD,0.0,0.0,,False,
29.441718442000003,0.0,0.0,0.0,0.0,0.0,0.06038391054843417,1.0,WAITING_FOR_INITIALIZATION,MISSING_OR_STALE,CANDIDATE,0.0,0.0,,False,
29.491718442,0.0,0.0,0.0,0.0,0.0,0.053166000422581974,1.0,WAITING_FOR_INITIALIZATION,MISSING_OR_STALE,DUPLICATE_OR_OLD,0.0,0.0,,False,
29.541718442,0.0,0.0,0.0,0.0,0.0,0.04681087354663318,1.0,WAITING_FOR_INITIALIZATION,MISSING_OR_STALE,DUPLICATE_OR_OLD,0.0,0.0,,False,
29.591718442,0.0,0.0,0.0,0.0,0.0,0.04121539827675578,1.0,WAITING_FOR_INITIALIZATION,MISSING_OR_STALE,CANDIDATE,0.0,0.0,,False,
29.641718442000002,0.0,0.0,0.0,0.0,0.0,0.036288770672466567,1.0,WAITING_FOR_INITIALIZATION,MISSING_OR_STALE,DUPLICATE_OR_OLD,0.0,0.0,,False,
29.691718442000003,0.0,0.0,0.0,0.0,0.0,0.03195104092107116,1.0,WAITING_FOR_INITIALIZATION,MISSING_OR_STALE,CANDIDATE,0.0,0.0,,False,
29.741718442,0.0,0.0,0.0,0.0,0.0,0.02813181590399088,1.0,WAITING_FOR_INITIALIZATION,MISSING_OR_STALE,DUPLICATE_OR_OLD,0.0,0.0,,False,
29.791718442,0.0,0.0,0.0,0.0,0.0,0.024769116850090263,1.0,WAITING_FOR_INITIALIZATION,MISSING_OR_STALE,CANDIDATE,0.0,0.0,,False,
29.841718442,0.0,0.0,0.0,0.0,0.0,0.021808373537891338,1.0,WAITING_FOR_INITIALIZATION,MISSING_OR_STALE,DUPLICATE_OR_OLD,0.0,0.0,,False,
29.891718442000002,0.0,0.0,0.0,0.0,0.0,0.019201538724480844,1.0,WAITING_FOR_INITIALIZATION,MISSING_OR_STALE,CANDIDATE,0.0,0.0,,False,
29.941718442000003,0.0,0.0,0.0,0.0,0.0,0.0169063084299769,1.0,WAITING_FOR_INITIALIZATION,MISSING_OR_STALE,CANDIDATE,0.0,0.0,,False,
29.991718442,0.0,0.0,0.0,0.0,0.0,0.014885435424250791,1.0,WAITING_FOR_INITIALIZATION,MISSING_OR_STALE,DUPLICATE_OR_OLD,0.0,0.0,,False,
30.041718442,0.0,0.0,0.0,0.0,0.0,0.013106124775096222,1.0,WAITING_FOR_INITIALIZATION,MISSING_OR_STALE,CANDIDATE,0.0,0.0,,False,
30.091718442,0.0,0.0,0.0,0.0,0.0,0.01153950164874243,1.0,WAITING_FOR_INITIALIZATION,MISSING_OR_STALE,DUPLICATE_OR_OLD,0.0,0.0,,False,
30.141718442000002,0.0,0.0,0.0,0.0,0.0,0.010160142726121089,1.0,WAITING_FOR_INITIALIZATION,MISSING_OR_STALE,CANDIDATE,0.0,0.0,,False,
30.191718442000003,0.0,0.0,0.0,0.0,0.0,0.008945663630664766,1.0,WAITING_FOR_INITIALIZATION,MISSING_OR_STALE,DUPLICATE_OR_OLD,0.0,0.0,,False,
30.241718442,0.0,0.0,0.0,0.0,0.0,0.0078763556723726,1.0,WAITING_FOR_INITIALIZATION,MISSING_OR_STALE,CANDIDATE,0.0,0.0,,False,
30.291718442,0.0,0.0,0.0,0.0,0.0,0.006934866013188718,1.0,WAITING_FOR_INITIALIZATION,MISSING_OR_STALE,DUPLICATE_OR_OLD,0.0,0.0,,False,
30.341718442,0.0,0.0,0.0,0.0,0.0,0.006105916063385833,1.0,WAITING_FOR_INITIALIZATION,MISSING_OR_STALE,CANDIDATE,0.0,0.0,,False,
30.391718442000002,0.0,0.0,0.0,0.0,0.0,0.005376053539060437,1.0,WAITING_FOR_INITIALIZATION,MISSING_OR_STALE,DUPLICATE_OR_OLD,0.0,0.0,,False,
30.441718442000003,0.0,0.0,0.0,0.0,0.0,0.004733434157104615,1.0,WAITING_FOR_INITIALIZATION,MISSING_OR_STALE,DUPLICATE_OR_OLD,0.0,0.0,,False,
30.491718442,0.0,0.0,0.0,0.0,0.0,0.004167629424977904,1.0,WAITING_FOR_INITIALIZATION,MISSING_OR_STALE,CANDIDATE,0.0,0.0,,False,
30.541718442,0.0,0.0,0.0,0.0,0.0,0.0036694574060719574,1.0,WAITING_FOR_INITIALIZATION,MISSING_OR_STALE,CANDIDATE,0.0,0.0,,False,
30.591718442,0.0,0.0,0.0,0.0,0.0,0.0032308337143117575,1.0,WAITING_FOR_INITIALIZATION,MISSING_OR_STALE,DUPLICATE_OR_OLD,0.0,0.0,,False,
30.641718442000002,0.0,0.0,0.0,0.0,0.0,0.0028446403199178637,1.0,WAITING_FOR_INITIALIZATION,MISSING_OR_STALE,DUPLICATE_OR_OLD,0.0,0.0,,False,
30.691718442000003,0.0,0.0,0.0,0.0,0.0,0.0025046100372968856,1.0,WAITING_FOR_INITIALIZATION,MISSING_OR_STALE,CANDIDATE,0.0,0.0,,False,
30.741718442,0.0,0.0,0.0,0.0,0.0,0.002205224820517728,1.0,WAITING_FOR_INITIALIZATION,MISSING_OR_STALE,CANDIDATE,0.0,0.0,,False,
30.791718442,0.0,0.0,0.0,0.0,0.0,0.0019416262159021927,1.0,WAITING_FOR_INITIALIZATION,MISSING_OR_STALE,DUPLICATE_OR_OLD,0.0,0.0,,False,
30.841718442,0.0,0.0,0.0,0.0,0.0,0.0017095365185458022,1.0,WAITING_FOR_INITIALIZATION,MISSING_OR_STALE,CANDIDATE,0.0,0.0,,False,
30.891718442000002,0.0,0.0,0.0,0.0,0.0,0.0015051893532884398,1.0,WAITING_FOR_INITIALIZATION,MISSING_OR_STALE,DUPLICATE_OR_OLD,0.0,0.0,,False,
30.941718442000003,0.0,0.0,0.0,0.0,0.0,0.0013252685535960788,1.0,WAITING_FOR_INITIALIZATION,MISSING_OR_STALE,CANDIDATE,0.0,0.0,,False,
30.991718442,0.0,0.0,0.0,0.0,0.0,0.0011668543464737698,1.0,WAITING_FOR_INITIALIZATION,MISSING_OR_STALE,DUPLICATE_OR_OLD,0.0,0.0,,False,
31.041718442,0.0,0.0,0.0,0.0,0.0,0.0010273759700931491,1.0,WAITING_FOR_INITIALIZATION,MISSING_OR_STALE,CANDIDATE,0.0,0.0,,False,
31.091718442,0.0,0.0,0.0,0.0,0.0,0.0009045699552086867,1.0,WAITING_FOR_INITIALIZATION,MISSING_OR_STALE,DUPLICATE_OR_OLD,0.0,0.0,,False,
31.141718442000002,0.0,0.0,0.0,0.0,0.0,0.000796443393349036,1.0,WAITING_FOR_INITIALIZATION,MISSING_OR_STALE,DUPLICATE_OR_OLD,0.0,0.0,,False,
31.191718442000003,0.0,0.0,0.0,0.0,0.0,0.0007012415956961423,1.0,WAITING_FOR_INITIALIZATION,MISSING_OR_STALE,DUPLICATE_OR_OLD,0.0,0.0,,False,
31.241718442,0.0,0.0,0.0,0.0,0.0,0.00061741961781705,1.0,WAITING_FOR_INITIALIZATION,MISSING_OR_STALE,CANDIDATE,0.0,0.0,,False,
31.291718442,0.0,0.0,0.0,0.0,0.0,0.0005436171881488488,1.0,WAITING_FOR_INITIALIZATION,MISSING_OR_STALE,DUPLICATE_OR_OLD,0.0,0.0,,False,
31.341718442,0.0,0.0,0.0,0.0,0.0,0.00047863663337375096,1.0,WAITING_FOR_INITIALIZATION,MISSING_OR_STALE,CANDIDATE,0.0,0.0,,False,
31.391718442000002,0.0,0.0,0.0,0.0,0.0,0.0004214234424549323,1.0,WAITING_FOR_INITIALIZATION,MISSING_OR_STALE,DUPLICATE_OR_OLD,0.0,0.0,,False,
31.441718442000003,0.0,0.0,0.0,0.0,0.0,0.0003710491539244253,1.0,WAITING_FOR_INITIALIZATION,MISSING_OR_STALE,DUPLICATE_OR_OLD,0.0,0.0,,False,
31.491718442,0.0,0.0,0.0,0.0,0.0,0.0003266962887162039,1.0,WAITING_FOR_INITIALIZATION,MISSING_OR_STALE,CANDIDATE,0.0,0.0,,False,
31.541718442,0.0,0.0,0.0,0.0,0.0,0.00028764508403293377,1.0,WAITING_FOR_INITIALIZATION,MISSING_OR_STALE,DUPLICATE_OR_OLD,0.0,0.0,,False,
31.591718442,0.0,0.0,0.0,0.0,0.0,0.0002532618129622778,1.0,WAITING_FOR_INITIALIZATION,MISSING_OR_STALE,CANDIDATE,0.0,0.0,,False,
31.641718442000002,0.0,0.0,0.0,0.0,0.0,0.00022298850029224185,1.0,WAITING_FOR_INITIALIZATION,MISSING_OR_STALE,CANDIDATE,0.0,0.0,,False,
31.691718442000003,0.0,0.0,0.0,0.0,0.0,0.00019633386763281713,1.0,WAITING_FOR_INITIALIZATION,MISSING_OR_STALE,DUPLICATE_OR_OLD,0.0,0.0,,False,
31.741718442,0.0,0.0,0.0,0.0,0.0,0.000172865360900416,1.0,WAITING_FOR_INITIALIZATION,MISSING_OR_STALE,CANDIDATE,0.0,0.0,,False,
31.791718442,0.0,0.0,0.0,0.0,0.0,0.00015220213078630335,1.0,WAITING_FOR_INITIALIZATION,MISSING_OR_STALE,DUPLICATE_OR_OLD,0.0,0.0,,False,
31.841718442,0.0,0.0,0.0,0.0,0.0,0.0001340088522953776,1.0,WAITING_FOR_INITIALIZATION,MISSING_OR_STALE,CANDIDATE,0.0,0.0,,False,
31.891718442000002,0.0,0.0,0.0,0.0,0.0,0.00011799028305811605,1.0,WAITING_FOR_INITIALIZATION,MISSING_OR_STALE,DUPLICATE_OR_OLD,0.0,0.0,,False,
31.941718442000003,0.0,0.0,0.0,0.0,0.0,0.00010388647210744414,1.0,WAITING_FOR_INITIALIZATION,MISSING_OR_STALE,CANDIDATE,0.0,0.0,,False,
31.991718442,0.0,0.0,0.0,0.0,0.0,9.146854136806397e-05,1.0,WAITING_FOR_INITIALIZATION,MISSING_OR_STALE,DUPLICATE_OR_OLD,0.0,0.0,,False,
32.041718442000004,0.0,0.0,0.0,0.0,0.0,8.053497139981872e-05,1.0,WAITING_FOR_INITIALIZATION,MISSING_OR_STALE,CANDIDATE,0.0,0.0,,False,
32.091718442,0.0,0.0,0.0,0.0,0.0,7.09083311197774e-05,1.0,WAITING_FOR_INITIALIZATION,MISSING_OR_STALE,DUPLICATE_OR_OLD,0.0,0.0,,False,
32.141718442,0.0,0.0,0.0,0.0,0.0,6.243239843260576e-05,1.0,WAITING_FOR_INITIALIZATION,MISSING_OR_STALE,DUPLICATE_OR_OLD,0.0,0.0,,False,
32.191718442,0.0,0.0,0.0,0.0,0.0,5.496962504255593e-05,1.0,WAITING_FOR_INITIALIZATION,MISSING_OR_STALE,CANDIDATE,0.0,0.0,,False,
32.241718442,0.0,0.0,0.0,0.0,0.0,4.8398904305767685e-05,1.0,WAITING_FOR_INITIALIZATION,MISSING_OR_STALE,CANDIDATE,0.0,0.0,,False,
32.291718442000004,0.0,0.0,0.0,0.0,0.0,4.2613605899355394e-05,1.0,WAITING_FOR_INITIALIZATION,MISSING_OR_STALE,DUPLICATE_OR_OLD,0.0,0.0,,False,
32.341718442,0.0,0.0,0.0,0.0,0.0,3.751984541371543e-05,1.0,WAITING_FOR_INITIALIZATION,MISSING_OR_STALE,CANDIDATE,0.0,0.0,,False,
32.391718442,0.0,0.0,0.0,0.0,0.0,3.3034960786794094e-05,1.0,WAITING_FOR_INITIALIZATION,MISSING_OR_STALE,DUPLICATE_OR_OLD,0.0,0.0,,False,
32.441718442,0.0,0.0,0.0,0.0,0.0,2.908617085575929e-05,1.0,WAITING_FOR_INITIALIZATION,MISSING_OR_STALE,CANDIDATE,0.0,0.0,,False,
32.491718442,0.0,0.0,0.0,0.0,0.0,2.5609394256905905e-05,1.0,WAITING_FOR_INITIALIZATION,MISSING_OR_STALE,DUPLICATE_OR_OLD,0.0,0.0,,False,
32.541718442000004,0.0,0.0,0.0,0.0,0.0,2.2548209506779118e-05,1.0,WAITING_FOR_INITIALIZATION,MISSING_OR_STALE,CANDIDATE,0.0,0.0,,False,
32.591718442,0.0,0.0,0.0,0.0,0.0,1.9852939388619503e-05,1.0,WAITING_FOR_INITIALIZATION,MISSING_OR_STALE,DUPLICATE_OR_OLD,0.0,0.0,,False,
32.641718442,0.0,0.0,0.0,0.0,0.0,1.7479844785445238e-05,1.0,WAITING_FOR_INITIALIZATION,MISSING_OR_STALE,DUPLICATE_OR_OLD,0.0,0.0,,False,
32.691718442,0.0,0.0,0.0,0.0,0.0,1.539041487722479e-05,1.0,WAITING_FOR_INITIALIZATION,MISSING_OR_STALE,CANDIDATE,0.0,0.0,,False,
32.741718442,0.0,0.0,0.0,0.0,0.0,1.3550742183382212e-05,1.0,WAITING_FOR_INITIALIZATION,MISSING_OR_STALE,DUPLICATE_OR_OLD,0.0,0.0,,False,
32.791718442000004,0.0,0.0,0.0,0.0,0.0,1.1930972308759604e-05,1.0,WAITING_FOR_INITIALIZATION,MISSING_OR_STALE,CANDIDATE,0.0,0.0,,False,
32.841718442,0.0,0.0,0.0,0.0,0.0,1.0504819463465102e-05,1.0,WAITING_FOR_INITIALIZATION,MISSING_OR_STALE,CANDIDATE,0.0,0.0,,False,
32.891718442,0.0,0.0,0.0,0.0,0.0,9.249139894405456e-06,1.0,WAITING_FOR_INITIALIZATION,MISSING_OR_STALE,DUPLICATE_OR_OLD,0.0,0.0,,False,
32.941718442,0.0,0.0,0.0,0.0,0.0,8.143556306113117e-06,1.0,WAITING_FOR_INITIALIZATION,MISSING_OR_STALE,CANDIDATE,0.0,0.0,,False,
32.991718442,0.0,0.0,0.0,0.0,0.0,7.170127175927947e-06,1.0,WAITING_FOR_INITIALIZATION,MISSING_OR_STALE,DUPLICATE_OR_OLD,0.0,0.0,,False,
33.041718442000004,0.0,0.0,0.0,0.0,0.0,6.31305559714582e-06,1.0,WAITING_FOR_INITIALIZATION,MISSING_OR_STALE,CANDIDATE,0.0,0.0,,False,
33.091718442,0.0,0.0,0.0,0.0,0.0,5.55843292521474e-06,1.0,WAITING_FOR_INITIALIZATION,MISSING_OR_STALE,DUPLICATE_OR_OLD,0.0,0.0,,False,
33.141718442,0.0,0.0,0.0,0.0,0.0,4.8940130668387725e-06,1.0,WAITING_FOR_INITIALIZATION,MISSING_OR_STALE,CANDIDATE,0.0,0.0,,False,
33.191718442,0.0,0.0,0.0,0.0,0.0,4.309013749133781e-06,1.0,WAITING_FOR_INITIALIZATION,MISSING_OR_STALE,DUPLICATE_OR_OLD,0.0,0.0,,False,
33.241718442,0.0,0.0,0.0,0.0,0.0,3.7939415438091196e-06,1.0,WAITING_FOR_INITIALIZATION,MISSING_OR_STALE,CANDIDATE,0.0,0.0,,False,
33.291718442000004,0.0,0.0,0.0,0.0,0.0,3.3404378068494253e-06,1.0,WAITING_FOR_INITIALIZATION,MISSING_OR_STALE,DUPLICATE_OR_OLD,0.0,0.0,,False,
33.341718442,0.0,0.0,0.0,0.0,0.0,2.941143033591929e-06,1.0,WAITING_FOR_INITIALIZATION,MISSING_OR_STALE,CANDIDATE,0.0,0.0,,False,
33.391718442,0.0,0.0,0.0,0.0,0.0,2.5895774279375047e-06,1.0,WAITING_FOR_INITIALIZATION,MISSING_OR_STALE,DUPLICATE_OR_OLD,0.0,0.0,,False,
33.441718442,0.0,0.0,0.0,0.0,0.0,2.2800357475622583e-06,1.0,WAITING_FOR_INITIALIZATION,MISSING_OR_STALE,CANDIDATE,0.0,0.0,,False,
33.491718442,0.0,0.0,0.0,0.0,0.0,2.0074947186662528e-06,1.0,WAITING_FOR_INITIALIZATION,MISSING_OR_STALE,DUPLICATE_OR_OLD,0.0,0.0,,False,
33.541718442000004,0.0,0.0,0.0,0.0,0.0,1.7675315177762499e-06,1.0,WAITING_FOR_INITIALIZATION,MISSING_OR_STALE,CANDIDATE,0.0,0.0,,False,
33.591718442,0.0,0.0,0.0,0.0,0.0,1.5562519977178901e-06,1.0,WAITING_FOR_INITIALIZATION,MISSING_OR_STALE,DUPLICATE_OR_OLD,0.0,0.0,,False,
33.641718442,0.0,0.0,0.0,0.0,0.0,1.3702274929999368e-06,1.0,WAITING_FOR_INITIALIZATION,MISSING_OR_STALE,DUPLICATE_OR_OLD,0.0,0.0,,False,
33.691718442,0.0,0.0,0.0,0.0,0.0,1.2064391790828766e-06,1.0,WAITING_FOR_INITIALIZATION,MISSING_OR_STALE,CANDIDATE,0.0,0.0,,False,
33.741718442,0.0,0.0,0.0,0.0,0.0,1.0622290825880096e-06,1.0,WAITING_FOR_INITIALIZATION,MISSING_OR_STALE,CANDIDATE,0.0,0.0,,False,
33.791718442000004,0.0,0.0,0.0,0.0,0.0,9.352569474355851e-07,1.0,WAITING_FOR_INITIALIZATION,MISSING_OR_STALE,DUPLICATE_OR_OLD,0.0,0.0,,False,
33.841718442,0.0,0.0,0.0,0.0,0.0,8.234622569318251e-07,1.0,WAITING_FOR_INITIALIZATION,MISSING_OR_STALE,CANDIDATE,0.0,0.0,,False,
33.891718442,0.0,0.0,0.0,0.0,0.0,7.250307954947941e-07,1.0,WAITING_FOR_INITIALIZATION,MISSING_OR_STALE,DUPLICATE_OR_OLD,0.0,0.0,,False,
33.941718442,0.0,0.0,0.0,0.0,0.0,6.383652073798995e-07,1.0,WAITING_FOR_INITIALIZATION,MISSING_OR_STALE,CANDIDATE,0.0,0.0,,False,
33.991718442,0.0,0.0,0.0,0.0,0.0,5.620590746288037e-07,1.0,WAITING_FOR_INITIALIZATION,MISSING_OR_STALE,DUPLICATE_OR_OLD,0.0,0.0,,False,
34.041718442000004,0.0,0.0,0.0,0.0,0.0,4.948740935759974e-07,1.0,WAITING_FOR_INITIALIZATION,MISSING_OR_STALE,DUPLICATE_OR_OLD,0.0,0.0,,False,
34.091718442,0.0,0.0,0.0,0.0,0.0,4.3571997953134574e-07,1.0,WAITING_FOR_INITIALIZATION,MISSING_OR_STALE,CANDIDATE,0.0,0.0,,False,
34.141718442,0.0,0.0,0.0,0.0,0.0,0.021980572139891522,1.0,WAITING_FOR_INITIALIZATION,MISSING_OR_STALE,CANDIDATE,0.0,0.0,,False,
34.191718442,0.0,0.0,0.0,0.0,0.0,0.04133334229962257,1.0,WAITING_FOR_INITIALIZATION,MISSING_OR_STALE,DUPLICATE_OR_OLD,0.0,0.0,,False,
34.241718442,0.0,0.0,0.0,0.0,0.0,0.058372804917151216,1.0,WAITING_FOR_INITIALIZATION,MISSING_OR_STALE,DUPLICATE_OR_OLD,0.0,0.0,,False,
34.291718442000004,0.0,0.0,0.0,0.0,0.0,0.07337547812092751,1.0,WAITING_FOR_INITIALIZATION,MISSING_OR_STALE,CANDIDATE,0.0,0.0,,False,
34.341718442,0.0,0.0,0.0,0.0,0.0,0.08658482681410175,1.0,WAITING_FOR_INITIALIZATION,MISSING_OR_STALE,DUPLICATE_OR_OLD,0.0,0.0,,False,
34.391718442,0.0,0.0,0.0,0.0,0.0,0.118438787492404,1.0,WAITING_FOR_INITIALIZATION,MISSING_OR_STALE,CANDIDATE,0.0,0.0,,False,
34.441718442,0.0,0.0,0.0,0.0,0.0,0.14648512751083242,1.0,WAITING_FOR_INITIALIZATION,MISSING_OR_STALE,DUPLICATE_OR_OLD,0.0,0.0,,False,
34.491718442,0.0,0.0,0.0,0.0,0.0,0.17117898572121434,1.0,WAITING_FOR_INITIALIZATION,MISSING_OR_STALE,CANDIDATE,0.0,0.0,,False,
34.541718442000004,0.0,0.0,0.0,0.0,0.0,0.19292109656041642,1.0,WAITING_FOR_INITIALIZATION,MISSING_OR_STALE,DUPLICATE_OR_OLD,0.0,0.0,,False,
34.591718442,0.0,0.0,0.0,0.0,0.0,0.2120642932094225,1.0,WAITING_FOR_INITIALIZATION,MISSING_OR_STALE,CANDIDATE,0.0,0.0,,False,
34.641718442,0.0,0.0,0.0,0.0,0.0,0.22891923340602124,1.0,WAITING_FOR_INITIALIZATION,MISSING_OR_STALE,CANDIDATE,0.0,0.0,,False,
34.691718442,0.0,0.0,0.0,0.0,0.0,0.24375944083008844,1.0,WAITING_FOR_INITIALIZATION,MISSING_OR_STALE,DUPLICATE_OR_OLD,0.0,0.0,,False,
34.741718442,2.9724224408467608,2.9724224408467608,2.9724224408467608,0.0,0.0,0.0,0.010000000000000002,INITIALIZED,ACCEPTED,ACCEPTED,0.0,0.0,,False,
34.791718442000004,2.971920465445816,2.971920465445816,2.971920465445816,0.1486085726573271,0.0,0.04220376234783337,0.01500000000000043,MODEL_ONLY,DUPLICATE_OR_OLD,DUPLICATE_OR_OLD,0.0,0.0,,False,
34.841718442,2.973276439643067,2.973276439643067,2.973276439643067,0.2972384952845407,0.0,0.07936275431174991,0.020000000000000146,MODEL_ONLY,DUPLICATE_OR_OLD,DUPLICATE_OR_OLD,0.0,0.0,,False,
34.891718442,2.976268275913934,2.976268275913934,2.976268275913934,0.44597711317345734,0.0,0.11207999578407346,0.024999999999999863,MODEL_ONLY,DUPLICATE_OR_OLD,DUPLICATE_OR_OLD,0.0,0.0,,False,
34.941718442,2.960530167039674,2.960530167039674,2.959454779927453,0.5943701895695046,0.0,0.140886425479419,0.007500000000000019,FUSED,ACCEPTED,ACCEPTED,0.0010753871122211045,0.0010753871122211045,,True,0.0
34.991718442,2.9662304793744383,2.9662304793744383,2.965155092262217,0.7424854363742379,0.0,0.16624951706202104,0.012499999999999735,MODEL_ONLY,DUPLICATE_OR_OLD,DUPLICATE_OR_OLD,0.0010753871122211045,0.0010753871122211045,,False,
35.041718442000004,2.9804701933449333,2.9804701933449333,2.9769379598527776,0.8910377626771254,0.0304959062733821,0.1885808653558217,0.0063636363636363855,FUSED,ACCEPTED,ACCEPTED,0.003532233492155701,0.003532233492155701,,True,0.0
35.091718442,2.989794968427616,2.989794968427616,2.9862627349354605,1.0401177800468229,0.0304959062733821,0.20824286574701098,0.011363636363636102,MODEL_ONLY,DUPLICATE_OR_OLD,DUPLICATE_OR_OLD,0.003532233492155701,0.003532233492155701,,False,
35.141718442,3.0047056430890198,3.0047056430890198,2.99854662741134,1.1897380141054843,0.03059575662555105,0.22555459517315168,0.0062068965517240605,FUSED,ACCEPTED,ACCEPTED,0.006159015677679847,0.006159015677679847,,True,0.0
35.191718442,3.015663116908766,3.015663116908766,3.0095041012310864,1.3399392823215577,0.03059575662555105,0.24079699013608954,0.011206896551724486,MODEL_ONLY,DUPLICATE_OR_OLD,DUPLICATE_OR_OLD,0.006159015677679847,0.006159015677679847,,False,
35.241718442,3.034109450054478,3.034109450054478,3.026556587585621,1.4908407995419668,0.04212694073885188,0.2542174057680084,0.0061842105263158,FUSED,ACCEPTED,ACCEPTED,0.007552862468857224,0.007552862468857224,,True,0.0
35.291718442000004,3.0469053150698664,3.0469053150698664,3.039352452601009,1.6424885255466455,0.04212694073885188,0.2660336299356301,0.011184210526316227,MODEL_ONLY,DUPLICATE_OR_OLD,DUPLICATE_OR_OLD,0.007552862468857224,0.007552862468857224,,False,
35.341718442,3.0629285887246422,3.0629285887246422,3.053469635270616,1.7948090777434274,0.03927450073752623,0.27643741752380074,0.006180904522613088,FUSED,ACCEPTED,ACCEPTED,0.009458953454026364,0.009458953454026364,,True,0.0
35.391718442,3.0765600303558425,3.0765600303558425,3.067101076901816,1.9478233455477294,0.03927450073752623,0.2855976022532324,0.011180904522612806,MODEL_ONLY,DUPLICATE_OR_OLD,DUPLICATE_OR_OLD,0.009458953454026364,0.009458953454026364,,False,
35.441718442,3.0958703812339796,3.0958703812339796,3.084583815777335,2.1016154678647214,0.04998842274852293,0.2936628365312496,0.0061804222648752655,FUSED,ACCEPTED,ACCEPTED,0.011286565456644748,0.011286565456644748,,True,0.0
35.491718442,3.110795839042975,3.110795839042975,3.0995092735863303,2.256217795098804,0.04998842274852293,0.3007640037981374,0.011180422264874982,MODEL_ONLY,DUPLICATE_OR_OLD,DUPLICATE_OR_OLD,0.011286565456644748,0.011286565456644748,,False,
35.541718442000004,3.1260339137879107,3.1260339137879107,3.114747348331266,2.4115742106467573,0.04998842274852293,0.3070163425168993,0.01618042226487541,MODEL_ONLY,DUPLICATE_OR_OLD,DUPLICATE_OR_OLD,0.011286565456644748,0.011286565456644748,,False,
35.591718442,3.131137398680352,3.131114100336027,3.1156665352789803,2.5673345577370044,0.013712074588856364,0.3125213162747208,0.006792859341335785,FUSED,ACCEPTED,ACCEPTED,0.015470863401371826,0.01544756505704692,,True,-3.429828759026268e-05
35.641718442,3.143668384402617,3.143657693586896,3.1299091997431954,2.72347395111255,0.021376132871371294,0.3173682603443647,0.00541134100699097,FUSED,ACCEPTED,ACCEPTED,0.01375918465942183,0.013748493843700693,,True,0.0
35.691718442,3.158206819099152,3.1581961282834308,3.14444763443973,2.8803328719671364,0.021376132871371294,0.3216358314260398,0.010411341006991398,MODEL_ONLY,DUPLICATE_OR_OLD,DUPLICATE_OR_OLD,0.01375918465942183,0.013748493843700693,,False,
35.741718442,3.1844353597140924,3.1844311526099816,3.17076678707184,3.0382132325049165,0.05639796885442279,0.3253932840963122,0.006064749201056009,FUSED,ACCEPTED,ACCEPTED,0.013668572642252297,0.013664365538141432,,True,0.0
35.791718442000004,3.201078174372398,3.2010739672682873,3.187409601730146,3.1971676422249797,0.05639796885442279,0.3287015946784055,0.011064749201056436,MODEL_ONLY,DUPLICATE_OR_OLD,DUPLICATE_OR_OLD,0.013668572642252297,0.013664365538141432,,False,
35.841718442,3.2185747414512136,3.2185731273539213,3.204732420706532,3.3569711927858874,0.0477505113661303,0.31139087692744766,0.006163400643964457,FUSED,ACCEPTED,ACCEPTED,0.013842320744681391,0.013840706647389123,,True,0.0
35.891718442,3.233157572136705,3.2331559580394127,3.2193152513920236,3.517572384588342,0.0477505113661303,0.29614937271045244,0.011163400643964174,MODEL_ONLY,DUPLICATE_OR_OLD,DUPLICATE_OR_OLD,0.013842320744681391,0.013840706647389123,,False,
35.941718442,3.245540956674572,3.245540339745101,3.2343861849609383,3.6789149204971796,0.04555346089938986,0.2827297413503455,0.006177866885088271,FUSED,ACCEPTED,ACCEPTED,0.011154771713633771,0.011154154784162706,,True,0.0
35.991718442,3.2587521765865866,3.2587515596571155,3.247597404872953,3.8409645102430177,0.04555346089938986,0.27091420770765506,0.011177866885087987,MODEL_ONLY,DUPLICATE_OR_OLD,DUPLICATE_OR_OLD,0.011154771713633771,0.011154154784162706,,False,
36.041718442000004,3.2714432375183917,3.2714426205889207,3.260288465804758,4.003661657009975,0.04555346089938986,0.26051102810343707,0.016177866885088415,MODEL_ONLY,DUPLICATE_OR_OLD,DUPLICATE_OR_OLD,0.011154771713633771,0.011154154784162706,,False,
36.091718442,3.2735042585125163,3.2737413414926535,3.2552790749518516,4.166550845528881,0.02472079783497385,0.2513513786834094,0.006792596479785846,FUSED,ACCEPTED,ACCEPTED,0.018225183560664604,0.018462266540801853,,True,0.0003493227590053473
36.141718442,3.2891021562380955,3.289210946845198,3.27861103947529,4.32989809838955,0.05359671411879793,0.24328661572730237,0.005411285658743865,FUSED,ACCEPTED,ACCEPTED,0.010491116762805675,0.010599907369908124,,True,0.0
36.191718442,3.300979121597874,3.3010879122049763,3.290488004835068,4.494125574497323,0.05359671411879793,0.2361858634434875,0.010411285658744291,MODEL_ONLY,DUPLICATE_OR_OLD,DUPLICATE_OR_OLD,0.010491116762805675,0.010599907369908124,,False,
36.241718442,3.3125434882906437,3.312652278897746,3.302052371527838,4.658939083906386,0.05359671411879793,0.22993389010335272,0.015411285658744008,MODEL_ONLY,DUPLICATE_OR_OLD,DUPLICATE_OR_OLD,0.010491116762805675,0.010599907369908124,,False,
36.291718442000004,3.319233942749306,3.319938440576056,3.3039861920389137,4.824090047995569,0.04250351257534893,0.2024490495459895,0.006711747042787516,FUSED,ACCEPTED,ACCEPTED,0.015247750710392083,0.01595224853714239,,True,0.000996349711833721
36.341718442,3.3078537381539146,3.3081782158780526,3.300632300524634,4.989205510309649,-0.013560813106398908,0.17824957270828007,0.005394198366306936,FUSED,ACCEPTED,ACCEPTED,0.007221437629280736,0.007545915353418753,,True,0.0
36.391718442,3.3124106713814796,3.3127351491056176,3.305189233752199,5.154351048666561,-0.013560813106398908,0.15694274802444408,0.010394198366306652,MODEL_ONLY,DUPLICATE_OR_OLD,DUPLICATE_OR_OLD,0.007221437629280736,0.007545915353418753,,False,
36.441718442,3.306675244649049,3.3068030209700248,3.3018022264523523,5.319525835171689,-0.008587935512957386,0.13818280618138917,0.0060620926655168775,FUSED,ACCEPTED,ACCEPTED,0.004873018196696499,0.0050007945176724355,,True,0.0
36.491718442,3.3097169498020245,3.3098447261230004,3.304843931605328,5.484691989123121,-0.008587935512957386,0.1216653089392172,0.011062092665516594,MODEL_ONLY,DUPLICATE_OR_OLD,DUPLICATE_OR_OLD,0.004873018196696499,0.0050007945176724355,,False,
36.541718442000004,3.3045985845098658,3.304647612161872,3.301466405906913,5.649849747560941,-0.015915658448794535,0.10712220867655625,0.0061630095755007865,FUSED,ACCEPTED,ACCEPTED,0.0031321786029527843,0.0031812062549589903,,True,0.0
36.591718442,3.3059065129934178,3.305955540645424,3.302774334390465,5.8149557660683655,-0.015915658448794535,0.0943174984865797,0.011163009575500503,MODEL_ONLY,DUPLICATE_OR_OLD,DUPLICATE_OR_OLD,0.0031321786029527843,0.0031812062549589903,,False,
36.641718442,3.2970714766526883,3.2970902159540154,3.2955243691545086,5.979913233656981,-0.031997212708671556,0.08304338223295814,0.006177809754209515,FUSED,ACCEPTED,ACCEPTED,0.0015471074981796562,0.001565846799506776,,True,0.0
36.691718442,3.2965152976195715,3.2965340369208986,3.294968190121392,6.144675547638892,-0.031997212708671556,0.07311690241307993,0.011177809754209941,MODEL_ONLY,DUPLICATE_OR_OLD,DUPLICATE_OR_OLD,0.0015471074981796562,0.001565846799506776,,False,
36.741718442,3.2580485230135494,3.2580556814815433,3.2580007617676903,6.30849977143611,-0.12855891305463438,0.06437697110513647,0.0061799707103487155,FUSED,ACCEPTED,ACCEPTED,4.776124585914587e-05,5.491971385307437e-05,,True,0.0
36.791718442000004,3.2518425016333286,3.2518496601013225,3.2517947403874694,6.471244658990003,-0.12855891305463438,0.05668175581697111,0.011179970710349141,MODEL_ONLY,DUPLICATE_OR_OLD,DUPLICATE_OR_OLD,4.776124585914587e-05,5.491971385307437e-05,,False,
36.841718442,3.245297711352961,3.245304869820955,3.2452499501071017,6.633670776252358,-0.12855891305463438,0.049906377814013886,0.016179970710348858,MODEL_ONLY,DUPLICATE_OR_OLD,DUPLICATE_OR_OLD,4.776124585914587e-05,5.491971385307437e-05,,False,
36.891718442,3.2013445401147025,3.201534215152834,3.2102764719834,6.795058936804612,-0.17460807361480582,0.04394088557449683,0.006792812894887995,FUSED,ACCEPTED,ACCEPTED,-0.00893193186869734,-0.008742256830565953,,True,0.00027584917530752706
36.941718442,3.1854731639062415,3.185560199498685,3.194071848641989,6.95516764482026,-0.1555857044665276,0.03868847048500509,0.005411331227303138,FUSED,ACCEPTED,ACCEPTED,-0.00859868473574732,-0.008511649143303934,,True,0.0
36.991718442,3.1767849099556025,3.176871945548046,3.18538359469135,7.114654030903584,-0.1555857044665276,0.034063895820476454,0.010411331227302855,MODEL_ONLY,DUPLICATE_OR_OLD,DUPLICATE_OR_OLD,-0.00859868473574732,-0.008511649143303934,,False,
37.041718442000004,3.167893066889637,3.16798010248208,3.176491751625384,7.273700914561516,-0.1555857044665276,0.02999211351397263,0.01541133122730328,MODEL_ONLY,DUPLICATE_OR_OLD,DUPLICATE_OR_OLD,-0.00859868473574732,-0.008511649143303934,,False,
37.091718442,3.157342213295634,3.1574580315556187,3.170670654523751,7.432379974715236,-0.1492176979090896,0.026407046269038705,0.00671175196992952,FUSED,ACCEPTED,ACCEPTED,-0.01332844122811716,-0.013212622968132415,,True,0.00012991957813029628
37.141718442,3.148431690644374,3.148547508904359,3.1617601318724913,7.590690744375133,-0.1492176979090896,0.023250515250626807,0.011711751969929237,MODEL_ONLY,DUPLICATE_OR_OLD,DUPLICATE_OR_OLD,-0.01332844122811716,-0.013212622968132415,,False,
37.191718442,3.139382207028235,3.1394980252882196,3.152710648256352,7.7485525138783675,-0.1492176979090896,0.020471295953059233,0.016711751969929665,MODEL_ONLY,DUPLICATE_OR_OLD,DUPLICATE_OR_OLD,-0.01332844122811716,-0.013212622968132415,,False,
37.241718442,3.1569984542522804,3.157034976441308,3.16549650125745,7.906507692616204,-0.08273502296975066,0.018024286923553193,0.006846594912358521,FUSED,ACCEPTED,ACCEPTED,-0.008498047005169429,-0.008461524816141708,,True,0.0
37.291718442000004,3.1510430284780186,3.1510795506670464,3.159541075483188,8.064633632034733,-0.08273502296975066,0.015869777851265712,0.011846594912358947,MODEL_ONLY,DUPLICATE_OR_OLD,DUPLICATE_OR_OLD,-0.008498047005169429,-0.008461524816141708,,False,
37.341718442,3.1238907531692566,3.123904357199543,3.1292022860272746,8.221852216072485,-0.16925824258306135,0.013972805144342444,0.006275132830571165,FUSED,ACCEPTED,ACCEPTED,-0.005311532858017998,-0.005297928827731724,,True,0.0
37.391718442,3.113430806748627,3.1134444107789134,3.118742339606645,8.378050831713324,-0.16925824258306135,0.01230258453719887,0.011275132830570881,MODEL_ONLY,DUPLICATE_OR_OLD,DUPLICATE_OR_OLD,-0.005311532858017998,-0.005297928827731724,,False,
37.441718442,3.1273418659083307,3.127347043438878,3.1300928853102716,8.53427171233626,-0.07856755555542559,0.03281220002345652,0.006194120096563346,FUSED,ACCEPTED,ACCEPTED,-0.0027510194019408907,-0.002745841871393484,,True,0.0
37.491718442,3.123344835912521,3.1233500134430683,3.1260958553144618,8.69067643085187,-0.07856755555542559,0.05087022600596684,0.011194120096563061,MODEL_ONLY,DUPLICATE_OR_OLD,DUPLICATE_OR_OLD,-0.0027510194019408907,-0.002745841871393484,,False,
37.541718442000004,3.123679518265057,3.1236814948653504,3.1265614296130475,8.846992862975071,-0.09778504904524928,0.06676970996282634,0.006182349335218961,FUSED,ACCEPTED,ACCEPTED,-0.002881911347990318,-0.0028799347476970993,,True,0.0
37.591718442,3.1202165358111125,3.1202185124114057,3.123098447159103,9.003234359894366,-0.09778504904524928,0.0807686703330904,0.011182349335218677,MODEL_ONLY,DUPLICATE_OR_OLD,DUPLICATE_OR_OLD,-0.002881911347990318,-0.0028799347476970993,,False,
37.641718442,3.108306421694671,3.1083071766308565,3.110682832668421,9.159078891890045,-0.1297286794491995,0.09309428366620148,0.006180633039469531,FUSED,ACCEPTED,ACCEPTED,-0.002376410973750076,-0.002375656037564511,,True,0.0
37.691718442,3.104405152767178,3.1044059077033634,3.106781563740928,9.314515501800292,-0.1297286794491995,0.10394657126607847,0.011180633039469957,MODEL_ONLY,DUPLICATE_OR_OLD,DUPLICATE_OR_OLD,-0.002376410973750076,-0.002375656037564511,,False,
37.741718442,3.09186650323685,3.091866791593585,3.094731522303423,9.469553328951392,-0.14658095052555553,0.11350164515713031,0.006180382657316156,FUSED,ACCEPTED,ACCEPTED,-0.0028650190665731046,-0.0028647307098381702,,True,0.0
37.791718442000004,3.0880210204946383,3.0880213088513733,3.0908860395612114,9.62419376799802,-0.14658095052555553,0.1219145660480696,0.011180382657316582,MODEL_ONLY,DUPLICATE_OR_OLD,DUPLICATE_OR_OLD,-0.0028650190665731046,-0.0028647307098381702,,False,
37.841718442,3.073750143735422,3.0737502538777144,3.076659955042621,9.778382417863108,-0.16853338076828228,0.12932185967281745,0.006180346127521011,FUSED,ACCEPTED,ACCEPTED,-0.0029098113071985843,-0.0029097011649064086,,True,0.0
37.891718442,3.0695034977958704,3.0695036079381626,3.072413309103069,9.932109249466741,-0.16853338076828228,0.1358437323439763,0.011180346127520727,MODEL_ONLY,DUPLICATE_OR_OLD,DUPLICATE_OR_OLD,-0.0029098113071985843,-0.0029097011649064086,,False,
37.941718442,3.060866081633899,3.060866123704501,3.064045916089956,10.08552073009658,-0.16993728896353852,0.1415860216730647,0.006180340797905703,FUSED,ACCEPTED,ACCEPTED,-0.0031798344560569625,-0.0031797923854548493,,True,0.0
37.991718442,3.0581003280653216,3.0581003701359237,3.0612801625213786,10.238653882061854,-0.16993728896353852,0.1668654879587249,0.01118034079790542,MODEL_ONLY,DUPLICATE_OR_OLD,DUPLICATE_OR_OLD,-0.0031798344560569625,-0.0031797923854548493,,False,
38.041718442000004,3.0512474668888987,3.051247482958438,3.0532413079692464,10.391516918824133,-0.18543784647268077,0.18912320699380136,0.006180340020325521,FUSED,ACCEPTED,ACCEPTED,-0.0019938410803477247,-0.001993825010808248,,True,0.0
38.091718442,3.049799430011998,3.0497994460815376,3.051793271092346,10.544142783300664,-0.18543784647268077,0.20872037930140197,0.011180340020325238,MODEL_ONLY,DUPLICATE_OR_OLD,DUPLICATE_OR_OLD,-0.0019938410803477247,-0.001993825010808248,,False,
38.141718442,3.048214855041451,3.0482148611794693,3.0491954166738364,10.69666750049481,-0.1855820929869712,0.22597502978237058,0.006180339906878002,FUSED,ACCEPTED,ACCEPTED,-0.0009805616323852462,-0.0009805554943671524,,True,0.0
38.191718442,3.0483819453065477,3.048381951444566,3.049362506938933,10.849131448585142,-0.1855820929869712,0.24116716865563856,0.01118033990687843,MODEL_ONLY,DUPLICATE_OR_OLD,DUPLICATE_OR_OLD,-0.0009805616323852462,-0.0009805554943671524,,False,
38.241718442,3.0435440387636183,3.0435440411081327,3.043854309839303,11.00146186900459,-0.2034570986273449,0.25454333549246677,0.006180339890326335,FUSED,ACCEPTED,ACCEPTED,-0.0003102710756848204,-0.00031026873117045994,,True,0.0
38.291718442000004,3.0440750503181966,3.044075052662711,3.0443853213938814,11.153667859785433,-0.2034570986273449,0.2663206000856403,0.011180339890326761,MODEL_ONLY,DUPLICATE_OR_OLD,DUPLICATE_OR_OLD,-0.0003102710756848204,-0.00031026873117045994,,False,
38.341718442,3.0394424374114264,3.039442438306951,3.039143509186859,11.305756080549942,-0.21504266835810865,0.27669008508007753,0.00618033988791148,FUSED,ACCEPTED,ACCEPTED,0.0002989282245673408,0.0002989291200918842,,True,0.0
38.391718442,3.04036914385171,3.0403691447472347,3.040070215627143,11.457736423670283,-0.21504266835810865,0.28582006753051864,0.011180339887911197,MODEL_ONLY,DUPLICATE_OR_OLD,DUPLICATE_OR_OLD,0.0002989282245673408,0.0002989291200918842,,False,
38.441718442,3.0416977824014,3.0416977832969248,3.041398854176833,11.609773150415396,-0.21504266835810865,0.29385870971863987,0.016180339887911625,MODEL_ONLY,DUPLICATE_OR_OLD,DUPLICATE_OR_OLD,0.0002989282245673408,0.0002989291200918842,,False,
38.491718442,3.045011721958876,3.044798968681557,3.042761419124506,11.761877157247921,-0.20697984347444465,0.30093646354559295,0.006792850868223854,FUSED,ACCEPTED,ACCEPTED,0.0022503028343701104,0.002037549557051044,,True,-0.0003132021718924619
38.541718442000004,3.059546555754463,3.05944893049258,3.057523304321082,11.914384275334074,-0.17037489289641253,0.30716818751870234,0.005411339222909657,FUSED,ACCEPTED,ACCEPTED,0.0020232514333811125,0.0019256261714981626,,True,0.0
38.591718442,3.064048398125654,3.063950772863771,3.0620251466922728,12.0673729866094,-0.17037489289641253,0.31265501068696916,0.010411339222909374,MODEL_ONLY,DUPLICATE_OR_OLD,DUPLICATE_OR_OLD,0.0020232514333811125,0.0019256261714981626,,False,
38.641718442,3.0891550426061944,3.089116624614515,3.086167292062093,12.22107779757825,-0.13185706581189954,0.31748597377354704,0.0060647489247695,FUSED,ACCEPTED,ACCEPTED,0.0029877505441016083,0.0029493325524221348,,True,0.0
38.691718442,3.0960369995041446,3.095998581512465,3.093049248960043,12.375558211103817,-0.13185706581189954,0.3217394741376299,0.011064748924769927,MODEL_ONLY,DUPLICATE_OR_OLD,DUPLICATE_OR_OLD,0.0029877505441016083,0.0029493325524221348,,False,
38.74171844200001,3.1151675939064347,3.115152854462065,3.109987768935372,12.530634136551216,-0.12382296849805861,0.32548453801475136,0.006163400603296582,FUSED,ACCEPTED,ACCEPTED,0.005179824971062619,0.005165085526692703,,True,0.0
38.791718442000004,3.1228033789972716,3.1227886395529016,3.117623554026209,12.686324419625246,-0.12382296849805861,0.3287819406815412,0.011163400603296299,MODEL_ONLY,DUPLICATE_OR_OLD,DUPLICATE_OR_OLD,0.005179824971062619,0.005165085526692703,,False,
38.841718442,3.1486250241171163,3.1486193905052655,3.142800902954526,12.842835031049756,-0.08618532010017364,0.3316851927230823,0.006177866879147118,FUSED,ACCEPTED,ACCEPTED,0.0058241211625902345,0.005818487550739437,,True,0.0
38.891718442,3.158415665014176,3.158410031402325,3.1525915438515857,13.000219842219899,-0.08618532010017364,0.33424140840811356,0.011177866879146833,MODEL_ONLY,DUPLICATE_OR_OLD,DUPLICATE_OR_OLD,0.0058241211625902345,0.005818487550739437,,False,
38.941718442,3.1799728079441434,3.1799706558926117,3.173086112573251,13.158361783630532,-0.07553465510814096,0.33649207026416533,0.0061799790463577505,FUSED,ACCEPTED,ACCEPTED,0.006886695370892593,0.006884543319360947,,True,0.0
38.99171844200001,3.1905075967834113,3.1905054447318797,3.1836209014125187,13.31727945898019,-0.07553465510814096,0.3384737022602242,0.011179979046358177,MODEL_ONLY,DUPLICATE_OR_OLD,DUPLICATE_OR_OLD,0.006886695370892593,0.006884543319360947,,False,
39.041718442000004,3.218109494044065,3.2181086720221956,3.211241038785726,13.477151007485137,-0.04014010443556683,0.34021846252140914,0.006180287240760348,FUSED,ACCEPTED,ACCEPTED,0.006868455258338901,0.006867633236469661,,True,0.0
39.091718442,3.230578058563663,3.230577236541794,3.2237096033053243,13.638024773537404,-0.04014010443556683,0.3417546651942893,0.011180287240760065,MODEL_ONLY,DUPLICATE_OR_OLD,DUPLICATE_OR_OLD,0.006868455258338901,0.006867633236469661,,False,
39.141718442,3.2431142518201335,3.2431134297982642,3.2362457965617946,13.799523658534074,-0.04014010443556683,0.34310723993172715,0.01618028724075978,MODEL_ONLY,DUPLICATE_OR_OLD,DUPLICATE_OR_OLD,0.006868455258338901,0.006867633236469661,,False,
39.191718442,3.265831718349808,3.266222916023333,3.25099429615719,13.961704660852062,-0.02727844152576232,0.32407456260910267,0.006792845453031117,FUSED,ACCEPTED,ACCEPTED,0.014837422192618188,0.015228619866143323,,True,0.0005762847268484944
39.24171844200001,3.2849620029970645,3.285141510383729,3.2729468481449633,14.12480318945963,-0.010112497927342104,0.30731693095876667,0.0054113380826968024,FUSED,ACCEPTED,ACCEPTED,0.01201515485210125,0.012194662238765641,,True,0.0
39.291718442000004,3.2964723346040503,3.2966518419907147,3.284457179751949,14.288738290157044,-0.010112497927342104,0.2925624004338103,0.010411338082696519,MODEL_ONLY,DUPLICATE_OR_OLD,DUPLICATE_OR_OLD,0.01201515485210125,0.012194662238765641,,False,
39.341718442,3.318276168704413,3.318346809371221,3.307450956171269,14.453535993555114,0.012773891228996158,0.2795715330156489,0.006064748748193837,FUSED,ACCEPTED,ACCEPTED,0.010825212533144057,0.010895853199952121,,True,0.0
39.391718442,3.3297093753270035,3.3297800159938116,3.3188841627938594,14.619194371529233,0.012773891228996158,0.26813351158956583,0.011064748748193553,MODEL_ONLY,DUPLICATE_OR_OLD,DUPLICATE_OR_OLD,0.010825212533144057,0.010895853199952121,,False,
39.441718442,3.340639042309276,3.340709682976084,3.329813829776132,14.785411821343496,0.012773891228996158,0.2580627187831783,0.01606474874819398,MODEL_ONLY,DUPLICATE_OR_OLD,DUPLICATE_OR_OLD,0.010825212533144057,0.010895853199952121,,False,
39.49171844200001,3.357179345360201,3.357455622952445,3.3405871392344038,14.952171845568774,0.019209045821394776,0.24919572474888738,0.006780917147903463,FUSED,ACCEPTED,ACCEPTED,0.016592206125797038,0.016868483718041283,,True,0.0003738989443399926
39.541718442000004,3.3719367644741363,3.372063608348693,3.3604833365246023,15.11969860746274,0.03606076394616933,0.21940844650460492,0.005408825104978334,FUSED,ACCEPTED,ACCEPTED,0.011453427949533967,0.011580271824090715,,True,0.0
39.591718442,3.380786726692846,3.3809135705674027,3.369333298743312,15.287944023344428,0.03606076394616933,0.1931817507947797,0.01040882510497805,MODEL_ONLY,DUPLICATE_OR_OLD,DUPLICATE_OR_OLD,0.011453427949533967,0.011580271824090715,,False,
39.641718442,3.3884821027788203,3.388608946653377,3.3770286748292864,15.456603072683734,0.03606076394616933,0.1700900281400658,0.015408825104977767,MODEL_ONLY,DUPLICATE_OR_OLD,DUPLICATE_OR_OLD,0.011453427949533967,0.011580271824090715,,False,
39.691718442,3.395160904643891,3.395287748518448,3.383707476694357,15.625621476471839,0.03606076394616933,0.1497585437219758,0.020408825104978195,MODEL_ONLY,DUPLICATE_OR_OLD,DUPLICATE_OR_OLD,0.011453427949533967,0.011580271824090715,,False,
39.74171844200001,3.4009446471302742,3.401071491004831,3.3894912191807403,15.794951443868731,0.03606076394616933,0.13185735614822894,0.025408825104978622,MODEL_ONLY,DUPLICATE_OR_OLD,DUPLICATE_OR_OLD,0.011453427949533967,0.011580271824090715,,False,
39.791718442000004,3.394486892016229,3.394486892016229,3.394486892016229,15.964550896648646,0.03606076394616933,0.1160959631303486,0.03040882510497834,MODEL_ONLY,MISSING_OR_STALE,MISSING_OR_STALE,0.0,0.0,40.291718442000004,False,
39.841718442,3.398788696054352,3.398788696054352,3.398788696054352,16.1343827863504,0.03606076394616933,0.10221858718304279,0.03540882510497806,MODEL_ONLY,MISSING_OR_STALE,MISSING_OR_STALE,0.0,0.0,40.341718442,False,
39.891718442,3.4024795719753844,3.4024795719753844,3.4024795719753844,16.304414493051134,0.03606076394616933,0.09000002484122503,0.04040882510497777,MODEL_ONLY,MISSING_OR_STALE,MISSING_OR_STALE,0.0,0.0,40.391718442,False,
39.941718442,3.4045790477525713,3.4045790477525713,3.4045790477525713,16.474590958544347,0.03606076394616933,0.05817202196430171,0.0454088251049782,MODEL_ONLY,MISSING_OR_STALE,MISSING_OR_STALE,0.0,0.0,40.441718442,False,
39.99171844200001,3.405277349277349,3.405277349277349,3.405277349277349,16.64483736847011,0.03606076394616933,0.03014853691612615,0.05040882510497863,MODEL_ONLY,MISSING_OR_STALE,MISSING_OR_STALE,0.0,0.0,40.49171844200001,False,
40.041718442000004,3.4047419640432026,3.4047419640432026,3.4047419640432026,16.815087851303115,0.03606076394616933,0.005474801737642723,0.05540882510497834,MODEL_ONLY,MISSING_OR_STALE,MISSING_OR_STALE,0.0,0.0,40.541718442000004,False,
40.091718442,3.4031203591497037,3.4031203591497037,3.4031203591497037,16.985284409382928,0.03606076394616933,-0.0162495914494087,0.06040882510497805,MODEL_ONLY,MISSING_OR_STALE,MISSING_OR_STALE,0.0,0.0,40.591718442,False,
40.141718442,3.400542374413567,3.400542374413567,3.400542374413567,17.155375977722,0.03606076394616933,-0.035377188302161106,0.06540882510497777,MODEL_ONLY,MISSING_OR_STALE,MISSING_OR_STALE,0.0,0.0,40.641718442,False,
40.191718442,3.397122329422372,3.397122329422372,3.397122329422372,17.325317595317912,0.03606076394616933,-0.052218393403325555,0.07040882510497819,MODEL_ONLY,MISSING_OR_STALE,MISSING_OR_STALE,0.0,0.0,40.691718442,False,
40.24171844200001,3.3929608787244305,3.3929608787244305,3.3929608787244305,17.4950696755216,0.03606076394616933,-0.06704650753825053,0.07540882510497861,MODEL_ONLY,MISSING_OR_STALE,MISSING_OR_STALE,0.0,0.0,40.74171844200001,False,
40.291718442000004,3.388146645261012,3.388146645261012,3.388146645261012,17.664597363621226,0.03606076394616933,-0.08010216284780616,0.08040882510497832,MODEL_ONLY,MISSING_OR_STALE,MISSING_OR_STALE,0.0,0.0,40.791718442000004,False,
40.341718442,3.3827576585484245,3.3827576585484245,3.3827576585484245,17.83386997121645,0.03606076394616933,-0.0915972278311872,0.08540882510497803,MODEL_ONLY,MISSING_OR_STALE,MISSING_OR_STALE,0.0,0.0,40.841718442,False,
40.391718442,3.3768626209489256,3.3768626209489256,3.3768626209489256,18.002860478203875,0.03606076394616933,-0.10171824556941136,0.09040882510497775,MODEL_ONLY,MISSING_OR_STALE,MISSING_OR_STALE,0.0,0.0,40.891718442,False,
40.441718442,3.3705220225796277,3.3705220225796277,3.3705220225796277,18.171545094292103,0.03606076394616933,-0.110629460965371,0.09540882510497817,MODEL_ONLY,MISSING_OR_STALE,MISSING_OR_STALE,0.0,0.0,40.941718442,False,
40.49171844200001,3.3637891229522596,3.3637891229522596,3.3637891229522596,18.339902872930416,0.03606076394616933,-0.11847548612678027,0.10040882510497859,MODEL_ONLY,MISSING_OR_STALE,MISSING_OR_STALE,0.0,0.0,40.99171844200001,False,
40.541718442000004,3.3567108152739245,3.3567108152739245,3.3567108152739245,18.507915371386062,0.03606076394616933,-0.1253836471461369,0.1054088251049783,MODEL_ONLY,MISSING_OR_STALE,MISSING_OR_STALE,0.0,0.0,41.041718442000004,False,
40.591718442,3.3493283874348228,3.3493283874348228,3.3493283874348228,18.67556635145377,0.03606076394616933,-0.13146605036147324,0.11040882510497801,MODEL_ONLY,MISSING_OR_STALE,MISSING_OR_STALE,0.0,0.0,41.091718442,False,
40.641718442,3.1107408769487037,3.1107408769487037,3.1107408769487037,18.83706808306335,0.03606076394616933,-0.13682140162938267,0.009202607951104785,FUSED,ACCEPTED,ACCEPTED,0.0,0.0,41.091718442,False,
40.691718442,3.102854921220991,3.102854921220991,3.102854921220991,18.992407978017606,0.03606076394616933,-0.14153660813367713,0.014202607951105211,MODEL_ONLY,DUPLICATE_OR_OLD,DUPLICATE_OR_OLD,0.0,0.0,41.091718442,False,
40.74171844200001,3.0762909379302164,3.0762909379302164,3.0762909379302164,19.1468866244964,0.018592075590987207,-0.14568818872398673,0.006575648306225544,FUSED,ACCEPTED,ACCEPTED,0.0,0.0,41.091718442,False,
40.791718442000004,3.067141202407859,3.067141202407859,3.067141202407859,19.30047242800484,0.018592075590987207,-0.14934351567141393,0.011575648306225261,MODEL_ONLY,DUPLICATE_OR_OLD,DUPLICATE_OR_OLD,0.0,0.0,41.091718442,False,
40.841718442,3.0578305472694423,3.0578305472694423,3.0578305472694423,19.453596721746766,0.018592075590987207,-0.1525619079925886,0.016575648306224978,MODEL_ONLY,DUPLICATE_OR_OLD,DUPLICATE_OR_OLD,0.0,0.0,41.091718442,False,
40.891718442,3.0069820547873976,3.0069820547873976,3.0069820547873976,19.60521703679818,-0.07199630044139074,-0.15539559408468673,0.006833002476142781,FUSED,ACCEPTED,ACCEPTED,0.0,0.0,41.091718442,False,
40.941718442,2.9836077198920936,2.9836077198920936,2.9836077198920936,19.75498178116518,-0.0596442296698666,-0.15789055929315965,0.005419777920637832,FUSED,ACCEPTED,ACCEPTED,0.0,0.0,41.091718442,False,
40.99171844200001,2.9700089802819334,2.9700089802819334,2.9700089802819334,19.903822198669545,-0.0596442296698666,-0.1600872921665886,0.010419777920638258,MODEL_ONLY,DUPLICATE_OR_OLD,DUPLICATE_OR_OLD,0.0,0.0,41.091718442,False,
41.041718442000004,2.9372995636476116,2.9372995636476116,2.9372995636476116,20.051504912267774,-0.10641485607569245,-0.1620214415089583,0.006066055324629279,FUSED,ACCEPTED,ACCEPTED,0.0,0.0,41.091718442,False,
41.091718442,2.9211804375808885,2.9211804375808885,2.9211804375808885,20.19796691229848,-0.10641485607569245,-0.16372439489206453,0.011066055324628996,MODEL_ONLY,DUPLICATE_OR_OLD,DUPLICATE_OR_OLD,0.0,0.0,41.091718442,False,
41.141718442,2.904986341857958,2.904986341857958,2.904986341857958,20.34362108178444,-0.10641485607569245,-0.16522378801621743,0.016066055324628712,MODEL_ONLY,DUPLICATE_OR_OLD,DUPLICATE_OR_OLD,0.0,0.0,41.091718442,False,
41.191718442,2.8536595915096665,2.8536595915096665,2.8629899950727014,20.48782049020772,-0.1455422610634901,-0.1665439531851875,0.006781052536119059,FUSED,ACCEPTED,ACCEPTED,-0.009330403563034828,-0.009330403563034828,41.091718442,True,0.0
41.24171844200001,2.8280652215931723,2.8280652215931723,2.8371481168134935,20.63032394300489,-0.1365335110201439,-0.1677063141732974,0.005408853643129957,FUSED,ACCEPTED,ACCEPTED,-0.009082895220321241,-0.009082895220321241,41.091718442,True,0.0
41.291718442000004,2.810189895829201,2.810189895829201,2.819272791049522,20.771734465701456,-0.1365335110201439,-0.1687297338926147,0.010408853643129674,MODEL_ONLY,DUPLICATE_OR_OLD,DUPLICATE_OR_OLD,-0.009082895220321241,-0.009082895220321241,41.091718442,False,
41.341718442,2.777723219280144,2.777723219280144,2.7899787756929104,20.91196575487001,-0.16947756288001586,-0.1696308205021979,0.006064363965233819,FUSED,ACCEPTED,ACCEPTED,-0.012255556412766211,-0.012255556412766211,41.091718442,True,0.0
41.391718442,2.758115967771462,2.758115967771462,2.7703715241842284,21.05097451236693,-0.16947756288001586,-0.17042419692698185,0.011064363965233536,MODEL_ONLY,DUPLICATE_OR_OLD,DUPLICATE_OR_OLD,-0.012255556412766211,-0.012255556412766211,41.091718442,False,
41.441718442,2.7403921009712566,2.7403921009712566,2.7547170259263254,21.189101726119706,-0.14417181510042532,-0.1711227381600986,0.006163343938360233,FUSED,ACCEPTED,ACCEPTED,-0.014324924955068763,-0.014324924955068763,41.091718442,True,0.0
41.49171844200001,2.721984457687924,2.721984457687924,2.7363093826429927,21.32637738633395,-0.14417181510042532,-0.17173778019956512,0.01116334393836066,MODEL_ONLY,DUPLICATE_OR_OLD,DUPLICATE_OR_OLD,-0.014324924955068763,-0.014324924955068763,41.091718442,False,
41.541718442000004,2.6879907436892263,2.6879907436892263,2.702113180248756,21.462337950406233,-0.19359488619414156,-0.17227930401000782,0.006177858601117833,FUSED,ACCEPTED,ACCEPTED,-0.014122436559529827,-0.014122436559529827,41.091718442,True,0.0
41.591718442,2.668114529490002,2.668114529490002,2.682236966049532,21.596946704063683,-0.19359488619414156,-0.15168612742381785,0.01117785860111755,MODEL_ONLY,DUPLICATE_OR_OLD,DUPLICATE_OR_OLD,-0.014122436559529827,-0.014122436559529827,41.091718442,False,
41.641718442,2.6491448952266765,2.6491448952266765,2.6632673317862063,21.73058431150957,-0.19359488619414156,-0.1335545287058863,0.016177858601117267,MODEL_ONLY,DUPLICATE_OR_OLD,DUPLICATE_OR_OLD,-0.014122436559529827,-0.014122436559529827,41.091718442,False,
41.691718442,2.6325575044543648,2.632534163983324,2.649961601252315,21.863415034835544,-0.1773855062899364,-0.11759026643230355,0.006792595627577351,FUSED,ACCEPTED,ACCEPTED,-0.017404096797950075,-0.017427437268990875,41.091718442,True,-3.436163776040363e-05
41.74171844200001,2.6158993520747997,2.615876011603759,2.63330344887275,21.995496661088684,-0.1773855062899364,-0.10353427093491516,0.011792595627577777,MODEL_ONLY,DUPLICATE_OR_OLD,DUPLICATE_OR_OLD,-0.017404096797950075,-0.017427437268990875,41.091718442,False,
41.791718442000004,2.5899040727789355,2.5895856951864182,2.61447949047688,22.126691234572416,-0.21400966262304552,-0.09115844009245198,0.006267625526469318,FUSED,ACCEPTED,ACCEPTED,-0.02457541769794469,-0.024893795290461984,41.091718442,True,-0.0004940723618185455
41.841718442,2.5725783292461624,2.572259951653645,2.597153746944107,22.256982065507934,-0.21400966262304552,-0.08026193766615687,0.011267625526469035,MODEL_ONLY,DUPLICATE_OR_OLD,DUPLICATE_OR_OLD,-0.02457541769794469,-0.024893795290461984,41.091718442,False,
41.891718442,2.534575380855335,2.5342028376456747,2.5631904206902636,22.385990669698785,-0.2635422058180389,-0.07066793410892794,0.006193032373663379,FUSED,ACCEPTED,ACCEPTED,-0.028615039834928524,-0.028987583044588927,41.091718442,True,-0.0004058397820794514
41.941718442,2.515675070198259,2.5153025269885987,2.5442901100331876,22.513677682966883,-0.2635422058180389,-0.062220736957481086,0.011193032373663807,MODEL_ONLY,DUPLICATE_OR_OLD,DUPLICATE_OR_OLD,-0.028615039834928524,-0.028987583044588927,41.091718442,False,
41.99171844200001,2.4859415519036903,2.485604773032238,2.5180141771512012,22.640235290146503,-0.2678661998033439,-0.054783264239260554,0.006182190798933807,FUSED,ACCEPTED,ACCEPTED,-0.03207262524751098,-0.03240940411896309,41.091718442,True,-0.00031469262016649985
42.041718442000004,2.469234253285078,2.4690752617649614,2.492845064235481,22.765506771181162,-0.2572343140569962,-0.026254631389156673,0.005279053004987814,FUSED,ACCEPTED,ACCEPTED,-0.02361081095040296,-0.02376980247051952,41.091718442,True,0.0
42.091718442,2.45370356753513,2.4535445760150134,2.477314378485533,22.88976075724918,-0.2572343140569962,-0.0011361305767968073,0.010279053004987531,MODEL_ONLY,DUPLICATE_OR_OLD,DUPLICATE_OR_OLD,-0.02361081095040296,-0.02376980247051952,41.091718442,False,
42.141718442,2.447848141721133,2.447785247149851,2.463823121637477,23.01328919475225,-0.2395291709811781,0.020979863777914293,0.006044155610565349,FUSED,ACCEPTED,ACCEPTED,-0.015974979916344,-0.01603787448762617,41.091718442,True,0.0
42.191718442,2.4352821322676204,2.435219237696338,2.4512571121839644,23.136166200597795,-0.2395291709811781,0.04045225227559892,0.011044155610565775,MODEL_ONLY,DUPLICATE_OR_OLD,DUPLICATE_OR_OLD,-0.015974979916344,-0.01603787448762617,41.091718442,False,
42.24171844200001,2.4426483757478477,2.4426242265405467,2.45487917210829,23.258819607705114,-0.19870215625810256,0.0575970348127645,0.0061603669746378865,FUSED,ACCEPTED,ACCEPTED,-0.01223079636044222,-0.012254945567743203,41.091718442,True,0.0
42.291718442000004,2.4337357263497297,2.4337115771424287,2.445966522710172,23.38134075007557,-0.19870215625810256,0.0726924386601975,0.011160366974637603,MODEL_ONLY,DUPLICATE_OR_OLD,DUPLICATE_OR_OLD,-0.01223079636044222,-0.012254945567743203,41.091718442,False,
42.341718442,2.4345208328438264,2.4345116016249664,2.4430709644131903,23.503566687253645,-0.20024730625680912,0.08598343356335024,0.006177423653997256,FUSED,ACCEPTED,ACCEPTED,-0.008550131569363906,-0.00855936278822389,41.091718442,True,0.0
42.391718442,2.4267805893695886,2.4267713581507286,2.4353307209389525,23.625526729387442,-0.20024730625680912,0.09768570713622132,0.011177423653996973,MODEL_ONLY,DUPLICATE_OR_OLD,DUPLICATE_OR_OLD,-0.008550131569363906,-0.00855936278822389,41.091718442,False,
42.441718442,2.394854387905128,2.3948508615004744,2.4013675950350466,23.7464441872868,-0.29174578321591343,0.12821273890655915,0.00617991436736634,FUSED,ACCEPTED,ACCEPTED,-0.006513207129918541,-0.006516733534572161,41.091718442,True,0.0
42.49171844200001,2.3854094733608084,2.385405946956155,2.391922680490727,23.866276444174957,-0.29174578321591343,0.15509076269238384,0.011179914367366768,MODEL_ONLY,DUPLICATE_OR_OLD,DUPLICATE_OR_OLD,-0.006513207129918541,-0.006516733534572161,41.091718442,False,
42.541718442000004,2.3949644523654268,2.394963105376814,2.4021807742021677,23.986129030542273,-0.20936427906504784,0.1787559577911495,0.006180277803939231,FUSED,ACCEPTED,ACCEPTED,-0.007216321836740924,-0.007217668825353574,41.091718442,True,0.0
42.591718442,2.3918636931635486,2.391862346174936,2.3990800150002896,24.106160550272328,-0.20936427906504784,0.19959236539036032,0.011180277803938947,MODEL_ONLY,DUPLICATE_OR_OLD,DUPLICATE_OR_OLD,-0.007216321836740924,-0.007217668825353574,41.091718442,False,
42.641718442,2.4331212182853172,2.4331207037802294,2.4361538485911223,24.227041396862106,-0.11703383466921807,0.21793812082692104,0.006180330829608096,FUSED,ACCEPTED,ACCEPTED,-0.0030326303058050286,-0.003033144810892896,41.091718442,True,0.0
42.691718442,2.4363619100777423,2.4363613955726544,2.4393945403835473,24.348930106586483,-0.11703383466921807,0.23409094088170293,0.011180330829608523,MODEL_ONLY,DUPLICATE_OR_OLD,DUPLICATE_OR_OLD,-0.0030326303058050286,-0.003033144810892896,41.091718442,False,
42.74171844200001,2.440313702583961,2.440313188078873,2.443346332889766,24.470998628418325,-0.11703383466921807,0.24831295515766766,0.01618033082960895,MODEL_ONLY,DUPLICATE_OR_OLD,DUPLICATE_OR_OLD,-0.0030326303058050286,-0.003033144810892896,41.091718442,False,
42.791718442000004,2.4706850886465914,2.4697324178086655,2.464346036041532,24.5936909376416,-0.10709682534360752,0.2745101706436958,0.006792849936504184,FUSED,ACCEPTED,ACCEPTED,0.006339052605059514,0.0053863817671335745,41.091718442,True,-0.0014022182696906867
42.841718442,2.4775968807088673,2.4766442098709414,2.471257828103808,24.717081034245226,-0.10709682534360752,0.29757593695380374,0.0117928499365039,MODEL_ONLY,DUPLICATE_OR_OLD,DUPLICATE_OR_OLD,0.006339052605059514,0.0053863817671335745,41.091718442,False,
42.891718442,2.4963305040736685,2.4954111739963447,2.4845948964727316,24.840977352359634,-0.10904322648616178,0.3178845676842819,0.006267660952941177,FUSED,ACCEPTED,ACCEPTED,0.011735607600936948,0.010816277523613138,41.091718442,True,-0.0008994759365862342
42.941718442,2.5050544608988816,2.504135130821558,2.4933188532979447,24.96542519610391,-0.10904322648616178,0.33576563335545523,0.011267660952941603,MODEL_ONLY,DUPLICATE_OR_OLD,DUPLICATE_OR_OLD,0.011735607600936948,0.010816277523613138,41.091718442,False,
42.99171844200001,2.5244390231753617,2.5236764422685676,2.5090958565579227,25.09048556385032,-0.0986699321673854,0.35150930971552247,0.0061930375080161155,FUSED,ACCEPTED,ACCEPTED,0.015343166617439064,0.014580585710644911,41.091718442,True,-0.0006662246014943855
43.041718442000004,2.5365488808429344,2.5361890546941317,2.526780131096423,25.21638246354167,-0.1087706703069536,0.36537108674205043,0.005281469210717103,FUSED,ACCEPTED,ACCEPTED,0.009768749746511318,0.009408923597708618,41.091718442,True,0.0
43.091718442,2.5473769795472676,2.547017153398465,2.5376082298007563,25.34299217256409,-0.1087706703069536,0.3775759147592586,0.01028146921071682,MODEL_ONLY,DUPLICATE_OR_OLD,DUPLICATE_OR_OLD,0.009768749746511318,0.009408923597708618,41.091718442,False,
43.141718442,2.5733284995762986,2.57318617155501,2.565573071887398,25.470571705106288,-0.06853591863272812,0.38832185495470123,0.006044533679331774,FUSED,ACCEPTED,ACCEPTED,0.007755427688900696,0.007613099667612033,41.091718442,True,0.0
43.191718442,2.5864949442682788,2.58635261624699,2.578739516579378,25.59917951981797,-0.06853591863272812,0.3841080828382931,0.0110445336793322,MODEL_ONLY,DUPLICATE_OR_OLD,DUPLICATE_OR_OLD,0.007755427688900696,0.007613099667612033,41.091718442,False,
43.24171844200001,2.626182398172851,2.626127750229048,2.617716249921207,25.729090913980496,-0.00822843729527057,0.3803979983458037,0.006160422711681954,FUSED,ACCEPTED,ACCEPTED,0.008466148251644157,0.008411500307841102,41.091718442,True,0.0
43.291718442000004,2.6420153824822523,2.6419607345384493,2.633549234230608,25.860372551084282,-0.00822843729527057,0.3771313938496066,0.011160422711681672,MODEL_ONLY,DUPLICATE_OR_OLD,DUPLICATE_OR_OLD,0.008466148251644157,0.008411500307841102,41.091718442,False,
43.341718442,2.66850552010746,2.668484630558233,2.656290060984393,25.99261853346465,-0.009834221201492256,0.3742552585604567,0.0061774317983269034,FUSED,ACCEPTED,ACCEPTED,0.012215459123066985,0.01219456957384013,41.091718442,True,0.0
43.391718442,2.6839877914422137,2.683966901892987,2.6717723323191467,26.125820093297232,-0.009834221201492256,0.37172291826302445,0.01117743179832662,MODEL_ONLY,DUPLICATE_OR_OLD,DUPLICATE_OR_OLD,0.012215459123066985,0.01219456957384013,41.091718442,False,
43.441718442,2.7149681349759796,2.7149601549917746,2.7034016521122473,26.26019944290803,0.02424265247711444,0.36949327788199227,0.0061799155558724134,FUSED,ACCEPTED,ACCEPTED,0.011566482863732297,0.01155850287952731,41.091718442,True,0.0
43.49171844200001,2.7319446118108592,2.7319366318266542,2.720378128947127,26.395793937434526,0.02424265247711444,0.3675301545870033,0.01117991555587284,MODEL_ONLY,DUPLICATE_OR_OLD,DUPLICATE_OR_OLD,0.011566482863732297,0.01155850287952731,41.091718442,False,
43.541718442000004,2.758938473740832,2.7589357154603293,2.7440252292168417,26.53240402138862,0.03468316765534726,0.3658016906140178,0.00618027797734556,FUSED,ACCEPTED,ACCEPTED,0.014913244523990343,0.014910486243487675,41.091718442,True,4.6899450058951464e-07
43.591718442,2.7752632817267466,2.775260523446244,2.7603500372027563,26.6700134030491,0.03468316765534726,0.3440562624295753,0.011180277977345277,MODEL_ONLY,DUPLICATE_OR_OLD,DUPLICATE_OR_OLD,0.014913244523990343,0.014910486243487675,41.091718442,False,
43.641718442,2.788142605034586,2.7881415514626933,2.774409252861447,26.808382385300696,0.02068388061725577,0.3249101449697601,0.006180330854907858,FUSED,ACCEPTED,ACCEPTED,0.013733352173139313,0.013732298601246473,41.091718442,True,0.0
43.691718442,2.801967267201996,2.801966213630103,2.7882339150288566,26.947448464497967,0.02068388061725577,0.30805263309757036,0.011180330854908285,MODEL_ONLY,DUPLICATE_OR_OLD,DUPLICATE_OR_OLD,0.013733352173139313,0.013732298601246473,41.091718442,False,
43.74171844200001,2.815049805784513,2.81504875221262,2.8013164536113737,27.087187223713986,0.02068388061725577,0.2932101613997226,0.016180330854908713,MODEL_ONLY,DUPLICATE_OR_OLD,DUPLICATE_OR_OLD,0.013733352173139313,0.013732298601246473,41.091718442,False,
43.791718442000004,2.8298461289121426,2.8302570098335806,2.8091765990149584,27.227449550029636,0.03807710096282084,0.2801418647393587,0.00679284993910647,FUSED,ACCEPTED,ACCEPTED,0.02066952989718418,0.02108041081862222,41.091718442,True,0.0006053700897862245
43.841718442,2.8425696039155572,2.8429804848369953,2.821900074018373,27.36822646685546,0.03807710096282084,0.2686356694721601,0.011792849939106186,MODEL_ONLY,DUPLICATE_OR_OLD,DUPLICATE_OR_OLD,0.02066952989718418,0.02108041081862222,41.091718442,False,
43.891718442,2.8446586405184937,2.8455767434548505,2.824680094785507,27.50939097107555,0.01759289372835526,0.23652466339061595,0.006267660953303684,FUSED,ACCEPTED,ACCEPTED,0.019978545732986852,0.020896648669343598,41.091718442,True,0.0012201493529909457
43.941718442,2.8522813007610806,2.8527129904228503,2.8406488151400735,27.6510241938237,0.03131654068342661,0.20825200354802803,0.005298025475412511,FUSED,ACCEPTED,ACCEPTED,0.01163248562100705,0.012064175282776812,41.091718442,True,0.0
43.99171844200001,2.8604029081944926,2.8608345978562624,2.8487704225734856,27.793259674766553,0.03131654068342661,0.18335887835149342,0.010298025475412937,MODEL_ONLY,DUPLICATE_OR_OLD,DUPLICATE_OR_OLD,0.01163248562100705,0.012064175282776812,41.091718442,False,
44.041718442000004,2.866761342631741,2.866931984274184,2.8582267759319278,27.93593460472918,0.0345315436847619,0.16144131963928338,0.006047122329875478,FUSED,ACCEPTED,ACCEPTED,0.00853456669981334,0.008705208342256299,41.091718442,True,0.0
44.091718442,2.8729829386498698,2.8731535802923127,2.8644483719500564,28.07900148342622,0.0345315436847619,0.1421436470445173,0.011047122329875194,MODEL_ONLY,DUPLICATE_OR_OLD,DUPLICATE_OR_OLD,0.00853456669981334,0.008705208342256299,41.091718442,False,
44.141718442,2.828648393637873,2.8287139063038333,2.8249545798494986,28.221236557221204,-0.1012916886634128,0.12515269597808645,0.0061608043017748505,FUSED,ACCEPTED,ACCEPTED,0.0036938137883741895,0.0037593264543347438,41.091718442,True,0.0
44.191718442,2.8264812824644636,2.826546795130424,2.8227874686760894,28.362430108434356,-0.1012916886634128,0.11019273556191768,0.011160804301775278,MODEL_ONLY,DUPLICATE_OR_OLD,DUPLICATE_OR_OLD,0.0036938137883741895,0.0037593264543347438,41.091718442,False,
44.24171844200001,2.8082051896087656,2.808230231906856,2.8070144291773316,28.503175155880704,-0.08741214299418817,0.09702099404031049,0.006177487555563714,FUSED,ACCEPTED,ACCEPTED,0.001190760431434068,0.0012158027295243734,41.091718442,True,0.0
44.291718442000004,2.805493604893485,2.805518647191575,2.804302844462051,28.64345808772168,-0.08741214299418817,0.08542371905524475,0.01117748755556343,MODEL_ONLY,DUPLICATE_OR_OLD,DUPLICATE_OR_OLD,0.001190760431434068,0.0012158027295243734,41.091718442,False,
44.341718442,2.7815356257757315,2.781545192124694,2.78244771841657,28.783126851793636,-0.13105839852582354,0.07521270885142162,0.006179923692533727,FUSED,ACCEPTED,ACCEPTED,-0.0009120926408385799,-0.00090252629187626,41.091718442,True,0.0
44.391718442,2.7756816552370625,2.7756912215860248,2.776593747877901,28.92210288845099,-0.13105839852582354,0.06622225811908615,0.011179923692533443,MODEL_ONLY,DUPLICATE_OR_OLD,DUPLICATE_OR_OLD,-0.0009120926408385799,-0.00090252629187626,41.091718442,False,
44.441718442,2.7563492217132666,2.756352875791512,2.7599678304348223,29.060516927908818,-0.1417935582366505,0.058306468911442526,0.00618027916450656,FUSED,ACCEPTED,ACCEPTED,-0.003618608721555727,-0.0036149546433104085,41.091718442,True,0.0
44.49171844200001,2.7492142244330005,2.7492178785112458,2.752832833154556,29.198336944498564,-0.1417935582366505,0.0513368829979718,0.011180279164506986,MODEL_ONLY,DUPLICATE_OR_OLD,DUPLICATE_OR_OLD,-0.003618608721555727,-0.0036149546433104085,41.091718442,False,
44.541718442000004,2.7417724028643984,2.7417760569426437,2.745391011585954,29.33579254061707,-0.1417935582366505,0.04520039723122878,0.016180279164506702,MODEL_ONLY,DUPLICATE_OR_OLD,DUPLICATE_OR_OLD,-0.003618608721555727,-0.0036149546433104085,41.091718442,False,
44.591718442,2.73406043283911,2.734064086917355,2.7376790415606655,29.472869291945727,-0.1417935582366505,0.039797428097486785,0.02118027916450642,MODEL_ONLY,DUPLICATE_OR_OLD,DUPLICATE_OR_OLD,-0.003618608721555727,-0.0036149546433104085,41.091718442,False,
44.641718442,2.7161617235396065,2.716162733503689,2.7213375447097157,29.609344706602478,-0.1461589682821907,0.03504029566537448,0.0072360633386681335,FUSED,ACCEPTED,ACCEPTED,-0.005175821170109174,-0.005174811206026586,41.091718442,True,0.0
44.691718442,2.7077842016425198,2.7077852116066023,2.712960022812629,29.745202145790547,-0.1461589682821907,0.03085180070705063,0.01223606333866856,MODEL_ONLY,DUPLICATE_OR_OLD,DUPLICATE_OR_OLD,-0.005175821170109174,-0.005174811206026586,41.091718442,False,
44.74171844200001,2.7040559734233973,2.704056344242069,2.710973823373129,29.8808004919452,-0.12407234912942545,0.02716397190130266,0.006328397435541912,FUSED,ACCEPTED,ACCEPTED,-0.006917849949731547,-0.006917479131059778,41.091718442,True,0.0
44.791718442000004,2.6964360405880003,2.696436411406672,2.703353890537732,30.016158684792966,-0.12407234912942545,0.023916962788047055,0.011328397435541628,MODEL_ONLY,DUPLICATE_OR_OLD,DUPLICATE_OR_OLD,-0.006917849949731547,-0.006917479131059778,41.091718442,False,
44.841718442,2.6978991867135225,2.6978993275571392,2.7041810509340234,30.15134705832975,-0.10343879129373416,0.021058080573901492,0.006201819717860702,FUSED,ACCEPTED,ACCEPTED,-0.006281864220500921,-0.006281723376884152,41.091718442,True,0.0
44.891718442,2.691042130181918,2.691042271025535,2.697323994402419,30.286384684463155,-0.10343879129373416,0.018540931028188334,0.011201819717860419,MODEL_ONLY,DUPLICATE_OR_OLD,DUPLICATE_OR_OLD,-0.006281864220500921,-0.006281723376884152,41.091718442,False,
44.941718442,2.6905341255339983,2.6905341792873707,2.6963719328662905,30.421227082644883,-0.09562195695251825,0.01632466559265046,0.006183471183421908,FUSED,ACCEPTED,ACCEPTED,-0.005837807332292222,-0.005837753578919802,41.091718442,True,0.0
44.99171844200001,2.68385953009239,2.6838595838457624,2.689697337424682,30.55587881440217,-0.09562195695251825,0.014373318486903697,0.011183471183422335,MODEL_ONLY,DUPLICATE_OR_OLD,DUPLICATE_OR_OLD,-0.005837807332292222,-0.005837753578919802,41.091718442,False,
45.041718442000004,2.682285555762968,2.682285576292474,2.6877586841374113,30.690315214941215,-0.09458245964222903,0.03463541155522029,0.006180796682782284,FUSED,ACCEPTED,ACCEPTED,-0.005473128374443359,-0.005473107844937264,41.091718442,True,0.0
45.091718442,2.6775680443816077,2.6775680649111138,2.683041172756051,30.824585211363544,-0.09458245964222903,0.05247550238154141,0.011180796682782,MODEL_ONLY,DUPLICATE_OR_OLD,DUPLICATE_OR_OLD,-0.005473128374443359,-0.005473107844937264,41.091718442,False,
45.141718442,2.67640730862145,2.6764073164628868,2.6796803606048383,30.95865324969756,-0.09534546019665405,0.06818310177012862,0.006180406531869719,FUSED,ACCEPTED,ACCEPTED,-0.003273051983388342,-0.003273044141951509,41.091718442,True,0.0
45.191718442,2.673128527805182,2.673128535646619,2.6764015797885703,31.092555298207404,-0.09534546019665405,0.08201311423779817,0.011180406531870146,MODEL_ONLY,DUPLICATE_OR_OLD,DUPLICATE_OR_OLD,-0.003273051983388342,-0.003273044141951509,41.091718442,False,
45.24171844200001,2.6702371540282575,2.6702371570234122,2.6730827263114287,31.226292405859915,-0.10145742803508388,0.09418997463028042,0.006180349610756978,FUSED,ACCEPTED,ACCEPTED,-0.0028455722831712826,-0.0028455692880164918,41.091718442,True,0.0
45.291718442000004,2.667797683621863,2.6677976866170177,2.670643255905034,31.35988555541532,-0.10145742803508388,0.10491129027367616,0.011180349610756694,MODEL_ONLY,DUPLICATE_OR_OLD,DUPLICATE_OR_OLD,-0.0028455722831712826,-0.0028455692880164918,41.091718442,False,
45.341718442,2.665219278461416,2.665219279605463,2.6674333237301404,31.493337469906194,-0.105080865067808,0.11435104776619902,0.0061803413061025676,FUSED,ACCEPTED,ACCEPTED,-0.002214045268724263,-0.0022140441246776277,41.091718442,True,0.0
45.391718442,2.6634861935122194,2.663486194656266,2.6657002387809436,31.626665808968966,-0.105080865067808,0.12266243645034174,0.011180341306102284,MODEL_ONLY,DUPLICATE_OR_OLD,DUPLICATE_OR_OLD,-0.002214045268724263,-0.0022140441246776277,41.091718442,False,
45.441718442,2.639437333770106,2.6394373342070927,2.6409987433758126,31.759333283522896,-0.1723335719654856,0.12998033438507384,0.006180340094470438,FUSED,ACCEPTED,ACCEPTED,-0.0015614096057068316,-0.0015614091687199405,41.091718442,True,0.0
45.49171844200001,2.635029666511545,2.635029666948532,2.6365910761172517,31.891273029010232,-0.1723335719654856,0.1364234971606662,0.011180340094470866,MODEL_ONLY,DUPLICATE_OR_OLD,DUPLICATE_OR_OLD,-0.0015614096057068316,-0.0015614091687199405,41.091718442,False,
45.541718442000004,2.612533540105781,2.612533540272695,2.6143663401565966,32.022546964417074,-0.19666182279821434,0.14209648507646358,0.006180339917695704,FUSED,ACCEPTED,ACCEPTED,-0.0018328000508156528,-0.0018327998839016146,41.091718442,True,0.0
45.591718442,2.607442853445358,2.6074428536122722,2.609275653496174,32.15313801425839,-0.19666182279821434,0.14709135995603376,0.01118033991769542,MODEL_ONLY,DUPLICATE_OR_OLD,DUPLICATE_OR_OLD,-0.0018328000508156528,-0.0018327998839016146,41.091718442,False,
45.641718442,2.5943508137178535,2.5943508137816087,2.5974553622903422,32.28330628965304,-0.199984401501707,0.15148917913577978,0.006180339891904514,FUSED,ACCEPTED,ACCEPTED,-0.0031045485724887634,-0.00310454850873354,41.091718442,True,0.0
45.691718442,2.5895074956680393,2.5895074957317945,2.592612044240528,32.413057974816326,-0.199984401501707,0.15536131087162194,0.01118033989190494,MODEL_ONLY,DUPLICATE_OR_OLD,DUPLICATE_OR_OLD,-0.0031045485724887634,-0.00310454850873354,41.091718442,False,
45.74171844200001,2.6137349944802937,2.613734994504646,2.6175947919663316,32.543313145721505,-0.10602874411235992,0.15877059251029535,0.006180339888141837,FUSED,ACCEPTED,ACCEPTED,-0.0038597974860379303,-0.0038597974616854103,41.091718442,True,0.0
45.791718442000004,2.614921189959606,2.6149211899839586,2.618780987445644,32.6742225402068,-0.10602874411235992,0.18199592406490034,0.011180339888141554,MODEL_ONLY,DUPLICATE_OR_OLD,DUPLICATE_OR_OLD,-0.0038597974860379303,-0.0038597974616854103,41.091718442,False,
45.841718442,2.6343446853429575,2.6343446853522594,2.6355908585216885,32.80558183635598,-0.10148646572648987,0.20244504662141807,0.0061803398875926625,FUSED,ACCEPTED,ACCEPTED,-0.0012461731787309915,-0.001246173169429099,41.091718442,True,0.0
45.891718442,2.6376806890691036,2.6376806890784055,2.6389268622478346,32.937444779375205,-0.10148646572648987,0.22044981061578056,0.011180339887592379,MODEL_ONLY,DUPLICATE_OR_OLD,DUPLICATE_OR_OLD,-0.0012461731787309915,-0.001246173169429099,41.091718442,False,
45.941718442,2.63598301023674,2.6359830102402926,2.634517923288254,33.06928089901362,-0.1410026494362887,0.23630239918513274,0.006180339887512643,FUSED,ACCEPTED,ACCEPTED,0.0014650869484857942,0.001465086952038508,41.091718442,True,0.0
45.99171844200001,2.6388337177338785,2.6388337177374313,2.6373686307853927,33.20107806286547,-0.1410026494362887,0.25026006974542464,0.011180339887513071,MODEL_ONLY,DUPLICATE_OR_OLD,DUPLICATE_OR_OLD,0.0014650869484857942,0.001465086952038508,41.091718442,False,
46.041718442000004,2.655954752676506,2.6559547526778626,2.65349887985556,33.333349750631484,-0.0943409759980531,0.2625493287908687,0.0061803398875009685,FUSED,ACCEPTED,ACCEPTED,0.002455872820946059,0.0024558728223027515,41.091718442,True,0.0
46.091718442,2.662294020741497,2.662294020742854,2.659838147920551,33.46618317632588,-0.0943409759980531,0.27336960766431506,0.011180339887500685,MODEL_ONLY,DUPLICATE_OR_OLD,DUPLICATE_OR_OLD,0.002455872820946059,0.0024558728223027515,41.091718442,False,
46.141718442,2.6801692204456176,2.6801692204461354,2.6761702667804443,33.599583386693396,-0.08352622338789069,0.2828964989493152,0.006180339887499161,FUSED,ACCEPTED,ACCEPTED,0.003998953665173222,0.00399895366569103,41.091718442,True,0.0
46.191718442,2.6879449760581187,2.6879449760586365,2.6839460223929454,33.73358629392274,-0.08352622338789069,0.29128460600438916,0.011180339887499589,MODEL_ONLY,DUPLICATE_OR_OLD,DUPLICATE_OR_OLD,0.003998953665173222,0.00399895366569103,41.091718442,False,
46.24171844200001,2.710845259865756,2.7108452598659536,2.7052998310024985,33.86831744025764,-0.054961062636605065,0.2986700518820126,0.006180339887499105,FUSED,ACCEPTED,ACCEPTED,0.005545428863257484,0.005545428863455104,41.091718442,True,0.0
46.291718442000004,2.7207436776329637,2.7207436776331613,2.715198248769706,34.003829892251936,-0.054961062636605065,0.3051726883473286,0.011180339887498822,MODEL_ONLY,DUPLICATE_OR_OLD,DUPLICATE_OR_OLD,0.005545428863257484,0.005545428863455104,41.091718442,False,
46.341718442,2.740426293609964,2.7404262936100396,2.7324718841703723,34.14002164557543,-0.047054847024089894,0.3108980408447556,0.006180339887498889,FUSED,ACCEPTED,ACCEPTED,0.007954409439591803,0.007954409439667298,41.091718442,True,0.0
46.391718442,2.751258338789209,2.7512583387892846,2.7433039293496173,34.27691604091342,-0.047054847024089894,0.31593902097560483,0.011180339887498605,MODEL_ONLY,DUPLICATE_OR_OLD,DUPLICATE_OR_OLD,0.007954409439591803,0.007954409439667298,41.091718442,False,
46.441718442,2.7782313321232945,2.7782313321233234,2.7691471818779196,34.41472731869412,-0.012937946723039148,0.3203774342769763,0.0061803398874989614,FUSED,ACCEPTED,ACCEPTED,0.0090841502453749,0.009084150245403766,41.091718442,True,0.0
46.49171844200001,2.791186536657327,2.791186536657356,2.7821023864119523,34.55350855790138,-0.012937946723039148,0.32428530777031406,0.011180339887499387,MODEL_ONLY,DUPLICATE_OR_OLD,DUPLICATE_OR_OLD,0.0090841502453749,0.009084150245403766,41.091718442,False,
46.541718442000004,2.8043137787440027,2.8043137787440315,2.7952296284986278,34.69294185827414,-0.012937946723039148,0.3277260588232209,0.016180339887499104,MODEL_ONLY,DUPLICATE_OR_OLD,DUPLICATE_OR_OLD,0.0090841502453749,0.009084150245403766,41.091718442,False,
46.591718442,2.8268425596030977,2.827337060944515,2.80853971268784,34.83303609180379,-0.002550733705330077,0.31053195044822623,0.006792850868181423,FUSED,ACCEPTED,ACCEPTED,0.018302846915257742,0.018797348256675228,41.091718442,True,0.0007279732044820075
46.641718442,2.848015341338649,2.8482422512296073,2.835664874754367,34.97414120648984,0.019829061890077347,0.2953931168611294,0.005411339222900572,FUSED,ACCEPTED,ACCEPTED,0.01235046658428196,0.012577376475240154,41.091718442,True,0.0
46.691718442,2.8604978250915325,2.8607247349824907,2.8481473585072505,35.11623651232139,0.019829061890077347,0.2820638835342566,0.010411339222900998,MODEL_ONLY,DUPLICATE_OR_OLD,DUPLICATE_OR_OLD,0.01235046658428196,0.012577376475240154,41.091718442,False,
46.74171844200001,2.882001891592201,2.8820911863314387,2.8704501837290435,35.25920145087731,0.035953941774584386,0.270327942316591,0.006064748924768312,FUSED,ACCEPTED,ACCEPTED,0.011551707863157734,0.0116410026023952,41.091718442,True,0.0
46.791718442000004,2.8941871672207515,2.894276461959989,2.882635459357594,35.403028591954474,0.035953941774584386,0.25999484116314325,0.011064748924768029,MODEL_ONLY,DUPLICATE_OR_OLD,DUPLICATE_OR_OLD,0.011551707863157734,0.0116410026023952,41.091718442,False,
46.841718442,2.9059175454641366,2.906006840203374,2.894365837600979,35.54745362437843,0.035953941774584386,0.25089689345983684,0.016064748924767745,MODEL_ONLY,DUPLICATE_OR_OLD,DUPLICATE_OR_OLD,0.011551707863157734,0.0116410026023952,41.091718442,False,
46.891718442,2.897933135769139,2.8981594842961766,2.8809420988498124,35.69183632278969,-0.02317772930678355,0.2428864567881238,0.006780917166200836,FUSED,ACCEPTED,ACCEPTED,0.016991036919326685,0.017217385446364197,41.091718442,True,0.0002914116276177825
46.941718442,2.893506103597809,2.8936948773390507,2.8811613447443087,35.835888908879554,-0.0381408208766526,0.23583353696883158,0.005408825108835367,FUSED,ACCEPTED,ACCEPTED,0.01234475885350017,0.012533532594741992,41.091718442,True,0.00015687912279586415
46.99171844200001,2.899369073535657,2.899557847276899,2.887024314682157,35.980093550365225,-0.0381408208766526,0.20764349000031448,0.010408825108835795,MODEL_ONLY,DUPLICATE_OR_OLD,DUPLICATE_OR_OLD,0.01234475885350017,0.012533532594741992,41.091718442,False,
47.041718442000004,2.9054549015588953,2.9055291961161736,2.8978843069246585,36.124716265905384,-0.006033918197189299,0.1828231026582525,0.006064359545486163,FUSED,ACCEPTED,ACCEPTED,0.007570594634236816,0.00764488919151507,41.091718442,True,0.0
47.091718442,2.9105895214896096,2.910663816046888,2.9030189268553728,36.269738846749874,-0.006033918197189299,0.1609695871781933,0.01106435954548588,MODEL_ONLY,DUPLICATE_OR_OLD,DUPLICATE_OR_OLD,0.007570594634236816,0.00764488919151507,41.091718442,False,
47.141718442,2.9383819909473123,2.938410495218499,2.9336060273016558,36.41565447060379,0.06343571641783174,0.1417283024933302,0.006163343287776269,FUSED,ACCEPTED,ACCEPTED,0.004775963645656578,0.00480446791684308,41.091718442,True,0.0
47.191718442,2.945180963204032,2.9452094674752187,2.9404049995583756,36.5625047462753,0.06343571641783174,0.12478699908327615,0.011163343287776696,MODEL_ONLY,DUPLICATE_OR_OLD,DUPLICATE_OR_OLD,0.004775963645656578,0.00480446791684308,41.091718442,False,
47.24171844200001,2.9082158327947765,2.908226727530542,2.903669595586659,36.70860661115394,-0.09056795424834438,0.10987075175716846,0.006177858506075653,FUSED,ACCEPTED,ACCEPTED,0.004546237208117532,0.004557131943883075,41.091718442,True,0.0
47.291718442000004,2.905912146471012,2.9059230412067776,2.9013659092628945,36.85373249877517,-0.09056795424834438,0.09673749813976716,0.01117785850607537,MODEL_ONLY,DUPLICATE_OR_OLD,DUPLICATE_OR_OLD,0.004546237208117532,0.004557131943883075,41.091718442,False,
47.341718442,2.9123331296081836,2.9123372914214056,2.9121753428389288,36.99907103007771,-0.0015222826689773594,0.08517411045866342,0.006179977824511772,FUSED,ACCEPTED,ACCEPTED,0.0001577867692548196,0.0001619485824768674,41.091718442,True,0.0
47.391718442,2.9144935082258128,2.914497670039035,2.914335721456558,37.14473380668509,-0.0015222826689773594,0.09697312538828581,0.011179977824511488,MODEL_ONLY,DUPLICATE_OR_OLD,DUPLICATE_OR_OLD,0.0001577867692548196,0.0001619485824768674,41.091718442,False,
47.441718442,2.8816118185556125,2.881613408248793,2.8800171428390025,37.28959262829249,-0.12636860478763906,0.1073617608217474,0.0061802870624905,FUSED,ACCEPTED,ACCEPTED,0.0015946757166100944,0.0015962654097907425,41.091718442,True,0.0
47.49171844200001,2.8785066550273477,2.8785082447205284,2.8769119793107376,37.43351585634625,-0.12636860478763906,0.1165086045890526,0.011180287062490926,MODEL_ONLY,DUPLICATE_OR_OLD,DUPLICATE_OR_OLD,0.0015946757166100944,0.0015962654097907425,41.091718442,False,
47.541718442000004,2.843252890277921,2.8432534974879093,2.844258593425435,37.57654512066464,-0.17378430125176728,0.12456209259903668,0.0061803321804185535,FUSED,ACCEPTED,ACCEPTED,-0.0010057031475141365,-0.001005095937525624,41.091718442,True,0.0
47.591718442,2.838534157580616,2.8385347647906043,2.83953986072813,37.718640082018474,-0.17378430125176728,0.13165291767235873,0.01118033218041827,MODEL_ONLY,DUPLICATE_OR_OLD,DUPLICATE_OR_OLD,-0.0010057031475141365,-0.001005095937525624,41.091718442,False,
47.641718442,2.8341275865215856,2.834128193731574,2.8351332896690997,37.8605069107784,-0.17378430125176728,0.13789615043785358,0.016180332180417985,MODEL_ONLY,DUPLICATE_OR_OLD,DUPLICATE_OR_OLD,-0.0010057031475141365,-0.001005095937525624,41.091718442,False,
47.691718442,2.8358807757755726,2.8351840058959064,2.8400142443064,38.0023855991278,-0.12917199911127697,0.16361668055508802,0.0067928500754459225,FUSED,ACCEPTED,ACCEPTED,-0.004133468530827411,-0.004830238410493681,41.091718442,True,-0.0010260267976949225
47.74171844200001,2.8157284307409167,2.8154087066675375,2.8175769402323736,38.143825378741276,-0.2109093561281594,0.1862627414455143,0.005411339055983854,FUSED,ACCEPTED,ACCEPTED,-0.0018485094914568734,-0.002168233564836086,41.091718442,True,0.0
47.791718442000004,2.8128808912003387,2.8125611671269595,2.8147294006917956,38.28463303726437,-0.2109093561281594,0.20620183568327993,0.01041133905598357,MODEL_ONLY,DUPLICATE_OR_OLD,DUPLICATE_OR_OLD,-0.0018485094914568734,-0.002168233564836086,41.091718442,False,
47.841718442,2.829205286853096,2.829079467401915,2.83062437280441,38.42576688160177,-0.1266390014678731,0.23743274761103408,0.006064748898919035,FUSED,ACCEPTED,ACCEPTED,-0.0014190859513139031,-0.001544905402494745,41.091718442,True,0.0
47.891718442,2.83350769897034,2.833381879519159,2.8349267849216537,38.567405660544914,-0.1266390014678731,0.26493051417944413,0.011064748898918751,MODEL_ONLY,DUPLICATE_OR_OLD,DUPLICATE_OR_OLD,-0.0014190859513139031,-0.001544905402494745,41.091718442,False,
47.941718442,2.8471668524192393,2.847118580536142,2.8445597255963855,38.70939282330788,-0.13653733876542729,0.28914137193473494,0.00616340059949142,FUSED,ACCEPTED,ACCEPTED,0.0026071268228538003,0.002558854939756383,41.091718442,True,0.0
47.99171844200001,2.8532507328193017,2.8532024609362043,2.850643605996448,38.851772906597716,-0.13653733876542729,0.3104582171333641,0.011163400599491847,MODEL_ONLY,DUPLICATE_OR_OLD,DUPLICATE_OR_OLD,0.0026071268228538003,0.002558854939756383,41.091718442,False,
48.041718442000004,2.865623692699167,2.8656052425428453,2.861474701933784,38.99457586429597,-0.13429021848608283,0.32922698170234993,0.006177866878591337,FUSED,ACCEPTED,ACCEPTED,0.004148990765383331,0.004130540609061484,41.091718442,True,0.0
48.091718442,2.874140259526877,2.874121809370555,2.8699912687614937,39.13786251356334,-0.13429021848608283,0.3568648254069925,0.011177866878591052,MODEL_ONLY,DUPLICATE_OR_OLD,DUPLICATE_OR_OLD,0.004148990765383331,0.004130540609061484,41.091718442,False,
48.141718442,2.8978205256570666,2.8978134776586915,2.8942694842101,39.28196903238762,-0.10571410402093523,0.381199016365057,0.006179979046276544,FUSED,ACCEPTED,ACCEPTED,0.0035510414469666074,0.003543993448591465,41.091718442,True,0.0
48.191718442,2.910053879552522,2.910046831554147,2.9065028381055553,39.426988340445526,-0.10571410402093523,0.4026244522967377,0.011179979046276971,MODEL_ONLY,DUPLICATE_OR_OLD,DUPLICATE_OR_OLD,0.0035510414469666074,0.003543993448591465,41.091718442,False,
48.24171844200001,2.931751076346694,2.931748384213762,2.923166072595561,39.572730063213065,-0.09994510520503289,0.4214888273504872,0.006180287240748603,FUSED,ACCEPTED,ACCEPTED,0.008585003751133247,0.00858231161820111,41.091718442,True,0.0
48.291718442000004,2.946046571294053,2.9460438791611208,2.9374615675429196,39.719245754216516,-0.09994510520503289,0.43809827451894734,0.01118028724074832,MODEL_ONLY,DUPLICATE_OR_OLD,DUPLICATE_OR_OLD,0.008585003751133247,0.00858231161820111,41.091718442,False,
48.341718442,2.9727794587714946,2.9727784304661493,2.964609652201751,39.86679753471012,-0.07981243048476874,0.45272233359622255,0.006180332206426061,FUSED,ACCEPTED,ACCEPTED,0.008169806569743532,0.008168778264398213,41.091718442,True,0.0
48.391718442,2.989456589993769,2.9894555616884237,2.9812867834240255,40.01544494560076,-0.07981243048476874,0.4655983252970025,0.011180332206425777,MODEL_ONLY,DUPLICATE_OR_OLD,DUPLICATE_OR_OLD,0.008169806569743532,0.008168778264398213,41.091718442,False,
48.441718442,3.020751896571839,3.020751503794033,3.0098736399690345,40.1652239561856,-0.0546141185015859,0.4769352025212066,0.00618033876684521,FUSED,ACCEPTED,ACCEPTED,0.010878256602804726,0.010877863824998446,41.091718442,True,0.0
48.49171844200001,3.039754874191567,3.0397544814137607,3.0288766175887623,40.316192712624556,-0.0546141185015859,0.4869169412628425,0.011180338766845637,MODEL_ONLY,DUPLICATE_OR_OLD,DUPLICATE_OR_OLD,0.010878256602804726,0.010877863824998446,41.091718442,False,
48.541718442000004,3.0905262317481377,3.090526081720359,3.0747380356425027,40.468783078955326,0.018682306020790296,0.4957055261911103,0.006180339723997785,FUSED,ACCEPTED,ACCEPTED,0.015788196105634977,0.015788046077856333,41.091718442,True,0.0
48.591718442,3.114020362498542,3.114020212470763,3.098232166392907,40.6231073340062,0.018682306020790296,0.5034435793540534,0.011180339723997502,MODEL_ONLY,DUPLICATE_OR_OLD,DUPLICATE_OR_OLD,0.015788196105634977,0.015788046077856333,41.091718442,False,
48.641718442,3.153548416437398,3.153548359131886,3.1365657949033343,40.7789772830386,0.024837054653027255,0.49914409631432105,0.006180339863644368,FUSED,ACCEPTED,ACCEPTED,0.016982621534063824,0.01698256422855149,41.091718442,True,0.0
48.691718442,3.176946032963679,3.1769459756581666,3.159963411429615,40.93639051319694,0.024837054653027255,0.4953585462392895,0.011180339863644796,MODEL_ONLY,DUPLICATE_OR_OLD,DUPLICATE_OR_OLD,0.016982621534063824,0.01698256422855149,41.091718442,False,
48.74171844200001,3.175973388941927,3.175973367053169,3.1687973177383912,41.09460953142615,-0.06099548646887333,0.4920254968382012,0.0061803398840187375,FUSED,ACCEPTED,ACCEPTED,0.007176071203535805,0.007176049314777888,41.091718442,True,0.0
48.791718442000004,3.194765994052503,3.194765972163745,3.187589922848967,41.25351921244083,-0.06099548646887333,0.48909085904715277,0.011180339884018453,MODEL_ONLY,DUPLICATE_OR_OLD,DUPLICATE_OR_OLD,0.007176071203535805,0.007176049314777888,41.091718442,False,
48.841718442,3.239403854408565,3.239403846047803,3.2296508276204983,41.413950231202556,0.04579957135466051,0.4865070092662768,0.006180339886991111,FUSED,ACCEPTED,ACCEPTED,0.009753026788066776,0.009753018427304916,41.091718442,True,0.0
48.891718442,3.262609509749015,3.262609501388253,3.252856482960948,41.576012913967084,0.04579957135466051,0.470556805821106,0.011180339886990827,MODEL_ONLY,DUPLICATE_OR_OLD,DUPLICATE_OR_OLD,0.009753026788066776,0.009753018427304916,41.091718442,False,
48.941718442,3.301174082221158,3.301174079027631,3.284549843825408,41.73944807213676,0.06108357453340659,0.4565131886488438,0.0061803398874248775,FUSED,ACCEPTED,ACCEPTED,0.01662423839575,0.016624235202223225,41.091718442,True,0.0
48.99171844200001,3.32382351025474,3.3238235070612134,3.30719927185899,41.904241800028885,0.06108357453340659,0.44414825650493817,0.011180339887425304,MODEL_ONLY,DUPLICATE_OR_OLD,DUPLICATE_OR_OLD,0.01662423839575,0.016624235202223225,41.091718442,False,
49.041718442000004,3.3636116115019723,3.3636116102821534,3.3473156641193973,42.070604673428335,0.10277730412541508,0.41303777617111176,0.006180339887488163,FUSED,ACCEPTED,ACCEPTED,0.016295947382575005,0.016295946162756092,41.091718442,True,0.0
49.091718442,3.385420615468247,3.385420614248428,3.369124668085672,42.23851568173345,0.10277730412541508,0.38564604556684345,0.01118033988748788,MODEL_ONLY,DUPLICATE_OR_OLD,DUPLICATE_OR_OLD,0.016295947382575005,0.016295946162756092,41.091718442,False,
49.141718442,3.4209685222827986,3.4209685218168695,3.4054759168478457,42.407880696356784,0.12848808682907314,0.36152854890829783,0.006180339887497293,FUSED,ACCEPTED,ACCEPTED,0.0154926054349529,0.015492604969023827,41.091718442,True,0.0
49.191718442,3.4406964489313787,3.4406964484654496,3.425203843496426,42.57864769036541,0.12848808682907314,0.31831371650924134,0.011180339887497719,MODEL_ONLY,DUPLICATE_OR_OLD,DUPLICATE_OR_OLD,0.0154926054349529,0.015492604969023827,41.091718442,False,
49.24171844200001,3.4572534729672175,3.4572534727892483,3.4411180153322123,42.75030573683614,0.11500874226896057,0.28026451140273995,0.006180339887498831,FUSED,ACCEPTED,ACCEPTED,0.016135457635005235,0.01613545745703604,41.091718442,True,0.0
49.291718442000004,3.472729919923691,3.472729919745722,3.456594462288686,42.92274854877665,0.11500874226896057,0.24676346722726775,0.011180339887498548,MODEL_ONLY,DUPLICATE_OR_OLD,DUPLICATE_OR_OLD,0.016135457635005235,0.01613545745703604,41.091718442,False,
49.341718442,3.4867315398007217,3.4867315396227525,3.4705960821657165,43.095928312388004,0.11500874226896057,0.2172669256384044,0.016180339887498264,MODEL_ONLY,DUPLICATE_OR_OLD,DUPLICATE_OR_OLD,0.016135457635005235,0.01613545745703604,41.091718442,False,
49.391718442,3.479155942153727,3.480317424249865,3.460314868576479,43.26920108615655,0.08698282090445726,0.17022624369504796,0.006792850868181337,FUSED,ACCEPTED,ACCEPTED,0.018841073577247958,0.020002555673385825,41.091718442,True,0.001709859638838452
49.441718442,3.487333345023685,3.488494827119823,3.4684922714464372,43.442421264657135,0.08698282090445726,0.12880850686143677,0.011792850868181763,MODEL_ONLY,DUPLICATE_OR_OLD,DUPLICATE_OR_OLD,0.018841073577247958,0.020002555673385825,41.091718442,False,
49.49171844200001,3.423144998700645,3.4243639279762625,3.4093932898903354,43.61436840369057,-0.08037777628063598,0.09234158390135659,0.006267661082727302,FUSED,ACCEPTED,ACCEPTED,0.013751708810309626,0.014970638085927135,41.091718442,True,0.00125313858285807
49.541718442000004,3.416093157387015,3.41666629482365,3.4114834105422704,43.784890321201374,0.015828390380173002,0.06023368588851634,0.005298025504026058,FUSED,ACCEPTED,ACCEPTED,0.004609746844744578,0.005182884281379696,41.091718442,True,0.0
49.591718442,3.4158706015174762,3.4164437389541114,3.4112608546727317,43.95545892783174,0.015828390380173002,0.031963762595793296,0.010298025504025775,MODEL_ONLY,DUPLICATE_OR_OLD,DUPLICATE_OR_OLD,0.004609746844744578,0.005182884281379696,41.091718442,False,
49.641718442,3.419399822122863,3.4196263763401253,3.418753291768533,44.12620928149276,0.04096300633939602,-0.012313051490881965,0.006047122334346303,FUSED,ACCEPTED,ACCEPTED,0.0006465303543299328,0.0008730845715922975,41.091718442,True,0.0
49.691718442,3.4162709441354013,3.4164974983526637,3.4156244137810714,44.29706872413152,0.04096300633939602,-0.05129729572188294,0.01104712233434673,MODEL_ONLY,DUPLICATE_OR_OLD,DUPLICATE_OR_OLD,0.0006465303543299328,0.0008730845715922975,41.091718442,False,
49.74171844200001,3.411425850415607,3.4116524046328696,3.4107793200612773,44.46772881747759,0.04096300633939602,-0.08562161036852925,0.016047122334347158,MODEL_ONLY,DUPLICATE_OR_OLD,DUPLICATE_OR_OLD,0.0006465303543299328,0.0008730845715922975,41.091718442,False,
49.791718442000004,3.370675596075174,3.3715657549345384,3.378213672622155,44.637453642294666,-0.0438139390614458,-0.11584301389197958,0.0067790895747728685,FUSED,ACCEPTED,ACCEPTED,-0.007538076546981021,-0.0066479176876166335,41.091718442,True,0.0012054535735582933
49.841718442,3.3540188224188356,3.354427544214257,3.3634654861516884,44.805995621264,-0.011698542325004398,-0.1424519422953495,0.005408439840578406,FUSED,ACCEPTED,ACCEPTED,-0.009446663732852745,-0.009037941937431349,41.091718442,True,0.0
49.891718442,3.3425277213858027,3.342936443181224,3.3519743851186554,44.97388161804575,-0.011698542325004398,-0.16588020796892305,0.010408439840578123,MODEL_ONLY,DUPLICATE_OR_OLD,DUPLICATE_OR_OLD,-0.009446663732852745,-0.009037941937431349,41.091718442,False,
49.941718442,3.2785654534002204,3.278726314042584,3.2893280474845525,45.13991417886085,-0.1553008236542258,-0.18650800718544858,0.006064299869356993,FUSED,ACCEPTED,ACCEPTED,-0.010762594084332111,-0.010601733441968353,41.091718442,True,0.0
49.99171844200001,3.2579547442009793,3.258115604843343,3.2687173382853114,45.303865313505106,-0.1553008236542258,-0.20467008996382438,0.011064299869357419,MODEL_ONLY,DUPLICATE_OR_OLD,DUPLICATE_OR_OLD,-0.010762594084332111,-0.010601733441968353,41.091718442,False,
50.041718442000004,3.236544479878613,3.236705340520977,3.2473070739629453,45.4667659238113,-0.1553008236542258,-0.22066119242638235,0.016064299869357136,MODEL_ONLY,DUPLICATE_OR_OLD,DUPLICATE_OR_OLD,-0.010762594084332111,-0.010601733441968353,41.091718442,False,
50.091718442,3.178119440981321,3.177997271245595,3.209785330340813,45.628193233918886,-0.17950362546183238,-0.21535472147642218,0.006780870632186878,FUSED,ACCEPTED,ACCEPTED,-0.031665889359492105,-0.0317880590952182,41.091718442,True,-0.0002565346943742067
50.141718442,3.171807966427621,3.1717518760454735,3.193615023057678,45.78827824275384,-0.09247558518273685,-0.2106825524465327,0.005408815299962096,FUSED,ACCEPTED,ACCEPTED,-0.021807056630056998,-0.021863147012204376,41.091718442,True,0.0
50.191718442,3.154243580404966,3.1541874900228186,3.176050637035023,45.947519884256174,-0.09247558518273685,-0.20656886490358575,0.010408815299962522,MODEL_ONLY,DUPLICATE_OR_OLD,DUPLICATE_OR_OLD,-0.021807056630056998,-0.021863147012204376,41.091718442,False,
50.24171844200001,3.136860292552056,3.1368042021699085,3.158667349182113,46.105887833911616,-0.09247558518273685,-0.20294690150869657,0.01540881529996295,MODEL_ONLY,DUPLICATE_OR_OLD,DUPLICATE_OR_OLD,-0.021807056630056998,-0.021863147012204376,41.091718442,False,
50.291718442000004,3.12419042177601,3.1236442339245265,3.149249962755272,46.263585766710044,-0.11867831098311957,-0.17868791460133182,0.006711479910888777,FUSED,ACCEPTED,ACCEPTED,-0.025059540979261996,-0.025605728830745633,41.091718442,True,-0.0007863279390550523
50.341718442,3.10777790804329,3.1072317201918063,3.132837449022552,46.42063795200448,-0.11867831098311957,-0.1573286933045619,0.011711479910888493,MODEL_ONLY,DUPLICATE_OR_OLD,DUPLICATE_OR_OLD,-0.025059540979261996,-0.025605728830745633,41.091718442,False,
50.391718442,3.0912155943905923,3.090513004049503,3.1184732210142907,46.576920718755396,-0.12883332113915397,-0.1385226180077453,0.006256291289976873,FUSED,ACCEPTED,ACCEPTED,-0.02725762662369835,-0.027960216964787676,41.091718442,True,-0.0007961801909648382
50.441718442,3.0581449732627535,3.057814440371806,3.0773683482176053,46.73181675798621,-0.18991415842056958,-0.12196450181260728,0.00529551046154737,FUSED,ACCEPTED,ACCEPTED,-0.019223374954851824,-0.019553907845799134,41.091718442,True,0.0
50.49171844200001,3.040667819926922,3.0403372870359746,3.0598911948817737,46.885248246563705,-0.18991415842056958,-0.10738563792929288,0.010295510461547797,MODEL_ONLY,DUPLICATE_OR_OLD,DUPLICATE_OR_OLD,-0.019223374954851824,-0.019553907845799134,41.091718442,False,
50.541718442000004,3.023832476533792,3.0235019436428447,3.043055851488644,47.037821922722955,-0.18991415842056958,-0.09454943907530793,0.015295510461547514,MODEL_ONLY,DUPLICATE_OR_OLD,DUPLICATE_OR_OLD,-0.019223374954851824,-0.019553907845799134,41.091718442,False,
50.591718442,2.9939995984021786,2.9937056715093364,3.016566113623104,47.18931247185074,-0.19921234277796207,-0.08324759811308811,0.006699180885995448,FUSED,ACCEPTED,ACCEPTED,-0.022566515220925343,-0.022860442113767476,41.091718442,True,-0.0002758903925165722
