t,base_v,candidate_v,inner_v,inner_s,disturbance,drive_a,pv,mode,front_status,rear_status,base_correction,correction,blocked_until,update,increment_delta
12.61478261,0.0,0.0,0.0,0.0,0.0,0.0,1.0,WAITING_FOR_INITIALIZATION,MISSING_OR_STALE,MISSING_OR_STALE,0.0,0.0,,False,
12.664782610000001,2.312405639224582,2.312405639224582,2.312405639224582,0.0,0.0,0.0,0.010000000000000002,INITIALIZED,ACCEPTED,ACCEPTED,0.0,0.0,,False,
12.71478261,2.3144497521672194,2.3144497521672194,2.3144497521672194,0.11567138478479258,0.0,0.09312552921001392,0.014999999999999895,MODEL_ONLY,DUPLICATE_OR_OLD,DUPLICATE_OR_OLD,0.0,0.0,,False,
12.764782610000001,2.3205935597804674,2.3205935597804674,2.3205935597804674,0.23154746758348638,0.0,0.17511942262242564,0.019999999999999966,MODEL_ONLY,DUPLICATE_OR_OLD,DUPLICATE_OR_OLD,0.0,0.0,,False,
12.81478261,2.384457922701861,2.3820368962687444,2.3709494279611385,0.348836042277024,0.0,0.2473122854598968,0.007142857142857131,FUSED,ACCEPTED,ACCEPTED,0.013508494740722465,0.011087468307605874,,True,-0.0033894370063634327
12.86478261,2.397389542725106,2.3949685162919896,2.3838810479843837,0.4677068041756638,0.0,0.3108756708263657,0.012142857142857202,MODEL_ONLY,DUPLICATE_OR_OLD,DUPLICATE_OR_OLD,0.013508494740722465,0.011087468307605874,,False,
12.914782610000001,2.464977588946042,2.46207607779314,2.439279917493636,0.588285828312616,0.0876025355702849,0.3589558845616681,0.006315789473684229,FUSED,ACCEPTED,ACCEPTED,0.025697671452405757,0.02279616029950393,,True,-0.003181793906110189
12.96478261,2.486809996913472,2.48390848576057,2.461112325461066,0.710795634386481,0.0876025355702849,0.4012888941423982,0.011315789473684123,MODEL_ONLY,DUPLICATE_OR_OLD,DUPLICATE_OR_OLD,0.025697671452405757,0.02279616029950393,,False,
13.014782610000001,2.564671254618721,2.5618977719832614,2.524062087969218,0.8354249947222399,0.15478419064216692,0.43856168394379824,0.006199999999999998,FUSED,ACCEPTED,ACCEPTED,0.04060916664950298,0.03783568401404347,,True,-0.0026950135441236728
13.06478261,2.5933672566616006,2.590593774026141,2.5527580900120976,0.96234549917177,0.15478419064216692,0.4713791205810374,0.01119999999999989,MODEL_ONLY,DUPLICATE_OR_OLD,DUPLICATE_OR_OLD,0.04060916664950298,0.03783568401404347,,False,
13.11478261,2.6701776412676317,2.6679909784510305,2.616306686314131,1.0915721185799276,0.20418305747182505,0.5002737687460329,0.006183206106870224,FUSED,ACCEPTED,ACCEPTED,0.05387095495350058,0.0516842921368994,,True,-0.0018244283605155162
13.164782610000001,2.704060357308974,2.701873694492373,2.6501894023554735,1.2232345207966697,0.20418305747182505,0.5257145337213038,0.011183206106870295,MODEL_ONLY,DUPLICATE_OR_OLD,DUPLICATE_OR_OLD,0.05387095495350058,0.0516842921368994,,False,
13.21478261,2.7682001294149785,2.7667426325071496,2.7065407834894293,1.3571527754427894,0.21713912484197354,0.5481142708224823,0.006180758017492707,FUSED,ACCEPTED,ACCEPTED,0.061659345925549225,0.0602018490177203,,True,-0.001006927407597058
13.264782610000001,2.819479328239979,2.8187285748344757,2.7693711401106076,1.4940505735327922,0.23226993662568227,0.5592139520018672,0.0052787336545079295,FUSED,ACCEPTED,ACCEPTED,0.050108188129371456,0.04935743472386811,,True,-0.00011864643992914176
13.31478261,2.8569300039334906,2.8561792505279873,2.806821815804119,1.6334553974306574,0.23226993662568227,0.5689868476112089,0.010278733654507823,MODEL_ONLY,DUPLICATE_OR_OLD,DUPLICATE_OR_OLD,0.050108188129371456,0.04935743472386811,,False,
13.36478261,2.8948109149060497,2.8940601615005463,2.8447027267766782,1.7747435109951792,0.23226993662568227,0.577591553192166,0.015278733654507895,MODEL_ONLY,DUPLICATE_OR_OLD,DUPLICATE_OR_OLD,0.050108188129371456,0.04935743472386811,,False,
13.414782610000001,2.9330013662972236,2.932505293050917,2.8657677136121387,1.9175052720049017,0.2015791023593049,0.5851677067800727,0.006697351971814985,FUSED,ACCEPTED,ACCEPTED,0.06723365268508497,0.06673757943877812,,True,-0.0003704834715534261
13.46478261,2.954093840111363,2.9538772688518833,2.9027557508466013,2.061718358616367,0.1521663012431032,0.5918382549641472,0.005391142655108273,FUSED,ACCEPTED,ACCEPTED,0.05133808926476169,0.051121518005281974,,True,2.2373407227986586e-05
13.514782610000001,2.988975564059044,2.988758992799564,2.937637474794282,2.2077281892573914,0.1521663012431032,0.5977114480772184,0.010391142655108345,MODEL_ONLY,DUPLICATE_OR_OLD,DUPLICATE_OR_OLD,0.05133808926476169,0.051121518005281974,,False,
13.56478261,3.0241158454475174,3.0238992741880377,2.9727777561827557,2.3554885700318144,0.1521663012431032,0.60288259689311,0.015391142655108239,MODEL_ONLY,DUPLICATE_OR_OLD,DUPLICATE_OR_OLD,0.05133808926476169,0.051121518005281974,,False,
13.61478261,3.0571722730564233,3.057240282207836,2.9977181800035484,2.504750968436474,0.17619222579154128,0.5978093820071138,0.006709567615313357,FUSED,ACCEPTED,ACCEPTED,0.05945409305287486,0.05952210220428755,,True,0.0002075699478356896
13.664782610000001,3.093036850182115,3.0931048593335277,3.03358275712924,2.655533491864796,0.17619222579154128,0.5933425870890142,0.01170956761531343,MODEL_ONLY,DUPLICATE_OR_OLD,DUPLICATE_OR_OLD,0.05945409305287486,0.05952210220428755,,False,
13.71478261,3.137137232083543,3.137159240709028,3.0644761653747743,2.8079849649273934,0.20054854256353968,0.5894097245376104,0.006256023255776434,FUSED,ACCEPTED,ACCEPTED,0.07266106670876882,0.07268307533425356,,True,-5.520827692367947e-06
13.764782610000001,3.1738498442664,3.173871852891885,3.1011887775576312,2.9621265885007055,0.20054854256353968,0.5859469714603287,0.011256023255776505,MODEL_ONLY,DUPLICATE_OR_OLD,DUPLICATE_OR_OLD,0.07266106670876882,0.07268307533425356,,False,
13.814782610000002,3.189428438821073,3.189848737816104,3.1185172465369213,3.1176192391030715,0.13255740795212836,0.571785555599544,0.006191350113235483,FUSED,ACCEPTED,ACCEPTED,0.07091119228415188,0.07133149127918248,,True,0.0006653099446823768
13.86478261,3.2214099909841454,3.221830289979176,3.1504987986999935,3.274344640233991,0.13255740795212836,0.5593169056760698,0.011191350113235375,MODEL_ONLY,DUPLICATE_OR_OLD,DUPLICATE_OR_OLD,0.07091119228415188,0.07133149127918248,,False,
13.914782610000001,3.243439125238799,3.2437690956435032,3.187227294468758,3.4327877925632118,0.14457294314800778,0.5483386791736846,0.006181945582504877,FUSED,ACCEPTED,ACCEPTED,0.056211830770040994,0.05654180117474539,,True,0.0002741822278721495
13.96478261,3.274989244893796,3.2753192152985005,3.218777414123755,3.592937910278021,0.14457294314800778,0.5386727203186876,0.01118194558250477,MODEL_ONLY,DUPLICATE_OR_OLD,DUPLICATE_OR_OLD,0.056211830770040994,0.05654180117474539,,False,
14.014782610000001,3.2994909964501584,3.299883602405626,3.239186449744887,3.7543870068747394,0.1370991386017704,0.5301621689499212,0.0061805741408758625,FUSED,ACCEPTED,ACCEPTED,0.06030454670527163,0.060697152660739384,,True,0.0004313130135553539
14.064782610000002,3.329183475075817,3.3295760810312847,3.2688789283705453,3.9170886413276276,0.1370991386017704,0.5089937042781342,0.011180574140875935,MODEL_ONLY,DUPLICATE_OR_OLD,DUPLICATE_OR_OLD,0.06030454670527163,0.060697152660739384,,False,
14.11478261,3.3428383866682916,3.3437685564863435,3.281769112365458,4.0808548423460245,0.11039770520236912,0.49035558376782257,0.0061803740643002324,FUSED,ACCEPTED,ACCEPTED,0.0610692743028336,0.06199944412088554,,True,0.0012623977463715602
14.164782610000001,3.3694433757154747,3.3703735455335266,3.308374101412641,4.245608422690479,0.11039770520236912,0.47394534610803113,0.011180374064300305,MODEL_ONLY,DUPLICATE_OR_OLD,DUPLICATE_OR_OLD,0.0610692743028336,0.06199944412088554,,False,
14.21478261,3.37179701938142,3.372589722562423,3.3168032814098636,4.411237857261038,0.07108803347447519,0.45949668429678103,0.006180344873820543,FUSED,ACCEPTED,ACCEPTED,0.05499373797155638,0.05578644115255926,,True,0.000707744306440633
14.264782610000001,3.3950780137360077,3.3958707169170106,3.3400842757644513,4.577660046190398,0.07108803347447519,0.4467751239840131,0.011180344873820615,MODEL_ONLY,DUPLICATE_OR_OLD,DUPLICATE_OR_OLD,0.05499373797155638,0.05578644115255926,,False,
14.314782610000002,3.4029843926162737,3.404925871140728,3.351670457667496,4.744953914526199,0.07483488538624554,0.4153506445533345,0.006180340614993347,FUSED,ACCEPTED,ACCEPTED,0.051313934948777895,0.05325541347323215,,True,0.002651460513348129
14.36478261,3.4234980957829997,3.425439574307454,3.372184160834222,4.913050279988739,0.07483488538624554,0.38768244831502163,0.01118034061499324,MODEL_ONLY,DUPLICATE_OR_OLD,DUPLICATE_OR_OLD,0.051313934948777895,0.05325541347323215,,False,
14.414782610000001,3.4281568072377833,3.429680651573422,3.384470319838039,5.081966642005548,0.059637948840481986,0.3633215329728733,0.006180339993638944,FUSED,ACCEPTED,ACCEPTED,0.043686487399744234,0.045210331735383136,,True,0.0012657322236918483
14.46478261,3.445620169517504,3.447144013853143,3.4019336821177597,5.251626742054439,0.059637948840481986,0.3418725671206828,0.011180339993638837,MODEL_ONLY,DUPLICATE_OR_OLD,DUPLICATE_OR_OLD,0.043686487399744234,0.045210331735383136,,False,
14.514782610000001,3.439357553740476,3.441247450832743,3.4034313303359567,5.421760867365784,0.03033476406399515,0.3010072862609354,0.00618033990298456,FUSED,ACCEPTED,ACCEPTED,0.03592622340451923,0.037816120496786176,,True,0.0021161301360548036
14.564782610000002,3.4515134675347134,3.4534033646269804,3.415587244130194,5.592236331727441,0.03033476406399515,0.2650267821874943,0.011180339902984632,MODEL_ONLY,DUPLICATE_OR_OLD,DUPLICATE_OR_OLD,0.03592622340451923,0.037816120496786176,,False,
14.61478261,3.4529297641480476,3.4543753649767375,3.4278430154732416,5.763322088217523,0.04814388109020866,0.23334715962911717,0.006180339889758264,FUSED,ACCEPTED,ACCEPTED,0.025086748674806092,0.026532349503495922,,True,0.0011710106369875219
14.664782610000001,3.462997510607032,3.4644431114357217,3.437910761932226,5.934965932652662,0.04814388109020866,0.205454318456219,0.011180339889758336,MODEL_ONLY,DUPLICATE_OR_OLD,DUPLICATE_OR_OLD,0.025086748674806092,0.026532349503495922,,False,
14.71478261,3.4616897733275978,3.46302188700372,3.4410735166319757,6.1069405396167635,0.03616348570951715,0.18089561081180813,0.006180339887828574,FUSED,ACCEPTED,ACCEPTED,0.02061625669562206,0.021948370371744463,,True,0.0012619747585590896
14.764782610000001,3.4688494088695427,3.470181522545665,3.4482331521739207,6.279173206336913,0.03616348570951715,0.15927249549612224,0.011180339887828645,MODEL_ONLY,DUPLICATE_OR_OLD,DUPLICATE_OR_OLD,0.02061625669562206,0.021948370371744463,,False,
14.814782610000002,3.4301685626211027,3.431753031724766,3.4134713510042753,6.45071581891637,-0.07425195761123615,0.14023407039960295,0.006180339887547062,FUSED,ACCEPTED,ACCEPTED,0.016697211616827357,0.018281680720490634,,True,0.0017404333351257757
14.86478261,3.4300173701235965,3.43160183922726,3.413320158506769,6.621385606654142,-0.07425195761123615,0.12347137802785088,0.011180339887546955,MODEL_ONLY,DUPLICATE_OR_OLD,DUPLICATE_OR_OLD,0.016697211616827357,0.018281680720490634,,False,
14.914782610000001,3.384417633602494,3.3864310870376233,3.3805128606034076,6.791231432131899,-0.11432157947197902,0.0876424216370304,0.006180339887505964,FUSED,ACCEPTED,ACCEPTED,0.0039047729990864255,0.00591822643421569,,True,0.002278580332615386
14.96478261,3.378894202696127,3.380907656131256,3.3749894296970404,6.960118989389406,-0.11432157947197902,0.05609623171137069,0.011180339887505858,MODEL_ONLY,DUPLICATE_OR_OLD,DUPLICATE_OR_OLD,0.0039047729990864255,0.00591822643421569,,False,
15.014782610000001,3.3389482605373773,3.3404554153988437,3.3454023481927564,7.128128783836654,-0.1409696211712576,0.0283208734795906,0.006180339887499968,FUSED,ACCEPTED,ACCEPTED,-0.006454087655379137,-0.004946932793912673,,True,0.0011942451344877994
15.064782610000002,3.3294808962409665,3.330988051102433,3.3359349838963457,7.295162217138883,-0.1409696211712576,0.003865605609787763,0.01118033988750004,MODEL_ONLY,DUPLICATE_OR_OLD,DUPLICATE_OR_OLD,-0.006454087655379137,-0.004946932793912673,,False,
15.11478261,3.29422339320616,3.2955992580797275,3.310113072235895,7.461313418542185,-0.16245770449061464,-0.017666434466638733,0.006180339887499093,FUSED,ACCEPTED,ACCEPTED,-0.015889679029734705,-0.01451381415616737,,True,0.0012947231986636422
15.164782610000001,3.281657110919241,3.2830329757928083,3.2975467899489757,7.62650491509681,-0.16245770449061464,-0.036624670881025105,0.011180339887499165,MODEL_ONLY,DUPLICATE_OR_OLD,DUPLICATE_OR_OLD,-0.015889679029734705,-0.01451381415616737,,False,
15.21478261,3.2736237711402687,3.2750530674996567,3.2980772374827043,7.7913955157825985,-0.10641523647063433,-0.05331675981769911,0.006180339887498965,FUSED,ACCEPTED,ACCEPTED,-0.024453466342435615,-0.02302416998304757,,True,0.001462318833694555
15.264782610000001,3.2622901666889117,3.2637194630482997,3.2867436330313473,7.956016037545452,-0.10641523647063433,-0.06801358218976432,0.011180339887499037,MODEL_ONLY,DUPLICATE_OR_OLD,DUPLICATE_OR_OLD,-0.024453466342435615,-0.02302416998304757,,False,
15.314782610000002,3.260941474034241,3.261800085260978,3.2858262877131295,8.120330285564066,-0.08590660258990532,-0.08095363952204129,0.006180339887498972,FUSED,ACCEPTED,ACCEPTED,-0.024884813678888396,-0.02402620245215159,,True,0.0005059084178844972
15.36478261,3.2494166341675084,3.250275245394245,3.2743014478463968,8.28433347895305,-0.08590660258990532,-0.09234692437801661,0.011180339887498865,MODEL_ONLY,DUPLICATE_OR_OLD,DUPLICATE_OR_OLD,-0.024884813678888396,-0.02402620245215159,,False,
15.414782610000001,3.23210189057634,3.2321366220712844,3.254218371003859,8.447546474424309,-0.12084705834286202,-0.08130835806945014,0.006180339887498948,FUSED,ACCEPTED,ACCEPTED,-0.022116480427519125,-0.02208174893257464,,True,-0.0004744541819459158
15.46478261,3.219867910538538,3.2199026420334826,3.2419843909660573,8.609951543473553,-0.12084705834286202,-0.07158927204644103,0.011180339887498841,MODEL_ONLY,DUPLICATE_OR_OLD,DUPLICATE_OR_OLD,-0.022116480427519125,-0.02208174893257464,,False,
15.514782610000001,3.198518843551091,3.1983391525936,3.2225725696816947,8.771565467489749,-0.13995537520700724,-0.0630319439947581,0.006180339887498944,FUSED,ACCEPTED,ACCEPTED,-0.024053726130603525,-0.0242334170880949,,True,-0.00031221132104838206
15.564782610000002,3.1861340360360826,3.185954345078591,3.210187762166686,8.93238447578596,-0.13995537520700724,-0.05549750472641991,0.011180339887499016,MODEL_ONLY,DUPLICATE_OR_OLD,DUPLICATE_OR_OLD,-0.024053726130603525,-0.0242334170880949,,False,
15.61478261,3.1354769126853217,3.1352484025655123,3.157923427865572,9.091587255536764,-0.24038151365770122,-0.04886368459641913,0.006180339887498943,FUSED,ACCEPTED,ACCEPTED,-0.022446515180250426,-0.022675025300059826,,True,-0.0002586820214242856
15.664782610000001,3.1186945320191737,3.1184660218993643,3.141141047199424,9.24906386741339,-0.24038151365770122,-0.043022829298515426,0.011180339887499014,MODEL_ONLY,DUPLICATE_OR_OLD,DUPLICATE_OR_OLD,-0.022446515180250426,-0.022675025300059826,,False,
15.71478261,3.054363609499268,3.0542033129097605,3.0778429453788814,9.404538467227844,-0.32211224572953456,-0.03788015284023116,0.006180339887498943,FUSED,ACCEPTED,ACCEPTED,-0.023479335879613483,-0.02363963246912082,,True,-0.00011813830928780744
15.764782610000001,3.033978223727147,3.0338179271376395,3.0574575596067604,9.557920979852488,-0.32211224572953456,-0.03335219934614529,0.011180339887499014,MODEL_ONLY,DUPLICATE_OR_OLD,DUPLICATE_OR_OLD,-0.023479335879613483,-0.02363963246912082,,False,
15.814782610000002,2.9998371567377475,2.999321880299378,3.034993949608532,9.710232267582873,-0.3077636891117273,-0.007385300224360205,0.006180339887498968,FUSED,ACCEPTED,ACCEPTED,-0.035156792870784326,-0.0356720693091539,,True,-0.0007346660502879354
15.86478261,2.996330144615529,2.9959497331290352,3.023291811548501,9.861689411611795,-0.2514921625727029,0.015477680280596685,0.005278640450004187,FUSED,ACCEPTED,ACCEPTED,-0.026961666932971973,-0.027342078419465565,,True,-0.0002597846064229595
15.914782610000001,2.9829237612153765,2.982543349728883,3.0098854281483485,10.01251884260422,-0.2514921625727029,0.03560776493639374,0.010278640450004258,MODEL_ONLY,DUPLICATE_OR_OLD,DUPLICATE_OR_OLD,-0.026961666932971973,-0.027342078419465565,,False,
15.96478261,2.9704035709083816,2.970023159421888,2.9973652378413536,10.162700109253958,-0.2514921625727029,0.05333162679953411,0.015278640450004152,MODEL_ONLY,DUPLICATE_OR_OLD,DUPLICATE_OR_OLD,-0.026961666932971973,-0.027342078419465565,,False,
16.01478261,2.973938907488943,2.9730451778943725,3.000298362415009,10.31264169926037,-0.24814822169427742,0.06893689049887178,0.00669734180551736,FUSED,ACCEPTED,ACCEPTED,-0.02635945492606595,-0.02725318452063652,,True,-0.001146862002209991
16.06478261,2.963053172877756,2.9621594432831855,2.989412627803822,10.462384474015842,-0.24814822169427742,0.0826767998372708,0.01169734180551743,MODEL_ONLY,DUPLICATE_OR_OLD,DUPLICATE_OR_OLD,-0.02635945492606595,-0.02725318452063652,,False,
16.11478261,2.9676091918485556,2.9669036808879934,2.9902140520667433,10.611875141012597,-0.2260263197277831,0.09477432745773805,0.0062543087349867,FUSED,ACCEPTED,ACCEPTED,-0.02260486021818764,-0.0233103711787499,,True,-0.0005927872490871199
16.16478261,2.958967002007135,2.9582614910465725,2.9815718622253224,10.7611697888699,-0.2260263197277831,0.10542579326610278,0.01125430873498677,MODEL_ONLY,DUPLICATE_OR_OLD,DUPLICATE_OR_OLD,-0.02260486021818764,-0.0233103711787499,,False,
16.21478261,2.9648902774316026,2.9632807663065943,2.9833432248269456,10.910292666046209,-0.2176001921887838,0.13502762417507613,0.006191101391797886,FUSED,ACCEPTED,ACCEPTED,-0.018452947395342978,-0.020062458520351267,,True,-0.002165671450977527
16.26478261,2.9594526562912877,2.9578431451662794,2.9779056036866307,11.05932388675905,-0.2176001921887838,0.16109103974921823,0.011191101391797957,MODEL_ONLY,DUPLICATE_OR_OLD,DUPLICATE_OR_OLD,-0.018452947395342978,-0.020062458520351267,,False,
16.31478261,2.9473892043645273,2.94567695901408,2.9603192947301826,11.207779509219472,-0.2686194900017584,0.1840389997412643,0.00618190932469469,FUSED,ACCEPTED,ACCEPTED,-0.012930090365655289,-0.014642335716102739,,True,-0.0017756963924444175
16.36478261,2.9415582616448344,2.939846016294387,2.9544883520104896,11.35564970038798,-0.2686194900017584,0.20424390597461958,0.011181909324694407,MODEL_ONLY,DUPLICATE_OR_OLD,DUPLICATE_OR_OLD,-0.012930090365655289,-0.014642335716102739,,False,
16.41478261,2.9363844280898195,2.9352574752662353,2.947004639103103,11.503187025165822,-0.25974614875833024,0.22203364571794468,0.006180568851574124,FUSED,ACCEPTED,ACCEPTED,-0.010620211013283587,-0.011747163836867802,,True,-0.0007652572318471787
16.46478261,2.9326698027672173,2.931542849943633,2.943290013780501,11.650444391487914,-0.25974614875833024,0.2376969126730154,0.011180568851574195,MODEL_ONLY,DUPLICATE_OR_OLD,DUPLICATE_OR_OLD,-0.010620211013283587,-0.011747163836867802,,False,
16.51478261,2.939526646610372,2.938797745470211,2.9467620797313474,11.797695693825712,-0.23838040413012895,0.2514878919254165,0.006180373292615188,FUSED,ACCEPTED,ACCEPTED,-0.007235433120975188,-0.007964334261136408,,True,-0.0004828951516978146
16.56478261,2.948035043400143,2.947690903507002,2.952120848053771,11.945167767020342,-0.22055644756015969,0.2636303848859023,0.005278647896405775,FUSED,ACCEPTED,ACCEPTED,-0.004085804653628067,-0.00442994454676926,,True,0.0
16.61478261,2.948111129561919,2.9477669896687777,2.952196934215547,12.092775711577067,-0.22055644756015969,0.2743214411624004,0.010278647896405492,MODEL_ONLY,DUPLICATE_OR_OLD,DUPLICATE_OR_OLD,-0.004085804653628067,-0.00442994454676926,,False,
16.66478261,2.9616417921752083,2.9614432545316216,2.962855156457818,12.240652013843903,-0.20142659423077797,0.28373455630104766,0.006044092215303207,FUSED,ACCEPTED,ACCEPTED,-0.0012133642826097635,-0.001411901926196446,,True,-0.00010323978048971114
16.71478261,2.9635594233098086,2.963360885666222,2.9647727875924184,12.388842712445161,-0.20142659423077797,0.2920224872895137,0.011044092215303277,MODEL_ONLY,DUPLICATE_OR_OLD,DUPLICATE_OR_OLD,-0.0012133642826097635,-0.001411901926196446,,False,
16.76478261,2.9658419166555783,2.9656433790119916,2.967055280938188,12.537138414158429,-0.20142659423077797,0.2993197315129012,0.016044092215303347,MODEL_ONLY,DUPLICATE_OR_OLD,DUPLICATE_OR_OLD,-0.0012133642826097635,-0.001411901926196446,,False,
16.81478261,2.985735821442533,2.9853516196366097,2.982207728814865,12.685869989402258,-0.1769673627907488,0.3057447093909588,0.006778775191541783,FUSED,ACCEPTED,ACCEPTED,0.003528092627667956,0.0031438908217444883,,True,-0.0004724280693500383
16.86478261,2.9898453740904922,2.9894611722845688,2.9863172814628243,12.835083114659191,-0.1769673627907488,0.3114016861166692,0.0117787751915415,MODEL_ONLY,DUPLICATE_OR_OLD,DUPLICATE_OR_OLD,0.003528092627667956,0.0031438908217444883,,False,
16.91478261,3.0098706634265944,3.009331147493017,3.002495137068058,12.984803425122466,-0.15405296652159722,0.3163824636823824,0.006265699260525318,FUSED,ACCEPTED,ACCEPTED,0.007375526358536444,0.00683601042495896,,True,-0.0006320817650409764
16.96478261,3.0155942451147713,3.0150547291811938,3.008218718756235,13.135071271518076,-0.15405296652159722,0.32076787065186124,0.01126569926052539,MODEL_ONLY,DUPLICATE_OR_OLD,DUPLICATE_OR_OLD,0.007375526358536444,0.00683601042495896,,False,
17.01478261,3.033877438459501,3.0335644195139686,3.024107421587221,13.285879425026664,-0.14158771582028035,0.3246290738544178,0.006192753179417945,FUSED,ACCEPTED,ACCEPTED,0.009770016872280074,0.00945699792674759,,True,-0.00017377071253796977
17.06478261,3.0405873258145224,3.04027430686899,3.0308173089422423,13.437252543289903,-0.14158771582028035,0.32802873328744075,0.011192753179418017,MODEL_ONLY,DUPLICATE_OR_OLD,DUPLICATE_OR_OLD,0.009770016872280074,0.00945699792674759,,False,
17.11478261,3.0566912605783654,3.0564440466678655,3.0442239053017985,13.589128573645995,-0.1317060833546949,0.33102201896919103,0.006182150104076117,FUSED,ACCEPTED,ACCEPTED,0.012467355276566838,0.012220141366066972,,True,-0.00020657533946554472
17.16478261,3.074300650782692,3.074183942181684,3.0646984445578713,13.741851632392489,-0.10975628818773148,0.3336575062434577,0.005279043935168957,FUSED,ACCEPTED,ACCEPTED,0.009602206224820886,0.009485497623812567,,True,0.0
17.21478261,3.082999571058227,3.0828828624572187,3.073397364833406,13.895304027627272,-0.10975628818773148,0.33597796406516467,0.010279043935169027,MODEL_ONLY,DUPLICATE_OR_OLD,DUPLICATE_OR_OLD,0.009602206224820886,0.009485497623812567,,False,
17.26478261,3.0918006455834695,3.091683936982461,3.0821984393586486,14.049193922732076,-0.10975628818773148,0.3380210490593123,0.015279043935169098,MODEL_ONLY,DUPLICATE_OR_OLD,DUPLICATE_OR_OLD,0.009602206224820886,0.009485497623812567,,False,
17.31478261,3.1062341881035205,3.1061328034960503,3.0910332173047492,14.203524714148664,-0.11409089551416918,0.33981991661650857,0.006697385815281644,FUSED,ACCEPTED,ACCEPTED,0.015200970798771252,0.015099586191301029,,True,-9.38280413976568e-05
17.36478261,3.1218050426491497,3.121758316002754,3.1101719033881405,14.358554842165978,-0.09565455112943638,0.3414037589420126,0.005391149843979338,FUSED,ACCEPTED,ACCEPTED,0.011633139261009173,0.011586412614613462,,True,0.0
17.414782610000003,3.130538886821596,3.1304921601752005,3.118905747560587,14.51428178343971,-0.09565455112943638,0.3225747049450917,0.010391149843979765,MODEL_ONLY,DUPLICATE_OR_OLD,DUPLICATE_OR_OLD,0.011633139261009173,0.011586412614613462,,False,
17.46478261,3.1487686406983793,3.1487805125841466,3.139106689874365,14.670732094375575,-0.07224244502837998,0.30599635677809106,0.006061619870920848,FUSED,ACCEPTED,ACCEPTED,0.00966195082401411,0.009673822709781454,,True,4.9944760605354424e-05
17.51478261,3.157114338894856,3.1571262107806235,3.147452388070842,14.827896071324208,-0.07224244502837998,0.2913996793246567,0.01106161987092092,MODEL_ONLY,DUPLICATE_OR_OLD,DUPLICATE_OR_OLD,0.00966195082401411,0.009673822709781454,,False,
17.56478261,3.1648174429361937,3.164829314821961,3.1551554921121796,14.985461268328786,-0.07224244502837998,0.2785477962218705,0.01606161987092099,MODEL_ONLY,DUPLICATE_OR_OLD,DUPLICATE_OR_OLD,0.00966195082401411,0.009673822709781454,,False,
17.61478261,3.180596723985025,3.1809459429127998,3.1682894550623444,15.14354739200814,-0.0567284362523521,0.2672321458065899,0.00678059288551084,FUSED,ACCEPTED,ACCEPTED,0.012307268922680414,0.012656487850455367,,True,0.0005093903885056861
17.664782610000003,3.1880115934818516,3.1883608124096265,3.175704324559171,15.30214723649869,-0.0567284362523521,0.25726909655561225,0.011780592885511268,MODEL_ONLY,DUPLICATE_OR_OLD,DUPLICATE_OR_OLD,0.012307268922680414,0.012656487850455367,,False,
17.71478261,3.19399452148132,3.194413764573596,3.180049309359725,15.461041077346653,-0.06579415817447883,0.24849696709469019,0.006265952720781524,FUSED,ACCEPTED,ACCEPTED,0.013945212121595052,0.014364455213871086,,True,0.0004609723476000447
17.76478261,3.189823292687088,3.190020435555682,3.180337824959109,15.620050755704627,-0.09638375967208619,0.24077340241677367,0.005297647779387866,FUSED,ACCEPTED,ACCEPTED,0.009485467727978758,0.009682610596572605,,True,0.0
17.81478261,3.1929915849465167,3.1931887278151105,3.183506117218538,15.77914685425907,-0.09638375967208619,0.21199287522739813,0.010297647779387936,MODEL_ONLY,DUPLICATE_OR_OLD,DUPLICATE_OR_OLD,0.009485467727978758,0.009682610596572605,,False,
17.86478261,3.1948928629410402,3.195090005809634,3.1854073952130615,15.93836969206985,-0.09638375967208619,0.1866525899292967,0.015297647779387653,MODEL_ONLY,DUPLICATE_OR_OLD,DUPLICATE_OR_OLD,0.009485467727978758,0.009682610596572605,,False,
17.914782610000003,3.1906989817744016,3.1918642111477906,3.186399111747175,16.09766485474387,-0.07791013611280691,0.16434132180122873,0.006699413739041768,FUSED,ACCEPTED,ACCEPTED,0.00429987002722676,0.005465099400615792,,True,0.001642174542266477
17.96478261,3.1914261615164228,3.192591390889812,3.187126291489196,16.25700298982477,-0.07791013611280691,0.1446970013199713,0.011699413739041485,MODEL_ONLY,DUPLICATE_OR_OLD,DUPLICATE_OR_OLD,0.00429987002722676,0.005465099400615792,,False,
18.01478261,3.2044225636500485,3.205302599912907,3.2029687688646264,16.416755366333618,-0.031027428517702918,0.1274008384593329,0.0062545994089086045,FUSED,ACCEPTED,ACCEPTED,0.001453794785422069,0.0023338310482805547,,True,0.0007092559498567263
18.06478261,3.2058676361724903,3.2067476724353488,3.204413841387068,16.576939931589912,-0.031027428517702918,0.11217214933327588,0.011254599408908675,MODEL_ONLY,DUPLICATE_OR_OLD,DUPLICATE_OR_OLD,0.001453794785422069,0.0023338310482805547,,False,
18.11478261,3.2232528675123127,3.223991413006252,3.2217299920147964,16.73759352742495,0.0018729220262130586,0.09876380122932467,0.006191143561456542,FUSED,ACCEPTED,ACCEPTED,0.001522875497516285,0.002261420991455765,,True,0.0006514988892464097
18.164782610000003,3.1935451770838257,3.1937707497463395,3.1916471887755624,16.89792795694472,-0.13003493674668576,0.0869582021138269,0.005281047494676846,FUSED,ACCEPTED,ACCEPTED,0.0018979883082632654,0.0021235609707770386,,True,-0.00023280125486897264
18.21478261,3.1882594552044727,3.1884850278669865,3.1863614668962095,17.057378173336506,-0.13003493674668576,0.07656376952636063,0.010281047494676562,MODEL_ONLY,DUPLICATE_OR_OLD,DUPLICATE_OR_OLD,0.0018979883082632654,0.0021235609707770386,,False,
18.26478261,3.1825161359268073,3.182741708589321,3.180618147618544,17.216552663699378,-0.13003493674668576,0.06741182156011385,0.015281047494676632,MODEL_ONLY,DUPLICATE_OR_OLD,DUPLICATE_OR_OLD,0.0018979883082632654,0.0021235609707770386,,False,
18.31478261,3.161040609813085,3.1615120324172,3.1695545201640494,17.375306980393944,-0.10050280733796527,0.059353839474792676,0.0066976043342760975,FUSED,ACCEPTED,ACCEPTED,-0.00851391035096416,-0.008042487746849236,,True,0.0005926441246821047
18.36478261,3.1560162588038216,3.1564876814079366,3.164530169154786,17.533659097626906,-0.10050280733796527,0.05225905751942922,0.011697604334275814,MODEL_ONLY,DUPLICATE_OR_OLD,DUPLICATE_OR_OLD,-0.00851391035096416,-0.008042487746849236,,False,
18.414782610000003,3.1096737540055552,3.1100418285265246,3.1194724896084582,17.690759164096,-0.20709855435413407,0.046012340852503913,0.006254345567942476,FUSED,ACCEPTED,ACCEPTED,-0.009798735602903008,-0.009430661081933689,,True,0.0003061805623646198
18.46478261,3.0882422610099933,3.0884154371352204,3.097839341638187,17.846191959877157,-0.1785396756639382,0.040512317122059,0.005295079790608588,FUSED,ACCEPTED,ACCEPTED,-0.009597080628193755,-0.009423904502966707,,True,0.0
18.51478261,3.0784866002777034,3.0786597764029304,3.088083680905897,18.00084003544076,-0.1785396756639382,0.035669731384877945,0.01029507979060866,MODEL_ONLY,DUPLICATE_OR_OLD,DUPLICATE_OR_OLD,-0.009597080628193755,-0.009423904502966707,,False,
18.56478261,3.0787056139851026,3.0787740763606553,3.087926944686198,18.155240301080564,-0.13214458645279356,0.031405997668214385,0.006046662005900181,FUSED,ACCEPTED,ACCEPTED,-0.009221330701095543,-0.009152868325542851,,True,0.0
18.61478261,3.070868817327559,3.0709372797031116,3.0800901480286544,18.309440728398428,-0.13214458645279356,0.027651923668650054,0.011046662005899897,MODEL_ONLY,DUPLICATE_OR_OLD,DUPLICATE_OR_OLD,-0.009221330701095543,-0.009152868325542851,,False,
18.664782610000003,3.0628667538812,3.062935216256753,3.0720880845822958,18.463245184213715,-0.13214458645279356,0.024346587892372755,0.016046662005900325,MODEL_ONLY,DUPLICATE_OR_OLD,DUPLICATE_OR_OLD,-0.009221330701095543,-0.009152868325542851,,False,
18.71478261,3.066585453383235,3.066718631024833,3.0809294214947394,18.617070621865633,-0.11449889682154973,0.021436351014995414,0.006779041818376604,FUSED,ACCEPTED,ACCEPTED,-0.014343968111504513,-0.014210790469906254,,True,0.00016392611184372005
18.76478261,3.059192044294678,3.0593252219362763,3.0735360124061826,18.77093225771316,-0.11449889682154973,0.018873985417153558,0.011779041818376676,MODEL_ONLY,DUPLICATE_OR_OLD,DUPLICATE_OR_OLD,-0.014343968111504513,-0.014210790469906254,,False,
18.81478261,3.0278742142620794,3.027990437709104,3.042358308270541,18.923829615730078,-0.19533228312354423,0.01661790876990831,0.006265736441272653,FUSED,ACCEPTED,ACCEPTED,-0.014484094008461845,-0.01436787056143718,,True,0.00010611905920785217
18.86478261,3.0162270120491907,3.0163432354962154,3.0307111060576526,19.075656351088274,-0.19533228312354423,0.014631509232491808,0.01126573644127237,MODEL_ONLY,DUPLICATE_OR_OLD,DUPLICATE_OR_OLD,-0.014484094008461845,-0.01436787056143718,,False,
18.914782610000003,3.018651241181666,3.019222128490271,3.040010881533939,19.227424400778077,-0.11216925637638911,0.012882551311639576,0.006192758568807365,FUSED,ACCEPTED,ACCEPTED,-0.02135964035227289,-0.020788753043667896,,True,0.0008504097656553723
18.96478261,3.010997747481547,3.011568634790152,3.03235738783382,19.379233607512262,-0.11216925637638911,0.011342652740736155,0.011192758568807082,MODEL_ONLY,DUPLICATE_OR_OLD,DUPLICATE_OR_OLD,-0.02135964035227289,-0.020788753043667896,,False,
19.01478261,3.0008367464961063,3.000845721461762,3.019021052096139,19.530518068510514,-0.1506937396981774,0.009986823889510601,0.006182150889632161,FUSED,ACCEPTED,ACCEPTED,-0.01818430560003259,-0.01817533063437704,,True,-0.00033803962148981626
19.06478261,3.0013154796260233,3.0013197166677203,3.0147223047216682,19.68136165243096,-0.10577149130251107,0.008793062229781937,0.005279044110249174,FUSED,ACCEPTED,ACCEPTED,-0.013406825095644948,-0.013402588053947895,,True,0.0
19.11478261,2.9938018413063716,2.9938060783480687,3.0072086664020166,19.831909926709045,-0.10577149130251107,0.0077419952761985985,0.010279044110248891,MODEL_ONLY,DUPLICATE_OR_OLD,DUPLICATE_OR_OLD,-0.013406825095644948,-0.013402588053947895,,False,
19.164782610000003,2.9935500292917,2.993539022553845,3.002836467958617,19.982161055068072,-0.11112792225788551,0.028796754710701,0.006044154218653574,FUSED,ACCEPTED,ACCEPTED,-0.009286438666916919,-0.009297445404771842,,True,-2.0983657511870063e-05
19.21478261,2.987748207739842,2.987737201001987,2.997034646406759,20.1321578329272,-0.11112792225788551,0.0473347615874513,0.01104415421865329,MODEL_ONLY,DUPLICATE_OR_OLD,DUPLICATE_OR_OLD,-0.009286438666916919,-0.009297445404771842,,False,
19.26478261,2.9827624907367714,2.9827514839989164,2.9920489294036883,20.28188492232246,-0.11112792225788551,0.06365685256320305,0.01604415421865336,MODEL_ONLY,DUPLICATE_OR_OLD,DUPLICATE_OR_OLD,-0.009286438666916919,-0.009297445404771842,,False,
19.31478261,2.9854178446338575,2.984697326123088,2.9948336386202206,20.431556986523063,-0.1080938613121101,0.07802790418660167,0.006778781625175885,FUSED,ACCEPTED,ACCEPTED,-0.009415793986363052,-0.01013631249713276,,True,-0.001057672366202387
19.36478261,2.994933279038959,2.9946024439522354,3.0005679958582845,20.581442027385016,-0.08141977094821602,0.11090470518641019,0.005408374916418508,FUSED,ACCEPTED,ACCEPTED,-0.005634716819325369,-0.0059655519060490825,,True,0.0
19.414782610000003,2.9952427080569195,2.994911872970196,3.000877424876245,20.731478162903393,-0.08141977094821602,0.13985162167415863,0.010408374916418935,MODEL_ONLY,DUPLICATE_OR_OLD,DUPLICATE_OR_OLD,-0.005634716819325369,-0.0059655519060490825,,False,
19.46478261,2.996826476348572,2.9964956412618484,3.0024611931678975,20.88156162835449,-0.08141977094821602,0.16533840714800457,0.015408374916418652,MODEL_ONLY,DUPLICATE_OR_OLD,DUPLICATE_OR_OLD,-0.005634716819325369,-0.0059655519060490825,,False,
19.51478261,2.9968470385760018,2.9959995465812876,2.995102693501199,21.03150072552122,-0.12270403665849339,0.18777866374890764,0.006711432285517965,FUSED,ACCEPTED,ACCEPTED,0.0017443450748029221,0.0008968530800887997,,True,-0.0011006512541388187
19.56478261,2.9984765009366465,2.9976290089419324,2.9967321558618436,21.1812965967553,-0.12270403665849339,0.20753655423812153,0.011711432285518037,MODEL_ONLY,DUPLICATE_OR_OLD,DUPLICATE_OR_OLD,0.0017443450748029221,0.0008968530800887997,,False,
19.61478261,2.9879342791488637,2.9871484148890266,2.98437121167322,21.33082418094367,-0.15873136408728725,0.2249327116674458,0.006256284615100277,FUSED,ACCEPTED,ACCEPTED,0.0035630674756435,0.002777203215806434,,True,-0.0007489866697993211
19.664782610000003,2.9762857313044586,2.9760589358139535,2.9736323533033286,21.479774270068095,-0.18650919581651684,0.2402494426449307,0.005295508984248411,FUSED,ACCEPTED,ACCEPTED,0.002653378001129969,0.002426582510624886,,True,0.0002698770692688092
19.71478261,2.9770348734270535,2.9768080779365484,2.9743814954259236,21.62847461628632,-0.18650919581651684,0.25373530863514737,0.010295508984248128,MODEL_ONLY,DUPLICATE_OR_OLD,DUPLICATE_OR_OLD,0.002653378001129969,0.002426582510624886,,False,
19.76478261,2.9790614686347863,2.978834673144281,2.9764080906336563,21.77724435593781,-0.18650919581651684,0.2792843703378998,0.0152955089842482,MODEL_ONLY,DUPLICATE_OR_OLD,DUPLICATE_OR_OLD,0.002653378001129969,0.002426582510624886,,False,
19.81478261,2.946814302101861,2.9460618947639183,2.941928967198488,21.925202782383614,-0.2699598991123393,0.30177945906183345,0.006699180725037708,FUSED,ACCEPTED,ACCEPTED,0.004885334903373284,0.004132927565430489,,True,-0.0010113867248828252
19.86478261,2.9303935109047345,2.9304259670731185,2.928162446364024,22.07195506772267,-0.28269007572100463,0.3215856273894592,0.00539153107819339,FUSED,ACCEPTED,ACCEPTED,0.0022310645407106477,0.002263520709094635,,True,0.0007033266547650322
19.914782610000003,2.9305980581918605,2.9306305143602445,2.92836699365115,22.21836830372306,-0.28269007572100463,0.3390242918302426,0.010391531078193817,MODEL_ONLY,DUPLICATE_OR_OLD,DUPLICATE_OR_OLD,0.0022310645407106477,0.002263520709094635,,False,
19.96478261,2.93157031332749,2.931602769495874,2.9293392487867793,22.364810959784002,-0.28269007572100463,0.35437844880032066,0.015391531078193533,MODEL_ONLY,DUPLICATE_OR_OLD,DUPLICATE_OR_OLD,0.0022310645407106477,0.002263520709094635,,False,
20.01478261,2.9315793837426503,2.9312182249231884,2.9288327210784137,22.511265259030633,-0.2695386524236978,0.3678972671170781,0.006709609669130768,FUSED,ACCEPTED,ACCEPTED,0.00274666266423651,0.00238550384477465,,True,-0.0005541874774559492
20.06478261,2.929583990424002,2.9293252442317885,2.926762910683072,22.657655149824674,-0.28446012879186844,0.3661249208379601,0.005393744911858493,FUSED,ACCEPTED,ACCEPTED,0.0028210797409298216,0.002562333548716378,,True,-0.00017128586676894673
20.11478261,2.930977041946321,2.9307182957541076,2.928155962205391,22.804028121646876,-0.28446012879186844,0.3645644296049692,0.01039374491185821,MODEL_ONLY,DUPLICATE_OR_OLD,DUPLICATE_OR_OLD,0.0028210797409298216,0.002562333548716378,,False,
20.164782610000003,2.9323013954687926,2.932042649276579,2.929480315727863,22.95046902859522,-0.28446012879186844,0.3631904696080244,0.015393744911858638,MODEL_ONLY,DUPLICATE_OR_OLD,DUPLICATE_OR_OLD,0.0028210797409298216,0.002562333548716378,,False,
20.21478261,2.9511382859269357,2.9510989855015364,2.948462716485098,23.097417604400533,-0.2285254283216543,0.3619807440848724,0.0067098493361052,FUSED,ACCEPTED,ACCEPTED,0.0026755694418376663,0.0026362690164383196,,True,6.830402280855793e-05
20.26478261,2.9799426761842844,2.979715596581581,2.976243524925908,23.245535260435812,-0.17083210578015462,0.36091562148696577,0.005393795762843377,FUSED,ACCEPTED,ACCEPTED,0.0036991512583766095,0.0034720716556733144,,True,-0.00038743963118378476
20.31478261,2.9867877982217754,2.986560718619072,2.983088646963399,23.394518564733048,-0.17083210578015462,0.3599778168967019,0.010393795762843449,MODEL_ONLY,DUPLICATE_OR_OLD,DUPLICATE_OR_OLD,0.0036991512583766095,0.0034720716556733144,,False,
20.36478261,2.993591634990732,2.9933645553880286,2.9898924837323553,23.543843093000433,-0.17083210578015462,0.3591521115260258,0.015393795762843165,MODEL_ONLY,DUPLICATE_OR_OLD,DUPLICATE_OR_OLD,0.0036991512583766095,0.0034720716556733144,,False,
20.414782610000003,3.0130697268217577,3.013018951127934,3.0028553537945757,23.69366178893862,-0.18030975885026918,0.3584251057443932,0.006709854840761615,FUSED,ACCEPTED,ACCEPTED,0.010214373027181978,0.010163597333358254,,True,3.567408282902258e-05
20.46478261,3.0193313254423177,3.019280549748494,3.0091169524151358,23.843961096593855,-0.18030975885026918,0.35778500162820664,0.01170985484076133,MODEL_ONLY,DUPLICATE_OR_OLD,DUPLICATE_OR_OLD,0.010214373027181978,0.010163597333358254,,False,
20.51478261,3.0417161370408303,3.041713720310842,3.030321755083303,23.99494706428132,-0.1429122714298792,0.35722141150291364,0.0062560635167738955,FUSED,ACCEPTED,ACCEPTED,0.01139438195752751,0.01139196522753938,,True,2.6523655369373872e-05
20.56478261,3.0562309939581334,3.0562298569978554,3.0477036072063624,24.146897698338563,-0.14487439565588128,0.3567251893707704,0.005295460049736575,FUSED,ACCEPTED,ACCEPTED,0.008527386751771004,0.008526249791493079,,True,0.0
20.61478261,3.064189524781435,3.064188387821157,3.055662138029664,24.299481841969456,-0.14487439565588128,0.3562882824886622,0.01029546004973629,MODEL_ONLY,DUPLICATE_OR_OLD,DUPLICATE_OR_OLD,0.008527386751771004,0.008526249791493079,,False,
20.664782610000003,3.0721288215146734,3.0721276845543954,3.0636014347629024,24.45246343128928,-0.14487439565588128,0.35590360068737065,0.015295460049736719,MODEL_ONLY,DUPLICATE_OR_OLD,DUPLICATE_OR_OLD,0.008527386751771004,0.008526249791493079,,False,
20.71478261,3.0869123906365985,3.086926785028202,3.072732866691591,24.605871788825635,-0.13620143243072494,0.3555649013115888,0.006699175393414435,FUSED,ACCEPTED,ACCEPTED,0.014179523945007322,0.014193918336610878,,True,2.2047015314993063e-05
20.76478261,3.0952534898923996,3.095267884284003,3.0810739659473922,24.75971695964161,-0.13620143243072494,0.35526668791347665,0.011699175393414505,MODEL_ONLY,DUPLICATE_OR_OLD,DUPLICATE_OR_OLD,0.014179523945007322,0.014193918336610878,,False,
20.81478261,3.1066698110909616,3.106683259921219,3.091038896707878,24.914019781207994,-0.13493930129332193,0.35500412105574836,0.006254565973424586,FUSED,ACCEPTED,ACCEPTED,0.015630914383083727,0.015644363213341173,,True,1.2882597899575854e-05
20.86478261,3.115049329496798,3.1150627783270552,3.099418415113714,25.068781214003526,-0.13493930129332193,0.3547729397767926,0.011254565973424302,MODEL_ONLY,DUPLICATE_OR_OLD,DUPLICATE_OR_OLD,0.015630914383083727,0.015644363213341173,,False,
20.914782610000003,3.1229253655945173,3.122936168455368,3.107118934136958,25.223944647734804,-0.139847222905248,0.35456939244335517,0.0061911387108352315,FUSED,ACCEPTED,ACCEPTED,0.015806431457559444,0.0158172343184102,,True,9.175029378208355e-06
20.96478261,3.141448884189389,3.1414539820092835,3.13012650952947,25.379875783826456,-0.1026936342727732,0.35439017586865407,0.005281046414515216,FUSED,ACCEPTED,ACCEPTED,0.011322374659918921,0.011327472479813583,,True,0.0
21.01478261,3.150402479350574,3.1504075771704687,3.139080104690655,25.53660594918196,-0.1026936342727732,0.3340088078632178,0.010281046414515287,MODEL_ONLY,DUPLICATE_OR_OLD,DUPLICATE_OR_OLD,0.011322374659918921,0.011327472479813583,,False,
21.06478261,3.1584588190921052,3.158463916912,3.1471364444321863,25.693761362910035,-0.1026936342727732,0.3160636994701359,0.015281046414515359,MODEL_ONLY,DUPLICATE_OR_OLD,DUPLICATE_OR_OLD,0.011322374659918921,0.011327472479813583,,False,
21.11478261,3.1978145630760793,3.1985934449704216,3.1832736541426914,25.852021615374397,-0.02564779971614245,0.30026363564941766,0.006697604216475642,FUSED,ACCEPTED,ACCEPTED,0.014540908933387886,0.015319790827730273,,True,0.001160412540558646
21.164782610000003,3.208237620140039,3.2090165020343813,3.193696711206651,26.011445874508144,-0.02564779971614245,0.286352211362058,0.01169760421647607,MODEL_ONLY,DUPLICATE_OR_OLD,DUPLICATE_OR_OLD,0.014540908933387886,0.015319790827730273,,False,
21.21478261,3.216578749457024,3.216837362925064,3.197255720542262,26.171219685301857,-0.06779981211504554,0.27410367060305696,0.006254345551415157,FUSED,ACCEPTED,ACCEPTED,0.01932302891476212,0.019581642382802134,,True,-5.2969211461664084e-05
21.26478261,3.2237425574734373,3.2240011709414773,3.204419528558675,26.33126156652938,-0.06779981211504554,0.2633192428100479,0.011254345551415228,MODEL_ONLY,DUPLICATE_OR_OLD,DUPLICATE_OR_OLD,0.01932302891476212,0.019581642382802134,,False,
21.31478261,3.2298332311217886,3.230161177049587,3.215099389846052,26.4917495394895,-0.054608026428324734,0.2538239171944517,0.006191106733010556,FUSED,ACCEPTED,ACCEPTED,0.014733841275736737,0.015061787203535015,,True,0.00037060065021628924
21.36478261,3.236763846414467,3.237091792342265,3.22203000513873,26.65267777436411,-0.054608026428324734,0.24546360264863606,0.011191106733010273,MODEL_ONLY,DUPLICATE_OR_OLD,DUPLICATE_OR_OLD,0.014733841275736737,0.015061787203535015,,False,
21.414782610000003,3.2326258521641202,3.2329561559931723,3.219286501588481,26.813710687032305,-0.084415819397175,0.23810262713978278,0.006181910103326708,FUSED,ACCEPTED,ACCEPTED,0.013339350575639397,0.013669654404691478,,True,0.00033176012311083095
21.46478261,3.237373974476443,3.237704278305495,3.2240346239008035,26.97479371516953,-0.084415819397175,0.23162153601037763,0.011181910103326424,MODEL_ONLY,DUPLICATE_OR_OLD,DUPLICATE_OR_OLD,0.013339350575639397,0.013669654404691478,,False,
21.51478261,3.2583438194671706,3.259843217156063,3.2485465632444077,27.136608244848162,-0.005904781685754992,0.2039349649527798,0.006180568965161382,FUSED,ACCEPTED,ACCEPTED,0.00979725622276284,0.011296653911655241,,True,0.0022218673184820122
21.56478261,3.2644143104245877,3.26591370811348,3.254617054201825,27.29918733528432,-0.005904781685754992,0.17955787120083747,0.011180568965161453,MODEL_ONLY,DUPLICATE_OR_OLD,DUPLICATE_OR_OLD,0.00979725622276284,0.011296653911655241,,False,
21.61478261,3.2681971080935135,3.2692350916408572,3.2591997885725172,27.46203275635367,-0.03319584739988074,0.15809466080346785,0.0061803733091870035,FUSED,ACCEPTED,ACCEPTED,0.00899731952099625,0.010035303068339996,,True,0.000752817962288153
21.664782610000003,3.2708850035354002,3.271922987082744,3.261887684014404,27.625059943168356,-0.03319584739988074,0.1391970266043482,0.01118037330918743,MODEL_ONLY,DUPLICATE_OR_OLD,DUPLICATE_OR_OLD,0.00899731952099625,0.010035303068339996,,False,
21.71478261,3.2663523352487904,3.2676932080697862,3.260367389282102,27.78811632000076,-0.039534139095687,0.12255829587805384,0.006180344763651317,FUSED,ACCEPTED,ACCEPTED,0.005984945966688304,0.007325818787684124,,True,0.0015280683002740162
21.76478261,3.2671588874563655,3.2684997602773613,3.261173941489677,27.951154853270058,-0.039534139095687,0.10790845361393119,0.011180344763651387,MODEL_ONLY,DUPLICATE_OR_OLD,DUPLICATE_OR_OLD,0.005984945966688304,0.007325818787684124,,False,
21.81478261,3.2578110170300056,3.258742372770079,3.2553232365792457,28.114067282721784,-0.05215238493878166,0.0950097606851193,0.00618034059891988,FUSED,ACCEPTED,ACCEPTED,0.0024877804507599244,0.0034191361908333384,,True,0.0006782603413628579
21.86478261,3.256773879054423,3.2577052347944964,3.254286098603663,28.276807516101346,-0.05215238493878166,0.08365289579386889,0.011180340598919597,MODEL_ONLY,DUPLICATE_OR_OLD,DUPLICATE_OR_OLD,0.0024877804507599244,0.0034191361908333384,,False,
21.914782610000003,3.220985988518774,3.2216450256375233,3.2219181656107807,28.43871262270672,-0.13467876581073993,0.07365355858427901,0.006180339991293882,FUSED,ACCEPTED,ACCEPTED,-0.0009321770920065475,-0.0002731399732573969,,True,0.0004907349624013774
21.96478261,3.214882360649772,3.215541397768521,3.2158145377417786,28.599655940290525,-0.13467876581073993,0.06484947879742756,0.011180339991293598,MODEL_ONLY,DUPLICATE_OR_OLD,DUPLICATE_OR_OLD,-0.0009321770920065475,-0.0002731399732573969,,False,
22.01478261,3.191780753969983,3.193070308389702,3.2012063607235435,28.76008146275216,-0.12641737776864787,0.057097782933133154,0.006180339902642395,FUSED,ACCEPTED,ACCEPTED,-0.009425606753560523,-0.008136052333841626,,True,0.0016792355397129716
22.06478261,3.1853613553474287,3.1866509097671476,3.1947869621009892,28.919981295822776,-0.12641737776864787,0.0502726756843035,0.011180339902642465,MODEL_ONLY,DUPLICATE_OR_OLD,DUPLICATE_OR_OLD,-0.009425606753560523,-0.008136052333841626,,False,
22.11478261,3.188102332161764,3.1888118433199697,3.200927167357175,29.079874149059222,-0.07866981999304887,0.04426339851792383,0.006180339889708317,FUSED,ACCEPTED,ACCEPTED,-0.012824835195410778,-0.012115324037205166,,True,0.0003510247079807384
22.164782610000003,3.1835052992574915,3.184214810415697,3.1963301344529023,29.239805581604486,-0.07866981999304887,0.038972432274342564,0.011180339889708745,MODEL_ONLY,DUPLICATE_OR_OLD,DUPLICATE_OR_OLD,-0.012824835195410778,-0.012115324037205166,,False,
22.21478261,3.1930207478918997,3.193415812082594,3.203476887206693,29.399800757145968,-0.05479772496135615,0.03431391461645695,0.006180339887821313,FUSED,ACCEPTED,ACCEPTED,-0.0104561393147935,-0.010061075124099261,,True,0.00020072527713945083
22.26478261,3.189179310457844,3.1895743746485383,3.1996354497726376,29.559878565570454,-0.05479772496135615,0.030212246646988364,0.011180339887821383,MODEL_ONLY,DUPLICATE_OR_OLD,DUPLICATE_OR_OLD,-0.0104561393147935,-0.010061075124099261,,False,
22.31478261,3.1834642825843704,3.1835960335257982,3.193080512294681,29.71969646462214,-0.07869315492646878,0.02660086608190983,0.006180339887546003,FUSED,ACCEPTED,ACCEPTED,-0.00961622971031062,-0.00948447876888281,,True,-3.098559630379874e-05
22.36478261,3.1780885196732576,3.1782202706146854,3.187704749383568,29.879216096164086,-0.07869315492646878,0.02342116707094483,0.011180339887545718,MODEL_ONLY,DUPLICATE_OR_OLD,DUPLICATE_OR_OLD,-0.00961622971031062,-0.00948447876888281,,False,
22.414782610000003,3.162541170176295,3.162695924411374,3.1730982369572005,30.038236170822618,-0.09959518552652001,0.02062154913588125,0.006180339887505835,FUSED,ACCEPTED,ACCEPTED,-0.010557066780905622,-0.010402312545826575,,True,0.00016897105240834716
22.46478261,3.155857076371271,3.1560118306063503,3.166414143152177,30.196723980325345,-0.09959518552652001,0.018156579792777062,0.011180339887505553,MODEL_ONLY,DUPLICATE_OR_OLD,DUPLICATE_OR_OLD,-0.010557066780905622,-0.010402312545826575,,False,
22.51478261,3.1535126070041035,3.153750672697429,3.166536392584202,30.355047743718757,-0.07026642786132144,0.01598625726899782,0.006180339887499923,FUSED,ACCEPTED,ACCEPTED,-0.013023785580098313,-0.012785719886772906,,True,0.0002895550061737199
22.56478261,3.14809089016022,3.1483289558535454,3.1611146757403183,30.513239020426873,-0.07026642786132144,0.014075361350393268,0.011180339887499995,MODEL_ONLY,DUPLICATE_OR_OLD,DUPLICATE_OR_OLD,-0.013023785580098313,-0.012785719886772906,,False,
22.61478261,3.1290797050177312,3.129219601127242,3.140661737773881,30.67078343076472,-0.11922924282168915,0.012392881824087288,0.00618033988749906,FUSED,ACCEPTED,ACCEPTED,-0.011582032756149552,-0.011442136646638623,,True,7.922397005231258e-05
22.664782610000003,3.1097047074659465,3.1099595675449945,3.1200116923895833,30.82730026651882,-0.1343326278191698,0.010911515241596205,0.005278640450004327,FUSED,ACCEPTED,ACCEPTED,-0.010306984923636797,-0.010052124844588839,,True,0.00035768697938663545
22.71478261,3.1008562736484366,3.1011111337274846,3.1111632585720734,30.98307964029285,-0.1343326278191698,0.00960722183569737,0.010278640450004043,MODEL_ONLY,DUPLICATE_OR_OLD,DUPLICATE_OR_OLD,-0.010306984923636797,-0.010052124844588839,,False,
22.76478261,3.0919504205091735,3.0922052805882214,3.1022574054328103,31.138415156892975,-0.1343326278191698,0.008458835400645738,0.015278640450004113,MODEL_ONLY,DUPLICATE_OR_OLD,DUPLICATE_OR_OLD,-0.010306984923636797,-0.010052124844588839,,False,
22.81478261,3.0773582008101377,3.0774423723829893,3.0866370036916284,31.29313751712109,-0.12927010821829393,0.007447719804840307,0.006697341805517356,FUSED,ACCEPTED,ACCEPTED,-0.009278802881490744,-0.009194631308639067,,True,0.0
22.86478261,3.068610405208976,3.068694576781828,3.077889208090467,31.44725067241563,-0.12927010821829393,0.006557466561788946,0.011697341805517073,MODEL_ONLY,DUPLICATE_OR_OLD,DUPLICATE_OR_OLD,-0.009278802881490744,-0.009194631308639067,,False,
22.914782610000003,3.044835704242695,3.044885205856098,3.0596416698577293,31.60068894436435,-0.12927010821829393,0.005773628551524352,0.006254308734986749,FUSED,ACCEPTED,ACCEPTED,-0.014805965615034555,-0.014756464001631553,,True,2.873785360673828e-05
22.96478261,3.0360142095920075,3.0360637112054105,3.050820175207042,31.753450490490962,-0.12927010821829393,0.005083485571275822,0.011254308734986465,MODEL_ONLY,DUPLICATE_OR_OLD,DUPLICATE_OR_OLD,-0.014805965615034555,-0.014756464001631553,,False,
23.01478261,3.0212317513282736,3.021281499730204,3.0394801595018675,31.905707998858688,-0.16732733619342857,0.004475837910727127,0.006191101391797842,FUSED,ACCEPTED,ACCEPTED,-0.018248408173593855,-0.01819865977166346,,True,4.990023153583767e-05
23.06478261,3.010450262230364,3.0105000106322946,3.028698670403958,32.057412469606334,-0.16732733619342857,0.003940824601981585,0.011191101391797912,MODEL_ONLY,DUPLICATE_OR_OLD,DUPLICATE_OR_OLD,-0.018248408173593855,-0.01819865977166346,,False,
23.11478261,2.9926937790168537,2.9930890312390335,3.015021280279232,32.2085054683734,-0.17290796624876043,0.003469763394774164,0.006181909324694632,FUSED,ACCEPTED,ACCEPTED,-0.02232750126237848,-0.021932249040198748,,True,0.0006086434003883257
23.164782610000003,2.98158896767908,2.9819842199012596,3.0039164689414584,32.358978912103936,-0.17290796624876043,0.003055009860033038,0.01118190932469506,MODEL_ONLY,DUPLICATE_OR_OLD,DUPLICATE_OR_OLD,-0.02232750126237848,-0.021932249040198748,,False,
23.21478261,2.977454090368888,2.9769758733177243,2.9980130760973203,32.5090271507299,-0.15340655634288275,0.02467002183842722,0.006180568851574168,FUSED,ACCEPTED,ACCEPTED,-0.020558985728432067,-0.021037202779595976,,True,-0.0010179983932894418
23.26478261,2.9633475792801156,2.962815213420974,2.9786170327947175,32.658442903452205,-0.18801879426846319,0.04370131221926021,0.0052786914883748495,FUSED,ACCEPTED,ACCEPTED,-0.01526945351460185,-0.015801819373743253,,True,-0.0005807970335261117
23.31478261,2.9543573621840578,2.9538249963249164,2.9696268156986596,32.80714899966454,-0.18801879426846319,0.0604577227140402,0.01027869148837492,MODEL_ONLY,DUPLICATE_OR_OLD,DUPLICATE_OR_OLD,-0.01526945351460185,-0.015801819373743253,,False,
23.36478261,2.946271825874837,2.946061227213357,2.9572113797779243,32.95531995455145,-0.17888828235297288,0.07521117805264056,0.0060440990370886575,FUSED,ACCEPTED,ACCEPTED,-0.010939553903087429,-0.011150152564567417,,True,0.0
23.414782610000003,2.939125303179122,2.938914704517642,2.9500648570822094,33.103001860472965,-0.17888828235297288,0.08820109880541327,0.011044099037089083,MODEL_ONLY,DUPLICATE_OR_OLD,DUPLICATE_OR_OLD,-0.010939553903087429,-0.011150152564567417,,False,
23.46478261,2.932550639879362,2.932340041217882,2.9434901937824494,33.250340736744576,-0.17888828235297288,0.09963828672448924,0.0160440990370888,MODEL_ONLY,DUPLICATE_OR_OLD,DUPLICATE_OR_OLD,-0.010939553903087429,-0.011150152564567417,,False,
23.51478261,2.923644112656144,2.9224051188615023,2.9343782300315517,33.39728744733993,-0.20171639548929196,0.12993191950072727,0.00677877589938982,FUSED,ACCEPTED,ACCEPTED,-0.010734117375407859,-0.0119731111700494,,True,-0.0017276795451455843
23.56478261,2.9187763515298224,2.917537357735181,2.9295104689052303,33.54388466481335,-0.20171639548929196,0.1566044433295896,0.01177877589938989,MODEL_ONLY,DUPLICATE_OR_OLD,DUPLICATE_OR_OLD,-0.010734117375407859,-0.0119731111700494,,False,
23.61478261,2.9194277742450745,2.918419200905719,2.927467626369437,33.690309117195206,-0.19331511566932552,0.18008870263437698,0.006265699359234737,FUSED,ACCEPTED,ACCEPTED,-0.008039852124362312,-0.00904842546371798,,True,-0.0008712448139215475
23.664782610000003,2.9171881450611803,2.9161795717218246,2.9252279971855426,33.83662650778409,-0.19331511566932552,0.20076580235816913,0.011265699359235163,MODEL_ONLY,DUPLICATE_OR_OLD,DUPLICATE_OR_OLD,-0.008039852124362312,-0.00904842546371798,,False,
23.71478261,2.906502344294632,2.9047886099719857,2.91043548213948,33.98251809476721,-0.24091635699126346,0.2326465032715226,0.006192753193726002,FUSED,ACCEPTED,ACCEPTED,-0.003933137844847945,-0.005646872167494266,,True,-0.0021472607070440047
23.76478261,2.885217841796033,2.8845440227872357,2.888154411357317,34.12748284210463,-0.2935539586173042,0.26071638716670575,0.005281405908619551,FUSED,ACCEPTED,ACCEPTED,-0.002936569561284408,-0.0036103885700815574,,True,0.00025527796658486156
23.81478261,2.8821995290952307,2.8815257100864335,2.885136098656515,34.27181510485497,-0.2935539586173042,0.2854309749679726,0.010281405908619623,MODEL_ONLY,DUPLICATE_OR_OLD,DUPLICATE_OR_OLD,-0.002936569561284408,-0.0036103885700815574,,False,
23.86478261,2.8726830781864754,2.872402922710217,2.8750355803406062,34.415819396829896,-0.2858184783781108,0.3071913375140858,0.006044523775242009,FUSED,ACCEPTED,ACCEPTED,-0.0023525021541308533,-0.0026326576303894456,,True,-2.254597691512877e-05
23.914782610000003,2.872097520958064,2.8718173654818053,2.8744500231121948,34.559556536916226,-0.2858184783781108,0.3263506041765915,0.011044523775242437,MODEL_ONLY,DUPLICATE_OR_OLD,DUPLICATE_OR_OLD,-0.0023525021541308533,-0.0026326576303894456,,False,
23.96478261,2.8720976693628533,2.871990101461564,2.8728512400137496,34.70323906849437,-0.28316585864858357,0.3432196934790796,0.0061604212515853456,FUSED,ACCEPTED,ACCEPTED,-0.000753570650896318,-0.0008611385521857251,,True,0.0
24.01478261,2.8732308308478163,2.873123262946527,2.8739844014987126,34.846909959532184,-0.28316585864858357,0.3580723587145538,0.011160421251585416,MODEL_ONLY,DUPLICATE_OR_OLD,DUPLICATE_OR_OLD,-0.000753570650896318,-0.0008611385521857251,,False,
24.06478261,2.879513208129935,2.8794720895637407,2.879653232382222,34.99075090037921,-0.2773079277549008,0.38226220879093814,0.006177431584977274,FUSED,ACCEPTED,ACCEPTED,-0.00014002425228731852,-0.0001811428184814723,,True,0.0
24.11478261,2.8832136760956297,2.8831725575294356,2.883353700347917,35.134826073697454,-0.2773079277549008,0.4035605574355093,0.01117743158497699,MODEL_ONLY,DUPLICATE_OR_OLD,DUPLICATE_OR_OLD,-0.00014002425228731852,-0.0001811428184814723,,False,
24.164782610000003,2.8878517680101163,2.887810649443922,2.8879917922624037,35.27910971101272,-0.2773079277549008,0.4223130364113361,0.016177431584977416,MODEL_ONLY,DUPLICATE_OR_OLD,DUPLICATE_OR_OLD,-0.00014002425228731852,-0.0001811428184814723,,False,
24.21478261,2.9202802352360537,2.919344728203526,2.91178234550321,35.424104064456856,-0.2773079277549008,0.4388239628501501,0.006792551697934444,FUSED,ACCEPTED,ACCEPTED,0.0084978897328436,0.0075623827003159505,,True,-0.001357837976081933
24.26478261,2.9264707392170557,2.925535232184528,2.917972849484212,35.56984794433154,-0.2773079277549008,0.4533612777416584,0.011792551697934514,MODEL_ONLY,DUPLICATE_OR_OLD,DUPLICATE_OR_OLD,0.0084978897328436,0.0075623827003159505,,False,
24.31478261,2.9501580097332574,2.9491485774083714,2.937129059276304,35.716225492050555,-0.20119250442031045,0.46616089410710054,0.00626761940678801,FUSED,ACCEPTED,ACCEPTED,0.013028950456953403,0.012019518132067475,,True,-0.0010534549926065357
24.36478261,2.96135774726489,2.960348314940004,2.9483287968079366,35.863361938452655,-0.20119250442031045,0.4774305254197016,0.011267619406787726,MODEL_ONLY,DUPLICATE_OR_OLD,DUPLICATE_OR_OLD,0.013028950456953403,0.012019518132067475,,False,
24.414782610000003,2.999440427893802,2.9987911589760294,2.980990300544689,36.011594915886484,-0.16415422392533283,0.4873530563999961,0.00619303148673771,FUSED,ACCEPTED,ACCEPTED,0.01845012734911311,0.017800858431340494,,True,-0.00042786995452774243
24.46478261,3.0134250287235793,3.0127757598058067,2.994974901374466,36.16099404593445,-0.16415422392533283,0.49608951088762315,0.011193031486737427,MODEL_ONLY,DUPLICATE_OR_OLD,DUPLICATE_OR_OLD,0.01845012734911311,0.017800858431340494,,False,
24.51478261,3.054074325014353,3.053641113545141,3.028052225398521,36.31156972410378,-0.1209636608767195,0.49266908660324366,0.006182190669658314,FUSED,ACCEPTED,ACCEPTED,0.02602209961583224,0.025588888146620192,,True,-0.0002997852798430137
24.56478261,3.0698968543606266,3.0694636428914146,3.0438747547447944,36.46336789860736,-0.1209636608767195,0.48965751816891934,0.011182190669658386,MODEL_ONLY,DUPLICATE_OR_OLD,DUPLICATE_OR_OLD,0.02602209961583224,0.025588888146620192,,False,
24.61478261,3.109687394964986,3.109592582974636,3.0816903866589205,36.61650702714244,-0.0882121211775797,0.48700593354649774,0.0061806098938891494,FUSED,ACCEPTED,ACCEPTED,0.027997008306065663,0.027902196315715333,,True,0.00011430646942443487
24.664782610000003,3.1268981905153543,3.126803378525004,3.0989011822092887,36.77102181636416,-0.0882121211775797,0.4846713025516548,0.011180609893889576,MODEL_ONLY,DUPLICATE_OR_OLD,DUPLICATE_OR_OLD,0.027997008306065663,0.027902196315715333,,False,
24.71478261,3.156433691725895,3.1562310133863254,3.121818481581071,36.92653980795891,-0.08326484698234927,0.48261573855569906,0.006180379280494128,FUSED,ACCEPTED,ACCEPTED,0.03461521014482427,0.03441253180525461,,True,-0.00026934229718739156
24.76478261,3.1736985800413167,3.173495901701747,3.1390833698964924,37.083062354245854,-0.08326484698234927,0.4808058836575143,0.011180379280494198,MODEL_ONLY,DUPLICATE_OR_OLD,DUPLICATE_OR_OLD,0.03461521014482427,0.03441253180525461,,False,
24.81478261,3.2012828131287634,3.2017601020591373,3.1654094713681045,37.24067467527747,-0.06085482190044689,0.46553715665013023,0.006180345634850862,FUSED,ACCEPTED,ACCEPTED,0.03587334176065893,0.03635063069103284,,True,0.000897530791306618
24.86478261,3.21823258634238,3.218709875272754,3.182359244581721,37.3993688931762,-0.06085482190044689,0.45209355653953986,0.01118034563485058,MODEL_ONLY,DUPLICATE_OR_OLD,DUPLICATE_OR_OLD,0.03587334176065893,0.03635063069103284,,False,
24.914782610000003,3.242059566141505,3.2425422301741587,3.209945716945871,37.559176517214404,-0.04992618247265479,0.4402569192189498,0.006180340726026129,FUSED,ACCEPTED,ACCEPTED,0.03211384919563409,0.032596513228287716,,True,0.0004859860273753007
24.96478261,3.2584428514263744,3.258925515459028,3.2263290022307403,37.72008338519381,-0.04992618247265479,0.4298351585367963,0.011180340726025846,MODEL_ONLY,DUPLICATE_OR_OLD,DUPLICATE_OR_OLD,0.03211384919563409,0.032596513228287716,,False,
25.01478261,3.2845100392713773,3.285477999132779,3.2550769067087093,37.882118532917296,-0.01808220124042681,0.4004355752584626,0.006180340009838381,FUSED,ACCEPTED,ACCEPTED,0.029433132562667996,0.03040109242406963,,True,0.0012678891626227151
25.06478261,3.2997212772867424,3.300689237148144,3.2702881447240744,38.045252659203115,-0.01808220124042681,0.3745502319144624,0.011180340009838453,MODEL_ONLY,DUPLICATE_OR_OLD,DUPLICATE_OR_OLD,0.029433132562667996,0.03040109242406963,,False,
25.11478261,3.304714601844647,3.305862361032381,3.274845597848743,38.20888100276743,-0.05276368200371673,0.35175905852628286,0.006180339905348001,FUSED,ACCEPTED,ACCEPTED,0.029869003995904198,0.03101676318363822,,True,0.0012588812817213822
25.164782610000003,3.3052020873881207,3.306065154686607,3.283787108781429,38.372846820433196,-0.06927760002423275,0.3316921976194303,0.005278640453983076,FUSED,ACCEPTED,ACCEPTED,0.021414978606691726,0.0222780459051779,,True,0.0006084311320922308
25.21478261,3.3148272439755124,3.3156903112739986,3.2934122653688207,38.53727680478694,-0.06927760002423275,0.3140240021388194,0.010278640453982793,MODEL_ONLY,DUPLICATE_OR_OLD,DUPLICATE_OR_OLD,0.021414978606691726,0.0222780459051779,,False,
25.26478261,3.3236745879967287,3.324537655295215,3.302259609390037,38.70216860165591,-0.06927760002423275,0.29846775081529797,0.015278640453982865,MODEL_ONLY,DUPLICATE_OR_OLD,DUPLICATE_OR_OLD,0.021414978606691726,0.0222780459051779,,False,
25.31478261,3.308573034578599,3.3096126880055303,3.2889153795407085,38.86694797637919,-0.10387095203756136,0.28477099522381083,0.006697341805951339,FUSED,ACCEPTED,ACCEPTED,0.01965765503789063,0.020697308464821873,,True,0.0011267332924904463
25.36478261,3.31440289660962,3.3154425500365514,3.2947452415717295,39.03153949190699,-0.10387095203756136,0.27271146302473503,0.011697341805951056,MODEL_ONLY,DUPLICATE_OR_OLD,DUPLICATE_OR_OLD,0.01965765503789063,0.020697308464821873,,False,
25.414782610000003,3.302224131042178,3.302873135082772,3.2889559379351234,39.196132021394675,-0.12040013708382247,0.2620934509057946,0.006254308735047638,FUSED,ACCEPTED,ACCEPTED,0.013268193107054405,0.013917197147648608,,True,0.00041504501233844207
25.46478261,3.3062291931040924,3.3068781971446866,3.292960999997038,39.36067994484297,-0.12040013708382247,0.2527446486888584,0.011254308735047354,MODEL_ONLY,DUPLICATE_OR_OLD,DUPLICATE_OR_OLD,0.013268193107054405,0.013917197147648608,,False,
25.51478261,3.2988639642455113,3.300154740788153,3.290625131765504,39.52526959813704,-0.11847210772393256,0.22253315455975392,0.006191101391806675,FUSED,ACCEPTED,ACCEPTED,0.008238832480007119,0.009529609022648877,,True,0.0016856087760567934
25.56478261,3.300124842893203,3.301415619435845,3.291886010413196,39.689832376691506,-0.11847210772393256,0.19593295104450748,0.011191101391806745,MODEL_ONLY,DUPLICATE_OR_OLD,DUPLICATE_OR_OLD,0.008238832480007119,0.009529609022648877,,False,
25.61478261,3.2925559771293087,3.2937308625392143,3.289302440063168,39.854362087953405,-0.11881925073515077,0.1725123673412063,0.00618190932469592,FUSED,ACCEPTED,ACCEPTED,0.0032535370661408436,0.0044284224760464674,,True,0.0011033083566017816
25.664782610000003,3.2977498565911127,3.298383417284202,3.296792015871414,40.019014449351786,-0.08510216468422896,0.1518913318408932,0.005278990271032447,FUSED,ACCEPTED,ACCEPTED,0.0009578407196988437,0.0015914014127882403,,True,0.00014945310368142924
25.71478261,3.2975693450529113,3.2982029057460007,3.2966115043332125,40.18384953735689,-0.08510216468422896,0.13373520428694516,0.010278990271032164,MODEL_ONLY,DUPLICATE_OR_OLD,DUPLICATE_OR_OLD,0.0009578407196988437,0.0015914014127882403,,False,
25.76478261,3.2965895405603134,3.297223101253403,3.2956316998406145,40.34865561746124,-0.08510216468422896,0.11774934519901055,0.015278990271032234,MODEL_ONLY,DUPLICATE_OR_OLD,DUPLICATE_OR_OLD,0.0009578407196988437,0.0015914014127882403,,False,
25.81478261,3.248060067416357,3.248713690548315,3.249934347820392,40.512294768652765,-0.215106903725409,0.10367433443363873,0.006697379961984093,FUSED,ACCEPTED,ACCEPTED,-0.0018742804040350336,-0.001220657272077208,,True,0.0006635163458701995
25.86478261,3.222341418964652,3.222728883017075,3.2280579079121896,40.67424457504607,-0.20499404286259784,0.09128176128786136,0.005391148600650817,FUSED,ACCEPTED,ACCEPTED,-0.0057164889475376235,-0.005329024895114554,,True,0.00015992670611195137
25.914782610000003,3.2134980791945407,3.2138855432469637,3.2192145681420783,40.83542638694744,-0.20499404286259784,0.08037051782712379,0.010391148600651243,MODEL_ONLY,DUPLICATE_OR_OLD,DUPLICATE_OR_OLD,-0.0057164889475376235,-0.005329024895114554,,False,
25.96478261,3.1682325249100463,3.168403355544385,3.1764894594220916,40.99531898763654,-0.28458270856272627,0.07076353528532443,0.006061619678070166,FUSED,ACCEPTED,ACCEPTED,-0.008256934512045344,-0.008086103877706474,,True,3.0078684172823653e-05
26.01478261,3.1545064714923177,3.1546773021266565,3.162763406004363,41.1538003092722,-0.28458270856272627,0.062304910574899466,0.011061619678070237,MODEL_ONLY,DUPLICATE_OR_OLD,DUPLICATE_OR_OLD,-0.008256934512045344,-0.008086103877706474,,False,
26.06478261,3.1404080413596294,3.1405788719939682,3.1486649758716747,41.3115860188191,-0.28458270856272627,0.054857376275705694,0.016061619678070307,MODEL_ONLY,DUPLICATE_OR_OLD,DUPLICATE_OR_OLD,-0.008256934512045344,-0.008086103877706474,,False,
26.11478261,3.119998241923588,3.1194596184926855,3.1430940546948776,41.468879994583254,-0.2553145549213271,0.07028026154851198,0.006780592865522673,FUSED,ACCEPTED,ACCEPTED,-0.02309581277128947,-0.023634436202192077,,True,-0.0008754703002718869
26.164782610000003,3.1088133303002885,3.108274706869386,3.131909143071578,41.625755074527426,-0.2553145549213271,0.0838595928220945,0.0117805928655231,MODEL_ONLY,DUPLICATE_OR_OLD,DUPLICATE_OR_OLD,-0.02309581277128947,-0.023634436202192077,,False,
26.21478261,3.102377313450535,3.101823409163287,3.123882922039162,41.78214987615519,-0.24961601156460114,0.09581573686232644,0.006265952717994551,FUSED,ACCEPTED,ACCEPTED,-0.021505608588626934,-0.022059512875875154,,True,-0.0005630105545111515
26.26478261,3.0986379998229774,3.0982474988440267,3.115496505552272,41.93813436184497,-0.23606568102138267,0.10634271918795106,0.005297647778771607,FUSED,ACCEPTED,ACCEPTED,-0.016858505729294482,-0.01724900670824514,,True,-0.0002454592657568609
26.31478261,3.09000312089039,3.0896126199114393,3.1068616266196845,42.093693315149274,-0.23606568102138267,0.11561137273637845,0.01029764777877168,MODEL_ONLY,DUPLICATE_OR_OLD,DUPLICATE_OR_OLD,-0.016858505729294482,-0.01724900670824514,,False,
26.36478261,3.081776278828881,3.0813857778499303,3.0986347845581754,42.24883072542871,-0.23606568102138267,0.12377211015793317,0.015297647778771396,MODEL_ONLY,DUPLICATE_OR_OLD,DUPLICATE_OR_OLD,-0.016858505729294482,-0.01724900670824514,,False,
26.414782610000003,3.0753936802881694,3.0750133647009856,3.091609757609291,42.40358683898291,-0.24814306422280408,0.13095736472760872,0.0066994137389746345,FUSED,ACCEPTED,ACCEPTED,-0.016216077321121514,-0.01659639290830528,,True,-0.0003752975713635469
26.46478261,3.067238550532977,3.0668582349457933,3.0834546278540986,42.55796344861949,-0.24814306422280408,0.137283739485687,0.011699413738974351,MODEL_ONLY,DUPLICATE_OR_OLD,DUPLICATE_OR_OLD,-0.016216077321121514,-0.01659639290830528,,False,
26.51478261,3.056313786862424,3.055998407446066,3.073337588255729,42.71188325402224,-0.25887940919477415,0.1428538994837156,0.006254599408899187,FUSED,ACCEPTED,ACCEPTED,-0.01702380139330506,-0.017339180809663013,,True,-0.0002764941166456779
26.56478261,3.048145564776517,3.047830185360159,3.065169366169822,42.86534592788288,-0.25887940919477415,0.14775823784337677,0.011254599408899259,MODEL_ONLY,DUPLICATE_OR_OLD,DUPLICATE_OR_OLD,-0.01702380139330506,-0.017339180809663013,,False,
26.61478261,3.029416532426163,3.029186513802298,3.0448717533558516,43.01809695587101,-0.2866686203376644,0.152076342665241,0.006191143561455176,FUSED,ACCEPTED,ACCEPTED,-0.01545522092968854,-0.015685239553553387,,True,-0.00017750376924065975
26.664782610000003,3.0202648523205693,3.0200348336967044,3.035720073250258,43.170111751536176,-0.2866686203376644,0.1558782885925402,0.011191143561455603,MODEL_ONLY,DUPLICATE_OR_OLD,DUPLICATE_OR_OLD,-0.01545522092968854,-0.015685239553553387,,False,
26.71478261,2.999511642716137,2.9994879369138343,3.0179795986900584,43.32145424333468,-0.30647352974987596,0.1592257739895858,0.00618191547210001,FUSED,ACCEPTED,ACCEPTED,-0.01846795597392159,-0.018491661776224078,,True,0.00010371745274991712
26.76478261,2.989684458819761,2.9896607530174584,3.0081524147936824,43.472107543671775,-0.30647352974987596,0.16217312218908958,0.011181915472100082,MODEL_ONLY,DUPLICATE_OR_OLD,DUPLICATE_OR_OLD,-0.01846795597392159,-0.018491661776224078,,False,
26.81478261,2.970738475801556,2.9706538204813038,2.9894360335447834,43.622047254880236,-0.31756048893424343,0.1647681630567165,0.006180569748360791,FUSED,ACCEPTED,ACCEPTED,-0.018697557743227566,-0.018782213063479603,,True,-0.0001223205262372122
26.86478261,2.9606009382954577,2.9605162829752056,2.9792984960386852,43.77126561811981,-0.31756048893424343,0.16705300917899923,0.011180569748360507,MODEL_ONLY,DUPLICATE_OR_OLD,DUPLICATE_OR_OLD,-0.018697557743227566,-0.018782213063479603,,False,
26.914782610000003,2.9558815036750787,2.9557955878079647,2.97457299371879,43.92011240536376,-0.29069589830128967,0.16906473927066662,0.0061803734234523065,FUSED,ACCEPTED,ACCEPTED,-0.0186914900437114,-0.01877740591082544,,True,-8.669491685180455e-05
26.96478261,2.948287523928503,2.948201608061389,2.9669790139722143,44.06865120555603,-0.29069589830128967,0.19105957373649668,0.011180373423452024,MODEL_ONLY,DUPLICATE_OR_OLD,DUPLICATE_OR_OLD,-0.0186914900437114,-0.01877740591082544,,False,
27.01478261,2.9405527875854243,2.9400994439335055,2.954664741037489,44.21669229943127,-0.3130021609794864,0.21042528503084978,0.006180344780322306,FUSED,ACCEPTED,ACCEPTED,-0.014111953452064618,-0.014565297103983355,,True,-0.0006804260406796155
27.06478261,2.9336643231122013,2.9332109794602825,2.947776276564266,44.36425332487132,-0.3130021609794864,0.22747614188175422,0.011180344780322378,MODEL_ONLY,DUPLICATE_OR_OLD,DUPLICATE_OR_OLD,-0.014111953452064618,-0.014565297103983355,,False,
27.11478261,2.939710673875635,2.9384606649123484,2.9527286249687617,44.511765947409636,-0.28345225268567015,0.25616405802245545,0.006180340601352093,FUSED,ACCEPTED,ACCEPTED,-0.013017951093126534,-0.014267960056413287,,True,-0.001742375054481892
27.164782610000003,2.9444101537081395,2.943786448819932,2.9520220300692204,44.6593847137856,-0.28213572028587314,0.2814228024099415,0.0052786406091309855,FUSED,ACCEPTED,ACCEPTED,-0.007611876361080849,-0.008235581249288249,,True,-6.352152938932315e-05
27.21478261,2.9428743180010732,2.942250613112866,2.950486194362154,44.80694741939637,-0.28213572028587314,0.30366227651126887,0.010278640609130703,MODEL_ONLY,DUPLICATE_OR_OLD,DUPLICATE_OR_OLD,-0.007611876361080849,-0.008235581249288249,,False,
27.26478261,2.9549778672484783,2.9547175996564103,2.958333276881073,44.954667906177455,-0.26196034314064676,0.3232433847689206,0.006044091074902205,FUSED,ACCEPTED,ACCEPTED,-0.003355409632594508,-0.0036156772246624946,,True,-2.2394796027618946e-05
27.31478261,2.9562918811428447,2.9560316135507767,2.959647290775439,45.10261742036887,-0.26196034314064676,0.340483891394703,0.011044091074902276,MODEL_ONLY,DUPLICATE_OR_OLD,DUPLICATE_OR_OLD,-0.003355409632594508,-0.0036156772246624946,,False,
27.36478261,2.9583648793214574,2.9581046117293894,2.961720288954052,45.2506516098621,-0.26196034314064676,0.3556635770796271,0.01604409107490199,MODEL_ONLY,DUPLICATE_OR_OLD,DUPLICATE_OR_OLD,-0.003355409632594508,-0.0036156772246624946,,False,
27.414782610000003,2.989743392661521,2.9888441501534615,2.9863928400478983,45.399354438087165,-0.21493782233264813,0.3801413576526602,0.006778775073210472,FUSED,ACCEPTED,ACCEPTED,0.003350552613622604,0.002451310105563209,,True,-0.0012028787704745879
27.46478261,3.0198043799426166,3.019391481372777,3.0148356479104588,45.54938515028611,-0.173318738249115,0.40169321940639185,0.005408373535065855,FUSED,ACCEPTED,ACCEPTED,0.004968732032157863,0.004555833462318137,,True,0.0
27.51478261,3.029559724918842,3.0291468263490025,3.0245909928866843,45.70037081630604,-0.173318738249115,0.42066890814035235,0.010408373535065926,MODEL_ONLY,DUPLICATE_OR_OLD,DUPLICATE_OR_OLD,0.004968732032157863,0.004555833462318137,,False,
27.56478261,3.040150442650894,3.039737544081054,3.035181710618736,45.85186513389368,-0.173318738249115,0.43737636325688223,0.015408373535065998,MODEL_ONLY,DUPLICATE_OR_OLD,DUPLICATE_OR_OLD,0.004968732032157863,0.004555833462318137,,False,
27.61478261,3.078072105727541,3.077451802896304,3.061375480694581,46.004279063676506,-0.14939990340486625,0.45208671503300885,0.0067114321361290835,FUSED,ACCEPTED,ACCEPTED,0.0166966250329601,0.01607632220172306,,True,-0.0007219298722363279
27.664782610000003,3.091241881266467,3.09062157843523,3.074545256233507,46.157677082099724,-0.14939990340486625,0.4650386845500984,0.011711432136129511,MODEL_ONLY,DUPLICATE_OR_OLD,DUPLICATE_OR_OLD,0.0166966250329601,0.01607632220172306,,False,
27.71478261,3.1278303755788097,3.1270258692135475,3.103160371078355,46.31211972278251,-0.11626693553875969,0.476442457683778,0.00625628459416287,FUSED,ACCEPTED,ACCEPTED,0.024670004500454645,0.023865498135192453,,True,-0.0009147324263949382
27.76478261,3.1437290200846184,3.142924513719356,3.1190590155841638,46.467675207449076,-0.11626693553875969,0.4864830960216672,0.011256284594162941,MODEL_ONLY,DUPLICATE_OR_OLD,DUPLICATE_OR_OLD,0.024670004500454645,0.023865498135192453,,False,
27.81478261,3.1716566424316697,3.171300370640526,3.150300189288904,46.624409187570905,-0.1179503168646028,0.4953235400615912,0.006191388022118301,FUSED,ACCEPTED,ACCEPTED,0.021356453142765464,0.021000181351621627,,True,-8.05417671510128e-05
27.86478261,3.1877466968239623,3.1873904250328184,3.166390243681197,46.782326448395146,-0.1179503168646028,0.491994675077216,0.011191388022118018,MODEL_ONLY,DUPLICATE_OR_OLD,DUPLICATE_OR_OLD,0.021356453142765464,0.021000181351621627,,False,
27.914782610000003,3.2207542940477185,3.2206892109791156,3.195025899373365,46.94136185197152,-0.07858538817972893,0.4890637215242149,0.006181951108679285,FUSED,ACCEPTED,ACCEPTED,0.025728394674353616,0.02566331160575075,,True,0.00011475866092854059
27.96478261,3.2385370168999397,3.238471933831337,3.212808622225586,47.10155771501149,-0.07858538817972893,0.4864831155909107,0.011181951108679002,MODEL_ONLY,DUPLICATE_OR_OLD,DUPLICATE_OR_OLD,0.025728394674353616,0.02566331160575075,,False,
28.01478261,3.270178630394978,3.270559437643536,3.241212539224986,47.26290824404776,-0.05658366834183932,0.4705357682443221,0.006180574947034757,FUSED,ACCEPTED,ACCEPTED,0.028966091169992048,0.029346898418550094,,True,0.0006563551810458805
28.06478261,3.2909780437657243,3.2911578345643737,3.268652244531025,47.42565486364166,-0.06262118188229605,0.4564946657707134,0.005278692847098587,FUSED,ACCEPTED,ACCEPTED,0.02232579923469924,0.02250559003334862,,True,0.0
28.11478261,3.3074414185399874,3.307621209338637,3.285115619305288,47.58949906023756,-0.06262118188229605,0.4441319477343159,0.010278692847098304,MODEL_ONLY,DUPLICATE_OR_OLD,DUPLICATE_OR_OLD,0.02232579923469924,0.02250559003334862,,False,
28.164782610000003,3.323360545462153,3.3235403362608023,3.3010347462274536,47.75415281937589,-0.06262118188229605,0.43324699069231953,0.015278692847098731,MODEL_ONLY,DUPLICATE_OR_OLD,DUPLICATE_OR_OLD,0.02232579923469924,0.02250559003334862,,False,
28.21478261,3.3400596417583035,3.3405928151927666,3.309698740014624,47.91942115653193,-0.058653290189687395,0.4236631524572934,0.006697347520747323,FUSED,ACCEPTED,ACCEPTED,0.03036090174367967,0.0308940751781428,,True,0.000707436459441331
28.26478261,3.355276059006974,3.355809232441437,3.3249151572632942,48.085286503963886,-0.058653290189687395,0.41522490552983266,0.011697347520747393,MODEL_ONLY,DUPLICATE_OR_OLD,DUPLICATE_OR_OLD,0.03036090174367967,0.0308940751781428,,False,
28.31478261,3.35988525343146,3.360326014675554,3.3297265686475876,48.25165254711166,-0.08610849521629538,0.4077953131825239,0.0062543095368449465,FUSED,ACCEPTED,ACCEPTED,0.030158684783872403,0.03059944602796616,,True,0.00038541581257819924
28.36478261,3.372019176821914,3.3724599380660076,3.3418604920380415,48.418442223628794,-0.08610849521629538,0.381030233392124,0.011254309536844663,MODEL_ONLY,DUPLICATE_OR_OLD,DUPLICATE_OR_OLD,0.030158684783872403,0.03059944602796616,,False,
28.414782610000003,3.3714450421424345,3.372299798095659,3.3467886489897003,48.585658452154505,-0.09232855556633013,0.3574644816790805,0.00619110150812914,FUSED,ACCEPTED,ACCEPTED,0.024656393152734157,0.02551114910595853,,True,0.0011094543814734875
28.46478261,3.381052232377443,3.3819069883306674,3.356395839224709,48.753238064359856,-0.09232855556633013,0.3367156306332545,0.011191101508128857,MODEL_ONLY,DUPLICATE_OR_OLD,DUPLICATE_OR_OLD,0.024656393152734157,0.02551114910595853,,False,
28.51478261,3.382552526269784,3.3838113775419485,3.360975929472223,48.92117235857728,-0.09092539876086345,0.3184469657943696,0.006181909341653195,FUSED,ACCEPTED,ACCEPTED,0.021576596797561187,0.022835448069725484,,True,0.0015084299180252725
28.56478261,3.390512193884184,3.3917710451563483,3.368935597086623,49.089420146741254,-0.09092539876086345,0.30236202141560015,0.011181909341653265,MODEL_ONLY,DUPLICATE_OR_OLD,DUPLICATE_OR_OLD,0.021576596797561187,0.022835448069725484,,False,
28.61478261,3.3900614166261844,3.3909200707307563,3.3734691253830342,49.25798026480299,-0.09812223810006748,0.28819976938734065,0.00618056885404804,FUSED,ACCEPTED,ACCEPTED,0.016592291243150203,0.01745094534772207,,True,0.0006113426414164937
28.664782610000003,3.396329660365172,3.397188314469744,3.379737369122022,49.42681042716563,-0.09812223810006748,0.2757303832465522,0.011180568854048466,MODEL_ONLY,DUPLICATE_OR_OLD,DUPLICATE_OR_OLD,0.016592291243150203,0.01745094534772207,,False,
28.71478261,3.3975350342627397,3.398450835274986,3.3832001426809524,49.59588386496069,-0.09653238455276424,0.26475150852960844,0.00618037329297612,FUSED,ACCEPTED,ACCEPTED,0.014334891581787357,0.015250692594033666,,True,0.0009511192437565742
28.764782610000005,3.4028505004639404,3.4037663014761868,3.388515608882153,49.76517675874978,-0.09653238455276424,0.2550849789435129,0.011180373292976546,MODEL_ONLY,DUPLICATE_OR_OLD,DUPLICATE_OR_OLD,0.014334891581787357,0.015250692594033666,,False,
28.81478261,3.3990833134001517,3.3998512931285476,3.3866487598008237,49.93455586796684,-0.11272534689328519,0.24657392506522935,0.006180344761286187,FUSED,ACCEPTED,ACCEPTED,0.012434553599327991,0.01320253332772392,,True,0.0006766213393317386
28.86478261,3.402788893969588,3.4035568736979838,3.39035434037026,50.10398094547111,-0.11272534689328519,0.2390802286487561,0.011180344761285904,MODEL_ONLY,DUPLICATE_OR_OLD,DUPLICATE_OR_OLD,0.012434553599327991,0.01320253332772392,,False,
28.914782610000003,3.4040001859708533,3.404705868537946,3.394613330806379,50.27360513725054,-0.10249593855552053,0.23248228122821926,0.006180340598574812,FUSED,ACCEPTED,ACCEPTED,0.009386855164474461,0.010092537731567042,,True,0.000667180815601796
28.96478261,3.4075968760569073,3.408302558624,3.398210020892433,50.443425721043,-0.10249593855552053,0.2266730106433502,0.011180340598574529,MODEL_ONLY,DUPLICATE_OR_OLD,DUPLICATE_OR_OLD,0.009386855164474461,0.010092537731567042,,False,
29.014782610000005,3.4089106873366095,3.4093291977944054,3.4013143964662738,50.61341383147698,-0.10537404121104264,0.22155814346159738,0.006180339991243538,FUSED,ACCEPTED,ACCEPTED,0.0075962908703357535,0.008014801328131593,,True,0.0002410283414289137
29.06478261,3.4118825555126855,3.4123010659704813,3.4042862646423497,50.783553848004686,-0.10537404121104264,0.21705467509930315,0.011180339991243255,MODEL_ONLY,DUPLICATE_OR_OLD,DUPLICATE_OR_OLD,0.0075962908703357535,0.008014801328131593,,False,
29.11478261,3.418660437411398,3.418993039179824,3.412085048384379,50.953963130830346,-0.08884157478242356,0.21308952281489169,0.006180339902634998,FUSED,ACCEPTED,ACCEPTED,0.006575389027018819,0.006907990795444796,,True,0.0002795072788068006
29.164782610000003,3.422086112139676,3.422418713908102,3.415510723112657,51.12465302511779,-0.08884157478242356,0.20959833971472536,0.011180339902635426,MODEL_ONLY,DUPLICATE_OR_OLD,DUPLICATE_OR_OLD,0.006575389027018819,0.006907990795444796,,False,
29.21478261,3.4215052873714313,3.4216585963358845,3.414498140583367,51.29540324671018,-0.10635296338744032,0.2065244705251861,0.0061803398897072905,FUSED,ACCEPTED,ACCEPTED,0.007007146788064134,0.007160455752517336,,True,4.249991776301108e-05
29.264782610000005,3.4237663772929796,3.423919686257433,3.4167592305049155,51.4661846809874,-0.10635296338744032,0.2038180321851428,0.011180339889707718,MODEL_ONLY,DUPLICATE_OR_OLD,DUPLICATE_OR_OLD,0.007007146788064134,0.007160455752517336,,False,
29.31478261,3.4235167933651303,3.4238328490866947,3.4178442132823514,51.637049767082075,-0.10427713636903743,0.2014351043385768,0.006180339887821163,FUSED,ACCEPTED,ACCEPTED,0.005672580082778822,0.005988635804343279,,True,0.00041663874900445784
29.36478261,3.4256576238578704,3.425973679579435,3.4199850437750916,51.807995498508504,-0.10427713636903743,0.1993370165905849,0.01118033988782088,MODEL_ONLY,DUPLICATE_OR_OLD,DUPLICATE_OR_OLD,0.005672580082778822,0.005988635804343279,,False,
29.414782610000003,3.425781122038503,3.425957920515096,3.4211047160187107,51.97902274250336,-0.10666038811015739,0.1974897209602879,0.006180339887545981,FUSED,ACCEPTED,ACCEPTED,0.004676406019792356,0.004853204496385377,,True,9.073276602271536e-05
29.46478261,3.4329081137382875,3.432991586655876,3.429779951890977,52.1502948592011,-0.08569469571616913,0.19586323934674268,0.005278640450014627,FUSED,ACCEPTED,ACCEPTED,0.003128161847310462,0.0032116347648987187,,True,0.0
29.514782610000005,3.435732774286206,3.4358162472037943,3.4326046124388956,52.32185447330936,-0.08569469571616913,0.19443117704127608,0.010278640450015055,MODEL_ONLY,DUPLICATE_OR_OLD,DUPLICATE_OR_OLD,0.003128161847310462,0.0032116347648987187,,False,
29.56478261,3.438494390701634,3.4385778636192224,3.4353662288543236,52.49355374434168,-0.08569469571616913,0.19317029439147618,0.015278640450014772,MODEL_ONLY,DUPLICATE_OR_OLD,DUPLICATE_OR_OLD,0.003128161847310462,0.0032116347648987187,,False,
29.61478261,3.4447387131469087,3.444801316146926,3.4401852195374962,52.665442530551466,-0.0858291401542553,0.19206012966575314,0.00669734180551848,FUSED,ACCEPTED,ACCEPTED,0.0045534936094124845,0.004616096609429743,,True,5.231142370459765e-05
29.664782610000003,3.4473892259707735,3.4474518289707907,3.442835732361361,52.837518054348955,-0.0858291401542553,0.19108266699828327,0.011697341805518907,MODEL_ONLY,DUPLICATE_OR_OLD,DUPLICATE_OR_OLD,0.0045534936094124845,0.004616096609429743,,False,
29.71478261,3.4460500154531912,3.4461141606943517,3.440718421959104,53.009606908206955,-0.1001997487950661,0.19022204402571063,0.0062543087349869065,FUSED,ACCEPTED,ACCEPTED,0.005331593494087183,0.005395738735247679,,True,6.506888587111403e-05
29.764782610000005,3.4479010792186564,3.447965224459817,3.4425694857245692,53.18168910589906,-0.1001997487950661,0.18946429447110394,0.011254308734987332,MODEL_ONLY,DUPLICATE_OR_OLD,DUPLICATE_OR_OLD,0.005331593494087183,0.005395738735247679,,False,
29.81478261,3.4498575796761357,3.4500118652237193,3.445324780508331,53.353886462554875,-0.09226521194967852,0.18879712149779823,0.006191101391797916,FUSED,ACCEPTED,ACCEPTED,0.00453279916780458,0.004687084715388146,,True,0.00020974180099497808
29.86478261,3.4520426404680684,3.452196926015652,3.447509841300264,53.52620732810008,-0.09226521194967852,0.18820969815508087,0.011191101391797633,MODEL_ONLY,DUPLICATE_OR_OLD,DUPLICATE_OR_OLD,0.00453279916780458,0.004687084715388146,,False,
29.914782610000003,3.4526998913300013,3.452758798951058,3.4498158413185434,53.698640470165564,-0.09778333449974204,0.18769249167733712,0.006181909324694694,FUSED,ACCEPTED,ACCEPTED,0.0028840500114579726,0.00294295763251462,,True,0.0
29.96478261,3.454560416525945,3.454619324147002,3.451676366514487,53.87117777536138,-0.09778333449974204,0.1872371087853625,0.01118190932469441,MODEL_ONLY,DUPLICATE_OR_OLD,DUPLICATE_OR_OLD,0.0028840500114579726,0.00294295763251462,,False,
30.014782610000005,3.4590918872843126,3.4591255857583665,3.4558246783931397,54.04386530148409,-0.09778333449974204,0.18683615947937574,0.006180568851574177,FUSED,ACCEPTED,ACCEPTED,0.0032672088911729347,0.003300907365226813,,True,1.8119875449102568e-05
30.06478261,3.460914713896656,3.4609484123707097,3.457647505005483,54.21670210606904,-0.09778333449974204,0.18648313711335282,0.011180568851573893,MODEL_ONLY,DUPLICATE_OR_OLD,DUPLICATE_OR_OLD,0.0032672088911729347,0.003300907365226813,,False,
30.11478261,3.4661839654133852,3.4662077513892617,3.462630780417809,54.38970906320461,-0.08099151347658348,0.1861723128045148,0.006180373292615093,FUSED,ACCEPTED,ACCEPTED,0.0035531849955763306,0.0035769709714528197,,True,1.7659801779274214e-05
30.164782610000003,3.468817158344441,3.4688409443203176,3.465263973348865,54.56290643204879,-0.08099151347658348,0.18589864246443671,0.011180373292615519,MODEL_ONLY,DUPLICATE_OR_OLD,DUPLICATE_OR_OLD,0.0035531849955763306,0.0035769709714528197,,False,
30.21478261,3.4708073485325808,3.4707120651550576,3.4658501236530355,54.73618428447383,-0.08981077071432941,0.18565768494306906,0.006180344761233514,FUSED,ACCEPTED,ACCEPTED,0.004957224879545308,0.004861941502022127,,True,-0.00016887213301525032
30.264782610000005,3.4729769229763927,3.4728816395988695,3.4680196980968474,54.90953103001759,-0.08981077071432941,0.1854455299573037,0.01118034476123394,MODEL_ONLY,DUPLICATE_OR_OLD,DUPLICATE_OR_OLD,0.004957224879545308,0.004861941502022127,,False,
30.31478261,3.4741190744882955,3.4741635546936793,3.4692033873556793,55.08296160715389,-0.09021712135152225,0.1852587346345032,0.006180340598567128,FUSED,ACCEPTED,ACCEPTED,0.004915687132616142,0.004960167337999977,,True,0.00013085882399210737
30.36478261,3.476250768284443,3.476295248489827,3.471335081151827,55.25647506886657,-0.09021712135152225,0.18509426764121398,0.011180340598566844,MODEL_ONLY,DUPLICATE_OR_OLD,DUPLICATE_OR_OLD,0.004915687132616142,0.004960167337999977,,False,
30.414782610000003,3.4741130202197468,3.474134408348464,3.4696319017584853,55.42999924343934,-0.10126702906261419,0.1849494599903795,0.006180339991242416,FUSED,ACCEPTED,ACCEPTED,0.004481118461261424,0.004502506589978861,,True,7.116441094142702e-06
30.46478261,3.4756786033347162,3.4756999914634337,3.471197484873455,55.603519978105126,-0.10126702906261419,0.18482196172874768,0.011180339991242133,MODEL_ONLY,DUPLICATE_OR_OLD,DUPLICATE_OR_OLD,0.004481118461261424,0.004502506589978861,,False,
30.514782610000005,3.477238573553328,3.4772599616820457,3.472757455092067,55.77711885160428,-0.10126702906261419,0.18470970380159074,0.01618033999124256,MODEL_ONLY,DUPLICATE_OR_OLD,DUPLICATE_OR_OLD,0.004481118461261424,0.004502506589978861,,False,
30.56478261,3.4787936018056542,3.4788149899343717,3.474312483344393,55.95079560006518,-0.10126702906261419,0.18461086447587538,0.021180339991242275,MODEL_ONLY,DUPLICATE_OR_OLD,DUPLICATE_OR_OLD,0.004481118461261424,0.004502506589978861,,False,
30.61478261,3.473489216710359,3.473496588878459,3.4706080499971397,56.1244186133987,-0.11039560762362292,0.18452383977699413,0.007236067985425055,FUSED,ACCEPTED,ACCEPTED,0.002881166713219141,0.002888538881319125,,True,2.0185475502923315e-06
30.664782610000003,3.4745796336838057,3.4745870058519057,3.4716984669705866,56.29797627632291,-0.11039560762362292,0.18444721745930265,0.01223606798542548,MODEL_ONLY,DUPLICATE_OR_OLD,DUPLICATE_OR_OLD,0.002881166713219141,0.002888538881319125,,False,
30.71478261,3.4693722251014445,3.469454483769639,3.4667570121970908,56.4714376633021,-0.12292078552611616,0.18437975408805415,0.0063283980619554606,FUSED,ACCEPTED,ACCEPTED,0.0026152129043537364,0.0026974715725480714,,True,0.00012570622256562278
30.764782610000005,3.4698300400498425,3.469912298718037,3.467214827145489,56.644786959285675,-0.12292078552611616,0.18432035486081416,0.011328398061955888,MODEL_ONLY,DUPLICATE_OR_OLD,DUPLICATE_OR_OLD,0.0026152129043537364,0.0026974715725480714,,False,
30.81478261,3.46862647804757,3.4687469299253597,3.4670054591205943,56.81814246644232,-0.11856018051758731,0.18426805584089545,0.006201819808228308,FUSED,ACCEPTED,ACCEPTED,0.001621018926975637,0.0017414708047653882,,True,0.0001438425432123663
30.86478261,3.4692974059190784,3.469417857796868,3.467676386992103,56.99150951259512,-0.11856018051758731,0.1842220083144957,0.011201819808228024,MODEL_ONLY,DUPLICATE_OR_OLD,DUPLICATE_OR_OLD,0.001621018926975637,0.0017414708047653882,,False,
30.914782610000003,3.4646753851361924,3.464693027943981,3.4631369004591854,57.16477984478142,-0.13308701459557779,0.18418146501768382,0.006183471196584756,FUSED,ACCEPTED,ACCEPTED,0.0015384846770070126,0.0015561274847954998,,True,-4.581245292758812e-05
30.96478261,3.4646161592885627,3.464633802096351,3.4630776746115557,57.33793520915818,-0.13308701459557779,0.18414576800972496,0.011183471196584471,MODEL_ONLY,DUPLICATE_OR_OLD,DUPLICATE_OR_OLD,0.0015384846770070126,0.0015561274847954998,,False,
31.014782610000005,3.4661474431691244,3.4662561847503177,3.465643437645962,57.51115323696464,-0.11955370821129546,0.18411433799595162,0.006180796684702259,FUSED,ACCEPTED,ACCEPTED,0.0005040055231622098,0.0006127471043555488,,True,0.00016503282569772565
31.06478261,3.466761927486568,3.4668706690677613,3.4662579219634058,57.68445077095486,-0.11955370821129546,0.18408666492691092,0.011180796684701975,MODEL_ONLY,DUPLICATE_OR_OLD,DUPLICATE_OR_OLD,0.0005040055231622098,0.0006127471043555488,,False,
31.11478261,3.4677534011183972,3.46768571868709,3.466702793357208,57.857774788837865,-0.12294950986112628,0.1840622997212303,0.0061804065321498305,FUSED,ACCEPTED,ACCEPTED,0.0010506077611891484,0.0009829253298820895,,True,-0.00017671538928659735
31.164782610000003,3.468195804455898,3.468128122024591,3.467145196694709,58.03112098858918,-0.12294950986112628,0.18404084697787954,0.011180406532150258,MODEL_ONLY,DUPLICATE_OR_OLD,DUPLICATE_OR_OLD,0.0010506077611891484,0.0009829253298820895,,False,
31.21478261,3.46871137253588,3.4686860245581004,3.4678014897959173,58.20449465575143,-0.12245860343964086,0.18402195855956258,0.006180349610797742,FUSED,ACCEPTED,ACCEPTED,0.0009098827399625087,0.0008845347621830868,,True,8.160456296495274e-07
31.264782610000005,3.4691765452427163,3.469151197264937,3.468266662502754,58.37789635955891,-0.12245860343964086,0.18400532794311025,0.011180349610798168,MODEL_ONLY,DUPLICATE_OR_OLD,DUPLICATE_OR_OLD,0.0009098827399625087,0.0008845347621830868,,False,
31.31478261,3.470473825955788,3.470460844356761,3.469476376259322,58.55133993552795,-0.12013049656020791,0.18399068524519122,0.006180341306108618,FUSED,ACCEPTED,ACCEPTED,0.0009974496964657575,0.0009844680974389064,,True,-5.338761233279667e-06
31.36478261,3.4710540272515713,3.4710410456525445,3.4700565775551055,58.7248282593733,-0.12013049656020791,0.18397779284261773,0.011180341306108335,MODEL_ONLY,DUPLICATE_OR_OLD,DUPLICATE_OR_OLD,0.0009974496964657575,0.0009844680974389064,,False,
31.414782610000003,3.4721071571087445,3.472102529431144,3.4710300456992753,58.89835542495467,-0.12014627277755123,0.18396644151617259,0.006180340094471321,FUSED,ACCEPTED,ACCEPTED,0.0010771114094692003,0.0010724837318685232,,True,5.353293270431419e-07
31.46478261,3.4715852760286974,3.4715831893302553,3.470727371771993,59.07189936039144,-0.12449251384982574,0.18395644705537834,0.005278640496140843,FUSED,ACCEPTED,ACCEPTED,0.0008579042567045114,0.0008558175582624727,,True,1.860223672600636e-07
31.514782610000005,3.4719458691813245,3.4719437824828825,3.47108796492462,59.245444743808875,-0.12449251384982574,0.18394764726911103,0.010278640496141269,MODEL_ONLY,DUPLICATE_OR_OLD,DUPLICATE_OR_OLD,0.0008579042567045114,0.0008558175582624727,,False,
31.56478261,3.4723060749381736,3.4723039882397315,3.471448170681469,59.419008147199015,-0.12449251384982574,0.18393989935354615,0.015278640496140986,MODEL_ONLY,DUPLICATE_OR_OLD,DUPLICATE_OR_OLD,0.0008579042567045114,0.0008558175582624727,,False,
31.61478261,3.4744283515952117,3.4744278689584736,3.473686104391006,59.59263650407582,-0.11756418930281208,0.18393307757472369,0.00669734181054972,FUSED,ACCEPTED,ACCEPTED,0.0007422472042057926,0.0007417645674676621,,True,3.0837373642459125e-07
31.664782610000003,3.4751343321731403,3.475133849536402,3.4743920849689345,59.766338458809834,-0.11756418930281208,0.18392707122812468,0.011697341810550148,MODEL_ONLY,DUPLICATE_OR_OLD,DUPLICATE_OR_OLD,0.0007422472042057926,0.0007417645674676621,,False,
31.71478261,3.479269810385097,3.479269785616111,3.4781340264166487,59.940151611594466,-0.11037868025604321,0.18392178284214702,0.0062543087356928,FUSED,ACCEPTED,ACCEPTED,0.0011357839684484894,0.001135759199462516,,True,2.4944696857794393e-07
31.764782610000005,3.4803345691837744,3.4803345444147884,3.479198785215326,60.11408493188528,-0.11037868025604321,0.18391712659632642,0.011254308735693226,MODEL_ONLY,DUPLICATE_OR_OLD,DUPLICATE_OR_OLD,0.0011357839684484894,0.001135759199462516,,False,
31.81478261,3.4811689149893423,3.481110299726026,3.4792439134751856,60.28804599935253,-0.11612860198622671,0.18391302692863318,0.006191101391900326,FUSED,ACCEPTED,ACCEPTED,0.0019250015141567545,0.0018663862508403462,,True,-9.466139439621513e-05
31.86478261,3.481945792237156,3.4818871769738395,3.480020790722999,60.46202761695748,-0.11612860198622671,0.18390941730924398,0.011191101391900042,MODEL_ONLY,DUPLICATE_OR_OLD,DUPLICATE_OR_OLD,0.0019250015141567545,0.0018663862508403462,,False,
31.914782610000003,3.485754676186968,3.485758072612385,3.4839900810289826,60.63612788875129,-0.10585876278960885,0.1839062391608891,0.006181909324709623,FUSED,ACCEPTED,ACCEPTED,0.00176459515798566,0.0017679915834025728,,True,4.169628361218661e-05
31.96478261,3.4870447465745635,3.4870481429999804,3.485280151416578,60.81035964456242,-0.10585876278960885,0.18390344090825453,0.01118190932470934,MODEL_ONLY,DUPLICATE_OR_OLD,DUPLICATE_OR_OLD,0.00176459515798566,0.0017679915834025728,,False,
32.014782610000005,3.4874340401407693,3.487435394043266,3.4853694858113213,60.98462588549313,-0.11373636316391796,0.18390097714101253,0.006180568851576355,FUSED,ACCEPTED,ACCEPTED,0.002064554329447965,0.0020659082319447464,,True,9.167634052419105e-08
32.06478261,3.4908688755813206,3.4909326726343597,3.489277561274407,61.15899206167026,-0.10246107643671859,0.1838988078768983,0.005278691488375259,FUSED,ACCEPTED,ACCEPTED,0.001591314306913727,0.0016551113599527767,,True,0.00011964676101995381
32.11478261,3.4923285031367914,3.4923923001898305,3.4907371888298777,61.33349243042286,-0.10246107643671859,0.18389689791287367,0.010278691488374975,MODEL_ONLY,DUPLICATE_OR_OLD,DUPLICATE_OR_OLD,0.001591314306913727,0.0016551113599527767,,False,
32.16478261,3.492998732054932,3.4930239829625083,3.491254021299112,61.508042210676095,-0.11026135902713391,0.18389521625384864,0.006044099037088777,FUSED,ACCEPTED,ACCEPTED,0.0017447107558199448,0.00176996166339638,,True,2.2212114194177304e-08
32.21478261,3.4940681873657224,3.494093438273299,3.4923234766099025,61.68263164812381,-0.11026135902713391,0.1838937356096899,0.011044099037088494,MODEL_ONLY,DUPLICATE_OR_OLD,DUPLICATE_OR_OLD,0.0017447107558199448,0.00176996166339638,,False,
32.264782610000005,3.4951375774936464,3.495162828401223,3.4933928667378265,61.857274556707516,-0.11026135902713391,0.1838924319523538,0.01604409903708892,MODEL_ONLY,DUPLICATE_OR_OLD,DUPLICATE_OR_OLD,0.0017447107558199448,0.00176996166339638,,False,
32.31478261,3.4972110639738454,3.4972192553853527,3.4950368249322223,62.03198529899926,-0.10575393598161625,0.1838912841259568,0.006778775899389794,FUSED,ACCEPTED,ACCEPTED,0.0021742390416230606,0.0021824304531303795,,True,8.48653260356741e-08
32.36478261,3.4985057173316,3.4985139087431074,3.496331478289977,62.2067695065798,-0.10575393598161625,0.18389027350345563,0.01177877589938951,MODEL_ONLY,DUPLICATE_OR_OLD,DUPLICATE_OR_OLD,0.0021742390416230606,0.0021824304531303795,,False,
32.41478261,3.5031336476001202,3.503136731723857,3.5007771541034356,62.381697222389654,-0.09800408337702819,0.1838893836843658,0.006265699359234783,FUSED,ACCEPTED,ACCEPTED,0.002356493496684653,0.0023595776204214935,,True,4.0226016890729244e-08
32.46478261,3.504815709924362,3.504818794048099,3.5024592164276775,62.55677813165292,-0.09800408337702819,0.18388860022861284,0.0112656993592345,MODEL_ONLY,DUPLICATE_OR_OLD,DUPLICATE_OR_OLD,0.002356493496684653,0.0023595776204214935,,False,
32.514782610000005,3.5102783576736796,3.510279552045955,3.5073558790683967,62.73202350904034,-0.09186414405649214,0.18388791042219726,0.00619275319372601,FUSED,ACCEPTED,ACCEPTED,0.00292247860528283,0.002923672977558134,,True,3.257073231391003e-08
32.56478261,3.510289316283199,3.510289879858995,3.508466474093206,62.90741906786937,-0.0963028062159816,0.1619071145677526,0.005281405908619474,FUSED,ACCEPTED,ACCEPTED,0.001822842189993068,0.001823405765789321,,True,0.0
32.61478261,3.5099897006439686,3.509990264219765,3.5081668584539756,63.08283490118304,-0.0963028062159816,0.14255376379811788,0.01028140590861919,MODEL_ONLY,DUPLICATE_OR_OLD,DUPLICATE_OR_OLD,0.001822842189993068,0.001823405765789321,,False,
32.66478261,3.508838086313488,3.508838649889284,3.5070152441234947,63.25821445374749,-0.0963028062159816,0.12551378997311036,0.015281405908619618,MODEL_ONLY,DUPLICATE_OR_OLD,DUPLICATE_OR_OLD,0.001822842189993068,0.001823405765789321,,False,
32.71478261,3.5069363158177698,3.506936879393566,3.5051134736277767,63.43351767169126,-0.0963028062159816,0.11051066666836289,0.020281405908619335,MODEL_ONLY,DUPLICATE_OR_OLD,DUPLICATE_OR_OLD,0.001822842189993068,0.001823405765789321,,False,
32.764782610000005,3.504374058072455,3.5043746216482514,3.502551215882462,63.608709288929035,-0.0963028062159816,0.09730092167643237,0.025281405908619763,MODEL_ONLY,DUPLICATE_OR_OLD,DUPLICATE_OR_OLD,0.001822842189993068,0.001823405765789321,,False,
32.81478261,3.4994074213490824,3.4994074213490824,3.4994074213490824,63.78375825485981,-0.0963028062159816,0.08567018591512808,0.03028140590861948,MODEL_ONLY,MISSING_OR_STALE,MISSING_OR_STALE,0.0,0.0,33.31478261,False,
32.86478261,3.4957516032511604,3.4957516032511604,3.4957516032511604,63.95863723047481,-0.0963028062159816,0.07542971462427893,0.035281405908619196,MODEL_ONLY,MISSING_OR_STALE,MISSING_OR_STALE,0.0,0.0,33.36478261,False,
32.91478261,3.491644965641855,3.491644965641855,3.491644965641855,64.13332214469715,-0.0963028062159816,0.06641332439661894,0.04028140590861962,MODEL_ONLY,MISSING_OR_STALE,MISSING_OR_STALE,0.0,0.0,33.41478261,False,
32.96478261,3.4871413966295486,3.4871413966295486,3.4871413966295486,64.30779180375391,-0.0963028062159816,0.05847469633659355,0.04528140590861934,MODEL_ONLY,MISSING_OR_STALE,MISSING_OR_STALE,0.0,0.0,33.46478261,False,
33.014782610000005,3.4833873523046917,3.4833873523046917,3.4833873523046917,64.48205502247728,-0.0963028062159816,0.07346519008558709,0.05028140590861977,MODEL_ONLY,MISSING_OR_STALE,MISSING_OR_STALE,0.0,0.0,33.514782610000005,False,
33.06478261,3.480293239234498,3.480293239234498,3.480293239234498,64.65614703726575,-0.0963028062159816,0.08666381517884465,0.05528140590861949,MODEL_ONLY,MISSING_OR_STALE,MISSING_OR_STALE,0.0,0.0,33.56478261,False,
33.11478261,3.477780173417548,3.477780173417548,3.477780173417548,64.83009887258204,-0.0963028062159816,0.09828476024371886,0.060281405908619204,MODEL_ONLY,MISSING_OR_STALE,MISSING_OR_STALE,0.0,0.0,33.61478261,False,
33.16478261,3.47577870014621,3.47577870014621,3.47577870014621,65.00393784442115,-0.0963028062159816,0.10851661115596502,0.06528140590861962,MODEL_ONLY,MISSING_OR_STALE,MISSING_OR_STALE,0.0,0.0,33.66478261,False,
33.21478261,3.474227666888597,3.474227666888597,3.474227666888597,65.17768800359701,-0.0963028062159816,0.11752541143046627,0.07028140590861934,MODEL_ONLY,MISSING_OR_STALE,MISSING_OR_STALE,0.0,0.0,33.71478261,False,
33.264782610000005,3.4730732308990735,3.4730732308990735,3.4730732308990735,65.35137052604172,-0.0963028062159816,0.12545735679225228,0.07528140590861976,MODEL_ONLY,MISSING_OR_STALE,MISSING_OR_STALE,0.0,0.0,33.764782610000005,False,
33.31478261,3.472267985452715,3.472267985452715,3.472267985452715,65.5250040564505,-0.0963028062159816,0.13244116765554995,0.08028140590861947,MODEL_ONLY,MISSING_OR_STALE,MISSING_OR_STALE,0.0,0.0,33.81478261,False,
33.36478261,3.4717701905241656,3.4717701905241656,3.4717701905241656,65.69860501084992,-0.0963028062159816,0.1385901780117357,0.08528140590861918,MODEL_ONLY,MISSING_OR_STALE,MISSING_OR_STALE,0.0,0.0,33.86478261,False,
33.41478261,3.471543095426272,3.471543095426272,3.471543095426272,65.8721878429987,-0.0963028062159816,0.14400417462484433,0.0902814059086196,MODEL_ONLY,MISSING_OR_STALE,MISSING_OR_STALE,0.0,0.0,33.91478261,False,
33.46478261,3.4715543424162005,3.4715543424162005,3.4715543424162005,66.04576527894476,-0.0963028062159816,0.14877101638129978,0.09528140590861932,MODEL_ONLY,MISSING_OR_STALE,MISSING_OR_STALE,0.0,0.0,33.96478261,False,
33.514782610000005,3.4717754415907067,3.4717754415907067,3.4717754415907067,66.21934852354494,-0.0963028062159816,0.1529680600728448,0.10028140590861974,MODEL_ONLY,MISSING_OR_STALE,MISSING_OR_STALE,0.0,0.0,34.014782610000005,False,
33.56478261,3.4721813085490907,3.4721813085490907,3.4721813085490907,66.39294744229842,-0.0963028062159816,0.1566634157504017,0.10528140590861945,MODEL_ONLY,MISSING_OR_STALE,MISSING_OR_STALE,0.0,0.0,34.06478261,False,
33.61478261,3.4727498573209994,3.4727498573209994,3.4727498573209994,66.56657072144516,-0.0963028062159816,0.15991705202089457,0.11028140590861917,MODEL_ONLY,MISSING_OR_STALE,MISSING_OR_STALE,0.0,0.0,34.11478261,False,
33.66478261,3.3074089483497144,3.3074089483497144,3.3074089483497144,66.73607469158694,-0.0963028062159816,0.16278176922388565,0.009201796952430915,FUSED,ACCEPTED,ACCEPTED,0.0,0.0,34.11478261,False,
33.71478261,3.3082468473346203,3.3082468473346203,3.3082468473346203,66.90146608647903,-0.0963028062159816,0.16530405628084288,0.014201796952430632,MODEL_ONLY,DUPLICATE_OR_OLD,DUPLICATE_OR_OLD,0.0,0.0,34.11478261,False,
33.764782610000005,3.3073293445643426,3.3073293445643426,3.3073293445643426,67.06685549127653,-0.07629332926271694,0.1675248451220776,0.006575553204383371,FUSED,ACCEPTED,ACCEPTED,0.0,0.0,34.11478261,False,
33.81478261,3.3093765233295827,3.3093765233295827,3.3093765233295827,67.23227313797386,-0.07629332926271694,0.1694801749342604,0.011575553204383087,MODEL_ONLY,DUPLICATE_OR_OLD,DUPLICATE_OR_OLD,0.0,0.0,34.11478261,False,
33.86478261,3.3115097821985096,3.3115097821985096,3.3115097821985096,67.39779529561206,-0.07629332926271694,0.1712017770080018,0.016575553204382802,MODEL_ONLY,DUPLICATE_OR_OLD,DUPLICATE_OR_OLD,0.0,0.0,34.11478261,False,
33.91478261,3.3141628127059826,3.3141628127059826,3.3141628127059826,67.56343711048468,-0.06908679567342305,0.17271758967645504,0.006832992937519832,FUSED,ACCEPTED,ACCEPTED,0.0,0.0,34.11478261,False,
33.96478261,3.3167989199890453,3.3167989199890453,3.3167989199890453,67.72921115380205,-0.06908679567342305,0.17405221170142124,0.011832992937519549,MODEL_ONLY,DUPLICATE_OR_OLD,DUPLICATE_OR_OLD,0.0,0.0,34.11478261,False,
34.014782610000005,3.312927603148563,3.312927603148563,3.312927603148563,67.89495431688051,-0.0894704025011379,0.17522730146455334,0.006273244649493713,FUSED,ACCEPTED,ACCEPTED,0.0,0.0,34.11478261,False,
34.06478261,3.319456767387342,3.319456767387342,3.319456767387342,68.0607639261439,-0.06793769124142361,0.17626192844176994,0.005299259626463176,FUSED,ACCEPTED,ACCEPTED,0.0,0.0,34.11478261,False,
34.11478261,3.3223063634401657,3.3223063634401657,3.3223063634401657,68.22680800441458,-0.06793769124142361,0.17717288266464676,0.010299259626462894,MODEL_ONLY,DUPLICATE_OR_OLD,DUPLICATE_OR_OLD,0.0,0.0,34.11478261,False,
34.16478261,3.325196062719295,3.325196062719295,3.325196062719295,68.39299556506857,-0.06793769124142361,0.17797494719075227,0.015299259626463321,MODEL_ONLY,DUPLICATE_OR_OLD,DUPLICATE_OR_OLD,0.0,0.0,34.11478261,False,
34.21478261,3.3353200606307505,3.3352967777106066,3.3314316898506497,68.55941125888282,-0.062493751375145165,0.1786811380046058,0.006699589322220234,FUSED,ACCEPTED,ACCEPTED,0.003888370780100736,0.0038650878599568728,34.11478261,True,-3.475275725693238e-05
34.264782610000005,3.338548355305776,3.3385250723856323,3.3346599845256755,68.72606355074224,-0.062493751375145165,0.17930291524239583,0.01169958932222066,MODEL_ONLY,DUPLICATE_OR_OLD,DUPLICATE_OR_OLD,0.003888370780100736,0.0038650878599568728,34.11478261,False,
34.31478261,3.3452985670879385,3.345242779423922,3.3394747750377323,68.89291691973132,-0.060014311816765704,0.1798503691682322,0.0062546240395998775,FUSED,ACCEPTED,ACCEPTED,0.005823792050206222,0.005768004386189851,34.11478261,True,-7.525206116149909e-05
34.36478261,3.348702307174762,3.3486465195107455,3.3428785151245557,69.05997575198536,-0.060014311816765704,0.18033238391997658,0.011254624039599594,MODEL_ONLY,DUPLICATE_OR_OLD,DUPLICATE_OR_OLD,0.005823792050206222,0.005768004386189851,34.11478261,False,
34.41478261,3.354868621166675,3.3548344317906063,3.3484413135848623,69.22725874770312,-0.05650501052014601,0.18075678168193307,0.0061911471347230376,FUSED,ACCEPTED,ACCEPTED,0.006427307581812869,0.006393118205743953,34.11478261,True,-2.090190298190478e-05
34.46478261,3.358487729603533,3.358453540227464,3.35206042202172,69.39477129109328,-0.05650501052014601,0.18113044962404856,0.011191147134722754,MODEL_ONLY,DUPLICATE_OR_OLD,DUPLICATE_OR_OLD,0.006427307581812869,0.006393118205743953,34.11478261,False,
34.514782610000005,3.3630137615630824,3.362971656525805,3.3557388596602133,69.56246627313534,-0.05774822930815331,0.1814594516676059,0.00618191599300269,FUSED,ACCEPTED,ACCEPTED,0.007274901902869058,0.007232796865591862,34.11478261,True,-4.699391954259523e-05
34.56478261,3.366601642923895,3.366559537886618,3.359326741021026,69.73034291315237,-0.05774822930815331,0.18174912689115355,0.011181915993002407,MODEL_ONLY,DUPLICATE_OR_OLD,DUPLICATE_OR_OLD,0.007274901902869058,0.007232796865591862,34.11478261,False,
34.61478261,3.368253799874152,3.368234053248984,3.3622150274657323,69.89838145736454,-0.06413499979848036,0.1820041761736142,0.006180569824350217,FUSED,ACCEPTED,ACCEPTED,0.006038772408419657,0.006019025783251752,34.11478261,True,-5.9297124367753765e-06
34.66478261,3.3715463232899223,3.3715265766647544,3.3655075508815027,70.06657452182323,-0.06413499979848036,0.18222873848062487,0.011180569824350645,MODEL_ONLY,DUPLICATE_OR_OLD,DUPLICATE_OR_OLD,0.006038772408419657,0.006019025783251752,34.11478261,False,
34.71478261,3.3800550772809737,3.380090120438949,3.373127233615671,70.23504039143565,-0.04518526715831515,0.1824264580320913,0.00618037343453882,FUSED,ACCEPTED,ACCEPTED,0.006927843665302635,0.006962886823278058,34.11478261,True,6.890462499347782e-05
34.764782610000005,3.384313677576769,3.3843487207347445,3.3773858339114664,70.40380321812384,-0.04518526715831515,0.18260054344095836,0.011180373434539247,MODEL_ONLY,DUPLICATE_OR_OLD,DUPLICATE_OR_OLD,0.006927843665302635,0.006962886823278058,34.11478261,False,
34.81478261,3.3899496346167495,3.3898009999565684,3.381333864409269,70.57277121058185,-0.05097036895520588,0.18275381978290656,0.006180344781939854,FUSED,ACCEPTED,ACCEPTED,0.008615770207480278,0.008467135547299165,34.11478261,True,-0.0002621535594204555
34.86478261,3.3939333913727503,3.393784756712569,3.38531762116527,70.7419374977212,-0.05097036895520588,0.18288877444196683,0.01118034478193957,MODEL_ONLY,DUPLICATE_OR_OLD,DUPLICATE_OR_OLD,0.008615770207480278,0.008467135547299165,34.11478261,False,
34.91478261,3.3973778670511106,3.3973421724592505,3.3887983495817213,70.91129039698988,-0.052968184031847915,0.183007597476041,0.006180340601588142,FUSED,ACCEPTED,ACCEPTED,0.00857951746938923,0.008543822877529195,34.11478261,True,3.410618793992133e-05
34.96478261,3.398767658804937,3.3987508061052893,3.3929384224233288,71.08083381629,-0.06049023288812752,0.18311221715738363,0.005278640609183445,FUSED,ACCEPTED,ACCEPTED,0.005829236381608371,0.005812383681960576,34.11478261,True,0.0
35.014782610000005,3.402291200205434,3.402274347505786,3.3964619638238256,71.25056882594619,-0.06049023288812752,0.1832043312647999,0.010278640609183872,MODEL_ONLY,DUPLICATE_OR_OLD,DUPLICATE_OR_OLD,0.005829236381608371,0.005812383681960576,34.11478261,False,
35.06478261,3.405818796774459,3.405801944074811,3.3999895603928505,71.4204801140516,-0.06049023288812752,0.18328543463537228,0.015278640609183589,MODEL_ONLY,DUPLICATE_OR_OLD,DUPLICATE_OR_OLD,0.005829236381608371,0.005812383681960576,34.11478261,False,
35.11478261,3.4119107254319996,3.411901415004897,3.4046289677312807,71.59059557725469,-0.04872113952072713,0.18335684342282843,0.0066973418228799,FUSED,ACCEPTED,ACCEPTED,0.007281757700718927,0.0072724472736163115,34.11478261,True,-5.591108489860427e-06
35.16478261,3.4160334907604373,3.4160241803333347,3.4087517330597183,71.76093009477448,-0.04872113952072713,0.18341971645621744,0.011697341822880326,MODEL_ONLY,DUPLICATE_OR_OLD,DUPLICATE_OR_OLD,0.007281757700718927,0.0072724472736163115,34.11478261,False,
35.21478261,3.4254057430228513,3.4253615791797536,3.4172474277571463,71.93158007379489,-0.038329560108120754,0.18347507404550517,0.00625430873742275,FUSED,ACCEPTED,ACCEPTED,0.008158315265704985,0.008114151422607296,34.11478261,True,-6.5037474580764e-05
35.264782610000005,3.430053292226072,3.430009128382974,3.421894976960367,72.10255863391285,-0.038329560108120754,0.18352381453926808,0.011254308737423176,MODEL_ONLY,DUPLICATE_OR_OLD,DUPLICATE_OR_OLD,0.008158315265704985,0.008114151422607296,34.11478261,False,
35.31478261,3.4441378759443264,3.4440207827520806,3.434395411857888,72.2739658936333,-0.01821079469856049,0.18356672890318487,0.006191101392151302,FUSED,ACCEPTED,ACCEPTED,0.009742464086438307,0.009625370894192464,34.11478261,True,-0.00016196089491266573
35.36478261,3.4497953983688565,3.4496783051766107,3.440052934282418,72.4458271022868,-0.01821079469856049,0.18360451355590796,0.011191101392151018,MODEL_ONLY,DUPLICATE_OR_OLD,DUPLICATE_OR_OLD,0.009742464086438307,0.009625370894192464,34.11478261,False,
35.41478261,3.4654421206468826,3.4653557508551445,3.4544976500131614,72.61819086689421,-0.003834640687445382,0.18363778167061598,0.00618190932474621,FUSED,ACCEPTED,ACCEPTED,0.01094447063372117,0.01085810084198302,34.11478261,True,-6.739430652404066e-05
35.46478261,3.4718215787504554,3.4717352089587172,3.460877108116734,72.79107523584744,-0.003834640687445382,0.18366707312565028,0.011181909324745927,MODEL_ONLY,DUPLICATE_OR_OLD,DUPLICATE_OR_OLD,0.01094447063372117,0.01085810084198302,34.11478261,False,
35.514782610000005,3.477779208764533,3.4777342707586927,3.465613090873138,72.9642374908222,-0.01893141321522992,0.18369286326571552,0.0061805688515816914,FUSED,ACCEPTED,ACCEPTED,0.01216611789139499,0.0121211798855545,34.11478261,True,-1.933423741790237e-05
35.56478261,3.4834062531162253,3.483361315110385,3.4712401352248303,73.13765882147464,-0.01893141321522992,0.18371557061582175,0.011180568851581408,MODEL_ONLY,DUPLICATE_OR_OLD,DUPLICATE_OR_OLD,0.01216611789139499,0.0121211798855545,34.11478261,False,
35.61478261,3.4861926507695826,3.486174952310603,3.4750619107197966,73.31131637262325,-0.02399131849758606,0.18373556367315075,0.006180373292616189,FUSED,ACCEPTED,ACCEPTED,0.011130740049785981,0.011113041590806283,34.11478261,True,-8.637314057331064e-07
35.66478261,3.4904695702455637,3.490451871786584,3.4793388301957777,73.48517639114615,-0.02399131849758606,0.16177297838394475,0.011180373292616615,MODEL_ONLY,DUPLICATE_OR_OLD,DUPLICATE_OR_OLD,0.011130740049785981,0.011113041590806283,34.11478261,False,
35.71478261,3.495563215790189,3.4964753102477326,3.4867613935221993,73.6593288967391,-0.005674511808514752,0.14243566140394961,0.006180344761233674,FUSED,ACCEPTED,ACCEPTED,0.008801822267989756,0.009713916725533345,34.11478261,True,0.0014867368960754896
35.764782610000005,3.4989378169209737,3.4998499113785173,3.490135994652984,73.8337513314435,-0.005674511808514752,0.12540980479094463,0.011180344761234102,MODEL_ONLY,DUPLICATE_OR_OLD,DUPLICATE_OR_OLD,0.008801822267989756,0.009713916725533345,34.11478261,False,
35.81478261,3.5088028121819805,3.5097266813362213,3.501765910838886,74.00854887908078,0.017728699511473486,0.11041911121611156,0.006180340598567151,FUSED,ACCEPTED,ACCEPTED,0.007036901343094648,0.007960770497335456,34.11478261,True,0.0009311463148146933
35.86478261,3.5119380991483635,3.5128619683026043,3.504901197805269,74.18371555679687,0.017728699511473486,0.09722031018292743,0.011180340598566867,MODEL_ONLY,DUPLICATE_OR_OLD,DUPLICATE_OR_OLD,0.007036901343094648,0.007960770497335456,34.11478261,False,
35.91478261,3.4814269282789274,3.482133589755113,3.475605326931408,74.3582282199153,-0.08462761835996174,0.0855992102088693,0.00618033999124242,FUSED,ACCEPTED,ACCEPTED,0.005821601347519412,0.006528262823704889,34.11478261,True,0.0005724197544295694
35.96478261,3.478351744987808,3.4790584064639933,3.4725301436402884,74.53193160667959,-0.08462761835996174,0.07536722290430461,0.011180339991242136,MODEL_ONLY,DUPLICATE_OR_OLD,DUPLICATE_OR_OLD,0.005821601347519412,0.006528262823704889,34.11478261,False,
36.014782610000005,3.461616027941233,3.4622585184613532,3.463804904678144,74.70533998288757,-0.06359429034126457,0.06635830254095597,0.006180339902634939,FUSED,ACCEPTED,ACCEPTED,-0.0021888767369109274,-0.0015463862167908182,34.11478261,True,0.0006028306884355216
36.06478261,3.458745462478082,3.459387952998202,3.460934339214993,74.87845846398488,-0.06359429034126457,0.058426251444984846,0.011180339902634655,MODEL_ONLY,DUPLICATE_OR_OLD,DUPLICATE_OR_OLD,-0.0021888767369109274,-0.0015463862167908182,34.11478261,False,
36.11478261,3.430597051690263,3.4310291716578716,3.4351446166078072,75.05086043788044,-0.12194826199252176,0.05144234748629567,0.006180339889707178,FUSED,ACCEPTED,ACCEPTED,-0.004547564917544378,-0.004115444949935654,34.11478261,True,0.0003021038160461245
36.16478261,3.4141960820746093,3.414783449701728,3.4205112448188473,75.22225183441613,-0.11722402048078251,0.04529325516275091,0.005278640450496543,FUSED,ACCEPTED,ACCEPTED,-0.006315162744237934,-0.005727795117119072,34.11478261,True,0.0007262253550968734
36.21478261,3.4077166768512406,3.4083040444783594,3.4140318395954785,75.39311541152648,-0.11722402048078251,0.03987918638014364,0.01027864045049626,MODEL_ONLY,DUPLICATE_OR_OLD,DUPLICATE_OR_OLD,-0.006315162744237934,-0.005727795117119072,34.11478261,False,
36.264782610000005,3.4009989263629072,3.401586293990026,3.407314089107145,75.56364905974407,-0.11722402048078251,0.03511228108087286,0.015278640450496688,MODEL_ONLY,DUPLICATE_OR_OLD,DUPLICATE_OR_OLD,-0.006315162744237934,-0.005727795117119072,34.11478261,False,
36.31478261,3.386795194168578,3.38722082962648,3.399568286456094,75.73382111913314,-0.11851554686250618,0.03091518144201927,0.006697341805571045,FUSED,ACCEPTED,ACCEPTED,-0.012773092287515997,-0.012347456829613801,34.11478261,True,0.0003458805208729626
36.36478261,3.379618242132353,3.3800438775902553,3.392391334419869,75.90362010965502,-0.11851554686250618,0.027219776504740077,0.011697341805570761,MODEL_ONLY,DUPLICATE_OR_OLD,DUPLICATE_OR_OLD,-0.012773092287515997,-0.012347456829613801,34.11478261,False,
36.41478261,3.3712117355909386,3.3714714252674756,3.3851098876332864,76.07305764020637,-0.11317084013575525,0.023966096862719645,0.0062543087349942825,FUSED,ACCEPTED,ACCEPTED,-0.013898152042347789,-0.013638462365810788,34.11478261,True,0.00016030512581170775
36.46478261,3.3635554534560557,3.363677635588523,3.3732476402064626,76.24201657840236,-0.1139612290077756,0.021101341472559435,0.0052950716371520596,FUSED,ACCEPTED,ACCEPTED,-0.00969218675040695,-0.009570004617939443,34.11478261,True,0.0
36.514782610000005,3.3561741795269833,3.3562963616594508,3.36586636627739,76.41049442856446,-0.1139612290077756,0.018579020793084638,0.010295071637152486,MODEL_ONLY,DUPLICATE_OR_OLD,DUPLICATE_OR_OLD,-0.00969218675040695,-0.009570004617939443,34.11478261,False,
36.56478261,3.3486818646756755,3.348804046808143,3.3583740514260825,76.57860043900703,-0.1139612290077756,0.016358202348355715,0.015295071637152203,MODEL_ONLY,DUPLICATE_OR_OLD,DUPLICATE_OR_OLD,-0.00969218675040695,-0.009570004617939443,34.11478261,False,
36.61478261,3.3457939910541765,3.3458464027407406,3.3550158431610257,76.7464351863717,-0.09985341414248204,0.014402846471292571,0.0066991330735997855,FUSED,ACCEPTED,ACCEPTED,-0.009221852106849227,-0.009169440420285113,34.11478261,True,1.8033662602744138e-05
36.66478261,3.3388232179011297,3.338875629587694,3.348045070007979,76.91401170920093,-0.09985341414248204,0.012681221448301297,0.011699133073600213,MODEL_ONLY,DUPLICATE_OR_OLD,DUPLICATE_OR_OLD,-0.009221852106849227,-0.009169440420285113,34.11478261,False,
36.71478261,3.331468019670091,3.331492641180046,3.3397933552908188,77.08120766983339,-0.10595396076214775,0.011165388573806528,0.0062545600366747545,FUSED,ACCEPTED,ACCEPTED,-0.008325335620727792,-0.008300714110772933,34.11478261,True,7.979821738703964e-06
36.764782610000005,3.326265455238813,3.32626774803059,3.33360931253515,77.24804273652906,-0.1031293721856642,0.031810937261221556,0.005295127265516297,FUSED,ACCEPTED,ACCEPTED,-0.007343857296336687,-0.0073415645045598055,34.11478261,True,-1.754691595450778e-05
36.81478261,3.320996255503752,3.320998548295529,3.3283401128000887,77.41459147216243,-0.1031293721856642,0.049988647851180054,0.010295127265516013,MODEL_ONLY,DUPLICATE_OR_OLD,DUPLICATE_OR_OLD,-0.007343857296336687,-0.0073415645045598055,34.11478261,False,
36.86478261,3.3165272988799184,3.3165295916716953,3.323871156176255,77.58089675388683,-0.1031293721856642,0.06599351007573115,0.01529512726551573,MODEL_ONLY,DUPLICATE_OR_OLD,DUPLICATE_OR_OLD,-0.007343857296336687,-0.0073415645045598055,34.11478261,False,
36.91478261,3.3192626449400238,3.3186852133906735,3.3269959580533905,77.7471684317426,-0.09606109378322568,0.08008525246315802,0.006699139134700835,FUSED,ACCEPTED,ACCEPTED,-0.00773331311336678,-0.008310744662717084,34.11478261,True,-0.0008630786081455875
36.96478261,3.3105556179330278,3.310276626697538,3.3156609708454474,77.91323485496505,-0.12535985939179917,0.09249255723888636,0.0053915222452266195,FUSED,ACCEPTED,ACCEPTED,-0.005105352912419647,-0.005384344147909559,34.11478261,True,-2.3895274646809107e-05
37.014782610000005,3.3068463000152932,3.3065673087798033,3.311951652927713,78.0789251705594,-0.12535985939179917,0.10341677140385765,0.010391522245227047,MODEL_ONLY,DUPLICATE_OR_OLD,DUPLICATE_OR_OLD,-0.005105352912419647,-0.005384344147909559,34.11478261,False,
37.06478261,3.3036179022380705,3.3033389110025806,3.30872325515049,78.24444204326134,-0.12535985939179917,0.11303517421407798,0.015391522245226764,MODEL_ONLY,DUPLICATE_OR_OLD,DUPLICATE_OR_OLD,-0.005105352912419647,-0.005384344147909559,34.11478261,False,
37.11478261,3.2940747445792167,3.293703206940603,3.2994897054353634,78.40964736727598,-0.136755121384124,0.12150385408638542,0.006709608712814419,FUSED,ACCEPTED,ACCEPTED,-0.005414960856146678,-0.005786498494760206,34.11478261,True,-0.00041692238331818374
37.16478261,3.291072837072529,3.2907012994339153,3.2964877979286755,78.57454680486009,-0.136755121384124,0.12896024161711225,0.011709608712814845,MODEL_ONLY,DUPLICATE_OR_OLD,DUPLICATE_OR_OLD,-0.005414960856146678,-0.005786498494760206,34.11478261,False,
37.21478261,3.281639360465575,3.281273071091653,3.2874564711638303,78.7391454115874,-0.15162043437128686,0.1355253398197456,0.006256029016553034,FUSED,ACCEPTED,ACCEPTED,-0.005817110698255412,-0.006183400072177214,34.11478261,True,-0.0003631485076204498
37.264782610000005,3.278511459617379,3.2781451702434574,3.2843285703156346,78.9034400376244,-0.15162043437128686,0.14130568777411626,0.01125602901655346,MODEL_ONLY,DUPLICATE_OR_OLD,DUPLICATE_OR_OLD,-0.005817110698255412,-0.006183400072177214,34.11478261,False,
37.31478261,3.258182949632618,3.257903784628321,3.2642139253506137,79.06715360001606,-0.1947796363112359,0.1463950895533898,0.006191350948882836,FUSED,ACCEPTED,ACCEPTED,-0.006030975717995712,-0.006310140722292523,34.11478261,True,-0.00022556989227045295
37.36478261,3.253375611123024,3.253096446118727,3.2594065868410196,79.23024411282084,-0.1947796363112359,0.15087613648609072,0.011191350948882552,MODEL_ONLY,DUPLICATE_OR_OLD,DUPLICATE_OR_OLD,-0.006030975717995712,-0.006310140722292523,34.11478261,False,
37.41478261,3.233305179399214,3.2330784050031895,3.241266455582478,79.39276093888144,-0.21410630685795465,0.15482154745655982,0.006181945704321723,FUSED,ACCEPTED,ACCEPTED,-0.007961276183264143,-0.008188050579288397,34.11478261,True,-0.0001944172391458391
37.46478261,3.2279024679876986,3.2276756935916744,3.235863744170963,79.55468919387526,-0.21410630685795465,0.15829534899438732,0.01118194570432144,MODEL_ONLY,DUPLICATE_OR_OLD,DUPLICATE_OR_OLD,-0.007961276183264143,-0.008188050579288397,34.11478261,False,
37.514782610000005,3.2300182493956253,3.2298877267906487,3.2378109520689247,79.71653106128127,-0.17418363405319787,0.1613539143034358,0.006180574158646547,FUSED,ACCEPTED,ACCEPTED,-0.007792702673299345,-0.007923225278275936,34.11478261,True,-7.104162981687919e-05
37.56478261,3.226899248079224,3.226768725474247,3.234691950752523,79.8783436338518,-0.17418363405319787,0.16404687809190904,0.011180574158646263,MODEL_ONLY,DUPLICATE_OR_OLD,DUPLICATE_OR_OLD,-0.007792702673299345,-0.007923225278275936,34.11478261,False,
37.61478261,3.225479158450426,3.2253776087222708,3.231618410241809,80.04000139287665,-0.18410077616312867,0.16641794204943672,0.006180374066892817,FUSED,ACCEPTED,ACCEPTED,-0.006139251791382971,-0.006240801519538319,34.11478261,True,-8.364376478373937e-05
37.66478261,3.222087235326059,3.2219856855979034,3.2282264871174418,80.20149751531065,-0.18410077616312867,0.16850558404252672,0.011180374066893244,MODEL_ONLY,DUPLICATE_OR_OLD,DUPLICATE_OR_OLD,-0.006139251791382971,-0.006240801519538319,34.11478261,False,
37.71478261,3.2121666479639974,3.21212024470464,3.2191325021069117,80.36268149004125,-0.2050931486309691,0.17034368253728682,0.00618034487419882,FUSED,ACCEPTED,ACCEPTED,-0.006965854142914285,-0.007012257402271516,34.11478261,True,-1.2320939275662149e-05
37.764782610000005,3.207897930333242,3.2078515270738848,3.2148637844761563,80.52353139720584,-0.2050931486309691,0.1719620663826125,0.011180344874199246,MODEL_ONLY,DUPLICATE_OR_OLD,DUPLICATE_OR_OLD,-0.006965854142914285,-0.007012257402271516,34.11478261,False,
37.81478261,3.207424347851383,3.207368539440103,3.214922949876673,80.68427606556466,-0.18361592577468064,0.17338699887577153,0.006180340615048538,FUSED,ACCEPTED,ACCEPTED,-0.007498602025290069,-0.007554410436569903,34.11478261,True,-6.162111304605818e-05
37.86478261,3.2133530472477267,3.2132392809812838,3.2187445523700373,80.84511775312082,-0.16044662099648865,0.17464160396585884,0.005278640612183934,FUSED,ACCEPTED,ACCEPTED,-0.005391505122310569,-0.005505271388753563,34.11478261,True,-0.00016560534465923397
37.91478261,3.2115058647551447,3.2113920984887017,3.2168973698774552,81.00600880117702,-0.16044662099648865,0.17574624151158824,0.01027864061218436,MODEL_ONLY,DUPLICATE_OR_OLD,DUPLICATE_OR_OLD,-0.005391505122310569,-0.005505271388753563,34.11478261,False,
37.96478261,3.2097073120711404,3.2095935458046974,3.215098817193451,81.16680870585378,-0.16044662099648865,0.1767188376831451,0.015278640612184077,MODEL_ONLY,DUPLICATE_OR_OLD,DUPLICATE_OR_OLD,-0.005391505122310569,-0.005505271388753563,34.11478261,False,
38.014782610000005,3.224074465966703,3.224006652845099,3.228236877681155,81.32789209822566,-0.13448860804252624,0.17757517586989646,0.0066973418232072575,FUSED,ACCEPTED,ACCEPTED,-0.004162411714452308,-0.004230224836056173,34.11478261,True,-4.515226098821424e-05
38.06478261,3.223654329686981,3.223586516565377,3.2278167414014334,81.48929343870272,-0.13448860804252624,0.17832915281483397,0.011697341823206975,MODEL_ONLY,DUPLICATE_OR_OLD,DUPLICATE_OR_OLD,-0.004162411714452308,-0.004230224836056173,34.11478261,False,
38.11478261,3.2425489197673247,3.242343707395318,3.2446370061772405,81.65110478239218,-0.09781948967413942,0.1789930041323304,0.006254308737468579,FUSED,ACCEPTED,ACCEPTED,-0.002088086409915757,-0.002293298781922637,34.11478261,True,-0.0002875004702305072
38.16478261,3.2440246569087274,3.2438194445367206,3.246112743318643,81.8133735261296,-0.09781948967413942,0.17957750286893082,0.011254308737469007,MODEL_ONLY,DUPLICATE_OR_OLD,DUPLICATE_OR_OLD,-0.002088086409915757,-0.002293298781922637,34.11478261,False,
38.21478261,3.259402024128369,3.2593081547167566,3.258351310458421,81.97598512747402,-0.08577023771281701,0.18009213432944488,0.006191101392157951,FUSED,ACCEPTED,ACCEPTED,0.0010507136699482444,0.0009568442583356429,34.11478261,True,-2.5368829894446138e-05
38.264782610000005,3.27096717754411,3.2709228809264514,3.269544038383653,82.13918251119509,-0.0712106294560256,0.18054525000543645,0.005281038104182527,FUSED,ACCEPTED,ACCEPTED,0.0014231391604568877,0.0013788425427985196,34.11478261,True,0.0
38.31478261,3.2738416927081753,3.273797396090517,3.2724185535477184,82.30273157599336,-0.0712106294560256,0.18094420310407552,0.010281038104182244,MODEL_ONLY,DUPLICATE_OR_OLD,DUPLICATE_OR_OLD,0.0014231391604568877,0.0013788425427985196,34.11478261,False,
38.36478261,3.2767337711108735,3.276689474493215,3.2753106319504166,82.46642480563081,-0.0712106294560256,0.18129546787673084,0.01528103810418196,MODEL_ONLY,DUPLICATE_OR_OLD,DUPLICATE_OR_OLD,0.0014231391604568877,0.0013788425427985196,34.11478261,False,
38.41478261,3.2939521600553805,3.2939257216582067,3.289459570104667,82.6305440606822,-0.048764255351357096,0.18160474468377788,0.006697603310165641,FUSED,ACCEPTED,ACCEPTED,0.004492589950713555,0.004466151553539799,34.11478261,True,-1.7633019267599206e-05
38.46478261,3.2979956363945067,3.297969197997333,3.293503046443793,82.7951181260959,-0.048764255351357096,0.18187705250062533,0.011697603310165358,MODEL_ONLY,DUPLICATE_OR_OLD,DUPLICATE_OR_OLD,0.004492589950713555,0.004466151553539799,34.11478261,False,
38.514782610000005,3.3213696773590944,3.3213526825588344,3.3147513182710906,82.96032448521379,-0.010108509312114773,0.18211681036615762,0.006254345424260519,FUSED,ACCEPTED,ACCEPTED,0.006618359088003789,0.006601364287743827,34.11478261,True,-1.133914014052155e-05
38.56478261,3.3273684838299187,3.3273514890296587,3.320750124741915,83.1262120212891,-0.010108509312114773,0.1823279090953461,0.011254345424260235,MODEL_ONLY,DUPLICATE_OR_OLD,DUPLICATE_OR_OLD,0.006618359088003789,0.006601364287743827,34.11478261,False,
38.61478261,3.3319614345180124,3.3319504535186275,3.3228065596443983,83.29230093839875,-0.04187852929959106,0.18251377441978942,0.00619110671456328,FUSED,ACCEPTED,ACCEPTED,0.009154874873614105,0.009143893874229203,34.11478261,True,-7.281188215286713e-06
38.66478261,3.336389215663738,3.336378234664353,3.327234340790124,83.45855196090963,-0.04187852929959106,0.18267742258083344,0.011191106714563706,MODEL_ONLY,DUPLICATE_OR_OLD,DUPLICATE_OR_OLD,0.009154874873614105,0.009143893874229203,34.11478261,False,
38.71478261,3.3484875040137694,3.3484789196562508,3.339546885517614,83.62522149156732,-0.012469831675227364,0.1828215092774418,0.006181910100637499,FUSED,ACCEPTED,ACCEPTED,0.008940618496155572,0.008932034138636968,34.11478261,True,-7.1041363652515205e-06
38.764782610000005,3.354399267549829,3.3543906831923103,3.3454586490536733,83.79234662993161,-0.012469831675227364,0.18294837276314843,0.011181910100637925,MODEL_ONLY,DUPLICATE_OR_OLD,DUPLICATE_OR_OLD,0.008940618496155572,0.008932034138636968,34.11478261,False,
38.81478261,3.368527169870668,3.368314880823817,3.3569772906314186,83.95990752842373,-0.0021977441468593734,0.18306007179147282,0.00618056896476913,FUSED,ACCEPTED,ACCEPTED,0.011549879239249439,0.011337590192398217,34.11478261,True,-0.0003381732521555592
38.86478261,3.374963040096267,3.3747507510494157,3.3634131608570175,84.12791728971092,-0.0021977441468593734,0.18315841902558136,0.011180568964768847,MODEL_ONLY,DUPLICATE_OR_OLD,DUPLICATE_OR_OLD,0.011549879239249439,0.011337590192398217,34.11478261,False,
38.91478261,3.384825765315446,3.384694893643321,3.3718733073886917,84.29629945141708,-0.0034681738422202694,0.18324501045436903,0.006180373309129829,FUSED,ACCEPTED,ACCEPTED,0.012952457926754146,0.01282158625462948,34.11478261,True,-8.055367965864244e-05
38.96478261,3.3941429813782484,3.3940811922538483,3.384709475146336,84.46521402098045,0.0029645438811596717,0.18332125129232907,0.005278647900087002,FUSED,ACCEPTED,ACCEPTED,0.009433506231912414,0.009371717107512278,34.11478261,True,0.0
39.014782610000005,3.4008484639931456,3.4007866748687454,3.391414957761233,84.63461713180315,0.0029645438811596717,0.1833883787835165,0.01027864790008743,MODEL_ONLY,DUPLICATE_OR_OLD,DUPLICATE_OR_OLD,0.009433506231912414,0.009371717107512278,34.11478261,False,
39.06478261,3.4075569017828498,3.4074951126584496,3.3981233955509373,84.80435559063595,0.0029645438811596717,0.18344748227967006,0.015278647900087147,MODEL_ONLY,DUPLICATE_OR_OLD,DUPLICATE_OR_OLD,0.009433506231912414,0.009371717107512278,34.11478261,False,
39.11478261,3.409165925088916,3.4100731417346135,3.3975410191537216,84.97424720100355,-0.007428826038097948,0.1615193324152049,0.006697342618138735,FUSED,ACCEPTED,ACCEPTED,0.011624905935194274,0.012532122580891869,34.11478261,True,0.0013850620005120915
39.16478261,3.4132929370020455,3.414200153647743,3.4016680310668512,85.14422742725908,-0.007428826038097948,0.14221233466742522,0.01169734261813916,MODEL_ONLY,DUPLICATE_OR_OLD,DUPLICATE_OR_OLD,0.011624905935194274,0.012532122580891869,34.11478261,False,
39.21478261,3.42445077614649,3.4253597210803766,3.415944618653553,85.31466774350208,0.02968460544957323,0.12521317311769833,0.006254308848999175,FUSED,ACCEPTED,ACCEPTED,0.008506157492937039,0.00941510242682364,34.11478261,True,0.0009099800016986624
39.264782610000005,3.4288351420830017,3.4297440870168883,3.4203289845900646,85.48557458358319,0.02968460544957323,0.11024598364739208,0.0112543088489996,MODEL_ONLY,DUPLICATE_OR_OLD,DUPLICATE_OR_OLD,0.008506157492937039,0.00941510242682364,34.11478261,False,
39.31478261,3.4350199899621585,3.4357337609956766,3.426831721939267,85.65675360124641,0.027867282772662247,0.09706787718698362,0.006191101408338484,FUSED,ACCEPTED,ACCEPTED,0.00818826802289152,0.008902039056409627,34.11478261,True,0.000593695857033302
39.36478261,3.418057715182261,3.418394541012955,3.4126041116753565,85.82773949708677,-0.04044287312896255,0.08546499808757632,0.005281038107785547,FUSED,ACCEPTED,ACCEPTED,0.005453603506904603,0.005790429337598546,34.11478261,True,0.0
39.41478261,3.4171858606899628,3.4175226865206567,3.411732257183058,85.99834790630824,-0.04044287312896255,0.07524905364973576,0.010281038107785974,MODEL_ONLY,DUPLICATE_OR_OLD,DUPLICATE_OR_OLD,0.005453603506904603,0.005790429337598546,34.11478261,False,
39.46478261,3.4120564332247536,3.41225068859247,3.4108773951492353,86.16891314761654,-0.010462652971270713,0.06625425849045956,0.006044466229050799,FUSED,ACCEPTED,ACCEPTED,0.001179038075518335,0.0013732934432346688,34.11478261,True,0.00010095642953395541
39.514782610000005,3.4118378692659106,3.412032124633627,3.4106588311903923,86.33945155327504,-0.010462652971270713,0.0583346441611491,0.011044466229051225,MODEL_ONLY,DUPLICATE_OR_OLD,DUPLICATE_OR_OLD,0.001179038075518335,0.0013732934432346688,34.11478261,False,
39.56478261,3.411270657616851,3.4114649129845676,3.410091619541333,86.50997031454332,-0.010462652971270713,0.051361690356823794,0.01604446622905094,MODEL_ONLY,DUPLICATE_OR_OLD,DUPLICATE_OR_OLD,0.001179038075518335,0.0013732934432346688,34.11478261,False,
39.61478261,3.387856435022932,3.3880243285269422,3.388369164912615,86.67993183415466,-0.0636015148354992,0.04522223927556193,0.006778813999822538,FUSED,ACCEPTED,ACCEPTED,-0.0005127298896829835,-0.00034483638567284203,34.11478261,True,0.0001553667602004821
39.66478261,3.38405502872693,3.3842229222309403,3.384567758616613,86.8492552572429,-0.0636015148354992,0.039816659282212244,0.011778813999822965,MODEL_ONLY,DUPLICATE_OR_OLD,DUPLICATE_OR_OLD,-0.0005127298896829835,-0.00034483638567284203,34.11478261,False,
39.71478261,3.3558380056496864,3.356498452781215,3.3616639383581113,87.01791104966726,-0.10653807677091534,0.03505722807611029,0.006265704672333056,FUSED,ACCEPTED,ACCEPTED,-0.005825932708424908,-0.005165485576896334,34.11478261,True,0.0009540040107716228
39.764782610000005,3.349442273749037,3.3501027208805656,3.355268206457462,87.18583435328766,-0.10653807677091534,0.030866709124676435,0.011265704672333482,MODEL_ONLY,DUPLICATE_OR_OLD,DUPLICATE_OR_OLD,-0.005825932708424908,-0.005165485576896334,34.11478261,False,
39.81478261,3.3191277108730737,3.3199743016266097,3.3307411360699635,87.35298458685084,-0.13942936785469456,0.02717709826113302,0.006192753963866262,FUSED,ACCEPTED,ACCEPTED,-0.011613425196889793,-0.010766834443353801,34.11478261,True,0.0009610300758747421
39.86478261,3.29454224524029,3.294941717038519,3.3033258712060247,87.51883626203272,-0.16044926976396662,0.02392852010598075,0.005281406080092197,FUSED,ACCEPTED,ACCEPTED,-0.008783625965734565,-0.00838415416750582,34.11478261,True,0.0
39.91478261,3.2849610310539172,3.285360502852146,3.293744657019652,87.68376302523838,-0.16044926976396662,0.02106825640326635,0.010281406080092623,MODEL_ONLY,DUPLICATE_OR_OLD,DUPLICATE_OR_OLD,-0.008783625965734565,-0.00838415416750582,34.11478261,False,
39.96478261,3.2752538985725512,3.27565337037078,3.284037524538286,87.84820757977732,-0.16044926976396662,0.01854989050337632,0.01528140608009234,MODEL_ONLY,DUPLICATE_OR_OLD,DUPLICATE_OR_OLD,-0.008783625965734565,-0.00838415416750582,34.11478261,False,
40.014782610000005,3.261106122936167,3.261329096958666,3.277854853452156,88.0122548892271,-0.14306882481524802,0.01633255410893409,0.006697643440482747,FUSED,ACCEPTED,ACCEPTED,-0.01674873051598924,-0.016525756493490196,34.11478261,True,0.00013594959478802418
40.06478261,3.2520595313800644,3.2522825054025635,3.2688082618960537,88.1759214671108,-0.14306882481524802,0.014380264059925974,0.011697643440482464,MODEL_ONLY,DUPLICATE_OR_OLD,DUPLICATE_OR_OLD,-0.01674873051598924,-0.016525756493490196,34.11478261,False,
40.11478261,3.24438021898894,3.2445102734013194,3.2613103869386544,88.33917443333165,-0.13751276559550216,0.012661338395326738,0.006254351054506633,FUSED,ACCEPTED,ACCEPTED,-0.01693016794971447,-0.016800113537335015,34.11478261,True,7.440607466637286e-05
40.16478261,3.235449811301578,3.2355798657139574,3.2523799792512924,88.50201669248641,-0.13751276559550216,0.01114788221502223,0.01125435105450706,MODEL_ONLY,DUPLICATE_OR_OLD,DUPLICATE_OR_OLD,-0.01693016794971447,-0.016800113537335015,34.11478261,False,
40.21478261,3.222636049443596,3.2219653710912812,3.2393826436423225,88.66431075805873,-0.15978742621880687,0.031795523501658186,0.006191107531380626,FUSED,ACCEPTED,ACCEPTED,-0.016746594198726594,-0.017417272551041307,34.11478261,True,-0.0011633050723904408
40.264782610000005,3.2223252628640036,3.2220202381389473,3.234960758807845,88.82616934312,-0.12677806256192964,0.049975076554788826,0.005281039471301156,FUSED,ACCEPTED,ACCEPTED,-0.012635495943841502,-0.012940520668897726,34.11478261,True,2.171114646780034e-05
40.31478261,3.216673274267877,3.2163682495428207,3.2293087702117185,88.98777608134549,-0.12677806256192964,0.06598156100613432,0.010281039471300872,MODEL_ONLY,DUPLICATE_OR_OLD,DUPLICATE_OR_OLD,-0.012635495943841502,-0.012940520668897726,34.11478261,False,
40.36478261,3.211725944206926,3.2114209194818697,3.2243614401507674,89.14911783660455,-0.12677806256192964,0.08007473170963979,0.015281039471300589,MODEL_ONLY,DUPLICATE_OR_OLD,DUPLICATE_OR_OLD,-0.012635495943841502,-0.012940520668897726,34.11478261,False,
40.41478261,3.2090087433649974,3.2085149257798604,3.2188208795161013,89.31019739459623,-0.14599048377468665,0.0924832940695948,0.006697603459261185,FUSED,ACCEPTED,ACCEPTED,-0.009812136151103878,-0.01030595373624088,34.11478261,True,-0.0005869059400740988
40.46478261,3.204267486432683,3.203773668847546,3.214079622583787,89.47101990714872,-0.14599048377468665,0.10340861549513819,0.011697603459260901,MODEL_ONLY,DUPLICATE_OR_OLD,DUPLICATE_OR_OLD,-0.009812136151103878,-0.01030595373624088,34.11478261,False,
40.514782610000005,3.1941032360210686,3.193633574927921,3.202964795261148,89.63144601759485,-0.16564786999808123,0.11302799321101922,0.006254345445178517,FUSED,ACCEPTED,ACCEPTED,-0.008861559240079586,-0.009331220333227197,34.11478261,True,-0.0004551940517856859
40.56478261,3.189283555575575,3.1888138944824274,3.1981451148156546,89.79147376534677,-0.16564786999808123,0.12149753145493958,0.011254345445178233,MODEL_ONLY,DUPLICATE_OR_OLD,DUPLICATE_OR_OLD,-0.008861559240079586,-0.009331220333227197,34.11478261,False,
40.61478261,3.1702735706910863,3.1698669873944785,3.179117481793573,89.95090533026199,-0.2019658096428524,0.12895467475297365,0.006191106717597995,FUSED,ACCEPTED,ACCEPTED,-0.008843911102486501,-0.009250494399094311,34.11478261,True,-0.0003677765684298971
40.66478261,3.150422187920666,3.150343824743102,3.1581823782417846,90.10933782676288,-0.22833882481031062,0.13552043838328007,0.005281039290083243,FUSED,ACCEPTED,ACCEPTED,-0.007760190321118632,-0.007838553498682455,34.11478261,True,0.00021492338231502827
40.71478261,3.1434581517730296,3.1433797885954657,3.151218342094148,90.26707284477128,-0.22833882481031062,0.14130137222431371,0.01028103929008296,MODEL_ONLY,DUPLICATE_OR_OLD,DUPLICATE_OR_OLD,-0.007760190321118632,-0.007838553498682455,34.11478261,False,
40.764782610000005,3.13674861150703,3.1366702483294664,3.144508801828149,90.42446602336935,-0.22833882481031062,0.14639128985707167,0.015281039290083388,MODEL_ONLY,DUPLICATE_OR_OLD,DUPLICATE_OR_OLD,-0.007760190321118632,-0.007838553498682455,34.11478261,False,
40.81478261,3.124150940562037,3.1238767326540255,3.1367325721445605,90.58149705771865,-0.22242354060890304,0.1508727909813988,0.006697603439497881,FUSED,ACCEPTED,ACCEPTED,-0.012581631582523567,-0.012855839490534926,34.11478261,True,-0.00037077333922346835
40.86478261,3.120194626345155,3.1200612279986837,3.1293092139593837,90.73814810237124,-0.21231348659553448,0.15481860185230398,0.005391196070163062,FUSED,ACCEPTED,ACCEPTED,-0.009114587614228675,-0.009247985960699978,34.11478261,True,-1.3023637011910262e-05
40.91478261,3.114881426271491,3.1147480279250197,3.1239960138857197,90.89448073306738,-0.21231348659553448,0.15829275548900384,0.010391196070163488,MODEL_ONLY,DUPLICATE_OR_OLD,DUPLICATE_OR_OLD,-0.009114587614228675,-0.009247985960699978,34.11478261,False,
40.96478261,3.1097211699638403,3.109587771617369,3.118835757578069,91.05055152735397,-0.21231348659553448,0.16135163080925521,0.015391196070163204,MODEL_ONLY,DUPLICATE_OR_OLD,DUPLICATE_OR_OLD,-0.009114587614228675,-0.009247985960699978,34.11478261,False,
41.014782610000005,3.0932667577899595,3.093120083168222,3.103226939901793,91.20610309479099,-0.24897691082621914,0.1640448675521569,0.0067095733985220035,FUSED,ACCEPTED,ACCEPTED,-0.009960182111833582,-0.010106856733571146,34.11478261,True,-0.00015318540963897044
41.06478261,3.0865265573221556,3.086379882700418,3.096486739433989,91.36109593677438,-0.24897691082621914,0.16641617183686946,0.01170957339852172,MODEL_ONLY,DUPLICATE_OR_OLD,DUPLICATE_OR_OLD,-0.009960182111833582,-0.010106856733571146,34.11478261,False,
41.11478261,3.0658724779326834,3.0657531530554887,3.0778472148676563,91.5154542856319,-0.2735061444244746,0.1685040254299549,0.006256024066429467,FUSED,ACCEPTED,ACCEPTED,-0.011974736934972974,-0.012094061812167656,34.11478261,True,-0.00010295716756494877
41.16478261,3.0581021227046916,3.057982797827497,3.0700768596396646,91.6691523874946,-0.2735061444244746,0.17034231023138804,0.011256024066429893,MODEL_ONLY,DUPLICATE_OR_OLD,DUPLICATE_OR_OLD,-0.011974736934972974,-0.012094061812167656,34.11478261,False,
41.21478261,3.048447355845451,3.0485246062599805,3.0637908292162983,91.822499079716,-0.2602280118475821,0.1719608581134669,0.0061913502308273,FUSED,ACCEPTED,ACCEPTED,-0.015343473370847516,-0.015266222956317854,34.11478261,True,0.0001981749966540984
41.264782610000005,3.0414930884865075,3.041570338901037,3.056836561857355,91.97551476449286,-0.2602280118475821,0.1733859350354652,0.011191350230827728,MODEL_ONLY,DUPLICATE_OR_OLD,DUPLICATE_OR_OLD,-0.015343473370847516,-0.015266222956317854,34.11478261,False,
41.31478261,3.047436848499294,3.0474145544675957,3.0619280114111547,92.12848387882457,-0.22420676073371162,0.17464066729028316,0.006181945599646897,FUSED,ACCEPTED,ACCEPTED,-0.014491162911860478,-0.014513456943558989,34.11478261,True,-8.377404714451399e-05
41.36478261,3.0549454053265217,3.0549092183739224,3.0645143914225637,92.2816449388954,-0.20232252038636894,0.17574541680027675,0.005278998355955161,FUSED,ACCEPTED,ACCEPTED,-0.009568986096041954,-0.00960517304864128,34.11478261,True,-4.861137442888769e-05
41.41478261,3.051053021366496,3.051016834413897,3.060622007462538,92.43477334886754,-0.20232252038636894,0.17671811155259926,0.010278998355955589,MODEL_ONLY,DUPLICATE_OR_OLD,DUPLICATE_OR_OLD,-0.009568986096041954,-0.00960517304864128,34.11478261,False,
41.46478261,3.0472034586556607,3.0471672717030613,3.0567724447517026,92.58770821017289,-0.20232252038636894,0.1775745365363958,0.015278998355955305,MODEL_ONLY,DUPLICATE_OR_OLD,DUPLICATE_OR_OLD,-0.009568986096041954,-0.00960517304864128,34.11478261,False,
41.514782610000005,3.0660157838640303,3.065367066624756,3.072752045966545,92.74094632244086,-0.17237051172417092,0.19855216374792226,0.00669738084383064,FUSED,ACCEPTED,ACCEPTED,-0.006736262102514878,-0.007384979341789055,34.11478261,True,-0.0009507687883318046
41.56478261,3.078051529707647,3.0777525455841976,3.0811693731988212,92.89479435791999,-0.158868791667053,0.217022258298987,0.0053911487879683435,FUSED,ACCEPTED,ACCEPTED,-0.003117843491174277,-0.0034168276146235854,34.11478261,True,0.0
41.61478261,3.0791601543438687,3.0788611702204194,3.082277997835043,93.04888054219583,-0.158868791667053,0.23328455475822985,0.01039114878796806,MODEL_ONLY,DUPLICATE_OR_OLD,DUPLICATE_OR_OLD,-0.003117843491174277,-0.0034168276146235854,34.11478261,False,
41.66478261,3.0923176097719414,3.092084013281293,3.092144330388636,93.20324110040144,-0.158868791667053,0.24760295932281784,0.006061619707124686,FUSED,ACCEPTED,ACCEPTED,0.00017327938330558013,-6.0317107342999776e-05,34.11478261,True,-0.00019111257102587959
41.71478261,3.094772498296001,3.0945389018053526,3.0945992189126956,93.35790968913396,-0.158868791667053,0.26020983251498825,0.011061619707124402,MODEL_ONLY,DUPLICATE_OR_OLD,DUPLICATE_OR_OLD,0.00017327938330558013,-6.0317107342999776e-05,34.11478261,False,
41.764782610000005,3.113348873648299,3.1132592412719253,3.1114544154039625,93.51306102999189,-0.12079624802372547,0.2713097599521959,0.006162939942959049,FUSED,ACCEPTED,ACCEPTED,0.0018944582443363167,0.0018048258679628226,34.11478261,True,0.0
41.81478261,3.1187510413479385,3.118661408971565,3.116856583103602,93.66876880495457,-0.12079624802372547,0.2810828723832593,0.011162939942958765,MODEL_ONLY,DUPLICATE_OR_OLD,DUPLICATE_OR_OLD,0.0018944582443363167,0.0018048258679628226,34.11478261,False,
41.86478261,3.124583453871837,3.1244938214954634,3.1226889956275006,93.82475744442283,-0.12079624802372547,0.28968776886844283,0.016162939942958483,MODEL_ONLY,DUPLICATE_OR_OLD,DUPLICATE_OR_OLD,0.0018944582443363167,0.0018048258679628226,34.11478261,False,
41.91478261,3.1375459617303667,3.137180407042855,3.1278912721492667,93.98102195111726,-0.1282728957366377,0.2972640905410952,0.006791060144420219,FUSED,ACCEPTED,ACCEPTED,0.009654689581100051,0.00928913489358818,34.11478261,True,-0.0004959346403362076
41.96478261,3.143716892761104,3.1433513380735922,3.134062203180004,94.13757078800047,-0.1282728957366377,0.303934786718129,0.011791060144419935,MODEL_ONLY,DUPLICATE_OR_OLD,DUPLICATE_OR_OLD,0.009654689581100051,0.00928913489358818,34.11478261,False,
42.014782610000005,3.166045630715362,3.165714571043112,3.1540692278756874,94.29477407377688,-0.08983550674328719,0.30980811013401927,0.006267411611898215,FUSED,ACCEPTED,ACCEPTED,0.011976402839674716,0.011645343167424382,34.11478261,True,-0.00031051599307503966
42.06478261,3.174690660543718,3.1743596008714676,3.1627142577040432,94.45269366091637,-0.08983550674328719,0.31497937367715584,0.011267411611897931,MODEL_ONLY,DUPLICATE_OR_OLD,DUPLICATE_OR_OLD,0.011976402839674716,0.011645343167424382,34.11478261,False,
42.11478261,3.1996479974278054,3.199222290408768,3.183514190309226,94.61134937211669,-0.06927555600170897,0.3195324971370741,0.006193001370766747,FUSED,ACCEPTED,ACCEPTED,0.01613380711857948,0.015708100099542044,34.11478261,True,-0.0004838891988732455
42.16478261,3.2097491245625496,3.209323417543512,3.19361531744397,94.77077760981054,-0.06927555600170897,0.3235413690633126,0.011193001370767175,MODEL_ONLY,DUPLICATE_OR_OLD,DUPLICATE_OR_OLD,0.01613380711857948,0.015708100099542044,34.11478261,False,
42.21478261,3.221245831912456,3.220812039240946,3.2011923554091344,94.93064780163185,-0.08938653090230236,0.32707104583629143,0.006182186280049352,FUSED,ACCEPTED,ACCEPTED,0.020053476503321566,0.019619683831811674,34.11478261,True,-0.00043878597218773713
42.264782610000005,3.2306732822194477,3.230239489547938,3.210619805716126,95.09094310565999,-0.08938653090230236,0.33017880740885924,0.011182186280049779,MODEL_ONLY,DUPLICATE_OR_OLD,DUPLICATE_OR_OLD,0.020053476503321566,0.019619683831811674,34.11478261,False,
42.31478261,3.2608308404758892,3.2606802912382986,3.240012401336214,95.25220891083629,-0.027656664609504458,0.3329150868511764,0.006180609253544317,FUSED,ACCEPTED,ACCEPTED,0.02081843913967507,0.020667889902084458,34.11478261,True,2.4484857937396437e-05
42.36478261,3.273602058166261,3.2734515089286704,3.252783619026586,95.41452881134535,-0.027656664609504458,0.3353242887836986,0.011180609253544034,MODEL_ONLY,DUPLICATE_OR_OLD,DUPLICATE_OR_OLD,0.02081843913967507,0.020667889902084458,34.11478261,False,
42.41478261,3.2728800504766453,3.272792005606947,3.253261477983028,95.5771799387706,-0.10142964807791004,0.33744550997986206,0.006180379187071001,FUSED,ACCEPTED,ACCEPTED,0.019618572493617314,0.019530527623918825,34.11478261,True,-4.9415688984619927e-05
42.46478261,3.281039973291569,3.2809984042200613,3.2673416579942947,95.74019501717002,-0.08004317128051652,0.33931317383248955,0.005278649210348242,FUSED,ACCEPTED,ACCEPTED,0.013698315297274277,0.013656746225766625,34.11478261,True,0.0
42.514782610000005,3.2914735306582124,3.2914319615867047,3.277775215360938,95.90382293900392,-0.08004317128051652,0.3409575889801041,0.01027864921034867,MODEL_ONLY,DUPLICATE_OR_OLD,DUPLICATE_OR_OLD,0.013698315297274277,0.013656746225766625,34.11478261,False,
42.56478261,3.3019794806337783,3.3019379115622707,3.288281165336504,96.06797434852135,-0.08004317128051652,0.34240544115858856,0.015278649210348386,MODEL_ONLY,DUPLICATE_OR_OLD,DUPLICATE_OR_OLD,0.013698315297274277,0.013656746225766625,34.11478261,False,
42.61478261,3.3221066329280884,3.322061026704857,3.3052175349417134,96.23281181602829,-0.05502349589964921,0.34368022626001715,0.006697342761056073,FUSED,ACCEPTED,ACCEPTED,0.016889097986374946,0.016843491763143703,34.11478261,True,-4.7597061812839486e-05
42.66478261,3.3339834261960886,3.3339378199728573,3.3170943282097136,96.39836961260708,-0.05502349589964921,0.3448026316263755,0.0116973427610565,MODEL_ONLY,DUPLICATE_OR_OLD,DUPLICATE_OR_OLD,0.016889097986374946,0.016843491763143703,34.11478261,False,
42.71478261,3.3475496596861762,3.3481026625930106,3.326576837492022,96.56446139174962,-0.05523696626429964,0.3255672979211353,0.006254308869050767,FUSED,ACCEPTED,ACCEPTED,0.020972822194154084,0.02152582510098844,34.11478261,True,0.000911508531730356
42.764782610000005,3.35760720956204,3.3581602124688743,3.336634387367886,96.73104167237113,-0.05523696626429964,0.3086312341483004,0.011254308869051193,MODEL_ONLY,DUPLICATE_OR_OLD,DUPLICATE_OR_OLD,0.020972822194154084,0.02152582510098844,34.11478261,False,
42.81478261,3.368149700785698,3.3688150387271576,3.3487171811179848,96.89817546158328,-0.046990321953391576,0.29371960014637455,0.006191101411247511,FUSED,ACCEPTED,ACCEPTED,0.01943251966771342,0.02009785760917282,34.11478261,True,0.0007344488680017316
42.86478261,3.378558888793285,3.3788762237981507,3.3644750224620688,97.06600526667278,-0.042871886554131586,0.2805904084056065,0.005281038108433347,FUSED,ACCEPTED,ACCEPTED,0.014083866331216388,0.014401201336081915,34.11478261,True,6.371031074254088e-06
42.91478261,3.3872546608007488,3.3875719958056143,3.3731707944695324,97.23444641209608,-0.042871886554131586,0.2690305970701344,0.010281038108433775,MODEL_ONLY,DUPLICATE_OR_OLD,DUPLICATE_OR_OLD,0.014083866331216388,0.014401201336081915,34.11478261,False,
42.96478261,3.3916644086623142,3.3918101958088935,3.380818963944592,97.40329615605641,-0.05383184941788173,0.2588525723485718,0.006044466229152156,FUSED,ACCEPTED,ACCEPTED,0.010845444717722419,0.010991231864301731,34.11478261,True,3.3525232781975514e-05
43.014782610000005,3.3988552108842294,3.3990009980308087,3.388009766166507,97.5725168743092,-0.05383184941788173,0.2498911642229142,0.011044466229152582,MODEL_ONLY,DUPLICATE_OR_OLD,DUPLICATE_OR_OLD,0.010845444717722419,0.010991231864301731,34.11478261,False,
43.06478261,3.405651502197635,3.405797289344214,3.3948060574799124,97.74208726990035,-0.05383184941788173,0.2420009460527377,0.016044466229152298,MODEL_ONLY,DUPLICATE_OR_OLD,DUPLICATE_OR_OLD,0.010845444717722419,0.010991231864301731,34.11478261,False,
43.11478261,3.4122595680744765,3.412615518135572,3.399383676723267,97.91194201325543,-0.0435536235839755,0.2350538745769115,0.006778813999833056,FUSED,ACCEPTED,ACCEPTED,0.012875891351209479,0.013231841412304934,34.11478261,True,0.00045581617897508427
43.16478261,3.413823737352929,3.4139871760328764,3.4054276702304183,98.08206229692928,-0.05345662532458111,0.20695702351144663,0.005408381741964251,FUSED,ACCEPTED,ACCEPTED,0.008396067122510953,0.008559505802458123,34.11478261,True,0.0
43.21478261,3.417649677169593,3.41781311584954,3.409253610047082,98.2524293289362,-0.05345662532458111,0.18221869202459598,0.010408381741963967,MODEL_ONLY,DUPLICATE_OR_OLD,DUPLICATE_OR_OLD,0.008396067122510953,0.008559505802458123,34.11478261,False,
43.264782610000005,3.4229193339946824,3.4229836587051685,3.4179776583676698,98.42311011064659,-0.03338470649034447,0.1604374239626494,0.0060642908700147425,FUSED,ACCEPTED,ACCEPTED,0.004941675627012643,0.005006000337498762,34.11478261,True,0.0
43.31478261,3.4257009226866897,3.425765247397176,3.420759247059677,98.59407853328226,-0.03338470649034447,0.14125975069723884,0.011064290870014459,MODEL_ONLY,DUPLICATE_OR_OLD,DUPLICATE_OR_OLD,0.004941675627012643,0.005006000337498762,34.11478261,False,
43.36478261,3.4342614800277196,3.4342861592759704,3.4312362282397584,98.76537842016474,-0.013962927344058674,0.12437445500054606,0.006163333178765066,FUSED,ACCEPTED,ACCEPTED,0.003025251787961203,0.0030499310362119836,34.11478261,True,0.0
43.41478261,3.436426546171208,3.4364512254194586,3.4334012943832466,98.93699435823032,-0.013962927344058674,0.10950752058055944,0.011163333178765493,MODEL_ONLY,DUPLICATE_OR_OLD,DUPLICATE_OR_OLD,0.003025251787961203,0.0030499310362119836,34.11478261,False,
43.46478261,3.4150534624246336,3.4151223645183277,3.4128267007934574,99.10815005810973,-0.08737530295000075,0.09641768531688615,0.006177857029273228,FUSED,ACCEPTED,ACCEPTED,0.0022267616311761884,0.0022956637248703338,34.11478261,True,9.626207257633964e-05
43.514782610000005,3.4123171600605247,3.412386062154219,3.4100903984293485,99.2787229855903,-0.08737530295000075,0.084892526034566,0.011177857029273656,MODEL_ONLY,DUPLICATE_OR_OLD,DUPLICATE_OR_OLD,0.0022267616311761884,0.0022956637248703338,34.11478261,False,
43.56478261,3.40907348195865,3.4091423840523443,3.406846720327474,99.44914641355922,-0.08737530295000075,0.07474501127924756,0.016177857029273372,MODEL_ONLY,DUPLICATE_OR_OLD,DUPLICATE_OR_OLD,0.0022267616311761884,0.0022956637248703338,34.11478261,False,
