t,base_v,candidate_v,inner_v,inner_s,disturbance,drive_a,pv,mode,front_status,rear_status,base_correction,correction,blocked_until,update,increment_delta
94.914843623,0.0,0.0,0.0,0.0,0.0,0.0,1.0,WAITING_FOR_INITIALIZATION,MISSING_OR_STALE,MISSING_OR_STALE,0.0,0.0,,False,
94.964843623,0.0,0.0,0.0,0.0,0.0,0.0,0.010000000000000002,INITIALIZED,ACCEPTED,ACCEPTED,0.0,0.0,,False,
95.01484362299999,0.0,0.0,0.0,0.0,0.0,0.0,0.014999999999999718,MODEL_ONLY,DUPLICATE_OR_OLD,DUPLICATE_OR_OLD,0.0,0.0,,False,
95.064843623,0.0,0.0,0.0,0.0,0.0,0.0,0.006666666666666763,FUSED,ACCEPTED,ACCEPTED,0.0,0.0,,True,0.0
95.114843623,0.0,0.0,0.0,0.0,0.0,0.0,0.01166666666666648,MODEL_ONLY,DUPLICATE_OR_OLD,DUPLICATE_OR_OLD,0.0,0.0,,False,
95.164843623,0.0,0.0,0.0,0.0,0.0,0.0,0.016666666666666198,MODEL_ONLY,DUPLICATE_OR_OLD,DUPLICATE_OR_OLD,0.0,0.0,,False,
95.214843623,0.0,0.0,0.0,0.0,0.0,0.0,0.00684210526315782,FUSED,ACCEPTED,ACCEPTED,0.0,0.0,,True,0.0
95.26484362299999,0.0,0.0,0.0,0.0,0.0,0.0,0.005421686746987876,FUSED,ACCEPTED,ACCEPTED,0.0,0.0,,True,0.0
95.314843623,0.0,0.0,0.0,0.0,0.0,0.0,0.010421686746989013,MODEL_ONLY,DUPLICATE_OR_OLD,DUPLICATE_OR_OLD,0.0,0.0,,False,
95.364843623,0.0,0.0,0.0,0.0,0.0,0.0,0.006066350710900595,FUSED,ACCEPTED,ACCEPTED,0.0,0.0,,True,0.0
95.414843623,0.0,0.0,0.0,0.0,0.0,0.0,0.011066350710900312,MODEL_ONLY,DUPLICATE_OR_OLD,DUPLICATE_OR_OLD,0.0,0.0,,False,
95.464843623,0.0,0.0,0.0,0.0,0.0,0.0,0.006163636363636298,FUSED,ACCEPTED,ACCEPTED,0.0,0.0,,True,0.0
95.51484362299999,0.0,0.0,0.0,0.0,0.0,0.0,0.011163636363636015,STOPPED,DUPLICATE_OR_OLD,DUPLICATE_OR_OLD,0.0,0.0,96.01484362299999,False,
95.564843623,0.0,0.0,0.0,0.0,0.0,0.0,0.006177901320361477,STOPPED,ACCEPTED,ACCEPTED,0.0,0.0,96.064843623,False,
95.614843623,0.0,0.0,0.0,0.0,0.0,0.0,0.011177901320361193,STOPPED,DUPLICATE_OR_OLD,DUPLICATE_OR_OLD,0.0,0.0,96.114843623,False,
95.664843623,0.0,0.0,0.0,0.0,0.0,0.0,0.01617790132036091,STOPPED,DUPLICATE_OR_OLD,DUPLICATE_OR_OLD,0.0,0.0,96.164843623,False,
95.714843623,0.0,0.0,0.0,0.0,0.0,0.0,0.006792600022289014,STOPPED,ACCEPTED,ACCEPTED,0.0,0.0,96.214843623,False,
95.76484362299999,0.0,0.0,0.0,0.0,0.0,0.0,0.005411286404663813,STOPPED,ACCEPTED,ACCEPTED,0.0,0.0,96.26484362299999,False,
95.814843623,0.0,0.0,0.0,0.0,0.0,0.0,0.01041128640466495,STOPPED,DUPLICATE_OR_OLD,DUPLICATE_OR_OLD,0.0,0.0,96.314843623,False,
95.864843623,0.0,0.0,0.0,0.0,0.0,0.0,0.006064740745212989,STOPPED,ACCEPTED,ACCEPTED,0.0,0.0,96.364843623,False,
95.914843623,0.0,0.0,0.0,0.0,0.0,0.0,0.011064740745212706,STOPPED,DUPLICATE_OR_OLD,DUPLICATE_OR_OLD,0.0,0.0,96.414843623,False,
95.964843623,0.0,0.0,0.0,0.0,0.0,0.0,0.0061633993993065895,STOPPED,ACCEPTED,ACCEPTED,0.0,0.0,96.464843623,False,
96.01484362299999,0.0,0.0,0.0,0.0,0.0,0.0,0.011163399399306306,STOPPED,DUPLICATE_OR_OLD,DUPLICATE_OR_OLD,0.0,0.0,96.51484362299999,False,
96.064843623,0.0,0.0,0.0,0.0,0.0,0.0,0.006177866703260012,STOPPED,ACCEPTED,ACCEPTED,0.0,0.0,96.564843623,False,
96.114843623,0.0,0.0,0.0,0.0,0.0,0.0,0.011177866703259728,STOPPED,DUPLICATE_OR_OLD,DUPLICATE_OR_OLD,0.0,0.0,96.614843623,False,
96.164843623,0.0,0.0,0.0,0.0,0.0,0.0,0.006179979020691215,STOPPED,ACCEPTED,ACCEPTED,0.0,0.0,96.664843623,False,
96.214843623,0.0,0.0,0.0,0.0,0.0,0.0,0.011179979020690931,STOPPED,DUPLICATE_OR_OLD,DUPLICATE_OR_OLD,0.0,0.0,96.714843623,False,
96.26484362299999,0.0,0.0,0.0,0.0,0.0,0.0,0.006180287237015444,STOPPED,ACCEPTED,ACCEPTED,0.0,0.0,96.76484362299999,False,
96.314843623,0.0,0.0,0.0,0.0,0.0,0.0,0.01118028723701658,STOPPED,DUPLICATE_OR_OLD,DUPLICATE_OR_OLD,0.0,0.0,96.814843623,False,
96.364843623,0.0,0.0,0.0,0.0,0.0,0.0,0.006180332205881605,STOPPED,ACCEPTED,ACCEPTED,0.0,0.0,96.864843623,False,
96.414843623,0.0,0.0,0.0,0.0,0.0,0.0,0.011180332205881322,STOPPED,DUPLICATE_OR_OLD,DUPLICATE_OR_OLD,0.0,0.0,96.914843623,False,
96.464843623,0.0,0.0,0.0,0.0,0.0,0.0,0.006180338766765671,STOPPED,ACCEPTED,ACCEPTED,0.0,0.0,96.964843623,False,
96.51484362299999,0.0,0.0,0.0,0.0,0.0,0.0,0.011180338766765389,STOPPED,DUPLICATE_OR_OLD,DUPLICATE_OR_OLD,0.0,0.0,97.01484362299999,False,
96.564843623,0.0,0.0,0.0,0.0,0.0,0.0,0.006180339723986286,STOPPED,ACCEPTED,ACCEPTED,0.0,0.0,97.064843623,False,
96.614843623,0.0,0.0,0.0,0.0,0.0,0.0,0.011180339723986002,STOPPED,DUPLICATE_OR_OLD,DUPLICATE_OR_OLD,0.0,0.0,97.114843623,False,
96.664843623,0.0,0.0,0.0,0.0,0.0,0.0,0.00618033986364269,STOPPED,ACCEPTED,ACCEPTED,0.0,0.0,97.164843623,False,
96.714843623,0.0,0.0,0.0,0.0,0.0,0.0,0.011180339863642407,STOPPED,DUPLICATE_OR_OLD,DUPLICATE_OR_OLD,0.0,0.0,97.214843623,False,
96.76484362299999,0.0,0.0,0.0,0.0,0.0,0.0,0.006180339884018286,STOPPED,ACCEPTED,ACCEPTED,0.0,0.0,97.26484362299999,False,
96.814843623,0.0,0.0,0.0,0.0,0.0,0.0,0.011180339884019423,STOPPED,DUPLICATE_OR_OLD,DUPLICATE_OR_OLD,0.0,0.0,97.314843623,False,
96.864843623,0.0,0.0,0.0,0.0,0.0,0.0,0.006180339886991251,STOPPED,ACCEPTED,ACCEPTED,0.0,0.0,97.364843623,False,
96.914843623,0.0,0.0,0.0,0.0,0.0,0.0,0.011180339886990968,STOPPED,DUPLICATE_OR_OLD,DUPLICATE_OR_OLD,0.0,0.0,97.414843623,False,
96.964843623,0.0,0.0,0.0,0.0,0.0,0.0,0.006180339887424795,STOPPED,ACCEPTED,ACCEPTED,0.0,0.0,97.464843623,False,
97.01484362299999,0.0,0.0,0.0,0.0,0.0,0.0,0.011180339887424512,STOPPED,DUPLICATE_OR_OLD,DUPLICATE_OR_OLD,0.0,0.0,97.51484362299999,False,
97.064843623,0.0,0.0,0.0,0.0,0.0,0.0,0.006180339887488255,STOPPED,ACCEPTED,ACCEPTED,0.0,0.0,97.564843623,False,
97.114843623,0.0,0.0,0.0,0.0,0.0,0.0,0.011180339887487971,STOPPED,DUPLICATE_OR_OLD,DUPLICATE_OR_OLD,0.0,0.0,97.614843623,False,
97.164843623,0.0,0.0,0.0,0.0,0.0,0.0,0.0061803398874973065,STOPPED,ACCEPTED,ACCEPTED,0.0,0.0,97.664843623,False,
97.214843623,0.0,0.0,0.0,0.0,0.0,0.0,0.011180339887497023,STOPPED,DUPLICATE_OR_OLD,DUPLICATE_OR_OLD,0.0,0.0,97.714843623,False,
97.26484362299999,0.0,0.0,0.0,0.0,0.0,0.0,0.006180339887498627,STOPPED,ACCEPTED,ACCEPTED,0.0,0.0,97.76484362299999,False,
97.314843623,0.0,0.0,0.0,0.0,0.0,0.0,0.011180339887499764,STOPPED,DUPLICATE_OR_OLD,DUPLICATE_OR_OLD,0.0,0.0,97.814843623,False,
97.364843623,0.0,0.0,0.0,0.0,0.0,0.0,0.006180339887499027,STOPPED,ACCEPTED,ACCEPTED,0.0,0.0,97.864843623,False,
97.414843623,0.0,0.0,0.0,0.0,0.0,0.0,0.011180339887498744,STOPPED,DUPLICATE_OR_OLD,DUPLICATE_OR_OLD,0.0,0.0,97.914843623,False,
97.464843623,0.0,0.0,0.0,0.0,0.0,0.0,0.006180339887498877,STOPPED,ACCEPTED,ACCEPTED,0.0,0.0,97.964843623,False,
97.51484362299999,0.0,0.0,0.0,0.0,0.0,0.0,0.011180339887498593,STOPPED,DUPLICATE_OR_OLD,DUPLICATE_OR_OLD,0.0,0.0,98.01484362299999,False,
97.564843623,0.0,0.0,0.0,0.0,0.0,0.0,0.006180339887499063,STOPPED,ACCEPTED,ACCEPTED,0.0,0.0,98.064843623,False,
97.614843623,0.0,0.0,0.0,0.0,0.0,0.0,0.01118033988749878,STOPPED,DUPLICATE_OR_OLD,DUPLICATE_OR_OLD,0.0,0.0,98.114843623,False,
97.664843623,0.0,0.0,0.0,0.0,0.0,0.0,0.006180339887498883,STOPPED,ACCEPTED,ACCEPTED,0.0,0.0,98.164843623,False,
97.714843623,0.0,0.0,0.0,0.0,0.0,0.0,0.0111803398874986,STOPPED,DUPLICATE_OR_OLD,DUPLICATE_OR_OLD,0.0,0.0,98.214843623,False,
97.76484362299999,0.0,0.0,0.0,0.0,0.0,0.0,0.006180339887498857,STOPPED,ACCEPTED,ACCEPTED,0.0,0.0,98.26484362299999,False,
97.814843623,0.0,0.0,0.0,0.0,0.0,0.0,0.011180339887499995,STOPPED,DUPLICATE_OR_OLD,DUPLICATE_OR_OLD,0.0,0.0,98.314843623,False,
97.864843623,0.0,0.0,0.0,0.0,0.0,0.0,0.00618033988749906,STOPPED,ACCEPTED,ACCEPTED,0.0,0.0,98.364843623,False,
97.914843623,0.0,0.0,0.0,0.0,0.0,0.0,0.011180339887498777,STOPPED,DUPLICATE_OR_OLD,DUPLICATE_OR_OLD,0.0,0.0,98.414843623,False,
97.964843623,0.0,0.0,0.0,0.0,0.0,0.0,0.0061803398874988825,STOPPED,ACCEPTED,ACCEPTED,0.0,0.0,98.464843623,False,
98.01484362299999,0.0,0.0,0.0,0.0,0.0,0.0,0.0111803398874986,STOPPED,DUPLICATE_OR_OLD,DUPLICATE_OR_OLD,0.0,0.0,98.51484362299999,False,
98.064843623,0.0,0.0,0.0,0.0,0.0,0.0,0.006180339887499064,STOPPED,ACCEPTED,ACCEPTED,0.0,0.0,98.564843623,False,
98.114843623,0.0,0.0,0.0,0.0,0.0,0.0,0.01118033988749878,STOPPED,DUPLICATE_OR_OLD,DUPLICATE_OR_OLD,0.0,0.0,98.614843623,False,
98.164843623,0.0,0.0,0.0,0.0,0.0,0.0,0.006180339887498883,STOPPED,ACCEPTED,ACCEPTED,0.0,0.0,98.664843623,False,
98.214843623,0.0,0.0,0.0,0.0,0.0,0.0,0.0111803398874986,STOPPED,DUPLICATE_OR_OLD,DUPLICATE_OR_OLD,0.0,0.0,98.714843623,False,
98.26484362299999,0.0,0.0,0.0,0.0,0.0,0.0,0.006180339887498857,STOPPED,ACCEPTED,ACCEPTED,0.0,0.0,98.76484362299999,False,
98.314843623,0.0,0.0,0.0,0.0,0.0,0.0,0.011180339887499995,STOPPED,DUPLICATE_OR_OLD,DUPLICATE_OR_OLD,0.0,0.0,98.814843623,False,
98.364843623,0.0,0.0,0.0,0.0,0.0,0.0,0.00618033988749906,STOPPED,ACCEPTED,ACCEPTED,0.0,0.0,98.864843623,False,
98.414843623,0.0,0.0,0.0,0.0,0.0,0.0,0.011180339887498777,STOPPED,DUPLICATE_OR_OLD,DUPLICATE_OR_OLD,0.0,0.0,98.914843623,False,
98.464843623,0.0,0.0,0.0,0.0,0.0,0.0,0.0061803398874988825,STOPPED,ACCEPTED,ACCEPTED,0.0,0.0,98.964843623,False,
98.51484362299999,0.0,0.0,0.0,0.0,0.0,0.0,0.0111803398874986,STOPPED,DUPLICATE_OR_OLD,DUPLICATE_OR_OLD,0.0,0.0,99.01484362299999,False,
98.564843623,0.0,0.0,0.0,0.0,0.0,0.0,0.016180339887499735,STOPPED,DUPLICATE_OR_OLD,DUPLICATE_OR_OLD,0.0,0.0,99.064843623,False,
98.614843623,0.0,0.0,0.0,0.0,0.0,0.0,0.006792850868181488,STOPPED,ACCEPTED,ACCEPTED,0.0,0.0,99.114843623,False,
98.664843623,0.0,0.0,0.0,0.0,0.0,0.0,0.005411339222900586,STOPPED,ACCEPTED,ACCEPTED,0.0,0.0,99.164843623,False,
98.714843623,0.0,0.0,0.0,0.0,0.0,0.0,0.010411339222900303,STOPPED,DUPLICATE_OR_OLD,DUPLICATE_OR_OLD,0.0,0.0,99.214843623,False,
98.76484362299999,0.0,0.0,0.0,0.0,0.0,0.0,0.0060647489247680954,STOPPED,ACCEPTED,ACCEPTED,0.0,0.0,99.26484362299999,False,
98.814843623,0.0,0.0,0.0,0.0,0.0,0.0,0.011064748924769233,STOPPED,DUPLICATE_OR_OLD,DUPLICATE_OR_OLD,0.0,0.0,99.314843623,False,
98.864843623,0.0,0.0,0.0,0.0,0.0,0.0,0.006163400603296376,STOPPED,ACCEPTED,ACCEPTED,0.0,0.0,99.364843623,False,
98.914843623,0.0,0.0,0.0,0.0,0.0,0.0,0.011163400603296092,STOPPED,DUPLICATE_OR_OLD,DUPLICATE_OR_OLD,0.0,0.0,99.414843623,False,
98.964843623,0.0,0.0,0.0,0.0,0.0,0.0,0.006177866879147087,STOPPED,ACCEPTED,ACCEPTED,0.0,0.0,99.464843623,False,
99.01484362299999,0.0,0.0,0.0,0.0,0.0,0.0,0.011177866879146804,STOPPED,DUPLICATE_OR_OLD,DUPLICATE_OR_OLD,0.0,0.0,99.51484362299999,False,
99.064843623,0.0,0.0,0.0,0.0,0.0,0.0,0.00617997904635785,STOPPED,ACCEPTED,ACCEPTED,0.0,0.0,99.564843623,False,
99.114843623,0.0,0.0,0.0,0.0,0.0,0.0,0.011179979046357567,STOPPED,DUPLICATE_OR_OLD,DUPLICATE_OR_OLD,0.0,0.0,99.614843623,False,
99.164843623,0.0,0.0,0.0,0.0,0.0,0.0,0.0061802872407602585,STOPPED,ACCEPTED,ACCEPTED,0.0,0.0,99.664843623,False,
99.214843623,0.0,0.0,0.0,0.0,0.0,0.0,0.011180287240759975,STOPPED,DUPLICATE_OR_OLD,DUPLICATE_OR_OLD,0.0,0.0,99.714843623,False,
99.26484362299999,0.0,0.0,0.0,0.0,0.0,0.0,0.006180332206427762,STOPPED,ACCEPTED,ACCEPTED,0.0,0.0,99.76484362299999,False,
99.314843623,0.0,0.0,0.0,0.0,0.0,0.0,0.0111803322064289,STOPPED,DUPLICATE_OR_OLD,DUPLICATE_OR_OLD,0.0,0.0,99.814843623,False,
99.364843623,0.0,0.0,0.0,0.0,0.0,0.0,0.0061803387668455615,STOPPED,ACCEPTED,ACCEPTED,0.0,0.0,99.864843623,False,
99.414843623,0.0,0.0,0.0,0.0,0.0,0.0,0.011180338766845278,STOPPED,DUPLICATE_OR_OLD,DUPLICATE_OR_OLD,0.0,0.0,99.914843623,False,
99.464843623,0.0,0.0,0.0,0.0,0.0,0.0,0.006180339723997733,STOPPED,ACCEPTED,ACCEPTED,0.0,0.0,99.964843623,False,
99.51484362299999,0.0,0.0,0.0,0.0,0.0,0.0,0.01118033972399745,STOPPED,DUPLICATE_OR_OLD,DUPLICATE_OR_OLD,0.0,0.0,100.01484362299999,False,
99.564843623,0.0,0.0,0.0,0.0,0.0,0.0,0.006180339863644567,STOPPED,ACCEPTED,ACCEPTED,0.0,0.0,100.064843623,False,
99.614843623,0.0,0.0,0.0,0.0,0.0,0.0,0.011180339863644284,STOPPED,DUPLICATE_OR_OLD,DUPLICATE_OR_OLD,0.0,0.0,100.114843623,False,
99.664843623,0.0,0.0,0.0,0.0,0.0,0.0,0.006180339884018559,STOPPED,ACCEPTED,ACCEPTED,0.0,0.0,100.164843623,False,
99.714843623,0.0,0.0,0.0,0.0,0.0,0.0,0.011180339884018276,STOPPED,DUPLICATE_OR_OLD,DUPLICATE_OR_OLD,0.0,0.0,100.214843623,False,
99.76484362299999,0.0,0.0,0.0,0.0,0.0,0.0,0.006180339886991085,STOPPED,ACCEPTED,ACCEPTED,0.0,0.0,100.26484362299999,False,
99.814843623,0.0,0.0,0.0,0.0,0.0,0.0,0.011180339886992222,STOPPED,DUPLICATE_OR_OLD,DUPLICATE_OR_OLD,0.0,0.0,100.314843623,False,
99.864843623,0.0,0.0,0.0,0.0,0.0,0.0,0.006180339887424977,STOPPED,ACCEPTED,ACCEPTED,0.0,0.0,100.364843623,False,
99.914843623,0.0,0.0,0.0,0.0,0.0,0.0,0.011180339887424694,STOPPED,DUPLICATE_OR_OLD,DUPLICATE_OR_OLD,0.0,0.0,100.414843623,False,
99.964843623,0.0,0.0,0.0,0.0,0.0,0.0,0.01618033988742441,STOPPED,DUPLICATE_OR_OLD,DUPLICATE_OR_OLD,0.0,0.0,100.464843623,False,
100.01484362299999,0.0,0.0,0.0,0.0,0.0,0.0,0.006792850868173741,STOPPED,ACCEPTED,ACCEPTED,0.0,0.0,100.51484362299999,False,
100.064843623,0.0,0.0,0.0,0.0,0.0,0.0,0.011792850868174878,STOPPED,DUPLICATE_OR_OLD,DUPLICATE_OR_OLD,0.0,0.0,100.564843623,False,
100.114843623,0.0,0.0,0.0,0.0,0.0,0.0,0.006267661082726243,STOPPED,ACCEPTED,ACCEPTED,0.0,0.0,100.614843623,False,
100.164843623,0.0,0.0,0.0,0.0,0.0,0.0,0.005298025504025824,STOPPED,ACCEPTED,ACCEPTED,0.0,0.0,100.664843623,False,
100.214843623,0.0,0.0,0.0,0.0,0.0,0.0,0.01029802550402554,STOPPED,DUPLICATE_OR_OLD,DUPLICATE_OR_OLD,0.0,0.0,100.714843623,False,
100.26484362299999,0.0,0.0,0.0,0.0,0.0,0.0,0.006047122334346266,STOPPED,ACCEPTED,ACCEPTED,0.0,0.0,100.76484362299999,False,
100.314843623,0.0,0.0,0.0,0.0,0.0,0.0,0.011047122334347403,STOPPED,DUPLICATE_OR_OLD,DUPLICATE_OR_OLD,0.0,0.0,100.814843623,False,
100.364843623,0.0,0.0,0.0,0.0,0.0,0.0,0.006160804302434028,STOPPED,ACCEPTED,ACCEPTED,0.0,0.0,100.864843623,False,
100.414843623,0.0,0.0,0.0,0.0,0.0,0.0,0.011160804302433745,STOPPED,DUPLICATE_OR_OLD,DUPLICATE_OR_OLD,0.0,0.0,100.914843623,False,
100.464843623,0.0,0.0,0.0,0.0,0.0,0.0,0.006177487555659822,STOPPED,ACCEPTED,ACCEPTED,0.0,0.0,100.964843623,False,
100.51484362299999,0.0,0.0,0.0,0.0,0.0,0.0,0.011177487555659539,STOPPED,DUPLICATE_OR_OLD,DUPLICATE_OR_OLD,0.0,0.0,101.01484362299999,False,
100.564843623,0.0,0.0,0.0,0.0,0.0,0.0,0.006179923692547959,STOPPED,ACCEPTED,ACCEPTED,0.0,0.0,101.064843623,False,
100.614843623,0.0,0.0,0.0,0.0,0.0,0.0,0.011179923692547675,STOPPED,DUPLICATE_OR_OLD,DUPLICATE_OR_OLD,0.0,0.0,101.114843623,False,
100.664843623,0.0,0.0,0.0,0.0,0.0,0.0,0.006180279164508533,STOPPED,ACCEPTED,ACCEPTED,0.0,0.0,101.164843623,False,
100.714843623,0.0,0.0,0.0,0.0,0.0,0.0,0.011180279164508249,STOPPED,DUPLICATE_OR_OLD,DUPLICATE_OR_OLD,0.0,0.0,101.214843623,False,
100.76484362299999,0.0,0.0,0.0,0.0,0.0,0.0,0.0061803310281134125,STOPPED,ACCEPTED,ACCEPTED,0.0,0.0,101.26484362299999,False,
100.814843623,0.0,0.0,0.0,0.0,0.0,0.0,0.01118033102811455,STOPPED,DUPLICATE_OR_OLD,DUPLICATE_OR_OLD,0.0,0.0,101.314843623,False,
100.864843623,0.0,0.0,0.0,0.0,0.0,0.0,0.016180331028114267,STOPPED,DUPLICATE_OR_OLD,DUPLICATE_OR_OLD,0.0,0.0,101.364843623,False,
100.914843623,0.0,0.0,0.0,0.0,0.0,0.0,0.006792849956922068,STOPPED,ACCEPTED,ACCEPTED,0.0,0.0,101.414843623,False,
100.964843623,0.0,0.0,0.0,0.0,0.0,0.0,0.005411339031027548,STOPPED,ACCEPTED,ACCEPTED,0.0,0.0,101.464843623,False,
101.01484362299999,0.0,0.0,0.0,0.0,0.0,0.0,0.010411339031027264,STOPPED,DUPLICATE_OR_OLD,DUPLICATE_OR_OLD,0.0,0.0,101.51484362299999,False,
101.064843623,0.0,0.0,0.0,0.0,0.0,0.0,0.00606474889505447,STOPPED,ACCEPTED,ACCEPTED,0.0,0.0,101.564843623,False,
101.114843623,0.0,0.0,0.0,0.0,0.0,0.0,0.011064748895054186,STOPPED,DUPLICATE_OR_OLD,DUPLICATE_OR_OLD,0.0,0.0,101.614843623,False,
101.164843623,0.0,0.0,0.0,0.0,0.0,0.0,0.006163400598922472,STOPPED,ACCEPTED,ACCEPTED,0.0,0.0,101.664843623,False,
101.214843623,0.0,0.0,0.0,0.0,0.0,0.0,0.011163400598922188,STOPPED,DUPLICATE_OR_OLD,DUPLICATE_OR_OLD,0.0,0.0,101.714843623,False,
101.26484362299999,0.0,0.0,0.0,0.0,0.0,0.0,0.0061778668785081176,STOPPED,ACCEPTED,ACCEPTED,0.0,0.0,101.76484362299999,False,
101.314843623,0.0,0.0,0.0,0.0,0.0,0.0,0.011177866878509255,STOPPED,DUPLICATE_OR_OLD,DUPLICATE_OR_OLD,0.0,0.0,101.814843623,False,
101.364843623,0.0,0.0,0.0,0.0,0.0,0.0,0.016177866878508973,STOPPED,DUPLICATE_OR_OLD,DUPLICATE_OR_OLD,0.0,0.0,101.864843623,False,
101.414843623,0.0,0.0,0.0,0.0,0.0,0.0,0.00679259647910899,STOPPED,ACCEPTED,ACCEPTED,0.0,0.0,101.914843623,False,
101.464843623,0.0,0.0,0.0,0.0,0.0,0.0,0.005411285658601344,STOPPED,ACCEPTED,ACCEPTED,0.0,0.0,101.964843623,False,
101.51484362299999,0.0,0.0,0.0,0.0,0.0,0.0,0.01041128565860106,STOPPED,DUPLICATE_OR_OLD,DUPLICATE_OR_OLD,0.0,0.0,102.01484362299999,False,
101.564843623,0.0,0.0,0.0,0.0,0.0,0.0,0.015411285658602197,STOPPED,DUPLICATE_OR_OLD,DUPLICATE_OR_OLD,0.0,0.0,102.064843623,False,
101.614843623,0.0,0.0,0.0,0.0,0.0,0.0,0.006711747042772107,STOPPED,ACCEPTED,ACCEPTED,0.0,0.0,102.114843623,False,
101.664843623,0.0,0.0,0.0,0.0,0.0,0.0,0.005394198366303667,STOPPED,ACCEPTED,ACCEPTED,0.0,0.0,102.164843623,False,
101.714843623,0.0,0.0,0.0,0.0,0.0,0.0,0.010394198366303384,STOPPED,DUPLICATE_OR_OLD,DUPLICATE_OR_OLD,0.0,0.0,102.214843623,False,
101.76484362299999,0.0,0.0,0.0,0.0,0.0,0.0,0.0153941983663031,STOPPED,DUPLICATE_OR_OLD,DUPLICATE_OR_OLD,0.0,0.0,102.26484362299999,False,
101.814843623,0.0003615852643690158,0.0003615852643690158,0.0003615852643690158,9.03963160922745e-06,0.0,0.021980188503123853,0.006709898422231051,FUSED,ACCEPTED,ACCEPTED,0.0,0.0,102.26484362299999,False,
101.864843623,0.001116317013196594,0.001116317013196594,0.001116317013196594,4.598718854836559e-05,0.0,0.041333004520361136,0.00539380617748074,FUSED,ACCEPTED,ACCEPTED,0.0,0.0,102.26484362299999,False,
101.914843623,0.0040203625274138465,0.0040203625274138465,0.0040203625274138465,0.00017440417706361927,0.0,0.05837250751388281,0.010393806177480456,MODEL_ONLY,DUPLICATE_OR_OLD,DUPLICATE_OR_OLD,0.0,0.0,102.26484362299999,False,
101.964843623,0.003007277104241395,0.003007277104241395,0.003007277104241395,0.00035009516785499035,0.0,0.07337521626735971,0.006062031847408431,FUSED,ACCEPTED,ACCEPTED,0.0,0.0,102.26484362299999,False,
102.01484362299999,0.008308411071666265,0.008308411071666265,0.008308411071666265,0.0006329873722526658,0.0,0.10680817010556035,0.011062031847408147,MODEL_ONLY,DUPLICATE_OR_OLD,DUPLICATE_OR_OLD,0.0,0.0,102.26484362299999,False,
102.064843623,0.015012196832130878,0.015012196832130878,0.015012196832130878,0.0012160025698477268,0.0,0.13624476044471492,0.016062031847409286,MODEL_ONLY,DUPLICATE_OR_OLD,DUPLICATE_OR_OLD,0.0,0.0,102.26484362299999,False,
102.114843623,0.00738027285129802,0.00738027285129802,0.00738027285129802,0.0017758143119334176,0.0,0.16216268725992306,0.006780635584586159,FUSED,ACCEPTED,ACCEPTED,0.0,0.0,102.26484362299999,False,
102.164843623,0.016533051647723236,0.016533051647723236,0.016533051647723236,0.002373647424408915,0.0,0.18498254929758529,0.011780635584585876,MODEL_ONLY,DUPLICATE_OR_OLD,DUPLICATE_OR_OLD,0.0,0.0,102.26484362299999,False,
102.214843623,0.009921848343932265,0.009921848343932265,0.009921848343932265,0.003035019924200265,0.0,0.20507466959450554,0.006265958674350581,FUSED,ACCEPTED,ACCEPTED,0.0,0.0,102.26484362299999,False,
102.26484362299999,0.020930622352102402,0.020930622352102402,0.020930622352102402,0.0038063316916010876,0.0,0.22276510511772013,0.011265958674350297,MODEL_ONLY,DUPLICATE_OR_OLD,DUPLICATE_OR_OLD,0.0,0.0,102.26484362299999,False,
102.314843623,0.02946870180088518,0.028365987629410977,0.012662417092721274,0.0046461576777218705,0.0,0.25201614874807904,0.006192790781413608,FUSED,ACCEPTED,ACCEPTED,0.016806284708163907,0.015703570536689703,102.26484362299999,True,-0.0017806417339073961
102.364843623,0.02793266015676137,0.02738141124967834,0.012450361946534982,0.005273977153703241,0.0,0.27777070793259484,0.005281414277552213,FUSED,ACCEPTED,ACCEPTED,0.015482298210226387,0.014931049303143356,102.26484362299999,True,-5.8552067518291215e-05
102.414843623,0.042792594494864056,0.042241345587781025,0.02731029628463767,0.006267993609482501,0.0,0.3004467302711793,0.010281414277551928,MODEL_ONLY,DUPLICATE_OR_OLD,DUPLICATE_OR_OLD,0.015482298210226387,0.014931049303143356,102.26484362299999,False,
102.464843623,0.05845871052628211,0.05790746161919909,0.04297641231605573,0.008025161324499736,0.0,0.32041220455540353,0.015281414277551645,MODEL_ONLY,DUPLICATE_OR_OLD,DUPLICATE_OR_OLD,0.015482298210226383,0.01493104930314336,102.26484362299999,False,
102.51484362299999,0.04794314176054634,0.047183114052754514,0.019590612247804583,0.009589336938596154,0.0,0.3379911325279583,0.006697644334461176,FUSED,ACCEPTED,ACCEPTED,0.02835252951274176,0.02759250180494993,102.26484362299999,True,-0.0008629686555244043
102.564843623,0.03915136937036548,0.03880108816191896,0.017056689111164758,0.010505519472570597,0.0,0.35346878681581684,0.00539120475667627,FUSED,ACCEPTED,ACCEPTED,0.022094680259200722,0.021744399050754204,102.26484362299999,True,0.0
102.614843623,0.05728395061556514,0.05693366940711862,0.03518927035636442,0.011811668459258752,0.0,0.3670963403633562,0.010391204756675987,MODEL_ONLY,DUPLICATE_OR_OLD,DUPLICATE_OR_OLD,0.022094680259200722,0.021744399050754204,102.26484362299999,False,
102.664843623,0.04153986308388561,0.04139239084860599,0.021144763311068134,0.013220019300944486,0.0,0.3790949424924133,0.006061628388321804,FUSED,ACCEPTED,ACCEPTED,0.020395099772817477,0.02024762753753786,102.26484362299999,True,-1.5702840762962106e-05
102.714843623,0.060747684952184924,0.060600212716905306,0.04035258517936745,0.014757453013205288,0.0,0.38965930773590257,0.011061628388321521,MODEL_ONLY,DUPLICATE_OR_OLD,DUPLICATE_OR_OLD,0.020395099772817477,0.02024762753753786,102.26484362299999,False,
102.76484362299999,0.04324309643143866,0.04318077700362029,0.022938178441607927,0.01633972210372958,0.0,0.39896087568501953,0.006162941221093764,FUSED,ACCEPTED,ACCEPTED,0.02030491798983073,0.02024259856201236,102.26484362299999,True,-9.303129967053181e-06
102.814843623,0.06330234145661545,0.06324002202879708,0.042997423466784715,0.01798811215143977,0.0,0.40715059312832586,0.011162941221094902,MODEL_ONLY,DUPLICATE_OR_OLD,DUPLICATE_OR_OLD,0.020304917989830737,0.020242598562012368,102.26484362299999,False,
102.864843623,0.08346732311261358,0.08340500368479521,0.06316240512278284,0.02064210786617881,0.0,0.41436136363154247,0.01616294122109462,MODEL_ONLY,DUPLICATE_OR_OLD,DUPLICATE_OR_OLD,0.020304917989830737,0.020242598562012368,102.26484362299999,False,
102.914843623,0.06190436189906163,0.06182549030059846,0.026762344591170474,0.022890226609027516,0.0,0.4207102043101145,0.006791060276033588,FUSED,ACCEPTED,ACCEPTED,0.035142017307891155,0.035063145709427986,102.26484362299999,True,-8.669289819267234e-05
102.964843623,0.0828719024303932,0.08279303083193004,0.04772988512250205,0.024752532351869222,0.0,0.42630014479482564,0.011791060276033305,MODEL_ONLY,DUPLICATE_OR_OLD,DUPLICATE_OR_OLD,0.035142017307891155,0.03506314570942799,102.26484362299999,False,
103.01484362299999,0.11997342358635109,0.11986488510433943,0.07793392063739893,0.027894127495866568,0.0,0.4312218992071037,0.006267411630234775,FUSED,ACCEPTED,ACCEPTED,0.04203950294895216,0.0419309644669405,102.26484362299999,True,-0.0001262067430153127
103.064843623,0.14078188098063005,0.14067334249861838,0.09874237803167787,0.03231103496259449,0.0,0.4355553382769898,0.011267411630235912,MODEL_ONLY,DUPLICATE_OR_OLD,DUPLICATE_OR_OLD,0.04203950294895217,0.0419309644669405,102.26484362299999,False,
103.114843623,0.1693240711518682,0.169330208135107,0.12445918847055684,0.03789107412515004,0.0,0.4393707854934454,0.0061930013734245145,FUSED,ACCEPTED,ACCEPTED,0.04486488268131136,0.04487101966455015,102.26484362299999,True,7.663096707414413e-05
103.164843623,0.19130201449657963,0.19130672415148697,0.1587439787768061,0.04497115330633371,0.0,0.4427301583210748,0.005281461165505383,FUSED,ACCEPTED,ACCEPTED,0.03255803571977353,0.032562745374680874,102.26484362299999,True,3.4344577695584466e-06
103.214843623,0.21241667883444937,0.2124213884893567,0.17985864311467584,0.05343621885362028,0.0,0.45680055135232056,0.0102814611655051,MODEL_ONLY,DUPLICATE_OR_OLD,DUPLICATE_OR_OLD,0.03255803571977353,0.032562745374680874,102.26484362299999,False,
103.26484362299999,0.23400594402638433,0.23401065368129167,0.2014479083066108,0.0629688826391519,0.0,0.4691890587386562,0.015281461165504816,MODEL_ONLY,DUPLICATE_OR_OLD,DUPLICATE_OR_OLD,0.03255803571977353,0.032562745374680874,102.26484362299999,False,
103.314843623,0.25262322743767185,0.25219952742123236,0.2088148114303644,0.07322545063257861,0.0,0.48009672243507995,0.00669764944784397,FUSED,ACCEPTED,ACCEPTED,0.04380841600730745,0.04338471599086796,102.26484362299999,True,-0.0006349321697103408
103.364843623,0.2579002876871869,0.2577050130711701,0.22750558368652843,0.08413346051050032,0.0,0.4897005531149118,0.0053912058428090244,FUSED,ACCEPTED,ACCEPTED,0.030394704000658496,0.03019942938464168,102.26484362299999,True,0.0
103.414843623,0.28068290384626315,0.2804876292302463,0.25028819984560463,0.09607830509880297,0.0,0.49815640271698075,0.01039120584280874,MODEL_ONLY,DUPLICATE_OR_OLD,DUPLICATE_OR_OLD,0.030394704000658523,0.03019942938464165,102.26484362299999,False,
103.464843623,0.28545056351207304,0.28535269006322805,0.2577763205735809,0.10877991810928189,0.0,0.5056014936266907,0.00606162855678936,FUSED,ACCEPTED,ACCEPTED,0.027674242938492133,0.027576369489647146,102.26484362299999,True,-3.458979961917796e-05
103.51484362299999,0.3088149826523977,0.3087171092035527,0.2811407397139056,0.12225284461646829,0.0,0.5121566455348188,0.011061628556789077,MODEL_ONLY,DUPLICATE_OR_OLD,DUPLICATE_OR_OLD,0.027674242938492133,0.027576369489647146,102.26484362299999,False,
103.564843623,0.31454810895001806,0.3145105543326496,0.2919674627821493,0.13658054967887293,0.0,0.5068156577624142,0.006162941245897485,FUSED,ACCEPTED,ACCEPTED,0.022580646167868756,0.02254309155050027,102.26484362299999,True,0.0
103.614843623,0.3373090310207899,0.3372714764034214,0.31472838485292115,0.15174794586974882,0.0,0.5021130978323677,0.011162941245897201,MODEL_ONLY,DUPLICATE_OR_OLD,DUPLICATE_OR_OLD,0.022580646167868756,0.02254309155050027,102.26484362299999,False,
103.664843623,0.35981073420985626,0.3597731795924878,0.3372300880419875,0.1680469076921206,0.0,0.4979726521249382,0.016162941245896918,MODEL_ONLY,DUPLICATE_OR_OLD,DUPLICATE_OR_OLD,0.022580646167868756,0.02254309155050027,102.26484362299999,False,
103.714843623,0.3706534949718949,0.37080764341458383,0.33250757192364067,0.18479034919126036,0.0,0.49432712906703175,0.006791060278587554,FUSED,ACCEPTED,ACCEPTED,0.03814592304825426,0.038300071490943166,102.26484362299999,True,0.0002447327607333766
103.76484362299999,0.3841654733207608,0.38423621262427254,0.3556244855251314,0.20199365062747868,0.0,0.49111736874053347,0.005410962168818201,FUSED,ACCEPTED,ACCEPTED,0.028540987795629413,0.02861172709914117,102.26484362299999,True,0.0
103.814843623,0.4061128676651122,0.40618360696862393,0.37757187986948276,0.2203235597623482,0.0,0.48829128282915213,0.010410962168819338,MODEL_ONLY,DUPLICATE_OR_OLD,DUPLICATE_OR_OLD,0.028540987795629413,0.02861172709914117,102.26484362299999,False,
103.864843623,0.4207372573961005,0.4207726232495663,0.3952105303565644,0.23964312001799826,0.0,0.485803009323941,0.006064690532548718,FUSED,ACCEPTED,ACCEPTED,0.025526727039536123,0.02556209289300193,102.26484362299999,True,1.2412419631815247e-05
103.914843623,0.4424041912081186,0.4424395570615844,0.41687746416858246,0.2599453198811258,0.0,0.4836121682699579,0.011064690532548434,MODEL_ONLY,DUPLICATE_OR_OLD,DUPLICATE_OR_OLD,0.025526727039536123,0.02556209289300193,102.26484362299999,False,
103.964843623,0.4639557832210042,0.46399114907447003,0.4384290561814681,0.2813279828898758,0.0,0.48168320647626206,0.01606469053254815,MODEL_ONLY,DUPLICATE_OR_OLD,DUPLICATE_OR_OLD,0.025526727039536123,0.02556209289300193,102.26484362299999,False,
104.01484362299999,0.4792159658081051,0.4789545605598746,0.44289538621504837,0.3033610939497875,0.0,0.4910973989044247,0.00678091111529904,FUSED,ACCEPTED,ACCEPTED,0.036320579593056734,0.03605917434482625,102.26484362299999,True,-0.000402290822237715
104.064843623,0.5016346921382691,0.5013732868900386,0.4653141125452123,0.32606633141879915,0.0,0.49938627841004457,0.011780911115300177,MODEL_ONLY,DUPLICATE_OR_OLD,DUPLICATE_OR_OLD,0.036320579593056734,0.03605917434482625,102.26484362299999,False,
104.114843623,0.5244060726241553,0.5241446673759249,0.4880854930310986,0.3499013215582056,0.0,0.5066843577708522,0.016780911115299894,MODEL_ONLY,DUPLICATE_OR_OLD,DUPLICATE_OR_OLD,0.03632057959305668,0.036059174344826306,102.26484362299999,False,
104.164843623,0.5350193068321718,0.534937054549573,0.5089947555120513,0.37482832777178293,-0.02966511647515459,0.5131100709592935,0.006853457107091588,FUSED,ACCEPTED,ACCEPTED,0.026024551320120493,0.025942299037521654,102.26484362299999,True,0.0
104.214843623,0.5573755603879419,0.557293308105343,0.5313510090678214,0.40083697188627826,-0.02966511647515459,0.52839393243348,0.011853457107091304,MODEL_ONLY,DUPLICATE_OR_OLD,DUPLICATE_OR_OLD,0.026024551320120493,0.025942299037521654,102.26484362299999,False,
104.26484362299999,0.5763586513772888,0.5762269809818075,0.5487277146943456,0.4278389399803309,-0.032087599172936666,0.5418508579325914,0.0062760846917697755,FUSED,ACCEPTED,ACCEPTED,0.027630936682943252,0.02749926628746191,102.26484362299999,True,-0.00016099263635363514
104.314843623,0.5998486041626316,0.5997169337671503,0.5722176674796884,0.45586257453468815,-0.032087599172936666,0.5536992278091785,0.011276084691770914,MODEL_ONLY,DUPLICATE_OR_OLD,DUPLICATE_OR_OLD,0.027630936682943252,0.02749926628746191,102.26484362299999,False,
104.364843623,0.6292165349216701,0.6291525008660329,0.6031839057914044,0.4852476138664638,-0.015350034099549763,0.564131318611911,0.006194257966015811,FUSED,ACCEPTED,ACCEPTED,0.026032629130265716,0.025968595074628564,102.26484362299999,True,-2.247839828774939e-05
104.414843623,0.6545152048167453,0.6544511707611081,0.6284825756864796,0.5160392759034091,-0.015350034099549763,0.573316423368941,0.011194257966015527,MODEL_ONLY,DUPLICATE_OR_OLD,DUPLICATE_OR_OLD,0.026032629130265716,0.025968595074628564,102.26484362299999,False,
104.464843623,0.6811267546848234,0.6810805631735878,0.6543506674815653,0.5481101069826084,-0.025431470809311397,0.590026132146733,0.006182369428836609,FUSED,ACCEPTED,ACCEPTED,0.02677608720325808,0.026729895692022443,102.26484362299999,True,-3.5173689709604855e-05
104.51484362299999,0.7074874502903561,0.7074412587791205,0.680711363087098,0.5814866577468231,-0.025431470809311397,0.604738468195733,0.011182369428836325,MODEL_ONLY,DUPLICATE_OR_OLD,DUPLICATE_OR_OLD,0.02677608720325808,0.026729895692022443,102.26484362299999,False,
104.564843623,0.7406988124210504,0.7406811702014028,0.7171299740061261,0.6164326911741617,-0.01076168564785763,0.6176921847982889,0.0061806359706368195,FUSED,ACCEPTED,ACCEPTED,0.023568838414924298,0.02355119619527668,102.26484362299999,True,0.0
104.614843623,0.7690074503207833,0.7689898081011357,0.745438611905859,0.6529969058219592,-0.01076168564785763,0.6290974961819047,0.011180635970636536,MODEL_ONLY,DUPLICATE_OR_OLD,DUPLICATE_OR_OLD,0.023568838414924298,0.02355119619527668,102.26484362299999,False,
104.664843623,0.8069060218821938,0.8068488260019915,0.7771972273444975,0.691062801803216,0.005714767857172362,0.639139488897077,0.006180383084957972,FUSED,ACCEPTED,ACCEPTED,0.02970879453769637,0.029651598657494005,102.26484362299999,True,-8.164093948598294e-05
104.714843623,0.8369808535345619,0.8369236576543595,0.8072720589968655,0.7306745339617479,0.005714767857172362,0.6479811254206038,0.011180383084957689,MODEL_ONLY,DUPLICATE_OR_OLD,DUPLICATE_OR_OLD,0.02970879453769637,0.029651598657494005,102.26484362299999,False,
104.76484362299999,0.8721609105423002,0.8720902995754964,0.8381635767802785,0.7718104248561741,0.005176170792835367,0.6557658887271985,0.006180346189912802,FUSED,ACCEPTED,ACCEPTED,0.03399733376202163,0.03392672279521791,102.26484362299999,True,-7.89019241505956e-05
104.814843623,0.902939757380605,0.9028691464138012,0.8689424236185833,0.8144880748661554,0.005176170792835367,0.662620110745765,0.01118034618991394,MODEL_ONLY,DUPLICATE_OR_OLD,DUPLICATE_OR_OLD,0.03399733376202163,0.03392672279521791,102.26484362299999,False,
104.864843623,0.9340200329298642,0.9339494219630605,0.9000226991678426,0.8587122029358135,0.005176170792835367,0.6686550224867521,0.016180346189913656,MODEL_ONLY,DUPLICATE_OR_OLD,DUPLICATE_OR_OLD,0.03399733376202163,0.03392672279521791,102.26484362299999,False,
104.914843623,0.9653657504140049,0.9652951394472011,0.9313684166519832,0.9044969808313066,0.005176170792835367,0.6739685591102905,0.021180346189913372,MODEL_ONLY,DUPLICATE_OR_OLD,DUPLICATE_OR_OLD,0.03399733376202163,0.03392672279521791,102.26484362299999,False,
104.964843623,1.0243604249843214,1.024340908596492,0.9984342150355449,0.952742046623492,0.05691821678080613,0.6786469492279006,0.007236068458961306,FUSED,ACCEPTED,ACCEPTED,0.02592620994877659,0.025906693560947214,102.26484362299999,True,0.0
105.01484362299999,1.058732718932471,1.0587132025446415,1.0328065089836942,1.0035230647239701,0.05691821678080613,0.6827661142291529,0.012236068458961021,MODEL_ONLY,DUPLICATE_OR_OLD,DUPLICATE_OR_OLD,0.0259262099487767,0.025906693560947325,102.26484362299999,False,
105.064843623,1.109436721998436,1.1094245634485633,1.0770990304718062,1.0562707032103695,0.08032961402919624,0.6863929003416831,0.006328398125791371,FUSED,ACCEPTED,ACCEPTED,0.0323376915266298,0.03232553297675711,102.26484362299999,True,-7.889688923234939e-06
105.114843623,1.1453204570608086,1.145308298510936,1.1129827655341789,1.111022748110516,0.08032961402919624,0.689586163418553,0.011328398125791088,MODEL_ONLY,DUPLICATE_OR_OLD,DUPLICATE_OR_OLD,0.0323376915266298,0.03232553297675711,102.26484362299999,False,
105.164843623,1.1988190794735165,1.198796788094526,1.1596650264741581,1.1678389429107212,0.11162272119001043,0.6923977240570134,0.006201819817437284,FUSED,ACCEPTED,ACCEPTED,0.03915405299935837,0.03913176162036791,102.26484362299999,True,-2.849702699067591e-05
105.214843623,1.236531760488973,1.2365094691099825,1.1973777074896146,1.226765011259812,0.11162272119001043,0.6948732085484094,0.011201819817437,MODEL_ONLY,DUPLICATE_OR_OLD,DUPLICATE_OR_OLD,0.03915405299935837,0.03913176162036791,102.26484362299999,False,
105.26484362299999,1.2764876222277783,1.2764653879039072,1.2333928704913097,1.2875342757093318,0.09436314470239285,0.6970527893062686,0.006183471197926021,FUSED,ACCEPTED,ACCEPTED,0.043094751736468595,0.04307251741259743,102.26484362299999,True,-2.219910861746971e-05
105.314843623,1.3135422307704008,1.3135199964465296,1.2704474790339322,1.350130284447477,0.09436314470239285,0.698971836788304,0.011183471197927158,MODEL_ONLY,DUPLICATE_OR_OLD,DUPLICATE_OR_OLD,0.043094751736468595,0.04307251741259743,102.26484362299999,False,
105.364843623,1.354246183765811,1.354235458926963,1.313850744830221,1.414737740044077,0.1036937809581539,0.7006614934917893,0.0061807966848980034,FUSED,ACCEPTED,ACCEPTED,0.040395438935590056,0.040384714096741936,102.26484362299999,True,-3.6129622409952766e-06
105.414843623,1.392320438904943,1.392309714066095,1.351924999969353,1.4813821336640627,0.1036937809581539,0.710034386565182,0.01118079668489772,MODEL_ONLY,DUPLICATE_OR_OLD,DUPLICATE_OR_OLD,0.040395438935590056,0.040384714096741936,102.26484362299999,False,
105.464843623,1.4239291759636687,1.423925079511228,1.388655498990631,1.5498966461380583,0.07908660087144179,0.7104016961512473,0.006180406532178387,FUSED,ACCEPTED,ACCEPTED,0.03527367697303774,0.03526958052059692,102.26484362299999,True,0.0
105.51484362299999,1.4608076023487602,1.4608035058963194,1.4255339253757224,1.620251381747213,0.07908660087144179,0.7107250998763555,0.011180406532178104,MODEL_ONLY,DUPLICATE_OR_OLD,DUPLICATE_OR_OLD,0.03527367697303774,0.03526958052059692,102.26484362299999,False,
105.564843623,1.4839373996270342,1.4839358349254181,1.4658212656480665,1.6925352615228242,0.04873861730891314,0.7110098459689753,0.006180349610802012,FUSED,ACCEPTED,ACCEPTED,0.01811613397896772,0.018114569277351666,102.26484362299999,True,0.0
105.614843623,1.5193251969893302,1.5193236322877142,1.5012090630103625,1.7667110197392808,0.04873861730891314,0.7112605553175924,0.011180349610801728,MODEL_ONLY,DUPLICATE_OR_OLD,DUPLICATE_OR_OLD,0.01811613397896772,0.018114569277351666,102.26484362299999,False,
105.664843623,1.5720924284410007,1.572091816956453,1.5432506627516784,1.8428225128833275,0.11828026757720807,0.711481296458957,0.006180341306109139,FUSED,ACCEPTED,ACCEPTED,0.028841765689322285,0.02884115420477462,102.26484362299999,True,-2.2364354708426237e-08
105.714843623,1.6113723222800558,1.6113717107955081,1.5825305565907335,1.9209670433668835,0.11828026757720807,0.7195608588307251,0.011180341306108855,MODEL_ONLY,DUPLICATE_OR_OLD,DUPLICATE_OR_OLD,0.028841765689322285,0.02884115420477462,102.26484362299999,False,
105.76484362299999,1.652637271312657,1.652637037746356,1.6180117255122641,2.000980600419454,0.0953035525502479,0.7266746415018084,0.006180340094471293,FUSED,ACCEPTED,ACCEPTED,0.03462554580039279,0.03462531223409182,102.26484362299999,True,0.0
105.814843623,1.6914371902958194,1.6914369567295184,1.6568116444954266,2.0828511846696647,0.0953035525502479,0.7329380876592697,0.01118034009447243,MODEL_ONLY,DUPLICATE_OR_OLD,DUPLICATE_OR_OLD,0.03462554580039279,0.03462531223409182,102.26484362299999,False,
105.864843623,1.728739779743662,1.7287428477386853,1.6905771862363852,2.1665359054379554,0.09130065053688616,0.7305676339149209,0.006180339917695931,FUSED,ACCEPTED,ACCEPTED,0.03816259350727691,0.03816566150230005,102.26484362299999,True,5.108472111235718e-06
105.914843623,1.7671166754495218,1.767119743444545,1.7289540819422449,2.2520241871424163,0.09130065053688616,0.7284805291939923,0.011180339917695648,MODEL_ONLY,DUPLICATE_OR_OLD,DUPLICATE_OR_OLD,0.03816259350727691,0.03816566150230005,102.26484362299999,False,
105.964843623,1.8092972529143088,1.8092984247841288,1.772853290650444,2.3395693714572285,0.10510753765172107,0.726642903749283,0.006180339891904547,FUSED,ACCEPTED,ACCEPTED,0.036443962263864815,0.03644513413368489,102.26484362299999,True,0.0
106.01484362299999,1.8485859735647685,1.8485871454345886,1.8121420113009037,2.429194254006007,0.10510753765172107,0.7329101436366161,0.011180339891904263,MODEL_ONLY,DUPLICATE_OR_OLD,DUPLICATE_OR_OLD,0.036443962263864815,0.03644513413368489,102.26484362299999,False,
106.064843623,1.874055206959058,1.8740556545734988,1.840597083619995,2.5205127313790503,0.05704906304052743,0.7384282373717213,0.006180339888141841,FUSED,ACCEPTED,ACCEPTED,0.03345812333906295,0.0334585709535038,102.26484362299999,True,0.0
106.114843623,1.9114598333027466,1.9114602809171874,1.8780017099636837,2.613477701218637,0.05704906304052743,0.7432867331396799,0.011180339888141558,MODEL_ONLY,DUPLICATE_OR_OLD,DUPLICATE_OR_OLD,0.03345812333906295,0.0334585709535038,102.26484362299999,False,
106.164843623,1.9643637895412576,1.964337005243735,1.9235935039107535,2.7085175815654927,0.12135390578111696,0.7475644751028342,0.0061803398875926625,FUSED,ACCEPTED,ACCEPTED,0.04077028563050411,0.040743501332981547,102.26484362299999,True,-4.361454469367643e-05
106.214843623,2.0053858654796857,2.0053590811821627,1.9646155798491813,2.8057228086594854,0.12135390578111696,0.7513308828918485,0.011180339887592379,MODEL_ONLY,DUPLICATE_OR_OLD,DUPLICATE_OR_OLD,0.04077028563050433,0.040743501332981324,102.26484362299999,False,
106.26484362299999,2.051842525734099,2.0518322950428103,2.017861090452927,2.9052847254170326,0.11181603545106569,0.7546470781545208,0.006180339887512539,FUSED,ACCEPTED,ACCEPTED,0.033981435281172256,0.03397120458988345,102.26484362299999,True,0.0
106.314843623,2.092699507819536,2.092689277128247,2.0587180725383636,3.007199204491838,0.11181603545106569,0.7575668764440873,0.011180339887513676,MODEL_ONLY,DUPLICATE_OR_OLD,DUPLICATE_OR_OLD,0.033981435281172256,0.03397120458988345,102.26484362299999,False,
106.364843623,2.1389456364881205,2.1389417287117767,2.103374667744756,3.11125152299891,0.1192176704275263,0.7674511646415799,0.006180339887501057,FUSED,ACCEPTED,ACCEPTED,0.03557096874336452,0.03556706096702067,102.26484362299999,True,0.0
106.414843623,2.1811020538773067,2.181098146100963,2.145531085133942,3.2174741668208715,0.1192176704275263,0.7761539476463889,0.011180339887500773,MODEL_ONLY,DUPLICATE_OR_OLD,DUPLICATE_OR_OLD,0.03557096874336452,0.03556706096702067,102.26484362299999,False,
106.464843623,2.2192087414173787,2.219207248779636,2.180308876453799,3.325620165860559,0.09805309112658739,0.7838164551042354,0.006180339887499175,FUSED,ACCEPTED,ACCEPTED,0.03889986496357967,0.03889837232583693,102.26484362299999,True,0.0
106.51484362299999,2.2610273842053283,2.2610258915675856,2.2221275192417487,3.4356810757529415,0.09805309112658739,0.7905630349637021,0.011180339887498891,MODEL_ONLY,DUPLICATE_OR_OLD,DUPLICATE_OR_OLD,0.03889986496357967,0.03889837232583693,102.26484362299999,False,
106.564843623,2.3035853939426825,2.3035848238057977,2.266749972111192,3.5479030130367906,0.10448123205593368,0.7965031714073625,0.006180339887499107,FUSED,ACCEPTED,ACCEPTED,0.03683542183149058,0.036834851694605764,102.26484362299999,True,0.0
106.614843623,2.346283955106497,2.3462833849696123,2.3094485332750065,3.662307975671439,0.10448123205593368,0.8017332615721993,0.011180339887498824,MODEL_ONLY,DUPLICATE_OR_OLD,DUPLICATE_OR_OLD,0.03683542183149058,0.036834851694605764,102.26484362299999,False,
106.664843623,2.39345014777355,2.3934209443876773,2.347444507688359,3.7787303016955165,0.11493250422370706,0.8063381798921351,0.00618033988749889,FUSED,ACCEPTED,ACCEPTED,0.0460056400851907,0.04597643669931806,102.26484362299999,True,-4.689970695517798e-05
106.714843623,2.437104242239177,2.4370750388533042,2.391098602153986,3.8971938794415686,0.11493250422370706,0.8103926554489523,0.011180339887498607,MODEL_ONLY,DUPLICATE_OR_OLD,DUPLICATE_OR_OLD,0.0460056400851907,0.04597643669931806,102.26484362299999,False,
106.76484362299999,2.4796563000364635,2.4796451453356467,2.4404489085622134,4.017982567209467,0.10434266359999109,0.8139624846834169,0.006180339887498857,FUSED,ACCEPTED,ACCEPTED,0.03920739147425012,0.03919623677343331,102.26484362299999,True,0.0
106.814843623,2.5231165496555974,2.5231053949547806,2.4839091581813473,4.141091518878084,0.10434266359999109,0.8171055991465968,0.011180339887499995,MODEL_ONLY,DUPLICATE_OR_OLD,DUPLICATE_OR_OLD,0.03920739147425012,0.03919623677343331,102.26484362299999,False,
106.864843623,2.5734118144961027,2.573407553779525,2.5389319851372236,4.266662547461041,0.1254300505203867,0.8198730056189476,0.00618033988749906,FUSED,ACCEPTED,ACCEPTED,0.034479829358879055,0.03447556864230128,102.26484362299999,True,0.0
106.914843623,2.618186634196508,2.61818237347993,2.583706804837629,4.394728517210405,0.1254300505203867,0.8223096138535276,0.011180339887498777,MODEL_ONLY,DUPLICATE_OR_OLD,DUPLICATE_OR_OLD,0.034479829358879055,0.03447556864230128,102.26484362299999,False,
106.964843623,2.6668937699657764,2.66689214251686,2.6336491122460024,4.525162415137489,0.12726815134705624,0.8244549653760237,0.0061803398874988825,FUSED,ACCEPTED,ACCEPTED,0.03324465771977403,0.03324303027085751,102.26484362299999,True,0.0
107.01484362299999,2.711962207773241,2.7119605803243245,2.678717550053467,4.657971581694968,0.12726815134705624,0.8263438751686435,0.0111803398874986,MODEL_ONLY,DUPLICATE_OR_OLD,DUPLICATE_OR_OLD,0.03324465771977403,0.03324303027085751,102.26484362299999,False,
107.064843623,2.7566734664971073,2.756672844866936,2.7170761546338844,4.792866424312182,0.12111596678548767,0.82800699665118,0.006180339887499064,FUSED,ACCEPTED,ACCEPTED,0.039597311863222906,0.03959669023305157,102.26484362299999,True,0.0
107.114843623,2.801590667274441,2.8015900456442697,2.761993355411218,4.929843162063301,0.12111596678548767,0.8294713191278171,0.01118033988749878,MODEL_ONLY,DUPLICATE_OR_OLD,DUPLICATE_OR_OLD,0.039597311863222906,0.03959669023305157,102.26484362299999,False,
107.164843623,2.818665735731333,2.8186653547683735,2.7756405647895086,5.068284010068312,0.039783532030971416,0.830760605772299,0.006180339887498883,FUSED,ACCEPTED,ACCEPTED,0.04302517094182434,0.04302478997886494,102.26484362299999,True,-2.3222244253245927e-07
107.214843623,2.8596375377775027,2.8596371568145433,2.8166123668356784,5.208090333358934,0.039783532030971416,0.8318957792591234,0.0111803398874986,MODEL_ONLY,DUPLICATE_OR_OLD,DUPLICATE_OR_OLD,0.04302517094182434,0.04302478997886494,102.26484362299999,False,
107.26484362299999,2.9141874556536123,2.9141834703841907,2.869248547219014,5.350236856210293,0.11829604247704385,0.8328952612988266,0.006180339887498857,FUSED,ACCEPTED,ACCEPTED,0.04493890843459836,0.04493492316517678,102.26484362299999,True,-6.212853320787526e-06
107.314843623,2.9588131826336026,2.958809197364181,2.9138742741990042,5.494814926745776,0.11829604247704385,0.8264617674892675,0.011180339887499995,MODEL_ONLY,DUPLICATE_OR_OLD,DUPLICATE_OR_OLD,0.04493890843459836,0.04493492316517678,102.26484362299999,False,
107.364843623,3.007757445269437,3.007755923031972,2.96418638078109,5.64176644312027,0.11044410718679921,0.820797292772559,0.00618033988749906,FUSED,ACCEPTED,ACCEPTED,0.04357106448834713,0.043569542250882165,102.26484362299999,True,0.0
107.414843623,3.0514579827843478,3.051456460546883,3.0078869182960006,5.791068275597189,0.11044410718679921,0.815809913478191,0.011180339887498777,MODEL_ONLY,DUPLICATE_OR_OLD,DUPLICATE_OR_OLD,0.04357106448834713,0.043569542250882165,102.26484362299999,False,
107.464843623,3.093211977703752,3.093211396260779,3.0517509069886573,5.942559221229296,0.10214228865215581,0.8114186939088777,0.0061803398874988825,FUSED,ACCEPTED,ACCEPTED,0.04146107071509464,0.04146048927212176,102.26484362299999,True,0.0
107.51484362299999,3.1360845472634127,3.13608396582044,3.094623476548318,6.096218580817712,0.10214228865215581,0.8075523729078471,0.0111803398874986,MODEL_ONLY,DUPLICATE_OR_OLD,DUPLICATE_OR_OLD,0.04146107071509464,0.04146048927212176,102.26484362299999,False,
107.564843623,3.1787869085489713,3.1787863271059984,3.1373258378338766,6.252017313677302,0.10214228865215581,0.8041482074255568,0.016180339887499735,MODEL_ONLY,DUPLICATE_OR_OLD,DUPLICATE_OR_OLD,0.04146107071509464,0.04146048927212176,102.26484362299999,False,
107.614843623,3.2213394071791956,3.2213388257362228,3.179878336464101,6.409947418034743,0.10214228865215581,0.8011509543191229,0.021180339887499452,MODEL_ONLY,DUPLICATE_OR_OLD,DUPLICATE_OR_OLD,0.04146107071509464,0.04146048927212176,102.26484362299999,False,
107.664843623,3.25066143569136,3.2506612749844743,3.2342019034085974,6.570299424031551,0.08129905045851525,0.790626766632971,0.007236067977499807,FUSED,ACCEPTED,ACCEPTED,0.016459532282762535,0.016459371575876958,102.26484362299999,True,0.0
107.714843623,3.291182253379472,3.2911820926725865,3.2747227210967096,6.733022539644174,0.08129905045851525,0.7813605736705183,0.012236067977499524,MODEL_ONLY,DUPLICATE_OR_OLD,DUPLICATE_OR_OLD,0.016459532282762535,0.016459371575876958,102.26484362299999,False,
107.76484362299999,3.3181313259611165,3.3181312669559455,3.296773433268795,6.897309943503302,0.053104885643679156,0.7732020027120783,0.00632839806088699,FUSED,ACCEPTED,ACCEPTED,0.021357892692321467,0.021357833687150496,102.26484362299999,True,0.0
107.814843623,3.356475339506984,3.356475280501813,3.3351174468146625,7.063107215505426,0.053104885643679156,0.7660186556402407,0.011328398060888128,MODEL_ONLY,DUPLICATE_OR_OLD,DUPLICATE_OR_OLD,0.021357892692321467,0.021357833687150496,102.26484362299999,False,
107.864843623,3.390109901243323,3.390118565175277,3.3573690977429456,7.230419379119357,0.057045308344211905,0.7596939603697941,0.0062018198080742715,FUSED,ACCEPTED,ACCEPTED,0.032740803500377336,0.032749467432331425,102.26484362299999,True,1.4006119897429226e-05
107.914843623,3.4280562670973986,3.4280649310293527,3.3953154635970213,7.399236493152847,0.057045308344211905,0.7541252791040859,0.011201819808073988,MODEL_ONLY,DUPLICATE_OR_OLD,DUPLICATE_OR_OLD,0.032740803500377336,0.032749467432331425,102.26484362299999,False,
107.964843623,3.4657574811321927,3.465766145064147,3.4330166776318154,7.569944796683558,0.057045308344211905,0.7492222427184514,0.016201819808073704,MODEL_ONLY,DUPLICATE_OR_OLD,DUPLICATE_OR_OLD,0.032740803500377336,0.032749467432331425,102.26484362299999,False,
108.01484362299999,3.4924383950280466,3.4929077265043076,3.4304694117163583,7.7415319489172525,0.03888257678703212,0.736282750986482,0.006795058730064035,FUSED,ACCEPTED,ACCEPTED,0.06196898331168832,0.062438314787949256,102.26484362299999,True,0.0006866088366369177
108.064843623,3.524321118815824,3.5246352944896944,3.4742558109017483,7.914150079482744,0.04086330461904395,0.7248899641225331,0.005411804058960617,FUSED,ACCEPTED,ACCEPTED,0.050065307914075596,0.05037948358794608,102.26484362299999,True,0.00018263262186820478
108.114843623,3.5594950704697017,3.559809246143572,3.509429762555626,8.088742218819169,0.04086330461904395,0.7148589988252945,0.010411804058960333,MODEL_ONLY,DUPLICATE_OR_OLD,DUPLICATE_OR_OLD,0.050065307914075596,0.05037948358794608,102.26484362299999,False,
108.164843623,3.5785430929724127,3.5786667267266874,3.542017587576975,8.265028402572474,0.002782327052210515,0.7060270715720217,0.006064820908898021,FUSED,ACCEPTED,ACCEPTED,0.03652550539543764,0.03664913914971235,102.26484362299999,True,0.0
108.214843623,3.610501276787614,3.6106249105418886,3.5739757713921763,8.442928236546694,0.002782327052210515,0.6886246196185878,0.011064820908897738,MODEL_ONLY,DUPLICATE_OR_OLD,DUPLICATE_OR_OLD,0.03652550539543764,0.03664913914971235,102.26484362299999,False,
108.26484362299999,3.640351927919309,3.6405146938300055,3.6024179033807737,8.622338078416007,0.024258145734992683,0.6733023465245305,0.00616341119896726,FUSED,ACCEPTED,ACCEPTED,0.037934024538535116,0.038096790449231754,102.26484362299999,True,0.0001871248230328887
108.314843623,3.6719432517320905,3.672106017642787,3.6340092271935553,8.803248756680407,0.024258145734992683,0.6598116008872408,0.011163411198968397,MODEL_ONLY,DUPLICATE_OR_OLD,DUPLICATE_OR_OLD,0.037934024538535116,0.038096790449231754,102.26484362299999,False,
108.364843623,3.708797780625006,3.708890972118175,3.6735321710368782,8.985937291636157,0.044317786832296945,0.6479334535175443,0.0061778684270366105,FUSED,ACCEPTED,ACCEPTED,0.035265609588127855,0.03535880108129685,102.26484362299999,True,5.014710317472609e-05
108.414843623,3.740275263680011,3.74036845517318,3.7050096540918833,9.170400837264365,0.044317786832296945,0.6374751446345805,0.011177868427036327,MODEL_ONLY,DUPLICATE_OR_OLD,DUPLICATE_OR_OLD,0.035265609588127855,0.03535880108129685,102.26484362299999,False,
108.464843623,3.7404475900846554,3.7404831894282116,3.7186027537710538,9.355991147460928,-0.04539731367123539,0.6171543773912331,0.006179979272234338,FUSED,ACCEPTED,ACCEPTED,0.02184483631360168,0.021880435657157804,102.26484362299999,True,0.0
108.51484362299999,3.765528692179208,3.765564291522764,3.7436838558656063,9.542548312701834,-0.04539731367123539,0.5992626259290547,0.011179979272234054,MODEL_ONLY,DUPLICATE_OR_OLD,DUPLICATE_OR_OLD,0.02184483631360168,0.021880435657157804,102.26484362299999,False,
108.564843623,3.7898221400318017,3.789857739375358,3.7679773037182,9.730339841691473,-0.04539731367123539,0.5835095410897384,0.01617997927223519,MODEL_ONLY,DUPLICATE_OR_OLD,DUPLICATE_OR_OLD,0.02184483631360168,0.021880435657157804,102.26484362299999,False,
108.614843623,3.8173909657044915,3.8175364119114996,3.7897929086319717,9.919284097000217,0.008190133376139545,0.5696394802139689,0.006792813775567586,FUSED,ACCEPTED,ACCEPTED,0.027598057072519833,0.027743503279527904,102.26484362299999,True,0.00019730974381342373
108.664843623,3.8312379558843115,3.8313046963284347,3.8079782732944762,10.109228376548367,-0.04074707281147477,0.5574273585463781,0.00541133141273783,FUSED,ACCEPTED,ACCEPTED,0.02325968258983524,0.023326423033958488,102.26484362299999,True,0.0
108.714843623,3.853922188552265,3.8539889289963885,3.83066250596243,10.300194396029779,-0.04074707281147477,0.5466749965373132,0.010411331412737547,MODEL_ONLY,DUPLICATE_OR_OLD,DUPLICATE_OR_OLD,0.02325968258983524,0.023326423033958488,102.26484362299999,False,
108.76484362299999,3.867031689490447,3.8670579535389686,3.845822001613246,10.49210650871916,-0.039904212987472897,0.523532693066964,0.006064747715270219,FUSED,ACCEPTED,ACCEPTED,0.02120968787720079,0.021235951925722585,102.26484362299999,True,0.0
108.814843623,3.8875821490199156,3.8876084130684374,3.866372461142715,10.684911370288104,-0.039904212987472897,0.5031566739435,0.011064747715271356,MODEL_ONLY,DUPLICATE_OR_OLD,DUPLICATE_OR_OLD,0.02120968787720079,0.021235951925722585,102.26484362299999,False,
108.864843623,3.923633974628679,3.9237118751201594,3.901897460659555,10.87911811833315,0.02359729746828381,0.48521627506093074,0.006163400425264389,FUSED,ACCEPTED,ACCEPTED,0.021736513969123905,0.021814414460604503,102.26484362299999,True,0.00011004319541439017
108.914843623,3.9456726938740383,3.945750594365519,3.9239361799049144,11.07476395934725,0.02359729746828381,0.4694203578056727,0.011163400425264106,MODEL_ONLY,DUPLICATE_OR_OLD,DUPLICATE_OR_OLD,0.021736513969123905,0.021814414460604503,102.26484362299999,False,
108.964843623,3.931475713155914,3.9315054877609787,3.910970994760875,11.270636638713883,-0.10017973838210945,0.45551258442960907,0.0061778668531389256,FUSED,ACCEPTED,ACCEPTED,0.020504718395039312,0.020534493000103904,102.26484362299999,True,0.0
109.01484362299999,3.94500674693499,3.9450365215400547,3.924502028539951,11.466523464296392,-0.10017973838210945,0.4230436843303852,0.011177866853138641,MODEL_ONLY,DUPLICATE_OR_OLD,DUPLICATE_OR_OLD,0.020504718395039312,0.020534493000103904,102.26484362299999,False,
109.064843623,3.938852232610235,3.9389384795326183,3.922906698332332,11.662708682468244,-0.09574929410225606,0.394455910853675,0.006179979042562594,FUSED,ACCEPTED,ACCEPTED,0.015945534277902684,0.016031781200286144,102.26484362299999,True,0.00012115406918509
109.114843623,3.949916871322312,3.9500031182446955,3.9339713370444094,11.85913063335265,-0.09574929410225606,0.3692853387105562,0.011179979042562311,MODEL_ONLY,DUPLICATE_OR_OLD,DUPLICATE_OR_OLD,0.015945534277902684,0.016031781200286144,102.26484362299999,False,
109.164843623,3.962400060812595,3.9624908832154464,3.9496358363701316,12.056220812688004,-0.061656779414736594,0.3471234973020854,0.0061802872402065235,FUSED,ACCEPTED,ACCEPTED,0.012764224442463501,0.0128550468453148,102.26484362299999,True,9.36502683607024e-05
109.214843623,3.973085595424371,3.973176417827222,3.9603213709819074,12.253969742871794,-0.061656779414736594,0.3276107420170022,0.011180287240206241,MODEL_ONLY,DUPLICATE_OR_OLD,DUPLICATE_OR_OLD,0.012764224442463501,0.0128550468453148,102.26484362299999,False,
109.26484362299999,3.966333443266665,3.9663917980465926,3.9551141239873435,12.451855630246014,-0.11120425424698548,0.3104304178824737,0.0061803322063469735,FUSED,ACCEPTED,ACCEPTED,0.011219319279321294,0.011277674059249065,102.26484362299999,True,3.8288620136543716e-05
109.314843623,3.972926253078733,3.9729846078586606,3.9617069337994115,12.649776156690727,-0.11120425424698548,0.2953037208550589,0.01118033220634811,MODEL_ONLY,DUPLICATE_OR_OLD,DUPLICATE_OR_OLD,0.011219319279321294,0.011277674059249065,102.26484362299999,False,
109.364843623,3.948573006983017,3.948595296532083,3.9413587778439316,12.847352799481799,-0.1721273402091486,0.28198517336041645,0.006180338766833775,FUSED,ACCEPTED,ACCEPTED,0.007214229139085315,0.007236518688151339,102.26484362299999,True,0.0
109.414843623,3.950867408487137,3.950889698036203,3.943653179348052,13.044478098411588,-0.1721273402091486,0.2702586406582925,0.01118033876683349,MODEL_ONLY,DUPLICATE_OR_OLD,DUPLICATE_OR_OLD,0.007214229139085315,0.007236518688151339,102.26484362299999,False,
109.464843623,3.9526455691276445,3.9526678586767106,3.945431339988559,13.241705211394992,-0.1721273402091486,0.2599338233860414,0.016180338766833207,MODEL_ONLY,DUPLICATE_OR_OLD,DUPLICATE_OR_OLD,0.007214229139085315,0.007236518688151339,102.26484362299999,False,
109.51484362299999,3.9393846748614,3.939730122059426,3.9352324435622683,13.438721805983752,-0.16781720090568394,0.25084316936125295,0.006792850752911904,FUSED,ACCEPTED,ACCEPTED,0.004152231299131781,0.004497678497157764,102.26484362299999,True,0.0004980215513057241
109.564843623,3.9405236090241758,3.9408690562222017,3.936371377725044,13.63551190151598,-0.16781720090568394,0.24283915452793228,0.011792850752913041,MODEL_ONLY,DUPLICATE_OR_OLD,DUPLICATE_OR_OLD,0.004152231299131781,0.004497678497157764,102.26484362299999,False,
109.614843623,3.960924512354806,3.961230977017838,3.9584854629842265,13.8328833225337,-0.09680857691467905,0.2357918889211574,0.006267661066669862,FUSED,ACCEPTED,ACCEPTED,0.0024390493705794825,0.0027455140336116735,102.26484362299999,True,0.00028325089452573265
109.664843623,3.9781670644909166,3.9780280747167414,3.974535033196822,14.031208834938216,-0.08312135805862987,0.22958700879953442,0.005298025500475988,FUSED,ACCEPTED,ACCEPTED,0.0036320312940945065,0.003493041519919249,102.26484362299999,True,-0.0005343286422611017
109.714843623,3.9826050241065882,3.982466034332413,3.9789729928124937,14.230046535588437,-0.08312135805862987,0.22412382073880632,0.010298025500475705,MODEL_ONLY,DUPLICATE_OR_OLD,DUPLICATE_OR_OLD,0.0036320312940945065,0.003493041519919249,102.26484362299999,False,
109.76484362299999,3.986802476063757,3.9866634862895816,3.9831704447696623,14.42910012152798,-0.08312135805862987,0.21931366756874393,0.015298025500475421,MODEL_ONLY,DUPLICATE_OR_OLD,DUPLICATE_OR_OLD,0.0036320312940945065,0.003493041519919249,102.26484362299999,False,
109.814843623,3.9944489884346153,3.9937759437871576,3.985735995743308,14.62832278254085,-0.10179576468599617,0.23530206348030483,0.006699454886971856,FUSED,ACCEPTED,ACCEPTED,0.00871299269130743,0.008039948043849776,102.26484362299999,True,-0.0009361514571668977
109.864843623,4.001698027796488,4.00138786118126,3.9952049239320395,14.827846305532724,-0.09497489221017884,0.24937930783347367,0.00539158930393038,FUSED,ACCEPTED,ACCEPTED,0.006493103864448457,0.006182937249220366,102.26484362299999,True,0.0
109.914843623,4.007425812046547,4.007115645431319,4.0009327081820985,15.027749746335566,-0.09497489221017884,0.26177384757811384,0.010391589303930096,MODEL_ONLY,DUPLICATE_OR_OLD,DUPLICATE_OR_OLD,0.006493103864448457,0.006182937249220366,102.26484362299999,False,
109.964843623,4.021238171895572,4.021116018606341,4.015315237623038,15.228155944980683,-0.0799550522755869,0.2726868225629434,0.0060616880336622665,FUSED,ACCEPTED,ACCEPTED,0.005922934272533986,0.005800780983302722,102.26484362299999,True,0.0
110.01484362299999,4.028743022246126,4.028620868956895,4.022820087973592,15.429109328120587,-0.0799550522755869,0.28229532965341575,0.011061688033661983,MODEL_ONLY,DUPLICATE_OR_OLD,DUPLICATE_OR_OLD,0.005922934272533986,0.005800780983302722,102.26484362299999,False,
110.064843623,4.053235970760663,4.053156479686504,4.045466048043346,15.630816481521057,-0.04310640192416321,0.29075529667762523,0.006162950002669324,FUSED,ACCEPTED,ACCEPTED,0.007769922717316469,0.007690431643157858,102.26484362299999,True,-5.292959756754943e-05
110.114843623,4.063378687788063,4.0632991967139045,4.055608765070747,15.833343351848898,-0.04310640192416321,0.2982040128389153,0.01116295000266904,MODEL_ONLY,DUPLICATE_OR_OLD,DUPLICATE_OR_OLD,0.007769922717316469,0.007690431643157858,102.26484362299999,False,
110.164843623,4.091617569133065,4.09154598219059,4.0808635309885135,16.03675515925037,-0.015341371937738983,0.3047623566590161,0.006177801051112376,FUSED,ACCEPTED,ACCEPTED,0.010754038144551892,0.01068245120207667,102.26484362299999,True,-6.669666459773425e-05
110.214843623,4.1037651748981885,4.103693587955713,4.093011136753637,16.24110202594391,-0.015341371937738983,0.3105367576069513,0.011177801051112091,MODEL_ONLY,DUPLICATE_OR_OLD,DUPLICATE_OR_OLD,0.010754038144551892,0.01068245120207667,102.26484362299999,False,
110.26484362299999,4.116166988945327,4.116095402002852,4.105412950800775,16.446062628132758,-0.015341371937738983,0.3156209232472643,0.016177801051111808,MODEL_ONLY,DUPLICATE_OR_OLD,DUPLICATE_OR_OLD,0.010754038144551892,0.01068245120207667,102.26484362299999,False,
110.314843623,4.15670886731217,4.156468053621041,4.134369032918854,16.652057177725794,0.033254785101336136,0.3200973599358855,0.006792589707142599,FUSED,ACCEPTED,ACCEPTED,0.022339834393315883,0.02209902070218739,102.26484362299999,True,-0.0003207213020487744
110.364843623,4.171961378635981,4.171720564944852,4.149621544242665,16.85915694215482,0.033254785101336136,0.3240387117416439,0.011792589707142316,MODEL_ONLY,DUPLICATE_OR_OLD,DUPLICATE_OR_OLD,0.022339834393315883,0.02209902070218739,102.26484362299999,False,
110.414843623,4.193441824621905,4.1937324555716895,4.169521111858993,17.06713550855735,0.024376024347610555,0.3072853654768855,0.006267624701715817,FUSED,ACCEPTED,ACCEPTED,0.02392071276291219,0.02421134371269673,102.26484362299999,True,0.0006071066394680337
110.464843623,4.206675192725431,4.206965823675215,4.182754479962519,17.275942398352875,0.024376024347610555,0.2925346080896612,0.011267624701715533,MODEL_ONLY,DUPLICATE_OR_OLD,DUPLICATE_OR_OLD,0.02392071276291219,0.02421134371269673,102.26484362299999,False,
110.51484362299999,4.229344146588691,4.229714180011263,4.20741767734954,17.485696702285665,0.05305803255532694,0.2795470627922507,0.0061930322541318295,FUSED,ACCEPTED,ACCEPTED,0.021926469239150315,0.022296502661722784,102.26484362299999,True,0.00041884354343726254
110.564843623,4.242790483017205,4.243160516439778,4.220864013778055,17.696403744563902,0.05305803255532694,0.2681119663816471,0.011193032254132967,MODEL_ONLY,DUPLICATE_OR_OLD,DUPLICATE_OR_OLD,0.021926469239150315,0.022296502661722784,102.26484362299999,False,
110.614843623,4.2557334085742795,4.256103441996852,4.233806939335129,17.907770518391718,0.05305803255532694,0.2580437489529234,0.016193032254132683,MODEL_ONLY,DUPLICATE_OR_OLD,DUPLICATE_OR_OLD,0.021926469239150315,0.022296502661722784,102.26484362299999,False,
110.664843623,4.277001098951934,4.277119725900272,4.267561837322428,18.120304737808144,0.06640534322289801,0.24917902245196563,0.006794155849123898,FUSED,ACCEPTED,ACCEPTED,0.009439261629506035,0.009557888577844231,102.26484362299999,True,0.0
110.714843623,4.288678889629463,4.288797516577802,4.279239627999957,18.33397477444119,0.06640534322289801,0.21939374069444564,0.011794155849123614,MODEL_ONLY,DUPLICATE_OR_OLD,DUPLICATE_OR_OLD,0.009439261629506035,0.009557888577844231,102.26484362299999,False,
110.76484362299999,4.318407814090279,4.318452087531475,4.309691155972603,18.548698044040492,0.11969430511683507,0.19316880282400337,0.006267842862335525,FUSED,ACCEPTED,ACCEPTED,0.008716658117676523,0.008760931558872365,102.26484362299999,True,0.0
110.814843623,4.330284297222171,4.330328570663367,4.321567639104495,18.76447951391747,0.11969430511683507,0.17007862788768258,0.011267842862336662,MODEL_ONLY,DUPLICATE_OR_OLD,DUPLICATE_OR_OLD,0.008716658117676523,0.008760931558872365,102.26484362299999,False,
110.864843623,4.333611420171328,4.333655865016528,4.3232726270956725,18.98060052057246,0.07737636558504593,0.14974850618354288,0.006193063871895512,FUSED,ACCEPTED,ACCEPTED,0.010338793075655772,0.010383237920855493,102.26484362299999,True,4.455020889506875e-05
110.914843623,4.341460500853921,4.34150494569912,4.331121707778265,19.196960378944294,0.07737636558504593,0.13184851843355336,0.01119306387189523,MODEL_ONLY,DUPLICATE_OR_OLD,DUPLICATE_OR_OLD,0.010338793075655772,0.010383237920855493,102.26484362299999,False,
110.964843623,4.333534197811472,4.333551165984962,4.325897704823062,19.413385864259315,0.05069881153369579,0.1160881818200971,0.006182195390005535,FUSED,ACCEPTED,ACCEPTED,0.007636492988410737,0.0076534611619001325,102.26484362299999,True,0.0
111.01484362299999,4.338567561669886,4.338584529843375,4.330931068681475,19.629806583596917,0.05069881153369579,0.10221173600132298,0.011182195390005253,MODEL_ONLY,DUPLICATE_OR_OLD,DUPLICATE_OR_OLD,0.007636492988410737,0.0076534611619001325,102.26484362299999,False,
111.064843623,4.342990038358553,4.3430070065320425,4.335353545370142,19.846463698948256,0.05069881153369579,0.08999399260636148,0.01618219539000639,MODEL_ONLY,DUPLICATE_OR_OLD,DUPLICATE_OR_OLD,0.007636492988410737,0.0076534611619001325,102.26484362299999,False,
111.114843623,4.29146525936017,4.291470700982634,4.2864686604078575,20.062009254092693,-0.06736873780680633,0.07923668085560459,0.006793041710204601,FUSED,ACCEPTED,ACCEPTED,0.0049965989523128584,0.005002040574776601,102.26484362299999,True,0.0
111.164843623,4.262922130223857,4.2632196545584105,4.262093386877947,20.275723305274827,-0.06736873780680633,0.06976523000235378,0.0054113794058781505,FUSED,ACCEPTED,ACCEPTED,0.0008287433459104321,0.001126267680463755,102.26484362299999,True,0.0005451981063123654
111.214843623,4.260012826634232,4.260310350968785,4.259184083288321,20.488755242028972,-0.06736873780680633,0.06142593638104236,0.010411379405877868,MODEL_ONLY,DUPLICATE_OR_OLD,DUPLICATE_OR_OLD,0.0008287433459104321,0.001126267680463755,102.26484362299999,False,
111.26484362299999,4.2567363996799825,4.257033924014536,4.255907656334072,20.70163253551952,-0.06736873780680633,0.05408346908854973,0.015411379405877584,MODEL_ONLY,DUPLICATE_OR_OLD,DUPLICATE_OR_OLD,0.0008287433459104321,0.001126267680463755,102.26484362299999,False,
111.314843623,4.247974053069752,4.249236347788427,4.254589262362556,20.914394958486984,-0.054244376107595665,0.0265487037495437,0.006711757179265953,FUSED,ACCEPTED,ACCEPTED,-0.00661520929280357,-0.0053529145741286754,102.26484362299999,True,0.0017349577195133643
111.364843623,4.235542526641268,4.236123914277585,4.2411891980073815,21.12678941999622,-0.07239616882941312,0.002305269822311773,0.00539420051659853,FUSED,ACCEPTED,ACCEPTED,-0.005646671366113409,-0.0050652837297961995,102.26484362299999,True,0.0
111.414843623,4.228358541801509,4.228939929437826,4.234005213167622,21.338669280275585,-0.07239616882941312,-0.019040257599039948,0.010394200516598246,MODEL_ONLY,DUPLICATE_OR_OLD,DUPLICATE_OR_OLD,-0.005646671366113409,-0.0050652837297961995,102.26484362299999,False,
111.464843623,4.233857385480087,4.234086330524424,4.240634648289925,21.550535276812013,-0.013893438500931304,-0.03783427589955309,0.006062092998964911,FUSED,ACCEPTED,ACCEPTED,-0.006777262809837481,-0.0065483177655005775,102.26484362299999,True,0.0
111.51484362299999,4.227831461220937,4.228060406265274,4.234608724030775,21.762416361120017,-0.013893438500931304,-0.054381776315340684,0.011062092998964627,MODEL_ONLY,DUPLICATE_OR_OLD,DUPLICATE_OR_OLD,-0.006777262809837481,-0.0065483177655005775,102.26484362299999,False,
111.564843623,4.234481776592674,4.234569622585837,4.237932500908562,21.974229891743548,0.007755501145050081,-0.06895129336231978,0.0061630096245927635,FUSED,ACCEPTED,ACCEPTED,-0.0034507243158881096,-0.0033628783227257486,102.26484362299999,True,0.0
111.614843623,4.228168424999511,4.228256270992674,4.231619149315399,22.185968682999135,0.007755501145050081,-0.08177926264156943,0.01116300962459248,MODEL_ONLY,DUPLICATE_OR_OLD,DUPLICATE_OR_OLD,-0.0034507243158881096,-0.0033628783227257486,102.26484362299999,False,
111.664843623,4.221290343651413,4.221378189644575,4.224741067967301,22.39737768843119,0.007755501145050081,-0.0930738577402822,0.016163009624592196,MODEL_ONLY,DUPLICATE_OR_OLD,DUPLICATE_OR_OLD,-0.0034507243158881096,-0.0033628783227257486,102.26484362299999,False,
111.714843623,4.226838939013593,4.227136920483955,4.236956681259242,22.608920132161842,0.03083803230326473,-0.10301836849384463,0.006791067319727483,FUSED,ACCEPTED,ACCEPTED,-0.010117742245649097,-0.009819760775287456,102.26484362299999,True,0.0003972752291072183
111.76484362299999,4.233757180826846,4.233799270570448,4.242883295574094,22.820916131582663,0.06361688856472159,-0.11177417543188968,0.005410963651630264,FUSED,ACCEPTED,ACCEPTED,-0.009126114747248337,-0.009084025003645912,102.26484362299999,True,-0.00017493193884548543
111.814843623,4.2294051918064,4.229447281550002,4.238531306553648,23.032951496635906,0.06361688856472159,-0.0984133986068824,0.0104109636516314,MODEL_ONLY,DUPLICATE_OR_OLD,DUPLICATE_OR_OLD,-0.009126114747248337,-0.009084025003645912,102.26484362299999,False,
111.864843623,4.238125507602318,4.238142071217999,4.243735183775367,23.24500815889412,0.0723102161952531,-0.08664968440101992,0.0060646907621867766,FUSED,ACCEPTED,ACCEPTED,-0.005609676173049749,-0.005593112557368052,102.26484362299999,True,0.0
111.914843623,4.235314248390422,4.2353308120061035,4.240923924563472,23.45712463660258,0.0723102161952531,-0.07629213006643672,0.011064690762186493,MODEL_ONLY,DUPLICATE_OR_OLD,DUPLICATE_OR_OLD,-0.005609676173049749,-0.005593112557368052,102.26484362299999,False,
111.964843623,4.232026649348428,4.232033004158401,4.235464004830067,23.669034334837406,0.05179880583056806,-0.06717265216035324,0.0061633920420388535,FUSED,ACCEPTED,ACCEPTED,-0.0034373554816395924,-0.00343100067166624,102.26484362299999,True,0.0
112.01484362299999,4.229047263178124,4.2290536179880975,4.232484618659764,23.880733050424638,0.05179880583056806,-0.05914325886990605,0.01116339204203857,MODEL_ONLY,DUPLICATE_OR_OLD,DUPLICATE_OR_OLD,-0.0034373554816395924,-0.00343100067166624,102.26484362299999,False,
112.064843623,4.211995235510863,4.211997664404626,4.2148075393830835,24.091915354375757,0.010238461739853058,-0.05207364838598921,0.006177865628458322,FUSED,ACCEPTED,ACCEPTED,-0.002812303872220312,-0.0028098749784577493,102.26484362299999,True,0.0
112.114843623,4.207602540361905,4.207604969255668,4.210414844234125,24.302545913966174,0.010238461739853058,-0.04584909435228155,0.011177865628458038,MODEL_ONLY,DUPLICATE_OR_OLD,DUPLICATE_OR_OLD,-0.002812303872220312,-0.0028098749784577493,102.26484362299999,False,
112.164843623,4.1881451364824045,4.188145326079596,4.191775867640897,24.512600681763036,-0.016676023417011774,-0.04036858407428222,0.006179978863850124,FUSED,ACCEPTED,ACCEPTED,-0.0036307311584922175,-0.0036305415613009373,102.26484362299999,True,-1.1945758642819757e-06
112.214843623,4.182922012829464,4.1829222024266555,4.186552743987956,24.722058897053746,-0.016676023417011774,-0.035543179275062356,0.01117997886384984,MODEL_ONLY,DUPLICATE_OR_OLD,DUPLICATE_OR_OLD,-0.0036307311584922175,-0.0036305415613009373,102.26484362299999,False,
112.26484362299999,4.177207750771959,4.1771812114401,4.182319042030285,24.93128069170419,-0.00015608622304208453,-0.03129457279587988,0.006180287214132007,FUSED,ACCEPTED,ACCEPTED,-0.005111291258325323,-0.005137830590184578,102.26484362299999,True,-4.305908709348501e-05
112.314843623,4.1732100920514865,4.173183552719627,4.178321383309812,25.14029670233774,-0.00015608622304208453,-0.027553817819660185,0.011180287214133144,MODEL_ONLY,DUPLICATE_OR_OLD,DUPLICATE_OR_OLD,-0.005111291258325323,-0.005137830590184578,102.26484362299999,False,
112.364843623,4.171767383246167,4.17175724610304,4.175912536541761,25.34915255033402,0.00471127538423442,-0.02426020899505634,0.006180332202542944,FUSED,ACCEPTED,ACCEPTED,-0.004145153295593396,-0.004155290438720982,102.26484362299999,True,0.0
112.414843623,4.1683227686318505,4.168312631488723,4.172467921927444,25.55786206179574,0.00471127538423442,-0.021360297303840967,0.011180332202542661,MODEL_ONLY,DUPLICATE_OR_OLD,DUPLICATE_OR_OLD,-0.004145153295593396,-0.004155290438720982,102.26484362299999,False,
112.464843623,4.168660141813017,4.168656269767754,4.172223163142069,25.766479338922466,0.01166774275179782,-0.018807022684819045,0.006180338766278567,FUSED,ACCEPTED,ACCEPTED,-0.003563021329052063,-0.00356689337431515,102.26484362299999,True,0.0
112.51484362299999,4.165803417915352,4.1657995458700885,4.169366439244404,25.975019078982115,0.01166774275179782,-0.016558950338378287,0.011180338766278284,MODEL_ONLY,DUPLICATE_OR_OLD,DUPLICATE_OR_OLD,-0.003563021329052063,-0.00356689337431515,102.26484362299999,False,
112.564843623,4.1712667865910635,4.171265307601316,4.17372791650886,26.183596437875995,0.030239152064568415,-0.014579598318355869,0.006180339723915218,FUSED,ACCEPTED,ACCEPTED,-0.0024611299177967894,-0.0024626089075443502,102.26484362299999,True,0.0
112.614843623,4.169524738400989,4.169523259411242,4.171985868318786,26.392239282496675,0.030239152064568415,-0.012836845499316272,0.011180339723914934,MODEL_ONLY,DUPLICATE_OR_OLD,DUPLICATE_OR_OLD,-0.0024611299177967894,-0.0024626089075443502,102.26484362299999,False,
112.664843623,4.169828219905212,4.169825487122284,4.17184457188217,26.600835043501686,0.025291055593004073,-0.01130241031166482,0.006180339863632322,FUSED,ACCEPTED,ACCEPTED,-0.002016351976958042,-0.002019084759885992,102.26484362299999,True,-3.5076697370379963e-06
112.714843623,4.167983039577252,4.167980306794324,4.16999939155421,26.809381142587583,0.025291055593004073,-0.009951391785468734,0.011180339863632038,MODEL_ONLY,DUPLICATE_OR_OLD,DUPLICATE_OR_OLD,-0.002016351976958042,-0.002019084759885992,102.26484362299999,False,
112.76484362299999,4.170216409427451,4.170215365597256,4.171865153256957,27.01792775620785,0.034877570895428756,-0.008761865454989633,0.006180339884016773,FUSED,ACCEPTED,ACCEPTED,-0.001648743829505861,-0.0016497876597005856,102.26484362299999,True,0.0
112.814843623,4.168962398075574,4.168961354245379,4.17061114190508,27.22648966358695,0.034877570895428756,-0.007714527566228452,0.01118033988401791,MODEL_ONLY,DUPLICATE_OR_OLD,DUPLICATE_OR_OLD,-0.001648743829505861,-0.0016497876597005856,102.26484362299999,False,
112.864843623,4.167754494011326,4.167753450181131,4.1694032378408314,27.434990023080587,0.034877570895428756,-0.0067923818136478385,0.016180339884017625,MODEL_ONLY,DUPLICATE_OR_OLD,DUPLICATE_OR_OLD,-0.001648743829505861,-0.0016497876597005856,102.26484362299999,False,
112.914843623,4.17050569391542,4.170472743973246,4.172688181683726,27.64354230856869,0.03977675567885867,-0.005980463522399403,0.006792850867823325,FUSED,ACCEPTED,ACCEPTED,-0.002182487768306096,-0.0022154377104799394,102.26484362299999,True,-4.8013964825743567e-05
112.964843623,4.176534316368727,4.17648794848157,4.178114256726252,27.852312369528928,0.05863594794173618,-0.005265596800062956,0.005411339222825173,FUSED,ACCEPTED,ACCEPTED,-0.001579940357524734,-0.0016263082446821286,102.26484362299999,True,-5.774592045434176e-05
113.01484362299999,4.17662214121163,4.176575773324473,4.178202081569155,28.0612202779863,0.05863594794173618,-0.004636180716926968,0.010411339222824889,MODEL_ONLY,DUPLICATE_OR_OLD,DUPLICATE_OR_OLD,-0.001579940357524734,-0.0016263082446821286,102.26484362299999,False,
113.064843623,4.179272805607739,4.179253825126788,4.179821424859582,28.270170865647067,0.05338446205404528,-0.004082001044923851,0.006064748924756636,FUSED,ACCEPTED,ACCEPTED,-0.0005486192518429078,-0.0005675997327934112,102.26484362299999,True,-1.2095359267171973e-06
113.114843623,4.179150161967099,4.179131181486149,4.179698781218942,28.47915887079902,0.05338446205404528,-0.003594064500101,0.011064748924756352,MODEL_ONLY,DUPLICATE_OR_OLD,DUPLICATE_OR_OLD,-0.0005486192518429078,-0.0005675997327934112,102.26484362299999,False,
113.164843623,4.181711819708956,4.18170453765878,4.181982369556137,28.688200899568383,0.05858494419670976,-0.0031644527986952583,0.00616340060329448,FUSED,ACCEPTED,ACCEPTED,-0.00027054984718155595,-0.0002778318973577498,102.26484362299999,True,0.0
113.214843623,4.181889593692533,4.181882311642357,4.182160143539715,28.897304462395766,0.05858494419670976,-0.0027861941584211543,0.011163400603294196,MODEL_ONLY,DUPLICATE_OR_OLD,DUPLICATE_OR_OLD,-0.00027054984718155595,-0.0002778318973577498,102.26484362299999,False,
113.26484362299999,4.187610370230498,4.187606291941927,4.187578544129776,29.106547929587492,0.07134921190879664,-0.002453150159680338,0.00617786687914681,FUSED,ACCEPTED,ACCEPTED,3.182610072194336e-05,2.774781215109101e-05,102.26484362299999,True,-2.0961799272045797e-06
113.314843623,4.188457671501068,4.188453593212497,4.188425845400346,29.315948039325793,0.07134921190879664,-0.00215991613066536,0.011177866879147947,MODEL_ONLY,DUPLICATE_OR_OLD,DUPLICATE_OR_OLD,3.182610072194336e-05,2.774781215109101e-05,102.26484362299999,False,
113.364843623,4.194509006759365,4.194507079395658,4.193940622372433,29.5255072010201,0.07896645606869916,-0.0019017334397974652,0.006179979046357809,FUSED,ACCEPTED,ACCEPTED,0.0005683843869315197,0.0005664570232246646,102.26484362299999,True,-5.978158243218025e-07
113.414843623,4.195761445430854,4.195759518067147,4.1951930610439225,29.7352355431055,0.07896645606869916,-0.001674412272169944,0.011179979046357525,MODEL_ONLY,DUPLICATE_OR_OLD,DUPLICATE_OR_OLD,0.0005683843869315197,0.0005664570232246646,102.26484362299999,False,
113.464843623,4.200188309112577,4.200187288509591,4.1991550966620235,29.945094247048136,0.08165015273366187,-0.0014742636368070092,0.006180287240760253,FUSED,ACCEPTED,ACCEPTED,0.0010332124505536555,0.0010321918475675318,102.26484362299999,True,-4.6018154227630767e-07
113.51484362299999,4.201593751255856,4.2015927306528695,4.200560538805302,30.155087137934807,0.08165015273366187,-0.0012980395013438095,0.01118028724075997,MODEL_ONLY,DUPLICATE_OR_OLD,DUPLICATE_OR_OLD,0.0010332124505536555,0.0010321918475675318,102.26484362299999,False,
113.564843623,4.202458943808389,4.202458553971953,4.20167498803892,30.36514302610596,0.07635287649370098,-0.0011428800826275756,0.006180332206427969,FUSED,ACCEPTED,ACCEPTED,0.0007839557694691024,0.0007835659330330813,102.26484362299999,True,0.0
113.614843623,4.203614110742843,4.203613720906407,4.202830154973374,30.575255654681257,0.07635287649370098,-0.00100626743786659,0.011180332206427685,MODEL_ONLY,DUPLICATE_OR_OLD,DUPLICATE_OR_OLD,0.0007839557694691024,0.0007835659330330813,102.26484362299999,False,
113.664843623,4.208446548712297,4.208446228509158,4.207396381384223,30.785511318090187,0.08826990102888349,-0.0008859846031987887,0.0061803387668453846,FUSED,ACCEPTED,ACCEPTED,0.0010501673280742807,0.0010498471249347219,102.26484362299999,True,-2.771673750759547e-07
113.714843623,4.210208876264575,4.210208556061436,4.209158708936501,30.995925195348192,0.08826990102888349,-0.0007800796165774227,0.011180338766845101,MODEL_ONLY,DUPLICATE_OR_OLD,DUPLICATE_OR_OLD,0.0010501673280742807,0.0010498471249347219,102.26484362299999,False,
113.76484362299999,4.211975866105625,4.211975545902486,4.210925698777551,31.20642730554103,0.08826990102888349,-0.0006868338411328398,0.01618033876684482,MODEL_ONLY,DUPLICATE_OR_OLD,DUPLICATE_OR_OLD,0.0010501673280742807,0.0010498471249347219,102.26484362299999,False,
113.814843623,4.211317652402742,4.211315080791385,4.208712556786426,31.416918261930178,0.07658538892873892,-0.000604734074958942,0.006792850752913244,FUSED,ACCEPTED,ACCEPTED,0.0026050956163157224,0.0026025240049589726,102.26484362299999,True,-3.6345821815449153e-06
113.864843623,4.214521304481836,4.214571959150874,4.2125754217607705,31.627450461393845,0.08753991903339908,-0.0005324479947191919,0.005411339198629928,FUSED,ACCEPTED,ACCEPTED,0.0019458827210652174,0.0019965373901031924,102.26484362299999,True,9.578903180599771e-05
113.914843623,4.21626269678844,4.216313351457478,4.214316814067375,31.838122767289537,0.08753991903339908,-0.0004688025345681681,0.010411339198629644,MODEL_ONLY,DUPLICATE_OR_OLD,DUPLICATE_OR_OLD,0.0019458827210652174,0.0019965373901031924,102.26484362299999,False,
113.964843623,4.21337998720793,4.213399921092029,4.211677631107885,32.04877262841891,0.06968405466774566,-0.0004127648495200854,0.006064748921009492,FUSED,ACCEPTED,ACCEPTED,0.0017023561000453213,0.001722289984144254,102.26484362299999,True,0.0
114.01484362299999,4.214233855145264,4.214253789029363,4.212531499045219,32.25937785667273,0.06968405466774566,-0.00036342555433553164,0.011064748921009209,MODEL_ONLY,DUPLICATE_OR_OLD,DUPLICATE_OR_OLD,0.0017023561000453213,0.001722289984144254,102.26484362299999,False,
114.064843623,4.215089895162018,4.215109829046117,4.213387539061973,32.47002583262545,0.06968405466774566,-0.000319983965925511,0.016064748921010348,MODEL_ONLY,DUPLICATE_OR_OLD,DUPLICATE_OR_OLD,0.0017023561000453213,0.001722289984144254,102.26484362299999,False,
114.114843623,4.216387393804462,4.216392388317923,4.214649477090337,32.68072675802925,0.07777517836090403,-0.00028173510978507374,0.006780917165811476,FUSED,ACCEPTED,ACCEPTED,0.001737916714125376,0.0017429112275859637,102.26484362299999,True,-2.097605554566293e-06
114.164843623,4.215151307991429,4.215108281839615,4.213528589967438,32.89143120970569,0.06743118722036652,-0.00024805827959543817,0.005408825108753144,FUSED,ACCEPTED,ACCEPTED,0.0016227180239916095,0.0015796918721768805,102.26484362299999,True,-8.378754975865905e-05
114.214843623,4.215899783485893,4.215856757334079,4.214277065461902,33.10212635109141,0.06743118722036652,-0.0002184069643389138,0.010408825108752861,MODEL_ONLY,DUPLICATE_OR_OLD,DUPLICATE_OR_OLD,0.0016227180239916095,0.0015796918721768805,102.26484362299999,False,
114.26484362299999,4.217292424966312,4.21716506833124,4.215347071577844,33.31286695451739,0.06664357686307205,0.021787888523655357,0.006064359545473317,FUSED,ACCEPTED,ACCEPTED,0.0019453533884687957,0.0018179967533962227,102.26484362299999,True,-0.0001820853263659575
114.314843623,4.220070624834239,4.219943268199167,4.21812527144577,33.523703763093025,0.06664357686307205,0.04116369086219433,0.011064359545474453,MODEL_ONLY,DUPLICATE_OR_OLD,DUPLICATE_OR_OLD,0.0019453533884687957,0.0018179967533962227,102.26484362299999,False,
114.364843623,4.223701811785944,4.223574455150872,4.221756458397476,33.73470080633909,0.06664357686307205,0.05822343253778591,0.01606435954547417,MODEL_ONLY,DUPLICATE_OR_OLD,DUPLICATE_OR_OLD,0.0019453533884687957,0.0018179967533962227,102.26484362299999,False,
114.414843623,4.225963672368657,4.225409350567439,4.21938329082285,33.94572930006959,0.05200546520977378,0.07324396076949316,0.006780876816288006,FUSED,ACCEPTED,ACCEPTED,0.006580381545806979,0.006026059744589141,102.26484362299999,True,-0.0007570173378301098
114.464843623,4.225706195378295,4.2254516960732875,4.22071163701443,34.156731673265504,0.038874460302160546,0.08646903021367577,0.005408816603506977,FUSED,ACCEPTED,ACCEPTED,0.004994558363864421,0.004740059058857327,102.26484362299999,True,0.0
114.51484362299999,4.230954596499266,4.2307000971942585,4.225960038135401,34.367898465144236,0.038874460302160546,0.11833683248400415,0.010408816603506694,MODEL_ONLY,DUPLICATE_OR_OLD,DUPLICATE_OR_OLD,0.004994558363864421,0.004740059058857327,102.26484362299999,False,
114.564843623,4.22908201011025,4.22898184830068,4.225478493195523,34.57918442842756,0.014809380113790349,0.1463953595582402,0.006064358228072912,FUSED,ACCEPTED,ACCEPTED,0.003603516914727045,0.003503355105156203,102.26484362299999,True,0.0
114.614843623,4.235765313000652,4.235665151191081,4.232161796085925,34.790625435659585,0.014809380113790349,0.17109994806098158,0.011064358228072628,MODEL_ONLY,DUPLICATE_OR_OLD,DUPLICATE_OR_OLD,0.003603516914727045,0.003503355105156203,102.26484362299999,False,
114.664843623,4.236593191545597,4.2364701977933015,4.229816957005326,35.00217490448686,0.0011514095614408148,0.1928515065613696,0.00616334309385389,FUSED,ACCEPTED,ACCEPTED,0.006776234540271098,0.006653240787975356,102.26484362299999,True,-0.00013720654710662993
114.714843623,4.245322510118133,4.245199516365838,4.238546275577862,35.21388398530142,0.0011514095614408148,0.2256782322560245,0.011163343093853606,MODEL_ONLY,DUPLICATE_OR_OLD,DUPLICATE_OR_OLD,0.006776234540271098,0.006653240787975356,102.26484362299999,False,
114.76484362299999,4.2405334329861155,4.240486423033352,4.233152217340151,35.42567644762436,-0.04168823254270003,0.254581059123359,0.00617785847774578,FUSED,ACCEPTED,ACCEPTED,0.007381215645964723,0.007334205693201312,102.26484362299999,True,0.0
114.814843623,4.249838309099181,4.249791299146418,4.242457093453217,35.637566680394244,-0.04168823254270003,0.2800290251707116,0.011177858477746917,MODEL_ONLY,DUPLICATE_OR_OLD,DUPLICATE_OR_OLD,0.007381215645964723,0.007334205693201312,102.26484362299999,False,
114.864843623,4.247082982781382,4.2470330260459175,4.237522833327723,35.849566178563755,-0.06628077626787496,0.3024351025734292,0.006179977820377922,FUSED,ACCEPTED,ACCEPTED,0.009560149453659683,0.009510192718194865,102.26484362299999,True,-5.1778226676046576e-05
114.914843623,4.25782055433858,4.257770597603115,4.24826040488492,36.06171075951906,-0.06628077626787496,0.3332754777785802,0.011179977820377638,MODEL_ONLY,DUPLICATE_OR_OLD,DUPLICATE_OR_OLD,0.009560149453659683,0.009510192718194865,102.26484362299999,False,
114.964843623,4.269915821502353,4.269865864766889,4.260355672048694,36.274426161442385,-0.06628077626787496,0.36042938991009854,0.016179977820377354,MODEL_ONLY,DUPLICATE_OR_OLD,DUPLICATE_OR_OLD,0.009560149453659683,0.009510192718194865,102.26484362299999,False,
115.01484362299999,4.283206493941098,4.283156537205633,4.273646344487438,36.487776211855774,-0.06628077626787496,0.3843374954095112,0.02117997782037707,MODEL_ONLY,DUPLICATE_OR_OLD,DUPLICATE_OR_OLD,0.009560149453659683,0.009510192718194865,102.26484362299999,False,
115.064843623,4.28847084289428,4.28847084289428,4.28847084289428,36.701829141540365,-0.06628077626787496,0.41501401477139443,0.02617997782037821,MODEL_ONLY,MISSING_OR_STALE,MISSING_OR_STALE,0.0,0.0,115.564843623,False,
115.114843623,4.304645823430002,4.304645823430002,4.304645823430002,36.91665705819846,-0.06628077626787496,0.4420236573490898,0.031179977820377926,MODEL_ONLY,MISSING_OR_STALE,MISSING_OR_STALE,0.0,0.0,115.614843623,False,
115.164843623,4.322009858016429,4.322009858016429,4.322009858016429,37.13232345023461,-0.06628077626787496,0.46580473836317426,0.03617997782037764,MODEL_ONLY,MISSING_OR_STALE,MISSING_OR_STALE,0.0,0.0,115.664843623,False,
115.214843623,4.3408519413278945,4.3408519413278945,4.3408519413278945,37.3488949952182,-0.06628077626787496,0.4953657128639459,0.041179977820377356,MODEL_ONLY,MISSING_OR_STALE,MISSING_OR_STALE,0.0,0.0,115.714843623,False,
115.26484362299999,4.360995396783467,4.360995396783467,4.360995396783467,37.56644117867098,-0.06628077626787496,0.5213931557460915,0.04617997782037707,MODEL_ONLY,MISSING_OR_STALE,MISSING_OR_STALE,0.0,0.0,115.76484362299999,False,
115.314843623,4.382284666601434,4.382284666601434,4.382284666601434,37.78502318025565,-0.06628077626787496,0.5443094429938562,0.051179977820378204,MODEL_ONLY,MISSING_OR_STALE,MISSING_OR_STALE,0.0,0.0,115.814843623,False,
115.364843623,4.404977047753209,4.404977047753209,4.404977047753209,38.0047047231145,-0.06628077626787496,0.5723716696701394,0.056179977820377924,MODEL_ONLY,MISSING_OR_STALE,MISSING_OR_STALE,0.0,0.0,115.864843623,False,
115.414843623,4.428904821198874,4.428904821198874,4.428904821198874,38.22555176983829,-0.06628077626787496,0.5970795155479443,0.06117997782037764,MODEL_ONLY,MISSING_OR_STALE,MISSING_OR_STALE,0.0,0.0,115.914843623,False,
115.464843623,4.453920315970013,4.453920315970013,4.453920315970013,38.4476223982675,-0.06628077626787496,0.6188339420574166,0.06617997782037735,MODEL_ONLY,MISSING_OR_STALE,MISSING_OR_STALE,0.0,0.0,115.964843623,False,
115.51484362299999,4.48025918795516,4.48025918795516,4.48025918795516,38.67097688586561,-0.06628077626787496,0.6453014863375961,0.07117997782037706,MODEL_ONLY,MISSING_OR_STALE,MISSING_OR_STALE,0.0,0.0,116.01484362299999,False,
115.564843623,4.507763249025954,4.507763249025954,4.507763249025954,38.895677446790195,-0.06628077626787496,0.6686052680503821,0.0761799778203782,MODEL_ONLY,MISSING_OR_STALE,MISSING_OR_STALE,0.0,0.0,116.064843623,False,
115.614843623,4.53629321986073,4.53629321986073,4.53629321986073,39.12177885851235,-0.06628077626787496,0.6891234633301592,0.08117997782037792,MODEL_ONLY,MISSING_OR_STALE,MISSING_OR_STALE,0.0,0.0,116.114843623,False,
115.664843623,4.5657264697055995,4.5657264697055995,4.5657264697055995,39.349329350751496,-0.06628077626787496,0.7071890435320286,0.08617997782037763,MODEL_ONLY,MISSING_OR_STALE,MISSING_OR_STALE,0.0,0.0,116.164843623,False,
115.714843623,4.59629768491256,4.59629768491256,4.59629768491256,39.578379954616935,-0.06628077626787496,0.729948350773869,0.09117997782037734,MODEL_ONLY,MISSING_OR_STALE,MISSING_OR_STALE,0.0,0.0,116.214843623,False,
115.76484362299999,4.6278708403114095,4.6278708403114095,4.6278708403114095,39.80898416774752,-0.06628077626787496,0.7499871546116362,0.09617997782037706,MODEL_ONLY,MISSING_OR_STALE,MISSING_OR_STALE,0.0,0.0,116.26484362299999,False,
115.814843623,4.660326170319059,4.660326170319059,4.660326170319059,40.04118909301333,-0.06628077626787496,0.767630646787462,0.1011799778203782,MODEL_ONLY,MISSING_OR_STALE,MISSING_OR_STALE,0.0,0.0,116.314843623,False,
115.864843623,4.693558225371463,4.693558225371463,4.693558225371463,40.27503620290558,-0.06628077626787496,0.7831651476827474,0.10617997782037791,MODEL_ONLY,MISSING_OR_STALE,MISSING_OR_STALE,0.0,0.0,116.364843623,False,
115.914843623,4.72747416067745,4.72747416067745,4.72747416067745,40.51056201255679,-0.06628077626787496,0.7968427527543978,0.11117997782037763,MODEL_ONLY,MISSING_OR_STALE,MISSING_OR_STALE,0.0,0.0,116.414843623,False,
115.964843623,4.76199222952399,4.76199222952399,4.76199222952399,40.74779867231181,-0.06628077626787496,0.8088854235654576,0.11617997782037734,MODEL_ONLY,MISSING_OR_STALE,MISSING_OR_STALE,0.0,0.0,116.464843623,False,
116.01484362299999,4.796697798079794,4.796697798079794,4.796697798079794,40.98676592300189,-0.06628077626787496,0.8126354177507356,0.12117997782037705,MODEL_ONLY,MISSING_OR_STALE,MISSING_OR_STALE,0.0,0.0,116.51484362299999,False,
116.064843623,4.831568453817465,4.831568453817465,4.831568453817465,41.22747257929937,-0.06628077626787496,0.8159371613878805,0.12617997782037818,MODEL_ONLY,MISSING_OR_STALE,MISSING_OR_STALE,0.0,0.0,116.564843623,False,
116.114843623,4.866584463261116,4.866584463261116,4.866584463261116,41.46992640222632,-0.06628077626787496,0.8188442355076803,0.1311799778203779,MODEL_ONLY,MISSING_OR_STALE,MISSING_OR_STALE,0.0,0.0,116.614843623,False,
116.164843623,4.901728451749581,4.901728451749581,4.901728451749581,41.714134225101574,-0.06628077626787496,0.8214038164039487,0.13617997782037763,MODEL_ONLY,MISSING_OR_STALE,MISSING_OR_STALE,0.0,0.0,116.664843623,False,
116.214843623,4.9369851214786085,4.9369851214786085,4.9369851214786085,41.96010206443226,-0.06628077626787496,0.823657441215205,0.14117997782037736,MODEL_ONLY,MISSING_OR_STALE,MISSING_OR_STALE,0.0,0.0,116.714843623,False,
116.26484362299999,4.971975328041649,4.971975328041649,4.971975328041649,42.207826075670255,-0.06628077626787496,0.8183281778954714,0.1461799778203771,MODEL_ONLY,MISSING_OR_STALE,MISSING_OR_STALE,0.0,0.0,116.76484362299999,False,
116.314843623,5.006730922757491,5.006730922757491,5.006730922757491,42.45729373194029,-0.06628077626787496,0.813635940951297,0.15117997782037823,MODEL_ONLY,MISSING_OR_STALE,MISSING_OR_STALE,0.0,0.0,116.814843623,False,
116.364843623,5.041279949640028,5.041279949640028,5.041279949640028,42.70849400375021,-0.06628077626787496,0.8095045842854074,0.15617997782037796,MODEL_ONLY,MISSING_OR_STALE,MISSING_OR_STALE,0.0,0.0,116.864843623,False,
116.414843623,5.075647100499425,5.075647100499425,5.075647100499425,42.961417180003686,-0.06628077626787496,0.8058670638225957,0.16117997782037768,MODEL_ONLY,MISSING_OR_STALE,MISSING_OR_STALE,0.0,0.0,116.914843623,False,
116.464843623,5.109459855281875,5.109459855281875,5.109459855281875,43.216044853898204,-0.06628077626787496,0.7947791422836581,0.1661799778203774,MODEL_ONLY,MISSING_OR_STALE,MISSING_OR_STALE,0.0,0.0,116.964843623,False,
116.51484362299999,5.1427844829822345,5.1427844829822345,5.1427844829822345,43.472350962354795,-0.06628077626787496,0.7850166006418432,0.17117997782037714,MODEL_ONLY,MISSING_OR_STALE,MISSING_OR_STALE,0.0,0.0,117.01484362299999,False,
116.564843623,5.1756793312195475,5.1756793312195475,5.1756793312195475,43.7303125577099,-0.06628077626787496,0.7764210113807266,0.17617997782037828,MODEL_ONLY,MISSING_OR_STALE,MISSING_OR_STALE,0.0,0.0,117.064843623,False,
116.614843623,5.207764646445372,5.207764646445372,5.207764646445372,43.98989865715151,-0.06628077626787496,0.7602303511511377,0.181179977820378,MODEL_ONLY,MISSING_OR_STALE,MISSING_OR_STALE,0.0,0.0,117.114843623,False,
116.664843623,5.239137195107396,5.239137195107396,5.239137195107396,44.251071203190314,-0.06628077626787496,0.7459750198751388,0.18617997782037773,MODEL_ONLY,MISSING_OR_STALE,MISSING_OR_STALE,0.0,0.0,117.164843623,False,
116.714843623,5.269882176805175,5.269882176805175,5.269882176805175,44.51379668748811,-0.06628077626787496,0.7334236805902165,0.19117997782037746,MODEL_ONLY,MISSING_OR_STALE,MISSING_OR_STALE,0.0,0.0,117.214843623,False,
116.76484362299999,5.2995932950512605,5.2995932950512605,5.2995932950512605,44.77803357428451,-0.06628077626787496,0.7127464115563645,0.1961799778203772,MODEL_ONLY,MISSING_OR_STALE,MISSING_OR_STALE,0.0,0.0,117.26484362299999,False,
116.814843623,5.328394131332997,5.328394131332997,5.328394131332997,45.043733259944176,-0.06628077626787496,0.6945407722692215,0.20117997782037833,MODEL_ONLY,MISSING_OR_STALE,MISSING_OR_STALE,0.0,0.0,117.314843623,False,
116.864843623,5.356393494989616,5.356393494989616,5.356393494989616,45.310852950602225,-0.06628077626787496,0.6785113197670196,0.20617997782037806,MODEL_ONLY,MISSING_OR_STALE,MISSING_OR_STALE,0.0,0.0,117.364843623,False,
116.914843623,5.383131560063816,5.383131560063816,5.383131560063816,45.579341076978544,-0.06628077626787496,0.6532853481186495,0.21117997782037778,MODEL_ONLY,MISSING_OR_STALE,MISSING_OR_STALE,0.0,0.0,117.414843623,False,
116.964843623,5.408759094197625,5.408759094197625,5.408759094197625,45.84913834333506,-0.06628077626787496,0.631074729310821,0.2161799778203775,MODEL_ONLY,MISSING_OR_STALE,MISSING_OR_STALE,0.0,0.0,117.464843623,False,
117.01484362299999,5.433408843224277,5.433408843224277,5.433408843224277,46.12019254177059,-0.06628077626787496,0.6115190271676871,0.22117997782037724,MODEL_ONLY,MISSING_OR_STALE,MISSING_OR_STALE,0.0,0.0,117.51484362299999,False,
117.064843623,5.4571976853810735,5.4571976853810735,5.4571976853810735,46.39245770498579,-0.06628077626787496,0.5943008897704399,0.22617997782037838,MODEL_ONLY,MISSING_OR_STALE,MISSING_OR_STALE,0.0,0.0,117.564843623,False,
117.114843623,5.47954476748635,5.47954476748635,5.47954476748635,46.66587626630746,-0.06628077626787496,0.565465688740162,0.2311799778203781,MODEL_ONLY,MISSING_OR_STALE,MISSING_OR_STALE,0.0,0.0,117.614843623,False,
117.164843623,5.500622428402904,5.500622428402904,5.500622428402904,46.94038044620467,-0.06628077626787496,0.5400772649657307,0.23617997782037783,MODEL_ONLY,MISSING_OR_STALE,MISSING_OR_STALE,0.0,0.0,117.664843623,False,
117.214843623,5.520582406697664,5.520582406697664,5.520582406697664,47.21591056708217,-0.06628077626787496,0.5177236125298319,0.24117997782037756,MODEL_ONLY,MISSING_OR_STALE,MISSING_OR_STALE,0.0,0.0,117.714843623,False,
117.26484362299999,5.538547124378316,5.538547124378316,5.538547124378316,47.492388805359056,-0.06628077626787496,0.4778184002476781,0.2461799778203773,MODEL_ONLY,MISSING_OR_STALE,MISSING_OR_STALE,0.0,0.0,117.76484362299999,False,
117.314843623,5.5547550822584,5.5547550822584,5.5547550822584,47.76972136052504,-0.06628077626787496,0.4426832042362333,0.25117997782037843,MODEL_ONLY,MISSING_OR_STALE,MISSING_OR_STALE,0.0,0.0,117.814843623,False,
117.364843623,5.569416272275133,5.569416272275133,5.569416272275133,48.04782564438836,-0.06628077626787496,0.41174784696928257,0.25617997782037816,MODEL_ONLY,MISSING_OR_STALE,MISSING_OR_STALE,0.0,0.0,117.864843623,False,
117.414843623,5.582715585259896,5.582715585259896,5.582715585259896,48.32662894082672,-0.06628077626787496,0.38451030632990646,0.2611799778203779,MODEL_ONLY,MISSING_OR_STALE,MISSING_OR_STALE,0.0,0.0,117.914843623,False,
117.464843623,5.594815811365398,5.594815811365398,5.594815811365398,48.606067225742336,-0.06628077626787496,0.3605285687446663,0.2661799778203776,MODEL_ONLY,MISSING_OR_STALE,MISSING_OR_STALE,0.0,0.0,117.964843623,False,
117.51484362299999,5.60586028184079,5.60586028184079,5.60586028184079,48.886084128072476,-0.06628077626787496,0.33941345614247015,0.27117997782037734,MODEL_ONLY,MISSING_OR_STALE,MISSING_OR_STALE,0.0,0.0,118.01484362299999,False,
117.564843623,5.614876185600572,5.614876185600572,5.614876185600572,49.16660253975857,-0.06628077626787496,0.29884212183021425,0.27617997782037845,MODEL_ONLY,MISSING_OR_STALE,MISSING_OR_STALE,0.0,0.0,118.064843623,False,
117.614843623,5.62210600465865,5.62210600465865,5.62210600465865,49.44752709451504,-0.06628077626787496,0.2631204277961833,0.2811799778203782,MODEL_ONLY,MISSING_OR_STALE,MISSING_OR_STALE,0.0,0.0,118.114843623,False,
117.664843623,5.627763236265154,5.627763236265154,5.627763236265154,49.72877382553812,-0.06628077626787496,0.2316686787647042,0.2861799778203779,MODEL_ONLY,MISSING_OR_STALE,MISSING_OR_STALE,0.0,0.0,118.164843623,False,
117.714843623,5.632035857561468,5.632035857561468,5.632035857561468,50.01026880288377,-0.06628077626787496,0.2039764725609124,0.29117997782037763,MODEL_ONLY,MISSING_OR_STALE,MISSING_OR_STALE,0.0,0.0,118.214843623,False,
117.76484362299999,5.63508937609236,5.63508937609236,5.63508937609236,50.2919469337251,-0.06628077626787496,0.1795944172524524,0.29617997782037736,MODEL_ONLY,MISSING_OR_STALE,MISSING_OR_STALE,0.0,0.0,118.26484362299999,False,
117.814843623,5.637069515679209,5.637069515679209,5.637069515679209,50.573750906019455,-0.06628077626787496,0.15812683837159172,0.3011799778203785,MODEL_ONLY,MISSING_OR_STALE,MISSING_OR_STALE,0.0,0.0,118.314843623,False,
117.864843623,5.638104581240969,5.638104581240969,5.638104581240969,50.855630258442446,-0.06628077626787496,0.13922535786983078,0.3061799778203782,MODEL_ONLY,MISSING_OR_STALE,MISSING_OR_STALE,0.0,0.0,118.364843623,False,
117.914843623,5.637254042435865,5.637254042435865,5.637254042435865,51.13751422403435,-0.06628077626787496,0.10151327053252163,0.31117997782037793,MODEL_ONLY,MISSING_OR_STALE,MISSING_OR_STALE,0.0,0.0,118.414843623,False,
117.964843623,5.634743292464324,5.634743292464324,5.634743292464324,51.41931415740684,-0.06628077626787496,0.06830904720379886,0.31617997782037766,MODEL_ONLY,MISSING_OR_STALE,MISSING_OR_STALE,0.0,0.0,118.464843623,False,
118.01484362299999,5.630770782451497,5.630770782451497,5.630770782451497,51.70095200927972,-0.06628077626787496,0.039073846378069,0.3211799778203774,MODEL_ONLY,MISSING_OR_STALE,MISSING_OR_STALE,0.0,0.0,118.51484362299999,False,
118.064843623,5.625511241932249,5.625511241932249,5.625511241932249,51.982359059889376,-0.06628077626787496,0.013333236249668787,0.3261799778203785,MODEL_ONLY,MISSING_OR_STALE,MISSING_OR_STALE,0.0,0.0,118.564843623,False,
118.114843623,5.619118514379789,5.619118514379789,5.619118514379789,52.26347480379716,-0.06628077626787496,-0.00933050441459193,0.3311799778203782,MODEL_ONLY,MISSING_OR_STALE,MISSING_OR_STALE,0.0,0.0,118.614843623,False,
118.164843623,5.611728053793157,5.611728053793157,5.611728053793157,52.54424596800147,-0.06628077626787496,-0.02928516509803485,0.33617997782037795,MODEL_ONLY,MISSING_OR_STALE,MISSING_OR_STALE,0.0,0.0,118.664843623,False,
118.214843623,5.603459122858469,5.603459122858469,5.603459122858469,52.82462564741775,-0.06628077626787496,-0.04685457205913994,0.3411799778203777,MODEL_ONLY,MISSING_OR_STALE,MISSING_OR_STALE,0.0,0.0,118.714843623,False,
118.26484362299999,5.594416728355892,5.594416728355892,5.594416728355892,53.10457254369809,-0.06628077626787496,-0.06232384341693626,0.3461799778203774,MODEL_ONLY,MISSING_OR_STALE,MISSING_OR_STALE,0.0,0.0,118.76484362299999,False,
118.314843623,5.584693325220321,5.584693325220321,5.584693325220321,53.38405029503756,-0.06628077626787496,-0.07594401607677372,0.3511799778203785,MODEL_ONLY,MISSING_OR_STALE,MISSING_OR_STALE,0.0,0.0,118.814843623,False,
118.364843623,5.574370316909456,5.574370316909456,5.574370316909456,53.66302688609079,-0.06628077626787496,-0.08793611958268215,0.35617997782037825,MODEL_ONLY,MISSING_OR_STALE,MISSING_OR_STALE,0.0,0.0,118.864843623,False,
118.414843623,5.5635193764273625,5.5635193764273625,5.5635193764273625,53.9414741284242,-0.06628077626787496,-0.09849476300726417,0.361179977820378,MODEL_ONLY,MISSING_OR_STALE,MISSING_OR_STALE,0.0,0.0,118.914843623,False,
118.464843623,5.551234304524751,5.551234304524751,5.551234304524751,54.21934297044798,-0.06628077626787496,-0.12717739141762824,0.3661799778203777,MODEL_ONLY,MISSING_OR_STALE,MISSING_OR_STALE,0.0,0.0,118.964843623,False,
118.51484362299999,5.537686528186193,5.537686528186193,5.537686528186193,54.49656599126574,-0.06628077626787496,-0.1524314801365597,0.3711799778203774,MODEL_ONLY,MISSING_OR_STALE,MISSING_OR_STALE,0.0,0.0,119.01484362299999,False,
118.564843623,5.523026983100536,5.523026983100536,5.523026983100536,54.77308382904797,-0.06628077626787496,-0.1746668550784664,0.37617997782037854,MODEL_ONLY,MISSING_OR_STALE,MISSING_OR_STALE,0.0,0.0,119.064843623,False,
118.614843623,5.507388563060594,5.507388563060594,5.507388563060594,55.04884421770198,-0.06628077626787496,-0.1942443541642387,0.38117997782037827,MODEL_ONLY,MISSING_OR_STALE,MISSING_OR_STALE,0.0,0.0,119.114843623,False,
118.664843623,5.49088827657708,5.49088827657708,5.49088827657708,55.32380113869291,-0.06628077626787496,-0.21148168303568352,0.386179977820378,MODEL_ONLY,MISSING_OR_STALE,MISSING_OR_STALE,0.0,0.0,119.164843623,False,
118.714843623,5.473629145704606,5.473629145704606,5.473629145704606,55.597914074249935,-0.06628077626787496,-0.22665857081489318,0.3911799778203777,MODEL_ONLY,MISSING_OR_STALE,MISSING_OR_STALE,0.0,0.0,119.214843623,False,
118.76484362299999,5.455701877894034,5.455701877894034,5.455701877894034,55.87114734983989,-0.06628077626787496,-0.24002130957683088,0.39617997782037745,MODEL_ONLY,MISSING_OR_STALE,MISSING_OR_STALE,0.0,0.0,119.26484362299999,False,
118.814843623,5.437186338002193,5.437186338002193,5.437186338002193,56.14346955523735,-0.06628077626787496,-0.251786751202119,0.40117997782037856,MODEL_ONLY,MISSING_OR_STALE,MISSING_OR_STALE,0.0,0.0,119.314843623,False,
118.864843623,5.418152844346896,5.418152844346896,5.418152844346896,56.41485303479607,-0.06628077626787496,-0.26214582647135004,0.4061799778203783,MODEL_ONLY,MISSING_OR_STALE,MISSING_OR_STALE,0.0,0.0,119.364843623,False,
118.914843623,5.398663309839707,5.398663309839707,5.398663309839707,56.68527343865072,-0.06628077626787496,-0.2712666435091889,0.411179977820378,MODEL_ONLY,MISSING_OR_STALE,MISSING_OR_STALE,0.0,0.0,119.414843623,False,
118.964843623,5.3787722467149734,5.3787722467149734,5.3787722467149734,56.95470932756457,-0.06628077626787496,-0.279297215860065,0.41617997782037774,MODEL_ONLY,MISSING_OR_STALE,MISSING_OR_STALE,0.0,0.0,119.464843623,False,
119.01484362299999,5.358527651159894,5.358527651159894,5.358527651159894,57.22314182501143,-0.06628077626787496,-0.28636786446699475,0.42117997782037747,MODEL_ONLY,MISSING_OR_STALE,MISSING_OR_STALE,0.0,0.0,119.51484362299999,False,
119.064843623,5.337971782201505,5.337971782201505,5.337971782201505,57.490554310845525,-0.06628077626787496,-0.2925933325330705,0.4261799778203786,MODEL_ONLY,MISSING_OR_STALE,MISSING_OR_STALE,0.0,0.0,119.564843623,False,
119.114843623,5.317141847490485,5.317141847490485,5.317141847490485,57.75693215158781,-0.06628077626787496,-0.29807464758579755,0.4311799778203783,MODEL_ONLY,MISSING_OR_STALE,MISSING_OR_STALE,0.0,0.0,119.614843623,False,
119.164843623,5.296070607110652,5.296070607110652,5.296070607110652,58.022262462952824,-0.06628077626787496,-0.3029007609620726,0.43617997782037804,MODEL_ONLY,MISSING_OR_STALE,MISSING_OR_STALE,0.0,0.0,119.664843623,False,
119.214843623,5.274786905212947,5.274786905212947,5.274786905212947,58.2865339007609,-0.06628077626787496,-0.30714999131949794,0.44117997782037777,MODEL_ONLY,MISSING_OR_STALE,MISSING_OR_STALE,0.0,0.0,119.714843623,False,
119.26484362299999,5.253316138101242,5.253316138101242,5.253316138101242,58.54973647684374,-0.06628077626787496,-0.31089129559950673,0.4461799778203775,MODEL_ONLY,MISSING_OR_STALE,MISSING_OR_STALE,0.0,0.0,119.76484362299999,False,
119.314843623,5.231680666366127,5.231680666366127,5.231680666366127,58.811861396955486,-0.06628077626787496,-0.31418538806760654,0.4511799778203786,MODEL_ONLY,MISSING_OR_STALE,MISSING_OR_STALE,0.0,0.0,119.814843623,False,
119.364843623,5.209900177754865,5.209900177754865,5.209900177754865,59.072900918058494,-0.06628077626787496,-0.31708572559063747,0.45617997782037834,MODEL_ONLY,MISSING_OR_STALE,MISSING_OR_STALE,0.0,0.0,119.864843623,False,
119.414843623,5.187992006666124,5.187992006666124,5.187992006666124,59.33284822266901,-0.06628077626787496,-0.3196393751402374,0.46117997782037806,MODEL_ONLY,MISSING_OR_STALE,MISSING_OR_STALE,0.0,0.0,119.914843623,False,
119.464843623,5.165971415454373,5.165971415454373,5.165971415454373,59.591697308222,-0.06628077626787496,-0.3218877776004301,0.4661799778203778,MODEL_ONLY,MISSING_OR_STALE,MISSING_OR_STALE,0.0,0.0,119.964843623,False,
119.51484362299999,5.143851842108918,5.143851842108918,5.143851842108918,59.84944288966107,-0.06628077626787496,-0.32386742027449733,0.4711799778203775,MODEL_ONLY,MISSING_OR_STALE,MISSING_OR_STALE,0.0,0.0,120.01484362299999,False,
119.564843623,5.121645118326951,5.121645118326951,5.121645118326951,60.106080313672024,-0.06628077626787496,-0.3256104290046396,0.47617997782037863,MODEL_ONLY,MISSING_OR_STALE,MISSING_OR_STALE,0.0,0.0,120.064843623,False,
119.614843623,5.099361661519551,5.099361661519551,5.099361661519551,60.36160548316817,-0.06628077626787496,-0.32714508951340127,0.48117997782037836,MODEL_ONLY,MISSING_OR_STALE,MISSING_OR_STALE,0.0,0.0,120.114843623,False,
119.664843623,5.077010643866459,5.077010643866459,5.077010643866459,60.61601479080281,-0.06628077626787496,-0.3284963064272495,0.4861799778203781,MODEL_ONLY,MISSING_OR_STALE,MISSING_OR_STALE,0.0,0.0,120.164843623,False,
119.714843623,5.054600141163161,5.054600141163161,5.054600141163161,60.86930506042854,-0.06628077626787496,-0.3296860074313776,0.4911799778203778,MODEL_ONLY,MISSING_OR_STALE,MISSING_OR_STALE,0.0,0.0,120.214843623,False,
119.76484362299999,5.032137263875711,5.032137263875711,5.032137263875711,61.1214734955545,-0.06628077626787496,-0.3307334991144061,0.49617997782037754,MODEL_ONLY,MISSING_OR_STALE,MISSING_OR_STALE,0.0,0.0,120.26484362299999,False,
119.814843623,5.009628272530092,5.009628272530092,5.009628272530092,61.3725176339647,-0.06628077626787496,-0.3316557802776621,0.5011799778203787,MODEL_ONLY,MISSING_OR_STALE,MISSING_OR_STALE,0.0,0.0,120.314843623,False,
119.864843623,4.98707867930869,4.98707867930869,4.98707867930869,61.622435307760654,-0.06628077626787496,-0.33246781779345147,0.5061799778203784,MODEL_ONLY,MISSING_OR_STALE,MISSING_OR_STALE,0.0,0.0,120.364843623,False,
119.914843623,4.964493337502511,4.964493337502511,4.964493337502511,61.87122460818092,-0.06628077626787496,-0.3331827894889825,0.511179977820378,MODEL_ONLY,MISSING_OR_STALE,MISSING_OR_STALE,0.0,0.0,120.414843623,False,
119.964843623,5.221216831104333,5.221216831104333,5.221216831104333,62.12586736239607,-0.06628077626787496,-0.3338122979974824,0.009809950959338601,FUSED,ACCEPTED,ACCEPTED,0.0,0.0,120.414843623,False,
120.01484362299999,5.198572300820258,5.198572300820258,5.198572300820258,62.38636209069417,-0.06628077626787496,-0.3343665590469068,0.014809950959338318,MODEL_ONLY,DUPLICATE_OR_OLD,DUPLICATE_OR_OLD,0.0,0.0,120.414843623,False,
120.064843623,5.175903370126432,5.175903370126432,5.175903370126432,62.6457239824679,-0.06628077626787496,-0.33485456724180984,0.019809950959339455,MODEL_ONLY,DUPLICATE_OR_OLD,DUPLICATE_OR_OLD,0.0,0.0,120.414843623,False,
120.114843623,5.1532129556932675,5.1532129556932675,5.1532129556932675,62.90395189061338,-0.06628077626787496,-0.33528424202869894,0.02480995095933917,MODEL_ONLY,DUPLICATE_OR_OLD,DUPLICATE_OR_OLD,0.0,0.0,120.414843623,False,
120.164843623,5.121010485902893,5.121010485902893,5.121010485902893,63.16080747665327,-0.08063335456172124,-0.3356625562136174,0.007488065230169764,FUSED,ACCEPTED,ACCEPTED,0.0,0.0,120.414843623,False,
120.214843623,5.097566872200594,5.097566872200594,5.097566872200594,63.41627191060584,-0.08063335456172124,-0.3359956491175477,0.01248806523016948,MODEL_ONLY,DUPLICATE_OR_OLD,DUPLICATE_OR_OLD,0.0,0.0,120.414843623,False,
120.26484362299999,5.074108594643875,5.074108594643875,5.074108594643875,63.67056379727694,-0.08063335456172124,-0.33628892620593553,0.017488065230169197,MODEL_ONLY,DUPLICATE_OR_OLD,DUPLICATE_OR_OLD,0.0,0.0,120.414843623,False,
120.314843623,5.058793326145634,5.058793326145634,5.058793326145634,63.92388634529674,-0.12828687696506122,-0.3365471468091318,0.0069219465889543315,FUSED,ACCEPTED,ACCEPTED,0.0,0.0,120.414843623,False,
120.364843623,5.011277109282143,5.011277109282143,5.011277109282143,64.17563810618242,-0.14499959270344412,-0.34988340986739697,0.005438361297240473,FUSED,ACCEPTED,ACCEPTED,0.0,0.0,120.414843623,False,
120.414843623,4.983333689102291,4.983333689102291,4.983333689102291,64.42550337614202,-0.14499959270344412,-0.3616255405268989,0.01043836129724019,MODEL_ONLY,DUPLICATE_OR_OLD,DUPLICATE_OR_OLD,0.0,0.0,120.414843623,False,
120.464843623,4.9337241469218895,4.933751292826923,4.952491095550126,64.67389899575831,-0.12329233719180688,-0.3719640912755185,0.0060689291723028515,FUSED,ACCEPTED,ACCEPTED,-0.01876694862823669,-0.018739802723203525,120.414843623,True,4.472931593329718e-05
120.51484362299999,4.905894024685768,4.905921170590801,4.924660973314005,64.9208277974799,-0.12329233719180688,-0.3810668371639139,0.011068929172302568,MODEL_ONLY,DUPLICATE_OR_OLD,DUPLICATE_OR_OLD,-0.01876694862823669,-0.018739802723203525,120.414843623,False,
120.564843623,4.854880167360605,4.854890580486842,4.878190096834181,65.16589907423366,-0.16486142507413223,-0.3890814984760697,0.0061640158159529425,FUSED,ACCEPTED,ACCEPTED,-0.023309929473575686,-0.023299516347338844,120.414843623,True,0.0
120.614843623,4.824218025691111,4.8242284388173475,4.847527955164686,65.40904202553362,-0.16486142507413223,-0.39613813794904684,0.011164015815952659,MODEL_ONLY,DUPLICATE_OR_OLD,DUPLICATE_OR_OLD,-0.023309929473575686,-0.023299516347338844,120.414843623,False,
120.664843623,4.793538950560578,4.793551783178036,4.822465588379891,65.65079186412223,-0.13294871228751018,-0.4023512714442911,0.006177956751614967,FUSED,ACCEPTED,ACCEPTED,-0.02892663781931315,-0.028913805201854714,120.414843623,True,1.4329455403382096e-05
120.714843623,4.763888265111735,4.763901097729193,4.792814902931048,65.89117387640499,-0.13294871228751018,-0.40782172632264413,0.011177956751614683,MODEL_ONLY,DUPLICATE_OR_OLD,DUPLICATE_OR_OLD,-0.02892663781931315,-0.028913805201854714,120.414843623,False,
120.76484362299999,4.7298586836662775,4.729894366083273,4.763202069676775,66.13007430072017,-0.14713957559945723,-0.412638277680989,0.006179992161006494,FUSED,ACCEPTED,ACCEPTED,-0.03334338601049769,-0.033307703593502325,120.414843623,True,4.980645001605166e-05
120.814843623,4.699045586917784,4.699081269334779,4.732388972928281,66.36746407678535,-0.14713957559945723,-0.4168790890035319,0.01117999216100763,MODEL_ONLY,DUPLICATE_OR_OLD,DUPLICATE_OR_OLD,-0.03334338601049769,-0.033307703593502325,120.414843623,False,
120.864843623,4.669876942868339,4.669905306754894,4.704218472740264,66.60337926292705,-0.13441803317829149,-0.42061298060675106,0.006180289154213704,FUSED,ACCEPTED,ACCEPTED,-0.034341529871924514,-0.03431316598536949,120.414843623,True,2.3840688788641373e-05
120.914843623,4.639348850367965,4.63937721425452,4.67369038023989,66.83782698425154,-0.13441803317829149,-0.4239005464624834,0.01118028915421342,MODEL_ONLY,DUPLICATE_OR_OLD,DUPLICATE_OR_OLD,-0.034341529871924514,-0.03431316598536949,120.414843623,False,
120.964843623,4.608676028314563,4.608704392201118,4.643017558186488,67.07074468271217,-0.13441803317829149,-0.42679513752304304,0.016180289154213136,MODEL_ONLY,DUPLICATE_OR_OLD,DUPLICATE_OR_OLD,-0.034341529871924514,-0.03431316598536949,120.414843623,False,
121.01484362299999,4.577875776762019,4.577904140648574,4.612217306633943,67.30212555433268,-0.13441803317829149,-0.42934372750589084,0.021180289154212852,MODEL_ONLY,DUPLICATE_OR_OLD,DUPLICATE_OR_OLD,-0.034341529871924514,-0.03431316598536949,120.414843623,False,
121.064843623,4.58130485769729,4.58130485769729,4.58130485769729,67.531963608441,-0.13441803317829149,-0.43158767518788843,0.02618028915421399,MODEL_ONLY,MISSING_OR_STALE,MISSING_OR_STALE,0.0,0.0,121.564843623,False,
121.114843623,4.547876776491997,4.547876776491997,4.547876776491997,67.76019314929572,-0.13441803317829149,-0.43356339557972373,0.007571653768007416,FUSED,ACCEPTED,ACCEPTED,0.0,0.0,121.564843623,False,
121.164843623,4.516778563771127,4.516778563771127,4.516778563771127,67.98680953280228,-0.13441803317829149,-0.43530295087240334,0.012571653768007132,MODEL_ONLY,DUPLICATE_OR_OLD,DUPLICATE_OR_OLD,0.0,0.0,121.564843623,False,
121.214843623,4.4873597194518435,4.4873597194518435,4.4873597194518435,68.21191298988285,-0.1722600468502149,-0.43683457074573906,0.0063730866185460235,FUSED,ACCEPTED,ACCEPTED,0.0,0.0,121.564843623,False,
121.26484362299999,4.438289137840497,4.438289137840497,4.438289137840497,68.43505421131515,-0.18281393450224004,-0.4381831104824573,0.005321218606149824,FUSED,ACCEPTED,ACCEPTED,0.0,0.0,121.564843623,False,
121.314843623,4.4045677548809286,4.4045677548809286,4.4045677548809286,68.65612563363324,-0.18281393450224004,-0.4393704543222495,0.010321218606150961,MODEL_ONLY,DUPLICATE_OR_OLD,DUPLICATE_OR_OLD,0.0,0.0,121.564843623,False,
121.364843623,4.364786151153836,4.364786151153836,4.364786151153836,68.8753594812841,-0.1538071192788914,-0.44041587060143356,0.006050742993241669,FUSED,ACCEPTED,ACCEPTED,0.0,0.0,121.564843623,False,
121.414843623,4.332416815449482,4.332416815449482,4.332416815449482,69.09278955544916,-0.1538071192788914,-0.44133632444147247,0.011050742993241386,MODEL_ONLY,DUPLICATE_OR_OLD,DUPLICATE_OR_OLD,0.0,0.0,121.564843623,False,
121.464843623,4.297608567561627,4.297608567561627,4.297608567561627,69.30854019002443,-0.16069516311910462,-0.4421467530606859,0.006161337892514425,FUSED,ACCEPTED,ACCEPTED,0.0,0.0,121.564843623,False,
121.51484362299999,4.26481863047849,4.26481863047849,4.26481863047849,69.52260086997542,-0.16069516311910462,-0.4428603081769451,0.011161337892514141,MODEL_ONLY,DUPLICATE_OR_OLD,DUPLICATE_OR_OLD,0.0,0.0,121.564843623,False,
121.564843623,4.19836029327284,4.19836029327284,4.2171745855171086,69.73465070037535,-0.19660903111980832,-0.4434885694350853,0.006177565520125413,FUSED,ACCEPTED,ACCEPTED,-0.01881429224426867,-0.01881429224426867,121.564843623,True,0.0
121.614843623,4.1637155915823865,4.1637155915823865,4.182529883826655,69.94464331210894,-0.19660903111980832,-0.4440417323225563,0.01117756552012513,MODEL_ONLY,DUPLICATE_OR_OLD,DUPLICATE_OR_OLD,-0.01881429224426867,-0.01881429224426867,121.564843623,False,
121.664843623,4.125420928532227,4.125420928532227,4.151616335557839,70.15299696759354,-0.16642303167699543,-0.44452877362282867,0.006179935069855072,FUSED,ACCEPTED,ACCEPTED,-0.02619540702561185,-0.02619540702561185,121.564843623,True,0.0
121.714843623,4.0922397335754646,4.0922397335754646,4.118435140601076,70.3597482544975,-0.16642303167699543,-0.444957597091546,0.011179935069854789,MODEL_ONLY,DUPLICATE_OR_OLD,DUPLICATE_OR_OLD,-0.02619540702561185,-0.02619540702561185,121.564843623,False,
121.76484362299999,4.047978929509973,4.047981800753376,4.083552909605062,70.56479795575265,-0.19766916266458823,-0.4453351617194737,0.006180280824487326,FUSED,ACCEPTED,ACCEPTED,-0.03557398009508894,-0.035571108851685906,121.564843623,True,4.645813813791699e-06
121.814843623,4.013199928125212,4.0132027993686155,4.048773908220301,70.76810612619833,-0.19766916266458823,-0.44566759466370737,0.011180280824488464,MODEL_ONLY,DUPLICATE_OR_OLD,DUPLICATE_OR_OLD,-0.03557398009508894,-0.035571108851685906,121.564843623,False,
121.864843623,3.978406291939658,3.978409163183061,4.013980272034747,70.9696749807047,-0.19766916266458823,-0.4459602906797997,0.01618028082448818,MODEL_ONLY,DUPLICATE_OR_OLD,DUPLICATE_OR_OLD,-0.03557398009508894,-0.035571108851685906,121.564843623,False,
121.914843623,3.9435997703046732,3.9436026415480763,3.979173750399762,71.16950383126554,-0.19766916266458823,-0.4462179996684014,0.021180280824487897,MODEL_ONLY,DUPLICATE_OR_OLD,DUPLICATE_OR_OLD,-0.03557398009508894,-0.035571108851685906,121.564843623,False,
121.964843623,3.921692295597842,3.921693089191296,3.9448251615627576,71.3676038040646,-0.15499002533088496,-0.4464449037571307,0.007236063465479855,FUSED,ACCEPTED,ACCEPTED,-0.023132865964915705,-0.023132072371461643,121.564843623,True,0.0
122.01484362299999,3.888998396554534,3.888999190147988,3.9121312625194498,71.56402771466665,-0.15499002533088496,-0.44664468516856465,0.012236063465479572,MODEL_ONLY,DUPLICATE_OR_OLD,DUPLICATE_OR_OLD,-0.023132865964915705,-0.023132072371461643,121.564843623,False,
122.064843623,3.848853227858846,3.848853519234821,3.8757262923856635,71.75872415353932,-0.18782365096438258,-0.44682058597572094,0.006328397452636976,FUSED,ACCEPTED,ACCEPTED,-0.02687306452681737,-0.026872773150842466,121.564843623,True,0.0
122.114843623,3.81515655418206,3.8151568455580347,3.842029618708877,71.95166805131667,-0.18782365096438258,-0.4338665522046387,0.011328397452636692,MODEL_ONLY,DUPLICATE_OR_OLD,DUPLICATE_OR_OLD,-0.02687306452681737,-0.026872773150842466,121.564843623,False,
122.164843623,3.7780199902312845,3.7779615784136977,3.81217071096285,72.14302305955846,-0.19212668143861744,-0.4224609615648096,0.006201819720326866,FUSED,ACCEPTED,ACCEPTED,-0.03415072073156544,-0.034209132549152255,121.564843623,True,-9.436341279514537e-05
122.214843623,3.7451805564923215,3.7451221446747347,3.779331277223887,72.33281060926312,-0.19212668143861744,-0.41241872297394255,0.011201819720326581,MODEL_ONLY,DUPLICATE_OR_OLD,DUPLICATE_OR_OLD,-0.03415072073156544,-0.034209132549152255,121.564843623,False,
122.26484362299999,3.7099989090524303,3.7099197304122122,3.7472341112942,72.52097474397605,-0.19819111995538147,-0.4035768699651438,0.006183471183781023,FUSED,ACCEPTED,ACCEPTED,-0.03723520224176946,-0.037314380881987574,121.564843623,True,-9.19962267545496e-05
122.314843623,3.6776875937337894,3.6776084150935713,3.714922795975559,72.70752866665784,-0.19819111995538147,-0.3957919160505531,0.01118347118378216,MODEL_ONLY,DUPLICATE_OR_OLD,DUPLICATE_OR_OLD,-0.03723520224176946,-0.037314380881987574,121.564843623,False,
122.364843623,3.6457189979072817,3.6456398192670636,3.682954200149051,72.89247559156094,-0.19819111995538147,-0.3889375262080668,0.016183471183781876,MODEL_ONLY,DUPLICATE_OR_OLD,DUPLICATE_OR_OLD,-0.03723520224176946,-0.037314380881987574,121.564843623,False,
122.414843623,3.618876159475855,3.618643205946999,3.673967101782284,73.07639862410922,-0.1856415669360002,-0.3829024667037662,0.006793172914886731,FUSED,ACCEPTED,ACCEPTED,-0.05509094230642919,-0.055323895835285075,121.564843623,True,-0.0003055454507857325
122.464843623,3.590442942145235,3.590336049252784,3.628434096368863,73.25895865406298,-0.1851825021106078,-0.3775887999796048,0.005411407031433585,FUSED,ACCEPTED,ACCEPTED,-0.037991154223627976,-0.038098047116079226,121.564843623,True,0.0
122.51484362299999,3.5599261387557304,3.559819245863279,3.5979172929793584,73.43961743879667,-0.1851825021106078,-0.372910295312776,0.010411407031433301,MODEL_ONLY,DUPLICATE_OR_OLD,DUPLICATE_OR_OLD,-0.037991154223627976,-0.038098047116079226,121.564843623,False,
122.564843623,3.523453339070556,3.523411274145808,3.553995566188965,73.61841526027592,-0.20830587002782908,-0.3687910294547917,0.006064759425706026,FUSED,ACCEPTED,ACCEPTED,-0.030542227118409038,-0.030584292043156935,121.564843623,True,0.0
122.614843623,3.4921676743237637,3.492125609399016,3.5227099014421728,73.7953328969667,-0.20830587002782908,-0.36516415454130646,0.011064759425705742,MODEL_ONLY,DUPLICATE_OR_OLD,DUPLICATE_OR_OLD,-0.030542227118409038,-0.030584292043156935,121.564843623,False,
122.664843623,3.462804310133036,3.462788171513047,3.4777055961696335,73.97034328440698,-0.19534230703251879,-0.36197081327818403,0.006163402148980571,FUSED,ACCEPTED,ACCEPTED,-0.014901286036597572,-0.014917424656586409,121.564843623,True,0.0
122.714843623,3.4324670720731065,3.4324509334531177,3.447368358109704,74.14347013326395,-0.19534230703251879,-0.35915918379936057,0.011163402148980288,MODEL_ONLY,DUPLICATE_OR_OLD,DUPLICATE_OR_OLD,-0.014901286036597572,-0.014917424656586409,121.564843623,False,
122.76484362299999,3.402253611268328,3.402237472648339,3.4171548973049255,74.3150832146493,-0.19534230703251879,-0.3566836386963422,0.016163402148980002,MODEL_ONLY,DUPLICATE_OR_OLD,DUPLICATE_OR_OLD,-0.014901286036597572,-0.014917424656586409,121.564843623,False,
122.814843623,3.3760160893671345,3.3759689591547506,3.412830469304317,74.48583284881458,-0.1877907981710738,-0.35450400457198944,0.0067911077384319105,FUSED,ACCEPTED,ACCEPTED,-0.03681437993718273,-0.03686151014956662,121.564843623,True,-6.177416810398961e-05
122.864843623,3.3471998991818372,3.347165899960945,3.3809014568707516,74.65567614696894,-0.18976395012296965,-0.3525849101025541,0.005410972163492351,FUSED,ACCEPTED,ACCEPTED,-0.03370155768891436,-0.033735556909806785,121.564843623,True,-2.2862869853791656e-05
122.914843623,3.3175547775559413,3.317520778335049,3.3512563352448557,74.82398009177183,-0.18976395012296965,-0.3508952120282444,0.010410972163492068,MODEL_ONLY,DUPLICATE_OR_OLD,DUPLICATE_OR_OLD,-0.03370155768891436,-0.033735556909806785,121.564843623,False,
122.964843623,3.282773967820223,3.2827566659221623,3.3155294856747375,74.99064973729482,-0.2068702466125422,-0.34940748975724756,0.006064692080389154,FUSED,ACCEPTED,ACCEPTED,-0.03275551785451469,-0.03277281975257518,121.564843623,True,-6.467200122692307e-06
123.01484362299999,3.252413411952181,3.2523961100541205,3.2851689298066957,75.15566719768184,-0.2068702466125422,-0.3480976003815824,0.01106469208038887,MODEL_ONLY,DUPLICATE_OR_OLD,DUPLICATE_OR_OLD,-0.03275551785451469,-0.03277281975257518,121.564843623,False,
123.064843623,3.224600038486191,3.224593400426548,3.255233425280841,75.31917725655906,-0.1921672954150724,-0.3469442868835386,0.006163392236072651,FUSED,ACCEPTED,ACCEPTED,-0.030633386794649997,-0.030640024854292847,121.564843623,True,0.0
123.114843623,3.19508306853837,3.195076430478727,3.22571645533302,75.4812010035744,-0.1921672954150724,-0.34592883317463763,0.011163392236072368,MODEL_ONLY,DUPLICATE_OR_OLD,DUPLICATE_OR_OLD,-0.030633386794649997,-0.030640024854292847,121.564843623,False,
123.164843623,3.1660425058355424,3.1660353349938357,3.199013469804588,75.64181925170283,-0.1952772241670447,-0.3450347603690473,0.006177865656803951,FUSED,ACCEPTED,ACCEPTED,-0.03297096396904564,-0.03297813481075229,121.564843623,True,-7.5004643852322195e-06
123.214843623,3.136454103140727,3.1364469322990205,3.169425067109773,75.80103021512568,-0.1952772241670447,-0.34424755936255197,0.011177865656803667,MODEL_ONLY,DUPLICATE_OR_OLD,DUPLICATE_OR_OLD,-0.03297096396904564,-0.03297813481075229,121.564843623,False,
123.26484362299999,3.1061422534765164,3.106138486592439,3.1378777223492165,75.95871278486214,-0.19786036514771602,-0.3435544553773366,0.006179978867986477,FUSED,ACCEPTED,ACCEPTED,-0.03173546887270007,-0.03173923575677762,121.564843623,True,-1.6628008191778287e-06
123.314843623,3.076489861668207,3.0764860947841295,3.108225330540907,76.11486536118443,-0.19786036514771602,-0.34294420065159575,0.011179978867987614,MODEL_ONLY,DUPLICATE_OR_OLD,DUPLICATE_OR_OLD,-0.03173546887270007,-0.03173923575677762,121.564843623,False,
123.364843623,3.0466886103297264,3.046687171488199,3.076519944975175,76.26948399307233,-0.1974403189891921,-0.34240689190971446,0.006180287214735717,FUSED,ACCEPTED,ACCEPTED,-0.029831334645448404,-0.02983277348697566,121.564843623,True,0.0
123.414843623,3.0171077403793864,3.017106301537859,3.046939075024835,76.42257046857232,-0.1974403189891921,-0.3419338096509055,0.011180287214735433,MODEL_ONLY,DUPLICATE_OR_OLD,DUPLICATE_OR_OLD,-0.029831334645448404,-0.02983277348697566,121.564843623,False,
123.464843623,2.9903707100113577,2.990370160421693,3.017243068368627,76.57417502215715,-0.18916420645102067,-0.34151727664826637,0.006180332202630817,FUSED,ACCEPTED,ACCEPTED,-0.0268723583572692,-0.026872907946934088,121.564843623,True,0.0
123.51484362299999,2.9612428095023735,2.9612422599127086,2.9881151678596427,76.72430897806285,-0.18916420645102067,-0.3411505333619622,0.011180332202630533,MODEL_ONLY,DUPLICATE_OR_OLD,DUPLICATE_OR_OLD,-0.0268723583572692,-0.026872907946934088,121.564843623,False,
123.564843623,2.9282683048570695,2.9282680949324353,2.954517013486624,76.87287478259654,-0.2044043405234609,-0.34082762824472707,0.006180338766291595,FUSED,ACCEPTED,ACCEPTED,-0.026248708629554418,-0.02624891855418854,121.564843623,True,0.0
123.614843623,2.8984087582545843,2.89840854832995,2.9246574668841387,77.0198541446058,-0.2044043405234609,-0.34054332115955066,0.011180338766291311,MODEL_ONLY,DUPLICATE_OR_OLD,DUPLICATE_OR_OLD,-0.026248708629554418,-0.02624891855418854,121.564843623,False,
123.664843623,2.8631002432699364,2.8630997930049706,2.8924553626973073,77.16528196534533,-0.2150155547213064,-0.34029299834220417,0.006180339723916911,FUSED,ACCEPTED,ACCEPTED,-0.0293551194273709,-0.029355569692336658,121.564843623,True,-5.988034694620614e-07
123.714843623,2.8327336721391068,2.832733221874141,2.8620887915664777,77.30914556920192,-0.2150155547213064,-0.34007259752860464,0.011180339723916627,MODEL_ONLY,DUPLICATE_OR_OLD,DUPLICATE_OR_OLD,-0.0293551194273709,-0.029355569692336658,121.564843623,False,
123.76484362299999,2.8133906932837287,2.8133905212978148,2.829995053797054,77.45144766533599,-0.17705432003659144,-0.3398785420319828,0.006180339863632569,FUSED,ACCEPTED,ACCEPTED,-0.016604360513325478,-0.016604532499239433,121.564843623,True,0.0
123.814843623,2.784940429628556,2.784940257642642,2.8015447901418815,77.5922361614345,-0.17705432003659144,-0.33970768270004514,0.011180339863633707,MODEL_ONLY,DUPLICATE_OR_OLD,DUPLICATE_OR_OLD,-0.016604360513325478,-0.016604532499239433,121.564843623,False,
123.864843623,2.7460979559962757,2.7460971161214482,2.772946312882094,77.73159843901009,-0.222824702942804,-0.33955724681021426,0.006180339884017016,FUSED,ACCEPTED,ACCEPTED,-0.026848356885818436,-0.0268491967606459,121.564843623,True,-1.2526528771830692e-06
123.914843623,2.7153733176771246,2.715372477802297,2.742221674562943,77.8694776386962,-0.222824702942804,-0.3394247930736016,0.011180339884016732,MODEL_ONLY,DUPLICATE_OR_OLD,DUPLICATE_OR_OLD,-0.026848356885818436,-0.0268491967606459,121.564843623,False,
123.964843623,2.7005846074343527,2.700584286630715,2.7292028744776022,78.0062632524222,-0.16025319417132478,-0.33930817201752306,0.006180339886990859,FUSED,ACCEPTED,ACCEPTED,-0.028618267043249546,-0.028618587846887422,121.564843623,True,0.0
124.01484362299999,2.672999509652275,2.672999188848637,2.7016177766955245,78.14203376870152,-0.16025319417132478,-0.33920549110366244,0.011180339886990576,MODEL_ONLY,DUPLICATE_OR_OLD,DUPLICATE_OR_OLD,-0.028618267043249546,-0.028618587846887422,121.564843623,False,
124.064843623,2.6337143739382904,2.633714119027105,2.662498989511226,78.27613668785672,-0.21816371135106402,-0.33911508401570967,0.006180339887424944,FUSED,ACCEPTED,ACCEPTED,-0.028784615572935657,-0.02878487048412115,121.564843623,True,-2.1418741009276987e-07
124.114843623,2.6032422506715043,2.603241995760319,2.63202686624444,78.4084998342506,-0.21816371135106402,-0.3390354836182367,0.01118033988742466,MODEL_ONLY,DUPLICATE_OR_OLD,DUPLICATE_OR_OLD,-0.028784615572935657,-0.02878487048412115,121.564843623,False,
124.164843623,2.5752188414888963,2.5752187441214875,2.600573035928945,78.53931483180493,-0.1927537650521541,-0.33896539814791843,0.00618033988748807,FUSED,ACCEPTED,ACCEPTED,-0.025354194440048605,-0.025354291807457408,121.564843623,True,0.0
124.214843623,2.5460238052054494,2.5460237078380406,2.571377999645498,78.66861360769428,-0.1927537650521541,-0.3389036902506091,0.011180339887487786,MODEL_ONLY,DUPLICATE_OR_OLD,DUPLICATE_OR_OLD,-0.025354194440048605,-0.025354291807457408,121.564843623,False,
124.26484362299999,2.5104360127840053,2.5104356949011484,2.5411786012580433,78.79642752271687,-0.21648131117839428,-0.33884935852427606,0.006180339887497279,FUSED,ACCEPTED,ACCEPTED,-0.03074258847403799,-0.030742906356894917,121.564843623,True,-4.541688989612158e-07
124.314843623,2.4800597076433837,2.4800593897605268,2.5108022961174217,78.92272704515129,-0.21648131117839428,-0.3388015212681152,0.011180339887498416,MODEL_ONLY,DUPLICATE_OR_OLD,DUPLICATE_OR_OLD,-0.03074258847403799,-0.030742906356894917,121.564843623,False,
124.364843623,2.445700149192736,2.445700019529329,2.4763339488412264,79.04740545127525,-0.21849306042110184,-0.3387594021742354,0.00618033988749883,FUSED,ACCEPTED,ACCEPTED,-0.030633799648490445,-0.030633929311897568,121.564843623,True,-1.333739025818903e-08
124.414843623,2.415227216766958,2.415227087103551,2.4458610164154484,79.17046032540667,-0.21849306042110184,-0.33872231772959216,0.011180339887498546,MODEL_ONLY,DUPLICATE_OR_OLD,DUPLICATE_OR_OLD,-0.030633799648490445,-0.030633929311897568,121.564843623,False,
124.464843623,2.3873988227845664,2.3873987655908615,2.41807528699559,79.29205873299193,-0.20610167586305905,-0.33868966612401885,0.006180339887498849,FUSED,ACCEPTED,ACCEPTED,-0.030676464211023546,-0.03067652140472843,121.564843623,True,-1.2404965585993688e-08
124.51484362299999,2.3575485295990473,2.3575484724053424,2.388224993810071,79.41221624001207,-0.20610167586305905,-0.3386609174839045,0.011180339887498565,MODEL_ONLY,DUPLICATE_OR_OLD,DUPLICATE_OR_OLD,-0.030676464211023546,-0.03067652140472843,121.564843623,False,
124.564843623,2.331906037752846,2.331906015906795,2.3583441754971073,79.53088046924478,-0.197946528923021,-0.3386356052732156,0.006180339887499059,FUSED,ACCEPTED,ACCEPTED,-0.02643813774426107,-0.02643815959031226,121.564843623,True,0.0
124.614843623,2.3024658818525268,2.3024658600064756,2.328904019596788,79.64806167412212,-0.197946528923021,-0.3386133187226392,0.011180339887498775,MODEL_ONLY,DUPLICATE_OR_OLD,DUPLICATE_OR_OLD,-0.02643813774426107,-0.02643815959031226,121.564843623,False,
124.664843623,2.2897184510102337,2.2897184426657846,2.2999507525637486,79.76378304342613,-0.15592254807241318,-0.3385936961635441,0.0061803398874988825,FUSED,ACCEPTED,ACCEPTED,-0.010232301553514844,-0.010232309897963976,121.564843623,True,0.0
124.714843623,2.262381339130876,2.2623813307864267,2.2726136406843906,79.87809715325733,-0.15592254807241318,-0.3385764191587631,0.0111803398874986,MODEL_ONLY,DUPLICATE_OR_OLD,DUPLICATE_OR_OLD,-0.010232301553514844,-0.010232309897963976,121.564843623,False,
124.76484362299999,2.229907757804276,2.2299077546169803,2.246206732984597,79.99106766259905,-0.1957653550278965,-0.3191751090101309,0.006180339887498857,FUSED,ACCEPTED,ACCEPTED,-0.016298975180320863,-0.016298978367616623,121.564843623,True,0.0
124.814843623,2.202402681107219,2.202402677919923,2.2187016562875397,80.10269037233088,-0.1957653550278965,-0.3020929085647406,0.011180339887499995,MODEL_ONLY,DUPLICATE_OR_OLD,DUPLICATE_OR_OLD,-0.016298975180320863,-0.016298978367616623,121.564843623,False,
124.864843623,2.175649619531699,2.1756496163444035,2.19194859471202,80.21295662860587,-0.1957653550278965,-0.2870526061399567,0.01618033988749971,MODEL_ONLY,DUPLICATE_OR_OLD,DUPLICATE_OR_OLD,-0.016298975180320863,-0.016298978367616623,121.564843623,False,
124.914843623,2.132344159533356,2.131733604333276,2.175984312002203,80.32215495127372,-0.23986795539842926,-0.27381012618147477,0.006792850868181486,FUSED,ACCEPTED,ACCEPTED,-0.04364015246884678,-0.044250707668926914,121.564843623,True,-0.0008988187577128048
124.964843623,2.1042011640294853,2.103921000959599,2.1369579804668644,80.42997850858544,-0.2205016411023266,-0.26215056838193274,0.005411339222900586,FUSED,ACCEPTED,ACCEPTED,-0.032756816437379044,-0.03303697950726514,121.564843623,True,0.0
125.01484362299999,2.0779696824462923,2.0776895193764062,2.1107264988836714,80.5361706205692,-0.2205016411023266,-0.25188472024957026,0.010411339222900303,MODEL_ONLY,DUPLICATE_OR_OLD,DUPLICATE_OR_OLD,-0.032756816437379044,-0.03303697950726514,121.564843623,False,
125.064843623,2.04877032177998,2.048614316872283,2.0799054985430727,80.64093642050489,-0.23406456779083865,-0.24284598656064152,0.006064748924768316,FUSED,ACCEPTED,ACCEPTED,-0.03113517676309252,-0.031291181670789925,121.564843623,True,-7.544204395615664e-05
125.114843623,2.022710545585706,2.0225545406780086,2.0538457223487985,80.74428020102718,-0.23406456779083865,-0.23488768582479813,0.011064748924768032,MODEL_ONLY,DUPLICATE_OR_OLD,DUPLICATE_OR_OLD,-0.03113517676309252,-0.031291181670789925,121.564843623,False,
125.164843623,1.9970011201876,1.9968451152799025,2.0281362969506924,80.84632975150966,-0.23406456779083865,-0.227880669930262,0.01606474892476775,MODEL_ONLY,DUPLICATE_OR_OLD,DUPLICATE_OR_OLD,-0.03113517676309252,-0.031291181670789925,121.564843623,False,
125.214843623,1.9716001668723293,1.971444161964632,2.002735343635422,80.94710154252431,-0.23406456779083865,-0.22171122831040288,0.021064748924767465,MODEL_ONLY,DUPLICATE_OR_OLD,DUPLICATE_OR_OLD,-0.03113517676309252,-0.031291181670789925,121.564843623,False,
125.26484362299999,1.9527739434105202,1.9527306865149785,1.9739177127678706,81.04651786893439,-0.22052294144520512,-0.21627924263848838,0.007227209311546717,FUSED,ACCEPTED,ACCEPTED,-0.021143769357350406,-0.02118702625289215,121.564843623,True,0.0
125.314843623,1.9285608047292382,1.9285175478336964,1.9497045740865886,81.14460842610578,-0.22052294144520512,-0.21149656209312456,0.012227209311547855,MODEL_ONLY,DUPLICATE_OR_OLD,DUPLICATE_OR_OLD,-0.021143769357350406,-0.02118702625289215,121.564843623,False,
125.364843623,1.9057513414997025,1.9057354541220992,1.9270152237216422,81.24152642105098,-0.22330371413790526,-0.20728557285027155,0.006327203465630681,FUSED,ACCEPTED,ACCEPTED,-0.021263882221939756,-0.02127976959954303,121.564843623,True,0.0
125.414843623,1.881795095369429,1.8817792079918256,1.9030589775913687,81.3372782760838,-0.22330371413790526,-0.20357793854768116,0.011327203465630396,MODEL_ONLY,DUPLICATE_OR_OLD,DUPLICATE_OR_OLD,-0.021263882221939756,-0.02127976959954303,121.564843623,False,
125.464843623,1.8588256949343829,1.8588196603482847,1.8812016002125298,81.43188479052888,-0.2227832594455996,-0.2003134913124235,0.006201647465878823,FUSED,ACCEPTED,ACCEPTED,-0.022375905278146924,-0.022381939864245082,121.564843623,True,0.0
125.51484362299999,1.8352024057109433,1.8351963711248451,1.8575783109890902,81.52535428830892,-0.2227832594455996,-0.19743925536296478,0.01120164746587854,MODEL_ONLY,DUPLICATE_OR_OLD,DUPLICATE_OR_OLD,-0.022375905278146924,-0.022381939864245082,121.564843623,False,
125.564843623,1.811705649900345,1.8116996153142468,1.834081555178492,81.61764578496313,-0.2227832594455996,-0.19490858729426366,0.016201647465879675,MODEL_ONLY,DUPLICATE_OR_OLD,DUPLICATE_OR_OLD,-0.022375905278146924,-0.022381939864245082,121.564843623,False,
125.614843623,1.7911160742790875,1.7910499093133696,1.8276603819987405,81.70918933339256,-0.21761902937569422,-0.19268041915875583,0.006795041027581793,FUSED,ACCEPTED,ACCEPTED,-0.036544307719653,-0.036610472685370876,121.564843623,True,-9.452614836490819e-05
125.664843623,1.7675180397604797,1.76748595610509,1.7968597042235843,81.79980233554811,-0.22315186727289946,-0.1907185920961182,0.005411800332311808,FUSED,ACCEPTED,ACCEPTED,-0.0293416644631046,-0.02937374811849436,121.564843623,True,-3.189045995524026e-06
125.714843623,1.7442987194987776,1.7442666358433878,1.7736403839618822,81.88906483775274,-0.22315186727289946,-0.18899126923652085,0.010411800332311524,MODEL_ONLY,DUPLICATE_OR_OLD,DUPLICATE_OR_OLD,-0.0293416644631046,-0.02937374811849436,121.564843623,False,
125.76484362299999,1.7161459805077683,1.7161237181574034,1.7446613787455405,81.97702238182042,-0.23731544434121585,-0.18747041943561937,0.0060648203318027245,FUSED,ACCEPTED,ACCEPTED,-0.02851539823777216,-0.028537660588137115,121.564843623,True,-1.5889762598843282e-05
125.814843623,1.6923614768055264,1.6923392144551614,1.7208768750432986,82.06366083816516,-0.23731544434121585,-0.18613136210430392,0.011064820331803862,MODEL_ONLY,DUPLICATE_OR_OLD,DUPLICATE_OR_OLD,-0.02851539823777216,-0.028537660588137115,121.564843623,False,
125.864843623,1.668635922900485,1.66861366055012,1.6971513211382572,82.1491115430697,-0.23731544434121585,-0.18495236690354316,0.016064820331803578,MODEL_ONLY,DUPLICATE_OR_OLD,DUPLICATE_OR_OLD,-0.02851539823777216,-0.028537660588137115,121.564843623,False,
125.914843623,1.6481467027465513,1.6481006941986145,1.6902106914309358,82.23379559338392,-0.2221613079529661,-0.18391430094085232,0.006780924565733839,FUSED,ACCEPTED,ACCEPTED,-0.042063988684384546,-0.04210999723232134,121.564843623,True,-5.72814651503481e-05
125.964843623,1.6285367278769312,1.6285156045551008,1.6598169203564044,82.3175462836786,-0.21697890506401524,-0.18300031867803032,0.005408826668573878,FUSED,ACCEPTED,ACCEPTED,-0.03128019247947322,-0.031301315801303575,121.564843623,True,0.0
126.01484362299999,1.6059658400595773,1.605944716737747,1.6372460325390505,82.39997285750098,-0.21697890506401524,-0.1821955873813211,0.010408826668573595,MODEL_ONLY,DUPLICATE_OR_OLD,DUPLICATE_OR_OLD,-0.03128019247947322,-0.031301315801303575,121.564843623,False,
126.064843623,1.5834303792978575,1.583409255976027,1.6147105717773307,82.4812717726089,-0.21697890506401524,-0.18148704790551617,0.015408826668574733,MODEL_ONLY,DUPLICATE_OR_OLD,DUPLICATE_OR_OLD,-0.03128019247947322,-0.031301315801303575,121.564843623,False,
126.114843623,1.5726504971883246,1.5726400135264835,1.6005927282680064,82.56165435511004,-0.1921196918640504,-0.18086320192401256,0.006711481140331419,FUSED,ACCEPTED,ACCEPTED,-0.027942231079681745,-0.027952714741522833,121.564843623,True,-5.270397912895269e-06
126.164843623,1.54735943659959,1.547348482622057,1.571785447336439,82.64096380950015,-0.21997552254445552,-0.1803139259182822,0.005394141958641388,FUSED,ACCEPTED,ACCEPTED,-0.024426010736849024,-0.02443696471438206,121.564843623,True,-1.1355562683675047e-05
126.214843623,1.5247569824679634,1.5247460284904304,1.5491829932048125,82.71898802051368,-0.21997552254445552,-0.17983030531267502,0.010394141958641105,MODEL_ONLY,DUPLICATE_OR_OLD,DUPLICATE_OR_OLD,-0.024426010736849024,-0.02443696471438206,121.564843623,False,
126.26484362299999,1.49871752138131,1.4987130889336755,1.5221512368462964,82.79577137626495,-0.22161135809036261,-0.17940449205576214,0.006062083918296237,FUSED,ACCEPTED,ACCEPTED,-0.023433715464986404,-0.023438147912620888,121.564843623,True,-1.9607647695069064e-07
126.314843623,1.4760733124704766,1.476068880022842,1.499507027935463,82.87131283288451,-0.22161135809036261,-0.17902957537133943,0.011062083918297374,MODEL_ONLY,DUPLICATE_OR_OLD,DUPLICATE_OR_OLD,-0.023433715464986404,-0.023438147912620888,121.564843623,False,
126.364843623,1.4545907886482896,1.4545890879218057,1.4770811151180987,82.94572753646085,-0.21413058614076907,-0.17869947122721072,0.006163008287691292,FUSED,ACCEPTED,ACCEPTED,-0.022490326469809085,-0.022492027196292952,121.564843623,True,0.0
126.414843623,1.432351656713468,1.4323499559869841,1.454841983183277,83.01902561391839,-0.21413058614076907,-0.17840882238453715,0.011163008287691008,MODEL_ONLY,DUPLICATE_OR_OLD,DUPLICATE_OR_OLD,-0.022490326469809085,-0.022492027196292952,121.564843623,False,
126.464843623,1.4122998765927015,1.412299226542652,1.432533494247969,83.09121000085416,-0.2097951410589058,-0.178152911825682,0.006177809566071637,FUSED,ACCEPTED,ACCEPTED,-0.020233617655267544,-0.02023426770531711,121.564843623,True,0.0
126.51484362299999,1.390301579852498,1.3903009298024485,1.4105351975077656,83.16228671814805,-0.2097951410589058,-0.17792758613313556,0.011177809566071353,MODEL_ONLY,DUPLICATE_OR_OLD,DUPLICATE_OR_OLD,-0.020233617655267544,-0.02023426770531711,121.564843623,False,
126.564843623,1.368258327681538,1.3682580793605135,1.3868233723131975,83.23222068239359,-0.21277123170685286,-0.1777291882189218,0.006179970682894566,FUSED,ACCEPTED,ACCEPTED,-0.018565044631659422,-0.018565292952684054,121.564843623,True,0.0
126.614843623,1.3461298826790966,1.346129634358072,1.364694927310756,83.30100863988419,-0.21277123170685286,-0.17755449709554771,0.011179970682894284,MODEL_ONLY,DUPLICATE_OR_OLD,DUPLICATE_OR_OLD,-0.018565044631659422,-0.018565292952684054,121.564843623,False,
126.664843623,1.326728459722652,1.326728364871123,1.3366716715412483,83.36854280485548,-0.2047858343722591,-0.17740067754126534,0.006180286020513384,FUSED,ACCEPTED,ACCEPTED,-0.009943211818596254,-0.00994330667012533,121.564843623,True,0.0
126.714843623,1.3050137512456883,1.3050136563941592,1.3149569630642846,83.43483352072062,-0.2047858343722591,-0.17726522847002515,0.0111802860205131,MODEL_ONLY,DUPLICATE_OR_OLD,DUPLICATE_OR_OLD,-0.009943211818596254,-0.00994330667012533,121.564843623,False,
126.76484362299999,1.2775940844193274,1.2775932765997633,1.2976165409163385,83.50014785832013,-0.2047858343722591,-0.17714595411379283,0.006180332028395418,FUSED,ACCEPTED,ACCEPTED,-0.020022456497011065,-0.020023264316575196,121.564843623,True,-1.248459509557709e-06
126.814843623,1.2558905951994443,1.2558897873798802,1.2759130516964554,83.56448609813546,-0.2047858343722591,-0.17704092152873488,0.011180332028396555,MODEL_ONLY,DUPLICATE_OR_OLD,DUPLICATE_OR_OLD,-0.020022456497011065,-0.020023264316575196,121.564843623,False,
126.864843623,1.2296373443422675,1.2296368955678254,1.2513532876896885,83.62766775662011,-0.23030128616942705,-0.17694842022929036,0.006180338740870978,FUSED,ACCEPTED,ACCEPTED,-0.021715943347420996,-0.02171639212186305,121.564843623,True,-2.2687224516745874e-07
126.914843623,1.206666788612377,1.206666339837935,1.228382731959798,83.68966115711135,-0.23030128616942705,-0.17686694221134722,0.011180338740870694,MODEL_ONLY,DUPLICATE_OR_OLD,DUPLICATE_OR_OLD,-0.021715943347420996,-0.02171639212186305,121.564843623,False,
126.96484362300001,1.183699826775347,1.1836993780009049,1.205415770122768,83.75050611966343,-0.23030128616942705,-0.17679516355232186,0.01618033874087183,MODEL_ONLY,DUPLICATE_OR_OLD,DUPLICATE_OR_OLD,-0.021715943347420996,-0.02171639212186305,121.564843623,False,
127.01484362299999,1.1809035463707567,1.180901573963557,1.2167182876662004,83.81105947110814,-0.16958143777333706,-0.17673191453018772,0.006792850750241421,FUSED,ACCEPTED,ACCEPTED,-0.03581474129544371,-0.03581671370264328,121.564843623,True,-2.6917690454861254e-06
127.064843623,1.1609785255157512,1.1609765531085516,1.196793266811195,83.87139725997008,-0.16958143777333706,-0.17667625210734805,0.011792850750242558,MODEL_ONLY,DUPLICATE_OR_OLD,DUPLICATE_OR_OLD,-0.03581474129544371,-0.03581671370264328,121.564843623,False,
127.114843623,1.1334502216961024,1.1334479921904281,1.171403891984967,83.93060218893999,-0.2193255639046004,-0.17662719491957593,0.006267661066297855,FUSED,ACCEPTED,ACCEPTED,-0.03795367028886454,-0.03795589979453884,121.564843623,True,-2.382605632303414e-06
127.164843623,1.1110426264855733,1.111040396979899,1.1489962967744378,83.98861219365897,-0.2193255639046004,-0.17658392444372878,0.011267661066297572,MODEL_ONLY,DUPLICATE_OR_OLD,DUPLICATE_OR_OLD,-0.03795367028886454,-0.03795589979453884,121.564843623,False,
127.21484362300001,1.0912410526293086,1.0914994348044844,1.135791536615195,84.04573188949372,-0.19439357839678637,-0.17654573968900383,0.0061930375244448575,FUSED,ACCEPTED,ACCEPTED,-0.04455048398588635,-0.04429210181071053,121.564843623,True,0.0004185844807120184
127.26484362299999,1.0700836682717294,1.0703420504469052,1.1146341522576158,84.10199253171552,-0.19439357839678637,-0.17651205843168732,0.011193037524443152,MODEL_ONLY,DUPLICATE_OR_OLD,DUPLICATE_OR_OLD,-0.04455048398588635,-0.04429210181071053,121.564843623,False,
127.314843623,1.03992503587253,1.040022780424835,1.0826927478999155,84.15692570421947,-0.22828158532536352,-0.17648228728285015,0.006182191549694212,FUSED,ACCEPTED,ACCEPTED,-0.042767712027385496,-0.04266996747508056,121.564843623,True,-1.4571092909268502e-06
127.364843623,1.0170761045283043,1.0171738490806093,1.0598438165556898,84.21048911833086,-0.22828158532536352,-0.17645584599543349,0.011182191549693929,MODEL_ONLY,DUPLICATE_OR_OLD,DUPLICATE_OR_OLD,-0.042767712027385496,-0.04266996747508056,121.564843623,False,
127.414843623,0.9936110704725554,0.9936477127032912,1.0371934182973033,84.26291504920218,-0.21400393082322844,-0.17643235053628556,0.006180610022266449,FUSED,ACCEPTED,ACCEPTED,-0.0435823478247479,-0.04354570559401205,121.564843623,True,-1.1167596836378357e-06
127.46484362300001,0.9714783041092621,0.9715149463399979,1.01506065193401,84.31422140095798,-0.21400393082322844,-0.1764113962657202,0.011180610022267586,MODEL_ONLY,DUPLICATE_OR_OLD,DUPLICATE_OR_OLD,-0.0435823478247479,-0.04354570559401205,121.564843623,False,
127.51484362299999,0.9454072545980338,0.9454208091391766,0.9857076547687823,84.36424060862552,-0.2272438461248516,-0.17639262001867925,0.0061803792992236335,FUSED,ACCEPTED,ACCEPTED,-0.04030040017074854,-0.040286845629605716,121.564843623,True,-7.141975271740542e-07
127.564843623,0.91990035309296,0.919906752667279,0.9491281564174181,84.41261150390518,-0.23707396340248815,-0.1553077636952794,0.005278649235348674,FUSED,ACCEPTED,ACCEPTED,-0.029227803324458068,-0.029221403750139152,121.564843623,True,0.0
127.614843623,0.8985977229733552,0.8986041225476741,0.9278255262978132,84.45953534597307,-0.23707396340248815,-0.13674325752106498,0.010278649235348391,MODEL_ONLY,DUPLICATE_OR_OLD,DUPLICATE_OR_OLD,-0.029227803324458068,-0.029221403750139152,121.564843623,False,
127.664843623,0.8731170655794155,0.8730359353553027,0.8991575791350094,84.50520992360889,-0.24961988041940708,-0.12039783480599202,0.006044092424837078,FUSED,ACCEPTED,ACCEPTED,-0.02604051355559389,-0.026121643779706716,121.564843623,True,-0.00013841918800188216
127.71484362300001,0.852724246128101,0.8526431159039882,0.8787647596836949,84.54965798207937,-0.24961988041940708,-0.10600624037157663,0.011044092424838215,MODEL_ONLY,DUPLICATE_OR_OLD,DUPLICATE_OR_OLD,-0.02604051355559389,-0.026121643779706716,121.564843623,False,
127.76484362299999,0.832966979494732,0.8329358283903705,0.8533011116669619,84.59295962886311,-0.24642641540913557,-0.09333492596295455,0.006160357659281048,FUSED,ACCEPTED,ACCEPTED,-0.020334132172229902,-0.020365283276591373,121.564843623,True,0.0
127.814843623,0.8139256104611392,0.8138944593567777,0.8342597426333691,84.63514865022063,-0.24642641540913557,-0.08217826020406022,0.011160357659282185,MODEL_ONLY,DUPLICATE_OR_OLD,DUPLICATE_OR_OLD,-0.020334132172229902,-0.020365283276591373,121.564843623,False,
127.864843623,0.7996605154786616,0.799645703170411,0.8190021656954557,84.67648019792885,-0.23653076821099017,-0.0723551915908403,0.006177422292828661,FUSED,ACCEPTED,ACCEPTED,-0.019341650216794126,-0.01935646252504475,121.564843623,True,-4.7018908605547804e-06
127.914843623,0.7820379468988656,0.782023134590615,0.8013795971156598,84.71698974199913,-0.23653076821099017,-0.06370631036903536,0.011177422292828377,MODEL_ONLY,DUPLICATE_OR_OLD,DUPLICATE_OR_OLD,-0.019341650216794126,-0.01935646252504475,121.564843623,False,
127.96484362300001,0.7628671413262051,0.7628614828973175,0.779305195273222,84.75650686180886,-0.24997850420986986,-0.05609126161652641,0.006179914168730362,FUSED,ACCEPTED,ACCEPTED,-0.016438053947016806,-0.016443712375904473,121.564843623,True,0.0
128.014843623,0.7452888838451633,0.7452832254162757,0.7617269377921801,84.79503266513548,-0.24997850420986986,-0.04938646754942303,0.011179914168728657,MODEL_ONLY,DUPLICATE_OR_OLD,DUPLICATE_OR_OLD,-0.016438053947016806,-0.016443712375904473,121.564843623,False,
128.064843623,0.7297694184957797,0.7297672571331216,0.7464034564072556,84.83273592499047,-0.24307910720617718,-0.04348312208922428,0.0061802777749575865,FUSED,ACCEPTED,ACCEPTED,-0.016634037911475885,-0.016636199274133956,121.564843623,True,0.0
128.114843623,0.7130920219503832,0.7130898605877252,0.7297260598618591,84.86963916289722,-0.24307910720617718,-0.03828542514676116,0.011180277774958725,MODEL_ONLY,DUPLICATE_OR_OLD,DUPLICATE_OR_OLD,-0.016634037911475885,-0.016636199274133956,121.564843623,False,
128.164843623,0.7005608640755918,0.7005600385065598,0.716759958501206,84.90580131335628,-0.2354509504368685,-0.0337090279686149,0.00618033082537971,FUSED,ACCEPTED,ACCEPTED,-0.01619909442561418,-0.016199919994646206,121.564843623,True,0.0
128.214843623,0.6846961955678813,0.6846953699988493,0.7008952899934955,84.94124269456866,-0.2354509504368685,-0.029679664316981137,0.011180330825380847,MODEL_ONLY,DUPLICATE_OR_OLD,DUPLICATE_OR_OLD,-0.01619909442561418,-0.016199919994646206,121.564843623,False,
128.264843623,0.6744933482740411,0.6744744622984647,0.6920115593825976,84.97606536580305,-0.2253185461096345,-0.02613194526964411,0.0061803385653530305,FUSED,ACCEPTED,ACCEPTED,-0.01751821110855656,-0.01753709708413287,121.564843623,True,-3.0047926922800727e-05
128.314843623,0.6594699976045417,0.6594511116289654,0.6769882087130983,85.01029036000546,-0.2253185461096345,-0.023008298081893017,0.011180338565354168,MODEL_ONLY,DUPLICATE_OR_OLD,DUPLICATE_OR_OLD,-0.01751821110855656,-0.01753709708413287,121.564843623,False,
128.364843623,0.6526378839563106,0.6526306701551868,0.6675091316048258,85.04390279351341,-0.21000222325944615,-0.020258031890193512,0.006180339694600781,FUSED,ACCEPTED,ACCEPTED,-0.014871247648515218,-0.014878461449639002,121.564843623,True,0.0
128.414843623,0.639739377513801,0.6397321637126773,0.6546106251623163,85.07695578743258,-0.21000222325944615,0.004143673407408795,0.011180339694599077,MODEL_ONLY,DUPLICATE_OR_OLD,DUPLICATE_OR_OLD,-0.014871247648515218,-0.014878461449639002,121.564843623,False,
128.464843623,0.6343022345809405,0.6342946774312295,0.6473425866443849,85.10950461772775,-0.20716257941684293,0.02562855344220186,0.006180339859355403,FUSED,ACCEPTED,ACCEPTED,-0.01304035206344445,-0.013047909213155462,121.564843623,True,-7.76935081035074e-06
128.514843623,0.6235672589905698,0.6235597018408587,0.6366076110540142,85.1416033726702,-0.20716257941684293,0.04454526702755446,0.011180339859353697,MODEL_ONLY,DUPLICATE_OR_OLD,DUPLICATE_OR_OLD,-0.01304035206344445,-0.013047909213155462,121.564843623,False,
128.564843623,0.6308240284300347,0.6308211418557,0.6370749223811538,85.17344543600609,-0.17044955927890015,0.06120079651113426,0.006180339883392777,FUSED,ACCEPTED,ACCEPTED,-0.0062508939511191075,-0.006253780525453778,121.564843623,True,0.0
128.614843623,0.6234915813380446,0.6234886947637099,0.6297424752891637,85.20511587094785,-0.17044955927890015,0.07586542951551759,0.011180339883393915,MODEL_ONLY,DUPLICATE_OR_OLD,DUPLICATE_OR_OLD,-0.0062508939511191075,-0.006253780525453778,121.564843623,False,
128.664843623,0.611733717004469,0.6117464777832397,0.6191712472252174,85.2363387140107,-0.2025922507903015,0.06679695669008157,0.006180339886899784,FUSED,ACCEPTED,ACCEPTED,-0.007437530220748445,-0.007424769441977785,121.564843623,True,2.243137482631566e-05
128.714843623,0.6019432333398381,0.6019559941186088,0.6093807635605866,85.26705251428035,-0.2025922507903015,0.0588124716560615,0.011180339886900922,MODEL_ONLY,DUPLICATE_OR_OLD,DUPLICATE_OR_OLD,-0.007437530220748445,-0.007424769441977785,121.564843623,False,
128.764843623,0.5928457206753847,0.5928505948591523,0.6010053350430293,85.29731216674543,-0.1900903834388047,0.05178240138010492,0.00618033988741145,FUSED,ACCEPTED,ACCEPTED,-0.008159614367644674,-0.008154740183877074,121.564843623,True,0.0
128.814843623,0.5830214599353762,0.5830263341191438,0.5911810743030209,85.32711682697908,-0.1900903834388047,0.04559266116838566,0.011180339887412587,MODEL_ONLY,DUPLICATE_OR_OLD,DUPLICATE_OR_OLD,-0.008159614367644674,-0.008154740183877074,121.564843623,False,
128.864843623,0.5762475211037182,0.57624938287625,0.5854083024940723,85.35653156139901,-0.1810461602840503,0.0401428032886452,0.006180339887486515,FUSED,ACCEPTED,ACCEPTED,-0.009160781390354034,-0.009158919617822225,121.564843623,True,0.0
128.914843623,0.566365210290554,0.5663670720630858,0.575525991680908,85.38555491875337,-0.1810461602840503,0.035344386894186605,0.011180339887484809,MODEL_ONLY,DUPLICATE_OR_OLD,DUPLICATE_OR_OLD,-0.009160781390354034,-0.009158919617822225,121.564843623,False,
128.964843623,0.5567433844252269,0.5567440955590547,0.5649905498725272,85.41406783229222,-0.18300175961281384,0.031119542796833415,0.006180339887497052,FUSED,ACCEPTED,ACCEPTED,-0.008247165447300309,-0.008246454313472484,121.564843623,True,0.0
129.014843623,0.5463694323850535,0.5463701435188814,0.5546165978323538,85.44205801098484,-0.18300175961281384,0.027399709797860487,0.011180339887495347,MODEL_ONLY,DUPLICATE_OR_OLD,DUPLICATE_OR_OLD,-0.008247165447300309,-0.008246454313472484,121.564843623,False,
129.064843623,0.5422188421689037,0.5422191137978554,0.5523093157476046,85.46973115882435,-0.1572351005326386,0.003218359258844568,0.00618033988749859,FUSED,ACCEPTED,ACCEPTED,-0.010090473578700854,-0.010090201949749189,121.564843623,True,0.0
129.114843623,0.5292504438306939,0.5292507154596455,0.5393409174093947,85.49702241465327,-0.1572351005326386,-0.050305200687812496,0.011180339887499727,MODEL_ONLY,DUPLICATE_OR_OLD,DUPLICATE_OR_OLD,-0.010090473578700854,-0.010090201949749189,121.564843623,False,
129.164843623,0.5199206483801028,0.5199207521331299,0.5328816055688045,85.52382797772772,-0.13378122513663077,-0.1079281305099174,0.006180339887498814,FUSED,ACCEPTED,ACCEPTED,-0.012960957188701716,-0.012960853435674546,121.564843623,True,0.0
129.214843623,0.5022564824997331,0.5022565862527603,0.5152174396884348,85.55003045385915,-0.13378122513663077,-0.1677631160899123,0.011180339887499951,MODEL_ONLY,DUPLICATE_OR_OLD,DUPLICATE_OR_OLD,-0.012960957188701716,-0.012960853435674546,121.564843623,False,
129.264843623,0.49241438784819835,0.49273246276137517,0.5123268411083041,85.57571906087907,-0.09513991257652368,-0.22847997887519636,0.006180339887498847,FUSED,ACCEPTED,ACCEPTED,-0.01991245326010571,-0.019594378346928898,121.564843623,True,0.0005145918975915341
129.314843623,0.4706071192158925,0.4709251941290693,0.4905195724759982,85.60079022121867,-0.09513991257652368,-0.2893808809042399,0.011180339887499984,MODEL_ONLY,DUPLICATE_OR_OLD,DUPLICATE_OR_OLD,-0.01991245326010571,-0.019594378346928898,121.564843623,False,
129.364843623,0.47183440405294114,0.47195589785880604,0.494306680021931,85.62541087753112,-0.017488181764835756,-0.34965390054731893,0.006180339887499267,FUSED,ACCEPTED,ACCEPTED,-0.022472275968989874,-0.02235078216312497,121.564843623,True,0.0
129.414843623,0.44824610530004433,0.44836759910590923,0.4707183812690342,85.64953650406339,-0.017488181764835756,-0.40277451492414745,0.011180339887497562,MODEL_ONLY,DUPLICATE_OR_OLD,DUPLICATE_OR_OLD,-0.022472275968989874,-0.02235078216312497,121.564843623,False,
129.464843623,0.4486986322110369,0.44874503871545474,0.4730037712674013,85.6731295578768,-0.017488181764835756,-0.45563767663373,0.006180339887498913,FUSED,ACCEPTED,ACCEPTED,-0.02430513905636439,-0.02425873255194655,121.564843623,True,0.0
129.514843623,0.4198418369642142,0.419888243468632,0.44414697602057857,85.696058326559,-0.017488181764835756,-0.5083185970873899,0.011180339887497209,MODEL_ONLY,DUPLICATE_OR_OLD,DUPLICATE_OR_OLD,-0.02430513905636439,-0.02425873255194655,121.564843623,False,
129.564843623,0.436108335015365,0.43612606072275356,0.44942872650637034,85.71839771912218,-0.017488181764835756,-0.5540714853182932,0.006180339887498861,FUSED,ACCEPTED,ACCEPTED,-0.013320391491005334,-0.013302665783616774,121.564843623,True,0.0
129.614843623,0.40266702680420424,0.4026847525115928,0.4159874182952096,85.74003312274222,-0.017488181764835756,-0.6002492039678093,0.011180339887499998,MODEL_ONLY,DUPLICATE_OR_OLD,DUPLICATE_OR_OLD,-0.013320391491005334,-0.013302665783616774,121.564843623,False,
129.664843623,0.4003142057675285,0.4003816355912737,0.42837703407458655,85.76114223405146,-0.017488181764835756,-0.639913883334196,0.006180339887498853,FUSED,ACCEPTED,ACCEPTED,-0.02806282830705803,-0.02799539848331284,121.564843623,True,9.814865703434289e-05
129.714843623,0.3628627376239895,0.3629301674477347,0.39092556593104755,85.78162479905161,-0.017488181764835756,-0.6807192386473859,0.011180339887499991,MODEL_ONLY,DUPLICATE_OR_OLD,DUPLICATE_OR_OLD,-0.02806282830705803,-0.02799539848331284,121.564843623,False,
129.764843623,0.3700608952827087,0.37008665118352396,0.40128587632815554,85.80143008510808,-0.017488181764835756,-0.7151860364174614,0.006180339887498852,FUSED,ACCEPTED,ACCEPTED,-0.031224981045446853,-0.03119922514463158,121.564843623,True,0.0
129.814843623,0.32936754760467274,0.329393303505488,0.3605925286501196,85.82047704523254,-0.017488181764835756,-0.7459912337516736,0.01118033988749999,MODEL_ONLY,DUPLICATE_OR_OLD,DUPLICATE_OR_OLD,-0.031224981045446853,-0.03119922514463158,121.564843623,False,
129.864843623,0.34899828211997236,0.3490081199986729,0.37874610085378774,85.83896051097014,-0.017488181764835756,-0.7710201050223336,0.006180339887499267,FUSED,ACCEPTED,ACCEPTED,-0.02974781873381538,-0.02973798085511481,121.564843623,True,0.0
129.914843623,0.3056649274195482,0.3056747652982488,0.3354127461533636,85.85681448214531,-0.017488181764835756,-0.7992501495185104,0.011180339887497562,MODEL_ONLY,DUPLICATE_OR_OLD,DUPLICATE_OR_OLD,-0.02974781873381538,-0.02973798085511481,121.564843623,False,
129.964843623,0.2612956850337216,0.26130552291242215,0.29104350376753696,85.87247588839334,-0.017488181764835756,-0.8211808888736609,0.0161803398874987,MODEL_ONLY,DUPLICATE_OR_OLD,DUPLICATE_OR_OLD,-0.02974781873381538,-0.02973798085511481,121.564843623,False,
