t,base_v,candidate_v,inner_v,inner_s,disturbance,drive_a,pv,mode,front_status,rear_status,base_correction,correction,blocked_until,update,increment_delta
116.007980079,0.0,0.0,0.0,0.0,0.0,0.0,1.0,WAITING_FOR_INITIALIZATION,MISSING_OR_STALE,MISSING_OR_STALE,0.0,0.0,,False,
116.057980079,2.705847687191433,2.705847687191433,2.705847687191433,0.0,0.0,0.0,0.010000000000000002,INITIALIZED,ACCEPTED,ACCEPTED,0.0,0.0,,False,
116.107980079,2.698772067608983,2.698772067608983,2.698772067608983,0.1351154938700027,0.0,-0.08926912128245387,0.014999999999999718,MODEL_ONLY,DUPLICATE_OR_OLD,DUPLICATE_OR_OLD,0.0,0.0,,False,
116.15798007900001,2.744221095874017,2.744221095874017,2.7507878836857174,0.2713544926524012,0.0,-0.17487822296934938,0.006666666666666763,FUSED,ACCEPTED,ACCEPTED,-0.00656678781170017,-0.00656678781170017,,True,0.0
116.20798007900001,2.7290962246063275,2.7290962246063275,2.7356630124180277,0.408515765054987,0.0,-0.2502541549871867,0.01166666666666648,MODEL_ONLY,DUPLICATE_OR_OLD,DUPLICATE_OR_OLD,-0.00656678781170017,-0.00656678781170017,,False,
116.257980079,2.6829654821895277,2.6829654821895277,2.6919653567463167,0.5442064742840879,-0.10892600296508193,-0.32939351494606517,0.006249999999999934,FUSED,ACCEPTED,ACCEPTED,-0.008999874556788967,-0.008999874556788967,,True,0.0
116.307980079,2.6546586194383677,2.6546586194383677,2.6636584939951566,0.678097070552617,-0.10892600296508193,-0.4049679816916205,0.011249999999999651,MODEL_ONLY,DUPLICATE_OR_OLD,DUPLICATE_OR_OLD,-0.008999874556788967,-0.008999874556788967,,False,
116.357980079,2.6047225559387868,2.6047225559387868,2.621217028702553,0.8102189586200522,-0.1146292762977869,-0.4715087554578128,0.0061904761904761005,FUSED,ACCEPTED,ACCEPTED,-0.016494472763766144,-0.016494472763766144,,True,0.0
116.40798007900001,2.569874145271902,2.569874145271902,2.586368618035668,0.9404085997885374,-0.1146292762977869,-0.5300956666734388,0.011190476190477238,MODEL_ONLY,DUPLICATE_OR_OLD,DUPLICATE_OR_OLD,-0.016494472763766144,-0.016494472763766144,,False,
116.45798007900001,2.5321650975135648,2.5321650975135648,2.548659570277331,1.0687843044963552,-0.1146292762977869,-0.5873084085028726,0.016190476190476956,MODEL_ONLY,DUPLICATE_OR_OLD,DUPLICATE_OR_OLD,-0.016494472763766144,-0.016494472763766144,,False,
116.507980079,2.491937355099153,2.491937355099153,2.508431827862919,1.1952115894498543,-0.1146292762977869,-0.6376823016246485,0.021190476190476672,MODEL_ONLY,DUPLICATE_OR_OLD,DUPLICATE_OR_OLD,-0.016494472763766144,-0.016494472763766144,,False,
116.557980079,2.372218750060871,2.372218750060871,2.3974359117664052,1.3178582829405805,-0.23395951300095102,-0.6874316597586496,0.007236842105263175,FUSED,ACCEPTED,ACCEPTED,-0.02521716170553434,-0.02521716170553434,,True,0.0
116.607980079,2.3213468961534716,2.3213468961534716,2.346564057859006,1.436458282181209,-0.23395951300095102,-0.7312342947843969,0.012236842105262892,MODEL_ONLY,DUPLICATE_OR_OLD,DUPLICATE_OR_OLD,-0.02521716170553434,-0.02521716170553434,,False,
116.65798007900001,2.2446224518925764,2.2446224518925764,2.2736242739055816,1.55196299047535,-0.23195701582103861,-0.7749930038870718,0.006328502415459056,FUSED,ACCEPTED,ACCEPTED,-0.029001822013005274,-0.029001822013005274,,True,0.0
116.70798007900001,2.142088652037869,2.142088652037869,2.156474487816344,1.662715459518392,-0.3706599413380698,-0.813521074103424,0.005311438278595661,FUSED,ACCEPTED,ACCEPTED,-0.014385835778475187,-0.014385835778475187,,True,0.0
116.757980079,2.078571304314426,2.078571304314426,2.092957140092901,1.768951250216117,-0.3706599413380698,-0.8474437428091637,0.010311438278595379,MODEL_ONLY,DUPLICATE_OR_OLD,DUPLICATE_OR_OLD,-0.014385835778475187,-0.014385835778475187,,False,
116.807980079,2.0135605682083066,2.0135605682083066,2.027946403986782,1.8719738388181033,-0.3706599413380698,-0.8773115105026559,0.015311438278595095,MODEL_ONLY,DUPLICATE_OR_OLD,DUPLICATE_OR_OLD,-0.014385835778475187,-0.014385835778475187,,False,
116.857980079,1.883012969817021,1.8830381116490909,1.9334714260403787,1.9710092845687768,-0.4601194426500794,-0.9036090742673981,0.006700915374556228,FUSED,ACCEPTED,ACCEPTED,-0.05045845622335765,-0.05043331439128784,,True,3.751999639514669e-05
116.90798007900001,1.7753380519480533,1.7753496375570637,1.8012285949407434,2.064376785093326,-0.5124882780600231,-0.9267631932158882,0.005391899453363972,FUSED,ACCEPTED,ACCEPTED,-0.025890542992690113,-0.025878957383679735,,True,0.0
116.95798007900001,1.6997439939765513,1.6997555795855617,1.7256345369692414,2.152548363391071,-0.5124882780600231,-0.9471496125752552,0.010391899453363688,MODEL_ONLY,DUPLICATE_OR_OLD,DUPLICATE_OR_OLD,-0.025890542992690113,-0.025878957383679735,,False,
117.007980079,1.5943909653022228,1.5943955280207511,1.6058967859990585,2.2358366464652737,-0.5412191208567687,-0.9650991640573778,0.006061736138185834,FUSED,ACCEPTED,ACCEPTED,-0.0115058206968357,-0.011501257978307367,,True,0.0
117.057980079,1.5156726902732092,1.5156772529917375,1.5271785109700449,2.314163528889497,-0.5412191208567687,-0.9809031204419388,0.01106173613818555,MODEL_ONLY,DUPLICATE_OR_OLD,DUPLICATE_OR_OLD,-0.0115058206968357,-0.011501257978307367,,False,
117.107980079,1.4362586749957713,1.4362632377142996,1.447764495692607,2.388537104056059,-0.5412191208567687,-0.9948179386814637,0.01606173613818527,MODEL_ONLY,DUPLICATE_OR_OLD,DUPLICATE_OR_OLD,-0.0115058206968357,-0.011501257978307367,,False,
117.15798007900001,1.3559816214330527,1.355986184151581,1.3674874421298884,2.458918402501637,-0.5412191208567687,-1.012078733919336,0.021061736138186404,MODEL_ONLY,DUPLICATE_OR_OLD,DUPLICATE_OR_OLD,-0.0115058206968357,-0.011501257978307367,,False,
117.20798007900001,1.2749447023834966,1.2749492651020249,1.2864505230803323,2.525266851631889,-0.5412191208567687,-1.0272761100321757,0.02606173613818612,MODEL_ONLY,DUPLICATE_OR_OLD,DUPLICATE_OR_OLD,-0.0115058206968357,-0.011501257978307367,,False,
117.257980079,1.153307555916828,1.1533086671018282,1.2046888713151258,2.5875453364917718,-0.5844293733612819,-1.040656496633182,0.007564642672110404,FUSED,ACCEPTED,ACCEPTED,-0.05138131539829782,-0.05138020421329759,,True,0.0
117.307980079,1.0688521251195409,1.068853236304541,1.1202334405178387,2.6456683942875925,-0.5844293733612819,-1.0524365847945696,0.01256464267211012,MODEL_ONLY,DUPLICATE_OR_OLD,DUPLICATE_OR_OLD,-0.05138131539829782,-0.05138020421329759,,False,
117.357980079,0.9800088139389771,0.9800092170586596,1.039190559471505,2.6996539942873232,-0.5665705513422024,-1.0628064371255892,0.006372164109307286,FUSED,ACCEPTED,ACCEPTED,-0.05918174553252786,-0.05918134241284534,,True,0.0
117.40798007900001,0.8954716779780149,0.8954720810976974,0.9546534235105427,2.7495000938618857,-0.5665705513422024,-1.0719321030393645,0.011372164109308424,MODEL_ONLY,DUPLICATE_OR_OLD,DUPLICATE_OR_OLD,-0.05918174553252786,-0.05918134241284534,,False,
117.45798007900001,0.813916308171111,0.8139164610291325,0.8778683730926727,2.7953131387769634,-0.5519962257251491,-1.07995584244251,0.006208123095794604,FUSED,ACCEPTED,ACCEPTED,-0.06395206492156169,-0.06395191206354023,,True,0.0
117.507980079,0.7293552375743662,0.7293553904323876,0.7933073024959278,2.837092530666676,-0.5519962257251491,-1.0869980022696621,0.01120812309579432,MODEL_ONLY,DUPLICATE_OR_OLD,DUPLICATE_OR_OLD,-0.06395206492156169,-0.06395191206354023,,False,
117.557980079,0.6439145898487177,0.6439276694053522,0.7244108315907564,2.875035484018841,-0.557042553843544,-1.0931426648767812,0.0061843891058322945,FUSED,ACCEPTED,ACCEPTED,-0.08049624174203862,-0.08048316218540419,,True,2.1055001130101947e-05
117.607980079,0.558531224808367,0.5585443043650015,0.6390274665504057,2.9091214414723683,-0.557042553843544,-1.0984560654528903,0.011184389105832011,MODEL_ONLY,DUPLICATE_OR_OLD,DUPLICATE_OR_OLD,-0.08049624174203862,-0.08048316218540419,,False,
117.65798007900001,0.48373365894437825,0.4837386541178694,0.5667723304074856,2.9392664363963226,-0.523080880084148,-1.102872573304072,0.006180930569133546,FUSED,ACCEPTED,ACCEPTED,-0.0830386714631074,-0.08303367628961622,,True,0.0
117.70798007900001,0.3996714722724078,0.39967646744589896,0.4827101437355152,2.965503498249896,-0.523080880084148,-1.106279416146802,0.011180930569133263,MODEL_ONLY,DUPLICATE_OR_OLD,DUPLICATE_OR_OLD,-0.0830386714631074,-0.08303367628961622,,False,
117.757980079,0.3454532375983276,0.3454551455417744,0.4265018677928927,2.988233798538105,-0.523080880084148,-1.1080528411729884,0.006180426064843592,FUSED,ACCEPTED,ACCEPTED,-0.0810486301945651,-0.08104672225111825,,True,0.0
117.807980079,0.261359199794368,0.26136110773781485,0.3424078299889331,3.0074565409826497,-0.523080880084148,-1.10800446445289,0.011180426064843308,MODEL_ONLY,DUPLICATE_OR_OLD,DUPLICATE_OR_OLD,-0.0810486301945651,-0.08104672225111825,,False,
117.857980079,0.22348411810810043,0.2234848468752496,0.2869866743685813,3.0231914035915866,-0.523080880084148,-1.1031427725071015,0.006180352460562617,FUSED,ACCEPTED,ACCEPTED,-0.06350255626048085,-0.06350182749333166,,True,0.0
117.90798007900001,0.14035626616131702,0.1403569949284662,0.20385882242179787,3.035462541011349,-0.523080880084148,-1.0928399934837134,0.011180352460563755,MODEL_ONLY,DUPLICATE_OR_OLD,DUPLICATE_OR_OLD,-0.06350255626048085,-0.06350182749333166,,False,
117.95798007900001,0.10923447620590497,0.10923475457005238,0.17315258785141127,3.0448878262681784,-0.523080880084148,-1.0670063569149477,0.00618034172188346,FUSED,ACCEPTED,ACCEPTED,-0.0639181116455063,-0.06391783328135889,,True,0.0
118.007980079,0.07450450123037886,0.07450463265609006,0.11094168366076673,3.0519901830559824,-0.523080880084148,-1.0346788960246924,0.005278640858911088,FUSED,ACCEPTED,ACCEPTED,-0.03643718243038788,-0.036437051004676674,,True,0.0
118.057980079,0.03448911426597179,0.03448911426597179,0.03448911426597179,3.0556259530041507,-0.523080880084148,-0.9796377705530283,0.010278640858910806,MODEL_ONLY,DUPLICATE_OR_OLD,DUPLICATE_OR_OLD,0.0,0.0,,False,
118.107980079,0.0,0.0,0.0,3.0564881808608,-0.523080880084148,-0.8857908453595471,0.015278640858910522,MODEL_ONLY,DUPLICATE_OR_OLD,DUPLICATE_OR_OLD,0.0,0.0,,False,
118.15798007900001,0.013290211905256102,0.013290211905256102,0.013290211905256102,3.0568204361584312,-0.523080880084148,-0.779909019322771,0.006697341850119147,FUSED,ACCEPTED,ACCEPTED,0.0,0.0,,True,0.0
118.20798007900001,0.0,0.0,0.0,3.0571526914560625,-0.523080880084148,-0.6957193244590291,0.011697341850118864,MODEL_ONLY,DUPLICATE_OR_OLD,DUPLICATE_OR_OLD,0.0,0.0,,False,
118.257980079,-0.06772765133890205,-0.06856261041464373,-0.02126875271626051,3.056620972638156,-0.523080880084148,-0.6125574438992067,0.006254308741244372,FUSED,ACCEPTED,ACCEPTED,-0.046458898622641534,-0.04729385769838322,,True,-0.0013350141642920477
118.307980079,-0.11985040908214015,-0.12068536815788183,-0.07339151045949861,3.054254466058762,-0.523080880084148,-0.5249091717775094,0.011254308741244088,MODEL_ONLY,DUPLICATE_OR_OLD,DUPLICATE_OR_OLD,-0.046458898622641534,-0.04729385769838322,,False,
118.357980079,-0.07774204697424644,-0.07806007442032048,-0.04552516238704399,3.051281549237599,-0.523080880084148,-0.4179067539152814,0.006191101392705628,FUSED,ACCEPTED,ACCEPTED,-0.032216884587202455,-0.03253491203327649,,True,0.0
118.40798007900001,-0.12029971211029147,-0.12061773955636551,-0.08808282752308902,3.047941349489845,-0.523080880084148,-0.3397631214518181,0.011191101392706765,MODEL_ONLY,DUPLICATE_OR_OLD,DUPLICATE_OR_OLD,-0.032216884587202455,-0.03253491203327649,,False,
118.45798007900001,-0.08449941349607659,-0.08470274402616419,-0.048101854090294854,3.0445367324495103,-0.523080880084148,-0.25657171408550583,0.006181909324827123,FUSED,ACCEPTED,ACCEPTED,-0.03639755940578174,-0.03660088993586934,,True,-0.00013249105276945394
118.507980079,-0.057278479582616386,-0.05737447212368976,-0.03956141804681115,3.042345150646083,-0.523080880084148,-0.20318297330016408,0.00527899027106153,FUSED,ACCEPTED,ACCEPTED,-0.017717061535805233,-0.01781305407687861,,True,0.0
118.557980079,-0.09099567746291962,-0.09109167000399299,-0.07327861592711438,3.0395241497967347,-0.523080880084148,-0.16146446056550234,0.010278990271061246,MODEL_ONLY,DUPLICATE_OR_OLD,DUPLICATE_OR_OLD,-0.01771706153580524,-0.01781305407687861,,False,
118.607980079,-0.12177556344070896,-0.12187155598178233,-0.10405850190490372,3.0350907218509344,-0.523080880084148,-0.11084549000013744,0.015278990271060963,MODEL_ONLY,DUPLICATE_OR_OLD,DUPLICATE_OR_OLD,-0.01771706153580524,-0.01781305407687861,,False,
118.65798007900001,0.0,0.0,0.0,3.0324892593033113,0.0,0.0,0.006697379961987344,STOPPED,ACCEPTED,ACCEPTED,0.0,0.0,119.15798007900001,False,
118.70798007900001,0.0,0.0,0.0,3.0324892593033113,0.0,0.0,0.01169737996198706,STOPPED,DUPLICATE_OR_OLD,DUPLICATE_OR_OLD,0.0,0.0,119.20798007900001,False,
118.757980079,0.0,0.0,0.0,3.0324892593033113,0.0,0.0,0.006254314088409216,STOPPED,ACCEPTED,ACCEPTED,0.0,0.0,119.257980079,False,
118.807980079,0.0,0.0,0.0,3.0324892593033113,0.0,0.0,0.011254314088408933,STOPPED,DUPLICATE_OR_OLD,DUPLICATE_OR_OLD,0.0,0.0,119.307980079,False,
118.857980079,0.0,0.0,0.0,3.0324892593033113,0.0,0.0,0.006191102168456563,STOPPED,ACCEPTED,ACCEPTED,0.0,0.0,119.357980079,False,
118.90798007900001,0.0,0.0,0.0,3.0324892593033113,0.0,0.0,0.0052810382770535225,STOPPED,ACCEPTED,ACCEPTED,0.0,0.0,119.40798007900001,False,
118.95798007900001,0.0,0.0,0.0,3.0324892593033113,0.0,0.0,0.010281038277053239,STOPPED,DUPLICATE_OR_OLD,DUPLICATE_OR_OLD,0.0,0.0,119.45798007900001,False,
119.007980079,0.0,0.0,0.0,3.0324892593033113,0.0,0.0,0.015281038277052955,STOPPED,DUPLICATE_OR_OLD,DUPLICATE_OR_OLD,0.0,0.0,119.507980079,False,
119.057980079,0.0,0.0,0.0,3.0324892593033113,0.0,0.0,0.006697603329018571,STOPPED,ACCEPTED,ACCEPTED,0.0,0.0,119.557980079,False,
119.107980079,0.0,0.0,0.0,3.0324892593033113,0.0,0.0,0.011697603329018287,STOPPED,DUPLICATE_OR_OLD,DUPLICATE_OR_OLD,0.0,0.0,119.607980079,False,
119.15798007900001,0.0,0.0,0.0,3.0324892593033113,0.0,0.0,0.006254345426905672,STOPPED,ACCEPTED,ACCEPTED,0.0,0.0,119.65798007900001,False,
119.20798007900001,0.0,0.0,0.0,3.0324892593033113,0.0,0.0,0.011254345426905388,STOPPED,DUPLICATE_OR_OLD,DUPLICATE_OR_OLD,0.0,0.0,119.70798007900001,False,
119.257980079,0.0,0.0,0.0,3.0324892593033113,0.0,0.0,0.006191106714947031,STOPPED,ACCEPTED,ACCEPTED,0.0,0.0,119.757980079,False,
119.307980079,0.0,0.0,0.0,3.0324892593033113,0.0,0.0,0.011191106714946747,STOPPED,DUPLICATE_OR_OLD,DUPLICATE_OR_OLD,0.0,0.0,119.807980079,False,
119.357980079,0.0,0.0,0.0,3.0324892593033113,0.0,0.0,0.006181910100693338,STOPPED,ACCEPTED,ACCEPTED,0.0,0.0,119.857980079,False,
119.40798007900001,0.0,0.0,0.0,3.0324892593033113,0.0,0.0,0.011181910100694475,STOPPED,DUPLICATE_OR_OLD,DUPLICATE_OR_OLD,0.0,0.0,119.90798007900001,False,
119.45798007900001,0.0,0.0,0.0,3.0324892593033113,0.0,0.0,0.00618056896477738,STOPPED,ACCEPTED,ACCEPTED,0.0,0.0,119.95798007900001,False,
119.507980079,0.0,0.0,0.0,3.0324892593033113,0.0,0.0,0.011180568964777097,STOPPED,DUPLICATE_OR_OLD,DUPLICATE_OR_OLD,0.0,0.0,120.007980079,False,
119.557980079,0.0,0.0,0.0,3.0324892593033113,0.0,0.0,0.006180373309130928,STOPPED,ACCEPTED,ACCEPTED,0.0,0.0,120.057980079,False,
119.607980079,0.0,0.0,0.0,3.0324892593033113,0.0,0.0,0.011180373309130645,STOPPED,DUPLICATE_OR_OLD,DUPLICATE_OR_OLD,0.0,0.0,120.107980079,False,
119.65798007900001,0.0,0.0,0.0,3.0324892593033113,0.0,0.0,0.00618034476364324,STOPPED,ACCEPTED,ACCEPTED,0.0,0.0,120.15798007900001,False,
119.70798007900001,0.0,0.0,0.0,3.0324892593033113,0.0,0.0,0.011180344763642956,STOPPED,DUPLICATE_OR_OLD,DUPLICATE_OR_OLD,0.0,0.0,120.20798007900001,False,
119.757980079,0.0,0.0,0.0,3.0324892593033113,0.0,0.0,0.006180340598918598,STOPPED,ACCEPTED,ACCEPTED,0.0,0.0,120.257980079,False,
119.807980079,0.0,0.0,0.0,3.0324892593033113,0.0,0.0,0.011180340598918315,STOPPED,DUPLICATE_OR_OLD,DUPLICATE_OR_OLD,0.0,0.0,120.307980079,False,
119.857980079,0.00041978423504591717,0.00041978423504591717,0.00041978423504591717,3.0324997539091876,0.0,0.021980188503117996,0.0061803399912935915,FUSED,ACCEPTED,ACCEPTED,0.0,0.0,120.307980079,False,
119.90798007900001,0.0024809517437939565,0.0024809517437939565,0.0024809517437939565,3.032572272308659,0.0,0.04133300452036114,0.011180339991294728,MODEL_ONLY,DUPLICATE_OR_OLD,DUPLICATE_OR_OLD,0.0,0.0,120.307980079,False,
119.95798007900001,0.00205007861816952,0.00205007861816952,0.00205007861816952,3.032685548067708,0.0,0.058372507513882815,0.006180339902642508,FUSED,ACCEPTED,ACCEPTED,0.0,0.0,120.307980079,False,
120.007980079,0.005692064666396713,0.005692064666396713,0.005692064666396713,3.032879101649822,0.0,0.07337521626735972,0.011180339902642224,MODEL_ONLY,DUPLICATE_OR_OLD,DUPLICATE_OR_OLD,0.0,0.0,120.307980079,False,
120.057980079,0.004185640927491064,0.004185640927491064,0.004185640927491064,3.0331260442896695,0.0,0.10680817010556035,0.006180339889708283,FUSED,ACCEPTED,ACCEPTED,0.0,0.0,120.307980079,False,
120.107980079,0.010943219036995265,0.010943219036995265,0.010943219036995265,3.0335042657887814,0.0,0.13624476044470707,0.011180339889708,MODEL_ONLY,DUPLICATE_OR_OLD,DUPLICATE_OR_OLD,0.0,0.0,120.307980079,False,
120.15798007900001,0.007222430478662946,0.007222430478662946,0.007222430478662946,3.033958407026673,0.0,0.16216268725992306,0.006180339887821411,FUSED,ACCEPTED,ACCEPTED,0.0,0.0,120.307980079,False,
120.20798007900001,0.01637726808034052,0.01637726808034052,0.01637726808034052,3.034548399490648,0.0,0.18498254929758529,0.011180339887821127,MODEL_ONLY,DUPLICATE_OR_OLD,DUPLICATE_OR_OLD,0.0,0.0,120.307980079,False,
120.257980079,0.010090616843625139,0.010090616843625139,0.010090616843625139,3.0352100966137474,0.0,0.20507466959450554,0.0061803398875459135,FUSED,ACCEPTED,ACCEPTED,0.0,0.0,120.307980079,False,
120.307980079,0.02109719210564852,0.02109719210564852,0.02109719210564852,3.0359897918374794,0.0,0.22276510511772013,0.01118033988754563,MODEL_ONLY,DUPLICATE_OR_OLD,DUPLICATE_OR_OLD,0.0,0.0,120.307980079,False,
120.357980079,0.01603437506988995,0.01603437506988995,0.012766629695779345,3.036836387382515,0.0,0.25201614874807127,0.006180339887505718,FUSED,ACCEPTED,ACCEPTED,0.003267745374110606,0.003267745374110606,120.307980079,True,0.0
120.40798007900001,0.029756393950057435,0.029756393950057435,0.02648864857594683,3.0378177693393082,0.0,0.27777070793259484,0.011180339887506855,MODEL_ONLY,DUPLICATE_OR_OLD,DUPLICATE_OR_OLD,0.003267745374110606,0.003267745374110606,120.307980079,False,
120.45798007900001,0.021583113384986648,0.021583113384986648,0.015724406420336377,3.0388730957142154,0.0,0.3004467302711793,0.006180339887500061,FUSED,ACCEPTED,ACCEPTED,0.005858706964650271,0.005858706964650271,120.307980079,True,0.0
120.507980079,0.03739877213216718,0.03739877213216718,0.0315400651675169,3.0400547075039115,0.0,0.32041220455540353,0.011180339887499778,MODEL_ONLY,DUPLICATE_OR_OLD,DUPLICATE_OR_OLD,0.005858706964650275,0.005858706964650275,120.307980079,False,
120.557980079,0.027391403212490263,0.027391403212490263,0.018346233937987164,3.041301864981549,0.0,0.3379911325279583,0.006180339887499029,FUSED,ACCEPTED,ACCEPTED,0.0090451692745031,0.0090451692745031,120.307980079,True,0.0
120.607980079,0.044825895577653256,0.044825895577653256,0.03578072630315016,3.042655038987577,0.0,0.3534687868158127,0.011180339887498746,MODEL_ONLY,DUPLICATE_OR_OLD,DUPLICATE_OR_OLD,0.0090451692745031,0.0090451692745031,120.307980079,False,
120.65798007900001,0.0326817522079878,0.0326817522079878,0.02050131542105528,3.0440620900306823,0.0,0.36709634036335614,0.0061803398874990855,FUSED,ACCEPTED,ACCEPTED,0.012180436786932522,0.012180436786932522,120.307980079,True,0.0
120.70798007900001,0.051369669318350325,0.051369669318350325,0.0391892325314178,3.0455543537294942,0.0,0.37909494249241327,0.011180339887498801,MODEL_ONLY,DUPLICATE_OR_OLD,DUPLICATE_OR_OLD,0.012180436786932522,0.012180436786932522,120.307980079,False,
120.757980079,0.03706345476354811,0.03706345476354811,0.022217742935982727,3.047089528116179,0.0,0.3896593077359025,0.006180339887498887,FUSED,ACCEPTED,ACCEPTED,0.014845711827565382,0.014845711827565382,120.307980079,True,0.0
120.807980079,0.05597428196813017,0.05597428196813017,0.04826221613129647,3.048851527092861,0.0,0.3989608756850195,0.005278640450004129,FUSED,ACCEPTED,ACCEPTED,0.007712065836833697,0.007712065836833697,120.307980079,True,0.0
120.857980079,0.0757134243931527,0.0757134243931527,0.06800135855631902,3.051758116460051,0.0,0.40715059312832363,0.010278640450003845,MODEL_ONLY,DUPLICATE_OR_OLD,DUPLICATE_OR_OLD,0.00771206583683369,0.00771206583683369,120.307980079,False,
120.90798007900001,0.10219234350821142,0.10219234350821142,0.09879015173935865,3.0559279042174436,0.0,0.4143613636315424,0.0060440910500002675,FUSED,ACCEPTED,ACCEPTED,0.003402191768852772,0.003402191768852772,120.307980079,True,0.0
120.95798007900001,0.12203318996717548,0.12203318996717548,0.1186309981983227,3.0613634329658854,0.0,0.42071020431011447,0.011044091049999984,MODEL_ONLY,DUPLICATE_OR_OLD,DUPLICATE_OR_OLD,0.003402191768852772,0.003402191768852772,120.307980079,False,
121.007980079,0.15543041170553726,0.15543041170553726,0.15376445907240496,3.068173319397653,0.0,0.4263001447948256,0.006160357456590863,FUSED,ACCEPTED,ACCEPTED,0.001665952633132295,0.001665952633132295,120.307980079,True,0.0
121.057980079,0.17530341136678246,0.17530341136678246,0.17363745873365016,3.076358367342804,0.0,0.43122189920710363,0.01116035745659058,MODEL_ONLY,DUPLICATE_OR_OLD,DUPLICATE_OR_OLD,0.001665952633132295,0.001665952633132295,120.307980079,False,
121.107980079,0.19525148319831664,0.19525148319831664,0.19358553056518435,3.0855389420752743,0.0,0.43555533827698856,0.016160357456590297,MODEL_ONLY,DUPLICATE_OR_OLD,DUPLICATE_OR_OLD,0.001665952633132295,0.001665952633132295,120.307980079,False,
121.15798007900001,0.22263099943462297,0.22263099943462297,0.21442280627201588,3.0957391504962066,0.0,0.45048336384274995,0.00679079419614146,FUSED,ACCEPTED,ACCEPTED,0.008208193162607097,0.008208193162607097,120.307980079,True,0.0
121.20798007900001,0.24374807000121126,0.24374807000121126,0.23553987683860417,3.1069882175739716,0.0,0.46362698780365164,0.011790794196141176,MODEL_ONLY,DUPLICATE_OR_OLD,DUPLICATE_OR_OLD,0.008208193162607097,0.008208193162607097,120.307980079,False,
121.257980079,0.24944080621586526,0.24944080621586526,0.23462268351743923,3.118742281582872,0.0,0.47519950622309143,0.006267374559041456,FUSED,ACCEPTED,ACCEPTED,0.014818122698426028,0.014818122698426028,120.307980079,True,0.0
121.307980079,0.2715545079991864,0.2715545079991864,0.2567363853007604,3.131026258303326,0.0,0.485388719104307,0.011267374559041173,MODEL_ONLY,DUPLICATE_OR_OLD,DUPLICATE_OR_OLD,0.014818122698426028,0.014818122698426028,120.307980079,False,
121.357980079,0.28198756463989266,0.28198756463989266,0.2709404754637178,3.1442181798224373,0.0,0.49435997802789006,0.006192996000600248,FUSED,ACCEPTED,ACCEPTED,0.011047089176174862,0.011047089176174862,120.307980079,True,0.0
121.40798007900001,0.30481445063537066,0.30481445063537066,0.2937673614591958,3.1583358757455136,0.0,0.5022588694940177,0.011192996000601385,MODEL_ONLY,DUPLICATE_OR_OLD,DUPLICATE_OR_OLD,0.011047089176174862,0.011047089176174862,120.307980079,False,
121.45798007900001,0.3143576000622968,0.3143576000622968,0.3005753343609108,3.1731944431410155,0.0,0.5092135775149415,0.006182185497309851,FUSED,ACCEPTED,ACCEPTED,0.01378226570138602,0.01378226570138602,120.307980079,True,0.0
121.507980079,0.33775869864497615,0.33775869864497615,0.32397643294359013,3.1888082373236273,0.0,0.5153369637981599,0.011182185497309568,MODEL_ONLY,DUPLICATE_OR_OLD,DUPLICATE_OR_OLD,0.01378226570138602,0.01378226570138602,120.307980079,False,
121.557980079,0.3517133107080905,0.35170393522848137,0.3308437917175915,3.2051787429401557,0.0,0.5207283992776506,0.006180609139360162,FUSED,ACCEPTED,ACCEPTED,0.020869518990498992,0.020860143510889884,120.307980079,True,-1.5169183809688597e-05
121.607980079,0.36334194884549903,0.36333752240075073,0.35211257537892904,3.2222526521175676,0.0,0.5254753767154734,0.005278700468808982,FUSED,ACCEPTED,ACCEPTED,0.011229373466569992,0.011224947021821696,120.307980079,True,0.0
121.65798007900001,0.3873625592680086,0.3873581328232603,0.3761331858014386,3.240458796147081,0.0,0.5296549305431922,0.01027870046881012,MODEL_ONLY,DUPLICATE_OR_OLD,DUPLICATE_OR_OLD,0.011229373466569992,0.011224947021821696,120.307980079,False,
121.70798007900001,0.41153585951835553,0.41153143307360723,0.40030648605178554,3.2598697879434106,0.0,0.5333348869844433,0.015278700468809836,MODEL_ONLY,DUPLICATE_OR_OLD,DUPLICATE_OR_OLD,0.011229373466569992,0.011224947021821696,120.307980079,False,
121.757980079,0.43480195269550354,0.43480049079499933,0.41824658413063626,3.28033361469797,0.0,0.5365749647457818,0.006697348352086274,FUSED,ACCEPTED,ACCEPTED,0.01655536856486728,0.01655390666436307,120.307980079,True,0.0
121.807980079,0.4592397055326305,0.4592382436321263,0.4426843369677632,3.3018568877254286,0.0,0.5394277441379074,0.01169734835208599,MODEL_ONLY,DUPLICATE_OR_OLD,DUPLICATE_OR_OLD,0.01655536856486728,0.01655390666436307,120.307980079,False,
121.857980079,0.47480955717682505,0.47480900959416444,0.4606473974638994,3.324440181086219,0.0,0.5515657576867194,0.0062543096534833365,FUSED,ACCEPTED,ACCEPTED,0.01416215971292567,0.014161612130265067,120.307980079,True,0.0
121.90798007900001,0.500361696438944,0.5003611488562834,0.48619953672601834,3.3481113544409724,0.0,0.5622528699920412,0.011254309653484474,MODEL_ONLY,DUPLICATE_OR_OLD,DUPLICATE_OR_OLD,0.01416215971292567,0.014161612130265011,120.307980079,False,
121.95798007900001,0.5311423464547916,0.5311421378861155,0.509843947781724,3.3730124415536644,0.02304704221910681,0.5716625125968373,0.006191101525050801,FUSED,ACCEPTED,ACCEPTED,0.021298398673067598,0.02129819010439149,120.307980079,True,0.0
122.007980079,0.562797631784715,0.562797533361952,0.5511418586455512,3.3995370867143446,0.02676997142140689,0.5885699193905545,0.0052810381337757475,FUSED,ACCEPTED,ACCEPTED,0.011655773139163772,0.011655674716400832,120.307980079,True,0.0
122.057980079,0.5917178062130383,0.5917177077902753,0.5800620330738745,3.4278171840073286,0.02676997142140689,0.6034563218871023,0.010281038133775464,MODEL_ONLY,DUPLICATE_OR_OLD,DUPLICATE_OR_OLD,0.011655773139163772,0.011655674716400832,120.307980079,False,
122.107980079,0.6212880656170398,0.6212879671942768,0.609632292477876,3.4575595421461207,0.02676997142140689,0.6165632981367999,0.01528103813377518,MODEL_ONLY,DUPLICATE_OR_OLD,DUPLICATE_OR_OLD,0.011655773139163772,0.011655674716400832,120.307980079,False,
122.15798007900001,0.6406309403429971,0.6406309078398964,0.6206320234534779,3.4883161500444118,-0.013995716041137616,0.6359887567082834,0.006697603313393104,FUSED,ACCEPTED,ACCEPTED,0.019998916889519158,0.019998884386418503,120.307980079,True,0.0
122.20798007900001,0.6699841163809864,0.6699840838778858,0.6499851994914673,3.5200815806180334,-0.013995716041137616,0.6530922190253129,0.01169760331339282,MODEL_ONLY,DUPLICATE_OR_OLD,DUPLICATE_OR_OLD,0.019998916889519158,0.019998884386418503,120.307980079,False,
122.257980079,0.7074136647624473,0.7074136525879086,0.6835503511353423,3.5534199693837016,0.016630318085158455,0.6681512418099574,0.00625434542471323,FUSED,ACCEPTED,ACCEPTED,0.02386331362710492,0.02386330145256621,120.307980079,True,0.0
122.307980079,0.7397091371035803,0.7397091249290416,0.7158458234764754,3.588404873748995,0.016630318085158455,0.6814102044120879,0.011254345424712948,MODEL_ONLY,DUPLICATE_OR_OLD,DUPLICATE_OR_OLD,0.02386331362710492,0.02386330145256621,120.307980079,False,
122.357980079,0.7725867659096798,0.7725867537351411,0.7487234522825749,3.6250191056429695,0.016630318085158455,0.6930842746222715,0.016254345424712664,MODEL_ONLY,DUPLICATE_OR_OLD,DUPLICATE_OR_OLD,0.02386331362710492,0.02386330145256621,120.307980079,False,
122.40798007900001,0.8059771882947215,0.8059771761201828,0.7821138746676166,3.663290038816733,0.016630318085158455,0.703362900436514,0.0212543454247138,MODEL_ONLY,DUPLICATE_OR_OLD,DUPLICATE_OR_OLD,0.02386331362710492,0.02386330145256621,120.307980079,False,
122.45798007900001,0.8171176717502457,0.8170817266680339,0.7833350210481064,3.7024262612096237,-0.053301093339815975,0.7124128844375515,0.007241709957012962,FUSED,ACCEPTED,ACCEPTED,0.03378265070213937,0.03374670561992754,120.307980079,True,-4.9631543287853574e-05
122.507980079,0.8482272528615843,0.8481913077793725,0.8144446021594449,3.74237075178981,-0.053301093339815975,0.7276945947822103,0.012241709957012677,MODEL_ONLY,DUPLICATE_OR_OLD,DUPLICATE_OR_OLD,0.03378265070213937,0.03374670561992754,120.307980079,False,
122.557980079,0.9270614420583088,0.9270482471882846,0.9044071067080544,3.7853420445114954,0.09570081689026863,0.7411496262841901,0.006329158479486029,FUSED,ACCEPTED,ACCEPTED,0.022654335350254406,0.02264114048023025,120.307980079,True,0.0
122.607980079,0.96688475267576,0.9668715578057359,0.9442304173255056,3.8315579826123316,0.09570081689026863,0.7529963285600608,0.011329158479485745,MODEL_ONLY,DUPLICATE_OR_OLD,DUPLICATE_OR_OLD,0.022654335350254406,0.02264114048023025,120.307980079,False,
122.65798007900001,1.0342424175440366,1.034237406039383,1.0028924914532007,3.8802360553318103,0.11673305478815373,0.7634269510965082,0.006201929504206895,FUSED,ACCEPTED,ACCEPTED,0.03134992609083587,0.03134491458618238,120.307980079,True,0.0
122.70798007900001,1.076097675331489,1.0760926638268355,1.0447477492406532,3.9314270613491535,0.11673305478815373,0.7726107630945,0.011201929504206612,MODEL_ONLY,DUPLICATE_OR_OLD,DUPLICATE_OR_OLD,0.03134992609083587,0.03134491458618238,120.307980079,False,
122.757980079,1.1369097344802463,1.136907821833068,1.1074406299677488,3.9852317708293605,0.13700995210734934,0.7806968003870751,0.006183487174715644,FUSED,ACCEPTED,ACCEPTED,0.029469104512497513,0.029467191865319098,120.307980079,True,0.0
122.807980079,1.201339491833861,1.2013385889385242,1.1867552136761383,4.042586666920455,0.18687098446131395,0.7878162840079518,0.005279341914991215,FUSED,ACCEPTED,ACCEPTED,0.014584278157722563,0.014583375262385845,120.307980079,True,0.0
122.857980079,1.247775151666591,1.2477742487712542,1.2331908735088684,4.103085319100076,0.18687098446131395,0.7940847496597827,0.010279341914990931,MODEL_ONLY,DUPLICATE_OR_OLD,DUPLICATE_OR_OLD,0.014584278157722563,0.014583375262385845,120.307980079,False,
122.90798007900001,1.2944867565361882,1.2944858536408514,1.2799024783784656,4.165912652897274,0.18687098446131395,0.799603922639263,0.015279341914992068,MODEL_ONLY,DUPLICATE_OR_OLD,DUPLICATE_OR_OLD,0.014584278157722563,0.014583375262385845,120.307980079,False,
122.95798007900001,1.324115396257208,1.324115098068648,1.2932194211937122,4.230240700386575,0.10549420144392248,0.8044633686455613,0.006697418316397148,FUSED,ACCEPTED,ACCEPTED,0.03089597506349584,0.030895676874935774,120.307980079,True,0.0
123.007980079,1.3672150528112816,1.3672147546227216,1.3363190777477858,4.2959791628601085,0.10549420144392248,0.8087419472615842,0.011697418316396865,MODEL_ONLY,DUPLICATE_OR_OLD,DUPLICATE_OR_OLD,0.03089597506349584,0.030895676874935774,120.307980079,False,
123.057980079,1.4451718277782104,1.4451587672661823,1.403549527838223,4.364475877999755,0.2282905241296776,0.8125090916952834,0.006254319469587679,FUSED,ACCEPTED,ACCEPTED,0.04162229993998734,0.041609239427959244,120.307980079,True,-2.0703803479522886e-05
123.107980079,1.4947654914364759,1.4947524309244478,1.4531431914964885,4.435893195983119,0.2282905241296776,0.8158259355488018,0.011254319469587395,MODEL_ONLY,DUPLICATE_OR_OLD,DUPLICATE_OR_OLD,0.04162229993998734,0.041609239427959244,120.307980079,False,
123.15798007900001,1.5490558554178155,1.5490508808032408,1.517501395654528,4.510159310661911,0.19180074452980822,0.8187463049007735,0.0061911029491419824,FUSED,ACCEPTED,ACCEPTED,0.03155445976328752,0.03154948514871281,120.307980079,True,0.0
123.20798007900001,1.597099610057581,1.5970946354430062,1.5655451502942934,4.587235474310627,0.19180074452980822,0.8213175918013864,0.011191102949141699,MODEL_ONLY,DUPLICATE_OR_OLD,DUPLICATE_OR_OLD,0.03155445976328752,0.03154948514871281,120.307980079,False,
123.257980079,1.6610887409751942,1.6610868416223552,1.6207529548800717,4.6668929269399815,0.2353274371521809,0.8235815233553874,0.006181909551721336,FUSED,ACCEPTED,ACCEPTED,0.04033578609512256,0.04033388674228355,120.307980079,True,0.0
123.307980079,1.7115216917358895,1.7115197923830505,1.671185905640767,4.749191398452997,0.2353274371521809,0.8255748388737681,0.011181909551721053,MODEL_ONLY,DUPLICATE_OR_OLD,DUPLICATE_OR_OLD,0.04033578609512256,0.04033388674228355,120.307980079,False,
123.357980079,1.7621353783368576,1.7621346528921245,1.7283049635787997,4.834178670183482,0.21401759810306972,0.8273298860830337,0.0061805688846928416,FUSED,ACCEPTED,ACCEPTED,0.033830414758057925,0.03382968931332475,120.307980079,True,0.0
123.40798007900001,1.811667852190021,1.8116671267452877,1.777837437431963,4.9218322302087705,0.21401759810306972,0.8288751460673908,0.01118056888469398,MODEL_ONLY,DUPLICATE_OR_OLD,DUPLICATE_OR_OLD,0.033830414758057925,0.03382968931332475,120.307980079,False,
123.45798007900001,1.8708095124598718,1.8708092353670642,1.8275775165925097,5.011967604059377,0.24331957457138526,0.8302356954626705,0.0061803732974471635,FUSED,ACCEPTED,ACCEPTED,0.04323199586736215,0.04323171877455456,120.307980079,True,0.0
123.507980079,1.9219350084006168,1.9219347313078092,1.8787030125332547,5.104624617287516,0.24331957457138526,0.8314336134025225,0.01118037329744688,MODEL_ONLY,DUPLICATE_OR_OLD,DUPLICATE_OR_OLD,0.04323199586736215,0.04323171877455456,120.307980079,False,
123.557980079,1.971785435969067,1.971784370660863,1.922711270720888,5.199659974368863,0.22577843396179534,0.832488339820834,0.006180344761938399,FUSED,ACCEPTED,ACCEPTED,0.04907416524817898,0.04907309993997511,120.307980079,True,-1.5524511035661104e-06
123.607980079,2.019112877866726,2.019112374896536,1.9951419412860265,5.2976063046690305,0.21844442698905278,0.8334169909249501,0.005278641536576695,FUSED,ACCEPTED,ACCEPTED,0.02397093658069971,0.023970433610509323,120.307980079,True,0.0
123.65798007900001,2.069134667557119,2.069134164586928,2.045163730976419,5.398613946475614,0.21844442698905278,0.8342346369592242,0.010278641536577832,MODEL_ONLY,DUPLICATE_OR_OLD,DUPLICATE_OR_OLD,0.02397093658069993,0.0239704336105091,120.307980079,False,
123.70798007900001,2.11919245273341,2.119191949763219,2.09522151615271,5.502123577653837,0.21844442698905278,0.8349545467664709,0.015278641536577549,MODEL_ONLY,DUPLICATE_OR_OLD,DUPLICATE_OR_OLD,0.02397093658069993,0.0239704336105091,120.307980079,False,
123.757980079,2.1584442614987136,2.1584440953848576,2.119994090083719,5.607503967809741,0.19398407663992975,0.8355884031160956,0.006697341924035867,FUSED,ACCEPTED,ACCEPTED,0.03845017141499474,0.038450005301138734,120.307980079,True,0.0
123.807980079,2.2073386264302766,2.2073384603164206,2.168888455015282,5.71472603143721,0.19398407663992975,0.836146492293261,0.011697341924035584,MODEL_ONLY,DUPLICATE_OR_OLD,DUPLICATE_OR_OLD,0.03845017141499474,0.038450005301138734,120.307980079,False,
123.857980079,2.2488382146759793,2.2488381524548577,2.218833492347123,5.824419080121264,0.18424451382921633,0.8366378710257665,0.006254308751615038,FUSED,ACCEPTED,ACCEPTED,0.030004722328856204,0.030004660107734615,120.307980079,True,0.0
123.90798007900001,2.2972918025231985,2.297291740302077,2.2672870801943423,5.936572094434826,0.18424451382921633,0.8370705134575461,0.011254308751616175,MODEL_ONLY,DUPLICATE_OR_OLD,DUPLICATE_OR_OLD,0.030004722328856204,0.030004660107734615,120.307980079,False,
123.95798007900001,2.3474390923682846,2.34743906866889,2.314709207607384,6.051122001629863,0.19771001164657512,0.8374514405538853,0.00619110139421038,FUSED,ACCEPTED,ACCEPTED,0.032729884760900774,0.03272986106150633,120.307980079,True,0.0
124.007980079,2.3966017711346543,2.39660174743526,2.3638718863737536,6.1680865289793845,0.19771001164657512,0.8377868340383582,0.011191101394210097,MODEL_ONLY,DUPLICATE_OR_OLD,DUPLICATE_OR_OLD,0.032729884760900774,0.03272986106150633,120.307980079,False,
124.057980079,2.4523972834375356,2.4523959210693675,2.404992237458714,6.287308132075189,0.214671657821563,0.838082136710465,0.006181909325046276,FUSED,ACCEPTED,ACCEPTED,0.04740504597882156,0.0474036836106535,120.307980079,True,-2.1891610711283205e-06
124.107980079,2.5024358098490582,2.50243444748089,2.4550307638702367,6.408808707108406,0.214671657821563,0.8383421407719349,0.011181909325045992,MODEL_ONLY,DUPLICATE_OR_OLD,DUPLICATE_OR_OLD,0.04740504597882156,0.0474036836106535,120.307980079,False,
124.15798007900001,2.5209946036883593,2.520994083341218,2.474736706738196,6.532052893873645,0.11422602822700423,0.8385710655950613,0.0061805688516255695,FUSED,ACCEPTED,ACCEPTED,0.046257896950163246,0.04625737660302187,120.307980079,True,0.0
124.20798007900001,2.5660323728912187,2.5660318525440773,2.5197744759410554,6.6569156734406185,0.11422602822700423,0.8387726261951042,0.011180568851625286,MODEL_ONLY,DUPLICATE_OR_OLD,DUPLICATE_OR_OLD,0.046257896950163246,0.04625737660302187,120.307980079,False,
124.257980079,2.6220979787929077,2.622097780039724,2.579092687502795,6.784387352526707,0.19005852671906268,0.8389500935179345,0.0061803732926225905,FUSED,ACCEPTED,ACCEPTED,0.04300529129011288,0.04300509253692919,120.307980079,True,0.0
124.307980079,2.670944058986618,2.670943860233434,2.627938767696505,6.914563138906682,0.19005852671906268,0.8391063475212757,0.011180373292622307,MODEL_ONLY,DUPLICATE_OR_OLD,DUPLICATE_OR_OLD,0.04300529129011288,0.04300509253692919,120.307980079,False,
124.357980079,2.7230730422707645,2.7230729663539006,2.68870349158526,7.047479195388719,0.17901132839313166,0.846097095960099,0.006180344761234504,FUSED,ACCEPTED,ACCEPTED,0.034369550685504624,0.03436947476864072,120.307980079,True,0.0
124.40798007900001,2.7720240559030054,2.7720239799861415,2.7376545052175008,7.183138145308819,0.17901132839313166,0.8522522146179842,0.011180344761235642,MODEL_ONLY,DUPLICATE_OR_OLD,DUPLICATE_OR_OLD,0.034369550685504624,0.03436947476864072,120.307980079,False,
124.45798007900001,2.8269868961307756,2.826986867133119,2.784978285170471,7.32120396506851,0.192272573174576,0.8576715893851018,0.0061803405985673765,FUSED,ACCEPTED,ACCEPTED,0.042008610960304615,0.042008581962647895,120.307980079,True,0.0
124.507980079,2.8771105195924243,2.8771104905947675,2.8351019086321196,7.461705969913567,0.192272573174576,0.8624431664251081,0.011180340598567092,MODEL_ONLY,DUPLICATE_OR_OLD,DUPLICATE_OR_OLD,0.042008610960304615,0.042008581962647895,120.307980079,False,
124.557980079,2.9163076923991453,2.9163076813230266,2.8843942084777816,7.604693372841306,0.1517500558595965,0.8666443793744065,0.006180339991242349,FUSED,ACCEPTED,ACCEPTED,0.03191348392136373,0.03191347284524504,120.307980079,True,0.0
124.607980079,2.96480020197094,2.964800190894821,2.932886718049576,7.750125396004482,0.1517500558595965,0.8703434059430584,0.011180339991242065,MODEL_ONLY,DUPLICATE_OR_OLD,DUPLICATE_OR_OLD,0.03191348392136373,0.03191347284524504,120.307980079,False,
124.65798007900001,3.0113679674928866,3.011367963262186,2.975460830228733,7.897834084711474,0.15946353208688327,0.8736002743095812,0.006180339902635031,FUSED,ACCEPTED,ACCEPTED,0.03590713726415373,0.035907133033453054,120.307980079,True,0.0
124.70798007900001,3.0605523724421073,3.0605523682114066,3.0246452351779536,8.047836736346632,0.15946353208688327,0.8764678372643174,0.011180339902634747,MODEL_ONLY,DUPLICATE_OR_OLD,DUPLICATE_OR_OLD,0.03590713726415373,0.035907133033453054,120.307980079,False,
124.757980079,3.10125899075016,3.1012589891341764,3.063469268491045,8.200039598938348,0.13539953019994946,0.8789926299098848,0.006180339889707191,FUSED,ACCEPTED,ACCEPTED,0.037789722259115255,0.037789720643131464,120.307980079,True,0.0
124.807980079,3.149477584983695,3.149477583367711,3.1116878627245796,8.35441852721873,0.13539953019994946,0.8812156248375402,0.011180339889706906,MODEL_ONLY,DUPLICATE_OR_OLD,DUPLICATE_OR_OLD,0.037789722259115255,0.037789720643131464,120.307980079,False,
124.857980079,3.2014461567247006,3.20144615610745,3.162224506327095,8.511266336445013,0.1570384796526383,0.8831728970345492,0.006180339887821045,FUSED,ACCEPTED,ACCEPTED,0.0392216503976055,0.039221649780354806,120.307980079,True,0.0
124.90798007900001,3.250930727654644,3.2509307270373933,3.2117090772570385,8.670614676034653,0.1570384796526383,0.8848962093127404,0.011180339887822181,MODEL_ONLY,DUPLICATE_OR_OLD,DUPLICATE_OR_OLD,0.0392216503976055,0.039221649780354806,120.307980079,False,
124.95798007900001,3.302663911819935,3.302663911584166,3.2622622996373525,8.832463960457003,0.157310340976705,0.8864135277586372,0.006180339887546067,FUSED,ACCEPTED,ACCEPTED,0.040401612182582536,0.040401611946813354,120.307980079,True,0.0
125.007980079,3.3607394420092054,3.3607394418978904,3.3387807414767448,8.997490036484846,0.18408104750095938,0.887749475569951,0.0052786404500146464,FUSED,ACCEPTED,ACCEPTED,0.02195870053246063,0.02195870042114567,120.307980079,True,0.0
125.057980079,3.41177761749808,3.411777617386765,3.3898189169656194,9.165705027945895,0.18408104750095938,0.8889257326433295,0.010278640450014363,MODEL_ONLY,DUPLICATE_OR_OLD,DUPLICATE_OR_OLD,0.02195870053246063,0.02195870042114567,120.307980079,False,
125.107980079,3.462867575724684,3.462867575613369,3.4409088751922234,9.336473222749833,0.18408104750095938,0.889961387397921,0.01527864045001408,MODEL_ONLY,DUPLICATE_OR_OLD,DUPLICATE_OR_OLD,0.02195870053246063,0.02195870042114567,120.307980079,False,
125.15798007900001,3.5091200665319273,3.509120066495164,3.469311766729815,9.509228738797923,0.15684235367799812,0.8908732465441765,0.00669734180551856,FUSED,ACCEPTED,ACCEPTED,0.03980829980211231,0.03980829976534883,120.307980079,True,0.0
125.20798007900001,3.55893382608873,3.5589338260519665,3.5191255262866177,9.683939671123323,0.15684235367799812,0.8916761078248526,0.011697341805518277,MODEL_ONLY,DUPLICATE_OR_OLD,DUPLICATE_OR_OLD,0.03980829980211231,0.03980829976534883,120.307980079,False,
125.257980079,3.604998145363837,3.6049981453500664,3.5742250935714486,9.861273436619765,0.15248423153816534,0.8923830001542831,0.006254308734986818,FUSED,ACCEPTED,ACCEPTED,0.03077305179238854,0.030773051778617777,120.307980079,True,0.0
125.307980079,3.6546604631750514,3.6546604631612807,3.623887411382663,10.041226249243607,0.15248423153816534,0.893005395052922,0.011254308734986535,MODEL_ONLY,DUPLICATE_OR_OLD,DUPLICATE_OR_OLD,0.03077305179238854,0.030773051778617777,120.307980079,False,
125.357980079,3.7012587910317185,3.7012587910264734,3.673828582789116,10.22366914909789,0.14763866880468782,0.8935533928083425,0.0061911013917978,FUSED,ACCEPTED,ACCEPTED,0.02743020824260256,0.027430208237357423,120.307980079,True,0.0
125.40798007900001,3.7507303552728133,3.750730355267568,3.7233001470302107,10.408597367343416,0.14763866880468782,0.8940358863837279,0.011191101391798937,MODEL_ONLY,DUPLICATE_OR_OLD,DUPLICATE_OR_OLD,0.02743020824260256,0.027430208237357423,120.307980079,False,
125.45798007900001,3.808861457188654,3.8088614571866515,3.7681399044079114,10.595883368629359,0.17723842745805599,0.8944607057337806,0.006181909324694782,FUSED,ACCEPTED,ACCEPTED,0.04072155278074252,0.04072155277874012,120.307980079,True,0.0
125.507980079,3.859852952286718,3.8598529522847156,3.8191313995059755,10.785565151227194,0.17723842745805599,0.8948347448700221,0.011181909324694497,MODEL_ONLY,DUPLICATE_OR_OLD,DUPLICATE_OR_OLD,0.04072155278074252,0.04072155277874012,120.307980079,False,
125.557980079,3.911354743208144,3.9113547432073794,3.8658581050865966,10.977689888841997,0.16629107522466907,0.8951640737375112,0.0061805688515740856,FUSED,ACCEPTED,ACCEPTED,0.04549663812154758,0.04549663812078286,120.307980079,True,0.0
125.60798007900001,3.9618298352869785,3.961829835286214,3.916333197165431,11.172244671398342,0.16629107522466907,0.8954540367185283,0.011180568851575222,MODEL_ONLY,DUPLICATE_OR_OLD,DUPLICATE_OR_OLD,0.04549663812154758,0.04549663812078286,120.307980079,False,
125.65798007900001,4.009947204471771,4.009947204471479,3.962909594505302,11.3692257411901,0.159657383275038,0.8957093393617535,0.006180373292615286,FUSED,ACCEPTED,ACCEPTED,0.04703760996646933,0.04703760996617712,120.307980079,True,0.0
125.70798007900001,4.060114616354403,4.060114616354111,4.013077006387934,11.56862540621242,0.159657383275038,0.8959341247443879,0.011180373292615002,MODEL_ONLY,DUPLICATE_OR_OLD,DUPLICATE_OR_OLD,0.047037609966468885,0.04703760996617756,120.307980079,False,
125.757980079,4.120904933608277,4.120904933608166,4.072220135043553,11.770757834748196,0.19402450421584228,0.8961320407064314,0.006180344761233438,FUSED,ACCEPTED,ACCEPTED,0.048684798564724296,0.048684798564613274,120.307980079,True,0.0
125.807980079,4.17280931025314,4.172809310253029,4.124124511688415,11.975666450916483,0.19402450421584228,0.8963062990481994,0.011180344761233155,MODEL_ONLY,DUPLICATE_OR_OLD,DUPLICATE_OR_OLD,0.048684798564724296,0.048684798564613274,120.307980079,False,
125.85798007900001,4.222888192248269,4.222888192248226,4.172539080070032,12.18308304071049,0.17363014719813558,0.8964597276517451,0.0061803405985672195,FUSED,ACCEPTED,ACCEPTED,0.05034911217823712,0.05034911217819449,120.307980079,True,0.0
125.90798007900001,4.273787276908437,4.273787276908394,4.2234381647302,12.392982471830484,0.17363014719813558,0.8965948163720161,0.011180340598566936,MODEL_ONLY,DUPLICATE_OR_OLD,DUPLICATE_OR_OLD,0.05034911217823712,0.05034911217819449,120.307980079,False,
125.95798007900001,4.3108460860166495,4.3108460860166335,4.275564195892854,12.605457530846047,0.13770759329773616,0.8967137574424732,0.006180339991242326,FUSED,ACCEPTED,ACCEPTED,0.035281890123795456,0.03528189012377947,120.307980079,True,0.0
126.007980079,4.366493088218309,4.366493088218302,4.34803985297903,12.821047632067833,0.17839974950739565,0.8968184810508772,0.005278640473129825,FUSED,ACCEPTED,ACCEPTED,0.018453235239279664,0.01845323523927256,120.307980079,True,0.0
126.057980079,4.417646446508468,4.417646446508461,4.399193211269188,13.039728458674025,0.17839974950739565,0.8969106866625725,0.010278640473129541,MODEL_ONLY,DUPLICATE_OR_OLD,DUPLICATE_OR_OLD,0.018453235239279664,0.01845323523927256,120.307980079,False,
126.10798007900001,4.4688038639954915,4.468803863995484,4.450350628756212,13.26096705467471,0.17839974950739565,0.896991870599582,0.015278640473130678,MODEL_ONLY,DUPLICATE_OR_OLD,DUPLICATE_OR_OLD,0.018453235239279664,0.01845323523927256,120.307980079,False,
126.15798007900001,4.516491906584015,4.516491906584013,4.480549679920413,13.484239562391613,0.15832365739258597,0.8970633503230737,0.00669734180803986,FUSED,ACCEPTED,ACCEPTED,0.03594222666360203,0.035942226663599364,120.307980079,True,0.0
126.20798007900001,4.5666522402259675,4.566652240225965,4.5307100135623655,13.70952105472867,0.15832365739258597,0.897126285813254,0.011697341808039576,MODEL_ONLY,DUPLICATE_OR_OLD,DUPLICATE_OR_OLD,0.03594222666360203,0.035942226663599364,120.307980079,False,
126.257980079,4.595387812744642,4.5953876902927835,4.5483343810327925,13.936497164593536,0.10033758264786308,0.8971816983936439,0.006254308735340562,FUSED,ACCEPTED,ACCEPTED,0.04705343171184939,0.04705330925999096,120.307980079,True,-1.9578799580893813e-07
126.307980079,4.642654052723956,4.642653930272098,4.595600621012107,14.165095539644646,0.10033758264786308,0.8972304873052209,0.01125430873534028,MODEL_ONLY,DUPLICATE_OR_OLD,DUPLICATE_OR_OLD,0.04705343171184939,0.04705330925999096,120.307980079,False,
126.35798007900001,4.709590282610838,4.7095902359701665,4.67086788630692,14.396757252327674,0.18531284182845664,0.8972734442993932,0.0061911013918493265,FUSED,ACCEPTED,ACCEPTED,0.038722396303918494,0.038722349663246725,120.307980079,True,0.0
126.40798007900001,4.7611093245082525,4.761109277867581,4.722386928204334,14.631588622690442,0.18531284182845664,0.897311266486621,0.011191101391849043,MODEL_ONLY,DUPLICATE_OR_OLD,DUPLICATE_OR_OLD,0.038722396303918494,0.038722349663246725,120.307980079,False,
126.45798007900001,4.823941951148408,4.823941933340576,4.780171813828091,14.869152591241239,0.19112258839176352,0.8973445676491968,0.006181909324702086,FUSED,ACCEPTED,ACCEPTED,0.043770137320316316,0.04377011951248466,120.307980079,True,0.0
126.507980079,4.875754611459744,4.875754593651912,4.8319844741394276,15.109456498440412,0.19112258839176352,0.8973738882017661,0.011181909324701802,MODEL_ONLY,DUPLICATE_OR_OLD,DUPLICATE_OR_OLD,0.043770137320316316,0.04377011951248466,120.307980079,False,
126.557980079,4.92320766889283,4.923207662091252,4.877324780018512,15.352189229794346,0.16518126498986305,0.8973997039612315,0.006180568851575151,FUSED,ACCEPTED,ACCEPTED,0.045882888874317906,0.04588288207273994,120.307980079,True,0.0
126.60798007900001,4.973725690317415,4.973725683515837,4.927842801443097,15.597318419330943,0.16518126498986305,0.897422433868357,0.011180568851576287,MODEL_ONLY,DUPLICATE_OR_OLD,DUPLICATE_OR_OLD,0.045882888874317906,0.04588288207273994,120.307980079,False,
126.65798007900001,5.013199044639916,5.0131990420419665,4.978509401226218,15.844977224397661,0.14024310783093613,0.8974424467863821,0.006180373292615442,FUSED,ACCEPTED,ACCEPTED,0.034689643413697624,0.03468964081574821,120.307980079,True,0.0
126.70798007900001,5.062472039887472,5.062472037289522,5.027782396473774,16.095134519340146,0.14024310783093613,0.8974600674869713,0.011180373292615158,MODEL_ONLY,DUPLICATE_OR_OLD,DUPLICATE_OR_OLD,0.034689643413697624,0.03468964081574821,120.307980079,False,
126.757980079,5.112029531332434,5.112029530340107,5.075917752026718,16.347727023052645,0.1548303524716269,0.8974755819206418,0.006180344761233462,FUSED,ACCEPTED,ACCEPTED,0.03611177930571596,0.036111778313388854,120.307980079,True,0.0
126.807980079,5.167615377873068,5.167615377404554,5.147691833861023,16.603317262699825,0.17300060469440598,0.8974892418571977,0.005278641536419556,FUSED,ACCEPTED,ACCEPTED,0.01992354401204466,0.01992354354353143,120.307980079,True,0.0
126.85798007900001,5.218528308038036,5.218528307569523,5.198604764025991,16.86197467764706,0.17300060469440598,0.8975012689714754,0.010278641536420694,MODEL_ONLY,DUPLICATE_OR_OLD,DUPLICATE_OR_OLD,0.01992354401204466,0.01992354354353143,120.307980079,False,
126.90798007900001,5.269441767676452,5.2694417672079386,5.249518223664407,17.123177752339302,0.17300060469440598,0.8975118584407059,0.01527864153642041,MODEL_ONLY,DUPLICATE_OR_OLD,DUPLICATE_OR_OLD,0.01992354401204466,0.01992354354353143,120.307980079,False,
126.95798007900001,5.311243565560684,5.31124356540595,5.273651928503435,17.386257006143484,0.13942990392414512,0.8975211821118705,0.006697341924018727,FUSED,ACCEPTED,ACCEPTED,0.03759163705724866,0.03759163690251466,120.307980079,True,0.0
127.007980079,5.360479366803074,5.36047936664834,5.322887729745825,17.6511704975997,0.13942990392414512,0.8975293912904508,0.011697341924018443,MODEL_ONLY,DUPLICATE_OR_OLD,DUPLICATE_OR_OLD,0.03759163705724866,0.03759163690251466,120.307980079,False,
127.057980079,5.402721279017158,5.402721278959199,5.359368377106354,17.91822690027099,0.13005029288693915,0.8975366191958302,0.0062543087516126325,FUSED,ACCEPTED,ACCEPTED,0.04335290191080432,0.04335290185284535,120.307980079,True,0.0
127.10798007900001,5.451488779299339,5.45148877924138,5.408135877388535,18.187414506633424,0.13005029288693915,0.8975429831231903,0.011254308751613769,MODEL_ONLY,DUPLICATE_OR_OLD,DUPLICATE_OR_OLD,0.04335290191080432,0.04335290185284535,120.307980079,False,
127.15798007900001,5.493607251362859,5.493607251340784,5.452015958996073,18.458918302543022,0.11904536859251247,0.8975485863469902,0.006191101394210032,FUSED,ACCEPTED,ACCEPTED,0.04159129236678627,0.041591292344710595,120.307980079,True,0.0
127.20798007900001,5.541825032263991,5.541825032241915,5.5002337398972045,18.732724545015337,0.11904536859251247,0.8975535197969143,0.011191101394209748,MODEL_ONLY,DUPLICATE_OR_OLD,DUPLICATE_OR_OLD,0.04159129236678627,0.041591292344710595,120.307980079,False,
127.257980079,5.5830604996051445,5.583060499596716,5.537640651671453,19.008671404804538,0.1067182431623466,0.8975578635334887,0.006181909325046224,FUSED,ACCEPTED,ACCEPTED,0.04541984793369114,0.045419847925262324,120.307980079,True,0.0
127.307980079,5.6306623326472875,5.630662332638859,5.585242484713596,19.28674348321415,0.1067182431623466,0.8975616880473111,0.01118190932504594,MODEL_ONLY,DUPLICATE_OR_OLD,DUPLICATE_OR_OLD,0.04541984793369114,0.045419847925262324,120.307980079,False,
127.35798007900001,5.679798567648089,5.67979856764487,5.641531800884154,19.567412840354155,0.1199616172280611,0.89756505540298,0.006180568851625561,FUSED,ACCEPTED,ACCEPTED,0.038266766763935145,0.0382667667607155,120.307980079,True,0.0
127.40798007900001,5.728062886003467,5.728062886000247,5.689796119239531,19.85069603835723,0.1199616172280611,0.897568020246285,0.011180568851625277,MODEL_ONLY,DUPLICATE_OR_OLD,DUPLICATE_OR_OLD,0.038266766763935145,0.0382667667607155,120.307980079,False,
127.45798007900001,5.77632733488108,5.776327334877861,5.738060568117145,20.13639245554113,0.1199616172280611,0.8975706306910041,0.016180568851624992,MODEL_ONLY,DUPLICATE_OR_OLD,DUPLICATE_OR_OLD,0.038266766763935145,0.0382667667607155,120.307980079,False,
127.507980079,5.824591898679128,5.824591898675909,5.786325131915193,20.424502098041923,0.1199616172280611,0.897572929099699,0.02118056885162471,MODEL_ONLY,DUPLICATE_OR_OLD,DUPLICATE_OR_OLD,0.038266766763935145,0.0382667667607155,120.307980079,False,
127.557980079,5.8557764018838645,5.8557764018829745,5.824614784345733,20.71477559594843,0.07894514023194349,0.8975749527711793,0.0072360854686918455,FUSED,ACCEPTED,ACCEPTED,0.031161617538131736,0.03116161753724178,120.307980079,True,0.0
127.60798007900001,5.9019903321044245,5.9019903321035345,5.870828714566293,21.007161683421298,0.07894514023194349,0.897576734545791,0.012236085468692983,MODEL_ONLY,DUPLICATE_OR_OLD,DUPLICATE_OR_OLD,0.031161617538131736,0.03116161753724178,120.307980079,False,
127.65798007900001,5.934282411573167,5.93428241157284,5.906738507493044,21.301600863972766,0.05313274728510742,0.8975783033383535,0.0063284004188139354,FUSED,ACCEPTED,ACCEPTED,0.027543904080123305,0.027543904079796455,120.307980079,True,0.0
127.70798007900001,5.979205869649452,5.9792058696491255,5.951661965569329,21.59806087579931,0.05313274728510742,0.8975796846073917,0.011328400418813653,MODEL_ONLY,DUPLICATE_OR_OLD,DUPLICATE_OR_OLD,0.027543904080123305,0.027543904079796455,120.307980079,False,
127.757980079,6.025984392865839,6.025984392865715,5.99127454064153,21.896634288454564,0.07504489465799655,0.8968024166132503,0.00620182014823265,FUSED,ACCEPTED,ACCEPTED,0.034709852224308335,0.03470985222418488,120.307980079,True,0.0
127.807980079,6.071895165099477,6.071895165099353,6.0371853128751685,22.197345784792464,0.07504489465799655,0.895413820381557,0.011201820148232367,MODEL_ONLY,DUPLICATE_OR_OLD,DUPLICATE_OR_OLD,0.034709852224308335,0.03470985222418488,120.307980079,False,
127.85798007900001,6.12523801534485,6.1252399543947265,6.082788459960443,22.500345129113423,0.09389545483708761,0.8933865624655519,0.0061834712461095245,FUSED,ACCEPTED,ACCEPTED,0.04244955538440731,0.04245149443428353,120.307980079,True,3.1358598528638537e-06
127.90798007900001,6.171861344594856,6.171863283644732,6.129411789210448,22.805650135342677,0.09389545483708761,0.8908144005298211,0.011183471246109241,MODEL_ONLY,DUPLICATE_OR_OLD,DUPLICATE_OR_OLD,0.04244955538440731,0.04245149443428353,120.307980079,False,
127.95798007900001,6.210417485099959,6.210418225662529,6.16903823978654,23.113111386067583,0.05950205494375672,0.8939957101634894,0.006180796691925993,FUSED,ACCEPTED,ACCEPTED,0.04137924531341852,0.0413799858759889,120.307980079,True,0.0
128.007980079,6.255585040751445,6.255585781314015,6.214205795438026,23.42269248694809,0.05950205494375672,0.896092328453011,0.011180796691924288,MODEL_ONLY,DUPLICATE_OR_OLD,DUPLICATE_OR_OLD,0.04137924531341852,0.0413799858759889,120.307980079,False,
128.057980079,6.3008052983460425,6.300806038908613,6.259426053032624,23.734533283159926,0.05950205494375672,0.8971463673147365,0.016180796691925424,MODEL_ONLY,DUPLICATE_OR_OLD,DUPLICATE_OR_OLD,0.04137924531341852,0.0413799858759889,120.307980079,False,
128.10798007900001,6.346032886351037,6.3460336269136075,6.304653641037619,24.048635275511753,0.05950205494375672,0.8972929755226695,0.02118079669192656,MODEL_ONLY,DUPLICATE_OR_OLD,DUPLICATE_OR_OLD,0.04137924531341852,0.0413799858759889,120.307980079,False,
128.157980079,6.389852896079954,6.38985310076383,6.355151541617057,24.365130405078013,0.06701595007877831,0.8966517073931104,0.007236102873812095,FUSED,ACCEPTED,ACCEPTED,0.03470135446289646,0.03470155914677253,120.307980079,True,0.0
128.207980079,6.43535352647911,6.435353731162986,6.400652172016214,24.684025497918917,0.06701595007877831,0.8952399282708825,0.012236102873813232,MODEL_ONLY,DUPLICATE_OR_OLD,DUPLICATE_OR_OLD,0.03470135446289646,0.03470155914677253,120.307980079,False,
128.257980079,6.472888041017495,6.4728881161691705,6.432818203916835,25.004862257317132,0.045098978745761534,0.8932450240758065,0.006328402765134453,FUSED,ACCEPTED,ACCEPTED,0.0400698371006607,0.040069912252335804,120.307980079,True,0.0
128.307980079,6.517078999655374,6.517079074807049,6.4770091625547135,25.327607941478995,0.045098978745761534,0.8909634643783562,0.01132840276513559,MODEL_ONLY,DUPLICATE_OR_OLD,DUPLICATE_OR_OLD,0.0400698371006607,0.040069912252335804,120.307980079,False,
128.35798007900001,6.552181922722234,6.552181951266189,6.521904640141338,25.65258078654647,0.030066764381623548,0.8882417108104756,0.0062018204867172215,FUSED,ACCEPTED,ACCEPTED,0.03027728258089546,0.030277311124851103,120.307980079,True,0.0
128.407980079,6.595329642872905,6.59532967141686,6.565052360292009,25.97975471155719,0.030066764381623548,0.8851309089988344,0.011201820486715516,MODEL_ONLY,DUPLICATE_OR_OLD,DUPLICATE_OR_OLD,0.03027728258089546,0.030277311124851103,120.307980079,False,
128.457980079,6.638413021856299,6.638413032750181,6.6090657932110375,26.309107665394844,0.04177027324486841,0.8817145817425692,0.006183471295412612,FUSED,ACCEPTED,ACCEPTED,0.029347228645261403,0.029347239539143644,120.307980079,True,0.0
128.507980079,6.681790610569229,6.6817906214631115,6.652443381923968,26.640645394773106,0.04177027324486841,0.8780247713807776,0.011183471295410908,MODEL_ONLY,DUPLICATE_OR_OLD,DUPLICATE_OR_OLD,0.029347228645261403,0.029347239539143644,120.307980079,False,
128.557980079,6.725899102342955,6.725899106503549,6.693586304466216,26.974296136932935,0.04448993127382658,0.8741128465840627,0.006180796699117495,FUSED,ACCEPTED,ACCEPTED,0.03231279787673902,0.032312802037333554,120.307980079,True,0.0
128.60798007900001,6.769013808605677,6.769013812766271,6.736701010728938,27.31005331981289,0.04448993127382658,0.8700474643471539,0.011180796699118633,MODEL_ONLY,DUPLICATE_OR_OLD,DUPLICATE_OR_OLD,0.03231279787673902,0.032312802037333554,120.307980079,False,
128.657980079,6.821476915397759,6.821476916986937,6.782903099692741,27.648043422573316,0.07253993021395523,0.8658253434435079,0.00618040653425291,FUSED,ACCEPTED,ACCEPTED,0.03857381570501772,0.0385738172941954,120.307980079,True,0.0
128.707980079,6.865563161704758,6.865563163293936,6.82698934599974,27.988290733715704,0.07253993021395523,0.8614282662925705,0.011180406534254048,MODEL_ONLY,DUPLICATE_OR_OLD,DUPLICATE_OR_OLD,0.03857381570501772,0.0385738172941954,120.307980079,False,
128.757980079,6.906542982047925,6.906542982654935,6.872525016825228,28.33077859278621,0.05234615179723649,0.8569168472934813,0.0061803496111044725,FUSED,ACCEPTED,ACCEPTED,0.034017965222696844,0.034017965829707286,120.307980079,True,0.0
128.807980079,6.949162742838779,6.94916274344579,6.915144777616082,28.675470337647322,0.05234615179723649,0.8522923343864011,0.01118034961110561,MODEL_ONLY,DUPLICATE_OR_OLD,DUPLICATE_OR_OLD,0.034017965222696844,0.034017965829707286,120.307980079,False,
128.85798007900001,6.9987073612615704,6.998707361493428,6.96081519895224,29.02236933706161,0.07920417035609278,0.8476178043268123,0.006180341306153681,FUSED,ACCEPTED,ACCEPTED,0.03789216230933068,0.03789216254118788,120.307980079,True,0.0
128.907980079,7.042198620326095,7.0421986205579525,7.004306458016765,29.371497378485714,0.07920417035609278,0.8428642813014486,0.011180341306151975,MODEL_ONLY,DUPLICATE_OR_OLD,DUPLICATE_OR_OLD,0.03789216230933068,0.03789216254118788,120.307980079,False,
128.957980079,7.083940615059484,7.083940615148046,7.048324299632054,29.722813147427015,0.06580077594285799,0.8380793691519275,0.006180340094477791,FUSED,ACCEPTED,ACCEPTED,0.035616315427430045,0.03561631551599209,120.307980079,True,0.0
129.007980079,7.130399690338788,7.1303996903806,7.112881153862345,30.076843283764255,0.0831398201893793,0.833267094631245,0.005278640496141968,FUSED,ACCEPTED,ACCEPTED,0.017518536476442748,0.017518536518255523,120.307980079,True,0.0
129.057980079,7.173352742761574,7.173352742803387,7.155834206285132,30.433561167768023,0.0831398201893793,0.8281644986329079,0.010278640496143104,MODEL_ONLY,DUPLICATE_OR_OLD,DUPLICATE_OR_OLD,0.017518536476442748,0.017518536518255523,120.307980079,False,
129.10798007900001,7.216052799805682,7.216052799847494,7.198534263329239,30.792420379508464,0.0831398201893793,0.8231045910593056,0.015278640496144242,MODEL_ONLY,DUPLICATE_OR_OLD,DUPLICATE_OR_OLD,0.017518536476442748,0.017518536518255523,120.307980079,False,
129.157980079,7.261858017885561,7.261869982500557,7.22561581184915,31.1530241313878,0.08691442792052533,0.8180923199957738,0.006697341810549921,FUSED,ACCEPTED,ACCEPTED,0.03624220603641071,0.036254170651407236,120.307980079,True,1.7864701438823072e-05
129.207980079,7.3042580362604745,7.304270000875471,7.268015830224064,31.515364922439712,0.08691442792052533,0.8133292099443041,0.011697341810551059,MODEL_ONLY,DUPLICATE_OR_OLD,DUPLICATE_OR_OLD,0.03624220603641071,0.036254170651407236,120.307980079,False,
129.257980079,7.34805663816964,7.348061119745028,7.312559086911072,31.879879295367967,0.0896084322861325,0.8085927558070182,0.006254308735692729,FUSED,ACCEPTED,ACCEPTED,0.035497551258568016,0.035502032833955255,120.307980079,True,0.0
129.307980079,7.390117852148758,7.390122333724145,7.35462030089019,32.24655878006308,0.0896084322861325,0.8038591176627701,0.011254308735693866,MODEL_ONLY,DUPLICATE_OR_OLD,DUPLICATE_OR_OLD,0.035497551258568016,0.035502032833955255,120.307980079,False,
129.35798007900001,7.431944390945313,7.4319488725207,7.396446839686745,32.61533545857759,0.0896084322861325,0.7991656140115325,0.016254308735695003,MODEL_ONLY,DUPLICATE_OR_OLD,DUPLICATE_OR_OLD,0.035497551258568016,0.035502032833955255,120.307980079,False,
129.407980079,7.473538464513471,7.473542946088858,7.438040913254903,32.986197652401,0.0896084322861325,0.7945163094440438,0.021254308735693297,MODEL_ONLY,DUPLICATE_OR_OLD,DUPLICATE_OR_OLD,0.035497551258568016,0.035502032833955255,120.307980079,False,
129.457980079,7.471929235752297,7.4719285184666235,7.4262670382464275,33.357805351188624,-0.010200944526225317,0.7947995377805551,0.007241707165649409,FUSED,ACCEPTED,ACCEPTED,0.04566219750586953,0.045661480220196005,120.307980079,True,-2.6974791389744457e-06
129.507980079,7.508567021559451,7.508566304273778,7.462904824053582,33.730034647745995,-0.010200944526225317,0.795199931036303,0.012241707165647705,MODEL_ONLY,DUPLICATE_OR_OLD,DUPLICATE_OR_OLD,0.04566219750586953,0.045661480220196005,120.307980079,False,
129.557980079,7.567090964676035,7.5670907013718045,7.539397170553803,34.10509219761126,0.08958009208789683,0.7950840867599701,0.006329158103347589,FUSED,ACCEPTED,ACCEPTED,0.027693794122232163,0.0276935308180013,120.307980079,True,0.0
129.60798007900001,7.628732654593044,7.628732531145026,7.615050067824738,34.48395337857081,0.13199027211008707,0.7940188856824444,0.005311582411483004,FUSED,ACCEPTED,ACCEPTED,0.013682586768306138,0.013682463320288107,120.307980079,True,0.0
129.657980079,7.672327375258698,7.67232725181068,7.658644788490392,34.86579574997856,0.13199027211008707,0.7921474115700387,0.0103115824114813,MODEL_ONLY,DUPLICATE_OR_OLD,DUPLICATE_OR_OLD,0.013682586768306138,0.013682463320288107,120.307980079,False,
129.707980079,7.715813227055209,7.715813103607191,7.702130640286903,35.24981513569808,0.13199027211008707,0.7899700341866775,0.015311582411482437,MODEL_ONLY,DUPLICATE_OR_OLD,DUPLICATE_OR_OLD,0.013682586768306138,0.013682463320288107,120.307980079,False,
129.757980079,7.766576309654604,7.766576268928252,7.7367347730824525,35.63578677103218,0.12051289941246807,0.787530614665203,0.00670093106184637,FUSED,ACCEPTED,ACCEPTED,0.029841536572151384,0.029841495845799315,120.307980079,True,0.0
129.807980079,7.8092383586094005,7.8092383178830485,7.779396822037249,36.02369006091026,0.12051289941246807,0.7849713500500097,0.011700931061847508,MODEL_ONLY,DUPLICATE_OR_OLD,DUPLICATE_OR_OLD,0.029841536572151384,0.029841495845799315,120.307980079,False,
129.85798007900001,7.848690585371212,7.848690570118429,7.812201131537445,36.41348000974972,0.10652878707618989,0.7822157965117841,0.006254812247244668,FUSED,ACCEPTED,ACCEPTED,0.03648945383376745,0.03648943858098441,120.307980079,True,0.0
129.907980079,7.890375220729342,7.890375205476559,7.853885766895575,36.805132182210414,0.10652878707618989,0.7794071904534293,0.011254812247242962,MODEL_ONLY,DUPLICATE_OR_OLD,DUPLICATE_OR_OLD,0.03648945383376745,0.03648943858098441,120.307980079,False,
129.957980079,7.934757837431943,7.934757831622424,7.89639827591608,37.19888928328079,0.12016567356469197,0.7764529552700689,0.006191174438488063,FUSED,ACCEPTED,ACCEPTED,0.03835956151586295,0.03835955570634386,120.307980079,True,0.0
130.007980079,7.976822266249744,7.976822260440225,7.938462704733881,37.59476080779691,0.12016567356469197,0.7733661731583701,0.011191174438486358,MODEL_ONLY,DUPLICATE_OR_OLD,DUPLICATE_OR_OLD,0.03835956151586295,0.03835955570634386,120.307980079,False,
130.057980079,8.024340270572715,8.024340268354594,7.984024426897138,37.99282298608777,0.13313168347268584,0.7701729268639363,0.006181919973277272,FUSED,ACCEPTED,ACCEPTED,0.04031584367557706,0.04031584145745626,120.307980079,True,0.0
130.10798007900001,8.06672729451291,8.06672729229479,8.026411450837333,38.393083883031224,0.13313168347268584,0.7668520656977709,0.01118191997327841,MODEL_ONLY,DUPLICATE_OR_OLD,DUPLICATE_OR_OLD,0.04031584367557706,0.04031584145745626,120.307980079,False,
130.157980079,8.108925890776279,8.108925889929083,8.074975969777904,38.795618568546466,0.12662653679759714,0.7634595244647624,0.006180570404994449,FUSED,ACCEPTED,ACCEPTED,0.03394992099837424,0.03394992015117815,120.307980079,True,0.0
130.207980079,8.150642135102434,8.150642134255238,8.11669221410406,39.20041027314361,0.12662653679759714,0.759941620092051,0.011180570404995586,MODEL_ONLY,DUPLICATE_OR_OLD,DUPLICATE_OR_OLD,0.03394992099837424,0.03394992015117815,120.307980079,False,
130.257980079,8.193945747044458,8.19394574672086,8.156557457809665,39.607241514941315,0.1330946522303973,0.7563932723142719,0.006180373519252078,FUSED,ACCEPTED,ACCEPTED,0.03738828923479254,0.03738828891119539,120.307980079,True,0.0
130.307980079,8.235630438121106,8.235630437797509,8.198242148886314,40.01611150510881,0.1330946522303973,0.7528424396691406,0.011180373519253215,MODEL_ONLY,DUPLICATE_OR_OLD,DUPLICATE_OR_OLD,0.03738828923479254,0.03738828891119539,120.307980079,False,
130.35798007900001,8.281384768601564,8.28138476847796,8.249875889915172,40.42731445607894,0.1438110868394756,0.749274385227861,0.006180344794299631,FUSED,ACCEPTED,ACCEPTED,0.03150887868639174,0.0315088785627875,120.307980079,True,0.0
130.407980079,8.323242756512032,8.323242756388428,8.29173387782564,40.84085470027232,0.1438110868394756,0.7455919417369228,0.011180344794297926,MODEL_ONLY,DUPLICATE_OR_OLD,DUPLICATE_OR_OLD,0.03150887868639174,0.0315088785627875,120.307980079,False,
130.457980079,8.364156432257955,8.364156432210743,8.329712821455198,41.25639086775443,0.1368838949908593,0.7419161329488607,0.006180340603391303,FUSED,ACCEPTED,ACCEPTED,0.03444361080275726,0.03444361075554525,120.307980079,True,0.0
130.507980079,8.405302969137587,8.405302969090375,8.37085935833483,41.67390517224904,0.1368838949908593,0.7382901129687843,0.011180340603389599,MODEL_ONLY,DUPLICATE_OR_OLD,DUPLICATE_OR_OLD,0.03444361080275726,0.03444361075554525,120.307980079,False,
130.557980079,8.44528109084752,8.445281090829486,8.407021646184948,42.09335219736213,0.1362790461880896,0.7346794264602224,0.00618033999194615,FUSED,ACCEPTED,ACCEPTED,0.038259444662571696,0.03825944464453812,120.307980079,True,0.0
130.60798007900001,8.48603969291254,8.486039692894506,8.447780248249968,42.514722244723096,0.1362790461880896,0.7311362654788603,0.011180339991947287,MODEL_ONLY,DUPLICATE_OR_OLD,DUPLICATE_OR_OLD,0.038259444662571696,0.03825944464453812,120.307980079,False,
130.657980079,8.525312518697033,8.525315859807028,8.48484844249085,42.93803796199147,0.13455109067913504,0.7276100202865631,0.006180339902737508,FUSED,ACCEPTED,ACCEPTED,0.04046407620618275,0.040467417316177645,120.307980079,True,5.406040663166745e-06
130.707980079,8.565634853543777,8.565638194653772,8.525170777337594,43.363288442487274,0.13455109067913504,0.72413887662229,0.011180339902738645,MODEL_ONLY,DUPLICATE_OR_OLD,DUPLICATE_OR_OLD,0.04046407620618275,0.040467417316177645,120.307980079,False,
130.757980079,8.595816372855715,8.595817649046172,8.559618782416749,43.790408181480984,0.1068237143215065,0.7247574395368624,0.006180339889722142,FUSED,ACCEPTED,ACCEPTED,0.03619759043896664,0.036198866629423065,120.307980079,True,0.0
130.807980079,8.63479295601363,8.634794232204086,8.598595365574663,44.21936353518087,0.1068237143215065,0.7249512192033674,0.011180339889723279,MODEL_ONLY,DUPLICATE_OR_OLD,DUPLICATE_OR_OLD,0.03619759043896664,0.036198866629423065,120.307980079,False,
130.85798007900001,8.671453060196692,8.67145354765807,8.647257262535474,44.65050985088372,0.11344101524611866,0.7247282588582852,0.00618033988782364,FUSED,ACCEPTED,ACCEPTED,0.02419579766121771,0.02419628512259564,120.307980079,True,0.0
130.907980079,8.710715225083247,8.710715712544625,8.686519427422029,45.08385426813251,0.11344101524611866,0.7240455528519922,0.011180339887821935,MODEL_ONLY,DUPLICATE_OR_OLD,DUPLICATE_OR_OLD,0.02419579766121771,0.02419628512259564,120.307980079,False,
130.957980079,8.763850033135785,8.763850219329465,8.737351902525269,45.519451051381296,0.1573486310053897,0.7230559829614724,0.006180339887546239,FUSED,ACCEPTED,ACCEPTED,0.026498130610516313,0.026498316804195454,120.307980079,True,0.0
131.007980079,8.80518964797672,8.805189834170399,8.778691517366203,45.957352136878434,0.1573486310053897,0.7216869361803104,0.011180339887544534,MODEL_ONLY,DUPLICATE_OR_OLD,DUPLICATE_OR_OLD,0.026498130610516313,0.026498316804195454,120.307980079,False,
131.057980079,8.848479524177339,8.848479595296997,8.814107793206874,46.39717211964286,0.14506987666546922,0.7200809794256319,0.006180339887505766,FUSED,ACCEPTED,ACCEPTED,0.03437173097046475,0.03437180209012247,120.307980079,True,0.0
131.10798007900001,8.889037195169351,8.889037266289009,8.854665464198886,46.838891451078105,0.14506987666546922,0.7183268135413327,0.011180339887506902,MODEL_ONLY,DUPLICATE_OR_OLD,DUPLICATE_OR_OLD,0.03437173097046475,0.03437180209012247,120.307980079,False,
131.157980079,8.920999349048364,8.920999376213654,8.888120631633724,47.28246110347377,0.11961731701048277,0.7163961136122985,0.006180339887499861,FUSED,ACCEPTED,ACCEPTED,0.03287871741463988,0.03287874457993034,120.307980079,True,0.0
131.207980079,8.96008706482218,8.96008709198747,8.92720834740754,47.7278443279499,0.11961731701048277,0.7143802688324001,0.011180339887500997,MODEL_ONLY,DUPLICATE_OR_OLD,DUPLICATE_OR_OLD,0.03287871741463988,0.03287874457993034,120.307980079,False,
131.257980079,8.995349777371638,8.995349787747855,8.964679126257472,48.17514151479138,0.12054589007148604,0.7122392662874287,0.006180339887499,FUSED,ACCEPTED,ACCEPTED,0.030670651114165892,0.03067066149038311,120.307980079,True,0.0
131.307980079,9.034265218810416,9.034265229186634,9.00359456769625,48.62434835714032,0.12054589007148604,0.7100062090706305,0.011180339887500137,MODEL_ONLY,DUPLICATE_OR_OLD,DUPLICATE_OR_OLD,0.030670651114165892,0.03067066149038311,120.307980079,False,
131.35798007900001,9.071975061489793,9.071975065453156,9.048967991417344,49.07566242111826,0.12195473644292461,0.7076817508381014,0.006180339887499289,FUSED,ACCEPTED,ACCEPTED,0.023007070072448954,0.023007074035811925,120.307980079,True,0.0
131.407980079,9.110721697030522,9.110721700993885,9.087714626958073,49.52907948657749,0.12195473644292461,0.7052212447386783,0.011180339887497583,MODEL_ONLY,DUPLICATE_OR_OLD,DUPLICATE_OR_OLD,0.023007070072448954,0.023007074035811925,120.307980079,False,
131.457980079,9.150756591144704,9.150756592658574,9.13168120678004,49.98456438242104,0.12769199279180826,0.7027046746861897,0.006180339887498916,FUSED,ACCEPTED,ACCEPTED,0.019075384364663606,0.019075385878533524,120.307980079,True,0.0
131.507980079,9.189533785541373,9.189533787055243,9.17045840117671,50.442117872619804,0.12769199279180826,0.7000951655085746,0.011180339887497212,MODEL_ONLY,DUPLICATE_OR_OLD,DUPLICATE_OR_OLD,0.019075384364663606,0.019075385878533524,120.307980079,False,
131.557980079,9.230665991611339,9.230665992189586,9.204475758546357,50.90149122661298,0.1337274588189661,0.6974534348814675,0.006180339887498861,FUSED,ACCEPTED,ACCEPTED,0.026190233064982138,0.026190233643228922,120.307980079,True,0.0
131.60798007900001,9.273224579019976,9.273224579292988,9.258574268415023,51.363067477287125,0.14370351267701523,0.6948279652923355,0.005278640450004441,FUSED,ACCEPTED,ACCEPTED,0.01465031060495292,0.014650310877964756,120.307980079,True,0.0
131.657980079,9.312399817962106,9.312399818235118,9.297749507357153,51.826975571681274,0.14370351267701523,0.6920445365325946,0.010278640450002735,MODEL_ONLY,DUPLICATE_OR_OLD,DUPLICATE_OR_OLD,0.01465031060495292,0.014650310877964756,120.307980079,False,
131.707980079,9.351435610212532,9.351435610485543,9.336785299607579,52.2928389418555,0.14370351267701523,0.6892556026980421,0.015278640450003872,MODEL_ONLY,DUPLICATE_OR_OLD,DUPLICATE_OR_OLD,0.01465031060495292,0.014650310877964756,120.307980079,False,
131.757980079,9.381841563730175,9.381841563820341,9.358554848327666,52.76022244555372,0.11712819119904548,0.6827498779958816,0.0066973418055171355,FUSED,ACCEPTED,ACCEPTED,0.023286715402509373,0.02328671549267547,120.307980079,True,0.0
131.807980079,9.418928074210045,9.418928074300212,9.395641358807536,53.22907735073221,0.11712819119904548,0.6768452887649167,0.011697341805518274,MODEL_ONLY,DUPLICATE_OR_OLD,DUPLICATE_OR_OLD,0.023286715402509373,0.02328671549267547,120.307980079,False,
131.85798007900001,9.453829321200883,9.453829321234657,9.422265203462107,53.69952501478906,0.1220284301523005,0.6713476657493462,0.0062543087349870175,FUSED,ACCEPTED,ACCEPTED,0.03156411773877643,0.031564117772550304,120.307980079,True,0.0
131.907980079,9.499080876651224,9.499080876667113,9.483627272243204,54.17217232668153,0.15309354327782665,0.6662941180841373,0.005295071637150137,FUSED,ACCEPTED,ACCEPTED,0.015453604408019572,0.015453604423909084,120.307980079,True,0.0
131.957980079,9.537191295467313,9.537191295483202,9.521737691059293,54.647306450764205,0.15309354327782665,0.6613581034105218,0.010295071637151274,MODEL_ONLY,DUPLICATE_OR_OLD,DUPLICATE_OR_OLD,0.015453604408019572,0.015453604423909084,120.307980079,False,
132.007980079,9.575069463626617,9.575069463642507,9.559615859218598,55.12434028952099,0.15309354327782665,0.6567130902752623,0.01529507163714957,MODEL_ONLY,DUPLICATE_OR_OLD,DUPLICATE_OR_OLD,0.015453604408019572,0.015453604423909084,120.307980079,False,
132.057980079,9.6127284012146,9.61272840123049,9.59727479680658,55.603262555921724,0.15309354327782665,0.6523284788483854,0.020295071637150705,MODEL_ONLY,DUPLICATE_OR_OLD,DUPLICATE_OR_OLD,0.015453604408019572,0.015453604423909084,120.307980079,False,
132.10798007900001,9.650179772655397,9.650179772671287,9.634726168247377,56.08406258004818,0.15309354327782665,0.6481771559046886,0.02529507163715184,MODEL_ONLY,DUPLICATE_OR_OLD,DUPLICATE_OR_OLD,0.015453604408019572,0.015453604423909084,120.307980079,False,
132.157980079,9.674484045106187,9.67448404511013,9.656436525830951,56.56634164739998,0.11825593816933626,0.64046387200075,0.007518306930919941,FUSED,ACCEPTED,ACCEPTED,0.018047519275235402,0.018047519279178914,120.307980079,True,0.0
132.207980079,9.709460465119239,9.709460465123183,9.691412945844004,57.050037884191966,0.11825593816933626,0.6335157324583037,0.012518306930921078,MODEL_ONLY,DUPLICATE_OR_OLD,DUPLICATE_OR_OLD,0.018047519275235402,0.018047519279178914,120.307980079,False,
132.257980079,9.754724310546045,9.754724310547479,9.7306876305463,57.535590398601556,0.15945376183426124,0.6271469103491126,0.006366055504394397,FUSED,ACCEPTED,ACCEPTED,0.024036679999746013,0.024036680001179533,120.307980079,True,0.0
132.307980079,9.791147807012326,9.79114780701376,9.76711112701258,58.023035367540636,0.15945376183426124,0.6212594378579265,0.011366055504395534,MODEL_ONLY,DUPLICATE_OR_OLD,DUPLICATE_OR_OLD,0.024036679999746013,0.024036680001179533,120.307980079,False,
132.35798007900001,9.823830599969131,9.823830599969675,9.798727578096532,58.51218133516848,0.1367861293111631,0.6158181120874925,0.006207244576902127,FUSED,ACCEPTED,ACCEPTED,0.025103021872599385,0.02510302187314295,120.307980079,True,0.0
132.407980079,9.85859800061066,9.858598000611204,9.833494978738061,59.00298689908917,0.1367861293111631,0.610805153886416,0.011207244576900421,MODEL_ONLY,DUPLICATE_OR_OLD,DUPLICATE_OR_OLD,0.025103021872599385,0.02510302187314295,120.307980079,False,
132.457980079,9.897792778713217,9.897792778713425,9.87043220427328,59.49558507866457,0.1569143204715559,0.6061488770607915,0.0061842611989763475,FUSED,ACCEPTED,ACCEPTED,0.027360574439937224,0.027360574440145058,120.307980079,True,0.0
132.507980079,9.932922291348683,9.932922291348891,9.905561716908746,59.98998492669395,0.1569143204715559,0.5979192026047443,0.011184261198974643,MODEL_ONLY,DUPLICATE_OR_OLD,DUPLICATE_OR_OLD,0.027360574439937224,0.027360574440145058,120.307980079,False,
132.557980079,9.963575637194891,9.963575637194971,9.931808349852071,60.48591917836308,0.1398829843524096,0.5904454791260855,0.006180911913454653,FUSED,ACCEPTED,ACCEPTED,0.03176728734282008,0.03176728734290002,120.307980079,True,0.0
132.60798007900001,10.00019249438057,10.000192494380608,9.983218735745137,60.98379485550313,0.15719001060795856,0.5836959913622909,0.005278767958216564,FUSED,ACCEPTED,ACCEPTED,0.01697375863543371,0.016973758635471015,120.307980079,True,0.0
132.657980079,10.034311061272183,10.03431106127222,10.017337302636749,61.4838087564625,0.15719001060795856,0.5774245975912472,0.01027876795821486,MODEL_ONLY,DUPLICATE_OR_OLD,DUPLICATE_OR_OLD,0.01697375863543371,0.016973758635471015,120.307980079,False,
132.707980079,10.068142726725103,10.06814272672514,10.05116896808967,61.98552141323078,0.15719001060795856,0.5716865688170418,0.015278767958215997,MODEL_ONLY,DUPLICATE_OR_OLD,DUPLICATE_OR_OLD,0.01697375863543371,0.016973758635471015,120.307980079,False,
132.757980079,10.08721432168257,10.08721432168258,10.066638148031851,62.488466591133644,0.11666946376211502,0.5623928504287252,0.006697355713482025,FUSED,ACCEPTED,ACCEPTED,0.020576173650718843,0.0205761736507295,120.307980079,True,0.0
132.807980079,10.118141597133057,10.118141597133068,10.097565423482338,62.99257168042161,0.11666946376211502,0.5541193156142356,0.011697355713483161,MODEL_ONLY,DUPLICATE_OR_OLD,DUPLICATE_OR_OLD,0.020576173650718843,0.0205761736507295,120.307980079,False,
132.85798007900001,10.148695616198967,10.148695616198978,10.128119442548249,63.49821380207249,0.11666946376211502,0.5466541879226856,0.016697355713484296,MODEL_ONLY,DUPLICATE_OR_OLD,DUPLICATE_OR_OLD,0.020576173650718843,0.0205761736507295,120.307980079,False,
132.907980079,10.178912130741322,10.178912130741333,10.158335957090603,64.0053751870633,0.11666946376211502,0.5399040974519169,0.02169735571348259,MODEL_ONLY,DUPLICATE_OR_OLD,DUPLICATE_OR_OLD,0.020576173650718843,0.0205761736507295,120.307980079,False,
132.957980079,10.20519808272069,10.205198082720692,10.182488481993563,64.51389579804051,0.12897243998180014,0.5295327657479122,0.007275008020175773,FUSED,ACCEPTED,ACCEPTED,0.022709600727127466,0.022709600727129242,120.307980079,True,0.0
133.007980079,10.235048175143355,10.235048175143357,10.212338574416227,65.02376647445058,0.12897243998180014,0.5202726788384477,0.012275008020174068,MODEL_ONLY,DUPLICATE_OR_OLD,DUPLICATE_OR_OLD,0.022709600727127466,0.022709600727129242,120.307980079,False,
133.057980079,10.257712521347324,10.257712521347324,10.235403867156062,65.53496003549,0.11307599375897753,0.511961537213241,0.0063336399415160425,FUSED,ACCEPTED,ACCEPTED,0.022308654191261823,0.022308654191261823,120.307980079,True,0.0
133.10798007900001,10.28598027959556,10.28598027959556,10.263671625404298,66.04743692280412,0.11307599375897753,0.5045224415723335,0.01133363994151718,MODEL_ONLY,DUPLICATE_OR_OLD,DUPLICATE_OR_OLD,0.022308654191261823,0.022308654191261823,120.307980079,False,
133.157980079,10.315831422049575,10.315831422049575,10.29239374143067,66.56133855697482,0.1299163609376061,0.4932852417231002,0.006202575860302999,FUSED,ACCEPTED,ACCEPTED,0.02343768061890472,0.02343768061890472,120.307980079,True,0.0
133.207980079,10.343877793049899,10.343877793049899,10.320440112430994,67.07665940332147,0.1299163609376061,0.48325432943547686,0.011202575860304136,MODEL_ONLY,DUPLICATE_OR_OLD,DUPLICATE_OR_OLD,0.02343768061890472,0.02343768061890472,120.307980079,False,
133.257980079,10.366820120942418,10.366820120942418,10.343679879269283,67.5932624031138,0.11489833467713921,0.47428946993943066,0.006183581319136547,FUSED,ACCEPTED,ACCEPTED,0.023140241673134554,0.023140241673134554,120.307980079,True,0.0
133.307980079,10.393267202677208,10.393267202677208,10.370126961004074,68.11110757412075,0.11489833467713921,0.4662865703853015,0.011183581319137683,MODEL_ONLY,DUPLICATE_OR_OLD,DUPLICATE_OR_OLD,0.023140241673134554,0.023140241673134554,120.307980079,False,
133.35798007900001,10.419249895343636,10.419249895343636,10.399052654402576,68.63033706450604,0.12420436603689658,0.4542033401040269,0.006180812747456161,FUSED,ACCEPTED,ACCEPTED,0.020197240941060457,0.020197240941060457,120.307980079,True,0.0
133.407980079,10.445020101965271,10.445020101965271,10.42482286102421,69.15093395239153,0.12420436603689658,0.4434430367627295,0.011180812747454456,MODEL_ONLY,DUPLICATE_OR_OLD,DUPLICATE_OR_OLD,0.020197240941060457,0.020197240941060457,120.307980079,False,
133.457980079,10.470311223744618,10.470311223744618,10.450113982803558,69.67280737348734,0.12420436603689658,0.43386133991665116,0.016180812747455593,MODEL_ONLY,DUPLICATE_OR_OLD,DUPLICATE_OR_OLD,0.020197240941060457,0.020197240941060457,120.307980079,False,
133.507980079,10.495175272679473,10.495175272679473,10.474978031738413,70.19593467385072,0.12420436603689658,0.4253198830271367,0.021180812747453887,MODEL_ONLY,DUPLICATE_OR_OLD,DUPLICATE_OR_OLD,0.020197240941060457,0.020197240941060457,120.307980079,False,
133.557980079,10.510162895362871,10.510162895362871,10.495607294374361,70.72019930700365,0.11051536530928034,0.41226685112673495,0.007236104100313943,FUSED,ACCEPTED,ACCEPTED,0.014555600988510164,0.014555600988510164,120.307980079,True,0.0
133.60798007900001,10.533111491363323,10.533111491363323,10.518555890374813,71.2455533866225,0.11051536530928034,0.4006998250663887,0.01223610410031508,MODEL_ONLY,DUPLICATE_OR_OLD,DUPLICATE_OR_OLD,0.014555600988510164,0.014555600988510164,120.307980079,False,
133.657980079,10.555531428540842,10.555531428540842,10.5400779514789,71.77201923266867,0.11952405452901185,0.39043316919265364,0.006328402930474576,FUSED,ACCEPTED,ACCEPTED,0.015453477061942777,0.015453477061942777,120.307980079,True,0.0
133.707980079,10.577961312033676,10.577961312033676,10.562507834971733,72.29958387733005,0.11952405452901185,0.38131688569427774,0.011328402930475713,MODEL_ONLY,DUPLICATE_OR_OLD,DUPLICATE_OR_OLD,0.015453477061942777,0.015453477061942777,120.307980079,False,
133.757980079,10.596046120196265,10.596046120196265,10.579361482379621,72.82813061026366,0.10925012238486541,0.37321055843610645,0.006201820510569054,FUSED,ACCEPTED,ACCEPTED,0.016684637816643644,0.016684637816643644,120.307980079,True,0.0
133.807980079,10.616886824629171,10.616886824629171,10.600202186812528,73.35761970199358,0.10925012238486541,0.3598072366399138,0.011201820510570192,MODEL_ONLY,DUPLICATE_OR_OLD,DUPLICATE_OR_OLD,0.016684637816643644,0.016684637816643644,120.307980079,False,
133.85798007900001,10.631653284376034,10.631653284376034,10.612860395087129,73.88794626654119,0.10110269000302283,0.3479447061986238,0.006183471298887258,FUSED,ACCEPTED,ACCEPTED,0.0187928892889051,0.0187928892889051,120.307980079,True,0.0
133.907980079,10.650969405271631,10.650969405271631,10.632176515982726,74.41907218931776,0.10110269000302283,0.33746299827578496,0.011183471298885552,MODEL_ONLY,DUPLICATE_OR_OLD,DUPLICATE_OR_OLD,0.0187928892889051,0.0187928892889051,120.307980079,False,
133.957980079,10.661934286904785,10.661934286904785,10.645546220336389,74.95101525772586,0.08758903454852919,0.3281776889819039,0.006180796699624319,FUSED,ACCEPTED,ACCEPTED,0.016388066568396198,0.016388066568396198,120.307980079,True,0.0
134.007980079,10.679699739490568,10.679699739490568,10.663311672922172,75.48373670505714,0.08758903454852919,0.3199632875340026,0.011180796699622613,MODEL_ONLY,DUPLICATE_OR_OLD,DUPLICATE_OR_OLD,0.016388066568396198,0.016388066568396198,120.307980079,False,
134.057980079,10.696722115678883,10.696722115678883,10.680334049110487,76.01732784810808,0.08758903454852919,0.3051017595844333,0.016180796699623752,MODEL_ONLY,DUPLICATE_OR_OLD,DUPLICATE_OR_OLD,0.016388066568396198,0.016388066568396198,120.307980079,False,
134.10798007900001,10.71308837456902,10.71308837456902,10.696700308000624,76.55175370703599,0.08758903454852919,0.29197941362088803,0.021180796699624888,MODEL_ONLY,DUPLICATE_OR_OLD,DUPLICATE_OR_OLD,0.016388066568396198,0.016388066568396198,120.307980079,False,
134.157980079,10.710910638220186,10.710910638220186,10.698721605443362,77.0866392548719,0.06507270317420202,0.2803899072849731,0.00723610287440018,FUSED,ACCEPTED,ACCEPTED,0.012189032776824149,0.012189032776824149,120.307980079,True,0.0
134.207980079,10.719686525940466,10.719686525940466,10.713400511962451,77.62194230780716,0.0670930402607596,0.24687387408013148,0.00550280907743406,FUSED,ACCEPTED,ACCEPTED,0.006286013978014537,0.006286013978014537,120.307980079,True,0.0
134.257980079,10.73129722119294,10.73129722119294,10.725011207214925,78.15790260078641,0.0670930402607596,0.2173641351555286,0.010502809077432354,MODEL_ONLY,DUPLICATE_OR_OLD,DUPLICATE_OR_OLD,0.006286013978014537,0.006286013978014537,120.307980079,False,
134.307980079,10.741608799861309,10.741608799861309,10.735322785883294,78.69441095061399,0.0670930402607596,0.1913818034733468,0.015502809077433491,MODEL_ONLY,DUPLICATE_OR_OLD,DUPLICATE_OR_OLD,0.006286013978014537,0.006286013978014537,120.307980079,False,
134.35798007900001,10.749338845254362,10.749338845254362,10.742885900576933,79.23136616777562,0.07654839421721472,0.1685052351184953,0.006721613417762957,FUSED,ACCEPTED,ACCEPTED,0.006452944677429073,0.006452944677429073,120.307980079,True,0.0
134.407980079,10.757972260787799,10.757972260787799,10.75151931611037,79.76872629819262,0.07654839421721472,0.148363186818311,0.011721613417761251,MODEL_ONLY,DUPLICATE_OR_OLD,DUPLICATE_OR_OLD,0.006452944677429073,0.006452944677429073,120.307980079,False,
134.457980079,10.757891715160957,10.757891715160957,10.751444983205518,80.30630040567564,0.05848575911479678,0.13062879136903113,0.006257710998336351,FUSED,ACCEPTED,ACCEPTED,0.006446731955438878,0.006446731955438878,120.307980079,True,0.0
134.507980079,10.763954552258443,10.763954552258443,10.757507820303005,80.84402422576318,0.05848575911479678,0.11501425320171858,0.011257710998334645,MODEL_ONLY,DUPLICATE_OR_OLD,DUPLICATE_OR_OLD,0.006446731955438878,0.006446731955438878,120.307980079,False,
134.557980079,10.753164577958373,10.753164577958373,10.747541385806601,81.38165045591604,0.024266605280443346,0.1012661780064833,0.006191594918295125,FUSED,ACCEPTED,ACCEPTED,0.005623192151771761,0.005623192151771761,120.307980079,True,0.0
134.60798007900001,10.756223817735258,10.756223817735258,10.750600625583486,81.91910400620093,0.024266605280443346,0.0891614606239736,0.011191594918296261,MODEL_ONLY,DUPLICATE_OR_OLD,DUPLICATE_OR_OLD,0.005623192151771761,0.005623192151771761,120.307980079,False,
134.657980079,10.750295876809348,10.750295876809348,10.746723843659472,82.45653711793182,0.023384297198222315,0.07850366447217953,0.0061819812687256,FUSED,ACCEPTED,ACCEPTED,0.003572033149875864,0.003572033149875864,120.307980079,True,0.0
134.707980079,10.752308919838605,10.752308919838605,10.748736886688729,82.99392363619064,0.023384297198222315,0.0691198337536324,0.011181981268726738,MODEL_ONLY,DUPLICATE_OR_OLD,DUPLICATE_OR_OLD,0.003572033149875864,0.003572033149875864,120.307980079,False,
134.757980079,10.74616019144716,10.74616019144716,10.74401217325269,83.531242362689,0.01246772368873122,0.060857686711213534,0.0061805793467795255,FUSED,ACCEPTED,ACCEPTED,0.0021480181944699694,0.0021480181944699694,120.307980079,True,0.0
134.807980079,10.746850571332475,10.746850571332475,10.744702553138005,84.06846023084888,0.01246772368873122,0.05358314438430363,0.011180579346780663,MODEL_ONLY,DUPLICATE_OR_OLD,DUPLICATE_OR_OLD,0.0021480181944699694,0.0021480181944699694,120.307980079,False,
134.85798007900001,10.743836349812083,10.743836349812083,10.742825538095687,84.60564843312984,0.01357087894542391,0.04717815476183875,0.006180374823817935,FUSED,ACCEPTED,ACCEPTED,0.001010811716396276,0.001010811716396276,120.307980079,True,0.0
134.907980079,10.74397966909213,10.74397966909213,10.742968857375734,85.14279329301644,0.01357087894542391,0.041538777022279,0.01118037482381623,MODEL_ONLY,DUPLICATE_OR_OLD,DUPLICATE_OR_OLD,0.001010811716396276,0.001010811716396276,120.307980079,False,
134.957980079,10.7357254325202,10.7357254325202,10.73539332440279,85.67975234756102,-0.005373129433774389,0.03657349477140168,0.0061803449846323105,FUSED,ACCEPTED,ACCEPTED,0.00033210811741035684,0.00033210811741035684,120.307980079,True,0.0
135.007980079,10.734454699075425,10.734454699075425,10.734122590958014,86.21649024544486,-0.005373129433774389,0.03220173090499078,0.011180344984630605,MODEL_ONLY,DUPLICATE_OR_OLD,DUPLICATE_OR_OLD,0.00033210811741035684,0.00033210811741035684,120.307980079,False,
135.057980079,10.726195000027356,10.726195000027356,10.72696598900557,86.75301745994408,-0.013844905267524904,0.028352539995390284,0.006180340631160457,FUSED,ACCEPTED,ACCEPTED,-0.0007709889782141488,-0.0007709889782141488,120.307980079,True,0.0
135.10798007900001,10.72413876409474,10.72413876409474,10.724909753072954,87.28931435349617,-0.013844905267524904,0.024963456981923243,0.011180340631161594,MODEL_ONLY,DUPLICATE_OR_OLD,DUPLICATE_OR_OLD,-0.0007709889782141488,-0.0007709889782141488,120.307980079,False,
135.157980079,10.710671672217641,10.710671672217641,10.71204439722541,87.82523820725345,-0.03742415278907105,0.021979483481539806,0.006180339995997616,FUSED,ACCEPTED,ACCEPTED,-0.0013727250077693043,-0.0013727250077693043,120.307980079,True,0.0
135.207980079,10.707155910823323,10.707155910823323,10.708528635831092,88.36075253307999,-0.03742415278907105,0.019352195269472138,0.011180339995998753,MODEL_ONLY,DUPLICATE_OR_OLD,DUPLICATE_OR_OLD,-0.0013727250077693043,-0.0013727250077693043,120.307980079,False,
135.257980079,10.699127363153726,10.699127363153726,10.700712797572235,88.89598356891489,-0.03548002905643123,0.017038956446012454,0.006180339903328608,FUSED,ACCEPTED,ACCEPTED,-0.0015854344185086688,-0.0015854344185086688,120.307980079,True,0.0
135.307980079,10.695491309559406,10.695491309559406,10.697076743977915,89.43092830745375,-0.03548002905643123,0.015002227536793939,0.011180339903329745,MODEL_ONLY,DUPLICATE_OR_OLD,DUPLICATE_OR_OLD,-0.0015854344185086688,-0.0015854344185086688,120.307980079,False,
135.35798007900001,10.697585824796866,10.697585824796866,10.699185710799773,89.96583486882332,-0.013283819153432713,0.013208956298401109,0.006180339889808798,FUSED,ACCEPTED,ACCEPTED,-0.0015998860029071693,-0.0015998860029071693,120.307980079,True,0.0
135.407980079,10.694890972388018,10.694890972388018,10.696490858390925,90.50072678305291,-0.013283819153432713,0.01163004134320506,0.011180339889807094,MODEL_ONLY,DUPLICATE_OR_OLD,DUPLICATE_OR_OLD,-0.0015998860029071693,-0.0015998860029071693,120.307980079,False,
135.457980079,10.687041900931597,10.687041900931597,10.688442898163602,91.03535012696689,-0.03889870151396785,0.0223811749829836,0.006180339887835869,FUSED,ACCEPTED,ACCEPTED,-0.0014009972320057074,-0.0014009972320057074,120.307980079,True,0.0
135.507980079,10.684077618744116,10.684077618744116,10.685478615976121,91.5696981648202,-0.03889870151396785,0.03185632813105752,0.011180339887834165,MODEL_ONLY,DUPLICATE_OR_OLD,DUPLICATE_OR_OLD,-0.0014009972320057074,-0.0014009972320057074,120.307980079,False,
135.557980079,10.688070895696727,10.688070895696727,10.689853419931348,92.10408146571801,-0.013432124249542154,0.04020225218340479,0.006180339887548023,FUSED,ACCEPTED,ACCEPTED,-0.0017825242346205528,-0.0017825242346205528,120.307980079,True,0.0
135.60798007900001,10.68716440513663,10.68716440513663,10.68894692937125,92.6385514744507,-0.013432124249542154,0.04754558341432273,0.01118033988754916,MODEL_ONLY,DUPLICATE_OR_OLD,DUPLICATE_OR_OLD,-0.0017825242346205528,-0.0017825242346205528,120.307980079,False,
135.657980079,10.673579069360684,10.673572636209709,10.674631949425555,93.17264094642043,-0.06287238845660498,0.054012169650923675,0.006180339887506026,FUSED,ACCEPTED,ACCEPTED,-0.0010528800648703651,-0.0010593132158458474,120.307980079,True,-1.0409056934391407e-05
135.707980079,10.670809390143011,10.670802956992036,10.671862270207882,93.70630330191139,-0.06287238845660498,0.05972207446988811,0.011180339887507162,MODEL_ONLY,DUPLICATE_OR_OLD,DUPLICATE_OR_OLD,-0.0010528800648703651,-0.0010593132158458474,120.307980079,False,
135.757980079,10.659679328877132,10.659676871632115,10.661189817089978,94.23962960409365,-0.07028493312791176,0.06475261094022892,0.006180339887499898,FUSED,ACCEPTED,ACCEPTED,-0.0015104882128458286,-0.0015129454578630686,120.307980079,True,0.0
135.807980079,10.657012619259481,10.657010162014464,10.658523107472327,94.77262242720784,-0.07028493312791176,0.06919401114163437,0.011180339887501035,MODEL_ONLY,DUPLICATE_OR_OLD,DUPLICATE_OR_OLD,-0.0015104882128458286,-0.0015129454578630686,120.307980079,False,
135.85798007900001,10.649935014494814,10.649934075910735,10.6511715456669,95.30536479353644,-0.07450613314062181,0.07310756225505825,0.006180339887499419,FUSED,ACCEPTED,ACCEPTED,-0.0012365311720863303,-0.0012374697561643444,120.307980079,True,0.0
135.907980079,10.647425630428891,10.647424691844813,10.648662161600978,95.83786063621795,-0.07450613314062181,0.0765617221889151,0.011180339887497715,MODEL_ONLY,DUPLICATE_OR_OLD,DUPLICATE_OR_OLD,-0.0012365311720863303,-0.0012374697561643444,120.307980079,False,
135.957980079,10.640588917504083,10.640588558996866,10.642506670439195,96.37013985701908,-0.08307901853702224,0.07960586703212515,0.006180339887498935,FUSED,ACCEPTED,ACCEPTED,-0.0019177529351122047,-0.0019181114423290069,120.307980079,True,0.0
136.007980079,10.637937462459398,10.637937103952181,10.63985521539451,96.90219890416475,-0.08307901853702224,0.08229318801006479,0.01118033988749723,MODEL_ONLY,DUPLICATE_OR_OLD,DUPLICATE_OR_OLD,-0.0019177529351122047,-0.0019181114423290069,120.307980079,False,
136.057980079,10.640812384740338,10.640812384740338,10.640812384740338,97.43421559416824,-0.08307901853702224,0.08466232462964778,0.011520286221051454,SINGLE_WHEEL,RATE_ANOMALY,ACCEPTED,0.0,0.0,136.557980079,False,
136.10798007900001,10.638383628880627,10.638383628880627,10.638383628880627,97.96619549450888,-0.08307901853702224,0.08674717170955985,0.01652028622105259,MODEL_ONLY,DUPLICATE_OR_OLD,DUPLICATE_OR_OLD,0.0,0.0,136.60798007900001,False,
136.157980079,10.636536425766483,10.636536425766483,10.636536425766483,98.49806849587488,-0.08307901853702224,0.08858559575824726,0.013992318659718533,SINGLE_WHEEL,MODEL_DISAGREEMENT,ACCEPTED,0.0,0.0,136.657980079,False,
136.207980079,10.63428063063587,10.63428063063587,10.63428063063587,99.02983892228505,-0.08307901853702224,0.09020638629150118,0.01899231865971967,MODEL_ONLY,DUPLICATE_OR_OLD,DUPLICATE_OR_OLD,0.0,0.0,136.707980079,False,
136.257980079,10.633102669592628,10.633102669592628,10.633102669592628,99.56152350479059,-0.08307901853702224,0.09163602778399305,0.014996999116283438,SINGLE_WHEEL,MODEL_DISAGREEMENT,ACCEPTED,0.0,0.0,136.757980079,False,
136.307980079,10.63098136174256,10.63098136174256,10.63098136174256,100.09312560557409,-0.08307901853702224,0.09289613190243107,0.019996999116284574,MODEL_ONLY,DUPLICATE_OR_OLD,DUPLICATE_OR_OLD,0.0,0.0,136.807980079,False,
136.35798007900001,10.629633594964373,10.629633594964373,10.629633594964373,100.62464097949189,-0.08307901853702224,0.09400804828017151,0.015383478902811339,SINGLE_WHEEL,MODEL_DISAGREEMENT,ACCEPTED,0.0,0.0,136.85798007900001,False,
136.407980079,10.627616910626307,10.627616910626307,10.627616910626307,101.15607224213147,-0.08307901853702224,0.09498860214242089,0.020383478902809633,MODEL_ONLY,DUPLICATE_OR_OLD,DUPLICATE_OR_OLD,0.0,0.0,136.907980079,False,
136.457980079,10.62763857106023,10.62763857106023,10.62763857106023,101.68745362917376,-0.08307901853702224,0.0958542652208861,0.01552898642211561,SINGLE_WHEEL,MODEL_DISAGREEMENT,ACCEPTED,0.0,0.0,136.957980079,False,
136.507980079,10.625703277990702,10.625703277990702,10.625703277990702,102.21878717539985,-0.08307901853702224,0.0966164275131964,0.020528986422113905,MODEL_ONLY,DUPLICATE_OR_OLD,DUPLICATE_OR_OLD,0.0,0.0,137.007980079,False,
136.557980079,10.628078808394891,10.628078808394891,10.628078808394891,102.75013172755962,-0.08307901853702224,0.09728971141613647,0.015583324458990501,SINGLE_WHEEL,MODEL_DISAGREEMENT,ACCEPTED,0.0,0.0,137.057980079,False,
136.60798007900001,10.626206683119056,10.626206683119056,10.626206683119056,103.28148886484759,-0.08307901853702224,0.09787978338706203,0.020583324458991636,MODEL_ONLY,DUPLICATE_OR_OLD,DUPLICATE_OR_OLD,0.0,0.0,137.10798007900001,False,
136.657980079,10.626865716185582,10.626865716185582,10.626865716185582,103.81281567483002,-0.08307901853702224,0.09840147471881128,0.015603554513304677,SINGLE_WHEEL,MODEL_DISAGREEMENT,ACCEPTED,0.0,0.0,137.157980079,False,
136.707980079,10.625042604162433,10.625042604162433,10.625042604162433,104.34411338283884,-0.08307901853702224,0.09886004844076936,0.020603554513305814,MODEL_ONLY,DUPLICATE_OR_OLD,DUPLICATE_OR_OLD,0.0,0.0,137.207980079,False,
136.757980079,10.635545922447639,10.635545922447639,10.635545922447639,104.87562809600391,-0.08307901853702224,0.09926590409805428,0.015611077602883133,SINGLE_WHEEL,MODEL_DISAGREEMENT,ACCEPTED,0.0,0.0,137.257980079,False,
136.807980079,10.633760366769701,10.633760366769701,10.633760366769701,105.40736075323446,-0.08307901853702224,0.09961117534500737,0.02061107760288427,MODEL_ONLY,DUPLICATE_OR_OLD,DUPLICATE_OR_OLD,0.0,0.0,137.307980079,False,
136.85798007900001,10.646427088730007,10.646427088730007,10.646427088730007,105.93936543962207,-0.08307901853702224,0.11115412962825838,0.015613874082604062,SINGLE_WHEEL,MODEL_DISAGREEMENT,ACCEPTED,0.0,0.0,137.35798007900001,False,
136.907980079,10.645725444911513,10.645725444911513,10.645725444911513,106.47166925296293,-0.08307901853702224,0.1212894125338781,0.020613874082602356,MODEL_ONLY,DUPLICATE_OR_OLD,DUPLICATE_OR_OLD,0.0,0.0,137.407980079,False,
136.957980079,10.66002573065322,10.66002573065322,10.66002573065322,107.00431303235216,-0.08307901853702224,0.13021473163470482,0.015614913425387646,SINGLE_WHEEL,MODEL_DISAGREEMENT,ACCEPTED,0.0,0.0,137.457980079,False,
137.007980079,10.660161703824555,10.660161703824555,10.660161703824555,107.53731771821393,-0.08307901853702224,0.138041752330452,0.02061491342538594,MODEL_ONLY,DUPLICATE_OR_OLD,DUPLICATE_OR_OLD,0.0,0.0,137.507980079,False,
137.057980079,10.674998352849105,10.674998352849105,10.674998352849105,108.07069671963089,-0.08307901853702224,0.1449328821856308,0.015615299686108499,SINGLE_WHEEL,MODEL_DISAGREEMENT,ACCEPTED,0.0,0.0,137.557980079,False,
137.10798007900001,10.675780627353022,10.675780627353022,10.675780627353022,108.60446619413607,-0.08307901853702224,0.15096777898209193,0.020615299686109638,MODEL_ONLY,DUPLICATE_OR_OLD,DUPLICATE_OR_OLD,0.0,0.0,137.60798007900001,False,
137.157980079,10.695271257859252,10.695271257859252,10.695271257859252,109.13874249126619,-0.08307901853702224,0.15627959078342574,0.015615443232689347,SINGLE_WHEEL,MODEL_DISAGREEMENT,ACCEPTED,0.0,0.0,137.657980079,False,
137.207980079,10.696550838234495,10.696550838234495,10.696550838234495,109.67353804366866,-0.08307901853702224,0.1609138964086073,0.020615443232690482,MODEL_ONLY,DUPLICATE_OR_OLD,DUPLICATE_OR_OLD,0.0,0.0,137.707980079,False,
137.257980079,10.71618241779118,10.71618241779118,10.71618241779118,110.20885637506912,-0.08307901853702224,0.1538205156682082,0.015615496578663658,SINGLE_WHEEL,MODEL_DISAGREEMENT,ACCEPTED,0.0,0.0,137.757980079,False,
137.307980079,10.716793942870392,10.716793942870392,10.716793942870392,110.74468078408577,-0.08307901853702224,0.14755279048802575,0.020615496578664794,MODEL_ONLY,DUPLICATE_OR_OLD,DUPLICATE_OR_OLD,0.0,0.0,137.807980079,False,
137.35798007900001,10.73440630256011,10.73440630256011,10.73440630256011,111.28096079022166,-0.08307901853702224,0.1420335779304287,0.015615516403479903,SINGLE_WHEEL,MODEL_DISAGREEMENT,ACCEPTED,0.0,0.0,137.85798007900001,False,
137.407980079,10.734497898819274,10.734497898819274,10.734497898819274,111.81768339525595,-0.08307901853702224,0.13715421408706335,0.0206155164034782,MODEL_ONLY,DUPLICATE_OR_OLD,DUPLICATE_OR_OLD,0.0,0.0,137.907980079,False,
137.457980079,10.747520747135454,10.747520747135454,10.747520747135454,112.35473386140495,-0.08307901853702224,0.13285799525149142,0.015615523770911632,SINGLE_WHEEL,MODEL_DISAGREEMENT,ACCEPTED,0.0,0.0,137.957980079,False,
137.507980079,10.747207665668682,10.747207665668682,10.747207665668682,112.89210207172488,-0.08307901853702224,0.12906065956832363,0.020615523770909926,MODEL_ONLY,DUPLICATE_OR_OLD,DUPLICATE_OR_OLD,0.0,0.0,138.007980079,False,
137.557980079,10.760253446055572,10.760253446055572,10.760253446055572,113.4297885995181,-0.08307901853702224,0.1257175853504723,0.015615526508845484,SINGLE_WHEEL,MODEL_DISAGREEMENT,ACCEPTED,0.0,0.0,138.057980079,False,
137.60798007900001,10.759625305126656,10.759625305126656,10.759625305126656,113.96778556829778,-0.08307901853702224,0.12275947032546657,0.02061552650884662,MODEL_ONLY,DUPLICATE_OR_OLD,DUPLICATE_OR_OLD,0.0,0.0,138.10798007900001,False,
137.657980079,10.772336602451,10.772336602451,10.772336602451,114.50608461598705,-0.08307901853702224,0.12015565423346791,0.015615527526334466,SINGLE_WHEEL,MODEL_DISAGREEMENT,ACCEPTED,0.0,0.0,138.157980079,False,
137.707980079,10.771462929965919,10.771462929965919,10.771462929965919,115.0446796042976,-0.08307901853702224,0.1178488392021361,0.0206155275263356,MODEL_ONLY,DUPLICATE_OR_OLD,DUPLICATE_OR_OLD,0.0,0.0,138.207980079,False,
137.757980079,10.789305830574028,10.789305830574028,10.789305830574028,115.58369882331091,-0.08307901853702224,0.11581874407308099,0.015615527904460393,SINGLE_WHEEL,MODEL_DISAGREEMENT,ACCEPTED,0.0,0.0,138.257980079,False,
137.807980079,10.788240284859414,10.788240284859414,10.788240284859414,116.12313747619687,-0.08307901853702224,0.11401137461150265,0.020615527904461528,MODEL_ONLY,DUPLICATE_OR_OLD,DUPLICATE_OR_OLD,0.0,0.0,138.307980079,False,
137.85798007900001,10.787095232190087,10.787095232190087,10.787095232190087,116.66252086412324,-0.08307901853702224,0.11242123551720931,0.025615527904462664,MODEL_ONLY,DUPLICATE_OR_OLD,DUPLICATE_OR_OLD,0.0,0.0,138.35798007900001,False,
137.907980079,10.785880240215857,10.785880240215857,10.785880240215857,117.2018452509332,-0.08307901853702224,0.11102244941917469,0.030615527904460958,MODEL_ONLY,DUPLICATE_OR_OLD,DUPLICATE_OR_OLD,0.0,0.0,138.407980079,False,
137.957980079,10.810074221996482,10.810074221996482,10.810074221996482,117.74174411248863,-0.08307901853702224,0.10979222153921583,0.018840324939322636,SINGLE_WHEEL,MODEL_DISAGREEMENT,ACCEPTED,0.0,0.0,138.457980079,False,
138.007980079,10.808742212505456,10.808742212505456,10.808742212505456,118.282214523351,-0.08307901853702224,0.10868209908323163,0.02384032493932093,MODEL_ONLY,DUPLICATE_OR_OLD,DUPLICATE_OR_OLD,0.0,0.0,138.507980079,False,
138.057980079,10.828507963487478,10.828507963487478,10.828507963487478,118.82314577775095,-0.08307901853702224,0.09569092947617676,0.016757808720248082,SINGLE_WHEEL,MODEL_DISAGREEMENT,ACCEPTED,0.0,0.0,138.557980079,False,
138.10798007900001,10.825954481141437,10.825954481141437,10.825954481141437,119.3645073388668,-0.08307901853702224,0.0842526419829465,0.021757808720249218,MODEL_ONLY,DUPLICATE_OR_OLD,DUPLICATE_OR_OLD,0.0,0.0,138.60798007900001,False,
138.157980079,10.850056180101276,10.850056180101276,10.850056180101276,119.90640760539769,-0.08307901853702224,0.07418161491340013,0.016032766343411702,SINGLE_WHEEL,MODEL_DISAGREEMENT,ACCEPTED,0.0,0.0,138.657980079,False,
138.207980079,10.846555786387002,10.846555786387002,10.846555786387002,120.44882290456002,-0.08307901853702224,0.06531441461827903,0.02103276634341284,MODEL_ONLY,DUPLICATE_OR_OLD,DUPLICATE_OR_OLD,0.0,0.0,138.707980079,False,
138.257980079,10.864624525861622,10.864624525861622,10.864624525861622,120.99160241236605,-0.08307901853702224,0.036437173200384435,0.0157696051733012,SINGLE_WHEEL,MODEL_DISAGREEMENT,ACCEPTED,0.0,0.0,138.757980079,False,
138.307980079,10.858408998130429,10.858408998130429,10.858408998130429,121.53467825046597,-0.08307901853702224,0.011011734279925654,0.020769605173302334,MODEL_ONLY,DUPLICATE_OR_OLD,DUPLICATE_OR_OLD,0.0,0.0,138.807980079,False,
138.35798007900001,10.873370616483214,10.873370616483214,10.873370616483214,122.07797274083144,-0.08307901853702224,-0.011374508745940246,0.015672653108012642,SINGLE_WHEEL,MODEL_DISAGREEMENT,ACCEPTED,0.0,0.0,138.85798007900001,False,
138.407980079,10.865050259932994,10.865050259932994,10.865050259932994,122.62143326274166,-0.08307901853702224,-0.031084842100681787,0.020672653108010936,MODEL_ONLY,DUPLICATE_OR_OLD,DUPLICATE_OR_OLD,0.0,0.0,138.907980079,False,
138.457980079,10.860537565265767,10.860537565265767,10.860537565265767,123.16457295837175,-0.08307901853702224,-0.06782522540429407,0.015636738820822824,SINGLE_WHEEL,MODEL_DISAGREEMENT,ACCEPTED,0.0,0.0,138.957980079,False,
138.507980079,10.848762756018404,10.848762756018404,10.848762756018404,123.70730546640367,-0.08307901853702224,-0.10017389604359925,0.020636738820821118,MODEL_ONLY,DUPLICATE_OR_OLD,DUPLICATE_OR_OLD,0.0,0.0,139.007980079,False,
138.557980079,10.853958296058977,10.853958296058977,10.853958296058977,124.24987349270573,-0.08307901853702224,-0.12865581152836641,0.015623408037261834,SINGLE_WHEEL,MODEL_DISAGREEMENT,ACCEPTED,0.0,0.0,139.057980079,False,
138.60798007900001,10.839505522650121,10.839505522650121,10.839505522650121,124.79221008817358,-0.08307901853702224,-0.1537331792732795,0.020623408037262973,MODEL_ONLY,DUPLICATE_OR_OLD,DUPLICATE_OR_OLD,0.0,0.0,139.10798007900001,False,
138.657980079,10.83854718677695,10.83854718677695,10.83854718677695,125.33416140590907,-0.08307901853702224,-0.17581295734682972,0.015618456159858194,SINGLE_WHEEL,MODEL_DISAGREEMENT,ACCEPTED,0.0,0.0,139.157980079,False,
138.707980079,10.821362953974843,10.821362953974843,10.821362953974843,125.87565915942798,-0.08307901853702224,-0.20836236713828876,0.02061845615985933,MODEL_ONLY,DUPLICATE_OR_OLD,DUPLICATE_OR_OLD,0.0,0.0,139.207980079,False,
138.757980079,10.816255142728517,10.816255142728517,10.816255142728517,126.41659961184538,-0.08307901853702224,-0.2370210266886414,0.015616616213857116,SINGLE_WHEEL,MODEL_DISAGREEMENT,ACCEPTED,0.0,0.0,139.257980079,False,
138.807980079,10.796376327701662,10.796376327701662,10.796376327701662,126.95691539860626,-0.08307901853702224,-0.26225401163325524,0.020616616213858255,MODEL_ONLY,DUPLICATE_OR_OLD,DUPLICATE_OR_OLD,0.0,0.0,139.307980079,False,
138.85798007900001,10.785008614246399,10.785008614246399,10.785008614246399,127.49645002215507,-0.08307901853702224,-0.28447080541232395,0.015615932482936364,SINGLE_WHEEL,MODEL_DISAGREEMENT,ACCEPTED,0.0,0.0,139.35798007900001,False,
138.907980079,10.76304090258073,10.76304090258073,10.76304090258073,128.03515126007557,-0.08307901853702224,-0.3040319444097442,0.020615932482934658,MODEL_ONLY,DUPLICATE_OR_OLD,DUPLICATE_OR_OLD,0.0,0.0,139.407980079,False,
138.957980079,10.730789073103363,10.730789073103363,10.730789073103363,128.57249700946778,-0.08307901853702224,-0.3212548687741648,0.015615678396156314,SINGLE_WHEEL,MODEL_DISAGREEMENT,ACCEPTED,0.0,0.0,139.457980079,False,
139.007980079,10.706669385116598,10.706669385116598,10.706669385116598,129.1084334709231,-0.08307901853702224,-0.34707147083171136,0.020615678396154608,MODEL_ONLY,DUPLICATE_OR_OLD,DUPLICATE_OR_OLD,0.0,0.0,139.507980079,False,
139.057980079,10.662167857422938,10.662167857422938,10.662167857422938,129.6426544019867,-0.08307901853702224,-0.3698021198313483,0.015615583971562812,SINGLE_WHEEL,MODEL_DISAGREEMENT,ACCEPTED,0.0,0.0,139.557980079,False,
139.10798007900001,10.635910958425162,10.635910958425162,10.635910958425162,130.17510637238303,-0.08307901853702224,-0.38981569105163016,0.020615583971563947,MODEL_ONLY,DUPLICATE_OR_OLD,DUPLICATE_OR_OLD,0.0,0.0,139.60798007900001,False,
139.157980079,10.603838615879816,10.603838615879816,10.603838615879816,130.70610011174048,-0.08307901853702224,-0.4074369667571975,0.015615548880987798,SINGLE_WHEEL,MODEL_DISAGREEMENT,ACCEPTED,0.0,0.0,139.657980079,False,
139.207980079,10.575924906094704,10.575924906094704,10.575924906094704,131.23559419978997,-0.08307901853702224,-0.4229519067983481,0.020615548880988935,MODEL_ONLY,DUPLICATE_OR_OLD,DUPLICATE_OR_OLD,0.0,0.0,139.707980079,False,
139.257980079,10.536205956175012,10.536205956175012,10.536205956175012,131.76339747134654,-0.08307901853702224,-0.43661228919643824,0.015615535840413947,SINGLE_WHEEL,MODEL_DISAGREEMENT,ACCEPTED,0.0,0.0,139.757980079,False,
139.307980079,10.507007851928655,10.507007851928655,10.507007851928655,132.28947781654924,-0.08307901853702224,-0.4486397960232338,0.020615535840415082,MODEL_ONLY,DUPLICATE_OR_OLD,DUPLICATE_OR_OLD,0.0,0.0,139.807980079,False,
139.35798007900001,10.463328745993039,10.463328745993039,10.463328745993039,132.8137362314974,-0.08307901853702224,-0.4592296108800091,0.01561553099419373,SINGLE_WHEEL,MODEL_DISAGREEMENT,ACCEPTED,0.0,0.0,139.85798007900001,False,
139.407980079,10.433134952230018,10.433134952230018,10.433134952230018,133.33614782395279,-0.08307901853702224,-0.4685535863568616,0.020615530994192024,MODEL_ONLY,DUPLICATE_OR_OLD,DUPLICATE_OR_OLD,0.0,0.0,139.907980079,False,
139.457980079,10.388625733469102,10.388625733469102,10.388625733469102,133.85669184109537,-0.08307901853702224,-0.4767630328739955,0.015615529193208896,SINGLE_WHEEL,MODEL_DISAGREEMENT,ACCEPTED,0.0,0.0,139.957980079,False,
139.507980079,10.357660060315798,10.357660060315798,10.357660060315798,134.3753489859398,-0.08307901853702224,-0.48399117416253906,0.02061552919320719,MODEL_ONLY,DUPLICATE_OR_OLD,DUPLICATE_OR_OLD,0.0,0.0,140.007980079,False,
139.557980079,10.309424302278222,10.309424302278222,10.309424302278222,134.89202609500478,-0.08307901853702224,-0.49035530923281023,0.015615528523915172,SINGLE_WHEEL,MODEL_DISAGREEMENT,ACCEPTED,0.0,0.0,140.057980079,False,
139.60798007900001,10.2778602520373,10.2778602520373,10.2778602520373,135.4067082088628,-0.08307901853702224,-0.49595871591452884,0.020615528523916307,MODEL_ONLY,DUPLICATE_OR_OLD,DUPLICATE_OR_OLD,0.0,0.0,140.10798007900001,False,
139.657980079,10.219356018194864,10.219356018194864,10.219356018194864,135.91913861561844,-0.08307901853702224,-0.5008923268599317,0.015615528275187862,SINGLE_WHEEL,MODEL_DISAGREEMENT,ACCEPTED,0.0,0.0,140.157980079,False,
139.707980079,10.187328093489263,10.187328093489263,10.187328093489263,136.42930571841066,-0.08307901853702224,-0.505236205208087,0.020615528275188998,MODEL_ONLY,DUPLICATE_OR_OLD,DUPLICATE_OR_OLD,0.0,0.0,140.207980079,False,
139.757980079,10.137383929732716,10.137383929732716,10.137383929732716,136.93742351899104,-0.08307901853702224,-0.5090608438576208,0.015615528182754194,SINGLE_WHEEL,MODEL_DISAGREEMENT,ACCEPTED,0.0,0.0,140.257980079,False,
139.807980079,10.104996399815887,10.104996399815887,10.104996399815887,137.44348302722986,-0.08307901853702224,-0.5124283094326495,0.020615528182755333,MODEL_ONLY,DUPLICATE_OR_OLD,DUPLICATE_OR_OLD,0.0,0.0,140.307980079,False,
139.85798007900001,10.05006185981939,10.05006185981939,10.05006185981939,137.94735948372085,-0.08307901853702224,-0.5153932495062373,0.015615528148404447,SINGLE_WHEEL,MODEL_DISAGREEMENT,ACCEPTED,0.0,0.0,140.35798007900001,False,
139.907980079,10.017395556402874,10.017395556402874,10.017395556402874,138.44904591912623,-0.08307901853702224,-0.5180037794267659,0.020615528148402743,MODEL_ONLY,DUPLICATE_OR_OLD,DUPLICATE_OR_OLD,0.0,0.0,140.407980079,False,
139.957980079,9.973942731069819,9.973942731069819,9.973942731069819,138.94882937631317,-0.08307901853702224,-0.509649866176833,0.015615528135638112,SINGLE_WHEEL,MODEL_DISAGREEMENT,ACCEPTED,0.0,0.0,140.457980079,False,
140.007980079,9.942061890284966,9.942061890284966,9.942061890284966,139.44672949184687,-0.08307901853702224,-0.502294526793511,0.020615528135636406,MODEL_ONLY,DUPLICATE_OR_OLD,DUPLICATE_OR_OLD,0.0,0.0,140.507980079,False,
140.057980079,9.90034603113282,9.90034603113282,9.90034603113282,139.94278968988243,-0.08307901853702224,-0.4958183980828922,0.015615528130893803,SINGLE_WHEEL,MODEL_DISAGREEMENT,ACCEPTED,0.0,0.0,140.557980079,False,
140.10798007900001,9.869074097449069,9.869074097449069,9.869074097449069,140.4370251930971,-0.08307901853702224,-0.4901163847710966,0.020615528130894942,MODEL_ONLY,DUPLICATE_OR_OLD,DUPLICATE_OR_OLD,0.0,0.0,140.60798007900001,False,
140.157980079,9.842652035320938,9.842652035320938,9.842652035320938,140.92981834641617,-0.08307901853702224,-0.4850959540074885,0.015615528129130692,SINGLE_WHEEL,MODEL_DISAGREEMENT,ACCEPTED,0.0,0.0,140.657980079,False,
140.207980079,9.811852139189135,9.811852139189135,9.811852139189135,141.42118095077905,-0.08307901853702224,-0.4806756337321796,0.02061552812913183,MODEL_ONLY,DUPLICATE_OR_OLD,DUPLICATE_OR_OLD,0.0,0.0,140.707980079,False,
140.257980079,9.752874184798882,9.752874184798882,9.752874184798882,141.91029910887858,-0.08307901853702224,-0.476783690539193,0.01561552812847547,SINGLE_WHEEL,MODEL_DISAGREEMENT,ACCEPTED,0.0,0.0,140.757980079,False,
140.307980079,9.722440222074715,9.722440222074715,9.722440222074715,142.39718196905054,-0.08307901853702224,-0.47335696557945167,0.020615528128476605,MODEL_ONLY,DUPLICATE_OR_OLD,DUPLICATE_OR_OLD,0.0,0.0,140.807980079,False,
140.35798007900001,9.677233545924114,9.677233545924114,9.677233545924114,142.8821738132506,-0.08307901853702224,-0.47033984961258263,0.01561552812823303,SINGLE_WHEEL,MODEL_DISAGREEMENT,ACCEPTED,0.0,0.0,140.85798007900001,False,
140.407980079,9.647083262450211,9.647083262450211,9.647083262450211,143.3652817334598,-0.08307901853702224,-0.4676833805745136,0.020615528128231326,MODEL_ONLY,DUPLICATE_OR_OLD,DUPLICATE_OR_OLD,0.0,0.0,140.907980079,False,
140.457980079,9.601792126007512,9.601792126007512,9.601792126007512,143.84650361817134,-0.08307901853702224,-0.46534444901612515,0.01561552812814188,SINGLE_WHEEL,MODEL_DISAGREEMENT,ACCEPTED,0.0,0.0,140.957980079,False,
140.507980079,9.571861756636396,9.571861756636396,9.571861756636396,144.32584496523728,-0.08307901853702224,-0.4632850985187463,0.020615528128140177,MODEL_ONLY,DUPLICATE_OR_OLD,DUPLICATE_OR_OLD,0.0,0.0,141.007980079,False,
140.557980079,9.548249943500489,9.548249943500489,9.548249943500489,144.8038477577408,-0.08307901853702224,-0.46147190973352953,0.015615528128108005,SINGLE_WHEEL,MODEL_DISAGREEMENT,ACCEPTED,0.0,0.0,141.057980079,False,
140.60798007900001,9.51849005615285,9.51849005615285,9.51849005615285,145.28051625773224,-0.08307901853702224,-0.4598754580488754,0.020615528128109142,MODEL_ONLY,DUPLICATE_OR_OLD,DUPLICATE_OR_OLD,0.0,0.0,141.10798007900001,False,
140.657980079,9.474705225005698,9.474705225005698,9.474705225005698,145.75534613976106,-0.08307901853702224,-0.45846983608484543,0.015615528128095413,SINGLE_WHEEL,MODEL_DISAGREEMENT,ACCEPTED,0.0,0.0,141.157980079,False,
140.707980079,9.445077498897225,9.445077498897225,9.445077498897225,146.22834070785873,-0.08307901853702224,-0.4572322332655694,0.02061552812809655,MODEL_ONLY,DUPLICATE_OR_OLD,DUPLICATE_OR_OLD,0.0,0.0,141.207980079,False,
140.757980079,9.4155042561697,9.4155042561697,9.4155042561697,146.69985525173524,-0.08307901853702224,-0.45614256564691125,0.025615528128094842,MODEL_ONLY,DUPLICATE_OR_OLD,DUPLICATE_OR_OLD,0.0,0.0,141.257980079,False,
140.807980079,9.385978984224897,9.385978984224897,9.385978984224897,147.1698923327452,-0.08307901853702224,-0.4551831499921795,0.03061552812809598,MODEL_ONLY,DUPLICATE_OR_OLD,DUPLICATE_OR_OLD,0.0,0.0,141.307980079,False,
140.85798007900001,9.323971025669627,9.323971025669627,9.323971025669627,147.63764108299267,-0.08307901853702224,-0.4543384168067728,0.018840325001902962,SINGLE_WHEEL,MODEL_DISAGREEMENT,ACCEPTED,0.0,0.0,141.35798007900001,False,
140.907980079,9.294525178340706,9.294525178340706,9.294525178340706,148.10310348809278,-0.08307901853702224,-0.45359465767483886,0.023840325001901256,MODEL_ONLY,DUPLICATE_OR_OLD,DUPLICATE_OR_OLD,0.0,0.0,141.407980079,False,
140.957980079,9.254367742540195,9.254367742540195,9.254367742540195,148.5668258111149,-0.08307901853702224,-0.45293980279771057,0.016757808741376744,SINGLE_WHEEL,MODEL_DISAGREEMENT,ACCEPTED,0.0,0.0,141.457980079,False,
141.007980079,9.224983466838816,9.224983466838816,9.224983466838816,149.02880959134922,-0.08307901853702224,-0.4523632251239909,0.021757808741375038,MODEL_ONLY,DUPLICATE_OR_OLD,DUPLICATE_OR_OLD,0.0,0.0,141.507980079,False,
141.057980079,9.177942448379515,9.177942448379515,9.177942448379515,149.48888273922978,-0.08307901853702224,-0.45185556789268155,0.016032766350997266,SINGLE_WHEEL,RATE_ANOMALY,ACCEPTED,0.0,0.0,141.557980079,False,
141.10798007900001,9.148605904294785,9.148605904294785,9.148605904294785,149.94704644804673,-0.08307901853702224,-0.45140859279071843,0.021032766350998405,MODEL_ONLY,DUPLICATE_OR_OLD,DUPLICATE_OR_OLD,0.0,0.0,141.557980079,False,
141.157980079,9.093563204051192,9.093563204051192,9.093563204051192,150.40310067575524,-0.08307901853702224,-0.4510150462607901,0.007224748190968861,FUSED,ACCEPTED,ACCEPTED,0.0,0.0,141.557980079,False,
141.207980079,9.064263662516503,9.064263662516503,9.064263662516503,150.85704634741953,-0.08307901853702224,-0.45066854178987303,0.012224748190969997,MODEL_ONLY,DUPLICATE_OR_OLD,DUPLICATE_OR_OLD,0.0,0.0,141.557980079,False,
141.257980079,9.018577041132446,9.018577041132446,9.018577041132446,151.3091173650106,-0.12756278883191083,-0.45036345626825186,0.006326871444373007,FUSED,ACCEPTED,ACCEPTED,0.0,0.0,141.557980079,False,
141.307980079,8.98708199623565,8.98708199623565,8.98708199623565,151.7592588409449,-0.12756278883191083,-0.45009483873712275,0.011326871444374144,MODEL_ONLY,DUPLICATE_OR_OLD,DUPLICATE_OR_OLD,0.0,0.0,141.557980079,False,
141.35798007900001,8.939990693529463,8.939990693529463,8.939990693529463,152.20743565818913,-0.13980755217625207,-0.44985833004393255,0.006201599562968014,FUSED,ACCEPTED,ACCEPTED,0.0,0.0,141.557980079,False,
141.407980079,8.907905647797245,8.907905647797245,8.907905647797245,152.65363306672214,-0.13980755217625207,-0.4496500921016085,0.011201599562966309,MODEL_ONLY,DUPLICATE_OR_OLD,DUPLICATE_OR_OLD,0.0,0.0,141.557980079,False,
141.457980079,8.877456113449245,8.877456113449245,8.877456113449245,153.0982671107534,-0.10874846717522459,-0.4494667456036912,0.006183439115628003,FUSED,ACCEPTED,ACCEPTED,0.0,0.0,141.557980079,False,
141.507980079,8.846941260812926,8.846941260812926,8.846941260812926,153.5413770451098,-0.10874846717522459,-0.44930531518460753,0.011183439115626297,MODEL_ONLY,DUPLICATE_OR_OLD,DUPLICATE_OR_OLD,0.0,0.0,141.557980079,False,
141.557980079,8.79174742847453,8.79174742847453,8.808233806321244,153.98275642178825,-0.1530077694498364,-0.4491631811351352,0.006180792005267346,FUSED,ACCEPTED,ACCEPTED,-0.016486377846714362,-0.016486377846714362,141.557980079,True,0.0
141.60798007900001,8.759032974639219,8.759032974639219,8.775519352485933,154.42235025075854,-0.1530077694498364,-0.44903803688949634,0.011180792005268482,MODEL_ONLY,DUPLICATE_OR_OLD,DUPLICATE_OR_OLD,-0.016486377846714362,-0.016486377846714362,141.557980079,False,
141.657980079,8.707604662170604,8.707604662170604,8.733168455703087,154.86006744596313,-0.17687247004892,-0.4489278515941737,0.006180405849453178,FUSED,ACCEPTED,ACCEPTED,-0.025563793532482393,-0.025563793532482393,141.557980079,True,0.0
141.707980079,8.673707333292263,8.673707333292263,8.699271126824746,155.29587843552642,-0.17687247004892,-0.4488308371510135,0.011180405849454315,MODEL_ONLY,DUPLICATE_OR_OLD,DUPLICATE_OR_OLD,-0.025563793532482393,-0.025563793532482393,141.557980079,False,
141.757980079,8.631545763736813,8.631545763736813,8.653764532118393,155.72970432699984,-0.17809389998727534,-0.4487454191997877,0.006180349511194044,FUSED,ACCEPTED,ACCEPTED,-0.022218768381579324,-0.022218768381579324,141.557980079,True,0.0
141.807980079,8.597595394640638,8.597595394640638,8.619814163022218,156.16154379437845,-0.17809389998727534,-0.4486702115693159,0.01118034951119518,MODEL_ONLY,DUPLICATE_OR_OLD,DUPLICATE_OR_OLD,-0.022218768381579324,-0.022218768381579324,141.557980079,False,
141.85798007900001,8.55087122664379,8.55087122664379,8.576861339227968,156.5914606819348,-0.20658255251219873,-0.4486039937825391,0.006180341291576958,FUSED,ACCEPTED,ACCEPTED,-0.025990112584176828,-0.025990112584176828,141.557980079,True,0.0
141.907980079,8.51550265093733,8.51550265093733,8.541492763521507,157.01941953450338,-0.20658255251219873,-0.4485456912504941,0.011180341291575253,MODEL_ONLY,DUPLICATE_OR_OLD,DUPLICATE_OR_OLD,-0.025990112584176828,-0.025990112584176828,141.557980079,False,
141.957980079,8.485244364189446,8.485244364189446,8.50728176795148,157.4456388977903,-0.17556806831524757,-0.44849435783377445,0.006180340092351076,FUSED,ACCEPTED,ACCEPTED,-0.02203740376203278,-0.02203740376203278,141.557980079,True,0.0
142.007980079,8.451431339230934,8.451431339230934,8.473468742992967,157.87015766056376,-0.17556806831524757,-0.4484491604884846,0.011180340092349372,MODEL_ONLY,DUPLICATE_OR_OLD,DUPLICATE_OR_OLD,-0.02203740376203278,-0.02203740376203278,141.557980079,False,
142.057980079,8.408801514511953,8.408801514511953,8.429595110453132,158.29273425690002,-0.2087823733209796,-0.4484093657475187,0.006180339917386389,FUSED,ACCEPTED,ACCEPTED,-0.020793595941178467,-0.020793595941178467,141.557980079,True,0.0
142.10798007900001,8.37333151593667,8.37333151593667,8.394125111877848,158.7133272624584,-0.2087823733209796,-0.4483743278177823,0.011180339917387526,MODEL_ONLY,DUPLICATE_OR_OLD,DUPLICATE_OR_OLD,-0.020793595941178467,-0.020793595941178467,141.557980079,False,
142.157980079,8.344084847488858,8.344084847488858,8.369417300315037,159.13241582276308,-0.17858502496649536,-0.44834347810019604,0.006180339891859386,FUSED,ACCEPTED,ACCEPTED,-0.02533245282617891,-0.02533245282617891,141.557980079,True,0.0
142.207980079,8.310127616924069,8.310127616924069,8.335460069750248,159.5500377570148,-0.17858502496649536,-0.44831631596241245,0.011180339891860524,MODEL_ONLY,DUPLICATE_OR_OLD,DUPLICATE_OR_OLD,-0.02533245282617891,-0.02533245282617891,141.557980079,False,
142.257980079,8.273014116075027,8.273014116075027,8.301877581991063,159.96597119830818,-0.1971013200007836,-0.4482924006145033,0.0061803398881350455,FUSED,ACCEPTED,ACCEPTED,-0.028863465916035835,-0.028863465916035835,141.557980079,True,0.0
142.307980079,8.238133319358854,8.238133319358854,8.26699678527489,160.38019305748992,-0.1971013200007836,-0.44827134395577595,0.011180339888136184,MODEL_ONLY,DUPLICATE_OR_OLD,DUPLICATE_OR_OLD,-0.028863465916035835,-0.028863465916035835,141.557980079,False,
142.35798007900001,8.208241531916553,8.208241531916553,8.233783155507327,160.79271255600958,-0.17763206185942682,-0.4482528042766357,0.006180339887592087,FUSED,ACCEPTED,ACCEPTED,-0.025541623590774165,-0.025541623590774165,141.557980079,True,0.0
142.407980079,8.174335941269591,8.174335941269591,8.199877564860365,161.20355407401863,-0.17763206185942682,-0.4482364807132883,0.01118033988759038,MODEL_ONLY,DUPLICATE_OR_OLD,DUPLICATE_OR_OLD,-0.025541623590774165,-0.025541623590774165,141.557980079,False,
142.457980079,8.142201418680271,8.142201418680271,8.166926750447953,161.61272418190143,-0.17922242944502725,-0.44822210836529125,0.006180339887512454,FUSED,ACCEPTED,ACCEPTED,-0.02472533176768188,-0.02472533176768188,141.557980079,True,0.0
142.507980079,8.108217660989858,8.108217660989858,8.13294299275754,162.02022092548142,-0.17922242944502725,-0.44820945399672274,0.01118033988751075,MODEL_ONLY,DUPLICATE_OR_OLD,DUPLICATE_OR_OLD,-0.02472533176768188,-0.02472533176768188,141.557980079,False,
142.557980079,8.074234460386702,8.074234460386702,8.098959792154384,162.4260184951043,-0.17922242944502725,-0.4481983122512056,0.016180339887511885,MODEL_ONLY,DUPLICATE_OR_OLD,DUPLICATE_OR_OLD,-0.02472533176768188,-0.02472533176768188,141.557980079,False,
142.60798007900001,8.03865250196814,8.03865250196814,8.064928662852076,162.83011570647955,-0.18510996158713725,-0.44818850231936297,0.0067928508681828845,FUSED,ACCEPTED,ACCEPTED,-0.026276160883934807,-0.026276160883934807,141.557980079,True,0.0
142.657980079,8.004375847120228,8.004375847120228,8.030652008004163,163.23250522325083,-0.18510996158713725,-0.4481798650046254,0.01179285086818118,MODEL_ONLY,DUPLICATE_OR_OLD,DUPLICATE_OR_OLD,-0.026276160883934807,-0.026276160883934807,141.557980079,False,
142.707980079,7.965218921748372,7.965218921748372,7.99380853770386,163.6331167368936,-0.19748202070922372,-0.4481722601397729,0.006267661082727319,FUSED,ACCEPTED,ACCEPTED,-0.0285896159554877,-0.0285896159554877,141.557980079,True,0.0
142.757980079,7.9303243789789715,7.9303243789789715,7.958913994934459,164.03193480020943,-0.19748202070922372,-0.44816556431228693,0.011267661082725613,MODEL_ONLY,DUPLICATE_OR_OLD,DUPLICATE_OR_OLD,-0.0285896159554877,-0.0285896159554877,141.557980079,False,
142.807980079,7.897309511998571,7.897309511998571,7.927092425138066,164.42908496071132,-0.18573373572814347,-0.4481596688615995,0.006193037526825767,FUSED,ACCEPTED,ACCEPTED,-0.029782913139495548,-0.029782913139495548,141.557980079,True,0.0
142.85798007900001,7.863002937788032,7.863002937788032,7.8927858509275275,164.82458191761305,-0.18573373572814347,-0.4481544781157387,0.011193037526826904,MODEL_ONLY,DUPLICATE_OR_OLD,DUPLICATE_OR_OLD,-0.029782913139495548,-0.029782913139495548,141.557980079,False,
142.907980079,7.838239449681662,7.838239439105901,7.872406554266795,165.21871172774277,-0.1605363063626106,-0.44814990783875397,0.006182191550041246,FUSED,ACCEPTED,ACCEPTED,-0.03416710458513261,-0.03416711516089421,141.557980079,True,-1.7106816407874703e-08
142.957980079,7.805193176652001,7.805193166076239,7.839360281237133,165.61150589863047,-0.1605363063626106,-0.4481458838637266,0.011182191550042384,MODEL_ONLY,DUPLICATE_OR_OLD,DUPLICATE_OR_OLD,-0.03416710458513261,-0.03416711516089421,141.557980079,False,
143.007980079,7.765140758605369,7.765140754566073,7.795237288387496,166.00237083787096,-0.19383515074219335,-0.44814234088918153,0.006180610022317073,FUSED,ACCEPTED,ACCEPTED,-0.030096529782126957,-0.030096533821422966,141.557980079,True,0.0
143.057980079,7.730429876478946,7.73042987243965,7.760526406261073,166.39126493023727,-0.19383515074219335,-0.4481392214193683,0.01118061002231821,MODEL_ONLY,DUPLICATE_OR_OLD,DUPLICATE_OR_OLD,-0.030096529782126957,-0.030096533821422966,141.557980079,False,
143.10798007900001,7.695719131681931,7.695719127642635,7.725815661464058,166.77842348193047,-0.19383515074219335,-0.4481364748312142,0.016180610022319346,MODEL_ONLY,DUPLICATE_OR_OLD,DUPLICATE_OR_OLD,-0.030096529782126957,-0.030096533821422966,141.557980079,False,
143.157980079,7.656308494785635,7.656308493490183,7.6752679478817285,167.16345057216398,-0.19586674260193293,-0.448134056552808,0.0067928786534828985,FUSED,ACCEPTED,ACCEPTED,-0.018959453096093704,-0.01895945439154545,141.557980079,True,0.0
143.207980079,7.621496397770189,7.621496396474737,7.6404558508662825,167.54634366713276,-0.19586674260193293,-0.4481319273400824,0.011792878653484036,MODEL_ONLY,DUPLICATE_OR_OLD,DUPLICATE_OR_OLD,-0.018959453096093704,-0.01895945439154545,141.557980079,False,
143.257980079,7.586684394489769,7.586684393194317,7.6056438475858625,167.92749615959394,-0.19586674260193293,-0.4481300526399571,0.01679287865348233,MODEL_ONLY,DUPLICATE_OR_OLD,DUPLICATE_OR_OLD,-0.018959453096093704,-0.01895945439154545,141.557980079,False,
143.307980079,7.580150173397631,7.580150172990165,7.600299234229012,168.3076447366394,-0.11996505836258547,-0.44812840202960824,0.006854641534982766,FUSED,ACCEPTED,ACCEPTED,-0.020149060831380794,-0.020149061238846855,141.557980079,True,0.0
143.35798007900001,7.5491334095250195,7.5491334091175535,7.5692824703564,168.68688427925412,-0.11996505836258547,-0.44812694872276365,0.011854641534983903,MODEL_ONLY,DUPLICATE_OR_OLD,DUPLICATE_OR_OLD,-0.020149060831380794,-0.020149061238846855,141.557980079,False,
143.407980079,7.506973222363649,7.5069732222119185,7.516685650324073,169.064033482271,-0.1783917226212645,-0.44812566913501234,0.006276248935598899,FUSED,ACCEPTED,ACCEPTED,-0.00971242796042393,-0.009712428112154115,141.557980079,True,0.0
143.457980079,7.473035245589187,7.4730352454374565,7.482747673549611,169.43901931536791,-0.1783917226212645,-0.4481245425010744,0.011276248935600036,MODEL_ONLY,DUPLICATE_OR_OLD,DUPLICATE_OR_OLD,-0.00971242796042393,-0.009712428112154115,141.557980079,False,
143.507980079,7.439097318412907,7.439097318261177,7.448809746373331,169.81230825086587,-0.1783917226212645,-0.44812355053782005,0.01627624893559833,MODEL_ONLY,DUPLICATE_OR_OLD,DUPLICATE_OR_OLD,-0.00971242796042393,-0.009712428112154115,141.557980079,False,
143.557980079,7.388007790744593,7.388007780157166,7.42239038105348,170.18408825405163,-0.21189910230023484,-0.44812267714756887,0.006802685635163325,FUSED,ACCEPTED,ACCEPTED,-0.03438259030888702,-0.03438260089631395,141.557980079,True,-1.5492284483054064e-08
143.60798007900001,7.352394576703394,7.352394566115967,7.386777167012281,170.55431744275336,-0.21189910230023484,-0.44812190815685526,0.011802685635164463,MODEL_ONLY,DUPLICATE_OR_OLD,DUPLICATE_OR_OLD,-0.03438259030888702,-0.03438260089631395,141.557980079,False,
143.657980079,7.3212300145422695,7.321230010592132,7.3562604453920795,170.92289338306335,-0.1808526830088125,-0.4481212310864199,0.006269030597858865,FUSED,ACCEPTED,ACCEPTED,-0.035030430849809946,-0.03503043479994705,141.557980079,True,0.0
143.707980079,7.287169185126049,7.287169181175912,7.322199615975859,171.28985488459764,-0.1808526830088125,-0.44812063494869503,0.011269030597860002,MODEL_ONLY,DUPLICATE_OR_OLD,DUPLICATE_OR_OLD,-0.035030430849809946,-0.03503043479994705,141.557980079,False,
143.757980079,7.258915923273821,7.258901658619477,7.293666813022305,171.65525154532247,-0.17573032865958568,-0.43501120155939177,0.006193235999803018,FUSED,ACCEPTED,ACCEPTED,-0.034750889748483615,-0.03476515440282757,141.557980079,True,-2.3030206857586888e-05
143.807980079,7.226343803983136,7.226329539328792,7.26109469373162,172.0191205829914,-0.17573032865958568,-0.42346878678721733,0.011193235999804155,MODEL_ONLY,DUPLICATE_OR_OLD,DUPLICATE_OR_OLD,-0.034750889748483615,-0.03476515440282757,141.557980079,False,
143.85798007900001,7.178471363455673,7.178465917525149,7.209877274311576,172.38089488219256,-0.23093983454124598,-0.41330607915398454,0.006182220478571516,FUSED,ACCEPTED,ACCEPTED,-0.03140591085590305,-0.03141135678642648,141.557980079,True,0.0
143.907980079,7.144094300349837,7.144088854419314,7.17550021120574,172.74052931933036,-0.23093983454124598,-0.4043581572089601,0.011182220478569812,MODEL_ONLY,DUPLICATE_OR_OLD,DUPLICATE_OR_OLD,-0.03140591085590305,-0.03141135678642648,141.557980079,False,
143.957980079,7.108280038931623,7.1082779589206755,7.13445222560219,173.09827813025063,-0.21631511100139572,-0.3964798131668152,0.006180614242331135,FUSED,ACCEPTED,ACCEPTED,-0.026172186670566866,-0.026174266681514347,141.557980079,True,0.0
144.007980079,7.075374960040178,7.075372880029231,7.101547146710745,173.45417811455835,-0.21631511100139572,-0.38954319646098395,0.01118061424232943,MODEL_ONLY,DUPLICATE_OR_OLD,DUPLICATE_OR_OLD,-0.026172186670566866,-0.026174266681514347,141.557980079,False,
144.057980079,7.049028745029001,7.049027950543842,7.075848401778957,173.80861300327066,-0.19802774603469245,-0.38343573897165967,0.006180379914909969,FUSED,ACCEPTED,ACCEPTED,-0.026819656749956344,-0.026820451235115783,141.557980079,True,0.0
144.10798007900001,7.017612277795974,7.017611483310815,7.044431934545931,174.16162001167888,-0.19802774603469245,-0.37805832825895247,0.011180379914911106,MODEL_ONLY,DUPLICATE_OR_OLD,DUPLICATE_OR_OLD,-0.026819656749956344,-0.026820451235115783,141.557980079,False,
144.157980079,6.99925519070184,6.999254887235976,7.017100910735084,174.51315833281078,-0.17059115358088978,-0.37332369915614355,0.006180345727410501,FUSED,ACCEPTED,ACCEPTED,-0.017845720033244028,-0.01784602349910802,141.557980079,True,0.0
144.207980079,6.9696557186233665,6.9696554151575025,6.9875014386566106,174.86327339154565,-0.17059115358088978,-0.36915501762169833,0.011180345727411639,MODEL_ONLY,DUPLICATE_OR_OLD,DUPLICATE_OR_OLD,-0.017845720033244028,-0.01784602349910802,141.557980079,False,
144.257980079,6.940239765732562,6.940239462266698,6.958085485765806,175.2119130646561,-0.17059115358088978,-0.3654846338686616,0.016180345727409933,MODEL_ONLY,DUPLICATE_OR_OLD,DUPLICATE_OR_OLD,-0.017845720033244028,-0.01784602349910802,141.557980079,False,
144.307980079,6.910985395308322,6.910985091842458,6.928831115341566,175.55908597968386,-0.17059115358088978,-0.36225298453703075,0.021180345727411072,MODEL_ONLY,DUPLICATE_OR_OLD,DUPLICATE_OR_OLD,-0.017845720033244028,-0.01784602349910802,141.557980079,False,
144.35798007900001,6.89555938665936,6.895489923803581,6.935754469834647,175.90570061931334,-0.15441203288167493,-0.35940762609352117,0.007236068423629395,FUSED,ACCEPTED,ACCEPTED,-0.04019508317528686,-0.04026454603106622,141.557980079,True,-9.587938619318864e-05
144.407980079,6.86738150230832,6.867312039452541,6.907576585483607,176.25178389569618,-0.15441203288167493,-0.3569023837725787,0.01223606842362769,MODEL_ONLY,DUPLICATE_OR_OLD,DUPLICATE_OR_OLD,-0.04019508317528686,-0.04026454603106622,141.557980079,False,
144.457980079,6.825118528049838,6.825093024054658,6.8504445145362745,176.59573442319675,-0.20522399224492838,-0.3546966022475955,0.0063283981210282055,FUSED,ACCEPTED,ACCEPTED,-0.025325986486436136,-0.02535149048161678,141.557980079,True,0.0
144.507980079,6.794607440625658,6.794581936630477,6.819933427112094,176.93749387173784,-0.20522399224492838,-0.35275448587215397,0.011328398121026501,MODEL_ONLY,DUPLICATE_OR_OLD,DUPLICATE_OR_OLD,-0.025325986486436136,-0.02535149048161678,141.557980079,False,
144.557980079,6.766095722720245,6.766086035843337,6.785436860931732,177.27762812893903,-0.18240096979680404,-0.3510445177846339,0.006201819816750142,FUSED,ACCEPTED,ACCEPTED,-0.01934113821148653,-0.01935082508839514,141.557980079,True,0.0
144.60798007900001,6.736886563289592,6.736876876412683,6.7562277015010785,177.61616974299992,-0.18240096979680404,-0.3495389484493924,0.01120181981675128,MODEL_ONLY,DUPLICATE_OR_OLD,DUPLICATE_OR_OLD,-0.01934113821148653,-0.01935082508839514,141.557980079,False,
144.657980079,6.7132363561296815,6.713232659105209,6.732784797538042,177.95339505547577,-0.16964353709345878,-0.3482133453344794,0.006183471197825933,FUSED,ACCEPTED,ACCEPTED,-0.019548441408360873,-0.01955213843283321,141.557980079,True,0.0
144.707980079,6.6847897059357635,6.684786008911291,6.704338147344124,178.2893231290979,-0.16964353709345878,-0.34704619641802836,0.011183471197827071,MODEL_ONLY,DUPLICATE_OR_OLD,DUPLICATE_OR_OLD,-0.019548441408360873,-0.01955213843283321,141.557980079,False,
144.757980079,6.657051300967138,6.657049888998326,6.674949738381589,178.62380532624093,-0.17485018931135915,-0.3460185610889875,0.006180796684883196,FUSED,ACCEPTED,ACCEPTED,-0.017898437414450186,-0.01789984938326228,141.557980079,True,0.0
144.807980079,6.628440939844379,6.628439527875567,6.646339377258829,178.95683755413202,-0.17485018931135915,-0.34511376277695605,0.011180796684884333,MODEL_ONLY,DUPLICATE_OR_OLD,DUPLICATE_OR_OLD,-0.017898437414450186,-0.01789984938326228,141.557980079,False,
144.85798007900001,6.604858149904235,6.60485761058955,6.624315236836568,179.28860391948447,-0.16075863226277803,-0.34431711832311224,0.006180406532176642,FUSED,ACCEPTED,ACCEPTED,-0.01945708693233339,-0.019457626247018744,141.557980079,True,0.0
144.907980079,6.577027269787748,6.5770267304730625,6.596484356720081,179.61912390932326,-0.16075863226277803,-0.3436156997004195,0.011180406532174936,MODEL_ONLY,DUPLICATE_OR_OLD,DUPLICATE_OR_OLD,-0.01945708693233339,-0.019457626247018744,141.557980079,False,
144.957980079,6.561835118357941,6.561834912358586,6.582917946303688,179.94860896689895,-0.13030449809092473,-0.34299812421629117,0.00618034961080155,FUSED,ACCEPTED,ACCEPTED,-0.02108282794574734,-0.021083033945101803,141.557980079,True,0.0
145.007980079,6.535585011445411,6.535584805446057,6.556667839391158,180.2770986115412,-0.13030449809092473,-0.3424543697931028,0.011180349610799844,MODEL_ONLY,DUPLICATE_OR_OLD,DUPLICATE_OR_OLD,-0.02108282794574734,-0.021083033945101803,141.557980079,False,
145.057980079,6.509358842406077,6.509358636406723,6.530441670351824,180.60427634928485,-0.13030449809092473,-0.34197561232889645,0.016180349610800983,MODEL_ONLY,DUPLICATE_OR_OLD,DUPLICATE_OR_OLD,-0.02108282794574734,-0.021083033945101803,141.557980079,False,
145.10798007900001,6.48315374985824,6.483153543858886,6.5042365778039875,180.93014330548883,-0.13030449809092473,-0.3415540824989612,0.02118034961080212,MODEL_ONLY,DUPLICATE_OR_OLD,DUPLICATE_OR_OLD,-0.02108282794574734,-0.021083033945101803,141.557980079,False,
145.157980079,6.479767526434286,6.479930841312804,6.511903105276935,181.25554679756573,-0.08680224717358923,-0.35429184818454745,0.007236068720293726,FUSED,ACCEPTED,ACCEPTED,-0.03213557884264873,-0.03197226396413111,141.557980079,True,0.0002257742727973175
145.207980079,6.454539899454477,6.454703214332994,6.486675478297125,181.58051126215514,-0.08680224717358923,-0.3655070220557365,0.012236068720294863,MODEL_ONLY,DUPLICATE_OR_OLD,DUPLICATE_OR_OLD,-0.03213557884264873,-0.03197226396413111,141.557980079,False,
145.257980079,6.410340861753182,6.410400824474012,6.429856397429722,181.9034245590482,-0.15488914775233845,-0.3753816050921624,0.006328398161020515,FUSED,ACCEPTED,ACCEPTED,-0.01951553567653974,-0.01945557295571021,141.557980079,True,0.0
145.307980079,6.380780448695752,6.380840411416582,6.400295984372292,182.22417836859333,-0.15488914775233845,-0.3840758430293798,0.011328398161021653,MODEL_ONLY,DUPLICATE_OR_OLD,DUPLICATE_OR_OLD,-0.01951553567653974,-0.01945557295571021,141.557980079,False,
145.35798007900001,6.350092151369826,6.350114926291591,6.3663132582842055,182.5433435996598,-0.13331228725786443,-0.39173082684288013,0.0062018198225199115,FUSED,ACCEPTED,ACCEPTED,-0.01622110691437939,-0.01619833199261489,141.557980079,True,0.0
145.407980079,6.3208908343692665,6.320913609291031,6.337111941283646,182.8609292296489,-0.13331228725786443,-0.3984707823867785,0.011201819822518206,MODEL_ONLY,DUPLICATE_OR_OLD,DUPLICATE_OR_OLD,-0.01622110691437939,-0.01619833199261489,141.557980079,False,
145.457980079,6.29139280217085,6.291415577092614,6.307613909085229,183.1770473759082,-0.13331228725786443,-0.40440508634358946,0.016201819822519344,MODEL_ONLY,DUPLICATE_OR_OLD,DUPLICATE_OR_OLD,-0.01622110691437939,-0.01619833199261489,141.557980079,False,
145.507980079,6.261633522229625,6.261656297151389,6.277854629144004,183.49168408936382,-0.13331228725786443,-0.40963004120010366,0.021201819822517638,MODEL_ONLY,DUPLICATE_OR_OLD,DUPLICATE_OR_OLD,-0.01622110691437939,-0.01619833199261489,141.557980079,False,
145.557980079,6.246312754950815,6.24644472182036,6.288884109223605,183.80585255782307,-0.09434236966735006,-0.4142304380539435,0.007237707924898392,FUSED,ACCEPTED,ACCEPTED,-0.04257135427278946,-0.04243938740324449,141.557980079,True,0.00017364029090249228
145.60798007900001,6.2180694263185,6.218201393188045,6.26064078059129,184.1195906800685,-0.09434236966735006,-0.41828093261207755,0.012237707924899529,MODEL_ONLY,DUPLICATE_OR_OLD,DUPLICATE_OR_OLD,-0.04257135427278946,-0.04243938740324449,141.557980079,False,
145.657980079,6.162949403032632,6.162997853096752,6.190700916955345,184.43087422250707,-0.18102070941478882,-0.42184725671121925,0.006328619123322393,FUSED,ACCEPTED,ACCEPTED,-0.02775151392271269,-0.02770306385859289,141.557980079,True,0.0
145.707980079,6.130036839792511,6.1300852898566305,6.157788353715223,184.7395864542739,-0.18102070941478882,-0.42498728502074806,0.01132861912332353,MODEL_ONLY,DUPLICATE_OR_OLD,DUPLICATE_OR_OLD,-0.02775151392271269,-0.02770306385859289,141.557980079,False,
145.757980079,6.09698604209151,6.09703449215563,6.124737556014223,185.04664960201703,-0.18102070941478882,-0.42775197423870337,0.016328619123321824,MODEL_ONLY,DUPLICATE_OR_OLD,DUPLICATE_OR_OLD,-0.02775151392271269,-0.02770306385859289,141.557980079,False,
145.807980079,6.063813533601313,6.063861983665433,6.091565047524026,185.35205716710556,-0.18102070941478882,-0.43018619002226555,0.021328619123322963,MODEL_ONLY,DUPLICATE_OR_OLD,DUPLICATE_OR_OLD,-0.02775151392271269,-0.02770306385859289,141.557980079,False,
145.85798007900001,6.0177350228905215,6.017748359500965,6.044563231596512,185.65546037408365,-0.17802765949186675,-0.4323294350721818,0.007247349268615694,FUSED,ACCEPTED,ACCEPTED,-0.026828208705990342,-0.026814872095546782,141.557980079,True,0.0
145.907980079,5.9845106518882725,5.984523988498716,6.011338860594263,185.95685792638832,-0.17802765949186675,-0.434216490186608,0.01224734926861399,MODEL_ONLY,DUPLICATE_OR_OLD,DUPLICATE_OR_OLD,-0.026828208705990342,-0.026814872095546782,141.557980079,False,
145.957980079,5.959017650487567,5.959022545132662,5.988166503744732,186.25684556049686,-0.1464643960808645,-0.43587797868743317,0.006329918223818379,FUSED,ACCEPTED,ACCEPTED,-0.029148853257164653,-0.029143958612070087,141.557980079,True,0.0
146.007980079,5.927215223996265,5.92722011864136,5.95636407725343,186.5554588250217,-0.1464643960808645,-0.4373408633786471,0.011329918223816675,MODEL_ONLY,DUPLICATE_OR_OLD,DUPLICATE_OR_OLD,-0.029148853257164653,-0.029143958612070087,141.557980079,False,
146.057980079,5.882557021307242,5.882558880274312,5.908535663128394,186.8520813185313,-0.1939661541892856,-0.4386288841014674,0.0062020390967435345,FUSED,ACCEPTED,ACCEPTED,-0.02597864182115206,-0.025976782854082003,141.557980079,True,0.0
146.10798007900001,5.848258402930088,5.848260261897158,5.87423704475124,187.14665063622837,-0.1939661541892856,-0.43976294298688573,0.011202039096744672,MODEL_ONLY,DUPLICATE_OR_OLD,DUPLICATE_OR_OLD,-0.02597864182115206,-0.025976782854082003,141.557980079,False,
146.157980079,5.81390985951942,5.81391171848649,5.839888501340572,187.43950377488056,-0.1939661541892856,-0.4407614436575733,0.016202039096742966,MODEL_ONLY,DUPLICATE_OR_OLD,DUPLICATE_OR_OLD,-0.02597864182115206,-0.025976782854082003,141.557980079,False,
146.207980079,5.779517358797424,5.779519217764494,5.805496000618576,187.73063838742962,-0.1939661541892856,-0.4416405898837385,0.021202039096744105,MODEL_ONLY,DUPLICATE_OR_OLD,DUPLICATE_OR_OLD,-0.02597864182115206,-0.025976782854082003,141.557980079,False,
146.257980079,5.744068309373563,5.744068822871453,5.766073160157065,188.0199276164489,-0.1798701223323925,-0.44241464853955037,0.007237724655984962,FUSED,ACCEPTED,ACCEPTED,-0.022004850783502228,-0.022004337285611797,141.557980079,True,0.0
146.307980079,5.710307830682227,5.710308344180118,5.7323126814657295,188.30738726248956,-0.1798701223323925,-0.44309618112742427,0.012237724655986099,MODEL_ONLY,DUPLICATE_OR_OLD,DUPLICATE_OR_OLD,-0.022004850783502228,-0.022004337285611797,141.557980079,False,
146.35798007900001,5.681769315189269,5.681769503713787,5.700008593474785,188.59319529436314,-0.1648468403561557,-0.4436962476273546,0.00632862137851083,FUSED,ACCEPTED,ACCEPTED,-0.01823927828551586,-0.018239089760998084,141.557980079,True,0.0
146.407980079,5.648703580354166,5.648703768878684,5.666942858639682,188.87736908066591,-0.1648468403561557,-0.444224585979394,0.011328621378509124,MODEL_ONLY,DUPLICATE_OR_OLD,DUPLICATE_OR_OLD,-0.01823927828551586,-0.018239089760998084,141.557980079,False,
146.457980079,5.615614586312417,5.615614774836935,5.633853864597933,189.1598889987469,-0.1648468403561557,-0.4446897701119334,0.01632862137851026,MODEL_ONLY,DUPLICATE_OR_OLD,DUPLICATE_OR_OLD,-0.01823927828551586,-0.018239089760998084,141.557980079,False,
146.507980079,5.582505113322269,5.582505301846787,5.600744391607785,189.44075395515196,-0.1648468403561557,-0.44509934908027987,0.021328621378508553,MODEL_ONLY,DUPLICATE_OR_OLD,DUPLICATE_OR_OLD,-0.01823927828551586,-0.018239089760998084,141.557980079,False,
146.557980079,5.557463114843557,5.557463166737769,5.575821353108402,189.72016809876993,-0.15175393174066062,-0.4454599695734945,0.007247349439493036,FUSED,ACCEPTED,ACCEPTED,-0.018358238264845284,-0.01835818637063369,141.557980079,True,0.0
146.60798007900001,5.524974380549303,5.524974432443514,5.543332618814148,189.99814694806807,-0.15175393174066062,-0.44577748377753496,0.012247349439494173,MODEL_ONLY,DUPLICATE_OR_OLD,DUPLICATE_OR_OLD,-0.018358238264845284,-0.01835818637063369,141.557980079,False,
146.657980079,5.4902422715726376,5.490242290618237,5.509234155605545,190.27446111742847,-0.164333194080258,-0.4460570443451243,0.006329918246834702,FUSED,ACCEPTED,ACCEPTED,-0.01899188403290708,-0.018991864987307316,141.557980079,True,0.0
146.707980079,5.457098288949604,5.457098307995204,5.476090172982511,190.54909422564324,-0.164333194080258,-0.44630318801352215,0.01132991824683584,MODEL_ONLY,DUPLICATE_OR_OLD,DUPLICATE_OR_OLD,-0.01899188403290708,-0.018991864987307316,141.557980079,False,
146.757980079,5.425994236838705,5.425994244072149,5.442983333327357,190.8220710633009,-0.15532497880603555,-0.44651990922715656,0.0062020391000635255,FUSED,ACCEPTED,ACCEPTED,-0.016989096488651434,-0.016989089255207368,141.557980079,True,0.0
146.807980079,5.393280288132066,5.39328029536551,5.410269384620717,191.09340238124966,-0.15532497880603555,-0.4467107249598745,0.011202039100064662,MODEL_ONLY,DUPLICATE_OR_OLD,DUPLICATE_OR_OLD,-0.016989096488651434,-0.016989089255207368,141.557980079,False,
146.85798007900001,5.353767746541667,5.353767749302309,5.379960364676458,191.36315812498216,-0.1822070498786225,-0.43376982327863717,0.006183503138129855,FUSED,ACCEPTED,ACCEPTED,-0.026192618134791346,-0.026192615374149852,141.557980079,True,0.0
146.907980079,5.320926440779319,5.32092644353996,5.34711905891411,191.63133511057183,-0.1822070498786225,-0.42237579500183314,0.011183503138128149,MODEL_ONLY,DUPLICATE_OR_OLD,DUPLICATE_OR_OLD,-0.026192618134791346,-0.026192615374149852,141.557980079,False,
146.957980079,5.298168345261137,5.298168346315481,5.324850342072928,191.89813434559656,-0.14647011567101065,-0.4123437366823587,0.0061808013437905235,FUSED,ACCEPTED,ACCEPTED,-0.026681996811791286,-0.02668199575744712,141.557980079,True,0.0
147.007980079,5.268057133606269,5.268057134660613,5.29473913041806,192.16362408240875,-0.14647011567101065,-0.40351084705980883,0.011180801343788817,MODEL_ONLY,DUPLICATE_OR_OLD,DUPLICATE_OR_OLD,-0.026681996811791286,-0.02668199575744712,141.557980079,False,
147.057980079,5.2334412584515535,5.2334412588542705,5.259720629675846,192.42748557641116,-0.17627810444980602,-0.3957337851050569,0.006180407211877806,FUSED,ACCEPTED,ACCEPTED,-0.026279371224292802,-0.02627937082157583,141.557980079,True,0.0
147.10798007900001,5.2025708725173425,5.2025708729200595,5.228850243741635,192.68969984824665,-0.17627810444980602,-0.38888634386752524,0.011180407211878943,MODEL_ONLY,DUPLICATE_OR_OLD,DUPLICATE_OR_OLD,-0.026279371224292802,-0.02627937082157583,141.557980079,False,
147.157980079,5.1667438281086735,5.166743828262497,5.191815237096205,192.9502164852675,-0.185385186421103,-0.3828574023759668,0.006180349709968106,FUSED,ACCEPTED,ACCEPTED,-0.025071408987531463,-0.025071408833707842,141.557980079,True,0.0
147.207980079,5.135984949151471,5.1359849493052945,5.161056358139002,193.20903827514843,-0.185385186421103,-0.3775491223560599,0.011180349709969242,MODEL_ONLY,DUPLICATE_OR_OLD,DUPLICATE_OR_OLD,-0.025071408987531463,-0.025071408833707842,141.557980079,False,
147.257980079,5.093585712017083,5.093580580467033,5.122698053808879,193.46613213544703,-0.21515149188929703,-0.3728753605009872,0.006180341320577265,FUSED,ACCEPTED,ACCEPTED,-0.029112341791796226,-0.029117473341846,141.557980079,True,-8.303115538496608e-06
147.307980079,5.061777960377819,5.0617728288277695,5.0908903021696155,193.72147184434655,-0.21515149188929703,-0.3687602705290869,0.011180341320578402,MODEL_ONLY,DUPLICATE_OR_OLD,DUPLICATE_OR_OLD,-0.029112341791796226,-0.029117473341846,141.557980079,False,
147.35798007900001,5.049325211488243,5.049323251410646,5.073651366446635,193.97558538606202,-0.14509845738216492,-0.36513707234271703,0.006180340096582578,FUSED,ACCEPTED,ACCEPTED,-0.0243261549583913,-0.024328115035988418,141.557980079,True,0.0
147.407980079,5.021360776685105,5.021358816607508,5.0456869316434965,194.22856884351418,-0.14509845738216492,-0.36194696831404505,0.011180340096580872,MODEL_ONLY,DUPLICATE_OR_OLD,DUPLICATE_OR_OLD,-0.0243261549583913,-0.024328115035988418,141.557980079,False,
147.457980079,5.00877121803654,5.008770469353525,5.0331297338589485,194.4805392601518,-0.12662969698830312,-0.3591381891111726,0.006180339918003756,FUSED,ACCEPTED,ACCEPTED,-0.024358515822408222,-0.02435926450542336,141.557980079,True,0.0
147.507980079,4.981994311989788,4.981993563306773,5.006352827812196,194.73152632419348,-0.12662969698830312,-0.3566651535801765,0.01118033991800205,MODEL_ONLY,DUPLICATE_OR_OLD,DUPLICATE_OR_OLD,-0.024358515822408222,-0.02435926450542336,141.557980079,False,
147.557980079,4.9587343869954,4.958734101023935,4.979837929524627,194.98118109312696,-0.13566406195612166,-0.3544877290495043,0.006180339891949458,FUSED,ACCEPTED,ACCEPTED,-0.02110354252922697,-0.021103828500692146,141.557980079,True,0.0
147.60798007900001,4.931710491376605,4.93171020540514,4.952814033905832,195.22949739221278,-0.13566406195612166,-0.3525705800529186,0.011180339891950594,MODEL_ONLY,DUPLICATE_OR_OLD,DUPLICATE_OR_OLD,-0.02110354252922697,-0.021103828500692146,141.557980079,False,
147.657980079,4.904770995015373,4.904770709043908,4.9258745375446,195.47646460649895,-0.13566406195612166,-0.35088259490195994,0.016180339891948888,MODEL_ONLY,DUPLICATE_OR_OLD,DUPLICATE_OR_OLD,-0.02110354252922697,-0.021103828500692146,141.557980079,False,
147.707980079,4.877142482548994,4.87714239083368,4.893330326065367,195.72194472808926,-0.14134983840229648,-0.34939638080230756,0.006792850868639266,FUSED,ACCEPTED,ACCEPTED,-0.01618784351637359,-0.016187935231687156,141.557980079,True,0.0
147.757980079,4.850058436144514,4.8500583444292005,4.866246279660888,195.96593414323232,-0.14134983840229648,-0.34808781932073973,0.011792850868637562,MODEL_ONLY,DUPLICATE_OR_OLD,DUPLICATE_OR_OLD,-0.01618784351637359,-0.016187935231687156,141.557980079,False,
147.807980079,4.823031996956619,4.823031905241305,4.8392198404729925,196.20857079623573,-0.14134983840229648,-0.34693567498874506,0.0167928508686387,MODEL_ONLY,DUPLICATE_OR_OLD,DUPLICATE_OR_OLD,-0.01618784351637359,-0.016187935231687156,141.557980079,False,
147.85798007900001,4.814249149917816,4.814249121070037,4.830613238937856,196.45031662322106,-0.09035081250634605,-0.35903015920130277,0.00685463878614802,FUSED,ACCEPTED,ACCEPTED,-0.016364089020039607,-0.016364117867818884,141.557980079,True,0.0
147.907980079,4.788635498504598,4.7886354696568185,4.804999587524637,196.69120694388255,-0.09035081250634605,-0.3696789453914523,0.011854638786146315,MODEL_ONLY,DUPLICATE_OR_OLD,DUPLICATE_OR_OLD,-0.016364089020039607,-0.016364117867818884,141.557980079,False,
147.957980079,4.7497192820946355,4.74971927135244,4.77209597684318,196.9306343329918,-0.14496386148169244,-0.37905484314209037,0.0062762485544365825,FUSED,ACCEPTED,ACCEPTED,-0.022376694748544423,-0.02237670549074,141.557980079,True,0.0
148.007980079,4.7204934252285575,4.720493414486362,4.742870119977102,197.16850848541222,-0.14496386148169244,-0.3873100054733275,0.011276248554434877,MODEL_ONLY,DUPLICATE_OR_OLD,DUPLICATE_OR_OLD,-0.022376694748544423,-0.02237670549074,141.557980079,False,
148.057980079,4.708962947377708,4.7089629432895315,4.729871338483105,197.40532702187377,-0.07245427544947261,-0.39457839799718114,0.006194281699199494,FUSED,ACCEPTED,ACCEPTED,-0.02090839110539644,-0.020908395193573348,141.557980079,True,0.0
148.10798007900001,4.682679171440637,4.68267916735246,4.7035875625460335,197.64116349439956,-0.07245427544947261,-0.4009779729250872,0.011194281699200632,MODEL_ONLY,DUPLICATE_OR_OLD,DUPLICATE_OR_OLD,-0.02090839110539644,-0.020908395193573348,141.557980079,False,
148.157980079,4.655640356097369,4.655640354536656,4.676040035383699,197.87565418434772,-0.09724516866210933,-0.4066125832083728,0.006182372887779619,FUSED,ACCEPTED,ACCEPTED,-0.020399679286329686,-0.020399680847043022,141.557980079,True,0.0
148.207980079,4.627587250752196,4.627587249191483,4.647986930038526,198.10875485848334,-0.09724516866210933,-0.4115736678744964,0.011182372887780756,MODEL_ONLY,DUPLICATE_OR_OLD,DUPLICATE_OR_OLD,-0.020399679286329686,-0.020399680847043022,141.557980079,False,
148.257980079,4.605848178448801,4.605848177852708,4.626148773323335,198.3406082510673,-0.07486613180630605,-0.4159417359088427,0.006180636475211297,FUSED,ACCEPTED,ACCEPTED,-0.020300594874534283,-0.020300595470627236,141.557980079,True,0.0
148.307980079,4.578503324702005,4.578503324105912,4.59880391957654,198.57123206838983,-0.07486613180630605,-0.41978767276273,0.011180636475212434,MODEL_ONLY,DUPLICATE_OR_OLD,DUPLICATE_OR_OLD,-0.020300594874534283,-0.020300595470627236,141.557980079,False,
148.35798007900001,4.550989160058863,4.55098915946277,4.571289754933397,198.80048441025264,-0.07486613180630605,-0.42317389068968886,0.01618063647521357,MODEL_ONLY,DUPLICATE_OR_OLD,DUPLICATE_OR_OLD,-0.020300594874534283,-0.020300595470627236,141.557980079,False,
148.407980079,4.523325922871327,4.523325922275234,4.543626517745861,199.02835731706955,-0.07486613180630605,-0.42615534157785456,0.021180636475211866,MODEL_ONLY,DUPLICATE_OR_OLD,DUPLICATE_OR_OLD,-0.020300594874534283,-0.020300595470627236,141.557980079,False,
148.457980079,4.496954590352019,4.497120655773252,4.549838747011953,199.25569394868856,-0.07762728059291643,-0.42878040871478784,0.007236090634599283,FUSED,ACCEPTED,ACCEPTED,-0.05288415665993362,-0.05271809123870064,141.557980079,True,0.00022949627688975682
148.507980079,4.468906478206228,4.469072543627461,4.521790634866162,199.48248468323544,-0.07762728059291643,-0.4310916919563639,0.012236090634597577,MODEL_ONLY,DUPLICATE_OR_OLD,DUPLICATE_OR_OLD,-0.05288415665993362,-0.05271809123870064,141.557980079,False,
148.557980079,4.429268048878619,4.429329021440159,4.45857507273169,199.70699382592545,-0.10718533585482831,-0.4331266990415682,0.0063284011152111765,FUSED,ACCEPTED,ACCEPTED,-0.029307023853070824,-0.029246051291530684,141.557980079,True,0.0
148.60798007900001,4.399550695853939,4.39961166841548,4.42885771970701,199.92917964573647,-0.10718533585482831,-0.43491845427188147,0.011328401115212314,MODEL_ONLY,DUPLICATE_OR_OLD,DUPLICATE_OR_OLD,-0.029307023853070824,-0.029246051291530684,141.557980079,False,
148.657980079,4.372930484184539,4.372953642659401,4.3936007335957425,200.14974110706896,-0.0840637510913021,-0.43649603443299967,0.006201820248696099,FUSED,ACCEPTED,ACCEPTED,-0.020670249411203656,-0.020647090936341428,141.557980079,True,0.0
148.707980079,4.3442208810788365,4.344244039553699,4.36489113049004,200.36870340367116,-0.0840637510913021,-0.4378850406558649,0.011201820248697236,MODEL_ONLY,DUPLICATE_OR_OLD,DUPLICATE_OR_OLD,-0.020670249411203656,-0.020647090936341428,141.557980079,False,
148.757980079,4.312839459402021,4.312848297900508,4.334163003896067,200.58617975703075,-0.09623154363690127,-0.4391080138744104,0.006183471260742715,FUSED,ACCEPTED,ACCEPTED,-0.021323544494046054,-0.02131470599555918,141.557980079,True,0.0
148.807980079,4.2834064786707255,4.283415317169212,4.304730023164772,200.80215208270732,-0.09623154363690127,-0.4401848006221299,0.011183471260743852,MODEL_ONLY,DUPLICATE_OR_OLD,DUPLICATE_OR_OLD,-0.021323544494046054,-0.02131470599555918,141.557980079,False,
148.85798007900001,4.251589703995225,4.251593079597488,4.277145611301914,201.01669897356905,-0.09913348241703183,-0.44113287510363214,0.006180796694060849,FUSED,ACCEPTED,ACCEPTED,-0.025555907306689107,-0.02555253170442562,141.557980079,True,0.0
148.907980079,4.221922485217656,4.221925860819919,4.247478392524345,201.22981457366464,-0.09913348241703183,-0.4419676227678088,0.011180796694059143,MODEL_ONLY,DUPLICATE_OR_OLD,DUPLICATE_OR_OLD,-0.025555907306689107,-0.02555253170442562,141.557980079,False,
148.957980079,4.199224005073608,4.199225294416443,4.217718868769098,201.441444505197,-0.07605503122205945,-0.44270258998446155,0.006180406533515181,FUSED,ACCEPTED,ACCEPTED,-0.018494863695489805,-0.01849357435265464,141.557980079,True,0.0
149.007980079,4.17064160480037,4.170642894143205,4.189136468495859,201.65161588862856,-0.07605503122205945,-0.4433497038761625,0.011180406533513477,MODEL_ONLY,DUPLICATE_OR_OLD,DUPLICATE_OR_OLD,-0.018494863695489805,-0.01849357435265464,141.557980079,False,
149.057980079,4.142891840837852,4.142892333321739,4.163319899867105,201.86042729783767,-0.08235327377912338,-0.4439194658728132,0.00618034961099684,FUSED,ACCEPTED,ACCEPTED,-0.020428059029252488,-0.020427566545365927,141.557980079,True,0.0
149.10798007900001,4.113940957524057,4.113941450007943,4.134369016553309,202.06786952074822,-0.08235327377912338,-0.44442112212991175,0.011180349610997977,MODEL_ONLY,DUPLICATE_OR_OLD,DUPLICATE_OR_OLD,-0.020428059029252488,-0.020427566545365927,141.557980079,False,
149.157980079,4.083362835835121,4.083363023947157,4.10396516388348,202.27382787525906,-0.08747968678435909,-0.4448628135761039,0.006180341306137562,FUSED,ACCEPTED,ACCEPTED,-0.020602328048358487,-0.020602139936323205,141.557980079,True,0.0
149.207980079,4.054114102576309,4.054114290688345,4.074716430624668,202.4782949151218,-0.08747968678435909,-0.4452517080249999,0.0111803413061387,MODEL_ONLY,DUPLICATE_OR_OLD,DUPLICATE_OR_OLD,-0.020602328048358487,-0.020602139936323205,141.557980079,False,
149.257980079,4.0203917104781395,4.020391782330539,4.0448302983867075,202.681283583347,-0.09844827787385793,-0.4455941164951792,0.00618034009447544,FUSED,ACCEPTED,ACCEPTED,-0.02443858790856801,-0.024438516056168424,141.557980079,True,0.0
149.307980079,3.9905623532848002,3.9905624251372,4.015000941193368,202.88277936433656,-0.09844827787385793,-0.4458955956260423,0.011180340094476576,MODEL_ONLY,DUPLICATE_OR_OLD,DUPLICATE_OR_OLD,-0.02443858790856801,-0.024438516056168424,141.557980079,False,
149.35798007900001,3.9602260862542384,3.9602261136994126,3.983503496519352,203.08274197527942,-0.09395645696493218,-0.44616103785151745,0.006180339917696743,FUSED,ACCEPTED,ACCEPTED,-0.02327741026511365,-0.02327738281993952,141.557980079,True,0.0
149.407980079,3.930596362347916,3.9305963897930902,3.9538737726130297,203.28117640700765,-0.09395645696493218,-0.44639475079497537,0.011180339917695039,MODEL_ONLY,DUPLICATE_OR_OLD,DUPLICATE_OR_OLD,-0.02327741026511365,-0.02327738281993952,141.557980079,False,
149.457980079,3.9011772655166284,3.901177275999752,3.9231708825823364,203.47810252338758,-0.09301633549879403,-0.4466005271737789,0.0061803398919046655,FUSED,ACCEPTED,ACCEPTED,-0.021993617065708015,-0.021993606582584313,141.557980079,True,0.0
149.507980079,3.8715751999059673,3.871575210389091,3.8935688169716753,203.67352101587636,-0.09301633549879403,-0.4467817063478843,0.01118033989190296,MODEL_ONLY,DUPLICATE_OR_OLD,DUPLICATE_OR_OLD,-0.021993617065708015,-0.021993606582584313,141.557980079,False,
149.557980079,3.841965158187118,3.841965168670242,3.863958775252826,203.86745920568202,-0.09301633549879403,-0.4469412285113144,0.016180339891904098,MODEL_ONLY,DUPLICATE_OR_OLD,DUPLICATE_OR_OLD,-0.021993617065708015,-0.021993606582584313,141.557980079,False,
149.60798007900001,3.8123480937735383,3.812348104256662,3.8343417108392464,204.05991671783437,-0.09301633549879403,-0.44708168240592483,0.021180339891905237,MODEL_ONLY,DUPLICATE_OR_OLD,DUPLICATE_OR_OLD,-0.021993617065708015,-0.021993606582584313,141.557980079,False,
149.657980079,3.786824705447709,3.7868279121965274,3.8296884718109823,204.25151747240056,-0.08341256783238064,-0.4472053473317699,0.007236067977836271,FUSED,ACCEPTED,ACCEPTED,-0.04286376636327338,-0.042860559614454896,141.557980079,True,4.427613676159792e-06
149.707980079,3.7536618101336017,3.7536537380552484,3.789562495848669,204.4419987465921,-0.10122641278969305,-0.44731423013581534,0.005502802019688483,FUSED,ACCEPTED,ACCEPTED,-0.035900685715067215,-0.03590875779342051,141.557980079,True,-1.728976755933226e-05
149.757980079,3.7236178210868274,3.723609749008474,3.7595185068018946,204.6307257716583,-0.10122641278969305,-0.44741009777925395,0.010502802019686779,MODEL_ONLY,DUPLICATE_OR_OLD,DUPLICATE_OR_OLD,-0.035900685715067215,-0.03590875779342051,141.557980079,False,
149.807980079,3.6935696116284022,3.693561539550049,3.7294702973434695,204.81795049176196,-0.10122641278969305,-0.4474945060119318,0.015502802019687916,MODEL_ONLY,DUPLICATE_OR_OLD,DUPLICATE_OR_OLD,-0.035900685715067215,-0.03590875779342051,141.557980079,False,
149.85798007900001,3.6651306145985005,3.665127968258552,3.688143980851138,205.00339084871686,-0.09003039783429378,-0.44756882461921416,0.00672161265920909,FUSED,ACCEPTED,ACCEPTED,-0.02301336625263728,-0.02301601259258579,141.557980079,True,0.0
149.907980079,3.6356352182059086,3.63563257186596,3.658648584458546,205.18706066284955,-0.09003039783429378,-0.4476342596510014,0.011721612659207386,MODEL_ONLY,DUPLICATE_OR_OLD,DUPLICATE_OR_OLD,-0.02301336625263728,-0.02301601259258579,141.557980079,False,
149.957980079,3.6073280918245745,3.607327101487658,3.628435713255016,205.36923777029241,-0.08855079196542431,-0.44769187299362956,0.00625771089210295,FUSED,ACCEPTED,ACCEPTED,-0.021107621430441537,-0.02110861176735801,141.557980079,True,0.0
150.007980079,3.577901258727863,3.5779002683909464,3.5990088801583044,205.5499238851277,-0.08855079196542431,-0.4477425996022691,0.011257710892101244,MODEL_ONLY,DUPLICATE_OR_OLD,DUPLICATE_OR_OLD,-0.021107621430441537,-0.02110861176735801,141.557980079,False,
150.057980079,3.5486768321649858,3.5486764550045695,3.571927597264096,205.7291972970633,-0.08932974063110843,-0.4477872626734725,0.006191594902887086,FUSED,ACCEPTED,ACCEPTED,-0.023250765099110282,-0.023251142259526514,141.557980079,True,0.0
150.10798007900001,3.519206852264882,3.5192064751044656,3.542457617363992,205.90705692742904,-0.08932974063110843,-0.4478265870040915,0.011191594902888223,MODEL_ONLY,DUPLICATE_OR_OLD,DUPLICATE_OR_OLD,-0.023250765099110282,-0.023251142259526514,141.557980079,False,
150.157980079,3.4859569469359997,3.4859568029354464,3.507890021871391,206.08331561840987,-0.10050473417134154,-0.4478612107533538,0.00618198126647953,FUSED,ACCEPTED,ACCEPTED,-0.021933074935391428,-0.021933218935944687,141.557980079,True,0.0
150.207980079,3.45592496191914,3.4559248179185866,3.4778580368545313,206.25795931987807,-0.10050473417134154,-0.44789169579897586,0.011181981266480668,MODEL_ONLY,DUPLICATE_OR_OLD,DUPLICATE_OR_OLD,-0.021933074935391428,-0.021933218935944687,141.557980079,False,
150.257980079,3.431764680515871,3.4317646255160024,3.4541765156761275,206.43126018369128,-0.0782756260751645,-0.4479185368553716,0.00618057934645187,FUSED,ACCEPTED,ACCEPTED,-0.022411835160256466,-0.022411890160125125,141.557980079,True,0.0
150.307980079,3.4028416272186726,3.402841572218804,3.425253462378929,206.6032459331427,-0.0782756260751645,-0.4479421695019279,0.011180579346453008,MODEL_ONLY,DUPLICATE_OR_OLD,DUPLICATE_OR_OLD,-0.022411835160256466,-0.022411890160125125,141.557980079,False,
150.35798007900001,3.373917533533989,3.3739174785341204,3.3963293686942455,206.77378550391956,-0.0782756260751645,-0.44796297725163114,0.016180579346454144,MODEL_ONLY,DUPLICATE_OR_OLD,DUPLICATE_OR_OLD,-0.022411835160256466,-0.022411890160125125,141.557980079,False,
150.407980079,3.3443700719240548,3.344370054284912,3.3624805172726004,206.94275575106866,-0.08748517768164767,-0.44798129777475504,0.00679287549827462,FUSED,ACCEPTED,ACCEPTED,-0.018110445348545667,-0.01811046298768826,141.557980079,True,0.0
150.457980079,3.314983778102698,3.3149837604635555,3.3330942234512437,207.1101451195868,-0.08748517768164767,-0.44799742837860784,0.011792875498275757,MODEL_ONLY,DUPLICATE_OR_OLD,DUPLICATE_OR_OLD,-0.018110445348545667,-0.01811046298768826,141.557980079,False,
150.507980079,3.2855967741586753,3.2855967565195328,3.303707219507221,207.27606515566072,-0.08748517768164767,-0.4480116308322658,0.016792875498274053,MODEL_ONLY,DUPLICATE_OR_OLD,DUPLICATE_OR_OLD,-0.018110445348545667,-0.01811046298768826,141.557980079,False,
150.557980079,3.2524691734405278,3.2524695088565623,3.294335798474856,207.4410162311103,-0.0964767644365941,-0.44802413561458804,0.006854641222829149,FUSED,ACCEPTED,ACCEPTED,-0.04186662503432803,-0.04186628961829353,141.557980079,True,4.974208958757886e-07
150.60798007900001,3.2368922240205986,3.236920514179509,3.274099112205538,207.60522710387735,-0.04342861147730459,-0.4480351456544511,0.005424312896267739,FUSED,ACCEPTED,ACCEPTED,-0.037206888184939224,-0.03717859802602863,141.557980079,True,5.187142328758748e-05
150.657980079,3.2097063879472105,3.209734678106121,3.2469132761321498,207.76825241358574,-0.04342861147730459,-0.448044839623899,0.010424312896266035,MODEL_ONLY,DUPLICATE_OR_OLD,DUPLICATE_OR_OLD,-0.037206888184939224,-0.03717859802602863,141.557980079,False,
150.707980079,3.1825201251131197,3.1825484152720303,3.219727013298059,207.92991842082154,-0.04342861147730459,-0.44805337483765173,0.015424312896267172,MODEL_ONLY,DUPLICATE_OR_OLD,DUPLICATE_OR_OLD,-0.037206888184939224,-0.03717859802602863,141.557980079,False,
150.757980079,3.1616489556574363,3.161658568206439,3.2124723767087384,208.09072340557165,-0.05353874980155177,-0.448060889806024,0.006713155023715431,FUSED,ACCEPTED,ACCEPTED,-0.05082342105130211,-0.05081380850229955,141.557980079,True,4.677567135846772e-07
150.807980079,3.133956479324881,3.1339660918738836,3.184779900376183,208.2506547124988,-0.05353874980155177,-0.44806750648268545,0.011713155023716568,MODEL_ONLY,DUPLICATE_OR_OLD,DUPLICATE_OR_OLD,-0.05082342105130211,-0.05081380850229955,141.557980079,False,
150.85798007900001,3.093594579357073,3.093598177789753,3.1236412150113075,208.40836524038352,-0.09115900396245587,-0.448073332243736,0.006256526048262987,FUSED,ACCEPTED,ACCEPTED,-0.0300466356542346,-0.030043037221554325,141.557980079,True,0.0
150.907980079,3.0640205425591125,3.0640241409917928,3.094067178213347,208.56380795021408,-0.09115900396245587,-0.44807846163021636,0.011256526048261281,MODEL_ONLY,DUPLICATE_OR_OLD,DUPLICATE_OR_OLD,-0.0300466356542346,-0.030043037221554325,141.557980079,False,
150.957980079,3.027758103886792,3.0277594743775698,3.051596052249941,208.7174495309757,-0.09483686968984487,-0.44808297788233126,0.00619142304598145,FUSED,ACCEPTED,ACCEPTED,-0.023837948363148787,-0.023836577872371034,141.557980079,True,0.0
151.007980079,2.9979997491694594,2.998001119660237,3.0218376975326082,208.86928537472022,-0.09483686968984487,-0.4480869542902774,0.011191423045979745,MODEL_ONLY,DUPLICATE_OR_OLD,DUPLICATE_OR_OLD,-0.023837948363148787,-0.023836577872371034,141.557980079,False,
151.057980079,2.9682412193974432,2.968242589888221,2.992079167760592,209.0196332963526,-0.09483686968984487,-0.4480904553836067,0.016191423045980882,MODEL_ONLY,DUPLICATE_OR_OLD,DUPLICATE_OR_OLD,-0.023837948363148787,-0.023836577872371034,141.557980079,False,
