bag,group,suite,case,receiver,algorithm,n,coverage,rmse,mae,bias,p95,event_rmse,recovery_s,false_stop_samples,slow_stop_samples,distance_rmse
30618_0652866c,8269991eafa82c45,clean,30618_0652866c-clean-0,master,baseline_v7,28586,0.9787379737734104,0.03581761396605538,0.025328524151279418,-0.011421300051586581,0.07223971684486141,,,0,0,0.3470724769444702
30618_0652866c,8269991eafa82c45,clean,30618_0652866c-clean-0,master,h03,28586,0.9787379737734104,0.03581761396605538,0.025328524151279418,-0.011421300051586581,0.07223971684486141,,,0,0,0.3470724769444702
30618_0652866c,8269991eafa82c45,clean,30618_0652866c-clean-0,master,h06,28586,0.9787379737734104,0.03581761396605538,0.025328524151279418,-0.011421300051586581,0.07223971684486141,,,0,0,0.3470724769444702
30618_0652866c,8269991eafa82c45,clean,30618_0652866c-clean-0,rover,baseline_v7,27714,0.9488821173006471,0.03639643781273983,0.025289953323253747,-0.011361611597974101,0.07483102095709845,,,0,2,0.4759879524296647
30618_0652866c,8269991eafa82c45,clean,30618_0652866c-clean-0,rover,h03,27714,0.9488821173006471,0.03639643781273983,0.025289953323253747,-0.011361611597974101,0.07483102095709845,,,0,2,0.4759879524296647
30618_0652866c,8269991eafa82c45,clean,30618_0652866c-clean-0,rover,h06,27714,0.9488821173006471,0.03639643781273983,0.025289953323253747,-0.011361611597974101,0.07483102095709845,,,0,2,0.4759879524296647
30618_073f08d1,8269991eafa82c45,clean,30618_073f08d1-clean-0,master,baseline_v7,24724,0.9720081773863815,0.03348245154291824,0.023108869787608212,-0.006070035787324373,0.06937720395129368,,,0,0,0.22510198625126168
30618_073f08d1,8269991eafa82c45,clean,30618_073f08d1-clean-0,master,h03,24724,0.9720081773863815,0.03348245154291824,0.023108869787608212,-0.006070035787324373,0.06937720395129368,,,0,0,0.22510198625126168
30618_073f08d1,8269991eafa82c45,clean,30618_073f08d1-clean-0,master,h06,24724,0.9720081773863815,0.03348245154291824,0.023108869787608212,-0.006070035787324373,0.06937720395129368,,,0,0,0.22510198625126168
30618_073f08d1,8269991eafa82c45,clean,30618_073f08d1-clean-0,rover,baseline_v7,24530,0.9643811920113226,0.03438795608244706,0.024009384607715595,-0.006689857347010079,0.0719216728809112,,,0,0,0.5466859334919867
30618_073f08d1,8269991eafa82c45,clean,30618_073f08d1-clean-0,rover,h03,24530,0.9643811920113226,0.03438795608244706,0.024009384607715595,-0.006689857347010079,0.0719216728809112,,,0,0,0.5466859334919867
30618_073f08d1,8269991eafa82c45,clean,30618_073f08d1-clean-0,rover,h06,24530,0.9643811920113226,0.03438795608244706,0.024009384607715595,-0.006689857347010079,0.0719216728809112,,,0,0,0.5466859334919867
30618_117c2d02,664cca45aeb0db23,clean,30618_117c2d02-clean-0,master,baseline_v7,0,0.0,,,,,,,0,0,
30618_117c2d02,664cca45aeb0db23,clean,30618_117c2d02-clean-0,master,h03,0,0.0,,,,,,,0,0,
30618_117c2d02,664cca45aeb0db23,clean,30618_117c2d02-clean-0,master,h06,0,0.0,,,,,,,0,0,
30618_117c2d02,664cca45aeb0db23,clean,30618_117c2d02-clean-0,rover,baseline_v7,0,0.0,,,,,,,0,0,
30618_117c2d02,664cca45aeb0db23,clean,30618_117c2d02-clean-0,rover,h03,0,0.0,,,,,,,0,0,
30618_117c2d02,664cca45aeb0db23,clean,30618_117c2d02-clean-0,rover,h06,0,0.0,,,,,,,0,0,
30618_1551d0a9,8269991eafa82c45,clean,30618_1551d0a9-clean-0,master,baseline_v7,22,0.9565217391304348,0.003942772444036626,0.003545454545454546,-0.003545454545454546,0.00695,,,0,0,0.0022139408508153715
30618_1551d0a9,8269991eafa82c45,clean,30618_1551d0a9-clean-0,master,h03,22,0.9565217391304348,0.003942772444036626,0.003545454545454546,-0.003545454545454546,0.00695,,,0,0,0.0022139408508153715
30618_1551d0a9,8269991eafa82c45,clean,30618_1551d0a9-clean-0,master,h06,22,0.9565217391304348,0.003942772444036626,0.003545454545454546,-0.003545454545454546,0.00695,,,0,0,0.0022139408508153715
30618_1551d0a9,8269991eafa82c45,clean,30618_1551d0a9-clean-0,rover,baseline_v7,22,0.9565217391304348,0.004033946860424326,0.0033636363636363647,-0.0033636363636363647,0.007,,,0,0,0.002231565899460818
30618_1551d0a9,8269991eafa82c45,clean,30618_1551d0a9-clean-0,rover,h03,22,0.9565217391304348,0.004033946860424326,0.0033636363636363647,-0.0033636363636363647,0.007,,,0,0,0.002231565899460818
30618_1551d0a9,8269991eafa82c45,clean,30618_1551d0a9-clean-0,rover,h06,22,0.9565217391304348,0.004033946860424326,0.0033636363636363647,-0.0033636363636363647,0.007,,,0,0,0.002231565899460818
30618_27e994fc,711abb923942f9fe,clean,30618_27e994fc-clean-0,master,baseline_v7,37199,0.9803399657398867,0.16363254547951553,0.042800840605809985,-0.026264077712623596,0.12450286937004977,,,0,7,1.6812826250370876
30618_27e994fc,711abb923942f9fe,clean,30618_27e994fc-clean-0,master,h03,37199,0.9803399657398867,0.16363254547951553,0.042800840605809985,-0.026264077712623596,0.12450286937004977,,,0,7,1.6812826250370876
30618_27e994fc,711abb923942f9fe,clean,30618_27e994fc-clean-0,master,h06,37199,0.9803399657398867,0.16363254547951553,0.042800840605809985,-0.026264077712623596,0.12450286937004977,,,0,7,1.6812826250370876
30618_27e994fc,711abb923942f9fe,clean,30618_27e994fc-clean-0,rover,baseline_v7,37143,0.9788641454737119,0.15909625801028546,0.04155353317847114,-0.028081437516887502,0.12327414179729806,,,0,15,1.116948628798278
30618_27e994fc,711abb923942f9fe,clean,30618_27e994fc-clean-0,rover,h03,37143,0.9788641454737119,0.15909625801028546,0.04155353317847114,-0.028081437516887502,0.12327414179729806,,,0,15,1.116948628798278
30618_27e994fc,711abb923942f9fe,clean,30618_27e994fc-clean-0,rover,h06,37143,0.9788641454737119,0.15909625801028546,0.04155353317847114,-0.028081437516887502,0.12327414179729806,,,0,15,1.116948628798278
30618_3e012faf,664cca45aeb0db23,clean,30618_3e012faf-clean-0,master,baseline_v7,0,0.0,,,,,,,0,0,
30618_3e012faf,664cca45aeb0db23,clean,30618_3e012faf-clean-0,master,h03,0,0.0,,,,,,,0,0,
30618_3e012faf,664cca45aeb0db23,clean,30618_3e012faf-clean-0,master,h06,0,0.0,,,,,,,0,0,
30618_3e012faf,664cca45aeb0db23,clean,30618_3e012faf-clean-0,rover,baseline_v7,0,0.0,,,,,,,0,0,
30618_3e012faf,664cca45aeb0db23,clean,30618_3e012faf-clean-0,rover,h03,0,0.0,,,,,,,0,0,
30618_3e012faf,664cca45aeb0db23,clean,30618_3e012faf-clean-0,rover,h06,0,0.0,,,,,,,0,0,
30618_46e21b9b,664cca45aeb0db23,clean,30618_46e21b9b-clean-0,master,baseline_v7,0,0.0,,,,,,,0,0,
30618_46e21b9b,664cca45aeb0db23,clean,30618_46e21b9b-clean-0,master,h03,0,0.0,,,,,,,0,0,
30618_46e21b9b,664cca45aeb0db23,clean,30618_46e21b9b-clean-0,master,h06,0,0.0,,,,,,,0,0,
30618_46e21b9b,664cca45aeb0db23,clean,30618_46e21b9b-clean-0,rover,baseline_v7,0,0.0,,,,,,,0,0,
30618_46e21b9b,664cca45aeb0db23,clean,30618_46e21b9b-clean-0,rover,h03,0,0.0,,,,,,,0,0,
30618_46e21b9b,664cca45aeb0db23,clean,30618_46e21b9b-clean-0,rover,h06,0,0.0,,,,,,,0,0,
30618_5036aa78,664cca45aeb0db23,clean,30618_5036aa78-clean-0,master,baseline_v7,0,0.0,,,,,,,0,0,
30618_5036aa78,664cca45aeb0db23,clean,30618_5036aa78-clean-0,master,h03,0,0.0,,,,,,,0,0,
30618_5036aa78,664cca45aeb0db23,clean,30618_5036aa78-clean-0,master,h06,0,0.0,,,,,,,0,0,
30618_5036aa78,664cca45aeb0db23,clean,30618_5036aa78-clean-0,rover,baseline_v7,0,0.0,,,,,,,0,0,
30618_5036aa78,664cca45aeb0db23,clean,30618_5036aa78-clean-0,rover,h03,0,0.0,,,,,,,0,0,
30618_5036aa78,664cca45aeb0db23,clean,30618_5036aa78-clean-0,rover,h06,0,0.0,,,,,,,0,0,
30618_74559c73,664cca45aeb0db23,clean,30618_74559c73-clean-0,master,baseline_v7,0,0.0,,,,,,,0,0,
30618_74559c73,664cca45aeb0db23,clean,30618_74559c73-clean-0,master,h03,0,0.0,,,,,,,0,0,
30618_74559c73,664cca45aeb0db23,clean,30618_74559c73-clean-0,master,h06,0,0.0,,,,,,,0,0,
30618_74559c73,664cca45aeb0db23,clean,30618_74559c73-clean-0,rover,baseline_v7,0,0.0,,,,,,,0,0,
30618_74559c73,664cca45aeb0db23,clean,30618_74559c73-clean-0,rover,h03,0,0.0,,,,,,,0,0,
30618_74559c73,664cca45aeb0db23,clean,30618_74559c73-clean-0,rover,h06,0,0.0,,,,,,,0,0,
30618_88548b02,711abb923942f9fe,clean,30618_88548b02-clean-0,master,baseline_v7,24833,0.9909021986353298,0.050336406717138904,0.03654137905188038,-0.030652837222753776,0.10232414189425944,,,0,0,2.8397907385231904
30618_88548b02,711abb923942f9fe,clean,30618_88548b02-clean-0,master,h03,24833,0.9909021986353298,0.050336406717138904,0.03654137905188038,-0.030652837222753776,0.10232414189425944,,,0,0,2.8397907385231904
30618_88548b02,711abb923942f9fe,clean,30618_88548b02-clean-0,master,h06,24833,0.9909021986353298,0.050336406717138904,0.03654137905188038,-0.030652837222753776,0.10232414189425944,,,0,0,2.8397907385231904
30618_88548b02,711abb923942f9fe,clean,30618_88548b02-clean-0,rover,baseline_v7,24673,0.9845177766250349,0.05086529861779218,0.03695173712221383,-0.03100029830590161,0.1037368000021362,,,0,0,1.9392125883370643
30618_88548b02,711abb923942f9fe,clean,30618_88548b02-clean-0,rover,h03,24673,0.9845177766250349,0.05086529861779218,0.03695173712221383,-0.03100029830590161,0.1037368000021362,,,0,0,1.9392125883370643
30618_88548b02,711abb923942f9fe,clean,30618_88548b02-clean-0,rover,h06,24673,0.9845177766250349,0.05086529861779218,0.03695173712221383,-0.03100029830590161,0.1037368000021362,,,0,0,1.9392125883370643
30618_bcc9e7a2,664cca45aeb0db23,clean,30618_bcc9e7a2-clean-0,master,baseline_v7,0,0.0,,,,,,,0,0,
30618_bcc9e7a2,664cca45aeb0db23,clean,30618_bcc9e7a2-clean-0,master,h03,0,0.0,,,,,,,0,0,
30618_bcc9e7a2,664cca45aeb0db23,clean,30618_bcc9e7a2-clean-0,master,h06,0,0.0,,,,,,,0,0,
30618_bcc9e7a2,664cca45aeb0db23,clean,30618_bcc9e7a2-clean-0,rover,baseline_v7,0,0.0,,,,,,,0,0,
30618_bcc9e7a2,664cca45aeb0db23,clean,30618_bcc9e7a2-clean-0,rover,h03,0,0.0,,,,,,,0,0,
30618_bcc9e7a2,664cca45aeb0db23,clean,30618_bcc9e7a2-clean-0,rover,h06,0,0.0,,,,,,,0,0,
30618_e151d6e4,664cca45aeb0db23,clean,30618_e151d6e4-clean-0,master,baseline_v7,0,0.0,,,,,,,0,0,
30618_e151d6e4,664cca45aeb0db23,clean,30618_e151d6e4-clean-0,master,h03,0,0.0,,,,,,,0,0,
30618_e151d6e4,664cca45aeb0db23,clean,30618_e151d6e4-clean-0,master,h06,0,0.0,,,,,,,0,0,
30618_e151d6e4,664cca45aeb0db23,clean,30618_e151d6e4-clean-0,rover,baseline_v7,0,0.0,,,,,,,0,0,
30618_e151d6e4,664cca45aeb0db23,clean,30618_e151d6e4-clean-0,rover,h03,0,0.0,,,,,,,0,0,
30618_e151d6e4,664cca45aeb0db23,clean,30618_e151d6e4-clean-0,rover,h06,0,0.0,,,,,,,0,0,
30639_0ab96c59,2cd82bc27dbad052,clean,30639_0ab96c59-clean-0,master,baseline_v7,1592,0.9993722536095417,0.018981005982407435,0.006284063129902641,-0.002179024853688053,0.013528623835174438,,,0,0,0.11011468379779153
30639_0ab96c59,2cd82bc27dbad052,clean,30639_0ab96c59-clean-0,master,h03,1592,0.9993722536095417,0.018981005982407435,0.006284063129902641,-0.002179024853688053,0.013528623835174438,,,0,0,0.11011468379779153
30639_0ab96c59,2cd82bc27dbad052,clean,30639_0ab96c59-clean-0,master,h06,1592,0.9993722536095417,0.018981005982407435,0.006284063129902641,-0.002179024853688053,0.013528623835174438,,,0,0,0.11011468379779153
30639_0ab96c59,2cd82bc27dbad052,clean,30639_0ab96c59-clean-0,rover,baseline_v7,1592,0.9993722536095417,0.019389049497011826,0.006765810322137451,-0.0025772660597182034,0.015999999999999997,,,0,0,0.13322449416239673
30639_0ab96c59,2cd82bc27dbad052,clean,30639_0ab96c59-clean-0,rover,h03,1592,0.9993722536095417,0.019389049497011826,0.006765810322137451,-0.0025772660597182034,0.015999999999999997,,,0,0,0.13322449416239673
30639_0ab96c59,2cd82bc27dbad052,clean,30639_0ab96c59-clean-0,rover,h06,1592,0.9993722536095417,0.019389049497011826,0.006765810322137451,-0.0025772660597182034,0.015999999999999997,,,0,0,0.13322449416239673
30639_9c362687,a8a4c11ebcc1dde2,clean,30639_9c362687-clean-0,master,baseline_v7,27156,0.9988230101515374,0.07832969221186231,0.04530803814455253,0.01955911724427634,0.11421708881508164,,,0,22,16.067518821165372
30639_9c362687,a8a4c11ebcc1dde2,clean,30639_9c362687-clean-0,master,h03,27156,0.9988230101515374,0.07832969221186231,0.04530803814455253,0.01955911724427634,0.11421708881508164,,,0,22,16.067518821165372
30639_9c362687,a8a4c11ebcc1dde2,clean,30639_9c362687-clean-0,master,h06,27156,0.9988230101515374,0.07832969221186231,0.04530803814455253,0.01955911724427634,0.11421708881508164,,,0,22,16.067518821165372
30639_9c362687,a8a4c11ebcc1dde2,clean,30639_9c362687-clean-0,rover,baseline_v7,27096,0.9966161541856702,0.16237357481214673,0.05247213454195867,0.01978766358173068,0.12219023038955679,,,0,144,19.212920562989922
30639_9c362687,a8a4c11ebcc1dde2,clean,30639_9c362687-clean-0,rover,h03,27096,0.9966161541856702,0.16237357481214673,0.05247213454195867,0.01978766358173068,0.12219023038955679,,,0,144,19.212920562989922
30639_9c362687,a8a4c11ebcc1dde2,clean,30639_9c362687-clean-0,rover,h06,27096,0.9966161541856702,0.16237357481214673,0.05247213454195867,0.01978766358173068,0.12219023038955679,,,0,144,19.212920562989922
30639_c31df386,70bb14d1c90f301f,clean,30639_c31df386-clean-0,master,baseline_v7,24006,0.8811158010644154,0.06253184971146651,0.046091496620704005,0.028717676524354117,0.1276898592840081,,,0,6,4.058011804137411
30639_c31df386,70bb14d1c90f301f,clean,30639_c31df386-clean-0,master,h03,24006,0.8811158010644154,0.06253184971146651,0.046091496620704005,0.028717676524354117,0.1276898592840081,,,0,6,4.058011804137411
30639_c31df386,70bb14d1c90f301f,clean,30639_c31df386-clean-0,master,h06,24006,0.8811158010644154,0.06253184971146651,0.046091496620704005,0.028717676524354117,0.1276898592840081,,,0,6,4.058011804137411
30639_c31df386,70bb14d1c90f301f,clean,30639_c31df386-clean-0,rover,baseline_v7,27162,0.9969535694622866,0.06488326117957367,0.04730059884625296,0.03258407515642759,0.13204690067272268,,,0,0,28.322408034794446
30639_c31df386,70bb14d1c90f301f,clean,30639_c31df386-clean-0,rover,h03,27162,0.9969535694622866,0.06488326117957367,0.04730059884625296,0.03258407515642759,0.13204690067272268,,,0,0,28.322408034794446
30639_c31df386,70bb14d1c90f301f,clean,30639_c31df386-clean-0,rover,h06,27162,0.9969535694622866,0.06488326117957367,0.04730059884625296,0.03258407515642759,0.13204690067272268,,,0,0,28.322408034794446
30639_dce52be4,70bb14d1c90f301f,clean,30639_dce52be4-clean-0,master,baseline_v7,21963,0.9580788693072763,0.3600590120977054,0.061033525620136996,0.047715848332589975,0.12187388870653612,,,0,2,11.266619291972654
30639_dce52be4,70bb14d1c90f301f,clean,30639_dce52be4-clean-0,master,h03,21963,0.9580788693072763,0.3600590120977054,0.061033525620136996,0.047715848332589975,0.12187388870653612,,,0,2,11.266619291972654
30639_dce52be4,70bb14d1c90f301f,clean,30639_dce52be4-clean-0,master,h06,21963,0.9580788693072763,0.3600590120977054,0.061033525620136996,0.047715848332589975,0.12187388870653612,,,0,2,11.266619291972654
30639_dce52be4,70bb14d1c90f301f,clean,30639_dce52be4-clean-0,rover,baseline_v7,22798,0.9945035770371663,0.10320819551241453,0.053495927559678,0.03982032099672915,0.12686949016965424,,,0,12,3.9919015095513934
30639_dce52be4,70bb14d1c90f301f,clean,30639_dce52be4-clean-0,rover,h03,22798,0.9945035770371663,0.10320819551241453,0.053495927559678,0.03982032099672915,0.12686949016965424,,,0,12,3.9919015095513934
30639_dce52be4,70bb14d1c90f301f,clean,30639_dce52be4-clean-0,rover,h06,22798,0.9945035770371663,0.10320819551241453,0.053495927559678,0.03982032099672915,0.12686949016965424,,,0,12,3.9919015095513934
30639_e4379d7f,a0c46036cc19092a,clean,30639_e4379d7f-clean-0,master,baseline_v7,0,0.0,,,,,,,0,0,
30639_e4379d7f,a0c46036cc19092a,clean,30639_e4379d7f-clean-0,master,h03,0,0.0,,,,,,,0,0,
30639_e4379d7f,a0c46036cc19092a,clean,30639_e4379d7f-clean-0,master,h06,0,0.0,,,,,,,0,0,
30639_e4379d7f,a0c46036cc19092a,clean,30639_e4379d7f-clean-0,rover,baseline_v7,11410,0.3966764010568766,0.13814212669565956,0.04530186424414684,0.019914317950860905,0.11662264361818621,,,0,28,0.02928796648509978
30639_e4379d7f,a0c46036cc19092a,clean,30639_e4379d7f-clean-0,rover,h03,11410,0.3966764010568766,0.13809723276568575,0.045256671512231936,0.020001298236516765,0.11660678456457613,,,0,28,0.029287966485169924
30639_e4379d7f,a0c46036cc19092a,clean,30639_e4379d7f-clean-0,rover,h06,11410,0.3966764010568766,0.13814212669565956,0.04530186424414684,0.019914317950860905,0.11662264361818621,,,0,28,0.02928796648509978
30618_0652866c,8269991eafa82c45,original,30618_0652866c-original-0,master,baseline_v7,300,0.4291845493562232,0.03272535079417663,0.02492969588341831,-0.006788001148673842,0.06935872162869577,0.046062129388877174,0.006544645999980503,0,0,
30618_0652866c,8269991eafa82c45,original,30618_0652866c-original-0,master,h03,300,0.4291845493562232,0.03272535079417663,0.02492969588341831,-0.006788001148673842,0.06935872162869577,0.046062129388877174,0.006544645999980503,0,0,
30618_0652866c,8269991eafa82c45,original,30618_0652866c-original-0,master,h06,300,0.4291845493562232,0.03272535079417663,0.02492969588341831,-0.006788001148673842,0.06935872162869577,0.046062129388877174,0.006544645999980503,0,0,
30618_0652866c,8269991eafa82c45,original,30618_0652866c-original-0,rover,baseline_v7,300,0.4291845493562232,0.03676987861681634,0.028762094182646827,-0.00672133448200718,0.0746185757748848,0.049277182132701,0.006544645999980503,0,0,
30618_0652866c,8269991eafa82c45,original,30618_0652866c-original-0,rover,h03,300,0.4291845493562232,0.03676987861681634,0.028762094182646827,-0.00672133448200718,0.0746185757748848,0.049277182132701,0.006544645999980503,0,0,
30618_0652866c,8269991eafa82c45,original,30618_0652866c-original-0,rover,h06,300,0.4291845493562232,0.03676987861681634,0.028762094182646827,-0.00672133448200718,0.0746185757748848,0.049277182132701,0.006544645999980503,0,0,
30618_0652866c,8269991eafa82c45,original,30618_0652866c-original-1,master,baseline_v7,300,0.4291845493562232,0.060735492283645706,0.03871130266178159,-0.028266980066455137,0.15125532413407242,0.09999648347634237,0.006544645999980503,0,0,
30618_0652866c,8269991eafa82c45,original,30618_0652866c-original-1,master,h03,300,0.4291845493562232,0.060735492283645706,0.03871130266178159,-0.028266980066455137,0.15125532413407242,0.09999648347634237,0.006544645999980503,0,0,
30618_0652866c,8269991eafa82c45,original,30618_0652866c-original-1,master,h06,300,0.4291845493562232,0.060735492283645706,0.03871130266178159,-0.028266980066455137,0.15125532413407242,0.09999648347634237,0.006544645999980503,0,0,
30618_0652866c,8269991eafa82c45,original,30618_0652866c-original-1,rover,baseline_v7,300,0.4291845493562232,0.06378728804192392,0.042706669651826165,-0.02820031339978847,0.1566413773566227,0.10298372524688669,0.006544645999980503,0,0,
30618_0652866c,8269991eafa82c45,original,30618_0652866c-original-1,rover,h03,300,0.4291845493562232,0.06378728804192392,0.042706669651826165,-0.02820031339978847,0.1566413773566227,0.10298372524688669,0.006544645999980503,0,0,
30618_0652866c,8269991eafa82c45,original,30618_0652866c-original-1,rover,h06,300,0.4291845493562232,0.06378728804192392,0.042706669651826165,-0.02820031339978847,0.1566413773566227,0.10298372524688669,0.006544645999980503,0,0,
30618_0652866c,8269991eafa82c45,original,30618_0652866c-original-2,master,baseline_v7,400,0.5,0.14278282541009035,0.09794992338239354,-0.09071652905036885,0.32837830710219545,0.15780494520013125,1.2565446459999805,0,0,
30618_0652866c,8269991eafa82c45,original,30618_0652866c-original-2,master,h03,400,0.5,0.14278282541009035,0.09794992338239354,-0.09071652905036885,0.32837830710219545,0.15780494520013125,1.2565446459999805,0,0,
30618_0652866c,8269991eafa82c45,original,30618_0652866c-original-2,master,h06,400,0.5,0.14278282541009035,0.09794992338239354,-0.09071652905036885,0.32837830710219545,0.15780494520013125,1.2565446459999805,0,0,
30618_0652866c,8269991eafa82c45,original,30618_0652866c-original-2,rover,baseline_v7,400,0.5,0.1448776244264721,0.10157153848913819,-0.08643152905036883,0.3303845266293857,0.1604127348839681,1.2565446459999805,0,0,
30618_0652866c,8269991eafa82c45,original,30618_0652866c-original-2,rover,h03,400,0.5,0.1448776244264721,0.10157153848913819,-0.08643152905036883,0.3303845266293857,0.1604127348839681,1.2565446459999805,0,0,
30618_0652866c,8269991eafa82c45,original,30618_0652866c-original-2,rover,h06,400,0.5,0.1448776244264721,0.10157153848913819,-0.08643152905036883,0.3303845266293857,0.1604127348839681,1.2565446459999805,0,0,
30618_0652866c,8269991eafa82c45,original,30618_0652866c-original-3,master,baseline_v7,260,0.3945371775417299,0.032723406564617336,0.024876491227769155,-0.012854301665481875,0.0641047904467125,0.04609706040210767,0.006544645999980503,0,0,
30618_0652866c,8269991eafa82c45,original,30618_0652866c-original-3,master,h03,260,0.3945371775417299,0.032723406564617336,0.024876491227769155,-0.012854301665481875,0.0641047904467125,0.04609706040210767,0.006544645999980503,0,0,
30618_0652866c,8269991eafa82c45,original,30618_0652866c-original-3,master,h06,260,0.3945371775417299,0.032723406564617336,0.024876491227769155,-0.012854301665481875,0.0641047904467125,0.04609706040210767,0.006544645999980503,0,0,
30618_0652866c,8269991eafa82c45,original,30618_0652866c-original-3,rover,baseline_v7,260,0.3945371775417299,0.03751089853930301,0.02921382728148195,-0.013815840127020335,0.07895312783187086,0.046350605584348885,0.006544645999980503,0,0,
30618_0652866c,8269991eafa82c45,original,30618_0652866c-original-3,rover,h03,260,0.3945371775417299,0.03751089853930301,0.02921382728148195,-0.013815840127020335,0.07895312783187086,0.046350605584348885,0.006544645999980503,0,0,
30618_0652866c,8269991eafa82c45,original,30618_0652866c-original-3,rover,h06,260,0.3945371775417299,0.03751089853930301,0.02921382728148195,-0.013815840127020335,0.07895312783187086,0.046350605584348885,0.006544645999980503,0,0,
30618_073f08d1,8269991eafa82c45,original,30618_073f08d1-original-0,master,baseline_v7,296,0.4222539229671897,0.0719475947465785,0.05889268165063283,-0.056196096470605736,0.13832764441102985,0.08876829296488531,0.015782163999972454,0,0,
30618_073f08d1,8269991eafa82c45,original,30618_073f08d1-original-0,master,h03,296,0.4222539229671897,0.0719475947465785,0.05889268165063283,-0.056196096470605736,0.13832764441102985,0.08876829296488531,0.015782163999972454,0,0,
30618_073f08d1,8269991eafa82c45,original,30618_073f08d1-original-0,master,h06,296,0.4222539229671897,0.0719475947465785,0.05889268165063283,-0.056196096470605736,0.13832764441102985,0.08876829296488531,0.015782163999972454,0,0,
30618_073f08d1,8269991eafa82c45,original,30618_073f08d1-original-0,rover,baseline_v7,270,0.38516405135520687,0.06770508521405613,0.055731847870782246,-0.05234431895582459,0.12995352136420435,0.08549924140752002,0.015782163999972454,0,0,
30618_073f08d1,8269991eafa82c45,original,30618_073f08d1-original-0,rover,h03,270,0.38516405135520687,0.06770508521405613,0.055731847870782246,-0.05234431895582459,0.12995352136420435,0.08549924140752002,0.015782163999972454,0,0,
30618_073f08d1,8269991eafa82c45,original,30618_073f08d1-original-0,rover,h06,270,0.38516405135520687,0.06770508521405613,0.055731847870782246,-0.05234431895582459,0.12995352136420435,0.08549924140752002,0.015782163999972454,0,0,
30618_073f08d1,8269991eafa82c45,original,30618_073f08d1-original-1,master,baseline_v7,296,0.4222539229671897,0.4383886653479657,0.266062361201065,-0.26336581556990035,0.9976150616236689,0.7644039095639792,0.015782163999972454,0,0,
30618_073f08d1,8269991eafa82c45,original,30618_073f08d1-original-1,master,h03,296,0.4222539229671897,0.4383886653479657,0.266062361201065,-0.26336581556990035,0.9976150616236689,0.7644039095639792,0.015782163999972454,0,0,
30618_073f08d1,8269991eafa82c45,original,30618_073f08d1-original-1,master,h06,296,0.4222539229671897,0.4383886653479657,0.266062361201065,-0.26336581556990035,0.9976150616236689,0.7644039095639792,0.015782163999972454,0,0,
30618_073f08d1,8269991eafa82c45,original,30618_073f08d1-original-1,rover,baseline_v7,270,0.38516405135520687,0.3848142665552842,0.21313721653478915,-0.20974968799318608,0.9946232326365136,0.7487385273836106,0.015782163999972454,0,0,
30618_073f08d1,8269991eafa82c45,original,30618_073f08d1-original-1,rover,h03,270,0.38516405135520687,0.3848142665552842,0.21313721653478915,-0.20974968799318608,0.9946232326365136,0.7487385273836106,0.015782163999972454,0,0,
30618_073f08d1,8269991eafa82c45,original,30618_073f08d1-original-1,rover,h06,270,0.38516405135520687,0.3848142665552842,0.21313721653478915,-0.20974968799318608,0.9946232326365136,0.7487385273836106,0.015782163999972454,0,0,
30618_073f08d1,8269991eafa82c45,original,30618_073f08d1-original-2,master,baseline_v7,388,0.484394506866417,1.6052568690353133,1.082916113052812,-1.0685287848928657,3.513288028621289,1.5693744405944205,2.165782163999978,0,0,
30618_073f08d1,8269991eafa82c45,original,30618_073f08d1-original-2,master,h03,388,0.484394506866417,1.6052568690353133,1.082916113052812,-1.0685287848928657,3.513288028621289,1.5693744405944205,2.165782163999978,0,0,
30618_073f08d1,8269991eafa82c45,original,30618_073f08d1-original-2,master,h06,388,0.484394506866417,1.6052568690353133,1.082916113052812,-1.0685287848928657,3.513288028621289,1.5693744405944205,2.165782163999978,0,0,
30618_073f08d1,8269991eafa82c45,original,30618_073f08d1-original-2,rover,baseline_v7,352,0.4394506866416979,1.6700724718700863,1.132961278710576,-1.1183682668592612,3.5301412307808184,1.6565414833891217,2.165782163999978,0,0,
30618_073f08d1,8269991eafa82c45,original,30618_073f08d1-original-2,rover,h03,352,0.4394506866416979,1.6700724718700863,1.132961278710576,-1.1183682668592612,3.5301412307808184,1.6565414833891217,2.165782163999978,0,0,
30618_073f08d1,8269991eafa82c45,original,30618_073f08d1-original-2,rover,h06,352,0.4394506866416979,1.6700724718700863,1.132961278710576,-1.1183682668592612,3.5301412307808184,1.6565414833891217,2.165782163999978,0,0,
30618_073f08d1,8269991eafa82c45,original,30618_073f08d1-original-3,master,baseline_v7,256,0.3878787878787879,0.2928063488775902,0.1705611488426664,-0.1701161591982193,0.7275292927100316,0.5925587417854886,0.11578216399996677,0,0,
30618_073f08d1,8269991eafa82c45,original,30618_073f08d1-original-3,master,h03,256,0.3878787878787879,0.2928063488775902,0.1705611488426664,-0.1701161591982193,0.7275292927100316,0.5925587417854886,0.11578216399996677,0,0,
30618_073f08d1,8269991eafa82c45,original,30618_073f08d1-original-3,master,h06,256,0.3878787878787879,0.2928063488775902,0.1705611488426664,-0.1701161591982193,0.7275292927100316,0.5925587417854886,0.11578216399996677,0,0,
30618_073f08d1,8269991eafa82c45,original,30618_073f08d1-original-3,rover,baseline_v7,230,0.3484848484848485,0.2212343035082436,0.12545343762540176,-0.12483928531126667,0.6735219926446587,0.5012545337439237,0.5657821639999838,0,0,
30618_073f08d1,8269991eafa82c45,original,30618_073f08d1-original-3,rover,h03,230,0.3484848484848485,0.2212343035082436,0.12545343762540176,-0.12483928531126667,0.6735219926446587,0.5012545337439237,0.5657821639999838,0,0,
30618_073f08d1,8269991eafa82c45,original,30618_073f08d1-original-3,rover,h06,230,0.3484848484848485,0.2212343035082436,0.12545343762540176,-0.12483928531126667,0.6735219926446587,0.5012545337439237,0.5657821639999838,0,0,
30618_117c2d02,664cca45aeb0db23,original,30618_117c2d02-original-0,master,baseline_v7,0,0.0,,,,,,,0,0,
30618_117c2d02,664cca45aeb0db23,original,30618_117c2d02-original-0,master,h03,0,0.0,,,,,,,0,0,
30618_117c2d02,664cca45aeb0db23,original,30618_117c2d02-original-0,master,h06,0,0.0,,,,,,,0,0,
30618_117c2d02,664cca45aeb0db23,original,30618_117c2d02-original-0,rover,baseline_v7,0,0.0,,,,,,,0,0,
30618_117c2d02,664cca45aeb0db23,original,30618_117c2d02-original-0,rover,h03,0,0.0,,,,,,,0,0,
30618_117c2d02,664cca45aeb0db23,original,30618_117c2d02-original-0,rover,h06,0,0.0,,,,,,,0,0,
30618_117c2d02,664cca45aeb0db23,original,30618_117c2d02-original-1,master,baseline_v7,0,0.0,,,,,,,0,0,
30618_117c2d02,664cca45aeb0db23,original,30618_117c2d02-original-1,master,h03,0,0.0,,,,,,,0,0,
30618_117c2d02,664cca45aeb0db23,original,30618_117c2d02-original-1,master,h06,0,0.0,,,,,,,0,0,
30618_117c2d02,664cca45aeb0db23,original,30618_117c2d02-original-1,rover,baseline_v7,0,0.0,,,,,,,0,0,
30618_117c2d02,664cca45aeb0db23,original,30618_117c2d02-original-1,rover,h03,0,0.0,,,,,,,0,0,
30618_117c2d02,664cca45aeb0db23,original,30618_117c2d02-original-1,rover,h06,0,0.0,,,,,,,0,0,
30618_117c2d02,664cca45aeb0db23,original,30618_117c2d02-original-2,master,baseline_v7,0,0.0,,,,,,,0,0,
30618_117c2d02,664cca45aeb0db23,original,30618_117c2d02-original-2,master,h03,0,0.0,,,,,,,0,0,
30618_117c2d02,664cca45aeb0db23,original,30618_117c2d02-original-2,master,h06,0,0.0,,,,,,,0,0,
30618_117c2d02,664cca45aeb0db23,original,30618_117c2d02-original-2,rover,baseline_v7,0,0.0,,,,,,,0,0,
30618_117c2d02,664cca45aeb0db23,original,30618_117c2d02-original-2,rover,h03,0,0.0,,,,,,,0,0,
30618_117c2d02,664cca45aeb0db23,original,30618_117c2d02-original-2,rover,h06,0,0.0,,,,,,,0,0,
30618_117c2d02,664cca45aeb0db23,original,30618_117c2d02-original-3,master,baseline_v7,0,0.0,,,,,,,0,0,
30618_117c2d02,664cca45aeb0db23,original,30618_117c2d02-original-3,master,h03,0,0.0,,,,,,,0,0,
30618_117c2d02,664cca45aeb0db23,original,30618_117c2d02-original-3,master,h06,0,0.0,,,,,,,0,0,
30618_117c2d02,664cca45aeb0db23,original,30618_117c2d02-original-3,rover,baseline_v7,0,0.0,,,,,,,0,0,
30618_117c2d02,664cca45aeb0db23,original,30618_117c2d02-original-3,rover,h03,0,0.0,,,,,,,0,0,
30618_117c2d02,664cca45aeb0db23,original,30618_117c2d02-original-3,rover,h06,0,0.0,,,,,,,0,0,
30618_27e994fc,711abb923942f9fe,original,30618_27e994fc-original-0,master,baseline_v7,300,0.42857142857142855,0.39988033691045693,0.2882549108117785,0.2708093846525646,0.940785138727716,0.11560710653848347,7.450035174999982,0,0,
30618_27e994fc,711abb923942f9fe,original,30618_27e994fc-original-0,master,h03,300,0.42857142857142855,0.39988033691045693,0.2882549108117785,0.2708093846525646,0.940785138727716,0.11560710653848347,7.450035174999982,0,0,
30618_27e994fc,711abb923942f9fe,original,30618_27e994fc-original-0,master,h06,300,0.42857142857142855,0.39988033691045693,0.2882549108117785,0.2708093846525646,0.940785138727716,0.11560710653848347,7.450035174999982,0,0,
30618_27e994fc,711abb923942f9fe,original,30618_27e994fc-original-0,rover,baseline_v7,292,0.41714285714285715,0.40527258519419707,0.2927562781863184,0.27801214901713434,0.9679023561569751,0.12083156481938344,7.450035174999982,0,0,
30618_27e994fc,711abb923942f9fe,original,30618_27e994fc-original-0,rover,h03,292,0.41714285714285715,0.40527258519419707,0.2927562781863184,0.27801214901713434,0.9679023561569751,0.12083156481938344,7.450035174999982,0,0,
30618_27e994fc,711abb923942f9fe,original,30618_27e994fc-original-0,rover,h06,292,0.41714285714285715,0.40527258519419707,0.2927562781863184,0.27801214901713434,0.9679023561569751,0.12083156481938344,7.450035174999982,0,0,
30618_27e994fc,711abb923942f9fe,original,30618_27e994fc-original-1,master,baseline_v7,300,0.42857142857142855,0.39700639311017694,0.28095699216458636,0.2635081477371991,0.9407851585469458,0.08948210461103095,7.450035174999982,0,0,
30618_27e994fc,711abb923942f9fe,original,30618_27e994fc-original-1,master,h03,300,0.42857142857142855,0.39700639311017694,0.28095699216458636,0.2635081477371991,0.9407851585469458,0.08948210461103095,7.450035174999982,0,0,
30618_27e994fc,711abb923942f9fe,original,30618_27e994fc-original-1,master,h06,300,0.42857142857142855,0.39700639311017694,0.28095699216458636,0.2635081477371991,0.9407851585469458,0.08948210461103095,7.450035174999982,0,0,
30618_27e994fc,711abb923942f9fe,original,30618_27e994fc-original-1,rover,baseline_v7,292,0.41714285714285715,0.4024149764759493,0.28600470660332816,0.2709076151734396,0.9679023707615844,0.09357727528727404,7.450035174999982,0,0,
30618_27e994fc,711abb923942f9fe,original,30618_27e994fc-original-1,rover,h03,292,0.41714285714285715,0.4024149764759493,0.28600470660332816,0.2709076151734396,0.9679023707615844,0.09357727528727404,7.450035174999982,0,0,
30618_27e994fc,711abb923942f9fe,original,30618_27e994fc-original-1,rover,h06,292,0.41714285714285715,0.4024149764759493,0.28600470660332816,0.2709076151734396,0.9679023707615844,0.09357727528727404,7.450035174999982,0,0,
30618_27e994fc,711abb923942f9fe,original,30618_27e994fc-original-2,master,baseline_v7,400,0.5,0.3247641192561688,0.19715493967057682,0.1781395605967476,0.863931559838356,0.24443268632171536,2.4500351749999822,0,0,
30618_27e994fc,711abb923942f9fe,original,30618_27e994fc-original-2,master,h03,400,0.5,0.3247641192561688,0.19715493967057682,0.1781395605967476,0.863931559838356,0.24443268632171536,2.4500351749999822,0,0,
30618_27e994fc,711abb923942f9fe,original,30618_27e994fc-original-2,master,h06,400,0.5,0.3247641192561688,0.19715493967057682,0.1781395605967476,0.863931559838356,0.24443268632171536,2.4500351749999822,0,0,
30618_27e994fc,711abb923942f9fe,original,30618_27e994fc-original-2,rover,baseline_v7,388,0.485,0.32980573198571733,0.20115928129117444,0.18364519981975655,0.8367273894292997,0.24515450546543252,2.400035174999971,0,0,
30618_27e994fc,711abb923942f9fe,original,30618_27e994fc-original-2,rover,h03,388,0.485,0.32980573198571733,0.20115928129117444,0.18364519981975655,0.8367273894292997,0.24515450546543252,2.400035174999971,0,0,
30618_27e994fc,711abb923942f9fe,original,30618_27e994fc-original-2,rover,h06,388,0.485,0.32980573198571733,0.20115928129117444,0.18364519981975655,0.8367273894292997,0.24515450546543252,2.400035174999971,0,0,
30618_27e994fc,711abb923942f9fe,original,30618_27e994fc-original-3,master,baseline_v7,260,0.3945371775417299,0.4246722489278812,0.3177646811326069,0.3047157868959055,0.9719125810815643,0.0429475732570077,3.517499999361462e-05,0,0,
30618_27e994fc,711abb923942f9fe,original,30618_27e994fc-original-3,master,h03,260,0.3945371775417299,0.4246722489278812,0.3177646811326069,0.3047157868959055,0.9719125810815643,0.0429475732570077,3.517499999361462e-05,0,0,
30618_27e994fc,711abb923942f9fe,original,30618_27e994fc-original-3,master,h06,260,0.3945371775417299,0.4246722489278812,0.3177646811326069,0.3047157868959055,0.9719125810815643,0.0429475732570077,3.517499999361462e-05,0,0,
30618_27e994fc,711abb923942f9fe,original,30618_27e994fc-original-3,rover,baseline_v7,252,0.38239757207890746,0.4313427008886167,0.32461325011807307,0.31438146493354446,0.9832520031484692,0.038466047613189294,0.30003517499997656,0,0,
30618_27e994fc,711abb923942f9fe,original,30618_27e994fc-original-3,rover,h03,252,0.38239757207890746,0.4313427008886167,0.32461325011807307,0.31438146493354446,0.9832520031484692,0.038466047613189294,0.30003517499997656,0,0,
30618_27e994fc,711abb923942f9fe,original,30618_27e994fc-original-3,rover,h06,252,0.38239757207890746,0.4313427008886167,0.32461325011807307,0.31438146493354446,0.9832520031484692,0.038466047613189294,0.30003517499997656,0,0,
30618_3e012faf,664cca45aeb0db23,original,30618_3e012faf-original-0,master,baseline_v7,0,0.0,,,,,,,0,0,
30618_3e012faf,664cca45aeb0db23,original,30618_3e012faf-original-0,master,h03,0,0.0,,,,,,,0,0,
30618_3e012faf,664cca45aeb0db23,original,30618_3e012faf-original-0,master,h06,0,0.0,,,,,,,0,0,
30618_3e012faf,664cca45aeb0db23,original,30618_3e012faf-original-0,rover,baseline_v7,0,0.0,,,,,,,0,0,
30618_3e012faf,664cca45aeb0db23,original,30618_3e012faf-original-0,rover,h03,0,0.0,,,,,,,0,0,
30618_3e012faf,664cca45aeb0db23,original,30618_3e012faf-original-0,rover,h06,0,0.0,,,,,,,0,0,
30618_3e012faf,664cca45aeb0db23,original,30618_3e012faf-original-1,master,baseline_v7,0,0.0,,,,,,,0,0,
30618_3e012faf,664cca45aeb0db23,original,30618_3e012faf-original-1,master,h03,0,0.0,,,,,,,0,0,
30618_3e012faf,664cca45aeb0db23,original,30618_3e012faf-original-1,master,h06,0,0.0,,,,,,,0,0,
30618_3e012faf,664cca45aeb0db23,original,30618_3e012faf-original-1,rover,baseline_v7,0,0.0,,,,,,,0,0,
30618_3e012faf,664cca45aeb0db23,original,30618_3e012faf-original-1,rover,h03,0,0.0,,,,,,,0,0,
30618_3e012faf,664cca45aeb0db23,original,30618_3e012faf-original-1,rover,h06,0,0.0,,,,,,,0,0,
30618_3e012faf,664cca45aeb0db23,original,30618_3e012faf-original-2,master,baseline_v7,0,0.0,,,,,,,0,0,
30618_3e012faf,664cca45aeb0db23,original,30618_3e012faf-original-2,master,h03,0,0.0,,,,,,,0,0,
30618_3e012faf,664cca45aeb0db23,original,30618_3e012faf-original-2,master,h06,0,0.0,,,,,,,0,0,
30618_3e012faf,664cca45aeb0db23,original,30618_3e012faf-original-2,rover,baseline_v7,0,0.0,,,,,,,0,0,
30618_3e012faf,664cca45aeb0db23,original,30618_3e012faf-original-2,rover,h03,0,0.0,,,,,,,0,0,
30618_3e012faf,664cca45aeb0db23,original,30618_3e012faf-original-2,rover,h06,0,0.0,,,,,,,0,0,
30618_3e012faf,664cca45aeb0db23,original,30618_3e012faf-original-3,master,baseline_v7,0,0.0,,,,,,,0,0,
30618_3e012faf,664cca45aeb0db23,original,30618_3e012faf-original-3,master,h03,0,0.0,,,,,,,0,0,
30618_3e012faf,664cca45aeb0db23,original,30618_3e012faf-original-3,master,h06,0,0.0,,,,,,,0,0,
30618_3e012faf,664cca45aeb0db23,original,30618_3e012faf-original-3,rover,baseline_v7,0,0.0,,,,,,,0,0,
30618_3e012faf,664cca45aeb0db23,original,30618_3e012faf-original-3,rover,h03,0,0.0,,,,,,,0,0,
30618_3e012faf,664cca45aeb0db23,original,30618_3e012faf-original-3,rover,h06,0,0.0,,,,,,,0,0,
30618_46e21b9b,664cca45aeb0db23,original,30618_46e21b9b-original-0,master,baseline_v7,0,0.0,,,,,,,0,0,
30618_46e21b9b,664cca45aeb0db23,original,30618_46e21b9b-original-0,master,h03,0,0.0,,,,,,,0,0,
30618_46e21b9b,664cca45aeb0db23,original,30618_46e21b9b-original-0,master,h06,0,0.0,,,,,,,0,0,
30618_46e21b9b,664cca45aeb0db23,original,30618_46e21b9b-original-0,rover,baseline_v7,0,0.0,,,,,,,0,0,
30618_46e21b9b,664cca45aeb0db23,original,30618_46e21b9b-original-0,rover,h03,0,0.0,,,,,,,0,0,
30618_46e21b9b,664cca45aeb0db23,original,30618_46e21b9b-original-0,rover,h06,0,0.0,,,,,,,0,0,
30618_46e21b9b,664cca45aeb0db23,original,30618_46e21b9b-original-1,master,baseline_v7,0,0.0,,,,,,,0,0,
30618_46e21b9b,664cca45aeb0db23,original,30618_46e21b9b-original-1,master,h03,0,0.0,,,,,,,0,0,
30618_46e21b9b,664cca45aeb0db23,original,30618_46e21b9b-original-1,master,h06,0,0.0,,,,,,,0,0,
30618_46e21b9b,664cca45aeb0db23,original,30618_46e21b9b-original-1,rover,baseline_v7,0,0.0,,,,,,,0,0,
30618_46e21b9b,664cca45aeb0db23,original,30618_46e21b9b-original-1,rover,h03,0,0.0,,,,,,,0,0,
30618_46e21b9b,664cca45aeb0db23,original,30618_46e21b9b-original-1,rover,h06,0,0.0,,,,,,,0,0,
30618_46e21b9b,664cca45aeb0db23,original,30618_46e21b9b-original-2,master,baseline_v7,0,0.0,,,,,,,0,0,
30618_46e21b9b,664cca45aeb0db23,original,30618_46e21b9b-original-2,master,h03,0,0.0,,,,,,,0,0,
30618_46e21b9b,664cca45aeb0db23,original,30618_46e21b9b-original-2,master,h06,0,0.0,,,,,,,0,0,
30618_46e21b9b,664cca45aeb0db23,original,30618_46e21b9b-original-2,rover,baseline_v7,0,0.0,,,,,,,0,0,
30618_46e21b9b,664cca45aeb0db23,original,30618_46e21b9b-original-2,rover,h03,0,0.0,,,,,,,0,0,
30618_46e21b9b,664cca45aeb0db23,original,30618_46e21b9b-original-2,rover,h06,0,0.0,,,,,,,0,0,
30618_46e21b9b,664cca45aeb0db23,original,30618_46e21b9b-original-3,master,baseline_v7,0,0.0,,,,,,,0,0,
30618_46e21b9b,664cca45aeb0db23,original,30618_46e21b9b-original-3,master,h03,0,0.0,,,,,,,0,0,
30618_46e21b9b,664cca45aeb0db23,original,30618_46e21b9b-original-3,master,h06,0,0.0,,,,,,,0,0,
30618_46e21b9b,664cca45aeb0db23,original,30618_46e21b9b-original-3,rover,baseline_v7,0,0.0,,,,,,,0,0,
30618_46e21b9b,664cca45aeb0db23,original,30618_46e21b9b-original-3,rover,h03,0,0.0,,,,,,,0,0,
30618_46e21b9b,664cca45aeb0db23,original,30618_46e21b9b-original-3,rover,h06,0,0.0,,,,,,,0,0,
30618_5036aa78,664cca45aeb0db23,original,30618_5036aa78-original-0,master,baseline_v7,0,0.0,,,,,,,0,0,
30618_5036aa78,664cca45aeb0db23,original,30618_5036aa78-original-0,master,h03,0,0.0,,,,,,,0,0,
30618_5036aa78,664cca45aeb0db23,original,30618_5036aa78-original-0,master,h06,0,0.0,,,,,,,0,0,
30618_5036aa78,664cca45aeb0db23,original,30618_5036aa78-original-0,rover,baseline_v7,0,0.0,,,,,,,0,0,
30618_5036aa78,664cca45aeb0db23,original,30618_5036aa78-original-0,rover,h03,0,0.0,,,,,,,0,0,
30618_5036aa78,664cca45aeb0db23,original,30618_5036aa78-original-0,rover,h06,0,0.0,,,,,,,0,0,
30618_5036aa78,664cca45aeb0db23,original,30618_5036aa78-original-1,master,baseline_v7,0,0.0,,,,,,,0,0,
30618_5036aa78,664cca45aeb0db23,original,30618_5036aa78-original-1,master,h03,0,0.0,,,,,,,0,0,
30618_5036aa78,664cca45aeb0db23,original,30618_5036aa78-original-1,master,h06,0,0.0,,,,,,,0,0,
30618_5036aa78,664cca45aeb0db23,original,30618_5036aa78-original-1,rover,baseline_v7,0,0.0,,,,,,,0,0,
30618_5036aa78,664cca45aeb0db23,original,30618_5036aa78-original-1,rover,h03,0,0.0,,,,,,,0,0,
30618_5036aa78,664cca45aeb0db23,original,30618_5036aa78-original-1,rover,h06,0,0.0,,,,,,,0,0,
30618_5036aa78,664cca45aeb0db23,original,30618_5036aa78-original-2,master,baseline_v7,0,0.0,,,,,,,0,0,
30618_5036aa78,664cca45aeb0db23,original,30618_5036aa78-original-2,master,h03,0,0.0,,,,,,,0,0,
30618_5036aa78,664cca45aeb0db23,original,30618_5036aa78-original-2,master,h06,0,0.0,,,,,,,0,0,
30618_5036aa78,664cca45aeb0db23,original,30618_5036aa78-original-2,rover,baseline_v7,0,0.0,,,,,,,0,0,
30618_5036aa78,664cca45aeb0db23,original,30618_5036aa78-original-2,rover,h03,0,0.0,,,,,,,0,0,
30618_5036aa78,664cca45aeb0db23,original,30618_5036aa78-original-2,rover,h06,0,0.0,,,,,,,0,0,
30618_5036aa78,664cca45aeb0db23,original,30618_5036aa78-original-3,master,baseline_v7,0,0.0,,,,,,,0,0,
30618_5036aa78,664cca45aeb0db23,original,30618_5036aa78-original-3,master,h03,0,0.0,,,,,,,0,0,
30618_5036aa78,664cca45aeb0db23,original,30618_5036aa78-original-3,master,h06,0,0.0,,,,,,,0,0,
30618_5036aa78,664cca45aeb0db23,original,30618_5036aa78-original-3,rover,baseline_v7,0,0.0,,,,,,,0,0,
30618_5036aa78,664cca45aeb0db23,original,30618_5036aa78-original-3,rover,h03,0,0.0,,,,,,,0,0,
30618_5036aa78,664cca45aeb0db23,original,30618_5036aa78-original-3,rover,h06,0,0.0,,,,,,,0,0,
30618_74559c73,664cca45aeb0db23,original,30618_74559c73-original-0,master,baseline_v7,0,0.0,,,,,,,0,0,
30618_74559c73,664cca45aeb0db23,original,30618_74559c73-original-0,master,h03,0,0.0,,,,,,,0,0,
30618_74559c73,664cca45aeb0db23,original,30618_74559c73-original-0,master,h06,0,0.0,,,,,,,0,0,
30618_74559c73,664cca45aeb0db23,original,30618_74559c73-original-0,rover,baseline_v7,0,0.0,,,,,,,0,0,
30618_74559c73,664cca45aeb0db23,original,30618_74559c73-original-0,rover,h03,0,0.0,,,,,,,0,0,
30618_74559c73,664cca45aeb0db23,original,30618_74559c73-original-0,rover,h06,0,0.0,,,,,,,0,0,
30618_74559c73,664cca45aeb0db23,original,30618_74559c73-original-1,master,baseline_v7,0,0.0,,,,,,,0,0,
30618_74559c73,664cca45aeb0db23,original,30618_74559c73-original-1,master,h03,0,0.0,,,,,,,0,0,
30618_74559c73,664cca45aeb0db23,original,30618_74559c73-original-1,master,h06,0,0.0,,,,,,,0,0,
30618_74559c73,664cca45aeb0db23,original,30618_74559c73-original-1,rover,baseline_v7,0,0.0,,,,,,,0,0,
30618_74559c73,664cca45aeb0db23,original,30618_74559c73-original-1,rover,h03,0,0.0,,,,,,,0,0,
30618_74559c73,664cca45aeb0db23,original,30618_74559c73-original-1,rover,h06,0,0.0,,,,,,,0,0,
30618_74559c73,664cca45aeb0db23,original,30618_74559c73-original-2,master,baseline_v7,0,0.0,,,,,,,0,0,
30618_74559c73,664cca45aeb0db23,original,30618_74559c73-original-2,master,h03,0,0.0,,,,,,,0,0,
30618_74559c73,664cca45aeb0db23,original,30618_74559c73-original-2,master,h06,0,0.0,,,,,,,0,0,
30618_74559c73,664cca45aeb0db23,original,30618_74559c73-original-2,rover,baseline_v7,0,0.0,,,,,,,0,0,
30618_74559c73,664cca45aeb0db23,original,30618_74559c73-original-2,rover,h03,0,0.0,,,,,,,0,0,
30618_74559c73,664cca45aeb0db23,original,30618_74559c73-original-2,rover,h06,0,0.0,,,,,,,0,0,
30618_74559c73,664cca45aeb0db23,original,30618_74559c73-original-3,master,baseline_v7,0,0.0,,,,,,,0,0,
30618_74559c73,664cca45aeb0db23,original,30618_74559c73-original-3,master,h03,0,0.0,,,,,,,0,0,
30618_74559c73,664cca45aeb0db23,original,30618_74559c73-original-3,master,h06,0,0.0,,,,,,,0,0,
30618_74559c73,664cca45aeb0db23,original,30618_74559c73-original-3,rover,baseline_v7,0,0.0,,,,,,,0,0,
30618_74559c73,664cca45aeb0db23,original,30618_74559c73-original-3,rover,h03,0,0.0,,,,,,,0,0,
30618_74559c73,664cca45aeb0db23,original,30618_74559c73-original-3,rover,h06,0,0.0,,,,,,,0,0,
30618_88548b02,711abb923942f9fe,original,30618_88548b02-original-0,master,baseline_v7,288,0.4114285714285714,0.06671141272809533,0.06199188610123585,-0.061947522104790535,0.10225298009011742,0.0636638314255101,2.8616999998121173e-05,0,0,
30618_88548b02,711abb923942f9fe,original,30618_88548b02-original-0,master,h03,288,0.4114285714285714,0.06671141272809533,0.06199188610123585,-0.061947522104790535,0.10225298009011742,0.0636638314255101,2.8616999998121173e-05,0,0,
30618_88548b02,711abb923942f9fe,original,30618_88548b02-original-0,master,h06,288,0.4114285714285714,0.06671141272809533,0.06199188610123585,-0.061947522104790535,0.10225298009011742,0.0636638314255101,2.8616999998121173e-05,0,0,
30618_88548b02,711abb923942f9fe,original,30618_88548b02-original-0,rover,baseline_v7,296,0.4228571428571429,0.06660171318414883,0.06152261056382374,-0.06150056211768996,0.10637018426666867,0.06448460284544086,2.8616999998121173e-05,0,0,
30618_88548b02,711abb923942f9fe,original,30618_88548b02-original-0,rover,h03,296,0.4228571428571429,0.06660171318414883,0.06152261056382374,-0.06150056211768996,0.10637018426666867,0.06448460284544086,2.8616999998121173e-05,0,0,
30618_88548b02,711abb923942f9fe,original,30618_88548b02-original-0,rover,h06,296,0.4228571428571429,0.06660171318414883,0.06152261056382374,-0.06150056211768996,0.10637018426666867,0.06448460284544086,2.8616999998121173e-05,0,0,
30618_88548b02,711abb923942f9fe,original,30618_88548b02-original-1,master,baseline_v7,288,0.4114285714285714,0.07730107010200392,0.07078329392628271,-0.06749663833332875,0.12423702273615796,0.0915249403113225,2.8616999998121173e-05,0,0,
30618_88548b02,711abb923942f9fe,original,30618_88548b02-original-1,master,h03,288,0.4114285714285714,0.07730107010200392,0.07078329392628271,-0.06749663833332875,0.12423702273615796,0.0915249403113225,2.8616999998121173e-05,0,0,
30618_88548b02,711abb923942f9fe,original,30618_88548b02-original-1,master,h06,288,0.4114285714285714,0.07730107010200392,0.07078329392628271,-0.06749663833332875,0.12423702273615796,0.0915249403113225,2.8616999998121173e-05,0,0,
30618_88548b02,711abb923942f9fe,original,30618_88548b02-original-1,rover,baseline_v7,296,0.4228571428571429,0.07716716671050516,0.07049288212922929,-0.06714979902203926,0.12435717907374011,0.09230433785587162,2.8616999998121173e-05,0,0,
30618_88548b02,711abb923942f9fe,original,30618_88548b02-original-1,rover,h03,296,0.4228571428571429,0.07716716671050516,0.07049288212922929,-0.06714979902203926,0.12435717907374011,0.09230433785587162,2.8616999998121173e-05,0,0,
30618_88548b02,711abb923942f9fe,original,30618_88548b02-original-1,rover,h06,296,0.4228571428571429,0.07716716671050516,0.07049288212922929,-0.06714979902203926,0.12435717907374011,0.09230433785587162,2.8616999998121173e-05,0,0,
30618_88548b02,711abb923942f9fe,original,30618_88548b02-original-2,master,baseline_v7,388,0.4856070087609512,0.18343513842796064,0.1266472595387177,0.03636986428909961,0.45845770321236884,0.2445533483108201,1.4000286169999754,0,0,
30618_88548b02,711abb923942f9fe,original,30618_88548b02-original-2,master,h03,388,0.4856070087609512,0.18343513842796064,0.1266472595387177,0.03636986428909961,0.45845770321236884,0.2445533483108201,1.4000286169999754,0,0,
30618_88548b02,711abb923942f9fe,original,30618_88548b02-original-2,master,h06,388,0.4856070087609512,0.18343513842796064,0.1266472595387177,0.03636986428909961,0.45845770321236884,0.2445533483108201,1.4000286169999754,0,0,
30618_88548b02,711abb923942f9fe,original,30618_88548b02-original-2,rover,baseline_v7,396,0.4956195244055069,0.18330005084928697,0.12666687552396452,0.03631703895691187,0.4502049740198859,0.24490005792309696,0.10002861699999244,0,0,
30618_88548b02,711abb923942f9fe,original,30618_88548b02-original-2,rover,h03,396,0.4956195244055069,0.18330005084928697,0.12666687552396452,0.03631703895691187,0.4502049740198859,0.24490005792309696,0.10002861699999244,0,0,
30618_88548b02,711abb923942f9fe,original,30618_88548b02-original-2,rover,h06,396,0.4956195244055069,0.18330005084928697,0.12666687552396452,0.03631703895691187,0.4502049740198859,0.24490005792309696,0.10002861699999244,0,0,
30618_88548b02,711abb923942f9fe,original,30618_88548b02-original-3,master,baseline_v7,248,0.37575757575757573,0.0788318223418887,0.07364645501950455,-0.07364645501950455,0.1263443382282318,0.10456199135055094,0.4000286169999754,0,0,
30618_88548b02,711abb923942f9fe,original,30618_88548b02-original-3,master,h03,248,0.37575757575757573,0.0788318223418887,0.07364645501950455,-0.07364645501950455,0.1263443382282318,0.10456199135055094,0.4000286169999754,0,0,
30618_88548b02,711abb923942f9fe,original,30618_88548b02-original-3,master,h06,248,0.37575757575757573,0.0788318223418887,0.07364645501950455,-0.07364645501950455,0.1263443382282318,0.10456199135055094,0.4000286169999754,0,0,
30618_88548b02,711abb923942f9fe,original,30618_88548b02-original-3,rover,baseline_v7,260,0.3939393939393939,0.07813731289315479,0.07264716715202177,-0.072646364608578,0.12492018297463828,0.10413054533409423,2.8616999998121173e-05,0,0,
30618_88548b02,711abb923942f9fe,original,30618_88548b02-original-3,rover,h03,260,0.3939393939393939,0.07813731289315479,0.07264716715202177,-0.072646364608578,0.12492018297463828,0.10413054533409423,2.8616999998121173e-05,0,0,
30618_88548b02,711abb923942f9fe,original,30618_88548b02-original-3,rover,h06,260,0.3939393939393939,0.07813731289315479,0.07264716715202177,-0.072646364608578,0.12492018297463828,0.10413054533409423,2.8616999998121173e-05,0,0,
30618_bcc9e7a2,664cca45aeb0db23,original,30618_bcc9e7a2-original-0,master,baseline_v7,0,0.0,,,,,,,0,0,
30618_bcc9e7a2,664cca45aeb0db23,original,30618_bcc9e7a2-original-0,master,h03,0,0.0,,,,,,,0,0,
30618_bcc9e7a2,664cca45aeb0db23,original,30618_bcc9e7a2-original-0,master,h06,0,0.0,,,,,,,0,0,
30618_bcc9e7a2,664cca45aeb0db23,original,30618_bcc9e7a2-original-0,rover,baseline_v7,0,0.0,,,,,,,0,0,
30618_bcc9e7a2,664cca45aeb0db23,original,30618_bcc9e7a2-original-0,rover,h03,0,0.0,,,,,,,0,0,
30618_bcc9e7a2,664cca45aeb0db23,original,30618_bcc9e7a2-original-0,rover,h06,0,0.0,,,,,,,0,0,
30618_bcc9e7a2,664cca45aeb0db23,original,30618_bcc9e7a2-original-1,master,baseline_v7,0,0.0,,,,,,,0,0,
30618_bcc9e7a2,664cca45aeb0db23,original,30618_bcc9e7a2-original-1,master,h03,0,0.0,,,,,,,0,0,
30618_bcc9e7a2,664cca45aeb0db23,original,30618_bcc9e7a2-original-1,master,h06,0,0.0,,,,,,,0,0,
30618_bcc9e7a2,664cca45aeb0db23,original,30618_bcc9e7a2-original-1,rover,baseline_v7,0,0.0,,,,,,,0,0,
30618_bcc9e7a2,664cca45aeb0db23,original,30618_bcc9e7a2-original-1,rover,h03,0,0.0,,,,,,,0,0,
30618_bcc9e7a2,664cca45aeb0db23,original,30618_bcc9e7a2-original-1,rover,h06,0,0.0,,,,,,,0,0,
30618_bcc9e7a2,664cca45aeb0db23,original,30618_bcc9e7a2-original-2,master,baseline_v7,0,0.0,,,,,,,0,0,
30618_bcc9e7a2,664cca45aeb0db23,original,30618_bcc9e7a2-original-2,master,h03,0,0.0,,,,,,,0,0,
30618_bcc9e7a2,664cca45aeb0db23,original,30618_bcc9e7a2-original-2,master,h06,0,0.0,,,,,,,0,0,
30618_bcc9e7a2,664cca45aeb0db23,original,30618_bcc9e7a2-original-2,rover,baseline_v7,0,0.0,,,,,,,0,0,
30618_bcc9e7a2,664cca45aeb0db23,original,30618_bcc9e7a2-original-2,rover,h03,0,0.0,,,,,,,0,0,
30618_bcc9e7a2,664cca45aeb0db23,original,30618_bcc9e7a2-original-2,rover,h06,0,0.0,,,,,,,0,0,
30618_bcc9e7a2,664cca45aeb0db23,original,30618_bcc9e7a2-original-3,master,baseline_v7,0,0.0,,,,,,,0,0,
30618_bcc9e7a2,664cca45aeb0db23,original,30618_bcc9e7a2-original-3,master,h03,0,0.0,,,,,,,0,0,
30618_bcc9e7a2,664cca45aeb0db23,original,30618_bcc9e7a2-original-3,master,h06,0,0.0,,,,,,,0,0,
30618_bcc9e7a2,664cca45aeb0db23,original,30618_bcc9e7a2-original-3,rover,baseline_v7,0,0.0,,,,,,,0,0,
30618_bcc9e7a2,664cca45aeb0db23,original,30618_bcc9e7a2-original-3,rover,h03,0,0.0,,,,,,,0,0,
30618_bcc9e7a2,664cca45aeb0db23,original,30618_bcc9e7a2-original-3,rover,h06,0,0.0,,,,,,,0,0,
30639_9c362687,a8a4c11ebcc1dde2,original,30639_9c362687-original-0,master,baseline_v7,300,0.42796005706134094,0.08202798371390896,0.06933874948138961,0.06860856530970348,0.15706250064317145,0.10930527522193631,0.007980078999992202,0,0,
30639_9c362687,a8a4c11ebcc1dde2,original,30639_9c362687-original-0,master,h03,300,0.42796005706134094,0.08202798371390896,0.06933874948138961,0.06860856530970348,0.15706250064317145,0.10930527522193631,0.007980078999992202,0,0,
30639_9c362687,a8a4c11ebcc1dde2,original,30639_9c362687-original-0,master,h06,300,0.42796005706134094,0.08202798371390896,0.06933874948138961,0.06860856530970348,0.15706250064317145,0.10930527522193631,0.007980078999992202,0,0,
30639_9c362687,a8a4c11ebcc1dde2,original,30639_9c362687-original-0,rover,baseline_v7,300,0.42796005706134094,0.32276076046300284,0.10874277431322227,0.1079285653097034,0.1773517623485552,0.11621717661814171,0.007980078999992202,0,0,
30639_9c362687,a8a4c11ebcc1dde2,original,30639_9c362687-original-0,rover,h03,300,0.42796005706134094,0.32276076046300284,0.10874277431322227,0.1079285653097034,0.1773517623485552,0.11621717661814171,0.007980078999992202,0,0,
30639_9c362687,a8a4c11ebcc1dde2,original,30639_9c362687-original-0,rover,h06,300,0.42796005706134094,0.32276076046300284,0.10874277431322227,0.1079285653097034,0.1773517623485552,0.11621717661814171,0.007980078999992202,0,0,
30639_9c362687,a8a4c11ebcc1dde2,original,30639_9c362687-original-1,master,baseline_v7,300,0.42796005706134094,0.09586884795996535,0.07350239087530977,0.009751053437327798,0.21846015868483273,0.14009505232412092,0.007980078999992202,0,0,
30639_9c362687,a8a4c11ebcc1dde2,original,30639_9c362687-original-1,master,h03,300,0.42796005706134094,0.09586884795996535,0.07350239087530977,0.009751053437327798,0.21846015868483273,0.14009505232412092,0.007980078999992202,0,0,
30639_9c362687,a8a4c11ebcc1dde2,original,30639_9c362687-original-1,master,h06,300,0.42796005706134094,0.09586884795996535,0.07350239087530977,0.009751053437327798,0.21846015868483273,0.14009505232412092,0.007980078999992202,0,0,
30639_9c362687,a8a4c11ebcc1dde2,original,30639_9c362687-original-1,rover,baseline_v7,300,0.42796005706134094,0.325315294850015,0.11081562531499393,0.04907105343732776,0.23813896675008084,0.13688365830250557,0.007980078999992202,0,0,
30639_9c362687,a8a4c11ebcc1dde2,original,30639_9c362687-original-1,rover,h03,300,0.42796005706134094,0.325315294850015,0.11081562531499393,0.04907105343732776,0.23813896675008084,0.13688365830250557,0.007980078999992202,0,0,
30639_9c362687,a8a4c11ebcc1dde2,original,30639_9c362687-original-1,rover,h06,300,0.42796005706134094,0.325315294850015,0.11081562531499393,0.04907105343732776,0.23813896675008084,0.13688365830250557,0.007980078999992202,0,0,
30639_9c362687,a8a4c11ebcc1dde2,original,30639_9c362687-original-2,master,baseline_v7,400,0.5,0.18639874652847596,0.12503420075812094,0.07211068288157464,0.4401533756239941,0.2570956101757153,0.05798007900000357,0,0,
30639_9c362687,a8a4c11ebcc1dde2,original,30639_9c362687-original-2,master,h03,400,0.5,0.18639874652847596,0.12503420075812094,0.07211068288157464,0.4401533756239941,0.2570956101757153,0.05798007900000357,0,0,
30639_9c362687,a8a4c11ebcc1dde2,original,30639_9c362687-original-2,master,h06,400,0.5,0.18639874652847596,0.12503420075812094,0.07211068288157464,0.4401533756239941,0.2570956101757153,0.05798007900000357,0,0,
30639_9c362687,a8a4c11ebcc1dde2,original,30639_9c362687-original-2,rover,baseline_v7,400,0.5,0.4391685850167858,0.189294868844474,0.1351031828815746,0.458248074675193,0.258670138631096,0.05798007900000357,0,0,
30639_9c362687,a8a4c11ebcc1dde2,original,30639_9c362687-original-2,rover,h03,400,0.5,0.4391685850167858,0.189294868844474,0.1351031828815746,0.458248074675193,0.258670138631096,0.05798007900000357,0,0,
30639_9c362687,a8a4c11ebcc1dde2,original,30639_9c362687-original-2,rover,h06,400,0.5,0.4391685850167858,0.189294868844474,0.1351031828815746,0.458248074675193,0.258670138631096,0.05798007900000357,0,0,
30639_9c362687,a8a4c11ebcc1dde2,original,30639_9c362687-original-3,master,baseline_v7,260,0.3939393939393939,0.10226095415480102,0.08221590304285555,0.025943224658920124,0.2280444193689353,0.16024774427260532,0.007980078999992202,0,0,
30639_9c362687,a8a4c11ebcc1dde2,original,30639_9c362687-original-3,master,h03,260,0.3939393939393939,0.10226095415480102,0.08221590304285555,0.025943224658920124,0.2280444193689353,0.16024774427260532,0.007980078999992202,0,0,
30639_9c362687,a8a4c11ebcc1dde2,original,30639_9c362687-original-3,master,h06,260,0.3939393939393939,0.10226095415480102,0.08221590304285555,0.025943224658920124,0.2280444193689353,0.16024774427260532,0.007980078999992202,0,0,
30639_9c362687,a8a4c11ebcc1dde2,original,30639_9c362687-original-3,rover,baseline_v7,260,0.3939393939393939,0.10908745157027513,0.09153769012344137,0.03579322465892009,0.2328510726146013,0.154943595630792,0.15798007899999789,0,0,
30639_9c362687,a8a4c11ebcc1dde2,original,30639_9c362687-original-3,rover,h03,260,0.3939393939393939,0.10908745157027513,0.09153769012344137,0.03579322465892009,0.2328510726146013,0.154943595630792,0.15798007899999789,0,0,
30639_9c362687,a8a4c11ebcc1dde2,original,30639_9c362687-original-3,rover,h06,260,0.3939393939393939,0.10908745157027513,0.09153769012344137,0.03579322465892009,0.2328510726146013,0.154943595630792,0.15798007899999789,0,0,
30639_c31df386,70bb14d1c90f301f,original,30639_c31df386-original-0,master,baseline_v7,300,0.42857142857142855,0.08937720365346748,0.07823199324990117,0.060501049178339567,0.1382249811426105,0.043808469218313204,0.04167189599999688,0,0,
30639_c31df386,70bb14d1c90f301f,original,30639_c31df386-original-0,master,h03,300,0.42857142857142855,0.08937720365346748,0.07823199324990117,0.060501049178339567,0.1382249811426105,0.043808469218313204,0.04167189599999688,0,0,
30639_c31df386,70bb14d1c90f301f,original,30639_c31df386-original-0,master,h06,300,0.42857142857142855,0.08937720365346748,0.07823199324990117,0.060501049178339567,0.1382249811426105,0.043808469218313204,0.04167189599999688,0,0,
30639_c31df386,70bb14d1c90f301f,original,30639_c31df386-original-0,rover,baseline_v7,300,0.42857142857142855,0.08981576057618769,0.07858577073276668,0.060391049178339505,0.14908392345686022,0.04499047423512338,0.04167189599999688,0,0,
30639_c31df386,70bb14d1c90f301f,original,30639_c31df386-original-0,rover,h03,300,0.42857142857142855,0.08981576057618769,0.07858577073276668,0.060391049178339505,0.14908392345686022,0.04499047423512338,0.04167189599999688,0,0,
30639_c31df386,70bb14d1c90f301f,original,30639_c31df386-original-0,rover,h06,300,0.42857142857142855,0.08981576057618769,0.07858577073276668,0.060391049178339505,0.14908392345686022,0.04499047423512338,0.04167189599999688,0,0,
30639_c31df386,70bb14d1c90f301f,original,30639_c31df386-original-1,master,baseline_v7,300,0.42857142857142855,0.23197930700445596,0.18297832972279238,-0.04954729946696169,0.4735192495458594,0.37335518171707316,0.04167189599999688,0,0,
30639_c31df386,70bb14d1c90f301f,original,30639_c31df386-original-1,master,h03,300,0.42857142857142855,0.23197930700445596,0.18297832972279238,-0.04954729946696169,0.4735192495458594,0.37335518171707316,0.04167189599999688,0,0,
30639_c31df386,70bb14d1c90f301f,original,30639_c31df386-original-1,master,h06,300,0.42857142857142855,0.23197930700445596,0.18297832972279238,-0.04954729946696169,0.4735192495458594,0.37335518171707316,0.04167189599999688,0,0,
30639_c31df386,70bb14d1c90f301f,original,30639_c31df386-original-1,rover,baseline_v7,300,0.42857142857142855,0.2315164917629049,0.18275165844493554,-0.04965729946696174,0.4715396823889536,0.3723425838884605,0.04167189599999688,0,0,
30639_c31df386,70bb14d1c90f301f,original,30639_c31df386-original-1,rover,h03,300,0.42857142857142855,0.2315164917629049,0.18275165844493554,-0.04965729946696174,0.4715396823889536,0.3723425838884605,0.04167189599999688,0,0,
30639_c31df386,70bb14d1c90f301f,original,30639_c31df386-original-1,rover,h06,300,0.42857142857142855,0.2315164917629049,0.18275165844493554,-0.04965729946696174,0.4715396823889536,0.3723425838884605,0.04167189599999688,0,0,
30639_c31df386,70bb14d1c90f301f,original,30639_c31df386-original-2,master,baseline_v7,355,0.4431960049937578,0.3384095963550736,0.2789869279265642,-0.20139916161540922,0.5428105768508479,0.4413995048875248,0.09167189600000825,0,0,
30639_c31df386,70bb14d1c90f301f,original,30639_c31df386-original-2,master,h03,355,0.4431960049937578,0.3384095963550736,0.2789869279265642,-0.20139916161540922,0.5428105768508479,0.4413995048875248,0.09167189600000825,0,0,
30639_c31df386,70bb14d1c90f301f,original,30639_c31df386-original-2,master,h06,355,0.4431960049937578,0.3384095963550736,0.2789869279265642,-0.20139916161540922,0.5428105768508479,0.4413995048875248,0.09167189600000825,0,0,
30639_c31df386,70bb14d1c90f301f,original,30639_c31df386-original-2,rover,baseline_v7,400,0.4993757802746567,0.31952427478616574,0.25662150379055954,-0.16934607743578456,0.5380091431926686,0.4406594935280277,0.09167189600000825,0,0,
30639_c31df386,70bb14d1c90f301f,original,30639_c31df386-original-2,rover,h03,400,0.4993757802746567,0.31952427478616574,0.25662150379055954,-0.16934607743578456,0.5380091431926686,0.4406594935280277,0.09167189600000825,0,0,
30639_c31df386,70bb14d1c90f301f,original,30639_c31df386-original-2,rover,h06,400,0.4993757802746567,0.31952427478616574,0.25662150379055954,-0.16934607743578456,0.5380091431926686,0.4406594935280277,0.09167189600000825,0,0,
30639_c31df386,70bb14d1c90f301f,original,30639_c31df386-original-3,master,baseline_v7,260,0.3939393939393939,0.1741371721761973,0.14128712727712864,0.0073895100225264115,0.3874028124093728,0.2994322130804756,0.1416718959999912,0,0,
30639_c31df386,70bb14d1c90f301f,original,30639_c31df386-original-3,master,h03,260,0.3939393939393939,0.1741371721761973,0.14128712727712864,0.0073895100225264115,0.3874028124093728,0.2994322130804756,0.1416718959999912,0,0,
30639_c31df386,70bb14d1c90f301f,original,30639_c31df386-original-3,master,h06,260,0.3939393939393939,0.1741371721761973,0.14128712727712864,0.0073895100225264115,0.3874028124093728,0.2994322130804756,0.1416718959999912,0,0,
30639_c31df386,70bb14d1c90f301f,original,30639_c31df386-original-3,rover,baseline_v7,260,0.3939393939393939,0.17458313005303022,0.1416822310488033,0.0073010484840648196,0.391896815921939,0.30036140509334913,0.1416718959999912,0,0,
30639_c31df386,70bb14d1c90f301f,original,30639_c31df386-original-3,rover,h03,260,0.3939393939393939,0.17458313005303022,0.1416822310488033,0.0073010484840648196,0.391896815921939,0.30036140509334913,0.1416718959999912,0,0,
30639_c31df386,70bb14d1c90f301f,original,30639_c31df386-original-3,rover,h06,260,0.3939393939393939,0.17458313005303022,0.1416822310488033,0.0073010484840648196,0.391896815921939,0.30036140509334913,0.1416718959999912,0,0,
30639_dce52be4,70bb14d1c90f301f,original,30639_dce52be4-original-0,master,baseline_v7,300,0.42796005706134094,0.06244364261522036,0.0472332778553839,0.03234324541462102,0.137214973985645,0.0799638014420416,0.014843622999990203,0,0,
30639_dce52be4,70bb14d1c90f301f,original,30639_dce52be4-original-0,master,h03,300,0.42796005706134094,0.06244364261522036,0.0472332778553839,0.03234324541462102,0.137214973985645,0.0799638014420416,0.014843622999990203,0,0,
30639_dce52be4,70bb14d1c90f301f,original,30639_dce52be4-original-0,master,h06,300,0.42796005706134094,0.06244364261522036,0.0472332778553839,0.03234324541462102,0.137214973985645,0.0799638014420416,0.014843622999990203,0,0,
30639_dce52be4,70bb14d1c90f301f,original,30639_dce52be4-original-0,rover,baseline_v7,300,0.42796005706134094,0.059802553050799165,0.04545792064140924,0.027929912081287683,0.12083097569893553,0.07964387341988126,0.014843622999990203,0,0,
30639_dce52be4,70bb14d1c90f301f,original,30639_dce52be4-original-0,rover,h03,300,0.42796005706134094,0.059802553050799165,0.04545792064140924,0.027929912081287683,0.12083097569893553,0.07964387341988126,0.014843622999990203,0,0,
30639_dce52be4,70bb14d1c90f301f,original,30639_dce52be4-original-0,rover,h06,300,0.42796005706134094,0.059802553050799165,0.04545792064140924,0.027929912081287683,0.12083097569893553,0.07964387341988126,0.014843622999990203,0,0,
30639_dce52be4,70bb14d1c90f301f,original,30639_dce52be4-original-1,master,baseline_v7,300,0.42796005706134094,0.15818167656294072,0.10470408309210333,-0.05461795108002675,0.35456653231763025,0.2646800279422154,0.014843622999990203,0,0,
30639_dce52be4,70bb14d1c90f301f,original,30639_dce52be4-original-1,master,h03,300,0.42796005706134094,0.15818167656294072,0.10470408309210333,-0.05461795108002675,0.35456653231763025,0.2646800279422154,0.014843622999990203,0,0,
30639_dce52be4,70bb14d1c90f301f,original,30639_dce52be4-original-1,master,h06,300,0.42796005706134094,0.15818167656294072,0.10470408309210333,-0.05461795108002675,0.35456653231763025,0.2646800279422154,0.014843622999990203,0,0,
30639_dce52be4,70bb14d1c90f301f,original,30639_dce52be4-original-1,rover,baseline_v7,300,0.42796005706134094,0.16100877799084384,0.10438630879288023,-0.05903128441336007,0.3713547841310758,0.27116437513893255,0.014843622999990203,0,0,
30639_dce52be4,70bb14d1c90f301f,original,30639_dce52be4-original-1,rover,h03,300,0.42796005706134094,0.16100877799084384,0.10438630879288023,-0.05903128441336007,0.3713547841310758,0.27116437513893255,0.014843622999990203,0,0,
30639_dce52be4,70bb14d1c90f301f,original,30639_dce52be4-original-1,rover,h06,300,0.42796005706134094,0.16100877799084384,0.10438630879288023,-0.05903128441336007,0.3713547841310758,0.27116437513893255,0.014843622999990203,0,0,
30639_dce52be4,70bb14d1c90f301f,original,30639_dce52be4-original-2,master,baseline_v7,400,0.5,0.16495249431640233,0.11388710612813199,-0.03625383722758159,0.35352513510877515,0.22795906454340564,0.06484362299998736,0,0,
30639_dce52be4,70bb14d1c90f301f,original,30639_dce52be4-original-2,master,h03,400,0.5,0.16495249431640233,0.11388710612813199,-0.03625383722758159,0.35352513510877515,0.22795906454340564,0.06484362299998736,0,0,
30639_dce52be4,70bb14d1c90f301f,original,30639_dce52be4-original-2,master,h06,400,0.5,0.16495249431640233,0.11388710612813199,-0.03625383722758159,0.35352513510877515,0.22795906454340564,0.06484362299998736,0,0,
30639_dce52be4,70bb14d1c90f301f,original,30639_dce52be4-original-2,rover,baseline_v7,400,0.5,0.1690396015487569,0.11598100756223681,-0.03948883722758158,0.3656950858294407,0.23422860540305324,0.06484362299998736,0,0,
30639_dce52be4,70bb14d1c90f301f,original,30639_dce52be4-original-2,rover,h03,400,0.5,0.1690396015487569,0.11598100756223681,-0.03948883722758158,0.3656950858294407,0.23422860540305324,0.06484362299998736,0,0,
30639_dce52be4,70bb14d1c90f301f,original,30639_dce52be4-original-2,rover,h06,400,0.5,0.1690396015487569,0.11598100756223681,-0.03948883722758158,0.3656950858294407,0.23422860540305324,0.06484362299998736,0,0,
30639_dce52be4,70bb14d1c90f301f,original,30639_dce52be4-original-3,master,baseline_v7,260,0.3939393939393939,0.1275517992073352,0.08474402735218793,-0.008640219918261942,0.340072126036577,0.2261360595716466,0.21484362299999304,0,0,
30639_dce52be4,70bb14d1c90f301f,original,30639_dce52be4-original-3,master,h03,260,0.3939393939393939,0.1275517992073352,0.08474402735218793,-0.008640219918261942,0.340072126036577,0.2261360595716466,0.21484362299999304,0,0,
30639_dce52be4,70bb14d1c90f301f,original,30639_dce52be4-original-3,master,h06,260,0.3939393939393939,0.1275517992073352,0.08474402735218793,-0.008640219918261942,0.340072126036577,0.2261360595716466,0.21484362299999304,0,0,
30639_dce52be4,70bb14d1c90f301f,original,30639_dce52be4-original-3,rover,baseline_v7,260,0.3939393939393939,0.12821074319389306,0.08274757084776008,-0.013355604533646554,0.35490985725280955,0.22919062151453962,0.21484362299999304,0,0,
30639_dce52be4,70bb14d1c90f301f,original,30639_dce52be4-original-3,rover,h03,260,0.3939393939393939,0.12821074319389306,0.08274757084776008,-0.013355604533646554,0.35490985725280955,0.22919062151453962,0.21484362299999304,0,0,
30639_dce52be4,70bb14d1c90f301f,original,30639_dce52be4-original-3,rover,h06,260,0.3939393939393939,0.12821074319389306,0.08274757084776008,-0.013355604533646554,0.35490985725280955,0.22919062151453962,0.21484362299999304,0,0,
30639_e4379d7f,a0c46036cc19092a,original,30639_e4379d7f-original-0,master,baseline_v7,0,0.0,,,,,,,0,0,
30639_e4379d7f,a0c46036cc19092a,original,30639_e4379d7f-original-0,master,h03,0,0.0,,,,,,,0,0,
30639_e4379d7f,a0c46036cc19092a,original,30639_e4379d7f-original-0,master,h06,0,0.0,,,,,,,0,0,
30639_e4379d7f,a0c46036cc19092a,original,30639_e4379d7f-original-0,rover,baseline_v7,116,0.1657142857142857,0.09691170545430397,0.0830014364560184,0.05473588549175669,0.16540547848235843,0.07437063789617557,,0,0,
30639_e4379d7f,a0c46036cc19092a,original,30639_e4379d7f-original-0,rover,h03,116,0.1657142857142857,0.09691170545430397,0.0830014364560184,0.05473588549175669,0.16540547848235843,0.07437063789617557,,0,0,
30639_e4379d7f,a0c46036cc19092a,original,30639_e4379d7f-original-0,rover,h06,116,0.1657142857142857,0.09691170545430397,0.0830014364560184,0.05473588549175669,0.16540547848235843,0.07437063789617557,,0,0,
30639_e4379d7f,a0c46036cc19092a,original,30639_e4379d7f-original-1,master,baseline_v7,0,0.0,,,,,,,0,0,
30639_e4379d7f,a0c46036cc19092a,original,30639_e4379d7f-original-1,master,h03,0,0.0,,,,,,,0,0,
30639_e4379d7f,a0c46036cc19092a,original,30639_e4379d7f-original-1,master,h06,0,0.0,,,,,,,0,0,
30639_e4379d7f,a0c46036cc19092a,original,30639_e4379d7f-original-1,rover,baseline_v7,116,0.1657142857142857,0.21325647752245103,0.15643809018861574,0.1445778165967107,0.5083867434338583,0.34011946552944894,,0,0,
30639_e4379d7f,a0c46036cc19092a,original,30639_e4379d7f-original-1,rover,h03,116,0.1657142857142857,0.21325647752245103,0.15643809018861574,0.1445778165967107,0.5083867434338583,0.34011946552944894,,0,0,
30639_e4379d7f,a0c46036cc19092a,original,30639_e4379d7f-original-1,rover,h06,116,0.1657142857142857,0.21325647752245103,0.15643809018861574,0.1445778165967107,0.5083867434338583,0.34011946552944894,,0,0,
30639_e4379d7f,a0c46036cc19092a,original,30639_e4379d7f-original-2,master,baseline_v7,0,0.0,,,,,,,0,0,
30639_e4379d7f,a0c46036cc19092a,original,30639_e4379d7f-original-2,master,h03,0,0.0,,,,,,,0,0,
30639_e4379d7f,a0c46036cc19092a,original,30639_e4379d7f-original-2,master,h06,0,0.0,,,,,,,0,0,
30639_e4379d7f,a0c46036cc19092a,original,30639_e4379d7f-original-2,rover,baseline_v7,154,0.1925,0.2621641060383793,0.21592306113842596,0.2097055298683478,0.5051663280522861,0.3504594682056353,,0,0,
30639_e4379d7f,a0c46036cc19092a,original,30639_e4379d7f-original-2,rover,h03,154,0.1925,0.2621641060383793,0.21592306113842596,0.2097055298683478,0.5051663280522861,0.3504594682056353,,0,0,
30639_e4379d7f,a0c46036cc19092a,original,30639_e4379d7f-original-2,rover,h06,154,0.1925,0.2621641060383793,0.21592306113842596,0.2097055298683478,0.5051663280522861,0.3504594682056353,,0,0,
30639_e4379d7f,a0c46036cc19092a,original,30639_e4379d7f-original-3,master,baseline_v7,0,0.0,,,,,,,0,0,
30639_e4379d7f,a0c46036cc19092a,original,30639_e4379d7f-original-3,master,h03,0,0.0,,,,,,,0,0,
30639_e4379d7f,a0c46036cc19092a,original,30639_e4379d7f-original-3,master,h06,0,0.0,,,,,,,0,0,
30639_e4379d7f,a0c46036cc19092a,original,30639_e4379d7f-original-3,rover,baseline_v7,100,0.15151515151515152,0.12186167910499171,0.09838491179439326,0.0848236816388249,0.24437122371621567,0.15777796614564962,,0,0,
30639_e4379d7f,a0c46036cc19092a,original,30639_e4379d7f-original-3,rover,h03,100,0.15151515151515152,0.12186167910499171,0.09838491179439326,0.0848236816388249,0.24437122371621567,0.15777796614564962,,0,0,
30639_e4379d7f,a0c46036cc19092a,original,30639_e4379d7f-original-3,rover,h06,100,0.15151515151515152,0.12186167910499171,0.09838491179439326,0.0848236816388249,0.24437122371621567,0.15777796614564962,,0,0,
30618_0652866c,8269991eafa82c45,diagnostic,30618_0652866c-diagnostic-0,master,baseline_v7,360,0.4743083003952569,0.10998867320447822,0.08006054625571102,-0.0699103000617573,0.2094323575303738,0.1598014713102559,0.006544645999980503,0,0,
30618_0652866c,8269991eafa82c45,diagnostic,30618_0652866c-diagnostic-0,master,h03,360,0.4743083003952569,0.10998867320447822,0.08006054625571102,-0.0699103000617573,0.2094323575303738,0.1598014713102559,0.006544645999980503,0,0,
30618_0652866c,8269991eafa82c45,diagnostic,30618_0652866c-diagnostic-0,master,h06,360,0.4743083003952569,0.10998867320447822,0.08006054625571102,-0.0699103000617573,0.2094323575303738,0.1598014713102559,0.006544645999980503,0,0,
30618_0652866c,8269991eafa82c45,diagnostic,30618_0652866c-diagnostic-0,rover,baseline_v7,360,0.4743083003952569,0.11294174101099713,0.08252773039509383,-0.06762141117286842,0.21746920243489667,0.16341326795476258,0.006544645999980503,0,0,
30618_0652866c,8269991eafa82c45,diagnostic,30618_0652866c-diagnostic-0,rover,h03,360,0.4743083003952569,0.11294174101099713,0.08252773039509383,-0.06762141117286842,0.21746920243489667,0.16341326795476258,0.006544645999980503,0,0,
30618_0652866c,8269991eafa82c45,diagnostic,30618_0652866c-diagnostic-0,rover,h06,360,0.4743083003952569,0.11294174101099713,0.08252773039509383,-0.06762141117286842,0.21746920243489667,0.16341326795476258,0.006544645999980503,0,0,
30618_0652866c,8269991eafa82c45,diagnostic,30618_0652866c-diagnostic-1,master,baseline_v7,360,0.4743083003952569,0.10348046083463583,0.07500081034718757,0.05662186892526173,0.20228679483134426,0.15012294576101853,0.006544645999980503,0,0,
30618_0652866c,8269991eafa82c45,diagnostic,30618_0652866c-diagnostic-1,master,h03,360,0.4743083003952569,0.10348046083463583,0.07500081034718757,0.05662186892526173,0.20228679483134426,0.15012294576101853,0.006544645999980503,0,0,
30618_0652866c,8269991eafa82c45,diagnostic,30618_0652866c-diagnostic-1,master,h06,360,0.4743083003952569,0.10348046083463583,0.07500081034718757,0.05662186892526173,0.20228679483134426,0.15012294576101853,0.006544645999980503,0,0,
30618_0652866c,8269991eafa82c45,diagnostic,30618_0652866c-diagnostic-1,rover,baseline_v7,360,0.4743083003952569,0.10166110515767807,0.07384496844116151,0.05891075781415061,0.20073153110198355,0.14643373820438715,0.006544645999980503,0,0,
30618_0652866c,8269991eafa82c45,diagnostic,30618_0652866c-diagnostic-1,rover,h03,360,0.4743083003952569,0.10166110515767807,0.07384496844116151,0.05891075781415061,0.20073153110198355,0.14643373820438715,0.006544645999980503,0,0,
30618_0652866c,8269991eafa82c45,diagnostic,30618_0652866c-diagnostic-1,rover,h06,360,0.4743083003952569,0.10166110515767807,0.07384496844116151,0.05891075781415061,0.20073153110198355,0.14643373820438715,0.006544645999980503,0,0,
30618_0652866c,8269991eafa82c45,diagnostic,30618_0652866c-diagnostic-2,master,baseline_v7,360,0.4743083003952569,0.10998867320447822,0.08006054625571102,-0.0699103000617573,0.2094323575303738,0.1598014713102559,0.006544645999980503,0,0,
30618_0652866c,8269991eafa82c45,diagnostic,30618_0652866c-diagnostic-2,master,h03,360,0.4743083003952569,0.10998867320447822,0.08006054625571102,-0.0699103000617573,0.2094323575303738,0.1598014713102559,0.006544645999980503,0,0,
30618_0652866c,8269991eafa82c45,diagnostic,30618_0652866c-diagnostic-2,master,h06,360,0.4743083003952569,0.10998867320447822,0.08006054625571102,-0.0699103000617573,0.2094323575303738,0.1598014713102559,0.006544645999980503,0,0,
30618_0652866c,8269991eafa82c45,diagnostic,30618_0652866c-diagnostic-2,rover,baseline_v7,360,0.4743083003952569,0.11294174101099713,0.08252773039509383,-0.06762141117286842,0.21746920243489667,0.16341326795476258,0.006544645999980503,0,0,
30618_0652866c,8269991eafa82c45,diagnostic,30618_0652866c-diagnostic-2,rover,h03,360,0.4743083003952569,0.11294174101099713,0.08252773039509383,-0.06762141117286842,0.21746920243489667,0.16341326795476258,0.006544645999980503,0,0,
30618_0652866c,8269991eafa82c45,diagnostic,30618_0652866c-diagnostic-2,rover,h06,360,0.4743083003952569,0.11294174101099713,0.08252773039509383,-0.06762141117286842,0.21746920243489667,0.16341326795476258,0.006544645999980503,0,0,
30618_0652866c,8269991eafa82c45,diagnostic,30618_0652866c-diagnostic-3,master,baseline_v7,360,0.4743083003952569,0.10348046083463583,0.07500081034718757,0.05662186892526173,0.20228679483134426,0.15012294576101853,0.006544645999980503,0,0,
30618_0652866c,8269991eafa82c45,diagnostic,30618_0652866c-diagnostic-3,master,h03,360,0.4743083003952569,0.10348046083463583,0.07500081034718757,0.05662186892526173,0.20228679483134426,0.15012294576101853,0.006544645999980503,0,0,
30618_0652866c,8269991eafa82c45,diagnostic,30618_0652866c-diagnostic-3,master,h06,360,0.4743083003952569,0.10348046083463583,0.07500081034718757,0.05662186892526173,0.20228679483134426,0.15012294576101853,0.006544645999980503,0,0,
30618_0652866c,8269991eafa82c45,diagnostic,30618_0652866c-diagnostic-3,rover,baseline_v7,360,0.4743083003952569,0.10166110515767807,0.07384496844116151,0.05891075781415061,0.20073153110198355,0.14643373820438715,0.006544645999980503,0,0,
30618_0652866c,8269991eafa82c45,diagnostic,30618_0652866c-diagnostic-3,rover,h03,360,0.4743083003952569,0.10166110515767807,0.07384496844116151,0.05891075781415061,0.20073153110198355,0.14643373820438715,0.006544645999980503,0,0,
30618_0652866c,8269991eafa82c45,diagnostic,30618_0652866c-diagnostic-3,rover,h06,360,0.4743083003952569,0.10166110515767807,0.07384496844116151,0.05891075781415061,0.20073153110198355,0.14643373820438715,0.006544645999980503,0,0,
30618_0652866c,8269991eafa82c45,diagnostic,30618_0652866c-diagnostic-4,master,baseline_v7,360,0.4743083003952569,0.05880853495501393,0.04436624141220702,-0.03441020500237363,0.1156584608976669,0.08188303296626588,0.006544645999980503,0,0,
30618_0652866c,8269991eafa82c45,diagnostic,30618_0652866c-diagnostic-4,master,h03,360,0.4743083003952569,0.05880853495501393,0.04436624141220702,-0.03441020500237363,0.1156584608976669,0.08188303296626588,0.006544645999980503,0,0,
30618_0652866c,8269991eafa82c45,diagnostic,30618_0652866c-diagnostic-4,master,h06,360,0.4743083003952569,0.05880853495501393,0.04436624141220702,-0.03441020500237363,0.1156584608976669,0.08188303296626588,0.006544645999980503,0,0,
30618_0652866c,8269991eafa82c45,diagnostic,30618_0652866c-diagnostic-4,rover,baseline_v7,360,0.4743083003952569,0.06010917460803087,0.047018517684535056,-0.03212131611348475,0.12052737174808259,0.08221041216558875,0.006544645999980503,0,0,
30618_0652866c,8269991eafa82c45,diagnostic,30618_0652866c-diagnostic-4,rover,h03,360,0.4743083003952569,0.06010917460803087,0.047018517684535056,-0.03212131611348475,0.12052737174808259,0.08221041216558875,0.006544645999980503,0,0,
30618_0652866c,8269991eafa82c45,diagnostic,30618_0652866c-diagnostic-4,rover,h06,360,0.4743083003952569,0.06010917460803087,0.047018517684535056,-0.03212131611348475,0.12052737174808259,0.08221041216558875,0.006544645999980503,0,0,
30618_0652866c,8269991eafa82c45,diagnostic,30618_0652866c-diagnostic-5,master,baseline_v7,360,0.4743083003952569,0.05430388098857179,0.04035400745399307,0.021118669316626502,0.11016751313371065,0.07465929488534562,0.006544645999980503,0,0,
30618_0652866c,8269991eafa82c45,diagnostic,30618_0652866c-diagnostic-5,master,h03,360,0.4743083003952569,0.05430388098857179,0.04035400745399307,0.021118669316626502,0.11016751313371065,0.07465929488534562,0.006544645999980503,0,0,
30618_0652866c,8269991eafa82c45,diagnostic,30618_0652866c-diagnostic-5,master,h06,360,0.4743083003952569,0.05430388098857179,0.04035400745399307,0.021118669316626502,0.11016751313371065,0.07465929488534562,0.006544645999980503,0,0,
30618_0652866c,8269991eafa82c45,diagnostic,30618_0652866c-diagnostic-5,rover,baseline_v7,360,0.4743083003952569,0.05604038201804721,0.04166403521606395,0.02340755820551538,0.11633502258659797,0.07563516234165751,0.006544645999980503,0,0,
30618_0652866c,8269991eafa82c45,diagnostic,30618_0652866c-diagnostic-5,rover,h03,360,0.4743083003952569,0.05604038201804721,0.04166403521606395,0.02340755820551538,0.11633502258659797,0.07563516234165751,0.006544645999980503,0,0,
30618_0652866c,8269991eafa82c45,diagnostic,30618_0652866c-diagnostic-5,rover,h06,360,0.4743083003952569,0.05604038201804721,0.04166403521606395,0.02340755820551538,0.11633502258659797,0.07563516234165751,0.006544645999980503,0,0,
30618_0652866c,8269991eafa82c45,diagnostic,30618_0652866c-diagnostic-6,master,baseline_v7,360,0.4743083003952569,0.05880853495501393,0.04436624141220702,-0.03441020500237363,0.1156584608976669,0.08188303296626588,0.006544645999980503,0,0,
30618_0652866c,8269991eafa82c45,diagnostic,30618_0652866c-diagnostic-6,master,h03,360,0.4743083003952569,0.05880853495501393,0.04436624141220702,-0.03441020500237363,0.1156584608976669,0.08188303296626588,0.006544645999980503,0,0,
30618_0652866c,8269991eafa82c45,diagnostic,30618_0652866c-diagnostic-6,master,h06,360,0.4743083003952569,0.05880853495501393,0.04436624141220702,-0.03441020500237363,0.1156584608976669,0.08188303296626588,0.006544645999980503,0,0,
30618_0652866c,8269991eafa82c45,diagnostic,30618_0652866c-diagnostic-6,rover,baseline_v7,360,0.4743083003952569,0.06010917460803087,0.047018517684535056,-0.032121316113484746,0.12052737174808259,0.08221041216558875,0.006544645999980503,0,0,
30618_0652866c,8269991eafa82c45,diagnostic,30618_0652866c-diagnostic-6,rover,h03,360,0.4743083003952569,0.06010917460803087,0.047018517684535056,-0.032121316113484746,0.12052737174808259,0.08221041216558875,0.006544645999980503,0,0,
30618_0652866c,8269991eafa82c45,diagnostic,30618_0652866c-diagnostic-6,rover,h06,360,0.4743083003952569,0.06010917460803087,0.047018517684535056,-0.032121316113484746,0.12052737174808259,0.08221041216558875,0.006544645999980503,0,0,
30618_0652866c,8269991eafa82c45,diagnostic,30618_0652866c-diagnostic-7,master,baseline_v7,360,0.4743083003952569,0.054303880988571786,0.04035400745399306,0.021118669316626492,0.11016751313371065,0.07465929488534559,0.006544645999980503,0,0,
30618_0652866c,8269991eafa82c45,diagnostic,30618_0652866c-diagnostic-7,master,h03,360,0.4743083003952569,0.054303880988571786,0.04035400745399306,0.021118669316626492,0.11016751313371065,0.07465929488534559,0.006544645999980503,0,0,
30618_0652866c,8269991eafa82c45,diagnostic,30618_0652866c-diagnostic-7,master,h06,360,0.4743083003952569,0.054303880988571786,0.04035400745399306,0.021118669316626492,0.11016751313371065,0.07465929488534559,0.006544645999980503,0,0,
30618_0652866c,8269991eafa82c45,diagnostic,30618_0652866c-diagnostic-7,rover,baseline_v7,360,0.4743083003952569,0.05604038201804721,0.04166403521606395,0.02340755820551537,0.11633502258659797,0.0756351623416575,0.006544645999980503,0,0,
30618_0652866c,8269991eafa82c45,diagnostic,30618_0652866c-diagnostic-7,rover,h03,360,0.4743083003952569,0.05604038201804721,0.04166403521606395,0.02340755820551537,0.11633502258659797,0.0756351623416575,0.006544645999980503,0,0,
30618_0652866c,8269991eafa82c45,diagnostic,30618_0652866c-diagnostic-7,rover,h06,360,0.4743083003952569,0.05604038201804721,0.04166403521606395,0.02340755820551537,0.11633502258659797,0.0756351623416575,0.006544645999980503,0,0,
30618_073f08d1,8269991eafa82c45,diagnostic,30618_073f08d1-diagnostic-0,master,baseline_v7,350,0.45992115637319314,0.15015667135059552,0.11878982774016157,-0.10415873035361348,0.2676741364863434,0.21194421063249513,0.06578216399998382,0,0,
30618_073f08d1,8269991eafa82c45,diagnostic,30618_073f08d1-diagnostic-0,master,h03,350,0.45992115637319314,0.17631695791728952,0.13329689891064322,-0.1186658015240951,0.3580348883550003,0.2520270705386081,0.06578216399998382,0,0,
30618_073f08d1,8269991eafa82c45,diagnostic,30618_073f08d1-diagnostic-0,master,h06,350,0.45992115637319314,0.17250340366598577,0.131183102989213,-0.11655200560266492,0.3543187455215905,0.24603479385082302,0.06578216399998382,0,0,
30618_073f08d1,8269991eafa82c45,diagnostic,30618_073f08d1-diagnostic-0,rover,baseline_v7,317,0.41655716162943496,0.14638589841279953,0.11254736261261077,-0.09735514616760135,0.26745778559573885,0.21394100936909682,0.06578216399998382,0,0,
30618_073f08d1,8269991eafa82c45,diagnostic,30618_073f08d1-diagnostic-0,rover,h03,317,0.41655716162943496,0.17614372570905965,0.128564633621029,-0.11337241717601956,0.36105139548652215,0.26158142179724386,0.06578216399998382,0,0,
30618_073f08d1,8269991eafa82c45,diagnostic,30618_073f08d1-diagnostic-0,rover,h06,317,0.41655716162943496,0.17174302682506498,0.1262307895437401,-0.11103857309873068,0.35221590487162135,0.2543456125131353,0.06578216399998382,0,0,
30618_073f08d1,8269991eafa82c45,diagnostic,30618_073f08d1-diagnostic-1,master,baseline_v7,350,0.45992115637319314,0.09580118212539232,0.07635413829442889,0.029050769435951054,0.17605305185563022,0.1239576074370726,0.015782163999972454,0,0,
30618_073f08d1,8269991eafa82c45,diagnostic,30618_073f08d1-diagnostic-1,master,h03,350,0.45992115637319314,0.07070922972040278,0.05360968296491005,0.0033560188101512773,0.152957245128171,0.07859144593250915,0.015782163999972454,0,0,
30618_073f08d1,8269991eafa82c45,diagnostic,30618_073f08d1-diagnostic-1,master,h06,350,0.45992115637319314,0.07993932001885269,0.0627991153499591,0.015904201835765422,0.16092709977364902,0.09641745835718865,0.015782163999972454,0,0,
30618_073f08d1,8269991eafa82c45,diagnostic,30618_073f08d1-diagnostic-1,rover,baseline_v7,317,0.41655716162943496,0.09578756739684775,0.07547501562944542,0.02850012955402145,0.17352143075593326,0.12911358023031633,0.015782163999972454,0,0,
30618_073f08d1,8269991eafa82c45,diagnostic,30618_073f08d1-diagnostic-1,rover,h03,317,0.41655716162943496,0.07197640558762453,0.054648828483152154,0.006016098753909936,0.15850904993431908,0.08424036542463643,0.015782163999972454,0,0,
30618_073f08d1,8269991eafa82c45,diagnostic,30618_073f08d1-diagnostic-1,rover,h06,317,0.41655716162943496,0.07872282935481759,0.06073062689718983,0.013984991825109858,0.1598390086127444,0.09785487445181797,0.015782163999972454,0,0,
30618_073f08d1,8269991eafa82c45,diagnostic,30618_073f08d1-diagnostic-2,master,baseline_v7,350,0.45992115637319314,0.15015667135059552,0.11878982774016157,-0.10415873035361348,0.2676741364863434,0.21194421063249513,0.06578216399998382,0,0,
30618_073f08d1,8269991eafa82c45,diagnostic,30618_073f08d1-diagnostic-2,master,h03,350,0.45992115637319314,0.17804450904140967,0.13424615525545183,-0.11961505786890372,0.3618510416317311,0.2546729084326755,0.06578216399998382,0,0,
30618_073f08d1,8269991eafa82c45,diagnostic,30618_073f08d1-diagnostic-2,master,h06,350,0.45992115637319314,0.17461483170873976,0.13231786039106588,-0.11768676300451777,0.35913634177736425,0.24928828952710944,0.06578216399998382,0,0,
30618_073f08d1,8269991eafa82c45,diagnostic,30618_073f08d1-diagnostic-2,rover,baseline_v7,317,0.41655716162943496,0.14638589841279953,0.11254736261261077,-0.09735514616760135,0.26745778559573885,0.21394100936909682,0.06578216399998382,0,0,
30618_073f08d1,8269991eafa82c45,diagnostic,30618_073f08d1-diagnostic-2,rover,h03,317,0.41655716162943496,0.17809549118206697,0.12961270844968203,-0.11442049200467262,0.3653470715126577,0.26470297768798917,0.06578216399998382,0,0,
30618_073f08d1,8269991eafa82c45,diagnostic,30618_073f08d1-diagnostic-2,rover,h06,317,0.41655716162943496,0.17409045420532576,0.1274836762650288,-0.11229145982001937,0.35983580134356535,0.25812433707843296,0.06578216399998382,0,0,
30618_073f08d1,8269991eafa82c45,diagnostic,30618_073f08d1-diagnostic-3,master,baseline_v7,350,0.45992115637319314,0.09580118212539232,0.07635413829442889,0.029050769435951054,0.17605305185563022,0.1239576074370726,0.015782163999972454,0,0,
30618_073f08d1,8269991eafa82c45,diagnostic,30618_073f08d1-diagnostic-3,master,h03,350,0.45992115637319314,0.07869297135657077,0.06179769234599228,0.014917259659248458,0.15713829675119423,0.09408600345936549,0.015782163999972454,0,0,
30618_073f08d1,8269991eafa82c45,diagnostic,30618_073f08d1-diagnostic-3,master,h06,350,0.45992115637319314,0.08095291822368902,0.06388401262639384,0.01703105549087688,0.16199086126153805,0.09829365969968029,0.015782163999972454,0,0,
30618_073f08d1,8269991eafa82c45,diagnostic,30618_073f08d1-diagnostic-3,rover,baseline_v7,317,0.41655716162943496,0.09578756739684775,0.07547501562944542,0.02850012955402145,0.17352143075593326,0.12911358023031633,0.015782163999972454,0,0,
30618_073f08d1,8269991eafa82c45,diagnostic,30618_073f08d1-diagnostic-3,rover,h03,317,0.41655716162943496,0.07770989598461563,0.059562640495987154,0.012895308034002798,0.1598390086127444,0.09587320496246618,0.015782163999972454,0,0,
30618_073f08d1,8269991eafa82c45,diagnostic,30618_073f08d1-diagnostic-3,rover,h06,317,0.41655716162943496,0.07984333537737331,0.06187771563247186,0.015229152012141438,0.1598390086127444,0.10005654497312784,0.015782163999972454,0,0,
30618_073f08d1,8269991eafa82c45,diagnostic,30618_073f08d1-diagnostic-4,master,baseline_v7,350,0.45992115637319314,0.09810818137082379,0.08088917165554997,-0.06625807426900188,0.17753504012455487,0.12827115582982046,0.015782163999972454,0,0,
30618_073f08d1,8269991eafa82c45,diagnostic,30618_073f08d1-diagnostic-4,master,h03,350,0.45992115637319314,0.09810818137082379,0.08088917165554997,-0.06625807426900188,0.17753504012455487,0.12827115582982046,0.015782163999972454,0,0,
30618_073f08d1,8269991eafa82c45,diagnostic,30618_073f08d1-diagnostic-4,master,h06,350,0.45992115637319314,0.09810818137082379,0.08088917165554997,-0.06625807426900188,0.17753504012455487,0.12827115582982046,0.015782163999972454,0,0,
30618_073f08d1,8269991eafa82c45,diagnostic,30618_073f08d1-diagnostic-4,rover,baseline_v7,317,0.41655716162943496,0.09366592186344476,0.0768288916330425,-0.061636675188033084,0.17594420105130942,0.12514640244113942,0.015782163999972454,0,0,
30618_073f08d1,8269991eafa82c45,diagnostic,30618_073f08d1-diagnostic-4,rover,h03,317,0.41655716162943496,0.09366592186344476,0.0768288916330425,-0.061636675188033084,0.17594420105130942,0.12514640244113942,0.015782163999972454,0,0,
30618_073f08d1,8269991eafa82c45,diagnostic,30618_073f08d1-diagnostic-4,rover,h06,317,0.41655716162943496,0.09366592186344476,0.0768288916330425,-0.061636675188033084,0.17594420105130942,0.12514640244113942,0.015782163999972454,0,0,
30618_073f08d1,8269991eafa82c45,diagnostic,30618_073f08d1-diagnostic-5,master,baseline_v7,350,0.45992115637319314,0.05578224359423298,0.04283510155451547,-0.013165141229412777,0.10456281606666386,0.043211029154377675,0.015782163999972454,0,0,
30618_073f08d1,8269991eafa82c45,diagnostic,30618_073f08d1-diagnostic-5,master,h03,350,0.45992115637319314,0.05543918096137682,0.04235652659528224,-0.021627744465934486,0.10495931376093151,0.042551731578425636,0.015782163999972454,0,0,
30618_073f08d1,8269991eafa82c45,diagnostic,30618_073f08d1-diagnostic-5,master,h06,350,0.45992115637319314,0.05423345886797119,0.04056120648869453,-0.0163439499372975,0.10456281605959626,0.03890976441241421,0.015782163999972454,0,0,
30618_073f08d1,8269991eafa82c45,diagnostic,30618_073f08d1-diagnostic-5,rover,baseline_v7,317,0.41655716162943496,0.05450812521894423,0.04217355555002787,-0.010677600063484779,0.10416501251196422,0.039510435001636104,0.015782163999972454,0,0,
30618_073f08d1,8269991eafa82c45,diagnostic,30618_073f08d1-diagnostic-5,rover,h03,317,0.41655716162943496,0.05461548540453857,0.0417949110902838,-0.018827837711028785,0.10590110825470045,0.040463252773408044,0.015782163999972454,0,0,
30618_073f08d1,8269991eafa82c45,diagnostic,30618_073f08d1-diagnostic-5,rover,h06,317,0.41655716162943496,0.053244391286422034,0.04048663888439328,-0.013734947177917229,0.10416501251157316,0.03573039490173625,0.015782163999972454,0,0,
30618_073f08d1,8269991eafa82c45,diagnostic,30618_073f08d1-diagnostic-6,master,baseline_v7,350,0.45992115637319314,0.09810818137082379,0.08088917165554997,-0.06625807426900188,0.17753504012455487,0.12827115582982046,0.015782163999972454,0,0,
30618_073f08d1,8269991eafa82c45,diagnostic,30618_073f08d1-diagnostic-6,master,h03,350,0.45992115637319314,0.09810818137082379,0.08088917165554997,-0.06625807426900188,0.17753504012455487,0.12827115582982046,0.015782163999972454,0,0,
30618_073f08d1,8269991eafa82c45,diagnostic,30618_073f08d1-diagnostic-6,master,h06,350,0.45992115637319314,0.09810818137082379,0.08088917165554997,-0.06625807426900188,0.17753504012455487,0.12827115582982046,0.015782163999972454,0,0,
30618_073f08d1,8269991eafa82c45,diagnostic,30618_073f08d1-diagnostic-6,rover,baseline_v7,317,0.41655716162943496,0.09366592186344476,0.0768288916330425,-0.061636675188033084,0.17594420105130942,0.12514640244113942,0.015782163999972454,0,0,
30618_073f08d1,8269991eafa82c45,diagnostic,30618_073f08d1-diagnostic-6,rover,h03,317,0.41655716162943496,0.09366592186344476,0.0768288916330425,-0.061636675188033084,0.17594420105130942,0.12514640244113942,0.015782163999972454,0,0,
30618_073f08d1,8269991eafa82c45,diagnostic,30618_073f08d1-diagnostic-6,rover,h06,317,0.41655716162943496,0.09366592186344476,0.0768288916330425,-0.061636675188033084,0.17594420105130942,0.12514640244113942,0.015782163999972454,0,0,
30618_073f08d1,8269991eafa82c45,diagnostic,30618_073f08d1-diagnostic-7,master,baseline_v7,350,0.45992115637319314,0.05578224359423298,0.04283510155451547,-0.013165141229412777,0.10456281606666386,0.043211029154377675,0.015782163999972454,0,0,
30618_073f08d1,8269991eafa82c45,diagnostic,30618_073f08d1-diagnostic-7,master,h03,350,0.45992115637319314,0.054624143988683115,0.04182197812093221,-0.020882641007464287,0.10456281605957453,0.040119119807062086,0.015782163999972454,0,0,
30618_073f08d1,8269991eafa82c45,diagnostic,30618_073f08d1-diagnostic-7,master,h06,350,0.45992115637319314,0.05425062059852218,0.040658069930224264,-0.015895295303310502,0.10456281605957453,0.03896541387735224,0.015782163999972454,0,0,
30618_073f08d1,8269991eafa82c45,diagnostic,30618_073f08d1-diagnostic-7,rover,baseline_v7,317,0.41655716162943496,0.05450812521894423,0.04217355555002787,-0.010677600063484779,0.10416501251196422,0.039510435001636104,0.015782163999972454,0,0,
30618_073f08d1,8269991eafa82c45,diagnostic,30618_073f08d1-diagnostic-7,rover,h03,317,0.41655716162943496,0.05365652163586431,0.040906514827180815,-0.01782740649683359,0.10416501251157191,0.037207398724700476,0.015782163999972454,0,0,
30618_073f08d1,8269991eafa82c45,diagnostic,30618_073f08d1-diagnostic-7,rover,h06,317,0.41655716162943496,0.053241318033271604,0.0404952100130986,-0.0133691614978732,0.10416501251157191,0.0357234049909874,0.015782163999972454,0,0,
30618_117c2d02,664cca45aeb0db23,diagnostic,30618_117c2d02-diagnostic-0,master,baseline_v7,0,0.0,,,,,,,0,0,
30618_117c2d02,664cca45aeb0db23,diagnostic,30618_117c2d02-diagnostic-0,master,h03,0,0.0,,,,,,,0,0,
30618_117c2d02,664cca45aeb0db23,diagnostic,30618_117c2d02-diagnostic-0,master,h06,0,0.0,,,,,,,0,0,
30618_117c2d02,664cca45aeb0db23,diagnostic,30618_117c2d02-diagnostic-0,rover,baseline_v7,0,0.0,,,,,,,0,0,
30618_117c2d02,664cca45aeb0db23,diagnostic,30618_117c2d02-diagnostic-0,rover,h03,0,0.0,,,,,,,0,0,
30618_117c2d02,664cca45aeb0db23,diagnostic,30618_117c2d02-diagnostic-0,rover,h06,0,0.0,,,,,,,0,0,
30618_117c2d02,664cca45aeb0db23,diagnostic,30618_117c2d02-diagnostic-1,master,baseline_v7,0,0.0,,,,,,,0,0,
30618_117c2d02,664cca45aeb0db23,diagnostic,30618_117c2d02-diagnostic-1,master,h03,0,0.0,,,,,,,0,0,
30618_117c2d02,664cca45aeb0db23,diagnostic,30618_117c2d02-diagnostic-1,master,h06,0,0.0,,,,,,,0,0,
30618_117c2d02,664cca45aeb0db23,diagnostic,30618_117c2d02-diagnostic-1,rover,baseline_v7,0,0.0,,,,,,,0,0,
30618_117c2d02,664cca45aeb0db23,diagnostic,30618_117c2d02-diagnostic-1,rover,h03,0,0.0,,,,,,,0,0,
30618_117c2d02,664cca45aeb0db23,diagnostic,30618_117c2d02-diagnostic-1,rover,h06,0,0.0,,,,,,,0,0,
30618_117c2d02,664cca45aeb0db23,diagnostic,30618_117c2d02-diagnostic-2,master,baseline_v7,0,0.0,,,,,,,0,0,
30618_117c2d02,664cca45aeb0db23,diagnostic,30618_117c2d02-diagnostic-2,master,h03,0,0.0,,,,,,,0,0,
30618_117c2d02,664cca45aeb0db23,diagnostic,30618_117c2d02-diagnostic-2,master,h06,0,0.0,,,,,,,0,0,
30618_117c2d02,664cca45aeb0db23,diagnostic,30618_117c2d02-diagnostic-2,rover,baseline_v7,0,0.0,,,,,,,0,0,
30618_117c2d02,664cca45aeb0db23,diagnostic,30618_117c2d02-diagnostic-2,rover,h03,0,0.0,,,,,,,0,0,
30618_117c2d02,664cca45aeb0db23,diagnostic,30618_117c2d02-diagnostic-2,rover,h06,0,0.0,,,,,,,0,0,
30618_117c2d02,664cca45aeb0db23,diagnostic,30618_117c2d02-diagnostic-3,master,baseline_v7,0,0.0,,,,,,,0,0,
30618_117c2d02,664cca45aeb0db23,diagnostic,30618_117c2d02-diagnostic-3,master,h03,0,0.0,,,,,,,0,0,
30618_117c2d02,664cca45aeb0db23,diagnostic,30618_117c2d02-diagnostic-3,master,h06,0,0.0,,,,,,,0,0,
30618_117c2d02,664cca45aeb0db23,diagnostic,30618_117c2d02-diagnostic-3,rover,baseline_v7,0,0.0,,,,,,,0,0,
30618_117c2d02,664cca45aeb0db23,diagnostic,30618_117c2d02-diagnostic-3,rover,h03,0,0.0,,,,,,,0,0,
30618_117c2d02,664cca45aeb0db23,diagnostic,30618_117c2d02-diagnostic-3,rover,h06,0,0.0,,,,,,,0,0,
30618_117c2d02,664cca45aeb0db23,diagnostic,30618_117c2d02-diagnostic-4,master,baseline_v7,0,0.0,,,,,,,0,0,
30618_117c2d02,664cca45aeb0db23,diagnostic,30618_117c2d02-diagnostic-4,master,h03,0,0.0,,,,,,,0,0,
30618_117c2d02,664cca45aeb0db23,diagnostic,30618_117c2d02-diagnostic-4,master,h06,0,0.0,,,,,,,0,0,
30618_117c2d02,664cca45aeb0db23,diagnostic,30618_117c2d02-diagnostic-4,rover,baseline_v7,0,0.0,,,,,,,0,0,
30618_117c2d02,664cca45aeb0db23,diagnostic,30618_117c2d02-diagnostic-4,rover,h03,0,0.0,,,,,,,0,0,
30618_117c2d02,664cca45aeb0db23,diagnostic,30618_117c2d02-diagnostic-4,rover,h06,0,0.0,,,,,,,0,0,
30618_117c2d02,664cca45aeb0db23,diagnostic,30618_117c2d02-diagnostic-5,master,baseline_v7,0,0.0,,,,,,,0,0,
30618_117c2d02,664cca45aeb0db23,diagnostic,30618_117c2d02-diagnostic-5,master,h03,0,0.0,,,,,,,0,0,
30618_117c2d02,664cca45aeb0db23,diagnostic,30618_117c2d02-diagnostic-5,master,h06,0,0.0,,,,,,,0,0,
30618_117c2d02,664cca45aeb0db23,diagnostic,30618_117c2d02-diagnostic-5,rover,baseline_v7,0,0.0,,,,,,,0,0,
30618_117c2d02,664cca45aeb0db23,diagnostic,30618_117c2d02-diagnostic-5,rover,h03,0,0.0,,,,,,,0,0,
30618_117c2d02,664cca45aeb0db23,diagnostic,30618_117c2d02-diagnostic-5,rover,h06,0,0.0,,,,,,,0,0,
30618_117c2d02,664cca45aeb0db23,diagnostic,30618_117c2d02-diagnostic-6,master,baseline_v7,0,0.0,,,,,,,0,0,
30618_117c2d02,664cca45aeb0db23,diagnostic,30618_117c2d02-diagnostic-6,master,h03,0,0.0,,,,,,,0,0,
30618_117c2d02,664cca45aeb0db23,diagnostic,30618_117c2d02-diagnostic-6,master,h06,0,0.0,,,,,,,0,0,
30618_117c2d02,664cca45aeb0db23,diagnostic,30618_117c2d02-diagnostic-6,rover,baseline_v7,0,0.0,,,,,,,0,0,
30618_117c2d02,664cca45aeb0db23,diagnostic,30618_117c2d02-diagnostic-6,rover,h03,0,0.0,,,,,,,0,0,
30618_117c2d02,664cca45aeb0db23,diagnostic,30618_117c2d02-diagnostic-6,rover,h06,0,0.0,,,,,,,0,0,
30618_117c2d02,664cca45aeb0db23,diagnostic,30618_117c2d02-diagnostic-7,master,baseline_v7,0,0.0,,,,,,,0,0,
30618_117c2d02,664cca45aeb0db23,diagnostic,30618_117c2d02-diagnostic-7,master,h03,0,0.0,,,,,,,0,0,
30618_117c2d02,664cca45aeb0db23,diagnostic,30618_117c2d02-diagnostic-7,master,h06,0,0.0,,,,,,,0,0,
30618_117c2d02,664cca45aeb0db23,diagnostic,30618_117c2d02-diagnostic-7,rover,baseline_v7,0,0.0,,,,,,,0,0,
30618_117c2d02,664cca45aeb0db23,diagnostic,30618_117c2d02-diagnostic-7,rover,h03,0,0.0,,,,,,,0,0,
30618_117c2d02,664cca45aeb0db23,diagnostic,30618_117c2d02-diagnostic-7,rover,h06,0,0.0,,,,,,,0,0,
30618_27e994fc,711abb923942f9fe,diagnostic,30618_27e994fc-diagnostic-0,master,baseline_v7,360,0.47368421052631576,0.3406143845656862,0.211474354908541,0.1424935043426338,0.8966493451621771,0.13847082493759222,4.450035174999982,0,0,
30618_27e994fc,711abb923942f9fe,diagnostic,30618_27e994fc-diagnostic-0,master,h03,360,0.47368421052631576,0.3406143845656862,0.211474354908541,0.1424935043426338,0.8966493451621771,0.13847082493759222,4.450035174999982,0,0,
30618_27e994fc,711abb923942f9fe,diagnostic,30618_27e994fc-diagnostic-0,master,h06,360,0.47368421052631576,0.3406143845656862,0.211474354908541,0.1424935043426338,0.8966493451621771,0.13847082493759222,4.450035174999982,0,0,
30618_27e994fc,711abb923942f9fe,diagnostic,30618_27e994fc-diagnostic-0,rover,baseline_v7,350,0.4605263157894737,0.3456529798864211,0.21443519939202982,0.14965205873867382,0.9147369433277037,0.13559706460509366,4.450035174999982,0,0,
30618_27e994fc,711abb923942f9fe,diagnostic,30618_27e994fc-diagnostic-0,rover,h03,350,0.4605263157894737,0.3456529798864211,0.21443519939202982,0.14965205873867382,0.9147369433277037,0.13559706460509366,4.450035174999982,0,0,
30618_27e994fc,711abb923942f9fe,diagnostic,30618_27e994fc-diagnostic-0,rover,h06,350,0.4605263157894737,0.3456529798864211,0.21443519939202982,0.14965205873867382,0.9147369433277037,0.13559706460509366,4.450035174999982,0,0,
30618_27e994fc,711abb923942f9fe,diagnostic,30618_27e994fc-diagnostic-1,master,baseline_v7,360,0.47368421052631576,0.41225272135592705,0.2925215980708545,0.2772290805722806,0.896181090859504,0.3715478077238062,4.450035174999982,0,0,
30618_27e994fc,711abb923942f9fe,diagnostic,30618_27e994fc-diagnostic-1,master,h03,360,0.47368421052631576,0.41225272135592705,0.2925215980708545,0.2772290805722806,0.896181090859504,0.3715478077238062,4.450035174999982,0,0,
30618_27e994fc,711abb923942f9fe,diagnostic,30618_27e994fc-diagnostic-1,master,h06,360,0.47368421052631576,0.41225272135592705,0.2925215980708545,0.2772290805722806,0.896181090859504,0.3715478077238062,4.450035174999982,0,0,
30618_27e994fc,711abb923942f9fe,diagnostic,30618_27e994fc-diagnostic-1,rover,baseline_v7,350,0.4605263157894737,0.4165577529246487,0.296535543205763,0.28254757085292237,0.9143059589567643,0.3742790805816778,4.450035174999982,0,0,
30618_27e994fc,711abb923942f9fe,diagnostic,30618_27e994fc-diagnostic-1,rover,h03,350,0.4605263157894737,0.4165577529246487,0.296535543205763,0.28254757085292237,0.9143059589567643,0.3742790805816778,4.450035174999982,0,0,
30618_27e994fc,711abb923942f9fe,diagnostic,30618_27e994fc-diagnostic-1,rover,h06,350,0.4605263157894737,0.4165577529246487,0.296535543205763,0.28254757085292237,0.9143059589567643,0.3742790805816778,4.450035174999982,0,0,
30618_27e994fc,711abb923942f9fe,diagnostic,30618_27e994fc-diagnostic-2,master,baseline_v7,360,0.47368421052631576,0.3406143845656862,0.211474354908541,0.1424935043426338,0.8966493451621771,0.13847082493759222,4.450035174999982,0,0,
30618_27e994fc,711abb923942f9fe,diagnostic,30618_27e994fc-diagnostic-2,master,h03,360,0.47368421052631576,0.3406143845656862,0.211474354908541,0.1424935043426338,0.8966493451621771,0.13847082493759222,4.450035174999982,0,0,
30618_27e994fc,711abb923942f9fe,diagnostic,30618_27e994fc-diagnostic-2,master,h06,360,0.47368421052631576,0.3406143845656862,0.211474354908541,0.1424935043426338,0.8966493451621771,0.13847082493759222,4.450035174999982,0,0,
30618_27e994fc,711abb923942f9fe,diagnostic,30618_27e994fc-diagnostic-2,rover,baseline_v7,350,0.4605263157894737,0.3456529798864211,0.21443519939202982,0.14965205873867382,0.9147369433277037,0.13559706460509366,4.450035174999982,0,0,
30618_27e994fc,711abb923942f9fe,diagnostic,30618_27e994fc-diagnostic-2,rover,h03,350,0.4605263157894737,0.3456529798864211,0.21443519939202982,0.14965205873867382,0.9147369433277037,0.13559706460509366,4.450035174999982,0,0,
30618_27e994fc,711abb923942f9fe,diagnostic,30618_27e994fc-diagnostic-2,rover,h06,350,0.4605263157894737,0.3456529798864211,0.21443519939202982,0.14965205873867382,0.9147369433277037,0.13559706460509366,4.450035174999982,0,0,
30618_27e994fc,711abb923942f9fe,diagnostic,30618_27e994fc-diagnostic-3,master,baseline_v7,360,0.47368421052631576,0.41225272135592705,0.2925215980708545,0.2772290805722806,0.896181090859504,0.37154780772380624,4.450035174999982,0,0,
30618_27e994fc,711abb923942f9fe,diagnostic,30618_27e994fc-diagnostic-3,master,h03,360,0.47368421052631576,0.41225272135592705,0.2925215980708545,0.2772290805722806,0.896181090859504,0.37154780772380624,4.450035174999982,0,0,
30618_27e994fc,711abb923942f9fe,diagnostic,30618_27e994fc-diagnostic-3,master,h06,360,0.47368421052631576,0.41225272135592705,0.2925215980708545,0.2772290805722806,0.896181090859504,0.37154780772380624,4.450035174999982,0,0,
30618_27e994fc,711abb923942f9fe,diagnostic,30618_27e994fc-diagnostic-3,rover,baseline_v7,350,0.4605263157894737,0.4165577529246487,0.2965355432057631,0.2825475708529224,0.9143059589567643,0.3742790805816778,4.450035174999982,0,0,
30618_27e994fc,711abb923942f9fe,diagnostic,30618_27e994fc-diagnostic-3,rover,h03,350,0.4605263157894737,0.4165577529246487,0.2965355432057631,0.2825475708529224,0.9143059589567643,0.3742790805816778,4.450035174999982,0,0,
30618_27e994fc,711abb923942f9fe,diagnostic,30618_27e994fc-diagnostic-3,rover,h06,350,0.4605263157894737,0.4165577529246487,0.2965355432057631,0.2825475708529224,0.9143059589567643,0.3742790805816778,4.450035174999982,0,0,
30618_27e994fc,711abb923942f9fe,diagnostic,30618_27e994fc-diagnostic-4,master,baseline_v7,360,0.47368421052631576,0.35703939801797446,0.2342006150306675,0.18606825287283316,0.8964485022748604,0.20977051538130784,4.450035174999982,0,0,
30618_27e994fc,711abb923942f9fe,diagnostic,30618_27e994fc-diagnostic-4,master,h03,360,0.47368421052631576,0.35703939801797446,0.2342006150306675,0.18606825287283316,0.8964485022748604,0.20977051538130784,4.450035174999982,0,0,
30618_27e994fc,711abb923942f9fe,diagnostic,30618_27e994fc-diagnostic-4,master,h06,360,0.47368421052631576,0.35703939801797446,0.2342006150306675,0.18606825287283316,0.8964485022748604,0.20977051538130784,4.450035174999982,0,0,
30618_27e994fc,711abb923942f9fe,diagnostic,30618_27e994fc-diagnostic-4,rover,baseline_v7,350,0.4605263157894737,0.361913073203007,0.23802250681804804,0.19348959207376903,0.9145520861991063,0.2092827329236729,4.450035174999982,0,0,
30618_27e994fc,711abb923942f9fe,diagnostic,30618_27e994fc-diagnostic-4,rover,h03,350,0.4605263157894737,0.361913073203007,0.23802250681804804,0.19348959207376903,0.9145520861991063,0.2092827329236729,4.450035174999982,0,0,
30618_27e994fc,711abb923942f9fe,diagnostic,30618_27e994fc-diagnostic-4,rover,h06,350,0.4605263157894737,0.361913073203007,0.23802250681804804,0.19348959207376903,0.9145520861991063,0.2092827329236729,4.450035174999982,0,0,
30618_27e994fc,711abb923942f9fe,diagnostic,30618_27e994fc-diagnostic-5,master,baseline_v7,360,0.47368421052631576,0.3709429873290012,0.24828200580624415,0.23365433202231217,0.8963819337468185,0.26168624295649745,4.450035174999982,0,0,
30618_27e994fc,711abb923942f9fe,diagnostic,30618_27e994fc-diagnostic-5,master,h03,360,0.47368421052631576,0.37136407885139194,0.24958203687168098,0.23495436295316477,0.8963818991581312,0.2630289040769841,4.450035174999982,0,0,
30618_27e994fc,711abb923942f9fe,diagnostic,30618_27e994fc-diagnostic-5,master,h06,360,0.47368421052631576,0.3709429873290012,0.24828200580624415,0.23365433202231217,0.8963819337468185,0.26168624295649745,4.450035174999982,0,0,
30618_27e994fc,711abb923942f9fe,diagnostic,30618_27e994fc-diagnostic-5,rover,baseline_v7,350,0.4605263157894737,0.3757115759840543,0.253036836282373,0.23871003749749337,0.91449081608514,0.2627590153499282,4.450035174999982,0,0,
30618_27e994fc,711abb923942f9fe,diagnostic,30618_27e994fc-diagnostic-5,rover,h03,350,0.4605263157894737,0.3763700927997461,0.2546700797464336,0.24034328083837644,0.9144907842494833,0.26492261113117327,4.450035174999982,0,0,
30618_27e994fc,711abb923942f9fe,diagnostic,30618_27e994fc-diagnostic-5,rover,h06,350,0.4605263157894737,0.3757115759840543,0.253036836282373,0.23871003749749337,0.91449081608514,0.2627590153499282,4.450035174999982,0,0,
30618_27e994fc,711abb923942f9fe,diagnostic,30618_27e994fc-diagnostic-6,master,baseline_v7,360,0.47368421052631576,0.35703939801797446,0.2342006150306675,0.18606825287283316,0.8964485022748604,0.20977051538130784,4.450035174999982,0,0,
30618_27e994fc,711abb923942f9fe,diagnostic,30618_27e994fc-diagnostic-6,master,h03,360,0.47368421052631576,0.35703939801797446,0.2342006150306675,0.18606825287283316,0.8964485022748604,0.20977051538130784,4.450035174999982,0,0,
30618_27e994fc,711abb923942f9fe,diagnostic,30618_27e994fc-diagnostic-6,master,h06,360,0.47368421052631576,0.35703939801797446,0.2342006150306675,0.18606825287283316,0.8964485022748604,0.20977051538130784,4.450035174999982,0,0,
30618_27e994fc,711abb923942f9fe,diagnostic,30618_27e994fc-diagnostic-6,rover,baseline_v7,350,0.4605263157894737,0.361913073203007,0.23802250681804804,0.19348959207376903,0.9145520861991063,0.2092827329236729,4.450035174999982,0,0,
30618_27e994fc,711abb923942f9fe,diagnostic,30618_27e994fc-diagnostic-6,rover,h03,350,0.4605263157894737,0.361913073203007,0.23802250681804804,0.19348959207376903,0.9145520861991063,0.2092827329236729,4.450035174999982,0,0,
30618_27e994fc,711abb923942f9fe,diagnostic,30618_27e994fc-diagnostic-6,rover,h06,350,0.4605263157894737,0.361913073203007,0.23802250681804804,0.19348959207376903,0.9145520861991063,0.2092827329236729,4.450035174999982,0,0,
30618_27e994fc,711abb923942f9fe,diagnostic,30618_27e994fc-diagnostic-7,master,baseline_v7,360,0.47368421052631576,0.3709429873290012,0.24828200580624415,0.23365433202231217,0.8963819337468185,0.26168624295649745,4.450035174999982,0,0,
30618_27e994fc,711abb923942f9fe,diagnostic,30618_27e994fc-diagnostic-7,master,h03,360,0.47368421052631576,0.3709429873290012,0.24828200580624415,0.23365433202231217,0.8963819337468185,0.26168624295649745,4.450035174999982,0,0,
30618_27e994fc,711abb923942f9fe,diagnostic,30618_27e994fc-diagnostic-7,master,h06,360,0.47368421052631576,0.3709429873290012,0.24828200580624415,0.23365433202231217,0.8963819337468185,0.26168624295649745,4.450035174999982,0,0,
30618_27e994fc,711abb923942f9fe,diagnostic,30618_27e994fc-diagnostic-7,rover,baseline_v7,350,0.4605263157894737,0.3757115759840543,0.253036836282373,0.23871003749749337,0.91449081608514,0.2627590153499282,4.450035174999982,0,0,
30618_27e994fc,711abb923942f9fe,diagnostic,30618_27e994fc-diagnostic-7,rover,h03,350,0.4605263157894737,0.3757115759840543,0.253036836282373,0.23871003749749337,0.91449081608514,0.2627590153499282,4.450035174999982,0,0,
30618_27e994fc,711abb923942f9fe,diagnostic,30618_27e994fc-diagnostic-7,rover,h06,350,0.4605263157894737,0.3757115759840543,0.253036836282373,0.23871003749749337,0.91449081608514,0.2627590153499282,4.450035174999982,0,0,
30618_3e012faf,664cca45aeb0db23,diagnostic,30618_3e012faf-diagnostic-0,master,baseline_v7,0,0.0,,,,,,,0,0,
30618_3e012faf,664cca45aeb0db23,diagnostic,30618_3e012faf-diagnostic-0,master,h03,0,0.0,,,,,,,0,0,
30618_3e012faf,664cca45aeb0db23,diagnostic,30618_3e012faf-diagnostic-0,master,h06,0,0.0,,,,,,,0,0,
30618_3e012faf,664cca45aeb0db23,diagnostic,30618_3e012faf-diagnostic-0,rover,baseline_v7,0,0.0,,,,,,,0,0,
30618_3e012faf,664cca45aeb0db23,diagnostic,30618_3e012faf-diagnostic-0,rover,h03,0,0.0,,,,,,,0,0,
30618_3e012faf,664cca45aeb0db23,diagnostic,30618_3e012faf-diagnostic-0,rover,h06,0,0.0,,,,,,,0,0,
30618_3e012faf,664cca45aeb0db23,diagnostic,30618_3e012faf-diagnostic-1,master,baseline_v7,0,0.0,,,,,,,0,0,
30618_3e012faf,664cca45aeb0db23,diagnostic,30618_3e012faf-diagnostic-1,master,h03,0,0.0,,,,,,,0,0,
30618_3e012faf,664cca45aeb0db23,diagnostic,30618_3e012faf-diagnostic-1,master,h06,0,0.0,,,,,,,0,0,
30618_3e012faf,664cca45aeb0db23,diagnostic,30618_3e012faf-diagnostic-1,rover,baseline_v7,0,0.0,,,,,,,0,0,
30618_3e012faf,664cca45aeb0db23,diagnostic,30618_3e012faf-diagnostic-1,rover,h03,0,0.0,,,,,,,0,0,
30618_3e012faf,664cca45aeb0db23,diagnostic,30618_3e012faf-diagnostic-1,rover,h06,0,0.0,,,,,,,0,0,
30618_3e012faf,664cca45aeb0db23,diagnostic,30618_3e012faf-diagnostic-2,master,baseline_v7,0,0.0,,,,,,,0,0,
30618_3e012faf,664cca45aeb0db23,diagnostic,30618_3e012faf-diagnostic-2,master,h03,0,0.0,,,,,,,0,0,
30618_3e012faf,664cca45aeb0db23,diagnostic,30618_3e012faf-diagnostic-2,master,h06,0,0.0,,,,,,,0,0,
30618_3e012faf,664cca45aeb0db23,diagnostic,30618_3e012faf-diagnostic-2,rover,baseline_v7,0,0.0,,,,,,,0,0,
30618_3e012faf,664cca45aeb0db23,diagnostic,30618_3e012faf-diagnostic-2,rover,h03,0,0.0,,,,,,,0,0,
30618_3e012faf,664cca45aeb0db23,diagnostic,30618_3e012faf-diagnostic-2,rover,h06,0,0.0,,,,,,,0,0,
30618_3e012faf,664cca45aeb0db23,diagnostic,30618_3e012faf-diagnostic-3,master,baseline_v7,0,0.0,,,,,,,0,0,
30618_3e012faf,664cca45aeb0db23,diagnostic,30618_3e012faf-diagnostic-3,master,h03,0,0.0,,,,,,,0,0,
30618_3e012faf,664cca45aeb0db23,diagnostic,30618_3e012faf-diagnostic-3,master,h06,0,0.0,,,,,,,0,0,
30618_3e012faf,664cca45aeb0db23,diagnostic,30618_3e012faf-diagnostic-3,rover,baseline_v7,0,0.0,,,,,,,0,0,
30618_3e012faf,664cca45aeb0db23,diagnostic,30618_3e012faf-diagnostic-3,rover,h03,0,0.0,,,,,,,0,0,
30618_3e012faf,664cca45aeb0db23,diagnostic,30618_3e012faf-diagnostic-3,rover,h06,0,0.0,,,,,,,0,0,
30618_3e012faf,664cca45aeb0db23,diagnostic,30618_3e012faf-diagnostic-4,master,baseline_v7,0,0.0,,,,,,,0,0,
30618_3e012faf,664cca45aeb0db23,diagnostic,30618_3e012faf-diagnostic-4,master,h03,0,0.0,,,,,,,0,0,
30618_3e012faf,664cca45aeb0db23,diagnostic,30618_3e012faf-diagnostic-4,master,h06,0,0.0,,,,,,,0,0,
30618_3e012faf,664cca45aeb0db23,diagnostic,30618_3e012faf-diagnostic-4,rover,baseline_v7,0,0.0,,,,,,,0,0,
30618_3e012faf,664cca45aeb0db23,diagnostic,30618_3e012faf-diagnostic-4,rover,h03,0,0.0,,,,,,,0,0,
30618_3e012faf,664cca45aeb0db23,diagnostic,30618_3e012faf-diagnostic-4,rover,h06,0,0.0,,,,,,,0,0,
30618_3e012faf,664cca45aeb0db23,diagnostic,30618_3e012faf-diagnostic-5,master,baseline_v7,0,0.0,,,,,,,0,0,
30618_3e012faf,664cca45aeb0db23,diagnostic,30618_3e012faf-diagnostic-5,master,h03,0,0.0,,,,,,,0,0,
30618_3e012faf,664cca45aeb0db23,diagnostic,30618_3e012faf-diagnostic-5,master,h06,0,0.0,,,,,,,0,0,
30618_3e012faf,664cca45aeb0db23,diagnostic,30618_3e012faf-diagnostic-5,rover,baseline_v7,0,0.0,,,,,,,0,0,
30618_3e012faf,664cca45aeb0db23,diagnostic,30618_3e012faf-diagnostic-5,rover,h03,0,0.0,,,,,,,0,0,
30618_3e012faf,664cca45aeb0db23,diagnostic,30618_3e012faf-diagnostic-5,rover,h06,0,0.0,,,,,,,0,0,
30618_3e012faf,664cca45aeb0db23,diagnostic,30618_3e012faf-diagnostic-6,master,baseline_v7,0,0.0,,,,,,,0,0,
30618_3e012faf,664cca45aeb0db23,diagnostic,30618_3e012faf-diagnostic-6,master,h03,0,0.0,,,,,,,0,0,
30618_3e012faf,664cca45aeb0db23,diagnostic,30618_3e012faf-diagnostic-6,master,h06,0,0.0,,,,,,,0,0,
30618_3e012faf,664cca45aeb0db23,diagnostic,30618_3e012faf-diagnostic-6,rover,baseline_v7,0,0.0,,,,,,,0,0,
30618_3e012faf,664cca45aeb0db23,diagnostic,30618_3e012faf-diagnostic-6,rover,h03,0,0.0,,,,,,,0,0,
30618_3e012faf,664cca45aeb0db23,diagnostic,30618_3e012faf-diagnostic-6,rover,h06,0,0.0,,,,,,,0,0,
30618_3e012faf,664cca45aeb0db23,diagnostic,30618_3e012faf-diagnostic-7,master,baseline_v7,0,0.0,,,,,,,0,0,
30618_3e012faf,664cca45aeb0db23,diagnostic,30618_3e012faf-diagnostic-7,master,h03,0,0.0,,,,,,,0,0,
30618_3e012faf,664cca45aeb0db23,diagnostic,30618_3e012faf-diagnostic-7,master,h06,0,0.0,,,,,,,0,0,
30618_3e012faf,664cca45aeb0db23,diagnostic,30618_3e012faf-diagnostic-7,rover,baseline_v7,0,0.0,,,,,,,0,0,
30618_3e012faf,664cca45aeb0db23,diagnostic,30618_3e012faf-diagnostic-7,rover,h03,0,0.0,,,,,,,0,0,
30618_3e012faf,664cca45aeb0db23,diagnostic,30618_3e012faf-diagnostic-7,rover,h06,0,0.0,,,,,,,0,0,
30618_46e21b9b,664cca45aeb0db23,diagnostic,30618_46e21b9b-diagnostic-0,master,baseline_v7,0,0.0,,,,,,,0,0,
30618_46e21b9b,664cca45aeb0db23,diagnostic,30618_46e21b9b-diagnostic-0,master,h03,0,0.0,,,,,,,0,0,
30618_46e21b9b,664cca45aeb0db23,diagnostic,30618_46e21b9b-diagnostic-0,master,h06,0,0.0,,,,,,,0,0,
30618_46e21b9b,664cca45aeb0db23,diagnostic,30618_46e21b9b-diagnostic-0,rover,baseline_v7,0,0.0,,,,,,,0,0,
30618_46e21b9b,664cca45aeb0db23,diagnostic,30618_46e21b9b-diagnostic-0,rover,h03,0,0.0,,,,,,,0,0,
30618_46e21b9b,664cca45aeb0db23,diagnostic,30618_46e21b9b-diagnostic-0,rover,h06,0,0.0,,,,,,,0,0,
30618_46e21b9b,664cca45aeb0db23,diagnostic,30618_46e21b9b-diagnostic-1,master,baseline_v7,0,0.0,,,,,,,0,0,
30618_46e21b9b,664cca45aeb0db23,diagnostic,30618_46e21b9b-diagnostic-1,master,h03,0,0.0,,,,,,,0,0,
30618_46e21b9b,664cca45aeb0db23,diagnostic,30618_46e21b9b-diagnostic-1,master,h06,0,0.0,,,,,,,0,0,
30618_46e21b9b,664cca45aeb0db23,diagnostic,30618_46e21b9b-diagnostic-1,rover,baseline_v7,0,0.0,,,,,,,0,0,
30618_46e21b9b,664cca45aeb0db23,diagnostic,30618_46e21b9b-diagnostic-1,rover,h03,0,0.0,,,,,,,0,0,
30618_46e21b9b,664cca45aeb0db23,diagnostic,30618_46e21b9b-diagnostic-1,rover,h06,0,0.0,,,,,,,0,0,
30618_46e21b9b,664cca45aeb0db23,diagnostic,30618_46e21b9b-diagnostic-2,master,baseline_v7,0,0.0,,,,,,,0,0,
30618_46e21b9b,664cca45aeb0db23,diagnostic,30618_46e21b9b-diagnostic-2,master,h03,0,0.0,,,,,,,0,0,
30618_46e21b9b,664cca45aeb0db23,diagnostic,30618_46e21b9b-diagnostic-2,master,h06,0,0.0,,,,,,,0,0,
30618_46e21b9b,664cca45aeb0db23,diagnostic,30618_46e21b9b-diagnostic-2,rover,baseline_v7,0,0.0,,,,,,,0,0,
30618_46e21b9b,664cca45aeb0db23,diagnostic,30618_46e21b9b-diagnostic-2,rover,h03,0,0.0,,,,,,,0,0,
30618_46e21b9b,664cca45aeb0db23,diagnostic,30618_46e21b9b-diagnostic-2,rover,h06,0,0.0,,,,,,,0,0,
30618_46e21b9b,664cca45aeb0db23,diagnostic,30618_46e21b9b-diagnostic-3,master,baseline_v7,0,0.0,,,,,,,0,0,
30618_46e21b9b,664cca45aeb0db23,diagnostic,30618_46e21b9b-diagnostic-3,master,h03,0,0.0,,,,,,,0,0,
30618_46e21b9b,664cca45aeb0db23,diagnostic,30618_46e21b9b-diagnostic-3,master,h06,0,0.0,,,,,,,0,0,
30618_46e21b9b,664cca45aeb0db23,diagnostic,30618_46e21b9b-diagnostic-3,rover,baseline_v7,0,0.0,,,,,,,0,0,
30618_46e21b9b,664cca45aeb0db23,diagnostic,30618_46e21b9b-diagnostic-3,rover,h03,0,0.0,,,,,,,0,0,
30618_46e21b9b,664cca45aeb0db23,diagnostic,30618_46e21b9b-diagnostic-3,rover,h06,0,0.0,,,,,,,0,0,
30618_46e21b9b,664cca45aeb0db23,diagnostic,30618_46e21b9b-diagnostic-4,master,baseline_v7,0,0.0,,,,,,,0,0,
30618_46e21b9b,664cca45aeb0db23,diagnostic,30618_46e21b9b-diagnostic-4,master,h03,0,0.0,,,,,,,0,0,
30618_46e21b9b,664cca45aeb0db23,diagnostic,30618_46e21b9b-diagnostic-4,master,h06,0,0.0,,,,,,,0,0,
30618_46e21b9b,664cca45aeb0db23,diagnostic,30618_46e21b9b-diagnostic-4,rover,baseline_v7,0,0.0,,,,,,,0,0,
30618_46e21b9b,664cca45aeb0db23,diagnostic,30618_46e21b9b-diagnostic-4,rover,h03,0,0.0,,,,,,,0,0,
30618_46e21b9b,664cca45aeb0db23,diagnostic,30618_46e21b9b-diagnostic-4,rover,h06,0,0.0,,,,,,,0,0,
30618_46e21b9b,664cca45aeb0db23,diagnostic,30618_46e21b9b-diagnostic-5,master,baseline_v7,0,0.0,,,,,,,0,0,
30618_46e21b9b,664cca45aeb0db23,diagnostic,30618_46e21b9b-diagnostic-5,master,h03,0,0.0,,,,,,,0,0,
30618_46e21b9b,664cca45aeb0db23,diagnostic,30618_46e21b9b-diagnostic-5,master,h06,0,0.0,,,,,,,0,0,
30618_46e21b9b,664cca45aeb0db23,diagnostic,30618_46e21b9b-diagnostic-5,rover,baseline_v7,0,0.0,,,,,,,0,0,
30618_46e21b9b,664cca45aeb0db23,diagnostic,30618_46e21b9b-diagnostic-5,rover,h03,0,0.0,,,,,,,0,0,
30618_46e21b9b,664cca45aeb0db23,diagnostic,30618_46e21b9b-diagnostic-5,rover,h06,0,0.0,,,,,,,0,0,
30618_46e21b9b,664cca45aeb0db23,diagnostic,30618_46e21b9b-diagnostic-6,master,baseline_v7,0,0.0,,,,,,,0,0,
30618_46e21b9b,664cca45aeb0db23,diagnostic,30618_46e21b9b-diagnostic-6,master,h03,0,0.0,,,,,,,0,0,
30618_46e21b9b,664cca45aeb0db23,diagnostic,30618_46e21b9b-diagnostic-6,master,h06,0,0.0,,,,,,,0,0,
30618_46e21b9b,664cca45aeb0db23,diagnostic,30618_46e21b9b-diagnostic-6,rover,baseline_v7,0,0.0,,,,,,,0,0,
30618_46e21b9b,664cca45aeb0db23,diagnostic,30618_46e21b9b-diagnostic-6,rover,h03,0,0.0,,,,,,,0,0,
30618_46e21b9b,664cca45aeb0db23,diagnostic,30618_46e21b9b-diagnostic-6,rover,h06,0,0.0,,,,,,,0,0,
30618_46e21b9b,664cca45aeb0db23,diagnostic,30618_46e21b9b-diagnostic-7,master,baseline_v7,0,0.0,,,,,,,0,0,
30618_46e21b9b,664cca45aeb0db23,diagnostic,30618_46e21b9b-diagnostic-7,master,h03,0,0.0,,,,,,,0,0,
30618_46e21b9b,664cca45aeb0db23,diagnostic,30618_46e21b9b-diagnostic-7,master,h06,0,0.0,,,,,,,0,0,
30618_46e21b9b,664cca45aeb0db23,diagnostic,30618_46e21b9b-diagnostic-7,rover,baseline_v7,0,0.0,,,,,,,0,0,
30618_46e21b9b,664cca45aeb0db23,diagnostic,30618_46e21b9b-diagnostic-7,rover,h03,0,0.0,,,,,,,0,0,
30618_46e21b9b,664cca45aeb0db23,diagnostic,30618_46e21b9b-diagnostic-7,rover,h06,0,0.0,,,,,,,0,0,
30618_5036aa78,664cca45aeb0db23,diagnostic,30618_5036aa78-diagnostic-0,master,baseline_v7,0,0.0,,,,,,,0,0,
30618_5036aa78,664cca45aeb0db23,diagnostic,30618_5036aa78-diagnostic-0,master,h03,0,0.0,,,,,,,0,0,
30618_5036aa78,664cca45aeb0db23,diagnostic,30618_5036aa78-diagnostic-0,master,h06,0,0.0,,,,,,,0,0,
30618_5036aa78,664cca45aeb0db23,diagnostic,30618_5036aa78-diagnostic-0,rover,baseline_v7,0,0.0,,,,,,,0,0,
30618_5036aa78,664cca45aeb0db23,diagnostic,30618_5036aa78-diagnostic-0,rover,h03,0,0.0,,,,,,,0,0,
30618_5036aa78,664cca45aeb0db23,diagnostic,30618_5036aa78-diagnostic-0,rover,h06,0,0.0,,,,,,,0,0,
30618_5036aa78,664cca45aeb0db23,diagnostic,30618_5036aa78-diagnostic-1,master,baseline_v7,0,0.0,,,,,,,0,0,
30618_5036aa78,664cca45aeb0db23,diagnostic,30618_5036aa78-diagnostic-1,master,h03,0,0.0,,,,,,,0,0,
30618_5036aa78,664cca45aeb0db23,diagnostic,30618_5036aa78-diagnostic-1,master,h06,0,0.0,,,,,,,0,0,
30618_5036aa78,664cca45aeb0db23,diagnostic,30618_5036aa78-diagnostic-1,rover,baseline_v7,0,0.0,,,,,,,0,0,
30618_5036aa78,664cca45aeb0db23,diagnostic,30618_5036aa78-diagnostic-1,rover,h03,0,0.0,,,,,,,0,0,
30618_5036aa78,664cca45aeb0db23,diagnostic,30618_5036aa78-diagnostic-1,rover,h06,0,0.0,,,,,,,0,0,
30618_5036aa78,664cca45aeb0db23,diagnostic,30618_5036aa78-diagnostic-2,master,baseline_v7,0,0.0,,,,,,,0,0,
30618_5036aa78,664cca45aeb0db23,diagnostic,30618_5036aa78-diagnostic-2,master,h03,0,0.0,,,,,,,0,0,
30618_5036aa78,664cca45aeb0db23,diagnostic,30618_5036aa78-diagnostic-2,master,h06,0,0.0,,,,,,,0,0,
30618_5036aa78,664cca45aeb0db23,diagnostic,30618_5036aa78-diagnostic-2,rover,baseline_v7,0,0.0,,,,,,,0,0,
30618_5036aa78,664cca45aeb0db23,diagnostic,30618_5036aa78-diagnostic-2,rover,h03,0,0.0,,,,,,,0,0,
30618_5036aa78,664cca45aeb0db23,diagnostic,30618_5036aa78-diagnostic-2,rover,h06,0,0.0,,,,,,,0,0,
30618_5036aa78,664cca45aeb0db23,diagnostic,30618_5036aa78-diagnostic-3,master,baseline_v7,0,0.0,,,,,,,0,0,
30618_5036aa78,664cca45aeb0db23,diagnostic,30618_5036aa78-diagnostic-3,master,h03,0,0.0,,,,,,,0,0,
30618_5036aa78,664cca45aeb0db23,diagnostic,30618_5036aa78-diagnostic-3,master,h06,0,0.0,,,,,,,0,0,
30618_5036aa78,664cca45aeb0db23,diagnostic,30618_5036aa78-diagnostic-3,rover,baseline_v7,0,0.0,,,,,,,0,0,
30618_5036aa78,664cca45aeb0db23,diagnostic,30618_5036aa78-diagnostic-3,rover,h03,0,0.0,,,,,,,0,0,
30618_5036aa78,664cca45aeb0db23,diagnostic,30618_5036aa78-diagnostic-3,rover,h06,0,0.0,,,,,,,0,0,
30618_5036aa78,664cca45aeb0db23,diagnostic,30618_5036aa78-diagnostic-4,master,baseline_v7,0,0.0,,,,,,,0,0,
30618_5036aa78,664cca45aeb0db23,diagnostic,30618_5036aa78-diagnostic-4,master,h03,0,0.0,,,,,,,0,0,
30618_5036aa78,664cca45aeb0db23,diagnostic,30618_5036aa78-diagnostic-4,master,h06,0,0.0,,,,,,,0,0,
30618_5036aa78,664cca45aeb0db23,diagnostic,30618_5036aa78-diagnostic-4,rover,baseline_v7,0,0.0,,,,,,,0,0,
30618_5036aa78,664cca45aeb0db23,diagnostic,30618_5036aa78-diagnostic-4,rover,h03,0,0.0,,,,,,,0,0,
30618_5036aa78,664cca45aeb0db23,diagnostic,30618_5036aa78-diagnostic-4,rover,h06,0,0.0,,,,,,,0,0,
30618_5036aa78,664cca45aeb0db23,diagnostic,30618_5036aa78-diagnostic-5,master,baseline_v7,0,0.0,,,,,,,0,0,
30618_5036aa78,664cca45aeb0db23,diagnostic,30618_5036aa78-diagnostic-5,master,h03,0,0.0,,,,,,,0,0,
30618_5036aa78,664cca45aeb0db23,diagnostic,30618_5036aa78-diagnostic-5,master,h06,0,0.0,,,,,,,0,0,
30618_5036aa78,664cca45aeb0db23,diagnostic,30618_5036aa78-diagnostic-5,rover,baseline_v7,0,0.0,,,,,,,0,0,
30618_5036aa78,664cca45aeb0db23,diagnostic,30618_5036aa78-diagnostic-5,rover,h03,0,0.0,,,,,,,0,0,
30618_5036aa78,664cca45aeb0db23,diagnostic,30618_5036aa78-diagnostic-5,rover,h06,0,0.0,,,,,,,0,0,
30618_5036aa78,664cca45aeb0db23,diagnostic,30618_5036aa78-diagnostic-6,master,baseline_v7,0,0.0,,,,,,,0,0,
30618_5036aa78,664cca45aeb0db23,diagnostic,30618_5036aa78-diagnostic-6,master,h03,0,0.0,,,,,,,0,0,
30618_5036aa78,664cca45aeb0db23,diagnostic,30618_5036aa78-diagnostic-6,master,h06,0,0.0,,,,,,,0,0,
30618_5036aa78,664cca45aeb0db23,diagnostic,30618_5036aa78-diagnostic-6,rover,baseline_v7,0,0.0,,,,,,,0,0,
30618_5036aa78,664cca45aeb0db23,diagnostic,30618_5036aa78-diagnostic-6,rover,h03,0,0.0,,,,,,,0,0,
30618_5036aa78,664cca45aeb0db23,diagnostic,30618_5036aa78-diagnostic-6,rover,h06,0,0.0,,,,,,,0,0,
30618_5036aa78,664cca45aeb0db23,diagnostic,30618_5036aa78-diagnostic-7,master,baseline_v7,0,0.0,,,,,,,0,0,
30618_5036aa78,664cca45aeb0db23,diagnostic,30618_5036aa78-diagnostic-7,master,h03,0,0.0,,,,,,,0,0,
30618_5036aa78,664cca45aeb0db23,diagnostic,30618_5036aa78-diagnostic-7,master,h06,0,0.0,,,,,,,0,0,
30618_5036aa78,664cca45aeb0db23,diagnostic,30618_5036aa78-diagnostic-7,rover,baseline_v7,0,0.0,,,,,,,0,0,
30618_5036aa78,664cca45aeb0db23,diagnostic,30618_5036aa78-diagnostic-7,rover,h03,0,0.0,,,,,,,0,0,
30618_5036aa78,664cca45aeb0db23,diagnostic,30618_5036aa78-diagnostic-7,rover,h06,0,0.0,,,,,,,0,0,
30618_74559c73,664cca45aeb0db23,diagnostic,30618_74559c73-diagnostic-0,master,baseline_v7,0,0.0,,,,,,,0,0,
30618_74559c73,664cca45aeb0db23,diagnostic,30618_74559c73-diagnostic-0,master,h03,0,0.0,,,,,,,0,0,
30618_74559c73,664cca45aeb0db23,diagnostic,30618_74559c73-diagnostic-0,master,h06,0,0.0,,,,,,,0,0,
30618_74559c73,664cca45aeb0db23,diagnostic,30618_74559c73-diagnostic-0,rover,baseline_v7,0,0.0,,,,,,,0,0,
30618_74559c73,664cca45aeb0db23,diagnostic,30618_74559c73-diagnostic-0,rover,h03,0,0.0,,,,,,,0,0,
30618_74559c73,664cca45aeb0db23,diagnostic,30618_74559c73-diagnostic-0,rover,h06,0,0.0,,,,,,,0,0,
30618_74559c73,664cca45aeb0db23,diagnostic,30618_74559c73-diagnostic-1,master,baseline_v7,0,0.0,,,,,,,0,0,
30618_74559c73,664cca45aeb0db23,diagnostic,30618_74559c73-diagnostic-1,master,h03,0,0.0,,,,,,,0,0,
30618_74559c73,664cca45aeb0db23,diagnostic,30618_74559c73-diagnostic-1,master,h06,0,0.0,,,,,,,0,0,
30618_74559c73,664cca45aeb0db23,diagnostic,30618_74559c73-diagnostic-1,rover,baseline_v7,0,0.0,,,,,,,0,0,
30618_74559c73,664cca45aeb0db23,diagnostic,30618_74559c73-diagnostic-1,rover,h03,0,0.0,,,,,,,0,0,
30618_74559c73,664cca45aeb0db23,diagnostic,30618_74559c73-diagnostic-1,rover,h06,0,0.0,,,,,,,0,0,
30618_74559c73,664cca45aeb0db23,diagnostic,30618_74559c73-diagnostic-2,master,baseline_v7,0,0.0,,,,,,,0,0,
30618_74559c73,664cca45aeb0db23,diagnostic,30618_74559c73-diagnostic-2,master,h03,0,0.0,,,,,,,0,0,
30618_74559c73,664cca45aeb0db23,diagnostic,30618_74559c73-diagnostic-2,master,h06,0,0.0,,,,,,,0,0,
30618_74559c73,664cca45aeb0db23,diagnostic,30618_74559c73-diagnostic-2,rover,baseline_v7,0,0.0,,,,,,,0,0,
30618_74559c73,664cca45aeb0db23,diagnostic,30618_74559c73-diagnostic-2,rover,h03,0,0.0,,,,,,,0,0,
30618_74559c73,664cca45aeb0db23,diagnostic,30618_74559c73-diagnostic-2,rover,h06,0,0.0,,,,,,,0,0,
30618_74559c73,664cca45aeb0db23,diagnostic,30618_74559c73-diagnostic-3,master,baseline_v7,0,0.0,,,,,,,0,0,
30618_74559c73,664cca45aeb0db23,diagnostic,30618_74559c73-diagnostic-3,master,h03,0,0.0,,,,,,,0,0,
30618_74559c73,664cca45aeb0db23,diagnostic,30618_74559c73-diagnostic-3,master,h06,0,0.0,,,,,,,0,0,
30618_74559c73,664cca45aeb0db23,diagnostic,30618_74559c73-diagnostic-3,rover,baseline_v7,0,0.0,,,,,,,0,0,
30618_74559c73,664cca45aeb0db23,diagnostic,30618_74559c73-diagnostic-3,rover,h03,0,0.0,,,,,,,0,0,
30618_74559c73,664cca45aeb0db23,diagnostic,30618_74559c73-diagnostic-3,rover,h06,0,0.0,,,,,,,0,0,
30618_74559c73,664cca45aeb0db23,diagnostic,30618_74559c73-diagnostic-4,master,baseline_v7,0,0.0,,,,,,,0,0,
30618_74559c73,664cca45aeb0db23,diagnostic,30618_74559c73-diagnostic-4,master,h03,0,0.0,,,,,,,0,0,
30618_74559c73,664cca45aeb0db23,diagnostic,30618_74559c73-diagnostic-4,master,h06,0,0.0,,,,,,,0,0,
30618_74559c73,664cca45aeb0db23,diagnostic,30618_74559c73-diagnostic-4,rover,baseline_v7,0,0.0,,,,,,,0,0,
30618_74559c73,664cca45aeb0db23,diagnostic,30618_74559c73-diagnostic-4,rover,h03,0,0.0,,,,,,,0,0,
30618_74559c73,664cca45aeb0db23,diagnostic,30618_74559c73-diagnostic-4,rover,h06,0,0.0,,,,,,,0,0,
30618_74559c73,664cca45aeb0db23,diagnostic,30618_74559c73-diagnostic-5,master,baseline_v7,0,0.0,,,,,,,0,0,
30618_74559c73,664cca45aeb0db23,diagnostic,30618_74559c73-diagnostic-5,master,h03,0,0.0,,,,,,,0,0,
30618_74559c73,664cca45aeb0db23,diagnostic,30618_74559c73-diagnostic-5,master,h06,0,0.0,,,,,,,0,0,
30618_74559c73,664cca45aeb0db23,diagnostic,30618_74559c73-diagnostic-5,rover,baseline_v7,0,0.0,,,,,,,0,0,
30618_74559c73,664cca45aeb0db23,diagnostic,30618_74559c73-diagnostic-5,rover,h03,0,0.0,,,,,,,0,0,
30618_74559c73,664cca45aeb0db23,diagnostic,30618_74559c73-diagnostic-5,rover,h06,0,0.0,,,,,,,0,0,
30618_74559c73,664cca45aeb0db23,diagnostic,30618_74559c73-diagnostic-6,master,baseline_v7,0,0.0,,,,,,,0,0,
30618_74559c73,664cca45aeb0db23,diagnostic,30618_74559c73-diagnostic-6,master,h03,0,0.0,,,,,,,0,0,
30618_74559c73,664cca45aeb0db23,diagnostic,30618_74559c73-diagnostic-6,master,h06,0,0.0,,,,,,,0,0,
30618_74559c73,664cca45aeb0db23,diagnostic,30618_74559c73-diagnostic-6,rover,baseline_v7,0,0.0,,,,,,,0,0,
30618_74559c73,664cca45aeb0db23,diagnostic,30618_74559c73-diagnostic-6,rover,h03,0,0.0,,,,,,,0,0,
30618_74559c73,664cca45aeb0db23,diagnostic,30618_74559c73-diagnostic-6,rover,h06,0,0.0,,,,,,,0,0,
30618_74559c73,664cca45aeb0db23,diagnostic,30618_74559c73-diagnostic-7,master,baseline_v7,0,0.0,,,,,,,0,0,
30618_74559c73,664cca45aeb0db23,diagnostic,30618_74559c73-diagnostic-7,master,h03,0,0.0,,,,,,,0,0,
30618_74559c73,664cca45aeb0db23,diagnostic,30618_74559c73-diagnostic-7,master,h06,0,0.0,,,,,,,0,0,
30618_74559c73,664cca45aeb0db23,diagnostic,30618_74559c73-diagnostic-7,rover,baseline_v7,0,0.0,,,,,,,0,0,
30618_74559c73,664cca45aeb0db23,diagnostic,30618_74559c73-diagnostic-7,rover,h03,0,0.0,,,,,,,0,0,
30618_74559c73,664cca45aeb0db23,diagnostic,30618_74559c73-diagnostic-7,rover,h06,0,0.0,,,,,,,0,0,
30618_88548b02,711abb923942f9fe,diagnostic,30618_88548b02-diagnostic-0,master,baseline_v7,348,0.45849802371541504,0.1508836254982425,0.12139923671206428,-0.1211819959712861,0.2719231152011779,0.21239675735387928,2.8616999998121173e-05,0,0,
30618_88548b02,711abb923942f9fe,diagnostic,30618_88548b02-diagnostic-0,master,h03,348,0.45849802371541504,0.1508836254982425,0.12139923671206428,-0.1211819959712861,0.2719231152011779,0.21239675735387928,2.8616999998121173e-05,0,0,
30618_88548b02,711abb923942f9fe,diagnostic,30618_88548b02-diagnostic-0,master,h06,348,0.45849802371541504,0.1508836254982425,0.12139923671206428,-0.1211819959712861,0.2719231152011779,0.21239675735387928,2.8616999998121173e-05,0,0,
30618_88548b02,711abb923942f9fe,diagnostic,30618_88548b02-diagnostic-0,rover,baseline_v7,356,0.46903820816864294,0.15146002008632123,0.12179073519273993,-0.12147631288738937,0.2742073801325233,0.21296344147267038,0.05002861699998107,0,0,
30618_88548b02,711abb923942f9fe,diagnostic,30618_88548b02-diagnostic-0,rover,h03,356,0.46903820816864294,0.15146002008632123,0.12179073519273993,-0.12147631288738937,0.2742073801325233,0.21296344147267038,0.05002861699998107,0,0,
30618_88548b02,711abb923942f9fe,diagnostic,30618_88548b02-diagnostic-0,rover,h06,356,0.46903820816864294,0.15146002008632123,0.12179073519273993,-0.12147631288738937,0.2742073801325233,0.21296344147267038,0.05002861699998107,0,0,
30618_88548b02,711abb923942f9fe,diagnostic,30618_88548b02-diagnostic-1,master,baseline_v7,348,0.45849802371541504,0.09381193949145479,0.0824019727049034,0.011399687216990535,0.16002112934842297,0.11663658912700813,2.8616999998121173e-05,0,0,
30618_88548b02,711abb923942f9fe,diagnostic,30618_88548b02-diagnostic-1,master,h03,348,0.45849802371541504,0.09381193949145479,0.0824019727049034,0.011399687216990535,0.16002112934842297,0.11663658912700813,2.8616999998121173e-05,0,0,
30618_88548b02,711abb923942f9fe,diagnostic,30618_88548b02-diagnostic-1,master,h06,348,0.45849802371541504,0.09381193949145479,0.0824019727049034,0.011399687216990535,0.16002112934842297,0.11663658912700813,2.8616999998121173e-05,0,0,
30618_88548b02,711abb923942f9fe,diagnostic,30618_88548b02-diagnostic-1,rover,baseline_v7,356,0.46903820816864294,0.0940294560296145,0.08228823760005513,0.012227729773489779,0.16004480361797802,0.11723830795547778,2.8616999998121173e-05,0,0,
30618_88548b02,711abb923942f9fe,diagnostic,30618_88548b02-diagnostic-1,rover,h03,356,0.46903820816864294,0.0940294560296145,0.08228823760005513,0.012227729773489779,0.16004480361797802,0.11723830795547778,2.8616999998121173e-05,0,0,
30618_88548b02,711abb923942f9fe,diagnostic,30618_88548b02-diagnostic-1,rover,h06,356,0.46903820816864294,0.0940294560296145,0.08228823760005513,0.012227729773489779,0.16004480361797802,0.11723830795547778,2.8616999998121173e-05,0,0,
30618_88548b02,711abb923942f9fe,diagnostic,30618_88548b02-diagnostic-2,master,baseline_v7,348,0.45849802371541504,0.1508836254982425,0.12139923671206428,-0.1211819959712861,0.2719231152011779,0.21239675735387928,2.8616999998121173e-05,0,0,
30618_88548b02,711abb923942f9fe,diagnostic,30618_88548b02-diagnostic-2,master,h03,348,0.45849802371541504,0.1508836254982425,0.12139923671206428,-0.1211819959712861,0.2719231152011779,0.21239675735387928,2.8616999998121173e-05,0,0,
30618_88548b02,711abb923942f9fe,diagnostic,30618_88548b02-diagnostic-2,master,h06,348,0.45849802371541504,0.1508836254982425,0.12139923671206428,-0.1211819959712861,0.2719231152011779,0.21239675735387928,2.8616999998121173e-05,0,0,
30618_88548b02,711abb923942f9fe,diagnostic,30618_88548b02-diagnostic-2,rover,baseline_v7,356,0.46903820816864294,0.15146002008632123,0.12179073519273993,-0.12147631288738937,0.2742073801325233,0.21296344147267038,0.05002861699998107,0,0,
30618_88548b02,711abb923942f9fe,diagnostic,30618_88548b02-diagnostic-2,rover,h03,356,0.46903820816864294,0.15146002008632123,0.12179073519273993,-0.12147631288738937,0.2742073801325233,0.21296344147267038,0.05002861699998107,0,0,
30618_88548b02,711abb923942f9fe,diagnostic,30618_88548b02-diagnostic-2,rover,h06,356,0.46903820816864294,0.15146002008632123,0.12179073519273993,-0.12147631288738937,0.2742073801325233,0.21296344147267038,0.05002861699998107,0,0,
30618_88548b02,711abb923942f9fe,diagnostic,30618_88548b02-diagnostic-3,master,baseline_v7,348,0.45849802371541504,0.09381193949145479,0.0824019727049034,0.011399687216990535,0.16002112934842297,0.11663658912700813,2.8616999998121173e-05,0,0,
30618_88548b02,711abb923942f9fe,diagnostic,30618_88548b02-diagnostic-3,master,h03,348,0.45849802371541504,0.09381193949145479,0.0824019727049034,0.011399687216990535,0.16002112934842297,0.11663658912700813,2.8616999998121173e-05,0,0,
30618_88548b02,711abb923942f9fe,diagnostic,30618_88548b02-diagnostic-3,master,h06,348,0.45849802371541504,0.09381193949145479,0.0824019727049034,0.011399687216990535,0.16002112934842297,0.11663658912700813,2.8616999998121173e-05,0,0,
30618_88548b02,711abb923942f9fe,diagnostic,30618_88548b02-diagnostic-3,rover,baseline_v7,356,0.46903820816864294,0.0940294560296145,0.08228823760005513,0.012227729773489779,0.16004480361797802,0.11723830795547778,2.8616999998121173e-05,0,0,
30618_88548b02,711abb923942f9fe,diagnostic,30618_88548b02-diagnostic-3,rover,h03,356,0.46903820816864294,0.0940294560296145,0.08228823760005513,0.012227729773489779,0.16004480361797802,0.11723830795547778,2.8616999998121173e-05,0,0,
30618_88548b02,711abb923942f9fe,diagnostic,30618_88548b02-diagnostic-3,rover,h06,356,0.46903820816864294,0.0940294560296145,0.08228823760005513,0.012227729773489779,0.16004480361797802,0.11723830795547778,2.8616999998121173e-05,0,0,
30618_88548b02,711abb923942f9fe,diagnostic,30618_88548b02-diagnostic-4,master,baseline_v7,348,0.45849802371541504,0.08949900104352948,0.07997162532887618,-0.07980843291058978,0.1553663308068995,0.11191135272623666,2.8616999998121173e-05,0,0,
30618_88548b02,711abb923942f9fe,diagnostic,30618_88548b02-diagnostic-4,master,h03,348,0.45849802371541504,0.08949900104352948,0.07997162532887618,-0.07980843291058978,0.1553663308068995,0.11191135272623666,2.8616999998121173e-05,0,0,
30618_88548b02,711abb923942f9fe,diagnostic,30618_88548b02-diagnostic-4,master,h06,348,0.45849802371541504,0.08949900104352948,0.07997162532887618,-0.07980843291058978,0.1553663308068995,0.11191135272623666,2.8616999998121173e-05,0,0,
30618_88548b02,711abb923942f9fe,diagnostic,30618_88548b02-diagnostic-4,rover,baseline_v7,356,0.46903820816864294,0.09023876498276437,0.0800691562707844,-0.07989591767656753,0.16144761751279368,0.11311057954913065,2.8616999998121173e-05,0,0,
30618_88548b02,711abb923942f9fe,diagnostic,30618_88548b02-diagnostic-4,rover,h03,356,0.46903820816864294,0.09023876498276437,0.0800691562707844,-0.07989591767656753,0.16144761751279368,0.11311057954913065,2.8616999998121173e-05,0,0,
30618_88548b02,711abb923942f9fe,diagnostic,30618_88548b02-diagnostic-4,rover,h06,356,0.46903820816864294,0.09023876498276437,0.0800691562707844,-0.07989591767656753,0.16144761751279368,0.11311057954913065,2.8616999998121173e-05,0,0,
30618_88548b02,711abb923942f9fe,diagnostic,30618_88548b02-diagnostic-5,master,baseline_v7,348,0.45849802371541504,0.058749179350459105,0.05097382090332254,-0.029973937574986467,0.09764143695276112,0.046195908628234326,2.8616999998121173e-05,0,0,
30618_88548b02,711abb923942f9fe,diagnostic,30618_88548b02-diagnostic-5,master,h03,348,0.45849802371541504,0.058749179350459105,0.05097382090332254,-0.029973937574986467,0.09764143695276112,0.046195908628234326,2.8616999998121173e-05,0,0,
30618_88548b02,711abb923942f9fe,diagnostic,30618_88548b02-diagnostic-5,master,h06,348,0.45849802371541504,0.058749179350459105,0.05097382090332254,-0.029973937574986467,0.09764143695276112,0.046195908628234326,2.8616999998121173e-05,0,0,
30618_88548b02,711abb923942f9fe,diagnostic,30618_88548b02-diagnostic-5,rover,baseline_v7,356,0.46903820816864294,0.05823548682347599,0.05040487258512727,-0.029352711631381055,0.10343597893013001,0.04500747949339078,2.8616999998121173e-05,0,0,
30618_88548b02,711abb923942f9fe,diagnostic,30618_88548b02-diagnostic-5,rover,h03,356,0.46903820816864294,0.05823548682347599,0.05040487258512727,-0.029352711631381055,0.10343597893013001,0.04500747949339078,2.8616999998121173e-05,0,0,
30618_88548b02,711abb923942f9fe,diagnostic,30618_88548b02-diagnostic-5,rover,h06,356,0.46903820816864294,0.05823548682347599,0.05040487258512727,-0.029352711631381055,0.10343597893013001,0.04500747949339078,2.8616999998121173e-05,0,0,
30618_88548b02,711abb923942f9fe,diagnostic,30618_88548b02-diagnostic-6,master,baseline_v7,348,0.45849802371541504,0.08949900104352948,0.07997162532887618,-0.07980843291058978,0.1553663308068995,0.11191135272623666,2.8616999998121173e-05,0,0,
30618_88548b02,711abb923942f9fe,diagnostic,30618_88548b02-diagnostic-6,master,h03,348,0.45849802371541504,0.08949900104352948,0.07997162532887618,-0.07980843291058978,0.1553663308068995,0.11191135272623666,2.8616999998121173e-05,0,0,
30618_88548b02,711abb923942f9fe,diagnostic,30618_88548b02-diagnostic-6,master,h06,348,0.45849802371541504,0.08949900104352948,0.07997162532887618,-0.07980843291058978,0.1553663308068995,0.11191135272623666,2.8616999998121173e-05,0,0,
30618_88548b02,711abb923942f9fe,diagnostic,30618_88548b02-diagnostic-6,rover,baseline_v7,356,0.46903820816864294,0.09023876498276437,0.0800691562707844,-0.07989591767656753,0.16144761751279368,0.11311057954913065,2.8616999998121173e-05,0,0,
30618_88548b02,711abb923942f9fe,diagnostic,30618_88548b02-diagnostic-6,rover,h03,356,0.46903820816864294,0.09023876498276437,0.0800691562707844,-0.07989591767656753,0.16144761751279368,0.11311057954913065,2.8616999998121173e-05,0,0,
30618_88548b02,711abb923942f9fe,diagnostic,30618_88548b02-diagnostic-6,rover,h06,356,0.46903820816864294,0.09023876498276437,0.0800691562707844,-0.07989591767656753,0.16144761751279368,0.11311057954913065,2.8616999998121173e-05,0,0,
30618_88548b02,711abb923942f9fe,diagnostic,30618_88548b02-diagnostic-7,master,baseline_v7,348,0.45849802371541504,0.058749179350459105,0.05097382090332254,-0.029973937574986467,0.09764143695276112,0.046195908628234326,2.8616999998121173e-05,0,0,
30618_88548b02,711abb923942f9fe,diagnostic,30618_88548b02-diagnostic-7,master,h03,348,0.45849802371541504,0.058749179350459105,0.05097382090332254,-0.029973937574986467,0.09764143695276112,0.046195908628234326,2.8616999998121173e-05,0,0,
30618_88548b02,711abb923942f9fe,diagnostic,30618_88548b02-diagnostic-7,master,h06,348,0.45849802371541504,0.058749179350459105,0.05097382090332254,-0.029973937574986467,0.09764143695276112,0.046195908628234326,2.8616999998121173e-05,0,0,
30618_88548b02,711abb923942f9fe,diagnostic,30618_88548b02-diagnostic-7,rover,baseline_v7,356,0.46903820816864294,0.05823548682347599,0.05040487258512727,-0.029352711631381055,0.10343597893013001,0.04500747949339078,2.8616999998121173e-05,0,0,
30618_88548b02,711abb923942f9fe,diagnostic,30618_88548b02-diagnostic-7,rover,h03,356,0.46903820816864294,0.05823548682347599,0.05040487258512727,-0.029352711631381055,0.10343597893013001,0.04500747949339078,2.8616999998121173e-05,0,0,
30618_88548b02,711abb923942f9fe,diagnostic,30618_88548b02-diagnostic-7,rover,h06,356,0.46903820816864294,0.05823548682347599,0.05040487258512727,-0.029352711631381055,0.10343597893013001,0.04500747949339078,2.8616999998121173e-05,0,0,
30618_bcc9e7a2,664cca45aeb0db23,diagnostic,30618_bcc9e7a2-diagnostic-0,master,baseline_v7,0,0.0,,,,,,,0,0,
30618_bcc9e7a2,664cca45aeb0db23,diagnostic,30618_bcc9e7a2-diagnostic-0,master,h03,0,0.0,,,,,,,0,0,
30618_bcc9e7a2,664cca45aeb0db23,diagnostic,30618_bcc9e7a2-diagnostic-0,master,h06,0,0.0,,,,,,,0,0,
30618_bcc9e7a2,664cca45aeb0db23,diagnostic,30618_bcc9e7a2-diagnostic-0,rover,baseline_v7,0,0.0,,,,,,,0,0,
30618_bcc9e7a2,664cca45aeb0db23,diagnostic,30618_bcc9e7a2-diagnostic-0,rover,h03,0,0.0,,,,,,,0,0,
30618_bcc9e7a2,664cca45aeb0db23,diagnostic,30618_bcc9e7a2-diagnostic-0,rover,h06,0,0.0,,,,,,,0,0,
30618_bcc9e7a2,664cca45aeb0db23,diagnostic,30618_bcc9e7a2-diagnostic-1,master,baseline_v7,0,0.0,,,,,,,0,0,
30618_bcc9e7a2,664cca45aeb0db23,diagnostic,30618_bcc9e7a2-diagnostic-1,master,h03,0,0.0,,,,,,,0,0,
30618_bcc9e7a2,664cca45aeb0db23,diagnostic,30618_bcc9e7a2-diagnostic-1,master,h06,0,0.0,,,,,,,0,0,
30618_bcc9e7a2,664cca45aeb0db23,diagnostic,30618_bcc9e7a2-diagnostic-1,rover,baseline_v7,0,0.0,,,,,,,0,0,
30618_bcc9e7a2,664cca45aeb0db23,diagnostic,30618_bcc9e7a2-diagnostic-1,rover,h03,0,0.0,,,,,,,0,0,
30618_bcc9e7a2,664cca45aeb0db23,diagnostic,30618_bcc9e7a2-diagnostic-1,rover,h06,0,0.0,,,,,,,0,0,
30618_bcc9e7a2,664cca45aeb0db23,diagnostic,30618_bcc9e7a2-diagnostic-2,master,baseline_v7,0,0.0,,,,,,,0,0,
30618_bcc9e7a2,664cca45aeb0db23,diagnostic,30618_bcc9e7a2-diagnostic-2,master,h03,0,0.0,,,,,,,0,0,
30618_bcc9e7a2,664cca45aeb0db23,diagnostic,30618_bcc9e7a2-diagnostic-2,master,h06,0,0.0,,,,,,,0,0,
30618_bcc9e7a2,664cca45aeb0db23,diagnostic,30618_bcc9e7a2-diagnostic-2,rover,baseline_v7,0,0.0,,,,,,,0,0,
30618_bcc9e7a2,664cca45aeb0db23,diagnostic,30618_bcc9e7a2-diagnostic-2,rover,h03,0,0.0,,,,,,,0,0,
30618_bcc9e7a2,664cca45aeb0db23,diagnostic,30618_bcc9e7a2-diagnostic-2,rover,h06,0,0.0,,,,,,,0,0,
30618_bcc9e7a2,664cca45aeb0db23,diagnostic,30618_bcc9e7a2-diagnostic-3,master,baseline_v7,0,0.0,,,,,,,0,0,
30618_bcc9e7a2,664cca45aeb0db23,diagnostic,30618_bcc9e7a2-diagnostic-3,master,h03,0,0.0,,,,,,,0,0,
30618_bcc9e7a2,664cca45aeb0db23,diagnostic,30618_bcc9e7a2-diagnostic-3,master,h06,0,0.0,,,,,,,0,0,
30618_bcc9e7a2,664cca45aeb0db23,diagnostic,30618_bcc9e7a2-diagnostic-3,rover,baseline_v7,0,0.0,,,,,,,0,0,
30618_bcc9e7a2,664cca45aeb0db23,diagnostic,30618_bcc9e7a2-diagnostic-3,rover,h03,0,0.0,,,,,,,0,0,
30618_bcc9e7a2,664cca45aeb0db23,diagnostic,30618_bcc9e7a2-diagnostic-3,rover,h06,0,0.0,,,,,,,0,0,
30618_bcc9e7a2,664cca45aeb0db23,diagnostic,30618_bcc9e7a2-diagnostic-4,master,baseline_v7,0,0.0,,,,,,,0,0,
30618_bcc9e7a2,664cca45aeb0db23,diagnostic,30618_bcc9e7a2-diagnostic-4,master,h03,0,0.0,,,,,,,0,0,
30618_bcc9e7a2,664cca45aeb0db23,diagnostic,30618_bcc9e7a2-diagnostic-4,master,h06,0,0.0,,,,,,,0,0,
30618_bcc9e7a2,664cca45aeb0db23,diagnostic,30618_bcc9e7a2-diagnostic-4,rover,baseline_v7,0,0.0,,,,,,,0,0,
30618_bcc9e7a2,664cca45aeb0db23,diagnostic,30618_bcc9e7a2-diagnostic-4,rover,h03,0,0.0,,,,,,,0,0,
30618_bcc9e7a2,664cca45aeb0db23,diagnostic,30618_bcc9e7a2-diagnostic-4,rover,h06,0,0.0,,,,,,,0,0,
30618_bcc9e7a2,664cca45aeb0db23,diagnostic,30618_bcc9e7a2-diagnostic-5,master,baseline_v7,0,0.0,,,,,,,0,0,
30618_bcc9e7a2,664cca45aeb0db23,diagnostic,30618_bcc9e7a2-diagnostic-5,master,h03,0,0.0,,,,,,,0,0,
30618_bcc9e7a2,664cca45aeb0db23,diagnostic,30618_bcc9e7a2-diagnostic-5,master,h06,0,0.0,,,,,,,0,0,
30618_bcc9e7a2,664cca45aeb0db23,diagnostic,30618_bcc9e7a2-diagnostic-5,rover,baseline_v7,0,0.0,,,,,,,0,0,
30618_bcc9e7a2,664cca45aeb0db23,diagnostic,30618_bcc9e7a2-diagnostic-5,rover,h03,0,0.0,,,,,,,0,0,
30618_bcc9e7a2,664cca45aeb0db23,diagnostic,30618_bcc9e7a2-diagnostic-5,rover,h06,0,0.0,,,,,,,0,0,
30618_bcc9e7a2,664cca45aeb0db23,diagnostic,30618_bcc9e7a2-diagnostic-6,master,baseline_v7,0,0.0,,,,,,,0,0,
30618_bcc9e7a2,664cca45aeb0db23,diagnostic,30618_bcc9e7a2-diagnostic-6,master,h03,0,0.0,,,,,,,0,0,
30618_bcc9e7a2,664cca45aeb0db23,diagnostic,30618_bcc9e7a2-diagnostic-6,master,h06,0,0.0,,,,,,,0,0,
30618_bcc9e7a2,664cca45aeb0db23,diagnostic,30618_bcc9e7a2-diagnostic-6,rover,baseline_v7,0,0.0,,,,,,,0,0,
30618_bcc9e7a2,664cca45aeb0db23,diagnostic,30618_bcc9e7a2-diagnostic-6,rover,h03,0,0.0,,,,,,,0,0,
30618_bcc9e7a2,664cca45aeb0db23,diagnostic,30618_bcc9e7a2-diagnostic-6,rover,h06,0,0.0,,,,,,,0,0,
30618_bcc9e7a2,664cca45aeb0db23,diagnostic,30618_bcc9e7a2-diagnostic-7,master,baseline_v7,0,0.0,,,,,,,0,0,
30618_bcc9e7a2,664cca45aeb0db23,diagnostic,30618_bcc9e7a2-diagnostic-7,master,h03,0,0.0,,,,,,,0,0,
30618_bcc9e7a2,664cca45aeb0db23,diagnostic,30618_bcc9e7a2-diagnostic-7,master,h06,0,0.0,,,,,,,0,0,
30618_bcc9e7a2,664cca45aeb0db23,diagnostic,30618_bcc9e7a2-diagnostic-7,rover,baseline_v7,0,0.0,,,,,,,0,0,
30618_bcc9e7a2,664cca45aeb0db23,diagnostic,30618_bcc9e7a2-diagnostic-7,rover,h03,0,0.0,,,,,,,0,0,
30618_bcc9e7a2,664cca45aeb0db23,diagnostic,30618_bcc9e7a2-diagnostic-7,rover,h06,0,0.0,,,,,,,0,0,
30639_9c362687,a8a4c11ebcc1dde2,diagnostic,30639_9c362687-diagnostic-0,master,baseline_v7,360,0.4730617608409987,0.07772840972347708,0.062206790456175595,-0.009511487006989028,0.15255205607232034,0.10089461439272997,0.007980078999992202,0,0,
30639_9c362687,a8a4c11ebcc1dde2,diagnostic,30639_9c362687-diagnostic-0,master,h03,360,0.4730617608409987,0.07772840972347708,0.062206790456175595,-0.009511487006989028,0.15255205607232034,0.10089461439272997,0.007980078999992202,0,0,
30639_9c362687,a8a4c11ebcc1dde2,diagnostic,30639_9c362687-diagnostic-0,master,h06,360,0.4730617608409987,0.07772840972347708,0.062206790456175595,-0.009511487006989028,0.15255205607232034,0.10089461439272997,0.007980078999992202,0,0,
30639_9c362687,a8a4c11ebcc1dde2,diagnostic,30639_9c362687-diagnostic-0,rover,baseline_v7,360,0.4730617608409987,0.4248116789613415,0.1280751580620399,0.06255517965967756,0.1663479131768349,0.09477176007696114,0.007980078999992202,0,0,
30639_9c362687,a8a4c11ebcc1dde2,diagnostic,30639_9c362687-diagnostic-0,rover,h03,360,0.4730617608409987,0.4248116789613415,0.1280751580620399,0.06255517965967756,0.1663479131768349,0.09477176007696114,0.007980078999992202,0,0,
30639_9c362687,a8a4c11ebcc1dde2,diagnostic,30639_9c362687-diagnostic-0,rover,h06,360,0.4730617608409987,0.4248116789613415,0.1280751580620399,0.06255517965967756,0.1663479131768349,0.09477176007696114,0.007980078999992202,0,0,
30639_9c362687,a8a4c11ebcc1dde2,diagnostic,30639_9c362687-diagnostic-1,master,baseline_v7,360,0.4730617608409987,0.16525260875145648,0.12516556946912724,0.12284299094845355,0.30150724552201874,0.24124847598705038,0.007980078999992202,0,0,
30639_9c362687,a8a4c11ebcc1dde2,diagnostic,30639_9c362687-diagnostic-1,master,h03,360,0.4730617608409987,0.16525260875145648,0.12516556946912724,0.12284299094845355,0.30150724552201874,0.24124847598705038,0.007980078999992202,0,0,
30639_9c362687,a8a4c11ebcc1dde2,diagnostic,30639_9c362687-diagnostic-1,master,h06,360,0.4730617608409987,0.16525260875145648,0.12516556946912724,0.12284299094845355,0.30150724552201874,0.24124847598705038,0.007980078999992202,0,0,
30639_9c362687,a8a4c11ebcc1dde2,diagnostic,30639_9c362687-diagnostic-1,rover,baseline_v7,360,0.4730617608409987,0.4515395395966088,0.19613730110015204,0.19490965761512014,0.32014779608590516,0.24889038375428013,0.007980078999992202,0,0,
30639_9c362687,a8a4c11ebcc1dde2,diagnostic,30639_9c362687-diagnostic-1,rover,h03,360,0.4730617608409987,0.4515395395966088,0.19613730110015204,0.19490965761512014,0.32014779608590516,0.24889038375428013,0.007980078999992202,0,0,
30639_9c362687,a8a4c11ebcc1dde2,diagnostic,30639_9c362687-diagnostic-1,rover,h06,360,0.4730617608409987,0.4515395395966088,0.19613730110015204,0.19490965761512014,0.32014779608590516,0.24889038375428013,0.007980078999992202,0,0,
30639_9c362687,a8a4c11ebcc1dde2,diagnostic,30639_9c362687-diagnostic-2,master,baseline_v7,360,0.4730617608409987,0.07772840972347708,0.062206790456175595,-0.009511487006989028,0.15255205607232034,0.10089461439272997,0.007980078999992202,0,0,
30639_9c362687,a8a4c11ebcc1dde2,diagnostic,30639_9c362687-diagnostic-2,master,h03,360,0.4730617608409987,0.07772840972347708,0.062206790456175595,-0.009511487006989028,0.15255205607232034,0.10089461439272997,0.007980078999992202,0,0,
30639_9c362687,a8a4c11ebcc1dde2,diagnostic,30639_9c362687-diagnostic-2,master,h06,360,0.4730617608409987,0.07772840972347708,0.062206790456175595,-0.009511487006989028,0.15255205607232034,0.10089461439272997,0.007980078999992202,0,0,
30639_9c362687,a8a4c11ebcc1dde2,diagnostic,30639_9c362687-diagnostic-2,rover,baseline_v7,360,0.4730617608409987,0.4248116789613415,0.1280751580620399,0.06255517965967756,0.1663479131768349,0.09477176007696114,0.007980078999992202,0,0,
30639_9c362687,a8a4c11ebcc1dde2,diagnostic,30639_9c362687-diagnostic-2,rover,h03,360,0.4730617608409987,0.4248116789613415,0.1280751580620399,0.06255517965967756,0.1663479131768349,0.09477176007696114,0.007980078999992202,0,0,
30639_9c362687,a8a4c11ebcc1dde2,diagnostic,30639_9c362687-diagnostic-2,rover,h06,360,0.4730617608409987,0.4248116789613415,0.1280751580620399,0.06255517965967756,0.1663479131768349,0.09477176007696114,0.007980078999992202,0,0,
30639_9c362687,a8a4c11ebcc1dde2,diagnostic,30639_9c362687-diagnostic-3,master,baseline_v7,360,0.4730617608409987,0.16525260875145648,0.12516556946912724,0.12284299094845355,0.30150724552201874,0.24124847598705038,0.007980078999992202,0,0,
30639_9c362687,a8a4c11ebcc1dde2,diagnostic,30639_9c362687-diagnostic-3,master,h03,360,0.4730617608409987,0.16525260875145648,0.12516556946912724,0.12284299094845355,0.30150724552201874,0.24124847598705038,0.007980078999992202,0,0,
30639_9c362687,a8a4c11ebcc1dde2,diagnostic,30639_9c362687-diagnostic-3,master,h06,360,0.4730617608409987,0.16525260875145648,0.12516556946912724,0.12284299094845355,0.30150724552201874,0.24124847598705038,0.007980078999992202,0,0,
30639_9c362687,a8a4c11ebcc1dde2,diagnostic,30639_9c362687-diagnostic-3,rover,baseline_v7,360,0.4730617608409987,0.4515395395966088,0.19613730110015204,0.19490965761512014,0.32014779608590516,0.24889038375428013,0.007980078999992202,0,0,
30639_9c362687,a8a4c11ebcc1dde2,diagnostic,30639_9c362687-diagnostic-3,rover,h03,360,0.4730617608409987,0.4515395395966088,0.19613730110015204,0.19490965761512014,0.32014779608590516,0.24889038375428013,0.007980078999992202,0,0,
30639_9c362687,a8a4c11ebcc1dde2,diagnostic,30639_9c362687-diagnostic-3,rover,h06,360,0.4730617608409987,0.4515395395966088,0.19613730110015204,0.19490965761512014,0.32014779608590516,0.24889038375428013,0.007980078999992202,0,0,
30639_9c362687,a8a4c11ebcc1dde2,diagnostic,30639_9c362687-diagnostic-4,master,baseline_v7,360,0.4730617608409987,0.05057963829866678,0.04146138761371094,0.031615623796055155,0.09735180545508491,0.05216229375601009,0.007980078999992202,0,0,
30639_9c362687,a8a4c11ebcc1dde2,diagnostic,30639_9c362687-diagnostic-4,master,h03,360,0.4730617608409987,0.05057963829866678,0.04146138761371094,0.031615623796055155,0.09735180545508491,0.05216229375601009,0.007980078999992202,0,0,
30639_9c362687,a8a4c11ebcc1dde2,diagnostic,30639_9c362687-diagnostic-4,master,h06,360,0.4730617608409987,0.05057963829866678,0.04146138761371094,0.031615623796055155,0.09735180545508491,0.05216229375601009,0.007980078999992202,0,0,
30639_9c362687,a8a4c11ebcc1dde2,diagnostic,30639_9c362687-diagnostic-4,rover,baseline_v7,360,0.4730617608409987,0.42147919536045564,0.11050013332522976,0.10368229046272176,0.15003092059516662,0.05531023631794711,0.007980078999992202,0,0,
30639_9c362687,a8a4c11ebcc1dde2,diagnostic,30639_9c362687-diagnostic-4,rover,h03,360,0.4730617608409987,0.42147919536045564,0.11050013332522976,0.10368229046272176,0.15003092059516662,0.05531023631794711,0.007980078999992202,0,0,
30639_9c362687,a8a4c11ebcc1dde2,diagnostic,30639_9c362687-diagnostic-4,rover,h06,360,0.4730617608409987,0.42147919536045564,0.11050013332522976,0.10368229046272176,0.15003092059516662,0.05531023631794711,0.007980078999992202,0,0,
30639_9c362687,a8a4c11ebcc1dde2,diagnostic,30639_9c362687-diagnostic-5,master,baseline_v7,360,0.4730617608409987,0.1039738656560168,0.08387086042951522,0.08171587719081004,0.1956177457339751,0.14636354527675505,0.007980078999992202,0,0,
30639_9c362687,a8a4c11ebcc1dde2,diagnostic,30639_9c362687-diagnostic-5,master,h03,360,0.4730617608409987,0.1039738656560168,0.08387086042951522,0.08171587719081004,0.1956177457339751,0.14636354527675505,0.007980078999992202,0,0,
30639_9c362687,a8a4c11ebcc1dde2,diagnostic,30639_9c362687-diagnostic-5,master,h06,360,0.4730617608409987,0.1039738656560168,0.08387086042951522,0.08171587719081004,0.1956177457339751,0.14636354527675505,0.007980078999992202,0,0,
30639_9c362687,a8a4c11ebcc1dde2,diagnostic,30639_9c362687-diagnostic-5,rover,baseline_v7,360,0.4730617608409987,0.4321191277906272,0.1548723005109921,0.15378254385747667,0.22295144402680825,0.15372550090025616,0.007980078999992202,0,0,
30639_9c362687,a8a4c11ebcc1dde2,diagnostic,30639_9c362687-diagnostic-5,rover,h03,360,0.4730617608409987,0.4321191277906272,0.1548723005109921,0.15378254385747667,0.22295144402680825,0.15372550090025616,0.007980078999992202,0,0,
30639_9c362687,a8a4c11ebcc1dde2,diagnostic,30639_9c362687-diagnostic-5,rover,h06,360,0.4730617608409987,0.4321191277906272,0.1548723005109921,0.15378254385747667,0.22295144402680825,0.15372550090025616,0.007980078999992202,0,0,
30639_9c362687,a8a4c11ebcc1dde2,diagnostic,30639_9c362687-diagnostic-6,master,baseline_v7,360,0.4730617608409987,0.05057963829866678,0.04146138761371094,0.031615623796055155,0.09735180545508491,0.05216229375601009,0.007980078999992202,0,0,
30639_9c362687,a8a4c11ebcc1dde2,diagnostic,30639_9c362687-diagnostic-6,master,h03,360,0.4730617608409987,0.05057963829866678,0.04146138761371094,0.031615623796055155,0.09735180545508491,0.05216229375601009,0.007980078999992202,0,0,
30639_9c362687,a8a4c11ebcc1dde2,diagnostic,30639_9c362687-diagnostic-6,master,h06,360,0.4730617608409987,0.05057963829866678,0.04146138761371094,0.031615623796055155,0.09735180545508491,0.05216229375601009,0.007980078999992202,0,0,
30639_9c362687,a8a4c11ebcc1dde2,diagnostic,30639_9c362687-diagnostic-6,rover,baseline_v7,360,0.4730617608409987,0.42147919536045564,0.11050013332522976,0.10368229046272176,0.15003092059516662,0.05531023631794711,0.007980078999992202,0,0,
30639_9c362687,a8a4c11ebcc1dde2,diagnostic,30639_9c362687-diagnostic-6,rover,h03,360,0.4730617608409987,0.42147919536045564,0.11050013332522976,0.10368229046272176,0.15003092059516662,0.05531023631794711,0.007980078999992202,0,0,
30639_9c362687,a8a4c11ebcc1dde2,diagnostic,30639_9c362687-diagnostic-6,rover,h06,360,0.4730617608409987,0.42147919536045564,0.11050013332522976,0.10368229046272176,0.15003092059516662,0.05531023631794711,0.007980078999992202,0,0,
30639_9c362687,a8a4c11ebcc1dde2,diagnostic,30639_9c362687-diagnostic-7,master,baseline_v7,360,0.4730617608409987,0.1039738656560168,0.08387086042951522,0.08171587719081004,0.1956177457339751,0.14636354527675505,0.007980078999992202,0,0,
30639_9c362687,a8a4c11ebcc1dde2,diagnostic,30639_9c362687-diagnostic-7,master,h03,360,0.4730617608409987,0.1039738656560168,0.08387086042951522,0.08171587719081004,0.1956177457339751,0.14636354527675505,0.007980078999992202,0,0,
30639_9c362687,a8a4c11ebcc1dde2,diagnostic,30639_9c362687-diagnostic-7,master,h06,360,0.4730617608409987,0.1039738656560168,0.08387086042951522,0.08171587719081004,0.1956177457339751,0.14636354527675505,0.007980078999992202,0,0,
30639_9c362687,a8a4c11ebcc1dde2,diagnostic,30639_9c362687-diagnostic-7,rover,baseline_v7,360,0.4730617608409987,0.4321191277906272,0.1548723005109921,0.15378254385747667,0.22295144402680825,0.15372550090025616,0.007980078999992202,0,0,
30639_9c362687,a8a4c11ebcc1dde2,diagnostic,30639_9c362687-diagnostic-7,rover,h03,360,0.4730617608409987,0.4321191277906272,0.1548723005109921,0.15378254385747667,0.22295144402680825,0.15372550090025616,0.007980078999992202,0,0,
30639_9c362687,a8a4c11ebcc1dde2,diagnostic,30639_9c362687-diagnostic-7,rover,h06,360,0.4730617608409987,0.4321191277906272,0.1548723005109921,0.15378254385747667,0.22295144402680825,0.15372550090025616,0.007980078999992202,0,0,
30639_c31df386,70bb14d1c90f301f,diagnostic,30639_c31df386-diagnostic-0,master,baseline_v7,339,0.44605263157894737,0.09842395550784158,0.09034562569843649,0.011530720686117856,0.14917132212346285,0.09599167552065989,0.04167189599999688,0,0,
30639_c31df386,70bb14d1c90f301f,diagnostic,30639_c31df386-diagnostic-0,master,h03,339,0.44605263157894737,0.0982542151679225,0.08976400986232015,0.009886608988503338,0.15085845629314856,0.0976473267255231,0.04167189599999688,0,0,
30639_c31df386,70bb14d1c90f301f,diagnostic,30639_c31df386-diagnostic-0,master,h06,339,0.44605263157894737,0.09842395550784158,0.09034562569843649,0.011530720686117856,0.14917132212346285,0.09599167552065989,0.04167189599999688,0,0,
30639_c31df386,70bb14d1c90f301f,diagnostic,30639_c31df386-diagnostic-0,rover,baseline_v7,360,0.47368421052631576,0.0979716379800471,0.08991518784780178,0.015233638683896695,0.14979488433314678,0.09644750837106053,0.04167189599999688,0,0,
30639_c31df386,70bb14d1c90f301f,diagnostic,30639_c31df386-diagnostic-0,rover,h03,360,0.47368421052631576,0.09767135342825677,0.08936749959969005,0.013685433499540848,0.149613523152392,0.09811837536216805,0.04167189599999688,0,0,
30639_c31df386,70bb14d1c90f301f,diagnostic,30639_c31df386-diagnostic-0,rover,h06,360,0.47368421052631576,0.0979716379800471,0.08991518784780178,0.015233638683896695,0.14979488433314678,0.09644750837106053,0.04167189599999688,0,0,
30639_c31df386,70bb14d1c90f301f,diagnostic,30639_c31df386-diagnostic-1,master,baseline_v7,339,0.44605263157894737,0.1800319802038872,0.1540474286162468,0.15355845157518028,0.31682725152374946,0.23908913805296775,0.04167189599999688,0,0,
30639_c31df386,70bb14d1c90f301f,diagnostic,30639_c31df386-diagnostic-1,master,h03,339,0.44605263157894737,0.17935930198221547,0.15389923694013483,0.1534102598990683,0.3165607706879941,0.2378660896990113,0.04167189599999688,0,0,
30639_c31df386,70bb14d1c90f301f,diagnostic,30639_c31df386-diagnostic-1,master,h06,339,0.44605263157894737,0.1800319802038872,0.1540474286162468,0.15355845157518028,0.31682725152374946,0.23908913805296775,0.04167189599999688,0,0,
30639_c31df386,70bb14d1c90f301f,diagnostic,30639_c31df386-diagnostic-1,rover,baseline_v7,360,0.47368421052631576,0.17575018444139803,0.14966200938769492,0.14897641853141394,0.31677436284298877,0.23876468065248543,0.04167189599999688,0,0,
30639_c31df386,70bb14d1c90f301f,diagnostic,30639_c31df386-diagnostic-1,rover,h03,360,0.47368421052631576,0.17509123093131257,0.14952246233192945,0.14883687147564845,0.31677436284298877,0.23754947189976872,0.04167189599999688,0,0,
30639_c31df386,70bb14d1c90f301f,diagnostic,30639_c31df386-diagnostic-1,rover,h06,360,0.47368421052631576,0.17575018444139803,0.14966200938769492,0.14897641853141394,0.31677436284298877,0.23876468065248543,0.04167189599999688,0,0,
30639_c31df386,70bb14d1c90f301f,diagnostic,30639_c31df386-diagnostic-2,master,baseline_v7,339,0.44605263157894737,0.09842395550784158,0.09034562569843649,0.011530720686117856,0.14917132212346285,0.09599167552065989,0.04167189599999688,0,0,
30639_c31df386,70bb14d1c90f301f,diagnostic,30639_c31df386-diagnostic-2,master,h03,339,0.44605263157894737,0.09825714162457061,0.08976463436572714,0.009883673451618356,0.15085845629314856,0.09765457100542355,0.04167189599999688,0,0,
30639_c31df386,70bb14d1c90f301f,diagnostic,30639_c31df386-diagnostic-2,master,h06,339,0.44605263157894737,0.09842395550784158,0.09034562569843649,0.011530720686117856,0.14917132212346285,0.09599167552065989,0.04167189599999688,0,0,
30639_c31df386,70bb14d1c90f301f,diagnostic,30639_c31df386-diagnostic-2,rover,baseline_v7,360,0.47368421052631576,0.0979716379800471,0.08991518784780178,0.015233638683896695,0.14979488433314678,0.09644750837106053,0.04167189599999688,0,0,
30639_c31df386,70bb14d1c90f301f,diagnostic,30639_c31df386-diagnostic-2,rover,h03,360,0.47368421052631576,0.09767407477184542,0.08936808767372498,0.01368266920230083,0.14961338392868992,0.0981256617557499,0.04167189599999688,0,0,
30639_c31df386,70bb14d1c90f301f,diagnostic,30639_c31df386-diagnostic-2,rover,h06,360,0.47368421052631576,0.0979716379800471,0.08991518784780178,0.015233638683896695,0.14979488433314678,0.09644750837106053,0.04167189599999688,0,0,
30639_c31df386,70bb14d1c90f301f,diagnostic,30639_c31df386-diagnostic-3,master,baseline_v7,339,0.44605263157894737,0.1800319802038872,0.1540474286162468,0.15355845157518028,0.31682725152374946,0.23908913805296775,0.04167189599999688,0,0,
30639_c31df386,70bb14d1c90f301f,diagnostic,30639_c31df386-diagnostic-3,master,h03,339,0.44605263157894737,0.17936236148435694,0.1539021725103637,0.1534131954692972,0.3165607706879941,0.2378694632941882,0.04167189599999688,0,0,
30639_c31df386,70bb14d1c90f301f,diagnostic,30639_c31df386-diagnostic-3,master,h06,339,0.44605263157894737,0.1800319802038872,0.1540474286162468,0.15355845157518028,0.31682725152374946,0.23908913805296775,0.04167189599999688,0,0,
30639_c31df386,70bb14d1c90f301f,diagnostic,30639_c31df386-diagnostic-3,rover,baseline_v7,360,0.47368421052631576,0.17575018444139803,0.14966200938769492,0.14897641853141394,0.31677436284298877,0.23876468065248543,0.04167189599999688,0,0,
30639_c31df386,70bb14d1c90f301f,diagnostic,30639_c31df386-diagnostic-3,rover,h03,360,0.47368421052631576,0.1750942106014667,0.14952522666056786,0.14883963580428686,0.31677436284298877,0.2375528182309261,0.04167189599999688,0,0,
30639_c31df386,70bb14d1c90f301f,diagnostic,30639_c31df386-diagnostic-3,rover,h06,360,0.47368421052631576,0.17575018444139803,0.14966200938769492,0.14897641853141394,0.31677436284298877,0.23876468065248543,0.04167189599999688,0,0,
30639_c31df386,70bb14d1c90f301f,diagnostic,30639_c31df386-diagnostic-4,master,baseline_v7,339,0.44605263157894737,0.08570861574396171,0.07430634274930253,0.055386217873285404,0.13985019065341617,0.059892037289104576,0.04167189599999688,0,0,
30639_c31df386,70bb14d1c90f301f,diagnostic,30639_c31df386-diagnostic-4,master,h03,339,0.44605263157894737,0.08570861574396171,0.07430634274930253,0.055386217873285404,0.13985019065341617,0.059892037289104576,0.04167189599999688,0,0,
30639_c31df386,70bb14d1c90f301f,diagnostic,30639_c31df386-diagnostic-4,master,h06,339,0.44605263157894737,0.08570861574396171,0.07430634274930253,0.055386217873285404,0.13985019065341617,0.059892037289104576,0.04167189599999688,0,0,
30639_c31df386,70bb14d1c90f301f,diagnostic,30639_c31df386-diagnostic-4,rover,baseline_v7,360,0.47368421052631576,0.08599581250100544,0.07477618238858355,0.056530898582643985,0.14529511643391899,0.06027464856494611,0.04167189599999688,0,0,
30639_c31df386,70bb14d1c90f301f,diagnostic,30639_c31df386-diagnostic-4,rover,h03,360,0.47368421052631576,0.08599581250100544,0.07477618238858355,0.056530898582643985,0.14529511643391899,0.06027464856494611,0.04167189599999688,0,0,
30639_c31df386,70bb14d1c90f301f,diagnostic,30639_c31df386-diagnostic-4,rover,h06,360,0.47368421052631576,0.08599581250100544,0.07477618238858355,0.056530898582643985,0.14529511643391899,0.06027464856494611,0.04167189599999688,0,0,
30639_c31df386,70bb14d1c90f301f,diagnostic,30639_c31df386-diagnostic-5,master,baseline_v7,339,0.44605263157894737,0.11803238579263131,0.10869351095138852,0.10861667925886181,0.19799052768599024,0.1339681525409475,0.04167189599999688,0,0,
30639_c31df386,70bb14d1c90f301f,diagnostic,30639_c31df386-diagnostic-5,master,h03,339,0.44605263157894737,0.11803238579263131,0.10869351095138852,0.10861667925886181,0.19799052768599024,0.1339681525409475,0.04167189599999688,0,0,
30639_c31df386,70bb14d1c90f301f,diagnostic,30639_c31df386-diagnostic-5,master,h06,339,0.44605263157894737,0.11803238579263131,0.10869351095138852,0.10861667925886181,0.19799052768599024,0.1339681525409475,0.04167189599999688,0,0,
30639_c31df386,70bb14d1c90f301f,diagnostic,30639_c31df386-diagnostic-5,rover,baseline_v7,360,0.47368421052631576,0.11626634957236057,0.10676748840745083,0.10665624967476599,0.19460569493111898,0.13358342597338432,0.04167189599999688,0,0,
30639_c31df386,70bb14d1c90f301f,diagnostic,30639_c31df386-diagnostic-5,rover,h03,360,0.47368421052631576,0.11626634957236057,0.10676748840745083,0.10665624967476599,0.19460569493111898,0.13358342597338432,0.04167189599999688,0,0,
30639_c31df386,70bb14d1c90f301f,diagnostic,30639_c31df386-diagnostic-5,rover,h06,360,0.47368421052631576,0.11626634957236057,0.10676748840745083,0.10665624967476599,0.19460569493111898,0.13358342597338432,0.04167189599999688,0,0,
30639_c31df386,70bb14d1c90f301f,diagnostic,30639_c31df386-diagnostic-6,master,baseline_v7,339,0.44605263157894737,0.08570861574396171,0.07430634274930253,0.055386217873285404,0.13985019065341617,0.059892037289104576,0.04167189599999688,0,0,
30639_c31df386,70bb14d1c90f301f,diagnostic,30639_c31df386-diagnostic-6,master,h03,339,0.44605263157894737,0.08570861574396171,0.07430634274930253,0.055386217873285404,0.13985019065341617,0.059892037289104576,0.04167189599999688,0,0,
30639_c31df386,70bb14d1c90f301f,diagnostic,30639_c31df386-diagnostic-6,master,h06,339,0.44605263157894737,0.08570861574396171,0.07430634274930253,0.055386217873285404,0.13985019065341617,0.059892037289104576,0.04167189599999688,0,0,
30639_c31df386,70bb14d1c90f301f,diagnostic,30639_c31df386-diagnostic-6,rover,baseline_v7,360,0.47368421052631576,0.08599581250100544,0.07477618238858355,0.056530898582643985,0.14529511643391899,0.06027464856494611,0.04167189599999688,0,0,
30639_c31df386,70bb14d1c90f301f,diagnostic,30639_c31df386-diagnostic-6,rover,h03,360,0.47368421052631576,0.08599581250100544,0.07477618238858355,0.056530898582643985,0.14529511643391899,0.06027464856494611,0.04167189599999688,0,0,
30639_c31df386,70bb14d1c90f301f,diagnostic,30639_c31df386-diagnostic-6,rover,h06,360,0.47368421052631576,0.08599581250100544,0.07477618238858355,0.056530898582643985,0.14529511643391899,0.06027464856494611,0.04167189599999688,0,0,
30639_c31df386,70bb14d1c90f301f,diagnostic,30639_c31df386-diagnostic-7,master,baseline_v7,339,0.44605263157894737,0.11803238579263131,0.10869351095138852,0.10861667925886181,0.19799052768599024,0.1339681525409475,0.04167189599999688,0,0,
30639_c31df386,70bb14d1c90f301f,diagnostic,30639_c31df386-diagnostic-7,master,h03,339,0.44605263157894737,0.11803238579263131,0.10869351095138852,0.10861667925886181,0.19799052768599024,0.1339681525409475,0.04167189599999688,0,0,
30639_c31df386,70bb14d1c90f301f,diagnostic,30639_c31df386-diagnostic-7,master,h06,339,0.44605263157894737,0.11803238579263131,0.10869351095138852,0.10861667925886181,0.19799052768599024,0.1339681525409475,0.04167189599999688,0,0,
30639_c31df386,70bb14d1c90f301f,diagnostic,30639_c31df386-diagnostic-7,rover,baseline_v7,360,0.47368421052631576,0.11626634957236057,0.10676748840745083,0.10665624967476599,0.19460569493111898,0.13358342597338432,0.04167189599999688,0,0,
30639_c31df386,70bb14d1c90f301f,diagnostic,30639_c31df386-diagnostic-7,rover,h03,360,0.47368421052631576,0.11626634957236057,0.10676748840745083,0.10665624967476599,0.19460569493111898,0.13358342597338432,0.04167189599999688,0,0,
30639_c31df386,70bb14d1c90f301f,diagnostic,30639_c31df386-diagnostic-7,rover,h06,360,0.47368421052631576,0.11626634957236057,0.10676748840745083,0.10665624967476599,0.19460569493111898,0.13358342597338432,0.04167189599999688,0,0,
30639_dce52be4,70bb14d1c90f301f,diagnostic,30639_dce52be4-diagnostic-0,master,baseline_v7,360,0.47368421052631576,0.08067449798181993,0.060728609065648045,-0.040125118988107104,0.17163660102204065,0.11179632318327558,0.014843622999990203,0,0,
30639_dce52be4,70bb14d1c90f301f,diagnostic,30639_dce52be4-diagnostic-0,master,h03,360,0.47368421052631576,0.08067449798181993,0.060728609065648045,-0.040125118988107104,0.17163660102204065,0.11179632318327558,0.014843622999990203,0,0,
30639_dce52be4,70bb14d1c90f301f,diagnostic,30639_dce52be4-diagnostic-0,master,h06,360,0.47368421052631576,0.08067449798181993,0.060728609065648045,-0.040125118988107104,0.17163660102204065,0.11179632318327558,0.014843622999990203,0,0,
30639_dce52be4,70bb14d1c90f301f,diagnostic,30639_dce52be4-diagnostic-0,rover,baseline_v7,360,0.47368421052631576,0.08651755487355939,0.0636824475331341,-0.043141785654773765,0.18240020227330656,0.12112854176458011,0.014843622999990203,0,0,
30639_dce52be4,70bb14d1c90f301f,diagnostic,30639_dce52be4-diagnostic-0,rover,h03,360,0.47368421052631576,0.08651755487355939,0.0636824475331341,-0.043141785654773765,0.18240020227330656,0.12112854176458011,0.014843622999990203,0,0,
30639_dce52be4,70bb14d1c90f301f,diagnostic,30639_dce52be4-diagnostic-0,rover,h06,360,0.47368421052631576,0.08651755487355939,0.0636824475331341,-0.043141785654773765,0.18240020227330656,0.12112854176458011,0.014843622999990203,0,0,
30639_dce52be4,70bb14d1c90f301f,diagnostic,30639_dce52be4-diagnostic-1,master,baseline_v7,360,0.47368421052631576,0.15549075939322782,0.1114657619638002,0.09258587542719635,0.29758948713996847,0.22823584026023766,0.06484362299998736,0,0,
30639_dce52be4,70bb14d1c90f301f,diagnostic,30639_dce52be4-diagnostic-1,master,h03,360,0.47368421052631576,0.15549075939322782,0.1114657619638002,0.09258587542719635,0.29758948713996847,0.22823584026023766,0.06484362299998736,0,0,
30639_dce52be4,70bb14d1c90f301f,diagnostic,30639_dce52be4-diagnostic-1,master,h06,360,0.47368421052631576,0.15549075939322782,0.1114657619638002,0.09258587542719635,0.29758948713996847,0.22823584026023766,0.06484362299998736,0,0,
30639_dce52be4,70bb14d1c90f301f,diagnostic,30639_dce52be4-diagnostic-1,rover,baseline_v7,360,0.47368421052631576,0.1511932861100364,0.10894431632859067,0.08956920876052964,0.29246935054053735,0.22109714937318542,0.06484362299998736,0,0,
30639_dce52be4,70bb14d1c90f301f,diagnostic,30639_dce52be4-diagnostic-1,rover,h03,360,0.47368421052631576,0.1511932861100364,0.10894431632859067,0.08956920876052964,0.29246935054053735,0.22109714937318542,0.06484362299998736,0,0,
30639_dce52be4,70bb14d1c90f301f,diagnostic,30639_dce52be4-diagnostic-1,rover,h06,360,0.47368421052631576,0.1511932861100364,0.10894431632859067,0.08956920876052964,0.29246935054053735,0.22109714937318542,0.06484362299998736,0,0,
30639_dce52be4,70bb14d1c90f301f,diagnostic,30639_dce52be4-diagnostic-2,master,baseline_v7,360,0.47368421052631576,0.08067449798181993,0.060728609065648045,-0.040125118988107104,0.17163660102204065,0.11179632318327558,0.014843622999990203,0,0,
30639_dce52be4,70bb14d1c90f301f,diagnostic,30639_dce52be4-diagnostic-2,master,h03,360,0.47368421052631576,0.08067449798181993,0.060728609065648045,-0.040125118988107104,0.17163660102204065,0.11179632318327558,0.014843622999990203,0,0,
30639_dce52be4,70bb14d1c90f301f,diagnostic,30639_dce52be4-diagnostic-2,master,h06,360,0.47368421052631576,0.08067449798181993,0.060728609065648045,-0.040125118988107104,0.17163660102204065,0.11179632318327558,0.014843622999990203,0,0,
30639_dce52be4,70bb14d1c90f301f,diagnostic,30639_dce52be4-diagnostic-2,rover,baseline_v7,360,0.47368421052631576,0.08651755487355939,0.0636824475331341,-0.043141785654773765,0.18240020227330656,0.12112854176458011,0.014843622999990203,0,0,
30639_dce52be4,70bb14d1c90f301f,diagnostic,30639_dce52be4-diagnostic-2,rover,h03,360,0.47368421052631576,0.08651755487355939,0.0636824475331341,-0.043141785654773765,0.18240020227330656,0.12112854176458011,0.014843622999990203,0,0,
30639_dce52be4,70bb14d1c90f301f,diagnostic,30639_dce52be4-diagnostic-2,rover,h06,360,0.47368421052631576,0.08651755487355939,0.0636824475331341,-0.043141785654773765,0.18240020227330656,0.12112854176458011,0.014843622999990203,0,0,
30639_dce52be4,70bb14d1c90f301f,diagnostic,30639_dce52be4-diagnostic-3,master,baseline_v7,360,0.47368421052631576,0.15549075939322785,0.1114657619638002,0.09258587542719635,0.29758948713996847,0.22823584026023766,0.06484362299998736,0,0,
30639_dce52be4,70bb14d1c90f301f,diagnostic,30639_dce52be4-diagnostic-3,master,h03,360,0.47368421052631576,0.15549075939322785,0.1114657619638002,0.09258587542719635,0.29758948713996847,0.22823584026023766,0.06484362299998736,0,0,
30639_dce52be4,70bb14d1c90f301f,diagnostic,30639_dce52be4-diagnostic-3,master,h06,360,0.47368421052631576,0.15549075939322785,0.1114657619638002,0.09258587542719635,0.29758948713996847,0.22823584026023766,0.06484362299998736,0,0,
30639_dce52be4,70bb14d1c90f301f,diagnostic,30639_dce52be4-diagnostic-3,rover,baseline_v7,360,0.47368421052631576,0.1511932861100364,0.10894431632859067,0.08956920876052966,0.29246935054053735,0.22109714937318542,0.06484362299998736,0,0,
30639_dce52be4,70bb14d1c90f301f,diagnostic,30639_dce52be4-diagnostic-3,rover,h03,360,0.47368421052631576,0.1511932861100364,0.10894431632859067,0.08956920876052966,0.29246935054053735,0.22109714937318542,0.06484362299998736,0,0,
30639_dce52be4,70bb14d1c90f301f,diagnostic,30639_dce52be4-diagnostic-3,rover,h06,360,0.47368421052631576,0.1511932861100364,0.10894431632859067,0.08956920876052966,0.29246935054053735,0.22109714937318542,0.06484362299998736,0,0,
30639_dce52be4,70bb14d1c90f301f,diagnostic,30639_dce52be4-diagnostic-4,master,baseline_v7,360,0.47368421052631576,0.046628211671046506,0.03634996934467859,0.0007793904585256023,0.09373697891508796,0.054375881633700336,0.014843622999990203,0,0,
30639_dce52be4,70bb14d1c90f301f,diagnostic,30639_dce52be4-diagnostic-4,master,h03,360,0.47368421052631576,0.046462018276288486,0.0359204376081114,0.0011964173104209658,0.09387018614572855,0.05419666737545667,0.014843622999990203,0,0,
30639_dce52be4,70bb14d1c90f301f,diagnostic,30639_dce52be4-diagnostic-4,master,h06,360,0.47368421052631576,0.046628211671046506,0.03634996934467859,0.0007793904585256023,0.09373697891508796,0.054375881633700336,0.014843622999990203,0,0,
30639_dce52be4,70bb14d1c90f301f,diagnostic,30639_dce52be4-diagnostic-4,rover,baseline_v7,360,0.47368421052631576,0.04884914190030271,0.03743251186387479,-0.0022372762081410624,0.09921435390538058,0.057397741963806606,0.014843622999990203,0,0,
30639_dce52be4,70bb14d1c90f301f,diagnostic,30639_dce52be4-diagnostic-4,rover,h03,360,0.47368421052631576,0.04869017991819209,0.03712061965159496,-0.0018202493562456993,0.09920111222920361,0.05709322050944658,0.014843622999990203,0,0,
30639_dce52be4,70bb14d1c90f301f,diagnostic,30639_dce52be4-diagnostic-4,rover,h06,360,0.47368421052631576,0.04884914190030271,0.03743251186387479,-0.0022372762081410624,0.09921435390538058,0.057397741963806606,0.014843622999990203,0,0,
30639_dce52be4,70bb14d1c90f301f,diagnostic,30639_dce52be4-diagnostic-5,master,baseline_v7,360,0.47368421052631576,0.09254537084080014,0.07008038607752452,0.051681871942695065,0.18213096819582125,0.13214855594824254,0.014843622999990203,0,0,
30639_dce52be4,70bb14d1c90f301f,diagnostic,30639_dce52be4-diagnostic-5,master,h03,360,0.47368421052631576,0.09254537084080014,0.07008038607752452,0.051681871942695065,0.18213096819582125,0.13214855594824254,0.014843622999990203,0,0,
30639_dce52be4,70bb14d1c90f301f,diagnostic,30639_dce52be4-diagnostic-5,master,h06,360,0.47368421052631576,0.09254537084080014,0.07008038607752452,0.051681871942695065,0.18213096819582125,0.13214855594824254,0.014843622999990203,0,0,
30639_dce52be4,70bb14d1c90f301f,diagnostic,30639_dce52be4-diagnostic-5,rover,baseline_v7,360,0.47368421052631576,0.08950673199001738,0.06747470845222157,0.048665205276028405,0.18145640518054815,0.12685162386035925,0.014843622999990203,0,0,
30639_dce52be4,70bb14d1c90f301f,diagnostic,30639_dce52be4-diagnostic-5,rover,h03,360,0.47368421052631576,0.08950673199001738,0.06747470845222157,0.048665205276028405,0.18145640518054815,0.12685162386035925,0.014843622999990203,0,0,
30639_dce52be4,70bb14d1c90f301f,diagnostic,30639_dce52be4-diagnostic-5,rover,h06,360,0.47368421052631576,0.08950673199001738,0.06747470845222157,0.048665205276028405,0.18145640518054815,0.12685162386035925,0.014843622999990203,0,0,
30639_dce52be4,70bb14d1c90f301f,diagnostic,30639_dce52be4-diagnostic-6,master,baseline_v7,360,0.47368421052631576,0.046628211671046506,0.03634996934467859,0.0007793904585256023,0.09373697891508796,0.054375881633700336,0.014843622999990203,0,0,
30639_dce52be4,70bb14d1c90f301f,diagnostic,30639_dce52be4-diagnostic-6,master,h03,360,0.47368421052631576,0.04645692868050398,0.03591122171409404,0.0011669489899608031,0.09387018614572855,0.05418993706752386,0.014843622999990203,0,0,
30639_dce52be4,70bb14d1c90f301f,diagnostic,30639_dce52be4-diagnostic-6,master,h06,360,0.47368421052631576,0.046628211671046506,0.03634996934467859,0.0007793904585256023,0.09373697891508796,0.054375881633700336,0.014843622999990203,0,0,
30639_dce52be4,70bb14d1c90f301f,diagnostic,30639_dce52be4-diagnostic-6,rover,baseline_v7,360,0.47368421052631576,0.04884914190030271,0.03743251186387479,-0.0022372762081410624,0.09921435390538058,0.057397741963806606,0.014843622999990203,0,0,
30639_dce52be4,70bb14d1c90f301f,diagnostic,30639_dce52be4-diagnostic-6,rover,h03,360,0.47368421052631576,0.048688821819959746,0.03711498866450218,-0.0018497176767058618,0.09918308222045084,0.05709428614256537,0.014843622999990203,0,0,
30639_dce52be4,70bb14d1c90f301f,diagnostic,30639_dce52be4-diagnostic-6,rover,h06,360,0.47368421052631576,0.04884914190030271,0.03743251186387479,-0.0022372762081410624,0.09921435390538058,0.057397741963806606,0.014843622999990203,0,0,
30639_dce52be4,70bb14d1c90f301f,diagnostic,30639_dce52be4-diagnostic-7,master,baseline_v7,360,0.47368421052631576,0.09254537084080014,0.07008038607752454,0.051681871942695086,0.18213096819582125,0.13214855594824257,0.014843622999990203,0,0,
30639_dce52be4,70bb14d1c90f301f,diagnostic,30639_dce52be4-diagnostic-7,master,h03,360,0.47368421052631576,0.09254537084080014,0.07008038607752454,0.051681871942695086,0.18213096819582125,0.13214855594824257,0.014843622999990203,0,0,
30639_dce52be4,70bb14d1c90f301f,diagnostic,30639_dce52be4-diagnostic-7,master,h06,360,0.47368421052631576,0.09254537084080014,0.07008038607752454,0.051681871942695086,0.18213096819582125,0.13214855594824257,0.014843622999990203,0,0,
30639_dce52be4,70bb14d1c90f301f,diagnostic,30639_dce52be4-diagnostic-7,rover,baseline_v7,360,0.47368421052631576,0.08950673199001738,0.06747470845222157,0.04866520527602842,0.18145640518054815,0.12685162386035928,0.014843622999990203,0,0,
30639_dce52be4,70bb14d1c90f301f,diagnostic,30639_dce52be4-diagnostic-7,rover,h03,360,0.47368421052631576,0.08950673199001738,0.06747470845222157,0.04866520527602842,0.18145640518054815,0.12685162386035928,0.014843622999990203,0,0,
30639_dce52be4,70bb14d1c90f301f,diagnostic,30639_dce52be4-diagnostic-7,rover,h06,360,0.47368421052631576,0.08950673199001738,0.06747470845222157,0.04866520527602842,0.18145640518054815,0.12685162386035928,0.014843622999990203,0,0,
30639_e4379d7f,a0c46036cc19092a,diagnostic,30639_e4379d7f-diagnostic-0,master,baseline_v7,0,0.0,,,,,,,0,0,
30639_e4379d7f,a0c46036cc19092a,diagnostic,30639_e4379d7f-diagnostic-0,master,h03,0,0.0,,,,,,,0,0,
30639_e4379d7f,a0c46036cc19092a,diagnostic,30639_e4379d7f-diagnostic-0,master,h06,0,0.0,,,,,,,0,0,
30639_e4379d7f,a0c46036cc19092a,diagnostic,30639_e4379d7f-diagnostic-0,rover,baseline_v7,138,0.18157894736842106,0.13257293190450858,0.1231279628470108,0.006444190049737416,0.2282483257047911,0.14983254637867102,,0,0,
30639_e4379d7f,a0c46036cc19092a,diagnostic,30639_e4379d7f-diagnostic-0,rover,h03,138,0.18157894736842106,0.13257293190450858,0.1231279628470108,0.006444190049737416,0.2282483257047911,0.14983254637867102,,0,0,
30639_e4379d7f,a0c46036cc19092a,diagnostic,30639_e4379d7f-diagnostic-0,rover,h06,138,0.18157894736842106,0.13257293190450858,0.1231279628470108,0.006444190049737416,0.2282483257047911,0.14983254637867102,,0,0,
30639_e4379d7f,a0c46036cc19092a,diagnostic,30639_e4379d7f-diagnostic-1,master,baseline_v7,0,0.0,,,,,,,0,0,
30639_e4379d7f,a0c46036cc19092a,diagnostic,30639_e4379d7f-diagnostic-1,master,h03,0,0.0,,,,,,,0,0,
30639_e4379d7f,a0c46036cc19092a,diagnostic,30639_e4379d7f-diagnostic-1,master,h06,0,0.0,,,,,,,0,0,
30639_e4379d7f,a0c46036cc19092a,diagnostic,30639_e4379d7f-diagnostic-1,rover,baseline_v7,138,0.18157894736842106,0.16329669613710188,0.14477737520663814,0.14082150841610677,0.2853668150734096,0.20847909735530834,,0,0,
30639_e4379d7f,a0c46036cc19092a,diagnostic,30639_e4379d7f-diagnostic-1,rover,h03,138,0.18157894736842106,0.16329669613710188,0.14477737520663814,0.14082150841610677,0.2853668150734096,0.20847909735530834,,0,0,
30639_e4379d7f,a0c46036cc19092a,diagnostic,30639_e4379d7f-diagnostic-1,rover,h06,138,0.18157894736842106,0.16329669613710188,0.14477737520663814,0.14082150841610677,0.2853668150734096,0.20847909735530834,,0,0,
30639_e4379d7f,a0c46036cc19092a,diagnostic,30639_e4379d7f-diagnostic-2,master,baseline_v7,0,0.0,,,,,,,0,0,
30639_e4379d7f,a0c46036cc19092a,diagnostic,30639_e4379d7f-diagnostic-2,master,h03,0,0.0,,,,,,,0,0,
30639_e4379d7f,a0c46036cc19092a,diagnostic,30639_e4379d7f-diagnostic-2,master,h06,0,0.0,,,,,,,0,0,
30639_e4379d7f,a0c46036cc19092a,diagnostic,30639_e4379d7f-diagnostic-2,rover,baseline_v7,138,0.18157894736842106,0.13257293190450858,0.1231279628470108,0.006444190049737416,0.2282483257047911,0.14983254637867102,,0,0,
30639_e4379d7f,a0c46036cc19092a,diagnostic,30639_e4379d7f-diagnostic-2,rover,h03,138,0.18157894736842106,0.13257293190450858,0.1231279628470108,0.006444190049737416,0.2282483257047911,0.14983254637867102,,0,0,
30639_e4379d7f,a0c46036cc19092a,diagnostic,30639_e4379d7f-diagnostic-2,rover,h06,138,0.18157894736842106,0.13257293190450858,0.1231279628470108,0.006444190049737416,0.2282483257047911,0.14983254637867102,,0,0,
30639_e4379d7f,a0c46036cc19092a,diagnostic,30639_e4379d7f-diagnostic-3,master,baseline_v7,0,0.0,,,,,,,0,0,
30639_e4379d7f,a0c46036cc19092a,diagnostic,30639_e4379d7f-diagnostic-3,master,h03,0,0.0,,,,,,,0,0,
30639_e4379d7f,a0c46036cc19092a,diagnostic,30639_e4379d7f-diagnostic-3,master,h06,0,0.0,,,,,,,0,0,
30639_e4379d7f,a0c46036cc19092a,diagnostic,30639_e4379d7f-diagnostic-3,rover,baseline_v7,138,0.18157894736842106,0.16329669613710182,0.14477737520663808,0.14082150841610672,0.2853668150734096,0.20847909735530823,,0,0,
30639_e4379d7f,a0c46036cc19092a,diagnostic,30639_e4379d7f-diagnostic-3,rover,h03,138,0.18157894736842106,0.16329669613710182,0.14477737520663808,0.14082150841610672,0.2853668150734096,0.20847909735530823,,0,0,
30639_e4379d7f,a0c46036cc19092a,diagnostic,30639_e4379d7f-diagnostic-3,rover,h06,138,0.18157894736842106,0.16329669613710182,0.14477737520663808,0.14082150841610672,0.2853668150734096,0.20847909735530823,,0,0,
30639_e4379d7f,a0c46036cc19092a,diagnostic,30639_e4379d7f-diagnostic-4,master,baseline_v7,0,0.0,,,,,,,0,0,
30639_e4379d7f,a0c46036cc19092a,diagnostic,30639_e4379d7f-diagnostic-4,master,h03,0,0.0,,,,,,,0,0,
30639_e4379d7f,a0c46036cc19092a,diagnostic,30639_e4379d7f-diagnostic-4,master,h06,0,0.0,,,,,,,0,0,
30639_e4379d7f,a0c46036cc19092a,diagnostic,30639_e4379d7f-diagnostic-4,rover,baseline_v7,138,0.18157894736842106,0.0985318117425866,0.08475299221127672,0.047225813937876324,0.17146281454155976,0.07222868117444668,,0,0,
30639_e4379d7f,a0c46036cc19092a,diagnostic,30639_e4379d7f-diagnostic-4,rover,h03,138,0.18157894736842106,0.0985318117425866,0.08475299221127672,0.047225813937876324,0.17146281454155976,0.07222868117444668,,0,0,
30639_e4379d7f,a0c46036cc19092a,diagnostic,30639_e4379d7f-diagnostic-4,rover,h06,138,0.18157894736842106,0.0985318117425866,0.08475299221127672,0.047225813937876324,0.17146281454155976,0.07222868117444668,,0,0,
30639_e4379d7f,a0c46036cc19092a,diagnostic,30639_e4379d7f-diagnostic-5,master,baseline_v7,0,0.0,,,,,,,0,0,
30639_e4379d7f,a0c46036cc19092a,diagnostic,30639_e4379d7f-diagnostic-5,master,h03,0,0.0,,,,,,,0,0,
30639_e4379d7f,a0c46036cc19092a,diagnostic,30639_e4379d7f-diagnostic-5,master,h06,0,0.0,,,,,,,0,0,
30639_e4379d7f,a0c46036cc19092a,diagnostic,30639_e4379d7f-diagnostic-5,rover,baseline_v7,138,0.18157894736842106,0.12014417202067214,0.10925435689168381,0.10003714572424309,0.18895646457670143,0.12669515790212615,,0,0,
30639_e4379d7f,a0c46036cc19092a,diagnostic,30639_e4379d7f-diagnostic-5,rover,h03,138,0.18157894736842106,0.12014417202067214,0.10925435689168381,0.10003714572424309,0.18895646457670143,0.12669515790212615,,0,0,
30639_e4379d7f,a0c46036cc19092a,diagnostic,30639_e4379d7f-diagnostic-5,rover,h06,138,0.18157894736842106,0.12014417202067214,0.10925435689168381,0.10003714572424309,0.18895646457670143,0.12669515790212615,,0,0,
30639_e4379d7f,a0c46036cc19092a,diagnostic,30639_e4379d7f-diagnostic-6,master,baseline_v7,0,0.0,,,,,,,0,0,
30639_e4379d7f,a0c46036cc19092a,diagnostic,30639_e4379d7f-diagnostic-6,master,h03,0,0.0,,,,,,,0,0,
30639_e4379d7f,a0c46036cc19092a,diagnostic,30639_e4379d7f-diagnostic-6,master,h06,0,0.0,,,,,,,0,0,
30639_e4379d7f,a0c46036cc19092a,diagnostic,30639_e4379d7f-diagnostic-6,rover,baseline_v7,138,0.18157894736842106,0.0985318117425866,0.08475299221127672,0.047225813937876324,0.17146281454155976,0.07222868117444668,,0,0,
30639_e4379d7f,a0c46036cc19092a,diagnostic,30639_e4379d7f-diagnostic-6,rover,h03,138,0.18157894736842106,0.0985318117425866,0.08475299221127672,0.047225813937876324,0.17146281454155976,0.07222868117444668,,0,0,
30639_e4379d7f,a0c46036cc19092a,diagnostic,30639_e4379d7f-diagnostic-6,rover,h06,138,0.18157894736842106,0.0985318117425866,0.08475299221127672,0.047225813937876324,0.17146281454155976,0.07222868117444668,,0,0,
30639_e4379d7f,a0c46036cc19092a,diagnostic,30639_e4379d7f-diagnostic-7,master,baseline_v7,0,0.0,,,,,,,0,0,
30639_e4379d7f,a0c46036cc19092a,diagnostic,30639_e4379d7f-diagnostic-7,master,h03,0,0.0,,,,,,,0,0,
30639_e4379d7f,a0c46036cc19092a,diagnostic,30639_e4379d7f-diagnostic-7,master,h06,0,0.0,,,,,,,0,0,
30639_e4379d7f,a0c46036cc19092a,diagnostic,30639_e4379d7f-diagnostic-7,rover,baseline_v7,138,0.18157894736842106,0.12014417202067212,0.10925435689168381,0.10003714572424308,0.18895646457670143,0.12669515790212615,,0,0,
30639_e4379d7f,a0c46036cc19092a,diagnostic,30639_e4379d7f-diagnostic-7,rover,h03,138,0.18157894736842106,0.12014417202067212,0.10925435689168381,0.10003714572424308,0.18895646457670143,0.12669515790212615,,0,0,
30639_e4379d7f,a0c46036cc19092a,diagnostic,30639_e4379d7f-diagnostic-7,rover,h06,138,0.18157894736842106,0.12014417202067212,0.10925435689168381,0.10003714572424308,0.18895646457670143,0.12669515790212615,,0,0,
