t,v,s,pvv,pvd,pdd,active,added,gain,d,mode,front_status,rear_status,front_t,rear_t
136.906544646,0.0,0.0,1.0,0.0,0.0,False,0.0,0.0,0.0,WAITING_FOR_INITIALIZATION,MISSING_OR_STALE,MISSING_OR_STALE,,
136.956544646,0.0,0.0,1.0,0.0,0.0,False,0.0,0.0,0.0,WAITING_FOR_INITIALIZATION,MISSING_OR_STALE,MISSING_OR_STALE,,
137.00654464599998,0.0,0.0,0.010000000000000002,0.0,0.0,False,0.0,0.0,0.0,INITIALIZED,ACCEPTED,ACCEPTED,136.907938639,136.907938639
137.056544646,0.0,0.0,0.006000000000000183,0.0,0.0,False,0.0,0.6000000000000182,0.0,FUSED,ACCEPTED,ACCEPTED,137.011915238,137.011915238
137.10654464599997,0.0,0.0,0.010999999999998478,0.0,0.0,False,0.0,0.0,0.0,MODEL_ONLY,DUPLICATE_OR_OLD,DUPLICATE_OR_OLD,137.011915238,137.011915238
137.156544646,0.0,0.0,0.015999999999999615,0.0,0.0,False,0.0,0.0,0.0,MODEL_ONLY,DUPLICATE_OR_OLD,DUPLICATE_OR_OLD,137.011915238,137.011915238
137.206544646,0.0,0.0,0.006774193548387176,0.0,0.0,False,0.0,0.6774193548387175,0.0,FUSED,ACCEPTED,ACCEPTED,137.10988853,137.10988853
137.25654464599998,0.0,0.0,0.005407407407407065,0.0,0.0,False,0.0,0.5407407407407064,0.0,FUSED,ACCEPTED,ACCEPTED,137.215849865,137.215849865
137.306544646,0.0,0.0,0.010407407407408201,0.0,0.0,False,0.0,0.0,0.0,MODEL_ONLY,DUPLICATE_OR_OLD,DUPLICATE_OR_OLD,137.215849865,137.215849865
137.35654464599997,0.0,0.0,0.006064139941690821,0.0,0.0,False,0.0,0.606413994169082,0.0,FUSED,ACCEPTED,ACCEPTED,137.307834177,137.307834177
137.406544646,0.0,0.0,0.011064139941691958,0.0,0.0,False,0.0,0.0,0.0,MODEL_ONLY,DUPLICATE_OR_OLD,DUPLICATE_OR_OLD,137.307834177,137.307834177
137.456544646,0.0,0.0,0.006163310961968995,0.0,0.0,False,0.0,0.6163310961968994,0.0,FUSED,ACCEPTED,ACCEPTED,137.415800764,137.415800764
137.50654464599998,0.0,0.0,0.01116331096196729,0.0,0.0,False,0.0,0.0,0.0,MODEL_ONLY,DUPLICATE_OR_OLD,DUPLICATE_OR_OLD,137.415800764,137.415800764
137.556544646,0.0,0.0,0.01616331096196843,0.0,0.0,False,0.0,0.0,0.0,STOPPED,DUPLICATE_OR_OLD,DUPLICATE_OR_OLD,137.415800764,137.415800764
137.60654464599997,0.0,0.0,0.006791098348887093,0.0,0.0,False,0.0,0.0,0.0,STOPPED,ACCEPTED,ACCEPTED,137.507773736,137.507773736
137.656544646,0.0,0.0,0.01179109834888823,0.0,0.0,False,0.0,0.0,0.0,STOPPED,DUPLICATE_OR_OLD,DUPLICATE_OR_OLD,137.507773736,137.507773736
137.706544646,0.0,0.0,0.006267416934619796,0.0,0.0,False,0.0,0.0,0.0,STOPPED,ACCEPTED,ACCEPTED,137.605905635,137.605905635
137.75654464599998,0.0,0.0,0.01126741693461809,0.0,0.0,False,0.0,0.0,0.0,STOPPED,DUPLICATE_OR_OLD,DUPLICATE_OR_OLD,137.605905635,137.605905635
137.806544646,0.0,0.0,0.0061930021422013275,0.0,0.0,False,0.0,0.0,0.0,STOPPED,ACCEPTED,ACCEPTED,137.707712346,137.707712346
137.85654464599997,0.0,0.0,0.005281461336670209,0.0,0.0,False,0.0,0.0,0.0,STOPPED,ACCEPTED,ACCEPTED,137.841683253,137.841683253
137.906544646,0.0,0.0,0.010281461336671346,0.0,0.0,False,0.0,0.0,0.0,STOPPED,DUPLICATE_OR_OLD,DUPLICATE_OR_OLD,137.841683253,137.841683253
137.956544646,0.0,0.0,0.015281461336672483,0.0,0.0,False,0.0,0.0,0.0,STOPPED,DUPLICATE_OR_OLD,DUPLICATE_OR_OLD,137.841683253,137.841683253
138.00654464599998,0.0,0.0,0.006697649466510382,0.0,0.0,False,0.0,0.0,0.0,STOPPED,ACCEPTED,ACCEPTED,137.907661808,137.907661808
138.056544646,0.0,0.0,0.01169764946651152,0.0,0.0,False,0.0,0.0,0.0,STOPPED,DUPLICATE_OR_OLD,DUPLICATE_OR_OLD,137.907661808,137.907661808
138.10654464599997,0.0,0.0,0.006254351899951251,0.0,0.0,False,0.0,0.0,0.0,STOPPED,ACCEPTED,ACCEPTED,138.0076383,138.0076383
138.156544646,0.0,0.0,0.011254351899952388,0.0,0.0,False,0.0,0.0,0.0,STOPPED,DUPLICATE_OR_OLD,DUPLICATE_OR_OLD,138.0076383,138.0076383
138.206544646,0.0,0.0,0.006191107654035178,0.0,0.0,False,0.0,0.0,0.0,STOPPED,ACCEPTED,ACCEPTED,138.107599729,138.107599729
138.25654464599998,0.0,0.0,0.005281039498614118,0.0,0.0,False,0.0,0.0,0.0,STOPPED,ACCEPTED,ACCEPTED,138.207571428,138.207571428
138.306544646,0.0,0.0,0.010281039498615255,0.0,0.0,False,0.0,0.0,0.0,STOPPED,DUPLICATE_OR_OLD,DUPLICATE_OR_OLD,138.207571428,138.207571428
138.35654464599997,0.0,0.0,0.01528103949861355,0.0,0.0,False,0.0,0.0,0.0,STOPPED,DUPLICATE_OR_OLD,DUPLICATE_OR_OLD,138.207571428,138.207571428
138.406544646,0.0,0.0,0.006697603462239967,0.0,0.0,False,0.0,0.0,0.0,STOPPED,ACCEPTED,ACCEPTED,138.311550461,138.311550461
138.456544646,0.0,0.0,0.0053911960749940275,0.0,0.0,False,0.0,0.0,0.0,STOPPED,ACCEPTED,ACCEPTED,138.407517986,138.407517986
138.50654464599998,0.0,0.0,0.010391196074992323,0.0,0.0,False,0.0,0.0,0.0,STOPPED,DUPLICATE_OR_OLD,DUPLICATE_OR_OLD,138.407517986,138.407517986
138.556544646,0.0,0.0,0.0060616270417254954,0.0,0.0,False,0.0,0.0,0.0,STOPPED,ACCEPTED,ACCEPTED,138.509486385,138.509486385
138.60654464599997,0.0,0.0,0.01106162704172379,0.0,0.0,False,0.0,0.0,0.0,STOPPED,DUPLICATE_OR_OLD,DUPLICATE_OR_OLD,138.509486385,138.509486385
138.656544646,0.0,0.0,0.0061629410228341095,0.0,0.0,False,0.0,0.0,0.0,STOPPED,ACCEPTED,ACCEPTED,138.611463248,138.611463248
138.706544646,0.0,0.0,0.011162941022835247,0.0,0.0,False,0.0,0.0,0.0,STOPPED,DUPLICATE_OR_OLD,DUPLICATE_OR_OLD,138.611463248,138.611463248
138.75654464599998,0.0,0.0,0.006177799739229408,0.0,0.0,False,0.0,0.0,0.0,STOPPED,ACCEPTED,ACCEPTED,138.709434497,138.709434497
138.806544646,0.0,0.0,0.011177799739230545,0.0,0.0,False,0.0,0.0,0.0,STOPPED,DUPLICATE_OR_OLD,DUPLICATE_OR_OLD,138.709434497,138.709434497
138.85654464599997,0.0,0.0,0.01617779973922884,0.0,0.0,False,0.0,0.0,0.0,STOPPED,DUPLICATE_OR_OLD,DUPLICATE_OR_OLD,138.709434497,138.709434497
138.906544646,0.0,0.0,0.006792589572182884,0.0,0.0,False,0.0,0.0,0.0,STOPPED,ACCEPTED,ACCEPTED,138.845387488,138.845387488
138.956544646,0.0,0.0,0.011792589572184022,0.0,0.0,False,0.0,0.0,0.0,STOPPED,DUPLICATE_OR_OLD,DUPLICATE_OR_OLD,138.845387488,138.845387488
139.00654464599998,0.0,0.0,0.006267624682915085,0.0,0.0,False,0.0,0.0,0.0,STOPPED,ACCEPTED,ACCEPTED,138.915368114,138.915368114
139.056544646,0.0,0.0,0.00529801745653676,0.0,0.0,False,0.0,0.0,0.0,STOPPED,ACCEPTED,ACCEPTED,139.007347049,139.007347049
139.10654464599997,0.0,0.0,0.010298017456535056,0.0,0.0,False,0.0,0.0,0.0,STOPPED,DUPLICATE_OR_OLD,DUPLICATE_OR_OLD,139.007347049,139.007347049
139.156544646,0.0,0.0,0.015298017456536193,0.0,0.0,False,0.0,0.0,0.0,STOPPED,DUPLICATE_OR_OLD,DUPLICATE_OR_OLD,139.007347049,139.007347049
139.206544646,0.0,0.0,0.006699454010697218,0.0,0.0,False,0.0,0.0,0.0,STOPPED,ACCEPTED,ACCEPTED,139.123315369,139.123315369
139.25654464599998,0.0,0.0,0.005391589117831689,0.0,0.0,False,0.0,0.0,0.0,STOPPED,ACCEPTED,ACCEPTED,139.211291949,139.211291949
139.306544646,0.0,0.0,0.010391589117832827,0.0,0.0,False,0.0,0.0,0.0,STOPPED,DUPLICATE_OR_OLD,DUPLICATE_OR_OLD,139.211291949,139.211291949
139.35654464599997,0.0,0.0,0.01539158911783112,0.0,0.0,False,0.0,0.0,0.0,STOPPED,DUPLICATE_OR_OLD,DUPLICATE_OR_OLD,139.211291949,139.211291949
139.406544646,0.0,0.0,0.0067096159528780615,0.0,0.0,False,0.0,0.0,0.0,STOPPED,ACCEPTED,ACCEPTED,139.311269976,139.311269976
139.456544646,0.0,0.0,0.011709615952879199,0.0,0.0,False,0.0,0.0,0.0,STOPPED,DUPLICATE_OR_OLD,DUPLICATE_OR_OLD,139.311269976,139.311269976
139.50654464599998,0.0,0.0,0.006256030031415456,0.0,0.0,False,0.0,0.0,0.0,STOPPED,ACCEPTED,ACCEPTED,139.411235916,139.411235916
139.556544646,0.0,0.0,0.005295452638512501,0.0,0.0,False,0.0,0.0,0.0,STOPPED,ACCEPTED,ACCEPTED,139.507218135,139.507218135
139.60654464599997,0.0,0.0,0.010295452638510796,0.0,0.0,False,0.0,0.0,0.0,STOPPED,DUPLICATE_OR_OLD,DUPLICATE_OR_OLD,139.507218135,139.507218135
139.656544646,0.0,0.0,0.006046720276997474,0.0,0.0,False,0.0,0.0,0.0,STOPPED,ACCEPTED,ACCEPTED,139.613179054,139.613179054
139.706544646,0.0,0.0,0.011046720276998611,0.0,0.0,False,0.0,0.0,0.0,STOPPED,DUPLICATE_OR_OLD,DUPLICATE_OR_OLD,139.613179054,139.613179054
139.75654464599998,0.0,0.0,0.006160745040583296,0.0,0.0,False,0.0,0.0,0.0,STOPPED,ACCEPTED,ACCEPTED,139.70715498,139.70715498
139.806544646,0.0,0.0,0.011160745040584433,0.0,0.0,False,0.0,0.0,0.0,STOPPED,DUPLICATE_OR_OLD,DUPLICATE_OR_OLD,139.70715498,139.70715498
139.85654464599997,0.0,0.0,0.006177478896534803,0.0,0.0,False,0.0,0.0,0.0,STOPPED,ACCEPTED,ACCEPTED,139.837119064,139.837119064
139.906544646,0.0,0.0,0.01117747889653594,0.0,0.0,False,0.0,0.0,0.0,STOPPED,DUPLICATE_OR_OLD,DUPLICATE_OR_OLD,139.837119064,139.837119064
139.956544646,0.0,0.0,0.016177478896537076,0.0,0.0,False,0.0,0.0,0.0,STOPPED,DUPLICATE_OR_OLD,DUPLICATE_OR_OLD,139.837119064,139.837119064
140.00654464599998,0.0,0.0,0.006792556565209877,0.0,0.0,False,0.0,0.0,0.0,STOPPED,ACCEPTED,ACCEPTED,139.975088214,139.975088214
140.056544646,0.0,0.0,0.011792556565211014,0.0,0.0,False,0.0,0.0,0.0,STOPPED,DUPLICATE_OR_OLD,DUPLICATE_OR_OLD,139.975088214,139.975088214
140.10654464599997,0.0,0.0,0.006267620084831619,0.0,0.0,False,0.0,0.0,0.0,STOPPED,ACCEPTED,ACCEPTED,140.01306711,140.01306711
140.156544646,0.0,0.0,0.011267620084832756,0.0,0.0,False,0.0,0.0,0.0,STOPPED,DUPLICATE_OR_OLD,DUPLICATE_OR_OLD,140.01306711,140.01306711
140.206544646,0.0,0.0,0.006193031585006939,0.0,0.0,False,0.0,0.0,0.0,STOPPED,ACCEPTED,ACCEPTED,140.10704877,140.10704877
140.25654464599998,0.0,0.0,0.005281467891986096,0.0,0.0,False,0.0,0.0,0.0,STOPPED,ACCEPTED,ACCEPTED,140.207029962,140.207029962
140.306544646,0.0,0.0,0.010281467891987233,0.0,0.0,False,0.0,0.0,0.0,STOPPED,DUPLICATE_OR_OLD,DUPLICATE_OR_OLD,140.207029962,140.207029962
140.35654464599997,0.0,0.0,0.006044533473006883,0.0,0.0,False,0.0,0.0,0.0,STOPPED,ACCEPTED,ACCEPTED,140.310988701,140.310988701
140.406544646,0.0,0.0,0.01104453347300802,0.0,0.0,False,0.0,0.0,0.0,STOPPED,DUPLICATE_OR_OLD,DUPLICATE_OR_OLD,140.310988701,140.310988701
140.456544646,0.0,0.0,0.006160422681265019,0.0,0.0,False,0.0,0.0,0.0,STOPPED,ACCEPTED,ACCEPTED,140.422952586,140.422952586
140.50654464599998,0.0,0.0,0.011160422681263313,0.0,0.0,False,0.0,0.0,0.0,STOPPED,DUPLICATE_OR_OLD,DUPLICATE_OR_OLD,140.422952586,140.422952586
140.556544646,0.0,0.0,0.01616042268126445,0.0,0.0,False,0.0,0.0,0.0,STOPPED,DUPLICATE_OR_OLD,DUPLICATE_OR_OLD,140.422952586,140.422952586
140.60654464599997,0.0,0.0,0.00679080091361753,0.0,0.0,False,0.0,0.0,0.0,STOPPED,ACCEPTED,ACCEPTED,140.510948843,140.510948843
140.656544646,0.0,0.0,0.011790800913618667,0.0,0.0,False,0.0,0.0,0.0,STOPPED,DUPLICATE_OR_OLD,DUPLICATE_OR_OLD,140.510948843,140.510948843
140.706544646,0.0,0.0,0.0062673754949534805,0.0,0.0,False,0.0,0.0,0.0,STOPPED,ACCEPTED,ACCEPTED,140.620902961,140.620902961
140.75654464599998,0.0,0.0,0.00529796236382167,0.0,0.0,False,0.0,0.0,0.0,STOPPED,ACCEPTED,ACCEPTED,140.708875845,140.708875845
140.806544646,0.0,0.0,0.010297962363822806,0.0,0.0,False,0.0,0.0,0.0,STOPPED,DUPLICATE_OR_OLD,DUPLICATE_OR_OLD,140.708875845,140.708875845
140.85654464599997,0.0,0.0,0.0152979623638211,0.0,0.0,False,0.0,0.0,0.0,STOPPED,DUPLICATE_OR_OLD,DUPLICATE_OR_OLD,140.708875845,140.708875845
140.906544646,0.0,0.0,0.006699448009104185,0.0,0.0,False,0.0,0.0,0.0,STOPPED,ACCEPTED,ACCEPTED,140.83884211,140.83884211
140.956544646,0.0,0.0,0.011699448009105322,0.0,0.0,False,0.0,0.0,0.0,STOPPED,DUPLICATE_OR_OLD,DUPLICATE_OR_OLD,140.83884211,140.83884211
141.00654464599998,0.0,0.0,0.006254604216315509,0.0,0.0,False,0.0,0.0,0.0,STOPPED,ACCEPTED,ACCEPTED,140.928814969,140.928814969
141.056544646,0.0,0.0,0.011254604216316647,0.0,0.0,False,0.0,0.0,0.0,STOPPED,DUPLICATE_OR_OLD,DUPLICATE_OR_OLD,140.928814969,140.928814969
141.10654464599997,0.0,0.0,0.006191144258885506,0.0,0.0,False,0.0,0.0,0.0,STOPPED,ACCEPTED,ACCEPTED,141.006801324,141.006801324
141.156544646,0.0,0.0,0.011191144258886643,0.0,0.0,False,0.0,0.0,0.0,STOPPED,DUPLICATE_OR_OLD,DUPLICATE_OR_OLD,141.006801324,141.006801324
141.206544646,0.0,0.0,0.006181915573770104,0.0,0.0,False,0.0,0.0,0.0,STOPPED,ACCEPTED,ACCEPTED,141.106766705,141.106766705
141.25654464599998,0.0,0.0,0.011181915573768398,0.0,0.0,False,0.0,0.0,0.0,STOPPED,DUPLICATE_OR_OLD,DUPLICATE_OR_OLD,141.106766705,141.106766705
141.306544646,0.0,0.0,0.006180569763192369,0.0,0.0,False,0.0,0.0,0.0,STOPPED,ACCEPTED,ACCEPTED,141.220738948,141.220738948
141.35654464599997,0.0,0.0,0.005278691691581017,0.0,0.0,False,0.0,0.0,0.0,STOPPED,ACCEPTED,ACCEPTED,141.312719439,141.312719439
141.406544646,0.0,0.0,0.010278691691582154,0.0,0.0,False,0.0,0.0,0.0,STOPPED,DUPLICATE_OR_OLD,DUPLICATE_OR_OLD,141.312719439,141.312719439
141.456544646,0.0,0.0,0.00604409906888909,0.0,0.0,False,0.0,0.0,0.0,STOPPED,ACCEPTED,ACCEPTED,141.416681699,141.416681699
141.50654464599998,0.0,0.0,0.011044099068887384,0.0,0.0,False,0.0,0.0,0.0,STOPPED,DUPLICATE_OR_OLD,DUPLICATE_OR_OLD,141.416681699,141.416681699
141.556544646,0.0,0.0,0.00616035863880364,0.0,0.0,False,0.0,0.0,0.0,STOPPED,ACCEPTED,ACCEPTED,141.512656875,141.512656875
141.60654464599997,0.0,0.0,0.011160358638801934,0.0,0.0,False,0.0,0.0,0.0,STOPPED,DUPLICATE_OR_OLD,DUPLICATE_OR_OLD,141.512656875,141.512656875
141.656544646,0.0,0.0,0.006177422435957272,0.0,0.0,False,0.0,0.0,0.0,STOPPED,ACCEPTED,ACCEPTED,141.606640096,141.606640096
141.706544646,0.0,0.0,0.01117742243595841,0.0,0.0,False,0.0,0.0,0.0,STOPPED,DUPLICATE_OR_OLD,DUPLICATE_OR_OLD,141.606640096,141.606640096
141.75654464599998,0.0,0.0,0.016177422435956705,0.0,0.0,False,0.0,0.0,0.0,STOPPED,DUPLICATE_OR_OLD,DUPLICATE_OR_OLD,141.606640096,141.606640096
141.806544646,0.0,0.0,0.006792550756708257,0.0,0.0,False,0.0,0.0,0.0,STOPPED,ACCEPTED,ACCEPTED,141.706606849,141.706606849
141.85654464599997,0.0,0.0,0.005411276031135297,0.0,0.0,False,0.0,0.0,0.0,STOPPED,ACCEPTED,ACCEPTED,141.838564249,141.838564249
141.906544646,0.0,0.0,0.010411276031136434,0.0,0.0,False,0.0,0.0,0.0,STOPPED,DUPLICATE_OR_OLD,DUPLICATE_OR_OLD,141.838564249,141.838564249
141.956544646,0.0,0.0,0.0060647391387403955,0.0,0.0,False,0.0,0.0,0.0,STOPPED,ACCEPTED,ACCEPTED,141.910546601,141.910546601
142.00654464599998,0.0,0.0,0.011064739138738691,0.0,0.0,False,0.0,0.0,0.0,STOPPED,DUPLICATE_OR_OLD,DUPLICATE_OR_OLD,141.910546601,141.910546601
142.056544646,0.0,0.0,0.006163399162841775,0.0,0.0,False,0.0,0.0,0.0,STOPPED,ACCEPTED,ACCEPTED,142.006513786,142.006513786
142.10654464599997,0.0,0.0,0.011163399162840069,0.0,0.0,False,0.0,0.0,0.0,STOPPED,DUPLICATE_OR_OLD,DUPLICATE_OR_OLD,142.006513786,142.006513786
142.156544646,0.0,0.0,0.0061778666687153615,0.0,0.0,False,0.0,0.0,0.0,STOPPED,ACCEPTED,ACCEPTED,142.112489889,142.112489889
142.206544646,0.0,0.0,0.011177866668716499,0.0,0.0,False,0.0,0.0,0.0,STOPPED,DUPLICATE_OR_OLD,DUPLICATE_OR_OLD,142.112489889,142.112489889
142.25654464599998,0.0,0.0,0.006179979015650266,0.0,0.0,False,0.0,0.0,0.0,STOPPED,ACCEPTED,ACCEPTED,142.206469445,142.206469445
142.306544646,0.0,0.0,0.011179979015651403,0.0,0.0,False,0.0,0.0,0.0,STOPPED,DUPLICATE_OR_OLD,DUPLICATE_OR_OLD,142.206469445,142.206469445
142.35654464599997,0.0,0.0,0.006180287236279959,0.0,0.0,False,0.0,0.0,0.0,STOPPED,ACCEPTED,ACCEPTED,142.312423334,142.312423334
142.406544646,0.0,0.0,0.011180287236281096,0.0,0.0,False,0.0,0.0,0.0,STOPPED,DUPLICATE_OR_OLD,DUPLICATE_OR_OLD,142.312423334,142.312423334
142.456544646,0.0,0.0,0.006180332205774507,0.0,0.0,False,0.0,0.0,0.0,STOPPED,ACCEPTED,ACCEPTED,142.41041218,142.41041218
142.50654464599998,0.0,0.0,0.011180332205772803,0.0,0.0,False,0.0,0.0,0.0,STOPPED,DUPLICATE_OR_OLD,DUPLICATE_OR_OLD,142.41041218,142.41041218
142.556544646,0.0,0.0,0.006180338766750046,0.0,0.0,False,0.0,0.0,0.0,STOPPED,ACCEPTED,ACCEPTED,142.508374952,142.508374952
142.60654464599997,0.0,0.0,0.01118033876674834,0.0,0.0,False,0.0,0.0,0.0,STOPPED,DUPLICATE_OR_OLD,DUPLICATE_OR_OLD,142.508374952,142.508374952
142.656544646,0.0,0.0,0.01618033876674948,0.0,0.0,False,0.0,0.0,0.0,STOPPED,DUPLICATE_OR_OLD,DUPLICATE_OR_OLD,142.508374952,142.508374952
142.706544646,0.0,0.0,0.006792850752903438,0.0,0.0,False,0.0,0.0,0.0,STOPPED,ACCEPTED,ACCEPTED,142.60634575,142.60634575
142.75654464599998,0.0,0.0,0.0054113391986275634,0.0,0.0,False,0.0,0.0,0.0,STOPPED,ACCEPTED,ACCEPTED,142.720312722,142.720312722
142.806544646,0.0,0.0,0.0104113391986287,0.0,0.0,False,0.0,0.0,0.0,STOPPED,DUPLICATE_OR_OLD,DUPLICATE_OR_OLD,142.720312722,142.720312722
142.85654464599997,0.0,0.0,0.006064748921009125,0.0,0.0,False,0.0,0.0,0.0,STOPPED,ACCEPTED,ACCEPTED,142.836279161,142.836279161
142.906544646,0.0,0.0,0.011064748921010262,0.0,0.0,False,0.0,0.0,0.0,STOPPED,DUPLICATE_OR_OLD,DUPLICATE_OR_OLD,142.836279161,142.836279161
142.956544646,0.0,0.0,0.0160647489210114,0.0,0.0,False,0.0,0.0,0.0,STOPPED,DUPLICATE_OR_OLD,DUPLICATE_OR_OLD,142.836279161,142.836279161
143.00654464599998,0.0,0.0,0.006780917165811437,0.0,0.0,False,0.0,0.0,0.0,STOPPED,ACCEPTED,ACCEPTED,142.926256217,142.926256217
143.056544646,0.0,0.0,0.005408825108753434,0.0,0.0,False,0.0,0.0,0.0,STOPPED,ACCEPTED,ACCEPTED,143.012236391,143.012236391
143.10654464599997,0.0,0.0,0.01040882510875173,0.0,0.0,False,0.0,0.0,0.0,STOPPED,DUPLICATE_OR_OLD,DUPLICATE_OR_OLD,143.012236391,143.012236391
143.156544646,0.0,0.0,0.006064359545473362,0.0,0.0,False,0.0,0.0,0.0,STOPPED,ACCEPTED,ACCEPTED,143.120210731,143.120210731
143.206544646,0.0,0.0,0.011064359545474498,0.0,0.0,False,0.0,0.0,0.0,STOPPED,DUPLICATE_OR_OLD,DUPLICATE_OR_OLD,143.120210731,143.120210731
143.25654464599998,0.0,0.0,0.006163343287774384,0.0,0.0,False,0.0,0.0,0.0,STOPPED,ACCEPTED,ACCEPTED,143.210182351,143.210182351
143.306544646,0.0,0.0,0.011163343287775521,0.0,0.0,False,0.0,0.0,0.0,STOPPED,DUPLICATE_OR_OLD,DUPLICATE_OR_OLD,143.210182351,143.210182351
143.35654464599997,0.0,0.0,0.00617785850607517,0.0,0.0,False,0.0,0.0,0.0,STOPPED,ACCEPTED,ACCEPTED,143.322153668,143.322153668
143.406544646,0.0,0.0,0.011177858506076308,0.0,0.0,False,0.0,0.0,0.0,STOPPED,DUPLICATE_OR_OLD,DUPLICATE_OR_OLD,143.322153668,143.322153668
143.456544646,0.0,0.0,0.006179977824512116,0.0,0.0,False,0.0,0.0,0.0,STOPPED,ACCEPTED,ACCEPTED,143.406125451,143.406125451
143.50654464599998,0.0,0.0,0.011179977824510412,0.0,0.0,False,0.0,0.0,0.0,STOPPED,DUPLICATE_OR_OLD,DUPLICATE_OR_OLD,143.406125451,143.406125451
143.556544646,0.0,0.0,0.006180287062490446,0.0,0.0,False,0.0,0.0,0.0,STOPPED,ACCEPTED,ACCEPTED,143.51009976,143.51009976
143.60654464599997,0.0,0.0,0.01118028706248874,0.0,0.0,False,0.0,0.0,0.0,STOPPED,DUPLICATE_OR_OLD,DUPLICATE_OR_OLD,143.51009976,143.51009976
143.656544646,0.0,0.0,0.016180287062489876,0.0,0.0,False,0.0,0.0,0.0,STOPPED,DUPLICATE_OR_OLD,DUPLICATE_OR_OLD,143.51009976,143.51009976
143.706544646,0.0,0.0,0.0067928454346946315,0.0,0.0,False,0.0,0.0,0.0,STOPPED,ACCEPTED,ACCEPTED,143.612066351,143.612066351
143.75654464599998,0.0,0.0,0.005411338078835457,0.0,0.0,False,0.0,0.0,0.0,STOPPED,ACCEPTED,ACCEPTED,143.716040388,143.716040388
143.806544646,0.0,0.0,0.010411338078836594,0.0,0.0,False,0.0,0.0,0.0,STOPPED,DUPLICATE_OR_OLD,DUPLICATE_OR_OLD,143.716040388,143.716040388
143.85654464599997,0.0,0.0,0.01541133807883489,0.0,0.0,False,0.0,0.0,0.0,STOPPED,DUPLICATE_OR_OLD,DUPLICATE_OR_OLD,143.716040388,143.716040388
143.906544646,0.0,0.0,0.006711752710756508,0.0,0.0,False,0.0,0.0,0.0,STOPPED,ACCEPTED,ACCEPTED,143.837998621,143.837998621
143.956544646,0.0,0.0,0.00539419956867635,0.0,0.0,False,0.0,0.0,0.0,STOPPED,ACCEPTED,ACCEPTED,143.907992005,143.907992005
144.00654464599998,0.0,0.0,0.010394199568674645,0.0,0.0,False,0.0,0.0,0.0,STOPPED,DUPLICATE_OR_OLD,DUPLICATE_OR_OLD,143.907992005,143.907992005
144.056544646,0.0,0.0,0.0060620928519695555,0.0,0.0,False,0.0,0.0,0.0,STOPPED,ACCEPTED,ACCEPTED,144.007969377,144.007969377
144.10654464599997,0.0,0.0,0.01106209285196785,0.0,0.0,False,0.0,0.0,0.0,STOPPED,DUPLICATE_OR_OLD,DUPLICATE_OR_OLD,144.007969377,144.007969377
144.156544646,0.0,0.0,0.006163009602951169,0.0,0.0,False,0.0,0.0,0.0,STOPPED,ACCEPTED,ACCEPTED,144.121934607,144.121934607
144.206544646,0.0,0.0,0.011163009602952306,0.0,0.0,False,0.0,0.0,0.0,STOPPED,DUPLICATE_OR_OLD,DUPLICATE_OR_OLD,144.121934607,144.121934607
144.25654464599998,0.0,0.0,0.00617780975821978,0.0,0.0,False,0.0,0.0,0.0,STOPPED,ACCEPTED,ACCEPTED,144.20790544,144.20790544
144.306544646,0.0,0.0,0.011177809758220917,0.0,0.0,False,0.0,0.0,0.0,STOPPED,DUPLICATE_OR_OLD,DUPLICATE_OR_OLD,144.20790544,144.20790544
144.35654464599997,0.0,0.0,0.01617780975821921,0.0,0.0,False,0.0,0.0,0.0,STOPPED,DUPLICATE_OR_OLD,DUPLICATE_OR_OLD,144.20790544,144.20790544
144.406544646,0.0,0.0,0.0067925906028843495,0.0,0.0,False,0.0,0.0,0.0,STOPPED,ACCEPTED,ACCEPTED,144.311872961,144.311872961
144.456544646,0.0,0.0,0.011792590602885487,0.0,0.0,False,0.0,0.0,0.0,STOPPED,DUPLICATE_OR_OLD,DUPLICATE_OR_OLD,144.311872961,144.311872961
144.50654464599998,0.0,0.0,0.006267624826498239,0.0,0.0,False,0.0,0.0,0.0,STOPPED,ACCEPTED,ACCEPTED,144.407844484,144.407844484
144.556544646,0.0,0.0,0.005298017488281043,0.0,0.0,False,0.0,0.0,0.0,STOPPED,ACCEPTED,ACCEPTED,144.507818844,144.507818844
144.60654464599997,0.0,0.0,0.010298017488279337,0.0,0.0,False,0.0,0.0,0.0,STOPPED,DUPLICATE_OR_OLD,DUPLICATE_OR_OLD,144.507818844,144.507818844
144.656544646,0.0,0.0,0.006047121081866362,0.0,0.0,False,0.0,0.0,0.0,STOPPED,ACCEPTED,ACCEPTED,144.63778813,144.63778813
144.706544646,0.0,0.0,0.011047121081867499,0.0,0.0,False,0.0,0.0,0.0,STOPPED,DUPLICATE_OR_OLD,DUPLICATE_OR_OLD,144.63778813,144.63778813
144.75654464599998,0.0,0.0,0.006160804117825491,0.0,0.0,False,0.0,0.0,0.0,STOPPED,ACCEPTED,ACCEPTED,144.713768552,144.713768552
144.806544646,0.0,0.0,0.011160804117826629,0.0,0.0,False,0.0,0.0,0.0,STOPPED,DUPLICATE_OR_OLD,DUPLICATE_OR_OLD,144.713768552,144.713768552
144.85654464599997,0.0,0.0,0.006177487528685558,0.0,0.0,False,0.0,0.0,0.0,STOPPED,ACCEPTED,ACCEPTED,144.835723254,144.835723254
144.906544646,0.0,0.0,0.011177487528686695,0.0,0.0,False,0.0,0.0,0.0,STOPPED,DUPLICATE_OR_OLD,DUPLICATE_OR_OLD,144.835723254,144.835723254
144.956544646,0.0,0.0,0.016177487528687834,0.0,0.0,False,0.0,0.0,0.0,STOPPED,DUPLICATE_OR_OLD,DUPLICATE_OR_OLD,144.835723254,144.835723254
145.00654464599998,0.0,0.0,0.0067925574532588335,0.0,0.0,False,0.0,0.0,0.0,STOPPED,ACCEPTED,ACCEPTED,144.907708804,144.907708804
145.056544646,0.0,0.0,0.00541127744118711,0.0,0.0,False,0.0,0.0,0.0,STOPPED,ACCEPTED,ACCEPTED,145.015683436,145.015683436
145.10654464599997,0.0,0.0,0.010411277441185404,0.0,0.0,False,0.0,0.0,0.0,STOPPED,DUPLICATE_OR_OLD,DUPLICATE_OR_OLD,145.015683436,145.015683436
145.156544646,0.0,0.0,0.006064739357104488,0.0,0.0,False,0.0,0.0,0.0,STOPPED,ACCEPTED,ACCEPTED,145.125653519,145.125653519
145.206544646,0.0,0.0,0.011064739357105625,0.0,0.0,False,0.0,0.0,0.0,STOPPED,DUPLICATE_OR_OLD,DUPLICATE_OR_OLD,145.125653519,145.125653519
145.25654464599998,0.0,0.0,0.01606473935710392,0.0,0.0,False,0.0,0.0,0.0,STOPPED,DUPLICATE_OR_OLD,DUPLICATE_OR_OLD,145.125653519,145.125653519
145.306544646,0.0,0.0,0.006780916174752061,0.0,0.0,False,0.0,0.0,0.0,STOPPED,ACCEPTED,ACCEPTED,145.207630775,145.207630775
145.35654464599997,0.0,0.0,0.011780916174750355,0.0,0.0,False,0.0,0.0,0.0,STOPPED,DUPLICATE_OR_OLD,DUPLICATE_OR_OLD,145.207630775,145.207630775
145.406544646,0.0,0.0,0.006265997796808835,0.0,0.0,False,0.0,0.0,0.0,STOPPED,ACCEPTED,ACCEPTED,145.31959381,145.31959381
145.456544646,0.0,0.0,0.005297657746630605,0.0,0.0,False,0.0,0.0,0.0,STOPPED,ACCEPTED,ACCEPTED,145.415582154,145.415582154
145.50654464599998,0.0,0.0,0.0102976577466289,0.0,0.0,False,0.0,0.0,0.0,STOPPED,DUPLICATE_OR_OLD,DUPLICATE_OR_OLD,145.415582154,145.415582154
145.556544646,0.0,0.0,0.015297657746630037,0.0,0.0,False,0.0,0.0,0.0,STOPPED,DUPLICATE_OR_OLD,DUPLICATE_OR_OLD,145.415582154,145.415582154
145.60654464599997,0.0,0.0,0.006699414824859574,0.0,0.0,False,0.0,0.0,0.0,STOPPED,ACCEPTED,ACCEPTED,145.511542194,145.511542194
145.656544646,0.0,0.0,0.005391580795744252,0.0,0.0,False,0.0,0.0,0.0,STOPPED,ACCEPTED,ACCEPTED,145.61551042,145.61551042
145.706544646,0.0,0.0,0.010391580795745389,0.0,0.0,False,0.0,0.0,0.0,STOPPED,DUPLICATE_OR_OLD,DUPLICATE_OR_OLD,145.61551042,145.61551042
145.75654464599998,0.0,0.0,0.0060616867140165336,0.0,0.0,False,0.0,0.0,0.0,STOPPED,ACCEPTED,ACCEPTED,145.715486623,145.715486623
145.806544646,0.0,0.0,0.01106168671401767,0.0,0.0,False,0.0,0.0,0.0,STOPPED,DUPLICATE_OR_OLD,DUPLICATE_OR_OLD,145.715486623,145.715486623
145.85654464599997,0.0,0.0,0.006162949808378289,0.0,0.0,False,0.0,0.0,0.0,STOPPED,ACCEPTED,ACCEPTED,145.843445498,145.843445498
145.906544646,0.0,0.0,0.011162949808379426,0.0,0.0,False,0.0,0.0,0.0,STOPPED,DUPLICATE_OR_OLD,DUPLICATE_OR_OLD,145.843445498,145.843445498
145.956544646,0.0,0.0,0.016162949808380563,0.0,0.0,False,0.0,0.0,0.0,STOPPED,DUPLICATE_OR_OLD,DUPLICATE_OR_OLD,145.843445498,145.843445498
146.00654464599998,0.0,0.0,0.006791061160291292,0.0,0.0,False,0.0,0.0,0.0,STOPPED,ACCEPTED,ACCEPTED,145.907436911,145.907436911
146.056544646,0.0,0.0,0.005410962354498847,0.0,0.0,False,0.0,0.0,0.0,STOPPED,ACCEPTED,ACCEPTED,146.015411954,146.015411954
146.10654464599997,0.0,0.0,0.010410962354497143,0.0,0.0,False,0.0,0.0,0.0,STOPPED,DUPLICATE_OR_OLD,DUPLICATE_OR_OLD,146.015411954,146.015411954
146.156544646,0.0,0.0,0.00606469056130423,0.0,0.0,False,0.0,0.0,0.0,STOPPED,ACCEPTED,ACCEPTED,146.113367113,146.113367113
146.206544646,0.0,0.0,0.011064690561305367,0.0,0.0,False,0.0,0.0,0.0,STOPPED,DUPLICATE_OR_OLD,DUPLICATE_OR_OLD,146.113367113,146.113367113
146.25654464599998,0.0,0.0,0.016064690561303663,0.0,0.0,False,0.0,0.0,0.0,STOPPED,DUPLICATE_OR_OLD,DUPLICATE_OR_OLD,146.113367113,146.113367113
146.306544646,0.0,0.0,0.006780911118278987,0.0,0.0,False,0.0,0.0,0.0,STOPPED,ACCEPTED,ACCEPTED,146.207357654,146.207357654
146.35654464599997,0.0,0.0,0.005408823833999958,0.0,0.0,False,0.0,0.0,0.0,STOPPED,ACCEPTED,ACCEPTED,146.319311566,146.319311566
146.406544646,0.0,0.0,0.010408823834001095,0.0,0.0,False,0.0,0.0,0.0,STOPPED,DUPLICATE_OR_OLD,DUPLICATE_OR_OLD,146.319311566,146.319311566
146.456544646,0.0,0.0,0.015408823834002232,0.0,0.0,False,0.0,0.0,0.0,STOPPED,DUPLICATE_OR_OLD,DUPLICATE_OR_OLD,146.319311566,146.319311566
146.50654464599998,0.0,0.0,0.006711480833790467,0.0,0.0,False,0.0,0.0,0.0,STOPPED,ACCEPTED,ACCEPTED,146.409302104,146.409302104
146.556544646,0.0,0.0,0.005394141893612312,0.0,0.0,False,0.0,0.0,0.0,STOPPED,ACCEPTED,ACCEPTED,146.50727075,146.50727075
146.60654464599997,0.0,0.0,0.010394141893610606,0.0,0.0,False,0.0,0.0,0.0,STOPPED,DUPLICATE_OR_OLD,DUPLICATE_OR_OLD,146.50727075,146.50727075
146.656544646,0.0,0.0,0.015394141893611744,0.0,0.0,False,0.0,0.0,0.0,STOPPED,DUPLICATE_OR_OLD,DUPLICATE_OR_OLD,146.50727075,146.50727075
146.706544646,0.0,0.0,0.006709892309181649,0.0,0.0,False,0.0,0.0,0.0,STOPPED,ACCEPTED,ACCEPTED,146.62523901,146.62523901
146.75654464599998,0.0,0.0,0.005393804880473066,0.0,0.0,False,0.0,0.0,0.0,STOPPED,ACCEPTED,ACCEPTED,146.707213762,146.707213762
146.806544646,0.0,0.0,0.010393804880474204,0.0,0.0,False,0.0,0.0,0.0,STOPPED,DUPLICATE_OR_OLD,DUPLICATE_OR_OLD,146.707213762,146.707213762
146.85654464599997,0.0,0.0,0.015393804880472498,0.0,0.0,False,0.0,0.0,0.0,STOPPED,DUPLICATE_OR_OLD,DUPLICATE_OR_OLD,146.707213762,146.707213762
146.906544646,0.0,0.0,0.006709855827749802,0.0,0.0,False,0.0,0.0,0.0,STOPPED,ACCEPTED,ACCEPTED,146.841176572,146.841176572
146.956544646,0.0,0.0,0.005393797140183053,0.0,0.0,False,0.0,0.0,0.0,STOPPED,ACCEPTED,ACCEPTED,146.917153025,146.917153025
147.00654464599998,0.0,0.0,0.010393797140181349,0.0,0.0,False,0.0,0.0,0.0,STOPPED,DUPLICATE_OR_OLD,DUPLICATE_OR_OLD,146.917153025,146.917153025
147.056544646,0.0,0.0,0.006062030445940572,0.0,0.0,False,0.0,0.0,0.0,STOPPED,ACCEPTED,ACCEPTED,147.011124336,147.011124336
147.10654464599997,0.0,0.0,0.011062030445938866,0.0,0.0,False,0.0,0.0,0.0,STOPPED,DUPLICATE_OR_OLD,DUPLICATE_OR_OLD,147.011124336,147.011124336
147.156544646,0.0,0.0,0.006163000415204481,0.0,0.0,False,0.0,0.0,0.0,STOPPED,ACCEPTED,ACCEPTED,147.11110098,147.11110098
147.206544646,0.0,0.0,0.01116300041520562,0.0,0.0,False,0.0,0.0,0.0,STOPPED,DUPLICATE_OR_OLD,DUPLICATE_OR_OLD,147.11110098,147.11110098
147.25654464599998,0.0,0.0,0.006177808415968693,0.0,0.0,False,0.0,0.0,0.0,STOPPED,ACCEPTED,ACCEPTED,147.219061524,147.219061524
147.306544646,0.0,0.0,0.01117780841596983,0.0,0.0,False,0.0,0.0,0.0,STOPPED,DUPLICATE_OR_OLD,DUPLICATE_OR_OLD,147.219061524,147.219061524
147.35654464599997,0.0,0.0,0.006179970515064154,0.0,0.0,False,0.0,0.0,0.0,STOPPED,ACCEPTED,ACCEPTED,147.327042905,147.327042905
147.406544646,0.0,0.0,0.011179970515065292,0.0,0.0,False,0.0,0.0,0.0,STOPPED,DUPLICATE_OR_OLD,DUPLICATE_OR_OLD,147.327042905,147.327042905
147.456544646,0.0,0.0,0.00618028599602698,0.0,0.0,False,0.0,0.0,0.0,STOPPED,ACCEPTED,ACCEPTED,147.407018728,147.407018728
147.50654464599998,0.0,0.0,0.011180285996025274,0.0,0.0,False,0.0,0.0,0.0,STOPPED,DUPLICATE_OR_OLD,DUPLICATE_OR_OLD,147.407018728,147.407018728
147.556544646,0.0,0.0,0.006180332024822885,0.0,0.0,False,0.0,0.0,0.0,STOPPED,ACCEPTED,ACCEPTED,147.508997414,147.508997414
147.60654464599997,0.0,0.0,0.011180332024821181,0.0,0.0,False,0.0,0.0,0.0,STOPPED,DUPLICATE_OR_OLD,DUPLICATE_OR_OLD,147.508997414,147.508997414
147.656544646,0.0,0.0,0.006180338740349544,0.0,0.0,False,0.0,0.0,0.0,STOPPED,ACCEPTED,ACCEPTED,147.610956011,147.610956011
147.706544646,0.0,0.0,0.011180338740350682,0.0,0.0,False,0.0,0.0,0.0,STOPPED,DUPLICATE_OR_OLD,DUPLICATE_OR_OLD,147.610956011,147.610956011
147.75654464599998,0.0,0.0,0.0061803397201320165,0.0,0.0,False,0.0,0.0,0.0,STOPPED,ACCEPTED,ACCEPTED,147.740918642,147.740918642
147.806544646,0.0,0.0,0.011180339720133154,0.0,0.0,False,0.0,0.0,0.0,STOPPED,DUPLICATE_OR_OLD,DUPLICATE_OR_OLD,147.740918642,147.740918642
147.85654464599997,0.0,0.0,0.01618033972013145,0.0,0.0,False,0.0,0.0,0.0,STOPPED,DUPLICATE_OR_OLD,DUPLICATE_OR_OLD,147.740918642,147.740918642
147.906544646,0.0,0.0,0.0067928508509664575,0.0,0.0,False,0.0,0.0,0.0,STOPPED,ACCEPTED,ACCEPTED,147.838895099,147.838895099
147.956544646,0.0,0.0,0.011792850850967596,0.0,0.0,False,0.0,0.0,0.0,STOPPED,DUPLICATE_OR_OLD,DUPLICATE_OR_OLD,147.838895099,147.838895099
148.00654464599998,0.0,0.0,0.006267661080329011,0.0,0.0,False,0.0,0.0,0.0,STOPPED,ACCEPTED,ACCEPTED,147.930865645,147.930865645
148.056544646,0.0,0.0,0.0052980255034961446,0.0,0.0,False,0.0,0.0,0.0,STOPPED,ACCEPTED,ACCEPTED,148.012852195,148.012852195
148.10654464599997,0.0,0.0,0.01029802550349444,0.0,0.0,False,0.0,0.0,0.0,STOPPED,DUPLICATE_OR_OLD,DUPLICATE_OR_OLD,148.012852195,148.012852195
148.156544646,0.0,0.0,0.0060471223342635026,0.0,0.0,False,0.0,0.0,0.0,STOPPED,ACCEPTED,ACCEPTED,148.112821926,148.112821926
148.206544646,0.0,0.0,0.01104712233426464,0.0,0.0,False,0.0,0.0,0.0,STOPPED,DUPLICATE_OR_OLD,DUPLICATE_OR_OLD,148.112821926,148.112821926
148.25654464599998,0.0,0.0,0.016047122334262934,0.0,0.0,False,0.0,0.0,0.0,STOPPED,DUPLICATE_OR_OLD,DUPLICATE_OR_OLD,148.112821926,148.112821926
148.306544646,0.0,0.0,0.006779089574764278,0.0,0.0,False,0.0,0.0,0.0,STOPPED,ACCEPTED,ACCEPTED,148.210795117,148.210795117
148.35654464599997,0.0,0.0,0.005408439840576295,0.0,0.0,False,0.0,0.0,0.0,STOPPED,ACCEPTED,ACCEPTED,148.334756725,148.334756725
148.406544646,0.0,0.0,0.010408439840577433,0.0,0.0,False,0.0,0.0,0.0,STOPPED,DUPLICATE_OR_OLD,DUPLICATE_OR_OLD,148.334756725,148.334756725
148.456544646,0.0,0.0,0.0060642998693569965,0.0,0.0,False,0.0,0.0,0.0,STOPPED,ACCEPTED,ACCEPTED,148.410743201,148.410743201
148.50654464599998,0.0,0.0,0.011064299869355292,0.0,0.0,False,0.0,0.0,0.0,STOPPED,DUPLICATE_OR_OLD,DUPLICATE_OR_OLD,148.410743201,148.410743201
148.556544646,0.0,0.0,0.006163334503468896,0.0,0.0,False,0.0,0.0,0.0,STOPPED,ACCEPTED,ACCEPTED,148.534702612,148.534702612
148.60654464599997,0.0,0.0,0.011163334503467192,0.0,0.0,False,0.0,0.0,0.0,STOPPED,DUPLICATE_OR_OLD,DUPLICATE_OR_OLD,148.534702612,148.534702612
148.656544646,0.0,0.0,0.006177857222796141,0.0,0.0,False,0.0,0.0,0.0,STOPPED,ACCEPTED,ACCEPTED,148.614672856,148.614672856
148.706544646,0.0,0.0,0.011177857222797278,0.0,0.0,False,0.0,0.0,0.0,STOPPED,DUPLICATE_OR_OLD,DUPLICATE_OR_OLD,148.614672856,148.614672856
148.75654464599998,0.0,0.0,0.0061799776372483085,0.0,0.0,False,0.0,0.0,0.0,STOPPED,ACCEPTED,ACCEPTED,148.716658838,148.716658838
148.806544646,0.0,0.0,0.011179977637249445,0.0,0.0,False,0.0,0.0,0.0,STOPPED,DUPLICATE_OR_OLD,DUPLICATE_OR_OLD,148.716658838,148.716658838
148.85654464599997,0.0,0.0,0.006180287035168269,0.0,0.0,False,0.0,0.0,0.0,STOPPED,ACCEPTED,ACCEPTED,148.84462703,148.84462703
148.906544646,0.0,0.0,0.011180287035169406,0.0,0.0,False,0.0,0.0,0.0,STOPPED,DUPLICATE_OR_OLD,DUPLICATE_OR_OLD,148.84462703,148.84462703
148.956544646,0.0,0.0,0.01618028703517054,0.0,0.0,False,0.0,0.0,0.0,STOPPED,DUPLICATE_OR_OLD,DUPLICATE_OR_OLD,148.84462703,148.84462703
149.00654464599998,0.0,0.0,0.006792845431884315,0.0,0.0,False,0.0,0.0,0.0,STOPPED,ACCEPTED,ACCEPTED,148.920601218,148.920601218
149.056544646,0.0,0.0,0.005411338078244321,0.0,0.0,False,0.0,0.0,0.0,STOPPED,ACCEPTED,ACCEPTED,149.012575446,149.012575446
149.10654464599997,0.0,0.0,0.010411338078242616,0.0,0.0,False,0.0,0.0,0.0,STOPPED,DUPLICATE_OR_OLD,DUPLICATE_OR_OLD,149.012575446,149.012575446
149.156544646,0.0,0.0,0.015411338078243754,0.0,0.0,False,0.0,0.0,0.0,STOPPED,DUPLICATE_OR_OLD,DUPLICATE_OR_OLD,149.012575446,149.012575446
149.206544646,0.0,0.0,0.00671175271069259,0.0,0.0,False,0.0,0.0,0.0,STOPPED,ACCEPTED,ACCEPTED,149.110543267,149.110543267
149.25654464599998,0.0,0.0,0.005394199568662187,0.0,0.0,False,0.0,0.0,0.0,STOPPED,ACCEPTED,ACCEPTED,149.214524069,149.214524069
149.306544646,0.0,0.0,0.010394199568663325,0.0,0.0,False,0.0,0.0,0.0,STOPPED,DUPLICATE_OR_OLD,DUPLICATE_OR_OLD,149.214524069,149.214524069
149.35654464599997,0.0,0.0,0.015394199568661619,0.0,0.0,False,0.0,0.0,0.0,STOPPED,DUPLICATE_OR_OLD,DUPLICATE_OR_OLD,149.214524069,149.214524069
149.406544646,0.0,0.0,0.006709898552383572,0.0,0.0,False,0.0,0.0,0.0,STOPPED,ACCEPTED,ACCEPTED,149.314490945,149.314490945
149.456544646,0.0,0.0,0.00539380620509553,0.0,0.0,False,0.0,0.0,0.0,STOPPED,ACCEPTED,ACCEPTED,149.414458211,149.414458211
149.50654464599998,0.0,0.0,0.010393806205093826,0.0,0.0,False,0.0,0.0,0.0,STOPPED,DUPLICATE_OR_OLD,DUPLICATE_OR_OLD,149.414458211,149.414458211
149.556544646,0.0,0.0,0.006062031851690819,0.0,0.0,False,0.0,0.0,0.0,STOPPED,ACCEPTED,ACCEPTED,149.510436723,149.510436723
149.60654464599997,0.0,0.0,0.011062031851689115,0.0,0.0,False,0.0,0.0,0.0,STOPPED,DUPLICATE_OR_OLD,DUPLICATE_OR_OLD,149.510436723,149.510436723
149.656544646,0.0,0.0,0.006163000622166975,0.0,0.0,False,0.0,0.0,0.0,STOPPED,ACCEPTED,ACCEPTED,149.624400044,149.624400044
149.706544646,0.0,0.0,0.011163000622168111,0.0,0.0,False,0.0,0.0,0.0,STOPPED,DUPLICATE_OR_OLD,DUPLICATE_OR_OLD,149.624400044,149.624400044
149.75654464599998,0.0,0.0,0.016163000622166405,0.0,0.0,False,0.0,0.0,0.0,STOPPED,DUPLICATE_OR_OLD,DUPLICATE_OR_OLD,149.624400044,149.624400044
149.806544646,0.0,0.0,0.006791066392725167,0.0,0.0,False,0.0,0.0,0.0,STOPPED,ACCEPTED,ACCEPTED,149.720375264,149.720375264
149.85654464599997,0.0,0.0,0.01179106639272346,0.0,0.0,False,0.0,0.0,0.0,STOPPED,DUPLICATE_OR_OLD,DUPLICATE_OR_OLD,149.720375264,149.720375264
149.906544646,0.0,0.0,0.006267412482425259,0.0,0.0,False,0.0,0.0,0.0,STOPPED,ACCEPTED,ACCEPTED,149.838333758,149.838333758
149.956544646,0.0,0.0,0.011267412482426395,0.0,0.0,False,0.0,0.0,0.0,STOPPED,DUPLICATE_OR_OLD,DUPLICATE_OR_OLD,149.838333758,149.838333758
150.00654464599998,0.0,0.0,0.006193001496934304,0.0,0.0,False,0.0,0.0,0.0,STOPPED,ACCEPTED,ACCEPTED,149.914316922,149.914316922
150.056544646,0.0,0.0,0.005281461193004671,0.0,0.0,False,0.0,0.0,0.0,STOPPED,ACCEPTED,ACCEPTED,150.016291965,150.016291965
150.10654464599997,0.0,0.0,0.010281461193002966,0.0,0.0,False,0.0,0.0,0.0,STOPPED,DUPLICATE_OR_OLD,DUPLICATE_OR_OLD,150.016291965,150.016291965
150.156544646,0.0,0.0,0.006044532424903034,0.0,0.0,False,0.0,0.0,0.0,STOPPED,ACCEPTED,ACCEPTED,150.126255862,150.126255862
150.206544646,0.0,0.0,0.01104453242490417,0.0,0.0,False,0.0,0.0,0.0,STOPPED,DUPLICATE_OR_OLD,DUPLICATE_OR_OLD,150.126255862,150.126255862
150.25654464599998,0.0,0.0,0.016044532424902464,0.0,0.0,False,0.0,0.0,0.0,STOPPED,DUPLICATE_OR_OLD,DUPLICATE_OR_OLD,150.126255862,150.126255862
150.306544646,0.0,0.0,0.006778820868315575,0.0,0.0,False,0.0,0.0,0.0,STOPPED,ACCEPTED,ACCEPTED,150.224238834,150.224238834
150.35654464599997,0.0,0.0,0.005408383190042646,0.0,0.0,False,0.0,0.0,0.0,STOPPED,ACCEPTED,ACCEPTED,150.324210594,150.324210594
150.406544646,0.0,0.0,0.010408383190043783,0.0,0.0,False,0.0,0.0,0.0,STOPPED,DUPLICATE_OR_OLD,DUPLICATE_OR_OLD,150.324210594,150.324210594
150.456544646,0.0,0.0,0.006064291094319599,0.0,0.0,False,0.0,0.0,0.0,STOPPED,ACCEPTED,ACCEPTED,150.420180763,150.420180763
150.50654464599998,0.0,0.0,0.011064291094317894,0.0,0.0,False,0.0,0.0,0.0,STOPPED,DUPLICATE_OR_OLD,DUPLICATE_OR_OLD,150.420180763,150.420180763
150.556544646,0.0,0.0,0.006163333211782769,0.0,0.0,False,0.0,0.0,0.0,STOPPED,ACCEPTED,ACCEPTED,150.512150628,150.512150628
150.60654464599997,0.0,0.0,0.011163333211781064,0.0,0.0,False,0.0,0.0,0.0,STOPPED,DUPLICATE_OR_OLD,DUPLICATE_OR_OLD,150.512150628,150.512150628
150.656544646,0.0,0.0,0.006177857034096607,0.0,0.0,False,0.0,0.0,0.0,STOPPED,ACCEPTED,ACCEPTED,150.614122577,150.614122577
150.706544646,0.0,0.0,0.011177857034097745,0.0,0.0,False,0.0,0.0,0.0,STOPPED,DUPLICATE_OR_OLD,DUPLICATE_OR_OLD,150.614122577,150.614122577
150.75654464599998,0.0,0.0,0.006179977609712195,0.0,0.0,False,0.0,0.0,0.0,STOPPED,ACCEPTED,ACCEPTED,150.714099429,150.714099429
150.806544646,0.0,0.0,0.011179977609713333,0.0,0.0,False,0.0,0.0,0.0,STOPPED,DUPLICATE_OR_OLD,DUPLICATE_OR_OLD,150.714099429,150.714099429
150.85654464599997,0.0,0.0,0.006180287031150693,0.0,0.0,False,0.0,0.0,0.0,STOPPED,ACCEPTED,ACCEPTED,150.836065197,150.836065197
150.906544646,0.0,0.0,0.01118028703115183,0.0,0.0,False,0.0,0.0,0.0,STOPPED,DUPLICATE_OR_OLD,DUPLICATE_OR_OLD,150.836065197,150.836065197
150.956544646,0.0,0.0,0.00618033217584643,0.0,0.0,False,0.0,0.0,0.0,STOPPED,ACCEPTED,ACCEPTED,150.916059741,150.916059741
151.00654464599998,0.0,0.0,0.011180332175844725,0.0,0.0,False,0.0,0.0,0.0,STOPPED,DUPLICATE_OR_OLD,DUPLICATE_OR_OLD,150.916059741,150.916059741
151.056544646,0.0,0.0,0.016180332175845864,0.0,0.0,False,0.0,0.0,0.0,STOPPED,DUPLICATE_OR_OLD,DUPLICATE_OR_OLD,150.916059741,150.916059741
151.10654464599997,0.00035246879954879055,8.81171998871676e-06,0.006792850074975424,0.0,0.0,False,0.0,0.6792850074975423,0.0,FUSED,ACCEPTED,ACCEPTED,151.01201207,151.01201207
151.156544646,0.001107939297213722,4.5321922407787876e-05,0.005411339055884936,0.0,0.0,False,0.0,0.5411339055884935,0.0,FUSED,ACCEPTED,ACCEPTED,151.125977332,151.125977332
151.206544646,0.004012094227868801,0.00017332276053488006,0.010411339055886072,0.0,0.0,False,0.0,0.0,0.0,MODEL_ONLY,DUPLICATE_OR_OLD,DUPLICATE_OR_OLD,151.125977332,151.125977332
151.25654464599998,0.0030019908913897055,0.0003486748885162829,0.006064748898903715,0.0,0.0,False,0.0,0.6064748898903713,0.0,FUSED,ACCEPTED,ACCEPTED,151.225945336,151.225945336
151.306544646,0.007292015193261974,0.0006060250406326334,0.011064748898904853,0.0,0.0,False,0.0,0.0,0.0,MODEL_ONLY,DUPLICATE_OR_OLD,DUPLICATE_OR_OLD,151.225945336,151.225945336
151.35654464599997,0.005033137655836493,0.00091415386185999,0.00616340059948906,0.0,0.0,False,0.0,0.616340059948906,0.0,FUSED,ACCEPTED,ACCEPTED,151.31393425,151.31393425
151.406544646,0.012291662075860667,0.0013472738551525173,0.011163400599490197,0.0,0.0,False,0.0,0.0,0.0,MODEL_ONLY,DUPLICATE_OR_OLD,DUPLICATE_OR_OLD,151.31393425,151.31393425
151.456544646,0.007908095157283676,0.0018522677859812407,0.006177866878591303,0.0,0.0,False,0.0,0.6177866878591303,0.0,FUSED,ACCEPTED,ACCEPTED,151.417894343,151.417894343
151.50654464599998,0.017450910663131883,0.0024862429314914136,0.011177866878589598,0.0,0.0,False,0.0,0.0,0.0,MODEL_ONLY,DUPLICATE_OR_OLD,DUPLICATE_OR_OLD,151.417894343,151.417894343
151.556544646,0.01584655324928737,0.003318679529302084,0.0061799790462765385,0.0,0.0,False,0.0,0.6179979046276538,0.0,FUSED,ACCEPTED,ACCEPTED,151.515867358,151.515867358
151.60654464599997,0.027153805135987124,0.00439368848893358,0.011179979046274834,0.0,0.0,False,0.0,0.0,0.0,MODEL_ONLY,DUPLICATE_OR_OLD,DUPLICATE_OR_OLD,151.515867358,151.515867358
151.656544646,0.02026686086049614,0.0055792051388459316,0.006180287240748396,0.0,0.0,False,0.0,0.6180287240748394,0.0,FUSED,ACCEPTED,ACCEPTED,151.62384482,151.62384482
151.706544646,0.03422194894447951,0.006941425383970632,0.011180287240749532,0.0,0.0,False,0.0,0.0,0.0,MODEL_ONLY,DUPLICATE_OR_OLD,DUPLICATE_OR_OLD,151.62384482,151.62384482
151.75654464599998,0.027349278916149182,0.008480706080485824,0.006180332206426031,0.0,0.0,False,0.0,0.6180332206426029,0.0,FUSED,ACCEPTED,ACCEPTED,151.709819811,151.709819811
151.806544646,0.04334561666844946,0.010248078470101191,0.011180332206427168,0.0,0.0,False,0.0,0.0,0.0,MODEL_ONLY,DUPLICATE_OR_OLD,DUPLICATE_OR_OLD,151.709819811,151.709819811
151.85654464599997,0.05999296859594844,0.012831543101710257,0.016180332206425462,0.0,0.0,False,0.0,0.0,0.0,MODEL_ONLY,DUPLICATE_OR_OLD,DUPLICATE_OR_OLD,151.709819811,151.709819811
151.906544646,0.040348071120228465,0.01534006909461525,0.006792850078121076,0.0,0.0,False,0.0,0.6792850078121075,0.0,FUSED,ACCEPTED,ACCEPTED,151.839786566,151.839786566
151.956544646,0.05855413681932334,0.017812624293104606,0.011792850078122214,0.0,0.0,False,0.0,0.0,0.0,MODEL_ONLY,DUPLICATE_OR_OLD,DUPLICATE_OR_OLD,151.839786566,151.839786566
152.00654464599998,0.044318442423968554,0.020384438774186026,0.006267660972668911,0.0,0.0,False,0.0,0.626766097266891,0.0,FUSED,ACCEPTED,ACCEPTED,151.93975709,151.93975709
152.056544646,0.03662242871432252,0.02240796055264376,0.005298025479694043,0.0,0.0,False,0.0,0.5298025479694041,0.0,FUSED,ACCEPTED,ACCEPTED,152.023736142,152.023736142
152.10654464599997,0.056406169378939705,0.024733675504974528,0.010298025479692337,0.0,0.0,False,0.0,0.0,0.0,MODEL_ONLY,DUPLICATE_OR_OLD,DUPLICATE_OR_OLD,152.023736142,152.023736142
152.156544646,0.07633630317418863,0.02805223731880349,0.015298025479693474,0.0,0.0,False,0.0,0.0,0.0,MODEL_ONLY,DUPLICATE_OR_OLD,DUPLICATE_OR_OLD,152.023736142,152.023736142
152.206544646,0.05297486785350476,0.03128501659449656,0.006699454884707955,0.0,0.0,False,0.0,0.6699454884707954,0.0,FUSED,ACCEPTED,ACCEPTED,152.127702192,152.127702192
152.25654464599998,0.07373060705545093,0.034452653467219374,0.01169945488470625,0.0,0.0,False,0.0,0.0,0.0,MODEL_ONLY,DUPLICATE_OR_OLD,DUPLICATE_OR_OLD,152.127702192,152.127702192
152.306544646,0.060555602157551514,0.037809808697545196,0.00625460518082424,0.0,0.0,False,0.0,0.625460518082424,0.0,FUSED,ACCEPTED,ACCEPTED,152.209678064,152.209678064
152.35654464599997,0.08183339369981084,0.04136953359397804,0.011254605180822535,0.0,0.0,False,0.0,0.0,0.0,MODEL_ONLY,DUPLICATE_OR_OLD,DUPLICATE_OR_OLD,152.209678064,152.209678064
152.406544646,0.13147254895415889,0.046702182160328495,0.006191144398810466,0.0,0.0,False,0.0,0.6191144398810466,0.0,FUSED,ACCEPTED,ACCEPTED,152.325628094,152.325628094
152.456544646,0.15256487700379587,0.053803117809278975,0.005281047681143262,0.0,0.0,False,0.0,0.528104768114326,0.0,FUSED,ACCEPTED,ACCEPTED,152.42559942,152.42559942
152.50654464599998,0.17324457923234998,0.06194835421517985,0.010281047681141558,0.0,0.0,False,0.0,0.0,0.0,MODEL_ONLY,DUPLICATE_OR_OLD,DUPLICATE_OR_OLD,152.42559942,152.42559942
152.556544646,0.19389671943861794,0.07112688668195613,0.015281047681142695,0.0,0.0,False,0.0,0.0,0.0,MODEL_ONLY,DUPLICATE_OR_OLD,DUPLICATE_OR_OLD,152.42559942,152.42559942
152.60654464599997,0.20623245406833465,0.08113011601962654,0.006697604354611551,0.0,0.0,False,0.0,0.669760435461155,0.0,FUSED,ACCEPTED,ACCEPTED,152.507577759,152.507577759
152.656544646,0.21554677390933208,0.0916745967190706,0.005391196264543325,0.0,0.0,False,0.0,0.5391196264543323,0.0,FUSED,ACCEPTED,ACCEPTED,152.629548126,152.629548126
152.706544646,0.2362435071076248,0.10296935374449709,0.010391196264544461,0.0,0.0,False,0.0,0.0,0.0,MODEL_ONLY,DUPLICATE_OR_OLD,DUPLICATE_OR_OLD,152.629548126,152.629548126
152.75654464599998,0.24486323254784992,0.11499702223587986,0.006061627071126072,0.0,0.0,False,0.0,0.6061627071126071,0.0,FUSED,ACCEPTED,ACCEPTED,152.703879692,152.703879692
152.806544646,0.2655704247447916,0.1277578636681988,0.01106162707112721,0.0,0.0,False,0.0,0.0,0.0,MODEL_ONLY,DUPLICATE_OR_OLD,DUPLICATE_OR_OLD,152.703879692,152.703879692
152.85654464599997,0.28625749267725836,0.14155356160374535,0.016061627071125503,0.0,0.0,False,0.0,0.0,0.0,MODEL_ONLY,DUPLICATE_OR_OLD,DUPLICATE_OR_OLD,152.703879692,152.703879692
152.906544646,0.2807420860017203,0.15572855107072303,0.006780593631781927,0.0,0.0,False,0.0,0.6780593631781926,0.0,FUSED,ACCEPTED,ACCEPTED,152.839482113,152.839482113
152.956544646,0.301498923753739,0.17028457631461283,0.011780593631783064,0.0,0.0,False,0.0,0.0,0.0,MODEL_ONLY,DUPLICATE_OR_OLD,DUPLICATE_OR_OLD,152.839482113,152.839482113
153.00654464599998,0.3072833470261219,0.18550413308410416,0.006265952824834813,0.0,0.0,False,0.0,0.6265952824834812,0.0,FUSED,ACCEPTED,ACCEPTED,152.929471083,152.929471083
153.056544646,0.32910032403206774,0.20141372486056253,0.01126595282483595,0.0,0.0,False,0.0,0.0,0.0,MODEL_ONLY,DUPLICATE_OR_OLD,DUPLICATE_OR_OLD,152.929471083,152.929471083
153.10654464599997,0.34276410097353605,0.21821033548569685,0.006192789933535144,0.0,0.0,False,0.0,0.6192789933535141,0.0,FUSED,ACCEPTED,ACCEPTED,153.011436795,153.011436795
153.156544646,0.3653860666349814,0.23591408967591382,0.011192789933536281,0.0,0.0,False,0.0,0.0,0.0,MODEL_ONLY,DUPLICATE_OR_OLD,DUPLICATE_OR_OLD,153.011436795,153.011436795
153.206544646,0.37365704632308766,0.25439016749986976,0.006182155461340934,0.0,0.0,False,0.0,0.6182155461340935,0.0,FUSED,ACCEPTED,ACCEPTED,153.113407648,153.113407648
153.25654464599998,0.3969034666744781,0.2736541803248023,0.01118215546133923,0.0,0.0,False,0.0,0.0,0.0,MODEL_ONLY,DUPLICATE_OR_OLD,DUPLICATE_OR_OLD,153.113407648,153.113407648
153.306544646,0.40765227216064853,0.2937680737956851,0.006180604757784118,0.0,0.0,False,0.0,0.6180604757784116,0.0,FUSED,ACCEPTED,ACCEPTED,153.207389737,153.207389737
153.35654464599997,0.4176037330974761,0.3143994739271312,0.005278699492125838,0.0,0.0,False,0.0,0.5278699492125838,0.0,FUSED,ACCEPTED,ACCEPTED,153.311361917,153.311361917
153.406544646,0.4415220335387688,0.3358776180930422,0.010278699492126975,0.0,0.0,False,0.0,0.0,0.0,MODEL_ONLY,DUPLICATE_OR_OLD,DUPLICATE_OR_OLD,153.311361917,153.311361917
153.456544646,0.4464516279496937,0.35807695963025876,0.006044100289607842,0.0,0.0,False,0.0,0.6044100289607841,0.0,FUSED,ACCEPTED,ACCEPTED,153.409332323,153.409332323
153.50654464599998,0.47069832321578936,0.3810057084093881,0.011044100289606137,0.0,0.0,False,0.0,0.0,0.0,MODEL_ONLY,DUPLICATE_OR_OLD,DUPLICATE_OR_OLD,153.409332323,153.409332323
153.556544646,0.4879811244011428,0.40497269459981683,0.006160358818772314,0.0,0.0,False,0.0,0.6160358818772314,0.0,FUSED,ACCEPTED,ACCEPTED,153.513302616,153.513302616
153.60654464599997,0.5124789801276584,0.42998419721302833,0.011160358818770609,0.0,0.0,False,0.0,0.0,0.0,MODEL_ONLY,DUPLICATE_OR_OLD,DUPLICATE_OR_OLD,153.513302616,153.513302616
153.656544646,0.525218329900357,0.4559266299637346,0.006177422462254473,0.0,0.0,False,0.0,0.6177422462254472,-0.026887710437197346,FUSED,ACCEPTED,ACCEPTED,153.629265497,153.629265497
153.706544646,0.549051958432067,0.4827833871720513,0.01117742246225561,0.0,0.0,False,0.0,0.0,-0.026887710437197346,MODEL_ONLY,DUPLICATE_OR_OLD,DUPLICATE_OR_OLD,153.629265497,153.629265497
153.75654464599998,0.5733916619580582,0.5108444776817949,0.016177422462253906,0.0,0.0,False,0.0,0.0,-0.026887710437197346,MODEL_ONLY,DUPLICATE_OR_OLD,DUPLICATE_OR_OLD,153.629265497,153.629265497
153.806544646,0.5807482834825975,0.5396979763178178,0.006792550759413643,0.0,0.0,False,0.0,0.6792550759413641,-0.0621942931227443,FUSED,ACCEPTED,ACCEPTED,153.747229508,153.747229508
153.85654464599997,0.595141469484904,0.5690952201419953,0.005411276031704953,0.0,0.0,False,0.0,0.5411276031704952,-0.07455121453754732,FUSED,ACCEPTED,ACCEPTED,153.847207962,153.847207962
153.906544646,0.6182873862629469,0.5994309415356984,0.01041127603170609,0.0,0.0,False,0.0,0.0,-0.07455121453754732,MODEL_ONLY,DUPLICATE_OR_OLD,DUPLICATE_OR_OLD,153.847207962,153.847207962
153.956544646,0.6521186113955728,0.6311910914771687,0.006064739138828614,0.0,0.0,False,0.0,0.6064739138828612,-0.030581537930214543,FUSED,ACCEPTED,ACCEPTED,153.903194909,153.903194909
154.00654464599998,0.6788472111737189,0.6644652370413896,0.011064739138826909,0.0,0.0,False,0.0,0.0,-0.030581537930214543,MODEL_ONLY,DUPLICATE_OR_OLD,DUPLICATE_OR_OLD,153.903194909,153.903194909
154.056544646,0.7061467560490384,0.6990900862219664,0.016064739138828048,0.0,0.0,False,0.0,0.0,-0.030581537930214543,MODEL_ONLY,DUPLICATE_OR_OLD,DUPLICATE_OR_OLD,153.903194909,153.903194909
154.10654464599997,0.7254649245627235,0.7348803782372482,0.006780916152132927,0.0,0.0,False,0.0,0.6780916152132925,-0.07480520226149832,FUSED,ACCEPTED,ACCEPTED,154.017168359,154.017168359
154.156544646,0.7494039259548748,0.7717520995001966,0.005408824895081279,0.0,0.0,False,0.0,0.5408824895081277,-0.06873265891443942,FUSED,ACCEPTED,ACCEPTED,154.105497005,154.105497005
154.206544646,0.7761328962714092,0.8098905200558624,0.010408824895082415,0.0,0.0,False,0.0,0.0,-0.06873265891443942,MODEL_ONLY,DUPLICATE_OR_OLD,DUPLICATE_OR_OLD,154.105497005,154.105497005
154.25654464599998,0.7912227014547524,0.8490744099990031,0.006064359512377113,0.0,0.0,False,0.0,0.6064359512377113,-0.10353889553281251,FUSED,ACCEPTED,ACCEPTED,154.215105061,154.215105061
154.306544646,0.8168575471957454,0.8892764162152746,0.01106435951237825,0.0,0.0,False,0.0,0.0,-0.10353889553281251,MODEL_ONLY,DUPLICATE_OR_OLD,DUPLICATE_OR_OLD,154.215105061,154.215105061
154.35654464599997,0.8637691697379868,0.9312920841386035,0.006163343282902639,0.0,0.0,False,0.0,0.6163343282902637,-0.026219154471009143,FUSED,ACCEPTED,ACCEPTED,154.313083067,154.313083067
154.406544646,0.8937708204856808,0.9752305838942052,0.011163343282903776,0.0,0.0,False,0.0,0.0,-0.026219154471009143,MODEL_ONLY,DUPLICATE_OR_OLD,DUPLICATE_OR_OLD,154.313083067,154.313083067
154.456544646,0.9261826335168128,1.0207294202442778,0.006177858505363883,0.0,0.0,False,0.0,0.6177858505363882,-0.050019530388004836,FUSED,ACCEPTED,ACCEPTED,154.439035488,154.439035488
154.50654464599998,0.9553829332729187,1.0677685594140052,0.011177858505362178,0.0,0.0,False,0.0,0.0,-0.050019530388004836,MODEL_ONLY,DUPLICATE_OR_OLD,DUPLICATE_OR_OLD,154.439035488,154.439035488
154.556544646,0.9910726548594695,1.1164299491173257,0.006179977824407906,0.0,0.0,False,0.0,0.6179977824407905,-0.03313483252163411,FUSED,ACCEPTED,ACCEPTED,154.505365723,154.505365723
154.60654464599997,1.0214187069020015,1.1667422331613455,0.0111799778244062,0.0,0.0,False,0.0,0.0,-0.03313483252163411,MODEL_ONLY,DUPLICATE_OR_OLD,DUPLICATE_OR_OLD,154.505365723,154.505365723
154.656544646,1.0302908178830157,1.2180349712809826,0.0061802870624752424,0.0,0.0,False,0.0,0.618028706247524,-0.10435946553329264,FUSED,ACCEPTED,ACCEPTED,154.626997693,154.626997693
154.706544646,1.0573094575187294,1.270224978166038,0.011180287062476379,0.0,0.0,False,0.0,0.0,-0.10435946553329264,MODEL_ONLY,DUPLICATE_OR_OLD,DUPLICATE_OR_OLD,154.626997693,154.626997693
154.75654464599998,1.1023991055343354,1.3242176922423463,0.006180332180416224,0.0,0.0,False,0.0,0.6180332180416223,-0.024791185660783963,FUSED,ACCEPTED,ACCEPTED,154.73695473,154.73695473
154.806544646,1.133577394339114,1.3801171047391951,0.011180332180417361,0.0,0.0,False,0.0,0.0,-0.024791185660783963,MODEL_ONLY,DUPLICATE_OR_OLD,DUPLICATE_OR_OLD,154.73695473,154.73695473
154.85654464599997,1.1774834588061376,1.4378936260678066,0.00618033876305032,0.0,0.0,False,0.0,0.6180338763050319,-0.010728361023117108,FUSED,ACCEPTED,ACCEPTED,154.824930422,154.824930422
154.906544646,1.2095054262429046,1.4975683481940463,0.011180338763051457,0.0,0.0,False,0.0,0.0,-0.010728361023117108,MODEL_ONLY,DUPLICATE_OR_OLD,DUPLICATE_OR_OLD,154.824930422,154.824930422
154.956544646,1.2347305263151607,1.5586742470080117,0.006180339723444431,0.0,0.0,False,0.0,0.6180339723444428,-0.04674575665949497,FUSED,ACCEPTED,ACCEPTED,154.905157014,154.905157014
155.00654464599998,1.2646294656631154,1.6211582468074472,0.011180339723442727,0.0,0.0,False,0.0,0.0,-0.04674575665949497,MODEL_ONLY,DUPLICATE_OR_OLD,DUPLICATE_OR_OLD,154.905157014,154.905157014
155.056544646,1.3063261280689755,1.6854321366507639,0.006180339863563634,0.0,0.0,False,0.0,0.6180339863563633,0.0015438525107173695,FUSED,ACCEPTED,ACCEPTED,155.010876912,155.010876912
155.10654464599997,1.3380102104058977,1.7515405451126134,0.011180339863561928,0.0,0.0,False,0.0,0.0,0.0015438525107173695,MODEL_ONLY,DUPLICATE_OR_OLD,DUPLICATE_OR_OLD,155.010876912,155.010876912
155.156544646,1.3724137223619162,1.819301143431824,0.006180339884006751,0.0,0.0,False,0.0,0.6180339884006749,-0.005906626431935793,FUSED,ACCEPTED,ACCEPTED,155.112857873,155.112857873
155.206544646,1.4032374099449365,1.8886924217395114,0.011180339884007889,0.0,0.0,False,0.0,0.0,-0.005906626431935793,MODEL_ONLY,DUPLICATE_OR_OLD,DUPLICATE_OR_OLD,155.112857873,155.112857873
155.25654464599998,1.4309567896226971,1.959547276728678,0.006180339886989361,0.0,0.0,False,0.0,0.6180339886989361,-0.015833862572622547,FUSED,ACCEPTED,ACCEPTED,155.242810588,155.242810588
155.306544646,1.4609059093578183,2.031843844203207,0.0111803398869905,0.0,0.0,False,0.0,0.0,-0.015833862572622547,MODEL_ONLY,DUPLICATE_OR_OLD,DUPLICATE_OR_OLD,155.242810588,155.242810588
155.35654464599997,1.4901854378161543,2.1056211278825314,0.006180339887424518,0.0,0.0,False,0.0,0.6180339887424517,-0.013310361023530478,FUSED,ACCEPTED,ACCEPTED,155.308800702,155.308800702
155.406544646,1.519967540821781,2.180874952348497,0.011180339887425655,0.0,0.0,False,0.0,0.0,-0.013310361023530478,MODEL_ONLY,DUPLICATE_OR_OLD,DUPLICATE_OR_OLD,155.308800702,155.308800702
155.456544646,1.5426504596698716,2.2574404023608055,0.006180339887488422,0.0,0.0,False,0.0,0.6180339887488421,-0.029692654673405337,FUSED,ACCEPTED,ACCEPTED,155.405313394,155.405313394
155.50654464599998,1.5704810690963746,2.335268690579935,0.011180339887486717,0.0,0.0,False,0.0,0.0,-0.029692654673405337,MODEL_ONLY,DUPLICATE_OR_OLD,DUPLICATE_OR_OLD,155.405313394,155.405313394
155.556544646,1.5855952925823356,2.4141705996219205,0.006180339887497331,0.0,0.0,False,0.0,0.618033988749733,-0.05394803399832626,FUSED,ACCEPTED,ACCEPTED,155.512741234,155.512741234
155.60654464599997,1.611335289345589,2.4940938641700914,0.011180339887495627,0.0,0.0,False,0.0,0.0,-0.05394803399832626,MODEL_ONLY,DUPLICATE_OR_OLD,DUPLICATE_OR_OLD,155.512741234,155.512741234
155.656544646,1.6426125214463265,2.5754425594399075,0.00618033988749863,0.0,0.0,False,0.0,0.6180339887498629,-0.019112215901154132,FUSED,ACCEPTED,ACCEPTED,155.612708631,155.612708631
155.706544646,1.6694137862716327,2.6582432171328754,0.011180339887499767,0.0,0.0,False,0.0,0.0,-0.019112215901154132,MODEL_ONLY,DUPLICATE_OR_OLD,DUPLICATE_OR_OLD,155.612708631,155.612708631
155.75654464599998,1.6947727581816368,2.7423478807441786,0.006180339887498821,0.0,0.0,False,0.0,0.6180339887498818,-0.03047989108176716,FUSED,ACCEPTED,ACCEPTED,155.708688627,155.708688627
155.806544646,1.7204780837795286,2.827729151793227,0.011180339887499958,0.0,0.0,False,0.0,0.0,-0.03047989108176716,MODEL_ONLY,DUPLICATE_OR_OLD,DUPLICATE_OR_OLD,155.708688627,155.708688627
155.85654464599997,1.7459659250082424,2.9143902520128915,0.016180339887498254,0.0,0.0,False,0.0,0.0,-0.03047989108176716,MODEL_ONLY,DUPLICATE_OR_OLD,DUPLICATE_OR_OLD,155.708688627,155.708688627
155.906544646,1.7584190453501878,3.001999876271872,0.006792850868181481,0.0,0.0,False,0.0,0.6792850868181481,-0.059503805117341275,FUSED,ACCEPTED,ACCEPTED,155.834655594,155.834655594
155.956544646,1.7713242718349917,3.0902434592015218,0.005411339222900885,0.0,0.0,False,0.0,0.5411339222900884,-0.07696208036540259,FUSED,ACCEPTED,ACCEPTED,155.940623406,155.940623406
156.00654464599998,1.7929346308207905,3.1793499317678857,0.01041133922289918,0.0,0.0,False,0.0,0.0,-0.07696208036540259,MODEL_ONLY,DUPLICATE_OR_OLD,DUPLICATE_OR_OLD,155.940623406,155.940623406
156.056544646,1.818304741375678,3.269630916072818,0.0060647489247681406,0.0,0.0,False,0.0,0.606474892476814,-0.04527932780345282,FUSED,ACCEPTED,ACCEPTED,156.012599859,156.012599859
156.10654464599997,1.840443476076805,3.3610996215090987,0.011064748924766436,0.0,0.0,False,0.0,0.0,-0.04527932780345282,MODEL_ONLY,DUPLICATE_OR_OLD,DUPLICATE_OR_OLD,156.012599859,156.012599859
156.156544646,1.8527799169973256,3.4534302063359728,0.006163400603296173,0.0,0.0,False,0.0,0.6163400603296172,-0.07772461648526444,FUSED,ACCEPTED,ACCEPTED,156.126576758,156.126576758
156.206544646,1.8724779385052497,3.5465616527235584,0.01116340060329731,0.0,0.0,False,0.0,0.0,-0.07772461648526444,MODEL_ONLY,DUPLICATE_OR_OLD,DUPLICATE_OR_OLD,156.126576758,156.126576758
156.25654464599998,1.8792816274978097,3.6403556418736027,0.006177866879147058,0.0,0.0,False,0.0,0.6177866879147057,-0.10111310295927393,FUSED,ACCEPTED,ACCEPTED,156.214553966,156.214553966
156.306544646,1.8964919855154916,3.7347499821989567,0.011177866879148195,0.0,0.0,False,0.0,0.0,-0.10111310295927393,MODEL_ONLY,DUPLICATE_OR_OLD,DUPLICATE_OR_OLD,156.214553966,156.214553966
156.35654464599997,1.907954035162413,3.8298611327158723,0.006179979046357639,0.0,0.0,False,0.0,0.6179979046357637,-0.09515889397493808,FUSED,ACCEPTED,ACCEPTED,156.306526372,156.306526372
156.406544646,1.92383814885439,3.9256559373163142,0.011179979046358776,0.0,0.0,False,0.0,0.0,-0.09515889397493808,MODEL_ONLY,DUPLICATE_OR_OLD,DUPLICATE_OR_OLD,156.306526372,156.306526372
156.456544646,1.9390107750662393,4.022227160414352,0.006180287240760644,0.0,0.0,False,0.0,0.618028724076064,-0.08669024940230158,FUSED,ACCEPTED,ACCEPTED,156.424485031,156.424485031
156.50654464599998,1.9540593971940128,4.119553914720824,0.011180287240758938,0.0,0.0,False,0.0,0.0,-0.08669024940230158,MODEL_ONLY,DUPLICATE_OR_OLD,DUPLICATE_OR_OLD,156.424485031,156.424485031
156.556544646,1.9689111944933666,4.2176281795130315,0.006180332206427818,0.0,0.0,False,0.0,0.6180332206427817,-0.08391321289818503,FUSED,ACCEPTED,ACCEPTED,156.506462162,156.506462162
156.60654464599997,1.9821115456353726,4.316403748016216,0.011180332206426113,0.0,0.0,False,0.0,0.0,-0.08391321289818503,MODEL_ONLY,DUPLICATE_OR_OLD,DUPLICATE_OR_OLD,156.506462162,156.506462162
156.656544646,1.987534918706161,4.415644909624778,0.006180338766845363,0.0,0.0,False,0.0,0.6180338766845361,-0.09597819852495204,FUSED,ACCEPTED,ACCEPTED,156.624431673,156.624431673
156.706544646,1.9977012525026956,4.5152758139050215,0.011180338766846501,0.0,0.0,False,0.0,0.0,-0.09597819852495204,MODEL_ONLY,DUPLICATE_OR_OLD,DUPLICATE_OR_OLD,156.624431673,156.624431673
156.75654464599998,2.005113182405184,4.6153461747776845,0.006180339723997705,0.0,0.0,False,0.0,0.6180339723997703,-0.08873119291471292,FUSED,ACCEPTED,ACCEPTED,156.708412374,156.708412374
156.806544646,2.013757484112553,4.71581794144065,0.011180339723998841,0.0,0.0,False,0.0,0.0,-0.08873119291471292,MODEL_ONLY,DUPLICATE_OR_OLD,DUPLICATE_OR_OLD,156.708412374,156.708412374
156.85654464599997,2.0136827743505914,4.816503947902195,0.006180339863644356,0.0,0.0,False,0.0,0.6180339863644355,-0.10582434069947325,FUSED,ACCEPTED,ACCEPTED,156.842372565,156.842372565
156.906544646,2.020011605945663,4.917346307409623,0.011180339863645493,0.0,0.0,False,0.0,0.0,-0.10582434069947325,MODEL_ONLY,DUPLICATE_OR_OLD,DUPLICATE_OR_OLD,156.842372565,156.842372565
156.956544646,2.024639209064284,5.018462577784895,0.01618033986364663,0.0,0.0,False,0.0,0.0,-0.10582434069947325,MODEL_ONLY,DUPLICATE_OR_OLD,DUPLICATE_OR_OLD,156.842372565,156.842372565
157.00654464599998,2.0277689377811052,5.119772781455995,0.021180339863644922,0.0,0.0,False,0.0,0.0,-0.10582434069947325,MODEL_ONLY,DUPLICATE_OR_OLD,DUPLICATE_OR_OLD,156.842372565,156.842372565
157.056544646,2.0295798385129578,5.22120650086337,0.02618033986364606,0.0,0.0,False,0.0,0.0,-0.10582434069947325,MODEL_ONLY,DUPLICATE_OR_OLD,DUPLICATE_OR_OLD,156.842372565,156.842372565
157.10654464599997,2.025318197959237,5.32257895177514,0.031180339863644355,0.0,0.0,False,0.0,0.0,-0.10582434069947325,MODEL_ONLY,MISSING_OR_STALE,MISSING_OR_STALE,156.842372565,156.842372565
157.156544646,2.024945531942461,5.423835545022705,0.0677492681948235,0.007771769350671164,0.15543538701338794,True,0.031568928331178005,0.0,-0.10582434069947325,MODEL_ONLY,MISSING_OR_STALE,MISSING_OR_STALE,156.842372565,156.842372565
157.206544646,2.023672692019221,5.52505100062177,0.07391503359742559,0.015543538701342329,0.15543538701338794,True,0.0011657654026009396,0.0,-0.10582434069947325,MODEL_ONLY,MISSING_OR_STALE,MISSING_OR_STALE,156.842372565,156.842372565
157.25654464599998,2.0216072792756408,5.626182999904107,0.0808579759350908,0.023315308052009074,0.15543538701338794,True,0.0019429423376669075,0.0,-0.10582434069947325,MODEL_ONLY,MISSING_OR_STALE,MISSING_OR_STALE,156.842372565,156.842372565
157.306544646,2.0188440328456765,5.727194282707163,0.08857809520782702,0.031087077402680238,0.15543538701338794,True,0.002720119272735084,0.0,-0.10582434069947325,MODEL_ONLY,MISSING_OR_STALE,MISSING_OR_STALE,156.842372565,156.842372565
157.35654464599997,2.0144128688474545,5.828025705249457,0.09707539141562548,0.038858846753346984,0.15543538701338794,True,0.0034972962078001686,0.0,-0.10582434069947325,MODEL_ONLY,MISSING_OR_STALE,MISSING_OR_STALE,156.842372565,156.842372565
157.406544646,2.0085131595809247,5.92859885596019,0.10634986455849585,0.04663061610401815,0.15543538701338794,True,0.004274473142869229,0.0,-0.10582434069947325,MODEL_ONLY,MISSING_OR_STALE,MISSING_OR_STALE,156.842372565,156.842372565
157.456544646,2.0013204456444478,6.028844696090847,0.11640151463643351,0.05440238545468931,0.15543538701338794,True,0.005051650077936522,0.0,-0.10582434069947325,MODEL_ONLY,MISSING_OR_STALE,MISSING_OR_STALE,156.842372565,156.842372565
157.50654464599998,1.9929892846254331,6.12870243934756,0.1272303416494321,0.062174154805356055,0.15543538701338794,True,0.0058288270130002805,0.0,-0.10582434069947325,MODEL_ONLY,MISSING_OR_STALE,MISSING_OR_STALE,156.842372565,156.842372565
157.556544646,1.9836557592765311,6.228118565445132,0.1388363455975039,0.06994592415602723,0.15543538701338794,True,0.006606003948070666,0.0,-0.10582434069947325,MODEL_ONLY,MISSING_OR_STALE,MISSING_OR_STALE,156.842372565,156.842372565
157.60654464599997,1.973439685880392,6.327045951574021,0.15121952648063575,0.07771769350669397,0.15543538701338794,True,0.007383180883133542,0.0,-0.10582434069947325,MODEL_ONLY,MISSING_OR_STALE,MISSING_OR_STALE,156.842372565,156.842372565
157.656544646,1.962446558640416,6.425443107687064,0.1643798842988417,0.08548946285736514,0.15543538701338794,True,0.008160357818204811,0.0,-0.10582434069947325,MODEL_ONLY,MISSING_OR_STALE,MISSING_OR_STALE,156.842372565,156.842372565
157.706544646,1.9507692616514378,6.523273503194383,0.17831741905211496,0.09326123220803631,0.15543538701338794,True,0.008937534753272103,0.0,-0.10582434069947325,MODEL_ONLY,MISSING_OR_STALE,MISSING_OR_STALE,156.842372565,156.842372565
157.75654464599998,1.9384895762322303,6.620504974141442,0.1930321307404469,0.10103300155870305,0.15543538701338794,True,0.009714711688333655,0.0,-0.10582434069947325,MODEL_ONLY,MISSING_OR_STALE,MISSING_OR_STALE,156.842372565,156.842372565
157.806544646,1.9256795080810294,6.717109201249295,0.20852401936385428,0.10880477090937422,0.15543538701338794,True,0.010491888623406248,0.0,-0.10582434069947325,MODEL_ONLY,MISSING_OR_STALE,MISSING_OR_STALE,156.842372565,156.842372565
157.85654464599997,1.9114331508832652,6.81303701772337,0.22479308492231947,0.11657654026004097,0.15543538701338794,True,0.011269065558466917,0.0,-0.10582434069947325,MODEL_ONLY,MISSING_OR_STALE,MISSING_OR_STALE,156.842372565,156.842372565
157.906544646,1.8959221895361962,6.908220901233878,0.241839327415861,0.12434830961071214,0.15543538701338794,True,0.012046242493540393,0.0,-0.10582434069947325,MODEL_ONLY,MISSING_OR_STALE,MISSING_OR_STALE,156.842372565,156.842372565
157.956544646,1.8792977868131016,7.002601400642631,0.2596627468444698,0.1321200789613833,0.15543538701338794,True,0.012823419428607687,0.0,-0.10582434069947325,MODEL_ONLY,MISSING_OR_STALE,MISSING_OR_STALE,156.842372565,156.842372565
158.00654464599998,1.8616930364481916,7.096126171224132,0.2782633432081351,0.13989184831205007,0.15543538701338794,True,0.01360059636366703,0.0,-0.10582434069947325,MODEL_ONLY,MISSING_OR_STALE,MISSING_OR_STALE,156.842372565,156.842372565
158.056544646,1.843225122995343,7.188749125210241,0.2976411165068781,0.14766361766272124,0.15543538701338794,True,0.014377773298741833,0.0,-0.10582434069947325,MODEL_ONLY,MISSING_OR_STALE,MISSING_OR_STALE,156.842372565,156.842372565
158.10654464599997,1.8239972235111903,7.280429683872873,0.3177960667406767,0.155435387013388,0.15543538701338794,True,0.015154950233800292,0.0,-0.10582434069947325,MODEL_ONLY,MISSING_OR_STALE,MISSING_OR_STALE,156.842372565,156.842372565
158.156544646,1.8041001819230293,7.371132119008749,0.3387281939095538,0.16320715636405916,0.15543538701338794,True,0.01593212716887598,0.0,-0.10582434069947325,MODEL_ONLY,MISSING_OR_STALE,MISSING_OR_STALE,156.842372565,156.842372565
158.206544646,1.783613983253677,7.460824973138187,0.36043749801349817,0.17097892571473033,0.15543538701338794,True,0.016709304103943272,0.0,-0.10582434069947325,MODEL_ONLY,MISSING_OR_STALE,MISSING_OR_STALE,156.842372565,156.842372565
158.25654464599998,1.7626090516269095,7.549480549010171,0.38292397905249687,0.1787506950653971,0.15543538701338794,True,0.01748648103900041,0.0,-0.10582434069947325,MODEL_ONLY,MISSING_OR_STALE,MISSING_OR_STALE,156.842372565,156.842372565
158.306544646,1.7411473931177701,7.637074460128807,0.4061876370265754,0.18652246441606826,0.15543538701338794,True,0.01826365797407742,0.0,-0.10582434069947325,MODEL_ONLY,MISSING_OR_STALE,MISSING_OR_STALE,156.842372565,156.842372565
158.35654464599997,1.719283601994198,7.723585235006577,0.43022847193570735,0.19429423376673502,0.15543538701338794,True,0.01904083490913367,0.0,-0.10582434069947325,MODEL_ONLY,MISSING_OR_STALE,MISSING_OR_STALE,156.842372565,156.842372565
158.406544646,1.6970657466791035,7.808993968723429,0.45504648377992,0.2020660031174062,0.15543538701338794,True,0.019818011844211565,0.0,-0.10582434069947325,MODEL_ONLY,MISSING_OR_STALE,MISSING_OR_STALE,156.842372565,156.842372565
158.456544646,1.6745361498107976,7.893284016135695,0.4806416725592,0.20983777246807736,0.15543538701338794,True,0.02059518877927886,0.0,-0.10582434069947325,MODEL_ONLY,MISSING_OR_STALE,MISSING_OR_STALE,156.842372565,156.842372565
158.50654464599998,1.6517320750604298,7.976440721757447,0.5070140382735321,0.21760954181874412,0.15543538701338794,True,0.021372365714333784,0.0,-0.10582434069947325,MODEL_ONLY,MISSING_OR_STALE,MISSING_OR_STALE,156.842372565,156.842372565
158.556544646,1.6286863318523888,8.058451181930286,0.5341635809229462,0.2253813111694153,0.15543538701338794,True,0.022149542649413007,0.0,-0.10582434069947325,MODEL_ONLY,MISSING_OR_STALE,MISSING_OR_STALE,156.842372565,156.842372565
158.60654464599997,1.6054278078013744,8.139304035421603,0.5620903005074116,0.23315308052008205,0.15543538701338794,True,0.022926719584467046,0.0,-0.10582434069947325,MODEL_ONLY,MISSING_OR_STALE,MISSING_OR_STALE,156.842372565,156.842372565
158.656544646,1.581326492220623,8.21897289292217,0.5907941970269599,0.24092484987075322,0.15543538701338794,True,0.02370389651954715,0.0,-0.10582434069947325,MODEL_ONLY,MISSING_OR_STALE,MISSING_OR_STALE,156.842372565,156.842372565
158.706544646,1.5564831272760256,8.297418133409606,0.6202752704815755,0.2486966192214244,0.15543538701338794,True,0.024481073454614446,0.0,-0.10582434069947325,MODEL_ONLY,MISSING_OR_STALE,MISSING_OR_STALE,156.842372565,156.842372565
158.75654464599998,1.530986413118676,8.374604871919447,0.650533520871241,0.25646838857209114,0.15543538701338794,True,0.025258250389667163,0.0,-0.10582434069947325,MODEL_ONLY,MISSING_OR_STALE,MISSING_OR_STALE,156.842372565,156.842372565
158.806544646,1.5049144473327665,8.45050239343075,0.6815689481959907,0.2642401579227623,0.15543538701338794,True,0.026035427324748592,0.0,-0.10582434069947325,MODEL_ONLY,MISSING_OR_STALE,MISSING_OR_STALE,156.842372565,156.842372565
158.85654464599997,1.4783359923286075,8.525083654422259,0.7133815524557894,0.27201192727342904,0.15543538701338794,True,0.02681260425980042,0.0,-0.10582434069947325,MODEL_ONLY,MISSING_OR_STALE,MISSING_OR_STALE,156.842372565,156.842372565
158.906544646,1.451311591249355,8.598324844011724,0.7459713336506733,0.2797836966241002,0.15543538701338794,True,0.027589781194882736,0.0,-0.10582434069947325,MODEL_ONLY,MISSING_OR_STALE,MISSING_OR_STALE,156.842372565,156.842372565
158.956544646,1.4238945505030822,8.670204997555551,0.7793382917806244,0.28755546597477133,0.15543538701338794,True,0.028366958129950028,0.0,-0.10582434069947325,MODEL_ONLY,MISSING_OR_STALE,MISSING_OR_STALE,156.842372565,156.842372565
159.00654464599998,1.3961318048673326,8.740705656439788,0.8134824268456233,0.2953272353254381,0.15543538701338794,True,0.02914413506500053,0.0,-0.10582434069947325,MODEL_ONLY,MISSING_OR_STALE,MISSING_OR_STALE,156.842372565,156.842372565
159.056544646,1.368064679209215,8.809810568541717,0.8484037388457086,0.30309900467610923,0.15543538701338794,True,0.02992131200008417,0.0,-0.10582434069947325,MODEL_ONLY,MISSING_OR_STALE,MISSING_OR_STALE,156.842372565,156.842372565
159.10654464599997,1.3397295591877614,8.877505424501619,0.8841022277808408,0.310870774026776,0.15543538701338794,True,0.03069848893513379,0.0,-0.10582434069947325,MODEL_ONLY,MISSING_OR_STALE,MISSING_OR_STALE,156.842372565,156.842372565
159.156544646,1.3111584818295197,8.943777625527066,0.9205778936510602,0.31864254337744713,0.15543538701338794,True,0.031475665870218314,0.0,-0.10582434069947325,MODEL_ONLY,MISSING_OR_STALE,MISSING_OR_STALE,156.842372565,156.842372565
159.206544646,1.2823796555714642,9.008616078962104,0.957830736456347,0.32641431272811827,0.15543538701338794,True,0.032252842805285606,0.0,-0.10582434069947325,MODEL_ONLY,MISSING_OR_STALE,MISSING_OR_STALE,156.842372565,156.842372565
159.25654464599998,1.25341791822322,9.07201101830695,0.9958607561966792,0.33418608207878503,0.15543538701338794,True,0.0330300197403339,0.0,-0.10582434069947325,MODEL_ONLY,MISSING_OR_STALE,MISSING_OR_STALE,156.842372565,156.842372565
159.306544646,1.224295140298336,9.133953844770003,1.0346679528721001,0.34195785142945617,0.15543538701338794,True,0.033807196675419746,0.0,-0.10582434069947325,MODEL_ONLY,MISSING_OR_STALE,MISSING_OR_STALE,156.842372565,156.842372565
159.35654464599997,1.1950305802840577,9.194436987784542,1.0742523264825656,0.34972962078012293,0.15543538701338794,True,0.03458437361046716,0.0,-0.10582434069947325,MODEL_ONLY,MISSING_OR_STALE,MISSING_OR_STALE,156.842372565,156.842372565
159.406544646,1.1656411976469876,9.253453782232832,1.1146138770281206,0.35750139013079407,0.15543538701338794,True,0.03536155054555389,0.0,-0.10582434069947325,MODEL_ONLY,MISSING_OR_STALE,MISSING_OR_STALE,156.842372565,156.842372565
159.456544646,1.1361419286985464,9.310998360391483,1.155752604508743,0.3652731594814652,0.15543538701338794,True,0.036138727480621184,0.0,-0.10582434069947325,MODEL_ONLY,MISSING_OR_STALE,MISSING_OR_STALE,156.842372565,156.842372565
159.50654464599998,1.1065459298560363,9.367065556855328,1.1976685089244086,0.373044928832132,0.15543538701338794,True,0.036915904415667264,0.0,-0.10582434069947325,MODEL_ONLY,MISSING_OR_STALE,MISSING_OR_STALE,156.842372565,156.842372565
159.556544646,1.0768647923275998,9.421650824909932,1.240361590275165,0.3808166981828031,0.15543538701338794,True,0.037693081350755324,0.0,-0.10582434069947325,MODEL_ONLY,MISSING_OR_STALE,MISSING_OR_STALE,156.842372565,156.842372565
159.60654464599997,1.0471087318140675,9.474750163013455,1.2838318485609639,0.3885884675334699,0.15543538701338794,True,0.03847025828580052,0.0,-0.10582434069947325,MODEL_ONLY,MISSING_OR_STALE,MISSING_OR_STALE,156.842372565,156.842372565
159.656544646,1.0172867564531511,9.526360050220148,1.3280792837818547,0.396360236884141,0.15543538701338794,True,0.03924743522088947,0.0,-0.10582434069947325,MODEL_ONLY,MISSING_OR_STALE,MISSING_OR_STALE,156.842372565,156.842372565
159.706544646,0.9868742367660207,9.57646407505064,1.3731038959378128,0.40413200623481216,0.15543538701338794,True,0.04002461215595676,0.0,-0.10582434069947325,MODEL_ONLY,MISSING_OR_STALE,MISSING_OR_STALE,156.842372565,156.842372565
159.75654464599998,0.9559418754648713,9.625034477856396,1.4189056850288118,0.4119037755854789,0.15543538701338794,True,0.040801789091000636,0.0,-0.10582434069947325,MODEL_ONLY,MISSING_OR_STALE,MISSING_OR_STALE,156.842372565,156.842372565
159.806544646,0.9245519672082174,9.672046823923234,1.4654846510549038,0.41967554493615006,0.15543538701338794,True,0.0415789660260909,0.0,-0.10582434069947325,MODEL_ONLY,MISSING_OR_STALE,MISSING_OR_STALE,156.842372565,156.842372565
159.85654464599997,0.8922981295552403,9.717468076342305,1.512840794016036,0.4274473142868168,0.15543538701338794,True,0.042356142961133894,0.0,-0.10582434069947325,MODEL_ONLY,MISSING_OR_STALE,MISSING_OR_STALE,156.842372565,156.842372565
159.906544646,0.8588708101120455,9.761247299833997,1.5609741139122624,0.43521908363748796,0.15543538701338794,True,0.04313331989622505,0.0,-0.10582434069947325,MODEL_ONLY,MISSING_OR_STALE,MISSING_OR_STALE,156.842372565,156.842372565
159.956544646,0.8240330259492599,9.80331989573554,1.609884610743556,0.4429908529881591,0.15543538701338794,True,0.04391049683129234,0.0,-0.10582434069947325,MODEL_ONLY,MISSING_OR_STALE,MISSING_OR_STALE,156.842372565,156.842372565
160.00654464599998,0.7879542294525603,9.84361957712057,1.6595722845098884,0.45076262233882586,0.15543538701338794,True,0.044687673766334,0.0,-0.10582434069947325,MODEL_ONLY,MISSING_OR_STALE,MISSING_OR_STALE,156.842372565,156.842372565
160.056544646,0.750433760309189,9.882079276864623,1.7100371352113162,0.458534391689497,0.15543538701338794,True,0.04546485070142648,0.0,-0.10582434069947325,MODEL_ONLY,MISSING_OR_STALE,MISSING_OR_STALE,156.842372565,156.842372565
160.10654464599997,0.7113178692853953,9.918623067604475,1.7612791628477817,0.46630616104016376,0.15543538701338794,True,0.046242027636467266,0.0,-0.10582434069947325,MODEL_ONLY,MISSING_OR_STALE,MISSING_OR_STALE,156.842372565,156.842372565
160.156544646,0.6708005541068791,9.95317602818929,1.8132983674193437,0.4740779303908349,0.15543538701338794,True,0.04701920457156063,0.0,-0.10582434069947325,MODEL_ONLY,MISSING_OR_STALE,MISSING_OR_STALE,156.842372565,156.842372565
160.206544646,0.6287449734692153,9.9856646663787,1.866094748925973,0.48184969974150604,0.15543538701338794,True,0.04779638150662791,0.0,-0.10582434069947325,MODEL_ONLY,MISSING_OR_STALE,MISSING_OR_STALE,156.842372565,156.842372565
160.25654464599998,0.5850497478899435,10.016009534412667,1.9196683073676386,0.4896214690921728,0.15543538701338794,True,0.04857355844166737,0.0,-0.10582434069947325,MODEL_ONLY,MISSING_OR_STALE,MISSING_OR_STALE,156.842372565,156.842372565
160.306544646,0.5399248985091634,10.044133900572652,1.974019042744402,0.49739323844284394,0.15543538701338794,True,0.04935073537676206,0.0,-0.10582434069947325,MODEL_ONLY,MISSING_OR_STALE,MISSING_OR_STALE,156.842372565,156.842372565
160.35654464599997,0.49356389119675986,10.06997112031529,2.0291469550562007,0.5051650077935107,0.15543538701338794,True,0.05012791231180063,0.0,-0.10582434069947325,MODEL_ONLY,MISSING_OR_STALE,MISSING_OR_STALE,156.842372565,156.842372565
160.406544646,0.44587361671365955,10.093457058013056,2.085052044303098,0.5129367771441818,0.15543538701338794,True,0.050905089246896205,0.0,-0.10582434069947325,MODEL_ONLY,MISSING_OR_STALE,MISSING_OR_STALE,156.842372565,156.842372565
160.456544646,0.397075330502337,10.11453078169346,2.141734310485063,0.520708546494853,0.15543538701338794,True,0.05168226618196349,0.0,-0.10582434069947325,MODEL_ONLY,MISSING_OR_STALE,MISSING_OR_STALE,156.842372565,156.842372565
160.50654464599998,0.3474037610546754,10.133142758982379,2.199193753602062,0.5284803158455197,0.15543538701338794,True,0.052459443117000744,0.0,-0.10582434069947325,MODEL_ONLY,MISSING_OR_STALE,MISSING_OR_STALE,156.842372565,156.842372565
160.556544646,0.29687678086418906,10.149249772530354,2.2574303736541608,0.5362520851961908,0.15543538701338794,True,0.05323662005209763,0.0,-0.10582434069947325,MODEL_ONLY,MISSING_OR_STALE,MISSING_OR_STALE,156.842372565,156.842372565
160.60654464599997,0.24587850580258772,10.162818654697018,2.316444170641293,0.5440238545468575,0.15543538701338794,True,0.054013796987133995,0.0,-0.10582434069947325,MODEL_ONLY,MISSING_OR_STALE,MISSING_OR_STALE,156.842372565,156.842372565
160.656544646,0.1949124179993576,10.173838427792068,2.376235144563526,0.5517956238975287,0.15543538701338794,True,0.05479097392223177,0.0,-0.10582434069947325,MODEL_ONLY,MISSING_OR_STALE,MISSING_OR_STALE,156.842372565,156.842372565
160.706544646,0.14465407637542743,10.18232759015144,2.4368032954208263,0.5595673932481998,0.15543538701338794,True,0.05556815085729906,0.0,-0.10582434069947325,MODEL_ONLY,MISSING_OR_STALE,MISSING_OR_STALE,156.842372565,156.842372565
160.75654464599998,0.09598217148129654,10.188343496347855,2.4981486232131584,0.5673391625988665,0.15543538701338794,True,0.0563453277923341,0.0,-0.10582434069947325,MODEL_ONLY,MISSING_OR_STALE,MISSING_OR_STALE,156.842372565,156.842372565
160.806544646,0.04982761005186914,10.191988740886185,2.560271127940593,0.5751109319495377,0.15543538701338794,True,0.057122504727433195,0.0,-0.10582434069947325,MODEL_ONLY,MISSING_OR_STALE,MISSING_OR_STALE,156.842372565,156.842372565
160.85654464599997,0.007345171630375888,10.19341806042824,2.6231708096030584,0.5828827013002044,0.15543538701338794,True,0.05789968166246735,0.0,-0.10582434069947325,MODEL_ONLY,MISSING_OR_STALE,MISSING_OR_STALE,156.842372565,156.842372565
160.906544646,0.0,10.193601689719,2.686847668200627,0.5906544706508755,0.15543538701338794,True,0.058676858597567334,0.0,-0.10582434069947325,MODEL_ONLY,MISSING_OR_STALE,MISSING_OR_STALE,156.842372565,156.842372565
160.956544646,-0.03384028433257361,10.192755682610684,2.751301703733263,0.5984262400015466,0.15543538701338794,True,0.059454035532634626,0.0,-0.10582434069947325,MODEL_ONLY,MISSING_OR_STALE,MISSING_OR_STALE,156.842372565,156.842372565
161.00654464599998,-0.06273097991406308,10.190341401004519,2.8165329162009285,0.6061980093522134,0.15543538701338794,True,0.06023121246766746,0.0,-0.10582434069947325,MODEL_ONLY,MISSING_OR_STALE,MISSING_OR_STALE,156.842372565,156.842372565
161.056544646,-0.08640061880655656,10.186613111036502,2.8825413056036986,0.6139697787028845,0.15543538701338794,True,0.061008389402768766,0.0,-0.10582434069947325,MODEL_ONLY,MISSING_OR_STALE,MISSING_OR_STALE,156.842372565,156.842372565
161.10654464599997,-0.10483971858180478,10.181832102601795,2.9493268719414973,0.6217415480535512,0.15543538701338794,True,0.06178556633780071,0.0,-0.10582434069947325,MODEL_ONLY,MISSING_OR_STALE,MISSING_OR_STALE,156.842372565,156.842372565
161.156544646,-0.1182328747308067,10.17625528776898,3.0168896152144016,0.6295133174042223,0.15543538701338794,True,0.06256274327290291,0.0,-0.10582434069947325,MODEL_ONLY,MISSING_OR_STALE,MISSING_OR_STALE,156.842372565,156.842372565
161.206544646,-0.12689662853847483,10.170127050187245,3.085229535422373,0.6372850867548935,0.15543538701338794,True,0.06333992020797019,0.0,-0.10582434069947325,MODEL_ONLY,MISSING_OR_STALE,MISSING_OR_STALE,156.842372565,156.842372565
161.25654464599998,-0.1312320632218606,10.16367383289324,3.154346632565372,0.6450568561055602,0.15543538701338794,True,0.06411709714300082,0.0,-0.10582434069947325,MODEL_ONLY,MISSING_OR_STALE,MISSING_OR_STALE,156.842372565,156.842372565
161.306544646,-0.13154771481208252,10.15710433844239,3.2242409066434776,0.6528286254562313,0.15543538701338794,True,0.06489427407810433,0.0,-0.10582434069947325,MODEL_ONLY,MISSING_OR_STALE,MISSING_OR_STALE,156.842372565,156.842372565
161.35654464599997,-0.12834789484584158,10.150606948200943,3.2949123576566097,0.660600394806898,0.15543538701338794,True,0.06567145101313407,0.0,-0.10582434069947325,MODEL_ONLY,MISSING_OR_STALE,MISSING_OR_STALE,156.842372565,156.842372565
161.406544646,-0.12259823508921386,10.144333294952565,3.3663609856048495,0.6683721641575692,0.15543538701338794,True,0.06644862794823847,0.0,-0.10582434069947325,MODEL_ONLY,MISSING_OR_STALE,MISSING_OR_STALE,156.842372565,156.842372565
161.456544646,-0.11490403785019038,10.138395738129079,3.4385867904881566,0.6761439335082403,0.15543538701338794,True,0.06722580488330576,0.0,-0.10582434069947325,MODEL_ONLY,MISSING_OR_STALE,MISSING_OR_STALE,156.842372565,156.842372565
161.50654464599998,-0.10599622109997696,10.132873231655326,3.511589772306489,0.683915702858907,0.15543538701338794,True,0.06800298181833417,0.0,-0.10582434069947325,MODEL_ONLY,MISSING_OR_STALE,MISSING_OR_STALE,156.842372565,156.842372565
161.556544646,-0.09637416376107603,10.127813972033799,3.58536993105993,0.6916874722095782,0.15543538701338794,True,0.0687801587534399,0.0,-0.10582434069947325,MODEL_ONLY,MISSING_OR_STALE,MISSING_OR_STALE,156.842372565,156.842372565
161.60654464599997,-0.08648300780723746,10.123242542744594,3.6599272667483955,0.6994592415602449,0.15543538701338794,True,0.06955733568846743,0.0,-0.10582434069947325,MODEL_ONLY,MISSING_OR_STALE,MISSING_OR_STALE,156.842372565,156.842372565
161.656544646,-0.07670820570317663,10.119162762406832,3.735261779371971,0.707231010910916,0.15543538701338794,True,0.07033451262357404,0.0,-0.10582434069947325,MODEL_ONLY,MISSING_OR_STALE,MISSING_OR_STALE,156.842372565,156.842372565
161.706544646,-0.06737244063513395,10.115560746248374,3.8113734689306136,0.7150027802615871,0.15543538701338794,True,0.07111168955864133,0.0,-0.10582434069947325,MODEL_ONLY,MISSING_OR_STALE,MISSING_OR_STALE,156.842372565,156.842372565
161.75654464599998,-0.058735772157770066,10.112408040928552,3.888262335424279,0.7227745496122538,0.15543538701338794,True,0.07188886649366753,0.0,-0.10582434069947325,MODEL_ONLY,MISSING_OR_STALE,MISSING_OR_STALE,156.842372565,156.842372565
161.806544646,-0.05084810149872711,10.109668444087138,3.965928378853056,0.730546318962925,0.15543538701338794,True,0.07266604342877546,0.0,-0.10582434069947325,MODEL_ONLY,MISSING_OR_STALE,MISSING_OR_STALE,156.842372565,156.842372565
161.85654464599997,-0.043875632099322825,10.107300350747188,4.044371599216855,0.7383180883135917,0.15543538701338794,True,0.07344322036380078,0.0,-0.10582434069947325,MODEL_ONLY,MISSING_OR_STALE,MISSING_OR_STALE,156.842372565,156.842372565
161.906544646,-0.03779920431264125,10.10525847983689,4.123591996515765,0.7460898576642628,0.15543538701338794,True,0.0742203972989096,0.0,-0.10582434069947325,MODEL_ONLY,MISSING_OR_STALE,MISSING_OR_STALE,156.842372565,156.842372565
161.956544646,-0.03259007446889418,10.10349874786735,4.203589570749743,0.753861627014934,0.15543538701338794,True,0.07499757423397689,0.0,-0.10582434069947325,MODEL_ONLY,MISSING_OR_STALE,MISSING_OR_STALE,156.842372565,156.842372565
162.00654464599998,1.96848886623893,10.151896217661585,0.06656019581194798,0.01183243631725279,0.15543538701338794,True,0.07577475116900088,0.9844643940592477,-0.10582434069947325,FUSED,ACCEPTED,ACCEPTED,161.906986369,161.906986369
162.056544646,1.9666122209172445,10.250273744840513,0.07313202791120832,0.019604205667923955,0.15543538701338794,True,0.0015718320992591946,0.0,-0.10582434069947325,MODEL_ONLY,DUPLICATE_OR_OLD,DUPLICATE_OR_OLD,161.906986369,161.906986369
162.10654464599997,1.9959065101484748,10.349336713117122,0.008894796043725728,0.0030256035897412055,0.15543538701338794,False,0.0023490090343249318,0.8894796043725729,-0.09164472277430574,FUSED,ACCEPTED,ACCEPTED,162.014953994,162.014953994
162.156544646,1.9964021846275024,10.449144430486545,0.0058149883423569484,0.0030256035897412055,0.15543538701338794,False,0.0,0.5814988342356948,-0.07561906462328379,FUSED,ACCEPTED,ACCEPTED,162.112917507,162.112917507
162.206544646,1.9913248893692355,10.548837607336486,0.010814988342358086,0.0030256035897412055,0.15543538701338794,False,0.0,0.0,-0.07561906462328379,MODEL_ONLY,DUPLICATE_OR_OLD,DUPLICATE_OR_OLD,162.112917507,162.112917507
162.25654464599998,1.985036810648937,10.648246649836906,0.01581498834235638,0.0030256035897412055,0.15543538701338794,False,0.0,0.0,-0.07561906462328379,MODEL_ONLY,DUPLICATE_OR_OLD,DUPLICATE_OR_OLD,162.112917507,162.112917507
162.306544646,1.9927576405675256,10.74769151111734,0.0067548259668642335,0.0030256035897412055,0.15543538701338794,False,0.0,0.6754825966864232,-0.032816339955716166,FUSED,ACCEPTED,ACCEPTED,162.284875399,162.284875399
162.35654464599997,1.9938427543640795,10.847356520990596,0.005403318778448405,0.0030256035897412055,0.15543538701338794,False,0.0,0.5403318778448405,-0.032816339955716166,FUSED,ACCEPTED,ACCEPTED,162.322861567,162.322861567
162.406544646,1.9868637055982483,10.946874182489676,0.010403318778449543,0.0030256035897412055,0.15543538701338794,False,0.0,0.0,-0.032816339955716166,MODEL_ONLY,DUPLICATE_OR_OLD,DUPLICATE_OR_OLD,162.322861567,162.322861567
162.456544646,1.9885221737334002,11.04625882947299,0.006063506470468388,0.0030256035897412055,0.15543538701338794,False,0.0,0.6063506470468387,-0.0031832596251464423,FUSED,ACCEPTED,ACCEPTED,162.410838709,162.410838709
162.50654464599998,1.98363754197102,11.145562822365568,0.011063506470466684,0.0030256035897412055,0.15543538701338794,False,0.0,0.0,-0.0031832596251464423,MODEL_ONLY,DUPLICATE_OR_OLD,DUPLICATE_OR_OLD,162.410838709,162.410838709
162.556544646,1.9892196248624148,11.244884251536426,0.006163217711580423,0.0030256035897412055,0.15543538701338794,False,0.0,0.6163217711580422,0.013301817574721972,FUSED,ACCEPTED,ACCEPTED,162.508813872,162.508813872
162.60654464599997,1.985634273675213,11.344255598999831,0.01116321771157872,0.0030256035897412055,0.15543538701338794,False,0.0,0.0,0.013301817574721972,MODEL_ONLY,DUPLICATE_OR_OLD,DUPLICATE_OR_OLD,162.508813872,162.508813872
162.656544646,1.9914646927232242,11.443683073159816,0.006177840160855295,0.0030256035897412055,0.15543538701338794,False,0.0,0.6177840160855292,0.02624880731886959,FUSED,ACCEPTED,ACCEPTED,162.614783088,162.614783088
162.706544646,1.9888949416928217,11.54319206402024,0.011177840160856432,0.0030256035897412055,0.15543538701338794,False,0.0,0.0,0.02624880731886959,MODEL_ONLY,DUPLICATE_OR_OLD,DUPLICATE_OR_OLD,162.614783088,162.614783088
162.75654464599998,1.9934658126555764,11.642751082878917,0.006179975147470878,0.0030256035897412055,0.15543538701338794,False,0.0,0.6179975147470879,0.034694738105122226,FUSED,ACCEPTED,ACCEPTED,162.710757792,162.710757792
162.806544646,1.991603833804769,11.742377824040448,0.011179975147472015,0.0030256035897412055,0.15543538701338794,False,0.0,0.0,0.034694738105122226,MODEL_ONLY,DUPLICATE_OR_OLD,DUPLICATE_OR_OLD,162.710757792,162.710757792
162.85654464599997,1.9958285009755754,11.842063632409921,0.00618028667190455,0.0030256035897412055,0.15543538701338794,False,0.0,0.6180286671904549,0.04278697748905927,FUSED,ACCEPTED,ACCEPTED,162.842716787,162.842716787
162.906544646,1.9945924407959743,11.941824155954233,0.011180286671905688,0.0030256035897412055,0.15543538701338794,False,0.0,0.0,0.04278697748905927,MODEL_ONLY,DUPLICATE_OR_OLD,DUPLICATE_OR_OLD,162.842716787,162.842716787
162.956544646,1.9947545238957172,12.041557830071548,0.016180286671906824,0.0030256035897412055,0.15543538701338794,False,0.0,0.0,0.04278697748905927,MODEL_ONLY,RATE_ANOMALY,RATE_ANOMALY,162.910709226,162.910709226
163.00654464599998,1.9936900253120813,12.141268943801709,0.021180286671905118,0.0030256035897412055,0.15543538701338794,False,0.0,0.0,0.04278697748905927,MODEL_ONLY,DUPLICATE_OR_OLD,DUPLICATE_OR_OLD,162.910709226,162.910709226
163.056544646,1.9926962528796746,12.240928600756526,0.026180286671906257,0.0030256035897412055,0.15543538701338794,False,0.0,0.0,0.04278697748905927,MODEL_ONLY,ZERO_LOCK_SUSPECT,ZERO_LOCK_SUSPECT,163.014672386,163.014672386
163.10654464599997,1.9917647524424482,12.340540125889545,0.03118028667190455,0.0030256035897412055,0.15543538701338794,False,0.0,0.0,0.04278697748905927,MODEL_ONLY,DUPLICATE_OR_OLD,DUPLICATE_OR_OLD,163.014672386,163.014672386
163.156544646,1.9908880804006075,12.440106446710644,0.0677491618113439,0.007771769350671164,0.15543538701338794,True,0.0315688751394382,0.0,0.04278697748905927,MODEL_ONLY,ZERO_LOCK_SUSPECT,ZERO_LOCK_SUSPECT,163.114645208,163.114645208
163.206544646,1.990059682915122,12.539630140793559,0.07391492721394598,0.015543538701342329,0.15543538701338794,True,0.0011657654026009396,0.0,0.04278697748905927,MODEL_ONLY,DUPLICATE_OR_OLD,DUPLICATE_OR_OLD,163.114645208,163.114645208
163.25654464599998,1.9892737895513597,12.639113477605187,0.08085786955161119,0.023315308052009074,0.15543538701338794,True,0.0019429423376669075,0.0,0.04278697748905927,MODEL_ONLY,ZERO_LOCK_SUSPECT,ZERO_LOCK_SUSPECT,163.214623013,163.214623013
163.306544646,1.988525319635886,12.738558455334891,0.0885779888243474,0.031087077402680238,0.15543538701338794,True,0.002720119272735084,0.0,0.04278697748905927,MODEL_ONLY,DUPLICATE_OR_OLD,DUPLICATE_OR_OLD,163.214623013,163.214623013
163.35654464599997,1.9878097998067843,12.837966833320923,0.09707528503214587,0.038858846753346984,0.15543538701338794,True,0.0034972962078001686,0.0,0.04278697748905927,MODEL_ONLY,ZERO_LOCK_SUSPECT,ZERO_LOCK_SUSPECT,163.310597804,163.310597804
163.406544646,1.9871232914194799,12.937340160601602,0.10634975817501624,0.04663061610401815,0.15543538701338794,True,0.004274473142869229,0.0,0.04278697748905927,MODEL_ONLY,DUPLICATE_OR_OLD,DUPLICATE_OR_OLD,163.310597804,163.310597804
163.456544646,1.9864623266300199,13.036679801052863,0.1164014082529539,0.05440238545468931,0.15543538701338794,True,0.005051650077936522,0.0,0.04278697748905927,MODEL_ONLY,DUPLICATE_OR_OLD,DUPLICATE_OR_OLD,163.310597804,163.310597804
163.50654464599998,1.9858238521185483,13.135986955521544,0.12723023526595248,0.062174154805356055,0.15543538701338794,True,0.0058288270130002805,0.0,0.04278697748905927,MODEL_ONLY,ZERO_LOCK_SUSPECT,ZERO_LOCK_SUSPECT,163.412558521,163.412558521
163.556544646,1.9852051795397203,13.235262681313023,0.1388362392140243,0.06994592415602723,0.15543538701338794,True,0.006606003948070666,0.0,0.04278697748905927,MODEL_ONLY,ZERO_LOCK_SUSPECT,ZERO_LOCK_SUSPECT,163.510536887,163.510536887
163.60654464599997,1.9846039418959642,13.334507909348881,0.1512194200971561,0.07771769350669397,0.15543538701338794,True,0.007383180883133542,0.0,0.04278697748905927,MODEL_ONLY,DUPLICATE_OR_OLD,DUPLICATE_OR_OLD,163.510536887,163.510536887
163.656544646,1.9840180551256013,13.433723459274443,0.16437977791536207,0.08548946285736514,0.15543538701338794,True,0.008160357818204811,0.0,0.04278697748905927,MODEL_ONLY,ZERO_LOCK_SUSPECT,ZERO_LOCK_SUSPECT,163.602504274,163.602504274
163.706544646,1.983445684282484,13.532910052759668,0.17831731266863532,0.09326123220803631,0.15543538701338794,True,0.008937534753272103,0.0,0.04278697748905927,MODEL_ONLY,DUPLICATE_OR_OLD,DUPLICATE_OR_OLD,163.602504274,163.602504274
163.75654464599998,1.9828852137583026,13.632068325210653,0.19303202435696726,0.10103300155870305,0.15543538701338794,True,0.009714711688333655,0.0,0.04278697748905927,MODEL_ONLY,DUPLICATE_OR_OLD,DUPLICATE_OR_OLD,163.602504274,163.602504274
163.806544646,1.982335221064329,13.731198836081242,0.20852391298037465,0.10880477090937422,0.15543538701338794,True,0.010491888623406248,0.0,0.04278697748905927,MODEL_ONLY,ZERO_LOCK_SUSPECT,ZERO_LOCK_SUSPECT,163.7144778,163.7144778
163.85654464599997,1.9817944537471268,13.830302077951496,0.22479297853883984,0.11657654026004097,0.15543538701338794,True,0.011269065558466917,0.0,0.04278697748905927,MODEL_ONLY,DUPLICATE_OR_OLD,DUPLICATE_OR_OLD,163.7144778,163.7144778
163.906544646,1.9812618090636078,13.929378484521786,0.24183922103238137,0.12434830961071214,0.15543538701338794,True,0.012046242493540393,0.0,0.04278697748905927,MODEL_ONLY,ZERO_LOCK_SUSPECT,ZERO_LOCK_SUSPECT,163.844439059,163.844439059
163.956544646,1.9807363160856077,14.02842843765054,0.2596626404609902,0.1321200789613833,0.15543538701338794,True,0.012823419428607687,0.0,0.04278697748905927,MODEL_ONLY,ZERO_LOCK_SUSPECT,ZERO_LOCK_SUSPECT,163.90695566,163.90695566
164.00654464599998,1.9802171199435639,14.127452273551235,0.2782632368246555,0.13989184831205007,0.15543538701338794,True,0.01360059636366703,0.0,0.04278697748905927,MODEL_ONLY,DUPLICATE_OR_OLD,DUPLICATE_OR_OLD,163.90695566,163.90695566
164.056544646,1.9797034679536045,14.226450288248687,0.29764101012339844,0.14766361766272124,0.15543538701338794,True,0.014377773298741833,0.0,0.04278697748905927,MODEL_ONLY,ZERO_LOCK_SUSPECT,ZERO_LOCK_SUSPECT,164.0164001,164.0164001
164.10654464599997,1.9791946974029209,14.325422742382566,0.31779596035719704,0.155435387013388,0.15543538701338794,True,0.015154950233800292,0.0,0.04278697748905927,MODEL_ONLY,DUPLICATE_OR_OLD,DUPLICATE_OR_OLD,164.0164001,164.0164001
164.156544646,1.9786902247951939,14.42436986543754,0.33872808752607414,0.16320715636405916,0.15543538701338794,True,0.01593212716887598,0.0,0.04278697748905927,MODEL_ONLY,ZERO_LOCK_SUSPECT,ZERO_LOCK_SUSPECT,164.112369368,164.112369368
164.206544646,1.9781895363815585,14.523291859466982,0.36043739163001853,0.17097892571473033,0.15543538701338794,True,0.016709304103943272,0.0,0.04278697748905927,MODEL_ONLY,DUPLICATE_OR_OLD,DUPLICATE_OR_OLD,164.112369368,164.112369368
164.25654464599998,1.9776921798234348,14.622188902372073,0.38292387266901723,0.1787506950653971,0.15543538701338794,True,0.01748648103900041,0.0,0.04278697748905927,MODEL_ONLY,ZERO_LOCK_SUSPECT,ZERO_LOCK_SUSPECT,164.214345906,164.214345906
164.306544646,1.9771977568519299,14.72106115078898,0.40618753064309576,0.18652246441606826,0.15543538701338794,True,0.01826365797407742,0.0,0.04278697748905927,MODEL_ONLY,DUPLICATE_OR_OLD,DUPLICATE_OR_OLD,164.214345906,164.214345906
164.35654464599997,1.9767059168046928,14.819908742630362,0.4302283655522277,0.19429423376673502,0.15543538701338794,True,0.01904083490913367,0.0,0.04278697748905927,MODEL_ONLY,ZERO_LOCK_SUSPECT,ZERO_LOCK_SUSPECT,164.320312179,164.320312179
164.406544646,1.9762163509353268,14.918731799323885,0.4550463773964404,0.2020660031174062,0.15543538701338794,True,0.019818011844211565,0.0,0.04278697748905927,MODEL_ONLY,DUPLICATE_OR_OLD,DUPLICATE_OR_OLD,164.320312179,164.320312179
164.456544646,1.975728787403025,15.017530427782367,0.48064156617572035,0.20983777246807736,0.15543538701338794,True,0.02059518877927886,0.0,0.04278697748905927,MODEL_ONLY,ZERO_LOCK_SUSPECT,ZERO_LOCK_SUSPECT,164.410291995,164.410291995
164.50654464599998,1.9752429868611079,15.116304722138937,0.5070139318900525,0.21760954181874412,0.15543538701338794,True,0.021372365714333784,0.0,0.04278697748905927,MODEL_ONLY,DUPLICATE_OR_OLD,DUPLICATE_OR_OLD,164.410291995,164.410291995
164.556544646,1.9747587385728813,15.21505476527481,0.5341634745394667,0.2253813111694153,0.15543538701338794,True,0.022149542649413007,0.0,0.04278697748905927,MODEL_ONLY,ZERO_LOCK_SUSPECT,ZERO_LOCK_SUSPECT,164.514255988,164.514255988
164.60654464599997,1.9742758569917815,15.313780630163892,0.562090194123932,0.23315308052008205,0.15543538701338794,True,0.022926719584467046,0.0,0.04278697748905927,MODEL_ONLY,DUPLICATE_OR_OLD,DUPLICATE_OR_OLD,164.514255988,164.514255988
164.656544646,1.9737941787503046,15.412482381057467,0.5907940906434803,0.24092484987075322,0.15543538701338794,True,0.02370389651954715,0.0,0.04278697748905927,MODEL_ONLY,ZERO_LOCK_SUSPECT,ZERO_LOCK_SUSPECT,164.614234766,164.614234766
164.706544646,1.9733135600088636,15.511160074526469,0.6202751640980959,0.2486966192214244,0.15543538701338794,True,0.024481073454614446,0.0,0.04278697748905927,MODEL_ONLY,DUPLICATE_OR_OLD,DUPLICATE_OR_OLD,164.614234766,164.614234766
164.75654464599998,1.972833874121545,15.609813760379696,0.6505334144877614,0.25646838857209114,0.15543538701338794,True,0.025258250389667163,0.0,0.04278697748905927,MODEL_ONLY,ZERO_LOCK_SUSPECT,ZERO_LOCK_SUSPECT,164.710202976,164.710202976
164.806544646,1.9723550095808844,15.70844348247228,0.6815688418125111,0.2642401579227623,0.15543538701338794,True,0.026035427324748592,0.0,0.04278697748905927,MODEL_ONLY,DUPLICATE_OR_OLD,DUPLICATE_OR_OLD,164.710202976,164.710202976
164.85654464599997,1.9718768682083145,15.807049279416976,0.7133814460723098,0.27201192727342904,0.15543538701338794,True,0.02681260425980042,0.0,0.04278697748905927,MODEL_ONLY,ZERO_LOCK_SUSPECT,ZERO_LOCK_SUSPECT,164.844164121,164.844164121
164.906544646,1.9713993635609108,15.905631185211229,0.7459712272671937,0.2797836966241002,0.15543538701338794,True,0.027589781194882736,0.0,0.04278697748905927,MODEL_ONLY,DUPLICATE_OR_OLD,DUPLICATE_OR_OLD,164.844164121,164.844164121
164.956544646,1.9709224195285895,16.00418922978849,0.7793381853971448,0.28755546597477133,0.15543538701338794,True,0.028366958129950028,0.0,0.04278697748905927,MODEL_ONLY,DUPLICATE_OR_OLD,DUPLICATE_OR_OLD,164.844164121,164.844164121
165.00654464599998,1.9704459690989837,16.102723439504146,0.8134823204621437,0.2953272353254381,0.15543538701338794,True,0.02914413506500053,0.0,0.04278697748905927,MODEL_ONLY,ZERO_LOCK_SUSPECT,ZERO_LOCK_SUSPECT,164.972131435,164.972131435
165.056544646,1.96996995326996,16.201233837563393,0.848403632462229,0.30309900467610923,0.15543538701338794,True,0.02992131200008417,0.0,0.04278697748905927,MODEL_ONLY,ZERO_LOCK_SUSPECT,ZERO_LOCK_SUSPECT,165.022113847,165.022113847
165.10654464599997,1.9694943200921269,16.299720444397412,0.8841021213973612,0.310870774026776,0.15543538701338794,True,0.03069848893513379,0.0,0.04278697748905927,MODEL_ONLY,DUPLICATE_OR_OLD,DUPLICATE_OR_OLD,165.022113847,165.022113847
165.156544646,1.9690190238257932,16.398183277995383,0.9205777872675807,0.31864254337744713,0.15543538701338794,True,0.031475665870218314,0.0,0.04278697748905927,MODEL_ONLY,ZERO_LOCK_SUSPECT,ZERO_LOCK_SUSPECT,165.126089821,165.126089821
165.206544646,1.9685440241987016,16.496622354196017,0.9578306300728674,0.32641431272811827,0.15543538701338794,True,0.032252842805285606,0.0,0.04278697748905927,MODEL_ONLY,DUPLICATE_OR_OLD,DUPLICATE_OR_OLD,165.126089821,165.126089821
165.25654464599998,1.968069285752485,16.595037686944764,0.9958606498131997,0.33418608207878503,0.15543538701338794,True,0.0330300197403339,0.0,0.04278697748905927,MODEL_ONLY,ZERO_LOCK_SUSPECT,ZERO_LOCK_SUSPECT,165.210065867,165.210065867
165.306544646,1.9675947772672449,16.693429288520278,1.0346678464886205,0.34195785142945617,0.15543538701338794,True,0.033807196675419746,0.0,0.04278697748905927,MODEL_ONLY,DUPLICATE_OR_OLD,DUPLICATE_OR_OLD,165.210065867,165.210065867
165.35654464599997,1.9671204712549117,16.791797169733297,1.074252220099086,0.34972962078012293,0.15543538701338794,True,0.03458437361046716,0.0,0.04278697748905927,MODEL_ONLY,ZERO_LOCK_SUSPECT,ZERO_LOCK_SUSPECT,165.328035522,165.328035522
165.406544646,1.9666463435131651,16.89014134010252,1.114613770644641,0.35750139013079407,0.15543538701338794,True,0.03536155054555389,0.0,0.04278697748905927,MODEL_ONLY,DUPLICATE_OR_OLD,DUPLICATE_OR_OLD,165.328035522,165.328035522
165.456544646,1.9661723727326776,16.98846180800869,1.1557524981252634,0.3652731594814652,0.15543538701338794,True,0.036138727480621184,0.0,0.04278697748905927,MODEL_ONLY,ZERO_LOCK_SUSPECT,ZERO_LOCK_SUSPECT,165.416007432,165.416007432
165.50654464599998,1.9656985401513039,17.086758580830757,1.197668402540929,0.373044928832132,0.15543538701338794,True,0.036915904415667264,0.0,0.04278697748905927,MODEL_ONLY,DUPLICATE_OR_OLD,DUPLICATE_OR_OLD,165.416007432,165.416007432
165.556544646,1.9652248292496055,17.185031665065804,1.2403614838916854,0.3808166981828031,0.15543538701338794,True,0.037693081350755324,0.0,0.04278697748905927,MODEL_ONLY,ZERO_LOCK_SUSPECT,ZERO_LOCK_SUSPECT,165.513983309,165.513983309
165.60654464599997,1.9647512254827746,17.28328106643408,1.2838317421774843,0.3885884675334699,0.15543538701338794,True,0.03847025828580052,0.0,0.04278697748905927,MODEL_ONLY,DUPLICATE_OR_OLD,DUPLICATE_OR_OLD,165.513983309,165.513983309
165.656544646,1.9642777160445961,17.381506789972285,1.3280791773983749,0.396360236884141,0.15543538701338794,True,0.03924743522088947,0.0,0.04278697748905927,MODEL_ONLY,ZERO_LOCK_SUSPECT,ZERO_LOCK_SUSPECT,165.625958809,165.625958809
165.706544646,1.9638042896596297,17.479708840114913,1.373103789554333,0.40413200623481216,0.15543538701338794,True,0.04002461215595676,0.0,0.04278697748905927,MODEL_ONLY,DUPLICATE_OR_OLD,DUPLICATE_OR_OLD,165.625958809,165.625958809
165.75654464599998,1.96333093640023,17.577887220766375,1.418905578645332,0.4119037755854789,0.15543538701338794,True,0.040801789091000636,0.0,0.04278697748905927,MODEL_ONLY,DUPLICATE_OR_OLD,DUPLICATE_OR_OLD,165.625958809,165.625958809
165.806544646,1.9628576475254385,17.676041935364537,1.465484544671424,0.41967554493615006,0.15543538701338794,True,0.0415789660260909,0.0,0.04278697748905927,MODEL_ONLY,ZERO_LOCK_SUSPECT,ZERO_LOCK_SUSPECT,165.707939526,165.707939526
165.85654464599997,1.9623844153391365,17.77417298693612,1.5128406876325562,0.4274473142868168,0.15543538701338794,True,0.042356142961133894,0.0,0.04278697748905927,MODEL_ONLY,ZERO_LOCK_SUSPECT,ZERO_LOCK_SUSPECT,165.841886072,165.841886072
165.906544646,1.96191123306515,17.872280378146247,1.5609740075287826,0.43521908363748796,0.15543538701338794,True,0.04313331989622505,0.0,0.04278697748905927,MODEL_ONLY,DUPLICATE_OR_OLD,DUPLICATE_OR_OLD,165.841886072,165.841886072
165.956544646,1.9614380947372863,17.97036411134133,1.6098845043600762,0.4429908529881591,0.15543538701338794,True,0.04391049683129234,0.0,0.04278697748905927,MODEL_ONLY,ZERO_LOCK_SUSPECT,ZERO_LOCK_SUSPECT,165.90786839,165.90786839
166.00654464599998,1.9609649951025137,18.06842418858729,1.6595721781264086,0.45076262233882586,0.15543538701338794,True,0.044687673766334,0.0,0.04278697748905927,MODEL_ONLY,DUPLICATE_OR_OLD,DUPLICATE_OR_OLD,165.90786839,165.90786839
166.056544646,1.960491929535714,18.16646061170327,1.7100370288278364,0.458534391689497,0.15543538701338794,True,0.04546485070142648,0.0,0.04278697748905927,MODEL_ONLY,ZERO_LOCK_SUSPECT,ZERO_LOCK_SUSPECT,166.013844313,166.013844313
166.10654464599997,1.9600188939646275,18.264473382290742,1.761279056464302,0.46630616104016376,0.15543538701338794,True,0.046242027636467266,0.0,0.04278697748905927,MODEL_ONLY,DUPLICATE_OR_OLD,DUPLICATE_OR_OLD,166.013844313,166.013844313
166.156544646,1.9595458848037655,18.362462501759975,1.813298261035864,0.4740779303908349,0.15543538701338794,True,0.04701920457156063,0.0,0.04278697748905927,MODEL_ONLY,ZERO_LOCK_SUSPECT,ZERO_LOCK_SUSPECT,166.113823099,166.113823099
166.206544646,1.9590728988962267,18.460427971352498,1.8660946425424931,0.48184969974150604,0.15543538701338794,True,0.04779638150662791,0.0,0.04278697748905927,MODEL_ONLY,DUPLICATE_OR_OLD,DUPLICATE_OR_OLD,166.113823099,166.113823099
166.25654464599998,1.958599933462466,18.558369792161432,1.9196682009841588,0.4896214690921728,0.15543538701338794,True,0.04857355844166737,0.0,0.04278697748905927,MODEL_ONLY,DUPLICATE_OR_OLD,DUPLICATE_OR_OLD,166.113823099,166.113823099
166.306544646,1.9581269860551864,18.656287965149396,1.9740189363609222,0.49739323844284394,0.15543538701338794,True,0.04935073537676206,0.0,0.04278697748905927,MODEL_ONLY,ZERO_LOCK_SUSPECT,ZERO_LOCK_SUSPECT,166.204262485,166.204262485
166.35654464599997,1.957654054519627,18.754182491163732,2.029146848672721,0.5051650077935107,0.15543538701338794,True,0.05012791231180063,0.0,0.04278697748905927,MODEL_ONLY,ZERO_LOCK_SUSPECT,ZERO_LOCK_SUSPECT,166.309761074,166.309761074
166.406544646,1.9571811369585919,18.85205337095071,2.0850519379196184,0.5129367771441818,0.15543538701338794,True,0.050905089246896205,0.0,0.04278697748905927,MODEL_ONLY,DUPLICATE_OR_OLD,DUPLICATE_OR_OLD,166.309761074,166.309761074
166.456544646,1.9567082317016646,18.94990060516724,2.141734204101583,0.520708546494853,0.15543538701338794,True,0.05168226618196349,0.0,0.04278697748905927,MODEL_ONLY,ZERO_LOCK_SUSPECT,ZERO_LOCK_SUSPECT,166.409727335,166.409727335
166.50654464599998,1.9562353372781,19.0477241943917,2.199193647218582,0.5284803158455197,0.15543538701338794,True,0.052459443117000744,0.0,0.04278697748905927,MODEL_ONLY,DUPLICATE_OR_OLD,DUPLICATE_OR_OLD,166.409727335,166.409727335
166.556544646,1.955762452392956,19.1455241391335,2.257430267270681,0.5362520851961908,0.15543538701338794,True,0.05323662005209763,0.0,0.04278697748905927,MODEL_ONLY,ZERO_LOCK_SUSPECT,ZERO_LOCK_SUSPECT,166.51370066,166.51370066
166.60654464599997,1.9552895759060804,19.24330043984094,2.316444064257813,0.5440238545468575,0.15543538701338794,True,0.054013796987133995,0.0,0.04278697748905927,MODEL_ONLY,DUPLICATE_OR_OLD,DUPLICATE_OR_OLD,166.51370066,166.51370066
166.656544646,1.9548167068136069,19.341053096908954,2.376235038180046,0.5517956238975287,0.15543538701338794,True,0.05479097392223177,0.0,0.04278697748905927,MODEL_ONLY,ZERO_LOCK_SUSPECT,ZERO_LOCK_SUSPECT,166.621671796,166.621671796
166.706544646,1.9543438442316654,19.438782110685107,2.4368031890373465,0.5595673932481998,0.15543538701338794,True,0.05556815085729906,0.0,0.04278697748905927,MODEL_ONLY,DUPLICATE_OR_OLD,DUPLICATE_OR_OLD,166.621671796,166.621671796
166.75654464599998,1.9538709873820383,19.536487481475415,2.4981485168296786,0.5673391625988665,0.15543538701338794,True,0.0563453277923341,0.0,0.04278697748905927,MODEL_ONLY,DUPLICATE_OR_OLD,DUPLICATE_OR_OLD,166.621671796,166.621671796
166.806544646,1.9533981355795307,19.634169209549476,2.560271021557113,0.5751109319495377,0.15543538701338794,True,0.057122504727433195,0.0,0.04278697748905927,MODEL_ONLY,ZERO_LOCK_SUSPECT,ZERO_LOCK_SUSPECT,166.711642002,166.711642002
166.85654464599997,1.9529252882208523,19.731827295144452,2.6231707032195786,0.5828827013002044,0.15543538701338794,True,0.05789968166246735,0.0,0.04278697748905927,MODEL_ONLY,ZERO_LOCK_SUSPECT,ZERO_LOCK_SUSPECT,166.841609068,166.841609068
166.906544646,1.9524524447748255,19.829461738469366,2.6868475618171472,0.5906544706508755,0.15543538701338794,True,0.058676858597567334,0.0,0.04278697748905927,MODEL_ONLY,DUPLICATE_OR_OLD,DUPLICATE_OR_OLD,166.841609068,166.841609068
166.956544646,1.951979604773767,19.927072539708103,2.751301597349783,0.5984262400015466,0.15543538701338794,True,0.059454035532634626,0.0,0.04278697748905927,MODEL_ONLY,DUPLICATE_OR_OLD,DUPLICATE_OR_OLD,166.841609068,166.841609068
167.00654464599998,1.9515067678058977,20.02465969902256,2.8165328098174487,0.6061980093522134,0.15543538701338794,True,0.06023121246766746,0.0,0.04278697748905927,MODEL_ONLY,ZERO_LOCK_SUSPECT,ZERO_LOCK_SUSPECT,166.907596917,166.907596917
167.056544646,1.9510339335086588,20.122223216555447,2.882541199220219,0.6139697787028845,0.15543538701338794,True,0.061008389402768766,0.0,0.04278697748905927,MODEL_ONLY,ZERO_LOCK_SUSPECT,ZERO_LOCK_SUSPECT,167.021562239,167.021562239
167.10654464599997,1.950561101562831,20.219763092432203,2.9493267655580175,0.6217415480535512,0.15543538701338794,True,0.06178556633780071,0.0,0.04278697748905927,MODEL_ONLY,DUPLICATE_OR_OLD,DUPLICATE_OR_OLD,167.021562239,167.021562239
167.156544646,1.9500882716873513,20.31727932676348,3.0168895088309218,0.6295133174042223,0.15543538701338794,True,0.06256274327290291,0.0,0.04278697748905927,MODEL_ONLY,ZERO_LOCK_SUSPECT,ZERO_LOCK_SUSPECT,167.113527325,167.113527325
167.206544646,1.9496154436347541,20.414771919646554,3.0852294290388933,0.6372850867548935,0.15543538701338794,True,0.06333992020797019,0.0,0.04278697748905927,MODEL_ONLY,DUPLICATE_OR_OLD,DUPLICATE_OR_OLD,167.113527325,167.113527325
167.25654464599998,1.9491426171871542,20.51224087116707,3.154346526181892,0.6450568561055602,0.15543538701338794,True,0.06411709714300082,0.0,0.04278697748905927,MODEL_ONLY,ZERO_LOCK_SUSPECT,ZERO_LOCK_SUSPECT,167.211513204,167.211513204
167.306544646,1.94866979215271,20.609686181400587,3.224240800259998,0.6528286254562313,0.15543538701338794,True,0.06489427407810433,0.0,0.04278697748905927,MODEL_ONLY,DUPLICATE_OR_OLD,DUPLICATE_OR_OLD,167.211513204,167.211513204
167.35654464599997,1.9492959777876686,20.707135325649062,3.29491225127313,0.660600394806898,0.15543538701338794,True,0.06567145101313407,0.0,0.04278697748905927,MODEL_ONLY,ZERO_LOCK_SUSPECT,ZERO_LOCK_SUSPECT,167.311479438,167.311479438
167.406544646,1.9508898053188204,20.80463997022675,3.3663608792213697,0.6683721641575692,0.15543538701338794,True,0.06644862794823847,0.0,0.04278697748905927,MODEL_ONLY,DUPLICATE_OR_OLD,DUPLICATE_OR_OLD,167.311479438,167.311479438
167.456544646,1.9533356089638665,20.90224560558384,3.438586684104677,0.6761439335082403,0.15543538701338794,True,0.06722580488330576,0.0,0.04278697748905927,MODEL_ONLY,ZERO_LOCK_SUSPECT,ZERO_LOCK_SUSPECT,167.411445859,167.411445859
167.50654464599998,1.9565315488953698,20.999992284530286,3.511589665923009,0.683915702858907,0.15543538701338794,True,0.06800298181833417,0.0,0.04278697748905927,MODEL_ONLY,DUPLICATE_OR_OLD,DUPLICATE_OR_OLD,167.411445859,167.411445859
167.556544646,1.9603879585737107,21.097915272217037,3.5853698246764503,0.6916874722095782,0.15543538701338794,True,0.0687801587534399,0.0,0.04278697748905927,MODEL_ONLY,DUPLICATE_OR_OLD,DUPLICATE_OR_OLD,167.411445859,167.411445859
167.60654464599997,1.965837068321604,21.196070897889385,3.6599271603649157,0.6994592415602449,0.15543538701338794,True,0.06955733568846743,0.0,0.04278697748905927,MODEL_ONLY,ZERO_LOCK_SUSPECT,ZERO_LOCK_SUSPECT,167.511428789,167.511428789
167.656544646,1.9726884968624403,21.29453403701901,3.735261672988491,0.707231010910916,0.15543538701338794,True,0.07033451262357404,0.0,0.04278697748905927,MODEL_ONLY,ZERO_LOCK_SUSPECT,ZERO_LOCK_SUSPECT,167.615393411,167.615393411
167.706544646,1.9807746198913514,21.393370614937876,3.8113733625471338,0.7150027802615871,0.15543538701338794,True,0.07111168955864133,0.0,0.04278697748905927,MODEL_ONLY,DUPLICATE_OR_OLD,DUPLICATE_OR_OLD,167.615393411,167.615393411
167.75654464599998,1.989947849850986,21.492638676681402,3.8882622290407993,0.7227745496122538,0.15543538701338794,True,0.07188886649366753,0.0,0.04278697748905927,MODEL_ONLY,ZERO_LOCK_SUSPECT,ZERO_LOCK_SUSPECT,167.707376655,167.707376655
167.806544646,2.0000782408656645,21.59238932894934,3.965928272469576,0.730546318962925,0.15543538701338794,True,0.07266604342877546,0.0,0.04278697748905927,MODEL_ONLY,DUPLICATE_OR_OLD,DUPLICATE_OR_OLD,167.707376655,167.707376655
167.85654464599997,2.0110513799664744,21.69266756947011,4.044371492833375,0.7383180883135917,0.15543538701338794,True,0.07344322036380078,0.0,0.04278697748905927,MODEL_ONLY,DUPLICATE_OR_OLD,DUPLICATE_OR_OLD,167.707376655,167.707376655
167.906544646,2.02345029092094,21.79353011124232,4.123591890132285,0.7460898576642628,0.15543538701338794,True,0.0742203972989096,0.0,0.04278697748905927,MODEL_ONLY,ZERO_LOCK_SUSPECT,ZERO_LOCK_SUSPECT,167.843324036,167.843324036
167.956544646,2.0371045459940085,21.895043982165216,4.203589464366263,0.753861627014934,0.15543538701338794,True,0.07499757423397689,0.0,0.04278697748905927,MODEL_ONLY,ZERO_LOCK_SUSPECT,ZERO_LOCK_SUSPECT,167.911316463,167.911316463
168.00654464599998,2.0518640893024283,21.997268198047593,4.284364215535262,0.7616333963656007,0.15543538701338794,True,0.07577475116900088,0.0,0.04278697748905927,MODEL_ONLY,DUPLICATE_OR_OLD,DUPLICATE_OR_OLD,167.911316463,167.911316463
168.056544646,2.0675968016926656,22.100254720322493,4.365916143639374,0.7694051657162718,0.15543538701338794,True,0.07655192810411103,0.0,0.04278697748905927,MODEL_ONLY,ZERO_LOCK_SUSPECT,ZERO_LOCK_SUSPECT,168.009293034,168.009293034
168.10654464599997,2.084186356697799,22.204049299282218,4.448245248678506,0.7771769350669385,0.15543538701338794,True,0.07732910503913415,0.0,0.04278697748905927,MODEL_ONLY,DUPLICATE_OR_OLD,DUPLICATE_OR_OLD,168.009293034,168.009293034
168.156544646,2.101530332779873,22.308692216519184,4.531351530652752,0.7849487044176097,0.15543538701338794,True,0.07810628197424517,0.0,0.04278697748905927,MODEL_ONLY,ZERO_LOCK_SUSPECT,ZERO_LOCK_SUSPECT,168.11125391,168.11125391
168.206544646,2.1195385512227096,22.41421893861927,4.615234989562065,0.7927204737682808,0.15543538701338794,True,0.07888345890931246,0.0,0.04278697748905927,MODEL_ONLY,DUPLICATE_OR_OLD,DUPLICATE_OR_OLD,168.11125391,168.11125391
168.25654464599998,2.1381316127025753,22.520660692717367,4.6998956254063975,0.8004922431189475,0.15543538701338794,True,0.07966063584433425,0.0,0.04278697748905927,MODEL_ONLY,DUPLICATE_OR_OLD,DUPLICATE_OR_OLD,168.11125391,168.11125391
168.306544646,2.157239608787925,22.628044973254653,4.785333438185845,0.8082640124696187,0.15543538701338794,True,0.0804378127794466,0.0,0.04278697748905927,MODEL_ONLY,ZERO_LOCK_SUSPECT,ZERO_LOCK_SUSPECT,168.207239115,168.207239115
168.35654464599997,2.176800987458203,22.73639598816077,4.8715484279003105,0.8160357818202854,0.15543538701338794,True,0.0812149897144675,0.0,0.04278697748905927,MODEL_ONLY,ZERO_LOCK_SUSPECT,ZERO_LOCK_SUSPECT,168.311205706,168.311205706
168.406544646,2.196761554231491,22.845735051703038,4.958540594549892,0.8238075511709565,0.15543538701338794,True,0.08199216664958074,0.0,0.04278697748905927,MODEL_ONLY,DUPLICATE_OR_OLD,DUPLICATE_OR_OLD,168.311205706,168.311205706
168.456544646,2.217073592690879,22.95608093037612,5.046309938134541,0.8315793205216276,0.15543538701338794,True,0.08276934358464803,0.0,0.04278697748905927,MODEL_ONLY,ZERO_LOCK_SUSPECT,ZERO_LOCK_SUSPECT,168.413184489,168.413184489
168.50654464599998,2.237695090137641,23.067450147446795,5.134856458654206,0.8393510898722943,0.15543538701338794,True,0.0835465205196676,0.0,0.04278697748905927,MODEL_ONLY,DUPLICATE_OR_OLD,DUPLICATE_OR_OLD,168.413184489,168.413184489
168.556544646,2.258589055804932,23.179857251095385,5.224180156108989,0.8471228592229655,0.15543538701338794,True,0.08432369745478216,0.0,0.04278697748905927,MODEL_ONLY,ZERO_LOCK_SUSPECT,ZERO_LOCK_SUSPECT,168.511146476,168.511146476
168.60654464599997,2.2797229205677874,23.293315050504663,5.314281030498789,0.8548946285736322,0.15543538701338794,True,0.08510087438980087,0.0,0.04278697748905927,MODEL_ONLY,DUPLICATE_OR_OLD,DUPLICATE_OR_OLD,168.511146476,168.511146476
168.656544646,0.0859062026379509,23.35245577858482,0.07383872685900678,0.011784701904700292,0.15543538701338794,True,0.0858780513249163,0.9863392130108974,0.04278697748905927,FUSED,ACCEPTED,ACCEPTED,168.631109531,168.631109531
168.706544646,0.10899168727302183,23.357328225832592,0.08040578551701186,0.019556471255371456,0.15543538701338794,True,0.0015670586580039437,0.0,0.04278697748905927,MODEL_ONLY,DUPLICATE_OR_OLD,DUPLICATE_OR_OLD,168.631109531,168.631109531
168.75654464599998,0.11284296672739515,23.3628740921826,0.008976982318117496,0.0027957273354716618,0.15543538701338794,True,0.0023442355930696833,0.8976982318117492,0.04278697748905927,FUSED,ACCEPTED,ACCEPTED,168.711071389,168.711071389
168.806544646,0.13595903756165273,23.36909414228983,0.014645143519199509,0.010567496686142826,0.15543538701338794,True,0.0006681612010808764,0.0,0.04278697748905927,MODEL_ONLY,DUPLICATE_OR_OLD,DUPLICATE_OR_OLD,168.711071389,168.711071389
168.85654464599997,0.15556081837247915,23.37638213868818,0.006783581511905962,0.005898675433886941,0.15543538701338794,True,0.001445338136147127,0.6783581511905961,0.04278697748905927,FUSED,ACCEPTED,ACCEPTED,168.821044414,168.821044414
168.906544646,0.1785489841400168,23.384734883750994,0.012762037522829575,0.013670444784558106,0.15543538701338794,True,0.0009784560109224747,0.0,0.04278697748905927,MODEL_ONLY,DUPLICATE_OR_OLD,DUPLICATE_OR_OLD,168.821044414,168.821044414
168.956544646,0.15992629360844746,23.393196765694707,0.0066121987808750015,0.007264195918806901,0.15543538701338794,True,0.001755632945989768,0.6612198780875,0.04278697748905927,FUSED,ACCEPTED,ACCEPTED,168.913014979,168.913014979
169.00654464599998,0.1830671522361951,23.40177160184082,0.012727206840286944,0.015035965269473647,0.15543538701338794,True,0.0011150080594136472,0.0,0.04278697748905927,MODEL_ONLY,DUPLICATE_OR_OLD,DUPLICATE_OR_OLD,168.913014979,168.913014979
169.056544646,0.19583565528777516,23.411244172028923,0.0066238334481056906,0.00770027107490148,0.15543538701338794,True,0.001892184994481353,0.6623833448105689,0.04278697748905927,FUSED,ACCEPTED,ACCEPTED,169.018998512,169.018998512
169.10654464599997,0.21895558451082026,23.421613953023883,0.012782449023127074,0.015472040425568226,0.15543538701338794,True,0.0011586155750230901,0.0,0.04278697748905927,MODEL_ONLY,DUPLICATE_OR_OLD,DUPLICATE_OR_OLD,169.018998512,169.018998512
169.156544646,0.21402484885333686,23.43243846385799,0.006635063353657045,0.007821394731669259,0.15543538701338794,True,0.001935792510090821,0.6635063353657044,0.04278697748905927,FUSED,ACCEPTED,ACCEPTED,169.138946727,169.138946727
169.206544646,0.23818476123765692,23.44374370411027,0.012805791294358932,0.015593164082340422,0.15543538701338794,True,0.0011707279407007502,0.0,0.04278697748905927,MODEL_ONLY,DUPLICATE_OR_OLD,DUPLICATE_OR_OLD,169.138946727,169.138946727
169.25654464599998,0.24206085432215446,23.455749844499255,0.006639073027155153,0.007852783499371819,0.15543538701338794,True,0.001947904875766715,0.6639073027155151,0.04278697748905927,FUSED,ACCEPTED,ACCEPTED,169.21093276,169.21093276
169.306544646,0.2670216648205433,23.468476907477825,0.012812939844627298,0.015624552850042984,0.15543538701338794,True,0.0011738668174710069,0.0,0.04278697748905927,MODEL_ONLY,DUPLICATE_OR_OLD,DUPLICATE_OR_OLD,169.21093276,169.21093276
169.35654464599997,0.26570038002073376,23.48179495859885,0.006640234675793427,0.0078606152043909,0.15543538701338794,True,0.0019510437525369702,0.6640234675793426,0.04278697748905927,FUSED,ACCEPTED,ACCEPTED,169.31090241,169.31090241
169.406544646,0.2912710138603535,23.495719243445883,0.01281488466376748,0.015632384555062065,0.15543538701338794,True,0.0011746499879729153,0.0,0.04278697748905927,MODEL_ONLY,DUPLICATE_OR_OLD,DUPLICATE_OR_OLD,169.31090241,169.31090241
169.456544646,0.2900539095169309,23.510252366530317,0.006640542583672053,0.007862525841149623,0.15543538701338794,True,0.0019518269230402085,0.6640542583672051,0.04278697748905927,FUSED,ACCEPTED,ACCEPTED,169.412884371,169.412884371
169.50654464599998,0.31608105792986146,23.52540574071648,0.012815383635318246,0.015634295191816368,0.15543538701338794,True,0.0011748410516478989,0.0,0.04278697748905927,MODEL_ONLY,DUPLICATE_OR_OLD,DUPLICATE_OR_OLD,169.412884371,169.412884371
169.556544646,0.3422572393566219,23.541864198148645,0.01976740162203502,0.02340606454248753,0.15543538701338794,True,0.0019520179867156388,0.0,0.04278697748905927,MODEL_ONLY,DUPLICATE_OR_OLD,DUPLICATE_OR_OLD,169.412884371,169.412884371
169.60654464599997,0.34117451030259827,23.55894999189012,0.007333091287814595,0.008314843683672258,0.15543538701338794,True,0.0027291949217811595,0.7333091287814594,0.04278697748905927,FUSED,ACCEPTED,ACCEPTED,169.512844933,169.512844933
169.656544646,0.33860670033370716,23.575944522156032,0.005754285943292636,0.00682991590847238,0.15543538701338794,True,0.0012200728359010615,0.5754285943292634,0.04278697748905927,FUSED,ACCEPTED,ACCEPTED,169.605181662,169.605181662
169.706544646,0.3652757274060495,23.59354158284953,0.011825866001674814,0.014601685259143545,0.15543538701338794,True,0.00107158005838104,0.0,0.04278697748905927,MODEL_ONLY,DUPLICATE_OR_OLD,DUPLICATE_OR_OLD,169.605181662,169.605181662
169.75654464599998,0.3920248570813703,23.612474097461707,0.01867462299512017,0.02237345460981029,0.15543538701338794,True,0.0018487569934470612,0.0,0.04278697748905927,MODEL_ONLY,DUPLICATE_OR_OLD,DUPLICATE_OR_OLD,169.605181662,169.605181662
169.806544646,0.3672484638964101,23.631455930486158,0.007245221327861043,0.008304342003318662,0.15543538701338794,True,0.002625933928515184,0.7245221327861041,0.04278697748905927,FUSED,ACCEPTED,ACCEPTED,169.800774634,169.800774634
169.85654464599997,0.3941805625821578,23.650491656148112,0.013464243995724125,0.016076111353985408,0.15543538701338794,True,0.001219022667864788,0.0,0.04278697748905927,MODEL_ONLY,DUPLICATE_OR_OLD,DUPLICATE_OR_OLD,169.800774634,169.800774634
169.906544646,0.40317101897629676,23.67042544568708,0.006717053719979105,0.007829131124573443,0.15543538701338794,True,0.001996199602932553,0.6717053719979102,0.04278697748905927,FUSED,ACCEPTED,ACCEPTED,169.864751778,169.864751778
169.956544646,0.4243315612621372,23.691113010193046,0.005631004286228371,0.006816026730732147,0.15543538701338794,True,0.001171501579991169,0.563100428622837,0.04278697748905927,FUSED,ACCEPTED,ACCEPTED,169.906743795,169.906743795
170.00654464599998,0.45273267720276483,23.71303961615466,0.011701195426832853,0.014587796081398893,0.15543538701338794,True,0.0010701911406061871,0.0,0.04278697748905927,MODEL_ONLY,DUPLICATE_OR_OLD,DUPLICATE_OR_OLD,169.906743795,169.906743795
170.056544646,0.48150162023266946,23.73639547359055,0.01854856350250786,0.022359565432070058,0.15543538701338794,True,0.0018473680756738676,0.0,0.04278697748905927,MODEL_ONLY,DUPLICATE_OR_OLD,DUPLICATE_OR_OLD,169.906743795,169.906743795
170.10654464599997,0.4992653166973699,23.760914647013795,0.007235515439227936,0.00832976098023302,0.15543538701338794,True,0.0026245450107394482,0.7235515439227935,0.04278697748905927,FUSED,ACCEPTED,ACCEPTED,170.006715355,170.006715355
170.156544646,0.5294783888004766,23.78663323965125,0.013457080004786211,0.016101530330904185,0.15543538701338794,True,0.0012215645655571379,0.0,0.04278697748905927,MODEL_ONLY,DUPLICATE_OR_OLD,DUPLICATE_OR_OLD,170.006715355,170.006715355
170.206544646,0.5412718797484182,23.813401996364977,0.006716555487356311,0.007838665483816695,0.15543538701338794,True,0.0019987415006244313,0.6716555487356309,0.04278697748905927,FUSED,ACCEPTED,ACCEPTED,170.106682726,170.106682726
170.25654464599998,0.5539412834921392,23.840782325445982,0.005631091174268233,0.006820056652188533,0.15543538701338794,False,0.001172455015914607,0.5631091174268232,-0.004981055541365062,FUSED,ACCEPTED,ACCEPTED,170.207120788,170.207120788
170.306544646,0.5840769770554748,23.869232781959678,0.01063109117426937,0.006820056652188533,0.15543538701338794,False,0.0,0.0,-0.004981055541365062,MODEL_ONLY,DUPLICATE_OR_OLD,DUPLICATE_OR_OLD,170.207120788,170.207120788
170.35654464599997,0.5940981911201432,23.898687161164055,0.0060984883819384566,0.006820056652188533,0.15543538701338794,False,0.0,0.6098488381938456,-0.03965581857591071,FUSED,ACCEPTED,ACCEPTED,170.310634366,170.310634366
170.406544646,0.6238340650654984,23.929135467568706,0.011098488381939595,0.006820056652188533,0.15543538701338794,False,0.0,0.0,-0.03965581857591071,MODEL_ONLY,DUPLICATE_OR_OLD,DUPLICATE_OR_OLD,170.310634366,170.310634366
170.456544646,0.6367327134877264,23.960649637032542,0.006168360460707885,0.006820056652188533,0.15543538701338794,False,0.0,0.6168360460707885,-0.0691273831372932,FUSED,ACCEPTED,ACCEPTED,170.406604133,170.406604133
170.50654464599998,0.6667191783522967,23.99323593432853,0.01116836046070618,0.006820056652188533,0.15543538701338794,False,0.0,0.0,-0.0691273831372932,MODEL_ONLY,DUPLICATE_OR_OLD,DUPLICATE_OR_OLD,170.406604133,170.406604133
170.556544646,0.6853948398545362,24.02703878478371,0.006178591312583248,0.006820056652188533,0.15543538701338794,False,0.0,0.6178591312583247,-0.08570569092051432,FUSED,ACCEPTED,ACCEPTED,170.510581297,170.510581297
170.60654464599997,0.7158894538811734,24.06207089212709,0.011178591312581542,0.006820056652188533,0.15543538701338794,False,0.0,0.0,-0.08570569092051432,MODEL_ONLY,DUPLICATE_OR_OLD,DUPLICATE_OR_OLD,170.510581297,170.510581297
170.656544646,0.746935350435723,24.09864151223502,0.01617859131258268,0.006820056652188533,0.15543538701338794,False,0.0,0.0,-0.08570569092051432,MODEL_ONLY,DUPLICATE_OR_OLD,DUPLICATE_OR_OLD,170.510581297,170.510581297
170.706544646,0.743374165696245,24.135899250138326,0.006792671003078977,0.006820056652188533,0.15543538701338794,False,0.0,0.6792671003078976,-0.1662135334428879,FUSED,ACCEPTED,ACCEPTED,170.69251662,170.69251662
170.75654464599998,0.7857409334765384,24.174127127617634,0.0054113013505375585,0.006820056652188533,0.15543538701338794,False,0.0,0.5411301350537557,-0.08443321608416864,FUSED,ACCEPTED,ACCEPTED,170.746500974,170.746500974
170.806544646,0.8190508046140096,24.214246921069904,0.010411301350538697,0.006820056652188533,0.15543538701338794,False,0.0,0.0,-0.08443321608416864,MODEL_ONLY,DUPLICATE_OR_OLD,DUPLICATE_OR_OLD,170.746500974,170.746500974
170.85654464599997,0.8754215839848155,24.25660873078486,0.006064743059769083,0.006820056652188533,0.15543538701338794,False,0.0,0.6064743059769081,-0.04049879059287905,FUSED,ACCEPTED,ACCEPTED,170.82649325,170.82649325
170.906544646,0.911991920024146,24.301294068385094,0.01106474305977022,0.006820056652188533,0.15543538701338794,False,0.0,0.0,-0.04049879059287905,MODEL_ONLY,DUPLICATE_OR_OLD,DUPLICATE_OR_OLD,170.82649325,170.82649325
170.956544646,0.9570280249573758,24.348019567009644,0.006163399739998159,0.006820056652188533,0.15543538701338794,False,0.0,0.6163399739998157,-0.04769708761964382,FUSED,ACCEPTED,ACCEPTED,170.906464127,170.906464127
171.00654464599998,0.9940635819071216,24.39679685718124,0.011163399739996454,0.006820056652188533,0.15543538701338794,False,0.0,0.0,-0.04769708761964382,MODEL_ONLY,DUPLICATE_OR_OLD,DUPLICATE_OR_OLD,170.906464127,170.906464127
171.056544646,1.0443157115645776,24.447756339518044,0.006177866753030423,0.006820056652188533,0.15543538701338794,False,0.0,0.6177866753030422,-0.022333225916080158,FUSED,ACCEPTED,ACCEPTED,171.004609176,171.004609176
171.10654464599997,1.0838677490379987,24.50096092603309,0.011177866753028717,0.006820056652188533,0.15543538701338794,False,0.0,0.0,-0.022333225916080158,MODEL_ONLY,DUPLICATE_OR_OLD,DUPLICATE_OR_OLD,171.004609176,171.004609176
171.156544646,1.1350294560682377,24.55643335616076,0.006179979027953992,0.006820056652188533,0.15543538701338794,False,0.0,0.617997902795399,-0.009256818911401473,FUSED,ACCEPTED,ACCEPTED,171.104568335,171.104568335
171.206544646,1.1762030967565167,24.614214169981395,0.01117997902795513,0.006820056652188533,0.15543538701338794,False,0.0,0.0,-0.009256818911401473,MODEL_ONLY,DUPLICATE_OR_OLD,DUPLICATE_OR_OLD,171.104568335,171.104568335
171.25654464599998,1.21497109415183,24.67399352475408,0.006180287238075098,0.006820056652188533,0.15543538701338794,False,0.0,0.6180287238075097,-0.03343297501622275,FUSED,ACCEPTED,ACCEPTED,171.206385888,171.206385888
171.306544646,1.2556862206551629,24.73575995762427,0.011180287238076236,0.006820056652188533,0.15543538701338794,False,0.0,0.0,-0.03343297501622275,MODEL_ONLY,DUPLICATE_OR_OLD,DUPLICATE_OR_OLD,171.206385888,171.206385888
171.35654464599997,1.2995854338210768,24.799641748986154,0.006180332206036001,0.006820056652188533,0.15543538701338794,False,0.0,0.6180332206035999,-0.021422563326530468,FUSED,ACCEPTED,ACCEPTED,171.306352368,171.306352368
171.406544646,1.341790218127123,24.865676140284872,0.011180332206037138,0.006820056652188533,0.15543538701338794,False,0.0,0.0,-0.021422563326530468,MODEL_ONLY,DUPLICATE_OR_OLD,DUPLICATE_OR_OLD,171.306352368,171.306352368
171.456544646,1.3724719891561392,24.93353269546697,0.006180338766788612,0.006820056652188533,0.15543538701338794,False,0.0,0.6180338766788611,-0.0626528085556522,FUSED,ACCEPTED,ACCEPTED,171.438322581,171.438322581
171.50654464599998,1.4135752719487404,25.003183876994566,0.011180338766786906,0.006820056652188533,0.15543538701338794,False,0.0,0.0,-0.0626528085556522,MODEL_ONLY,DUPLICATE_OR_OLD,DUPLICATE_OR_OLD,171.438322581,171.438322581
171.556544646,1.4594528266770115,25.075009579460225,0.006180339723989426,0.006820056652188533,0.15543538701338794,False,0.0,0.6180339723989423,-0.035567207345354845,FUSED,ACCEPTED,ACCEPTED,171.512288578,171.512288578
171.60654464599997,1.502654614080152,25.14906226547913,0.011180339723987721,0.006820056652188533,0.15543538701338794,False,0.0,0.0,-0.035567207345354845,MODEL_ONLY,DUPLICATE_OR_OLD,DUPLICATE_OR_OLD,171.512288578,171.512288578
171.656544646,1.5377592545691656,25.22507261219538,0.006180339863643148,0.006820056652188533,0.15543538701338794,False,0.0,0.6180339863643147,-0.06858245984764821,FUSED,ACCEPTED,ACCEPTED,171.622257697,171.622257697
171.706544646,1.5798872191428721,25.3030137740382,0.011180339863644286,0.006820056652188533,0.15543538701338794,False,0.0,0.0,-0.06858245984764821,MODEL_ONLY,DUPLICATE_OR_OLD,DUPLICATE_OR_OLD,171.622257697,171.622257697
171.75654464599998,1.6239352090224086,25.383109334742304,0.0061803398840183515,0.006820056652188533,0.15543538701338794,False,0.0,0.6180339884018351,-0.05303435965943823,FUSED,ACCEPTED,ACCEPTED,171.708232428,171.708232428
171.806544646,1.6672878350245663,25.465389910843495,0.011180339884019489,0.006820056652188533,0.15543538701338794,False,0.0,0.0,-0.05303435965943823,MODEL_ONLY,DUPLICATE_OR_OLD,DUPLICATE_OR_OLD,171.708232428,171.708232428
171.85654464599997,1.702212656515819,25.549627423131977,0.0061803398869910535,0.006820056652188533,0.15543538701338794,False,0.0,0.6180339886991053,-0.08167015919968734,FUSED,ACCEPTED,ACCEPTED,171.840205213,171.840205213
171.906544646,1.7444802153264083,25.63579474492805,0.01118033988699219,0.006820056652188533,0.15543538701338794,False,0.0,0.0,-0.08167015919968734,MODEL_ONLY,DUPLICATE_OR_OLD,DUPLICATE_OR_OLD,171.840205213,171.840205213
171.956544646,1.795305434335821,25.724289386169627,0.00618033988742518,0.006820056652188533,0.15543538701338794,False,0.0,0.6180339887425179,-0.0461828802657151,FUSED,ACCEPTED,ACCEPTED,171.918179235,171.918179235
172.00654464599998,1.839616144024803,25.81516242562861,0.011180339887423476,0.006820056652188533,0.15543538701338794,False,0.0,0.0,-0.0461828802657151,MODEL_ONLY,DUPLICATE_OR_OLD,DUPLICATE_OR_OLD,171.918179235,171.918179235
172.056544646,1.8811457618489211,25.908181473275476,0.006180339887488104,0.006820056652188533,0.15543538701338794,False,0.0,0.6180339887488103,-0.06733453228669557,FUSED,ACCEPTED,ACCEPTED,172.006167881,172.006167881
172.10654464599997,1.9246072582628153,26.003325298778236,0.011180339887486398,0.006820056652188533,0.15543538701338794,False,0.0,0.0,-0.06733453228669557,MODEL_ONLY,DUPLICATE_OR_OLD,DUPLICATE_OR_OLD,172.006167881,172.006167881
172.156544646,1.9741709446117497,26.100794753850124,0.006180339887497285,0.006820056652188533,0.15543538701338794,False,0.0,0.6180339887497283,-0.04497246493521341,FUSED,ACCEPTED,ACCEPTED,172.104513262,172.104513262
172.206544646,2.0189120766789674,26.200621829382413,0.011180339887498423,0.006820056652188533,0.15543538701338794,False,0.0,0.0,-0.04497246493521341,MODEL_ONLY,DUPLICATE_OR_OLD,DUPLICATE_OR_OLD,172.104513262,172.104513262
172.25654464599998,2.0329272926831656,26.301917813616434,0.006180339887498623,0.006820056652188533,0.15543538701338794,False,0.0,0.6180339887498623,-0.14063084295712802,FUSED,ACCEPTED,ACCEPTED,172.24608795,172.24608795
172.306544646,2.073010729076126,26.40456626416044,0.01118033988749976,0.006820056652188533,0.15543538701338794,False,0.0,0.0,-0.14063084295712802,MODEL_ONLY,DUPLICATE_OR_OLD,DUPLICATE_OR_OLD,172.24608795,172.24608795
172.35654464599997,2.100975389382097,26.50891591712186,0.006180339887498819,0.006820056652188533,0.15543538701338794,False,0.0,0.6180339887498818,-0.14013288138032062,FUSED,ACCEPTED,ACCEPTED,172.306349203,172.306349203
172.406544646,2.1411807995298355,26.614969821844685,0.011180339887499956,0.006820056652188533,0.15543538701338794,False,0.0,0.0,-0.14013288138032062,MODEL_ONLY,DUPLICATE_OR_OLD,DUPLICATE_OR_OLD,172.306349203,172.306349203
172.456544646,2.2038788027731906,26.723596311902284,0.006180339887499263,0.006820056652188533,0.15543538701338794,False,0.0,0.6180339887499261,-0.060895898781228655,FUSED,ACCEPTED,ACCEPTED,172.406056035,172.406056035
172.50654464599998,2.2481213171500842,26.834896314900327,0.011180339887497559,0.006820056652188533,0.15543538701338794,False,0.0,0.0,-0.060895898781228655,MODEL_ONLY,DUPLICATE_OR_OLD,DUPLICATE_OR_OLD,172.406056035,172.406056035
172.556544646,2.289565189104992,26.94833847755673,0.006180339887498912,0.006820056652188533,0.15543538701338794,False,0.0,0.6180339887498911,-0.10177947633293224,FUSED,ACCEPTED,ACCEPTED,172.506027804,172.506027804
172.60654464599997,2.3318218639366366,27.06387315388273,0.011180339887497207,0.006820056652188533,0.15543538701338794,False,0.0,0.0,-0.10177947633293224,MODEL_ONLY,DUPLICATE_OR_OLD,DUPLICATE_OR_OLD,172.506027804,172.506027804
172.656544646,2.3389994847505804,27.18064368759994,0.006180339887498861,0.006820056652188533,0.15543538701338794,False,0.0,0.618033988749886,-0.19631017590306105,FUSED,ACCEPTED,ACCEPTED,172.623988413,172.623988413
172.706544646,2.3765748504778705,27.298533045980676,0.011180339887499998,0.006820056652188533,0.15543538701338794,False,0.0,0.0,-0.19631017590306105,MODEL_ONLY,DUPLICATE_OR_OLD,DUPLICATE_OR_OLD,172.623988413,172.623988413
172.75654464599998,2.390855413774531,27.417718802586947,0.006180339887498853,0.006820056652188533,0.15543538701338794,False,0.0,0.6180339887498852,-0.2202796124929648,FUSED,ACCEPTED,ACCEPTED,172.705967153,172.705967153
172.806544646,2.4272673677183323,27.538171872124295,0.011180339887499991,0.006820056652188533,0.15543538701338794,False,0.0,0.0,-0.2202796124929648,MODEL_ONLY,DUPLICATE_OR_OLD,DUPLICATE_OR_OLD,172.705967153,172.705967153
172.85654464599997,2.4600686954003317,27.66035527370222,0.006180339887498852,0.006820056652188533,0.15543538701338794,False,0.0,0.6180339887498851,-0.2032441627109445,FUSED,ACCEPTED,ACCEPTED,172.839925602,172.839925602
172.906544646,2.4973596011159898,27.784290981115156,0.01118033988749999,0.006820056652188533,0.15543538701338794,False,0.0,0.0,-0.2032441627109445,MODEL_ONLY,DUPLICATE_OR_OLD,DUPLICATE_OR_OLD,172.839925602,172.839925602
172.956544646,2.534661711472504,27.910091513929896,0.016180339887501127,0.006820056652188533,0.15543538701338794,False,0.0,0.0,-0.2032441627109445,MODEL_ONLY,DUPLICATE_OR_OLD,DUPLICATE_OR_OLD,172.839925602,172.839925602
