t,v,s,pvv,pvd,pdd,active,added,gain,d,mode,front_status,rear_status,front_t,rear_t
42.820133437,0.0,0.0,1.0,0.0,0.0,False,0.0,0.0,0.0,WAITING_FOR_INITIALIZATION,MISSING_OR_STALE,MISSING_OR_STALE,,
42.870133437,0.0,0.0,1.0,0.0,0.0,False,0.0,0.0,0.0,WAITING_FOR_INITIALIZATION,MISSING_OR_STALE,MISSING_OR_STALE,,
42.920133437000004,0.0,0.0,0.010000000000000002,0.0,0.0,False,0.0,0.0,0.0,INITIALIZED,ACCEPTED,ACCEPTED,42.808092209,42.808092209
42.970133437,0.0,0.0,0.014999999999999718,0.0,0.0,False,0.0,0.0,0.0,MODEL_ONLY,DUPLICATE_OR_OLD,DUPLICATE_OR_OLD,42.808092209,42.808092209
43.020133437000005,0.0,0.0,0.006666666666666684,0.0,0.0,False,0.0,0.6666666666666683,0.0,FUSED,ACCEPTED,ACCEPTED,42.902071724,42.902071724
43.070133437,0.0,0.0,0.0116666666666664,0.0,0.0,False,0.0,0.0,0.0,MODEL_ONLY,DUPLICATE_OR_OLD,DUPLICATE_OR_OLD,42.902071724,42.902071724
43.120133437,0.0,0.0,0.006249999999999923,0.0,0.0,False,0.0,0.6249999999999922,0.0,FUSED,ACCEPTED,ACCEPTED,43.010032285,43.010032285
43.170133437000004,0.0,0.0,0.01125000000000035,0.0,0.0,False,0.0,0.0,0.0,MODEL_ONLY,DUPLICATE_OR_OLD,DUPLICATE_OR_OLD,43.010032285,43.010032285
43.220133437,0.0,0.0,0.006190476190476201,0.0,0.0,False,0.0,0.61904761904762,0.0,FUSED,ACCEPTED,ACCEPTED,43.102013382,43.102013382
43.270133437000005,0.0,0.0,0.011190476190476629,0.0,0.0,False,0.0,0.0,0.0,MODEL_ONLY,DUPLICATE_OR_OLD,DUPLICATE_OR_OLD,43.102013382,43.102013382
43.320133437,0.0,0.0,0.006181818181818205,0.0,0.0,False,0.0,0.6181818181818204,0.0,FUSED,ACCEPTED,ACCEPTED,43.213979035,43.213979035
43.370133437,0.0,0.0,0.011181818181817921,0.0,0.0,False,0.0,0.0,0.0,MODEL_ONLY,DUPLICATE_OR_OLD,DUPLICATE_OR_OLD,43.213979035,43.213979035
43.420133437000004,0.0,0.0,0.006180555555555581,0.0,0.0,False,0.0,0.618055555555558,0.0,FUSED,ACCEPTED,ACCEPTED,43.35593879,43.35593879
43.470133437,0.0,0.0,0.011180555555555298,0.0,0.0,False,0.0,0.0,0.0,STOPPED,DUPLICATE_OR_OLD,DUPLICATE_OR_OLD,43.35593879,43.35593879
43.520133437000005,0.0,0.0,0.006180371352785171,0.0,0.0,False,0.0,0.0,0.0,STOPPED,ACCEPTED,ACCEPTED,43.399927562,43.399927562
43.570133437,0.0,0.0,0.011180371352784888,0.0,0.0,False,0.0,0.0,0.0,STOPPED,DUPLICATE_OR_OLD,DUPLICATE_OR_OLD,43.399927562,43.399927562
43.620133437,0.0,0.0,0.006180344478216741,0.0,0.0,False,0.0,0.0,0.0,STOPPED,ACCEPTED,ACCEPTED,43.505900357,43.505900357
43.670133437000004,0.0,0.0,0.011180344478217169,0.0,0.0,False,0.0,0.0,0.0,STOPPED,DUPLICATE_OR_OLD,DUPLICATE_OR_OLD,43.505900357,43.505900357
43.720133437,0.0,0.0,0.006180340557275552,0.0,0.0,False,0.0,0.0,0.0,STOPPED,ACCEPTED,ACCEPTED,43.603868137,43.603868137
43.770133437000005,0.0,0.0,0.01118034055727598,0.0,0.0,False,0.0,0.0,0.0,STOPPED,DUPLICATE_OR_OLD,DUPLICATE_OR_OLD,43.603868137,43.603868137
43.820133437,0.0,0.0,0.006180339985218057,0.0,0.0,False,0.0,0.0,0.0,STOPPED,ACCEPTED,ACCEPTED,43.699840097,43.699840097
43.870133437,0.0,0.0,0.011180339985217773,0.0,0.0,False,0.0,0.0,0.0,STOPPED,DUPLICATE_OR_OLD,DUPLICATE_OR_OLD,43.699840097,43.699840097
43.920133437000004,0.0,0.0,0.006180339901755996,0.0,0.0,False,0.0,0.0,0.0,STOPPED,ACCEPTED,ACCEPTED,43.807811714,43.807811714
43.970133437,0.0,0.0,0.011180339901755713,0.0,0.0,False,0.0,0.0,0.0,STOPPED,DUPLICATE_OR_OLD,DUPLICATE_OR_OLD,43.807811714,43.807811714
44.020133437000005,0.0,0.0,0.006180339889579046,0.0,0.0,False,0.0,0.0,0.0,STOPPED,ACCEPTED,ACCEPTED,43.901787925,43.901787925
44.070133437,0.0,0.0,0.011180339889578762,0.0,0.0,False,0.0,0.0,0.0,STOPPED,DUPLICATE_OR_OLD,DUPLICATE_OR_OLD,43.901787925,43.901787925
44.120133437,0.0,0.0,0.006180339887802349,0.0,0.0,False,0.0,0.0,0.0,STOPPED,ACCEPTED,ACCEPTED,44.009763379,44.009763379
44.170133437000004,0.0,0.0,0.011180339887802777,0.0,0.0,False,0.0,0.0,0.0,STOPPED,DUPLICATE_OR_OLD,DUPLICATE_OR_OLD,44.009763379,44.009763379
44.220133437,0.0,0.0,0.006180339887543235,0.0,0.0,False,0.0,0.0,0.0,STOPPED,ACCEPTED,ACCEPTED,44.101730861,44.101730861
44.270133437000005,0.0,0.0,0.011180339887543661,0.0,0.0,False,0.0,0.0,0.0,STOPPED,DUPLICATE_OR_OLD,DUPLICATE_OR_OLD,44.101730861,44.101730861
44.320133437,0.0,0.0,0.006180339887505432,0.0,0.0,False,0.0,0.0,0.0,STOPPED,ACCEPTED,ACCEPTED,44.215694418,44.215694418
44.370133437,0.0,0.0,0.011180339887505148,0.0,0.0,False,0.0,0.0,0.0,STOPPED,DUPLICATE_OR_OLD,DUPLICATE_OR_OLD,44.215694418,44.215694418
44.420133437000004,0.0,0.0,0.0061803398874999155,0.0,0.0,False,0.0,0.0,0.0,STOPPED,ACCEPTED,ACCEPTED,44.303667881,44.303667881
44.470133437,0.0,0.0,0.011180339887499632,0.0,0.0,False,0.0,0.0,0.0,STOPPED,DUPLICATE_OR_OLD,DUPLICATE_OR_OLD,44.303667881,44.303667881
44.520133437000005,0.0,0.0,0.006180339887499111,0.0,0.0,False,0.0,0.0,0.0,STOPPED,ACCEPTED,ACCEPTED,44.405645708,44.405645708
44.570133437,0.0,0.0,0.011180339887498827,0.0,0.0,False,0.0,0.0,0.0,STOPPED,DUPLICATE_OR_OLD,DUPLICATE_OR_OLD,44.405645708,44.405645708
44.620133437,0.0,0.0,0.00618033988749889,0.0,0.0,False,0.0,0.0,0.0,STOPPED,ACCEPTED,ACCEPTED,44.503617905,44.503617905
44.670133437000004,0.0,0.0,0.011180339887499318,0.0,0.0,False,0.0,0.0,0.0,STOPPED,DUPLICATE_OR_OLD,DUPLICATE_OR_OLD,44.503617905,44.503617905
44.720133437,0.0,0.0,0.0061803398874989614,0.0,0.0,False,0.0,0.0,0.0,STOPPED,ACCEPTED,ACCEPTED,44.603589348,44.603589348
44.770133437000005,0.0,0.0,0.011180339887499387,0.0,0.0,False,0.0,0.0,0.0,STOPPED,DUPLICATE_OR_OLD,DUPLICATE_OR_OLD,44.603589348,44.603589348
44.820133437,0.0,0.0,0.006180339887498972,0.0,0.0,False,0.0,0.0,0.0,STOPPED,ACCEPTED,ACCEPTED,44.699559129,44.699559129
44.870133437,0.0,0.0,0.011180339887498688,0.0,0.0,False,0.0,0.0,0.0,STOPPED,DUPLICATE_OR_OLD,DUPLICATE_OR_OLD,44.699559129,44.699559129
44.920133437000004,0.0,0.0,0.006180339887498974,0.0,0.0,False,0.0,0.0,0.0,STOPPED,ACCEPTED,ACCEPTED,44.80953049,44.80953049
44.970133437,0.0,0.0,0.01118033988749869,0.0,0.0,False,0.0,0.0,0.0,STOPPED,DUPLICATE_OR_OLD,DUPLICATE_OR_OLD,44.80953049,44.80953049
45.020133437000005,0.0,0.0,0.006180339887498974,0.0,0.0,False,0.0,0.0,0.0,STOPPED,ACCEPTED,ACCEPTED,44.905501013,44.905501013
45.070133437,0.0,0.0,0.01118033988749869,0.0,0.0,False,0.0,0.0,0.0,STOPPED,DUPLICATE_OR_OLD,DUPLICATE_OR_OLD,44.905501013,44.905501013
45.120133437,0.0,0.0,0.0061803398874988695,0.0,0.0,False,0.0,0.0,0.0,STOPPED,ACCEPTED,ACCEPTED,45.007474531,45.007474531
45.170133437000004,0.0,0.0,0.011180339887499297,0.0,0.0,False,0.0,0.0,0.0,STOPPED,DUPLICATE_OR_OLD,DUPLICATE_OR_OLD,45.007474531,45.007474531
45.220133437,0.0,0.0,0.006180339887498959,0.0,0.0,False,0.0,0.0,0.0,STOPPED,ACCEPTED,ACCEPTED,45.103448275,45.103448275
45.270133437000005,0.0,0.0,0.011180339887499386,0.0,0.0,False,0.0,0.0,0.0,STOPPED,DUPLICATE_OR_OLD,DUPLICATE_OR_OLD,45.103448275,45.103448275
45.320133437,0.0,0.0,0.006180339887498972,0.0,0.0,False,0.0,0.0,0.0,STOPPED,ACCEPTED,ACCEPTED,45.215418038,45.215418038
45.370133437,0.0,0.0,0.011180339887498688,0.0,0.0,False,0.0,0.0,0.0,STOPPED,DUPLICATE_OR_OLD,DUPLICATE_OR_OLD,45.215418038,45.215418038
45.420133437000004,0.0,0.0,0.006180339887498974,0.0,0.0,False,0.0,0.0,0.0,STOPPED,ACCEPTED,ACCEPTED,45.307394575,45.307394575
45.470133437,0.0,0.0,0.01118033988749869,0.0,0.0,False,0.0,0.0,0.0,STOPPED,DUPLICATE_OR_OLD,DUPLICATE_OR_OLD,45.307394575,45.307394575
45.520133437000005,0.0,0.0,0.006180339887498974,0.0,0.0,False,0.0,0.0,0.0,STOPPED,ACCEPTED,ACCEPTED,45.403372621,45.403372621
45.570133437,0.0,0.0,0.01118033988749869,0.0,0.0,False,0.0,0.0,0.0,STOPPED,DUPLICATE_OR_OLD,DUPLICATE_OR_OLD,45.403372621,45.403372621
45.620133437,0.0,0.0,0.0061803398874988695,0.0,0.0,False,0.0,0.0,0.0,STOPPED,ACCEPTED,ACCEPTED,45.503341299,45.503341299
45.670133437000004,0.0,0.0,0.011180339887499297,0.0,0.0,False,0.0,0.0,0.0,STOPPED,DUPLICATE_OR_OLD,DUPLICATE_OR_OLD,45.503341299,45.503341299
45.720133437,0.0,0.0,0.006180339887498959,0.0,0.0,False,0.0,0.0,0.0,STOPPED,ACCEPTED,ACCEPTED,45.601318681,45.601318681
45.770133437000005,0.0,0.0,0.011180339887499386,0.0,0.0,False,0.0,0.0,0.0,STOPPED,DUPLICATE_OR_OLD,DUPLICATE_OR_OLD,45.601318681,45.601318681
45.820133437,0.0,0.0,0.006180339887498972,0.0,0.0,False,0.0,0.0,0.0,STOPPED,ACCEPTED,ACCEPTED,45.701294386,45.701294386
45.870133437,0.0,0.0,0.011180339887498688,0.0,0.0,False,0.0,0.0,0.0,STOPPED,DUPLICATE_OR_OLD,DUPLICATE_OR_OLD,45.701294386,45.701294386
45.920133437000004,0.0,0.0,0.006180339887498974,0.0,0.0,False,0.0,0.0,0.0,STOPPED,ACCEPTED,ACCEPTED,45.805338275,45.805338275
45.970133437,0.0,0.0,0.01118033988749869,0.0,0.0,False,0.0,0.0,0.0,STOPPED,DUPLICATE_OR_OLD,DUPLICATE_OR_OLD,45.805338275,45.805338275
46.020133437000005,0.0,0.0,0.006180339887498974,0.0,0.0,False,0.0,0.0,0.0,STOPPED,ACCEPTED,ACCEPTED,45.903228244,45.903228244
46.070133437,0.0,0.0,0.01118033988749869,0.0,0.0,False,0.0,0.0,0.0,STOPPED,DUPLICATE_OR_OLD,DUPLICATE_OR_OLD,45.903228244,45.903228244
46.120133437,0.0,0.0,0.0061803398874988695,0.0,0.0,False,0.0,0.0,0.0,STOPPED,ACCEPTED,ACCEPTED,46.005205353,46.005205353
46.170133437000004,0.0,0.0,0.011180339887499297,0.0,0.0,False,0.0,0.0,0.0,STOPPED,DUPLICATE_OR_OLD,DUPLICATE_OR_OLD,46.005205353,46.005205353
46.220133437,0.0,0.0,0.006180339887498959,0.0,0.0,False,0.0,0.0,0.0,STOPPED,ACCEPTED,ACCEPTED,46.103184829,46.103184829
46.270133437000005,0.0,0.0,0.011180339887499386,0.0,0.0,False,0.0,0.0,0.0,STOPPED,DUPLICATE_OR_OLD,DUPLICATE_OR_OLD,46.103184829,46.103184829
46.320133437,0.0,0.0,0.006180339887498972,0.0,0.0,False,0.0,0.0,0.0,STOPPED,ACCEPTED,ACCEPTED,46.215147352,46.215147352
46.370133437,0.0,0.0,0.011180339887498688,0.0,0.0,False,0.0,0.0,0.0,STOPPED,DUPLICATE_OR_OLD,DUPLICATE_OR_OLD,46.215147352,46.215147352
46.420133437000004,0.0,0.0,0.006180339887498974,0.0,0.0,False,0.0,0.0,0.0,STOPPED,ACCEPTED,ACCEPTED,46.305135759,46.305135759
46.470133437,0.0,0.0,0.01118033988749869,0.0,0.0,False,0.0,0.0,0.0,STOPPED,DUPLICATE_OR_OLD,DUPLICATE_OR_OLD,46.305135759,46.305135759
46.520133437000005,0.0,0.0,0.006180339887498974,0.0,0.0,False,0.0,0.0,0.0,STOPPED,ACCEPTED,ACCEPTED,46.399099623,46.399099623
46.570133437,0.0,0.0,0.01118033988749869,0.0,0.0,False,0.0,0.0,0.0,STOPPED,DUPLICATE_OR_OLD,DUPLICATE_OR_OLD,46.399099623,46.399099623
46.620133437,0.0,0.0,0.0061803398874988695,0.0,0.0,False,0.0,0.0,0.0,STOPPED,ACCEPTED,ACCEPTED,46.501065604,46.501065604
46.670133437000004,0.0,0.0,0.011180339887499297,0.0,0.0,False,0.0,0.0,0.0,STOPPED,DUPLICATE_OR_OLD,DUPLICATE_OR_OLD,46.501065604,46.501065604
46.720133437,0.0,0.0,0.006180339887498959,0.0,0.0,False,0.0,0.0,0.0,STOPPED,ACCEPTED,ACCEPTED,46.607042775,46.607042775
46.770133437000005,0.0,0.0,0.011180339887499386,0.0,0.0,False,0.0,0.0,0.0,STOPPED,DUPLICATE_OR_OLD,DUPLICATE_OR_OLD,46.607042775,46.607042775
46.820133437,0.0,0.0,0.006180339887498972,0.0,0.0,False,0.0,0.0,0.0,STOPPED,ACCEPTED,ACCEPTED,46.703023469,46.703023469
46.870133437,0.0,0.0,0.011180339887498688,0.0,0.0,False,0.0,0.0,0.0,STOPPED,DUPLICATE_OR_OLD,DUPLICATE_OR_OLD,46.703023469,46.703023469
46.920133437000004,0.0,0.0,0.006180339887498974,0.0,0.0,False,0.0,0.0,0.0,STOPPED,ACCEPTED,ACCEPTED,46.806996363,46.806996363
46.970133437,0.0,0.0,0.01118033988749869,0.0,0.0,False,0.0,0.0,0.0,STOPPED,DUPLICATE_OR_OLD,DUPLICATE_OR_OLD,46.806996363,46.806996363
47.020133437000005,0.0,0.0,0.006180339887498974,0.0,0.0,False,0.0,0.0,0.0,STOPPED,ACCEPTED,ACCEPTED,46.900956397,46.900956397
47.070133437,0.0,0.0,0.01118033988749869,0.0,0.0,False,0.0,0.0,0.0,STOPPED,DUPLICATE_OR_OLD,DUPLICATE_OR_OLD,46.900956397,46.900956397
47.120133437,0.0,0.0,0.0061803398874988695,0.0,0.0,False,0.0,0.0,0.0,STOPPED,ACCEPTED,ACCEPTED,47.006932709,47.006932709
47.170133437000004,0.0,0.0,0.011180339887499297,0.0,0.0,False,0.0,0.0,0.0,STOPPED,DUPLICATE_OR_OLD,DUPLICATE_OR_OLD,47.006932709,47.006932709
47.220133437,0.0,0.0,0.006180339887498959,0.0,0.0,False,0.0,0.0,0.0,STOPPED,ACCEPTED,ACCEPTED,47.104900114,47.104900114
47.270133437000005,0.0,0.0,0.011180339887499386,0.0,0.0,False,0.0,0.0,0.0,STOPPED,DUPLICATE_OR_OLD,DUPLICATE_OR_OLD,47.104900114,47.104900114
47.320133437,0.0,0.0,0.006180339887498972,0.0,0.0,False,0.0,0.0,0.0,STOPPED,ACCEPTED,ACCEPTED,47.210871321,47.210871321
47.370133437,0.0,0.0,0.011180339887498688,0.0,0.0,False,0.0,0.0,0.0,STOPPED,DUPLICATE_OR_OLD,DUPLICATE_OR_OLD,47.210871321,47.210871321
47.420133437000004,0.0,0.0,0.006180339887498974,0.0,0.0,False,0.0,0.0,0.0,STOPPED,ACCEPTED,ACCEPTED,47.302842792,47.302842792
47.470133437,0.0,0.0,0.01118033988749869,0.0,0.0,False,0.0,0.0,0.0,STOPPED,DUPLICATE_OR_OLD,DUPLICATE_OR_OLD,47.302842792,47.302842792
47.520133437000005,0.0,0.0,0.006180339887498974,0.0,0.0,False,0.0,0.0,0.0,STOPPED,ACCEPTED,ACCEPTED,47.404828672,47.404828672
47.570133437,0.0,0.0,0.01118033988749869,0.0,0.0,False,0.0,0.0,0.0,STOPPED,DUPLICATE_OR_OLD,DUPLICATE_OR_OLD,47.404828672,47.404828672
47.62013343700001,0.0,0.0,0.006180339887498974,0.0,0.0,False,0.0,0.0,0.0,STOPPED,ACCEPTED,ACCEPTED,47.504791442,47.504791442
47.670133437000004,0.0,0.0,0.01118033988749869,0.0,0.0,False,0.0,0.0,0.0,STOPPED,DUPLICATE_OR_OLD,DUPLICATE_OR_OLD,47.504791442,47.504791442
47.720133437,0.0,0.0,0.0061803398874988695,0.0,0.0,False,0.0,0.0,0.0,STOPPED,ACCEPTED,ACCEPTED,47.606775098,47.606775098
47.770133437000005,0.0,0.0,0.011180339887499297,0.0,0.0,False,0.0,0.0,0.0,STOPPED,DUPLICATE_OR_OLD,DUPLICATE_OR_OLD,47.606775098,47.606775098
47.820133437,0.0,0.0,0.006180339887498959,0.0,0.0,False,0.0,0.0,0.0,STOPPED,ACCEPTED,ACCEPTED,47.700734735,47.700734735
47.87013343700001,0.0,0.0,0.011180339887499386,0.0,0.0,False,0.0,0.0,0.0,STOPPED,DUPLICATE_OR_OLD,DUPLICATE_OR_OLD,47.700734735,47.700734735
47.920133437000004,0.0,0.0,0.006180339887498972,0.0,0.0,False,0.0,0.0,0.0,STOPPED,ACCEPTED,ACCEPTED,47.808721823,47.808721823
47.970133437,0.0,0.0,0.011180339887498688,0.0,0.0,False,0.0,0.0,0.0,STOPPED,DUPLICATE_OR_OLD,DUPLICATE_OR_OLD,47.808721823,47.808721823
48.020133437000005,0.0,0.0,0.006180339887498974,0.0,0.0,False,0.0,0.0,0.0,STOPPED,ACCEPTED,ACCEPTED,47.898691991,47.898691991
48.070133437,0.0,0.0,0.005278640450004149,0.0,0.0,False,0.0,0.0,0.0,STOPPED,ACCEPTED,ACCEPTED,48.000653159,48.000653159
48.12013343700001,0.0,0.0,0.010278640450004576,0.0,0.0,False,0.0,0.0,0.0,STOPPED,DUPLICATE_OR_OLD,DUPLICATE_OR_OLD,48.000653159,48.000653159
48.170133437000004,0.0,0.0,0.015278640450004292,0.0,0.0,False,0.0,0.0,0.0,STOPPED,DUPLICATE_OR_OLD,DUPLICATE_OR_OLD,48.000653159,48.000653159
48.220133437,0.0,0.0,0.006697341805517337,0.0,0.0,False,0.0,0.0,0.0,STOPPED,ACCEPTED,ACCEPTED,48.104620748,48.104620748
48.270133437000005,0.0,0.0,0.011697341805517764,0.0,0.0,False,0.0,0.0,0.0,STOPPED,DUPLICATE_OR_OLD,DUPLICATE_OR_OLD,48.104620748,48.104620748
48.320133437,0.0,0.0,0.006254308734986747,0.0,0.0,False,0.0,0.0,0.0,STOPPED,ACCEPTED,ACCEPTED,48.238589106,48.238589106
48.37013343700001,0.0,0.0,0.011254308734987173,0.0,0.0,False,0.0,0.0,0.0,STOPPED,DUPLICATE_OR_OLD,DUPLICATE_OR_OLD,48.238589106,48.238589106
48.420133437000004,0.0,0.0,0.006191101391797894,0.0,0.0,False,0.0,0.0,0.0,STOPPED,ACCEPTED,ACCEPTED,48.304568651,48.304568651
48.470133437,0.0,0.0,0.01119110139179761,0.0,0.0,False,0.0,0.0,0.0,STOPPED,DUPLICATE_OR_OLD,DUPLICATE_OR_OLD,48.304568651,48.304568651
48.520133437000005,0.0,0.0,0.0061819093246946915,0.0,0.0,False,0.0,0.0,0.0,STOPPED,ACCEPTED,ACCEPTED,48.404537944,48.404537944
48.570133437,0.0,0.0,0.011181909324694407,0.0,0.0,False,0.0,0.0,0.0,STOPPED,DUPLICATE_OR_OLD,DUPLICATE_OR_OLD,48.404537944,48.404537944
48.62013343700001,0.0,0.0,0.006180568851574177,0.0,0.0,False,0.0,0.0,0.0,STOPPED,ACCEPTED,ACCEPTED,48.506514687,48.506514687
48.670133437000004,0.0,0.0,0.011180568851573893,0.0,0.0,False,0.0,0.0,0.0,STOPPED,DUPLICATE_OR_OLD,DUPLICATE_OR_OLD,48.506514687,48.506514687
48.720133437,0.0,0.0,0.006180373292615093,0.0,0.0,False,0.0,0.0,0.0,STOPPED,ACCEPTED,ACCEPTED,48.606486024,48.606486024
48.770133437000005,0.0,0.0,0.011180373292615519,0.0,0.0,False,0.0,0.0,0.0,STOPPED,DUPLICATE_OR_OLD,DUPLICATE_OR_OLD,48.606486024,48.606486024
48.820133437,0.0,0.0,0.006180344761233514,0.0,0.0,False,0.0,0.0,0.0,STOPPED,ACCEPTED,ACCEPTED,48.700459181,48.700459181
48.87013343700001,0.0,0.0,0.01118034476123394,0.0,0.0,False,0.0,0.0,0.0,STOPPED,DUPLICATE_OR_OLD,DUPLICATE_OR_OLD,48.700459181,48.700459181
48.920133437000004,0.0,0.0,0.006180340598567128,0.0,0.0,False,0.0,0.0,0.0,STOPPED,ACCEPTED,ACCEPTED,48.810423743,48.810423743
48.970133437,0.0,0.0,0.011180340598566844,0.0,0.0,False,0.0,0.0,0.0,STOPPED,DUPLICATE_OR_OLD,DUPLICATE_OR_OLD,48.810423743,48.810423743
49.020133437000005,0.0,0.0,0.006180339991242416,0.0,0.0,False,0.0,0.0,0.0,STOPPED,ACCEPTED,ACCEPTED,48.902404023,48.902404023
49.070133437,0.0,0.0,0.011180339991242133,0.0,0.0,False,0.0,0.0,0.0,STOPPED,DUPLICATE_OR_OLD,DUPLICATE_OR_OLD,48.902404023,48.902404023
49.12013343700001,0.0,0.0,0.006180339902634938,0.0,0.0,False,0.0,0.0,0.0,STOPPED,ACCEPTED,ACCEPTED,49.002378885,49.002378885
49.170133437000004,0.0,0.0,0.011180339902634655,0.0,0.0,False,0.0,0.0,0.0,STOPPED,DUPLICATE_OR_OLD,DUPLICATE_OR_OLD,49.002378885,49.002378885
49.220133437,0.0,0.0,0.006180339889707178,0.0,0.0,False,0.0,0.0,0.0,STOPPED,ACCEPTED,ACCEPTED,49.104349753,49.104349753
49.270133437000005,0.0,0.0,0.011180339889707604,0.0,0.0,False,0.0,0.0,0.0,STOPPED,DUPLICATE_OR_OLD,DUPLICATE_OR_OLD,49.104349753,49.104349753
49.320133437,0.0,0.0,0.006180339887821146,0.0,0.0,False,0.0,0.0,0.0,STOPPED,ACCEPTED,ACCEPTED,49.214312401,49.214312401
49.37013343700001,0.0,0.0,0.011180339887821574,0.0,0.0,False,0.0,0.0,0.0,STOPPED,DUPLICATE_OR_OLD,DUPLICATE_OR_OLD,49.214312401,49.214312401
49.420133437000004,0.0,0.0,0.006180339887545978,0.0,0.0,False,0.0,0.0,0.0,STOPPED,ACCEPTED,ACCEPTED,49.304292903,49.304292903
49.470133437,0.0,0.0,0.011180339887545694,0.0,0.0,False,0.0,0.0,0.0,STOPPED,DUPLICATE_OR_OLD,DUPLICATE_OR_OLD,49.304292903,49.304292903
49.520133437000005,0.0,0.0,0.006180339887505832,0.0,0.0,False,0.0,0.0,0.0,STOPPED,ACCEPTED,ACCEPTED,49.402263235,49.402263235
49.570133437,0.0,0.0,0.01118033988750555,0.0,0.0,False,0.0,0.0,0.0,STOPPED,DUPLICATE_OR_OLD,DUPLICATE_OR_OLD,49.402263235,49.402263235
49.62013343700001,0.0,0.0,0.0061803398874999745,0.0,0.0,False,0.0,0.0,0.0,STOPPED,ACCEPTED,ACCEPTED,49.506231083,49.506231083
49.670133437000004,0.0,0.0,0.011180339887499691,0.0,0.0,False,0.0,0.0,0.0,STOPPED,DUPLICATE_OR_OLD,DUPLICATE_OR_OLD,49.506231083,49.506231083
49.720133437,0.0,0.0,0.006180339887499017,0.0,0.0,False,0.0,0.0,0.0,STOPPED,ACCEPTED,ACCEPTED,49.604208348,49.604208348
49.770133437000005,0.0,0.0,0.011180339887499443,0.0,0.0,False,0.0,0.0,0.0,STOPPED,DUPLICATE_OR_OLD,DUPLICATE_OR_OLD,49.604208348,49.604208348
49.820133437,0.0,0.0,0.0061803398874989805,0.0,0.0,False,0.0,0.0,0.0,STOPPED,ACCEPTED,ACCEPTED,49.702182746,49.702182746
49.87013343700001,0.0,0.0,0.011180339887499408,0.0,0.0,False,0.0,0.0,0.0,STOPPED,DUPLICATE_OR_OLD,DUPLICATE_OR_OLD,49.702182746,49.702182746
49.920133437000004,0.0,0.0,0.006180339887498975,0.0,0.0,False,0.0,0.0,0.0,STOPPED,ACCEPTED,ACCEPTED,49.81015288,49.81015288
49.970133437,0.0,0.0,0.011180339887498692,0.0,0.0,False,0.0,0.0,0.0,STOPPED,DUPLICATE_OR_OLD,DUPLICATE_OR_OLD,49.81015288,49.81015288
50.020133437000005,0.0,0.0,0.006180339887498974,0.0,0.0,False,0.0,0.0,0.0,STOPPED,ACCEPTED,ACCEPTED,49.902124029,49.902124029
50.070133437,0.0,0.0,0.01118033988749869,0.0,0.0,False,0.0,0.0,0.0,STOPPED,DUPLICATE_OR_OLD,DUPLICATE_OR_OLD,49.902124029,49.902124029
50.12013343700001,0.0,0.0,0.006180339887498974,0.0,0.0,False,0.0,0.0,0.0,STOPPED,ACCEPTED,ACCEPTED,50.004091805,50.004091805
50.170133437000004,0.0,0.0,0.01118033988749869,0.0,0.0,False,0.0,0.0,0.0,STOPPED,DUPLICATE_OR_OLD,DUPLICATE_OR_OLD,50.004091805,50.004091805
50.220133437,0.0,0.0,0.0061803398874988695,0.0,0.0,False,0.0,0.0,0.0,STOPPED,ACCEPTED,ACCEPTED,50.102064267,50.102064267
50.270133437000005,0.0,0.0,0.011180339887499297,0.0,0.0,False,0.0,0.0,0.0,STOPPED,DUPLICATE_OR_OLD,DUPLICATE_OR_OLD,50.102064267,50.102064267
50.320133437,0.0,0.0,0.006180339887498959,0.0,0.0,False,0.0,0.0,0.0,STOPPED,ACCEPTED,ACCEPTED,50.20603935,50.20603935
50.37013343700001,0.0,0.0,0.011180339887499386,0.0,0.0,False,0.0,0.0,0.0,STOPPED,DUPLICATE_OR_OLD,DUPLICATE_OR_OLD,50.20603935,50.20603935
50.420133437000004,0.0,0.0,0.006180339887498972,0.0,0.0,False,0.0,0.0,0.0,STOPPED,ACCEPTED,ACCEPTED,50.30400743,50.30400743
50.470133437,0.0,0.0,0.011180339887498688,0.0,0.0,False,0.0,0.0,0.0,STOPPED,DUPLICATE_OR_OLD,DUPLICATE_OR_OLD,50.30400743,50.30400743
50.520133437000005,0.0,0.0,0.006180339887498974,0.0,0.0,False,0.0,0.0,0.0,STOPPED,ACCEPTED,ACCEPTED,50.401988083,50.401988083
50.570133437,0.0,0.0,0.01118033988749869,0.0,0.0,False,0.0,0.0,0.0,STOPPED,DUPLICATE_OR_OLD,DUPLICATE_OR_OLD,50.401988083,50.401988083
50.62013343700001,0.0,0.0,0.006180339887498974,0.0,0.0,False,0.0,0.0,0.0,STOPPED,ACCEPTED,ACCEPTED,50.503950008,50.503950008
50.670133437000004,0.0,0.0,0.01118033988749869,0.0,0.0,False,0.0,0.0,0.0,STOPPED,DUPLICATE_OR_OLD,DUPLICATE_OR_OLD,50.503950008,50.503950008
50.720133437,0.0,0.0,0.0061803398874988695,0.0,0.0,False,0.0,0.0,0.0,STOPPED,ACCEPTED,ACCEPTED,50.605924713,50.605924713
50.770133437000005,0.0,0.0,0.011180339887499297,0.0,0.0,False,0.0,0.0,0.0,STOPPED,DUPLICATE_OR_OLD,DUPLICATE_OR_OLD,50.605924713,50.605924713
50.820133437,0.0,0.0,0.006180339887498959,0.0,0.0,False,0.0,0.0,0.0,STOPPED,ACCEPTED,ACCEPTED,50.705899854,50.705899854
50.87013343700001,0.0,0.0,0.011180339887499386,0.0,0.0,False,0.0,0.0,0.0,STOPPED,DUPLICATE_OR_OLD,DUPLICATE_OR_OLD,50.705899854,50.705899854
50.920133437000004,0.0,0.0,0.006180339887498972,0.0,0.0,False,0.0,0.0,0.0,STOPPED,ACCEPTED,ACCEPTED,50.809865321,50.809865321
50.970133437,0.0,0.0,0.011180339887498688,0.0,0.0,False,0.0,0.0,0.0,STOPPED,DUPLICATE_OR_OLD,DUPLICATE_OR_OLD,50.809865321,50.809865321
51.020133437000005,0.0,0.0,0.006180339887498974,0.0,0.0,False,0.0,0.0,0.0,STOPPED,ACCEPTED,ACCEPTED,50.901840019,50.901840019
51.070133437,0.0,0.0,0.01118033988749869,0.0,0.0,False,0.0,0.0,0.0,STOPPED,DUPLICATE_OR_OLD,DUPLICATE_OR_OLD,50.901840019,50.901840019
51.12013343700001,0.0,0.0,0.006180339887498974,0.0,0.0,False,0.0,0.0,0.0,STOPPED,ACCEPTED,ACCEPTED,51.007812936,51.007812936
51.170133437000004,0.0,0.0,0.01118033988749869,0.0,0.0,False,0.0,0.0,0.0,STOPPED,DUPLICATE_OR_OLD,DUPLICATE_OR_OLD,51.007812936,51.007812936
51.220133437,0.0,0.0,0.0061803398874988695,0.0,0.0,False,0.0,0.0,0.0,STOPPED,ACCEPTED,ACCEPTED,51.101787868,51.101787868
51.270133437000005,0.0,0.0,0.011180339887499297,0.0,0.0,False,0.0,0.0,0.0,STOPPED,DUPLICATE_OR_OLD,DUPLICATE_OR_OLD,51.101787868,51.101787868
51.320133437,0.0,0.0,0.006180339887498959,0.0,0.0,False,0.0,0.0,0.0,STOPPED,ACCEPTED,ACCEPTED,51.219752084,51.219752084
51.37013343700001,0.0,0.0,0.005278640450004304,0.0,0.0,False,0.0,0.0,0.0,STOPPED,ACCEPTED,ACCEPTED,51.303735544,51.303735544
51.420133437000004,0.0,0.0,0.01027864045000402,0.0,0.0,False,0.0,0.0,0.0,STOPPED,DUPLICATE_OR_OLD,DUPLICATE_OR_OLD,51.303735544,51.303735544
51.470133437,0.0,0.0,0.015278640450003737,0.0,0.0,False,0.0,0.0,0.0,STOPPED,DUPLICATE_OR_OLD,DUPLICATE_OR_OLD,51.303735544,51.303735544
51.520133437000005,0.0,0.0,0.006697341805517353,0.0,0.0,False,0.0,0.0,0.0,STOPPED,ACCEPTED,ACCEPTED,51.405700434,51.405700434
51.570133437,0.0,0.0,0.01169734180551707,0.0,0.0,False,0.0,0.0,0.0,STOPPED,DUPLICATE_OR_OLD,DUPLICATE_OR_OLD,51.405700434,51.405700434
51.62013343700001,0.0,0.0,0.006254308734986749,0.0,0.0,False,0.0,0.0,0.0,STOPPED,ACCEPTED,ACCEPTED,51.501679387,51.501679387
51.670133437000004,0.0,0.0,0.011254308734986465,0.0,0.0,False,0.0,0.0,0.0,STOPPED,DUPLICATE_OR_OLD,DUPLICATE_OR_OLD,51.501679387,51.501679387
51.720133437,0.0,0.0,0.0061911013917977905,0.0,0.0,False,0.0,0.0,0.0,STOPPED,ACCEPTED,ACCEPTED,51.607663849,51.607663849
51.770133437000005,0.0,0.0,0.011191101391798217,0.0,0.0,False,0.0,0.0,0.0,STOPPED,DUPLICATE_OR_OLD,DUPLICATE_OR_OLD,51.607663849,51.607663849
51.820133437,0.0,0.0,0.006181909324694676,0.0,0.0,False,0.0,0.0,0.0,STOPPED,ACCEPTED,ACCEPTED,51.711622154,51.711622154
51.87013343700001,0.0,0.0,0.011181909324695103,0.0,0.0,False,0.0,0.0,0.0,STOPPED,DUPLICATE_OR_OLD,DUPLICATE_OR_OLD,51.711622154,51.711622154
51.920133437000004,0.0,0.0,0.006180568851574175,0.0,0.0,False,0.0,0.0,0.0,STOPPED,ACCEPTED,ACCEPTED,51.811593217,51.811593217
51.970133437,0.0,0.0,0.011180568851573891,0.0,0.0,False,0.0,0.0,0.0,STOPPED,DUPLICATE_OR_OLD,DUPLICATE_OR_OLD,51.811593217,51.811593217
52.020133437000005,0.0,0.0,0.006180373292615195,0.0,0.0,False,0.0,0.0,0.0,STOPPED,ACCEPTED,ACCEPTED,51.899574185,51.899574185
52.070133437,0.0,0.0,0.011180373292614912,0.0,0.0,False,0.0,0.0,0.0,STOPPED,DUPLICATE_OR_OLD,DUPLICATE_OR_OLD,51.899574185,51.899574185
52.12013343700001,0.0,0.0,0.006180344761233529,0.0,0.0,False,0.0,0.0,0.0,STOPPED,ACCEPTED,ACCEPTED,52.005537263,52.005537263
52.170133437000004,0.0,0.0,0.011180344761233245,0.0,0.0,False,0.0,0.0,0.0,STOPPED,DUPLICATE_OR_OLD,DUPLICATE_OR_OLD,52.005537263,52.005537263
52.220133437,0.0,0.0,0.006180340598567026,0.0,0.0,False,0.0,0.0,0.0,STOPPED,ACCEPTED,ACCEPTED,52.103516488,52.103516488
52.270133437000005,0.0,0.0,0.011180340598567453,0.0,0.0,False,0.0,0.0,0.0,STOPPED,DUPLICATE_OR_OLD,DUPLICATE_OR_OLD,52.103516488,52.103516488
52.320133437,0.0,0.0,0.006180339991242402,0.0,0.0,False,0.0,0.0,0.0,STOPPED,ACCEPTED,ACCEPTED,52.233480427,52.233480427
52.37013343700001,0.0,0.0,0.011180339991242828,0.0,0.0,False,0.0,0.0,0.0,STOPPED,DUPLICATE_OR_OLD,DUPLICATE_OR_OLD,52.233480427,52.233480427
52.420133437000004,0.0,0.0,0.0061803399026349355,0.0,0.0,False,0.0,0.0,0.0,STOPPED,ACCEPTED,ACCEPTED,52.361435938,52.361435938
52.470133437,0.0,0.0,0.011180339902634652,0.0,0.0,False,0.0,0.0,0.0,STOPPED,DUPLICATE_OR_OLD,DUPLICATE_OR_OLD,52.361435938,52.361435938
52.520133437000005,0.0,0.0,0.00618033988970728,0.0,0.0,False,0.0,0.0,0.0,STOPPED,ACCEPTED,ACCEPTED,52.405424511,52.405424511
52.570133437,0.0,0.0,0.011180339889706997,0.0,0.0,False,0.0,0.0,0.0,STOPPED,DUPLICATE_OR_OLD,DUPLICATE_OR_OLD,52.405424511,52.405424511
52.62013343700001,0.0,0.0,0.006180339887821161,0.0,0.0,False,0.0,0.0,0.0,STOPPED,ACCEPTED,ACCEPTED,52.501395159,52.501395159
52.670133437000004,0.0,0.0,0.011180339887820877,0.0,0.0,False,0.0,0.0,0.0,STOPPED,DUPLICATE_OR_OLD,DUPLICATE_OR_OLD,52.501395159,52.501395159
52.720133437,0.0,0.0,0.006180339887545877,0.0,0.0,False,0.0,0.0,0.0,STOPPED,ACCEPTED,ACCEPTED,52.607370855,52.607370855
52.770133437000005,0.0,0.0,0.011180339887546305,0.0,0.0,False,0.0,0.0,0.0,STOPPED,DUPLICATE_OR_OLD,DUPLICATE_OR_OLD,52.607370855,52.607370855
52.820133437,0.0,0.0,0.006180339887505817,0.0,0.0,False,0.0,0.0,0.0,STOPPED,ACCEPTED,ACCEPTED,52.701352108,52.701352108
52.87013343700001,0.0,0.0,0.011180339887506243,0.0,0.0,False,0.0,0.0,0.0,STOPPED,DUPLICATE_OR_OLD,DUPLICATE_OR_OLD,52.701352108,52.701352108
52.920133437000004,0.0,0.0,0.006180339887499972,0.0,0.0,False,0.0,0.0,0.0,STOPPED,ACCEPTED,ACCEPTED,52.811308263,52.811308263
52.970133437,0.0,0.0,0.01118033988749969,0.0,0.0,False,0.0,0.0,0.0,STOPPED,DUPLICATE_OR_OLD,DUPLICATE_OR_OLD,52.811308263,52.811308263
53.020133437000005,0.0,0.0,0.006180339887499119,0.0,0.0,False,0.0,0.0,0.0,STOPPED,ACCEPTED,ACCEPTED,52.901285094,52.901285094
53.070133437,0.0,0.0,0.011180339887498836,0.0,0.0,False,0.0,0.0,0.0,STOPPED,DUPLICATE_OR_OLD,DUPLICATE_OR_OLD,52.901285094,52.901285094
53.12013343700001,0.0,0.0,0.006180339887498994,0.0,0.0,False,0.0,0.0,0.0,STOPPED,ACCEPTED,ACCEPTED,53.011252927,53.011252927
53.170133437000004,0.0,0.0,0.011180339887498711,0.0,0.0,False,0.0,0.0,0.0,STOPPED,DUPLICATE_OR_OLD,DUPLICATE_OR_OLD,53.011252927,53.011252927
53.220133437,0.0,0.0,0.006180339887498873,0.0,0.0,False,0.0,0.0,0.0,STOPPED,ACCEPTED,ACCEPTED,53.105230597,53.105230597
53.270133437000005,0.0,0.0,0.0111803398874993,0.0,0.0,False,0.0,0.0,0.0,STOPPED,DUPLICATE_OR_OLD,DUPLICATE_OR_OLD,53.105230597,53.105230597
53.320133437,0.0,0.0,0.00618033988749896,0.0,0.0,False,0.0,0.0,0.0,STOPPED,ACCEPTED,ACCEPTED,53.219195482,53.219195482
53.37013343700001,0.0,0.0,0.011180339887499387,0.0,0.0,False,0.0,0.0,0.0,STOPPED,DUPLICATE_OR_OLD,DUPLICATE_OR_OLD,53.219195482,53.219195482
53.420133437000004,0.0,0.0,0.006180339887498972,0.0,0.0,False,0.0,0.0,0.0,STOPPED,ACCEPTED,ACCEPTED,53.301174749,53.301174749
53.470133437,0.0,0.0,0.011180339887498688,0.0,0.0,False,0.0,0.0,0.0,STOPPED,DUPLICATE_OR_OLD,DUPLICATE_OR_OLD,53.301174749,53.301174749
53.520133437000005,0.0,0.0,0.006180339887498974,0.0,0.0,False,0.0,0.0,0.0,STOPPED,ACCEPTED,ACCEPTED,53.403143162,53.403143162
53.570133437,0.0,0.0,0.01118033988749869,0.0,0.0,False,0.0,0.0,0.0,STOPPED,DUPLICATE_OR_OLD,DUPLICATE_OR_OLD,53.403143162,53.403143162
53.62013343700001,0.0,0.0,0.006180339887498974,0.0,0.0,False,0.0,0.0,0.0,STOPPED,ACCEPTED,ACCEPTED,53.509119854,53.509119854
53.670133437000004,0.0,0.0,0.01118033988749869,0.0,0.0,False,0.0,0.0,0.0,STOPPED,DUPLICATE_OR_OLD,DUPLICATE_OR_OLD,53.509119854,53.509119854
53.720133437,0.0,0.0,0.0061803398874988695,0.0,0.0,False,0.0,0.0,0.0,STOPPED,ACCEPTED,ACCEPTED,53.60309397,53.60309397
53.770133437000005,0.0,0.0,0.011180339887499297,0.0,0.0,False,0.0,0.0,0.0,STOPPED,DUPLICATE_OR_OLD,DUPLICATE_OR_OLD,53.60309397,53.60309397
53.820133437,0.0,0.0,0.006180339887498959,0.0,0.0,False,0.0,0.0,0.0,STOPPED,ACCEPTED,ACCEPTED,53.70306421,53.70306421
53.87013343700001,0.0,0.0,0.011180339887499386,0.0,0.0,False,0.0,0.0,0.0,STOPPED,DUPLICATE_OR_OLD,DUPLICATE_OR_OLD,53.70306421,53.70306421
53.920133437000004,0.0,0.0,0.006180339887498972,0.0,0.0,False,0.0,0.0,0.0,STOPPED,ACCEPTED,ACCEPTED,53.809035171,53.809035171
53.970133437,0.0,0.0,0.011180339887498688,0.0,0.0,False,0.0,0.0,0.0,STOPPED,DUPLICATE_OR_OLD,DUPLICATE_OR_OLD,53.809035171,53.809035171
54.020133437000005,0.0,0.0,0.006180339887498974,0.0,0.0,False,0.0,0.0,0.0,STOPPED,ACCEPTED,ACCEPTED,53.895011884,53.895011884
54.070133437,0.0,0.0,0.01118033988749869,0.0,0.0,False,0.0,0.0,0.0,STOPPED,DUPLICATE_OR_OLD,DUPLICATE_OR_OLD,53.895011884,53.895011884
54.12013343700001,0.0,0.0,0.006180339887498974,0.0,0.0,False,0.0,0.0,0.0,STOPPED,ACCEPTED,ACCEPTED,54.008978996,54.008978996
54.170133437000004,0.0,0.0,0.01118033988749869,0.0,0.0,False,0.0,0.0,0.0,STOPPED,DUPLICATE_OR_OLD,DUPLICATE_OR_OLD,54.008978996,54.008978996
54.220133437,0.0,0.0,0.0061803398874988695,0.0,0.0,False,0.0,0.0,0.0,STOPPED,ACCEPTED,ACCEPTED,54.102952647,54.102952647
54.270133437000005,0.0,0.0,0.011180339887499297,0.0,0.0,False,0.0,0.0,0.0,STOPPED,DUPLICATE_OR_OLD,DUPLICATE_OR_OLD,54.102952647,54.102952647
54.320133437,0.0,0.0,0.006180339887498959,0.0,0.0,False,0.0,0.0,0.0,STOPPED,ACCEPTED,ACCEPTED,54.22092085,54.22092085
54.37013343700001,0.0,0.0,0.011180339887499386,0.0,0.0,False,0.0,0.0,0.0,STOPPED,DUPLICATE_OR_OLD,DUPLICATE_OR_OLD,54.22092085,54.22092085
54.420133437000004,0.0,0.0,0.006180339887498972,0.0,0.0,False,0.0,0.0,0.0,STOPPED,ACCEPTED,ACCEPTED,54.304898236,54.304898236
54.470133437,0.0,0.0,0.011180339887498688,0.0,0.0,False,0.0,0.0,0.0,STOPPED,DUPLICATE_OR_OLD,DUPLICATE_OR_OLD,54.304898236,54.304898236
54.520133437000005,0.0,0.0,0.006180339887498974,0.0,0.0,False,0.0,0.0,0.0,STOPPED,ACCEPTED,ACCEPTED,54.404875602,54.404875602
54.570133437,0.0,0.0,0.01118033988749869,0.0,0.0,False,0.0,0.0,0.0,STOPPED,DUPLICATE_OR_OLD,DUPLICATE_OR_OLD,54.404875602,54.404875602
54.62013343700001,0.0,0.0,0.006180339887498974,0.0,0.0,False,0.0,0.0,0.0,STOPPED,ACCEPTED,ACCEPTED,54.500841279,54.500841279
54.670133437000004,0.0,0.0,0.01118033988749869,0.0,0.0,False,0.0,0.0,0.0,STOPPED,DUPLICATE_OR_OLD,DUPLICATE_OR_OLD,54.500841279,54.500841279
54.720133437,0.0,0.0,0.0061803398874988695,0.0,0.0,False,0.0,0.0,0.0,STOPPED,ACCEPTED,ACCEPTED,54.60282538,54.60282538
54.770133437000005,0.0,0.0,0.011180339887499297,0.0,0.0,False,0.0,0.0,0.0,STOPPED,DUPLICATE_OR_OLD,DUPLICATE_OR_OLD,54.60282538,54.60282538
54.820133437,0.0,0.0,0.006180339887498959,0.0,0.0,False,0.0,0.0,0.0,STOPPED,ACCEPTED,ACCEPTED,54.702788804,54.702788804
54.87013343700001,0.0,0.0,0.011180339887499386,0.0,0.0,False,0.0,0.0,0.0,STOPPED,DUPLICATE_OR_OLD,DUPLICATE_OR_OLD,54.702788804,54.702788804
54.920133437000004,0.0,0.0,0.006180339887498972,0.0,0.0,False,0.0,0.0,0.0,STOPPED,ACCEPTED,ACCEPTED,54.810756299,54.810756299
54.970133437,0.0,0.0,0.011180339887498688,0.0,0.0,False,0.0,0.0,0.0,STOPPED,DUPLICATE_OR_OLD,DUPLICATE_OR_OLD,54.810756299,54.810756299
55.020133437000005,0.0,0.0,0.006180339887498974,0.0,0.0,False,0.0,0.0,0.0,STOPPED,ACCEPTED,ACCEPTED,54.906735004,54.906735004
55.070133437,0.0,0.0,0.01118033988749869,0.0,0.0,False,0.0,0.0,0.0,STOPPED,DUPLICATE_OR_OLD,DUPLICATE_OR_OLD,54.906735004,54.906735004
55.12013343700001,0.0,0.0,0.006180339887498974,0.0,0.0,False,0.0,0.0,0.0,STOPPED,ACCEPTED,ACCEPTED,55.01070202,55.01070202
55.170133437000004,0.0,0.0,0.01118033988749869,0.0,0.0,False,0.0,0.0,0.0,STOPPED,DUPLICATE_OR_OLD,DUPLICATE_OR_OLD,55.01070202,55.01070202
55.220133437,0.0,0.0,0.0061803398874988695,0.0,0.0,False,0.0,0.0,0.0,STOPPED,ACCEPTED,ACCEPTED,55.102676926,55.102676926
55.270133437000005,0.0,0.0,0.011180339887499297,0.0,0.0,False,0.0,0.0,0.0,STOPPED,DUPLICATE_OR_OLD,DUPLICATE_OR_OLD,55.102676926,55.102676926
55.320133437,0.0,0.0,0.006180339887498959,0.0,0.0,False,0.0,0.0,0.0,STOPPED,ACCEPTED,ACCEPTED,55.214649987,55.214649987
55.37013343700001,0.0,0.0,0.011180339887499386,0.0,0.0,False,0.0,0.0,0.0,STOPPED,DUPLICATE_OR_OLD,DUPLICATE_OR_OLD,55.214649987,55.214649987
55.420133437000004,0.0,0.0,0.006180339887498972,0.0,0.0,False,0.0,0.0,0.0,STOPPED,ACCEPTED,ACCEPTED,55.358617017,55.358617017
55.470133437,0.0,0.0,0.011180339887498688,0.0,0.0,False,0.0,0.0,0.0,STOPPED,DUPLICATE_OR_OLD,DUPLICATE_OR_OLD,55.358617017,55.358617017
55.520133437000005,0.0,0.0,0.006180339887498974,0.0,0.0,False,0.0,0.0,0.0,STOPPED,ACCEPTED,ACCEPTED,55.408604042,55.408604042
55.570133437,0.0,0.0,0.01118033988749869,0.0,0.0,False,0.0,0.0,0.0,STOPPED,DUPLICATE_OR_OLD,DUPLICATE_OR_OLD,55.408604042,55.408604042
55.62013343700001,0.0,0.0,0.006180339887498974,0.0,0.0,False,0.0,0.0,0.0,STOPPED,ACCEPTED,ACCEPTED,55.504565316,55.504565316
55.670133437000004,0.0,0.0,0.01118033988749869,0.0,0.0,False,0.0,0.0,0.0,STOPPED,DUPLICATE_OR_OLD,DUPLICATE_OR_OLD,55.504565316,55.504565316
55.720133437,0.0,0.0,0.0061803398874988695,0.0,0.0,False,0.0,0.0,0.0,STOPPED,ACCEPTED,ACCEPTED,55.606535971,55.606535971
55.770133437000005,0.0,0.0,0.011180339887499297,0.0,0.0,False,0.0,0.0,0.0,STOPPED,DUPLICATE_OR_OLD,DUPLICATE_OR_OLD,55.606535971,55.606535971
55.820133437,0.0,0.0,0.006180339887498959,0.0,0.0,False,0.0,0.0,0.0,STOPPED,ACCEPTED,ACCEPTED,55.702508267,55.702508267
55.87013343700001,0.0,0.0,0.011180339887499386,0.0,0.0,False,0.0,0.0,0.0,STOPPED,DUPLICATE_OR_OLD,DUPLICATE_OR_OLD,55.702508267,55.702508267
55.920133437000004,0.0,0.0,0.006180339887498972,0.0,0.0,False,0.0,0.0,0.0,STOPPED,ACCEPTED,ACCEPTED,55.80847999,55.80847999
55.970133437,0.0,0.0,0.011180339887498688,0.0,0.0,False,0.0,0.0,0.0,STOPPED,DUPLICATE_OR_OLD,DUPLICATE_OR_OLD,55.80847999,55.80847999
56.020133437000005,0.0,0.0,0.006180339887498974,0.0,0.0,False,0.0,0.0,0.0,STOPPED,ACCEPTED,ACCEPTED,55.902459668,55.902459668
56.070133437,0.0,0.0,0.01118033988749869,0.0,0.0,False,0.0,0.0,0.0,STOPPED,DUPLICATE_OR_OLD,DUPLICATE_OR_OLD,55.902459668,55.902459668
56.12013343700001,0.0,0.0,0.006180339887498974,0.0,0.0,False,0.0,0.0,0.0,STOPPED,ACCEPTED,ACCEPTED,56.010423414,56.010423414
56.170133437000004,0.0,0.0,0.01118033988749869,0.0,0.0,False,0.0,0.0,0.0,STOPPED,DUPLICATE_OR_OLD,DUPLICATE_OR_OLD,56.010423414,56.010423414
56.220133437,0.0,0.0,0.0061803398874988695,0.0,0.0,False,0.0,0.0,0.0,STOPPED,ACCEPTED,ACCEPTED,56.104401442,56.104401442
56.270133437000005,0.0,0.0,0.011180339887499297,0.0,0.0,False,0.0,0.0,0.0,STOPPED,DUPLICATE_OR_OLD,DUPLICATE_OR_OLD,56.104401442,56.104401442
56.320133437,0.0,0.0,0.006180339887498959,0.0,0.0,False,0.0,0.0,0.0,STOPPED,ACCEPTED,ACCEPTED,56.238364854,56.238364854
56.37013343700001,0.0,0.0,0.011180339887499386,0.0,0.0,False,0.0,0.0,0.0,STOPPED,DUPLICATE_OR_OLD,DUPLICATE_OR_OLD,56.238364854,56.238364854
56.420133437000004,0.0,0.0,0.006180339887498972,0.0,0.0,False,0.0,0.0,0.0,STOPPED,ACCEPTED,ACCEPTED,56.306340922,56.306340922
56.470133437,0.0,0.0,0.011180339887498688,0.0,0.0,False,0.0,0.0,0.0,STOPPED,DUPLICATE_OR_OLD,DUPLICATE_OR_OLD,56.306340922,56.306340922
56.520133437000005,0.0,0.0,0.006180339887498974,0.0,0.0,False,0.0,0.0,0.0,STOPPED,ACCEPTED,ACCEPTED,56.402320809,56.402320809
56.570133437,0.0,0.0,0.01118033988749869,0.0,0.0,False,0.0,0.0,0.0,STOPPED,DUPLICATE_OR_OLD,DUPLICATE_OR_OLD,56.402320809,56.402320809
56.62013343700001,0.0,0.0,0.006180339887498974,0.0,0.0,False,0.0,0.0,0.0,STOPPED,ACCEPTED,ACCEPTED,56.5042909,56.5042909
56.670133437000004,0.0,0.0,0.01118033988749869,0.0,0.0,False,0.0,0.0,0.0,STOPPED,DUPLICATE_OR_OLD,DUPLICATE_OR_OLD,56.5042909,56.5042909
56.720133437,0.0,0.0,0.0061803398874988695,0.0,0.0,False,0.0,0.0,0.0,STOPPED,ACCEPTED,ACCEPTED,56.604262188,56.604262188
56.770133437000005,0.0,0.0,0.011180339887499297,0.0,0.0,False,0.0,0.0,0.0,STOPPED,DUPLICATE_OR_OLD,DUPLICATE_OR_OLD,56.604262188,56.604262188
56.820133437,0.0,0.0,0.006180339887498959,0.0,0.0,False,0.0,0.0,0.0,STOPPED,ACCEPTED,ACCEPTED,56.704235621,56.704235621
56.87013343700001,0.0,0.0,0.011180339887499386,0.0,0.0,False,0.0,0.0,0.0,STOPPED,DUPLICATE_OR_OLD,DUPLICATE_OR_OLD,56.704235621,56.704235621
56.920133437000004,0.0,0.0,0.006180339887498972,0.0,0.0,False,0.0,0.0,0.0,STOPPED,ACCEPTED,ACCEPTED,56.810205862,56.810205862
56.970133437,0.0,0.0,0.011180339887498688,0.0,0.0,False,0.0,0.0,0.0,STOPPED,DUPLICATE_OR_OLD,DUPLICATE_OR_OLD,56.810205862,56.810205862
57.020133437000005,0.0,0.0,0.006180339887498974,0.0,0.0,False,0.0,0.0,0.0,STOPPED,ACCEPTED,ACCEPTED,56.900176267,56.900176267
57.070133437,0.0,0.0,0.01118033988749869,0.0,0.0,False,0.0,0.0,0.0,STOPPED,DUPLICATE_OR_OLD,DUPLICATE_OR_OLD,56.900176267,56.900176267
57.12013343700001,0.0,0.0,0.006180339887498974,0.0,0.0,False,0.0,0.0,0.0,STOPPED,ACCEPTED,ACCEPTED,57.00814738,57.00814738
57.170133437000004,0.0,0.0,0.01118033988749869,0.0,0.0,False,0.0,0.0,0.0,STOPPED,DUPLICATE_OR_OLD,DUPLICATE_OR_OLD,57.00814738,57.00814738
57.220133437,0.0,0.0,0.0061803398874988695,0.0,0.0,False,0.0,0.0,0.0,STOPPED,ACCEPTED,ACCEPTED,57.106119686,57.106119686
57.270133437000005,0.0,0.0,0.011180339887499297,0.0,0.0,False,0.0,0.0,0.0,STOPPED,DUPLICATE_OR_OLD,DUPLICATE_OR_OLD,57.106119686,57.106119686
57.320133437,0.0,0.0,0.006180339887498959,0.0,0.0,False,0.0,0.0,0.0,STOPPED,ACCEPTED,ACCEPTED,57.228089516,57.228089516
57.37013343700001,0.0,0.0,0.011180339887499386,0.0,0.0,False,0.0,0.0,0.0,STOPPED,DUPLICATE_OR_OLD,DUPLICATE_OR_OLD,57.228089516,57.228089516
57.420133437000004,0.0,0.0,0.006180339887498972,0.0,0.0,False,0.0,0.0,0.0,STOPPED,ACCEPTED,ACCEPTED,57.306074763,57.306074763
57.470133437,0.0,0.0,0.011180339887498688,0.0,0.0,False,0.0,0.0,0.0,STOPPED,DUPLICATE_OR_OLD,DUPLICATE_OR_OLD,57.306074763,57.306074763
57.520133437000005,0.0,0.0,0.006180339887498974,0.0,0.0,False,0.0,0.0,0.0,STOPPED,ACCEPTED,ACCEPTED,57.398045343,57.398045343
57.570133437,0.0,0.0,0.01118033988749869,0.0,0.0,False,0.0,0.0,0.0,STOPPED,DUPLICATE_OR_OLD,DUPLICATE_OR_OLD,57.398045343,57.398045343
57.62013343700001,0.0,0.0,0.006180339887498974,0.0,0.0,False,0.0,0.0,0.0,STOPPED,ACCEPTED,ACCEPTED,57.504010163,57.504010163
57.670133437000004,0.0,0.0,0.01118033988749869,0.0,0.0,False,0.0,0.0,0.0,STOPPED,DUPLICATE_OR_OLD,DUPLICATE_OR_OLD,57.504010163,57.504010163
57.720133437,0.0,0.0,0.0061803398874988695,0.0,0.0,False,0.0,0.0,0.0,STOPPED,ACCEPTED,ACCEPTED,57.605995141,57.605995141
57.770133437000005,0.0,0.0,0.011180339887499297,0.0,0.0,False,0.0,0.0,0.0,STOPPED,DUPLICATE_OR_OLD,DUPLICATE_OR_OLD,57.605995141,57.605995141
57.820133437,0.0,0.0,0.006180339887498959,0.0,0.0,False,0.0,0.0,0.0,STOPPED,ACCEPTED,ACCEPTED,57.703954246,57.703954246
57.87013343700001,0.0,0.0,0.011180339887499386,0.0,0.0,False,0.0,0.0,0.0,STOPPED,DUPLICATE_OR_OLD,DUPLICATE_OR_OLD,57.703954246,57.703954246
57.920133437000004,0.0,0.0,0.006180339887498972,0.0,0.0,False,0.0,0.0,0.0,STOPPED,ACCEPTED,ACCEPTED,57.80992686,57.80992686
57.970133437,0.0,0.0,0.011180339887498688,0.0,0.0,False,0.0,0.0,0.0,STOPPED,DUPLICATE_OR_OLD,DUPLICATE_OR_OLD,57.80992686,57.80992686
58.020133437000005,0.0,0.0,0.006180339887498974,0.0,0.0,False,0.0,0.0,0.0,STOPPED,ACCEPTED,ACCEPTED,57.901901289,57.901901289
58.070133437,0.0,0.0,0.01118033988749869,0.0,0.0,False,0.0,0.0,0.0,STOPPED,DUPLICATE_OR_OLD,DUPLICATE_OR_OLD,57.901901289,57.901901289
58.12013343700001,0.0,0.0,0.006180339887498974,0.0,0.0,False,0.0,0.0,0.0,STOPPED,ACCEPTED,ACCEPTED,58.003874556,58.003874556
58.170133437000004,0.0,0.0,0.01118033988749869,0.0,0.0,False,0.0,0.0,0.0,STOPPED,DUPLICATE_OR_OLD,DUPLICATE_OR_OLD,58.003874556,58.003874556
58.220133437,0.0,0.0,0.0061803398874988695,0.0,0.0,False,0.0,0.0,0.0,STOPPED,ACCEPTED,ACCEPTED,58.107843441,58.107843441
58.270133437000005,0.0,0.0,0.011180339887499297,0.0,0.0,False,0.0,0.0,0.0,STOPPED,DUPLICATE_OR_OLD,DUPLICATE_OR_OLD,58.107843441,58.107843441
58.320133437,0.0,0.0,0.006180339887498959,0.0,0.0,False,0.0,0.0,0.0,STOPPED,ACCEPTED,ACCEPTED,58.209815656,58.209815656
58.37013343700001,0.0,0.0,0.011180339887499386,0.0,0.0,False,0.0,0.0,0.0,STOPPED,DUPLICATE_OR_OLD,DUPLICATE_OR_OLD,58.209815656,58.209815656
58.420133437000004,0.0,0.0,0.006180339887498972,0.0,0.0,False,0.0,0.0,0.0,STOPPED,ACCEPTED,ACCEPTED,58.305789624,58.305789624
58.470133437,0.0,0.0,0.011180339887498688,0.0,0.0,False,0.0,0.0,0.0,STOPPED,DUPLICATE_OR_OLD,DUPLICATE_OR_OLD,58.305789624,58.305789624
58.520133437000005,0.0,0.0,0.006180339887498974,0.0,0.0,False,0.0,0.0,0.0,STOPPED,ACCEPTED,ACCEPTED,58.403762968,58.403762968
58.570133437,0.0,0.0,0.01118033988749869,0.0,0.0,False,0.0,0.0,0.0,STOPPED,DUPLICATE_OR_OLD,DUPLICATE_OR_OLD,58.403762968,58.403762968
58.62013343700001,0.0,0.0,0.006180339887498974,0.0,0.0,False,0.0,0.0,0.0,STOPPED,ACCEPTED,ACCEPTED,58.505721451,58.505721451
58.670133437000004,0.0,0.0,0.01118033988749869,0.0,0.0,False,0.0,0.0,0.0,STOPPED,DUPLICATE_OR_OLD,DUPLICATE_OR_OLD,58.505721451,58.505721451
58.720133437,0.0,0.0,0.0061803398874988695,0.0,0.0,False,0.0,0.0,0.0,STOPPED,ACCEPTED,ACCEPTED,58.605693203,58.605693203
58.770133437000005,0.0,0.0,0.011180339887499297,0.0,0.0,False,0.0,0.0,0.0,STOPPED,DUPLICATE_OR_OLD,DUPLICATE_OR_OLD,58.605693203,58.605693203
58.820133437,0.0,0.0,0.006180339887498959,0.0,0.0,False,0.0,0.0,0.0,STOPPED,ACCEPTED,ACCEPTED,58.699669141,58.699669141
58.87013343700001,0.0,0.0,0.011180339887499386,0.0,0.0,False,0.0,0.0,0.0,STOPPED,DUPLICATE_OR_OLD,DUPLICATE_OR_OLD,58.699669141,58.699669141
58.920133437000004,0.0,0.0,0.006180339887498972,0.0,0.0,False,0.0,0.0,0.0,STOPPED,ACCEPTED,ACCEPTED,58.807639269,58.807639269
58.970133437,0.0,0.0,0.011180339887498688,0.0,0.0,False,0.0,0.0,0.0,STOPPED,DUPLICATE_OR_OLD,DUPLICATE_OR_OLD,58.807639269,58.807639269
59.020133437,0.0,0.0,0.0061803398874988695,0.0,0.0,False,0.0,0.0,0.0,STOPPED,ACCEPTED,ACCEPTED,58.901614456,58.901614456
59.070133437,0.0,0.0,0.011180339887499297,0.0,0.0,False,0.0,0.0,0.0,STOPPED,DUPLICATE_OR_OLD,DUPLICATE_OR_OLD,58.901614456,58.901614456
59.12013343700001,0.0,0.0,0.006180339887499062,0.0,0.0,False,0.0,0.0,0.0,STOPPED,ACCEPTED,ACCEPTED,59.0075799,59.0075799
59.170133437000004,0.0,0.0,0.011180339887498779,0.0,0.0,False,0.0,0.0,0.0,STOPPED,DUPLICATE_OR_OLD,DUPLICATE_OR_OLD,59.0075799,59.0075799
59.220133437,0.0,0.0,0.0061803398874988825,0.0,0.0,False,0.0,0.0,0.0,STOPPED,ACCEPTED,ACCEPTED,59.103555589,59.103555589
59.270133437,0.0,0.0,0.0111803398874986,0.0,0.0,False,0.0,0.0,0.0,STOPPED,DUPLICATE_OR_OLD,DUPLICATE_OR_OLD,59.103555589,59.103555589
59.320133437,0.0,0.0,0.006180339887498961,0.0,0.0,False,0.0,0.0,0.0,STOPPED,ACCEPTED,ACCEPTED,59.219532281,59.219532281
59.37013343700001,0.0,0.0,0.011180339887499387,0.0,0.0,False,0.0,0.0,0.0,STOPPED,DUPLICATE_OR_OLD,DUPLICATE_OR_OLD,59.219532281,59.219532281
59.420133437000004,0.0,0.0,0.006180339887498972,0.0,0.0,False,0.0,0.0,0.0,STOPPED,ACCEPTED,ACCEPTED,59.307503031,59.307503031
59.470133437,0.0,0.0,0.011180339887498688,0.0,0.0,False,0.0,0.0,0.0,STOPPED,DUPLICATE_OR_OLD,DUPLICATE_OR_OLD,59.307503031,59.307503031
59.520133437,0.0,0.0,0.0061803398874988695,0.0,0.0,False,0.0,0.0,0.0,STOPPED,ACCEPTED,ACCEPTED,59.405471405,59.405471405
59.570133437,0.0,0.0,0.011180339887499297,0.0,0.0,False,0.0,0.0,0.0,STOPPED,DUPLICATE_OR_OLD,DUPLICATE_OR_OLD,59.405471405,59.405471405
59.62013343700001,0.0,0.0,0.006180339887499062,0.0,0.0,False,0.0,0.0,0.0,STOPPED,ACCEPTED,ACCEPTED,59.509444935,59.509444935
59.670133437000004,0.0,0.0,0.011180339887498779,0.0,0.0,False,0.0,0.0,0.0,STOPPED,DUPLICATE_OR_OLD,DUPLICATE_OR_OLD,59.509444935,59.509444935
59.720133437,0.0,0.0,0.0061803398874988825,0.0,0.0,False,0.0,0.0,0.0,STOPPED,ACCEPTED,ACCEPTED,59.605419824,59.605419824
59.770133437,0.0,0.0,0.0111803398874986,0.0,0.0,False,0.0,0.0,0.0,STOPPED,DUPLICATE_OR_OLD,DUPLICATE_OR_OLD,59.605419824,59.605419824
59.820133437,0.0,0.0,0.006180339887498961,0.0,0.0,False,0.0,0.0,0.0,STOPPED,ACCEPTED,ACCEPTED,59.699401044,59.699401044
59.87013343700001,0.0,0.0,0.011180339887499387,0.0,0.0,False,0.0,0.0,0.0,STOPPED,DUPLICATE_OR_OLD,DUPLICATE_OR_OLD,59.699401044,59.699401044
59.920133437000004,0.0,0.0,0.006180339887498972,0.0,0.0,False,0.0,0.0,0.0,STOPPED,ACCEPTED,ACCEPTED,59.809411773,59.809411773
59.970133437,0.0,0.0,0.011180339887498688,0.0,0.0,False,0.0,0.0,0.0,STOPPED,DUPLICATE_OR_OLD,DUPLICATE_OR_OLD,59.809411773,59.809411773
60.020133437,0.0,0.0,0.0061803398874988695,0.0,0.0,False,0.0,0.0,0.0,STOPPED,ACCEPTED,ACCEPTED,59.903336903,59.903336903
60.070133437,0.0,0.0,0.011180339887499297,0.0,0.0,False,0.0,0.0,0.0,STOPPED,DUPLICATE_OR_OLD,DUPLICATE_OR_OLD,59.903336903,59.903336903
60.12013343700001,0.0,0.0,0.006180339887499062,0.0,0.0,False,0.0,0.0,0.0,STOPPED,ACCEPTED,ACCEPTED,60.009311149,60.009311149
60.170133437000004,0.0,0.0,0.011180339887498779,0.0,0.0,False,0.0,0.0,0.0,STOPPED,DUPLICATE_OR_OLD,DUPLICATE_OR_OLD,60.009311149,60.009311149
60.220133437,0.0,0.0,0.0061803398874988825,0.0,0.0,False,0.0,0.0,0.0,STOPPED,ACCEPTED,ACCEPTED,60.103276,60.103276
60.270133437,0.0,0.0,0.0111803398874986,0.0,0.0,False,0.0,0.0,0.0,STOPPED,DUPLICATE_OR_OLD,DUPLICATE_OR_OLD,60.103276,60.103276
60.320133437,0.0,0.0,0.006180339887498961,0.0,0.0,False,0.0,0.0,0.0,STOPPED,ACCEPTED,ACCEPTED,60.21524277,60.21524277
60.37013343700001,0.0,0.0,0.011180339887499387,0.0,0.0,False,0.0,0.0,0.0,STOPPED,DUPLICATE_OR_OLD,DUPLICATE_OR_OLD,60.21524277,60.21524277
60.420133437000004,0.0,0.0,0.006180339887498972,0.0,0.0,False,0.0,0.0,0.0,STOPPED,ACCEPTED,ACCEPTED,60.299224251,60.299224251
60.470133437,0.0,0.0,0.011180339887498688,0.0,0.0,False,0.0,0.0,0.0,STOPPED,DUPLICATE_OR_OLD,DUPLICATE_OR_OLD,60.299224251,60.299224251
60.520133437,0.0,0.0,0.0061803398874988695,0.0,0.0,False,0.0,0.0,0.0,STOPPED,ACCEPTED,ACCEPTED,60.401194486,60.401194486
60.570133437,0.0,0.0,0.011180339887499297,0.0,0.0,False,0.0,0.0,0.0,STOPPED,DUPLICATE_OR_OLD,DUPLICATE_OR_OLD,60.401194486,60.401194486
60.62013343700001,0.0,0.0,0.006180339887499062,0.0,0.0,False,0.0,0.0,0.0,STOPPED,ACCEPTED,ACCEPTED,60.507164194,60.507164194
60.670133437000004,0.0,0.0,0.011180339887498779,0.0,0.0,False,0.0,0.0,0.0,STOPPED,DUPLICATE_OR_OLD,DUPLICATE_OR_OLD,60.507164194,60.507164194
60.720133437,0.0,0.0,0.0061803398874988825,0.0,0.0,False,0.0,0.0,0.0,STOPPED,ACCEPTED,ACCEPTED,60.60913607,60.60913607
60.770133437,0.0,0.0,0.0111803398874986,0.0,0.0,False,0.0,0.0,0.0,STOPPED,DUPLICATE_OR_OLD,DUPLICATE_OR_OLD,60.60913607,60.60913607
60.820133437,0.0,0.0,0.006180339887498961,0.0,0.0,False,0.0,0.0,0.0,STOPPED,ACCEPTED,ACCEPTED,60.707109821,60.707109821
60.87013343700001,0.0,0.0,0.011180339887499387,0.0,0.0,False,0.0,0.0,0.0,STOPPED,DUPLICATE_OR_OLD,DUPLICATE_OR_OLD,60.707109821,60.707109821
60.920133437000004,0.0,0.0,0.006180339887498972,0.0,0.0,False,0.0,0.0,0.0,STOPPED,ACCEPTED,ACCEPTED,60.809079271,60.809079271
60.970133437,0.0,0.0,0.011180339887498688,0.0,0.0,False,0.0,0.0,0.0,STOPPED,DUPLICATE_OR_OLD,DUPLICATE_OR_OLD,60.809079271,60.809079271
61.020133437,0.0,0.0,0.0061803398874988695,0.0,0.0,False,0.0,0.0,0.0,STOPPED,ACCEPTED,ACCEPTED,60.899060699,60.899060699
61.070133437,0.0,0.0,0.011180339887499297,0.0,0.0,False,0.0,0.0,0.0,STOPPED,DUPLICATE_OR_OLD,DUPLICATE_OR_OLD,60.899060699,60.899060699
61.12013343700001,0.0,0.0,0.006180339887499062,0.0,0.0,False,0.0,0.0,0.0,STOPPED,ACCEPTED,ACCEPTED,61.001027561,61.001027561
61.170133437000004,0.0,0.0,0.011180339887498779,0.0,0.0,False,0.0,0.0,0.0,STOPPED,DUPLICATE_OR_OLD,DUPLICATE_OR_OLD,61.001027561,61.001027561
61.220133437,0.0,0.0,0.0061803398874988825,0.0,0.0,False,0.0,0.0,0.0,STOPPED,ACCEPTED,ACCEPTED,61.09901192,61.09901192
61.270133437,0.0,0.0,0.0111803398874986,0.0,0.0,False,0.0,0.0,0.0,STOPPED,DUPLICATE_OR_OLD,DUPLICATE_OR_OLD,61.09901192,61.09901192
61.320133437,0.0,0.0,0.006180339887498961,0.0,0.0,False,0.0,0.0,0.0,STOPPED,ACCEPTED,ACCEPTED,61.212967959,61.212967959
61.37013343700001,0.0,0.0,0.011180339887499387,0.0,0.0,False,0.0,0.0,0.0,STOPPED,DUPLICATE_OR_OLD,DUPLICATE_OR_OLD,61.212967959,61.212967959
61.420133437000004,0.03874812231527029,0.0009687030578817023,0.006180339887498972,0.0,0.0,False,0.0,0.6180339887498971,0.0,FUSED,ACCEPTED,ACCEPTED,61.304935894,61.304935894
61.470133437,0.03824827851355415,0.002893613078602204,0.011180339887498688,0.0,0.0,False,0.0,0.0,0.0,MODEL_ONLY,DUPLICATE_OR_OLD,DUPLICATE_OR_OLD,61.304935894,61.304935894
61.520133437,0.11195743441240122,0.006648755901750875,0.0061803398874988695,0.0,0.0,False,0.0,0.6180339887498869,0.0,FUSED,ACCEPTED,ACCEPTED,61.400918962,61.400918962
61.570133437,0.11063092682430653,0.012213464932669043,0.011180339887499297,0.0,0.0,False,0.0,0.0,0.0,MODEL_ONLY,DUPLICATE_OR_OLD,DUPLICATE_OR_OLD,61.400918962,61.400918962
61.62013343700001,0.21875144269418667,0.020448024170632073,0.006180339887499062,0.0,0.0,False,0.0,0.6180339887499062,0.0,FUSED,ACCEPTED,ACCEPTED,61.50288036,61.50288036
61.670133437000004,0.21505160178793778,0.03129310028268457,0.011180339887498779,0.0,0.0,False,0.0,0.0,0.0,MODEL_ONLY,DUPLICATE_OR_OLD,DUPLICATE_OR_OLD,61.50288036,61.50288036
61.720133437,0.3389113543448782,0.04514217418600418,0.0061803398874988825,0.0,0.0,False,0.0,0.6180339887498882,0.0,FUSED,ACCEPTED,ACCEPTED,61.604858363,61.604858363
61.770133437,0.33035038878398576,0.061873717764224824,0.0111803398874986,0.0,0.0,False,0.0,0.0,0.0,MODEL_ONLY,DUPLICATE_OR_OLD,DUPLICATE_OR_OLD,61.604858363,61.604858363
61.820133437,0.46025357316441373,0.0816388168129365,0.006180339887498961,0.0,0.0,False,0.0,0.618033988749896,0.2733104992808906,FUSED,ACCEPTED,ACCEPTED,61.698820306,61.698820306
61.87013343700001,0.4596065245263703,0.10463531925520805,0.011180339887499387,0.0,0.0,False,0.0,0.0,0.2733104992808906,MODEL_ONLY,DUPLICATE_OR_OLD,DUPLICATE_OR_OLD,61.698820306,61.698820306
61.920133437000004,0.589928268632025,0.13087368908416644,0.006180339887498972,0.0,0.0,False,0.0,0.6180339887498971,0.5289821279135044,FUSED,ACCEPTED,ACCEPTED,61.800796865,61.800796865
61.970133437,0.5960277194764126,0.1605225887868757,0.011180339887498688,0.0,0.0,False,0.0,0.0,0.5289821279135044,MODEL_ONLY,DUPLICATE_OR_OLD,DUPLICATE_OR_OLD,61.800796865,61.800796865
62.020133437000005,0.7411923718091977,0.1939530910690188,0.006180339887498974,0.0,0.0,False,0.0,0.6180339887498972,0.6,FUSED,ACCEPTED,ACCEPTED,61.894760318,61.894760318
62.070133437,0.7451807299885321,0.23111241861395992,0.01118033988749869,0.0,0.0,False,0.0,0.0,0.6,MODEL_ONLY,DUPLICATE_OR_OLD,DUPLICATE_OR_OLD,61.894760318,61.894760318
62.12013343700001,0.8794531260009696,0.27172826501370095,0.006180339887498974,0.0,0.0,False,0.0,0.6180339887498973,0.6,FUSED,ACCEPTED,ACCEPTED,62.000732827,62.000732827
62.170133437000004,0.8784533889324188,0.31567592788703314,0.01118033988749869,0.0,0.0,False,0.0,0.0,0.6,MODEL_ONLY,DUPLICATE_OR_OLD,DUPLICATE_OR_OLD,62.000732827,62.000732827
62.220133437,1.0023212988023713,0.3626952950804002,0.0061803398874988695,0.0,0.0,False,0.0,0.6180339887498869,0.6,FUSED,ACCEPTED,ACCEPTED,62.100699317,62.100699317
62.270133437000005,0.9968963714506116,0.4126757368367291,0.011180339887499297,0.0,0.0,False,0.0,0.0,0.6,MODEL_ONLY,DUPLICATE_OR_OLD,DUPLICATE_OR_OLD,62.100699317,62.100699317
62.320133437,1.1381919242550753,0.4660529442293682,0.006180339887498959,0.0,0.0,False,0.0,0.6180339887498958,0.6,FUSED,ACCEPTED,ACCEPTED,62.240658794,62.240658794
62.37013343700001,1.128806052947642,0.522727893659441,0.011180339887499386,0.0,0.0,False,0.0,0.0,0.6,MODEL_ONLY,DUPLICATE_OR_OLD,DUPLICATE_OR_OLD,62.240658794,62.240658794
62.420133437000004,1.2571275887837,0.5823762347027212,0.006180339887498972,0.0,0.0,False,0.0,0.6180339887498971,0.6,FUSED,ACCEPTED,ACCEPTED,62.304659692,62.304659692
62.470133437,1.2446707535955421,0.6449211932621987,0.011180339887498688,0.0,0.0,False,0.0,0.0,0.6,MODEL_ONLY,DUPLICATE_OR_OLD,DUPLICATE_OR_OLD,62.304659692,62.304659692
62.520133437000005,1.3308429960933867,0.7093090370044274,0.006180339887498974,0.0,0.0,False,0.0,0.6180339887498972,0.6,FUSED,ACCEPTED,ACCEPTED,62.396623764,62.396623764
62.570133437,1.315497974078247,0.7754675612587144,0.01118033988749869,0.0,0.0,False,0.0,0.0,0.6,MODEL_ONLY,DUPLICATE_OR_OLD,DUPLICATE_OR_OLD,62.396623764,62.396623764
62.62013343700001,1.4691060944431906,0.8450826629717564,0.006180339887498974,0.0,0.0,False,0.0,0.6180339887498973,0.6,FUSED,ACCEPTED,ACCEPTED,62.506595755,62.506595755
62.670133437000004,1.4515220591687465,0.9180983668120506,0.01118033988749869,0.0,0.0,False,0.0,0.0,0.6,MODEL_ONLY,DUPLICATE_OR_OLD,DUPLICATE_OR_OLD,62.506595755,62.506595755
62.720133437,1.601517478279036,0.9944243552482408,0.0061803398874988695,0.0,0.0,False,0.0,0.6180339887498869,0.6,FUSED,ACCEPTED,ACCEPTED,62.608564975,62.608564975
62.770133437000005,1.5817095352500985,1.074005030586476,0.011180339887499297,0.0,0.0,False,0.0,0.0,0.6,MODEL_ONLY,DUPLICATE_OR_OLD,DUPLICATE_OR_OLD,62.608564975,62.608564975
62.820133437,1.7258775306534604,1.1566947072340603,0.006180339887498959,0.0,0.0,False,0.0,0.6180339887498958,0.6,FUSED,ACCEPTED,ACCEPTED,62.706547913,62.706547913
62.87013343700001,1.70434556457952,1.242450284614892,0.011180339887499386,0.0,0.0,False,0.0,0.0,0.6,MODEL_ONLY,DUPLICATE_OR_OLD,DUPLICATE_OR_OLD,62.706547913,62.706547913
62.920133437000004,1.8456029701094325,1.3311989979821108,0.006180339887498972,0.0,0.0,False,0.0,0.6180339887498971,0.6,FUSED,ACCEPTED,ACCEPTED,62.798513532,62.798513532
62.970133437,1.8227345044107097,1.4229074348451092,0.011180339887498688,0.0,0.0,False,0.0,0.0,0.6,MODEL_ONLY,DUPLICATE_OR_OLD,DUPLICATE_OR_OLD,62.798513532,62.798513532
63.020133437000005,1.9364486982693816,1.5168870149121194,0.011587020371246447,0.0,0.0,False,0.0,0.2838827582232345,0.6,SINGLE_WHEEL,RATE_ANOMALY,ACCEPTED,62.908480732,62.908480732
63.070133437,1.912544149852534,1.6131118361151617,0.016587020371246163,0.0,0.0,False,0.0,0.0,0.6,MODEL_ONLY,DUPLICATE_OR_OLD,DUPLICATE_OR_OLD,62.908480732,62.908480732
63.12013343700001,1.9966987454558092,1.7108429084978787,0.01446483578846884,0.0,0.0,False,0.0,0.32992902495540033,0.6,SINGLE_WHEEL,MODEL_DISAGREEMENT,ACCEPTED,63.00445694,63.00445694
63.170133437000004,2.079949805062816,1.8127591222608386,0.014394506816393716,0.0,0.0,False,0.0,0.2604866040061137,0.6,SINGLE_WHEEL,MODEL_DISAGREEMENT,ACCEPTED,63.100427156,63.100427156
63.220133437,2.054910947702648,1.9161306410799692,0.01939450681639343,0.0,0.0,False,0.0,0.0,0.6,MODEL_ONLY,DUPLICATE_OR_OLD,DUPLICATE_OR_OLD,63.100427156,63.100427156
63.270133437000005,2.029330086722953,2.0182366669406178,0.02439450681639386,0.0,0.0,False,0.0,0.0,0.6,MODEL_ONLY,DUPLICATE_OR_OLD,DUPLICATE_OR_OLD,63.100427156,63.100427156
63.320133437,2.158024941547478,2.1229205426473725,0.020633724231921384,0.0,0.0,False,0.0,0.2980414891528721,0.6,SINGLE_WHEEL,MODEL_DISAGREEMENT,ACCEPTED,63.214392933,63.214392933
63.37013343700001,2.1315466920444908,2.230159833487181,0.02563372423192181,0.0,0.0,False,0.0,0.0,0.6,MODEL_ONLY,DUPLICATE_OR_OLD,DUPLICATE_OR_OLD,63.214392933,63.214392933
63.420133437000004,2.2663942602989207,2.34010835729576,0.021559435409152488,0.0,0.0,False,0.0,0.29621892376093406,0.6,SINGLE_WHEEL,MODEL_DISAGREEMENT,ACCEPTED,63.306375016,63.306375016
63.470133437,2.239220336382849,2.4527487222127977,0.026559435409152204,0.0,0.0,False,0.0,0.0,0.6,MODEL_ONLY,DUPLICATE_OR_OLD,DUPLICATE_OR_OLD,63.306375016,63.306375016
63.520133437000005,2.378502266681134,2.568191787289407,0.022232352735870778,0.0,0.0,False,0.0,0.29554022600090246,0.6,SINGLE_WHEEL,MODEL_DISAGREEMENT,ACCEPTED,63.400360626,63.400360626
63.570133437,2.3507890413685417,2.6864240699906423,0.027232352735870494,0.0,0.0,False,0.0,0.0,0.6,MODEL_ONLY,DUPLICATE_OR_OLD,DUPLICATE_OR_OLD,63.400360626,63.400360626
63.62013343700001,2.488524063594433,2.807406897614727,0.022089409889695197,0.0,0.0,False,0.0,0.3146820503390616,0.6,SINGLE_WHEEL,MODEL_DISAGREEMENT,ACCEPTED,63.502305454,63.502305454
63.670133437000004,2.460392760529831,2.9311298182178263,0.027089409889694913,0.0,0.0,False,0.0,0.0,0.6,MODEL_ONLY,DUPLICATE_OR_OLD,DUPLICATE_OR_OLD,63.502305454,63.502305454
63.720133437,2.6033073129809106,3.0577223200555874,0.022829094371286624,0.0,0.0,False,0.0,0.28857855442776204,0.6,SINGLE_WHEEL,MODEL_DISAGREEMENT,ACCEPTED,63.600286265,63.600286265
63.770133437000005,2.5748519072764045,3.1871763005620313,0.027829094371287052,0.0,0.0,False,0.0,0.0,0.6,MODEL_ONLY,DUPLICATE_OR_OLD,DUPLICATE_OR_OLD,63.600286265,63.600286265
63.820133437,2.722859928256103,3.3196190964503365,0.02354627170360655,0.0,0.0,False,0.0,0.28276206960491823,0.6,SINGLE_WHEEL,MODEL_DISAGREEMENT,ACCEPTED,63.712247307,63.712247307
63.87013343700001,2.6941532713893883,3.4550444264414852,0.028546271703606976,0.0,0.0,False,0.0,0.0,0.6,MODEL_ONLY,DUPLICATE_OR_OLD,DUPLICATE_OR_OLD,63.712247307,63.712247307
63.920133437000004,2.8435426035755835,3.593486823315602,0.023759942289814467,0.0,0.0,False,0.0,0.2917262907859909,0.6,SINGLE_WHEEL,MODEL_DISAGREEMENT,ACCEPTED,63.800225045,63.800225045
63.970133437,2.8146411715398023,3.7349414176934785,0.028759942289814183,0.0,0.0,False,0.0,0.0,0.6,MODEL_ONLY,DUPLICATE_OR_OLD,DUPLICATE_OR_OLD,63.800225045,63.800225045
64.020133437,2.9641777098973163,3.8794118897293983,0.023802435509898495,0.0,0.0,False,0.0,0.29495034957212574,0.6,SINGLE_WHEEL,MODEL_DISAGREEMENT,ACCEPTED,63.910208978,63.910208978
64.07013343700001,3.092608279074879,4.030831539453738,0.020997732667780013,0.0,0.0,False,0.0,0.2709737112140075,0.6,SINGLE_WHEEL,MODEL_DISAGREEMENT,ACCEPTED,64.008170143,64.008170143
64.120133437,3.0634936061548332,4.184734086584472,0.02599773266777973,0.0,0.0,False,0.0,0.0,0.6,MODEL_ONLY,DUPLICATE_OR_OLD,DUPLICATE_OR_OLD,64.008170143,64.008170143
64.170133437,3.0343241267682277,4.33717952990754,0.030997732667779446,0.0,0.0,False,0.0,0.0,0.6,MODEL_ONLY,DUPLICATE_OR_OLD,DUPLICATE_OR_OLD,64.008170143,64.008170143
64.220133437,3.195273542371672,4.492919471636029,0.0253556200318405,0.0,0.0,False,0.0,0.2956328592735008,0.6,SINGLE_WHEEL,MODEL_DISAGREEMENT,ACCEPTED,64.106150032,64.106150032
64.270133437,3.166013320614289,4.651951643210668,0.030355620031840218,0.0,0.0,False,0.0,0.0,0.6,MODEL_ONLY,DUPLICATE_OR_OLD,DUPLICATE_OR_OLD,64.106150032,64.106150032
64.32013343700001,3.325967848928006,4.8142511724492625,0.025233621140230277,0.0,0.0,False,0.0,0.28629108703213746,0.6,SINGLE_WHEEL,MODEL_DISAGREEMENT,ACCEPTED,64.206117639,64.206117639
64.370133437,3.2966372817821705,4.979816300717007,0.030233621140229993,0.0,0.0,False,0.0,0.0,0.6,MODEL_ONLY,DUPLICATE_OR_OLD,DUPLICATE_OR_OLD,64.206117639,64.206117639
64.420133437,3.45596790713135,5.148631430439836,0.025158692311139586,0.0,0.0,False,0.0,0.28594644839348005,0.6,SINGLE_WHEEL,MODEL_DISAGREEMENT,ACCEPTED,64.30209761,64.30209761
64.470133437,3.4265828067654307,5.320695198287246,0.030158692311139303,0.0,0.0,False,0.0,0.0,0.6,MODEL_ONLY,DUPLICATE_OR_OLD,DUPLICATE_OR_OLD,64.30209761,64.30209761
64.520133437,3.5843207804497674,5.495967787967616,0.024952740711084682,0.0,0.0,False,0.0,0.29028245731485525,0.6,SINGLE_WHEEL,MODEL_DISAGREEMENT,ACCEPTED,64.410074827,64.410074827
64.57013343700001,3.554893404788215,5.674448142598606,0.02995274071108582,0.0,0.0,False,0.0,0.0,0.6,MODEL_ONLY,DUPLICATE_OR_OLD,DUPLICATE_OR_OLD,64.410074827,64.410074827
64.620133437,3.706677578147962,5.855987417172,0.024163863597753594,0.0,0.0,False,0.0,0.3086704187952324,0.6,SINGLE_WHEEL,MODEL_DISAGREEMENT,ACCEPTED,64.510038925,64.510038925
64.670133437,3.677217429790849,6.04058479237046,0.02916386359775331,0.0,0.0,False,0.0,0.0,0.6,MODEL_ONLY,DUPLICATE_OR_OLD,DUPLICATE_OR_OLD,64.510038925,64.510038925
64.720133437,3.8313323918417543,6.2282985379112645,0.024478482790596084,0.0,0.0,False,0.0,0.2834978186657424,0.6,SINGLE_WHEEL,MODEL_DISAGREEMENT,ACCEPTED,64.60800434,64.60800434
64.770133437,3.9651094364564967,6.42320958361871,0.021768346540348836,0.0,0.0,False,0.0,0.2615513255894786,0.6,SINGLE_WHEEL,MODEL_DISAGREEMENT,ACCEPTED,64.703983535,64.703983535
64.82013343700001,3.9356134083791052,6.620727654739644,0.02676834654034997,0.0,0.0,False,0.0,0.0,0.6,MODEL_ONLY,DUPLICATE_OR_OLD,DUPLICATE_OR_OLD,64.703983535,64.703983535
64.870133437,3.9061081586147277,6.816770693914479,0.031768346540349685,0.0,0.0,False,0.0,0.0,0.6,MODEL_ONLY,DUPLICATE_OR_OLD,DUPLICATE_OR_OLD,64.703983535,64.703983535
64.920133437,4.071796551862864,7.016218311676408,0.026026901652995364,0.0,0.0,False,0.0,0.29213837167157963,0.6,SINGLE_WHEEL,MODEL_DISAGREEMENT,ACCEPTED,64.809947741,64.809947741
64.970133437,4.042276033868422,7.219070126319679,0.03102690165299508,0.0,0.0,False,0.0,0.0,0.6,MODEL_ONLY,DUPLICATE_OR_OLD,DUPLICATE_OR_OLD,64.809947741,64.809947741
65.020133437,4.205029773007089,7.425252771491555,0.025637406860075394,0.0,0.0,False,0.0,0.2883815792151463,0.6,SINGLE_WHEEL,MODEL_DISAGREEMENT,ACCEPTED,64.897936871,64.897936871
65.07013343700001,4.17549741876056,7.634765951285793,0.03063740686007653,0.0,0.0,False,0.0,0.0,0.6,MODEL_ONLY,DUPLICATE_OR_OLD,DUPLICATE_OR_OLD,64.897936871,64.897936871
65.120133437,4.332990498303013,7.84747814921237,0.024937375103445562,0.0,0.0,False,0.0,0.3002472036936469,0.6,SINGLE_WHEEL,MODEL_DISAGREEMENT,ACCEPTED,65.007901394,65.007901394
65.170133437,4.3034489683457045,8.063389135878577,0.02993737510344528,0.0,0.0,False,0.0,0.0,0.6,MODEL_ONLY,DUPLICATE_OR_OLD,DUPLICATE_OR_OLD,65.007901394,65.007901394
65.220133437,4.449354248466915,8.28220921629888,0.023393412367872995,0.0,0.0,False,0.0,0.3304187192481358,0.6,SINGLE_WHEEL,MODEL_DISAGREEMENT,ACCEPTED,65.123862595,65.123862595
65.270133437,4.419805605306215,8.503938212643195,0.02839341236787271,0.0,0.0,False,0.0,0.0,0.6,MODEL_ONLY,DUPLICATE_OR_OLD,DUPLICATE_OR_OLD,65.123862595,65.123862595
65.32013343700001,4.540569758445866,8.727947596737048,0.020042097161815826,0.0,0.0,False,0.0,0.3998188342950738,0.6,SINGLE_WHEEL,MODEL_DISAGREEMENT,ACCEPTED,65.211834746,65.211834746
65.370133437,4.511015600980751,8.9542372307227,0.025042097161815543,0.0,0.0,False,0.0,0.0,0.6,MODEL_ONLY,DUPLICATE_OR_OLD,DUPLICATE_OR_OLD,65.211834746,65.211834746
65.420133437,4.605310763992146,9.18214538984701,0.017156594893159918,0.0,0.0,False,0.0,0.42891487232899783,0.6,SINGLE_WHEEL,MODEL_DISAGREEMENT,ACCEPTED,65.297871425,65.297871425
65.470133437,4.575752331722629,9.411671967239867,0.022156594893159635,0.0,0.0,False,0.0,0.0,0.6,MODEL_ONLY,DUPLICATE_OR_OLD,DUPLICATE_OR_OLD,65.297871425,65.297871425
65.520133437,4.620599315413527,9.641580758418257,0.016175087457226366,0.0,0.0,False,0.0,0.4043771864306591,0.6,SINGLE_WHEEL,MODEL_DISAGREEMENT,ACCEPTED,65.413778422,65.413778422
65.57013343700001,4.591037569225998,9.871871680534298,0.0211750874572275,0.0,0.0,False,0.0,0.0,0.6,MODEL_ONLY,DUPLICATE_OR_OLD,DUPLICATE_OR_OLD,65.413778422,65.413778422
65.620133437,4.62399040582799,10.102247379910635,0.01582171688047753,0.0,0.0,False,0.0,0.3955429220119382,0.6,SINGLE_WHEEL,MODEL_DISAGREEMENT,ACCEPTED,65.507754169,65.507754169
65.670133437,4.594426090621749,10.332707792321864,0.020821716880477247,0.0,0.0,False,0.0,0.0,0.6,MODEL_ONLY,DUPLICATE_OR_OLD,DUPLICATE_OR_OLD,65.507754169,65.507754169
65.720133437,4.618208959134231,10.563023668565751,0.015691913310231995,0.0,0.0,False,0.0,0.3922978327558,0.6,SINGLE_WHEEL,MODEL_DISAGREEMENT,ACCEPTED,65.607745219,65.607745219
65.770133437,4.588642652370812,10.793194958853364,0.02069191331023171,0.0,0.0,False,0.0,0.0,0.6,MODEL_ONLY,DUPLICATE_OR_OLD,DUPLICATE_OR_OLD,65.607745219,65.607745219
65.82013343700001,4.622348355999487,11.023469734062674,0.015643881881717586,0.0,0.0,False,0.0,0.3910970470429397,0.6,SINGLE_WHEEL,MODEL_DISAGREEMENT,ACCEPTED,65.705712255,65.705712255
65.870133437,4.592780505339187,11.253847955596127,0.020643881881717303,0.0,0.0,False,0.0,0.0,0.6,MODEL_ONLY,DUPLICATE_OR_OLD,DUPLICATE_OR_OLD,65.705712255,65.705712255
65.920133437,4.612290401153797,11.483974728258438,0.01562606058424421,0.0,0.0,False,0.0,0.39065151460610514,0.6,SINGLE_WHEEL,MODEL_DISAGREEMENT,ACCEPTED,65.803666344,65.803666344
65.970133437,4.582721353632262,11.713850022128076,0.020626060584243926,0.0,0.0,False,0.0,0.0,0.6,MODEL_ONLY,DUPLICATE_OR_OLD,DUPLICATE_OR_OLD,65.803666344,65.803666344
66.020133437,4.619159861899499,11.943897052516357,0.015619441640168347,0.0,0.0,False,0.0,0.3904860410042086,0.6,SINGLE_WHEEL,MODEL_DISAGREEMENT,ACCEPTED,65.905640343,65.905640343
66.07013343700001,4.589589886546032,12.174115796227548,0.020619441640169482,0.0,0.0,False,0.0,0.0,0.6,MODEL_ONLY,DUPLICATE_OR_OLD,DUPLICATE_OR_OLD,65.905640343,65.905640343
66.120133437,4.62594015671133,12.404504047308968,0.015616982406315483,0.0,0.0,False,0.0,0.39042456015788707,0.6,SINGLE_WHEEL,MODEL_DISAGREEMENT,ACCEPTED,66.007614,66.007614
66.170133437,4.59636946208311,12.635061787778817,0.0206169824063152,0.0,0.0,False,0.0,0.0,0.6,MODEL_ONLY,DUPLICATE_OR_OLD,DUPLICATE_OR_OLD,66.007614,66.007614
66.220133437,4.644129661617303,12.866074265871314,0.015616068564499892,0.0,0.0,False,0.0,0.39040171411249713,0.6,SINGLE_WHEEL,MODEL_DISAGREEMENT,ACCEPTED,66.105583495,66.105583495
66.270133437,4.614558409392206,13.097541467646538,0.020616068564499608,0.0,0.0,False,0.0,0.0,0.6,MODEL_ONLY,DUPLICATE_OR_OLD,DUPLICATE_OR_OLD,66.105583495,66.105583495
66.32013343700001,4.6781294814803225,13.329858664918405,0.015615728966949672,0.0,0.0,False,0.0,0.39039322417374156,0.6,SINGLE_WHEEL,MODEL_DISAGREEMENT,ACCEPTED,66.203563303,66.203563303
66.370133437,4.648557796994436,13.56302584688026,0.02061572896694939,0.0,0.0,False,0.0,0.0,0.6,MODEL_ONLY,DUPLICATE_OR_OLD,DUPLICATE_OR_OLD,66.203563303,66.203563303
66.420133437,4.725934463929487,13.797388153403345,0.015615602764911349,0.0,0.0,False,0.0,0.39039006912278384,0.6,SINGLE_WHEEL,MODEL_DISAGREEMENT,ACCEPTED,66.30953461,66.30953461
66.470133437,4.696362444345973,14.032945576110219,0.020615602764911065,0.0,0.0,False,0.0,0.0,0.6,MODEL_ONLY,DUPLICATE_OR_OLD,DUPLICATE_OR_OLD,66.30953461,66.30953461
66.520133437,4.750910126438558,14.269127390379818,0.015615555865081055,0.0,0.0,False,0.0,0.39038889662702636,0.6,SINGLE_WHEEL,MODEL_DISAGREEMENT,ACCEPTED,66.411496982,66.411496982
66.57013343700001,4.721337847080328,14.505933589717845,0.020615555865082194,0.0,0.0,False,0.0,0.0,0.6,MODEL_ONLY,DUPLICATE_OR_OLD,DUPLICATE_OR_OLD,66.411496982,66.411496982
66.620133437,4.74947088445888,14.742703808006311,0.015615538435886988,0.0,0.0,False,0.0,0.3903884608971747,0.6,SINGLE_WHEEL,MODEL_DISAGREEMENT,ACCEPTED,66.507471677,66.507471677
66.670133437,4.719898403717859,14.979438040210717,0.020615538435886704,0.0,0.0,False,0.0,0.0,0.6,MODEL_ONLY,DUPLICATE_OR_OLD,DUPLICATE_OR_OLD,66.507471677,66.507471677
66.720133437,4.747551629032898,15.216124291029471,0.01561553195873908,0.0,0.0,False,0.0,0.39038829896847693,0.6,SINGLE_WHEEL,MODEL_DISAGREEMENT,ACCEPTED,66.611439075,66.611439075
66.770133437,4.717978992175709,15.452762556559673,0.020615531958738796,0.0,0.0,False,0.0,0.0,0.6,MODEL_ONLY,DUPLICATE_OR_OLD,DUPLICATE_OR_OLD,66.611439075,66.611439075
66.82013343700001,4.746902251428047,15.68938458764982,0.015615529551660044,0.0,0.0,False,0.0,0.390388238791501,0.6,SINGLE_WHEEL,MODEL_DISAGREEMENT,ACCEPTED,66.707411313,66.707411313
66.870133437,4.7173294935463295,15.925990381274167,0.02061552955165976,0.0,0.0,False,0.0,0.0,0.6,MODEL_ONLY,DUPLICATE_OR_OLD,DUPLICATE_OR_OLD,66.707411313,66.707411313
66.920133437,4.744423204609844,16.162534198728057,0.015615528657125127,0.0,0.0,False,0.0,0.39038821642812804,0.6,SINGLE_WHEEL,MODEL_DISAGREEMENT,ACCEPTED,66.811393464,66.811393464
66.970133437,4.7148503529073755,16.399016037665973,0.02061552865712484,0.0,0.0,False,0.0,0.0,0.6,MODEL_ONLY,DUPLICATE_OR_OLD,DUPLICATE_OR_OLD,66.811393464,66.811393464
67.020133437,4.73405888307431,16.6352387685655,0.015615528324692218,0.0,0.0,False,0.0,0.39038820811730535,0.6,SINGLE_WHEEL,MODEL_DISAGREEMENT,ACCEPTED,66.895362832,66.895362832
67.07013343700001,4.70448595864002,16.871202389608413,0.020615528324693357,0.0,0.0,False,0.0,0.0,0.6,MODEL_ONLY,DUPLICATE_OR_OLD,DUPLICATE_OR_OLD,66.895362832,66.895362832
67.120133437,4.719929251755024,17.106812769868277,0.015615528201151852,0.0,0.0,False,0.0,0.39038820502879634,0.6,SINGLE_WHEEL,MODEL_DISAGREEMENT,ACCEPTED,66.999353438,66.999353438
67.170133437,4.690356270937516,17.342069907935578,0.02061552820115157,0.0,0.0,False,0.0,0.0,0.6,MODEL_ONLY,DUPLICATE_OR_OLD,DUPLICATE_OR_OLD,66.999353438,66.999353438
67.220133437,4.711315597060465,17.577111704635513,0.015615528155240446,0.0,0.0,False,0.0,0.39038820388101114,0.6,SINGLE_WHEEL,MODEL_DISAGREEMENT,ACCEPTED,67.097319249,67.097319249
67.270133437,4.681742572533497,17.81193815887535,0.020615528155240162,0.0,0.0,False,0.0,0.0,0.6,MODEL_ONLY,DUPLICATE_OR_OLD,DUPLICATE_OR_OLD,67.097319249,67.097319249
67.32013343700001,4.696170190093929,18.04638597794109,0.015615528138179076,0.0,0.0,False,0.0,0.3903882034544769,0.6,SINGLE_WHEEL,MODEL_DISAGREEMENT,ACCEPTED,67.217290047,67.217290047
67.370133437,4.6665971316824715,18.280455160985486,0.020615528138178792,0.0,0.0,False,0.0,0.0,0.6,MODEL_ONLY,DUPLICATE_OR_OLD,DUPLICATE_OR_OLD,67.217290047,67.217290047
67.420133437,4.683812881266871,18.514215411309205,0.015615528131838093,0.0,0.0,False,0.0,0.39038820329595225,0.6,SINGLE_WHEEL,MODEL_DISAGREEMENT,ACCEPTED,67.297258823,67.297258823
67.470133437,4.654239796587446,18.74766672825555,0.02061552813183781,0.0,0.0,False,0.0,0.0,0.6,MODEL_ONLY,DUPLICATE_OR_OLD,DUPLICATE_OR_OLD,67.297258823,67.297258823
67.520133437,4.668988959022724,18.98074744714579,0.015615528129481615,0.0,0.0,False,0.0,0.39038820323704027,0.6,SINGLE_WHEEL,MODEL_DISAGREEMENT,ACCEPTED,67.397231534,67.397231534
67.57013343700001,4.639415853979813,19.213457567470908,0.020615528129482752,0.0,0.0,False,0.0,0.0,0.6,MODEL_ONLY,DUPLICATE_OR_OLD,DUPLICATE_OR_OLD,67.397231534,67.397231534
67.620133437,4.656827439754474,19.445863649814253,0.015615528128606414,0.0,0.0,False,0.0,0.3903882032151602,0.6,SINGLE_WHEEL,MODEL_DISAGREEMENT,ACCEPTED,67.499201195,67.499201195
67.670133437,4.627254318925376,19.677965693781236,0.02061552812860613,0.0,0.0,False,0.0,0.0,0.6,MODEL_ONLY,DUPLICATE_OR_OLD,DUPLICATE_OR_OLD,67.499201195,67.499201195
67.720133437,4.638477623131269,19.90960899233264,0.015615528128280638,0.0,0.0,False,0.0,0.39038820320701584,0.6,SINGLE_WHEEL,MODEL_DISAGREEMENT,ACCEPTED,67.603178201,67.603178201
67.770133437,4.608904490064381,20.140793545162516,0.020615528128280353,0.0,0.0,False,0.0,0.0,0.6,MODEL_ONLY,DUPLICATE_OR_OLD,DUPLICATE_OR_OLD,67.603178201,67.603178201
67.82013343700001,4.622083856787616,20.371568253833868,0.015615528128160099,0.0,0.0,False,0.0,0.39038820320400225,0.6,SINGLE_WHEEL,MODEL_DISAGREEMENT,ACCEPTED,67.695144158,67.695144158
67.870133437,4.592510714233736,20.60193311810939,0.020615528128159817,0.0,0.0,False,0.0,0.0,0.6,MODEL_ONLY,DUPLICATE_OR_OLD,DUPLICATE_OR_OLD,67.695144158,67.695144158
67.920133437,4.611569201741289,20.83203511600875,0.015615528128114774,0.0,0.0,False,0.0,0.3903882032028694,0.6,SINGLE_WHEEL,RATE_ANOMALY,ACCEPTED,67.809115762,67.809115762
67.970133437,4.581996051832895,21.061874247348094,0.020615528128114492,0.0,0.0,False,0.0,0.0,0.6,MODEL_ONLY,DUPLICATE_OR_OLD,DUPLICATE_OR_OLD,67.809115762,67.809115762
68.020133437,4.640517684761362,21.292437090762938,0.007192235935957892,0.0,0.0,False,0.0,0.7192235935957891,0.6,FUSED,ACCEPTED,ACCEPTED,67.901084376,67.901084376
68.07013343700001,4.610944529151586,21.523723646110813,0.012192235935959028,0.0,0.0,False,0.0,0.0,0.6,MODEL_ONLY,DUPLICATE_OR_OLD,DUPLICATE_OR_OLD,67.901084376,67.901084376
68.120133437,4.616501276147622,21.75440979124328,0.006322479687381612,0.0,0.0,False,0.0,0.632247968738161,0.6,FUSED,ACCEPTED,ACCEPTED,68.00306748,68.00306748
68.170133437,4.586928116118029,21.98449552604991,0.011322479687381329,0.0,0.0,False,0.0,0.0,0.6,MODEL_ONLY,DUPLICATE_OR_OLD,DUPLICATE_OR_OLD,68.00306748,68.00306748
68.220133437,4.604216786332245,22.214274148611153,0.006200965821318885,0.0,0.0,False,0.0,0.6200965821318883,0.6,FUSED,ACCEPTED,ACCEPTED,68.103029012,68.103029012
68.270133437,4.574643622876311,22.443745658841355,0.011200965821318602,0.0,0.0,False,0.0,0.0,0.6,MODEL_ONLY,DUPLICATE_OR_OLD,DUPLICATE_OR_OLD,68.103029012,68.103029012
68.32013343700001,4.589918917042198,22.672859722339368,0.006183346801718663,0.0,0.0,False,0.0,0.6183346801718661,0.6,FUSED,ACCEPTED,ACCEPTED,68.223001948,68.223001948
68.370133437,4.560345750930093,22.90161633903866,0.01118334680171838,0.0,0.0,False,0.0,0.0,0.6,MODEL_ONLY,DUPLICATE_OR_OLD,DUPLICATE_OR_OLD,68.223001948,68.223001948
68.420133437,4.527983805303586,23.12882457794449,0.006180778539990228,0.0,0.0,False,0.0,0.6180778539990226,0.6,FUSED,ACCEPTED,ACCEPTED,68.294979335,68.294979335
68.470133437,4.498410637132363,23.354484439005372,0.011180778539989944,0.0,0.0,False,0.0,0.0,0.6,MODEL_ONLY,DUPLICATE_OR_OLD,DUPLICATE_OR_OLD,68.294979335,68.294979335
68.520133437,4.497054981511306,23.57937107947145,0.006180403884962564,0.0,0.0,False,0.0,0.6180403884962562,0.6,FUSED,ACCEPTED,ACCEPTED,68.400957886,68.400957886
68.57013343700001,4.467481811743801,23.80348449930288,0.011180403884963701,0.0,0.0,False,0.0,0.0,0.6,MODEL_ONLY,DUPLICATE_OR_OLD,DUPLICATE_OR_OLD,68.400957886,68.400957886
68.620133437,4.4901688074262,24.02742576478212,0.006180349224580356,0.0,0.0,False,0.0,0.6180349224580355,0.6,FUSED,ACCEPTED,ACCEPTED,68.500919543,68.500919543
68.670133437,4.46059563642124,24.25119487587829,0.011180349224580072,0.0,0.0,False,0.0,0.0,0.6,MODEL_ONLY,DUPLICATE_OR_OLD,DUPLICATE_OR_OLD,68.500919543,68.500919543
68.720133437,4.489945885823094,24.474958413934388,0.006180341249760199,0.0,0.0,False,0.0,0.6180341249760197,0.6,FUSED,ACCEPTED,ACCEPTED,68.610894591,68.610894591
68.770133437,4.460372713858825,24.698716378926424,0.011180341249759916,0.0,0.0,False,0.0,0.0,0.6,MODEL_ONLY,DUPLICATE_OR_OLD,DUPLICATE_OR_OLD,68.610894591,68.610894591
68.82013343700001,4.486516508140031,24.922388609476446,0.0061803400862503015,0.0,0.0,False,0.0,0.61803400862503,0.6,FUSED,ACCEPTED,ACCEPTED,68.702863932,68.702863932
68.870133437,4.456943335432086,25.145975105565736,0.011180340086250018,0.0,0.0,False,0.0,0.0,0.6,MODEL_ONLY,DUPLICATE_OR_OLD,DUPLICATE_OR_OLD,68.702863932,68.702863932
68.920133437,4.492610994239665,25.369713963807516,0.006180339916496297,0.0,0.0,False,0.0,0.6180339916496297,0.6,FUSED,ACCEPTED,ACCEPTED,68.802834868,68.802834868
68.970133437,4.463037820955207,25.593605184187375,0.011180339916496014,0.0,0.0,False,0.0,0.0,0.6,MODEL_ONLY,DUPLICATE_OR_OLD,DUPLICATE_OR_OLD,68.802834868,68.802834868
69.020133437,4.517022847571407,25.81810670090053,0.006180339891729522,0.0,0.0,False,0.0,0.6180339891729522,0.6,FUSED,ACCEPTED,ACCEPTED,68.89681753,68.89681753
69.07013343700001,4.487449673840016,26.043218513935866,0.011180339891730659,0.0,0.0,False,0.0,0.0,0.6,MODEL_ONLY,DUPLICATE_OR_OLD,DUPLICATE_OR_OLD,68.89681753,68.89681753
69.120133437,4.5401517932269595,26.26890855061253,0.006180339888116306,0.0,0.0,False,0.0,0.6180339888116304,0.6,FUSED,ACCEPTED,ACCEPTED,69.000793357,69.000793357
69.170133437,4.510578619149111,26.49517681092192,0.011180339888116023,0.0,0.0,False,0.0,0.0,0.6,MODEL_ONLY,DUPLICATE_OR_OLD,DUPLICATE_OR_OLD,69.000793357,69.000793357
69.220133437,4.507085867388642,26.72061842308535,0.006180339887588938,0.0,0.0,False,0.0,0.6180339887588937,0.5842893602762727,FUSED,ACCEPTED,ACCEPTED,69.098750838,69.098750838
69.270133437,4.4767271610560195,26.94521374879645,0.011180339887588655,0.0,0.0,False,0.0,0.0,0.5842893602762727,MODEL_ONLY,DUPLICATE_OR_OLD,DUPLICATE_OR_OLD,69.098750838,69.098750838
69.32013343700001,4.500204295744125,27.169637035216507,0.006180339887512203,0.0,0.0,False,0.0,0.6180339887512203,0.6,FUSED,ACCEPTED,ACCEPTED,69.206738608,69.206738608
69.370133437,4.470631121189475,27.393907920639833,0.011180339887511919,0.0,0.0,False,0.0,0.0,0.6,MODEL_ONLY,DUPLICATE_OR_OLD,DUPLICATE_OR_OLD,69.206738608,69.206738608
69.420133437,4.49517682582124,27.61805311931509,0.0061803398875008,0.0,0.0,False,0.0,0.6180339887500799,0.6,FUSED,ACCEPTED,ACCEPTED,69.296710529,69.296710529
69.470133437,4.4656036511051775,27.842072631238235,0.011180339887500517,0.0,0.0,False,0.0,0.0,0.6,MODEL_ONLY,DUPLICATE_OR_OLD,DUPLICATE_OR_OLD,69.296710529,69.296710529
69.520133437,4.4998372392378085,28.066208653496798,0.006180339887499137,0.0,0.0,False,0.0,0.6180339887499136,0.6,FUSED,ACCEPTED,ACCEPTED,69.396677075,69.396677075
69.57013343700001,4.470264064396607,28.29046118608771,0.011180339887500274,0.0,0.0,False,0.0,0.0,0.6,MODEL_ONLY,DUPLICATE_OR_OLD,DUPLICATE_OR_OLD,69.396677075,69.396677075
69.620133437,4.504728076211638,28.514835989602904,0.006180339887499102,0.0,0.0,False,0.0,0.61803398874991,0.6,FUSED,ACCEPTED,ACCEPTED,69.500656952,69.500656952
69.670133437,4.4751549012734415,28.739333064040018,0.011180339887498818,0.0,0.0,False,0.0,0.0,0.6,MODEL_ONLY,DUPLICATE_OR_OLD,DUPLICATE_OR_OLD,69.500656952,69.500656952
69.720133437,4.487167451052789,28.96339112284816,0.006180339887498889,0.0,0.0,False,0.0,0.6180339887498888,0.6,FUSED,ACCEPTED,ACCEPTED,69.602619417,69.602619417
69.770133437,4.457594276039393,29.187010166025452,0.011180339887498605,0.0,0.0,False,0.0,0.0,0.6,MODEL_ONLY,DUPLICATE_OR_OLD,DUPLICATE_OR_OLD,69.602619417,69.602619417
69.82013343700001,4.508441169970924,29.411161052175764,0.0061803398874990655,0.0,0.0,False,0.0,0.6180339887499063,0.6,FUSED,ACCEPTED,ACCEPTED,69.702589468,69.702589468
69.870133437,4.4788679948992325,29.635843781297506,0.011180339887498782,0.0,0.0,False,0.0,0.0,0.6,MODEL_ONLY,DUPLICATE_OR_OLD,DUPLICATE_OR_OLD,69.702589468,69.702589468
69.920133437,4.5300324564723615,29.861066292581782,0.006180339887498883,0.0,0.0,False,0.0,0.6180339887498882,0.6,FUSED,ACCEPTED,ACCEPTED,69.796571312,69.796571312
69.970133437,4.500459281355478,30.08682858602747,0.0111803398874986,0.0,0.0,False,0.0,0.0,0.6,MODEL_ONLY,DUPLICATE_OR_OLD,DUPLICATE_OR_OLD,69.796571312,69.796571312
70.020133437,4.568326773074003,30.313548237388193,0.006180339887498857,0.0,0.0,False,0.0,0.6180339887498856,0.6,FUSED,ACCEPTED,ACCEPTED,69.896536098,69.896536098
70.07013343700001,4.538753597922077,30.541225246663146,0.011180339887499995,0.0,0.0,False,0.0,0.0,0.6,MODEL_ONLY,DUPLICATE_OR_OLD,DUPLICATE_OR_OLD,69.896536098,69.896536098
70.120133437,4.630224944612202,30.77044971022649,0.00618033988749906,0.0,0.0,False,0.0,0.618033988749906,0.6,FUSED,ACCEPTED,ACCEPTED,70.006497836,70.006497836
70.170133437,4.600651769433125,31.001221628077612,0.011180339887498777,0.0,0.0,False,0.0,0.0,0.6,MODEL_ONLY,DUPLICATE_OR_OLD,DUPLICATE_OR_OLD,70.006497836,70.006497836
70.220133437,4.659174832317061,31.232717293121354,0.0061803398874988825,0.0,0.0,False,0.0,0.6180339887498882,0.6,FUSED,ACCEPTED,ACCEPTED,70.098484585,70.098484585
70.270133437,4.62960165711693,31.464936705357193,0.0111803398874986,0.0,0.0,False,0.0,0.0,0.6,MODEL_ONLY,DUPLICATE_OR_OLD,DUPLICATE_OR_OLD,70.098484585,70.098484585
70.32013343700001,4.652191429097119,31.696981532512595,0.006180339887499064,0.0,0.0,False,0.0,0.6180339887499062,0.6,FUSED,ACCEPTED,ACCEPTED,70.214500244,70.214500244
70.370133437,4.622618253880666,31.928851774587024,0.01118033988749878,0.0,0.0,False,0.0,0.0,0.6,MODEL_ONLY,DUPLICATE_OR_OLD,DUPLICATE_OR_OLD,70.214500244,70.214500244
70.420133437,4.659276682470677,32.16089914799579,0.006180339887498883,0.0,0.0,False,0.0,0.6180339887498882,0.6,FUSED,ACCEPTED,ACCEPTED,70.298426931,70.298426931
70.470133437,4.629703507241571,32.39312365273859,0.0111803398874986,0.0,0.0,False,0.0,0.0,0.6,MODEL_ONLY,DUPLICATE_OR_OLD,DUPLICATE_OR_OLD,70.298426931,70.298426931
70.520133437,4.651270987079501,32.6251480150966,0.006180339887498857,0.0,0.0,False,0.0,0.6180339887498856,0.6,FUSED,ACCEPTED,ACCEPTED,70.398410505,70.398410505
70.57013343700001,4.621697811840578,32.856972235069655,0.011180339887499995,0.0,0.0,False,0.0,0.0,0.6,MODEL_ONLY,DUPLICATE_OR_OLD,DUPLICATE_OR_OLD,70.398410505,70.398410505
70.620133437,4.648695943357363,33.08873207894958,0.00618033988749906,0.0,0.0,False,0.0,0.618033988749906,0.6,FUSED,ACCEPTED,ACCEPTED,70.49637362,70.49637362
70.670133437,4.619122768110844,33.32042754673628,0.011180339887498777,0.0,0.0,False,0.0,0.0,0.6,MODEL_ONLY,DUPLICATE_OR_OLD,DUPLICATE_OR_OLD,70.49637362,70.49637362
70.720133437,4.645648250670339,33.5520468222058,0.0061803398874988825,0.0,0.0,False,0.0,0.6180339887498882,0.6,FUSED,ACCEPTED,ACCEPTED,70.596339874,70.596339874
70.770133437,4.616075075417926,33.78358990535799,0.0111803398874986,0.0,0.0,False,0.0,0.0,0.6,MODEL_ONLY,DUPLICATE_OR_OLD,DUPLICATE_OR_OLD,70.596339874,70.596339874
70.82013343700001,4.637873213979412,34.01493861259298,0.006180339887499064,0.0,0.0,False,0.0,0.6180339887499062,0.6,FUSED,ACCEPTED,ACCEPTED,70.696310011,70.696310011
70.870133437,4.608300038722429,34.24609294391051,0.01118033988749878,0.0,0.0,False,0.0,0.0,0.6,MODEL_ONLY,DUPLICATE_OR_OLD,DUPLICATE_OR_OLD,70.696310011,70.696310011
70.920133437,4.627240438986999,34.476981455853235,0.006180339887498883,0.0,0.0,False,0.0,0.6180339887498882,0.6,FUSED,ACCEPTED,ACCEPTED,70.810278979,70.810278979
70.970133437,4.597667263726473,34.70760414842106,0.0111803398874986,0.0,0.0,False,0.0,0.0,0.6,MODEL_ONLY,DUPLICATE_OR_OLD,DUPLICATE_OR_OLD,70.810278979,70.810278979
71.020133437,4.6341693049354244,34.9384000626376,0.006180339887498857,0.0,0.0,False,0.0,0.6180339887498856,0.6,FUSED,ACCEPTED,ACCEPTED,70.904262454,70.904262454
71.07013343700001,4.604596129672144,35.169369198502835,0.011180339887499995,0.0,0.0,False,0.0,0.0,0.6,MODEL_ONLY,DUPLICATE_OR_OLD,DUPLICATE_OR_OLD,70.904262454,70.904262454
71.120133437,4.623850404747138,35.4000803618633,0.00618033988749906,0.0,0.0,False,0.0,0.618033988749906,0.6,FUSED,ACCEPTED,ACCEPTED,71.008223763,71.008223763
71.170133437,4.594277229481737,35.630533552719015,0.011180339887498777,0.0,0.0,False,0.0,0.0,0.6,MODEL_ONLY,DUPLICATE_OR_OLD,DUPLICATE_OR_OLD,71.008223763,71.008223763
71.220133437,4.619581231195213,35.860880014235924,0.0061803398874988825,0.0,0.0,False,0.0,0.6180339887498882,0.6,FUSED,ACCEPTED,ACCEPTED,71.106206216,71.106206216
71.270133437,4.590008055928162,36.091119746413995,0.0111803398874986,0.0,0.0,False,0.0,0.0,0.6,MODEL_ONLY,DUPLICATE_OR_OLD,DUPLICATE_OR_OLD,71.106206216,71.106206216
71.32013343700001,4.6101084042140155,36.321122657917606,0.006180339887499064,0.0,0.0,False,0.0,0.6180339887499062,0.6,FUSED,ACCEPTED,ACCEPTED,71.226454414,71.226454414
71.370133437,4.580535228945685,36.55088874874658,0.01118033988749878,0.0,0.0,False,0.0,0.0,0.6,MODEL_ONLY,DUPLICATE_OR_OLD,DUPLICATE_OR_OLD,71.226454414,71.226454414
71.420133437,4.6047037586630175,36.78051972343679,0.006180339887498883,0.0,0.0,False,0.0,0.6180339887498882,0.6,FUSED,ACCEPTED,ACCEPTED,71.300150931,71.300150931
71.470133437,4.575130583393695,37.0100155819882,0.0111803398874986,0.0,0.0,False,0.0,0.0,0.6,MODEL_ONLY,DUPLICATE_OR_OLD,DUPLICATE_OR_OLD,71.300150931,71.300150931
71.520133437,4.577184239095033,37.2388234525504,0.006180339887498857,0.0,0.0,False,0.0,0.6180339887498856,0.6,FUSED,ACCEPTED,ACCEPTED,71.398117647,71.398117647
71.57013343700001,4.547611063824933,37.46694333512345,0.011180339887499995,0.0,0.0,False,0.0,0.0,0.6,MODEL_ONLY,DUPLICATE_OR_OLD,DUPLICATE_OR_OLD,71.398117647,71.398117647
71.620133437,4.573347089878958,37.69496728896604,0.00618033988749906,0.0,0.0,False,0.0,0.618033988749906,0.6,FUSED,ACCEPTED,ACCEPTED,71.496110759,71.496110759
71.670133437,4.54377391460827,37.92289531407821,0.011180339887498777,0.0,0.0,False,0.0,0.0,0.6,MODEL_ONLY,DUPLICATE_OR_OLD,DUPLICATE_OR_OLD,71.496110759,71.496110759
71.720133437,4.555728587979746,38.150382876642894,0.0061803398874988825,0.0,0.0,False,0.0,0.6180339887498882,0.6,FUSED,ACCEPTED,ACCEPTED,71.598073174,71.598073174
71.770133437,4.526155412708596,38.37742997666009,0.0111803398874986,0.0,0.0,False,0.0,0.0,0.6,MODEL_ONLY,DUPLICATE_OR_OLD,DUPLICATE_OR_OLD,71.598073174,71.598073174
71.82013343700001,4.57130192444101,38.60486641008888,0.006180339887499064,0.0,0.0,False,0.0,0.6180339887499062,0.6,FUSED,ACCEPTED,ACCEPTED,71.696045558,71.696045558
71.870133437,4.541728749169502,38.832692176929136,0.01118033988749878,0.0,0.0,False,0.0,0.0,0.6,MODEL_ONLY,DUPLICATE_OR_OLD,DUPLICATE_OR_OLD,71.696045558,71.696045558
71.920133437,4.5592643398076875,39.06021700415355,0.006180339887498883,0.0,0.0,False,0.0,0.6180339887498882,0.6,FUSED,ACCEPTED,ACCEPTED,71.80199636,71.80199636
71.970133437,4.529691164535902,39.28744089176213,0.0111803398874986,0.0,0.0,False,0.0,0.0,0.6,MODEL_ONLY,DUPLICATE_OR_OLD,DUPLICATE_OR_OLD,71.80199636,71.80199636
72.020133437,4.571158721813353,39.51496213892085,0.006180339887498857,0.0,0.0,False,0.0,0.6180339887498856,0.6,FUSED,ACCEPTED,ACCEPTED,71.909973281,71.909973281
72.07013343700001,4.541585546541343,39.742780745629766,0.011180339887499995,0.0,0.0,False,0.0,0.0,0.6,MODEL_ONLY,DUPLICATE_OR_OLD,DUPLICATE_OR_OLD,71.909973281,71.909973281
72.120133437,4.566219050180972,39.97047586054781,0.00618033988749906,0.0,0.0,False,0.0,0.618033988749906,0.6,FUSED,ACCEPTED,ACCEPTED,72.009941711,72.009941711
72.170133437,4.536645874908804,40.19804748367504,0.011180339887498777,0.0,0.0,False,0.0,0.0,0.6,MODEL_ONLY,DUPLICATE_OR_OLD,DUPLICATE_OR_OLD,72.009941711,72.009941711
72.220133437,4.56131217998766,40.42549643504744,0.0061803398874988825,0.0,0.0,False,0.0,0.6180339887498882,0.6,FUSED,ACCEPTED,ACCEPTED,72.103913902,72.103913902
72.270133437,4.531739004715363,40.652822714665,0.0111803398874986,0.0,0.0,False,0.0,0.0,0.6,MODEL_ONLY,DUPLICATE_OR_OLD,DUPLICATE_OR_OLD,72.103913902,72.103913902
72.32013343700001,4.564773155566352,40.880235518672094,0.006180339887499064,0.0,0.0,False,0.0,0.6180339887499062,0.6,FUSED,ACCEPTED,ACCEPTED,72.221892104,72.221892104
72.370133437,4.535199980293955,41.10773484706859,0.01118033988749878,0.0,0.0,False,0.0,0.0,0.6,MODEL_ONLY,DUPLICATE_OR_OLD,DUPLICATE_OR_OLD,72.221892104,72.221892104
72.420133437,4.5733883545868,41.33544955544059,0.006180339887498883,0.0,0.0,False,0.0,0.6180339887498882,0.6,FUSED,ACCEPTED,ACCEPTED,72.305865809,72.305865809
72.470133437,4.543815179314325,41.56337964378811,0.0111803398874986,0.0,0.0,False,0.0,0.0,0.6,MODEL_ONLY,DUPLICATE_OR_OLD,DUPLICATE_OR_OLD,72.305865809,72.305865809
72.520133437,4.562039387345896,41.7910260079546,0.006180339887498857,0.0,0.0,False,0.0,0.6180339887498856,0.6,FUSED,ACCEPTED,ACCEPTED,72.40183288,72.40183288
72.57013343700001,4.532466212073352,42.01838864794013,0.011180339887499995,0.0,0.0,False,0.0,0.0,0.6,MODEL_ONLY,DUPLICATE_OR_OLD,DUPLICATE_OR_OLD,72.40183288,72.40183288
72.620133437,4.552260849055474,42.245506824468336,0.00618033988749906,0.0,0.0,False,0.0,0.618033988749906,0.6,FUSED,ACCEPTED,ACCEPTED,72.503820637,72.503820637
72.670133437,4.522687673782892,42.47238053753929,0.011180339887498777,0.0,0.0,False,0.0,0.0,0.6,MODEL_ONLY,DUPLICATE_OR_OLD,DUPLICATE_OR_OLD,72.503820637,72.503820637
72.720133437,4.533869455224152,42.69879446576445,0.0061803398874988825,0.0,0.0,False,0.0,0.6180339887498882,0.6,FUSED,ACCEPTED,ACCEPTED,72.599776663,72.599776663
72.770133437,4.504296279951533,42.92474860914383,0.0111803398874986,0.0,0.0,False,0.0,0.0,0.6,MODEL_ONLY,DUPLICATE_OR_OLD,DUPLICATE_OR_OLD,72.599776663,72.599776663
72.82013343700001,4.514927656140008,43.150229207546175,0.006180339887499064,0.0,0.0,False,0.0,0.6180339887499062,0.6,FUSED,ACCEPTED,ACCEPTED,72.699761438,72.699761438
72.870133437,4.485354480867362,43.37523626097134,0.01118033988749878,0.0,0.0,False,0.0,0.0,0.6,MODEL_ONLY,DUPLICATE_OR_OLD,DUPLICATE_OR_OLD,72.699761438,72.699761438
72.920133437,4.512249410158585,43.600176358246976,0.006180339887498883,0.0,0.0,False,0.0,0.6180339887498882,0.6,FUSED,ACCEPTED,ACCEPTED,72.797729742,72.797729742
72.970133437,4.482676234885917,43.82504949937307,0.0111803398874986,0.0,0.0,False,0.0,0.0,0.6,MODEL_ONLY,DUPLICATE_OR_OLD,DUPLICATE_OR_OLD,72.797729742,72.797729742
73.020133437,4.494281019713889,44.049473430738054,0.006180339887498857,0.0,0.0,False,0.0,0.6180339887498856,0.6,FUSED,ACCEPTED,ACCEPTED,72.899700758,72.899700758
73.07013343700001,4.464707844441196,44.273448152341984,0.011180339887499995,0.0,0.0,False,0.0,0.0,0.6,MODEL_ONLY,DUPLICATE_OR_OLD,DUPLICATE_OR_OLD,72.899700758,72.899700758
73.120133437,4.496489465322373,44.497478085086065,0.00618033988749906,0.0,0.0,False,0.0,0.618033988749906,0.6,FUSED,ACCEPTED,ACCEPTED,73.0076822,73.0076822
73.170133437,4.466916290049674,44.72156322897035,0.011180339887498777,0.0,0.0,False,0.0,0.0,0.6,MODEL_ONLY,DUPLICATE_OR_OLD,DUPLICATE_OR_OLD,73.0076822,73.0076822
73.220133437,4.4709382431386935,44.94500959230005,0.0061803398874988825,0.0,0.0,False,0.0,0.6180339887498882,0.6,FUSED,ACCEPTED,ACCEPTED,73.09964084,73.09964084
73.270133437,4.441365067865985,45.16781717507515,0.0111803398874986,0.0,0.0,False,0.0,0.0,0.6,MODEL_ONLY,DUPLICATE_OR_OLD,DUPLICATE_OR_OLD,73.09964084,73.09964084
73.32013343700001,4.469023594025678,45.390576891622494,0.006180339887499064,0.0,0.0,False,0.0,0.6180339887499062,0.6,FUSED,ACCEPTED,ACCEPTED,73.225606967,73.225606967
73.370133437,4.439450418752962,45.61328874194195,0.01118033988749878,0.0,0.0,False,0.0,0.0,0.6,MODEL_ONLY,DUPLICATE_OR_OLD,DUPLICATE_OR_OLD,73.225606967,73.225606967
73.420133437,4.449529300897382,45.83551323493319,0.006180339887498883,0.0,0.0,False,0.0,0.6180339887498882,0.6,FUSED,ACCEPTED,ACCEPTED,73.29793025,73.29793025
73.470133437,4.419956125624659,46.05725037059623,0.0111803398874986,0.0,0.0,False,0.0,0.0,0.6,MODEL_ONLY,DUPLICATE_OR_OLD,DUPLICATE_OR_OLD,73.29793025,73.29793025
73.520133437,4.437841343027444,46.278695307312525,0.006180339887498857,0.0,0.0,False,0.0,0.6180339887498856,0.6,FUSED,ACCEPTED,ACCEPTED,73.397581174,73.397581174
73.57013343700001,4.408268167754708,46.499848045082125,0.011180339887499995,0.0,0.0,False,0.0,0.0,0.6,MODEL_ONLY,DUPLICATE_OR_OLD,DUPLICATE_OR_OLD,73.397581174,73.397581174
73.620133437,4.416092520595817,46.720457062290876,0.00618033988749906,0.0,0.0,False,0.0,0.618033988749906,0.6,FUSED,ACCEPTED,ACCEPTED,73.497591451,73.497591451
73.670133437,4.386519345323086,46.940522358938836,0.011180339887498777,0.0,0.0,False,0.0,0.0,0.6,MODEL_ONLY,DUPLICATE_OR_OLD,DUPLICATE_OR_OLD,73.497591451,73.497591451
73.720133437,4.414672880138193,47.16055216457536,0.0061803398874988825,0.0,0.0,False,0.0,0.6180339887498882,0.6,FUSED,ACCEPTED,ACCEPTED,73.599506183,73.599506183
73.770133437,4.38509970486546,47.38054647920043,0.0111803398874986,0.0,0.0,False,0.0,0.0,0.6,MODEL_ONLY,DUPLICATE_OR_OLD,DUPLICATE_OR_OLD,73.599506183,73.599506183
73.82013343700001,4.405643951756249,47.600315070616034,0.006180339887499064,0.0,0.0,False,0.0,0.6180339887499062,0.6,FUSED,ACCEPTED,ACCEPTED,73.695479429,73.695479429
73.870133437,4.376070776483513,47.81985793882202,0.01118033988749878,0.0,0.0,False,0.0,0.0,0.6,MODEL_ONLY,DUPLICATE_OR_OLD,DUPLICATE_OR_OLD,73.695479429,73.695479429
73.920133437,4.397991283546825,48.03920949032276,0.006180339887498883,0.0,0.0,False,0.0,0.6180339887498882,0.6,FUSED,ACCEPTED,ACCEPTED,73.797463108,73.797463108
73.970133437,4.368418108274088,48.25836972511827,0.0111803398874986,0.0,0.0,False,0.0,0.0,0.6,MODEL_ONLY,DUPLICATE_OR_OLD,DUPLICATE_OR_OLD,73.797463108,73.797463108
74.020133437,4.378086466003815,48.4770323394752,0.006180339887498857,0.0,0.0,False,0.0,0.6180339887498856,0.6,FUSED,ACCEPTED,ACCEPTED,73.899423319,73.899423319
74.07013343700001,4.348513290731067,48.69519733339362,0.011180339887499995,0.0,0.0,False,0.0,0.0,0.6,MODEL_ONLY,DUPLICATE_OR_OLD,DUPLICATE_OR_OLD,73.899423319,73.899423319
74.120133437,4.370461067051716,48.91317169233818,0.00618033988749906,0.0,0.0,False,0.0,0.618033988749906,0.6,FUSED,ACCEPTED,ACCEPTED,73.999407181,73.999407181
74.170133437,4.340887891778976,49.130955416308936,0.011180339887498777,0.0,0.0,False,0.0,0.0,0.6,MODEL_ONLY,DUPLICATE_OR_OLD,DUPLICATE_OR_OLD,73.999407181,73.999407181
74.220133437,4.343220589317498,49.34805812833633,0.0061803398874988825,0.0,0.0,False,0.0,0.6180339887498882,0.6,FUSED,ACCEPTED,ACCEPTED,74.099364926,74.099364926
74.270133437,4.313647414044758,49.564479828420374,0.0111803398874986,0.0,0.0,False,0.0,0.0,0.6,MODEL_ONLY,DUPLICATE_OR_OLD,DUPLICATE_OR_OLD,74.099364926,74.099364926
74.32013343700001,4.339994817972576,49.78082088422086,0.006180339887499064,0.0,0.0,False,0.0,0.6180339887499062,0.6,FUSED,ACCEPTED,ACCEPTED,74.21332826,74.21332826
74.370133437,4.3104216426998345,49.99708129573766,0.01118033988749878,0.0,0.0,False,0.0,0.0,0.6,MODEL_ONLY,DUPLICATE_OR_OLD,DUPLICATE_OR_OLD,74.21332826,74.21332826
74.420133437,4.307202534529318,50.212521900168376,0.006180339887498883,0.0,0.0,False,0.0,0.6180339887498882,0.6,FUSED,ACCEPTED,ACCEPTED,74.30130564,74.30130564
74.470133437,4.277629359256576,50.42714269751301,0.0111803398874986,0.0,0.0,False,0.0,0.0,0.6,MODEL_ONLY,DUPLICATE_OR_OLD,DUPLICATE_OR_OLD,74.30130564,74.30130564
74.520133437,4.287325486448806,50.64126656865564,0.006180339887498857,0.0,0.0,False,0.0,0.6180339887498856,0.6,FUSED,ACCEPTED,ACCEPTED,74.399275543,74.399275543
74.57013343700001,4.257752311176056,50.85489351359631,0.011180339887499995,0.0,0.0,False,0.0,0.0,0.6,MODEL_ONLY,DUPLICATE_OR_OLD,DUPLICATE_OR_OLD,74.399275543,74.399275543
74.620133437,4.269779134250425,51.06808179973196,0.00618033988749906,0.0,0.0,False,0.0,0.618033988749906,0.6,FUSED,ACCEPTED,ACCEPTED,74.501246812,74.501246812
74.670133437,4.240205958977683,51.280831427062644,0.011180339887498777,0.0,0.0,False,0.0,0.0,0.6,MODEL_ONLY,DUPLICATE_OR_OLD,DUPLICATE_OR_OLD,74.501246812,74.501246812
74.720133437,4.259368441338697,51.493320787070544,0.0061803398874988825,0.0,0.0,False,0.0,0.6180339887498882,0.6,FUSED,ACCEPTED,ACCEPTED,74.601231559,74.601231559
74.770133437,4.229795266065954,51.705549879755644,0.0111803398874986,0.0,0.0,False,0.0,0.0,0.6,MODEL_ONLY,DUPLICATE_OR_OLD,DUPLICATE_OR_OLD,74.601231559,74.601231559
74.82013343700001,4.239180447343977,51.91727427259094,0.006180339887499064,0.0,0.0,False,0.0,0.6180339887499062,0.6,FUSED,ACCEPTED,ACCEPTED,74.695194666,74.695194666
74.870133437,4.209607272071234,52.12849396557631,0.01118033988749878,0.0,0.0,False,0.0,0.0,0.6,MODEL_ONLY,DUPLICATE_OR_OLD,DUPLICATE_OR_OLD,74.695194666,74.695194666
74.920133437,4.216041299344117,52.33913517986168,0.006180339887498883,0.0,0.0,False,0.0,0.6180339887498882,0.6,FUSED,ACCEPTED,ACCEPTED,74.79916927,74.79916927
74.970133437,4.186468124071374,52.54919791544705,0.0111803398874986,0.0,0.0,False,0.0,0.0,0.6,MODEL_ONLY,DUPLICATE_OR_OLD,DUPLICATE_OR_OLD,74.79916927,74.79916927
75.020133437,4.199786396707733,52.75885427846652,0.006180339887498857,0.0,0.0,False,0.0,0.6180339887498856,0.6,FUSED,ACCEPTED,ACCEPTED,74.89914049,74.89914049
75.07013343700001,4.170213221434981,52.96810426892014,0.011180339887499995,0.0,0.0,False,0.0,0.0,0.6,MODEL_ONLY,DUPLICATE_OR_OLD,DUPLICATE_OR_OLD,74.89914049,74.89914049
75.120133437,4.181721772562088,53.176902643770056,0.00618033988749906,0.0,0.0,False,0.0,0.618033988749906,0.6,FUSED,ACCEPTED,ACCEPTED,74.997119057,74.997119057
75.170133437,4.152148597289345,53.38524940301633,0.011180339887498777,0.0,0.0,False,0.0,0.0,0.6,MODEL_ONLY,DUPLICATE_OR_OLD,DUPLICATE_OR_OLD,74.997119057,74.997119057
75.220133437,4.164013942329687,53.59315346650679,0.0061803398874988825,0.0,0.0,False,0.0,0.6180339887498882,0.6,FUSED,ACCEPTED,ACCEPTED,75.099076588,75.099076588
75.270133437,4.134440767056944,53.80061483424144,0.0111803398874986,0.0,0.0,False,0.0,0.0,0.6,MODEL_ONLY,DUPLICATE_OR_OLD,DUPLICATE_OR_OLD,75.099076588,75.099076588
75.32013343700001,4.158973147834395,54.00795018211378,0.006180339887499064,0.0,0.0,False,0.0,0.6180339887499062,0.6,FUSED,ACCEPTED,ACCEPTED,75.233052418,75.233052418
75.370133437,4.129399972561652,54.21515951012367,0.01118033988749878,0.0,0.0,False,0.0,0.0,0.6,MODEL_ONLY,DUPLICATE_OR_OLD,DUPLICATE_OR_OLD,75.233052418,75.233052418
75.420133437,4.135591597072788,54.421784299364525,0.006180339887498883,0.0,0.0,False,0.0,0.6180339887498882,0.6,FUSED,ACCEPTED,ACCEPTED,75.307032851,75.307032851
75.470133437,4.106018421800045,54.62782454983633,0.0111803398874986,0.0,0.0,False,0.0,0.0,0.6,MODEL_ONLY,DUPLICATE_OR_OLD,DUPLICATE_OR_OLD,75.307032851,75.307032851
75.520133437,4.115815990357274,54.833370410140255,0.006180339887498857,0.0,0.0,False,0.0,0.6180339887498856,0.6,FUSED,ACCEPTED,ACCEPTED,75.400999238,75.400999238
75.57013343700001,4.086242815084522,55.038421880276346,0.011180339887499995,0.0,0.0,False,0.0,0.0,0.6,MODEL_ONLY,DUPLICATE_OR_OLD,DUPLICATE_OR_OLD,75.400999238,75.400999238
75.620133437,4.096501364116329,55.242990484756355,0.00618033988749906,0.0,0.0,False,0.0,0.618033988749906,0.6,FUSED,ACCEPTED,ACCEPTED,75.496981768,75.496981768
75.670133437,4.066928188843586,55.447076223580346,0.011180339887498777,0.0,0.0,False,0.0,0.0,0.6,MODEL_ONLY,DUPLICATE_OR_OLD,DUPLICATE_OR_OLD,75.496981768,75.496981768
75.720133437,4.076272948812255,55.650656252021726,0.0061803398874988825,0.0,0.0,False,0.0,0.6180339887498882,0.6,FUSED,ACCEPTED,ACCEPTED,75.59894393,75.59894393
75.770133437,4.046699773539512,55.853730570080515,0.0111803398874986,0.0,0.0,False,0.0,0.0,0.6,MODEL_ONLY,DUPLICATE_OR_OLD,DUPLICATE_OR_OLD,75.59894393,75.59894393
75.82013343700001,4.054723701200211,56.05626615694906,0.006180339887499064,0.0,0.0,False,0.0,0.6180339887499062,0.6,FUSED,ACCEPTED,ACCEPTED,75.694928528,75.694928528
75.870133437,4.025150525927468,56.25826301262724,0.01118033988749878,0.0,0.0,False,0.0,0.0,0.6,MODEL_ONLY,DUPLICATE_OR_OLD,DUPLICATE_OR_OLD,75.694928528,75.694928528
75.920133437,4.044054618785065,56.45999314124504,0.006180339887498883,0.0,0.0,False,0.0,0.6180339887498882,0.6,FUSED,ACCEPTED,ACCEPTED,75.80289959,75.80289959
75.970133437,4.014481443512322,56.66145654280247,0.0111803398874986,0.0,0.0,False,0.0,0.0,0.6,MODEL_ONLY,DUPLICATE_OR_OLD,DUPLICATE_OR_OLD,75.80289959,75.80289959
76.020133437,4.033757741457929,56.86266252242671,0.006180339887498857,0.0,0.0,False,0.0,0.6180339887498856,0.6,FUSED,ACCEPTED,ACCEPTED,75.912863958,75.912863958
76.07013343700001,4.004184566185177,57.06361108011783,0.011180339887499995,0.0,0.0,False,0.0,0.0,0.6,MODEL_ONLY,DUPLICATE_OR_OLD,DUPLICATE_OR_OLD,75.912863958,75.912863958
76.120133437,4.015405801292736,57.26410083930477,0.00618033988749906,0.0,0.0,False,0.0,0.618033988749906,0.6,FUSED,ACCEPTED,ACCEPTED,76.012830045,76.012830045
76.170133437,3.9858326260199926,57.46413179998758,0.011180339887498777,0.0,0.0,False,0.0,0.0,0.6,MODEL_ONLY,DUPLICATE_OR_OLD,DUPLICATE_OR_OLD,76.012830045,76.012830045
76.220133437,3.99001049425074,57.663527877994326,0.0061803398874988825,0.0,0.0,False,0.0,0.6180339887498882,0.6,FUSED,ACCEPTED,ACCEPTED,76.100817571,76.100817571
76.270133437,3.960437318977997,57.86228907332504,0.0111803398874986,0.0,0.0,False,0.0,0.0,0.6,MODEL_ONLY,DUPLICATE_OR_OLD,DUPLICATE_OR_OLD,76.100817571,76.100817571
76.32013343700001,3.9750385089822386,58.06067596902409,0.006180339887499064,0.0,0.0,False,0.0,0.6180339887499062,0.6,FUSED,ACCEPTED,ACCEPTED,76.21678535,76.21678535
76.370133437,3.9454653337094956,58.258688565091376,0.01118033988749878,0.0,0.0,False,0.0,0.0,0.6,MODEL_ONLY,DUPLICATE_OR_OLD,DUPLICATE_OR_OLD,76.21678535,76.21678535
76.420133437,3.9570158438609075,58.45625059453062,0.006180339887498883,0.0,0.0,False,0.0,0.6180339887498882,0.6,FUSED,ACCEPTED,ACCEPTED,76.306749958,76.306749958
76.470133437,3.927442668588164,58.653362057341845,0.0111803398874986,0.0,0.0,False,0.0,0.0,0.6,MODEL_ONLY,DUPLICATE_OR_OLD,DUPLICATE_OR_OLD,76.306749958,76.306749958
76.520133437,3.938690766681781,58.85001539322358,0.006180339887498857,0.0,0.0,False,0.0,0.6180339887498856,0.6,FUSED,ACCEPTED,ACCEPTED,76.40472623,76.40472623
76.57013343700001,3.909117591409029,59.0462106021759,0.011180339887499995,0.0,0.0,False,0.0,0.0,0.6,MODEL_ONLY,DUPLICATE_OR_OLD,DUPLICATE_OR_OLD,76.40472623,76.40472623
76.620133437,3.9253151965572193,59.24207142187504,0.00618033988749906,0.0,0.0,False,0.0,0.618033988749906,0.6,FUSED,ACCEPTED,ACCEPTED,76.508693675,76.508693675
76.670133437,3.8957420212844758,59.43759785232107,0.011180339887498777,0.0,0.0,False,0.0,0.0,0.6,MODEL_ONLY,DUPLICATE_OR_OLD,DUPLICATE_OR_OLD,76.508693675,76.508693675
76.720133437,3.8988029423697124,59.63246147641241,0.0061803398874988825,0.0,0.0,False,0.0,0.6180339887498882,0.6,FUSED,ACCEPTED,ACCEPTED,76.608669357,76.608669357
76.770133437,3.869229767096969,59.82666229414907,0.0111803398874986,0.0,0.0,False,0.0,0.0,0.6,MODEL_ONLY,DUPLICATE_OR_OLD,DUPLICATE_OR_OLD,76.608669357,76.608669357
76.82013343700001,3.879925701666715,60.0203911808682,0.006180339887499064,0.0,0.0,False,0.0,0.6180339887499062,0.6,FUSED,ACCEPTED,ACCEPTED,76.692647182,76.692647182
76.870133437,3.8503525263939715,60.2136481365697,0.01118033988749878,0.0,0.0,False,0.0,0.0,0.6,MODEL_ONLY,DUPLICATE_OR_OLD,DUPLICATE_OR_OLD,76.692647182,76.692647182
76.920133437,3.866574752954189,60.4065713185534,0.006180339887498883,0.0,0.0,False,0.0,0.6180339887498882,0.6,FUSED,ACCEPTED,ACCEPTED,76.800616321,76.800616321
76.970133437,3.8370015776814457,60.59916072681928,0.0111803398874986,0.0,0.0,False,0.0,0.0,0.6,MODEL_ONLY,DUPLICATE_OR_OLD,DUPLICATE_OR_OLD,76.800616321,76.800616321
77.020133437,3.8430323087085365,60.79116157397902,0.006180339887498857,0.0,0.0,False,0.0,0.6180339887498856,0.6,FUSED,ACCEPTED,ACCEPTED,76.898599027,76.898599027
77.07013343700001,3.8134591334357846,60.98257386003267,0.011180339887499995,0.0,0.0,False,0.0,0.0,0.6,MODEL_ONLY,DUPLICATE_OR_OLD,DUPLICATE_OR_OLD,76.898599027,76.898599027
77.120133437,3.836129405276535,61.17381357350047,0.00618033988749906,0.0,0.0,False,0.0,0.618033988749906,0.6,FUSED,ACCEPTED,ACCEPTED,77.00655149,77.00655149
77.170133437,3.8065562300037916,61.364880714382465,0.011180339887498777,0.0,0.0,False,0.0,0.0,0.6,MODEL_ONLY,DUPLICATE_OR_OLD,DUPLICATE_OR_OLD,77.00655149,77.00655149
77.220133437,3.811542634961604,61.55533318600659,0.0061803398874988825,0.0,0.0,False,0.0,0.6180339887498882,0.6,FUSED,ACCEPTED,ACCEPTED,77.100546019,77.100546019
77.270133437,3.7819694596888604,61.74517098837284,0.0111803398874986,0.0,0.0,False,0.0,0.0,0.6,MODEL_ONLY,DUPLICATE_OR_OLD,DUPLICATE_OR_OLD,77.100546019,77.100546019
77.32013343700001,3.7893112609758868,61.934453006389504,0.006180339887499064,0.0,0.0,False,0.0,0.6180339887499062,0.6,FUSED,ACCEPTED,ACCEPTED,77.210498325,77.210498325
77.370133437,3.7597380857031433,62.12317924005647,0.01118033988749878,0.0,0.0,False,0.0,0.0,0.6,MODEL_ONLY,DUPLICATE_OR_OLD,DUPLICATE_OR_OLD,77.210498325,77.210498325
77.420133437,3.7673271123965675,62.31135587000895,0.006180339887498883,0.0,0.0,False,0.0,0.6180339887498882,0.6,FUSED,ACCEPTED,ACCEPTED,77.308478526,77.308478526
77.470133437,3.737753937123824,62.49898289624696,0.0111803398874986,0.0,0.0,False,0.0,0.0,0.6,MODEL_ONLY,DUPLICATE_OR_OLD,DUPLICATE_OR_OLD,77.308478526,77.308478526
77.520133437,3.748300501550698,62.68613425721381,0.006180339887498857,0.0,0.0,False,0.0,0.6180339887498856,0.6,FUSED,ACCEPTED,ACCEPTED,77.406445286,77.406445286
77.57013343700001,3.718727326277946,62.87280995290957,0.011180339887499995,0.0,0.0,False,0.0,0.0,0.6,MODEL_ONLY,DUPLICATE_OR_OLD,DUPLICATE_OR_OLD,77.406445286,77.406445286
77.620133437,3.723181232915681,63.0588576668894,0.00618033988749906,0.0,0.0,False,0.0,0.618033988749906,0.6,FUSED,ACCEPTED,ACCEPTED,77.500412798,77.500412798
77.670133437,3.6936080576429373,63.244277399153354,0.011180339887498777,0.0,0.0,False,0.0,0.0,0.6,MODEL_ONLY,DUPLICATE_OR_OLD,DUPLICATE_OR_OLD,77.500412798,77.500412798
77.720133437,3.6999955475040878,63.42911748928202,0.0061803398874988825,0.0,0.0,False,0.0,0.6180339887498882,0.6,FUSED,ACCEPTED,ACCEPTED,77.600385485,77.600385485
77.770133437,3.6704223722313443,63.613377937275395,0.0111803398874986,0.0,0.0,False,0.0,0.0,0.6,MODEL_ONLY,DUPLICATE_OR_OLD,DUPLICATE_OR_OLD,77.600385485,77.600385485
77.82013343700001,3.675950265642079,63.79703725322228,0.006180339887499064,0.0,0.0,False,0.0,0.6180339887499062,0.6,FUSED,ACCEPTED,ACCEPTED,77.708368269,77.708368269
77.870133437,3.6463770903693353,63.98009543712255,0.01118033988749878,0.0,0.0,False,0.0,0.0,0.6,MODEL_ONLY,DUPLICATE_OR_OLD,DUPLICATE_OR_OLD,77.708368269,77.708368269
