t,v,s,pvv,pvd,pdd,active,added,gain,d,mode,front_status,rear_status,front_t,rear_t
136.906544646,0.0,0.0,1.0,0.0,0.0,False,0.0,0.0,0.0,WAITING_FOR_INITIALIZATION,MISSING_OR_STALE,MISSING_OR_STALE,,
136.956544646,0.0,0.0,1.0,0.0,0.0,False,0.0,0.0,0.0,WAITING_FOR_INITIALIZATION,MISSING_OR_STALE,MISSING_OR_STALE,,
137.00654464599998,0.0,0.0,0.010000000000000002,0.0,0.0,False,0.0,0.0,0.0,INITIALIZED,ACCEPTED,ACCEPTED,136.907938639,136.907938639
137.056544646,0.0,0.0,0.006000000000000183,0.0,0.0,False,0.0,0.6000000000000182,0.0,FUSED,ACCEPTED,ACCEPTED,137.011915238,137.011915238
137.10654464599997,0.0,0.0,0.010999999999998478,0.0,0.0,False,0.0,0.0,0.0,MODEL_ONLY,DUPLICATE_OR_OLD,DUPLICATE_OR_OLD,137.011915238,137.011915238
137.156544646,0.0,0.0,0.015999999999999615,0.0,0.0,False,0.0,0.0,0.0,MODEL_ONLY,DUPLICATE_OR_OLD,DUPLICATE_OR_OLD,137.011915238,137.011915238
137.206544646,0.0,0.0,0.006774193548387176,0.0,0.0,False,0.0,0.6774193548387175,0.0,FUSED,ACCEPTED,ACCEPTED,137.10988853,137.10988853
137.25654464599998,0.0,0.0,0.005407407407407065,0.0,0.0,False,0.0,0.5407407407407064,0.0,FUSED,ACCEPTED,ACCEPTED,137.215849865,137.215849865
137.306544646,0.0,0.0,0.010407407407408201,0.0,0.0,False,0.0,0.0,0.0,MODEL_ONLY,DUPLICATE_OR_OLD,DUPLICATE_OR_OLD,137.215849865,137.215849865
137.35654464599997,0.0,0.0,0.006064139941690821,0.0,0.0,False,0.0,0.606413994169082,0.0,FUSED,ACCEPTED,ACCEPTED,137.307834177,137.307834177
137.406544646,0.0,0.0,0.011064139941691958,0.0,0.0,False,0.0,0.0,0.0,MODEL_ONLY,DUPLICATE_OR_OLD,DUPLICATE_OR_OLD,137.307834177,137.307834177
137.456544646,0.0,0.0,0.006163310961968995,0.0,0.0,False,0.0,0.6163310961968994,0.0,FUSED,ACCEPTED,ACCEPTED,137.415800764,137.415800764
137.50654464599998,0.0,0.0,0.01116331096196729,0.0,0.0,False,0.0,0.0,0.0,MODEL_ONLY,DUPLICATE_OR_OLD,DUPLICATE_OR_OLD,137.415800764,137.415800764
137.556544646,0.0,0.0,0.01616331096196843,0.0,0.0,False,0.0,0.0,0.0,STOPPED,DUPLICATE_OR_OLD,DUPLICATE_OR_OLD,137.415800764,137.415800764
137.60654464599997,0.0,0.0,0.006791098348887093,0.0,0.0,False,0.0,0.0,0.0,STOPPED,ACCEPTED,ACCEPTED,137.507773736,137.507773736
137.656544646,0.0,0.0,0.01179109834888823,0.0,0.0,False,0.0,0.0,0.0,STOPPED,DUPLICATE_OR_OLD,DUPLICATE_OR_OLD,137.507773736,137.507773736
137.706544646,0.0,0.0,0.006267416934619796,0.0,0.0,False,0.0,0.0,0.0,STOPPED,ACCEPTED,ACCEPTED,137.605905635,137.605905635
137.75654464599998,0.0,0.0,0.01126741693461809,0.0,0.0,False,0.0,0.0,0.0,STOPPED,DUPLICATE_OR_OLD,DUPLICATE_OR_OLD,137.605905635,137.605905635
137.806544646,0.0,0.0,0.0061930021422013275,0.0,0.0,False,0.0,0.0,0.0,STOPPED,ACCEPTED,ACCEPTED,137.707712346,137.707712346
137.85654464599997,0.0,0.0,0.005281461336670209,0.0,0.0,False,0.0,0.0,0.0,STOPPED,ACCEPTED,ACCEPTED,137.841683253,137.841683253
137.906544646,0.0,0.0,0.010281461336671346,0.0,0.0,False,0.0,0.0,0.0,STOPPED,DUPLICATE_OR_OLD,DUPLICATE_OR_OLD,137.841683253,137.841683253
137.956544646,0.0,0.0,0.015281461336672483,0.0,0.0,False,0.0,0.0,0.0,STOPPED,DUPLICATE_OR_OLD,DUPLICATE_OR_OLD,137.841683253,137.841683253
138.00654464599998,0.0,0.0,0.006697649466510382,0.0,0.0,False,0.0,0.0,0.0,STOPPED,ACCEPTED,ACCEPTED,137.907661808,137.907661808
138.056544646,0.0,0.0,0.01169764946651152,0.0,0.0,False,0.0,0.0,0.0,STOPPED,DUPLICATE_OR_OLD,DUPLICATE_OR_OLD,137.907661808,137.907661808
138.10654464599997,0.0,0.0,0.006254351899951251,0.0,0.0,False,0.0,0.0,0.0,STOPPED,ACCEPTED,ACCEPTED,138.0076383,138.0076383
138.156544646,0.0,0.0,0.011254351899952388,0.0,0.0,False,0.0,0.0,0.0,STOPPED,DUPLICATE_OR_OLD,DUPLICATE_OR_OLD,138.0076383,138.0076383
138.206544646,0.0,0.0,0.006191107654035178,0.0,0.0,False,0.0,0.0,0.0,STOPPED,ACCEPTED,ACCEPTED,138.107599729,138.107599729
138.25654464599998,0.0,0.0,0.005281039498614118,0.0,0.0,False,0.0,0.0,0.0,STOPPED,ACCEPTED,ACCEPTED,138.207571428,138.207571428
138.306544646,0.0,0.0,0.010281039498615255,0.0,0.0,False,0.0,0.0,0.0,STOPPED,DUPLICATE_OR_OLD,DUPLICATE_OR_OLD,138.207571428,138.207571428
138.35654464599997,0.0,0.0,0.01528103949861355,0.0,0.0,False,0.0,0.0,0.0,STOPPED,DUPLICATE_OR_OLD,DUPLICATE_OR_OLD,138.207571428,138.207571428
138.406544646,0.0,0.0,0.006697603462239967,0.0,0.0,False,0.0,0.0,0.0,STOPPED,ACCEPTED,ACCEPTED,138.311550461,138.311550461
138.456544646,0.0,0.0,0.0053911960749940275,0.0,0.0,False,0.0,0.0,0.0,STOPPED,ACCEPTED,ACCEPTED,138.407517986,138.407517986
138.50654464599998,0.0,0.0,0.010391196074992323,0.0,0.0,False,0.0,0.0,0.0,STOPPED,DUPLICATE_OR_OLD,DUPLICATE_OR_OLD,138.407517986,138.407517986
138.556544646,0.0,0.0,0.0060616270417254954,0.0,0.0,False,0.0,0.0,0.0,STOPPED,ACCEPTED,ACCEPTED,138.509486385,138.509486385
138.60654464599997,0.0,0.0,0.01106162704172379,0.0,0.0,False,0.0,0.0,0.0,STOPPED,DUPLICATE_OR_OLD,DUPLICATE_OR_OLD,138.509486385,138.509486385
138.656544646,0.0,0.0,0.0061629410228341095,0.0,0.0,False,0.0,0.0,0.0,STOPPED,ACCEPTED,ACCEPTED,138.611463248,138.611463248
138.706544646,0.0,0.0,0.011162941022835247,0.0,0.0,False,0.0,0.0,0.0,STOPPED,DUPLICATE_OR_OLD,DUPLICATE_OR_OLD,138.611463248,138.611463248
138.75654464599998,0.0,0.0,0.006177799739229408,0.0,0.0,False,0.0,0.0,0.0,STOPPED,ACCEPTED,ACCEPTED,138.709434497,138.709434497
138.806544646,0.0,0.0,0.011177799739230545,0.0,0.0,False,0.0,0.0,0.0,STOPPED,DUPLICATE_OR_OLD,DUPLICATE_OR_OLD,138.709434497,138.709434497
138.85654464599997,0.0,0.0,0.01617779973922884,0.0,0.0,False,0.0,0.0,0.0,STOPPED,DUPLICATE_OR_OLD,DUPLICATE_OR_OLD,138.709434497,138.709434497
138.906544646,0.0,0.0,0.006792589572182884,0.0,0.0,False,0.0,0.0,0.0,STOPPED,ACCEPTED,ACCEPTED,138.845387488,138.845387488
138.956544646,0.0,0.0,0.011792589572184022,0.0,0.0,False,0.0,0.0,0.0,STOPPED,DUPLICATE_OR_OLD,DUPLICATE_OR_OLD,138.845387488,138.845387488
139.00654464599998,0.0,0.0,0.006267624682915085,0.0,0.0,False,0.0,0.0,0.0,STOPPED,ACCEPTED,ACCEPTED,138.915368114,138.915368114
139.056544646,0.0,0.0,0.00529801745653676,0.0,0.0,False,0.0,0.0,0.0,STOPPED,ACCEPTED,ACCEPTED,139.007347049,139.007347049
139.10654464599997,0.0,0.0,0.010298017456535056,0.0,0.0,False,0.0,0.0,0.0,STOPPED,DUPLICATE_OR_OLD,DUPLICATE_OR_OLD,139.007347049,139.007347049
139.156544646,0.0,0.0,0.015298017456536193,0.0,0.0,False,0.0,0.0,0.0,STOPPED,DUPLICATE_OR_OLD,DUPLICATE_OR_OLD,139.007347049,139.007347049
139.206544646,0.0,0.0,0.006699454010697218,0.0,0.0,False,0.0,0.0,0.0,STOPPED,ACCEPTED,ACCEPTED,139.123315369,139.123315369
139.25654464599998,0.0,0.0,0.005391589117831689,0.0,0.0,False,0.0,0.0,0.0,STOPPED,ACCEPTED,ACCEPTED,139.211291949,139.211291949
139.306544646,0.0,0.0,0.010391589117832827,0.0,0.0,False,0.0,0.0,0.0,STOPPED,DUPLICATE_OR_OLD,DUPLICATE_OR_OLD,139.211291949,139.211291949
139.35654464599997,0.0,0.0,0.01539158911783112,0.0,0.0,False,0.0,0.0,0.0,STOPPED,DUPLICATE_OR_OLD,DUPLICATE_OR_OLD,139.211291949,139.211291949
139.406544646,0.0,0.0,0.0067096159528780615,0.0,0.0,False,0.0,0.0,0.0,STOPPED,ACCEPTED,ACCEPTED,139.311269976,139.311269976
139.456544646,0.0,0.0,0.011709615952879199,0.0,0.0,False,0.0,0.0,0.0,STOPPED,DUPLICATE_OR_OLD,DUPLICATE_OR_OLD,139.311269976,139.311269976
139.50654464599998,0.0,0.0,0.006256030031415456,0.0,0.0,False,0.0,0.0,0.0,STOPPED,ACCEPTED,ACCEPTED,139.411235916,139.411235916
139.556544646,0.0,0.0,0.005295452638512501,0.0,0.0,False,0.0,0.0,0.0,STOPPED,ACCEPTED,ACCEPTED,139.507218135,139.507218135
139.60654464599997,0.0,0.0,0.010295452638510796,0.0,0.0,False,0.0,0.0,0.0,STOPPED,DUPLICATE_OR_OLD,DUPLICATE_OR_OLD,139.507218135,139.507218135
139.656544646,0.0,0.0,0.006046720276997474,0.0,0.0,False,0.0,0.0,0.0,STOPPED,ACCEPTED,ACCEPTED,139.613179054,139.613179054
139.706544646,0.0,0.0,0.011046720276998611,0.0,0.0,False,0.0,0.0,0.0,STOPPED,DUPLICATE_OR_OLD,DUPLICATE_OR_OLD,139.613179054,139.613179054
139.75654464599998,0.0,0.0,0.006160745040583296,0.0,0.0,False,0.0,0.0,0.0,STOPPED,ACCEPTED,ACCEPTED,139.70715498,139.70715498
139.806544646,0.0,0.0,0.011160745040584433,0.0,0.0,False,0.0,0.0,0.0,STOPPED,DUPLICATE_OR_OLD,DUPLICATE_OR_OLD,139.70715498,139.70715498
139.85654464599997,0.0,0.0,0.006177478896534803,0.0,0.0,False,0.0,0.0,0.0,STOPPED,ACCEPTED,ACCEPTED,139.837119064,139.837119064
139.906544646,0.0,0.0,0.01117747889653594,0.0,0.0,False,0.0,0.0,0.0,STOPPED,DUPLICATE_OR_OLD,DUPLICATE_OR_OLD,139.837119064,139.837119064
139.956544646,0.0,0.0,0.016177478896537076,0.0,0.0,False,0.0,0.0,0.0,STOPPED,DUPLICATE_OR_OLD,DUPLICATE_OR_OLD,139.837119064,139.837119064
140.00654464599998,0.0,0.0,0.006792556565209877,0.0,0.0,False,0.0,0.0,0.0,STOPPED,ACCEPTED,ACCEPTED,139.975088214,139.975088214
140.056544646,0.0,0.0,0.011792556565211014,0.0,0.0,False,0.0,0.0,0.0,STOPPED,DUPLICATE_OR_OLD,DUPLICATE_OR_OLD,139.975088214,139.975088214
140.10654464599997,0.0,0.0,0.006267620084831619,0.0,0.0,False,0.0,0.0,0.0,STOPPED,ACCEPTED,ACCEPTED,140.01306711,140.01306711
140.156544646,0.0,0.0,0.011267620084832756,0.0,0.0,False,0.0,0.0,0.0,STOPPED,DUPLICATE_OR_OLD,DUPLICATE_OR_OLD,140.01306711,140.01306711
140.206544646,0.0,0.0,0.006193031585006939,0.0,0.0,False,0.0,0.0,0.0,STOPPED,ACCEPTED,ACCEPTED,140.10704877,140.10704877
140.25654464599998,0.0,0.0,0.005281467891986096,0.0,0.0,False,0.0,0.0,0.0,STOPPED,ACCEPTED,ACCEPTED,140.207029962,140.207029962
140.306544646,0.0,0.0,0.010281467891987233,0.0,0.0,False,0.0,0.0,0.0,STOPPED,DUPLICATE_OR_OLD,DUPLICATE_OR_OLD,140.207029962,140.207029962
140.35654464599997,0.0,0.0,0.006044533473006883,0.0,0.0,False,0.0,0.0,0.0,STOPPED,ACCEPTED,ACCEPTED,140.310988701,140.310988701
140.406544646,0.0,0.0,0.01104453347300802,0.0,0.0,False,0.0,0.0,0.0,STOPPED,DUPLICATE_OR_OLD,DUPLICATE_OR_OLD,140.310988701,140.310988701
140.456544646,0.0,0.0,0.006160422681265019,0.0,0.0,False,0.0,0.0,0.0,STOPPED,ACCEPTED,ACCEPTED,140.422952586,140.422952586
140.50654464599998,0.0,0.0,0.011160422681263313,0.0,0.0,False,0.0,0.0,0.0,STOPPED,DUPLICATE_OR_OLD,DUPLICATE_OR_OLD,140.422952586,140.422952586
140.556544646,0.0,0.0,0.01616042268126445,0.0,0.0,False,0.0,0.0,0.0,STOPPED,DUPLICATE_OR_OLD,DUPLICATE_OR_OLD,140.422952586,140.422952586
140.60654464599997,0.0,0.0,0.00679080091361753,0.0,0.0,False,0.0,0.0,0.0,STOPPED,ACCEPTED,ACCEPTED,140.510948843,140.510948843
140.656544646,0.0,0.0,0.011790800913618667,0.0,0.0,False,0.0,0.0,0.0,STOPPED,DUPLICATE_OR_OLD,DUPLICATE_OR_OLD,140.510948843,140.510948843
140.706544646,0.0,0.0,0.0062673754949534805,0.0,0.0,False,0.0,0.0,0.0,STOPPED,ACCEPTED,ACCEPTED,140.620902961,140.620902961
140.75654464599998,0.0,0.0,0.00529796236382167,0.0,0.0,False,0.0,0.0,0.0,STOPPED,ACCEPTED,ACCEPTED,140.708875845,140.708875845
140.806544646,0.0,0.0,0.010297962363822806,0.0,0.0,False,0.0,0.0,0.0,STOPPED,DUPLICATE_OR_OLD,DUPLICATE_OR_OLD,140.708875845,140.708875845
140.85654464599997,0.0,0.0,0.0152979623638211,0.0,0.0,False,0.0,0.0,0.0,STOPPED,DUPLICATE_OR_OLD,DUPLICATE_OR_OLD,140.708875845,140.708875845
140.906544646,0.0,0.0,0.006699448009104185,0.0,0.0,False,0.0,0.0,0.0,STOPPED,ACCEPTED,ACCEPTED,140.83884211,140.83884211
140.956544646,0.0,0.0,0.011699448009105322,0.0,0.0,False,0.0,0.0,0.0,STOPPED,DUPLICATE_OR_OLD,DUPLICATE_OR_OLD,140.83884211,140.83884211
141.00654464599998,0.0,0.0,0.006254604216315509,0.0,0.0,False,0.0,0.0,0.0,STOPPED,ACCEPTED,ACCEPTED,140.928814969,140.928814969
141.056544646,0.0,0.0,0.011254604216316647,0.0,0.0,False,0.0,0.0,0.0,STOPPED,DUPLICATE_OR_OLD,DUPLICATE_OR_OLD,140.928814969,140.928814969
141.10654464599997,0.0,0.0,0.006191144258885506,0.0,0.0,False,0.0,0.0,0.0,STOPPED,ACCEPTED,ACCEPTED,141.006801324,141.006801324
141.156544646,0.0,0.0,0.011191144258886643,0.0,0.0,False,0.0,0.0,0.0,STOPPED,DUPLICATE_OR_OLD,DUPLICATE_OR_OLD,141.006801324,141.006801324
141.206544646,0.0,0.0,0.006181915573770104,0.0,0.0,False,0.0,0.0,0.0,STOPPED,ACCEPTED,ACCEPTED,141.106766705,141.106766705
141.25654464599998,0.0,0.0,0.011181915573768398,0.0,0.0,False,0.0,0.0,0.0,STOPPED,DUPLICATE_OR_OLD,DUPLICATE_OR_OLD,141.106766705,141.106766705
141.306544646,0.0,0.0,0.006180569763192369,0.0,0.0,False,0.0,0.0,0.0,STOPPED,ACCEPTED,ACCEPTED,141.220738948,141.220738948
141.35654464599997,0.0,0.0,0.005278691691581017,0.0,0.0,False,0.0,0.0,0.0,STOPPED,ACCEPTED,ACCEPTED,141.312719439,141.312719439
141.406544646,0.0,0.0,0.010278691691582154,0.0,0.0,False,0.0,0.0,0.0,STOPPED,DUPLICATE_OR_OLD,DUPLICATE_OR_OLD,141.312719439,141.312719439
141.456544646,0.0,0.0,0.00604409906888909,0.0,0.0,False,0.0,0.0,0.0,STOPPED,ACCEPTED,ACCEPTED,141.416681699,141.416681699
141.50654464599998,0.0,0.0,0.011044099068887384,0.0,0.0,False,0.0,0.0,0.0,STOPPED,DUPLICATE_OR_OLD,DUPLICATE_OR_OLD,141.416681699,141.416681699
141.556544646,0.0,0.0,0.00616035863880364,0.0,0.0,False,0.0,0.0,0.0,STOPPED,ACCEPTED,ACCEPTED,141.512656875,141.512656875
141.60654464599997,0.0,0.0,0.011160358638801934,0.0,0.0,False,0.0,0.0,0.0,STOPPED,DUPLICATE_OR_OLD,DUPLICATE_OR_OLD,141.512656875,141.512656875
141.656544646,0.0,0.0,0.006177422435957272,0.0,0.0,False,0.0,0.0,0.0,STOPPED,ACCEPTED,ACCEPTED,141.606640096,141.606640096
141.706544646,0.0,0.0,0.01117742243595841,0.0,0.0,False,0.0,0.0,0.0,STOPPED,DUPLICATE_OR_OLD,DUPLICATE_OR_OLD,141.606640096,141.606640096
141.75654464599998,0.0,0.0,0.016177422435956705,0.0,0.0,False,0.0,0.0,0.0,STOPPED,DUPLICATE_OR_OLD,DUPLICATE_OR_OLD,141.606640096,141.606640096
141.806544646,0.0,0.0,0.006792550756708257,0.0,0.0,False,0.0,0.0,0.0,STOPPED,ACCEPTED,ACCEPTED,141.706606849,141.706606849
141.85654464599997,0.0,0.0,0.005411276031135297,0.0,0.0,False,0.0,0.0,0.0,STOPPED,ACCEPTED,ACCEPTED,141.838564249,141.838564249
141.906544646,0.0,0.0,0.010411276031136434,0.0,0.0,False,0.0,0.0,0.0,STOPPED,DUPLICATE_OR_OLD,DUPLICATE_OR_OLD,141.838564249,141.838564249
141.956544646,0.0,0.0,0.0060647391387403955,0.0,0.0,False,0.0,0.0,0.0,STOPPED,ACCEPTED,ACCEPTED,141.910546601,141.910546601
142.00654464599998,0.0,0.0,0.011064739138738691,0.0,0.0,False,0.0,0.0,0.0,STOPPED,DUPLICATE_OR_OLD,DUPLICATE_OR_OLD,141.910546601,141.910546601
142.056544646,0.0,0.0,0.006163399162841775,0.0,0.0,False,0.0,0.0,0.0,STOPPED,ACCEPTED,ACCEPTED,142.006513786,142.006513786
142.10654464599997,0.0,0.0,0.011163399162840069,0.0,0.0,False,0.0,0.0,0.0,STOPPED,DUPLICATE_OR_OLD,DUPLICATE_OR_OLD,142.006513786,142.006513786
142.156544646,0.0,0.0,0.0061778666687153615,0.0,0.0,False,0.0,0.0,0.0,STOPPED,ACCEPTED,ACCEPTED,142.112489889,142.112489889
142.206544646,0.0,0.0,0.011177866668716499,0.0,0.0,False,0.0,0.0,0.0,STOPPED,DUPLICATE_OR_OLD,DUPLICATE_OR_OLD,142.112489889,142.112489889
142.25654464599998,0.0,0.0,0.006179979015650266,0.0,0.0,False,0.0,0.0,0.0,STOPPED,ACCEPTED,ACCEPTED,142.206469445,142.206469445
142.306544646,0.0,0.0,0.011179979015651403,0.0,0.0,False,0.0,0.0,0.0,STOPPED,DUPLICATE_OR_OLD,DUPLICATE_OR_OLD,142.206469445,142.206469445
142.35654464599997,0.0,0.0,0.006180287236279959,0.0,0.0,False,0.0,0.0,0.0,STOPPED,ACCEPTED,ACCEPTED,142.312423334,142.312423334
142.406544646,0.0,0.0,0.011180287236281096,0.0,0.0,False,0.0,0.0,0.0,STOPPED,DUPLICATE_OR_OLD,DUPLICATE_OR_OLD,142.312423334,142.312423334
142.456544646,0.0,0.0,0.006180332205774507,0.0,0.0,False,0.0,0.0,0.0,STOPPED,ACCEPTED,ACCEPTED,142.41041218,142.41041218
142.50654464599998,0.0,0.0,0.011180332205772803,0.0,0.0,False,0.0,0.0,0.0,STOPPED,DUPLICATE_OR_OLD,DUPLICATE_OR_OLD,142.41041218,142.41041218
142.556544646,0.0,0.0,0.006180338766750046,0.0,0.0,False,0.0,0.0,0.0,STOPPED,ACCEPTED,ACCEPTED,142.508374952,142.508374952
142.60654464599997,0.0,0.0,0.01118033876674834,0.0,0.0,False,0.0,0.0,0.0,STOPPED,DUPLICATE_OR_OLD,DUPLICATE_OR_OLD,142.508374952,142.508374952
142.656544646,0.0,0.0,0.01618033876674948,0.0,0.0,False,0.0,0.0,0.0,STOPPED,DUPLICATE_OR_OLD,DUPLICATE_OR_OLD,142.508374952,142.508374952
142.706544646,0.0,0.0,0.006792850752903438,0.0,0.0,False,0.0,0.0,0.0,STOPPED,ACCEPTED,ACCEPTED,142.60634575,142.60634575
142.75654464599998,0.0,0.0,0.0054113391986275634,0.0,0.0,False,0.0,0.0,0.0,STOPPED,ACCEPTED,ACCEPTED,142.720312722,142.720312722
142.806544646,0.0,0.0,0.0104113391986287,0.0,0.0,False,0.0,0.0,0.0,STOPPED,DUPLICATE_OR_OLD,DUPLICATE_OR_OLD,142.720312722,142.720312722
142.85654464599997,0.0,0.0,0.006064748921009125,0.0,0.0,False,0.0,0.0,0.0,STOPPED,ACCEPTED,ACCEPTED,142.836279161,142.836279161
142.906544646,0.0,0.0,0.011064748921010262,0.0,0.0,False,0.0,0.0,0.0,STOPPED,DUPLICATE_OR_OLD,DUPLICATE_OR_OLD,142.836279161,142.836279161
142.956544646,0.0,0.0,0.0160647489210114,0.0,0.0,False,0.0,0.0,0.0,STOPPED,DUPLICATE_OR_OLD,DUPLICATE_OR_OLD,142.836279161,142.836279161
143.00654464599998,0.0,0.0,0.006780917165811437,0.0,0.0,False,0.0,0.0,0.0,STOPPED,ACCEPTED,ACCEPTED,142.926256217,142.926256217
143.056544646,0.0,0.0,0.005408825108753434,0.0,0.0,False,0.0,0.0,0.0,STOPPED,ACCEPTED,ACCEPTED,143.012236391,143.012236391
143.10654464599997,0.0,0.0,0.01040882510875173,0.0,0.0,False,0.0,0.0,0.0,STOPPED,DUPLICATE_OR_OLD,DUPLICATE_OR_OLD,143.012236391,143.012236391
143.156544646,0.0,0.0,0.006064359545473362,0.0,0.0,False,0.0,0.0,0.0,STOPPED,ACCEPTED,ACCEPTED,143.120210731,143.120210731
143.206544646,0.0,0.0,0.011064359545474498,0.0,0.0,False,0.0,0.0,0.0,STOPPED,DUPLICATE_OR_OLD,DUPLICATE_OR_OLD,143.120210731,143.120210731
143.25654464599998,0.0,0.0,0.006163343287774384,0.0,0.0,False,0.0,0.0,0.0,STOPPED,ACCEPTED,ACCEPTED,143.210182351,143.210182351
143.306544646,0.0,0.0,0.011163343287775521,0.0,0.0,False,0.0,0.0,0.0,STOPPED,DUPLICATE_OR_OLD,DUPLICATE_OR_OLD,143.210182351,143.210182351
143.35654464599997,0.0,0.0,0.00617785850607517,0.0,0.0,False,0.0,0.0,0.0,STOPPED,ACCEPTED,ACCEPTED,143.322153668,143.322153668
143.406544646,0.0,0.0,0.011177858506076308,0.0,0.0,False,0.0,0.0,0.0,STOPPED,DUPLICATE_OR_OLD,DUPLICATE_OR_OLD,143.322153668,143.322153668
143.456544646,0.0,0.0,0.006179977824512116,0.0,0.0,False,0.0,0.0,0.0,STOPPED,ACCEPTED,ACCEPTED,143.406125451,143.406125451
143.50654464599998,0.0,0.0,0.011179977824510412,0.0,0.0,False,0.0,0.0,0.0,STOPPED,DUPLICATE_OR_OLD,DUPLICATE_OR_OLD,143.406125451,143.406125451
143.556544646,0.0,0.0,0.006180287062490446,0.0,0.0,False,0.0,0.0,0.0,STOPPED,ACCEPTED,ACCEPTED,143.51009976,143.51009976
143.60654464599997,0.0,0.0,0.01118028706248874,0.0,0.0,False,0.0,0.0,0.0,STOPPED,DUPLICATE_OR_OLD,DUPLICATE_OR_OLD,143.51009976,143.51009976
143.656544646,0.0,0.0,0.016180287062489876,0.0,0.0,False,0.0,0.0,0.0,STOPPED,DUPLICATE_OR_OLD,DUPLICATE_OR_OLD,143.51009976,143.51009976
143.706544646,0.0,0.0,0.0067928454346946315,0.0,0.0,False,0.0,0.0,0.0,STOPPED,ACCEPTED,ACCEPTED,143.612066351,143.612066351
143.75654464599998,0.0,0.0,0.005411338078835457,0.0,0.0,False,0.0,0.0,0.0,STOPPED,ACCEPTED,ACCEPTED,143.716040388,143.716040388
143.806544646,0.0,0.0,0.010411338078836594,0.0,0.0,False,0.0,0.0,0.0,STOPPED,DUPLICATE_OR_OLD,DUPLICATE_OR_OLD,143.716040388,143.716040388
143.85654464599997,0.0,0.0,0.01541133807883489,0.0,0.0,False,0.0,0.0,0.0,STOPPED,DUPLICATE_OR_OLD,DUPLICATE_OR_OLD,143.716040388,143.716040388
143.906544646,0.0,0.0,0.006711752710756508,0.0,0.0,False,0.0,0.0,0.0,STOPPED,ACCEPTED,ACCEPTED,143.837998621,143.837998621
143.956544646,0.0,0.0,0.00539419956867635,0.0,0.0,False,0.0,0.0,0.0,STOPPED,ACCEPTED,ACCEPTED,143.907992005,143.907992005
144.00654464599998,0.0,0.0,0.010394199568674645,0.0,0.0,False,0.0,0.0,0.0,STOPPED,DUPLICATE_OR_OLD,DUPLICATE_OR_OLD,143.907992005,143.907992005
144.056544646,0.0,0.0,0.0060620928519695555,0.0,0.0,False,0.0,0.0,0.0,STOPPED,ACCEPTED,ACCEPTED,144.007969377,144.007969377
144.10654464599997,0.0,0.0,0.01106209285196785,0.0,0.0,False,0.0,0.0,0.0,STOPPED,DUPLICATE_OR_OLD,DUPLICATE_OR_OLD,144.007969377,144.007969377
144.156544646,0.0,0.0,0.006163009602951169,0.0,0.0,False,0.0,0.0,0.0,STOPPED,ACCEPTED,ACCEPTED,144.121934607,144.121934607
144.206544646,0.0,0.0,0.011163009602952306,0.0,0.0,False,0.0,0.0,0.0,STOPPED,DUPLICATE_OR_OLD,DUPLICATE_OR_OLD,144.121934607,144.121934607
144.25654464599998,0.0,0.0,0.00617780975821978,0.0,0.0,False,0.0,0.0,0.0,STOPPED,ACCEPTED,ACCEPTED,144.20790544,144.20790544
144.306544646,0.0,0.0,0.011177809758220917,0.0,0.0,False,0.0,0.0,0.0,STOPPED,DUPLICATE_OR_OLD,DUPLICATE_OR_OLD,144.20790544,144.20790544
144.35654464599997,0.0,0.0,0.01617780975821921,0.0,0.0,False,0.0,0.0,0.0,STOPPED,DUPLICATE_OR_OLD,DUPLICATE_OR_OLD,144.20790544,144.20790544
144.406544646,0.0,0.0,0.0067925906028843495,0.0,0.0,False,0.0,0.0,0.0,STOPPED,ACCEPTED,ACCEPTED,144.311872961,144.311872961
144.456544646,0.0,0.0,0.011792590602885487,0.0,0.0,False,0.0,0.0,0.0,STOPPED,DUPLICATE_OR_OLD,DUPLICATE_OR_OLD,144.311872961,144.311872961
144.50654464599998,0.0,0.0,0.006267624826498239,0.0,0.0,False,0.0,0.0,0.0,STOPPED,ACCEPTED,ACCEPTED,144.407844484,144.407844484
144.556544646,0.0,0.0,0.005298017488281043,0.0,0.0,False,0.0,0.0,0.0,STOPPED,ACCEPTED,ACCEPTED,144.507818844,144.507818844
144.60654464599997,0.0,0.0,0.010298017488279337,0.0,0.0,False,0.0,0.0,0.0,STOPPED,DUPLICATE_OR_OLD,DUPLICATE_OR_OLD,144.507818844,144.507818844
144.656544646,0.0,0.0,0.006047121081866362,0.0,0.0,False,0.0,0.0,0.0,STOPPED,ACCEPTED,ACCEPTED,144.63778813,144.63778813
144.706544646,0.0,0.0,0.011047121081867499,0.0,0.0,False,0.0,0.0,0.0,STOPPED,DUPLICATE_OR_OLD,DUPLICATE_OR_OLD,144.63778813,144.63778813
144.75654464599998,0.0,0.0,0.006160804117825491,0.0,0.0,False,0.0,0.0,0.0,STOPPED,ACCEPTED,ACCEPTED,144.713768552,144.713768552
144.806544646,0.0,0.0,0.011160804117826629,0.0,0.0,False,0.0,0.0,0.0,STOPPED,DUPLICATE_OR_OLD,DUPLICATE_OR_OLD,144.713768552,144.713768552
144.85654464599997,0.0,0.0,0.006177487528685558,0.0,0.0,False,0.0,0.0,0.0,STOPPED,ACCEPTED,ACCEPTED,144.835723254,144.835723254
144.906544646,0.0,0.0,0.011177487528686695,0.0,0.0,False,0.0,0.0,0.0,STOPPED,DUPLICATE_OR_OLD,DUPLICATE_OR_OLD,144.835723254,144.835723254
144.956544646,0.0,0.0,0.016177487528687834,0.0,0.0,False,0.0,0.0,0.0,STOPPED,DUPLICATE_OR_OLD,DUPLICATE_OR_OLD,144.835723254,144.835723254
145.00654464599998,0.0,0.0,0.0067925574532588335,0.0,0.0,False,0.0,0.0,0.0,STOPPED,ACCEPTED,ACCEPTED,144.907708804,144.907708804
145.056544646,0.0,0.0,0.00541127744118711,0.0,0.0,False,0.0,0.0,0.0,STOPPED,ACCEPTED,ACCEPTED,145.015683436,145.015683436
145.10654464599997,0.0,0.0,0.010411277441185404,0.0,0.0,False,0.0,0.0,0.0,STOPPED,DUPLICATE_OR_OLD,DUPLICATE_OR_OLD,145.015683436,145.015683436
145.156544646,0.0,0.0,0.006064739357104488,0.0,0.0,False,0.0,0.0,0.0,STOPPED,ACCEPTED,ACCEPTED,145.125653519,145.125653519
145.206544646,0.0,0.0,0.011064739357105625,0.0,0.0,False,0.0,0.0,0.0,STOPPED,DUPLICATE_OR_OLD,DUPLICATE_OR_OLD,145.125653519,145.125653519
145.25654464599998,0.0,0.0,0.01606473935710392,0.0,0.0,False,0.0,0.0,0.0,STOPPED,DUPLICATE_OR_OLD,DUPLICATE_OR_OLD,145.125653519,145.125653519
145.306544646,0.0,0.0,0.006780916174752061,0.0,0.0,False,0.0,0.0,0.0,STOPPED,ACCEPTED,ACCEPTED,145.207630775,145.207630775
145.35654464599997,0.0,0.0,0.011780916174750355,0.0,0.0,False,0.0,0.0,0.0,STOPPED,DUPLICATE_OR_OLD,DUPLICATE_OR_OLD,145.207630775,145.207630775
145.406544646,0.0,0.0,0.006265997796808835,0.0,0.0,False,0.0,0.0,0.0,STOPPED,ACCEPTED,ACCEPTED,145.31959381,145.31959381
145.456544646,0.0,0.0,0.005297657746630605,0.0,0.0,False,0.0,0.0,0.0,STOPPED,ACCEPTED,ACCEPTED,145.415582154,145.415582154
145.50654464599998,0.0,0.0,0.0102976577466289,0.0,0.0,False,0.0,0.0,0.0,STOPPED,DUPLICATE_OR_OLD,DUPLICATE_OR_OLD,145.415582154,145.415582154
145.556544646,0.0,0.0,0.015297657746630037,0.0,0.0,False,0.0,0.0,0.0,STOPPED,DUPLICATE_OR_OLD,DUPLICATE_OR_OLD,145.415582154,145.415582154
145.60654464599997,0.0,0.0,0.006699414824859574,0.0,0.0,False,0.0,0.0,0.0,STOPPED,ACCEPTED,ACCEPTED,145.511542194,145.511542194
145.656544646,0.0,0.0,0.005391580795744252,0.0,0.0,False,0.0,0.0,0.0,STOPPED,ACCEPTED,ACCEPTED,145.61551042,145.61551042
145.706544646,0.0,0.0,0.010391580795745389,0.0,0.0,False,0.0,0.0,0.0,STOPPED,DUPLICATE_OR_OLD,DUPLICATE_OR_OLD,145.61551042,145.61551042
145.75654464599998,0.0,0.0,0.0060616867140165336,0.0,0.0,False,0.0,0.0,0.0,STOPPED,ACCEPTED,ACCEPTED,145.715486623,145.715486623
145.806544646,0.0,0.0,0.01106168671401767,0.0,0.0,False,0.0,0.0,0.0,STOPPED,DUPLICATE_OR_OLD,DUPLICATE_OR_OLD,145.715486623,145.715486623
145.85654464599997,0.0,0.0,0.006162949808378289,0.0,0.0,False,0.0,0.0,0.0,STOPPED,ACCEPTED,ACCEPTED,145.843445498,145.843445498
145.906544646,0.0,0.0,0.011162949808379426,0.0,0.0,False,0.0,0.0,0.0,STOPPED,DUPLICATE_OR_OLD,DUPLICATE_OR_OLD,145.843445498,145.843445498
145.956544646,0.0,0.0,0.016162949808380563,0.0,0.0,False,0.0,0.0,0.0,STOPPED,DUPLICATE_OR_OLD,DUPLICATE_OR_OLD,145.843445498,145.843445498
146.00654464599998,0.0,0.0,0.006791061160291292,0.0,0.0,False,0.0,0.0,0.0,STOPPED,ACCEPTED,ACCEPTED,145.907436911,145.907436911
146.056544646,0.0,0.0,0.005410962354498847,0.0,0.0,False,0.0,0.0,0.0,STOPPED,ACCEPTED,ACCEPTED,146.015411954,146.015411954
146.10654464599997,0.0,0.0,0.010410962354497143,0.0,0.0,False,0.0,0.0,0.0,STOPPED,DUPLICATE_OR_OLD,DUPLICATE_OR_OLD,146.015411954,146.015411954
146.156544646,0.0,0.0,0.00606469056130423,0.0,0.0,False,0.0,0.0,0.0,STOPPED,ACCEPTED,ACCEPTED,146.113367113,146.113367113
146.206544646,0.0,0.0,0.011064690561305367,0.0,0.0,False,0.0,0.0,0.0,STOPPED,DUPLICATE_OR_OLD,DUPLICATE_OR_OLD,146.113367113,146.113367113
146.25654464599998,0.0,0.0,0.016064690561303663,0.0,0.0,False,0.0,0.0,0.0,STOPPED,DUPLICATE_OR_OLD,DUPLICATE_OR_OLD,146.113367113,146.113367113
146.306544646,0.0,0.0,0.006780911118278987,0.0,0.0,False,0.0,0.0,0.0,STOPPED,ACCEPTED,ACCEPTED,146.207357654,146.207357654
146.35654464599997,0.0,0.0,0.005408823833999958,0.0,0.0,False,0.0,0.0,0.0,STOPPED,ACCEPTED,ACCEPTED,146.319311566,146.319311566
146.406544646,0.0,0.0,0.010408823834001095,0.0,0.0,False,0.0,0.0,0.0,STOPPED,DUPLICATE_OR_OLD,DUPLICATE_OR_OLD,146.319311566,146.319311566
146.456544646,0.0,0.0,0.015408823834002232,0.0,0.0,False,0.0,0.0,0.0,STOPPED,DUPLICATE_OR_OLD,DUPLICATE_OR_OLD,146.319311566,146.319311566
146.50654464599998,0.0,0.0,0.006711480833790467,0.0,0.0,False,0.0,0.0,0.0,STOPPED,ACCEPTED,ACCEPTED,146.409302104,146.409302104
146.556544646,0.0,0.0,0.005394141893612312,0.0,0.0,False,0.0,0.0,0.0,STOPPED,ACCEPTED,ACCEPTED,146.50727075,146.50727075
146.60654464599997,0.0,0.0,0.010394141893610606,0.0,0.0,False,0.0,0.0,0.0,STOPPED,DUPLICATE_OR_OLD,DUPLICATE_OR_OLD,146.50727075,146.50727075
146.656544646,0.0,0.0,0.015394141893611744,0.0,0.0,False,0.0,0.0,0.0,STOPPED,DUPLICATE_OR_OLD,DUPLICATE_OR_OLD,146.50727075,146.50727075
146.706544646,0.0,0.0,0.006709892309181649,0.0,0.0,False,0.0,0.0,0.0,STOPPED,ACCEPTED,ACCEPTED,146.62523901,146.62523901
146.75654464599998,0.0,0.0,0.005393804880473066,0.0,0.0,False,0.0,0.0,0.0,STOPPED,ACCEPTED,ACCEPTED,146.707213762,146.707213762
146.806544646,0.0,0.0,0.010393804880474204,0.0,0.0,False,0.0,0.0,0.0,STOPPED,DUPLICATE_OR_OLD,DUPLICATE_OR_OLD,146.707213762,146.707213762
146.85654464599997,0.0,0.0,0.015393804880472498,0.0,0.0,False,0.0,0.0,0.0,STOPPED,DUPLICATE_OR_OLD,DUPLICATE_OR_OLD,146.707213762,146.707213762
146.906544646,0.0,0.0,0.006709855827749802,0.0,0.0,False,0.0,0.0,0.0,STOPPED,ACCEPTED,ACCEPTED,146.841176572,146.841176572
146.956544646,0.0,0.0,0.005393797140183053,0.0,0.0,False,0.0,0.0,0.0,STOPPED,ACCEPTED,ACCEPTED,146.917153025,146.917153025
147.00654464599998,0.0,0.0,0.010393797140181349,0.0,0.0,False,0.0,0.0,0.0,STOPPED,DUPLICATE_OR_OLD,DUPLICATE_OR_OLD,146.917153025,146.917153025
147.056544646,0.0,0.0,0.006062030445940572,0.0,0.0,False,0.0,0.0,0.0,STOPPED,ACCEPTED,ACCEPTED,147.011124336,147.011124336
147.10654464599997,0.0,0.0,0.011062030445938866,0.0,0.0,False,0.0,0.0,0.0,STOPPED,DUPLICATE_OR_OLD,DUPLICATE_OR_OLD,147.011124336,147.011124336
147.156544646,0.0,0.0,0.006163000415204481,0.0,0.0,False,0.0,0.0,0.0,STOPPED,ACCEPTED,ACCEPTED,147.11110098,147.11110098
147.206544646,0.0,0.0,0.01116300041520562,0.0,0.0,False,0.0,0.0,0.0,STOPPED,DUPLICATE_OR_OLD,DUPLICATE_OR_OLD,147.11110098,147.11110098
147.25654464599998,0.0,0.0,0.006177808415968693,0.0,0.0,False,0.0,0.0,0.0,STOPPED,ACCEPTED,ACCEPTED,147.219061524,147.219061524
147.306544646,0.0,0.0,0.01117780841596983,0.0,0.0,False,0.0,0.0,0.0,STOPPED,DUPLICATE_OR_OLD,DUPLICATE_OR_OLD,147.219061524,147.219061524
147.35654464599997,0.0,0.0,0.006179970515064154,0.0,0.0,False,0.0,0.0,0.0,STOPPED,ACCEPTED,ACCEPTED,147.327042905,147.327042905
147.406544646,0.0,0.0,0.011179970515065292,0.0,0.0,False,0.0,0.0,0.0,STOPPED,DUPLICATE_OR_OLD,DUPLICATE_OR_OLD,147.327042905,147.327042905
147.456544646,0.0,0.0,0.00618028599602698,0.0,0.0,False,0.0,0.0,0.0,STOPPED,ACCEPTED,ACCEPTED,147.407018728,147.407018728
147.50654464599998,0.0,0.0,0.011180285996025274,0.0,0.0,False,0.0,0.0,0.0,STOPPED,DUPLICATE_OR_OLD,DUPLICATE_OR_OLD,147.407018728,147.407018728
147.556544646,0.0,0.0,0.006180332024822885,0.0,0.0,False,0.0,0.0,0.0,STOPPED,ACCEPTED,ACCEPTED,147.508997414,147.508997414
147.60654464599997,0.0,0.0,0.011180332024821181,0.0,0.0,False,0.0,0.0,0.0,STOPPED,DUPLICATE_OR_OLD,DUPLICATE_OR_OLD,147.508997414,147.508997414
147.656544646,0.0,0.0,0.006180338740349544,0.0,0.0,False,0.0,0.0,0.0,STOPPED,ACCEPTED,ACCEPTED,147.610956011,147.610956011
147.706544646,0.0,0.0,0.011180338740350682,0.0,0.0,False,0.0,0.0,0.0,STOPPED,DUPLICATE_OR_OLD,DUPLICATE_OR_OLD,147.610956011,147.610956011
147.75654464599998,0.0,0.0,0.0061803397201320165,0.0,0.0,False,0.0,0.0,0.0,STOPPED,ACCEPTED,ACCEPTED,147.740918642,147.740918642
147.806544646,0.0,0.0,0.011180339720133154,0.0,0.0,False,0.0,0.0,0.0,STOPPED,DUPLICATE_OR_OLD,DUPLICATE_OR_OLD,147.740918642,147.740918642
147.85654464599997,0.0,0.0,0.01618033972013145,0.0,0.0,False,0.0,0.0,0.0,STOPPED,DUPLICATE_OR_OLD,DUPLICATE_OR_OLD,147.740918642,147.740918642
147.906544646,0.0,0.0,0.0067928508509664575,0.0,0.0,False,0.0,0.0,0.0,STOPPED,ACCEPTED,ACCEPTED,147.838895099,147.838895099
147.956544646,0.0,0.0,0.011792850850967596,0.0,0.0,False,0.0,0.0,0.0,STOPPED,DUPLICATE_OR_OLD,DUPLICATE_OR_OLD,147.838895099,147.838895099
148.00654464599998,0.0,0.0,0.006267661080329011,0.0,0.0,False,0.0,0.0,0.0,STOPPED,ACCEPTED,ACCEPTED,147.930865645,147.930865645
148.056544646,0.0,0.0,0.0052980255034961446,0.0,0.0,False,0.0,0.0,0.0,STOPPED,ACCEPTED,ACCEPTED,148.012852195,148.012852195
148.10654464599997,0.0,0.0,0.01029802550349444,0.0,0.0,False,0.0,0.0,0.0,STOPPED,DUPLICATE_OR_OLD,DUPLICATE_OR_OLD,148.012852195,148.012852195
148.156544646,0.0,0.0,0.0060471223342635026,0.0,0.0,False,0.0,0.0,0.0,STOPPED,ACCEPTED,ACCEPTED,148.112821926,148.112821926
148.206544646,0.0,0.0,0.01104712233426464,0.0,0.0,False,0.0,0.0,0.0,STOPPED,DUPLICATE_OR_OLD,DUPLICATE_OR_OLD,148.112821926,148.112821926
148.25654464599998,0.0,0.0,0.016047122334262934,0.0,0.0,False,0.0,0.0,0.0,STOPPED,DUPLICATE_OR_OLD,DUPLICATE_OR_OLD,148.112821926,148.112821926
148.306544646,0.0,0.0,0.006779089574764278,0.0,0.0,False,0.0,0.0,0.0,STOPPED,ACCEPTED,ACCEPTED,148.210795117,148.210795117
148.35654464599997,0.0,0.0,0.005408439840576295,0.0,0.0,False,0.0,0.0,0.0,STOPPED,ACCEPTED,ACCEPTED,148.334756725,148.334756725
148.406544646,0.0,0.0,0.010408439840577433,0.0,0.0,False,0.0,0.0,0.0,STOPPED,DUPLICATE_OR_OLD,DUPLICATE_OR_OLD,148.334756725,148.334756725
148.456544646,0.0,0.0,0.0060642998693569965,0.0,0.0,False,0.0,0.0,0.0,STOPPED,ACCEPTED,ACCEPTED,148.410743201,148.410743201
148.50654464599998,0.0,0.0,0.011064299869355292,0.0,0.0,False,0.0,0.0,0.0,STOPPED,DUPLICATE_OR_OLD,DUPLICATE_OR_OLD,148.410743201,148.410743201
148.556544646,0.0,0.0,0.006163334503468896,0.0,0.0,False,0.0,0.0,0.0,STOPPED,ACCEPTED,ACCEPTED,148.534702612,148.534702612
148.60654464599997,0.0,0.0,0.011163334503467192,0.0,0.0,False,0.0,0.0,0.0,STOPPED,DUPLICATE_OR_OLD,DUPLICATE_OR_OLD,148.534702612,148.534702612
148.656544646,0.0,0.0,0.006177857222796141,0.0,0.0,False,0.0,0.0,0.0,STOPPED,ACCEPTED,ACCEPTED,148.614672856,148.614672856
148.706544646,0.0,0.0,0.011177857222797278,0.0,0.0,False,0.0,0.0,0.0,STOPPED,DUPLICATE_OR_OLD,DUPLICATE_OR_OLD,148.614672856,148.614672856
148.75654464599998,0.0,0.0,0.0061799776372483085,0.0,0.0,False,0.0,0.0,0.0,STOPPED,ACCEPTED,ACCEPTED,148.716658838,148.716658838
148.806544646,0.0,0.0,0.011179977637249445,0.0,0.0,False,0.0,0.0,0.0,STOPPED,DUPLICATE_OR_OLD,DUPLICATE_OR_OLD,148.716658838,148.716658838
148.85654464599997,0.0,0.0,0.006180287035168269,0.0,0.0,False,0.0,0.0,0.0,STOPPED,ACCEPTED,ACCEPTED,148.84462703,148.84462703
148.906544646,0.0,0.0,0.011180287035169406,0.0,0.0,False,0.0,0.0,0.0,STOPPED,DUPLICATE_OR_OLD,DUPLICATE_OR_OLD,148.84462703,148.84462703
148.956544646,0.0,0.0,0.01618028703517054,0.0,0.0,False,0.0,0.0,0.0,STOPPED,DUPLICATE_OR_OLD,DUPLICATE_OR_OLD,148.84462703,148.84462703
149.00654464599998,0.0,0.0,0.006792845431884315,0.0,0.0,False,0.0,0.0,0.0,STOPPED,ACCEPTED,ACCEPTED,148.920601218,148.920601218
149.056544646,0.0,0.0,0.005411338078244321,0.0,0.0,False,0.0,0.0,0.0,STOPPED,ACCEPTED,ACCEPTED,149.012575446,149.012575446
149.10654464599997,0.0,0.0,0.010411338078242616,0.0,0.0,False,0.0,0.0,0.0,STOPPED,DUPLICATE_OR_OLD,DUPLICATE_OR_OLD,149.012575446,149.012575446
149.156544646,0.0,0.0,0.015411338078243754,0.0,0.0,False,0.0,0.0,0.0,STOPPED,DUPLICATE_OR_OLD,DUPLICATE_OR_OLD,149.012575446,149.012575446
149.206544646,0.0,0.0,0.00671175271069259,0.0,0.0,False,0.0,0.0,0.0,STOPPED,ACCEPTED,ACCEPTED,149.110543267,149.110543267
149.25654464599998,0.0,0.0,0.005394199568662187,0.0,0.0,False,0.0,0.0,0.0,STOPPED,ACCEPTED,ACCEPTED,149.214524069,149.214524069
149.306544646,0.0,0.0,0.010394199568663325,0.0,0.0,False,0.0,0.0,0.0,STOPPED,DUPLICATE_OR_OLD,DUPLICATE_OR_OLD,149.214524069,149.214524069
149.35654464599997,0.0,0.0,0.015394199568661619,0.0,0.0,False,0.0,0.0,0.0,STOPPED,DUPLICATE_OR_OLD,DUPLICATE_OR_OLD,149.214524069,149.214524069
149.406544646,0.0,0.0,0.006709898552383572,0.0,0.0,False,0.0,0.0,0.0,STOPPED,ACCEPTED,ACCEPTED,149.314490945,149.314490945
149.456544646,0.0,0.0,0.00539380620509553,0.0,0.0,False,0.0,0.0,0.0,STOPPED,ACCEPTED,ACCEPTED,149.414458211,149.414458211
149.50654464599998,0.0,0.0,0.010393806205093826,0.0,0.0,False,0.0,0.0,0.0,STOPPED,DUPLICATE_OR_OLD,DUPLICATE_OR_OLD,149.414458211,149.414458211
149.556544646,0.0,0.0,0.006062031851690819,0.0,0.0,False,0.0,0.0,0.0,STOPPED,ACCEPTED,ACCEPTED,149.510436723,149.510436723
149.60654464599997,0.0,0.0,0.011062031851689115,0.0,0.0,False,0.0,0.0,0.0,STOPPED,DUPLICATE_OR_OLD,DUPLICATE_OR_OLD,149.510436723,149.510436723
149.656544646,0.0,0.0,0.006163000622166975,0.0,0.0,False,0.0,0.0,0.0,STOPPED,ACCEPTED,ACCEPTED,149.624400044,149.624400044
149.706544646,0.0,0.0,0.011163000622168111,0.0,0.0,False,0.0,0.0,0.0,STOPPED,DUPLICATE_OR_OLD,DUPLICATE_OR_OLD,149.624400044,149.624400044
149.75654464599998,0.0,0.0,0.016163000622166405,0.0,0.0,False,0.0,0.0,0.0,STOPPED,DUPLICATE_OR_OLD,DUPLICATE_OR_OLD,149.624400044,149.624400044
149.806544646,0.0,0.0,0.006791066392725167,0.0,0.0,False,0.0,0.0,0.0,STOPPED,ACCEPTED,ACCEPTED,149.720375264,149.720375264
149.85654464599997,0.0,0.0,0.01179106639272346,0.0,0.0,False,0.0,0.0,0.0,STOPPED,DUPLICATE_OR_OLD,DUPLICATE_OR_OLD,149.720375264,149.720375264
149.906544646,0.0,0.0,0.006267412482425259,0.0,0.0,False,0.0,0.0,0.0,STOPPED,ACCEPTED,ACCEPTED,149.838333758,149.838333758
149.956544646,0.0,0.0,0.011267412482426395,0.0,0.0,False,0.0,0.0,0.0,STOPPED,DUPLICATE_OR_OLD,DUPLICATE_OR_OLD,149.838333758,149.838333758
150.00654464599998,0.0,0.0,0.006193001496934304,0.0,0.0,False,0.0,0.0,0.0,STOPPED,ACCEPTED,ACCEPTED,149.914316922,149.914316922
150.056544646,0.0,0.0,0.005281461193004671,0.0,0.0,False,0.0,0.0,0.0,STOPPED,ACCEPTED,ACCEPTED,150.016291965,150.016291965
150.10654464599997,0.0,0.0,0.010281461193002966,0.0,0.0,False,0.0,0.0,0.0,STOPPED,DUPLICATE_OR_OLD,DUPLICATE_OR_OLD,150.016291965,150.016291965
150.156544646,0.0,0.0,0.006044532424903034,0.0,0.0,False,0.0,0.0,0.0,STOPPED,ACCEPTED,ACCEPTED,150.126255862,150.126255862
150.206544646,0.0,0.0,0.01104453242490417,0.0,0.0,False,0.0,0.0,0.0,STOPPED,DUPLICATE_OR_OLD,DUPLICATE_OR_OLD,150.126255862,150.126255862
150.25654464599998,0.0,0.0,0.016044532424902464,0.0,0.0,False,0.0,0.0,0.0,STOPPED,DUPLICATE_OR_OLD,DUPLICATE_OR_OLD,150.126255862,150.126255862
150.306544646,0.0,0.0,0.006778820868315575,0.0,0.0,False,0.0,0.0,0.0,STOPPED,ACCEPTED,ACCEPTED,150.224238834,150.224238834
150.35654464599997,0.0,0.0,0.005408383190042646,0.0,0.0,False,0.0,0.0,0.0,STOPPED,ACCEPTED,ACCEPTED,150.324210594,150.324210594
150.406544646,0.0,0.0,0.010408383190043783,0.0,0.0,False,0.0,0.0,0.0,STOPPED,DUPLICATE_OR_OLD,DUPLICATE_OR_OLD,150.324210594,150.324210594
150.456544646,0.0,0.0,0.006064291094319599,0.0,0.0,False,0.0,0.0,0.0,STOPPED,ACCEPTED,ACCEPTED,150.420180763,150.420180763
150.50654464599998,0.0,0.0,0.011064291094317894,0.0,0.0,False,0.0,0.0,0.0,STOPPED,DUPLICATE_OR_OLD,DUPLICATE_OR_OLD,150.420180763,150.420180763
150.556544646,0.0,0.0,0.006163333211782769,0.0,0.0,False,0.0,0.0,0.0,STOPPED,ACCEPTED,ACCEPTED,150.512150628,150.512150628
150.60654464599997,0.0,0.0,0.011163333211781064,0.0,0.0,False,0.0,0.0,0.0,STOPPED,DUPLICATE_OR_OLD,DUPLICATE_OR_OLD,150.512150628,150.512150628
150.656544646,0.0,0.0,0.006177857034096607,0.0,0.0,False,0.0,0.0,0.0,STOPPED,ACCEPTED,ACCEPTED,150.614122577,150.614122577
150.706544646,0.0,0.0,0.011177857034097745,0.0,0.0,False,0.0,0.0,0.0,STOPPED,DUPLICATE_OR_OLD,DUPLICATE_OR_OLD,150.614122577,150.614122577
150.75654464599998,0.0,0.0,0.006179977609712195,0.0,0.0,False,0.0,0.0,0.0,STOPPED,ACCEPTED,ACCEPTED,150.714099429,150.714099429
150.806544646,0.0,0.0,0.011179977609713333,0.0,0.0,False,0.0,0.0,0.0,STOPPED,DUPLICATE_OR_OLD,DUPLICATE_OR_OLD,150.714099429,150.714099429
150.85654464599997,0.0,0.0,0.006180287031150693,0.0,0.0,False,0.0,0.0,0.0,STOPPED,ACCEPTED,ACCEPTED,150.836065197,150.836065197
150.906544646,0.0,0.0,0.01118028703115183,0.0,0.0,False,0.0,0.0,0.0,STOPPED,DUPLICATE_OR_OLD,DUPLICATE_OR_OLD,150.836065197,150.836065197
150.956544646,0.0,0.0,0.00618033217584643,0.0,0.0,False,0.0,0.0,0.0,STOPPED,ACCEPTED,ACCEPTED,150.916059741,150.916059741
151.00654464599998,0.0,0.0,0.011180332175844725,0.0,0.0,False,0.0,0.0,0.0,STOPPED,DUPLICATE_OR_OLD,DUPLICATE_OR_OLD,150.916059741,150.916059741
151.056544646,0.0,0.0,0.016180332175845864,0.0,0.0,False,0.0,0.0,0.0,STOPPED,DUPLICATE_OR_OLD,DUPLICATE_OR_OLD,150.916059741,150.916059741
151.10654464599997,0.00035246879954879055,8.81171998871676e-06,0.006792850074975424,0.0,0.0,False,0.0,0.6792850074975423,0.0,FUSED,ACCEPTED,ACCEPTED,151.01201207,151.01201207
151.156544646,0.001107939297213722,4.5321922407787876e-05,0.005411339055884936,0.0,0.0,False,0.0,0.5411339055884935,0.0,FUSED,ACCEPTED,ACCEPTED,151.125977332,151.125977332
151.206544646,0.004012094227868801,0.00017332276053488006,0.010411339055886072,0.0,0.0,False,0.0,0.0,0.0,MODEL_ONLY,DUPLICATE_OR_OLD,DUPLICATE_OR_OLD,151.125977332,151.125977332
151.25654464599998,0.0030019908913897055,0.0003486748885162829,0.006064748898903715,0.0,0.0,False,0.0,0.6064748898903713,0.0,FUSED,ACCEPTED,ACCEPTED,151.225945336,151.225945336
151.306544646,0.007292015193261974,0.0006060250406326334,0.011064748898904853,0.0,0.0,False,0.0,0.0,0.0,MODEL_ONLY,DUPLICATE_OR_OLD,DUPLICATE_OR_OLD,151.225945336,151.225945336
151.35654464599997,0.005033137655836493,0.00091415386185999,0.00616340059948906,0.0,0.0,False,0.0,0.616340059948906,0.0,FUSED,ACCEPTED,ACCEPTED,151.31393425,151.31393425
151.406544646,0.012291662075860667,0.0013472738551525173,0.011163400599490197,0.0,0.0,False,0.0,0.0,0.0,MODEL_ONLY,DUPLICATE_OR_OLD,DUPLICATE_OR_OLD,151.31393425,151.31393425
151.456544646,0.007908095157283676,0.0018522677859812407,0.006177866878591303,0.0,0.0,False,0.0,0.6177866878591303,0.0,FUSED,ACCEPTED,ACCEPTED,151.417894343,151.417894343
151.50654464599998,0.017450910663131883,0.0024862429314914136,0.011177866878589598,0.0,0.0,False,0.0,0.0,0.0,MODEL_ONLY,DUPLICATE_OR_OLD,DUPLICATE_OR_OLD,151.417894343,151.417894343
151.556544646,0.01584655324928737,0.003318679529302084,0.0061799790462765385,0.0,0.0,False,0.0,0.6179979046276538,0.0,FUSED,ACCEPTED,ACCEPTED,151.515867358,151.515867358
151.60654464599997,0.027153805135987124,0.00439368848893358,0.011179979046274834,0.0,0.0,False,0.0,0.0,0.0,MODEL_ONLY,DUPLICATE_OR_OLD,DUPLICATE_OR_OLD,151.515867358,151.515867358
151.656544646,0.02026686086049614,0.0055792051388459316,0.006180287240748396,0.0,0.0,False,0.0,0.6180287240748394,0.0,FUSED,ACCEPTED,ACCEPTED,151.62384482,151.62384482
151.706544646,0.03422194894447951,0.006941425383970632,0.011180287240749532,0.0,0.0,False,0.0,0.0,0.0,MODEL_ONLY,DUPLICATE_OR_OLD,DUPLICATE_OR_OLD,151.62384482,151.62384482
151.75654464599998,0.027349278916149182,0.008480706080485824,0.006180332206426031,0.0,0.0,False,0.0,0.6180332206426029,0.0,FUSED,ACCEPTED,ACCEPTED,151.709819811,151.709819811
151.806544646,0.04334561666844946,0.010248078470101191,0.011180332206427168,0.0,0.0,False,0.0,0.0,0.0,MODEL_ONLY,DUPLICATE_OR_OLD,DUPLICATE_OR_OLD,151.709819811,151.709819811
151.85654464599997,0.05999296859594844,0.012831543101710257,0.016180332206425462,0.0,0.0,False,0.0,0.0,0.0,MODEL_ONLY,DUPLICATE_OR_OLD,DUPLICATE_OR_OLD,151.709819811,151.709819811
151.906544646,0.040348071120228465,0.01534006909461525,0.006792850078121076,0.0,0.0,False,0.0,0.6792850078121075,0.0,FUSED,ACCEPTED,ACCEPTED,151.839786566,151.839786566
151.956544646,0.05855413681932334,0.017812624293104606,0.011792850078122214,0.0,0.0,False,0.0,0.0,0.0,MODEL_ONLY,DUPLICATE_OR_OLD,DUPLICATE_OR_OLD,151.839786566,151.839786566
152.00654464599998,0.044318442423968554,0.020384438774186026,0.006267660972668911,0.0,0.0,False,0.0,0.626766097266891,0.0,FUSED,ACCEPTED,ACCEPTED,151.93975709,151.93975709
152.056544646,0.03662242871432252,0.02240796055264376,0.005298025479694043,0.0,0.0,False,0.0,0.5298025479694041,0.0,FUSED,ACCEPTED,ACCEPTED,152.023736142,152.023736142
152.10654464599997,0.056406169378939705,0.024733675504974528,0.010298025479692337,0.0,0.0,False,0.0,0.0,0.0,MODEL_ONLY,DUPLICATE_OR_OLD,DUPLICATE_OR_OLD,152.023736142,152.023736142
152.156544646,0.07633630317418863,0.02805223731880349,0.015298025479693474,0.0,0.0,False,0.0,0.0,0.0,MODEL_ONLY,DUPLICATE_OR_OLD,DUPLICATE_OR_OLD,152.023736142,152.023736142
152.206544646,0.05297486785350476,0.03128501659449656,0.006699454884707955,0.0,0.0,False,0.0,0.6699454884707954,0.0,FUSED,ACCEPTED,ACCEPTED,152.127702192,152.127702192
152.25654464599998,0.07373060705545093,0.034452653467219374,0.01169945488470625,0.0,0.0,False,0.0,0.0,0.0,MODEL_ONLY,DUPLICATE_OR_OLD,DUPLICATE_OR_OLD,152.127702192,152.127702192
152.306544646,0.060555602157551514,0.037809808697545196,0.00625460518082424,0.0,0.0,False,0.0,0.625460518082424,0.0,FUSED,ACCEPTED,ACCEPTED,152.209678064,152.209678064
152.35654464599997,0.08183339369981084,0.04136953359397804,0.011254605180822535,0.0,0.0,False,0.0,0.0,0.0,MODEL_ONLY,DUPLICATE_OR_OLD,DUPLICATE_OR_OLD,152.209678064,152.209678064
152.406544646,0.13147254895415889,0.046702182160328495,0.006191144398810466,0.0,0.0,False,0.0,0.6191144398810466,0.0,FUSED,ACCEPTED,ACCEPTED,152.325628094,152.325628094
152.456544646,0.15256487700379587,0.053803117809278975,0.005281047681143262,0.0,0.0,False,0.0,0.528104768114326,0.0,FUSED,ACCEPTED,ACCEPTED,152.42559942,152.42559942
152.50654464599998,0.17324457923234998,0.06194835421517985,0.010281047681141558,0.0,0.0,False,0.0,0.0,0.0,MODEL_ONLY,DUPLICATE_OR_OLD,DUPLICATE_OR_OLD,152.42559942,152.42559942
152.556544646,0.19389671943861794,0.07112688668195613,0.015281047681142695,0.0,0.0,False,0.0,0.0,0.0,MODEL_ONLY,DUPLICATE_OR_OLD,DUPLICATE_OR_OLD,152.42559942,152.42559942
152.60654464599997,0.20623245406833465,0.08113011601962654,0.006697604354611551,0.0,0.0,False,0.0,0.669760435461155,0.0,FUSED,ACCEPTED,ACCEPTED,152.507577759,152.507577759
152.656544646,0.21554677390933208,0.0916745967190706,0.005391196264543325,0.0,0.0,False,0.0,0.5391196264543323,0.0,FUSED,ACCEPTED,ACCEPTED,152.629548126,152.629548126
152.706544646,0.2362435071076248,0.10296935374449709,0.010391196264544461,0.0,0.0,False,0.0,0.0,0.0,MODEL_ONLY,DUPLICATE_OR_OLD,DUPLICATE_OR_OLD,152.629548126,152.629548126
152.75654464599998,0.24486323254784992,0.11499702223587986,0.006061627071126072,0.0,0.0,False,0.0,0.6061627071126071,0.0,FUSED,ACCEPTED,ACCEPTED,152.703879692,152.703879692
152.806544646,0.2655704247447916,0.1277578636681988,0.01106162707112721,0.0,0.0,False,0.0,0.0,0.0,MODEL_ONLY,DUPLICATE_OR_OLD,DUPLICATE_OR_OLD,152.703879692,152.703879692
152.85654464599997,0.28625749267725836,0.14155356160374535,0.016061627071125503,0.0,0.0,False,0.0,0.0,0.0,MODEL_ONLY,DUPLICATE_OR_OLD,DUPLICATE_OR_OLD,152.703879692,152.703879692
152.906544646,0.2807420860017203,0.15572855107072303,0.006780593631781927,0.0,0.0,False,0.0,0.6780593631781926,0.0,FUSED,ACCEPTED,ACCEPTED,152.839482113,152.839482113
152.956544646,0.301498923753739,0.17028457631461283,0.011780593631783064,0.0,0.0,False,0.0,0.0,0.0,MODEL_ONLY,DUPLICATE_OR_OLD,DUPLICATE_OR_OLD,152.839482113,152.839482113
153.00654464599998,0.3072833470261219,0.18550413308410416,0.006265952824834813,0.0,0.0,False,0.0,0.6265952824834812,0.0,FUSED,ACCEPTED,ACCEPTED,152.929471083,152.929471083
153.056544646,0.32910032403206774,0.20141372486056253,0.01126595282483595,0.0,0.0,False,0.0,0.0,0.0,MODEL_ONLY,DUPLICATE_OR_OLD,DUPLICATE_OR_OLD,152.929471083,152.929471083
153.10654464599997,0.34276410097353605,0.21821033548569685,0.006192789933535144,0.0,0.0,False,0.0,0.6192789933535141,0.0,FUSED,ACCEPTED,ACCEPTED,153.011436795,153.011436795
153.156544646,0.3653860666349814,0.23591408967591382,0.011192789933536281,0.0,0.0,False,0.0,0.0,0.0,MODEL_ONLY,DUPLICATE_OR_OLD,DUPLICATE_OR_OLD,153.011436795,153.011436795
153.206544646,0.37365704632308766,0.25439016749986976,0.006182155461340934,0.0,0.0,False,0.0,0.6182155461340935,0.0,FUSED,ACCEPTED,ACCEPTED,153.113407648,153.113407648
153.25654464599998,0.3969034666744781,0.2736541803248023,0.01118215546133923,0.0,0.0,False,0.0,0.0,0.0,MODEL_ONLY,DUPLICATE_OR_OLD,DUPLICATE_OR_OLD,153.113407648,153.113407648
153.306544646,0.40765227216064853,0.2937680737956851,0.006180604757784118,0.0,0.0,False,0.0,0.6180604757784116,0.0,FUSED,ACCEPTED,ACCEPTED,153.207389737,153.207389737
153.35654464599997,0.4176037330974761,0.3143994739271312,0.005278699492125838,0.0,0.0,False,0.0,0.5278699492125838,0.0,FUSED,ACCEPTED,ACCEPTED,153.311361917,153.311361917
153.406544646,0.4415220335387688,0.3358776180930422,0.010278699492126975,0.0,0.0,False,0.0,0.0,0.0,MODEL_ONLY,DUPLICATE_OR_OLD,DUPLICATE_OR_OLD,153.311361917,153.311361917
153.456544646,0.4464516279496937,0.35807695963025876,0.006044100289607842,0.0,0.0,False,0.0,0.6044100289607841,0.0,FUSED,ACCEPTED,ACCEPTED,153.409332323,153.409332323
153.50654464599998,0.47069832321578936,0.3810057084093881,0.011044100289606137,0.0,0.0,False,0.0,0.0,0.0,MODEL_ONLY,DUPLICATE_OR_OLD,DUPLICATE_OR_OLD,153.409332323,153.409332323
153.556544646,0.4879811244011428,0.40497269459981683,0.006160358818772314,0.0,0.0,False,0.0,0.6160358818772314,0.0,FUSED,ACCEPTED,ACCEPTED,153.513302616,153.513302616
153.60654464599997,0.5124789801276584,0.42998419721302833,0.011160358818770609,0.0,0.0,False,0.0,0.0,0.0,MODEL_ONLY,DUPLICATE_OR_OLD,DUPLICATE_OR_OLD,153.513302616,153.513302616
153.656544646,0.525218329900357,0.4559266299637346,0.006177422462254473,0.0,0.0,False,0.0,0.6177422462254472,-0.026887710437197346,FUSED,ACCEPTED,ACCEPTED,153.629265497,153.629265497
153.706544646,0.549051958432067,0.4827833871720513,0.01117742246225561,0.0,0.0,False,0.0,0.0,-0.026887710437197346,MODEL_ONLY,DUPLICATE_OR_OLD,DUPLICATE_OR_OLD,153.629265497,153.629265497
153.75654464599998,0.5733916619580582,0.5108444776817949,0.016177422462253906,0.0,0.0,False,0.0,0.0,-0.026887710437197346,MODEL_ONLY,DUPLICATE_OR_OLD,DUPLICATE_OR_OLD,153.629265497,153.629265497
153.806544646,0.5807482834825975,0.5396979763178178,0.006792550759413643,0.0,0.0,False,0.0,0.6792550759413641,-0.0621942931227443,FUSED,ACCEPTED,ACCEPTED,153.747229508,153.747229508
153.85654464599997,0.595141469484904,0.5690952201419953,0.005411276031704953,0.0,0.0,False,0.0,0.5411276031704952,-0.07455121453754732,FUSED,ACCEPTED,ACCEPTED,153.847207962,153.847207962
153.906544646,0.6182873862629469,0.5994309415356984,0.01041127603170609,0.0,0.0,False,0.0,0.0,-0.07455121453754732,MODEL_ONLY,DUPLICATE_OR_OLD,DUPLICATE_OR_OLD,153.847207962,153.847207962
153.956544646,0.6521186113955728,0.6311910914771687,0.006064739138828614,0.0,0.0,False,0.0,0.6064739138828612,-0.030581537930214543,FUSED,ACCEPTED,ACCEPTED,153.903194909,153.903194909
154.00654464599998,0.6788472111737189,0.6644652370413896,0.011064739138826909,0.0,0.0,False,0.0,0.0,-0.030581537930214543,MODEL_ONLY,DUPLICATE_OR_OLD,DUPLICATE_OR_OLD,153.903194909,153.903194909
154.056544646,0.7061467560490384,0.6990900862219664,0.016064739138828048,0.0,0.0,False,0.0,0.0,-0.030581537930214543,MODEL_ONLY,DUPLICATE_OR_OLD,DUPLICATE_OR_OLD,153.903194909,153.903194909
154.10654464599997,0.7254649245627235,0.7348803782372482,0.006780916152132927,0.0,0.0,False,0.0,0.6780916152132925,-0.07480520226149832,FUSED,ACCEPTED,ACCEPTED,154.017168359,154.017168359
154.156544646,0.7494039259548748,0.7717520995001966,0.005408824895081279,0.0,0.0,False,0.0,0.5408824895081277,-0.06873265891443942,FUSED,ACCEPTED,ACCEPTED,154.105497005,154.105497005
154.206544646,0.7761328962714092,0.8098905200558624,0.010408824895082415,0.0,0.0,False,0.0,0.0,-0.06873265891443942,MODEL_ONLY,DUPLICATE_OR_OLD,DUPLICATE_OR_OLD,154.105497005,154.105497005
154.25654464599998,0.7912227014547524,0.8490744099990031,0.006064359512377113,0.0,0.0,False,0.0,0.6064359512377113,-0.10353889553281251,FUSED,ACCEPTED,ACCEPTED,154.215105061,154.215105061
154.306544646,0.8168575471957454,0.8892764162152746,0.01106435951237825,0.0,0.0,False,0.0,0.0,-0.10353889553281251,MODEL_ONLY,DUPLICATE_OR_OLD,DUPLICATE_OR_OLD,154.215105061,154.215105061
154.35654464599997,0.8637691697379868,0.9312920841386035,0.006163343282902639,0.0,0.0,False,0.0,0.6163343282902637,-0.026219154471009143,FUSED,ACCEPTED,ACCEPTED,154.313083067,154.313083067
154.406544646,0.8937708204856808,0.9752305838942052,0.011163343282903776,0.0,0.0,False,0.0,0.0,-0.026219154471009143,MODEL_ONLY,DUPLICATE_OR_OLD,DUPLICATE_OR_OLD,154.313083067,154.313083067
154.456544646,0.9261826335168128,1.0207294202442778,0.006177858505363883,0.0,0.0,False,0.0,0.6177858505363882,-0.050019530388004836,FUSED,ACCEPTED,ACCEPTED,154.439035488,154.439035488
154.50654464599998,0.9553829332729187,1.0677685594140052,0.011177858505362178,0.0,0.0,False,0.0,0.0,-0.050019530388004836,MODEL_ONLY,DUPLICATE_OR_OLD,DUPLICATE_OR_OLD,154.439035488,154.439035488
154.556544646,0.9910726548594695,1.1164299491173257,0.006179977824407906,0.0,0.0,False,0.0,0.6179977824407905,-0.03313483252163411,FUSED,ACCEPTED,ACCEPTED,154.505365723,154.505365723
154.60654464599997,1.0214187069020015,1.1667422331613455,0.0111799778244062,0.0,0.0,False,0.0,0.0,-0.03313483252163411,MODEL_ONLY,DUPLICATE_OR_OLD,DUPLICATE_OR_OLD,154.505365723,154.505365723
154.656544646,1.0302908178830157,1.2180349712809826,0.0061802870624752424,0.0,0.0,False,0.0,0.618028706247524,-0.10435946553329264,FUSED,ACCEPTED,ACCEPTED,154.626997693,154.626997693
154.706544646,1.0573094575187294,1.270224978166038,0.011180287062476379,0.0,0.0,False,0.0,0.0,-0.10435946553329264,MODEL_ONLY,DUPLICATE_OR_OLD,DUPLICATE_OR_OLD,154.626997693,154.626997693
154.75654464599998,1.1023991055343354,1.3242176922423463,0.006180332180416224,0.0,0.0,False,0.0,0.6180332180416223,-0.024791185660783963,FUSED,ACCEPTED,ACCEPTED,154.73695473,154.73695473
154.806544646,1.133577394339114,1.3801171047391951,0.011180332180417361,0.0,0.0,False,0.0,0.0,-0.024791185660783963,MODEL_ONLY,DUPLICATE_OR_OLD,DUPLICATE_OR_OLD,154.73695473,154.73695473
154.85654464599997,1.1774834588061376,1.4378936260678066,0.00618033876305032,0.0,0.0,False,0.0,0.6180338763050319,-0.010728361023117108,FUSED,ACCEPTED,ACCEPTED,154.824930422,154.824930422
154.906544646,1.2095054262429046,1.4975683481940463,0.011180338763051457,0.0,0.0,False,0.0,0.0,-0.010728361023117108,MODEL_ONLY,DUPLICATE_OR_OLD,DUPLICATE_OR_OLD,154.824930422,154.824930422
154.956544646,1.2347305263151607,1.5586742470080117,0.006180339723444431,0.0,0.0,False,0.0,0.6180339723444428,-0.04674575665949497,FUSED,ACCEPTED,ACCEPTED,154.905157014,154.905157014
155.00654464599998,1.2646294656631154,1.6211582468074472,0.011180339723442727,0.0,0.0,False,0.0,0.0,-0.04674575665949497,MODEL_ONLY,DUPLICATE_OR_OLD,DUPLICATE_OR_OLD,154.905157014,154.905157014
155.056544646,1.3063261280689755,1.6854321366507639,0.006180339863563634,0.0,0.0,False,0.0,0.6180339863563633,0.0015438525107173695,FUSED,ACCEPTED,ACCEPTED,155.010876912,155.010876912
155.10654464599997,1.3380102104058977,1.7515405451126134,0.011180339863561928,0.0,0.0,False,0.0,0.0,0.0015438525107173695,MODEL_ONLY,DUPLICATE_OR_OLD,DUPLICATE_OR_OLD,155.010876912,155.010876912
155.156544646,1.3724137223619162,1.819301143431824,0.006180339884006751,0.0,0.0,False,0.0,0.6180339884006749,-0.005906626431935793,FUSED,ACCEPTED,ACCEPTED,155.112857873,155.112857873
155.206544646,1.4032374099449365,1.8886924217395114,0.011180339884007889,0.0,0.0,False,0.0,0.0,-0.005906626431935793,MODEL_ONLY,DUPLICATE_OR_OLD,DUPLICATE_OR_OLD,155.112857873,155.112857873
155.25654464599998,1.4309567896226971,1.959547276728678,0.006180339886989361,0.0,0.0,False,0.0,0.6180339886989361,-0.015833862572622547,FUSED,ACCEPTED,ACCEPTED,155.242810588,155.242810588
155.306544646,1.4609059093578183,2.031843844203207,0.0111803398869905,0.0,0.0,False,0.0,0.0,-0.015833862572622547,MODEL_ONLY,DUPLICATE_OR_OLD,DUPLICATE_OR_OLD,155.242810588,155.242810588
155.35654464599997,1.4901854378161543,2.1056211278825314,0.006180339887424518,0.0,0.0,False,0.0,0.6180339887424517,-0.013310361023530478,FUSED,ACCEPTED,ACCEPTED,155.308800702,155.308800702
155.406544646,1.519967540821781,2.180874952348497,0.011180339887425655,0.0,0.0,False,0.0,0.0,-0.013310361023530478,MODEL_ONLY,DUPLICATE_OR_OLD,DUPLICATE_OR_OLD,155.308800702,155.308800702
155.456544646,1.5426504596698716,2.2574404023608055,0.006180339887488422,0.0,0.0,False,0.0,0.6180339887488421,-0.029692654673405337,FUSED,ACCEPTED,ACCEPTED,155.405313394,155.405313394
155.50654464599998,1.5704810690963746,2.335268690579935,0.011180339887486717,0.0,0.0,False,0.0,0.0,-0.029692654673405337,MODEL_ONLY,DUPLICATE_OR_OLD,DUPLICATE_OR_OLD,155.405313394,155.405313394
155.556544646,1.5855952925823356,2.4141705996219205,0.006180339887497331,0.0,0.0,False,0.0,0.618033988749733,-0.05394803399832626,FUSED,ACCEPTED,ACCEPTED,155.512741234,155.512741234
155.60654464599997,1.611335289345589,2.4940938641700914,0.011180339887495627,0.0,0.0,False,0.0,0.0,-0.05394803399832626,MODEL_ONLY,DUPLICATE_OR_OLD,DUPLICATE_OR_OLD,155.512741234,155.512741234
155.656544646,1.6426125214463265,2.5754425594399075,0.00618033988749863,0.0,0.0,False,0.0,0.6180339887498629,-0.019112215901154132,FUSED,ACCEPTED,ACCEPTED,155.612708631,155.612708631
155.706544646,1.6694137862716327,2.6582432171328754,0.011180339887499767,0.0,0.0,False,0.0,0.0,-0.019112215901154132,MODEL_ONLY,DUPLICATE_OR_OLD,DUPLICATE_OR_OLD,155.612708631,155.612708631
155.75654464599998,1.6947727581816368,2.7423478807441786,0.006180339887498821,0.0,0.0,False,0.0,0.6180339887498818,-0.03047989108176716,FUSED,ACCEPTED,ACCEPTED,155.708688627,155.708688627
155.806544646,1.7204780837795286,2.827729151793227,0.011180339887499958,0.0,0.0,False,0.0,0.0,-0.03047989108176716,MODEL_ONLY,DUPLICATE_OR_OLD,DUPLICATE_OR_OLD,155.708688627,155.708688627
155.85654464599997,1.7459659250082424,2.9143902520128915,0.016180339887498254,0.0,0.0,False,0.0,0.0,-0.03047989108176716,MODEL_ONLY,DUPLICATE_OR_OLD,DUPLICATE_OR_OLD,155.708688627,155.708688627
155.906544646,1.7584190453501878,3.001999876271872,0.006792850868181481,0.0,0.0,False,0.0,0.6792850868181481,-0.059503805117341275,FUSED,ACCEPTED,ACCEPTED,155.834655594,155.834655594
155.956544646,1.7713242718349917,3.0902434592015218,0.005411339222900885,0.0,0.0,False,0.0,0.5411339222900884,-0.07696208036540259,FUSED,ACCEPTED,ACCEPTED,155.940623406,155.940623406
156.00654464599998,1.7929346308207905,3.1793499317678857,0.01041133922289918,0.0,0.0,False,0.0,0.0,-0.07696208036540259,MODEL_ONLY,DUPLICATE_OR_OLD,DUPLICATE_OR_OLD,155.940623406,155.940623406
156.056544646,1.818304741375678,3.269630916072818,0.0060647489247681406,0.0,0.0,False,0.0,0.606474892476814,-0.04527932780345282,FUSED,ACCEPTED,ACCEPTED,156.012599859,156.012599859
156.10654464599997,1.840443476076805,3.3610996215090987,0.011064748924766436,0.0,0.0,False,0.0,0.0,-0.04527932780345282,MODEL_ONLY,DUPLICATE_OR_OLD,DUPLICATE_OR_OLD,156.012599859,156.012599859
156.156544646,1.8527799169973256,3.4534302063359728,0.006163400603296173,0.0,0.0,False,0.0,0.6163400603296172,-0.07772461648526444,FUSED,ACCEPTED,ACCEPTED,156.126576758,156.126576758
156.206544646,1.8724779385052497,3.5465616527235584,0.01116340060329731,0.0,0.0,False,0.0,0.0,-0.07772461648526444,MODEL_ONLY,DUPLICATE_OR_OLD,DUPLICATE_OR_OLD,156.126576758,156.126576758
156.25654464599998,1.8792816274978097,3.6403556418736027,0.006177866879147058,0.0,0.0,False,0.0,0.6177866879147057,-0.10111310295927393,FUSED,ACCEPTED,ACCEPTED,156.214553966,156.214553966
156.306544646,1.8964919855154916,3.7347499821989567,0.011177866879148195,0.0,0.0,False,0.0,0.0,-0.10111310295927393,MODEL_ONLY,DUPLICATE_OR_OLD,DUPLICATE_OR_OLD,156.214553966,156.214553966
156.35654464599997,1.907954035162413,3.8298611327158723,0.006179979046357639,0.0,0.0,False,0.0,0.6179979046357637,-0.09515889397493808,FUSED,ACCEPTED,ACCEPTED,156.306526372,156.306526372
156.406544646,1.92383814885439,3.9256559373163142,0.011179979046358776,0.0,0.0,False,0.0,0.0,-0.09515889397493808,MODEL_ONLY,DUPLICATE_OR_OLD,DUPLICATE_OR_OLD,156.306526372,156.306526372
156.456544646,1.9390107750662393,4.022227160414352,0.006180287240760644,0.0,0.0,False,0.0,0.618028724076064,-0.08669024940230158,FUSED,ACCEPTED,ACCEPTED,156.424485031,156.424485031
156.50654464599998,1.9540593971940128,4.119553914720824,0.011180287240758938,0.0,0.0,False,0.0,0.0,-0.08669024940230158,MODEL_ONLY,DUPLICATE_OR_OLD,DUPLICATE_OR_OLD,156.424485031,156.424485031
156.556544646,1.9689111944933666,4.2176281795130315,0.006180332206427818,0.0,0.0,False,0.0,0.6180332206427817,-0.08391321289818503,FUSED,ACCEPTED,ACCEPTED,156.506462162,156.506462162
156.60654464599997,1.9821115456353726,4.316403748016216,0.011180332206426113,0.0,0.0,False,0.0,0.0,-0.08391321289818503,MODEL_ONLY,DUPLICATE_OR_OLD,DUPLICATE_OR_OLD,156.506462162,156.506462162
156.656544646,1.987534918706161,4.415644909624778,0.006180338766845363,0.0,0.0,False,0.0,0.6180338766845361,-0.09597819852495204,FUSED,ACCEPTED,ACCEPTED,156.624431673,156.624431673
156.706544646,1.9977012525026956,4.5152758139050215,0.011180338766846501,0.0,0.0,False,0.0,0.0,-0.09597819852495204,MODEL_ONLY,DUPLICATE_OR_OLD,DUPLICATE_OR_OLD,156.624431673,156.624431673
156.75654464599998,2.005113182405184,4.6153461747776845,0.006180339723997705,0.0,0.0,False,0.0,0.6180339723997703,-0.08873119291471292,FUSED,ACCEPTED,ACCEPTED,156.708412374,156.708412374
156.806544646,2.013757484112553,4.71581794144065,0.011180339723998841,0.0,0.0,False,0.0,0.0,-0.08873119291471292,MODEL_ONLY,DUPLICATE_OR_OLD,DUPLICATE_OR_OLD,156.708412374,156.708412374
156.85654464599997,2.0136827743505914,4.816503947902195,0.006180339863644356,0.0,0.0,False,0.0,0.6180339863644355,-0.10582434069947325,FUSED,ACCEPTED,ACCEPTED,156.842372565,156.842372565
156.906544646,2.020011605945663,4.917346307409623,0.011180339863645493,0.0,0.0,False,0.0,0.0,-0.10582434069947325,MODEL_ONLY,DUPLICATE_OR_OLD,DUPLICATE_OR_OLD,156.842372565,156.842372565
156.956544646,2.019727851421244,5.018339793843819,0.01618033986364663,0.0,0.0,False,0.0,0.0,-0.10582434069947325,MODEL_ONLY,RATE_ANOMALY,RATE_ANOMALY,156.906355016,156.906355016
157.00654464599998,2.022857580138065,5.119404429632768,0.021180339863644922,0.0,0.0,False,0.0,0.0,-0.10582434069947325,MODEL_ONLY,DUPLICATE_OR_OLD,DUPLICATE_OR_OLD,156.906355016,156.906355016
157.056544646,2.0246684808699174,5.22059258115799,0.02618033986364606,0.0,0.0,False,0.0,0.0,-0.10582434069947325,MODEL_ONLY,ZERO_LOCK_SUSPECT,ZERO_LOCK_SUSPECT,157.0123216,157.0123216
157.10654464599997,2.025318197959237,5.321842248128684,0.031180339863644355,0.0,0.0,False,0.0,0.0,-0.10582434069947325,MODEL_ONLY,DUPLICATE_OR_OLD,DUPLICATE_OR_OLD,157.0123216,157.0123216
157.156544646,2.024945531942461,5.423098841376249,0.0677492681948235,0.007771769350671164,0.15543538701338794,True,0.031568928331178005,0.0,-0.10582434069947325,MODEL_ONLY,ZERO_LOCK_SUSPECT,ZERO_LOCK_SUSPECT,157.13229308,157.13229308
157.206544646,2.023672692019221,5.524314296975314,0.07391503359742559,0.015543538701342329,0.15543538701338794,True,0.0011657654026009396,0.0,-0.10582434069947325,MODEL_ONLY,DUPLICATE_OR_OLD,DUPLICATE_OR_OLD,157.13229308,157.13229308
157.25654464599998,2.0216072792756408,5.6254462962576515,0.0808579759350908,0.023315308052009074,0.15543538701338794,True,0.0019429423376669075,0.0,-0.10582434069947325,MODEL_ONLY,ZERO_LOCK_SUSPECT,ZERO_LOCK_SUSPECT,157.214274382,157.214274382
157.306544646,2.0188440328456765,5.726457579060708,0.08857809520782702,0.031087077402680238,0.15543538701338794,True,0.002720119272735084,0.0,-0.10582434069947325,MODEL_ONLY,DUPLICATE_OR_OLD,DUPLICATE_OR_OLD,157.214274382,157.214274382
157.35654464599997,2.0144128688474545,5.827289001603002,0.09707539141562548,0.038858846753346984,0.15543538701338794,True,0.0034972962078001686,0.0,-0.10582434069947325,MODEL_ONLY,ZERO_LOCK_SUSPECT,ZERO_LOCK_SUSPECT,157.310249313,157.310249313
157.406544646,2.0085131595809247,5.927862152313734,0.10634986455849585,0.04663061610401815,0.15543538701338794,True,0.004274473142869229,0.0,-0.10582434069947325,MODEL_ONLY,DUPLICATE_OR_OLD,DUPLICATE_OR_OLD,157.310249313,157.310249313
157.456544646,2.0013204456444478,6.028107992444391,0.11640151463643351,0.05440238545468931,0.15543538701338794,True,0.005051650077936522,0.0,-0.10582434069947325,MODEL_ONLY,ZERO_LOCK_SUSPECT,ZERO_LOCK_SUSPECT,157.412207136,157.412207136
157.50654464599998,1.9929892846254331,6.127965735701104,0.1272303416494321,0.062174154805356055,0.15543538701338794,True,0.0058288270130002805,0.0,-0.10582434069947325,MODEL_ONLY,DUPLICATE_OR_OLD,DUPLICATE_OR_OLD,157.412207136,157.412207136
157.556544646,1.9836557592765311,6.227381861798676,0.1388363455975039,0.06994592415602723,0.15543538701338794,True,0.006606003948070666,0.0,-0.10582434069947325,MODEL_ONLY,ZERO_LOCK_SUSPECT,ZERO_LOCK_SUSPECT,157.510187335,157.510187335
157.60654464599997,1.973439685880392,6.326309247927566,0.15121952648063575,0.07771769350669397,0.15543538701338794,True,0.007383180883133542,0.0,-0.10582434069947325,MODEL_ONLY,DUPLICATE_OR_OLD,DUPLICATE_OR_OLD,157.510187335,157.510187335
157.656544646,1.962446558640416,6.4247064040406086,0.1643798842988417,0.08548946285736514,0.15543538701338794,True,0.008160357818204811,0.0,-0.10582434069947325,MODEL_ONLY,ZERO_LOCK_SUSPECT,ZERO_LOCK_SUSPECT,157.630154744,157.630154744
157.706544646,1.9507692616514378,6.522536799547927,0.17831741905211496,0.09326123220803631,0.15543538701338794,True,0.008937534753272103,0.0,-0.10582434069947325,MODEL_ONLY,DUPLICATE_OR_OLD,DUPLICATE_OR_OLD,157.630154744,157.630154744
157.75654464599998,1.9384895762322303,6.619768270494986,0.1930321307404469,0.10103300155870305,0.15543538701338794,True,0.009714711688333655,0.0,-0.10582434069947325,MODEL_ONLY,ZERO_LOCK_SUSPECT,ZERO_LOCK_SUSPECT,157.704681668,157.704681668
157.806544646,1.9256795080810294,6.71637249760284,0.20852401936385428,0.10880477090937422,0.15543538701338794,True,0.010491888623406248,0.0,-0.10582434069947325,MODEL_ONLY,DUPLICATE_OR_OLD,DUPLICATE_OR_OLD,157.704681668,157.704681668
157.85654464599997,1.9114331508832652,6.812300314076914,0.22479308492231947,0.11657654026004097,0.15543538701338794,True,0.011269065558466917,0.0,-0.10582434069947325,MODEL_ONLY,ZERO_LOCK_SUSPECT,ZERO_LOCK_SUSPECT,157.840104555,157.840104555
157.906544646,1.8959221895361962,6.907484197587422,0.241839327415861,0.12434830961071214,0.15543538701338794,True,0.012046242493540393,0.0,-0.10582434069947325,MODEL_ONLY,DUPLICATE_OR_OLD,DUPLICATE_OR_OLD,157.840104555,157.840104555
157.956544646,1.8792977868131016,7.001864696996176,0.2596627468444698,0.1321200789613833,0.15543538701338794,True,0.012823419428607687,0.0,-0.10582434069947325,MODEL_ONLY,ZERO_LOCK_SUSPECT,ZERO_LOCK_SUSPECT,157.906074862,157.906074862
158.00654464599998,1.8616930364481916,7.095389467577676,0.2782633432081351,0.13989184831205007,0.15543538701338794,True,0.01360059636366703,0.0,-0.10582434069947325,MODEL_ONLY,DUPLICATE_OR_OLD,DUPLICATE_OR_OLD,157.906074862,157.906074862
158.056544646,1.843225122995343,7.188012421563785,0.2976411165068781,0.14766361766272124,0.15543538701338794,True,0.014377773298741833,0.0,-0.10582434069947325,MODEL_ONLY,DUPLICATE_OR_OLD,DUPLICATE_OR_OLD,157.906074862,157.906074862
158.10654464599997,1.8239972235111903,7.279692980226417,0.3177960667406767,0.155435387013388,0.15543538701338794,True,0.015154950233800292,0.0,-0.10582434069947325,MODEL_ONLY,ZERO_LOCK_SUSPECT,ZERO_LOCK_SUSPECT,158.082032997,158.082032997
158.156544646,1.8041001819230293,7.370395415362293,0.3387281939095538,0.16320715636405916,0.15543538701338794,True,0.01593212716887598,0.0,-0.10582434069947325,MODEL_ONLY,ZERO_LOCK_SUSPECT,ZERO_LOCK_SUSPECT,158.112014201,158.112014201
158.206544646,1.783613983253677,7.460088269491731,0.36043749801349817,0.17097892571473033,0.15543538701338794,True,0.016709304103943272,0.0,-0.10582434069947325,MODEL_ONLY,DUPLICATE_OR_OLD,DUPLICATE_OR_OLD,158.112014201,158.112014201
158.25654464599998,1.7626090516269095,7.548743845363715,0.38292397905249687,0.1787506950653971,0.15543538701338794,True,0.01748648103900041,0.0,-0.10582434069947325,MODEL_ONLY,DUPLICATE_OR_OLD,DUPLICATE_OR_OLD,158.112014201,158.112014201
158.306544646,1.7411473931177701,7.636337756482352,0.4061876370265754,0.18652246441606826,0.15543538701338794,True,0.01826365797407742,0.0,-0.10582434069947325,MODEL_ONLY,ZERO_LOCK_SUSPECT,ZERO_LOCK_SUSPECT,158.221987703,158.221987703
158.35654464599997,1.719283601994198,7.722848531360121,0.43022847193570735,0.19429423376673502,0.15543538701338794,True,0.01904083490913367,0.0,-0.10582434069947325,MODEL_ONLY,ZERO_LOCK_SUSPECT,ZERO_LOCK_SUSPECT,158.305977248,158.305977248
158.406544646,1.6970657466791035,7.808257265076973,0.45504648377992,0.2020660031174062,0.15543538701338794,True,0.019818011844211565,0.0,-0.10582434069947325,MODEL_ONLY,DUPLICATE_OR_OLD,DUPLICATE_OR_OLD,158.305977248,158.305977248
158.456544646,1.6745361498107976,7.892547312489239,0.4806416725592,0.20983777246807736,0.15543538701338794,True,0.02059518877927886,0.0,-0.10582434069947325,MODEL_ONLY,ZERO_LOCK_SUSPECT,ZERO_LOCK_SUSPECT,158.421928871,158.421928871
158.50654464599998,1.6517320750604298,7.975704018110991,0.5070140382735321,0.21760954181874412,0.15543538701338794,True,0.021372365714333784,0.0,-0.10582434069947325,MODEL_ONLY,DUPLICATE_OR_OLD,DUPLICATE_OR_OLD,158.421928871,158.421928871
158.556544646,1.6286863318523888,8.05771447828383,0.5341635809229462,0.2253813111694153,0.15543538701338794,True,0.022149542649413007,0.0,-0.10582434069947325,MODEL_ONLY,ZERO_LOCK_SUSPECT,ZERO_LOCK_SUSPECT,158.507910267,158.507910267
158.60654464599997,1.6054278078013744,8.138567331775146,0.5620903005074116,0.23315308052008205,0.15543538701338794,True,0.022926719584467046,0.0,-0.10582434069947325,MODEL_ONLY,DUPLICATE_OR_OLD,DUPLICATE_OR_OLD,158.507910267,158.507910267
158.656544646,1.581326492220623,8.218236189275714,0.5907941970269599,0.24092484987075322,0.15543538701338794,True,0.02370389651954715,0.0,-0.10582434069947325,MODEL_ONLY,ZERO_LOCK_SUSPECT,ZERO_LOCK_SUSPECT,158.627874672,158.627874672
158.706544646,1.5564831272760256,8.296681429763149,0.6202752704815755,0.2486966192214244,0.15543538701338794,True,0.024481073454614446,0.0,-0.10582434069947325,MODEL_ONLY,DUPLICATE_OR_OLD,DUPLICATE_OR_OLD,158.627874672,158.627874672
158.75654464599998,1.530986413118676,8.37386816827299,0.650533520871241,0.25646838857209114,0.15543538701338794,True,0.025258250389667163,0.0,-0.10582434069947325,MODEL_ONLY,DUPLICATE_OR_OLD,DUPLICATE_OR_OLD,158.627874672,158.627874672
158.806544646,1.5049144473327665,8.449765689784293,0.6815689481959907,0.2642401579227623,0.15543538701338794,True,0.026035427324748592,0.0,-0.10582434069947325,MODEL_ONLY,ZERO_LOCK_SUSPECT,ZERO_LOCK_SUSPECT,158.711854329,158.711854329
158.85654464599997,1.4783359923286075,8.524346950775803,0.7133815524557894,0.27201192727342904,0.15543538701338794,True,0.02681260425980042,0.0,-0.10582434069947325,MODEL_ONLY,ZERO_LOCK_SUSPECT,ZERO_LOCK_SUSPECT,158.847816901,158.847816901
158.906544646,1.451311591249355,8.597588140365268,0.7459713336506733,0.2797836966241002,0.15543538701338794,True,0.027589781194882736,0.0,-0.10582434069947325,MODEL_ONLY,DUPLICATE_OR_OLD,DUPLICATE_OR_OLD,158.847816901,158.847816901
158.956544646,1.4238945505030822,8.669468293909095,0.7793382917806244,0.28755546597477133,0.15543538701338794,True,0.028366958129950028,0.0,-0.10582434069947325,MODEL_ONLY,ZERO_LOCK_SUSPECT,ZERO_LOCK_SUSPECT,158.939789069,158.939789069
159.00654464599998,1.3961318048673326,8.739968952793332,0.8134824268456233,0.2953272353254381,0.15543538701338794,True,0.02914413506500053,0.0,-0.10582434069947325,MODEL_ONLY,DUPLICATE_OR_OLD,DUPLICATE_OR_OLD,158.939789069,158.939789069
159.056544646,1.368064679209215,8.809073864895261,0.8484037388457086,0.30309900467610923,0.15543538701338794,True,0.02992131200008417,0.0,-0.10582434069947325,MODEL_ONLY,ZERO_LOCK_SUSPECT,ZERO_LOCK_SUSPECT,159.031764519,159.031764519
159.10654464599997,1.3397295591877614,8.876768720855162,0.8841022277808408,0.310870774026776,0.15543538701338794,True,0.03069848893513379,0.0,-0.10582434069947325,MODEL_ONLY,DUPLICATE_OR_OLD,DUPLICATE_OR_OLD,159.031764519,159.031764519
159.156544646,1.3111584818295197,8.943040921880609,0.9205778936510602,0.31864254337744713,0.15543538701338794,True,0.031475665870218314,0.0,-0.10582434069947325,MODEL_ONLY,ZERO_LOCK_SUSPECT,ZERO_LOCK_SUSPECT,159.129744721,159.129744721
159.206544646,1.2823796555714642,9.007879375315648,0.957830736456347,0.32641431272811827,0.15543538701338794,True,0.032252842805285606,0.0,-0.10582434069947325,MODEL_ONLY,DUPLICATE_OR_OLD,DUPLICATE_OR_OLD,159.129744721,159.129744721
159.25654464599998,1.25341791822322,9.071274314660494,0.9958607561966792,0.33418608207878503,0.15543538701338794,True,0.0330300197403339,0.0,-0.10582434069947325,MODEL_ONLY,ZERO_LOCK_SUSPECT,ZERO_LOCK_SUSPECT,159.217705514,159.217705514
159.306544646,1.224295140298336,9.133217141123547,1.0346679528721001,0.34195785142945617,0.15543538701338794,True,0.033807196675419746,0.0,-0.10582434069947325,MODEL_ONLY,DUPLICATE_OR_OLD,DUPLICATE_OR_OLD,159.217705514,159.217705514
159.35654464599997,1.1950305802840577,9.193700284138085,1.0742523264825656,0.34972962078012293,0.15543538701338794,True,0.03458437361046716,0.0,-0.10582434069947325,MODEL_ONLY,ZERO_LOCK_SUSPECT,ZERO_LOCK_SUSPECT,159.307687166,159.307687166
159.406544646,1.1656411976469876,9.252717078586375,1.1146138770281206,0.35750139013079407,0.15543538701338794,True,0.03536155054555389,0.0,-0.10582434069947325,MODEL_ONLY,DUPLICATE_OR_OLD,DUPLICATE_OR_OLD,159.307687166,159.307687166
159.456544646,1.1361419286985464,9.310261656745027,1.155752604508743,0.3652731594814652,0.15543538701338794,True,0.036138727480621184,0.0,-0.10582434069947325,MODEL_ONLY,ZERO_LOCK_SUSPECT,ZERO_LOCK_SUSPECT,159.407667392,159.407667392
159.50654464599998,1.1065459298560363,9.366328853208872,1.1976685089244086,0.373044928832132,0.15543538701338794,True,0.036915904415667264,0.0,-0.10582434069947325,MODEL_ONLY,DUPLICATE_OR_OLD,DUPLICATE_OR_OLD,159.407667392,159.407667392
159.556544646,1.0768647923275998,9.420914121263475,1.240361590275165,0.3808166981828031,0.15543538701338794,True,0.037693081350755324,0.0,-0.10582434069947325,MODEL_ONLY,ZERO_LOCK_SUSPECT,ZERO_LOCK_SUSPECT,159.505671428,159.505671428
159.60654464599997,1.0471087318140675,9.474013459366999,1.2838318485609639,0.3885884675334699,0.15543538701338794,True,0.03847025828580052,0.0,-0.10582434069947325,MODEL_ONLY,DUPLICATE_OR_OLD,DUPLICATE_OR_OLD,159.505671428,159.505671428
159.656544646,1.0172867564531511,9.525623346573692,1.3280792837818547,0.396360236884141,0.15543538701338794,True,0.03924743522088947,0.0,-0.10582434069947325,MODEL_ONLY,ZERO_LOCK_SUSPECT,ZERO_LOCK_SUSPECT,159.625600172,159.625600172
159.706544646,0.9868742367660207,9.575727371404183,1.3731038959378128,0.40413200623481216,0.15543538701338794,True,0.04002461215595676,0.0,-0.10582434069947325,MODEL_ONLY,DUPLICATE_OR_OLD,DUPLICATE_OR_OLD,159.625600172,159.625600172
159.75654464599998,0.9559418754648713,9.62429777420994,1.4189056850288118,0.4119037755854789,0.15543538701338794,True,0.040801789091000636,0.0,-0.10582434069947325,MODEL_ONLY,ZERO_LOCK_SUSPECT,ZERO_LOCK_SUSPECT,159.707576771,159.707576771
159.806544646,0.9245519672082174,9.671310120276777,1.4654846510549038,0.41967554493615006,0.15543538701338794,True,0.0415789660260909,0.0,-0.10582434069947325,MODEL_ONLY,DUPLICATE_OR_OLD,DUPLICATE_OR_OLD,159.707576771,159.707576771
159.85654464599997,0.8922981295552403,9.716731372695849,1.512840794016036,0.4274473142868168,0.15543538701338794,True,0.042356142961133894,0.0,-0.10582434069947325,MODEL_ONLY,ZERO_LOCK_SUSPECT,ZERO_LOCK_SUSPECT,159.845536703,159.845536703
159.906544646,0.8588708101120455,9.76051059618754,1.5609741139122624,0.43521908363748796,0.15543538701338794,True,0.04313331989622505,0.0,-0.10582434069947325,MODEL_ONLY,DUPLICATE_OR_OLD,DUPLICATE_OR_OLD,159.845536703,159.845536703
159.956544646,0.8240330259492599,9.802583192089083,1.609884610743556,0.4429908529881591,0.15543538701338794,True,0.04391049683129234,0.0,-0.10582434069947325,MODEL_ONLY,RATE_ANOMALY,RATE_ANOMALY,159.921511096,159.921511096
160.00654464599998,0.7879542294525603,9.842882873474114,1.6595722845098884,0.45076262233882586,0.15543538701338794,True,0.044687673766334,0.0,-0.10582434069947325,MODEL_ONLY,DUPLICATE_OR_OLD,DUPLICATE_OR_OLD,159.921511096,159.921511096
160.056544646,0.8709411680682458,9.884355258412143,0.009941861720335642,0.002665840069977133,0.15543538701338794,True,0.04546485070142648,0.994186172033564,-0.10582434069947325,FUSED,ACCEPTED,ACCEPTED,160.01548903,160.01548903
160.10654464599997,0.8318192999483546,9.926924270112544,0.015597034194864762,0.01043760942064388,0.15543538701338794,True,0.0006551724745308272,0.0,-0.10582434069947325,MODEL_ONLY,DUPLICATE_OR_OLD,DUPLICATE_OR_OLD,160.01548903,160.01548903
160.156544646,0.7912896598276936,9.967501994106954,0.022029383604464173,0.018209378771315045,0.15543538701338794,True,0.0014323494095982718,0.0,-0.10582434069947325,MODEL_ONLY,DUPLICATE_OR_OLD,DUPLICATE_OR_OLD,160.01548903,160.01548903
160.206544646,0.800225407884931,10.007289870799779,0.0074515092256732035,0.006621271629529984,0.15543538701338794,False,0.002209526344665565,0.7451509225673203,-0.054090771216690293,FUSED,ACCEPTED,ACCEPTED,160.113471216,160.113471216
160.25654464599998,0.7849265108375993,10.046918668767828,0.005545956443513472,0.006621271629529984,0.15543538701338794,False,0.0,0.554595644351347,0.06278276434895283,FUSED,ACCEPTED,ACCEPTED,160.205797531,160.205797531
160.306544646,0.7481615509324754,10.08524587031209,0.01054595644351461,0.006621271629529984,0.15543538701338794,False,0.0,0.0,0.06278276434895283,MODEL_ONLY,DUPLICATE_OR_OLD,DUPLICATE_OR_OLD,160.205797531,160.205797531
160.35654464599997,0.702573124488829,10.12151423719761,0.006085486162120432,0.006621271629529984,0.15543538701338794,False,0.0,0.608548616212043,0.027099841160594947,FUSED,ACCEPTED,ACCEPTED,160.321424479,160.321424479
160.406544646,0.6613366811239655,10.155611982337938,0.011085486162121568,0.006621271629529984,0.15543538701338794,False,0.0,0.0,0.027099841160594947,MODEL_ONLY,DUPLICATE_OR_OLD,DUPLICATE_OR_OLD,160.321424479,160.321424479
160.456544646,0.614186076922897,10.187500051289117,0.006166450593310986,0.006621271629529984,0.15543538701338794,False,0.0,0.6166450593310986,0.07920942465416189,FUSED,ACCEPTED,ACCEPTED,160.405751975,160.405751975
160.50654464599998,0.5732436413840422,10.217185794246781,0.011166450593309282,0.006621271629529984,0.15543538701338794,False,0.0,0.0,0.07920942465416189,MODEL_ONLY,DUPLICATE_OR_OLD,DUPLICATE_OR_OLD,160.405751975,160.405751975
160.556544646,0.5053684021459672,10.244151095335036,0.006178312391151536,0.006621271629529984,0.15543538701338794,False,0.0,0.6178312391151535,0.011584836650651242,FUSED,ACCEPTED,ACCEPTED,160.521347217,160.521347217
160.60654464599997,0.45881230691451214,10.26825561306154,0.01117831239114983,0.006621271629529984,0.15543538701338794,False,0.0,0.0,0.011584836650651242,MODEL_ONLY,DUPLICATE_OR_OLD,DUPLICATE_OR_OLD,160.521347217,160.521347217
160.656544646,0.39992749444745207,10.289724108095594,0.006180044056858191,0.006621271629529984,0.15543538701338794,False,0.0,0.618004405685819,0.011584836650651242,FUSED,ACCEPTED,ACCEPTED,160.613330168,160.613330168
160.706544646,0.35182418441888186,10.308517900067258,0.011180044056859328,0.006621271629529984,0.15543538701338794,False,0.0,0.0,0.011584836650651242,MODEL_ONLY,DUPLICATE_OR_OLD,DUPLICATE_OR_OLD,160.613330168,160.613330168
160.75654464599998,0.31475935639060665,10.325182488587489,0.006180296725902343,0.006621271629529984,0.15543538701338794,False,0.0,0.6180296725902341,0.011584836650651242,FUSED,ACCEPTED,ACCEPTED,160.711305515,160.711305515
160.806544646,0.26558926177258596,10.339691204041571,0.011180296725903479,0.006621271629529984,0.15543538701338794,False,0.0,0.0,0.011584836650651242,MODEL_ONLY,DUPLICATE_OR_OLD,DUPLICATE_OR_OLD,160.711305515,160.711305515
160.85654464599997,0.2161437524605247,10.351734529397396,0.006180333590296405,0.006621271629529984,0.15543538701338794,False,0.0,0.6180333590296405,0.011584836650651242,FUSED,ACCEPTED,ACCEPTED,160.843260512,160.843260512
160.906544646,0.1671651248433196,10.361317251329993,0.011180333590297542,0.006621271629529984,0.15543538701338794,False,0.0,0.0,0.011584836650651242,MODEL_ONLY,DUPLICATE_OR_OLD,DUPLICATE_OR_OLD,160.843260512,160.843260512
160.956544646,0.14455689584267623,10.369110301847144,0.0061803389687495915,0.006621271629529984,0.15543538701338794,False,0.0,0.6180338968749589,0.011584836650651242,FUSED,ACCEPTED,ACCEPTED,160.955428611,160.955428611
161.00654464599998,0.09818111490095507,10.375178752115733,0.011180338968747885,0.006621271629529984,0.15543538701338794,False,0.0,0.0,0.011584836650651242,MODEL_ONLY,DUPLICATE_OR_OLD,DUPLICATE_OR_OLD,160.955428611,160.955428611
161.056544646,0.05438965452980807,10.378993021351503,0.01618033896874902,0.006621271629529984,0.15543538701338794,False,0.0,0.0,0.011584836650651242,MODEL_ONLY,DUPLICATE_OR_OLD,DUPLICATE_OR_OLD,160.955428611,160.955428611
161.10654464599997,0.0016325893206914615,10.380393577447764,0.0067928507736804275,0.006621271629529984,0.15543538701338794,False,0.0,0.6792850773680426,0.011584836650651242,FUSED,ACCEPTED,ACCEPTED,161.10120007,161.10120007
161.156544646,0.0,10.380434392180783,0.011792850773681564,0.006621271629529984,0.15543538701338794,False,0.0,0.0,0.011584836650651242,MODEL_ONLY,DUPLICATE_OR_OLD,DUPLICATE_OR_OLD,161.10120007,161.10120007
161.206544646,-0.030625908152241723,10.379668744476977,0.0167928507736827,0.006621271629529984,0.15543538701338794,False,0.0,0.0,0.011584836650651242,MODEL_ONLY,DUPLICATE_OR_OLD,DUPLICATE_OR_OLD,161.10120007,161.10120007
161.25654464599998,-0.03549163078396343,10.378015806003573,0.00685463877675346,0.006621271629529984,0.15543538701338794,False,0.0,0.6854638776753458,0.011584836650651242,FUSED,ACCEPTED,ACCEPTED,161.205525747,161.205525747
161.306544646,-0.05739644810927823,10.37569360403124,0.011854638776754597,0.006621271629529984,0.15543538701338794,False,0.0,0.0,0.011584836650651242,MODEL_ONLY,DUPLICATE_OR_OLD,DUPLICATE_OR_OLD,161.205525747,161.205525747
161.35654464599997,-0.035729367090216284,10.373365458651254,0.006276248553133903,0.006621271629529984,0.15543538701338794,False,0.0,0.6276248553133902,0.011584836650651242,FUSED,ACCEPTED,ACCEPTED,161.321153681,161.321153681
161.406544646,-0.05067215403740004,10.371205420623063,0.01127624855313504,0.006621271629529984,0.15543538701338794,False,0.0,0.0,0.011584836650651242,MODEL_ONLY,DUPLICATE_OR_OLD,DUPLICATE_OR_OLD,161.321153681,161.321153681
161.456544646,-0.030446829351932474,10.369177446038329,0.006194281699011232,0.006621271629529984,0.15543538701338794,False,0.0,0.619428169901123,0.011584836650651242,FUSED,ACCEPTED,ACCEPTED,161.411122547,161.411122547
161.50654464599998,-0.04050155535301889,10.367403736420707,0.011194281699009528,0.006621271629529984,0.15543538701338794,False,0.0,0.0,0.011584836650651242,MODEL_ONLY,DUPLICATE_OR_OLD,DUPLICATE_OR_OLD,161.411122547,161.411122547
161.556544646,-0.022963481016329806,10.365817110511472,0.006182372887752182,0.006621271629529984,0.15543538701338794,False,0.0,0.6182372887752179,0.011584836650651242,FUSED,ACCEPTED,ACCEPTED,161.511087419,161.511087419
161.60654464599997,0.0,10.365243023486064,0.011182372887750477,0.006621271629529984,0.15543538701338794,False,0.0,0.0,0.0,STOPPED,DUPLICATE_OR_OLD,DUPLICATE_OR_OLD,161.511087419,161.511087419
161.656544646,0.0,10.365243023486064,0.006180636475207294,0.006621271629529984,0.15543538701338794,False,0.0,0.0,0.0,STOPPED,ACCEPTED,ACCEPTED,161.611062383,161.611062383
161.706544646,0.0,10.365243023486064,0.011180636475208432,0.006621271629529984,0.15543538701338794,False,0.0,0.0,0.0,STOPPED,DUPLICATE_OR_OLD,DUPLICATE_OR_OLD,161.611062383,161.611062383
161.75654464599998,0.0,10.365243023486064,0.006180383158572146,0.006621271629529984,0.15543538701338794,False,0.0,0.0,0.0,STOPPED,ACCEPTED,ACCEPTED,161.709037831,161.709037831
161.806544646,0.0,10.365243023486064,0.011180383158573283,0.006621271629529984,0.15543538701338794,False,0.0,0.0,0.0,STOPPED,DUPLICATE_OR_OLD,DUPLICATE_OR_OLD,161.709037831,161.709037831
161.85654464599997,0.0,10.365243023486064,0.00618034620065293,0.006621271629529984,0.15543538701338794,False,0.0,0.0,0.0,STOPPED,ACCEPTED,ACCEPTED,161.845009107,161.845009107
161.906544646,0.0,10.365243023486064,0.011180346200654067,0.006621271629529984,0.15543538701338794,False,0.0,0.0,0.0,STOPPED,DUPLICATE_OR_OLD,DUPLICATE_OR_OLD,161.845009107,161.845009107
161.956544646,0.0,10.365243023486064,0.016180346200655206,0.006621271629529984,0.15543538701338794,False,0.0,0.0,0.0,STOPPED,DUPLICATE_OR_OLD,DUPLICATE_OR_OLD,161.845009107,161.845009107
162.00654464599998,0.0,10.365243023486064,0.006792851517540107,0.006621271629529984,0.15543538701338794,False,0.0,0.0,0.0,STOPPED,ACCEPTED,ACCEPTED,161.906986369,161.906986369
162.056544646,0.0,10.365243023486064,0.011792851517541244,0.006621271629529984,0.15543538701338794,False,0.0,0.0,0.0,STOPPED,DUPLICATE_OR_OLD,DUPLICATE_OR_OLD,161.906986369,161.906986369
162.10654464599997,0.0,10.365243023486064,0.006267661173185076,0.006621271629529984,0.15543538701338794,False,0.0,0.0,0.0,STOPPED,ACCEPTED,ACCEPTED,162.014953994,162.014953994
162.156544646,0.0,10.365243023486064,0.005298025524025288,0.006621271629529984,0.15543538701338794,False,0.0,0.0,0.0,STOPPED,ACCEPTED,ACCEPTED,162.112917507,162.112917507
162.206544646,0.0,10.365243023486064,0.010298025524026425,0.006621271629529984,0.15543538701338794,False,0.0,0.0,0.0,STOPPED,DUPLICATE_OR_OLD,DUPLICATE_OR_OLD,162.112917507,162.112917507
162.25654464599998,0.0,10.365243023486064,0.01529802552402472,0.006621271629529984,0.15543538701338794,False,0.0,0.0,0.0,STOPPED,DUPLICATE_OR_OLD,DUPLICATE_OR_OLD,162.112917507,162.112917507
162.306544646,0.0,10.365243023486064,0.006699454889537222,0.006621271629529984,0.15543538701338794,False,0.0,0.0,0.0,STOPPED,ACCEPTED,ACCEPTED,162.284875399,162.284875399
162.35654464599997,0.0,10.365243023486064,0.005391589304474896,0.006621271629529984,0.15543538701338794,False,0.0,0.0,0.0,STOPPED,ACCEPTED,ACCEPTED,162.322861567,162.322861567
162.406544646,0.0,10.365243023486064,0.010391589304476034,0.006621271629529984,0.15543538701338794,False,0.0,0.0,0.0,STOPPED,DUPLICATE_OR_OLD,DUPLICATE_OR_OLD,162.322861567,162.322861567
162.456544646,0.0,10.365243023486064,0.006061688033747164,0.006621271629529984,0.15543538701338794,False,0.0,0.0,0.0,STOPPED,ACCEPTED,ACCEPTED,162.410838709,162.410838709
162.50654464599998,0.0,10.365243023486064,0.011061688033745458,0.006621271629529984,0.15543538701338794,False,0.0,0.0,0.0,STOPPED,DUPLICATE_OR_OLD,DUPLICATE_OR_OLD,162.410838709,162.410838709
162.556544646,0.0,10.365243023486064,0.006162950002681614,0.006621271629529984,0.15543538701338794,False,0.0,0.0,0.0,STOPPED,ACCEPTED,ACCEPTED,162.508813872,162.508813872
162.60654464599997,0.0,10.365243023486064,0.01116295000267991,0.006621271629529984,0.15543538701338794,False,0.0,0.0,0.0,STOPPED,DUPLICATE_OR_OLD,DUPLICATE_OR_OLD,162.508813872,162.508813872
162.656544646,0.0,10.365243023486064,0.006177801051114172,0.006621271629529984,0.15543538701338794,False,0.0,0.0,0.0,STOPPED,ACCEPTED,ACCEPTED,162.614783088,162.614783088
162.706544646,0.0,10.365243023486064,0.01117780105111531,0.006621271629529984,0.15543538701338794,False,0.0,0.0,0.0,STOPPED,DUPLICATE_OR_OLD,DUPLICATE_OR_OLD,162.614783088,162.614783088
162.75654464599998,0.0,10.365243023486064,0.00617996944033823,0.006621271629529984,0.15543538701338794,False,0.0,0.0,0.0,STOPPED,ACCEPTED,ACCEPTED,162.710757792,162.710757792
162.806544646,0.0,10.365243023486064,0.011179969440339367,0.006621271629529984,0.15543538701338794,False,0.0,0.0,0.0,STOPPED,DUPLICATE_OR_OLD,DUPLICATE_OR_OLD,162.710757792,162.710757792
162.85654464599997,0.0,10.365243023486064,0.006180285839221735,0.006621271629529984,0.15543538701338794,False,0.0,0.0,0.0,STOPPED,ACCEPTED,ACCEPTED,162.842716787,162.842716787
162.906544646,0.0,10.365243023486064,0.011180285839222873,0.006621271629529984,0.15543538701338794,False,0.0,0.0,0.0,STOPPED,DUPLICATE_OR_OLD,DUPLICATE_OR_OLD,162.842716787,162.842716787
162.956544646,0.0,10.365243023486064,0.00618033200194563,0.006621271629529984,0.15543538701338794,False,0.0,0.0,0.0,STOPPED,ACCEPTED,ACCEPTED,162.910709226,162.910709226
163.00654464599998,0.0,10.365243023486064,0.011180332001943925,0.006621271629529984,0.15543538701338794,False,0.0,0.0,0.0,STOPPED,DUPLICATE_OR_OLD,DUPLICATE_OR_OLD,162.910709226,162.910709226
163.056544646,0.0,10.365243023486064,0.006180338737011796,0.006621271629529984,0.15543538701338794,False,0.0,0.0,0.0,STOPPED,ACCEPTED,ACCEPTED,163.014672386,163.014672386
163.10654464599997,0.0,10.365243023486064,0.01118033873701009,0.006621271629529984,0.15543538701338794,False,0.0,0.0,0.0,STOPPED,DUPLICATE_OR_OLD,DUPLICATE_OR_OLD,163.014672386,163.014672386
163.156544646,0.0,10.365243023486064,0.006180339719645045,0.006621271629529984,0.15543538701338794,False,0.0,0.0,0.0,STOPPED,ACCEPTED,ACCEPTED,163.114645208,163.114645208
163.206544646,0.0,10.365243023486064,0.011180339719646182,0.006621271629529984,0.15543538701338794,False,0.0,0.0,0.0,STOPPED,DUPLICATE_OR_OLD,DUPLICATE_OR_OLD,163.114645208,163.114645208
163.25654464599998,0.0,10.365243023486064,0.0061803398630093116,0.006621271629529984,0.15543538701338794,False,0.0,0.0,0.0,STOPPED,ACCEPTED,ACCEPTED,163.214623013,163.214623013
163.306544646,0.0,10.365243023486064,0.011180339863010449,0.006621271629529984,0.15543538701338794,False,0.0,0.0,0.0,STOPPED,DUPLICATE_OR_OLD,DUPLICATE_OR_OLD,163.214623013,163.214623013
163.35654464599997,0.0,10.365243023486064,0.006180339883925877,0.006621271629529984,0.15543538701338794,False,0.0,0.0,0.0,STOPPED,ACCEPTED,ACCEPTED,163.310597804,163.310597804
163.406544646,0.0,10.365243023486064,0.011180339883927014,0.006621271629529984,0.15543538701338794,False,0.0,0.0,0.0,STOPPED,DUPLICATE_OR_OLD,DUPLICATE_OR_OLD,163.310597804,163.310597804
163.456544646,0.0,10.365243023486064,0.01618033988392815,0.006621271629529984,0.15543538701338794,False,0.0,0.0,0.0,STOPPED,DUPLICATE_OR_OLD,DUPLICATE_OR_OLD,163.310597804,163.310597804
163.50654464599998,0.0,10.365243023486064,0.006792850867813976,0.006621271629529984,0.15543538701338794,False,0.0,0.0,0.0,STOPPED,ACCEPTED,ACCEPTED,163.412558521,163.412558521
163.556544646,0.0,10.365243023486064,0.005411339222823503,0.006621271629529984,0.15543538701338794,False,0.0,0.0,0.0,STOPPED,ACCEPTED,ACCEPTED,163.510536887,163.510536887
163.60654464599997,0.0,10.365243023486064,0.010411339222821798,0.006621271629529984,0.15543538701338794,False,0.0,0.0,0.0,STOPPED,DUPLICATE_OR_OLD,DUPLICATE_OR_OLD,163.510536887,163.510536887
163.656544646,0.0,10.365243023486064,0.006064748924756157,0.006621271629529984,0.15543538701338794,False,0.0,0.0,0.0,STOPPED,ACCEPTED,ACCEPTED,163.602504274,163.602504274
163.706544646,0.0,10.365243023486064,0.011064748924757294,0.006621271629529984,0.15543538701338794,False,0.0,0.0,0.0,STOPPED,DUPLICATE_OR_OLD,DUPLICATE_OR_OLD,163.602504274,163.602504274
163.75654464599998,0.0,10.365243023486064,0.01606474892475559,0.006621271629529984,0.15543538701338794,False,0.0,0.0,0.0,STOPPED,DUPLICATE_OR_OLD,DUPLICATE_OR_OLD,163.602504274,163.602504274
163.806544646,0.0,10.365243023486064,0.006780917166199723,0.006621271629529984,0.15543538701338794,False,0.0,0.0,0.0,STOPPED,ACCEPTED,ACCEPTED,163.7144778,163.7144778
163.85654464599997,0.0,10.365243023486064,0.011780917166198019,0.006621271629529984,0.15543538701338794,False,0.0,0.0,0.0,STOPPED,DUPLICATE_OR_OLD,DUPLICATE_OR_OLD,163.7144778,163.7144778
163.906544646,0.0,10.365243023486064,0.006265997935044122,0.006621271629529984,0.15543538701338794,False,0.0,0.0,0.0,STOPPED,ACCEPTED,ACCEPTED,163.844439059,163.844439059
163.956544646,0.0,10.365243023486064,0.005297657777197223,0.006621271629529984,0.15543538701338794,False,0.0,0.0,0.0,STOPPED,ACCEPTED,ACCEPTED,163.90695566,163.90695566
164.00654464599998,0.0,10.365243023486064,0.010297657777195518,0.006621271629529984,0.15543538701338794,False,0.0,0.0,0.0,STOPPED,DUPLICATE_OR_OLD,DUPLICATE_OR_OLD,163.90695566,163.90695566
164.056544646,0.0,10.365243023486064,0.006047064875304776,0.006621271629529984,0.15543538701338794,False,0.0,0.0,0.0,STOPPED,ACCEPTED,ACCEPTED,164.0164001,164.0164001
164.10654464599997,0.0,10.365243023486064,0.011047064875303072,0.006621271629529984,0.15543538701338794,False,0.0,0.0,0.0,STOPPED,DUPLICATE_OR_OLD,DUPLICATE_OR_OLD,164.0164001,164.0164001
164.156544646,0.0,10.365243023486064,0.006160795833283612,0.006621271629529984,0.15543538701338794,False,0.0,0.0,0.0,STOPPED,ACCEPTED,ACCEPTED,164.112369368,164.112369368
164.206544646,0.0,10.365243023486064,0.01116079583328475,0.006621271629529984,0.15543538701338794,False,0.0,0.0,0.0,STOPPED,DUPLICATE_OR_OLD,DUPLICATE_OR_OLD,164.112369368,164.112369368
164.25654464599998,0.0,10.365243023486064,0.006177486318180922,0.006621271629529984,0.15543538701338794,False,0.0,0.0,0.0,STOPPED,ACCEPTED,ACCEPTED,164.214345906,164.214345906
164.306544646,0.0,10.365243023486064,0.01117748631818206,0.006621271629529984,0.15543538701338794,False,0.0,0.0,0.0,STOPPED,DUPLICATE_OR_OLD,DUPLICATE_OR_OLD,164.214345906,164.214345906
164.35654464599997,0.0,10.365243023486064,0.006179923511962658,0.006621271629529984,0.15543538701338794,False,0.0,0.0,0.0,STOPPED,ACCEPTED,ACCEPTED,164.320312179,164.320312179
164.406544646,0.0,10.365243023486064,0.011179923511963796,0.006621271629529984,0.15543538701338794,False,0.0,0.0,0.0,STOPPED,DUPLICATE_OR_OLD,DUPLICATE_OR_OLD,164.320312179,164.320312179
164.456544646,0.0,10.365243023486064,0.00618027913816107,0.006621271629529984,0.15543538701338794,False,0.0,0.0,0.0,STOPPED,ACCEPTED,ACCEPTED,164.410291995,164.410291995
164.50654464599998,0.0,10.365243023486064,0.011180279138159364,0.006621271629529984,0.15543538701338794,False,0.0,0.0,0.0,STOPPED,DUPLICATE_OR_OLD,DUPLICATE_OR_OLD,164.410291995,164.410291995
164.556544646,0.0,10.365243023486064,0.006180331024269352,0.006621271629529984,0.15543538701338794,False,0.0,0.0,0.0,STOPPED,ACCEPTED,ACCEPTED,164.514255988,164.514255988
164.60654464599997,0.0,10.365243023486064,0.011180331024267647,0.006621271629529984,0.15543538701338794,False,0.0,0.0,0.0,STOPPED,DUPLICATE_OR_OLD,DUPLICATE_OR_OLD,164.514255988,164.514255988
164.656544646,0.0,10.365243023486064,0.006180338594370658,0.006621271629529984,0.15543538701338794,False,0.0,0.0,0.0,STOPPED,ACCEPTED,ACCEPTED,164.614234766,164.614234766
164.706544646,0.0,10.365243023486064,0.011180338594371796,0.006621271629529984,0.15543538701338794,False,0.0,0.0,0.0,STOPPED,DUPLICATE_OR_OLD,DUPLICATE_OR_OLD,164.614234766,164.614234766
164.75654464599998,0.0,10.365243023486064,0.006180339698833982,0.006621271629529984,0.15543538701338794,False,0.0,0.0,0.0,STOPPED,ACCEPTED,ACCEPTED,164.710202976,164.710202976
164.806544646,0.0,10.365243023486064,0.01118033969883512,0.006621271629529984,0.15543538701338794,False,0.0,0.0,0.0,STOPPED,DUPLICATE_OR_OLD,DUPLICATE_OR_OLD,164.710202976,164.710202976
164.85654464599997,0.0,10.365243023486064,0.006180339859973018,0.006621271629529984,0.15543538701338794,False,0.0,0.0,0.0,STOPPED,ACCEPTED,ACCEPTED,164.844164121,164.844164121
164.906544646,0.0,10.365243023486064,0.011180339859974155,0.006621271629529984,0.15543538701338794,False,0.0,0.0,0.0,STOPPED,DUPLICATE_OR_OLD,DUPLICATE_OR_OLD,164.844164121,164.844164121
164.956544646,0.0,10.365243023486064,0.016180339859975294,0.006621271629529984,0.15543538701338794,False,0.0,0.0,0.0,STOPPED,DUPLICATE_OR_OLD,DUPLICATE_OR_OLD,164.844164121,164.844164121
165.00654464599998,0.0,10.365243023486064,0.006792850865350231,0.006621271629529984,0.15543538701338794,False,0.0,0.0,0.0,STOPPED,ACCEPTED,ACCEPTED,164.972131435,164.972131435
165.056544646,0.0,10.365243023486064,0.005411339222304742,0.006621271629529984,0.15543538701338794,False,0.0,0.0,0.0,STOPPED,ACCEPTED,ACCEPTED,165.022113847,165.022113847
165.10654464599997,0.0,10.365243023486064,0.010411339222303036,0.006621271629529984,0.15543538701338794,False,0.0,0.0,0.0,STOPPED,DUPLICATE_OR_OLD,DUPLICATE_OR_OLD,165.022113847,165.022113847
165.156544646,0.0,10.365243023486064,0.00606474892467582,0.006621271629529984,0.15543538701338794,False,0.0,0.0,0.0,STOPPED,ACCEPTED,ACCEPTED,165.126089821,165.126089821
165.206544646,0.0,10.365243023486064,0.011064748924676958,0.006621271629529984,0.15543538701338794,False,0.0,0.0,0.0,STOPPED,DUPLICATE_OR_OLD,DUPLICATE_OR_OLD,165.126089821,165.126089821
165.25654464599998,0.0,10.365243023486064,0.006163400603282585,0.006621271629529984,0.15543538701338794,False,0.0,0.0,0.0,STOPPED,ACCEPTED,ACCEPTED,165.210065867,165.210065867
165.306544646,0.0,10.365243023486064,0.011163400603283722,0.006621271629529984,0.15543538701338794,False,0.0,0.0,0.0,STOPPED,DUPLICATE_OR_OLD,DUPLICATE_OR_OLD,165.210065867,165.210065867
165.35654464599997,0.0,10.365243023486064,0.006177866879145073,0.006621271629529984,0.15543538701338794,False,0.0,0.0,0.0,STOPPED,ACCEPTED,ACCEPTED,165.328035522,165.328035522
165.406544646,0.0,10.365243023486064,0.01117786687914621,0.006621271629529984,0.15543538701338794,False,0.0,0.0,0.0,STOPPED,DUPLICATE_OR_OLD,DUPLICATE_OR_OLD,165.328035522,165.328035522
165.456544646,0.0,10.365243023486064,0.0061799790463577635,0.006621271629529984,0.15543538701338794,False,0.0,0.0,0.0,STOPPED,ACCEPTED,ACCEPTED,165.416007432,165.416007432
165.50654464599998,0.0,10.365243023486064,0.011179979046356057,0.006621271629529984,0.15543538701338794,False,0.0,0.0,0.0,STOPPED,DUPLICATE_OR_OLD,DUPLICATE_OR_OLD,165.416007432,165.416007432
165.556544646,0.0,10.365243023486064,0.006180287240760246,0.006621271629529984,0.15543538701338794,False,0.0,0.0,0.0,STOPPED,ACCEPTED,ACCEPTED,165.513983309,165.513983309
165.60654464599997,0.0,10.365243023486064,0.011180287240758542,0.006621271629529984,0.15543538701338794,False,0.0,0.0,0.0,STOPPED,DUPLICATE_OR_OLD,DUPLICATE_OR_OLD,165.513983309,165.513983309
165.656544646,0.0,10.365243023486064,0.0061803322064277605,0.006621271629529984,0.15543538701338794,False,0.0,0.0,0.0,STOPPED,ACCEPTED,ACCEPTED,165.625958809,165.625958809
165.706544646,0.0,10.365243023486064,0.011180332206428898,0.006621271629529984,0.15543538701338794,False,0.0,0.0,0.0,STOPPED,DUPLICATE_OR_OLD,DUPLICATE_OR_OLD,165.625958809,165.625958809
165.75654464599998,0.0,10.365243023486064,0.016180332206427193,0.006621271629529984,0.15543538701338794,False,0.0,0.0,0.0,STOPPED,DUPLICATE_OR_OLD,DUPLICATE_OR_OLD,165.625958809,165.625958809
165.806544646,0.0,10.365243023486064,0.006792850078121254,0.006621271629529984,0.15543538701338794,False,0.0,0.0,0.0,STOPPED,ACCEPTED,ACCEPTED,165.707939526,165.707939526
165.85654464599997,0.0,10.365243023486064,0.005411339056546718,0.006621271629529984,0.15543538701338794,False,0.0,0.0,0.0,STOPPED,ACCEPTED,ACCEPTED,165.841886072,165.841886072
165.906544646,0.0,10.365243023486064,0.010411339056547855,0.006621271629529984,0.15543538701338794,False,0.0,0.0,0.0,STOPPED,DUPLICATE_OR_OLD,DUPLICATE_OR_OLD,165.841886072,165.841886072
165.956544646,0.0,10.365243023486064,0.00606474889900664,0.006621271629529984,0.15543538701338794,False,0.0,0.0,0.0,STOPPED,ACCEPTED,ACCEPTED,165.90786839,165.90786839
166.00654464599998,0.0,10.365243023486064,0.011064748899004936,0.006621271629529984,0.15543538701338794,False,0.0,0.0,0.0,STOPPED,DUPLICATE_OR_OLD,DUPLICATE_OR_OLD,165.90786839,165.90786839
166.056544646,0.0,10.365243023486064,0.006163400599504211,0.006621271629529984,0.15543538701338794,False,0.0,0.0,0.0,STOPPED,ACCEPTED,ACCEPTED,166.013844313,166.013844313
166.10654464599997,0.0,10.365243023486064,0.011163400599502507,0.006621271629529984,0.15543538701338794,False,0.0,0.0,0.0,STOPPED,DUPLICATE_OR_OLD,DUPLICATE_OR_OLD,166.013844313,166.013844313
166.156544646,0.0,10.365243023486064,0.006177866878593102,0.006621271629529984,0.15543538701338794,False,0.0,0.0,0.0,STOPPED,ACCEPTED,ACCEPTED,166.113823099,166.113823099
166.206544646,0.0,10.365243023486064,0.011177866878594239,0.006621271629529984,0.15543538701338794,False,0.0,0.0,0.0,STOPPED,DUPLICATE_OR_OLD,DUPLICATE_OR_OLD,166.113823099,166.113823099
166.25654464599998,0.0,10.365243023486064,0.016177866878592535,0.006621271629529984,0.15543538701338794,False,0.0,0.0,0.0,STOPPED,DUPLICATE_OR_OLD,DUPLICATE_OR_OLD,166.113823099,166.113823099
166.306544646,0.0,10.365243023486064,0.006792596479117733,0.006621271629529984,0.15543538701338794,False,0.0,0.0,0.0,STOPPED,ACCEPTED,ACCEPTED,166.204262485,166.204262485
166.35654464599997,0.0,10.365243023486064,0.005411285658602885,0.006621271629529984,0.15543538701338794,False,0.0,0.0,0.0,STOPPED,ACCEPTED,ACCEPTED,166.309761074,166.309761074
166.406544646,0.0,10.365243023486064,0.010411285658604021,0.006621271629529984,0.15543538701338794,False,0.0,0.0,0.0,STOPPED,DUPLICATE_OR_OLD,DUPLICATE_OR_OLD,166.309761074,166.309761074
166.456544646,0.0,10.365243023486064,0.00606474062967623,0.006621271629529984,0.15543538701338794,False,0.0,0.0,0.0,STOPPED,ACCEPTED,ACCEPTED,166.409727335,166.409727335
166.50654464599998,0.0,10.365243023486064,0.011064740629674524,0.006621271629529984,0.15543538701338794,False,0.0,0.0,0.0,STOPPED,DUPLICATE_OR_OLD,DUPLICATE_OR_OLD,166.409727335,166.409727335
166.556544646,0.0,10.365243023486064,0.0061633993823001516,0.006621271629529984,0.15543538701338794,False,0.0,0.0,0.0,STOPPED,ACCEPTED,ACCEPTED,166.51370066,166.51370066
166.60654464599997,0.0,10.365243023486064,0.011163399382298447,0.006621271629529984,0.15543538701338794,False,0.0,0.0,0.0,STOPPED,DUPLICATE_OR_OLD,DUPLICATE_OR_OLD,166.51370066,166.51370066
166.656544646,0.0,10.365243023486064,0.0061778667007753845,0.006621271629529984,0.15543538701338794,False,0.0,0.0,0.0,STOPPED,ACCEPTED,ACCEPTED,166.621671796,166.621671796
166.706544646,0.0,10.365243023486064,0.011177866700776522,0.006621271629529984,0.15543538701338794,False,0.0,0.0,0.0,STOPPED,DUPLICATE_OR_OLD,DUPLICATE_OR_OLD,166.621671796,166.621671796
166.75654464599998,0.0,10.365243023486064,0.016177866700774816,0.006621271629529984,0.15543538701338794,False,0.0,0.0,0.0,STOPPED,DUPLICATE_OR_OLD,DUPLICATE_OR_OLD,166.621671796,166.621671796
166.806544646,0.0,10.365243023486064,0.006792596460824847,0.006621271629529984,0.15543538701338794,False,0.0,0.0,0.0,STOPPED,ACCEPTED,ACCEPTED,166.711642002,166.711642002
166.85654464599997,0.0,10.365243023486064,0.005411285654751081,0.006621271629529984,0.15543538701338794,False,0.0,0.0,0.0,STOPPED,ACCEPTED,ACCEPTED,166.841609068,166.841609068
166.906544646,0.0,10.365243023486064,0.010411285654752217,0.006621271629529984,0.15543538701338794,False,0.0,0.0,0.0,STOPPED,DUPLICATE_OR_OLD,DUPLICATE_OR_OLD,166.841609068,166.841609068
166.956544646,0.0,10.365243023486064,0.015411285654753354,0.006621271629529984,0.15543538701338794,False,0.0,0.0,0.0,STOPPED,DUPLICATE_OR_OLD,DUPLICATE_OR_OLD,166.841609068,166.841609068
167.00654464599998,0.0,10.365243023486064,0.006711747042355793,0.006621271629529984,0.15543538701338794,False,0.0,0.0,0.0,STOPPED,ACCEPTED,ACCEPTED,166.907596917,166.907596917
167.056544646,0.0,10.365243023486064,0.005394198366215654,0.006621271629529984,0.15543538701338794,False,0.0,0.0,0.0,STOPPED,ACCEPTED,ACCEPTED,167.021562239,167.021562239
167.10654464599997,0.0,10.365243023486064,0.010394198366213948,0.006621271629529984,0.15543538701338794,False,0.0,0.0,0.0,STOPPED,DUPLICATE_OR_OLD,DUPLICATE_OR_OLD,167.021562239,167.021562239
167.156544646,0.0,10.365243023486064,0.006062092665502611,0.006621271629529984,0.15543538701338794,False,0.0,0.0,0.0,STOPPED,ACCEPTED,ACCEPTED,167.113527325,167.113527325
167.206544646,0.0,10.365243023486064,0.011062092665503748,0.006621271629529984,0.15543538701338794,False,0.0,0.0,0.0,STOPPED,DUPLICATE_OR_OLD,DUPLICATE_OR_OLD,167.113527325,167.113527325
167.25654464599998,0.0,10.365243023486064,0.006163009575498582,0.006621271629529984,0.15543538701338794,False,0.0,0.0,0.0,STOPPED,ACCEPTED,ACCEPTED,167.211513204,167.211513204
167.306544646,0.0,10.365243023486064,0.011163009575499719,0.006621271629529984,0.15543538701338794,False,0.0,0.0,0.0,STOPPED,DUPLICATE_OR_OLD,DUPLICATE_OR_OLD,167.211513204,167.211513204
167.35654464599997,0.000420062310486049,10.365253525043826,0.006177809754209193,0.006621271629529984,0.15543538701338794,False,0.0,0.6177809754209193,0.0,FUSED,ACCEPTED,ACCEPTED,167.311479438,167.311479438
167.406544646,0.002481226187357241,10.365326057256272,0.01117780975421033,0.006621271629529984,0.15543538701338794,False,0.0,0.0,0.0,MODEL_ONLY,DUPLICATE_OR_OLD,DUPLICATE_OR_OLD,167.311479438,167.311479438
167.456544646,0.002050380239336471,10.36543934741694,0.006179970710348979,0.006621271629529984,0.15543538701338794,False,0.0,0.6179970710348979,0.0,FUSED,ACCEPTED,ACCEPTED,167.411445859,167.411445859
167.50654464599998,0.005692362348557335,10.365632915981637,0.011179970710347275,0.006621271629529984,0.15543538701338794,False,0.0,0.0,0.0,MODEL_ONLY,DUPLICATE_OR_OLD,DUPLICATE_OR_OLD,167.411445859,167.411445859
167.556544646,0.009947265324314235,10.366023906673458,0.016179970710348414,0.006621271629529984,0.15543538701338794,False,0.0,0.0,0.0,MODEL_ONLY,DUPLICATE_OR_OLD,DUPLICATE_OR_OLD,167.411445859,167.411445859
167.60654464599997,0.00504791434825658,10.366398786165272,0.0067928128948878015,0.006621271629529984,0.15543538701338794,False,0.0,0.6792812894887801,0.0,FUSED,ACCEPTED,ACCEPTED,167.511428789,167.511428789
167.656544646,0.00564692862481116,10.366666157239598,0.0054113312273032475,0.006621271629529984,0.15543538701338794,False,0.0,0.5411331227303247,0.0,FUSED,ACCEPTED,ACCEPTED,167.615393411,167.615393411
167.706544646,0.014132136130273166,10.367160633858475,0.010411331227304385,0.006621271629529984,0.15543538701338794,False,0.0,0.0,0.0,MODEL_ONLY,DUPLICATE_OR_OLD,DUPLICATE_OR_OLD,167.615393411,167.615393411
167.75654464599998,0.009284800213302436,10.367746057267064,0.006064747686553428,0.006621271629529984,0.15543538701338794,False,0.0,0.6064747686553427,0.0,FUSED,ACCEPTED,ACCEPTED,167.707376655,167.707376655
167.806544646,0.01976682873490808,10.36847234799077,0.011064747686554566,0.006621271629529984,0.15543538701338794,False,0.0,0.0,0.0,MODEL_ONLY,DUPLICATE_OR_OLD,DUPLICATE_OR_OLD,167.707376655,167.707376655
167.85654464599997,0.030955451439363083,10.369740404995126,0.01606474768655286,0.006621271629529984,0.15543538701338794,False,0.0,0.0,0.0,MODEL_ONLY,DUPLICATE_OR_OLD,DUPLICATE_OR_OLD,167.707376655,167.707376655
167.906544646,0.024671368009406076,10.371131075481344,0.0067809170378910315,0.006621271629529984,0.15543538701338794,False,0.0,0.678091703789103,0.0,FUSED,ACCEPTED,ACCEPTED,167.843324036,167.843324036
167.956544646,0.024552017243296188,10.372361660112663,0.005408825081789238,0.006621271629529984,0.15543538701338794,False,0.0,0.5408825081789236,0.0,FUSED,ACCEPTED,ACCEPTED,167.911316463,167.911316463
168.00654464599998,0.039617161034642426,10.37396588956961,0.010408825081787532,0.006621271629529984,0.15543538701338794,False,0.0,0.0,0.0,MODEL_ONLY,DUPLICATE_OR_OLD,DUPLICATE_OR_OLD,167.911316463,167.911316463
168.056544646,0.03090741325697024,10.375729003926901,0.006064359541296806,0.006621271629529984,0.15543538701338794,False,0.0,0.6064359541296804,0.0,FUSED,ACCEPTED,ACCEPTED,168.009293034,168.009293034
168.10654464599997,0.04774555760004444,10.377695328198326,0.011064359541295102,0.006621271629529984,0.15543538701338794,False,0.0,0.0,0.0,MODEL_ONLY,DUPLICATE_OR_OLD,DUPLICATE_OR_OLD,168.009293034,168.009293034
168.156544646,0.03468598056823751,10.379756116652535,0.006163343287159598,0.006621271629529984,0.15543538701338794,False,0.0,0.6163343287159597,0.0,FUSED,ACCEPTED,ACCEPTED,168.11125391,168.11125391
168.206544646,0.05291015873017047,10.381946020134995,0.011163343287160735,0.006621271629529984,0.15543538701338794,False,0.0,0.0,0.0,MODEL_ONLY,DUPLICATE_OR_OLD,DUPLICATE_OR_OLD,168.11125391,168.11125391
168.25654464599998,0.07148619062334263,10.385055928868834,0.01616334328715903,0.006621271629529984,0.15543538701338794,False,0.0,0.0,0.0,MODEL_ONLY,DUPLICATE_OR_OLD,DUPLICATE_OR_OLD,168.11125391,168.11125391
168.306544646,0.0544318777707352,10.388203880578686,0.0067911016774249095,0.006621271629529984,0.15543538701338794,False,0.0,0.6791101677424908,0.0,FUSED,ACCEPTED,ACCEPTED,168.207239115,168.207239115
168.35654464599997,0.043704002349700004,10.390657277581695,0.005410970887093535,0.006621271629529984,0.15543538701338794,False,0.0,0.5410970887093534,0.0,FUSED,ACCEPTED,ACCEPTED,168.311205706,168.311205706
168.406544646,0.06387507740880857,10.39334675457566,0.010410970887094672,0.006621271629529984,0.15543538701338794,False,0.0,0.0,0.0,MODEL_ONLY,DUPLICATE_OR_OLD,DUPLICATE_OR_OLD,168.311205706,168.311205706
168.456544646,0.043769936437468224,10.396037879921817,0.006064691882718186,0.006621271629529984,0.15543538701338794,False,0.0,0.6064691882718185,0.0,FUSED,ACCEPTED,ACCEPTED,168.413184489,168.413184489
168.50654464599998,0.0645543051090317,10.39874598596048,0.011064691882716481,0.006621271629529984,0.15543538701338794,False,0.0,0.0,0.0,MODEL_ONLY,DUPLICATE_OR_OLD,DUPLICATE_OR_OLD,168.413184489,168.413184489
168.556544646,0.044380827764778315,10.401469364282324,0.006163392206976147,0.006621271629529984,0.15543538701338794,False,0.0,0.6163392206976146,0.0,FUSED,ACCEPTED,ACCEPTED,168.511146476,168.511146476
168.60654464599997,0.06566139865608789,10.404220419942845,0.011163392206974442,0.006621271629529984,0.15543538701338794,False,0.0,0.0,0.0,MODEL_ONLY,DUPLICATE_OR_OLD,DUPLICATE_OR_OLD,168.511146476,168.511146476
168.656544646,0.07399599327098623,10.407711854741024,0.006177865652553327,0.006621271629529984,0.15543538701338794,False,0.0,0.6177865652553326,0.0,FUSED,ACCEPTED,ACCEPTED,168.631109531,168.631109531
168.706544646,0.09523943205647283,10.41194274037421,0.011177865652554464,0.006621271629529984,0.15543538701338794,False,0.0,0.0,0.0,MODEL_ONLY,DUPLICATE_OR_OLD,DUPLICATE_OR_OLD,168.631109531,168.631109531
168.75654464599998,0.12474687113067559,10.417442397953886,0.006179978867366202,0.006621271629529984,0.15543538701338794,False,0.0,0.61799788673662,0.0,FUSED,ACCEPTED,ACCEPTED,168.711071389,168.711071389
168.806544646,0.14577594879917782,10.424205468452135,0.01117997886736734,0.006621271629529984,0.15543538701338794,False,0.0,0.0,0.0,MODEL_ONLY,DUPLICATE_OR_OLD,DUPLICATE_OR_OLD,168.711071389,168.711071389
168.85654464599997,0.168019936748939,10.432050365590834,0.00618028721464501,0.006621271629529984,0.15543538701338794,False,0.0,0.6180287214645008,0.0,FUSED,ACCEPTED,ACCEPTED,168.821044414,168.821044414
168.906544646,0.18889405501927523,10.440973215385041,0.011180287214646147,0.006621271629529984,0.15543538701338794,False,0.0,0.0,0.0,MODEL_ONLY,DUPLICATE_OR_OLD,DUPLICATE_OR_OLD,168.821044414,168.821044414
168.956544646,0.1769917493543524,10.450120360494385,0.006180332202617997,0.006621271629529984,0.15543538701338794,False,0.0,0.6180332202617997,0.0,FUSED,ACCEPTED,ACCEPTED,168.913014979,168.913014979
169.00654464599998,0.19799449421041418,10.459495016583501,0.011180332202616293,0.006621271629529984,0.15543538701338794,False,0.0,0.0,0.0,MODEL_ONLY,DUPLICATE_OR_OLD,DUPLICATE_OR_OLD,168.913014979,168.913014979
169.056544646,0.20042873124257993,10.469455597219827,0.006180338766289517,0.006621271629529984,0.15543538701338794,False,0.0,0.6180338766289515,0.0,FUSED,ACCEPTED,ACCEPTED,169.018998512,169.018998512
169.10654464599997,0.22141076568540244,10.480001584643023,0.011180338766287812,0.006621271629529984,0.15543538701338794,False,0.0,0.0,0.0,MODEL_ONLY,DUPLICATE_OR_OLD,DUPLICATE_OR_OLD,169.018998512,169.018998512
169.156544646,0.21564313660721315,10.490927932200343,0.006180339723916608,0.006621271629529984,0.15543538701338794,False,0.0,0.6180339723916607,0.0,FUSED,ACCEPTED,ACCEPTED,169.138946727,169.138946727
169.206544646,0.23766320983011932,10.502260590861278,0.011180339723917746,0.006621271629529984,0.15543538701338794,False,0.0,0.0,0.0,MODEL_ONLY,DUPLICATE_OR_OLD,DUPLICATE_OR_OLD,169.138946727,169.138946727
169.25654464599998,0.24127327143279298,10.514234002892849,0.006180339863632524,0.006621271629529984,0.15543538701338794,False,0.0,0.6180339863632524,0.0,FUSED,ACCEPTED,ACCEPTED,169.21093276,169.21093276
169.306544646,0.26409279785869877,10.526868154625138,0.011180339863633662,0.006621271629529984,0.15543538701338794,False,0.0,0.0,0.0,MODEL_ONLY,DUPLICATE_OR_OLD,DUPLICATE_OR_OLD,169.21093276,169.21093276
169.35654464599997,0.26440233031292215,10.540080532829423,0.0061803398840168024,0.006621271629529984,0.15543538701338794,False,0.0,0.6180339884016801,0.0,FUSED,ACCEPTED,ACCEPTED,169.31090241,169.31090241
169.406544646,0.2878313146465572,10.553886373953413,0.01118033988401794,0.006621271629529984,0.15543538701338794,False,0.0,0.0,0.0,MODEL_ONLY,DUPLICATE_OR_OLD,DUPLICATE_OR_OLD,169.31090241,169.31090241
169.456544646,0.28864294537236296,10.56829823045389,0.006180339886991243,0.006621271629529984,0.15543538701338794,False,0.0,0.6180339886991242,0.0,FUSED,ACCEPTED,ACCEPTED,169.412884371,169.412884371
169.50654464599998,0.3125291176643376,10.583327532029802,0.011180339886989538,0.006621271629529984,0.15543538701338794,False,0.0,0.0,0.0,MODEL_ONLY,DUPLICATE_OR_OLD,DUPLICATE_OR_OLD,169.412884371,169.412884371
169.556544646,0.33657002044968815,10.599555010482657,0.016180339886990677,0.006621271629529984,0.15543538701338794,False,0.0,0.0,0.0,MODEL_ONLY,DUPLICATE_OR_OLD,DUPLICATE_OR_OLD,169.412884371,169.412884371
169.60654464599997,0.33797136402233946,10.61641854509445,0.0067928508681289815,0.006621271629529984,0.15543538701338794,False,0.0,0.679285086812898,0.0,FUSED,ACCEPTED,ACCEPTED,169.512844933,169.512844933
169.656544646,0.3366964057401186,10.633285239338516,0.00541133922288983,0.006621271629529984,0.15543538701338794,False,0.0,0.5411339222889829,0.0,FUSED,ACCEPTED,ACCEPTED,169.605181662,169.605181662
169.706544646,0.36122389133530347,10.650733246765403,0.010411339222890968,0.006621271629529984,0.15543538701338794,False,0.0,0.0,0.0,MODEL_ONLY,DUPLICATE_OR_OLD,DUPLICATE_OR_OLD,169.605181662,169.605181662
169.75654464599998,0.3858357369581852,10.669409737472735,0.015411339222889262,0.006621271629529984,0.15543538701338794,False,0.0,0.0,0.0,MODEL_ONLY,DUPLICATE_OR_OLD,DUPLICATE_OR_OLD,169.605181662,169.605181662
169.806544646,0.3681454483266373,10.68825926710486,0.006711752834458186,0.006621271629529984,0.15543538701338794,False,0.0,0.6711752834458183,0.0,FUSED,ACCEPTED,ACCEPTED,169.800774634,169.800774634
169.85654464599997,0.39293765337314585,10.707286344647347,0.011711752834456482,0.006621271629529984,0.15543538701338794,False,0.0,0.0,0.0,MODEL_ONLY,DUPLICATE_OR_OLD,DUPLICATE_OR_OLD,169.800774634,169.800774634
169.906544646,0.4020553762430936,10.727161170387758,0.00625632954079292,0.006621271629529984,0.15543538701338794,False,0.0,0.6256329540792918,0.0,FUSED,ACCEPTED,ACCEPTED,169.864751778,169.864751778
