t,v,s,pvv,pvd,pdd,active,added,gain,d,mode,front_status,rear_status,front_t,rear_t
121.447269829,0.0,0.0,1.0,0.0,0.0,False,0.0,0.0,0.0,WAITING_FOR_INITIALIZATION,MISSING_OR_STALE,MISSING_OR_STALE,,
121.497269829,0.0,0.0,0.010000000000000002,0.0,0.0,False,0.0,0.0,0.0,INITIALIZED,ACCEPTED,ACCEPTED,121.418213795,121.418213795
121.547269829,0.0,0.0,0.014999999999999718,0.0,0.0,False,0.0,0.0,0.0,MODEL_ONLY,DUPLICATE_OR_OLD,DUPLICATE_OR_OLD,121.418213795,121.418213795
121.59726982900001,0.0,0.0,0.006666666666666763,0.0,0.0,False,0.0,0.6666666666666761,0.0,FUSED,ACCEPTED,ACCEPTED,121.520185662,121.520185662
121.64726982900001,0.0,0.0,0.005384615384615345,0.0,0.0,False,0.0,0.5384615384615344,0.0,FUSED,ACCEPTED,ACCEPTED,121.620157469,121.620157469
121.697269829,0.0,0.0,0.010384615384615062,0.0,0.0,False,0.0,0.0,0.0,MODEL_ONLY,DUPLICATE_OR_OLD,DUPLICATE_OR_OLD,121.620157469,121.620157469
121.747269829,0.0,0.0,0.006060606060605968,0.0,0.0,False,0.0,0.6060606060605966,0.0,FUSED,ACCEPTED,ACCEPTED,121.744120116,121.744120116
121.797269829,0.0,0.0,0.011060606060605684,0.0,0.0,False,0.0,0.0,0.0,MODEL_ONLY,DUPLICATE_OR_OLD,DUPLICATE_OR_OLD,121.744120116,121.744120116
121.84726982900001,0.0,0.0,0.016060606060606823,0.0,0.0,False,0.0,0.0,0.0,MODEL_ONLY,DUPLICATE_OR_OLD,DUPLICATE_OR_OLD,121.744120116,121.744120116
121.89726982900001,0.0,0.0,0.0067804878048781,0.0,0.0,False,0.0,0.6780487804878097,0.0,FUSED,ACCEPTED,ACCEPTED,121.820100715,121.820100715
121.947269829,0.0,0.0,0.0054087346024635575,0.0,0.0,False,0.0,0.5408734602463556,0.0,FUSED,ACCEPTED,ACCEPTED,121.92806618,121.92806618
121.997269829,0.0,0.0,0.010408734602463273,0.0,0.0,False,0.0,0.0,0.0,MODEL_ONLY,DUPLICATE_OR_OLD,DUPLICATE_OR_OLD,121.92806618,121.92806618
122.047269829,0.0,0.0,0.01540873460246299,0.0,0.0,False,0.0,0.0,0.0,STOPPED,DUPLICATE_OR_OLD,DUPLICATE_OR_OLD,121.92806618,121.92806618
122.09726982900001,0.0,0.0,0.006711471183944082,0.0,0.0,False,0.0,0.0,0.0,STOPPED,ACCEPTED,ACCEPTED,122.018040263,122.018040263
122.14726982900001,0.0,0.0,0.011711471183943799,0.0,0.0,False,0.0,0.0,0.0,STOPPED,DUPLICATE_OR_OLD,DUPLICATE_OR_OLD,122.018040263,122.018040263
122.197269829,0.0,0.0,0.006256290066864202,0.0,0.0,False,0.0,0.0,0.0,STOPPED,ACCEPTED,ACCEPTED,122.135998687,122.135998687
122.247269829,0.0,0.0,0.01125629006686392,0.0,0.0,False,0.0,0.0,0.0,STOPPED,DUPLICATE_OR_OLD,DUPLICATE_OR_OLD,122.135998687,122.135998687
122.297269829,0.0,0.0,0.016256290066863636,0.0,0.0,False,0.0,0.0,0.0,STOPPED,DUPLICATE_OR_OLD,DUPLICATE_OR_OLD,122.135998687,122.135998687
122.34726982900001,0.0,0.0,0.021256290066864775,0.0,0.0,False,0.0,0.0,0.0,STOPPED,DUPLICATE_OR_OLD,DUPLICATE_OR_OLD,122.135998687,122.135998687
122.39726982900001,0.0,0.0,0.007241857900640739,0.0,0.0,False,0.0,0.0,0.0,STOPPED,ACCEPTED,ACCEPTED,122.315954718,122.315954718
122.447269829,0.0,0.0,0.012241857900640456,0.0,0.0,False,0.0,0.0,0.0,STOPPED,DUPLICATE_OR_OLD,DUPLICATE_OR_OLD,122.315954718,122.315954718
122.497269829,0.0,0.0,0.006329178414896217,0.0,0.0,False,0.0,0.0,0.0,STOPPED,ACCEPTED,ACCEPTED,122.413937787,122.413937787
122.547269829,0.0,0.0,0.011329178414895932,0.0,0.0,False,0.0,0.0,0.0,STOPPED,DUPLICATE_OR_OLD,DUPLICATE_OR_OLD,122.413937787,122.413937787
122.59726982900001,0.0,0.0,0.006201932379955316,0.0,0.0,False,0.0,0.0,0.0,STOPPED,ACCEPTED,ACCEPTED,122.51989491,122.51989491
122.64726982900001,0.0,0.0,0.005283448781558085,0.0,0.0,False,0.0,0.0,0.0,STOPPED,ACCEPTED,ACCEPTED,122.617875006,122.617875006
122.697269829,0.0,0.0,0.010283448781557802,0.0,0.0,False,0.0,0.0,0.0,STOPPED,DUPLICATE_OR_OLD,DUPLICATE_OR_OLD,122.617875006,122.617875006
122.747269829,0.0,0.0,0.006044843373070889,0.0,0.0,False,0.0,0.0,0.0,STOPPED,ACCEPTED,ACCEPTED,122.727848701,122.727848701
122.797269829,0.0,0.0,0.011044843373070604,0.0,0.0,False,0.0,0.0,0.0,STOPPED,DUPLICATE_OR_OLD,DUPLICATE_OR_OLD,122.727848701,122.727848701
122.84726982900001,0.0,0.0,0.016044843373071743,0.0,0.0,False,0.0,0.0,0.0,STOPPED,DUPLICATE_OR_OLD,DUPLICATE_OR_OLD,122.727848701,122.727848701
122.89726982900001,0.0,0.0,0.0067788531319587595,0.0,0.0,False,0.0,0.0,0.0,STOPPED,ACCEPTED,ACCEPTED,122.821812782,122.821812782
122.947269829,0.0,0.0,0.011778853131958476,0.0,0.0,False,0.0,0.0,0.0,STOPPED,DUPLICATE_OR_OLD,DUPLICATE_OR_OLD,122.821812782,122.821812782
122.997269829,0.0,0.0,0.006265710129286351,0.0,0.0,False,0.0,0.0,0.0,STOPPED,ACCEPTED,ACCEPTED,122.927795419,122.927795419
123.047269829,0.0,0.0,0.011265710129286066,0.0,0.0,False,0.0,0.0,0.0,STOPPED,DUPLICATE_OR_OLD,DUPLICATE_OR_OLD,122.927795419,122.927795419
123.09726982900001,0.0,0.0,0.006192754754858258,0.0,0.0,False,0.0,0.0,0.0,STOPPED,ACCEPTED,ACCEPTED,123.021763823,123.021763823
123.14726982900001,0.0,0.0,0.011192754754857974,0.0,0.0,False,0.0,0.0,0.0,STOPPED,DUPLICATE_OR_OLD,DUPLICATE_OR_OLD,123.021763823,123.021763823
123.197269829,0.0,0.0,0.006182150333711881,0.0,0.0,False,0.0,0.0,0.0,STOPPED,ACCEPTED,ACCEPTED,123.137740372,123.137740372
123.247269829,0.0,0.0,0.005279043986348779,0.0,0.0,False,0.0,0.0,0.0,STOPPED,ACCEPTED,ACCEPTED,123.229697351,123.229697351
123.297269829,0.0,0.0,0.010279043986348496,0.0,0.0,False,0.0,0.0,0.0,STOPPED,DUPLICATE_OR_OLD,DUPLICATE_OR_OLD,123.229697351,123.229697351
123.34726982900001,0.0,0.0,0.015279043986349633,0.0,0.0,False,0.0,0.0,0.0,STOPPED,DUPLICATE_OR_OLD,DUPLICATE_OR_OLD,123.229697351,123.229697351
123.39726982900001,0.0,0.0,0.006697385820864,0.0,0.0,False,0.0,0.0,0.0,STOPPED,ACCEPTED,ACCEPTED,123.331684859,123.331684859
123.447269829,0.0,0.0,0.011697385820863717,0.0,0.0,False,0.0,0.0,0.0,STOPPED,DUPLICATE_OR_OLD,DUPLICATE_OR_OLD,123.331684859,123.331684859
123.497269829,0.0,0.0,0.006254314910418977,0.0,0.0,False,0.0,0.0,0.0,STOPPED,ACCEPTED,ACCEPTED,123.427646477,123.427646477
123.547269829,0.0,0.0,0.011254314910418693,0.0,0.0,False,0.0,0.0,0.0,STOPPED,DUPLICATE_OR_OLD,DUPLICATE_OR_OLD,123.427646477,123.427646477
123.59726982900001,0.0,0.0,0.006191102287711498,0.0,0.0,False,0.0,0.0,0.0,STOPPED,ACCEPTED,ACCEPTED,123.523633536,123.523633536
123.64726982900001,0.0,0.0,0.00528103830360961,0.0,0.0,False,0.0,0.0,0.0,STOPPED,ACCEPTED,ACCEPTED,123.611598562,123.611598562
123.697269829,0.0,0.0,0.010281038303609326,0.0,0.0,False,0.0,0.0,0.0,STOPPED,DUPLICATE_OR_OLD,DUPLICATE_OR_OLD,123.611598562,123.611598562
123.747269829,0.0,0.0,0.015281038303609043,0.0,0.0,False,0.0,0.0,0.0,STOPPED,DUPLICATE_OR_OLD,DUPLICATE_OR_OLD,123.611598562,123.611598562
123.797269829,0.0,0.0,0.00669760333191473,0.0,0.0,False,0.0,0.0,0.0,STOPPED,ACCEPTED,ACCEPTED,123.73156855,123.73156855
123.84726982900001,0.0,0.0,0.011697603331915867,0.0,0.0,False,0.0,0.0,0.0,STOPPED,DUPLICATE_OR_OLD,DUPLICATE_OR_OLD,123.73156855,123.73156855
123.89726982900001,0.0,0.0,0.006254345427312,0.0,0.0,False,0.0,0.0,0.0,STOPPED,ACCEPTED,ACCEPTED,123.809545068,123.809545068
123.947269829,0.0,0.0,0.011254345427311716,0.0,0.0,False,0.0,0.0,0.0,STOPPED,DUPLICATE_OR_OLD,DUPLICATE_OR_OLD,123.809545068,123.809545068
123.997269829,0.0,0.0,0.00619110671500598,0.0,0.0,False,0.0,0.0,0.0,STOPPED,ACCEPTED,ACCEPTED,123.929507496,123.929507496
124.047269829,0.0,0.0,0.011191106715005696,0.0,0.0,False,0.0,0.0,0.0,STOPPED,DUPLICATE_OR_OLD,DUPLICATE_OR_OLD,123.929507496,123.929507496
124.09726982900001,0.0,0.0,0.006181910100702139,0.0,0.0,False,0.0,0.0,0.0,STOPPED,ACCEPTED,ACCEPTED,124.017494786,124.017494786
124.14726982900001,0.0,0.0,0.005278990443988028,0.0,0.0,False,0.0,0.0,0.0,STOPPED,ACCEPTED,ACCEPTED,124.141443673,124.141443673
124.197269829,0.0,0.0,0.010278990443987744,0.0,0.0,False,0.0,0.0,0.0,STOPPED,DUPLICATE_OR_OLD,DUPLICATE_OR_OLD,124.141443673,124.141443673
124.247269829,0.0,0.0,0.01527899044398746,0.0,0.0,False,0.0,0.0,0.0,STOPPED,DUPLICATE_OR_OLD,DUPLICATE_OR_OLD,124.141443673,124.141443673
124.297269829,0.0,0.0,0.0066973799808488,0.0,0.0,False,0.0,0.0,0.0,STOPPED,ACCEPTED,ACCEPTED,124.21343189,124.21343189
124.34726982900001,0.0,0.0,0.011697379980849937,0.0,0.0,False,0.0,0.0,0.0,STOPPED,DUPLICATE_OR_OLD,DUPLICATE_OR_OLD,124.21343189,124.21343189
124.39726982900001,0.0,0.0,0.0062543140910557085,0.0,0.0,False,0.0,0.0,0.0,STOPPED,ACCEPTED,ACCEPTED,124.311408639,124.311408639
124.447269829,0.0,0.0,0.005295072822788313,0.0,0.0,False,0.0,0.0,0.0,STOPPED,ACCEPTED,ACCEPTED,124.4173726,124.4173726
124.497269829,0.0,0.0,0.01029507282278803,0.0,0.0,False,0.0,0.0,0.0,STOPPED,DUPLICATE_OR_OLD,DUPLICATE_OR_OLD,124.4173726,124.4173726
124.547269829,0.0,0.0,0.006046660916907411,0.0,0.0,False,0.0,0.0,0.0,STOPPED,ACCEPTED,ACCEPTED,124.511342532,124.511342532
124.59726982900001,0.0,0.0,0.011046660916908549,0.0,0.0,False,0.0,0.0,0.0,STOPPED,DUPLICATE_OR_OLD,DUPLICATE_OR_OLD,124.511342532,124.511342532
124.64726982900001,0.0,0.0,0.006160736290958329,0.0,0.0,False,0.0,0.0,0.0,STOPPED,ACCEPTED,ACCEPTED,124.611315044,124.611315044
124.697269829,0.0,0.0,0.011160736290958045,0.0,0.0,False,0.0,0.0,0.0,STOPPED,DUPLICATE_OR_OLD,DUPLICATE_OR_OLD,124.611315044,124.611315044
124.747269829,0.0,0.0,0.01616073629095776,0.0,0.0,False,0.0,0.0,0.0,STOPPED,DUPLICATE_OR_OLD,DUPLICATE_OR_OLD,124.611315044,124.611315044
124.797269829,0.0,0.0,0.021160736290957476,0.0,0.0,False,0.0,0.0,0.0,STOPPED,DUPLICATE_OR_OLD,DUPLICATE_OR_OLD,124.611315044,124.611315044
124.84726982900001,0.0,0.0,0.026160736290958615,0.0,0.0,False,0.0,0.0,0.0,STOPPED,DUPLICATE_OR_OLD,DUPLICATE_OR_OLD,124.611315044,124.611315044
124.89726982900001,0.0,0.0,0.007570500214254751,0.0,0.0,False,0.0,0.0,0.0,STOPPED,ACCEPTED,ACCEPTED,124.839325329,124.839325329
124.947269829,0.0,0.0,0.012570500214254467,0.0,0.0,False,0.0,0.0,0.0,STOPPED,DUPLICATE_OR_OLD,DUPLICATE_OR_OLD,124.839325329,124.839325329
124.997269829,0.0,0.0,0.006372934867960824,0.0,0.0,False,0.0,0.0,0.0,STOPPED,ACCEPTED,ACCEPTED,124.923229891,124.923229891
125.047269829,0.0,0.0,0.011372934867960541,0.0,0.0,False,0.0,0.0,0.0,STOPPED,DUPLICATE_OR_OLD,DUPLICATE_OR_OLD,124.923229891,124.923229891
125.09726982900001,0.0,0.0,0.0062082339147820145,0.0,0.0,False,0.0,0.0,0.0,STOPPED,ACCEPTED,ACCEPTED,125.025206101,125.025206101
125.14726982900001,0.0,0.0,0.011208233914781731,0.0,0.0,False,0.0,0.0,0.0,STOPPED,DUPLICATE_OR_OLD,DUPLICATE_OR_OLD,125.025206101,125.025206101
125.197269829,0.0,0.0,0.006184405239774667,0.0,0.0,False,0.0,0.0,0.0,STOPPED,ACCEPTED,ACCEPTED,125.137172908,125.137172908
125.247269829,0.0,0.0,0.011184405239774382,0.0,0.0,False,0.0,0.0,0.0,STOPPED,DUPLICATE_OR_OLD,DUPLICATE_OR_OLD,125.137172908,125.137172908
125.297269829,0.0,0.0,0.006180932922314385,0.0,0.0,False,0.0,0.0,0.0,STOPPED,ACCEPTED,ACCEPTED,125.227142566,125.227142566
125.34726982900001,0.0,0.0,0.011180932922315522,0.0,0.0,False,0.0,0.0,0.0,STOPPED,DUPLICATE_OR_OLD,DUPLICATE_OR_OLD,125.227142566,125.227142566
125.39726982900001,0.0,0.0,0.006180426408152733,0.0,0.0,False,0.0,0.0,0.0,STOPPED,ACCEPTED,ACCEPTED,125.337116941,125.337116941
125.447269829,0.0,0.0,0.01118042640815245,0.0,0.0,False,0.0,0.0,0.0,STOPPED,DUPLICATE_OR_OLD,DUPLICATE_OR_OLD,125.337116941,125.337116941
125.497269829,0.0,0.0,0.006180352510650415,0.0,0.0,False,0.0,0.0,0.0,STOPPED,ACCEPTED,ACCEPTED,125.427103928,125.427103928
125.547269829,0.0,0.0,0.01118035251065013,0.0,0.0,False,0.0,0.0,0.0,STOPPED,DUPLICATE_OR_OLD,DUPLICATE_OR_OLD,125.427103928,125.427103928
125.59726982900001,0.0,0.0,0.006180341729191165,0.0,0.0,False,0.0,0.0,0.0,STOPPED,ACCEPTED,ACCEPTED,125.525063058,125.525063058
125.64726982900001,0.0,0.0,0.0052786408605400665,0.0,0.0,False,0.0,0.0,0.0,STOPPED,ACCEPTED,ACCEPTED,125.613035827,125.613035827
125.697269829,0.0,0.0,0.010278640860539784,0.0,0.0,False,0.0,0.0,0.0,STOPPED,DUPLICATE_OR_OLD,DUPLICATE_OR_OLD,125.613035827,125.613035827
125.747269829,0.0,0.0,0.006044091114245698,0.0,0.0,False,0.0,0.0,0.0,STOPPED,ACCEPTED,ACCEPTED,125.729012268,125.729012268
125.797269829,0.0,0.0,0.011044091114245414,0.0,0.0,False,0.0,0.0,0.0,STOPPED,DUPLICATE_OR_OLD,DUPLICATE_OR_OLD,125.729012268,125.729012268
125.84726982900001,0.0,0.0,0.016044091114246553,0.0,0.0,False,0.0,0.0,0.0,STOPPED,DUPLICATE_OR_OLD,DUPLICATE_OR_OLD,125.729012268,125.729012268
125.89726982900001,0.0,0.0,0.006778775077292905,0.0,0.0,False,0.0,0.0,0.0,STOPPED,ACCEPTED,ACCEPTED,125.810988759,125.810988759
125.947269829,0.0,0.0,0.011778775077292622,0.0,0.0,False,0.0,0.0,0.0,STOPPED,DUPLICATE_OR_OLD,DUPLICATE_OR_OLD,125.810988759,125.810988759
125.997269829,0.0,0.0,0.00626569924459326,0.0,0.0,False,0.0,0.0,0.0,STOPPED,ACCEPTED,ACCEPTED,125.918969794,125.918969794
126.047269829,0.0,0.0,0.0052975917297699016,0.0,0.0,False,0.0,0.0,0.0,STOPPED,ACCEPTED,ACCEPTED,126.024931319,126.024931319
126.09726982900001,0.0,0.0,0.010297591729771039,0.0,0.0,False,0.0,0.0,0.0,STOPPED,DUPLICATE_OR_OLD,DUPLICATE_OR_OLD,126.024931319,126.024931319
126.14726982900001,0.0,0.0,0.015297591729770755,0.0,0.0,False,0.0,0.0,0.0,STOPPED,DUPLICATE_OR_OLD,DUPLICATE_OR_OLD,126.024931319,126.024931319
126.197269829,0.0,0.0,0.0066994076330581815,0.0,0.0,False,0.0,0.0,0.0,STOPPED,ACCEPTED,ACCEPTED,126.132911838,126.132911838
126.247269829,0.0,0.0,0.011699407633057898,0.0,0.0,False,0.0,0.0,0.0,STOPPED,DUPLICATE_OR_OLD,DUPLICATE_OR_OLD,126.132911838,126.132911838
126.297269829,0.0,0.0,0.006254598552359418,0.0,0.0,False,0.0,0.0,0.0,STOPPED,ACCEPTED,ACCEPTED,126.228866124,126.228866124
126.34726982900001,0.0,0.0,0.011254598552360554,0.0,0.0,False,0.0,0.0,0.0,STOPPED,DUPLICATE_OR_OLD,DUPLICATE_OR_OLD,126.228866124,126.228866124
126.39726982900001,0.0,0.0,0.006191143437193784,0.0,0.0,False,0.0,0.0,0.0,STOPPED,ACCEPTED,ACCEPTED,126.316853378,126.316853378
126.447269829,0.0,0.0,0.0111911434371935,0.0,0.0,False,0.0,0.0,0.0,STOPPED,DUPLICATE_OR_OLD,DUPLICATE_OR_OLD,126.316853378,126.316853378
126.497269829,0.0,0.0,0.006181915453985368,0.0,0.0,False,0.0,0.0,0.0,STOPPED,ACCEPTED,ACCEPTED,126.410817475,126.410817475
126.547269829,0.0,0.0,0.011181915453985085,0.0,0.0,False,0.0,0.0,0.0,STOPPED,DUPLICATE_OR_OLD,DUPLICATE_OR_OLD,126.410817475,126.410817475
126.59726982900001,0.0,0.0,0.0061805697457183225,0.0,0.0,False,0.0,0.0,0.0,STOPPED,ACCEPTED,ACCEPTED,126.522790277,126.522790277
126.64726982900001,0.0,0.0,0.005278691687686236,0.0,0.0,False,0.0,0.0,0.0,STOPPED,ACCEPTED,ACCEPTED,126.618754092,126.618754092
126.697269829,0.0,0.0,0.010278691687685953,0.0,0.0,False,0.0,0.0,0.0,STOPPED,DUPLICATE_OR_OLD,DUPLICATE_OR_OLD,126.618754092,126.618754092
126.747269829,0.0,0.0,0.006044099068279144,0.0,0.0,False,0.0,0.0,0.0,STOPPED,ACCEPTED,ACCEPTED,126.726722106,126.726722106
126.797269829,0.0,0.0,0.01104409906827886,0.0,0.0,False,0.0,0.0,0.0,STOPPED,DUPLICATE_OR_OLD,DUPLICATE_OR_OLD,126.726722106,126.726722106
126.84726982900001,0.0,0.0,0.01604409906828,0.0,0.0,False,0.0,0.0,0.0,STOPPED,DUPLICATE_OR_OLD,DUPLICATE_OR_OLD,126.726722106,126.726722106
126.89726982900001,0.0,0.0,0.0067787759026262705,0.0,0.0,False,0.0,0.0,0.0,STOPPED,ACCEPTED,ACCEPTED,126.82070358,126.82070358
126.947269829,0.0,0.0,0.011778775902625986,0.0,0.0,False,0.0,0.0,0.0,STOPPED,DUPLICATE_OR_OLD,DUPLICATE_OR_OLD,126.82070358,126.82070358
126.997269829,0.0,0.0,0.0062656993596860115,0.0,0.0,False,0.0,0.0,0.0,STOPPED,ACCEPTED,ACCEPTED,126.922673518,126.922673518
127.047269829,0.0,0.0,0.011265699359685728,0.0,0.0,False,0.0,0.0,0.0,STOPPED,DUPLICATE_OR_OLD,DUPLICATE_OR_OLD,126.922673518,126.922673518
127.09726982900001,0.0,0.0,0.006192753193791518,0.0,0.0,False,0.0,0.0,0.0,STOPPED,ACCEPTED,ACCEPTED,127.032640571,127.032640571
127.14726982900001,0.0,0.0,0.011192753193791235,0.0,0.0,False,0.0,0.0,0.0,STOPPED,DUPLICATE_OR_OLD,DUPLICATE_OR_OLD,127.032640571,127.032640571
127.197269829,0.0,0.0,0.006182150106171153,0.0,0.0,False,0.0,0.0,0.0,STOPPED,ACCEPTED,ACCEPTED,127.136612892,127.136612892
127.247269829,0.0,0.0,0.005279043935635807,0.0,0.0,False,0.0,0.0,0.0,STOPPED,ACCEPTED,ACCEPTED,127.218592085,127.218592085
127.297269829,0.0,0.0,0.010279043935635524,0.0,0.0,False,0.0,0.0,0.0,STOPPED,DUPLICATE_OR_OLD,DUPLICATE_OR_OLD,127.218592085,127.218592085
127.34726982900001,0.0,0.0,0.015279043935636661,0.0,0.0,False,0.0,0.0,0.0,STOPPED,DUPLICATE_OR_OLD,DUPLICATE_OR_OLD,127.218592085,127.218592085
127.39726982900001,0.0,0.0,0.006697385815332604,0.0,0.0,False,0.0,0.0,0.0,STOPPED,ACCEPTED,ACCEPTED,127.31656169,127.31656169
127.447269829,0.0,0.0,0.01169738581533232,0.0,0.0,False,0.0,0.0,0.0,STOPPED,DUPLICATE_OR_OLD,DUPLICATE_OR_OLD,127.31656169,127.31656169
127.497269829,0.0,0.0,0.0062543149096429135,0.0,0.0,False,0.0,0.0,0.0,STOPPED,ACCEPTED,ACCEPTED,127.416533158,127.416533158
127.547269829,0.0,0.0,0.01125431490964263,0.0,0.0,False,0.0,0.0,0.0,STOPPED,DUPLICATE_OR_OLD,DUPLICATE_OR_OLD,127.416533158,127.416533158
127.59726982900001,0.0,0.0,0.00619110228759891,0.0,0.0,False,0.0,0.0,0.0,STOPPED,ACCEPTED,ACCEPTED,127.518504847,127.518504847
127.64726982900001,0.0,0.0,0.011191102287598627,0.0,0.0,False,0.0,0.0,0.0,STOPPED,DUPLICATE_OR_OLD,DUPLICATE_OR_OLD,127.518504847,127.518504847
127.697269829,0.0,0.0,0.006181909455282811,0.0,0.0,False,0.0,0.0,0.0,STOPPED,ACCEPTED,ACCEPTED,127.622477726,127.622477726
127.747269829,0.0,0.0,0.005278990300137407,0.0,0.0,False,0.0,0.0,0.0,STOPPED,ACCEPTED,ACCEPTED,127.710450343,127.710450343
127.797269829,0.0,0.0,0.010278990300137123,0.0,0.0,False,0.0,0.0,0.0,STOPPED,DUPLICATE_OR_OLD,DUPLICATE_OR_OLD,127.710450343,127.710450343
127.84726982900001,0.0,0.0,0.01527899030013826,0.0,0.0,False,0.0,0.0,0.0,STOPPED,DUPLICATE_OR_OLD,DUPLICATE_OR_OLD,127.710450343,127.710450343
127.89726982900001,0.0,0.0,0.006697379965158736,0.0,0.0,False,0.0,0.0,0.0,STOPPED,ACCEPTED,ACCEPTED,127.810426365,127.810426365
127.947269829,0.0,0.0,0.011697379965158452,0.0,0.0,False,0.0,0.0,0.0,STOPPED,DUPLICATE_OR_OLD,DUPLICATE_OR_OLD,127.810426365,127.810426365
127.997269829,0.0,0.0,0.0062543140888541675,0.0,0.0,False,0.0,0.0,0.0,STOPPED,ACCEPTED,ACCEPTED,127.916395905,127.916395905
128.04726982900002,0.0,0.0,0.011254314088855305,0.0,0.0,False,0.0,0.0,0.0,STOPPED,DUPLICATE_OR_OLD,DUPLICATE_OR_OLD,127.916395905,127.916395905
128.097269829,0.0,0.0,0.006191102168521116,0.0,0.0,False,0.0,0.0,0.0,STOPPED,ACCEPTED,ACCEPTED,128.018366597,128.018366597
128.147269829,0.0,0.0,0.011191102168522253,0.0,0.0,False,0.0,0.0,0.0,STOPPED,DUPLICATE_OR_OLD,DUPLICATE_OR_OLD,128.018366597,128.018366597
128.197269829,0.0,0.0,0.00618190943792387,0.0,0.0,False,0.0,0.0,0.0,STOPPED,ACCEPTED,ACCEPTED,128.142339839,128.142339839
128.247269829,0.0,0.0,0.011181909437925007,0.0,0.0,False,0.0,0.0,0.0,STOPPED,DUPLICATE_OR_OLD,DUPLICATE_OR_OLD,128.142339839,128.142339839
128.29726982900002,0.0,0.0,0.006180568868092421,0.0,0.0,False,0.0,0.0,0.0,STOPPED,ACCEPTED,ACCEPTED,128.216306375,128.216306375
128.347269829,0.0,0.0,0.011180568868090716,0.0,0.0,False,0.0,0.0,0.0,STOPPED,DUPLICATE_OR_OLD,DUPLICATE_OR_OLD,128.216306375,128.216306375
128.397269829,0.0,0.0,0.00618037329502503,0.0,0.0,False,0.0,0.0,0.0,STOPPED,ACCEPTED,ACCEPTED,128.328339325,128.328339325
128.447269829,0.0,0.0,0.011180373295023326,0.0,0.0,False,0.0,0.0,0.0,STOPPED,DUPLICATE_OR_OLD,DUPLICATE_OR_OLD,128.328339325,128.328339325
128.497269829,0.0,0.0,0.006180344761585015,0.0,0.0,False,0.0,0.0,0.0,STOPPED,ACCEPTED,ACCEPTED,128.418252262,128.418252262
128.54726982900002,0.0,0.0,0.011180344761586152,0.0,0.0,False,0.0,0.0,0.0,STOPPED,DUPLICATE_OR_OLD,DUPLICATE_OR_OLD,128.418252262,128.418252262
128.597269829,0.0,0.0,0.006180340598618307,0.0,0.0,False,0.0,0.0,0.0,STOPPED,ACCEPTED,ACCEPTED,128.534232515,128.534232515
128.647269829,0.0,0.0,0.00527864060852175,0.0,0.0,False,0.0,0.0,0.0,STOPPED,ACCEPTED,ACCEPTED,128.620205367,128.620205367
128.697269829,0.0,0.0,0.010278640608520045,0.0,0.0,False,0.0,0.0,0.0,STOPPED,DUPLICATE_OR_OLD,DUPLICATE_OR_OLD,128.620205367,128.620205367
128.747269829,0.0,0.0,0.015278640608521183,0.0,0.0,False,0.0,0.0,0.0,STOPPED,DUPLICATE_OR_OLD,DUPLICATE_OR_OLD,128.620205367,128.620205367
128.79726982900002,0.0,0.0,0.006697341822807803,0.0,0.0,False,0.0,0.0,0.0,STOPPED,ACCEPTED,ACCEPTED,128.724174011,128.724174011
128.847269829,0.0,0.0,0.011697341822806098,0.0,0.0,False,0.0,0.0,0.0,STOPPED,DUPLICATE_OR_OLD,DUPLICATE_OR_OLD,128.724174011,128.724174011
128.897269829,0.0,0.0,0.006254308737412535,0.0,0.0,False,0.0,0.0,0.0,STOPPED,ACCEPTED,ACCEPTED,128.812154638,128.812154638
128.947269829,0.0,0.0,0.01125430873741083,0.0,0.0,False,0.0,0.0,0.0,STOPPED,DUPLICATE_OR_OLD,DUPLICATE_OR_OLD,128.812154638,128.812154638
128.997269829,0.0,0.0,0.006191101392149716,0.0,0.0,False,0.0,0.0,0.0,STOPPED,ACCEPTED,ACCEPTED,128.914126433,128.914126433
129.04726982900002,0.0,0.0,0.0052810381041808515,0.0,0.0,False,0.0,0.0,0.0,STOPPED,ACCEPTED,ACCEPTED,129.022088701,129.022088701
129.097269829,0.0,0.0,0.010281038104179147,0.0,0.0,False,0.0,0.0,0.0,STOPPED,DUPLICATE_OR_OLD,DUPLICATE_OR_OLD,129.022088701,129.022088701
129.147269829,0.0,0.0,0.015281038104180284,0.0,0.0,False,0.0,0.0,0.0,STOPPED,DUPLICATE_OR_OLD,DUPLICATE_OR_OLD,129.022088701,129.022088701
129.197269829,0.0,0.0,0.006697603310165227,0.0,0.0,False,0.0,0.0,0.0,STOPPED,ACCEPTED,ACCEPTED,129.122056234,129.122056234
129.247269829,0.0,0.0,0.011697603310166364,0.0,0.0,False,0.0,0.0,0.0,STOPPED,DUPLICATE_OR_OLD,DUPLICATE_OR_OLD,129.122056234,129.122056234
129.29726982900002,0.0,0.0,0.00625434542426076,0.0,0.0,False,0.0,0.0,0.0,STOPPED,ACCEPTED,ACCEPTED,129.228039237,129.228039237
129.347269829,0.0,0.0,0.011254345424259054,0.0,0.0,False,0.0,0.0,0.0,STOPPED,DUPLICATE_OR_OLD,DUPLICATE_OR_OLD,129.228039237,129.228039237
129.397269829,0.0,0.0,0.006191106714563316,0.0,0.0,False,0.0,0.0,0.0,STOPPED,ACCEPTED,ACCEPTED,129.330004825,129.330004825
129.447269829,0.0,0.0,0.01119110671456161,0.0,0.0,False,0.0,0.0,0.0,STOPPED,DUPLICATE_OR_OLD,DUPLICATE_OR_OLD,129.330004825,129.330004825
129.497269829,0.0,0.0,0.0061819101006374,0.0,0.0,False,0.0,0.0,0.0,STOPPED,ACCEPTED,ACCEPTED,129.425975574,129.425975574
129.54726982900002,0.0,0.0,0.011181910100638537,0.0,0.0,False,0.0,0.0,0.0,STOPPED,DUPLICATE_OR_OLD,DUPLICATE_OR_OLD,129.425975574,129.425975574
129.597269829,0.0,0.0,0.006180568964769012,0.0,0.0,False,0.0,0.0,0.0,STOPPED,ACCEPTED,ACCEPTED,129.535944067,129.535944067
129.647269829,0.0,0.0,0.01118056896477015,0.0,0.0,False,0.0,0.0,0.0,STOPPED,DUPLICATE_OR_OLD,DUPLICATE_OR_OLD,129.535944067,129.535944067
129.697269829,0.0,0.0,0.006180373309129707,0.0,0.0,False,0.0,0.0,0.0,STOPPED,ACCEPTED,ACCEPTED,129.615930614,129.615930614
129.747269829,0.0,0.0,0.005278647900087292,0.0,0.0,False,0.0,0.0,0.0,STOPPED,ACCEPTED,ACCEPTED,129.723895631,129.723895631
129.79726982900002,0.0,0.0,0.01027864790008843,0.0,0.0,False,0.0,0.0,0.0,STOPPED,DUPLICATE_OR_OLD,DUPLICATE_OR_OLD,129.723895631,129.723895631
129.847269829,0.0,0.0,0.015278647900086723,0.0,0.0,False,0.0,0.0,0.0,STOPPED,DUPLICATE_OR_OLD,DUPLICATE_OR_OLD,129.723895631,129.723895631
129.897269829,0.0,0.0,0.006697342618138844,0.0,0.0,False,0.0,0.0,0.0,STOPPED,ACCEPTED,ACCEPTED,129.811874164,129.811874164
129.947269829,0.0,0.0,0.011697342618137138,0.0,0.0,False,0.0,0.0,0.0,STOPPED,DUPLICATE_OR_OLD,DUPLICATE_OR_OLD,129.811874164,129.811874164
129.997269829,0.0,0.0,0.00625430884899909,0.0,0.0,False,0.0,0.0,0.0,STOPPED,ACCEPTED,ACCEPTED,129.913856848,129.913856848
130.04726982900002,0.0,0.0,0.011254308849000227,0.0,0.0,False,0.0,0.0,0.0,STOPPED,DUPLICATE_OR_OLD,DUPLICATE_OR_OLD,129.913856848,129.913856848
130.097269829,0.0,0.0,0.006191101408338368,0.0,0.0,False,0.0,0.0,0.0,STOPPED,ACCEPTED,ACCEPTED,130.019830999,130.019830999
130.147269829,0.0,0.0,0.011191101408339506,0.0,0.0,False,0.0,0.0,0.0,STOPPED,DUPLICATE_OR_OLD,DUPLICATE_OR_OLD,130.019830999,130.019830999
130.197269829,0.0,0.0,0.006181909327105828,0.0,0.0,False,0.0,0.0,0.0,STOPPED,ACCEPTED,ACCEPTED,130.133783161,130.133783161
130.247269829,0.0,0.0,0.011181909327106965,0.0,0.0,False,0.0,0.0,0.0,STOPPED,DUPLICATE_OR_OLD,DUPLICATE_OR_OLD,130.133783161,130.133783161
130.29726982900002,0.0,0.0,0.006180568851926225,0.0,0.0,False,0.0,0.0,0.0,STOPPED,ACCEPTED,ACCEPTED,130.231751512,130.231751512
130.347269829,0.0,0.0,0.011180568851924519,0.0,0.0,False,0.0,0.0,0.0,STOPPED,DUPLICATE_OR_OLD,DUPLICATE_OR_OLD,130.231751512,130.231751512
130.397269829,0.0,0.0,0.006180373292666454,0.0,0.0,False,0.0,0.0,0.0,STOPPED,ACCEPTED,ACCEPTED,130.313732209,130.313732209
130.447269829,0.0,0.0,0.011180373292664749,0.0,0.0,False,0.0,0.0,0.0,STOPPED,DUPLICATE_OR_OLD,DUPLICATE_OR_OLD,130.313732209,130.313732209
130.497269829,0.0,0.0,0.0061803447612409045,0.0,0.0,False,0.0,0.0,0.0,STOPPED,ACCEPTED,ACCEPTED,130.423700868,130.423700868
130.54726982900002,0.0,0.0,0.011180344761242042,0.0,0.0,False,0.0,0.0,0.0,STOPPED,DUPLICATE_OR_OLD,DUPLICATE_OR_OLD,130.423700868,130.423700868
130.597269829,0.0,0.0,0.0061803405985681025,0.0,0.0,False,0.0,0.0,0.0,STOPPED,ACCEPTED,ACCEPTED,130.517692077,130.517692077
130.647269829,0.0,0.0,0.005278640608510559,0.0,0.0,False,0.0,0.0,0.0,STOPPED,ACCEPTED,ACCEPTED,130.617649148,130.617649148
130.697269829,0.0,0.0,0.010278640608508853,0.0,0.0,False,0.0,0.0,0.0,STOPPED,DUPLICATE_OR_OLD,DUPLICATE_OR_OLD,130.617649148,130.617649148
130.747269829,0.0,0.0,0.01527864060850999,0.0,0.0,False,0.0,0.0,0.0,STOPPED,DUPLICATE_OR_OLD,DUPLICATE_OR_OLD,130.617649148,130.617649148
130.79726982900002,0.0,0.0,0.0066973418228065806,0.0,0.0,False,0.0,0.0,0.0,STOPPED,ACCEPTED,ACCEPTED,130.737614876,130.737614876
130.847269829,0.0,0.0,0.011697341822804876,0.0,0.0,False,0.0,0.0,0.0,STOPPED,DUPLICATE_OR_OLD,DUPLICATE_OR_OLD,130.737614876,130.737614876
130.897269829,0.0,0.0,0.006254308737412363,0.0,0.0,False,0.0,0.0,0.0,STOPPED,ACCEPTED,ACCEPTED,130.829583123,130.829583123
130.947269829,0.0,0.0,0.011254308737410658,0.0,0.0,False,0.0,0.0,0.0,STOPPED,DUPLICATE_OR_OLD,DUPLICATE_OR_OLD,130.829583123,130.829583123
130.997269829,0.0,0.0,0.006191101392149692,0.0,0.0,False,0.0,0.0,0.0,STOPPED,ACCEPTED,ACCEPTED,130.913577272,130.913577272
131.04726982900002,0.0,0.0,0.01119110139215083,0.0,0.0,False,0.0,0.0,0.0,STOPPED,DUPLICATE_OR_OLD,DUPLICATE_OR_OLD,130.913577272,130.913577272
131.097269829,0.0,0.0,0.006181909324745872,0.0,0.0,False,0.0,0.0,0.0,STOPPED,ACCEPTED,ACCEPTED,131.017540502,131.017540502
131.147269829,0.0,0.0,0.005278990271043739,0.0,0.0,False,0.0,0.0,0.0,STOPPED,ACCEPTED,ACCEPTED,131.141502089,131.141502089
131.197269829,0.0,0.0,0.010278990271042034,0.0,0.0,False,0.0,0.0,0.0,STOPPED,DUPLICATE_OR_OLD,DUPLICATE_OR_OLD,131.141502089,131.141502089
131.247269829,0.0,0.0,0.015278990271043172,0.0,0.0,False,0.0,0.0,0.0,STOPPED,DUPLICATE_OR_OLD,DUPLICATE_OR_OLD,131.141502089,131.141502089
131.29726982900002,0.0,0.0,0.006697379961985403,0.0,0.0,False,0.0,0.0,0.0,STOPPED,ACCEPTED,ACCEPTED,131.229484971,131.229484971
131.347269829,0.0,0.0,0.011697379961983698,0.0,0.0,False,0.0,0.0,0.0,STOPPED,DUPLICATE_OR_OLD,DUPLICATE_OR_OLD,131.229484971,131.229484971
131.397269829,0.0,0.0,0.006254314088408944,0.0,0.0,False,0.0,0.0,0.0,STOPPED,ACCEPTED,ACCEPTED,131.331443495,131.331443495
131.447269829,0.0,0.0,0.005295072822202101,0.0,0.0,False,0.0,0.0,0.0,STOPPED,ACCEPTED,ACCEPTED,131.417428295,131.417428295
131.497269829,0.0,0.0,0.010295072822203238,0.0,0.0,False,0.0,0.0,0.0,STOPPED,DUPLICATE_OR_OLD,DUPLICATE_OR_OLD,131.417428295,131.417428295
131.54726982900002,0.0,0.0,0.015295072822204376,0.0,0.0,False,0.0,0.0,0.0,STOPPED,DUPLICATE_OR_OLD,DUPLICATE_OR_OLD,131.417428295,131.417428295
131.597269829,0.0,0.0,0.006699133202719622,0.0,0.0,False,0.0,0.0,0.0,STOPPED,ACCEPTED,ACCEPTED,131.523397301,131.523397301
131.647269829,0.0,0.0,0.00539152098538842,0.0,0.0,False,0.0,0.0,0.0,STOPPED,ACCEPTED,ACCEPTED,131.617370702,131.617370702
131.697269829,0.0,0.0,0.010391520985386715,0.0,0.0,False,0.0,0.0,0.0,STOPPED,DUPLICATE_OR_OLD,DUPLICATE_OR_OLD,131.617370702,131.617370702
131.747269829,0.0,0.0,0.006061677437222161,0.0,0.0,False,0.0,0.0,0.0,STOPPED,ACCEPTED,ACCEPTED,131.725335759,131.725335759
131.79726982900002,0.0,0.0,0.011061677437223298,0.0,0.0,False,0.0,0.0,0.0,STOPPED,DUPLICATE_OR_OLD,DUPLICATE_OR_OLD,131.725335759,131.725335759
131.847269829,0.0,0.0,0.016061677437221592,0.0,0.0,False,0.0,0.0,0.0,STOPPED,DUPLICATE_OR_OLD,DUPLICATE_OR_OLD,131.725335759,131.725335759
131.897269829,0.0,0.0,0.006780598852006457,0.0,0.0,False,0.0,0.0,0.0,STOPPED,ACCEPTED,ACCEPTED,131.809318783,131.809318783
131.947269829,0.0,0.0,0.011780598852004751,0.0,0.0,False,0.0,0.0,0.0,STOPPED,DUPLICATE_OR_OLD,DUPLICATE_OR_OLD,131.809318783,131.809318783
131.997269829,0.0,0.0,0.006265953552696231,0.0,0.0,False,0.0,0.0,0.0,STOPPED,ACCEPTED,ACCEPTED,131.917289366,131.917289366
132.04726982900002,0.0,0.0,0.01126595355269737,0.0,0.0,False,0.0,0.0,0.0,STOPPED,DUPLICATE_OR_OLD,DUPLICATE_OR_OLD,131.917289366,131.917289366
132.097269829,0.0,0.0,0.00619279003903755,0.0,0.0,False,0.0,0.0,0.0,STOPPED,ACCEPTED,ACCEPTED,132.009264183,132.009264183
132.147269829,0.0,0.0,0.011192790039038687,0.0,0.0,False,0.0,0.0,0.0,STOPPED,DUPLICATE_OR_OLD,DUPLICATE_OR_OLD,132.009264183,132.009264183
132.197269829,0.0,0.0,0.006182155476718484,0.0,0.0,False,0.0,0.0,0.0,STOPPED,ACCEPTED,ACCEPTED,132.137235228,132.137235228
132.247269829,0.0,0.0,0.011182155476719621,0.0,0.0,False,0.0,0.0,0.0,STOPPED,DUPLICATE_OR_OLD,DUPLICATE_OR_OLD,132.137235228,132.137235228
132.29726982900002,0.0,0.0,0.006180604760027775,0.0,0.0,False,0.0,0.0,0.0,STOPPED,ACCEPTED,ACCEPTED,132.227203315,132.227203315
132.347269829,0.0,0.0,0.01118060476002607,0.0,0.0,False,0.0,0.0,0.0,STOPPED,DUPLICATE_OR_OLD,DUPLICATE_OR_OLD,132.227203315,132.227203315
132.397269829,0.0,0.0,0.0061803785314890475,0.0,0.0,False,0.0,0.0,0.0,STOPPED,ACCEPTED,ACCEPTED,132.311174012,132.311174012
132.447269829,0.0,0.0,0.011180378531487341,0.0,0.0,False,0.0,0.0,0.0,STOPPED,DUPLICATE_OR_OLD,DUPLICATE_OR_OLD,132.311174012,132.311174012
132.497269829,0.0,0.0,0.006180345525572716,0.0,0.0,False,0.0,0.0,0.0,STOPPED,ACCEPTED,ACCEPTED,132.417147281,132.417147281
132.54726982900002,0.0,0.0,0.011180345525573853,0.0,0.0,False,0.0,0.0,0.0,STOPPED,DUPLICATE_OR_OLD,DUPLICATE_OR_OLD,132.417147281,132.417147281
132.597269829,0.0,0.0,0.006180340710082566,0.0,0.0,False,0.0,0.0,0.0,STOPPED,ACCEPTED,ACCEPTED,132.521117993,132.521117993
132.647269829,0.0,0.0,0.005278640633368508,0.0,0.0,False,0.0,0.0,0.0,STOPPED,ACCEPTED,ACCEPTED,132.637089219,132.637089219
132.697269829,0.0,0.0,0.010278640633366802,0.0,0.0,False,0.0,0.0,0.0,STOPPED,DUPLICATE_OR_OLD,DUPLICATE_OR_OLD,132.637089219,132.637089219
132.747269829,0.0,0.0,0.006044091078695132,0.0,0.0,False,0.0,0.0,0.0,STOPPED,ACCEPTED,ACCEPTED,132.727063311,132.727063311
132.79726982900002,0.0,0.0,0.011044091078696269,0.0,0.0,False,0.0,0.0,0.0,STOPPED,DUPLICATE_OR_OLD,DUPLICATE_OR_OLD,132.727063311,132.727063311
132.847269829,0.0,0.0,0.016044091078694565,0.0,0.0,False,0.0,0.0,0.0,STOPPED,DUPLICATE_OR_OLD,DUPLICATE_OR_OLD,132.727063311,132.727063311
132.897269829,0.0,0.0,0.006778775073604075,0.0,0.0,False,0.0,0.0,0.0,STOPPED,ACCEPTED,ACCEPTED,132.823027337,132.823027337
132.947269829,0.0,0.0,0.011778775073602369,0.0,0.0,False,0.0,0.0,0.0,STOPPED,DUPLICATE_OR_OLD,DUPLICATE_OR_OLD,132.823027337,132.823027337
132.997269829,0.0,0.0,0.006265699244078852,0.0,0.0,False,0.0,0.0,0.0,STOPPED,ACCEPTED,ACCEPTED,132.929000346,132.929000346
133.04726982900002,0.0,0.0,0.01126569924407999,0.0,0.0,False,0.0,0.0,0.0,STOPPED,DUPLICATE_OR_OLD,DUPLICATE_OR_OLD,132.929000346,132.929000346
133.097269829,0.0,0.0,0.006192753177033905,0.0,0.0,False,0.0,0.0,0.0,STOPPED,ACCEPTED,ACCEPTED,133.022986953,133.022986953
133.147269829,0.0,0.0,0.011192753177035043,0.0,0.0,False,0.0,0.0,0.0,STOPPED,DUPLICATE_OR_OLD,DUPLICATE_OR_OLD,133.022986953,133.022986953
133.197269829,0.0,0.0,0.0061821501037285665,0.0,0.0,False,0.0,0.0,0.0,STOPPED,ACCEPTED,ACCEPTED,133.138949623,133.138949623
133.247269829,0.0,0.0,0.011182150103729704,0.0,0.0,False,0.0,0.0,0.0,STOPPED,DUPLICATE_OR_OLD,DUPLICATE_OR_OLD,133.138949623,133.138949623
133.29726982900002,0.0,0.0,0.006180603976227666,0.0,0.0,False,0.0,0.0,0.0,STOPPED,ACCEPTED,ACCEPTED,133.228916121,133.228916121
133.347269829,0.0,0.0,0.011180603976225962,0.0,0.0,False,0.0,0.0,0.0,STOPPED,DUPLICATE_OR_OLD,DUPLICATE_OR_OLD,133.228916121,133.228916121
133.397269829,0.0,0.0,0.006180378417136463,0.0,0.0,False,0.0,0.0,0.0,STOPPED,ACCEPTED,ACCEPTED,133.322901739,133.322901739
133.447269829,0.0,0.0,0.011180378417134759,0.0,0.0,False,0.0,0.0,0.0,STOPPED,DUPLICATE_OR_OLD,DUPLICATE_OR_OLD,133.322901739,133.322901739
133.497269829,0.0,0.0,0.006180345508888949,0.0,0.0,False,0.0,0.0,0.0,STOPPED,ACCEPTED,ACCEPTED,133.430860435,133.430860435
133.54726982900002,0.0,0.0,0.011180345508890086,0.0,0.0,False,0.0,0.0,0.0,STOPPED,DUPLICATE_OR_OLD,DUPLICATE_OR_OLD,133.430860435,133.430860435
133.597269829,0.0,0.0,0.0061803407076484376,0.0,0.0,False,0.0,0.0,0.0,STOPPED,ACCEPTED,ACCEPTED,133.548836903,133.548836903
133.647269829,0.0,0.0,0.005278640632825912,0.0,0.0,False,0.0,0.0,0.0,STOPPED,ACCEPTED,ACCEPTED,133.620818102,133.620818102
133.697269829,0.0,0.0,0.010278640632824207,0.0,0.0,False,0.0,0.0,0.0,STOPPED,DUPLICATE_OR_OLD,DUPLICATE_OR_OLD,133.620818102,133.620818102
133.747269829,0.0,0.0,0.00604409107861022,0.0,0.0,False,0.0,0.0,0.0,STOPPED,ACCEPTED,ACCEPTED,133.724780338,133.724780338
133.79726982900002,0.0,0.0,0.011044091078611356,0.0,0.0,False,0.0,0.0,0.0,STOPPED,DUPLICATE_OR_OLD,DUPLICATE_OR_OLD,133.724780338,133.724780338
133.847269829,0.0,0.0,0.01604409107860965,0.0,0.0,False,0.0,0.0,0.0,STOPPED,DUPLICATE_OR_OLD,DUPLICATE_OR_OLD,133.724780338,133.724780338
133.897269829,0.0,0.0,0.0067787750735952635,0.0,0.0,False,0.0,0.0,0.0,STOPPED,ACCEPTED,ACCEPTED,133.832745134,133.832745134
133.947269829,0.0,0.0,0.011778775073593558,0.0,0.0,False,0.0,0.0,0.0,STOPPED,DUPLICATE_OR_OLD,DUPLICATE_OR_OLD,133.832745134,133.832745134
133.997269829,0.0,0.0,0.006265699244077623,0.0,0.0,False,0.0,0.0,0.0,STOPPED,ACCEPTED,ACCEPTED,133.928723456,133.928723456
134.04726982900002,0.0,0.0,0.011265699244078761,0.0,0.0,False,0.0,0.0,0.0,STOPPED,DUPLICATE_OR_OLD,DUPLICATE_OR_OLD,133.928723456,133.928723456
134.097269829,0.0,0.0,0.0061927531770337284,0.0,0.0,False,0.0,0.0,0.0,STOPPED,ACCEPTED,ACCEPTED,134.014702023,134.014702023
134.147269829,0.0,0.0,0.011192753177034866,0.0,0.0,False,0.0,0.0,0.0,STOPPED,DUPLICATE_OR_OLD,DUPLICATE_OR_OLD,134.014702023,134.014702023
134.197269829,0.0,0.0,0.0061821501037285405,0.0,0.0,False,0.0,0.0,0.0,STOPPED,ACCEPTED,ACCEPTED,134.146665187,134.146665187
134.247269829,0.0,0.0,0.011182150103729678,0.0,0.0,False,0.0,0.0,0.0,STOPPED,DUPLICATE_OR_OLD,DUPLICATE_OR_OLD,134.146665187,134.146665187
134.29726982900002,0.0,0.0,0.006180603976227662,0.0,0.0,False,0.0,0.0,0.0,STOPPED,ACCEPTED,ACCEPTED,134.216644119,134.216644119
134.347269829,0.0,0.0,0.011180603976225957,0.0,0.0,False,0.0,0.0,0.0,STOPPED,DUPLICATE_OR_OLD,DUPLICATE_OR_OLD,134.216644119,134.216644119
134.397269829,0.0,0.0,0.006180378417136461,0.0,0.0,False,0.0,0.0,0.0,STOPPED,ACCEPTED,ACCEPTED,134.308630536,134.308630536
134.447269829,0.0,0.0,0.011180378417134755,0.0,0.0,False,0.0,0.0,0.0,STOPPED,DUPLICATE_OR_OLD,DUPLICATE_OR_OLD,134.308630536,134.308630536
134.497269829,0.0,0.0,0.006180345508888947,0.0,0.0,False,0.0,0.0,0.0,STOPPED,ACCEPTED,ACCEPTED,134.436584025,134.436584025
134.54726982900002,0.0,0.0,0.011180345508890084,0.0,0.0,False,0.0,0.0,0.0,STOPPED,DUPLICATE_OR_OLD,DUPLICATE_OR_OLD,134.436584025,134.436584025
134.597269829,0.0,0.0,0.0061803407076484376,0.0,0.0,False,0.0,0.0,0.0,STOPPED,ACCEPTED,ACCEPTED,134.512575368,134.512575368
134.647269829,0.0,0.0,0.011180340707649575,0.0,0.0,False,0.0,0.0,0.0,STOPPED,DUPLICATE_OR_OLD,DUPLICATE_OR_OLD,134.512575368,134.512575368
134.697269829,0.0,0.0,0.006180340007157061,0.0,0.0,False,0.0,0.0,0.0,STOPPED,ACCEPTED,ACCEPTED,134.612530491,134.612530491
134.747269829,0.0,0.0,0.005278640476677732,0.0,0.0,False,0.0,0.0,0.0,STOPPED,ACCEPTED,ACCEPTED,134.716509432,134.716509432
134.79726982900002,0.0,0.0,0.010278640476678869,0.0,0.0,False,0.0,0.0,0.0,STOPPED,DUPLICATE_OR_OLD,DUPLICATE_OR_OLD,134.716509432,134.716509432
134.847269829,0.0,0.0,0.015278640476677163,0.0,0.0,False,0.0,0.0,0.0,STOPPED,DUPLICATE_OR_OLD,DUPLICATE_OR_OLD,134.716509432,134.716509432
134.897269829,0.0,0.0,0.006697341808426849,0.0,0.0,False,0.0,0.0,0.0,STOPPED,ACCEPTED,ACCEPTED,134.824474387,134.824474387
134.947269829,0.0,0.0,0.011697341808425143,0.0,0.0,False,0.0,0.0,0.0,STOPPED,DUPLICATE_OR_OLD,DUPLICATE_OR_OLD,134.824474387,134.824474387
134.997269829,0.0,0.0,0.006254308735394857,0.0,0.0,False,0.0,0.0,0.0,STOPPED,ACCEPTED,ACCEPTED,134.92444841,134.92444841
135.04726982900002,0.0,0.0,0.011254308735395995,0.0,0.0,False,0.0,0.0,0.0,STOPPED,DUPLICATE_OR_OLD,DUPLICATE_OR_OLD,134.92444841,134.92444841
135.097269829,0.0,0.0,0.0061911013918569974,0.0,0.0,False,0.0,0.0,0.0,STOPPED,ACCEPTED,ACCEPTED,135.036518376,135.036518376
135.147269829,0.0,0.0,0.011191101391858135,0.0,0.0,False,0.0,0.0,0.0,STOPPED,DUPLICATE_OR_OLD,DUPLICATE_OR_OLD,135.036518376,135.036518376
135.197269829,0.0,0.0,0.006181909324703203,0.0,0.0,False,0.0,0.0,0.0,STOPPED,ACCEPTED,ACCEPTED,135.132394995,135.132394995
135.247269829,0.0,0.0,0.01118190932470434,0.0,0.0,False,0.0,0.0,0.0,STOPPED,DUPLICATE_OR_OLD,DUPLICATE_OR_OLD,135.132394995,135.132394995
135.29726982900002,0.0,0.0,0.006180568851575729,0.0,0.0,False,0.0,0.0,0.0,STOPPED,ACCEPTED,ACCEPTED,135.222369869,135.222369869
135.347269829,0.0,0.0,0.011180568851574025,0.0,0.0,False,0.0,0.0,0.0,STOPPED,DUPLICATE_OR_OLD,DUPLICATE_OR_OLD,135.222369869,135.222369869
135.397269829,0.0,0.0,0.0061803732926153186,0.0,0.0,False,0.0,0.0,0.0,STOPPED,ACCEPTED,ACCEPTED,135.308344105,135.308344105
135.447269829,0.0,0.0,0.011180373292613614,0.0,0.0,False,0.0,0.0,0.0,STOPPED,DUPLICATE_OR_OLD,DUPLICATE_OR_OLD,135.308344105,135.308344105
135.497269829,0.0,0.0,0.006180344761233443,0.0,0.0,False,0.0,0.0,0.0,STOPPED,ACCEPTED,ACCEPTED,135.426303319,135.426303319
135.54726982900002,0.0,0.0,0.01118034476123458,0.0,0.0,False,0.0,0.0,0.0,STOPPED,DUPLICATE_OR_OLD,DUPLICATE_OR_OLD,135.426303319,135.426303319
135.597269829,0.0,0.0,0.006180340598567013,0.0,0.0,False,0.0,0.0,0.0,STOPPED,ACCEPTED,ACCEPTED,135.514296041,135.514296041
135.647269829,0.0,0.0,0.005278640608510314,0.0,0.0,False,0.0,0.0,0.0,STOPPED,ACCEPTED,ACCEPTED,135.614270438,135.614270438
135.697269829,0.0,0.0,0.01027864060850861,0.0,0.0,False,0.0,0.0,0.0,STOPPED,DUPLICATE_OR_OLD,DUPLICATE_OR_OLD,135.614270438,135.614270438
135.747269829,0.0,0.0,0.015278640608509747,0.0,0.0,False,0.0,0.0,0.0,STOPPED,DUPLICATE_OR_OLD,DUPLICATE_OR_OLD,135.614270438,135.614270438
135.79726982900002,0.0,0.0,0.0066973418228065545,0.0,0.0,False,0.0,0.0,0.0,STOPPED,ACCEPTED,ACCEPTED,135.728225958,135.728225958
135.847269829,0.0,0.0,0.011697341822804849,0.0,0.0,False,0.0,0.0,0.0,STOPPED,DUPLICATE_OR_OLD,DUPLICATE_OR_OLD,135.728225958,135.728225958
135.897269829,0.0,0.0,0.006254308737412359,0.0,0.0,False,0.0,0.0,0.0,STOPPED,ACCEPTED,ACCEPTED,135.828201873,135.828201873
135.947269829,0.0,0.0,0.011254308737410654,0.0,0.0,False,0.0,0.0,0.0,STOPPED,DUPLICATE_OR_OLD,DUPLICATE_OR_OLD,135.828201873,135.828201873
135.997269829,0.0,0.0,0.006191101392149692,0.0,0.0,False,0.0,0.0,0.0,STOPPED,ACCEPTED,ACCEPTED,135.934167517,135.934167517
136.04726982900002,0.0,0.0,0.01119110139215083,0.0,0.0,False,0.0,0.0,0.0,STOPPED,DUPLICATE_OR_OLD,DUPLICATE_OR_OLD,135.934167517,135.934167517
136.097269829,0.0,0.0,0.006181909324745872,0.0,0.0,False,0.0,0.0,0.0,STOPPED,ACCEPTED,ACCEPTED,136.014146118,136.014146118
136.147269829,0.0,0.0,0.011181909324747009,0.0,0.0,False,0.0,0.0,0.0,STOPPED,DUPLICATE_OR_OLD,DUPLICATE_OR_OLD,136.014146118,136.014146118
136.197269829,0.0,0.0,0.006180568851581539,0.0,0.0,False,0.0,0.0,0.0,STOPPED,ACCEPTED,ACCEPTED,136.138109108,136.138109108
136.247269829,0.0,0.0,0.011180568851582676,0.0,0.0,False,0.0,0.0,0.0,STOPPED,DUPLICATE_OR_OLD,DUPLICATE_OR_OLD,136.138109108,136.138109108
136.29726982900002,0.0,0.0,0.006180373292616581,0.0,0.0,False,0.0,0.0,0.0,STOPPED,ACCEPTED,ACCEPTED,136.238081765,136.238081765
136.347269829,0.0,0.0,0.011180373292614877,0.0,0.0,False,0.0,0.0,0.0,STOPPED,DUPLICATE_OR_OLD,DUPLICATE_OR_OLD,136.238081765,136.238081765
136.397269829,0.0,0.0,0.006180344761233627,0.0,0.0,False,0.0,0.0,0.0,STOPPED,ACCEPTED,ACCEPTED,136.322068216,136.322068216
136.447269829,0.0,0.0,0.011180344761231923,0.0,0.0,False,0.0,0.0,0.0,STOPPED,DUPLICATE_OR_OLD,DUPLICATE_OR_OLD,136.322068216,136.322068216
136.497269829,0.0,0.0,0.006180340598567041,0.0,0.0,False,0.0,0.0,0.0,STOPPED,ACCEPTED,ACCEPTED,136.414028724,136.414028724
136.54726982900002,0.0,0.0,0.011180340598568178,0.0,0.0,False,0.0,0.0,0.0,STOPPED,DUPLICATE_OR_OLD,DUPLICATE_OR_OLD,136.414028724,136.414028724
136.597269829,0.0,0.0,0.0061803399912423,0.0,0.0,False,0.0,0.0,0.0,STOPPED,ACCEPTED,ACCEPTED,136.533999689,136.533999689
136.647269829,0.0,0.0,0.005278640473130135,0.0,0.0,False,0.0,0.0,0.0,STOPPED,ACCEPTED,ACCEPTED,136.615991092,136.615991092
136.697269829,0.0,0.0,0.010278640473128431,0.0,0.0,False,0.0,0.0,0.0,STOPPED,DUPLICATE_OR_OLD,DUPLICATE_OR_OLD,136.615991092,136.615991092
136.747269829,0.0,0.0,0.006044091053619083,0.0,0.0,False,0.0,0.0,0.0,STOPPED,ACCEPTED,ACCEPTED,136.723956651,136.723956651
136.79726982900002,0.0,0.0,0.01104409105362022,0.0,0.0,False,0.0,0.0,0.0,STOPPED,DUPLICATE_OR_OLD,DUPLICATE_OR_OLD,136.723956651,136.723956651
136.847269829,0.0,0.0,0.016044091053618516,0.0,0.0,False,0.0,0.0,0.0,STOPPED,DUPLICATE_OR_OLD,DUPLICATE_OR_OLD,136.723956651,136.723956651
136.897269829,0.0,0.0,0.006778775071002111,0.0,0.0,False,0.0,0.0,0.0,STOPPED,ACCEPTED,ACCEPTED,136.829916191,136.829916191
136.947269829,0.0,0.0,0.011778775071000405,0.0,0.0,False,0.0,0.0,0.0,STOPPED,DUPLICATE_OR_OLD,DUPLICATE_OR_OLD,136.829916191,136.829916191
136.997269829,0.0,0.0,0.006265699243716007,0.0,0.0,False,0.0,0.0,0.0,STOPPED,ACCEPTED,ACCEPTED,136.931896641,136.931896641
137.04726982900002,0.0,0.0,0.011265699243717144,0.0,0.0,False,0.0,0.0,0.0,STOPPED,DUPLICATE_OR_OLD,DUPLICATE_OR_OLD,136.931896641,136.931896641
137.097269829,0.0,0.0,0.006192753176981311,0.0,0.0,False,0.0,0.0,0.0,STOPPED,ACCEPTED,ACCEPTED,137.021866705,137.021866705
137.147269829,0.0,0.0,0.01119275317698245,0.0,0.0,False,0.0,0.0,0.0,STOPPED,DUPLICATE_OR_OLD,DUPLICATE_OR_OLD,137.021866705,137.021866705
137.197269829,0.0,0.0,0.006182150103720901,0.0,0.0,False,0.0,0.0,0.0,STOPPED,ACCEPTED,ACCEPTED,137.14382308,137.14382308
137.247269829,0.0,0.0,0.011182150103722038,0.0,0.0,False,0.0,0.0,0.0,STOPPED,DUPLICATE_OR_OLD,DUPLICATE_OR_OLD,137.14382308,137.14382308
137.29726982900002,0.00041975522285320655,1.0493880571332549e-05,0.006180603976226547,0.0,0.0,False,0.0,0.6180603976226546,0.0,FUSED,ACCEPTED,ACCEPTED,137.223807506,137.223807506
137.347269829,0.002480923110521104,8.301083890566558e-05,0.011180603976224841,0.0,0.0,False,0.0,0.0,0.0,MODEL_ONLY,DUPLICATE_OR_OLD,DUPLICATE_OR_OLD,137.223807506,137.223807506
137.397269829,0.0020500471527602196,0.00019628509548772443,0.006180378417136298,0.0,0.0,False,0.0,0.6180378417136299,0.0,FUSED,ACCEPTED,ACCEPTED,137.309785844,137.309785844
137.447269829,0.005692033611906972,0.0003898371146043382,0.011180378417134592,0.0,0.0,False,0.0,0.0,0.0,MODEL_ONLY,DUPLICATE_OR_OLD,DUPLICATE_OR_OLD,137.309785844,137.309785844
137.497269829,0.00379938773965419,0.0006271226483934212,0.006180345508888924,0.0,0.0,False,0.0,0.6180345508888923,0.0,FUSED,ACCEPTED,ACCEPTED,137.419753407,137.419753407
137.54726982900002,0.009671699822858267,0.0009638998374563092,0.011180345508890062,0.0,0.0,False,0.0,0.0,0.0,MODEL_ONLY,DUPLICATE_OR_OLD,DUPLICATE_OR_OLD,137.419753407,137.419753407
137.597269829,0.0064436603120935475,0.0013667838408299672,0.006180340707648435,0.0,0.0,False,0.0,0.6180340707648433,0.0,FUSED,ACCEPTED,ACCEPTED,137.509726637,137.509726637
137.647269829,0.007043546452563859,0.001703964009946479,0.005278640632825911,0.0,0.0,False,0.0,0.5278640632825908,0.0,FUSED,ACCEPTED,ACCEPTED,137.615697534,137.615697534
137.697269829,0.016597637891790175,0.0022949936185551285,0.010278640632824205,0.0,0.0,False,0.0,0.0,0.0,MODEL_ONLY,DUPLICATE_OR_OLD,DUPLICATE_OR_OLD,137.615697534,137.615697534
137.747269829,0.013889268298472281,0.003057166273311863,0.00604409107861022,0.0,0.0,False,0.0,0.6044091078610219,0.0,FUSED,ACCEPTED,ACCEPTED,137.721668963,137.721668963
137.79726982900002,0.02519593460399982,0.004034296345873888,0.011044091078611356,0.0,0.0,False,0.0,0.0,0.0,MODEL_ONLY,DUPLICATE_OR_OLD,DUPLICATE_OR_OLD,137.721668963,137.721668963
137.847269829,0.03778171635867561,0.005608737619940237,0.01604409107860965,0.0,0.0,False,0.0,0.0,0.0,MODEL_ONLY,DUPLICATE_OR_OLD,DUPLICATE_OR_OLD,137.721668963,137.721668963
137.897269829,0.03282773691879451,0.007373973951877392,0.0067787750735952635,0.0,0.0,False,0.0,0.6778775073595262,0.0,FUSED,ACCEPTED,ACCEPTED,137.8096495,137.8096495
137.947269829,0.026795821045703286,0.008864562900989328,0.00540837353514668,0.0,0.0,False,0.0,0.540837353514668,0.0,FUSED,ACCEPTED,ACCEPTED,137.91761284,137.91761284
137.997269829,0.04281831257469142,0.01060491624149959,0.010408373535147817,0.0,0.0,False,0.0,0.0,0.0,MODEL_ONLY,DUPLICATE_OR_OLD,DUPLICATE_OR_OLD,137.91761284,137.91761284
138.04726982900002,0.05949100903681488,0.01316264928178783,0.015408373535148954,0.0,0.0,False,0.0,0.0,0.0,MODEL_ONLY,DUPLICATE_OR_OLD,DUPLICATE_OR_OLD,137.91761284,137.91761284
138.097269829,0.04225612919362373,0.015706327737547928,0.006711432136137901,0.0,0.0,False,0.0,0.67114321361379,0.0,FUSED,ACCEPTED,ACCEPTED,138.023580179,138.023580179
138.147269829,0.06046349838329118,0.018274318426971383,0.011711432136139038,0.0,0.0,False,0.0,0.0,0.0,MODEL_ONLY,DUPLICATE_OR_OLD,DUPLICATE_OR_OLD,138.023580179,138.023580179
138.197269829,0.04577376107509522,0.020930249913430135,0.006256284594164006,0.0,0.0,False,0.0,0.6256284594164006,0.0,FUSED,ACCEPTED,ACCEPTED,138.127556453,138.127556453
138.247269829,0.06507306334454438,0.023701420523921757,0.011256284594165143,0.0,0.0,False,0.0,0.0,0.0,MODEL_ONLY,DUPLICATE_OR_OLD,DUPLICATE_OR_OLD,138.127556453,138.127556453
138.29726982900002,0.050506996610606994,0.026590922022801198,0.006191388022118775,0.0,0.0,False,0.0,0.6191388022118773,0.0,FUSED,ACCEPTED,ACCEPTED,138.22153459,138.22153459
138.347269829,0.07064102975624949,0.029619622681971578,0.011191388022117069,0.0,0.0,False,0.0,0.0,0.0,MODEL_ONLY,DUPLICATE_OR_OLD,DUPLICATE_OR_OLD,138.22153459,138.22153459
138.397269829,0.09384393382578055,0.03373174677152326,0.006181951108679249,0.0,0.0,False,0.0,0.6181951108679249,0.0,FUSED,ACCEPTED,ACCEPTED,138.307507288,138.307507288
138.447269829,0.11416656861826031,0.03893200933262251,0.011181951108677545,0.0,0.0,False,0.0,0.0,0.0,MODEL_ONLY,DUPLICATE_OR_OLD,DUPLICATE_OR_OLD,138.307507288,138.307507288
138.497269829,0.150542977759115,0.045549747992058395,0.0061805749470347,0.0,0.0,False,0.0,0.6180574947034698,0.0,FUSED,ACCEPTED,ACCEPTED,138.425457925,138.425457925
138.54726982900002,0.1707478571867242,0.0535820188657062,0.011180574947035837,0.0,0.0,False,0.0,0.0,0.0,MODEL_ONLY,DUPLICATE_OR_OLD,DUPLICATE_OR_OLD,138.425457925,138.425457925
138.597269829,0.18542145078161829,0.06248625156491172,0.006180374181915036,0.0,0.0,False,0.0,0.6180374181915034,0.0,FUSED,ACCEPTED,ACCEPTED,138.511436118,138.511436118
138.647269829,0.2057488915283715,0.07226551012266369,0.011180374181916173,0.0,0.0,False,0.0,0.0,0.0,MODEL_ONLY,DUPLICATE_OR_OLD,DUPLICATE_OR_OLD,138.511436118,138.511436118
138.697269829,0.21948925992963042,0.08289646390911011,0.006180344890980188,0.0,0.0,False,0.0,0.6180344890980187,0.0,FUSED,ACCEPTED,ACCEPTED,138.619411978,138.619411978
138.747269829,0.22734419723901655,0.09406730033832883,0.005278641565342008,0.0,0.0,False,0.0,0.5278641565342006,0.0,FUSED,ACCEPTED,ACCEPTED,138.739365471,138.739365471
138.79726982900002,0.2492159242786249,0.10598130337627257,0.010278641565343145,0.0,0.0,False,0.0,0.0,0.0,MODEL_ONLY,DUPLICATE_OR_OLD,DUPLICATE_OR_OLD,138.739365471,138.739365471
138.847269829,0.27147678624106264,0.11899862113926031,0.01527864156534144,0.0,0.0,False,0.0,0.0,0.0,MODEL_ONLY,DUPLICATE_OR_OLD,DUPLICATE_OR_OLD,138.739365471,138.739365471
138.897269829,0.28270676814958146,0.13285320999902955,0.006697341927173458,0.0,0.0,False,0.0,0.6697341927173456,0.0,FUSED,ACCEPTED,ACCEPTED,138.80735819,138.80735819
138.947269829,0.3057100147736656,0.14756362957210573,0.011697341927171753,0.0,0.0,False,0.0,0.0,0.0,MODEL_ONLY,DUPLICATE_OR_OLD,DUPLICATE_OR_OLD,138.80735819,138.80735819
138.997269829,0.30977980021183743,0.1629508749467468,0.006254308752055248,0.0,0.0,False,0.0,0.6254308752055247,0.0,FUSED,ACCEPTED,ACCEPTED,138.917322162,138.917322162
139.04726982900002,0.33333247989164616,0.17902868194933755,0.011254308752056385,0.0,0.0,False,0.0,0.0,0.0,MODEL_ONLY,DUPLICATE_OR_OLD,DUPLICATE_OR_OLD,138.917322162,138.917322162
139.097269829,0.339366679703838,0.19584616093921892,0.006191101394274039,0.0,0.0,False,0.0,0.6191101394274037,0.0,FUSED,ACCEPTED,ACCEPTED,139.021307789,139.021307789
139.147269829,0.3633312973834587,0.21341361036640533,0.011191101394275177,0.0,0.0,False,0.0,0.0,0.0,MODEL_ONLY,DUPLICATE_OR_OLD,DUPLICATE_OR_OLD,139.021307789,139.021307789
139.197269829,0.369083106040878,0.23172397045200752,0.006181909325055556,0.0,0.0,False,0.0,0.6181909325055555,0.0,FUSED,ACCEPTED,ACCEPTED,139.143269869,139.143269869
139.247269829,0.38945649592511994,0.25068746050116175,0.005278990271112761,0.0,0.0,False,0.0,0.527899027111276,0.0,FUSED,ACCEPTED,ACCEPTED,139.219237021,139.219237021
139.29726982900002,0.4147498403381412,0.27079261890774786,0.010278990271113897,0.0,0.0,False,0.0,0.0,0.0,MODEL_ONLY,DUPLICATE_OR_OLD,DUPLICATE_OR_OLD,139.219237021,139.219237021
139.347269829,0.44052562485535307,0.29217450553757796,0.015278990271112191,0.0,0.0,False,0.0,0.0,0.0,MODEL_ONLY,DUPLICATE_OR_OLD,DUPLICATE_OR_OLD,139.219237021,139.219237021
139.397269829,0.45263034475620073,0.31450340477787186,0.006697379961992931,0.0,0.0,False,0.0,0.669737996199293,0.0,FUSED,ACCEPTED,ACCEPTED,139.327207835,139.327207835
139.447269829,0.4792276644739102,0.3377998550086167,0.011697379961991227,0.0,0.0,False,0.0,0.0,0.0,MODEL_ONLY,DUPLICATE_OR_OLD,DUPLICATE_OR_OLD,139.327207835,139.327207835
139.497269829,0.4958920016809563,0.3621778466624939,0.00625431408841,0.0,0.0,False,0.0,0.6254314088409998,0.0,FUSED,ACCEPTED,ACCEPTED,139.429187472,139.429187472
139.54726982900002,0.5239305703838417,0.3876734109641196,0.011254314088411137,0.0,0.0,False,0.0,0.0,0.0,MODEL_ONLY,DUPLICATE_OR_OLD,DUPLICATE_OR_OLD,139.429187472,139.429187472
139.597269829,0.5414982544816981,0.41430913158574906,0.006191102168456678,0.0,0.0,False,0.0,0.6191102168456677,0.0,FUSED,ACCEPTED,ACCEPTED,139.537155769,139.537155769
139.647269829,0.5699885786528532,0.4420963024141191,0.005281038277053548,0.0,0.0,False,0.0,0.5281038277053547,0.006149352790698228,FUSED,ACCEPTED,ACCEPTED,139.625123737,139.625123737
139.697269829,0.6009571292519559,0.47136994511172936,0.010281038277051843,0.0,0.0,False,0.0,0.0,0.006149352790698228,MODEL_ONLY,DUPLICATE_OR_OLD,DUPLICATE_OR_OLD,139.625123737,139.625123737
139.747269829,0.6351694441584147,0.5022731094469957,0.0060444662555347774,0.0,0.0,False,0.0,0.6044466255534777,0.013646093749508583,FUSED,ACCEPTED,ACCEPTED,139.707100588,139.707100588
139.79726982900002,0.6681499105472811,0.5348560933146455,0.011044466255535915,0.0,0.0,False,0.0,0.0,0.013646093749508583,MODEL_ONLY,DUPLICATE_OR_OLD,DUPLICATE_OR_OLD,139.707100588,139.707100588
139.847269829,0.7019774972009951,0.5691092785083406,0.01604446625553421,0.0,0.0,False,0.0,0.0,0.013646093749508583,MODEL_ONLY,DUPLICATE_OR_OLD,DUPLICATE_OR_OLD,139.707100588,139.707100588
139.897269829,0.734759194995659,0.6050276958132652,0.0067788140025706,0.0,0.0,False,0.0,0.6778814002570599,-0.002384757711095189,FUSED,ACCEPTED,ACCEPTED,139.827080253,139.827080253
139.947269829,0.7691898957067843,0.6426264230808134,0.011778814002568895,0.0,0.0,False,0.0,0.0,-0.002384757711095189,MODEL_ONLY,DUPLICATE_OR_OLD,DUPLICATE_OR_OLD,139.827080253,139.827080253
139.997269829,0.8110049056246031,0.6821312931141071,0.006265704672716173,0.0,0.0,False,0.0,0.6265704672716172,0.016656990533418584,FUSED,ACCEPTED,ACCEPTED,139.929034411,139.929034411
140.04726982900002,0.847476587974016,0.723593330454082,0.01126570467271731,0.0,0.0,False,0.0,0.0,0.016656990533418584,MODEL_ONLY,DUPLICATE_OR_OLD,DUPLICATE_OR_OLD,139.929034411,139.929034411
140.097269829,0.903340445061641,0.7673637562799585,0.006192753963921691,0.0,0.0,False,0.0,0.6192753963921691,0.05962787944506194,FUSED,ACCEPTED,ACCEPTED,140.019015828,140.019015828
140.147269829,0.942805408566191,0.8135174026206647,0.011192753963922828,0.0,0.0,False,0.0,0.0,0.05962787944506194,MODEL_ONLY,DUPLICATE_OR_OLD,DUPLICATE_OR_OLD,140.019015828,140.019015828
140.197269829,0.9975954009205391,0.8620274228578164,0.006182150218425152,0.0,0.0,False,0.0,0.6182150218425152,0.07088726608148029,FUSED,ACCEPTED,ACCEPTED,140.128976762,140.128976762
140.247269829,1.038922998177031,0.9129403828352672,0.01118215021842629,0.0,0.0,False,0.0,0.0,0.07088726608148029,MODEL_ONLY,DUPLICATE_OR_OLD,DUPLICATE_OR_OLD,140.128976762,140.128976762
140.29726982900002,1.0788258503095907,0.9658841040474448,0.006180603992959359,0.0,0.0,False,0.0,0.6180603992959357,0.043343689443112884,FUSED,ACCEPTED,ACCEPTED,140.220962957,140.220962957
140.347269829,1.1197840725549089,1.0208493521190385,0.011180603992957654,0.0,0.0,False,0.0,0.0,0.043343689443112884,MODEL_ONLY,DUPLICATE_OR_OLD,DUPLICATE_OR_OLD,140.220962957,140.220962957
140.397269829,1.1718217998631275,1.0781394989295026,0.0061803784195775344,0.0,0.0,False,0.0,0.6180378419577532,0.07775197729445033,FUSED,ACCEPTED,ACCEPTED,140.310929313,140.310929313
140.447269829,1.2224934289954683,1.1379973796509468,0.005278649039264774,0.0,0.0,False,0.0,0.5278649039264773,0.08389651304680174,FUSED,ACCEPTED,ACCEPTED,140.434908206,140.434908206
140.497269829,1.2665827233925886,1.2002242834606625,0.01027864903926591,0.0,0.0,False,0.0,0.0,0.08389651304680174,MODEL_ONLY,DUPLICATE_OR_OLD,DUPLICATE_OR_OLD,140.434908206,140.434908206
140.54726982900002,1.3109556456949294,1.264662742687865,0.015278649039267048,0.0,0.0,False,0.0,0.0,0.08389651304680174,MODEL_ONLY,DUPLICATE_OR_OLD,DUPLICATE_OR_OLD,140.434908206,140.434908206
140.597269829,1.3697816787441477,1.3316811757988192,0.006697342742395145,0.0,0.0,False,0.0,0.6697342742395143,0.10924243540266027,FUSED,ACCEPTED,ACCEPTED,140.51287298,140.51287298
140.647269829,1.4003039170030915,1.4009333156925157,0.005391140694634394,0.0,0.0,False,0.0,0.5391140694634394,0.037505284481651344,FUSED,ACCEPTED,ACCEPTED,140.612853327,140.612853327
140.697269829,1.4436290041410882,1.472031638721096,0.010391140694632688,0.0,0.0,False,0.0,0.0,0.037505284481651344,MODEL_ONLY,DUPLICATE_OR_OLD,DUPLICATE_OR_OLD,140.612853327,140.612853327
140.747269829,1.507565706209876,1.545811506479887,0.006061618451780151,0.0,0.0,False,0.0,0.606161845178015,0.12564240425271062,FUSED,ACCEPTED,ACCEPTED,140.706817845,140.706817845
140.79726982900002,1.5560899258011063,1.622402897280179,0.011061618451781288,0.0,0.0,False,0.0,0.0,0.12564240425271062,MODEL_ONLY,DUPLICATE_OR_OLD,DUPLICATE_OR_OLD,140.706817845,140.706817845
140.847269829,1.6049407619042506,1.701428664472786,0.016061618451779582,0.0,0.0,False,0.0,0.0,0.12564240425271062,MODEL_ONLY,DUPLICATE_OR_OLD,DUPLICATE_OR_OLD,140.706817845,140.706817845
140.897269829,1.631981585295872,1.7823517231528072,0.006780592738422904,0.0,0.0,False,0.0,0.6780592738422903,0.03324419297370748,FUSED,ACCEPTED,ACCEPTED,140.806793358,140.806793358
140.947269829,1.6767532865793962,1.8650700949496608,0.011780592738421199,0.0,0.0,False,0.0,0.0,0.03324419297370748,MODEL_ONLY,DUPLICATE_OR_OLD,DUPLICATE_OR_OLD,140.806793358,140.806793358
140.997269829,1.7345821229233391,1.9503534801872484,0.006265952700272793,0.0,0.0,False,0.0,0.6265952700272791,0.10060984918557227,FUSED,ACCEPTED,ACCEPTED,140.936753406,140.936753406
141.04726982900002,1.783141327473119,2.0382965664471797,0.01126595270027393,0.0,0.0,False,0.0,0.0,0.10060984918557227,MODEL_ONLY,DUPLICATE_OR_OLD,DUPLICATE_OR_OLD,140.936753406,140.936753406
141.097269829,1.8505030799887097,2.1291376766336945,0.006192789915480067,0.0,0.0,False,0.0,0.6192789915480066,0.13365086183616995,FUSED,ACCEPTED,ACCEPTED,141.0087459,141.0087459
141.147269829,1.9010393239468582,2.222926236732105,0.011192789915481205,0.0,0.0,False,0.0,0.0,0.13365086183616995,MODEL_ONLY,DUPLICATE_OR_OLD,DUPLICATE_OR_OLD,141.0087459,141.0087459
141.197269829,1.9488562197101802,2.3191736253234985,0.006182155458708824,0.0,0.0,False,0.0,0.6182155458708822,0.09867138350891819,FUSED,ACCEPTED,ACCEPTED,141.126719294,141.126719294
141.247269829,1.9978954279380976,2.417842416514728,0.011182155458709962,0.0,0.0,False,0.0,0.0,0.09867138350891819,MODEL_ONLY,DUPLICATE_OR_OLD,DUPLICATE_OR_OLD,141.126719294,141.126719294
141.29726982900002,2.046471335132904,2.518951585591526,0.006180604757400565,0.0,0.0,False,0.0,0.6180604757400565,0.10395065660310081,FUSED,ACCEPTED,ACCEPTED,141.220676304,141.220676304
141.347269829,2.095969814807872,2.62251261434001,0.01118060475739886,0.0,0.0,False,0.0,0.0,0.10395065660310081,MODEL_ONLY,DUPLICATE_OR_OLD,DUPLICATE_OR_OLD,141.220676304,141.220676304
141.397269829,2.130268565006868,2.7281685738354025,0.00618037853110575,0.0,0.0,False,0.0,0.6180378531105748,0.05893599199336285,FUSED,ACCEPTED,ACCEPTED,141.332652584,141.332652584
141.447269829,2.1776677181565725,2.835866980914451,0.011180378531104044,0.0,0.0,False,0.0,0.0,0.05893599199336285,MODEL_ONLY,DUPLICATE_OR_OLD,DUPLICATE_OR_OLD,141.332652584,141.332652584
141.497269829,2.2251292886188407,2.945936906083862,0.016180378531105183,0.0,0.0,False,0.0,0.0,0.05893599199336285,MODEL_ONLY,DUPLICATE_OR_OLD,DUPLICATE_OR_OLD,141.332652584,141.332652584
141.54726982900002,2.27264581542409,3.0583812836849606,0.02118037853110632,0.0,0.0,False,0.0,0.0,0.05893599199336285,MODEL_ONLY,DUPLICATE_OR_OLD,DUPLICATE_OR_OLD,141.332652584,141.332652584
141.597269829,2.2521129645675617,3.171500253184713,0.026180378531104612,0.0,0.0,False,0.0,0.0,0.05893599199336285,MODEL_ONLY,MISSING_OR_STALE,MISSING_OR_STALE,141.332652584,141.332652584
141.647269829,2.299720481892953,3.285296089346252,0.03118037853110575,0.0,0.0,False,0.0,0.0,0.05893599199336285,MODEL_ONLY,MISSING_OR_STALE,MISSING_OR_STALE,141.332652584,141.332652584
141.697269829,2.347365509998581,3.4014732391435007,0.067749345529743,0.007771769350666746,0.15543538701338794,True,0.03156896699863895,0.0,0.05893599199336285,MODEL_ONLY,MISSING_OR_STALE,MISSING_OR_STALE,141.332652584,141.332652584
141.747269829,2.3950435650835487,3.520033466020581,0.07391511093234464,0.01554353870133791,0.15543538701338794,True,0.001165765402600498,0.0,0.05893599199336285,MODEL_ONLY,MISSING_OR_STALE,MISSING_OR_STALE,141.332652584,141.332652584
141.79726982900002,2.4427506993120054,3.6409783226304975,0.08085805327001357,0.023315308052009074,0.15543538701338794,True,0.001942942337667791,0.0,0.05893599199336285,MODEL_ONLY,MISSING_OR_STALE,MISSING_OR_STALE,141.332652584,141.332652584
141.847269829,2.4904834367473647,3.7643091760319396,0.08857817254274518,0.03108707740267582,0.15543538701338794,True,0.0027201192727333173,0.0,0.05893599199336285,MODEL_ONLY,MISSING_OR_STALE,MISSING_OR_STALE,141.332652584,141.332652584
141.897269829,2.5382387169445453,3.8900272298742657,0.09707546875054826,0.038858846753346984,0.15543538701338794,True,0.0034972962078019354,0.0,0.05893599199336285,MODEL_ONLY,MISSING_OR_STALE,MISSING_OR_STALE,141.332652584,141.332652584
141.947269829,2.5860138452845725,4.018133543929951,0.10634994189341314,0.04663061610401373,0.15543538701338794,True,0.004274473142866578,0.0,0.05893599199336285,MODEL_ONLY,MISSING_OR_STALE,MISSING_OR_STALE,141.332652584,141.332652584
141.997269829,2.6338064492462503,4.14862905129325,0.11640159197135036,0.05440238545468489,0.15543538701338794,True,0.00505165007793608,0.0,0.05893599199336285,MODEL_ONLY,MISSING_OR_STALE,MISSING_OR_STALE,141.332652584,141.332652584
142.04726982900002,2.6816144399044584,4.281514573522048,0.12723041898435486,0.062174154805356055,0.15543538701338794,True,0.005828827013003373,0.0,0.05893599199336285,MODEL_ONLY,MISSING_OR_STALE,MISSING_OR_STALE,141.332652584,141.332652584
142.097269829,2.729435978030946,4.416790833970387,0.13883642293241982,0.0699459241560228,0.15543538701338794,True,0.0066060039480666894,0.0,0.05893599199336285,MODEL_ONLY,MISSING_OR_STALE,MISSING_OR_STALE,141.332652584,141.332652584
142.147269829,2.7772694442472337,4.554458469527373,0.1512196038155585,0.07771769350669397,0.15543538701338794,True,0.007383180883137517,0.0,0.05893599199336285,MODEL_ONLY,MISSING_OR_STALE,MISSING_OR_STALE,141.332652584,141.332652584
142.197269829,2.8251134127449826,4.69451804095213,0.16437996163375673,0.08548946285736071,0.15543538701338794,True,0.00816035781819995,0.0,0.05893599199336285,MODEL_ONLY,MISSING_OR_STALE,MISSING_OR_STALE,141.332652584,141.332652584
142.247269829,2.8729666281480526,4.836970041974489,0.17831749638702954,0.09326123220803188,0.15543538701338794,True,0.00893753475327166,0.0,0.05893599199336285,MODEL_ONLY,MISSING_OR_STALE,MISSING_OR_STALE,141.332652584,141.332652584
142.29726982900002,2.9208279851399386,4.981814907306721,0.19303220807536964,0.10103300155870305,0.15543538701338794,True,0.009714711688338954,0.0,0.05893599199336285,MODEL_ONLY,MISSING_OR_STALE,MISSING_OR_STALE,141.332652584,141.332652584
142.347269829,2.9686965105266645,5.129053019698336,0.20852409669876798,0.1088047709093698,0.15543538701338794,True,0.010491888623400066,0.0,0.05893599199336285,MODEL_ONLY,MISSING_OR_STALE,MISSING_OR_STALE,141.332652584,141.332652584
142.397269829,3.0165713474437754,5.278684716147631,0.22479316225724222,0.11657654026004097,0.15543538701338794,True,0.0112690655584731,0.0,0.05893599199336285,MODEL_ONLY,MISSING_OR_STALE,MISSING_OR_STALE,141.332652584,141.332652584
142.447269829,3.064451741450863,5.430710293369946,0.24183940475077384,0.12434830961070771,0.15543538701338794,True,0.012046242493533326,0.0,0.05893599199336285,MODEL_ONLY,MISSING_OR_STALE,MISSING_OR_STALE,141.332652584,141.332652584
142.497269829,3.112337028288647,5.585130012613469,0.2596628241793822,0.13212007896137887,0.15543538701338794,True,0.012823419428607244,0.0,0.05893599199336285,MODEL_ONLY,MISSING_OR_STALE,MISSING_OR_STALE,141.332652584,141.332652584
142.54726982900002,3.1602266230991196,5.741944103898199,0.27826342054305786,0.13989184831205004,0.15543538701338794,True,0.013600596363674536,0.0,0.05893599199336285,MODEL_ONLY,MISSING_OR_STALE,MISSING_OR_STALE,141.332652584,141.332652584
142.597269829,3.2081200109344894,5.901152769748984,0.2976411938417896,0.1476636176627168,0.15543538701338794,True,0.014377773298733437,0.0,0.05893599199336285,MODEL_ONLY,MISSING_OR_STALE,MISSING_OR_STALE,141.332652584,141.332652584
142.647269829,3.256016738400641,6.0627561884824,0.3177961440755994,0.15543538701338797,0.15543538701338794,True,0.015154950233808683,0.0,0.05893599199336285,MODEL_ONLY,MISSING_OR_STALE,MISSING_OR_STALE,141.332652584,141.332652584
142.697269829,3.3039164062992166,6.22675451709984,0.3387282712444644,0.16320715636405472,0.15543538701338794,True,0.0159321271688667,0.0,0.05893599199336285,MODEL_ONLY,MISSING_OR_STALE,MISSING_OR_STALE,141.332652584,141.332652584
142.747269829,3.3518186631496034,6.393147893836098,0.36043757534840837,0.1709789257147259,0.15543538701338794,True,0.016709304103942828,0.0,0.05893599199336285,MODEL_ONLY,MISSING_OR_STALE,MISSING_OR_STALE,141.332652584,141.332652584
142.79726982900002,3.3997231994848796,6.561936440401999,0.3829240563874196,0.17875069506539706,0.15543538701338794,True,0.017486481039010123,0.0,0.05893599199336285,MODEL_ONLY,MISSING_OR_STALE,MISSING_OR_STALE,141.332652584,141.332652584
142.847269829,3.447629742829835,6.733120263959808,0.4061877143614847,0.18652246441606382,0.15543538701338794,True,0.018263657974066816,0.0,0.05893599199336285,MODEL_ONLY,MISSING_OR_STALE,MISSING_OR_STALE,141.332652584,141.332652584
142.897269829,3.4955380532792986,6.906699458862576,0.4302285492706301,0.194294233766735,0.15543538701338794,True,0.01904083490914427,0.0,0.05893599199336285,MODEL_ONLY,MISSING_OR_STALE,MISSING_OR_STALE,141.332652584,141.332652584
142.947269829,3.5434479196047413,7.082674108184617,0.45504656111482844,0.20206600311740175,0.15543538701338794,True,0.019818011844200078,0.0,0.05893599199336285,MODEL_ONLY,MISSING_OR_STALE,MISSING_OR_STALE,141.332652584,141.332652584
142.997269829,3.5916666350296427,7.261051972050517,0.48064174989410796,0.20983777246807292,0.15543538701338794,True,0.020595188779278416,0.0,0.05893599199336285,MODEL_ONLY,MISSING_OR_STALE,MISSING_OR_STALE,141.332652584,141.332652584
143.04726982900002,3.640157281689235,7.441847569968529,0.5070141156084548,0.2176095418187441,0.15543538701338794,True,0.02137236571434571,0.0,0.05893599199336285,MODEL_ONLY,MISSING_OR_STALE,MISSING_OR_STALE,141.332652584,141.332652584
143.097269829,3.6888873546464205,7.625073685876858,0.5341636582578533,0.22538131116941085,0.15543538701338794,True,0.02214954264940019,0.0,0.05893599199336285,MODEL_ONLY,MISSING_OR_STALE,MISSING_OR_STALE,141.332652584,141.332652584
143.147269829,3.737828234398439,7.810741575603021,0.5620903778423343,0.23315308052008202,0.15543538701338794,True,0.022926719584479855,0.0,0.05893599199336285,MODEL_ONLY,MISSING_OR_STALE,MISSING_OR_STALE,141.332652584,141.332652584
143.197269829,3.7869547224364752,7.99886114952383,0.590794274361866,0.24092484987074878,0.15543538701338794,True,0.023703896519533457,0.0,0.05893599199336285,MODEL_ONLY,MISSING_OR_STALE,MISSING_OR_STALE,141.332652584,141.332652584
143.247269829,3.8362446323219284,8.189441133392835,0.6202753478164812,0.24869661922141995,0.15543538701338794,True,0.024481073454614,0.0,0.05893599199336285,MODEL_ONLY,MISSING_OR_STALE,MISSING_OR_STALE,141.332652584,141.332652584
143.29726982900002,3.8856784296424354,8.382489209941989,0.6505335982061636,0.2564683885720911,0.15543538701338794,True,0.025258250389681294,0.0,0.05893599199336285,MODEL_ONLY,MISSING_OR_STALE,MISSING_OR_STALE,141.332652584,141.332652584
143.347269829,3.93523891500553,8.578012143558121,0.6815690255308955,0.26424015792275785,0.15543538701338794,True,0.026035427324733566,0.0,0.05893599199336285,MODEL_ONLY,MISSING_OR_STALE,MISSING_OR_STALE,141.332652584,141.332652584
143.397269829,3.984910944925242,8.776015890056435,0.7133816297907121,0.272011927273429,0.15543538701338794,True,0.02681260425981544,0.0,0.05893599199336285,MODEL_ONLY,MISSING_OR_STALE,MISSING_OR_STALE,141.332652584,141.332652584
143.447269829,4.034681186071872,8.976505693331294,0.7459714109855773,0.27978369662409575,0.15543538701338794,True,0.027589781194866828,0.0,0.05893599199336285,MODEL_ONLY,MISSING_OR_STALE,MISSING_OR_STALE,141.332652584,141.332652584
143.497269829,4.084537898897589,9.179486170455577,0.779338369115528,0.2875554659747669,0.15543538701338794,True,0.028366958129949583,0.0,0.05893599199336285,MODEL_ONLY,MISSING_OR_STALE,MISSING_OR_STALE,141.332652584,141.332652584
143.54726982900002,4.134470747125663,9.384961386606205,0.813482504180546,0.29532723532543803,0.15543538701338794,True,0.029144135065016872,0.0,0.05893599199336285,MODEL_ONLY,MISSING_OR_STALE,MISSING_OR_STALE,141.332652584,141.332652584
143.597269829,4.184470630012395,9.592934921034585,0.8484038161806113,0.3030990046761048,0.15543538701338794,True,0.029921312000066935,0.0,0.05893599199336285,MODEL_ONLY,MISSING_OR_STALE,MISSING_OR_STALE,141.332652584,141.332652584
143.647269829,4.234529534659418,9.803409925151428,0.8841023051157635,0.31087077402677593,0.15543538701338794,True,0.030698488935151015,0.0,0.05893599199336285,MODEL_ONLY,MISSING_OR_STALE,MISSING_OR_STALE,141.332652584,141.332652584
143.697269829,4.284640405979365,10.016389173667324,0.9205779709859621,0.3186425433774427,0.15543538701338794,True,0.031475665870200197,0.0,0.05893599199336285,MODEL_ONLY,MISSING_OR_STALE,MISSING_OR_STALE,141.332652584,141.332652584
143.747269829,4.334797032205425,10.231875109621994,0.9578308137912483,0.32641431272811383,0.15543538701338794,True,0.03225284280528516,0.0,0.05893599199336285,MODEL_ONLY,MISSING_OR_STALE,MISSING_OR_STALE,141.332652584,141.332652584
143.79726982900002,4.38499394408596,10.449869884029328,0.9958608335316019,0.334186082078785,0.15543538701338794,True,0.033030019740352454,0.0,0.05893599199336285,MODEL_ONLY,MISSING_OR_STALE,MISSING_OR_STALE,141.332652584,141.332652584
143.847269829,4.435226326129022,10.670375390784628,1.0346680302070006,0.34195785142945173,0.15543538701338794,True,0.0338071966754003,0.0,0.05893599199336285,MODEL_ONLY,MISSING_OR_STALE,MISSING_OR_STALE,141.332652584,141.332652584
143.897269829,4.485489938456144,10.893393297399308,1.0742524038174883,0.3497296207801229,0.15543538701338794,True,0.03458437361048659,0.0,0.05893599199336285,MODEL_ONLY,MISSING_OR_STALE,MISSING_OR_STALE,141.332652584,141.332652584
143.947269829,4.535781047996965,11.11892507206056,1.1146139543630202,0.35750139013078963,0.15543538701338794,True,0.03536155054553356,0.0,0.05893599199336285,MODEL_ONLY,MISSING_OR_STALE,MISSING_OR_STALE,141.332652584,141.332652584
143.997269829,4.586096367908811,11.346972007458255,1.155752681843642,0.3652731594814608,0.15543538701338794,True,0.03613872748062074,0.0,0.05893599199336285,MODEL_ONLY,MISSING_OR_STALE,MISSING_OR_STALE,141.332652584,141.332652584
144.04726982900002,4.636433004237283,11.57753524176196,1.1976685862593313,0.3730449288321319,0.15543538701338794,True,0.03691590441568803,0.0,0.05893599199336285,MODEL_ONLY,MISSING_OR_STALE,MISSING_OR_STALE,141.332652584,141.332652584
144.097269829,4.686788408952949,11.810615777091638,1.2403616676100633,0.3808166981827987,0.15543538701338794,True,0.03769308135073367,0.0,0.05893599199336285,MODEL_ONLY,MISSING_OR_STALE,MISSING_OR_STALE,141.332652584,141.332652584
144.147269829,4.737160338601759,12.046214495780559,1.2838319258958866,0.3885884675334698,0.15543538701338794,True,0.03847025828582217,0.0,0.05893599199336285,MODEL_ONLY,MISSING_OR_STALE,MISSING_OR_STALE,141.332652584,141.332652584
144.197269829,4.787546817897841,12.284332174692967,1.3280793611167518,0.3963602368841366,0.15543538701338794,True,0.03924743522086693,0.0,0.05893599199336285,MODEL_ONLY,MISSING_OR_STALE,MISSING_OR_STALE,141.332652584,141.332652584
144.247269829,4.837946107668586,12.524969497832181,1.3731039732727095,0.4041320062348077,0.15543538701338794,True,0.04002461215595632,0.0,0.05893599199336285,MODEL_ONLY,MISSING_OR_STALE,MISSING_OR_STALE,141.332652584,141.332652584
144.29726982900002,4.888356676630984,12.768127067439726,1.4189057623637342,0.41190377558547886,0.15543538701338794,True,0.0408017890910236,0.0,0.05893599199336285,MODEL_ONLY,MISSING_OR_STALE,MISSING_OR_STALE,141.332652584,141.332652584
144.347269829,4.938777176541892,13.013805413768965,1.4654847283897996,0.4196755449361456,0.15543538701338794,True,0.04157896602606704,0.0,0.05893599199336285,MODEL_ONLY,MISSING_OR_STALE,MISSING_OR_STALE,141.332652584,141.332652584
144.397269829,4.989206420318693,13.262005003690536,1.5128408713509587,0.42744731428681676,0.15543538701338794,True,0.04235614296115775,0.0,0.05893599199336285,MODEL_ONLY,MISSING_OR_STALE,MISSING_OR_STALE,141.332652584,141.332652584
144.447269829,5.039643362774998,13.512726248267793,1.5609741912471573,0.4352190836374835,0.15543538701338794,True,0.0431333198962003,0.0,0.05893599199336285,MODEL_ONLY,MISSING_OR_STALE,MISSING_OR_STALE,141.332652584,141.332652584
144.497269829,5.090087083659486,13.765969509428713,1.6098846880784505,0.44299085298815466,0.15543538701338794,True,0.0439104968312919,0.0,0.05893599199336285,MODEL_ONLY,MISSING_OR_STALE,MISSING_OR_STALE,141.332652584,141.332652584
144.54726982900002,5.1405367727217675,14.021735105838303,1.6595723618448108,0.4507626223388258,0.15543538701338794,True,0.04468767376635918,0.0,0.05893599199336285,MODEL_ONLY,MISSING_OR_STALE,MISSING_OR_STALE,141.332652584,141.332652584
144.597269829,5.1909917165636505,14.28002331807035,1.7100372125462096,0.45853439168949256,0.15543538701338794,True,0.04546485070140041,0.0,0.05893599199336285,MODEL_ONLY,MISSING_OR_STALE,MISSING_OR_STALE,141.332652584,141.332652584
144.647269829,5.241451287062126,14.540834393161054,1.7612792401827042,0.4663061610401637,0.15543538701338794,True,0.04624202763649333,0.0,0.05893599199336285,MODEL_ONLY,MISSING_OR_STALE,MISSING_OR_STALE,141.332652584,141.332652584
144.697269829,5.29191493117592,14.804168548616916,1.8132984447542362,0.47407793039083046,0.15543538701338794,True,0.04701920457153367,0.0,0.05893599199336285,MODEL_ONLY,MISSING_OR_STALE,MISSING_OR_STALE,141.332652584,141.332652584
144.747269829,5.342382161970919,15.070025975945647,1.866094826260865,0.4818496997415016,0.15543538701338794,True,0.04779638150662747,0.0,0.05893599199336285,MODEL_ONLY,MISSING_OR_STALE,MISSING_OR_STALE,141.332652584,141.332652584
144.79726982900002,5.392852550717949,15.33840684376293,1.919668384702561,0.48962146909217275,0.15543538701338794,True,0.04857355844169476,0.0,0.05893599199336285,MODEL_ONLY,MISSING_OR_STALE,MISSING_OR_STALE,141.332652584,141.332652584
144.847269829,5.443325719935401,15.609311300529171,1.9740191200792931,0.4973932384428395,0.15543538701338794,True,0.049350735376733776,0.0,0.05893599199336285,MODEL_ONLY,MISSING_OR_STALE,MISSING_OR_STALE,141.332652584,141.332652584
144.897269829,5.49380133726351,15.882739476959205,2.029147032391123,0.5051650077935107,0.15543538701338794,True,0.05012791231182891,0.0,0.05893599199336285,MODEL_ONLY,MISSING_OR_STALE,MISSING_OR_STALE,141.332652584,141.332652584
144.947269829,5.544279110070582,16.158691488142463,2.0850521216379883,0.5129367771441774,0.15543538701338794,True,0.05090508924686704,0.0,0.05893599199336285,MODEL_ONLY,MISSING_OR_STALE,MISSING_OR_STALE,141.332652584,141.332652584
144.997269829,5.594758780704373,16.4371674354119,2.1417343878199526,0.5207085464948485,0.15543538701338794,True,0.051682266181963046,0.0,0.05893599199336285,MODEL_ONLY,MISSING_OR_STALE,MISSING_OR_STALE,141.332652584,141.332652584
145.04726982900002,5.645240122310673,16.71816740798734,2.1991938309369843,0.5284803158455197,0.15543538701338794,True,0.05245944311703034,0.0,0.05893599199336285,MODEL_ONLY,MISSING_OR_STALE,MISSING_OR_STALE,141.332652584,141.332652584
145.097269829,5.695722935151987,17.001691484423812,2.2574304509890495,0.5362520851961864,0.15543538701338794,True,0.05323662005206715,0.0,0.05893599199336285,MODEL_ONLY,MISSING_OR_STALE,MISSING_OR_STALE,141.332652584,141.332652584
145.147269829,5.746207043366255,17.287739733886834,2.3164442479762153,0.5440238545468575,0.15543538701338794,True,0.05401379698716448,0.0,0.05893599199336285,MODEL_ONLY,MISSING_OR_STALE,MISSING_OR_STALE,141.332652584,141.332652584
145.197269829,5.796692292112746,17.57631221727371,2.3762352218984137,0.5517956238975242,0.15543538701338794,True,0.0547909739222004,0.0,0.05893599199336285,MODEL_ONLY,MISSING_OR_STALE,MISSING_OR_STALE,141.332652584,141.332652584
145.247269829,5.847178545059518,17.86740898820308,2.4368033727557137,0.5595673932481954,0.15543538701338794,True,0.05556815085729862,0.0,0.05893599199336285,MODEL_ONLY,MISSING_OR_STALE,MISSING_OR_STALE,141.332652584,141.332652584
145.29726982900002,5.897665682170806,18.161030093883905,2.498148700548081,0.5673391625988665,0.15543538701338794,True,0.05634532779236591,0.0,0.05893599199336285,MODEL_ONLY,MISSING_OR_STALE,MISSING_OR_STALE,141.332652584,141.332652584
145.347269829,5.948153597759156,18.457175575882054,2.5602712052754795,0.5751109319495332,0.15543538701338794,True,0.057122504727400505,0.0,0.05893599199336285,MODEL_ONLY,MISSING_OR_STALE,MISSING_OR_STALE,141.332652584,141.332652584
145.397269829,5.998602206355194,18.755844470984982,2.623170886937981,0.5828827013002044,0.15543538701338794,True,0.05789968166250004,0.0,0.05893599199336285,MODEL_ONLY,MISSING_OR_STALE,MISSING_OR_STALE,141.332652584,141.332652584
145.447269829,6.048966118683476,19.057033679110845,2.6868477455355126,0.5906544706508711,0.15543538701338794,True,0.05867685859753376,0.0,0.05893599199336285,MODEL_ONLY,MISSING_OR_STALE,MISSING_OR_STALE,141.332652584,141.332652584
145.497269829,6.099206288470889,19.360737989289774,2.751301781068148,0.5984262400015422,0.15543538701338794,True,0.05945403553263418,0.0,0.05893599199336285,MODEL_ONLY,MISSING_OR_STALE,MISSING_OR_STALE,141.332652584,141.332652584
145.54726982900002,6.149289266651415,19.6669503781679,2.816532993535851,0.6061980093522134,0.15543538701338794,True,0.060231212467701474,0.0,0.05893599199336285,MODEL_ONLY,MISSING_OR_STALE,MISSING_OR_STALE,141.332652584,141.332652584
145.597269829,6.1994686455184755,19.975669325972042,2.882541382938583,0.61396977870288,0.15543538701338794,True,0.06100838940273386,0.0,0.05893599199336285,MODEL_ONLY,MISSING_OR_STALE,MISSING_OR_STALE,141.332652584,141.332652584
145.647269829,6.249683989026396,20.286898141835735,2.94932694927642,0.6217415480535512,0.15543538701338794,True,0.061785566337835614,0.0,0.05893599199336285,MODEL_ONLY,MISSING_OR_STALE,MISSING_OR_STALE,141.332652584,141.332652584
145.697269829,6.299882836513182,20.600637312474117,3.016889692549285,0.6295133174042179,0.15543538701338794,True,0.06256274327286712,0.0,0.05893599199336285,MODEL_ONLY,MISSING_OR_STALE,MISSING_OR_STALE,141.332652584,141.332652584
145.747269829,6.35001978135304,20.916884877920843,3.085229612757256,0.637285086754889,0.15543538701338794,True,0.06333992020796975,0.0,0.05893599199336285,MODEL_ONLY,MISSING_OR_STALE,MISSING_OR_STALE,141.332652584,141.332652584
145.79726982900002,6.400055650662498,21.235636763721303,3.1543467099002944,0.6450568561055602,0.15543538701338794,True,0.06411709714303704,0.0,0.05893599199336285,MODEL_ONLY,MISSING_OR_STALE,MISSING_OR_STALE,141.332652584,141.332652584
145.847269829,6.449956775400108,21.556887074372757,3.2242409839783597,0.6528286254562269,0.15543538701338794,True,0.06489427407806722,0.0,0.05893599199336285,MODEL_ONLY,MISSING_OR_STALE,MISSING_OR_STALE,141.332652584,141.332652584
145.897269829,6.4996943412801595,21.880628352289836,3.294912434991532,0.660600394806898,0.15543538701338794,True,0.06567145101317118,0.0,0.05893599199336285,MODEL_ONLY,MISSING_OR_STALE,MISSING_OR_STALE,141.332652584,141.332652584
145.947269829,6.549243811896594,22.206851806119143,3.3663610629397307,0.6683721641575647,0.15543538701338794,True,0.06644862794820047,0.0,0.05893599199336285,MODEL_ONLY,MISSING_OR_STALE,MISSING_OR_STALE,141.332652584,141.332652584
145.997269829,6.598584416334609,22.535547511824998,3.4385868678230374,0.6761439335082359,0.15543538701338794,True,0.06722580488330532,0.0,0.05893599199336285,MODEL_ONLY,MISSING_OR_STALE,MISSING_OR_STALE,141.332652584,141.332652584
146.04726982900002,6.647698694339958,22.866704589591937,3.5115898496414113,0.683915702858907,0.15543538701338794,True,0.06800298181837261,0.0,0.05893599199336285,MODEL_ONLY,MISSING_OR_STALE,MISSING_OR_STALE,141.332652584,141.332652584
146.097269829,6.696572092833467,23.200311359271158,3.58537000839481,0.6916874722095737,0.15543538701338794,True,0.06878015875340057,0.0,0.05893599199336285,MODEL_ONLY,MISSING_OR_STALE,MISSING_OR_STALE,141.332652584,141.332652584
146.147269829,6.745192608202564,23.536355476797134,3.659927344083318,0.6994592415602449,0.15543538701338794,True,0.06955733568850675,0.0,0.05893599199336285,MODEL_ONLY,MISSING_OR_STALE,MISSING_OR_STALE,141.332652584,141.332652584
146.197269829,6.79355046938282,23.874824053736653,3.73526185670685,0.7072310109109116,0.15543538701338794,True,0.07033451262353384,0.0,0.05893599199336285,MODEL_ONLY,MISSING_OR_STALE,MISSING_OR_STALE,141.332652584,141.332652584
146.247269829,6.841637857266682,24.21570376190297,3.811373546265492,0.7150027802615827,0.15543538701338794,True,0.07111168955864089,0.0,0.05893599199336285,MODEL_ONLY,MISSING_OR_STALE,MISSING_OR_STALE,141.332652584,141.332652584
146.29726982900002,6.889448656445719,24.558980924745857,3.8882624127592016,0.7227745496122538,0.15543538701338794,True,0.07188886649370817,0.0,0.05893599199336285,MODEL_ONLY,MISSING_OR_STALE,MISSING_OR_STALE,141.332652584,141.332652584
146.347269829,6.936978235717382,24.904641597049817,3.9659284561879335,0.7305463189629205,0.15543538701338794,True,0.07266604342873394,0.0,0.05893599199336285,MODEL_ONLY,MISSING_OR_STALE,MISSING_OR_STALE,141.332652584,141.332652584
146.397269829,6.984223254166459,25.25267163429699,4.044371676551776,0.7383180883135917,0.15543538701338794,True,0.07344322036384231,0.0,0.05893599199336285,MODEL_ONLY,MISSING_OR_STALE,MISSING_OR_STALE,141.332652584,141.332652584
146.447269829,7.031181489972712,25.60305675290035,4.1235920738506415,0.7460898576642584,0.15543538701338794,True,0.07422039729886719,0.0,0.05893599199336285,MODEL_ONLY,MISSING_OR_STALE,MISSING_OR_STALE,141.332652584,141.332652584
146.497269829,8.716168944210436,25.996740513755018,0.054610575160234875,0.009793728810155061,0.15543538701338794,True,0.07499757423397645,0.9870085855822966,0.05893599199336285,FUSED,ACCEPTED,ACCEPTED,146.419229019,146.419229019
146.54726982900002,8.761563844329402,26.433683833468613,0.06097853650878539,0.017565498160826226,0.15543538701338794,True,0.0013679613485493753,0.0,0.05893599199336285,MODEL_ONLY,DUPLICATE_OR_OLD,DUPLICATE_OR_OLD,146.419229019,146.419229019
146.597269829,8.825444031213141,26.873359030357026,0.008719978287430362,0.003243225255189631,0.15543538701338794,False,0.0021451382836152285,0.8719978287430361,0.07900490364384105,FUSED,ACCEPTED,ACCEPTED,146.509204329,146.509204329
146.647269829,8.895143819321918,27.316373726620505,0.005784144538910183,0.003243225255189631,0.15543538701338794,False,0.0,0.5784144538910181,0.06624359084923347,FUSED,ACCEPTED,ACCEPTED,146.61316455,146.61316455
146.697269829,8.938125669769468,27.762205463847636,0.010784144538908478,0.003243225255189631,0.15543538701338794,False,0.0,0.0,0.06624359084923347,MODEL_ONLY,DUPLICATE_OR_OLD,DUPLICATE_OR_OLD,146.61316455,146.61316455
146.747269829,8.986792045214933,28.210328406722347,0.0061216475555706425,0.003243225255189631,0.15543538701338794,False,0.0,0.6121647555570641,0.029143289282817682,FUSED,ACCEPTED,ACCEPTED,146.729137362,146.729137362
146.79726982900002,9.02655923166353,28.660662188644412,0.01112164755557178,0.003243225255189631,0.15543538701338794,False,0.0,0.0,0.029143289282817682,MODEL_ONLY,DUPLICATE_OR_OLD,DUPLICATE_OR_OLD,146.729137362,146.729137362
146.847269829,9.065735858129655,29.112969565889088,0.016121647555570075,0.003243225255189631,0.15543538701338794,False,0.0,0.0,0.029143289282817682,MODEL_ONLY,DUPLICATE_OR_OLD,DUPLICATE_OR_OLD,146.729137362,146.729137362
146.897269829,9.08472937256498,29.56673119665656,0.006786802503902189,0.003243225255189631,0.15543538701338794,False,0.0,0.6786802503902188,0.06831891212979108,FUSED,ACCEPTED,ACCEPTED,146.811113101,146.811113101
146.947269829,9.124843093091755,30.021970508297823,0.011786802503900483,0.003243225255189631,0.15543538701338794,False,0.0,0.0,0.06831891212979108,MODEL_ONLY,DUPLICATE_OR_OLD,DUPLICATE_OR_OLD,146.811113101,146.811113101
146.997269829,9.200898675368531,30.480114052509435,0.006266818333937598,0.003243225255189631,0.15543538701338794,False,0.0,0.6266818333937596,0.06735073895161817,FUSED,ACCEPTED,ACCEPTED,146.94107855,146.94107855
147.04726982900002,9.240106425120562,30.941139180021768,0.011266818333938736,0.003243225255189631,0.15543538701338794,False,0.0,0.0,0.06735073895161817,MODEL_ONLY,DUPLICATE_OR_OLD,DUPLICATE_OR_OLD,146.94107855,146.94107855
147.097269829,9.299122486040943,31.404619902800643,0.00619291538363446,0.003243225255189631,0.15543538701338794,False,0.0,0.6192915383634459,0.09022684794810623,FUSED,ACCEPTED,ACCEPTED,147.011058267,147.011058267
147.147269829,9.338739829755399,31.870566460695656,0.011192915383635597,0.003243225255189631,0.15543538701338794,False,0.0,0.0,0.09022684794810623,MODEL_ONLY,DUPLICATE_OR_OLD,DUPLICATE_OR_OLD,147.011058267,147.011058267
147.197269829,9.382000251484827,32.3385849627265,0.006182173746780286,0.003243225255189631,0.15543538701338794,False,0.0,0.6182173746780285,0.07887192905649618,FUSED,ACCEPTED,ACCEPTED,147.143043926,147.143043926
147.247269829,9.42041100604645,32.808645244164886,0.011182173746781423,0.003243225255189631,0.15543538701338794,False,0.0,0.0,0.07887192905649618,MODEL_ONLY,DUPLICATE_OR_OLD,DUPLICATE_OR_OLD,147.143043926,147.143043926
147.29726982900002,9.47404417695476,33.281006623740026,0.006180607425222336,0.003243225255189631,0.15543538701338794,False,0.0,0.6180607425222336,0.12326520700251181,FUSED,ACCEPTED,ACCEPTED,147.230995957,147.230995957
147.347269829,9.514105539550059,33.75571036665249,0.011180607425220632,0.003243225255189631,0.15543538701338794,False,0.0,0.0,0.12326520700251181,MODEL_ONLY,DUPLICATE_OR_OLD,DUPLICATE_OR_OLD,147.230995957,147.230995957
147.397269829,9.570825726794501,34.23283364831121,0.006180378920327785,0.003243225255189631,0.15543538701338794,False,0.0,0.6180378920327784,0.15257937390055307,FUSED,ACCEPTED,ACCEPTED,147.308985837,147.308985837
147.447269829,9.611840381232405,34.71240030101171,0.01118037892032608,0.003243225255189631,0.15543538701338794,False,0.0,0.0,0.15257937390055307,MODEL_ONLY,DUPLICATE_OR_OLD,DUPLICATE_OR_OLD,147.308985837,147.308985837
147.497269829,9.590513954363656,35.192459159401714,0.01618037892032722,0.003243225255189631,0.15543538701338794,False,0.0,0.0,0.15257937390055307,MODEL_ONLY,RATE_ANOMALY,RATE_ANOMALY,147.420956134,147.420956134
147.54726982900002,9.631064590112139,35.67299862301372,0.021180378920328355,0.003243225255189631,0.15543538701338794,False,0.0,0.0,0.15257937390055307,MODEL_ONLY,DUPLICATE_OR_OLD,DUPLICATE_OR_OLD,147.420956134,147.420956134
147.597269829,9.671398797068465,36.15556020769307,0.02618037892032665,0.003243225255189631,0.15543538701338794,False,0.0,0.0,0.15257937390055307,MODEL_ONLY,DUPLICATE_OR_OLD,DUPLICATE_OR_OLD,147.420956134,147.420956134
147.647269829,9.711525634373576,36.64013331847923,0.031180378920327788,0.003243225255189631,0.15543538701338794,False,0.0,0.0,0.15257937390055307,MODEL_ONLY,MODEL_DISAGREEMENT,MODEL_DISAGREEMENT,147.624901098,147.624901098
147.697269829,9.75161806539551,37.12671191097329,0.06774934630818708,0.007771769350666746,0.15543538701338794,True,0.03156896738786099,0.0,0.15257937390055307,MODEL_ONLY,DUPLICATE_OR_OLD,DUPLICATE_OR_OLD,147.624901098,147.624901098
147.747269829,9.791663089609788,37.615293939848534,0.07391511171078871,0.01554353870133791,0.15543538701338794,True,0.001165765402600498,0.0,0.15257937390055307,MODEL_ONLY,MODEL_DISAGREEMENT,MODEL_DISAGREEMENT,147.730864472,147.730864472
147.79726982900002,9.831649420620975,38.105876752604416,0.08085805404845764,0.023315308052009074,0.15543538701338794,True,0.001942942337667791,0.0,0.15257937390055307,MODEL_ONLY,DUPLICATE_OR_OLD,DUPLICATE_OR_OLD,147.730864472,147.730864472
147.847269829,9.871567283784662,38.59845717021439,0.08857817332118925,0.03108707740267582,0.15543538701338794,True,0.0027201192727333173,0.0,0.15257937390055307,MODEL_ONLY,DUPLICATE_OR_OLD,DUPLICATE_OR_OLD,147.730864472,147.730864472
147.897269829,9.91140823728116,39.093031558241144,0.09707546952899233,0.038858846753346984,0.15543538701338794,True,0.0034972962078019354,0.0,0.15257937390055307,MODEL_ONLY,MODEL_DISAGREEMENT,MODEL_DISAGREEMENT,147.818835734,147.818835734
147.947269829,9.951165013940464,39.58959588952151,0.10634994267185721,0.04663061610401373,0.15543538701338794,True,0.004274473142866578,0.0,0.15257937390055307,MODEL_ONLY,DUPLICATE_OR_OLD,DUPLICATE_OR_OLD,147.818835734,147.818835734
147.997269829,9.990831381428507,40.08814579940585,0.11640159274979443,0.05440238545468489,0.15543538701338794,True,0.00505165007793608,0.0,0.15257937390055307,MODEL_ONLY,MODEL_DISAGREEMENT,MODEL_DISAGREEMENT,147.916822883,147.916822883
148.04726982900002,10.030402018677705,40.58867663440862,0.12723041976279895,0.062174154805356055,0.15543538701338794,True,0.005828827013003373,0.0,0.15257937390055307,MODEL_ONLY,DUPLICATE_OR_OLD,DUPLICATE_OR_OLD,147.916822883,147.916822883
148.097269829,10.069872406688964,41.091183495042614,0.1388364237108639,0.0699459241560228,0.15543538701338794,True,0.0066060039480666894,0.0,0.15257937390055307,MODEL_ONLY,MODEL_DISAGREEMENT,MODEL_DISAGREEMENT,148.026773506,148.026773506
148.147269829,10.109238732046588,41.59566127351112,0.15121960459400258,0.07771769350669397,0.15543538701338794,True,0.007383180883137517,0.0,0.15257937390055307,MODEL_ONLY,DUPLICATE_OR_OLD,DUPLICATE_OR_OLD,148.026773506,148.026773506
148.197269829,8.741468164197398,42.066928945917056,0.04690098791602433,0.024391904010575956,0.15543538701338794,True,0.00816035781819995,0.7146794096569085,0.15257937390055307,FUSED,ACCEPTED,ACCEPTED,148.136758537,148.136758537
148.247269829,8.78125846722107,42.504997111702615,0.054728766784617265,0.03216367336124712,0.15543538701338794,True,0.0028277788685917966,0.0,0.15257937390055307,MODEL_ONLY,DUPLICATE_OR_OLD,DUPLICATE_OR_OLD,148.136758537,148.136758537
148.29726982900002,8.390268362303445,42.934285282440825,0.014374239563814492,0.009063759355499384,0.15543538701338794,False,0.0036049558036590898,0.773039717604172,0.14725162872962475,FUSED,ACCEPTED,ACCEPTED,148.244722096,148.244722096
148.347269829,8.430846950491176,43.354813165260545,0.019374239563812786,0.009063759355499384,0.15543538701338794,False,0.0,0.0,0.14725162872962475,MODEL_ONLY,DUPLICATE_OR_OLD,DUPLICATE_OR_OLD,148.244722096,148.244722096
148.397269829,8.38092405455007,43.77510744038667,0.007090844735216458,0.009063759355499384,0.15543538701338794,False,0.0,0.7090844735216458,0.16734248851926692,FUSED,ACCEPTED,ACCEPTED,148.328693863,148.328693863
148.447269829,8.423498621697707,44.19521800729272,0.012090844735214754,0.009063759355499384,0.15543538701338794,False,0.0,0.0,0.16734248851926692,MODEL_ONLY,DUPLICATE_OR_OLD,DUPLICATE_OR_OLD,148.328693863,148.328693863
148.497269829,8.436420103688299,44.61671597542747,0.006308716063401,0.009063759355499384,0.15543538701338794,False,0.0,0.6308716063401,0.1698484268664208,FUSED,ACCEPTED,ACCEPTED,148.414667121,148.414667121
148.54726982900002,8.479860504222295,45.039622990625325,0.011308716063402138,0.009063759355499384,0.15543538701338794,False,0.0,0.0,0.1698484268664208,MODEL_ONLY,DUPLICATE_OR_OLD,DUPLICATE_OR_OLD,148.414667121,148.414667121
148.597269829,8.552107129149425,45.46542218145948,0.006198978324939401,0.009063759355499384,0.15543538701338794,False,0.0,0.6198978324939401,0.15387669355025232,FUSED,ACCEPTED,ACCEPTED,148.524649318,148.524649318
148.647269829,8.60111204214094,45.894252660741834,0.0052827915351774165,0.009063759355499384,0.15543538701338794,False,0.0,0.5282791535177415,0.1426178417962542,FUSED,ACCEPTED,ACCEPTED,148.618619982,148.618619982
148.697269829,8.644201119479531,46.3253854897822,0.010282791535175712,0.009063759355499384,0.15543538701338794,False,0.0,0.0,0.1426178417962542,MODEL_ONLY,DUPLICATE_OR_OLD,DUPLICATE_OR_OLD,148.618619982,148.618619982
148.747269829,8.68009439524515,46.75849287765041,0.006044740555612049,0.009063759355499384,0.15543538701338794,False,0.0,0.6044740555612047,0.11080468012426306,FUSED,ACCEPTED,ACCEPTED,148.726594934,148.726594934
148.79726982900002,8.722061308778809,47.19354677025111,0.011044740555613186,0.009063759355499384,0.15543538701338794,False,0.0,0.0,0.11080468012426306,MODEL_ONLY,DUPLICATE_OR_OLD,DUPLICATE_OR_OLD,148.726594934,148.726594934
148.847269829,8.764186318300172,47.630702960927934,0.016044740555611482,0.009063759355499384,0.15543538701338794,False,0.0,0.0,0.11080468012426306,MODEL_ONLY,DUPLICATE_OR_OLD,DUPLICATE_OR_OLD,148.726594934,148.726594934
148.897269829,8.803038657564505,48.06988358532466,0.006778842463802751,0.009063759355499384,0.15543538701338794,False,0.0,0.6778842463802749,0.11071630884997632,FUSED,ACCEPTED,ACCEPTED,148.842548517,148.842548517
148.947269829,8.845364488895731,48.51109366398602,0.011778842463801046,0.009063759355499384,0.15543538701338794,False,0.0,0.0,0.11071630884997632,MODEL_ONLY,DUPLICATE_OR_OLD,DUPLICATE_OR_OLD,148.842548517,148.842548517
148.997269829,8.892825872564742,48.95454842302262,0.006265708641619848,0.009063759355499384,0.15543538701338794,False,0.0,0.6265708641619845,0.1283584029159578,FUSED,ACCEPTED,ACCEPTED,148.918544301,148.918544301
149.04726982900002,8.936122192395425,49.400272124646726,0.011265708641620985,0.009063759355499384,0.15543538701338794,False,0.0,0.0,0.1283584029159578,MODEL_ONLY,DUPLICATE_OR_OLD,DUPLICATE_OR_OLD,148.918544301,148.918544301
149.097269829,8.980395404535185,49.84818506456984,0.00619275453921905,0.009063759355499384,0.15543538701338794,False,0.0,0.6192754539219049,0.12306490998118494,FUSED,ACCEPTED,ACCEPTED,149.016511245,149.016511245
149.147269829,9.023418775767015,50.2982804190775,0.011192754539220187,0.009063759355499384,0.15543538701338794,False,0.0,0.0,0.12306490998118494,MODEL_ONLY,DUPLICATE_OR_OLD,DUPLICATE_OR_OLD,149.016511245,149.016511245
149.197269829,9.055871375951,50.75026267287029,0.006182150302280361,0.009063759355499384,0.15543538701338794,False,0.0,0.618215030228036,0.09254470076422566,FUSED,ACCEPTED,ACCEPTED,149.132476369,149.132476369
149.247269829,9.097283274009644,51.20409153911941,0.011182150302281499,0.009063759355499384,0.15543538701338794,False,0.0,0.0,0.09254470076422566,MODEL_ONLY,DUPLICATE_OR_OLD,DUPLICATE_OR_OLD,149.132476369,149.132476369
149.29726982900002,9.13196236393756,51.659822680068196,0.006180604005191976,0.009063759355499384,0.15543538701338794,False,0.0,0.6180604005191975,0.08876323866329036,FUSED,ACCEPTED,ACCEPTED,149.232453503,149.232453503
149.347269829,9.17304180055487,52.11744778418035,0.011180604005190272,0.009063759355499384,0.15543538701338794,False,0.0,0.0,0.08876323866329036,MODEL_ONLY,DUPLICATE_OR_OLD,DUPLICATE_OR_OLD,149.232453503,149.232453503
149.397269829,9.21403216118372,52.57712463322392,0.01618060400519141,0.009063759355499384,0.15543538701338794,False,0.0,0.0,0.08876323866329036,MODEL_ONLY,DUPLICATE_OR_OLD,DUPLICATE_OR_OLD,149.232453503,149.232453503
149.447269829,9.254923491356246,53.038848524537265,0.021180604005189705,0.009063759355499384,0.15543538701338794,False,0.0,0.0,0.08876323866329036,MODEL_ONLY,DUPLICATE_OR_OLD,DUPLICATE_OR_OLD,149.232453503,149.232453503
149.497269829,9.283579531473285,53.5023111001081,0.007236088154148756,0.009063759355499384,0.15543538701338794,False,0.0,0.7236088154148754,0.0716077686360637,FUSED,ACCEPTED,ACCEPTED,149.426387788,149.426387788
149.54726982900002,9.325709703125442,53.96754333097318,0.005502806100301545,0.009063759355499384,0.15543538701338794,False,0.0,0.5502806100301543,0.09171437083711234,FUSED,ACCEPTED,ACCEPTED,149.510367707,149.510367707
149.597269829,9.365965668779841,54.43483521527065,0.01050280610029984,0.009063759355499384,0.15543538701338794,False,0.0,0.0,0.09171437083711234,MODEL_ONLY,DUPLICATE_OR_OLD,DUPLICATE_OR_OLD,149.510367707,149.510367707
149.647269829,9.401894664732191,54.90403172360856,0.006078862866827042,0.009063759355499384,0.15543538701338794,False,0.0,0.6078862866827042,0.07541865673372725,FUSED,ACCEPTED,ACCEPTED,149.612334899,149.612334899
149.697269829,9.440862660331447,55.37510065673499,0.011078862866825337,0.009063759355499384,0.15543538701338794,False,0.0,0.0,0.07541865673372725,MODEL_ONLY,DUPLICATE_OR_OLD,DUPLICATE_OR_OLD,149.612334899,149.612334899
149.747269829,9.445712007458186,55.84726502342984,0.006165476979933637,0.009063759355499384,0.15543538701338794,False,0.0,0.6165476979933635,-0.015504592976642029,FUSED,ACCEPTED,ACCEPTED,149.734303749,149.734303749
149.79726982900002,9.479706605675144,56.32040048875828,0.011165476979934775,0.009063759355499384,0.15543538701338794,False,0.0,0.0,-0.015504592976642029,MODEL_ONLY,DUPLICATE_OR_OLD,DUPLICATE_OR_OLD,149.734303749,149.734303749
149.847269829,9.513505566970137,56.79523079307425,0.01616547697993307,0.009063759355499384,0.15543538701338794,False,0.0,0.0,-0.015504592976642029,MODEL_ONLY,DUPLICATE_OR_OLD,DUPLICATE_OR_OLD,149.734303749,149.734303749
149.897269829,9.54838829636332,57.2717781396577,0.006791321369334901,0.009063759355499384,0.15543538701338794,False,0.0,0.67913213693349,0.03061253976080814,FUSED,ACCEPTED,ACCEPTED,149.810283855,149.810283855
149.947269829,9.584136985787525,57.75009127171131,0.011791321369333196,0.009063759355499384,0.15543538701338794,False,0.0,0.0,0.03061253976080814,MODEL_ONLY,DUPLICATE_OR_OLD,DUPLICATE_OR_OLD,149.810283855,149.810283855
149.997269829,9.637509628717707,58.23063243707405,0.006267448005962812,0.009063759355499384,0.15543538701338794,False,0.0,0.6267448005962811,0.07515274776213648,FUSED,ACCEPTED,ACCEPTED,149.938247158,149.938247158
150.04726982900002,9.674836928313528,58.71344110099994,0.01126744800596395,0.009063759355499384,0.15543538701338794,False,0.0,0.0,0.07515274776213648,MODEL_ONLY,DUPLICATE_OR_OLD,DUPLICATE_OR_OLD,149.938247158,149.938247158
150.097269829,9.722995494023312,59.198386911558195,0.006193006645438043,0.009063759355499384,0.15543538701338794,False,0.0,0.6193006645438042,0.0854657899496872,FUSED,ACCEPTED,ACCEPTED,150.032222244,150.032222244
150.147269829,9.760266628412268,59.68546846461919,0.01119300664543918,0.009063759355499384,0.15543538701338794,False,0.0,0.0,0.0854657899496872,MODEL_ONLY,DUPLICATE_OR_OLD,DUPLICATE_OR_OLD,150.032222244,150.032222244
150.197269829,9.795340402415398,60.17435864038971,0.00618218704886944,0.009063759355499384,0.15543538701338794,False,0.0,0.6182187048869441,0.06797817809895157,FUSED,ACCEPTED,ACCEPTED,150.136189667,150.136189667
150.247269829,9.831233711192604,60.665022993230025,0.011182187048870577,0.009063759355499384,0.15543538701338794,False,0.0,0.0,0.06797817809895157,MODEL_ONLY,DUPLICATE_OR_OLD,DUPLICATE_OR_OLD,150.136189667,150.136189667
150.29726982900002,9.868452450842144,61.157515147281,0.006180609365698144,0.009063759355499384,0.15543538701338794,False,0.0,0.6180609365698142,0.07816296713406626,FUSED,ACCEPTED,ACCEPTED,150.230158804,150.230158804
150.347269829,9.904409868773191,61.65183670527122,0.01118060936569644,0.009063759355499384,0.15543538701338794,False,0.0,0.0,0.07816296713406626,MODEL_ONLY,DUPLICATE_OR_OLD,DUPLICATE_OR_OLD,150.230158804,150.230158804
150.397269829,9.928626024574088,62.14766260260502,0.006180379203433582,0.009063759355499384,0.15543538701338794,False,0.0,0.6180379203433581,0.04321405736039421,FUSED,ACCEPTED,ACCEPTED,150.308153333,150.308153333
150.447269829,9.962128395549351,62.64493146310793,0.011180379203431876,0.009063759355499384,0.15543538701338794,False,0.0,0.0,0.04321405736039421,MODEL_ONLY,DUPLICATE_OR_OLD,DUPLICATE_OR_OLD,150.308153333,150.308153333
150.497269829,9.99532380870219,63.14386776821433,0.016180379203433015,0.009063759355499384,0.15543538701338794,False,0.0,0.0,0.04321405736039421,MODEL_ONLY,DUPLICATE_OR_OLD,DUPLICATE_OR_OLD,150.308153333,150.308153333
150.54726982900002,10.02823642452512,63.644456774045125,0.02118037920343415,0.009063759355499384,0.15543538701338794,False,0.0,0.0,0.04321405736039421,MODEL_ONLY,DUPLICATE_OR_OLD,DUPLICATE_OR_OLD,150.308153333,150.308153333
150.597269829,10.0650816475784,64.14678972584754,0.007236070980966586,0.009063759355499384,0.15543538701338794,False,0.0,0.7236070980966585,0.07474746674028217,FUSED,ACCEPTED,ACCEPTED,150.540078339,150.540078339
150.647269829,10.106689182975057,64.65108399661149,0.005502802627065191,0.009063759355499384,0.15543538701338794,False,0.0,0.550280262706519,0.09563130622961992,FUSED,ACCEPTED,ACCEPTED,150.616063199,150.616063199
150.697269829,10.14114856720255,65.15727994036575,0.010502802627063487,0.009063759355499384,0.15543538701338794,False,0.0,0.0,0.09563130622961992,MODEL_ONLY,DUPLICATE_OR_OLD,DUPLICATE_OR_OLD,150.616063199,150.616063199
150.747269829,10.175252111325214,65.66518995732906,0.015502802627064624,0.009063759355499384,0.15543538701338794,False,0.0,0.0,0.09563130622961992,MODEL_ONLY,DUPLICATE_OR_OLD,DUPLICATE_OR_OLD,150.616063199,150.616063199
150.79726982900002,10.200271602124142,66.17457805016542,0.0067216127244888665,0.009063759355499384,0.15543538701338794,False,0.0,0.6721612724488865,0.06275253285035239,FUSED,ACCEPTED,ACCEPTED,150.730032673,150.730032673
150.847269829,10.228095623363076,66.68528723080243,0.005396290263141088,0.009063759355499384,0.15543538701338794,False,0.0,0.5396290263141086,0.061707644681893464,FUSED,ACCEPTED,ACCEPTED,150.824001339,150.824001339
150.897269829,10.259437450632472,67.19747555765244,0.010396290263142226,0.009063759355499384,0.15543538701338794,False,0.0,0.0,0.061707644681893464,MODEL_ONLY,DUPLICATE_OR_OLD,DUPLICATE_OR_OLD,150.824001339,150.824001339
150.947269829,10.290373870203949,67.71122084067318,0.01539629026314052,0.009063759355499384,0.15543538701338794,False,0.0,0.0,0.061707644681893464,MODEL_ONLY,DUPLICATE_OR_OLD,DUPLICATE_OR_OLD,150.824001339,150.824001339
150.997269829,10.301862071905399,68.22602673922603,0.006710124849634716,0.009063759355499384,0.15543538701338794,False,0.0,0.6710124849634715,0.019918989303616318,FUSED,ACCEPTED,ACCEPTED,150.933969673,150.933969673
151.04726982900002,10.330018115942288,68.74182374392234,0.011710124849635854,0.009063759355499384,0.15543538701338794,False,0.0,0.0,0.019918989303616318,MODEL_ONLY,DUPLICATE_OR_OLD,DUPLICATE_OR_OLD,150.933969673,150.933969673
151.097269829,10.354006122681547,69.25892434988776,0.006256101363698054,0.009063759355499384,0.15543538701338794,False,0.0,0.6256101363698054,0.032329017372558465,FUSED,ACCEPTED,ACCEPTED,151.039948216,151.039948216
151.147269829,10.382035836723517,69.777325398873,0.011256101363699192,0.009063759355499384,0.15543538701338794,False,0.0,0.0,0.032329017372558465,MODEL_ONLY,DUPLICATE_OR_OLD,DUPLICATE_OR_OLD,151.039948216,151.039948216
151.197269829,10.410997777084907,70.29715123921804,0.006191361443391472,0.009063759355499384,0.15543538701338794,False,0.0,0.6191361443391472,0.041703373834251094,FUSED,ACCEPTED,ACCEPTED,151.137911367,151.137911367
151.247269829,10.438722744805773,70.81839425226543,0.01119136144339261,0.009063759355499384,0.15543538701338794,False,0.0,0.0,0.041703373834251094,MODEL_ONLY,DUPLICATE_OR_OLD,DUPLICATE_OR_OLD,151.137911367,151.137911367
151.29726982900002,10.472627656092067,71.341178012288,0.006181947234162468,0.009063759355499384,0.15543538701338794,False,0.0,0.6181947234162467,0.06032325365715471,FUSED,ACCEPTED,ACCEPTED,151.241883101,151.241883101
151.347269829,10.500456903632347,71.86550512628094,0.011181947234160763,0.009063759355499384,0.15543538701338794,False,0.0,0.0,0.06032325365715471,MODEL_ONLY,DUPLICATE_OR_OLD,DUPLICATE_OR_OLD,151.241883101,151.241883101
151.397269829,10.533784835434899,72.39136116975773,0.006180574381819808,0.009063759355499384,0.15543538701338794,False,0.0,0.6180574381819808,0.07163199065666662,FUSED,ACCEPTED,ACCEPTED,151.309866831,151.309866831
151.447269829,10.561338356951163,72.91873924956721,0.011180574381818104,0.009063759355499384,0.15543538701338794,False,0.0,0.0,0.07163199065666662,MODEL_ONLY,DUPLICATE_OR_OLD,DUPLICATE_OR_OLD,151.309866831,151.309866831
151.497269829,10.577565945506247,73.44721185712876,0.006180374099452773,0.009063759355499384,0.15543538701338794,False,0.0,0.6180374099452771,0.03511672547575467,FUSED,ACCEPTED,ACCEPTED,151.439828279,151.439828279
151.54726982900002,10.6024112080872,73.97671128596872,0.01118037409945391,0.009063759355499384,0.15543538701338794,False,0.0,0.0,0.03511672547575467,MODEL_ONLY,DUPLICATE_OR_OLD,DUPLICATE_OR_OLD,151.439828279,151.439828279
151.597269829,10.620458834057489,74.50728303702216,0.006180344878949137,0.009063759355499384,0.15543538701338794,False,0.0,0.6180344878949136,0.035574929055517734,FUSED,ACCEPTED,ACCEPTED,151.51582824,151.51582824
151.647269829,10.642164569604317,75.03884862211382,0.0052786415626601395,0.009063759355499384,0.15543538701338794,False,0.0,0.5278641562660138,0.03742011602851437,FUSED,ACCEPTED,ACCEPTED,151.611795338,151.611795338
151.697269829,10.665451837576104,75.57153903229315,0.010278641562658435,0.009063759355499384,0.15543538701338794,False,0.0,0.0,0.03742011602851437,MODEL_ONLY,DUPLICATE_OR_OLD,DUPLICATE_OR_OLD,151.611795338,151.611795338
151.747269829,10.67698541371467,76.10509996357554,0.006044091224121976,0.009063759355499384,0.15543538701338794,False,0.0,0.6044091224121975,0.009195875951734104,FUSED,ACCEPTED,ACCEPTED,151.711761047,151.711761047
151.79726982900002,10.697907528125622,76.63947228712166,0.011044091224123113,0.009063759355499384,0.15543538701338794,False,0.0,0.0,0.009195875951734104,MODEL_ONLY,DUPLICATE_OR_OLD,DUPLICATE_OR_OLD,151.711761047,151.711761047
151.847269829,10.718429881540992,77.17488072236314,0.01604409122412141,0.009063759355499384,0.15543538701338794,False,0.0,0.0,0.009195875951734104,MODEL_ONLY,DUPLICATE_OR_OLD,DUPLICATE_OR_OLD,151.711761047,151.711761047
151.897269829,10.720255653894288,77.71084786074914,0.006778775088693985,0.009063759355499384,0.15543538701338794,False,0.0,0.6778775088693985,-0.01882032555723865,FUSED,ACCEPTED,ACCEPTED,151.829731606,151.829731606
151.947269829,10.738259567664462,78.24731074128793,0.011778775088692281,0.009063759355499384,0.15543538701338794,False,0.0,0.0,-0.01882032555723865,MODEL_ONLY,DUPLICATE_OR_OLD,DUPLICATE_OR_OLD,151.829731606,151.829731606
151.997269829,10.760213906773023,78.78477257814899,0.006265699246183139,0.009063759355499384,0.15543538701338794,False,0.0,0.6265699246183138,0.015829328131000478,FUSED,ACCEPTED,ACCEPTED,151.941696464,151.941696464
152.04726982900002,10.779072682829357,79.32325474288916,0.011265699246184277,0.009063759355499384,0.15543538701338794,False,0.0,0.0,0.015829328131000478,MODEL_ONLY,DUPLICATE_OR_OLD,DUPLICATE_OR_OLD,151.941696464,151.941696464
152.097269829,10.803857763885617,79.86282800405685,0.006192753177338925,0.009063759355499384,0.15543538701338794,False,0.0,0.6192753177338924,0.02840405960450027,FUSED,ACCEPTED,ACCEPTED,152.027672991,152.027672991
152.147269829,10.822649274604665,80.40349068001923,0.011192753177340063,0.009063759355499384,0.15543538701338794,False,0.0,0.0,0.02840405960450027,MODEL_ONLY,DUPLICATE_OR_OLD,DUPLICATE_OR_OLD,152.027672991,152.027672991
152.197269829,10.833162207369401,80.9448859670684,0.006182150103773027,0.009063759355499384,0.15543538701338794,False,0.0,0.6182150103773025,0.013887157341771888,FUSED,ACCEPTED,ACCEPTED,152.139651016,152.139651016
152.247269829,10.846736007636775,81.48688342244368,0.011182150103774165,0.009063759355499384,0.15543538701338794,False,0.0,0.0,0.013887157341771888,MODEL_ONLY,DUPLICATE_OR_OLD,DUPLICATE_OR_OLD,152.139651016,152.139651016
152.29726982900002,10.856806891705265,82.02947199492735,0.0061806039762341515,0.009063759355499384,0.15543538701338794,False,0.0,0.618060397623415,0.02891775601773134,FUSED,ACCEPTED,ACCEPTED,152.22961207,152.22961207
152.347269829,10.867650033713566,82.57258341806265,0.011180603976232446,0.009063759355499384,0.15543538701338794,False,0.0,0.0,0.02891775601773134,MODEL_ONLY,DUPLICATE_OR_OLD,DUPLICATE_OR_OLD,152.22961207,152.22961207
152.397269829,10.877551552147075,83.11621345770928,0.006180378417137408,0.009063759355499384,0.15543538701338794,False,0.0,0.6180378417137407,0.040607971838932576,FUSED,ACCEPTED,ACCEPTED,152.319589607,152.319589607
152.447269829,10.886279739647133,83.66030924000395,0.011180378417135702,0.009063759355499384,0.15543538701338794,False,0.0,0.0,0.040607971838932576,MODEL_ONLY,DUPLICATE_OR_OLD,DUPLICATE_OR_OLD,152.319589607,152.319589607
152.497269829,10.891908232640393,84.20476393931126,0.006180345508889086,0.009063759355499384,0.15543538701338794,False,0.0,0.6180345508889085,0.04127890871316106,FUSED,ACCEPTED,ACCEPTED,152.439560094,152.439560094
152.54726982900002,10.898577284883562,84.74952607724948,0.011180345508890223,0.009063759355499384,0.15543538701338794,False,0.0,0.0,0.04127890871316106,MODEL_ONLY,DUPLICATE_OR_OLD,DUPLICATE_OR_OLD,152.439560094,152.439560094
152.597269829,10.902951769863087,85.29456430361797,0.006180340707648458,0.009063759355499384,0.15543538701338794,False,0.0,0.6180340707648457,0.0447535865960701,FUSED,ACCEPTED,ACCEPTED,152.509547678,152.509547678
152.647269829,10.89977767950257,85.83963253985225,0.005278640632825916,0.009063759355499384,0.15543538701338794,False,0.0,0.5278640632825915,0.01944192710102171,FUSED,ACCEPTED,ACCEPTED,152.611515622,152.611515622
152.697269829,10.903063803244262,86.38470357692073,0.010278640632824212,0.009063759355499384,0.15543538701338794,False,0.0,0.0,0.01944192710102171,MODEL_ONLY,DUPLICATE_OR_OLD,DUPLICATE_OR_OLD,152.611515622,152.611515622
152.747269829,10.9043676999146,86.92988936449983,0.0060440910786102205,0.009063759355499384,0.15543538701338794,False,0.0,0.6044091078610219,0.033132237840497986,FUSED,ACCEPTED,ACCEPTED,152.717485822,152.717485822
152.79726982900002,10.907231034766907,87.475179332867,0.011044091078611358,0.009063759355499384,0.15543538701338794,False,0.0,0.0,0.033132237840497986,MODEL_ONLY,DUPLICATE_OR_OLD,DUPLICATE_OR_OLD,152.717485822,152.717485822
152.847269829,10.909637884122777,88.02060105583905,0.016044091078609653,0.009063759355499384,0.15543538701338794,False,0.0,0.0,0.033132237840497986,MODEL_ONLY,DUPLICATE_OR_OLD,DUPLICATE_OR_OLD,152.717485822,152.717485822
152.897269829,10.893827202639127,88.56568768300824,0.006778775073595264,0.009063759355499384,0.15543538701338794,False,0.0,0.6778775073595262,-0.00941180286165768,FUSED,ACCEPTED,ACCEPTED,152.827444885,152.827444885
152.947269829,10.893351052719671,89.11036713939201,0.01177877507359356,0.009063759355499384,0.15543538701338794,False,0.0,0.0,-0.00941180286165768,MODEL_ONLY,DUPLICATE_OR_OLD,DUPLICATE_OR_OLD,152.827444885,152.827444885
152.997269829,10.892563325902126,89.65501499885768,0.016778775073594696,0.009063759355499384,0.15543538701338794,False,0.0,0.0,-0.00941180286165768,MODEL_ONLY,DUPLICATE_OR_OLD,DUPLICATE_OR_OLD,152.827444885,152.827444885
153.04726982900002,10.891501266115002,90.19961661365824,0.02177877507359583,0.009063759355499384,0.15543538701338794,False,0.0,0.0,-0.00941180286165768,MODEL_ONLY,DUPLICATE_OR_OLD,DUPLICATE_OR_OLD,152.827444885,152.827444885
153.097269829,10.876034650623328,90.7438050115765,0.007281040496865365,0.009063759355499384,0.15543538701338794,False,0.0,0.7281040496865364,-0.017292889624161475,FUSED,ACCEPTED,ACCEPTED,153.02739645,153.02739645
153.147269829,10.874124326883695,91.2875589860143,0.012281040496866503,0.009063759355499384,0.15543538701338794,False,0.0,0.0,-0.017292889624161475,MODEL_ONLY,DUPLICATE_OR_OLD,DUPLICATE_OR_OLD,153.02739645,153.02739645
153.197269829,10.854603371582728,91.83077717847578,0.006334450659552658,0.009063759355499384,0.15543538701338794,False,0.0,0.6334450659552657,-0.05903315944418523,FUSED,ACCEPTED,ACCEPTED,153.13937509,153.13937509
153.247269829,10.85137782047785,92.37342670827742,0.011334450659553796,0.009063759355499384,0.15543538701338794,False,0.0,0.0,-0.05903315944418523,MODEL_ONLY,DUPLICATE_OR_OLD,DUPLICATE_OR_OLD,153.13937509,153.13937509
153.29726982900002,10.84546140195508,92.91584768883837,0.006202692765732064,0.009063759355499384,0.15543538701338794,False,0.0,0.6202692765732062,-0.04635700683064978,FUSED,ACCEPTED,ACCEPTED,153.223342139,153.223342139
153.347269829,10.8434694274458,93.4580709595732,0.011202692765730358,0.009063759355499384,0.15543538701338794,False,0.0,0.0,-0.04635700683064978,MODEL_ONLY,DUPLICATE_OR_OLD,DUPLICATE_OR_OLD,153.223342139,153.223342139
153.397269829,10.842441246976543,94.00021872643389,0.0061835983463965835,0.009063759355499384,0.15543538701338794,False,0.0,0.6183598346396582,-0.04859604230020052,FUSED,ACCEPTED,ACCEPTED,153.311327122,153.311327122
153.447269829,10.841838655291506,94.5423257239904,0.011183598346394878,0.009063759355499384,0.15543538701338794,False,0.0,0.0,-0.04859604230020052,MODEL_ONLY,DUPLICATE_OR_OLD,DUPLICATE_OR_OLD,153.311327122,153.311327122
153.497269829,10.844394159042203,95.08448154434886,0.006180815231082848,0.009063759355499384,0.15543538701338794,False,0.0,0.6180815231082848,-0.04625927374713307,FUSED,ACCEPTED,ACCEPTED,153.425287335,153.425287335
153.54726982900002,10.845072443915084,95.62671820942292,0.011180815231083985,0.009063759355499384,0.15543538701338794,False,0.0,0.0,-0.04625927374713307,MODEL_ONLY,DUPLICATE_OR_OLD,DUPLICATE_OR_OLD,153.425287335,153.425287335
153.597269829,10.830103307579703,96.1685976032101,0.006180409237933952,0.009063759355499384,0.15543538701338794,False,0.0,0.618040923793395,-0.10376847998320882,FUSED,ACCEPTED,ACCEPTED,153.511260019,153.511260019
153.647269829,10.81868100724296,96.70981721108079,0.005278655909022977,0.009063759355499384,0.15543538701338794,False,0.0,0.5278655909022976,-0.11571743960553227,FUSED,ACCEPTED,ACCEPTED,153.623228527,153.623228527
153.697269829,10.818155692914559,97.25073812858453,0.010278655909021273,0.009063759355499384,0.15543538701338794,False,0.0,0.0,-0.11571743960553227,MODEL_ONLY,DUPLICATE_OR_OLD,DUPLICATE_OR_OLD,153.623228527,153.623228527
153.747269829,10.806394284245094,97.79135187801364,0.006044093469213758,0.009063759355499384,0.15543538701338794,False,0.0,0.6044093469213756,-0.13531577476927947,FUSED,ACCEPTED,ACCEPTED,153.71920026,153.71920026
153.79726982900002,10.80599067641994,98.3316615020304,0.011044093469214894,0.009063759355499384,0.15543538701338794,False,0.0,0.0,-0.13531577476927947,MODEL_ONLY,DUPLICATE_OR_OLD,DUPLICATE_OR_OLD,153.71920026,153.71920026
153.847269829,10.806042030097775,98.87196231969315,0.016044093469213188,0.009063759355499384,0.15543538701338794,False,0.0,0.0,-0.13531577476927947,MODEL_ONLY,DUPLICATE_OR_OLD,DUPLICATE_OR_OLD,153.71920026,153.71920026
153.897269829,10.810275927254088,99.41237026862709,0.006778775321651201,0.009063759355499384,0.15543538701338794,False,0.0,0.67787753216512,-0.1136866311396714,FUSED,ACCEPTED,ACCEPTED,153.811180985,153.811180985
153.947269829,10.81216145562087,99.95293120319877,0.011778775321649497,0.009063759355499384,0.15543538701338794,False,0.0,0.0,-0.1136866311396714,MODEL_ONLY,DUPLICATE_OR_OLD,DUPLICATE_OR_OLD,153.811180985,153.811180985
153.997269829,10.813213189128982,100.49356556931764,0.006265699278669028,0.009063759355499384,0.15543538701338794,False,0.0,0.6265699278669027,-0.12611134546456762,FUSED,ACCEPTED,ACCEPTED,153.923140928,153.923140928
154.04726982900002,10.81506011255276,101.03427240185981,0.011265699278670166,0.009063759355499384,0.15543538701338794,False,0.0,0.0,-0.12611134546456762,MODEL_ONLY,DUPLICATE_OR_OLD,DUPLICATE_OR_OLD,153.923140928,153.923140928
154.097269829,10.806281516693739,101.57480594259077,0.006192753182047797,0.009063759355499384,0.15543538701338794,False,0.0,0.6192753182047795,-0.15901621127798665,FUSED,ACCEPTED,ACCEPTED,154.025116473,154.025116473
154.147269829,10.807506999372238,102.11515065549254,0.011192753182048935,0.009063759355499384,0.15543538701338794,False,0.0,0.0,-0.15901621127798665,MODEL_ONLY,DUPLICATE_OR_OLD,DUPLICATE_OR_OLD,154.025116473,154.025116473
154.197269829,10.809155090980555,102.65556720775118,0.01619275318204723,0.009063759355499384,0.15543538701338794,False,0.0,0.0,-0.15901621127798665,MODEL_ONLY,DUPLICATE_OR_OLD,DUPLICATE_OR_OLD,154.025116473,154.025116473
154.247269829,10.811174996160396,103.19607545992983,0.021192753182048364,0.009063759355499384,0.15543538701338794,False,0.0,0.0,-0.15901621127798665,MODEL_ONLY,DUPLICATE_OR_OLD,DUPLICATE_OR_OLD,154.025116473,154.025116473
154.29726982900002,10.809535832314728,103.73659323064183,0.007237015943578536,0.009063759355499384,0.15543538701338794,False,0.0,0.7237015943578535,-0.1626636347226861,FUSED,ACCEPTED,ACCEPTED,154.247062222,154.247062222
154.347269829,10.812483378208551,104.27714371090472,0.012237015943576832,0.009063759355499384,0.15543538701338794,False,0.0,0.0,-0.1626636347226861,MODEL_ONLY,DUPLICATE_OR_OLD,DUPLICATE_OR_OLD,154.247062222,154.247062222
154.397269829,10.821305331977962,104.81798842865952,0.006328525848530837,0.009063759355499384,0.15543538701338794,False,0.0,0.6328525848530835,-0.14622779762619623,FUSED,ACCEPTED,ACCEPTED,154.331026907,154.331026907
154.447269829,10.825932844652854,105.35916938307511,0.011328525848529131,0.009063759355499384,0.15543538701338794,False,0.0,0.0,-0.14622779762619623,MODEL_ONLY,DUPLICATE_OR_OLD,DUPLICATE_OR_OLD,154.331026907,154.331026907
154.497269829,10.830912547524608,105.90059051787966,0.01632852584853027,0.009063759355499384,0.15543538701338794,False,0.0,0.0,-0.14622779762619623,MODEL_ONLY,DUPLICATE_OR_OLD,DUPLICATE_OR_OLD,154.331026907,154.331026907
154.54726982900002,10.836201380046981,106.44226836606909,0.021328525848531406,0.009063759355499384,0.15543538701338794,False,0.0,0.0,-0.14622779762619623,MODEL_ONLY,DUPLICATE_OR_OLD,DUPLICATE_OR_OLD,154.331026907,154.331026907
154.597269829,10.859099218116732,106.98465088102299,0.007247342201086115,0.009063759355499384,0.15543538701338794,False,0.0,0.7247342201086113,-0.12183129275153805,FUSED,ACCEPTED,ACCEPTED,154.530973092,154.530973092
154.647269829,10.878822686340879,107.52809892863455,0.0055050810521037035,0.009063759355499384,0.15543538701338794,False,0.0,0.5505081052103702,-0.09701557371688717,FUSED,ACCEPTED,ACCEPTED,154.622976228,154.622976228
154.697269829,10.887669815861983,108.07226124118944,0.010505081052102,0.009063759355499384,0.15543538701338794,False,0.0,0.0,-0.09701557371688717,MODEL_ONLY,DUPLICATE_OR_OLD,DUPLICATE_OR_OLD,154.622976228,154.622976228
154.747269829,10.912852171903912,108.6172742908837,0.006079212616665885,0.009063759355499384,0.15543538701338794,False,0.0,0.6079212616665883,-0.06825974380729599,FUSED,ACCEPTED,ACCEPTED,154.716925989,154.716925989
154.79726982900002,10.923377332796884,109.16318002850134,0.011079212616667021,0.009063759355499384,0.15543538701338794,False,0.0,0.0,-0.06825974380729599,MODEL_ONLY,DUPLICATE_OR_OLD,DUPLICATE_OR_OLD,154.716925989,154.716925989
154.847269829,10.933997309375922,109.70961439455547,0.016079212616665315,0.009063759355499384,0.15543538701338794,False,0.0,0.0,-0.06825974380729599,MODEL_ONLY,DUPLICATE_OR_OLD,DUPLICATE_OR_OLD,154.716925989,154.716925989
154.897269829,10.962968036155901,110.25703852819389,0.006782415267934612,0.009063759355499384,0.15543538701338794,False,0.0,0.678241526793461,-0.04058039579301779,FUSED,ACCEPTED,ACCEPTED,154.810892111,154.810892111
154.947269829,10.975121393430182,110.80549076393335,0.011782415267932906,0.009063759355499384,0.15543538701338794,False,0.0,0.0,-0.04058039579301779,MODEL_ONLY,DUPLICATE_OR_OLD,DUPLICATE_OR_OLD,154.810892111,154.810892111
154.997269829,10.98788309132597,111.35456587605239,0.00626620680026093,0.009063759355499384,0.15543538701338794,False,0.0,0.6266206800260928,-0.057398073602010165,FUSED,ACCEPTED,ACCEPTED,154.916866353,154.916866353
155.04726982900002,10.998814275091949,111.90423331021296,0.011266206800262068,0.009063759355499384,0.15543538701338794,False,0.0,0.0,-0.057398073602010165,MODEL_ONLY,DUPLICATE_OR_OLD,DUPLICATE_OR_OLD,154.916866353,154.916866353
155.097269829,11.022801013848438,112.45477369243629,0.006192826746532402,0.009063759355499384,0.15543538701338794,False,0.0,0.6192826746532402,-0.01626035459201281,FUSED,ACCEPTED,ACCEPTED,155.026854458,155.026854458
155.147269829,11.035484577209354,113.00623083221286,0.01119282674653354,0.009063759355499384,0.15543538701338794,False,0.0,0.0,-0.01626035459201281,MODEL_ONLY,DUPLICATE_OR_OLD,DUPLICATE_OR_OLD,155.026854458,155.026854458
155.197269829,11.052185943649985,113.55842259523416,0.006182160827172238,0.009063759355499384,0.15543538701338794,False,0.0,0.6182160827172236,-0.023037522714403808,FUSED,ACCEPTED,ACCEPTED,155.142801138,155.142801138
155.247269829,11.064284092208673,114.11133434613075,0.011182160827173375,0.009063759355499384,0.15543538701338794,False,0.0,0.0,-0.023037522714403808,MODEL_ONLY,DUPLICATE_OR_OLD,DUPLICATE_OR_OLD,155.142801138,155.142801138
155.29726982900002,11.076839152737168,114.66486242725453,0.0061806055405400386,0.009063759355499384,0.15543538701338794,False,0.0,0.6180605540540036,-0.024750937571263582,FUSED,ACCEPTED,ACCEPTED,155.232797754,155.232797754
155.347269829,11.088652261651836,115.21899971261406,0.011180605540538333,0.009063759355499384,0.15543538701338794,False,0.0,0.0,-0.024750937571263582,MODEL_ONLY,DUPLICATE_OR_OLD,DUPLICATE_OR_OLD,155.232797754,155.232797754
155.397269829,11.104167152917523,115.77382019797842,0.006180378645361943,0.009063759355499384,0.15543538701338794,False,0.0,0.6180378645361941,-0.013390189819781467,FUSED,ACCEPTED,ACCEPTED,155.322753514,155.322753514
155.447269829,11.11638617865922,116.32933403126765,0.011180378645360239,0.009063759355499384,0.15543538701338794,False,0.0,0.0,-0.013390189819781467,MODEL_ONLY,DUPLICATE_OR_OLD,DUPLICATE_OR_OLD,155.322753514,155.322753514
155.497269829,11.126576836699332,116.88540810665174,0.006180345542186499,0.009063759355499384,0.15543538701338794,False,0.0,0.6180345542186497,-0.022050626484047653,FUSED,ACCEPTED,ACCEPTED,155.438729348,155.438729348
155.54726982900002,11.137673710093754,117.44201437032169,0.011180345542187636,0.009063759355499384,0.15543538701338794,False,0.0,0.0,-0.022050626484047653,MODEL_ONLY,DUPLICATE_OR_OLD,DUPLICATE_OR_OLD,155.438729348,155.438729348
155.597269829,11.151363814752626,117.99924030844265,0.006180340712506484,0.009063759355499384,0.15543538701338794,False,0.0,0.6180340712506481,-0.00888272609928132,FUSED,ACCEPTED,ACCEPTED,155.528709493,155.528709493
155.647269829,11.162013885132891,118.55707475093992,0.005278640633908829,0.009063759355499384,0.15543538701338794,False,0.0,0.5278640633908829,-0.01294596482488383,FUSED,ACCEPTED,ACCEPTED,155.618669333,155.618669333
155.697269829,11.172118470592347,119.11542805983287,0.010278640633907123,0.009063759355499384,0.15543538701338794,False,0.0,0.0,-0.01294596482488383,MODEL_ONLY,DUPLICATE_OR_OLD,DUPLICATE_OR_OLD,155.618669333,155.618669333
155.747269829,11.190697085569953,119.67449844873705,0.006044091078779687,0.009063759355499384,0.15543538701338794,False,0.0,0.6044091078779686,0.0164954706544697,FUSED,ACCEPTED,ACCEPTED,155.71466222,155.71466222
155.79726982900002,11.20083394941805,120.23428672461188,0.011044091078780825,0.009063759355499384,0.15543538701338794,False,0.0,0.0,0.0164954706544697,MODEL_ONLY,DUPLICATE_OR_OLD,DUPLICATE_OR_OLD,155.71466222,155.71466222
155.847269829,11.2101256020773,120.79456071339906,0.01604409107877912,0.009063759355499384,0.15543538701338794,False,0.0,0.0,0.0164954706544697,MODEL_ONLY,DUPLICATE_OR_OLD,DUPLICATE_OR_OLD,155.71466222,155.71466222
155.897269829,11.216223503548587,121.35521944103985,0.0067787750736128475,0.009063759355499384,0.15543538701338794,False,0.0,0.6778775073612846,0.004782140781612373,FUSED,ACCEPTED,ACCEPTED,155.810623473,155.810623473
155.947269829,11.222949522034448,121.91619876667923,0.011778775073611143,0.009063759355499384,0.15543538701338794,False,0.0,0.0,0.004782140781612373,MODEL_ONLY,DUPLICATE_OR_OLD,DUPLICATE_OR_OLD,155.810623473,155.810623473
155.997269829,11.230584499164948,122.47753711720934,0.006265699244080075,0.009063759355499384,0.15543538701338794,False,0.0,0.6265699244080074,0.023630792283444897,FUSED,ACCEPTED,ACCEPTED,155.918589473,155.918589473
156.04726982900002,11.236207668957068,123.03920692141251,0.011265699244081212,0.009063759355499384,0.15543538701338794,False,0.0,0.0,0.023630792283444897,MODEL_ONLY,DUPLICATE_OR_OLD,DUPLICATE_OR_OLD,155.918589473,155.918589473
156.097269829,11.236325926223026,123.60102026129182,0.006192753177034084,0.009063759355499384,0.15543538701338794,False,0.0,0.6192753177034083,0.01980348984082789,FUSED,ACCEPTED,ACCEPTED,156.018560455,156.018560455
156.147269829,11.238191117499264,124.162883187385,0.011192753177035221,0.009063759355499384,0.15543538701338794,False,0.0,0.0,0.01980348984082789,MODEL_ONLY,DUPLICATE_OR_OLD,DUPLICATE_OR_OLD,156.018560455,156.018560455
156.197269829,11.22548292899707,124.72447503854723,0.006182150103728593,0.009063759355499384,0.15543538701338794,False,0.0,0.6182150103728592,-0.0019997205106086664,FUSED,ACCEPTED,ACCEPTED,156.138526488,156.138526488
156.247269829,11.223493046270535,125.28569943792905,0.011182150103729731,0.009063759355499384,0.15543538701338794,False,0.0,0.0,-0.0019997205106086664,MODEL_ONLY,DUPLICATE_OR_OLD,DUPLICATE_OR_OLD,156.138526488,156.138526488
156.29726982900002,11.226824320437887,125.8469573720969,0.00618060397622767,0.009063759355499384,0.15543538701338794,False,0.0,0.618060397622767,0.04863474671008508,FUSED,ACCEPTED,ACCEPTED,156.222501234,156.222501234
156.347269829,11.223399996901811,126.4082129800302,0.011180603976225965,0.009063759355499384,0.15543538701338794,False,0.0,0.0,0.04863474671008508,MODEL_ONLY,DUPLICATE_OR_OLD,DUPLICATE_OR_OLD,156.222501234,156.222501234
156.397269829,11.198871797301242,126.9687697748854,0.006180378417136463,0.009063759355499384,0.15543538701338794,False,0.0,0.6180378417136461,-0.010764633761655748,FUSED,ACCEPTED,ACCEPTED,156.330467323,156.330467323
156.447269829,11.189402851116672,127.52847664109565,0.011180378417134759,0.009063759355499384,0.15543538701338794,False,0.0,0.0,-0.010764633761655748,MODEL_ONLY,DUPLICATE_OR_OLD,DUPLICATE_OR_OLD,156.330467323,156.330467323
156.497269829,11.175720781842697,128.08760473191975,0.006180345508888949,0.009063759355499384,0.15543538701338794,False,0.0,0.6180345508888947,0.023548280187356524,FUSED,ACCEPTED,ACCEPTED,156.41845264,156.41845264
156.54726982900002,11.164351402341065,128.64610653652448,0.011180345508890086,0.009063759355499384,0.15543538701338794,False,0.0,0.0,0.023548280187356524,MODEL_ONLY,DUPLICATE_OR_OLD,DUPLICATE_OR_OLD,156.41845264,156.41845264
156.597269829,11.131672763421198,129.20350714066834,0.0061803407076484376,0.009063759355499384,0.15543538701338794,False,0.0,0.6180340707648437,-0.024743932415404575,FUSED,ACCEPTED,ACCEPTED,156.526409184,156.526409184
156.647269829,11.104009414906608,129.7593991951267,0.005278640632825912,0.009063759355499384,0.15543538701338794,False,0.0,0.527864063282591,-0.031026040386350415,FUSED,ACCEPTED,ACCEPTED,156.622391689,156.622391689
156.697269829,11.085419797116817,130.31413492542706,0.010278640632824207,0.009063759355499384,0.15543538701338794,False,0.0,0.0,-0.031026040386350415,MODEL_ONLY,DUPLICATE_OR_OLD,DUPLICATE_OR_OLD,156.622391689,156.622391689
156.747269829,11.065343721481744,130.86790401339215,0.015278640632825344,0.009063759355499384,0.15543538701338794,False,0.0,0.0,-0.031026040386350415,MODEL_ONLY,DUPLICATE_OR_OLD,DUPLICATE_OR_OLD,156.622391689,156.622391689
156.79726982900002,11.008765035305805,131.41975673231195,0.006697341825458791,0.009063759355499384,0.15543538701338794,False,0.0,0.669734182545879,-0.09630612959247,FUSED,ACCEPTED,ACCEPTED,156.726359489,156.726359489
156.847269829,10.970254898326342,131.96923223065258,0.005391140499861976,0.009063759355499384,0.15543538701338794,False,0.0,0.5391140499861975,-0.09622394277885996,FUSED,ACCEPTED,ACCEPTED,156.810341444,156.810341444
156.897269829,10.943443227523977,132.51707468379894,0.010391140499863113,0.009063759355499384,0.15543538701338794,False,0.0,0.0,-0.09622394277885996,MODEL_ONLY,DUPLICATE_OR_OLD,DUPLICATE_OR_OLD,156.810341444,156.810341444
156.947269829,10.915738243794866,133.06355422058175,0.015391140499861407,0.009063759355499384,0.15543538701338794,False,0.0,0.0,-0.09622394277885996,MODEL_ONLY,DUPLICATE_OR_OLD,DUPLICATE_OR_OLD,156.810341444,156.810341444
156.997269829,10.882810419237204,133.60851793715767,0.006709567381966061,0.009063759355499384,0.15543538701338794,False,0.0,0.670956738196606,-0.08100713739838933,FUSED,ACCEPTED,ACCEPTED,156.948301414,156.948301414
157.04726982900002,10.85438722890712,134.1519478783614,0.011709567381967198,0.009063759355499384,0.15543538701338794,False,0.0,0.0,-0.08100713739838933,MODEL_ONLY,DUPLICATE_OR_OLD,DUPLICATE_OR_OLD,156.948301414,156.948301414
157.097269829,10.814320452154153,134.69366557038774,0.006256023223067224,0.009063759355499384,0.15543538701338794,False,0.0,0.6256023223067222,-0.10784091132593257,FUSED,ACCEPTED,ACCEPTED,157.014280252,157.014280252
157.147269829,10.783408984982417,135.23360880631628,0.011256023223068361,0.009063759355499384,0.15543538701338794,False,0.0,0.0,-0.10784091132593257,MODEL_ONLY,DUPLICATE_OR_OLD,DUPLICATE_OR_OLD,157.014280252,157.014280252
157.197269829,10.741736152124922,135.77173743474378,0.0061913501084906435,0.009063759355499384,0.15543538701338794,False,0.0,0.6191350108490641,-0.11794593001376787,FUSED,ACCEPTED,ACCEPTED,157.126245163,157.126245163
157.247269829,10.709430574847682,136.3080166029182,0.01119135010849178,0.009063759355499384,0.15543538701338794,False,0.0,0.0,-0.11794593001376787,MODEL_ONLY,DUPLICATE_OR_OLD,DUPLICATE_OR_OLD,157.126245163,157.126245163
157.29726982900002,10.662869362556599,136.84232410135343,0.006181945581813533,0.009063759355499384,0.15543538701338794,False,0.0,0.6181945581813533,-0.14321983774790426,FUSED,ACCEPTED,ACCEPTED,157.226218349,157.226218349
157.347269829,10.62861102762622,137.3746111111078,0.011181945581811827,0.009063759355499384,0.15543538701338794,False,0.0,0.0,-0.14321983774790426,MODEL_ONLY,DUPLICATE_OR_OLD,DUPLICATE_OR_OLD,157.226218349,157.226218349
157.397269829,10.597026691808997,137.9052520540938,0.006180574140774931,0.009063759355499384,0.15543538701338794,False,0.0,0.6180574140774929,-0.11348900137068092,FUSED,ACCEPTED,ACCEPTED,157.32019632,157.32019632
157.447269829,10.56372072318073,138.4342707394684,0.011180574140773225,0.009063759355499384,0.15543538701338794,False,0.0,0.0,-0.11348900137068092,MODEL_ONLY,DUPLICATE_OR_OLD,DUPLICATE_OR_OLD,157.32019632,157.32019632
