t,v,s,pvv,pvd,pdd,active,added,gain,d,mode,front_status,rear_status,front_t,rear_t
82.719679107,0.0,0.0,1.0,0.0,0.0,False,0.0,0.0,0.0,WAITING_FOR_INITIALIZATION,MISSING_OR_STALE,MISSING_OR_STALE,,
82.769679107,0.0,0.0,1.0,0.0,0.0,False,0.0,0.0,0.0,WAITING_FOR_INITIALIZATION,MISSING_OR_STALE,MISSING_OR_STALE,,
82.819679107,1.2481411960389879,0.0,0.010000000000000002,0.0,0.0,False,0.0,0.0,0.0,INITIALIZED,ACCEPTED,ACCEPTED,82.712981653,82.712981653
82.86967910700001,1.239500247153387,0.06219103607982351,0.01500000000000114,0.0,0.0,False,0.0,0.0,0.0,MODEL_ONLY,DUPLICATE_OR_OLD,DUPLICATE_OR_OLD,82.712981653,82.712981653
82.91967910700001,1.1482254130983585,0.12188417758611374,0.006666666666666763,0.0,0.0,False,0.0,0.6666666666666761,0.0,FUSED,ACCEPTED,ACCEPTED,82.802950184,82.802950184
82.969679107,1.1290953063701517,0.17881719557282325,0.01166666666666648,0.0,0.0,False,0.0,0.0,0.0,MODEL_ONLY,DUPLICATE_OR_OLD,DUPLICATE_OR_OLD,82.802950184,82.802950184
83.019679107,1.0243784829271212,0.23265404030525202,0.006249999999999934,0.0,0.0,False,0.0,0.6249999999999933,-0.11892876740633175,FUSED,ACCEPTED,ACCEPTED,82.902933071,82.902933071
83.069679107,0.991170836850642,0.28304277329969324,0.011249999999999651,0.0,0.0,False,0.0,0.0,-0.11892876740633175,MODEL_ONLY,DUPLICATE_OR_OLD,DUPLICATE_OR_OLD,82.902933071,82.902933071
83.11967910700001,0.8691550208236469,0.3295509197415611,0.006190476190476305,0.0,0.0,False,0.0,0.6190476190476304,-0.21904665124587186,FUSED,ACCEPTED,ACCEPTED,83.004892141,83.004892141
83.16967910700001,0.8243798142249509,0.3718892906177736,0.011190476190476022,0.0,0.0,False,0.0,0.0,-0.21904665124587186,MODEL_ONLY,DUPLICATE_OR_OLD,DUPLICATE_OR_OLD,83.004892141,83.004892141
83.219679107,0.7543956823698557,0.4113586780326415,0.0061818181818181165,0.0,0.0,False,0.0,0.6181818181818115,-0.13828391721561864,FUSED,ACCEPTED,ACCEPTED,83.104859231,83.104859231
83.269679107,0.7083464779222475,0.447927232039942,0.011181818181817833,0.0,0.0,False,0.0,0.0,-0.13828391721561864,MODEL_ONLY,DUPLICATE_OR_OLD,DUPLICATE_OR_OLD,83.104859231,83.104859231
83.319679107,0.6356758050579192,0.4815277891144442,0.0061805555555554635,0.0,0.0,False,0.0,0.6180555555555463,-0.17835640391771468,FUSED,ACCEPTED,ACCEPTED,83.202835358,83.202835358
83.36967910700001,0.5835139402215069,0.5120075327464367,0.0111805555555566,0.0,0.0,False,0.0,0.0,-0.17835640391771468,MODEL_ONLY,DUPLICATE_OR_OLD,DUPLICATE_OR_OLD,83.202835358,83.202835358
83.41967910700001,0.4723286084628012,0.538403596463543,0.006180371352785258,0.0,0.0,False,0.0,0.6180371352785257,-0.29149753084820496,FUSED,ACCEPTED,ACCEPTED,83.310811542,83.310811542
83.469679107,0.41137217969159867,0.5604961161674017,0.011180371352784975,0.0,0.0,False,0.0,0.0,-0.29149753084820496,MODEL_ONLY,DUPLICATE_OR_OLD,DUPLICATE_OR_OLD,83.310811542,83.310811542
83.519679107,0.3391912918264694,0.5792602029553523,0.0061803444782167535,0.0,0.0,False,0.0,0.618034447821675,-0.29149753084820496,FUSED,ACCEPTED,ACCEPTED,83.430794263,83.430794263
83.569679107,0.2759902077679769,0.5946397404452126,0.01118034447821647,0.0,0.0,False,0.0,0.0,-0.29149753084820496,MODEL_ONLY,DUPLICATE_OR_OLD,DUPLICATE_OR_OLD,83.430794263,83.430794263
83.61967910700001,0.2476277257987065,0.6077301887843827,0.006180340557275657,0.0,0.0,False,0.0,0.6180340557275656,-0.29149753084820496,FUSED,ACCEPTED,ACCEPTED,83.527316101,83.527316101
83.66967910700001,0.18265040981450387,0.6184871421747123,0.011180340557275374,0.0,0.0,False,0.0,0.0,-0.29149753084820496,MODEL_ONLY,DUPLICATE_OR_OLD,DUPLICATE_OR_OLD,83.527316101,83.527316101
83.719679107,0.1071944904167075,0.6257332646804923,0.006180339985217969,0.0,0.0,False,0.0,0.6180339985217967,-0.29149753084820496,FUSED,ACCEPTED,ACCEPTED,83.608738539,83.608738539
83.769679107,0.042182017116769555,0.6294676773688289,0.011180339985217686,0.0,0.0,False,0.0,0.0,-0.29149753084820496,MODEL_ONLY,DUPLICATE_OR_OLD,DUPLICATE_OR_OLD,83.608738539,83.608738539
83.819679107,0.011923599563743975,0.6308203177858417,0.00618033990175588,0.0,0.0,False,0.0,0.6180339901755878,-0.29149753084820496,FUSED,ACCEPTED,ACCEPTED,83.716712025,83.716712025
83.86967910700001,0.08207847694501666,0.6331703696985612,0.011180339901757017,0.0,0.0,False,0.0,0.0,-0.29149753084820496,MODEL_ONLY,DUPLICATE_OR_OLD,DUPLICATE_OR_OLD,83.716712025,83.716712025
83.91967910700001,0.07154978102801397,0.6370110761478868,0.0061803398895791326,0.0,0.0,False,0.0,0.6180339889579131,-0.29149753084820496,FUSED,ACCEPTED,ACCEPTED,83.804685699,83.804685699
83.969679107,0.015869731238677534,0.6391965639545539,0.011180339889578849,0.0,0.0,False,0.0,0.0,-0.29149753084820496,MODEL_ONLY,DUPLICATE_OR_OLD,DUPLICATE_OR_OLD,83.804685699,83.804685699
84.019679107,0.0,0.6395933072355209,0.006180339887802361,0.0,0.0,False,0.0,0.618033988780236,-0.29149753084820496,FUSED,ACCEPTED,ACCEPTED,83.914658921,83.914658921
84.069679107,-0.04622011732903552,0.638437804302295,0.011180339887802078,0.0,0.0,False,0.0,0.0,-0.29149753084820496,MODEL_ONLY,DUPLICATE_OR_OLD,DUPLICATE_OR_OLD,83.914658921,83.914658921
84.11967910700001,-0.08537141611526546,0.6351480159661868,0.006180339887543341,0.0,0.0,False,0.0,0.618033988754334,-0.29149753084820496,FUSED,ACCEPTED,ACCEPTED,84.014634025,84.014634025
84.16967910700001,-0.12157441923957546,0.629974370082316,0.011180339887543057,0.0,0.0,False,0.0,0.0,-0.29149753084820496,MODEL_ONLY,DUPLICATE_OR_OLD,DUPLICATE_OR_OLD,84.014634025,84.014634025
84.219679107,-0.1013518512480909,0.6244012133201247,0.0061803398875053435,0.0,0.0,False,0.0,0.6180339887505342,-0.29149753084820496,FUSED,ACCEPTED,ACCEPTED,84.10660307,84.10660307
84.269679107,-0.08042580121316538,0.6198567720085935,0.005278640450005569,0.0,0.0,False,0.0,0.5278640450005568,-0.29149753084820496,FUSED,ACCEPTED,ACCEPTED,84.204587959,84.204587959
84.319679107,-0.10604278863792878,0.6151950572623163,0.010278640450005285,0.0,0.0,False,0.0,0.0,-0.29149753084820496,MODEL_ONLY,DUPLICATE_OR_OLD,DUPLICATE_OR_OLD,84.204587959,84.204587959
84.36967910700001,-0.1285472912284369,0.6093303052656559,0.015278640450006422,0.0,0.0,False,0.0,0.0,-0.29149753084820496,MODEL_ONLY,DUPLICATE_OR_OLD,DUPLICATE_OR_OLD,84.204587959,84.204587959
84.41967910700001,-0.07772157676457318,0.6041735835658308,0.006697341805517568,0.0,0.0,False,0.0,0.6697341805517567,-0.29149753084820496,FUSED,ACCEPTED,ACCEPTED,84.308552774,84.308552774
84.469679107,-0.09626016612946144,0.5998240399934802,0.011697341805517285,0.0,0.0,False,0.0,0.0,-0.29149753084820496,MODEL_ONLY,DUPLICATE_OR_OLD,DUPLICATE_OR_OLD,84.308552774,84.308552774
84.519679107,0.0,0.5974175358402438,0.00625430873498668,0.0,0.0,False,0.0,0.0,0.0,STOPPED,ACCEPTED,ACCEPTED,84.418742597,84.418742597
84.569679107,0.0,0.5974175358402438,0.011254308734986396,0.0,0.0,False,0.0,0.0,0.0,STOPPED,DUPLICATE_OR_OLD,DUPLICATE_OR_OLD,84.418742597,84.418742597
84.61967910700001,0.0,0.5974175358402438,0.0061911013917979865,0.0,0.0,False,0.0,0.0,0.0,STOPPED,ACCEPTED,ACCEPTED,84.517105185,84.517105185
84.66967910700001,0.0,0.5974175358402438,0.011191101391797704,0.0,0.0,False,0.0,0.0,0.0,STOPPED,DUPLICATE_OR_OLD,DUPLICATE_OR_OLD,84.517105185,84.517105185
84.719679107,0.0,0.5974175358402438,0.006181909324694601,0.0,0.0,False,0.0,0.0,0.0,STOPPED,ACCEPTED,ACCEPTED,84.60944061,84.60944061
84.769679107,0.0,0.5974175358402438,0.011181909324694317,0.0,0.0,False,0.0,0.0,0.0,STOPPED,DUPLICATE_OR_OLD,DUPLICATE_OR_OLD,84.60944061,84.60944061
84.819679107,0.0,0.5974175358402438,0.0061805688515740595,0.0,0.0,False,0.0,0.0,0.0,STOPPED,ACCEPTED,ACCEPTED,84.733911299,84.733911299
84.86967910700001,0.0,0.5974175358402438,0.011180568851575198,0.0,0.0,False,0.0,0.0,0.0,STOPPED,DUPLICATE_OR_OLD,DUPLICATE_OR_OLD,84.733911299,84.733911299
84.91967910700001,0.0,0.5974175358402438,0.006180373292615282,0.0,0.0,False,0.0,0.0,0.0,STOPPED,ACCEPTED,ACCEPTED,84.81420537,84.81420537
84.969679107,0.0,0.5974175358402438,0.011180373292614999,0.0,0.0,False,0.0,0.0,0.0,STOPPED,DUPLICATE_OR_OLD,DUPLICATE_OR_OLD,84.81420537,84.81420537
85.019679107,0.0,0.5974175358402438,0.006180344761233438,0.0,0.0,False,0.0,0.0,0.0,STOPPED,ACCEPTED,ACCEPTED,84.916580758,84.916580758
85.069679107,0.0,0.5974175358402438,0.011180344761233155,0.0,0.0,False,0.0,0.0,0.0,STOPPED,DUPLICATE_OR_OLD,DUPLICATE_OR_OLD,84.916580758,84.916580758
85.11967910700001,0.0,0.5974175358402438,0.0061803405985672195,0.0,0.0,False,0.0,0.0,0.0,STOPPED,ACCEPTED,ACCEPTED,85.014953741,85.014953741
85.16967910700001,0.0,0.5974175358402438,0.005278640608510045,0.0,0.0,False,0.0,0.0,0.0,STOPPED,ACCEPTED,ACCEPTED,85.107305586,85.107305586
85.219679107,0.0,0.5974175358402438,0.010278640608509762,0.0,0.0,False,0.0,0.0,0.0,STOPPED,DUPLICATE_OR_OLD,DUPLICATE_OR_OLD,85.107305586,85.107305586
85.269679107,0.0,0.5974175358402438,0.015278640608509478,0.0,0.0,False,0.0,0.0,0.0,STOPPED,DUPLICATE_OR_OLD,DUPLICATE_OR_OLD,85.107305586,85.107305586
85.319679107,0.0,0.5974175358402438,0.006697341822806371,0.0,0.0,False,0.0,0.0,0.0,STOPPED,ACCEPTED,ACCEPTED,85.205660288,85.205660288
85.36967910700001,0.0,0.5974175358402438,0.011697341822807508,0.0,0.0,False,0.0,0.0,0.0,STOPPED,DUPLICATE_OR_OLD,DUPLICATE_OR_OLD,85.205660288,85.205660288
85.41967910700001,0.0,0.5974175358402438,0.006254308737412532,0.0,0.0,False,0.0,0.0,0.0,STOPPED,ACCEPTED,ACCEPTED,85.308032529,85.308032529
85.469679107,0.0,0.5974175358402438,0.011254308737412249,0.0,0.0,False,0.0,0.0,0.0,STOPPED,DUPLICATE_OR_OLD,DUPLICATE_OR_OLD,85.308032529,85.308032529
85.519679107,0.0,0.5974175358402438,0.006191101392149716,0.0,0.0,False,0.0,0.0,0.0,STOPPED,ACCEPTED,ACCEPTED,85.408282713,85.408282713
85.569679107,0.0,0.5974175358402438,0.011191101392149433,0.0,0.0,False,0.0,0.0,0.0,STOPPED,DUPLICATE_OR_OLD,DUPLICATE_OR_OLD,85.408282713,85.408282713
85.61967910700001,0.0,0.5974175358402438,0.006181909324746083,0.0,0.0,False,0.0,0.0,0.0,STOPPED,ACCEPTED,ACCEPTED,85.510375175,85.510375175
85.66967910700001,0.0,0.5974175358402438,0.0111819093247458,0.0,0.0,False,0.0,0.0,0.0,STOPPED,DUPLICATE_OR_OLD,DUPLICATE_OR_OLD,85.510375175,85.510375175
85.719679107,0.0,0.5974175358402438,0.006180568851581569,0.0,0.0,False,0.0,0.0,0.0,STOPPED,ACCEPTED,ACCEPTED,85.608471487,85.608471487
85.769679107,0.0,0.5974175358402438,0.011180568851581286,0.0,0.0,False,0.0,0.0,0.0,STOPPED,DUPLICATE_OR_OLD,DUPLICATE_OR_OLD,85.608471487,85.608471487
85.819679107,0.0,0.5974175358402438,0.006180373292616171,0.0,0.0,False,0.0,0.0,0.0,STOPPED,ACCEPTED,ACCEPTED,85.72668934,85.72668934
85.86967910700001,0.0,0.5974175358402438,0.01118037329261731,0.0,0.0,False,0.0,0.0,0.0,STOPPED,DUPLICATE_OR_OLD,DUPLICATE_OR_OLD,85.72668934,85.72668934
85.91967910700001,0.0,0.5974175358402438,0.006180344761233775,0.0,0.0,False,0.0,0.0,0.0,STOPPED,ACCEPTED,ACCEPTED,85.808659728,85.808659728
85.969679107,0.0,0.5974175358402438,0.0052786415364196254,0.0,0.0,False,0.0,0.0,0.0,STOPPED,ACCEPTED,ACCEPTED,85.908751759,85.908751759
86.019679107,0.0,0.5974175358402438,0.010278641536419341,0.0,0.0,False,0.0,0.0,0.0,STOPPED,DUPLICATE_OR_OLD,DUPLICATE_OR_OLD,85.908751759,85.908751759
86.069679107,0.0,0.5974175358402438,0.015278641536419058,0.0,0.0,False,0.0,0.0,0.0,STOPPED,DUPLICATE_OR_OLD,DUPLICATE_OR_OLD,85.908751759,85.908751759
86.11967910700001,0.0,0.5974175358402438,0.006697341924018734,0.0,0.0,False,0.0,0.0,0.0,STOPPED,ACCEPTED,ACCEPTED,86.006842896,86.006842896
86.16967910700001,0.0,0.5974175358402438,0.01169734192401845,0.0,0.0,False,0.0,0.0,0.0,STOPPED,DUPLICATE_OR_OLD,DUPLICATE_OR_OLD,86.006842896,86.006842896
86.219679107,0.0,0.5974175358402438,0.006254308751612633,0.0,0.0,False,0.0,0.0,0.0,STOPPED,ACCEPTED,ACCEPTED,86.108936409,86.108936409
86.269679107,0.0,0.5974175358402438,0.01125430875161235,0.0,0.0,False,0.0,0.0,0.0,STOPPED,DUPLICATE_OR_OLD,DUPLICATE_OR_OLD,86.108936409,86.108936409
86.319679107,0.0,0.5974175358402438,0.0061911013942098254,0.0,0.0,False,0.0,0.0,0.0,STOPPED,ACCEPTED,ACCEPTED,86.207033267,86.207033267
86.36967910700001,0.0,0.5974175358402438,0.011191101394210963,0.0,0.0,False,0.0,0.0,0.0,STOPPED,DUPLICATE_OR_OLD,DUPLICATE_OR_OLD,86.207033267,86.207033267
86.41967910700001,0.0,0.5974175358402438,0.006181909325046402,0.0,0.0,False,0.0,0.0,0.0,STOPPED,ACCEPTED,ACCEPTED,86.311139546,86.311139546
86.469679107,0.0,0.5974175358402438,0.005278990271110404,0.0,0.0,False,0.0,0.0,0.0,STOPPED,ACCEPTED,ACCEPTED,86.409165902,86.409165902
86.519679107,0.0,0.5974175358402438,0.01027899027111012,0.0,0.0,False,0.0,0.0,0.0,STOPPED,DUPLICATE_OR_OLD,DUPLICATE_OR_OLD,86.409165902,86.409165902
86.569679107,0.0,0.5974175358402438,0.015278990271109837,0.0,0.0,False,0.0,0.0,0.0,STOPPED,DUPLICATE_OR_OLD,DUPLICATE_OR_OLD,86.409165902,86.409165902
86.61967910700001,0.0,0.5974175358402438,0.006697379961992674,0.0,0.0,False,0.0,0.0,0.0,STOPPED,ACCEPTED,ACCEPTED,86.513140869,86.513140869
86.66967910700001,0.0,0.5974175358402438,0.01169737996199239,0.0,0.0,False,0.0,0.0,0.0,STOPPED,DUPLICATE_OR_OLD,DUPLICATE_OR_OLD,86.513140869,86.513140869
86.719679107,0.0,0.5974175358402438,0.006254314088409964,0.0,0.0,False,0.0,0.0,0.0,STOPPED,ACCEPTED,ACCEPTED,86.611121988,86.611121988
86.769679107,0.0,0.5974175358402438,0.005295072822202642,0.0,0.0,False,0.0,0.0,0.0,STOPPED,ACCEPTED,ACCEPTED,86.731090523,86.731090523
86.819679107,0.0,0.5974175358402438,0.010295072822202359,0.0,0.0,False,0.0,0.0,0.0,STOPPED,DUPLICATE_OR_OLD,DUPLICATE_OR_OLD,86.731090523,86.731090523
86.86967910700001,0.0,0.5974175358402438,0.015295072822203496,0.0,0.0,False,0.0,0.0,0.0,STOPPED,DUPLICATE_OR_OLD,DUPLICATE_OR_OLD,86.731090523,86.731090523
86.91967910700001,0.0,0.5974175358402438,0.006699133202719681,0.0,0.0,False,0.0,0.0,0.0,STOPPED,ACCEPTED,ACCEPTED,86.815058125,86.815058125
86.969679107,0.0,0.5974175358402438,0.011699133202719397,0.0,0.0,False,0.0,0.0,0.0,STOPPED,DUPLICATE_OR_OLD,DUPLICATE_OR_OLD,86.815058125,86.815058125
87.019679107,0.0,0.5974175358402438,0.006254560054788007,0.0,0.0,False,0.0,0.0,0.0,STOPPED,ACCEPTED,ACCEPTED,86.911041881,86.911041881
87.069679107,0.0,0.5974175358402438,0.011254560054787723,0.0,0.0,False,0.0,0.0,0.0,STOPPED,DUPLICATE_OR_OLD,DUPLICATE_OR_OLD,86.911041881,86.911041881
87.11967910700001,0.0,0.5974175358402438,0.0061911378521934185,0.0,0.0,False,0.0,0.0,0.0,STOPPED,ACCEPTED,ACCEPTED,87.019006474,87.019006474
87.16967910700001,0.0,0.5974175358402438,0.011191137852193136,0.0,0.0,False,0.0,0.0,0.0,STOPPED,DUPLICATE_OR_OLD,DUPLICATE_OR_OLD,87.019006474,87.019006474
87.219679107,0.0,0.5974175358402438,0.0061819146398167085,0.0,0.0,False,0.0,0.0,0.0,STOPPED,ACCEPTED,ACCEPTED,87.108981522,87.108981522
87.269679107,0.0,0.5974175358402438,0.011181914639816425,0.0,0.0,False,0.0,0.0,0.0,STOPPED,DUPLICATE_OR_OLD,DUPLICATE_OR_OLD,87.108981522,87.108981522
87.319679107,0.0,0.5974175358402438,0.0061805696269468,0.0,0.0,False,0.0,0.0,0.0,STOPPED,ACCEPTED,ACCEPTED,87.207042411,87.207042411
87.36967910700001,0.0,0.5974175358402438,0.011180569626947938,0.0,0.0,False,0.0,0.0,0.0,STOPPED,DUPLICATE_OR_OLD,DUPLICATE_OR_OLD,87.207042411,87.207042411
87.41967910700001,0.0,0.5974175358402438,0.006180373405738659,0.0,0.0,False,0.0,0.0,0.0,STOPPED,ACCEPTED,ACCEPTED,87.310922316,87.310922316
87.469679107,0.0,0.5974175358402438,0.005278647921622236,0.0,0.0,False,0.0,0.0,0.0,STOPPED,ACCEPTED,ACCEPTED,87.406886303,87.406886303
87.519679107,0.0,0.5974175358402438,0.010278647921621952,0.0,0.0,False,0.0,0.0,0.0,STOPPED,DUPLICATE_OR_OLD,DUPLICATE_OR_OLD,87.406886303,87.406886303
87.569679107,0.0,0.5974175358402438,0.015278647921621669,0.0,0.0,False,0.0,0.0,0.0,STOPPED,DUPLICATE_OR_OLD,DUPLICATE_OR_OLD,87.406886303,87.406886303
87.61967910700001,0.0,0.5974175358402438,0.006697342620487778,0.0,0.0,False,0.0,0.0,0.0,STOPPED,ACCEPTED,ACCEPTED,87.514823518,87.514823518
87.66967910700001,0.0,0.5974175358402438,0.011697342620487494,0.0,0.0,False,0.0,0.0,0.0,STOPPED,DUPLICATE_OR_OLD,DUPLICATE_OR_OLD,87.514823518,87.514823518
87.719679107,0.0,0.5974175358402438,0.006254308849328651,0.0,0.0,False,0.0,0.0,0.0,STOPPED,ACCEPTED,ACCEPTED,87.608748645,87.608748645
87.769679107,0.0,0.5974175358402438,0.011254308849328367,0.0,0.0,False,0.0,0.0,0.0,STOPPED,DUPLICATE_OR_OLD,DUPLICATE_OR_OLD,87.608748645,87.608748645
87.819679107,0.0,0.5974175358402438,0.00619110140838618,0.0,0.0,False,0.0,0.0,0.0,STOPPED,ACCEPTED,ACCEPTED,87.727216102,87.727216102
87.86967910700001,0.0,0.5974175358402438,0.011191101408387317,0.0,0.0,False,0.0,0.0,0.0,STOPPED,DUPLICATE_OR_OLD,DUPLICATE_OR_OLD,87.727216102,87.727216102
87.91967910700001,0.0,0.5974175358402438,0.006181909327113004,0.0,0.0,False,0.0,0.0,0.0,STOPPED,ACCEPTED,ACCEPTED,87.814625187,87.814625187
87.969679107,0.0,0.5974175358402438,0.011181909327112721,0.0,0.0,False,0.0,0.0,0.0,STOPPED,DUPLICATE_OR_OLD,DUPLICATE_OR_OLD,87.814625187,87.814625187
88.019679107,0.0,0.5974175358402438,0.016181909327112436,0.0,0.0,False,0.0,0.0,0.0,STOPPED,DUPLICATE_OR_OLD,DUPLICATE_OR_OLD,87.814625187,87.814625187
88.069679107,0.0,0.5974175358402438,0.021181909327112152,0.0,0.0,False,0.0,0.0,0.0,MODEL_ONLY,MISSING_OR_STALE,MISSING_OR_STALE,87.814625187,87.814625187
88.11967910700001,0.0,0.5974175358402438,0.0072361878668170815,0.0,0.0,False,0.0,0.7236187866817079,0.0,FUSED,ACCEPTED,ACCEPTED,88.024483958,88.024483958
88.16967910700001,0.0,0.5974175358402438,0.012236187866816798,0.0,0.0,False,0.0,0.0,0.0,MODEL_ONLY,DUPLICATE_OR_OLD,DUPLICATE_OR_OLD,88.024483958,88.024483958
88.219679107,0.0,0.5974175358402438,0.006328414222688044,0.0,0.0,False,0.0,0.6328414222688042,0.0,FUSED,ACCEPTED,ACCEPTED,88.108431774,88.108431774
88.269679107,0.0,0.5974175358402438,0.01132841422268776,0.0,0.0,False,0.0,0.0,0.0,MODEL_ONLY,DUPLICATE_OR_OLD,DUPLICATE_OR_OLD,88.108431774,88.108431774
88.319679107,0.0,0.5974175358402438,0.006201822139601978,0.0,0.0,False,0.0,0.6201822139601977,0.0,FUSED,ACCEPTED,ACCEPTED,88.210364174,88.210364174
88.36967910700001,0.0,0.5974175358402438,0.011201822139603114,0.0,0.0,False,0.0,0.0,0.0,MODEL_ONLY,DUPLICATE_OR_OLD,DUPLICATE_OR_OLD,88.210364174,88.210364174
88.41967910700001,0.0,0.5974175358402438,0.006183471536170201,0.0,0.0,False,0.0,0.6183471536170202,0.0,FUSED,ACCEPTED,ACCEPTED,88.30830607,88.30830607
88.469679107,0.0,0.5974175358402438,0.005279338429999349,0.0,0.0,False,0.0,0.5279338429999347,0.0,FUSED,ACCEPTED,ACCEPTED,88.410240825,88.410240825
88.519679107,0.0,0.5974175358402438,0.010279338429999067,0.0,0.0,False,0.0,0.0,0.0,MODEL_ONLY,DUPLICATE_OR_OLD,DUPLICATE_OR_OLD,88.410240825,88.410240825
88.569679107,0.0,0.5974175358402438,0.015279338429998783,0.0,0.0,False,0.0,0.0,0.0,MODEL_ONLY,DUPLICATE_OR_OLD,DUPLICATE_OR_OLD,88.410240825,88.410240825
88.61967910700001,0.0,0.5974175358402438,0.006697417936287446,0.0,0.0,False,0.0,0.0,0.0,STOPPED,ACCEPTED,ACCEPTED,88.516173646,88.516173646
88.66967910700001,0.0,0.5974175358402438,0.011697417936287162,0.0,0.0,False,0.0,0.0,0.0,STOPPED,DUPLICATE_OR_OLD,DUPLICATE_OR_OLD,88.516173646,88.516173646
88.719679107,0.0,0.5974175358402438,0.006254319416257821,0.0,0.0,False,0.0,0.0,0.0,STOPPED,ACCEPTED,ACCEPTED,88.610112175,88.610112175
88.769679107,0.0,0.5974175358402438,0.011254319416257538,0.0,0.0,False,0.0,0.0,0.0,STOPPED,DUPLICATE_OR_OLD,DUPLICATE_OR_OLD,88.610112175,88.610112175
88.819679107,0.0,0.5974175358402438,0.0061911029414048425,0.0,0.0,False,0.0,0.0,0.0,STOPPED,ACCEPTED,ACCEPTED,88.71605096,88.71605096
88.86967910700001,0.0,0.5974175358402438,0.011191102941405979,0.0,0.0,False,0.0,0.0,0.0,STOPPED,DUPLICATE_OR_OLD,DUPLICATE_OR_OLD,88.71605096,88.71605096
88.91967910700001,0.0,0.5974175358402438,0.006181909550593638,0.0,0.0,False,0.0,0.0,0.0,STOPPED,ACCEPTED,ACCEPTED,88.811986424,88.811986424
88.969679107,0.0,0.5974175358402438,0.011181909550593354,0.0,0.0,False,0.0,0.0,0.0,STOPPED,DUPLICATE_OR_OLD,DUPLICATE_OR_OLD,88.811986424,88.811986424
89.019679107,0.0,0.5974175358402438,0.006180568884528333,0.0,0.0,False,0.0,0.0,0.0,STOPPED,ACCEPTED,ACCEPTED,88.913915987,88.913915987
89.069679107,0.0,0.5974175358402438,0.01118056888452805,0.0,0.0,False,0.0,0.0,0.0,STOPPED,DUPLICATE_OR_OLD,DUPLICATE_OR_OLD,88.913915987,88.913915987
89.11967910700001,0.0,0.5974175358402438,0.006180373297423162,0.0,0.0,False,0.0,0.0,0.0,STOPPED,ACCEPTED,ACCEPTED,89.015854297,89.015854297
89.16967910700001,0.0,0.5974175358402438,0.011180373297422878,0.0,0.0,False,0.0,0.0,0.0,STOPPED,DUPLICATE_OR_OLD,DUPLICATE_OR_OLD,89.015854297,89.015854297
89.219679107,0.0,0.5974175358402438,0.006180344761934896,0.0,0.0,False,0.0,0.0,0.0,STOPPED,ACCEPTED,ACCEPTED,89.113789409,89.113789409
89.269679107,0.0,0.5974175358402438,0.011180344761934613,0.0,0.0,False,0.0,0.0,0.0,STOPPED,DUPLICATE_OR_OLD,DUPLICATE_OR_OLD,89.113789409,89.113789409
89.319679107,0.0,0.5974175358402438,0.006180340598669354,0.0,0.0,False,0.0,0.0,0.0,STOPPED,ACCEPTED,ACCEPTED,89.205738249,89.205738249
89.36967910700001,0.0,0.5974175358402438,0.011180340598670492,0.0,0.0,False,0.0,0.0,0.0,STOPPED,DUPLICATE_OR_OLD,DUPLICATE_OR_OLD,89.205738249,89.205738249
89.41967910700001,0.0,0.5974175358402438,0.006180339991257435,0.0,0.0,False,0.0,0.0,0.0,STOPPED,ACCEPTED,ACCEPTED,89.309676285,89.309676285
89.469679107,0.0,0.5974175358402438,0.01118033999125715,0.0,0.0,False,0.0,0.0,0.0,STOPPED,DUPLICATE_OR_OLD,DUPLICATE_OR_OLD,89.309676285,89.309676285
89.519679107,0.0,0.5974175358402438,0.006180339902637026,0.0,0.0,False,0.0,0.0,0.0,STOPPED,ACCEPTED,ACCEPTED,89.405616254,89.405616254
89.569679107,0.0,0.5974175358402438,0.011180339902636742,0.0,0.0,False,0.0,0.0,0.0,STOPPED,DUPLICATE_OR_OLD,DUPLICATE_OR_OLD,89.405616254,89.405616254
89.61967910700001,0.0,0.5974175358402438,0.0061803398897076894,0.0,0.0,False,0.0,0.0,0.0,STOPPED,ACCEPTED,ACCEPTED,89.511555282,89.511555282
89.66967910700001,0.0,0.5974175358402438,0.011180339889707406,0.0,0.0,False,0.0,0.0,0.0,STOPPED,DUPLICATE_OR_OLD,DUPLICATE_OR_OLD,89.511555282,89.511555282
89.719679107,0.0,0.5974175358402438,0.006180339887821118,0.0,0.0,False,0.0,0.0,0.0,STOPPED,ACCEPTED,ACCEPTED,89.607517603,89.607517603
89.769679107,0.0,0.5974175358402438,0.011180339887820835,0.0,0.0,False,0.0,0.0,0.0,STOPPED,DUPLICATE_OR_OLD,DUPLICATE_OR_OLD,89.607517603,89.607517603
89.819679107,0.0,0.5974175358402438,0.00618033988754587,0.0,0.0,False,0.0,0.0,0.0,STOPPED,ACCEPTED,ACCEPTED,89.713448128,89.713448128
89.86967910700001,0.0,0.5974175358402438,0.011180339887547007,0.0,0.0,False,0.0,0.0,0.0,STOPPED,DUPLICATE_OR_OLD,DUPLICATE_OR_OLD,89.713448128,89.713448128
89.91967910700001,0.0,0.5974175358402438,0.006180339887505919,0.0,0.0,False,0.0,0.0,0.0,STOPPED,ACCEPTED,ACCEPTED,89.813404734,89.813404734
89.969679107,0.0,0.5974175358402438,0.011180339887505636,0.0,0.0,False,0.0,0.0,0.0,STOPPED,DUPLICATE_OR_OLD,DUPLICATE_OR_OLD,89.813404734,89.813404734
90.019679107,0.0,0.5974175358402438,0.006180339887499884,0.0,0.0,False,0.0,0.0,0.0,STOPPED,ACCEPTED,ACCEPTED,89.911342622,89.911342622
90.069679107,0.0,0.5974175358402438,0.0111803398874996,0.0,0.0,False,0.0,0.0,0.0,STOPPED,DUPLICATE_OR_OLD,DUPLICATE_OR_OLD,89.911342622,89.911342622
90.11967910700001,0.0,0.5974175358402438,0.00618033988749921,0.0,0.0,False,0.0,0.0,0.0,STOPPED,ACCEPTED,ACCEPTED,90.013286808,90.013286808
90.16967910700001,0.0,0.5974175358402438,0.011180339887498926,0.0,0.0,False,0.0,0.0,0.0,STOPPED,DUPLICATE_OR_OLD,DUPLICATE_OR_OLD,90.013286808,90.013286808
90.219679107,0.0,0.5974175358402438,0.006180339887498904,0.0,0.0,False,0.0,0.0,0.0,STOPPED,ACCEPTED,ACCEPTED,90.111247371,90.111247371
90.269679107,0.0,0.5974175358402438,0.01118033988749862,0.0,0.0,False,0.0,0.0,0.0,STOPPED,DUPLICATE_OR_OLD,DUPLICATE_OR_OLD,90.111247371,90.111247371
90.319679107,0.0,0.5974175358402438,0.00618033988749886,0.0,0.0,False,0.0,0.0,0.0,STOPPED,ACCEPTED,ACCEPTED,90.207185033,90.207185033
90.36967910700001,0.0,0.5974175358402438,0.011180339887499998,0.0,0.0,False,0.0,0.0,0.0,STOPPED,DUPLICATE_OR_OLD,DUPLICATE_OR_OLD,90.207185033,90.207185033
90.41967910700001,0.0,0.5974175358402438,0.006180339887499061,0.0,0.0,False,0.0,0.0,0.0,STOPPED,ACCEPTED,ACCEPTED,90.315129152,90.315129152
90.469679107,0.0,0.5974175358402438,0.011180339887498777,0.0,0.0,False,0.0,0.0,0.0,STOPPED,DUPLICATE_OR_OLD,DUPLICATE_OR_OLD,90.315129152,90.315129152
90.519679107,0.0,0.5974175358402438,0.0061803398874988825,0.0,0.0,False,0.0,0.0,0.0,STOPPED,ACCEPTED,ACCEPTED,90.407083858,90.407083858
90.569679107,0.0,0.5974175358402438,0.0111803398874986,0.0,0.0,False,0.0,0.0,0.0,STOPPED,DUPLICATE_OR_OLD,DUPLICATE_OR_OLD,90.407083858,90.407083858
90.61967910700001,0.0,0.5974175358402438,0.006180339887499064,0.0,0.0,False,0.0,0.0,0.0,STOPPED,ACCEPTED,ACCEPTED,90.511043152,90.511043152
90.66967910700001,0.0,0.5974175358402438,0.01118033988749878,0.0,0.0,False,0.0,0.0,0.0,STOPPED,DUPLICATE_OR_OLD,DUPLICATE_OR_OLD,90.511043152,90.511043152
90.719679107,0.0,0.5974175358402438,0.006180339887498883,0.0,0.0,False,0.0,0.0,0.0,STOPPED,ACCEPTED,ACCEPTED,90.606993085,90.606993085
90.769679107,0.0,0.5974175358402438,0.0111803398874986,0.0,0.0,False,0.0,0.0,0.0,STOPPED,DUPLICATE_OR_OLD,DUPLICATE_OR_OLD,90.606993085,90.606993085
90.819679107,0.0,0.5974175358402438,0.006180339887498857,0.0,0.0,False,0.0,0.0,0.0,STOPPED,ACCEPTED,ACCEPTED,90.714966272,90.714966272
90.86967910700001,0.0,0.5974175358402438,0.011180339887499995,0.0,0.0,False,0.0,0.0,0.0,STOPPED,DUPLICATE_OR_OLD,DUPLICATE_OR_OLD,90.714966272,90.714966272
90.91967910700001,0.0,0.5974175358402438,0.00618033988749906,0.0,0.0,False,0.0,0.0,0.0,STOPPED,ACCEPTED,ACCEPTED,90.806911305,90.806911305
90.969679107,0.0,0.5974175358402438,0.011180339887498777,0.0,0.0,False,0.0,0.0,0.0,STOPPED,DUPLICATE_OR_OLD,DUPLICATE_OR_OLD,90.806911305,90.806911305
91.019679107,0.0,0.5974175358402438,0.0061803398874988825,0.0,0.0,False,0.0,0.0,0.0,STOPPED,ACCEPTED,ACCEPTED,90.910868582,90.910868582
91.069679107,0.0,0.5974175358402438,0.0111803398874986,0.0,0.0,False,0.0,0.0,0.0,STOPPED,DUPLICATE_OR_OLD,DUPLICATE_OR_OLD,90.910868582,90.910868582
91.11967910700001,0.0,0.5974175358402438,0.006180339887499064,0.0,0.0,False,0.0,0.0,0.0,STOPPED,ACCEPTED,ACCEPTED,91.01082831,91.01082831
91.16967910700001,0.0,0.5974175358402438,0.01118033988749878,0.0,0.0,False,0.0,0.0,0.0,STOPPED,DUPLICATE_OR_OLD,DUPLICATE_OR_OLD,91.01082831,91.01082831
91.219679107,0.0,0.5974175358402438,0.006180339887498883,0.0,0.0,False,0.0,0.0,0.0,STOPPED,ACCEPTED,ACCEPTED,91.106785798,91.106785798
91.269679107,0.0,0.5974175358402438,0.0111803398874986,0.0,0.0,False,0.0,0.0,0.0,STOPPED,DUPLICATE_OR_OLD,DUPLICATE_OR_OLD,91.106785798,91.106785798
91.319679107,0.0,0.5974175358402438,0.006180339887498857,0.0,0.0,False,0.0,0.0,0.0,STOPPED,ACCEPTED,ACCEPTED,91.206741941,91.206741941
91.36967910700001,0.0,0.5974175358402438,0.011180339887499995,0.0,0.0,False,0.0,0.0,0.0,STOPPED,DUPLICATE_OR_OLD,DUPLICATE_OR_OLD,91.206741941,91.206741941
91.41967910700001,0.0,0.5974175358402438,0.00618033988749906,0.0,0.0,False,0.0,0.0,0.0,STOPPED,ACCEPTED,ACCEPTED,91.306700662,91.306700662
91.469679107,0.0,0.5974175358402438,0.011180339887498777,0.0,0.0,False,0.0,0.0,0.0,STOPPED,DUPLICATE_OR_OLD,DUPLICATE_OR_OLD,91.306700662,91.306700662
91.519679107,0.0,0.5974175358402438,0.0061803398874988825,0.0,0.0,False,0.0,0.0,0.0,STOPPED,ACCEPTED,ACCEPTED,91.404655479,91.404655479
91.569679107,0.0,0.5974175358402438,0.0111803398874986,0.0,0.0,False,0.0,0.0,0.0,STOPPED,DUPLICATE_OR_OLD,DUPLICATE_OR_OLD,91.404655479,91.404655479
91.61967910700001,0.0,0.5974175358402438,0.006180339887499064,0.0,0.0,False,0.0,0.0,0.0,STOPPED,ACCEPTED,ACCEPTED,91.510625835,91.510625835
91.66967910700001,0.0,0.5974175358402438,0.01118033988749878,0.0,0.0,False,0.0,0.0,0.0,STOPPED,DUPLICATE_OR_OLD,DUPLICATE_OR_OLD,91.510625835,91.510625835
91.719679107,0.0,0.5974175358402438,0.006180339887498883,0.0,0.0,False,0.0,0.0,0.0,STOPPED,ACCEPTED,ACCEPTED,91.606582639,91.606582639
91.769679107,0.0,0.5974175358402438,0.0111803398874986,0.0,0.0,False,0.0,0.0,0.0,STOPPED,DUPLICATE_OR_OLD,DUPLICATE_OR_OLD,91.606582639,91.606582639
91.819679107,0.0,0.5974175358402438,0.006180339887498857,0.0,0.0,False,0.0,0.0,0.0,STOPPED,ACCEPTED,ACCEPTED,91.728543019,91.728543019
91.86967910700001,0.0,0.5974175358402438,0.011180339887499995,0.0,0.0,False,0.0,0.0,0.0,STOPPED,DUPLICATE_OR_OLD,DUPLICATE_OR_OLD,91.728543019,91.728543019
91.91967910700001,0.0,0.5974175358402438,0.00618033988749906,0.0,0.0,False,0.0,0.0,0.0,STOPPED,ACCEPTED,ACCEPTED,91.804517912,91.804517912
91.969679107,0.0,0.5974175358402438,0.011180339887498777,0.0,0.0,False,0.0,0.0,0.0,STOPPED,DUPLICATE_OR_OLD,DUPLICATE_OR_OLD,91.804517912,91.804517912
92.019679107,0.0,0.5974175358402438,0.0061803398874988825,0.0,0.0,False,0.0,0.0,0.0,STOPPED,ACCEPTED,ACCEPTED,91.910477208,91.910477208
92.069679107,0.0,0.5974175358402438,0.0111803398874986,0.0,0.0,False,0.0,0.0,0.0,STOPPED,DUPLICATE_OR_OLD,DUPLICATE_OR_OLD,91.910477208,91.910477208
92.11967910700001,0.0,0.5974175358402438,0.006180339887499064,0.0,0.0,False,0.0,0.0,0.0,STOPPED,ACCEPTED,ACCEPTED,92.010442631,92.010442631
92.16967910700001,0.0,0.5974175358402438,0.01118033988749878,0.0,0.0,False,0.0,0.0,0.0,STOPPED,DUPLICATE_OR_OLD,DUPLICATE_OR_OLD,92.010442631,92.010442631
92.219679107,0.0,0.5974175358402438,0.006180339887498883,0.0,0.0,False,0.0,0.0,0.0,STOPPED,ACCEPTED,ACCEPTED,92.112409428,92.112409428
92.269679107,0.0,0.5974175358402438,0.0111803398874986,0.0,0.0,False,0.0,0.0,0.0,STOPPED,DUPLICATE_OR_OLD,DUPLICATE_OR_OLD,92.112409428,92.112409428
92.31967910700001,0.0,0.5974175358402438,0.006180339887499064,0.0,0.0,False,0.0,0.0,0.0,STOPPED,ACCEPTED,ACCEPTED,92.206380241,92.206380241
92.36967910700001,0.0,0.5974175358402438,0.01118033988749878,0.0,0.0,False,0.0,0.0,0.0,STOPPED,DUPLICATE_OR_OLD,DUPLICATE_OR_OLD,92.206380241,92.206380241
92.41967910700001,0.0,0.5974175358402438,0.006180339887498883,0.0,0.0,False,0.0,0.0,0.0,STOPPED,ACCEPTED,ACCEPTED,92.310338134,92.310338134
92.469679107,0.0,0.5974175358402438,0.0111803398874986,0.0,0.0,False,0.0,0.0,0.0,STOPPED,DUPLICATE_OR_OLD,DUPLICATE_OR_OLD,92.310338134,92.310338134
92.519679107,0.0,0.5974175358402438,0.006180339887498857,0.0,0.0,False,0.0,0.0,0.0,STOPPED,ACCEPTED,ACCEPTED,92.406318111,92.406318111
92.56967910700001,0.0,0.5974175358402438,0.011180339887499995,0.0,0.0,False,0.0,0.0,0.0,STOPPED,DUPLICATE_OR_OLD,DUPLICATE_OR_OLD,92.406318111,92.406318111
92.61967910700001,0.0,0.5974175358402438,0.00618033988749906,0.0,0.0,False,0.0,0.0,0.0,STOPPED,ACCEPTED,ACCEPTED,92.514283713,92.514283713
92.66967910700001,0.0,0.5974175358402438,0.011180339887498777,0.0,0.0,False,0.0,0.0,0.0,STOPPED,DUPLICATE_OR_OLD,DUPLICATE_OR_OLD,92.514283713,92.514283713
92.719679107,0.0,0.5974175358402438,0.0061803398874988825,0.0,0.0,False,0.0,0.0,0.0,STOPPED,ACCEPTED,ACCEPTED,92.606245227,92.606245227
92.769679107,0.0,0.5974175358402438,0.0111803398874986,0.0,0.0,False,0.0,0.0,0.0,STOPPED,DUPLICATE_OR_OLD,DUPLICATE_OR_OLD,92.606245227,92.606245227
92.81967910700001,0.0,0.5974175358402438,0.006180339887499064,0.0,0.0,False,0.0,0.0,0.0,STOPPED,ACCEPTED,ACCEPTED,92.734227783,92.734227783
92.86967910700001,0.0,0.5974175358402438,0.01118033988749878,0.0,0.0,False,0.0,0.0,0.0,STOPPED,DUPLICATE_OR_OLD,DUPLICATE_OR_OLD,92.734227783,92.734227783
92.91967910700001,0.0,0.5974175358402438,0.006180339887498883,0.0,0.0,False,0.0,0.0,0.0,STOPPED,ACCEPTED,ACCEPTED,92.808189364,92.808189364
92.969679107,0.0,0.5974175358402438,0.0111803398874986,0.0,0.0,False,0.0,0.0,0.0,STOPPED,DUPLICATE_OR_OLD,DUPLICATE_OR_OLD,92.808189364,92.808189364
93.019679107,0.0,0.5974175358402438,0.006180339887498857,0.0,0.0,False,0.0,0.0,0.0,STOPPED,ACCEPTED,ACCEPTED,92.908155424,92.908155424
93.06967910700001,0.0,0.5974175358402438,0.011180339887499995,0.0,0.0,False,0.0,0.0,0.0,STOPPED,DUPLICATE_OR_OLD,DUPLICATE_OR_OLD,92.908155424,92.908155424
93.11967910700001,0.0,0.5974175358402438,0.00618033988749906,0.0,0.0,False,0.0,0.0,0.0,STOPPED,ACCEPTED,ACCEPTED,93.012131964,93.012131964
93.16967910700001,0.0,0.5974175358402438,0.011180339887498777,0.0,0.0,False,0.0,0.0,0.0,STOPPED,DUPLICATE_OR_OLD,DUPLICATE_OR_OLD,93.012131964,93.012131964
93.219679107,0.0,0.5974175358402438,0.0061803398874988825,0.0,0.0,False,0.0,0.0,0.0,STOPPED,ACCEPTED,ACCEPTED,93.110100594,93.110100594
93.269679107,0.0,0.5974175358402438,0.0111803398874986,0.0,0.0,False,0.0,0.0,0.0,STOPPED,DUPLICATE_OR_OLD,DUPLICATE_OR_OLD,93.110100594,93.110100594
93.31967910700001,0.0,0.5974175358402438,0.006180339887499064,0.0,0.0,False,0.0,0.0,0.0,STOPPED,ACCEPTED,ACCEPTED,93.206075197,93.206075197
93.36967910700001,0.0,0.5974175358402438,0.01118033988749878,0.0,0.0,False,0.0,0.0,0.0,STOPPED,DUPLICATE_OR_OLD,DUPLICATE_OR_OLD,93.206075197,93.206075197
93.41967910700001,0.0,0.5974175358402438,0.006180339887498883,0.0,0.0,False,0.0,0.0,0.0,STOPPED,ACCEPTED,ACCEPTED,93.312035946,93.312035946
93.469679107,0.0,0.5974175358402438,0.005278640450004129,0.0,0.0,False,0.0,0.0,0.0,STOPPED,ACCEPTED,ACCEPTED,93.40402203,93.40402203
93.519679107,0.0,0.5974175358402438,0.010278640450003845,0.0,0.0,False,0.0,0.0,0.0,STOPPED,DUPLICATE_OR_OLD,DUPLICATE_OR_OLD,93.40402203,93.40402203
93.56967910700001,0.0,0.5974175358402438,0.015278640450004983,0.0,0.0,False,0.0,0.0,0.0,STOPPED,DUPLICATE_OR_OLD,DUPLICATE_OR_OLD,93.40402203,93.40402203
93.61967910700001,0.0,0.5974175358402438,0.006697341805517412,0.0,0.0,False,0.0,0.0,0.0,STOPPED,ACCEPTED,ACCEPTED,93.513979734,93.513979734
93.66967910700001,0.0,0.5974175358402438,0.011697341805517129,0.0,0.0,False,0.0,0.0,0.0,STOPPED,DUPLICATE_OR_OLD,DUPLICATE_OR_OLD,93.513979734,93.513979734
93.719679107,0.0,0.5974175358402438,0.006254308734986658,0.0,0.0,False,0.0,0.0,0.0,STOPPED,ACCEPTED,ACCEPTED,93.603955506,93.603955506
93.769679107,0.0,0.5974175358402438,0.011254308734986375,0.0,0.0,False,0.0,0.0,0.0,STOPPED,DUPLICATE_OR_OLD,DUPLICATE_OR_OLD,93.603955506,93.603955506
93.81967910700001,0.0,0.5974175358402438,0.006191101391797983,0.0,0.0,False,0.0,0.0,0.0,STOPPED,ACCEPTED,ACCEPTED,93.727917662,93.727917662
93.86967910700001,0.0,0.5974175358402438,0.0111911013917977,0.0,0.0,False,0.0,0.0,0.0,STOPPED,DUPLICATE_OR_OLD,DUPLICATE_OR_OLD,93.727917662,93.727917662
93.91967910700001,0.0,0.5974175358402438,0.0061819093246946,0.0,0.0,False,0.0,0.0,0.0,STOPPED,ACCEPTED,ACCEPTED,93.803896798,93.803896798
93.969679107,0.0,0.5974175358402438,0.011181909324694317,0.0,0.0,False,0.0,0.0,0.0,STOPPED,DUPLICATE_OR_OLD,DUPLICATE_OR_OLD,93.803896798,93.803896798
94.019679107,0.0,0.5974175358402438,0.0061805688515740595,0.0,0.0,False,0.0,0.0,0.0,STOPPED,ACCEPTED,ACCEPTED,93.907867277,93.907867277
94.06967910700001,0.0,0.5974175358402438,0.011180568851575198,0.0,0.0,False,0.0,0.0,0.0,STOPPED,DUPLICATE_OR_OLD,DUPLICATE_OR_OLD,93.907867277,93.907867277
94.11967910700001,0.0,0.5974175358402438,0.006180373292615282,0.0,0.0,False,0.0,0.0,0.0,STOPPED,ACCEPTED,ACCEPTED,94.017831681,94.017831681
94.16967910700001,0.0,0.5974175358402438,0.011180373292614999,0.0,0.0,False,0.0,0.0,0.0,STOPPED,DUPLICATE_OR_OLD,DUPLICATE_OR_OLD,94.017831681,94.017831681
94.219679107,0.0,0.5974175358402438,0.006180344761233438,0.0,0.0,False,0.0,0.0,0.0,STOPPED,ACCEPTED,ACCEPTED,94.109811255,94.109811255
94.269679107,0.0,0.5974175358402438,0.011180344761233155,0.0,0.0,False,0.0,0.0,0.0,STOPPED,DUPLICATE_OR_OLD,DUPLICATE_OR_OLD,94.109811255,94.109811255
94.31967910700001,0.0,0.5974175358402438,0.0061803405985672195,0.0,0.0,False,0.0,0.0,0.0,STOPPED,ACCEPTED,ACCEPTED,94.211781808,94.211781808
94.36967910700001,0.0,0.5974175358402438,0.011180340598566936,0.0,0.0,False,0.0,0.0,0.0,STOPPED,DUPLICATE_OR_OLD,DUPLICATE_OR_OLD,94.211781808,94.211781808
94.41967910700001,0.0,0.5974175358402438,0.006180339991242326,0.0,0.0,False,0.0,0.0,0.0,STOPPED,ACCEPTED,ACCEPTED,94.309748278,94.309748278
94.469679107,0.0,0.5974175358402438,0.011180339991242043,0.0,0.0,False,0.0,0.0,0.0,STOPPED,DUPLICATE_OR_OLD,DUPLICATE_OR_OLD,94.309748278,94.309748278
94.519679107,0.0,0.5974175358402438,0.006180339902634821,0.0,0.0,False,0.0,0.0,0.0,STOPPED,ACCEPTED,ACCEPTED,94.41371801,94.41371801
94.56967910700001,0.0,0.5974175358402438,0.011180339902635958,0.0,0.0,False,0.0,0.0,0.0,STOPPED,DUPLICATE_OR_OLD,DUPLICATE_OR_OLD,94.41371801,94.41371801
94.61967910700001,0.0,0.5974175358402438,0.0061803398897073685,0.0,0.0,False,0.0,0.0,0.0,STOPPED,ACCEPTED,ACCEPTED,94.513693192,94.513693192
94.66967910700001,0.0,0.5974175358402438,0.011180339889707085,0.0,0.0,False,0.0,0.0,0.0,STOPPED,DUPLICATE_OR_OLD,DUPLICATE_OR_OLD,94.513693192,94.513693192
94.719679107,0.0,0.5974175358402438,0.006180339887821071,0.0,0.0,False,0.0,0.0,0.0,STOPPED,ACCEPTED,ACCEPTED,94.615667413,94.615667413
94.769679107,0.0,0.5974175358402438,0.011180339887820787,0.0,0.0,False,0.0,0.0,0.0,STOPPED,DUPLICATE_OR_OLD,DUPLICATE_OR_OLD,94.615667413,94.615667413
94.81967910700001,0.0,0.5974175358402438,0.0061803398875460705,0.0,0.0,False,0.0,0.0,0.0,STOPPED,ACCEPTED,ACCEPTED,94.711638205,94.711638205
94.86967910700001,0.0,0.5974175358402438,0.011180339887545788,0.0,0.0,False,0.0,0.0,0.0,STOPPED,DUPLICATE_OR_OLD,DUPLICATE_OR_OLD,94.711638205,94.711638205
94.91967910700001,0.0,0.5974175358402438,0.006180339887505742,0.0,0.0,False,0.0,0.0,0.0,STOPPED,ACCEPTED,ACCEPTED,94.809617667,94.809617667
94.969679107,0.0,0.5974175358402438,0.011180339887505459,0.0,0.0,False,0.0,0.0,0.0,STOPPED,DUPLICATE_OR_OLD,DUPLICATE_OR_OLD,94.809617667,94.809617667
95.019679107,0.0,0.5974175358402438,0.006180339887499858,0.0,0.0,False,0.0,0.0,0.0,STOPPED,ACCEPTED,ACCEPTED,94.911591809,94.911591809
95.06967910700001,0.0,0.5974175358402438,0.011180339887500996,0.0,0.0,False,0.0,0.0,0.0,STOPPED,DUPLICATE_OR_OLD,DUPLICATE_OR_OLD,94.911591809,94.911591809
95.11967910700001,0.0,0.5974175358402438,0.006180339887499207,0.0,0.0,False,0.0,0.0,0.0,STOPPED,ACCEPTED,ACCEPTED,95.015574212,95.015574212
95.16967910700001,0.0,0.5974175358402438,0.011180339887498923,0.0,0.0,False,0.0,0.0,0.0,STOPPED,DUPLICATE_OR_OLD,DUPLICATE_OR_OLD,95.015574212,95.015574212
95.219679107,0.0,0.5974175358402438,0.006180339887498904,0.0,0.0,False,0.0,0.0,0.0,STOPPED,ACCEPTED,ACCEPTED,95.115532478,95.115532478
95.269679107,0.0,0.5974175358402438,0.01118033988749862,0.0,0.0,False,0.0,0.0,0.0,STOPPED,DUPLICATE_OR_OLD,DUPLICATE_OR_OLD,95.115532478,95.115532478
95.31967910700001,0.0,0.5974175358402438,0.006180339887499067,0.0,0.0,False,0.0,0.0,0.0,STOPPED,ACCEPTED,ACCEPTED,95.205505682,95.205505682
95.36967910700001,0.0,0.5974175358402438,0.011180339887498784,0.0,0.0,False,0.0,0.0,0.0,STOPPED,DUPLICATE_OR_OLD,DUPLICATE_OR_OLD,95.205505682,95.205505682
95.41967910700001,0.0,0.5974175358402438,0.006180339887498883,0.0,0.0,False,0.0,0.0,0.0,STOPPED,ACCEPTED,ACCEPTED,95.313474633,95.313474633
95.469679107,0.0,0.5974175358402438,0.0111803398874986,0.0,0.0,False,0.0,0.0,0.0,STOPPED,DUPLICATE_OR_OLD,DUPLICATE_OR_OLD,95.313474633,95.313474633
95.519679107,0.0,0.5974175358402438,0.006180339887498857,0.0,0.0,False,0.0,0.0,0.0,STOPPED,ACCEPTED,ACCEPTED,95.405452691,95.405452691
95.56967910700001,0.0,0.5974175358402438,0.011180339887499995,0.0,0.0,False,0.0,0.0,0.0,STOPPED,DUPLICATE_OR_OLD,DUPLICATE_OR_OLD,95.405452691,95.405452691
95.61967910700001,0.0,0.5974175358402438,0.00618033988749906,0.0,0.0,False,0.0,0.0,0.0,STOPPED,ACCEPTED,ACCEPTED,95.511437589,95.511437589
95.66967910700001,0.0,0.5974175358402438,0.011180339887498777,0.0,0.0,False,0.0,0.0,0.0,STOPPED,DUPLICATE_OR_OLD,DUPLICATE_OR_OLD,95.511437589,95.511437589
95.719679107,0.0,0.5974175358402438,0.0061803398874988825,0.0,0.0,False,0.0,0.0,0.0,STOPPED,ACCEPTED,ACCEPTED,95.603408841,95.603408841
95.769679107,0.0,0.5974175358402438,0.0111803398874986,0.0,0.0,False,0.0,0.0,0.0,STOPPED,DUPLICATE_OR_OLD,DUPLICATE_OR_OLD,95.603408841,95.603408841
95.81967910700001,0.0,0.5974175358402438,0.006180339887499064,0.0,0.0,False,0.0,0.0,0.0,STOPPED,ACCEPTED,ACCEPTED,95.731363423,95.731363423
95.86967910700001,0.0,0.5974175358402438,0.01118033988749878,0.0,0.0,False,0.0,0.0,0.0,STOPPED,DUPLICATE_OR_OLD,DUPLICATE_OR_OLD,95.731363423,95.731363423
95.91967910700001,0.0,0.5974175358402438,0.006180339887498883,0.0,0.0,False,0.0,0.0,0.0,STOPPED,ACCEPTED,ACCEPTED,95.80733729,95.80733729
95.969679107,0.0,0.5974175358402438,0.0111803398874986,0.0,0.0,False,0.0,0.0,0.0,STOPPED,DUPLICATE_OR_OLD,DUPLICATE_OR_OLD,95.80733729,95.80733729
96.019679107,0.0,0.5974175358402438,0.006180339887498857,0.0,0.0,False,0.0,0.0,0.0,STOPPED,ACCEPTED,ACCEPTED,95.905312428,95.905312428
96.06967910700001,0.0,0.5974175358402438,0.011180339887499995,0.0,0.0,False,0.0,0.0,0.0,STOPPED,DUPLICATE_OR_OLD,DUPLICATE_OR_OLD,95.905312428,95.905312428
96.11967910700001,0.0,0.5974175358402438,0.00618033988749906,0.0,0.0,False,0.0,0.0,0.0,STOPPED,ACCEPTED,ACCEPTED,96.005286515,96.005286515
96.16967910700001,0.0,0.5974175358402438,0.011180339887498777,0.0,0.0,False,0.0,0.0,0.0,STOPPED,DUPLICATE_OR_OLD,DUPLICATE_OR_OLD,96.005286515,96.005286515
96.219679107,0.0,0.5974175358402438,0.0061803398874988825,0.0,0.0,False,0.0,0.0,0.0,STOPPED,ACCEPTED,ACCEPTED,96.111273714,96.111273714
96.269679107,0.0,0.5974175358402438,0.0111803398874986,0.0,0.0,False,0.0,0.0,0.0,STOPPED,DUPLICATE_OR_OLD,DUPLICATE_OR_OLD,96.111273714,96.111273714
96.31967910700001,0.0,0.5974175358402438,0.006180339887499064,0.0,0.0,False,0.0,0.0,0.0,STOPPED,ACCEPTED,ACCEPTED,96.207229822,96.207229822
96.36967910700001,0.0,0.5974175358402438,0.005278640450004169,0.0,0.0,False,0.0,0.0,0.0,STOPPED,ACCEPTED,ACCEPTED,96.315195584,96.315195584
96.41967910700001,0.0,0.5974175358402438,0.010278640450003885,0.0,0.0,False,0.0,0.0,0.0,STOPPED,DUPLICATE_OR_OLD,DUPLICATE_OR_OLD,96.315195584,96.315195584
96.469679107,0.0,0.5974175358402438,0.006044091050000051,0.0,0.0,False,0.0,0.0,0.0,STOPPED,ACCEPTED,ACCEPTED,96.411168557,96.411168557
96.519679107,0.0,0.5974175358402438,0.011044091049999767,0.0,0.0,False,0.0,0.0,0.0,STOPPED,DUPLICATE_OR_OLD,DUPLICATE_OR_OLD,96.411168557,96.411168557
96.56967910700001,0.0,0.5974175358402438,0.016044091050000903,0.0,0.0,False,0.0,0.0,0.0,STOPPED,DUPLICATE_OR_OLD,DUPLICATE_OR_OLD,96.411168557,96.411168557
96.61967910700001,0.0,0.5974175358402438,0.006778775070626589,0.0,0.0,False,0.0,0.0,0.0,STOPPED,ACCEPTED,ACCEPTED,96.515161831,96.515161831
96.66967910700001,0.0,0.5974175358402438,0.011778775070626305,0.0,0.0,False,0.0,0.0,0.0,STOPPED,DUPLICATE_OR_OLD,DUPLICATE_OR_OLD,96.515161831,96.515161831
96.719679107,0.0,0.5974175358402438,0.006265699243663641,0.0,0.0,False,0.0,0.0,0.0,STOPPED,ACCEPTED,ACCEPTED,96.605122689,96.605122689
96.769679107,0.0,0.5974175358402438,0.011265699243663357,0.0,0.0,False,0.0,0.0,0.0,STOPPED,DUPLICATE_OR_OLD,DUPLICATE_OR_OLD,96.605122689,96.605122689
96.81967910700001,0.0,0.5974175358402438,0.0061927531769739265,0.0,0.0,False,0.0,0.0,0.0,STOPPED,ACCEPTED,ACCEPTED,96.743085357,96.743085357
96.86967910700001,0.0,0.5974175358402438,0.011192753176973644,0.0,0.0,False,0.0,0.0,0.0,STOPPED,DUPLICATE_OR_OLD,DUPLICATE_OR_OLD,96.743085357,96.743085357
96.91967910700001,0.0,0.5974175358402438,0.006182150103719824,0.0,0.0,False,0.0,0.0,0.0,STOPPED,ACCEPTED,ACCEPTED,96.813070676,96.813070676
96.969679107,0.0,0.5974175358402438,0.011182150103719542,0.0,0.0,False,0.0,0.0,0.0,STOPPED,DUPLICATE_OR_OLD,DUPLICATE_OR_OLD,96.813070676,96.813070676
97.019679107,0.0,0.5974175358402438,0.006180603976225977,0.0,0.0,False,0.0,0.0,0.0,STOPPED,ACCEPTED,ACCEPTED,96.907040067,96.907040067
97.06967910700001,0.0,0.5974175358402438,0.011180603976227114,0.0,0.0,False,0.0,0.0,0.0,STOPPED,DUPLICATE_OR_OLD,DUPLICATE_OR_OLD,96.907040067,96.907040067
97.11967910700001,0.0,0.5974175358402438,0.006180378417136423,0.0,0.0,False,0.0,0.0,0.0,STOPPED,ACCEPTED,ACCEPTED,97.005019325,97.005019325
97.16967910700001,0.0,0.5974175358402438,0.01118037841713614,0.0,0.0,False,0.0,0.0,0.0,STOPPED,DUPLICATE_OR_OLD,DUPLICATE_OR_OLD,97.005019325,97.005019325
97.219679107,0.0,0.5974175358402438,0.006180345508888942,0.0,0.0,False,0.0,0.0,0.0,STOPPED,ACCEPTED,ACCEPTED,97.106982399,97.106982399
97.269679107,0.0,0.5974175358402438,0.011180345508888658,0.0,0.0,False,0.0,0.0,0.0,STOPPED,DUPLICATE_OR_OLD,DUPLICATE_OR_OLD,97.106982399,97.106982399
97.31967910700001,0.0,0.5974175358402438,0.006180340707648645,0.0,0.0,False,0.0,0.0,0.0,STOPPED,ACCEPTED,ACCEPTED,97.208962346,97.208962346
97.36967910700001,0.0,0.5974175358402438,0.01118034070764836,0.0,0.0,False,0.0,0.0,0.0,STOPPED,DUPLICATE_OR_OLD,DUPLICATE_OR_OLD,97.208962346,97.208962346
97.41967910700001,0.0,0.5974175358402438,0.00618034000715709,0.0,0.0,False,0.0,0.0,0.0,STOPPED,ACCEPTED,ACCEPTED,97.322925401,97.322925401
97.469679107,0.0,0.5974175358402438,0.005278640476677423,0.0,0.0,False,0.0,0.0,0.0,STOPPED,ACCEPTED,ACCEPTED,97.41290218,97.41290218
97.519679107,0.0,0.5974175358402438,0.010278640476677139,0.0,0.0,False,0.0,0.0,0.0,STOPPED,DUPLICATE_OR_OLD,DUPLICATE_OR_OLD,97.41290218,97.41290218
97.56967910700001,0.0,0.5974175358402438,0.015278640476678276,0.0,0.0,False,0.0,0.0,0.0,STOPPED,DUPLICATE_OR_OLD,DUPLICATE_OR_OLD,97.41290218,97.41290218
97.61967910700001,0.0,0.5974175358402438,0.006697341808426816,0.0,0.0,False,0.0,0.0,0.0,STOPPED,ACCEPTED,ACCEPTED,97.516868282,97.516868282
97.66967910700001,0.0,0.5974175358402438,0.011697341808426532,0.0,0.0,False,0.0,0.0,0.0,STOPPED,DUPLICATE_OR_OLD,DUPLICATE_OR_OLD,97.516868282,97.516868282
97.719679107,0.0,0.5974175358402438,0.006254308735394853,0.0,0.0,False,0.0,0.0,0.0,STOPPED,ACCEPTED,ACCEPTED,97.614844415,97.614844415
97.769679107,0.0,0.5974175358402438,0.01125430873539457,0.0,0.0,False,0.0,0.0,0.0,STOPPED,DUPLICATE_OR_OLD,DUPLICATE_OR_OLD,97.614844415,97.614844415
97.81967910700001,0.0,0.5974175358402438,0.006191101391857204,0.0,0.0,False,0.0,0.0,0.0,STOPPED,ACCEPTED,ACCEPTED,97.728818465,97.728818465
97.86967910700001,0.0,0.5974175358402438,0.005281038104115397,0.0,0.0,False,0.0,0.0,0.0,STOPPED,ACCEPTED,ACCEPTED,97.810788624,97.810788624
97.91967910700001,0.0,0.5974175358402438,0.010281038104115113,0.0,0.0,False,0.0,0.0,0.0,STOPPED,DUPLICATE_OR_OLD,DUPLICATE_OR_OLD,97.810788624,97.810788624
97.969679107,0.0,0.5974175358402438,0.01528103810411483,0.0,0.0,False,0.0,0.0,0.0,STOPPED,DUPLICATE_OR_OLD,DUPLICATE_OR_OLD,97.810788624,97.810788624
98.019679107,0.0,0.5974175358402438,0.006697603310158243,0.0,0.0,False,0.0,0.0,0.0,STOPPED,ACCEPTED,ACCEPTED,97.91075745,97.91075745
98.06967910700001,0.0,0.5974175358402438,0.01169760331015938,0.0,0.0,False,0.0,0.0,0.0,STOPPED,DUPLICATE_OR_OLD,DUPLICATE_OR_OLD,97.91075745,97.91075745
98.11967910700001,0.0,0.5974175358402438,0.00625434542425958,0.0,0.0,False,0.0,0.0,0.0,STOPPED,ACCEPTED,ACCEPTED,98.010737791,98.010737791
98.16967910700001,0.0,0.5974175358402438,0.011254345424259297,0.0,0.0,False,0.0,0.0,0.0,STOPPED,DUPLICATE_OR_OLD,DUPLICATE_OR_OLD,98.010737791,98.010737791
98.219679107,0.0,0.5974175358402438,0.006191106714563145,0.0,0.0,False,0.0,0.0,0.0,STOPPED,ACCEPTED,ACCEPTED,98.106706367,98.106706367
98.269679107,0.0,0.5974175358402438,0.011191106714562861,0.0,0.0,False,0.0,0.0,0.0,STOPPED,DUPLICATE_OR_OLD,DUPLICATE_OR_OLD,98.106706367,98.106706367
98.31967910700001,0.0,0.5974175358402438,0.006181910100637582,0.0,0.0,False,0.0,0.0,0.0,STOPPED,ACCEPTED,ACCEPTED,98.202685457,98.202685457
98.36967910700001,0.0,0.5974175358402438,0.005278990443973639,0.0,0.0,False,0.0,0.0,0.0,STOPPED,ACCEPTED,ACCEPTED,98.306648268,98.306648268
98.41967910700001,0.0,0.5974175358402438,0.010278990443973356,0.0,0.0,False,0.0,0.0,0.0,STOPPED,DUPLICATE_OR_OLD,DUPLICATE_OR_OLD,98.306648268,98.306648268
98.469679107,0.0,0.5974175358402438,0.015278990443973073,0.0,0.0,False,0.0,0.0,0.0,STOPPED,DUPLICATE_OR_OLD,DUPLICATE_OR_OLD,98.306648268,98.306648268
98.519679107,0.0,0.5974175358402438,0.00669737998084723,0.0,0.0,False,0.0,0.0,0.0,STOPPED,ACCEPTED,ACCEPTED,98.408627426,98.408627426
98.56967910700001,0.0,0.5974175358402438,0.011697379980848367,0.0,0.0,False,0.0,0.0,0.0,STOPPED,DUPLICATE_OR_OLD,DUPLICATE_OR_OLD,98.408627426,98.408627426
98.61967910700001,0.0,0.5974175358402438,0.006254314091055487,0.0,0.0,False,0.0,0.0,0.0,STOPPED,ACCEPTED,ACCEPTED,98.514599684,98.514599684
98.66967910700001,0.0,0.5974175358402438,0.011254314091055203,0.0,0.0,False,0.0,0.0,0.0,STOPPED,DUPLICATE_OR_OLD,DUPLICATE_OR_OLD,98.514599684,98.514599684
98.719679107,0.0004186014615899945,0.5974280008767836,0.006191102168840477,0.0,0.0,False,0.0,0.6191102168840477,0.0,FUSED,ACCEPTED,ACCEPTED,98.60657723,98.60657723
98.769679107,0.002479784418257686,0.5975004605237798,0.011191102168840193,0.0,0.0,False,0.0,0.0,0.0,MODEL_ONLY,DUPLICATE_OR_OLD,DUPLICATE_OR_OLD,98.60657723,98.60657723
98.81967910700001,0.002048796345800836,0.5976136750428813,0.006181909437970632,0.0,0.0,False,0.0,0.6181909437970632,0.0,FUSED,ACCEPTED,ACCEPTED,98.726589689,98.726589689
98.86967910700001,0.005690799139795092,0.5978071649300212,0.011181909437970348,0.0,0.0,False,0.0,0.0,0.0,MODEL_ONLY,DUPLICATE_OR_OLD,DUPLICATE_OR_OLD,98.726589689,98.726589689
98.91967910700001,0.0041849129583172865,0.598054057732474,0.006180568868098828,0.0,0.0,False,0.0,0.6180568868098827,0.0,FUSED,ACCEPTED,ACCEPTED,98.814513273,98.814513273
98.969679107,0.010942500571531668,0.5984322430707202,0.011180568868098545,0.0,0.0,False,0.0,0.0,0.0,MODEL_ONLY,DUPLICATE_OR_OLD,DUPLICATE_OR_OLD,98.814513273,98.814513273
99.019679107,0.007222096456965546,0.5988863579964326,0.006180373295025964,0.0,0.0,False,0.0,0.6180373295025963,0.0,FUSED,ACCEPTED,ACCEPTED,98.908488101,98.908488101
99.06967910700001,0.016376938415558182,0.5994763338682458,0.0111803732950271,0.0,0.0,False,0.0,0.0,0.0,MODEL_ONLY,DUPLICATE_OR_OLD,DUPLICATE_OR_OLD,98.908488101,98.908488101
99.11967910700001,0.010090479680659452,0.6001380193206513,0.006180344761585358,0.0,0.0,False,0.0,0.6180344761585357,0.0,FUSED,ACCEPTED,ACCEPTED,99.00645644,99.00645644
99.16967910700001,0.021097056729590905,0.6009177077309075,0.011180344761585075,0.0,0.0,False,0.0,0.0,0.0,MODEL_ONLY,DUPLICATE_OR_OLD,DUPLICATE_OR_OLD,99.00645644,99.00645644
99.219679107,0.030325310856785297,0.6022032669205668,0.0061803405986183575,0.0,0.0,False,0.0,0.6180340598618357,0.0,FUSED,ACCEPTED,ACCEPTED,99.104434987,99.104434987
99.269679107,0.044047330431795206,0.6040625829527813,0.011180340598618074,0.0,0.0,False,0.0,0.0,0.0,MODEL_ONLY,DUPLICATE_OR_OLD,DUPLICATE_OR_OLD,99.104434987,99.104434987
99.31967910700001,0.04334657432576333,0.6062474305717207,0.006180339991249995,0.0,0.0,False,0.0,0.6180339991249992,0.0,FUSED,ACCEPTED,ACCEPTED,99.204401609,99.204401609
99.36967910700001,0.059162233336538014,0.6088101507632782,0.011180339991249712,0.0,0.0,False,0.0,0.0,0.0,MODEL_ONLY,DUPLICATE_OR_OLD,DUPLICATE_OR_OLD,99.204401609,99.204401609
99.41967910700001,0.05117711201061767,0.6115686343969569,0.00618033990263594,0.0,0.0,False,0.0,0.6180339902635938,0.0,FUSED,ACCEPTED,ACCEPTED,99.310376943,99.310376943
99.469679107,0.06861160447461487,0.6145633523090874,0.011180339902635656,0.0,0.0,False,0.0,0.0,0.0,MODEL_ONLY,DUPLICATE_OR_OLD,DUPLICATE_OR_OLD,99.310376943,99.310376943
99.519679107,0.05810396420044951,0.6177312415259639,0.006180339889707323,0.0,0.0,False,0.0,0.6180339889707323,0.0,FUSED,ACCEPTED,ACCEPTED,99.406357997,99.406357997
99.56967910700001,0.07679188134768483,0.621103637664668,0.01118033988970846,0.0,0.0,False,0.0,0.0,0.0,MODEL_ONLY,DUPLICATE_OR_OLD,DUPLICATE_OR_OLD,99.406357997,99.406357997
99.61967910700001,0.060355884918387795,0.6245323318213197,0.006180339887821271,0.0,0.0,False,0.0,0.618033988782127,0.0,FUSED,ACCEPTED,ACCEPTED,99.518325015,99.518325015
99.66967910700001,0.08001493464829429,0.6280416023104866,0.011180339887820988,0.0,0.0,False,0.0,0.0,0.0,MODEL_ONLY,DUPLICATE_OR_OLD,DUPLICATE_OR_OLD,99.518325015,99.518325015
99.719679107,0.06590641430343966,0.6316896360342796,0.006180339887545893,0.0,0.0,False,0.0,0.6180339887545891,0.0,FUSED,ACCEPTED,ACCEPTED,99.606303886,99.606303886
99.769679107,0.0863181145191236,0.6354952492548436,0.011180339887545609,0.0,0.0,False,0.0,0.0,0.0,MODEL_ONLY,DUPLICATE_OR_OLD,DUPLICATE_OR_OLD,99.606303886,99.606303886
99.81967910700001,0.098352406465123,0.6401120122794508,0.006180339887505923,0.0,0.0,False,0.0,0.6180339887505921,0.0,FUSED,ACCEPTED,ACCEPTED,99.73026666,99.73026666
99.86967910700001,0.11891176834601445,0.6455436166497289,0.01118033988750564,0.0,0.0,False,0.0,0.0,0.0,MODEL_ONLY,DUPLICATE_OR_OLD,DUPLICATE_OR_OLD,99.73026666,99.73026666
99.91967910700001,0.16157899111080498,0.652555885636149,0.006180339887499884,0.0,0.0,False,0.0,0.6180339887499883,0.0,FUSED,ACCEPTED,ACCEPTED,99.806224188,99.806224188
99.969679107,0.1819733650763465,0.6611446945408272,0.0111803398874996,0.0,0.0,False,0.0,0.0,0.0,MODEL_ONLY,DUPLICATE_OR_OLD,DUPLICATE_OR_OLD,99.806224188,99.806224188
100.019679107,0.19454677790479527,0.6705576981153553,0.006180339887499003,0.0,0.0,False,0.0,0.6180339887499002,0.0,FUSED,ACCEPTED,ACCEPTED,99.912190876,99.912190876
100.06967910700001,0.2150182642305957,0.6807968241687423,0.01118033988750014,0.0,0.0,False,0.0,0.0,0.0,MODEL_ONLY,DUPLICATE_OR_OLD,DUPLICATE_OR_OLD,99.912190876,99.912190876
100.11967910700001,0.2386149063102052,0.6921376534322616,0.006180339887499082,0.0,0.0,False,0.0,0.618033988749908,0.0,FUSED,ACCEPTED,ACCEPTED,100.020162148,100.020162148
100.16967910700001,0.259058389838651,0.7045794858359824,0.011180339887498798,0.0,0.0,False,0.0,0.0,0.0,MODEL_ONLY,DUPLICATE_OR_OLD,DUPLICATE_OR_OLD,100.020162148,100.020162148
100.219679107,0.2732226950639447,0.7178865129585466,0.006180339887498886,0.0,0.0,False,0.0,0.6180339887498885,0.0,FUSED,ACCEPTED,ACCEPTED,100.104137528,100.104137528
100.269679107,0.2947738255411291,0.7320864259736726,0.011180339887498603,0.0,0.0,False,0.0,0.0,0.0,MODEL_ONLY,DUPLICATE_OR_OLD,DUPLICATE_OR_OLD,100.104137528,100.104137528
100.31967910700001,0.3059347514547256,0.7471041403985723,0.0061803398874990655,0.0,0.0,False,0.0,0.6180339887499063,0.0,FUSED,ACCEPTED,ACCEPTED,100.204121744,100.204121744
100.36967910700001,0.3283463025577185,0.7629611667488826,0.011180339887498782,0.0,0.0,False,0.0,0.0,0.0,MODEL_ONLY,DUPLICATE_OR_OLD,DUPLICATE_OR_OLD,100.204121744,100.204121744
100.41967910700001,0.34741075705063174,0.7798550932390904,0.006180339887498883,0.0,0.0,False,0.0,0.6180339887498882,0.0,FUSED,ACCEPTED,ACCEPTED,100.308079808,100.308079808
100.469679107,0.37046237808817645,0.7978019216175595,0.0111803398874986,0.0,0.0,False,0.0,0.0,0.0,MODEL_ONLY,DUPLICATE_OR_OLD,DUPLICATE_OR_OLD,100.308079808,100.308079808
100.519679107,0.38715504371976645,0.816742357162757,0.006180339887498857,0.0,0.0,False,0.0,0.6180339887498856,0.0,FUSED,ACCEPTED,ACCEPTED,100.408056021,100.408056021
100.56967910700001,0.41071534766647116,0.8366891169474174,0.011180339887499995,0.0,0.0,False,0.0,0.0,0.0,MODEL_ONLY,DUPLICATE_OR_OLD,DUPLICATE_OR_OLD,100.408056021,100.408056021
100.61967910700001,0.4221655067774849,0.8575111383085151,0.00618033988749906,0.0,0.0,False,0.0,0.618033988749906,0.0,FUSED,ACCEPTED,ACCEPTED,100.51402135,100.51402135
100.66967910700001,0.446129591294276,0.879218515760308,0.011180339887498777,0.0,0.0,False,0.0,0.0,0.0,MODEL_ONLY,DUPLICATE_OR_OLD,DUPLICATE_OR_OLD,100.51402135,100.51402135
100.719679107,0.46603489313682667,0.9020226278710842,0.0061803398874988825,0.0,0.0,False,0.0,0.6180339887498882,0.0,FUSED,ACCEPTED,ACCEPTED,100.604003615,100.604003615
100.769679107,0.49031104535499054,0.9259312763333782,0.0111803398874986,0.0,0.0,False,0.0,0.0,0.0,MODEL_ONLY,DUPLICATE_OR_OLD,DUPLICATE_OR_OLD,100.604003615,100.604003615
100.81967910700001,0.5105020929585709,0.950951604791223,0.006180339887499064,0.0,0.0,False,0.0,0.6180339887499062,0.0,FUSED,ACCEPTED,ACCEPTED,100.721988179,100.721988179
100.86967910700001,0.535501533298061,0.9771016954476373,0.01118033988749878,0.0,0.0,False,0.0,0.0,0.0,MODEL_ONLY,DUPLICATE_OR_OLD,DUPLICATE_OR_OLD,100.721988179,100.721988179
100.91967910700001,0.5611697196713632,1.0045184767718713,0.006180339887498883,0.0,0.0,False,0.0,0.6180339887498882,0.0002580483688602911,FUSED,ACCEPTED,ACCEPTED,100.833950757,100.833950757
100.969679107,0.5871694135816302,1.0332269551031945,0.0111803398874986,0.0,0.0,False,0.0,0.0,0.0002580483688602911,MODEL_ONLY,DUPLICATE_OR_OLD,DUPLICATE_OR_OLD,100.833950757,100.833950757
101.019679107,0.6150619020363807,1.063282737993643,0.006180339887498857,0.0,0.0,False,0.0,0.6180339887498856,-0.0024779025136254644,FUSED,ACCEPTED,ACCEPTED,100.909929889,100.909929889
101.06967910700001,0.6425066342029331,1.0947219513996331,0.011180339887499995,0.0,0.0,False,0.0,0.0,-0.0024779025136254644,MODEL_ONLY,DUPLICATE_OR_OLD,DUPLICATE_OR_OLD,100.909929889,100.909929889
101.11967910700001,0.6750383950612355,1.1276605771312354,0.00618033988749906,0.0,0.0,False,0.0,0.618033988749906,0.003180182374263705,FUSED,ACCEPTED,ACCEPTED,101.009893349,101.009893349
101.16967910700001,0.7043870728458899,1.1621462138289116,0.011180339887498777,0.0,0.0,False,0.0,0.0,0.003180182374263705,MODEL_ONLY,DUPLICATE_OR_OLD,DUPLICATE_OR_OLD,101.009893349,101.009893349
101.219679107,0.7377412902586722,1.1981994229065236,0.0061803398874988825,0.0,0.0,False,0.0,0.6180339887498882,-0.0024619927987592845,FUSED,ACCEPTED,ACCEPTED,101.109869732,101.109869732
101.269679107,0.76841308437746,1.2358532822724246,0.0111803398874986,0.0,0.0,False,0.0,0.0,-0.0024619927987592845,MODEL_ONLY,DUPLICATE_OR_OLD,DUPLICATE_OR_OLD,101.109869732,101.109869732
101.31967910700001,0.8081615971492078,1.2752676493106,0.006180339887499064,0.0,0.0,False,0.0,0.6180339887499062,0.013015870079659353,FUSED,ACCEPTED,ACCEPTED,101.207835173,101.207835173
101.36967910700001,0.8408524517427532,1.316493000532897,0.01118033988749878,0.0,0.0,False,0.0,0.0,0.013015870079659353,MODEL_ONLY,DUPLICATE_OR_OLD,DUPLICATE_OR_OLD,101.207835173,101.207835173
101.41967910700001,0.893310850269835,1.359847083083209,0.006180339887498883,0.0,0.0,False,0.0,0.6180339887498882,0.04819486917125848,FUSED,ACCEPTED,ACCEPTED,101.311798004,101.311798004
101.469679107,0.9294141090018037,1.4054152070649975,0.0111803398874986,0.0,0.0,False,0.0,0.0,0.04819486917125848,MODEL_ONLY,DUPLICATE_OR_OLD,DUPLICATE_OR_OLD,101.311798004,101.311798004
101.519679107,0.9851962856723144,1.4532804669318478,0.006180339887498857,0.0,0.0,False,0.0,0.6180339887498856,0.06906441030868245,FUSED,ACCEPTED,ACCEPTED,101.405781145,101.405781145
101.56967910700001,1.0236253995559437,1.5035010090625656,0.011180339887499995,0.0,0.0,False,0.0,0.0,0.06906441030868245,MODEL_ONLY,DUPLICATE_OR_OLD,DUPLICATE_OR_OLD,101.405781145,101.405781145
101.61967910700001,1.070067379958203,1.5558433285504165,0.00618033988749906,0.0,0.0,False,0.0,0.618033988749906,0.05983862320506856,FUSED,ACCEPTED,ACCEPTED,101.509753569,101.509753569
101.66967910700001,1.1090296098905226,1.6103207532966315,0.011180339887498777,0.0,0.0,False,0.0,0.0,0.05983862320506856,MODEL_ONLY,DUPLICATE_OR_OLD,DUPLICATE_OR_OLD,101.509753569,101.509753569
101.719679107,1.1315729199200104,1.6663358165418913,0.0061803398874988825,0.0,0.0,False,0.0,0.6180339887498882,0.0032675466768888536,FUSED,ACCEPTED,ACCEPTED,101.673699257,101.673699257
101.769679107,1.1842402820379518,1.724231146590837,0.005278640450004129,0.0,0.0,False,0.0,0.5278640450004128,0.08295638277828032,FUSED,ACCEPTED,ACCEPTED,101.739684483,101.739684483
101.81967910700001,1.225447230943917,1.7844733344153976,0.010278640450005266,0.0,0.0,False,0.0,0.0,0.08295638277828032,MODEL_ONLY,DUPLICATE_OR_OLD,DUPLICATE_OR_OLD,101.739684483,101.739684483
101.86967910700001,1.2669340645431968,1.8467828668025719,0.015278640450004983,0.0,0.0,False,0.0,0.0,0.08295638277828032,MODEL_ONLY,DUPLICATE_OR_OLD,DUPLICATE_OR_OLD,101.739684483,101.739684483
101.91967910700001,1.3450148648913214,1.9120815900384311,0.006697341805517412,0.0,0.0,False,0.0,0.6697341805517412,0.15121708643181223,FUSED,ACCEPTED,ACCEPTED,101.807678889,101.807678889
101.969679107,1.3903781455054982,1.9804664152983475,0.011697341805517129,0.0,0.0,False,0.0,0.0,0.15121708643181223,MODEL_ONLY,DUPLICATE_OR_OLD,DUPLICATE_OR_OLD,101.807678889,101.807678889
102.019679107,1.450099261822484,2.0514783504815433,0.006254308734986658,0.0,0.0,False,0.0,0.6254308734986656,0.14093853490027292,FUSED,ACCEPTED,ACCEPTED,101.909645823,101.909645823
102.06967910700001,1.4959522256778088,2.125129637669067,0.011254308734987796,0.0,0.0,False,0.0,0.0,0.14093853490027292,MODEL_ONLY,DUPLICATE_OR_OLD,DUPLICATE_OR_OLD,101.909645823,101.909645823
102.11967910700001,1.5508559823774815,2.201299842870445,0.006191101391797983,0.0,0.0,False,0.0,0.6191101391797982,0.14902585231806859,FUSED,ACCEPTED,ACCEPTED,102.00561815,102.00561815
102.16967910700001,1.5978913355752562,2.280018525819259,0.0111911013917977,0.0,0.0,False,0.0,0.0,0.14902585231806859,MODEL_ONLY,DUPLICATE_OR_OLD,DUPLICATE_OR_OLD,102.00561815,102.00561815
102.219679107,1.6445630841926877,2.3610798863134534,0.0061819093246946,0.0,0.0,False,0.0,0.61819093246946,0.13236488632327914,FUSED,ACCEPTED,ACCEPTED,102.109587207,102.109587207
102.269679107,1.6913685306893171,2.444478176685499,0.011181909324694317,0.0,0.0,False,0.0,0.0,0.13236488632327914,MODEL_ONLY,DUPLICATE_OR_OLD,DUPLICATE_OR_OLD,102.109587207,102.109587207
102.31967910700001,1.7430752520054889,2.5303392712528883,0.006180568851574267,0.0,0.0,False,0.0,0.6180568851574264,0.14756121152648685,FUSED,ACCEPTED,ACCEPTED,102.20755329,102.20755329
102.36967910700001,1.7911080833361566,2.6186938546364247,0.011180568851573983,0.0,0.0,False,0.0,0.0,0.14756121152648685,MODEL_ONLY,DUPLICATE_OR_OLD,DUPLICATE_OR_OLD,102.20755329,102.20755329
102.41967910700001,1.8412972766638693,2.7095039886364196,0.006180373292615105,0.0,0.0,False,0.0,0.6180373292615104,0.14299695328609488,FUSED,ACCEPTED,ACCEPTED,102.307530969,102.307530969
102.469679107,1.8894643643035036,2.8027730296605986,0.011180373292614822,0.0,0.0,False,0.0,0.0,0.14299695328609488,MODEL_ONLY,DUPLICATE_OR_OLD,DUPLICATE_OR_OLD,102.307530969,102.307530969
102.519679107,1.9424045269498584,2.898569751941927,0.006180344761233412,0.0,0.0,False,0.0,0.6180344761233412,0.1537388261199166,FUSED,ACCEPTED,ACCEPTED,102.405496751,102.405496751
102.56967910700001,1.9913897020661857,2.996914607667351,0.01118034476123455,0.0,0.0,False,0.0,0.0,0.1537388261199166,MODEL_ONLY,DUPLICATE_OR_OLD,DUPLICATE_OR_OLD,102.405496751,102.405496751
102.61967910700001,2.012499411787771,3.097011835513694,0.006180340598567217,0.0,0.0,False,0.0,0.6180340598567216,0.06708014888658743,FUSED,ACCEPTED,ACCEPTED,102.553450948,102.553450948
102.66967910700001,2.0573694853941076,3.1987585579432354,0.011180340598566933,0.0,0.0,False,0.0,0.0,0.06708014888658743,MODEL_ONLY,DUPLICATE_OR_OLD,DUPLICATE_OR_OLD,102.553450948,102.553450948
102.719679107,2.1149774922112643,3.3030672323833636,0.006180339991242326,0.0,0.0,False,0.0,0.6180339991242325,0.14906372253163058,FUSED,ACCEPTED,ACCEPTED,102.605445747,102.605445747
102.769679107,2.1641156127209578,3.410044560006663,0.011180339991242043,0.0,0.0,False,0.0,0.0,0.14906372253163058,MODEL_ONLY,DUPLICATE_OR_OLD,DUPLICATE_OR_OLD,102.605445747,102.605445747
102.81967910700001,2.2133233490417683,3.5194805340507562,0.01618033999124318,0.0,0.0,False,0.0,0.0,0.14906372253163058,MODEL_ONLY,DUPLICATE_OR_OLD,DUPLICATE_OR_OLD,102.605445747,102.605445747
102.86967910700001,2.167858042692024,3.6290100688440945,0.021180339991242896,0.0,0.0,False,0.0,0.0,0.14906372253163058,MODEL_ONLY,MISSING_OR_STALE,MISSING_OR_STALE,102.605445747,102.605445747
102.91967910700001,2.2171810410295985,3.738636045937129,0.026180339991242613,0.0,0.0,False,0.0,0.0,0.14906372253163058,MODEL_ONLY,MISSING_OR_STALE,MISSING_OR_STALE,102.605445747,102.605445747
102.969679107,2.2665515560557807,3.850729360864257,0.03118033999124233,0.0,0.0,False,0.0,0.0,0.14906372253163058,MODEL_ONLY,MISSING_OR_STALE,MISSING_OR_STALE,102.605445747,102.605445747
103.019679107,2.315963907926851,3.9652922474638164,0.0677492684500178,0.007771769350668955,0.15543538701338794,True,0.03156892845877576,0.0,0.14906372253163058,MODEL_ONLY,MISSING_OR_STALE,MISSING_OR_STALE,102.605445747,102.605445747
103.06967910700001,2.3654130957315567,4.082326672555303,0.07391503385261966,0.01554353870134012,0.15543538701338794,True,0.0011657654026007189,0.0,0.14906372253163058,MODEL_ONLY,MISSING_OR_STALE,MISSING_OR_STALE,102.605445747,102.605445747
103.11967910700001,2.4148947163358048,4.201834367856981,0.08085797619028673,0.023315308052009077,0.15543538701338794,True,0.0019429423376673494,0.0,0.14906372253163058,MODEL_ONLY,MISSING_OR_STALE,MISSING_OR_STALE,102.605445747,102.605445747
103.16967910700001,2.464404892928265,4.323816858088576,0.08857809546302065,0.031087077402678034,0.15543538701338794,True,0.0027201192727342007,0.0,0.14906372253163058,MODEL_ONLY,MISSING_OR_STALE,MISSING_OR_STALE,102.605445747,102.605445747
103.219679107,2.5139402121070424,4.4482754857144515,0.09707539167082141,0.03885884675334699,0.15543538701338794,True,0.0034972962078010524,0.0,0.14906372253163058,MODEL_ONLY,MISSING_OR_STALE,MISSING_OR_STALE,102.605445747,102.605445747
103.269679107,2.5634976684866686,4.575211432729287,0.10634986481368902,0.04663061610401595,0.15543538701338794,True,0.004274473142867904,0.0,0.14906372253163058,MODEL_ONLY,MISSING_OR_STALE,MISSING_OR_STALE,102.605445747,102.605445747
103.31967910700001,2.613074615926422,4.704625739839644,0.11640151489162646,0.05440238545468711,0.15543538701338794,True,0.005051650077936302,0.0,0.14906372253163058,MODEL_ONLY,MISSING_OR_STALE,MISSING_OR_STALE,102.605445747,102.605445747
103.36967910700001,2.6626687245884337,4.8365193233525074,0.127230341904628,0.06217415480535607,0.15543538701338794,True,0.005828827013001828,0.0,0.14906372253163058,MODEL_ONLY,MISSING_OR_STALE,MISSING_OR_STALE,102.605445747,102.605445747
103.41967910700001,2.7122779431289303,4.970892990045434,0.1388363458526964,0.06994592415602502,0.15543538701338794,True,0.006606003948068679,0.0,0.14906372253163058,MODEL_ONLY,MISSING_OR_STALE,MISSING_OR_STALE,102.605445747,102.605445747
103.469679107,2.7619004654087638,5.107747450258869,0.15121952673583167,0.07771769350669397,0.15543538701338794,True,0.00738318088313553,0.0,0.14906372253163058,MODEL_ONLY,MISSING_OR_STALE,MISSING_OR_STALE,102.605445747,102.605445747
103.519679107,2.811534701183216,5.247083329423661,0.16437988455403377,0.08548946285736292,0.15543538701338794,True,0.008160357818202381,0.0,0.14906372253163058,MODEL_ONLY,MISSING_OR_STALE,MISSING_OR_STALE,102.605445747,102.605445747
103.56967910700001,2.861179250295362,5.3889011782106575,0.1783174193073068,0.09326123220803409,0.15543538701338794,True,0.008937534753271881,0.0,0.14906372253163058,MODEL_ONLY,MISSING_OR_STALE,MISSING_OR_STALE,102.605445747,102.605445747
103.61967910700001,2.9111564812098885,5.533209571498281,0.19303213099564281,0.10103300155870304,0.15543538701338794,True,0.009714711688336304,0.0,0.14906372253163058,MODEL_ONLY,MISSING_OR_STALE,MISSING_OR_STALE,102.605445747,102.605445747
103.66967910700001,2.96142662725174,5.680024149209813,0.2085240196190457,0.10880477090937199,0.15543538701338794,True,0.010491888623403155,0.0,0.14906372253163058,MODEL_ONLY,MISSING_OR_STALE,MISSING_OR_STALE,102.605445747,102.605445747
103.719679107,3.0119546752022583,5.829358681771154,0.22479308517751545,0.11657654026004094,0.15543538701338794,True,0.011269065558470006,0.0,0.14906372253163058,MODEL_ONLY,MISSING_OR_STALE,MISSING_OR_STALE,102.605445747,102.605445747
103.769679107,3.062709797101128,5.9812252935787305,0.24183932767105204,0.12434830961070989,0.15543538701338794,True,0.012046242493536858,0.0,0.14906372253163058,MODEL_ONLY,MISSING_OR_STALE,MISSING_OR_STALE,102.605445747,102.605445747
103.81967910700001,3.1136648499671256,6.135634659755472,0.25966274709966064,0.13212007896138106,0.15543538701338794,True,0.012823419428607463,0.0,0.14906372253163058,MODEL_ONLY,MISSING_OR_STALE,MISSING_OR_STALE,102.605445747,102.605445747
103.86967910700001,3.1647959353190056,6.292596179387616,0.27826334346333115,0.13989184831205,0.15543538701338794,True,0.01360059636367078,0.0,0.14906372253163058,MODEL_ONLY,MISSING_OR_STALE,MISSING_OR_STALE,102.605445747,102.605445747
103.91967910700001,3.2160820113486106,6.452118128054297,0.2976411167620685,0.14766361766271896,0.15543538701338794,True,0.014377773298737632,0.0,0.14906372253163058,MODEL_ONLY,MISSING_OR_STALE,MISSING_OR_STALE,102.605445747,102.605445747
103.969679107,3.2675045514522147,6.614207792124309,0.3177960669958727,0.1554353870133879,0.15543538701338794,True,0.015154950233804483,0.0,0.14906372253163058,MODEL_ONLY,MISSING_OR_STALE,MISSING_OR_STALE,102.605445747,102.605445747
104.019679107,3.3190472435789324,6.778871587000078,0.33872819416474376,0.16320715636405686,0.15543538701338794,True,0.015932127168871334,0.0,0.14906372253163058,MODEL_ONLY,MISSING_OR_STALE,MISSING_OR_STALE,102.605445747,102.605445747
104.06967910700001,3.370695725517116,6.946115161227517,0.36043749826868793,0.17097892571472803,0.15543538701338794,True,0.016709304103943043,0.0,0.14906372253163058,MODEL_ONLY,MISSING_OR_STALE,MISSING_OR_STALE,102.605445747,102.605445747
104.11967910700001,3.4224373518228703,7.115943488161007,0.3829239793076929,0.17875069506539698,0.15543538701338794,True,0.01748648103900526,0.0,0.14906372253163058,MODEL_ONLY,MISSING_OR_STALE,MISSING_OR_STALE,102.605445747,102.605445747
104.16967910700001,3.4742609886085916,7.2883609466717845,0.4061876372817647,0.18652246441606593,0.15543538701338794,True,0.01826365797407211,0.0,0.14906372253163058,MODEL_ONLY,MISSING_OR_STALE,MISSING_OR_STALE,102.605445747,102.605445747
104.219679107,3.5261568328610537,7.463371392208516,0.4302284721909034,0.19429423376673488,0.15543538701338794,True,0.01904083490913896,0.0,0.14906372253163058,MODEL_ONLY,MISSING_OR_STALE,MISSING_OR_STALE,102.605445747,102.605445747
104.269679107,3.5781162533571274,7.64097821936396,0.4550464840351089,0.20206600311740383,0.15543538701338794,True,0.01981801184420581,0.0,0.14906372253163058,MODEL_ONLY,MISSING_OR_STALE,MISSING_OR_STALE,102.605445747,102.605445747
104.31967910700001,3.630131650595431,7.821184416962815,0.48064167281438863,0.209837772468075,0.15543538701338794,True,0.020595188779278625,0.0,0.14906372253163058,MODEL_ONLY,MISSING_OR_STALE,MISSING_OR_STALE,102.605445747,102.605445747
104.36967910700001,3.6821963334707917,8.00399261656446,0.5070140385287281,0.21760954181874395,0.15543538701338794,True,0.021372365714339734,0.0,0.14906372253163058,MODEL_ONLY,MISSING_OR_STALE,MISSING_OR_STALE,102.605445747,102.605445747
104.41967910700001,3.7343044106904006,8.189405135168478,0.5341635811781343,0.2253813111694129,0.15543538701338794,True,0.022149542649406585,0.0,0.14906372253163058,MODEL_ONLY,MISSING_OR_STALE,MISSING_OR_STALE,102.605445747,102.605445747
104.469679107,3.7864506951692563,8.37742401281496,0.5620903007626075,0.23315308052008185,0.15543538701338794,True,0.022926719584473437,0.0,0.14906372253163058,MODEL_ONLY,MISSING_OR_STALE,MISSING_OR_STALE,102.605445747,102.605445747
104.519679107,3.8386306198536366,8.56805104569052,0.5907941972821474,0.2409248498707508,0.15543538701338794,True,0.023703896519540288,0.0,0.14906372253163058,MODEL_ONLY,MISSING_OR_STALE,MISSING_OR_STALE,102.605445747,102.605445747
104.56967910700001,3.8908401636065038,8.761287815277068,0.6202752707367628,0.24869661922142197,0.15543538701338794,True,0.024481073454614203,0.0,0.14906372253163058,MODEL_ONLY,MISSING_OR_STALE,MISSING_OR_STALE,102.605445747,102.605445747
104.61967910700001,3.9430757859520242,8.95713571401602,0.6505335211264367,0.2564683885720909,0.15543538701338794,True,0.025258250389674212,0.0,0.14906372253163058,MODEL_ONLY,MISSING_OR_STALE,MISSING_OR_STALE,102.605445747,102.605445747
104.66967910700001,3.9953343696204575,9.155595967905322,0.6815689484511774,0.2642401579227599,0.15543538701338794,True,0.02603542732474106,0.0,0.14906372253163058,MODEL_ONLY,MISSING_OR_STALE,MISSING_OR_STALE,102.605445747,102.605445747
104.719679107,4.047613169960726,9.35666965639484,0.713381552710985,0.2720119272734289,0.15543538701338794,True,0.026812604259807915,0.0,0.14906372253163058,MODEL_ONLY,MISSING_OR_STALE,MISSING_OR_STALE,102.605445747,102.605445747
104.769679107,4.099909770399953,9.560357729903846,0.7459713339058595,0.27978369662409786,0.15543538701338794,True,0.02758978119487477,0.0,0.14906372253163058,MODEL_ONLY,MISSING_OR_STALE,MISSING_OR_STALE,102.605445747,102.605445747
104.81967910700001,4.152222043227091,9.766661025244568,0.7793382920358104,0.287555465974769,0.15543538701338794,True,0.02836695812994979,0.0,0.14906372253163058,MODEL_ONLY,MISSING_OR_STALE,MISSING_OR_STALE,102.605445747,102.605445747
104.86967910700001,4.204548115064148,9.975580279201838,0.8134824271008188,0.295327235325438,0.15543538701338794,True,0.02914413506500869,0.0,0.14906372253163058,MODEL_ONLY,MISSING_OR_STALE,MISSING_OR_STALE,102.605445747,102.605445747
104.91967910700001,4.256886336464911,10.187116140490051,0.848403739100894,0.30309900467610695,0.15543538701338794,True,0.029921312000075546,0.0,0.14906372253163058,MODEL_ONLY,MISSING_OR_STALE,MISSING_OR_STALE,102.605445747,102.605445747
104.969679107,4.309235255147502,10.40126918028035,0.884102228036036,0.31087077402677593,0.15543538701338794,True,0.0306984889351424,0.0,0.14906372253163058,MODEL_ONLY,MISSING_OR_STALE,MISSING_OR_STALE,102.605445747,102.605445747
105.019679107,4.3615935924266225,10.618039901469691,0.9205778939062449,0.3186425433774449,0.15543538701338794,True,0.03147566587020925,0.0,0.14906372253163058,MODEL_ONLY,MISSING_OR_STALE,MISSING_OR_STALE,102.605445747,102.605445747
105.06967910700001,4.413960222462925,10.83742874684198,0.9578307367115314,0.32641431272811605,0.15543538701338794,True,0.032252842805285384,0.0,0.14906372253163058,MODEL_ONLY,MISSING_OR_STALE,MISSING_OR_STALE,102.605445747,102.605445747
105.11967910700001,4.466334153992724,11.059436106253358,0.9958607564518742,0.33418608207878503,0.15543538701338794,True,0.033030019740343176,0.0,0.14906372253163058,MODEL_ONLY,MISSING_OR_STALE,MISSING_OR_STALE,102.605445747,102.605445747
105.16967910700001,4.518714514241756,11.284062322959207,1.034667953127284,0.341957851429454,0.15543538701338794,True,0.033807196675410024,0.0,0.14906372253163058,MODEL_ONLY,MISSING_OR_STALE,MISSING_OR_STALE,102.605445747,102.605445747
105.219679107,4.571100534761651,11.511307699184279,1.0742523267377606,0.349729620780123,0.15543538701338794,True,0.03458437361047688,0.0,0.14906372253163058,MODEL_ONLY,MISSING_OR_STALE,MISSING_OR_STALE,102.605445747,102.605445747
105.269679107,4.623491538959489,11.741172501027295,1.114613877283304,0.35750139013079196,0.15543538701338794,True,0.035361550545543734,0.0,0.14906372253163058,MODEL_ONLY,MISSING_OR_STALE,MISSING_OR_STALE,102.605445747,102.605445747
105.31967910700001,4.675886931117995,11.973656962779286,1.1557526047639262,0.3652731594814631,0.15543538701338794,True,0.03613872748062097,0.0,0.14906372253163058,MODEL_ONLY,MISSING_OR_STALE,MISSING_OR_STALE,102.605445747,102.605445747
105.36967910700001,4.7282861867281225,12.208761290725425,1.1976685091796035,0.3730449288321321,0.15543538701338794,True,0.03691590441567766,0.0,0.14906372253163058,MODEL_ONLY,MISSING_OR_STALE,MISSING_OR_STALE,102.605445747,102.605445747
105.41967910700001,4.7806888439773525,12.446485666493048,1.2403615905303478,0.38081669818280106,0.15543538701338794,True,0.03769308135074451,0.0,0.14906372253163058,MODEL_ONLY,MISSING_OR_STALE,MISSING_OR_STALE,102.605445747,102.605445747
105.469679107,4.833094496255296,12.68683024999885,1.2838318488161589,0.38858846753347004,0.15543538701338794,True,0.03847025828581137,0.0,0.14906372253163058,MODEL_ONLY,MISSING_OR_STALE,MISSING_OR_STALE,102.605445747,102.605445747
105.519679107,4.885502785555196,12.9297951820441,1.3280792840370368,0.396360236884139,0.15543538701338794,True,0.039247435220878216,0.0,0.14906372253163058,MODEL_ONLY,MISSING_OR_STALE,MISSING_OR_STALE,102.605445747,102.605445747
105.56967910700001,4.937913396664167,13.175380586599639,1.3731038961929947,0.40413200623481016,0.15543538701338794,True,0.04002461215595656,0.0,0.14906372253163058,MODEL_ONLY,MISSING_OR_STALE,MISSING_OR_STALE,102.605445747,102.605445747
105.61967910700001,4.990326052047835,13.423586572817424,1.4189056852840065,0.41190377558547914,0.15543538701338794,True,0.04080178909101214,0.0,0.14906372253163058,MODEL_ONLY,MISSING_OR_STALE,MISSING_OR_STALE,102.605445747,102.605445747
105.66967910700001,5.042740507346566,13.67441323680227,1.4654846513100852,0.4196755449361481,0.15543538701338794,True,0.041578966026078995,0.0,0.14906372253163058,MODEL_ONLY,MISSING_OR_STALE,MISSING_OR_STALE,102.605445747,102.605445747
105.719679107,5.095156547409916,13.927860663171167,1.5128407942712307,0.4274473142868171,0.15543538701338794,True,0.04235614296114585,0.0,0.14906372253163058,MODEL_ONLY,MISSING_OR_STALE,MISSING_OR_STALE,102.605445747,102.605445747
105.769679107,5.147573982805162,14.183928926426528,1.5609741141674431,0.43521908363748607,0.15543538701338794,True,0.043133319896212705,0.0,0.14906372253163058,MODEL_ONLY,MISSING_OR_STALE,MISSING_OR_STALE,102.605445747,102.605445747
105.81967910700001,5.199992646743184,14.442618092165295,1.6098846109987366,0.4429908529881572,0.15543538701338794,True,0.043910496831292146,0.0,0.14906372253163058,MODEL_ONLY,MISSING_OR_STALE,MISSING_OR_STALE,102.605445747,102.605445747
105.86967910700001,5.252412392371734,14.703928218143153,1.659572284765083,0.4507626223388262,0.15543538701338794,True,0.04468767376634663,0.0,0.14906372253163058,MODEL_ONLY,MISSING_OR_STALE,MISSING_OR_STALE,102.605445747,102.605445747
105.91967910700001,5.304833090392392,14.96785935521224,1.710037135466496,0.45853439168949517,0.15543538701338794,True,0.045464850701413484,0.0,0.14906372253163058,MODEL_ONLY,MISSING_OR_STALE,MISSING_OR_STALE,102.605445747,102.605445747
105.969679107,5.357254626962238,15.234411548146092,1.761279163102976,0.46630616104016415,0.15543538701338794,True,0.04624202763648033,0.0,0.14906372253163058,MODEL_ONLY,MISSING_OR_STALE,MISSING_OR_STALE,102.605445747,102.605445747
106.019679107,5.4096769018464155,15.503584836366294,1.813298367674523,0.4740779303908331,0.15543538701338794,True,0.047019204571547187,0.0,0.14906372253163058,MODEL_ONLY,MISSING_OR_STALE,MISSING_OR_STALE,102.605445747,102.605445747
106.06967910700001,5.462099826791521,15.775379254582305,1.866094749181152,0.48184969974150427,0.15543538701338794,True,0.04779638150662774,0.0,0.14906372253163058,MODEL_ONLY,MISSING_OR_STALE,MISSING_OR_STALE,102.605445747,102.605445747
106.11967910700001,5.5145233240933615,16.04979483335441,1.9196683076228327,0.48962146909217324,0.15543538701338794,True,0.04857355844168111,0.0,0.14906372253163058,MODEL_ONLY,MISSING_OR_STALE,MISSING_OR_STALE,102.605445747,102.605445747
106.16967910700001,5.566947325336052,16.326831599590133,1.9740190429995803,0.4973932384428422,0.15543538701338794,True,0.049350735376747966,0.0,0.14906372253163058,MODEL_ONLY,MISSING_OR_STALE,MISSING_OR_STALE,102.605445747,102.605445747
106.219679107,5.619371770281695,16.60648957698056,2.029146955311395,0.5051650077935111,0.15543538701338794,True,0.05012791231181482,0.0,0.14906372253163058,MODEL_ONLY,MISSING_OR_STALE,MISSING_OR_STALE,102.605445747,102.605445747
106.269679107,5.671796605892852,16.888768786384908,2.0850520445582768,0.5129367771441801,0.15543538701338794,True,0.05090508924688167,0.0,0.14906372253163058,MODEL_ONLY,MISSING_OR_STALE,MISSING_OR_STALE,102.605445747,102.605445747
106.31967910700001,5.7242217854718564,17.17366924616909,2.141734310740241,0.5207085464948512,0.15543538701338794,True,0.05168226618196332,0.0,0.14906372253163058,MODEL_ONLY,MISSING_OR_STALE,MISSING_OR_STALE,102.605445747,102.605445747
106.36967910700001,5.776647267902943,17.461190972503445,2.199193753857257,0.5284803158455201,0.15543538701338794,True,0.052459443117015586,0.0,0.14906372253163058,MODEL_ONLY,MISSING_OR_STALE,MISSING_OR_STALE,102.605445747,102.605445747
106.41967910700001,5.829073016985105,17.75133397962563,2.2574303739093393,0.536252085196189,0.15543538701338794,True,0.053236620052082434,0.0,0.14906372253163058,MODEL_ONLY,MISSING_OR_STALE,MISSING_OR_STALE,102.605445747,102.605445747
106.469679107,5.881499000844563,18.044098280071356,2.3164441708964887,0.544023854546858,0.15543538701338794,True,0.05401379698714928,0.0,0.14906372253163058,MODEL_ONLY,MISSING_OR_STALE,MISSING_OR_STALE,102.605445747,102.605445747
106.519679107,5.933925191417527,18.339483884877893,2.376235144818705,0.5517956238975269,0.15543538701338794,True,0.05479097392221613,0.0,0.14906372253163058,MODEL_ONLY,MISSING_OR_STALE,MISSING_OR_STALE,102.605445747,102.605445747
106.56967910700001,5.986327170781364,18.637490193932933,2.436803295676005,0.559567393248198,0.15543538701338794,True,0.05556815085729888,0.0,0.14906372253163058,MODEL_ONLY,MISSING_OR_STALE,MISSING_OR_STALE,102.605445747,102.605445747
106.61967910700001,6.038658254128351,18.93811482955566,2.4981486234683548,0.567339162598867,0.15543538701338794,True,0.05634532779235005,0.0,0.14906372253163058,MODEL_ONLY,MISSING_OR_STALE,MISSING_OR_STALE,102.605445747,102.605445747
106.66967910700001,6.09087826285423,19.241353242480205,2.5602711281957715,0.5751109319495359,0.15543538701338794,True,0.057122504727416895,0.0,0.14906372253163058,MODEL_ONLY,MISSING_OR_STALE,MISSING_OR_STALE,102.605445747,102.605445747
106.719679107,6.142952757685006,19.54719901799367,2.623170809858255,0.5828827013002048,0.15543538701338794,True,0.05789968166248374,0.0,0.14906372253163058,MODEL_ONLY,MISSING_OR_STALE,MISSING_OR_STALE,102.605445747,102.605445747
106.769679107,6.194852356831587,19.855644145856566,2.6868476684558056,0.5906544706508737,0.15543538701338794,True,0.05867685859755059,0.0,0.14906372253163058,MODEL_ONLY,MISSING_OR_STALE,MISSING_OR_STALE,102.605445747,102.605445747
106.81967910700001,6.2465521301593885,20.16667925803141,2.751301703988441,0.5984262400015449,0.15543538701338794,True,0.059454035532634446,0.0,0.14906372253163058,MODEL_ONLY,MISSING_OR_STALE,MISSING_OR_STALE,102.605445747,102.605445747
106.86967910700001,6.298031061270184,20.480293837817133,2.8165329164561257,0.6061980093522138,0.15543538701338794,True,0.06023121246768451,0.0,0.14906372253163058,MODEL_ONLY,MISSING_OR_STALE,MISSING_OR_STALE,102.605445747,102.605445747
106.91967910700001,6.349271570217312,20.796476403604302,2.882541305858877,0.6139697787028827,0.15543538701338794,True,0.061008389402751356,0.0,0.14906372253163058,MODEL_ONLY,MISSING_OR_STALE,MISSING_OR_STALE,102.605445747,102.605445747
106.969679107,6.400259090319351,21.1152146701177,2.9493268721966954,0.6217415480535516,0.15543538701338794,True,0.061785566337818204,0.0,0.14906372253163058,MODEL_ONLY,MISSING_OR_STALE,MISSING_OR_STALE,102.605445747,102.605445747
107.019679107,6.450981693210679,21.436495689705936,3.0168896154695806,0.6295133174042206,0.15543538701338794,True,0.06256274327288505,0.0,0.14906372253163058,MODEL_ONLY,MISSING_OR_STALE,MISSING_OR_STALE,102.605445747,102.605445747
107.06967910700001,6.501711378226594,21.760313016491942,3.0852295356775516,0.6372850867548917,0.15543538701338794,True,0.06333992020797001,0.0,0.14906372253163058,MODEL_ONLY,MISSING_OR_STALE,MISSING_OR_STALE,102.605445747,102.605445747
107.11967910700001,6.55240445150742,22.086665912235272,3.1543466328205705,0.6450568561055606,0.15543538701338794,True,0.06411709714301897,0.0,0.14906372253163058,MODEL_ONLY,MISSING_OR_STALE,MISSING_OR_STALE,102.605445747,102.605445747
107.16967910700001,6.603023135746032,22.41555160191659,3.224240906898656,0.6528286254562295,0.15543538701338794,True,0.06489427407808582,0.0,0.14906372253163058,MODEL_ONLY,MISSING_OR_STALE,MISSING_OR_STALE,102.605445747,102.605445747
107.219679107,6.653534876977475,22.74696555223466,3.2949123579118087,0.6606003948068985,0.15543538701338794,True,0.06567145101315267,0.0,0.14906372253163058,MODEL_ONLY,MISSING_OR_STALE,MISSING_OR_STALE,102.605445747,102.605445747
107.269679107,6.70391172872224,23.080901717377134,3.366360985860028,0.6683721641575674,0.15543538701338794,True,0.06644862794821951,0.0,0.14906372253163058,MODEL_ONLY,MISSING_OR_STALE,MISSING_OR_STALE,102.605445747,102.605445747
107.31967910700001,6.754129805127178,23.417352755723446,3.4385867907433347,0.6761439335082385,0.15543538701338794,True,0.06722580488330558,0.0,0.14906372253163058,MODEL_ONLY,MISSING_OR_STALE,MISSING_OR_STALE,102.605445747,102.605445747
107.36967910700001,6.804168795623043,23.756310220742183,3.5115897725616882,0.6839157028589075,0.15543538701338794,True,0.06800298181835343,0.0,0.14906372253163058,MODEL_ONLY,MISSING_OR_STALE,MISSING_OR_STALE,102.605445747,102.605445747
107.41967910700001,6.854011534404085,24.097764728992843,3.5853699313151086,0.6916874722095764,0.15543538701338794,True,0.06878015875342028,0.0,0.14906372253163058,MODEL_ONLY,MISSING_OR_STALE,MISSING_OR_STALE,102.605445747,102.605445747
107.469679107,6.903643618740939,24.44170610782145,3.659927267003596,0.6994592415602453,0.15543538701338794,True,0.06955733568848713,0.0,0.14906372253163058,MODEL_ONLY,MISSING_OR_STALE,MISSING_OR_STALE,102.605445747,102.605445747
107.519679107,6.9530530707727385,24.788123525059273,3.73526177962715,0.7072310109109142,0.15543538701338794,True,0.07033451262355397,0.0,0.14906372253163058,MODEL_ONLY,MISSING_OR_STALE,MISSING_OR_STALE,102.605445747,102.605445747
107.56967910700001,7.002230037993444,25.13700560277851,3.811373469185792,0.7150027802615854,0.15543538701338794,True,0.07111168955864115,0.0,0.14906372253163058,MODEL_ONLY,MISSING_OR_STALE,MISSING_OR_STALE,102.605445747,102.605445747
107.61967910700001,7.0509070773578175,25.48833403066227,3.88826233567948,0.7227745496122543,0.15543538701338794,True,0.07188886649368789,0.0,0.14906372253163058,MODEL_ONLY,MISSING_OR_STALE,MISSING_OR_STALE,102.605445747,102.605445747
107.66967910700001,7.099110811525709,25.842084477884338,3.9659283791082345,0.7305463189629232,0.15543538701338794,True,0.07266604342875474,0.0,0.14906372253163058,MODEL_ONLY,MISSING_OR_STALE,MISSING_OR_STALE,102.605445747,102.605445747
107.719679107,7.146865450842546,26.198233884443525,4.044371599472056,0.7383180883135921,0.15543538701338794,True,0.07344322036382159,0.0,0.14906372253163058,MODEL_ONLY,MISSING_OR_STALE,MISSING_OR_STALE,102.605445747,102.605445747
107.769679107,7.194193043751382,26.556760346808353,4.123591996770944,0.7460898576642611,0.15543538701338794,True,0.07422039729888844,0.0,0.14906372253163058,MODEL_ONLY,MISSING_OR_STALE,MISSING_OR_STALE,102.605445747,102.605445747
107.81967910700001,7.241113700393459,26.917643015412057,4.203589571004922,0.7538616270149322,0.15543538701338794,True,0.07499757423397671,0.0,0.14906372253163058,MODEL_ONLY,MISSING_OR_STALE,MISSING_OR_STALE,102.605445747,102.605445747
107.86967910700001,7.2876457922657,27.280862002728515,4.284364322173944,0.7616333963656011,0.15543538701338794,True,0.07577475116902235,0.0,0.14906372253163058,MODEL_ONLY,MISSING_OR_STALE,MISSING_OR_STALE,102.605445747,102.605445747
107.91967910700001,7.3338061305022,27.646398300797692,4.365916250278032,0.76940516571627,0.15543538701338794,True,0.0765519281040892,0.0,0.14906372253163058,MODEL_ONLY,MISSING_OR_STALE,MISSING_OR_STALE,102.605445747,102.605445747
107.969679107,7.379610125075315,28.01423370718711,4.448245355317188,0.777176935066939,0.15543538701338794,True,0.07732910503915605,0.0,0.14906372253163058,MODEL_ONLY,MISSING_OR_STALE,MISSING_OR_STALE,102.605445747,102.605445747
108.019679107,7.425071926969081,28.3843507584882,4.531351637291411,0.7849487044176079,0.15543538701338794,True,0.0781062819742229,0.0,0.14906372253163058,MODEL_ONLY,MISSING_OR_STALE,MISSING_OR_STALE,102.605445747,102.605445747
108.06967910700001,7.470204555159178,28.756732670541492,4.615235096200724,0.792720473768279,0.15543538701338794,True,0.07888345890931228,0.0,0.14906372253163058,MODEL_ONLY,MISSING_OR_STALE,MISSING_OR_STALE,102.605445747,102.605445747
108.11967910700001,7.514764061091494,29.13135688594774,4.699895732045081,0.800492243118948,0.15543538701338794,True,0.07966063584435683,0.0,0.14906372253163058,MODEL_ONLY,MISSING_OR_STALE,MISSING_OR_STALE,102.605445747,102.605445747
108.16967910700001,7.55879379241875,29.508195832285473,4.785333544824505,0.8082640124696169,0.15543538701338794,True,0.08043781277942368,0.0,0.14906372253163058,MODEL_ONLY,MISSING_OR_STALE,MISSING_OR_STALE,102.605445747,102.605445747
108.219679107,7.602332505784966,29.887223989740544,4.871548534538996,0.8160357818202858,0.15543538701338794,True,0.08121498971449052,0.0,0.14906372253163058,MODEL_ONLY,MISSING_OR_STALE,MISSING_OR_STALE,102.605445747,102.605445747
108.269679107,7.645414878954003,30.268417674358997,4.958540701188554,0.8238075511709547,0.15543538701338794,True,0.08199216664955737,0.0,0.14906372253163058,MODEL_ONLY,MISSING_OR_STALE,MISSING_OR_STALE,102.605445747,102.605445747
108.31967910700001,7.688071965479281,30.651754845469917,5.046310044773202,0.8315793205216259,0.15543538701338794,True,0.08276934358464785,0.0,0.14906372253163058,MODEL_ONLY,MISSING_OR_STALE,MISSING_OR_STALE,102.605445747,102.605445747
108.36967910700001,7.7303315983243035,31.037214934564986,5.1348565652928935,0.8393510898722948,0.15543538701338794,True,0.08354652051969129,0.0,0.14906372253163058,MODEL_ONLY,MISSING_OR_STALE,MISSING_OR_STALE,102.605445747,102.605445747
108.41967910700001,7.77221874813778,31.424778693226514,5.224180262747652,0.8471228592229637,0.15543538701338794,True,0.08432369745475814,0.0,0.14906372253163058,MODEL_ONLY,MISSING_OR_STALE,MISSING_OR_STALE,102.605445747,102.605445747
108.469679107,7.813755841256842,31.814428057961358,5.314281137137477,0.8548946285736326,0.15543538701338794,True,0.08510087438982498,0.0,0.14906372253163058,MODEL_ONLY,MISSING_OR_STALE,MISSING_OR_STALE,102.605445747,102.605445747
108.519679107,7.8547039359653565,32.20613955239189,5.405159188462369,0.8626663979243016,0.15543538701338794,True,0.08587805132489183,0.0,0.14906372253163058,MODEL_ONLY,MISSING_OR_STALE,MISSING_OR_STALE,102.605445747,102.605445747
108.56967910700001,7.895113640728768,32.59988499180933,5.496814416722353,0.8704381672749727,0.15543538701338794,True,0.08665522825998341,0.0,0.14906372253163058,MODEL_ONLY,MISSING_OR_STALE,MISSING_OR_STALE,102.605445747,102.605445747
108.61967910700001,7.935029976205038,32.99563858223266,5.589246821917379,0.8782099366256416,0.15543538701338794,True,0.08743240519502575,0.0,0.14906372253163058,MODEL_ONLY,MISSING_OR_STALE,MISSING_OR_STALE,102.605445747,102.605445747
108.66967910700001,7.974493010971705,33.393376656912054,5.682456404047471,0.8859817059763105,0.15543538701338794,True,0.0882095821300926,0.0,0.14906372253163058,MODEL_ONLY,MISSING_OR_STALE,MISSING_OR_STALE,102.605445747,102.605445747
108.719679107,8.013538424813014,33.79307744280665,5.7764431631126305,0.8937534753269795,0.15543538701338794,True,0.08898675906515945,0.0,0.14906372253163058,MODEL_ONLY,MISSING_OR_STALE,MISSING_OR_STALE,102.605445747,102.605445747
108.769679107,8.052198007781268,34.19472085362148,5.871207099112857,0.9015252446776484,0.15543538701338794,True,0.0897639360002263,0.0,0.14906372253163058,MODEL_ONLY,MISSING_OR_STALE,MISSING_OR_STALE,102.605445747,102.605445747
108.81967910700001,8.09050010232345,34.598288306374194,5.966748212048176,0.9092970140283195,0.15543538701338794,True,0.09054111293531898,0.0,0.14906372253163058,MODEL_ONLY,MISSING_OR_STALE,MISSING_OR_STALE,102.605445747,102.605445747
108.86967910700001,8.128202942972125,35.00375588250656,6.063066501918536,0.9170687833789885,0.15543538701338794,True,0.09131828987036021,0.0,0.14906372253163058,MODEL_ONLY,MISSING_OR_STALE,MISSING_OR_STALE,102.605445747,102.605445747
108.91967910700001,8.165362387586528,35.411095015770506,6.160161968723963,0.9248405527296574,0.15543538701338794,True,0.09209546680542706,0.0,0.14906372253163058,MODEL_ONLY,MISSING_OR_STALE,MISSING_OR_STALE,102.605445747,102.605445747
108.969679107,8.202027986991835,35.82027977513494,6.258034612464456,0.9326123220803263,0.15543538701338794,True,0.09287264374049391,0.0,0.14906372253163058,MODEL_ONLY,MISSING_OR_STALE,MISSING_OR_STALE,102.605445747,102.605445747
109.019679107,8.238243710529554,36.23128656757295,6.356684433140017,0.9403840914309952,0.15543538701338794,True,0.09364982067556075,0.0,0.14906372253163058,MODEL_ONLY,MISSING_OR_STALE,MISSING_OR_STALE,102.605445747,102.605445747
109.06967910700001,8.274048588140548,36.6440938750398,6.456111430750672,0.9481558607816664,0.15543538701338794,True,0.09442699761065455,0.0,0.14906372253163058,MODEL_ONLY,MISSING_OR_STALE,MISSING_OR_STALE,102.605445747,102.605445747
109.11967910700001,8.309195738165721,37.058674983197434,6.556315605296367,0.9559276301323353,0.15543538701338794,True,0.09520417454569467,0.0,0.14906372253163058,MODEL_ONLY,MISSING_OR_STALE,MISSING_OR_STALE,102.605445747,102.605445747
109.16967910700001,8.343750907481965,37.4749986493386,6.657296956777129,0.9636993994830042,0.15543538701338794,True,0.09598135148076152,0.0,0.14906372253163058,MODEL_ONLY,MISSING_OR_STALE,MISSING_OR_STALE,102.605445747,102.605445747
109.219679107,8.377772306565436,37.89303672968976,6.759055485192958,0.9714711688336731,0.15543538701338794,True,0.09675852841582837,0.0,0.14906372253163058,MODEL_ONLY,MISSING_OR_STALE,MISSING_OR_STALE,102.605445747,102.605445747
109.269679107,8.411311482807967,38.312763824424074,6.861591190543853,0.979242938184342,0.15543538701338794,True,0.09753570535089522,0.0,0.14906372253163058,MODEL_ONLY,MISSING_OR_STALE,MISSING_OR_STALE,102.605445747,102.605445747
109.31967910700001,8.444414092719429,38.73415696381235,6.964904072829844,0.9870147075350132,0.15543538701338794,True,0.09831288228599011,0.0,0.14906372253163058,MODEL_ONLY,MISSING_OR_STALE,MISSING_OR_STALE,102.605445747,102.605445747
109.36967910700001,8.477120584683416,39.1571953307474,7.068994132050873,0.9947864768856821,0.15543538701338794,True,0.09909005922102913,0.0,0.14906372253163058,MODEL_ONLY,MISSING_OR_STALE,MISSING_OR_STALE,102.605445747,102.605445747
109.41967910700001,8.509466802595112,39.581860015429335,7.173861368206969,1.0025582462363511,0.15543538701338794,True,0.09986723615609598,0.0,0.14906372253163058,MODEL_ONLY,MISSING_OR_STALE,MISSING_OR_STALE,102.605445747,102.605445747
109.469679107,8.541185170272005,40.00812631475099,7.279505781298132,1.01033001558702,0.15543538701338794,True,0.10064441309116284,0.0,0.14906372253163058,MODEL_ONLY,MISSING_OR_STALE,MISSING_OR_STALE,102.605445747,102.605445747
109.519679107,8.572340859031383,40.43596446548355,7.385927371324362,1.018101784937689,0.15543538701338794,True,0.10142159002622969,0.0,0.14906372253163058,MODEL_ONLY,MISSING_OR_STALE,MISSING_OR_STALE,102.605445747,102.605445747
109.56967910700001,8.602991496421582,40.86534777436997,7.493126138285689,1.0258735542883601,0.15543538701338794,True,0.1021987669613257,0.0,0.14906372253163058,MODEL_ONLY,MISSING_OR_STALE,MISSING_OR_STALE,102.605445747,102.605445747
109.61967910700001,8.633188045765237,41.29625226292462,7.601102082182052,1.033645323639029,0.15543538701338794,True,0.10297594389636361,0.0,0.14906372253163058,MODEL_ONLY,MISSING_OR_STALE,MISSING_OR_STALE,102.605445747,102.605445747
109.66967910700001,8.662975583242373,41.72865635364978,7.709855203013483,1.041417092989698,0.15543538701338794,True,0.10375312083143046,0.0,0.14906372253163058,MODEL_ONLY,MISSING_OR_STALE,MISSING_OR_STALE,102.605445747,102.605445747
109.719679107,8.692065711451612,42.162532386017105,7.81938550077998,1.049188862340367,0.15543538701338794,True,0.1045302977664973,0.0,0.14906372253163058,MODEL_ONLY,MISSING_OR_STALE,MISSING_OR_STALE,102.605445747,102.605445747
109.769679107,8.720534148508706,42.597847382516086,7.929692975481544,1.0569606316910358,0.15543538701338794,True,0.10530747470156415,0.0,0.14906372253163058,MODEL_ONLY,MISSING_OR_STALE,MISSING_OR_STALE,102.605445747,102.605445747
109.81967910700001,8.748447774451133,43.03457193059018,8.040777627118207,1.064732401041707,0.15543538701338794,True,0.10608465163666127,0.0,0.14906372253163058,MODEL_ONLY,MISSING_OR_STALE,MISSING_OR_STALE,102.605445747,102.605445747
109.86967910700001,8.77586566672968,43.47267976661968,8.152639455689904,1.0725041703923759,0.15543538701338794,True,0.10686182857169807,0.0,0.14906372253163058,MODEL_ONLY,MISSING_OR_STALE,MISSING_OR_STALE,102.605445747,102.605445747
109.91967910700001,8.802465929304335,43.912138056520504,8.265278461196669,1.0802759397430448,0.15543538701338794,True,0.10763900550676492,0.0,0.14906372253163058,MODEL_ONLY,MISSING_OR_STALE,MISSING_OR_STALE,102.605445747,102.605445747
109.969679107,8.828340612036534,44.352908220054005,8.3786946436385,1.0880477090937137,0.15543538701338794,True,0.10841618244183177,0.0,0.14906372253163058,MODEL_ONLY,MISSING_OR_STALE,MISSING_OR_STALE,102.605445747,102.605445747
110.019679107,8.853570949651202,44.794956009096175,8.492888003015398,1.0958194784443827,0.15543538701338794,True,0.10919335937689861,0.0,0.14906372253163058,MODEL_ONLY,MISSING_OR_STALE,MISSING_OR_STALE,102.605445747,102.605445747
110.06967910700001,8.878228634402513,45.238250998697616,8.607858539327395,1.1035912477950538,0.15543538701338794,True,0.10997053631199682,0.0,0.14906372253163058,MODEL_ONLY,MISSING_OR_STALE,MISSING_OR_STALE,102.605445747,102.605445747
110.11967910700001,8.902376939114744,45.682766138035525,8.723606252574427,1.1113630171457227,0.15543538701338794,True,0.11074771324703253,0.0,0.14906372253163058,MODEL_ONLY,MISSING_OR_STALE,MISSING_OR_STALE,102.605445747,102.605445747
110.16967910700001,8.925617898544731,46.128466008976986,8.840131142756526,1.1191347864963916,0.15543538701338794,True,0.11152489018209938,0.0,0.14906372253163058,MODEL_ONLY,MISSING_OR_STALE,MISSING_OR_STALE,102.605445747,102.605445747
110.219679107,8.948056324244254,46.57530786454669,8.957433209873692,1.1269065558470606,0.15543538701338794,True,0.11230206711716623,0.0,0.14906372253163058,MODEL_ONLY,MISSING_OR_STALE,MISSING_OR_STALE,102.605445747,102.605445747
110.269679107,8.969784643155974,47.02325388873167,9.075512453925924,1.1346783251977295,0.15543538701338794,True,0.11307924405223307,0.0,0.14906372253163058,MODEL_ONLY,MISSING_OR_STALE,MISSING_OR_STALE,102.605445747,102.605445747
110.31967910700001,8.990884361647938,47.47227061385187,9.194368874913257,1.1424500945484006,0.15543538701338794,True,0.1138564209873324,0.0,0.14906372253163058,MODEL_ONLY,MISSING_OR_STALE,MISSING_OR_STALE,102.605445747,102.605445747
110.36967910700001,9.011427356593792,47.922328406807885,9.314002472835623,1.1502218638990696,0.15543538701338794,True,0.11463359792236699,0.0,0.14906372253163058,MODEL_ONLY,MISSING_OR_STALE,MISSING_OR_STALE,102.605445747,102.605445747
110.41967910700001,9.030814019346552,48.37338444120637,9.434413247693056,1.1579936332497385,0.15543538701338794,True,0.11541077485743384,0.0,0.14906372253163058,MODEL_ONLY,MISSING_OR_STALE,MISSING_OR_STALE,102.605445747,102.605445747
110.469679107,9.049181023640338,48.825384317281014,9.555601199485556,1.1657654026004074,0.15543538701338794,True,0.11618795179250069,0.0,0.14906372253163058,MODEL_ONLY,MISSING_OR_STALE,MISSING_OR_STALE,102.605445747,102.605445747
110.519679107,9.06664879357128,49.278280062711275,9.677566328213123,1.1735371719510763,0.15543538701338794,True,0.11696512872756754,0.0,0.14906372253163058,MODEL_ONLY,MISSING_OR_STALE,MISSING_OR_STALE,102.605445747,102.605445747
110.56967910700001,9.08332343543962,49.73202936843665,9.800308633875792,1.1813089413017475,0.15543538701338794,True,0.11774230566266797,0.0,0.14906372253163058,MODEL_ONLY,MISSING_OR_STALE,MISSING_OR_STALE,102.605445747,102.605445747
110.61967910700001,9.099298440002933,50.18659491532269,9.923828116473492,1.1890807106524164,0.15543538701338794,True,0.11851948259770145,0.0,0.14906372253163058,MODEL_ONLY,MISSING_OR_STALE,MISSING_OR_STALE,102.605445747,102.605445747
110.66967910700001,9.114656182409831,50.64194378088298,10.04812477600626,1.1968524800030853,0.15543538701338794,True,0.1192966595327683,0.0,0.14906372253163058,MODEL_ONLY,MISSING_OR_STALE,MISSING_OR_STALE,102.605445747,102.605445747
110.719679107,9.129469243847916,51.0980469165394,10.173198612474094,1.2046242493537542,0.15543538701338794,True,0.12007383646783515,0.0,0.14906372253163058,MODEL_ONLY,MISSING_OR_STALE,MISSING_OR_STALE,102.605445747,102.605445747
110.769679107,9.143090310938641,51.55486090540904,10.299049625876995,1.2123960187044232,0.15543538701338794,True,0.120851013402902,0.0,0.14906372253163058,MODEL_ONLY,MISSING_OR_STALE,MISSING_OR_STALE,102.605445747,102.605445747
110.81967910700001,9.155661867134828,52.012329709860985,10.425677816215,1.2201677880550943,0.15543538701338794,True,0.12162819033800353,0.0,0.14906372253163058,MODEL_ONLY,MISSING_OR_STALE,MISSING_OR_STALE,102.605445747,102.605445747
110.86967910700001,9.167309364319996,52.47040399064733,10.553083183488035,1.2279395574057632,0.15543538701338794,True,0.12240536727303591,0.0,0.14906372253163058,MODEL_ONLY,MISSING_OR_STALE,MISSING_OR_STALE,102.605445747,102.605445747
110.91967910700001,9.178143258654273,52.92904030622166,10.681265727696136,1.2357113267564321,0.15543538701338794,True,0.12318254420810276,0.0,0.14906372253163058,MODEL_ONLY,MISSING_OR_STALE,MISSING_OR_STALE,102.605445747,102.605445747
110.969679107,9.18826080306816,53.38820040776469,10.810225448839304,1.243483096107101,0.15543538701338794,True,0.12395972114316961,0.0,0.14906372253163058,MODEL_ONLY,MISSING_OR_STALE,MISSING_OR_STALE,102.605445747,102.605445747
111.019679107,9.197747625492955,53.847850618478695,10.93996234691754,1.25125486545777,0.15543538701338794,True,0.12473689807823646,0.0,0.14906372253163058,MODEL_ONLY,MISSING_OR_STALE,MISSING_OR_STALE,102.605445747,102.605445747
111.06967910700001,9.206679118439519,54.30796128707711,11.070476421930879,1.2590266348084411,0.15543538701338794,True,0.12551407501333908,0.0,0.14906372253163058,MODEL_ONLY,MISSING_OR_STALE,MISSING_OR_STALE,102.605445747,102.605445747
111.11967910700001,9.21512166247558,54.76850630659997,11.201767673879248,1.26679840415911,0.15543538701338794,True,0.12629125194837038,0.0,0.14906372253163058,MODEL_ONLY,MISSING_OR_STALE,MISSING_OR_STALE,102.605445747,102.605445747
111.16967910700001,9.223133703456336,55.229462690748235,11.333836102762683,1.274570173509779,0.15543538701338794,True,0.12706842888343722,0.0,0.14906372253163058,MODEL_ONLY,MISSING_OR_STALE,MISSING_OR_STALE,102.605445747,102.605445747
111.219679107,9.230766700989717,55.69081020085936,11.466681708581186,1.282341942860448,0.15543538701338794,True,0.12784560581850407,0.0,0.14906372253163058,MODEL_ONLY,MISSING_OR_STALE,MISSING_OR_STALE,102.605445747,102.605445747
111.269679107,9.238065963528127,56.15253101747228,11.600304491334755,1.2901137122111168,0.15543538701338794,True,0.12862278275357092,0.0,0.14906372253163058,MODEL_ONLY,MISSING_OR_STALE,MISSING_OR_STALE,102.605445747,102.605445747
111.31967910700001,9.245071383638605,56.61460945115155,11.73470445102343,1.297885481561788,0.15543538701338794,True,0.12939995968867465,0.0,0.14906372253163058,MODEL_ONLY,MISSING_OR_STALE,MISSING_OR_STALE,102.605445747,102.605445747
111.36967910700001,9.251818085383446,57.077031687877074,11.869881587647134,1.3056572509124569,0.15543538701338794,True,0.13017713662370484,0.0,0.14906372253163058,MODEL_ONLY,MISSING_OR_STALE,MISSING_OR_STALE,102.605445747,102.605445747
111.41967910700001,9.25833699431706,57.53978556486956,12.005835901205904,1.3134290202631258,0.15543538701338794,True,0.13095431355877168,0.0,0.14906372253163058,MODEL_ONLY,MISSING_OR_STALE,MISSING_OR_STALE,102.605445747,102.605445747
111.469679107,9.264655339349002,58.002860373211185,12.14256739169974,1.3212007896137947,0.15543538701338794,True,0.13173149049383853,0.0,0.14906372253163058,MODEL_ONLY,MISSING_OR_STALE,MISSING_OR_STALE,102.605445747,102.605445747
111.519679107,9.270797094617473,58.46624668406032,12.280076059128644,1.3289725589644636,0.15543538701338794,True,0.13250866742890538,0.0,0.14906372253163058,MODEL_ONLY,MISSING_OR_STALE,MISSING_OR_STALE,102.605445747,102.605445747
111.56967910700001,9.276783368544077,58.92993619563947,12.418361903492656,1.3367443283151348,0.15543538701338794,True,0.13328584436401023,0.0,0.14906372253163058,MODEL_ONLY,MISSING_OR_STALE,MISSING_OR_STALE,102.605445747,102.605445747
111.61967910700001,9.282632746383422,59.393921598512634,12.557424924791695,1.3445160976658037,0.15543538701338794,True,0.1340630212990393,0.0,0.14906372253163058,MODEL_ONLY,MISSING_OR_STALE,MISSING_OR_STALE,102.605445747,102.605445747
111.66967910700001,9.288361591826522,59.85819645696785,12.697265123025801,1.3522878670164726,0.15543538701338794,True,0.13484019823410615,0.0,0.14906372253163058,MODEL_ONLY,MISSING_OR_STALE,MISSING_OR_STALE,102.605445747,102.605445747
111.719679107,9.293984312552434,60.322755104577304,12.837882498194974,1.3600596363671416,0.15543538701338794,True,0.135617375169173,0.0,0.14906372253163058,MODEL_ONLY,MISSING_OR_STALE,MISSING_OR_STALE,102.605445747,102.605445747
111.769679107,9.299513594037535,60.787592552242025,12.979277050299213,1.3678314057178105,0.15543538701338794,True,0.13639455210423984,0.0,0.14906372253163058,MODEL_ONLY,MISSING_OR_STALE,MISSING_OR_STALE,102.605445747,102.605445747
111.81967910700001,9.30496060541672,61.252704407228485,13.12144877933856,1.3756031750684816,0.15543538701338794,True,0.1371717290393458,0.0,0.14906372253163058,MODEL_ONLY,MISSING_OR_STALE,MISSING_OR_STALE,102.605445747,102.605445747
111.86967910700001,9.310335180737257,61.71808680188231,13.264397685312934,1.3833749444191505,0.15543538701338794,True,0.13794890597437376,0.0,0.14906372253163058,MODEL_ONLY,MISSING_OR_STALE,MISSING_OR_STALE,102.605445747,102.605445747
111.91967910700001,9.315645978546701,62.18373633086438,13.408123768222374,1.3911467137698195,0.15543538701338794,True,0.1387260829094406,0.0,0.14906372253163058,MODEL_ONLY,MISSING_OR_STALE,MISSING_OR_STALE,102.605445747,102.605445747
111.969679107,9.320900622404691,62.64964999588813,13.552627028066881,1.3989184831204884,0.15543538701338794,True,0.13950325984450745,0.0,0.14906372253163058,MODEL_ONLY,MISSING_OR_STALE,MISSING_OR_STALE,102.605445747,102.605445747
112.019679107,9.326105824598839,63.11582515706319,13.697907464846455,1.4066902524711573,0.15543538701338794,True,0.1402804367795743,0.0,0.14906372253163058,MODEL_ONLY,MISSING_OR_STALE,MISSING_OR_STALE,102.605445747,102.605445747
112.06967910700001,9.33126749507242,63.58225949005508,13.843965078561137,1.4144620218218285,0.15543538701338794,True,0.14105761371468137,0.0,0.14906372253163058,MODEL_ONLY,MISSING_OR_STALE,MISSING_OR_STALE,102.605445747,102.605445747
112.11967910700001,9.336390837331532,64.04895094836516,13.990799869210845,1.4222337911724974,0.15543538701338794,True,0.14183479064970822,0.0,0.14906372253163058,MODEL_ONLY,MISSING_OR_STALE,MISSING_OR_STALE,102.605445747,102.605445747
112.16967910700001,9.341480432888115,64.51589773012061,14.138411836795619,1.4300055605231663,0.15543538701338794,True,0.14261196758477507,0.0,0.14906372253163058,MODEL_ONLY,MISSING_OR_STALE,MISSING_OR_STALE,102.605445747,102.605445747
112.219679107,9.3465403156092,64.98309824883302,14.28680098131546,1.4377773298738352,0.15543538701338794,True,0.14338914451984192,0.0,0.14906372253163058,MODEL_ONLY,MISSING_OR_STALE,MISSING_OR_STALE,102.605445747,102.605445747
112.269679107,9.351574037178908,65.45055110765269,14.435967302770369,1.4455490992245041,0.15543538701338794,True,0.14416632145490876,0.0,0.14906372253163058,MODEL_ONLY,MISSING_OR_STALE,MISSING_OR_STALE,102.605445747,102.605445747
112.31967910700001,9.35658472473554,65.91825507670066,14.585910801160386,1.4533208685751753,0.15543538701338794,True,0.14494349839001694,0.0,0.14906372253163058,MODEL_ONLY,MISSING_OR_STALE,MISSING_OR_STALE,102.605445747,102.605445747
112.36967910700001,9.361575131619094,66.3862090731095,14.736631476485428,1.4610926379258442,0.15543538701338794,True,0.14572067532504268,0.0,0.14906372253163058,MODEL_ONLY,MISSING_OR_STALE,MISSING_OR_STALE,102.605445747,102.605445747
112.41967910700001,9.36654768205275,66.85441214345127,14.888129328745537,1.4688644072765131,0.15543538701338794,True,0.14649785226010953,0.0,0.14906372253163058,MODEL_ONLY,MISSING_OR_STALE,MISSING_OR_STALE,102.605445747,102.605445747
112.469679107,9.371504510483403,67.32286344826464,15.040404357940712,1.476636176627182,0.15543538701338794,True,0.14727502919517638,0.0,0.14906372253163058,MODEL_ONLY,MISSING_OR_STALE,MISSING_OR_STALE,102.605445747,102.605445747
112.519679107,9.376447496219694,67.79156224843219,15.193456564070955,1.484407945977851,0.15543538701338794,True,0.14805220613024322,0.0,0.14906372253163058,MODEL_ONLY,MISSING_OR_STALE,MISSING_OR_STALE,102.605445747,102.605445747
112.56967910700001,9.381378293929611,68.26050789318603,15.347285947136308,1.4921797153285221,0.15543538701338794,True,0.14882938306535248,0.0,0.14906372253163058,MODEL_ONLY,MISSING_OR_STALE,MISSING_OR_STALE,102.605445747,102.605445747
112.61967910700001,9.386298360492612,68.72969980954656,15.501892507136684,1.499951484679191,0.15543538701338794,True,0.14960656000037714,0.0,0.14906372253163058,MODEL_ONLY,MISSING_OR_STALE,MISSING_OR_STALE,102.605445747,102.605445747
112.66967910700001,9.391208978642016,69.19913749302489,15.657276244072127,1.50772325402986,0.15543538701338794,True,0.150383736935444,0.0,0.14906372253163058,MODEL_ONLY,MISSING_OR_STALE,MISSING_OR_STALE,102.605445747,102.605445747
112.719679107,9.396111277781328,69.66882049943545,15.813437157942637,1.5154950233805289,0.15543538701338794,True,0.15116091387051084,0.0,0.14906372253163058,MODEL_ONLY,MISSING_OR_STALE,MISSING_OR_STALE,102.605445747,102.605445747
112.769679107,9.401006252312312,70.13874843768777,15.970375248748214,1.5232667927311978,0.15543538701338794,True,0.15193809080557769,0.0,0.14906372253163058,MODEL_ONLY,MISSING_OR_STALE,MISSING_OR_STALE,102.605445747,102.605445747
112.81967910700001,8.372251589120646,70.5830798837237,0.03445477295505333,0.003270789309374795,0.15543538701338794,True,0.15271526774068805,0.9978636793413438,0.14906372253163058,FUSED,ACCEPTED,ACCEPTED,112.74063783,112.74063783
112.86967910700001,8.377134436390627,71.00181453436146,0.040170440353523934,0.01104255866004375,0.15543538701338794,True,0.0007156673984708866,0.0,0.14906372253163058,MODEL_ONLY,DUPLICATE_OR_OLD,DUPLICATE_OR_OLD,112.74063783,112.74063783
112.91967910700001,8.362829457765788,71.42031363171535,0.008235188790196728,0.003320373697822148,0.15543538701338794,False,0.001492844333537738,0.8235188790196728,0.11086641307194955,FUSED,ACCEPTED,ACCEPTED,112.840590286,112.840590286
112.969679107,8.365793038255777,71.83852919411586,0.013235188790196445,0.003320373697822148,0.15543538701338794,False,0.0,0.0,0.11086641307194955,MODEL_ONLY,DUPLICATE_OR_OLD,DUPLICATE_OR_OLD,112.840590286,112.840590286
113.019679107,8.360980122129353,72.25669852312546,0.006458320121637648,0.003320373697822148,0.15543538701338794,False,0.0,0.6458320121637647,0.09959878141824047,FUSED,ACCEPTED,ACCEPTED,112.908581581,112.908581581
113.06967910700001,8.363373032946345,72.67480735200245,0.011458320121638785,0.003320373697822148,0.15543538701338794,False,0.0,0.0,0.09959878141824047,MODEL_ONLY,DUPLICATE_OR_OLD,DUPLICATE_OR_OLD,112.908581581,112.908581581
113.11967910700001,8.357652712609596,73.09283299564132,0.006220470553675982,0.003320373697822148,0.15543538701338794,False,0.0,0.6220470553675982,0.08327464227676354,FUSED,ACCEPTED,ACCEPTED,113.014542613,113.014542613
113.16967910700001,8.359223766589093,73.51075490762126,0.011220470553675699,0.003320373697822148,0.15543538701338794,False,0.0,0.0,0.08327464227676354,MODEL_ONLY,DUPLICATE_OR_OLD,DUPLICATE_OR_OLD,113.014542613,113.014542613
113.219679107,8.35538585413186,73.92862014813926,0.006186185911679506,0.003320373697822148,0.15543538701338794,False,0.0,0.6186185911679504,0.07667322993941214,FUSED,ACCEPTED,ACCEPTED,113.108511948,113.108511948
113.269679107,8.356622457588724,74.34642035593225,0.011186185911679223,0.003320373697822148,0.15543538701338794,False,0.0,0.0,0.07667322993941214,MODEL_ONLY,DUPLICATE_OR_OLD,DUPLICATE_OR_OLD,113.108511948,113.108511948
113.31967910700001,8.358051311004672,74.76428720014718,0.006181192620518481,0.003320373697822148,0.15543538701338794,False,0.0,0.6181192620518479,0.07831436392345142,FUSED,ACCEPTED,ACCEPTED,113.206491554,113.206491554
113.36967910700001,8.359366575765954,75.18222264731644,0.011181192620518197,0.003320373697822148,0.15543538701338794,False,0.0,0.0,0.07831436392345142,MODEL_ONLY,DUPLICATE_OR_OLD,DUPLICATE_OR_OLD,113.206491554,113.206491554
113.41967910700001,8.356983593047808,75.60013140153676,0.006180464295517574,0.003320373697822148,0.15543538701338794,False,0.0,0.6180464295517573,0.06706324740616337,FUSED,ACCEPTED,ACCEPTED,113.318468338,113.318468338
113.469679107,8.353835336575239,76.0179018747773,0.005278668181926288,0.003320373697822148,0.15543538701338794,False,0.0,0.5278668181926287,0.05980231412040681,FUSED,ACCEPTED,ACCEPTED,113.406434341,113.406434341
113.519679107,8.354221281550217,76.43560329023042,0.010278668181926003,0.003320373697822148,0.15543538701338794,False,0.0,0.0,0.05980231412040681,MODEL_ONLY,DUPLICATE_OR_OLD,DUPLICATE_OR_OLD,113.406434341,113.406434341
113.56967910700001,8.354606271118037,76.8533239790472,0.01527866818192714,0.003320373697822148,0.15543538701338794,False,0.0,0.0,0.05980231412040681,MODEL_ONLY,DUPLICATE_OR_OLD,DUPLICATE_OR_OLD,113.406434341,113.406434341
113.61967910700001,8.35084581830578,77.27096028128278,0.006697344830388235,0.003320373697822148,0.15543538701338794,False,0.0,0.6697344830388234,0.05581071205312219,FUSED,ACCEPTED,ACCEPTED,113.522402344,113.522402344
113.66967910700001,8.34668175475035,77.68839847060916,0.005391141138156858,0.003320373697822148,0.15543538701338794,False,0.0,0.5391141138156857,0.04544311353749266,FUSED,ACCEPTED,ACCEPTED,113.606384398,113.606384398
113.719679107,8.34634655031467,78.10572417823576,0.010391141138156574,0.003320373697822148,0.15543538701338794,False,0.0,0.0,0.04544311353749266,MODEL_ONLY,DUPLICATE_OR_OLD,DUPLICATE_OR_OLD,113.606384398,113.606384398
113.769679107,8.346010771710295,78.52303311128637,0.01539114113815629,0.003320373697822148,0.15543538701338794,False,0.0,0.0,0.04544311353749266,MODEL_ONLY,DUPLICATE_OR_OLD,DUPLICATE_OR_OLD,113.606384398,113.606384398
113.81967910700001,8.345674487569712,78.94032524276847,0.020391141138157428,0.003320373697822148,0.15543538701338794,False,0.0,0.0,0.04544311353749266,MODEL_ONLY,DUPLICATE_OR_OLD,DUPLICATE_OR_OLD,113.606384398,113.606384398
113.86967910700001,8.344739823038651,79.35758560053364,0.025391141138157144,0.003320373697822148,0.15543538701338794,False,0.0,0.0,0.04544311353749266,MODEL_ONLY,MISSING_OR_STALE,MISSING_OR_STALE,113.606384398,113.606384398
113.91967910700001,8.325124240702046,79.77433220212713,0.007524209586999473,0.003320373697822148,0.15543538701338794,False,0.0,0.7524209586999471,0.04544311353749266,FUSED,ACCEPTED,ACCEPTED,113.850315579,113.850315579
113.969679107,8.324786774494825,80.19057997750703,0.01252420958699919,0.003320373697822148,0.15543538701338794,False,0.0,0.0,0.04544311353749266,MODEL_ONLY,DUPLICATE_OR_OLD,DUPLICATE_OR_OLD,113.850315579,113.850315579
114.019679107,8.32548851461642,80.60683685973478,0.006366834815585945,0.003320373697822148,0.15543538701338794,False,0.0,0.6366834815585944,0.059969758773986886,FUSED,ACCEPTED,ACCEPTED,113.908292528,113.908292528
114.06967910700001,8.325876809364939,81.02312099283441,0.011366834815587083,0.003320373697822148,0.15543538701338794,False,0.0,0.0,0.059969758773986886,MODEL_ONLY,DUPLICATE_OR_OLD,DUPLICATE_OR_OLD,113.908292528,113.908292528
114.11967910700001,8.330698724075011,81.43953538117039,0.006207356677454329,0.003320373697822148,0.15543538701338794,False,0.0,0.6207356677454328,0.07179224525154938,FUSED,ACCEPTED,ACCEPTED,114.010275209,114.010275209
114.16967910700001,8.33167770025895,81.85609479177872,0.011207356677454046,0.003320373697822148,0.15543538701338794,False,0.0,0.0,0.07179224525154938,MODEL_ONLY,DUPLICATE_OR_OLD,DUPLICATE_OR_OLD,114.010275209,114.010275209
114.219679107,8.336830813470794,82.27280750462194,0.006184277520592904,0.003320373697822148,0.15543538701338794,False,0.0,0.6184277520592902,0.07920408870499358,FUSED,ACCEPTED,ACCEPTED,114.10824195,114.10824195
114.269679107,8.338180038490988,82.68968277592096,0.01118427752059262,0.003320373697822148,0.15543538701338794,False,0.0,0.0,0.07920408870499358,MODEL_ONLY,DUPLICATE_OR_OLD,DUPLICATE_OR_OLD,114.10824195,114.10824195
114.31967910700001,8.33944638189779,83.10662343643077,0.006180914294031957,0.003320373697822148,0.15543538701338794,False,0.0,0.6180914294031956,0.07447140314704565,FUSED,ACCEPTED,ACCEPTED,114.204217839,114.204217839
114.36967910700001,8.340558706478497,83.52362356364014,0.011180914294031674,0.003320373697822148,0.15543538701338794,False,0.0,0.0,0.07447140314704565,MODEL_ONLY,DUPLICATE_OR_OLD,DUPLICATE_OR_OLD,114.204217839,114.204217839
114.41967910700001,8.334358043536108,83.9404964823905,0.006180423690443937,0.003320373697822148,0.15543538701338794,False,0.0,0.6180423690443937,0.04860953325022158,FUSED,ACCEPTED,ACCEPTED,114.310177184,114.310177184
114.469679107,8.334177068287929,84.35720986018607,0.011180423690443654,0.003320373697822148,0.15543538701338794,False,0.0,0.0,0.04860953325022158,MODEL_ONLY,DUPLICATE_OR_OLD,DUPLICATE_OR_OLD,114.310177184,114.310177184
114.519679107,8.32475697605648,84.77368321129465,0.006180352114144626,0.003320373697822148,0.15543538701338794,False,0.0,0.6180352114144623,0.03491736362629308,FUSED,ACCEPTED,ACCEPTED,114.416148887,114.416148887
114.56967910700001,8.323891232372626,85.18989941650548,0.011180352114145763,0.003320373697822148,0.15543538701338794,False,0.0,0.0,0.03491736362629308,MODEL_ONLY,DUPLICATE_OR_OLD,DUPLICATE_OR_OLD,114.416148887,114.416148887
114.61967910700001,8.320164137307797,85.60600080074747,0.006180341671341804,0.003320373697822148,0.15543538701338794,False,0.0,0.6180341671341804,0.0394198608901775,FUSED,ACCEPTED,ACCEPTED,114.522130196,114.522130196
114.66967910700001,8.31952339448707,86.02199298904232,0.01118034167134152,0.003320373697822148,0.15543538701338794,False,0.0,0.0,0.0394198608901775,MODEL_ONLY,DUPLICATE_OR_OLD,DUPLICATE_OR_OLD,114.522130196,114.522130196
114.719679107,8.311336682694327,86.43776449097183,0.006180340147758014,0.003320373697822148,0.15543538701338794,False,0.0,0.6180340147758012,0.01946637209184001,FUSED,ACCEPTED,ACCEPTED,114.61010107,114.61010107
114.769679107,8.309698169306234,86.85329036227182,0.01118034014775773,0.003320373697822148,0.15543538701338794,False,0.0,0.0,0.01946637209184001,MODEL_ONLY,DUPLICATE_OR_OLD,DUPLICATE_OR_OLD,114.61010107,114.61010107
114.81967910700001,8.29772889222352,87.26847603881016,0.00618033992547036,0.003320373697822148,0.15543538701338794,False,0.0,0.6180339925470357,0.002025303282828562,FUSED,ACCEPTED,ACCEPTED,114.736071242,114.736071242
114.869679107,8.29521825087496,87.6832997173875,0.011180339925468654,0.003320373697822148,0.15543538701338794,False,0.0,0.0,0.002025303282828562,MODEL_ONLY,DUPLICATE_OR_OLD,DUPLICATE_OR_OLD,114.736071242,114.736071242
114.91967910700001,8.299056858625468,88.09815659512509,0.00618033989303882,0.003320373697822148,0.15543538701338794,False,0.0,0.618033989303882,0.035444222984633816,FUSED,ACCEPTED,ACCEPTED,114.818035477,114.818035477
114.969679107,8.29821710549252,88.51308844422802,0.011180339893038536,0.003320373697822148,0.15543538701338794,False,0.0,0.0,0.035444222984633816,MODEL_ONLY,DUPLICATE_OR_OLD,DUPLICATE_OR_OLD,114.818035477,114.818035477
115.019679107,8.30329187007454,88.92812616861717,0.006180339888307122,0.003320373697822148,0.15543538701338794,False,0.0,0.6180339888307123,0.03954509546285819,FUSED,ACCEPTED,ACCEPTED,114.912013674,114.912013674
115.06967910700001,8.302657115781393,89.34327489326365,0.01118033988830826,0.003320373697822148,0.15543538701338794,False,0.0,0.0,0.03954509546285819,MODEL_ONLY,DUPLICATE_OR_OLD,DUPLICATE_OR_OLD,114.912013674,114.912013674
115.119679107,8.302085172168876,89.75839345046228,0.006180339887616778,0.003320373697822148,0.15543538701338794,False,0.0,0.6180339887616776,0.03233087187809402,FUSED,ACCEPTED,ACCEPTED,115.015987734,115.015987734
115.16967910700001,8.30108967197891,90.17347282156607,0.011180339887617914,0.003320373697822148,0.15543538701338794,False,0.0,0.0,0.03233087187809402,MODEL_ONLY,DUPLICATE_OR_OLD,DUPLICATE_OR_OLD,115.015987734,115.015987734
115.219679107,8.294283564537592,90.58835715247893,0.006180339887516265,0.003320373697822148,0.15543538701338794,False,0.0,0.6180339887516263,0.016543162278852334,FUSED,ACCEPTED,ACCEPTED,115.113955589,115.113955589
115.269679107,8.292498651953865,91.0030267078912,0.011180339887515982,0.003320373697822148,0.15543538701338794,False,0.0,0.0,0.016543162278852334,MODEL_ONLY,DUPLICATE_OR_OLD,DUPLICATE_OR_OLD,115.113955589,115.113955589
115.31967910700001,8.28655279934129,91.41750299417367,0.0061803398875016,0.003320373697822148,0.15543538701338794,False,0.0,0.6180339887501598,0.013848505285034066,FUSED,ACCEPTED,ACCEPTED,115.203929835,115.203929835
115.369679107,8.284633133043734,91.83178264248316,0.011180339887499894,0.003320373697822148,0.15543538701338794,False,0.0,0.0,0.013848505285034066,MODEL_ONLY,DUPLICATE_OR_OLD,DUPLICATE_OR_OLD,115.203929835,115.203929835
115.41967910700001,8.284208237241039,92.24600367674037,0.006180339887499253,0.003320373697822148,0.15543538701338794,False,0.0,0.6180339887499253,0.023422730187061678,FUSED,ACCEPTED,ACCEPTED,115.307917283,115.307917283
115.469679107,8.282767266014265,92.66017806432173,0.01118033988749897,0.003320373697822148,0.15543538701338794,False,0.0,0.0,0.023422730187061678,MODEL_ONLY,DUPLICATE_OR_OLD,DUPLICATE_OR_OLD,115.307917283,115.307917283
115.519679107,8.281134422155759,93.07427560652596,0.006180339887498911,0.003320373697822148,0.15543538701338794,False,0.0,0.618033988749891,0.019261750932812287,FUSED,ACCEPTED,ACCEPTED,115.411876048,115.411876048
115.56967910700001,8.2794853894276,93.48829110181563,0.011180339887500048,0.003320373697822148,0.15543538701338794,False,0.0,0.0,0.019261750932812287,MODEL_ONLY,DUPLICATE_OR_OLD,DUPLICATE_OR_OLD,115.411876048,115.411876048
115.619679107,8.283921834336933,93.90237628240959,0.006180339887498861,0.003320373697822148,0.15543538701338794,False,0.0,0.618033988749886,0.03788390695443804,FUSED,ACCEPTED,ACCEPTED,115.525961035,115.525961035
115.66967910700001,8.283203899689616,94.31655442576036,0.011180339887499998,0.003320373697822148,0.15543538701338794,False,0.0,0.0,0.03788390695443804,MODEL_ONLY,DUPLICATE_OR_OLD,DUPLICATE_OR_OLD,115.525961035,115.525961035
115.719679107,8.277943134685842,94.73058310161973,0.006180339887499061,0.003320373697822148,0.15543538701338794,False,0.0,0.618033988749906,0.014072731431105764,FUSED,ACCEPTED,ACCEPTED,115.603828231,115.603828231
115.769679107,8.276034633727024,95.14443254583003,0.011180339887498777,0.003320373697822148,0.15543538701338794,False,0.0,0.0,0.014072731431105764,MODEL_ONLY,DUPLICATE_OR_OLD,DUPLICATE_OR_OLD,115.603828231,115.603828231
115.81967910700001,8.267729064072311,95.55802663827511,0.00618033988749909,0.003320373697822148,0.15543538701338794,False,0.0,0.6180339887499089,0.005694496334020041,FUSED,ACCEPTED,ACCEPTED,115.739795698,115.739795698
115.869679107,8.26540164551709,95.9713549060147,0.011180339887497386,0.003320373697822148,0.15543538701338794,False,0.0,0.0,0.005694496334020041,MODEL_ONLY,DUPLICATE_OR_OLD,DUPLICATE_OR_OLD,115.739795698,115.739795698
115.91967910700001,8.264562599285279,96.38460401213486,0.006180339887498887,0.003320373697822148,0.15543538701338794,False,0.0,0.6180339887498886,0.018689858839650172,FUSED,ACCEPTED,ACCEPTED,115.819764416,115.819764416
115.969679107,8.262884944326848,96.79779020072513,0.011180339887498603,0.003320373697822148,0.15543538701338794,False,0.0,0.0,0.018689858839650172,MODEL_ONLY,DUPLICATE_OR_OLD,DUPLICATE_OR_OLD,115.819764416,115.819764416
116.019679107,8.25847141952979,97.21082410982153,0.006180339887498857,0.003320373697822148,0.15543538701338794,False,0.0,0.6180339887498856,0.006644132519832247,FUSED,ACCEPTED,ACCEPTED,115.919733129,115.919733129
116.06967910700001,8.256191474744785,97.62369068217849,0.011180339887499995,0.003320373697822148,0.15543538701338794,False,0.0,0.0,0.006644132519832247,MODEL_ONLY,DUPLICATE_OR_OLD,DUPLICATE_OR_OLD,115.919733129,115.919733129
116.119679107,8.256064119050857,98.03649707202325,0.006180339887498853,0.003320373697822148,0.15543538701338794,False,0.0,0.6180339887498851,0.018250073319599158,FUSED,ACCEPTED,ACCEPTED,116.015714054,116.015714054
116.16967910700001,8.254364468584363,98.44925778671423,0.011180339887499991,0.003320373697822148,0.15543538701338794,False,0.0,0.0,0.018250073319599158,MODEL_ONLY,DUPLICATE_OR_OLD,DUPLICATE_OR_OLD,116.015714054,116.015714054
116.219679107,8.2793099962616,98.86259964833535,0.00618033988749906,0.003320373697822148,0.15543538701338794,False,0.0,0.6180339887499058,0.09208786112887318,FUSED,ACCEPTED,ACCEPTED,116.111698078,116.111698078
116.269679107,8.281302233075825,99.27661495406876,0.011180339887498777,0.003320373697822148,0.15543538701338794,False,0.0,0.0,0.09208786112887318,MODEL_ONLY,DUPLICATE_OR_OLD,DUPLICATE_OR_OLD,116.111698078,116.111698078
116.31967910700001,8.299078950107988,99.69112448364845,0.00618033988749909,0.003320373697822148,0.15543538701338794,False,0.0,0.6180339887499089,0.09406881996198607,FUSED,ACCEPTED,ACCEPTED,116.217648955,116.217648955
116.369679107,8.30117023322835,100.10613071323172,0.011180339887497386,0.003320373697822148,0.15543538701338794,False,0.0,0.0,0.09406881996198607,MODEL_ONLY,DUPLICATE_OR_OLD,DUPLICATE_OR_OLD,116.217648955,116.217648955
116.41967910700001,8.294330782357958,100.52101823862147,0.006180339887498887,0.003320373697822148,0.15543538701338794,False,0.0,0.6180339887498886,0.04939388834036602,FUSED,ACCEPTED,ACCEPTED,116.307630938,116.307630938
116.469679107,8.284909875318855,100.93549925506336,0.005278640450004129,0.003320373697822148,0.15543538701338794,False,0.0,0.527864045000413,0.03661024257646572,FUSED,ACCEPTED,ACCEPTED,116.40760072,116.40760072
116.519679107,8.284128227779366,101.3497252076408,0.010278640450003845,0.003320373697822148,0.15543538701338794,False,0.0,0.0,0.03661024257646572,MODEL_ONLY,DUPLICATE_OR_OLD,DUPLICATE_OR_OLD,116.40760072,116.40760072
116.56967910700001,8.28334657977967,101.76391207782986,0.015278640450004983,0.003320373697822148,0.15543538701338794,False,0.0,0.0,0.03661024257646572,MODEL_ONLY,DUPLICATE_OR_OLD,DUPLICATE_OR_OLD,116.40760072,116.40760072
116.619679107,8.270440328319545,102.1777567505322,0.006697341805517257,0.003320373697822148,0.15543538701338794,False,0.0,0.6697341805517256,0.020369907119545817,FUSED,ACCEPTED,ACCEPTED,116.513580855,116.513580855
116.66967910700001,8.268846662785043,102.5912389253099,0.011697341805518395,0.003320373697822148,0.15543538701338794,False,0.0,0.0,0.020369907119545817,MODEL_ONLY,DUPLICATE_OR_OLD,DUPLICATE_OR_OLD,116.513580855,116.513580855
116.719679107,8.270916611607376,103.00473300716969,0.006254308734986835,0.003320373697822148,0.15543538701338794,False,0.0,0.6254308734986834,0.04514150303708335,FUSED,ACCEPTED,ACCEPTED,116.605550721,116.605550721
116.769679107,8.270561525278064,103.4182699605918,0.011254308734986552,0.003320373697822148,0.15543538701338794,False,0.0,0.0,0.04514150303708335,MODEL_ONLY,DUPLICATE_OR_OLD,DUPLICATE_OR_OLD,116.605550721,116.605550721
116.81967910700001,8.279170795401294,103.83201326860888,0.00619110139179801,0.003320373697822148,0.15543538701338794,False,0.0,0.6191101391798008,0.06215491003362079,FUSED,ACCEPTED,ACCEPTED,116.713515011,116.713515011
116.869679107,8.279666378963896,104.24598419796787,0.011191101391796306,0.003320373697822148,0.15543538701338794,False,0.0,0.0,0.06215491003362079,MODEL_ONLY,DUPLICATE_OR_OLD,DUPLICATE_OR_OLD,116.713515011,116.713515011
116.91967910700001,8.283693227452787,104.66006818812839,0.006181909324694605,0.003320373697822148,0.15543538701338794,False,0.0,0.6181909324694603,0.05922686604042992,FUSED,ACCEPTED,ACCEPTED,116.809487764,116.809487764
116.969679107,8.284042408460744,105.0742615790262,0.01118190932469432,0.003320373697822148,0.15543538701338794,False,0.0,0.0,0.05922686604042992,MODEL_ONLY,DUPLICATE_OR_OLD,DUPLICATE_OR_OLD,116.809487764,116.809487764
117.019679107,8.297859906508739,105.48880913690041,0.0061805688515740595,0.003320373697822148,0.15543538701338794,False,0.0,0.6180568851574059,0.09536059042982789,FUSED,ACCEPTED,ACCEPTED,116.909452015,116.909452015
117.06967910700001,8.300015773460975,105.90375602889975,0.011180568851575198,0.003320373697822148,0.15543538701338794,False,0.0,0.0,0.09536059042982789,MODEL_ONLY,DUPLICATE_OR_OLD,DUPLICATE_OR_OLD,116.909452015,116.909452015
117.119679107,8.320681624738716,106.3192734638546,0.006180373292615076,0.003320373697822148,0.15543538701338794,False,0.0,0.6180373292615073,0.12683773543519486,FUSED,ACCEPTED,ACCEPTED,117.025974564,117.025974564
117.16967910700001,8.324411348727889,106.73540078819136,0.011180373292616213,0.003320373697822148,0.15543538701338794,False,0.0,0.0,0.12683773543519486,MODEL_ONLY,DUPLICATE_OR_OLD,DUPLICATE_OR_OLD,117.025974564,117.025974564
117.219679107,8.329977651480666,107.15176051319655,0.006180344761233615,0.003320373697822148,0.15543538701338794,False,0.0,0.6180344761233614,0.1057651691226911,FUSED,ACCEPTED,ACCEPTED,117.107405776,117.107405776
117.269679107,8.33265374698883,107.56832629815827,0.011180344761233332,0.003320373697822148,0.15543538701338794,False,0.0,0.0,0.1057651691226911,MODEL_ONLY,DUPLICATE_OR_OLD,DUPLICATE_OR_OLD,117.107405776,117.107405776
117.31967910700001,8.327560413168149,107.98483165216228,0.006180340598567247,0.003320373697822148,0.15543538701338794,False,0.0,0.6180340598567244,0.08520792759767055,FUSED,ACCEPTED,ACCEPTED,117.207374332,117.207374332
117.369679107,8.329208646471855,108.40125087865314,0.011180340598565541,0.003320373697822148,0.15543538701338794,False,0.0,0.0,0.08520792759767055,MODEL_ONLY,DUPLICATE_OR_OLD,DUPLICATE_OR_OLD,117.207374332,117.207374332
117.41967910700001,8.321413052789127,108.81751642113477,0.0061803399912423295,0.003320373697822148,0.15543538701338794,False,0.0,0.618033999124233,0.07048362206362926,FUSED,ACCEPTED,ACCEPTED,117.313360637,117.313360637
117.469679107,8.32173897989631,109.23359522195187,0.0052786404731298255,0.003320373697822148,0.15543538701338794,False,0.0,0.5278640473129823,0.08195555193130233,FUSED,ACCEPTED,ACCEPTED,117.407317175,117.407317175
117.519679107,8.323224594276338,109.64971931130617,0.010278640473129541,0.003320373697822148,0.15543538701338794,False,0.0,0.0,0.08195555193130233,MODEL_ONLY,DUPLICATE_OR_OLD,DUPLICATE_OR_OLD,117.407317175,117.407317175
117.56967910700001,8.32471020862029,110.06591768137868,0.015278640473130678,0.003320373697822148,0.15543538701338794,False,0.0,0.0,0.08195555193130233,MODEL_ONLY,DUPLICATE_OR_OLD,DUPLICATE_OR_OLD,117.407317175,117.407317175
117.619679107,8.325113543077967,110.48216327517099,0.0066973418080397045,0.003320373697822148,0.15543538701338794,False,0.0,0.6697341808039703,0.0786985293353389,FUSED,ACCEPTED,ACCEPTED,117.513289565,117.513289565
117.66967910700001,8.326436306232392,110.89845202140386,0.011697341808040843,0.003320373697822148,0.15543538701338794,False,0.0,0.0,0.0786985293353389,MODEL_ONLY,DUPLICATE_OR_OLD,DUPLICATE_OR_OLD,117.513289565,117.513289565
117.719679107,8.31985486081269,111.31460930057995,0.00625430873534074,0.003320373697822148,0.15543538701338794,False,0.0,0.6254308735340739,0.05721905654391454,FUSED,ACCEPTED,ACCEPTED,117.6052657,117.6052657
117.769679107,8.32010365028124,111.73060826335727,0.011254308735340456,0.003320373697822148,0.15543538701338794,False,0.0,0.0,0.05721905654391454,MODEL_ONLY,DUPLICATE_OR_OLD,DUPLICATE_OR_OLD,117.6052657,117.6052657
117.81967910700001,8.320854525650974,112.14663221775567,0.0061911013918493525,0.003320373697822148,0.15543538701338794,False,0.0,0.6191101391849352,0.07125901262052718,FUSED,ACCEPTED,ACCEPTED,117.739227829,117.739227829
117.869679107,8.32180531288746,112.56269871371899,0.011191101391847647,0.003320373697822148,0.15543538701338794,False,0.0,0.0,0.07125901262052718,MODEL_ONLY,DUPLICATE_OR_OLD,DUPLICATE_OR_OLD,117.739227829,117.739227829
117.91967910700001,8.313326205642374,112.97857700168232,0.006181909324702089,0.003320373697822148,0.15543538701338794,False,0.0,0.6181909324702087,0.04016588675059991,FUSED,ACCEPTED,ACCEPTED,117.81120769,117.81120769
117.969679107,8.312722336557536,113.3942282152373,0.011181909324701806,0.003320373697822148,0.15543538701338794,False,0.0,0.0,0.04016588675059991,MODEL_ONLY,DUPLICATE_OR_OLD,DUPLICATE_OR_OLD,117.81120769,117.81120769
118.019679107,8.30760770050294,113.80973646616378,0.0061805688515751515,0.003320373697822148,0.15543538701338794,False,0.0,0.6180568851575151,0.04360080924488933,FUSED,ACCEPTED,ACCEPTED,117.913174416,117.913174416
118.06967910700001,8.307175577521244,114.2251060481145,0.011180568851576289,0.003320373697822148,0.15543538701338794,False,0.0,0.0,0.04360080924488933,MODEL_ONLY,DUPLICATE_OR_OLD,DUPLICATE_OR_OLD,117.913174416,117.913174416
118.119679107,8.30539590326695,114.64042033513407,0.006180373292615234,0.003320373697822148,0.15543538701338794,False,0.0,0.6180373292615233,0.044036590516977746,FUSED,ACCEPTED,ACCEPTED,118.017145995,118.017145995
118.16967910700001,8.304985569332135,115.05567987194912,0.011180373292616372,0.003320373697822148,0.15543538701338794,False,0.0,0.0,0.044036590516977746,MODEL_ONLY,DUPLICATE_OR_OLD,DUPLICATE_OR_OLD,118.017145995,118.017145995
118.219679107,8.29858811713722,115.47076921411085,0.0061803447612336386,0.003320373697822148,0.15543538701338794,False,0.0,0.6180344761233637,0.028393443954977088,FUSED,ACCEPTED,ACCEPTED,118.149124662,118.149124662
118.269679107,8.297395625861341,115.88566880768579,0.011180344761233356,0.003320373697822148,0.15543538701338794,False,0.0,0.0,0.028393443954977088,MODEL_ONLY,DUPLICATE_OR_OLD,DUPLICATE_OR_OLD,118.149124662,118.149124662
118.31967910700001,8.29085691314775,116.3003751211611,0.006180340598567249,0.003320373697822148,0.15543538701338794,False,0.0,0.6180340598567249,0.021158196081145993,FUSED,ACCEPTED,ACCEPTED,118.21109485,118.21109485
118.369679107,8.289302659468131,116.71487911047636,0.011180340598565545,0.003320373697822148,0.15543538701338794,False,0.0,0.0,0.021158196081145993,MODEL_ONLY,DUPLICATE_OR_OLD,DUPLICATE_OR_OLD,118.21109485,118.21109485
118.41967910700001,8.272822099981678,117.1289322294627,0.006180339991242331,0.003320373697822148,0.15543538701338794,False,0.0,0.618033999124233,-0.015067518003032684,FUSED,ACCEPTED,ACCEPTED,118.315076266,118.315076266
118.469679107,8.267184106672813,117.54243238462904,0.005278640473129826,0.003320373697822148,0.15543538701338794,False,0.0,0.5278640473129823,0.0008738090652841389,FUSED,ACCEPTED,ACCEPTED,118.405046156,118.405046156
118.519679107,8.264615633631399,117.95572737813661,0.010278640473129543,0.003320373697822148,0.15543538701338794,False,0.0,0.0,0.0008738090652841389,MODEL_ONLY,DUPLICATE_OR_OLD,DUPLICATE_OR_OLD,118.405046156,118.405046156
118.56967910700001,8.262047160587155,118.36889394799218,0.01527864047313068,0.003320373697822148,0.15543538701338794,False,0.0,0.0,0.0008738090652841389,MODEL_ONLY,DUPLICATE_OR_OLD,DUPLICATE_OR_OLD,118.405046156,118.405046156
118.619679107,8.265047899838386,118.78207132450268,0.0066973418080397045,0.003320373697822148,0.15543538701338794,False,0.0,0.6697341808039703,0.017699465256751885,FUSED,ACCEPTED,ACCEPTED,118.509012189,118.509012189
118.66967910700001,8.263320709599034,119.19528053973872,0.011697341808040843,0.003320373697822148,0.15543538701338794,False,0.0,0.0,0.017699465256751885,MODEL_ONLY,DUPLICATE_OR_OLD,DUPLICATE_OR_OLD,118.509012189,118.509012189
118.719679107,8.257846710495894,119.60830972524107,0.00625430873534074,0.003320373697822148,0.15543538701338794,False,0.0,0.6254308735340739,-0.001551090438282849,FUSED,ACCEPTED,ACCEPTED,118.606992936,118.606992936
118.769679107,8.25515699246816,120.02113481781515,0.011254308735340456,0.003320373697822148,0.15543538701338794,False,0.0,0.0,-0.001551090438282849,MODEL_ONLY,DUPLICATE_OR_OLD,DUPLICATE_OR_OLD,118.606992936,118.606992936
118.81967910700001,8.260517099500978,120.43402667011446,0.0061911013918493525,0.003320373697822148,0.15543538701338794,False,0.0,0.6191101391849352,0.028887362271656777,FUSED,ACCEPTED,ACCEPTED,118.744963345,118.744963345
118.869679107,8.259349304105928,120.8470233302045,0.011191101391847647,0.003320373697822148,0.15543538701338794,False,0.0,0.0,0.028887362271656777,MODEL_ONLY,DUPLICATE_OR_OLD,DUPLICATE_OR_OLD,118.744963345,118.744963345
118.91967910700001,8.264130096709065,121.26011031522496,0.006181909324702089,0.003320373697822148,0.15543538701338794,False,0.0,0.6181909324702087,0.02732237726311158,FUSED,ACCEPTED,ACCEPTED,118.810949291,118.810949291
118.969679107,8.264361469366301,121.67332260437684,0.011181909324701806,0.003320373697822148,0.15543538701338794,False,0.0,0.0,0.02732237726311158,MODEL_ONLY,DUPLICATE_OR_OLD,DUPLICATE_OR_OLD,118.810949291,118.810949291
119.019679107,8.261503277546353,122.08646922304963,0.0061805688515751515,0.003320373697822148,0.15543538701338794,False,0.0,0.6180568851575151,0.004902895463082462,FUSED,ACCEPTED,ACCEPTED,118.916922306,118.916922306
119.06967910700001,8.261759226110255,122.49955078564113,0.011180568851576289,0.003320373697822148,0.15543538701338794,False,0.0,0.0,0.004902895463082462,MODEL_ONLY,DUPLICATE_OR_OLD,DUPLICATE_OR_OLD,118.916922306,118.916922306
119.119679107,8.263643423584593,122.91268585188337,0.006180373292615234,0.003320373697822148,0.15543538701338794,False,0.0,0.6180373292615233,0.01202395825796744,FUSED,ACCEPTED,ACCEPTED,119.012887054,119.012887054
119.16967910700001,8.265143767019586,123.32590553164857,0.011180373292616372,0.003320373697822148,0.15543538701338794,False,0.0,0.0,0.01202395825796744,MODEL_ONLY,DUPLICATE_OR_OLD,DUPLICATE_OR_OLD,119.012887054,119.012887054
119.219679107,8.265368926461887,123.73916834898557,0.0061803447612336386,0.003320373697822148,0.15543538701338794,False,0.0,0.6180344761233637,0.0007808307431939835,FUSED,ACCEPTED,ACCEPTED,119.106859298,119.106859298
119.269679107,8.26699557867976,124.1524774616141,0.011180344761233356,0.003320373697822148,0.15543538701338794,False,0.0,0.0,0.0007808307431939835,MODEL_ONLY,DUPLICATE_OR_OLD,DUPLICATE_OR_OLD,119.106859298,119.106859298
119.31967910700001,8.251645082589818,124.56544347814594,0.006180340598567249,0.003320373697822148,0.15543538701338794,False,0.0,0.6180340598567249,-0.048511699348939556,FUSED,ACCEPTED,ACCEPTED,119.210828337,119.210828337
119.369679107,8.25134220411302,124.97801816031335,0.011180340598565545,0.003320373697822148,0.15543538701338794,False,0.0,0.0,-0.048511699348939556,MODEL_ONLY,DUPLICATE_OR_OLD,DUPLICATE_OR_OLD,119.210828337,119.210828337
119.41967910700001,8.247572251917282,125.39049102171421,0.006180339991242331,0.003320373697822148,0.15543538701338794,False,0.0,0.618033999124233,-0.03262481441300144,FUSED,ACCEPTED,ACCEPTED,119.316804053,119.316804053
119.469679107,8.248480067279782,125.80289232969412,0.011180339991242048,0.003320373697822148,0.15543538701338794,False,0.0,0.0,-0.03262481441300144,MODEL_ONLY,DUPLICATE_OR_OLD,DUPLICATE_OR_OLD,119.316804053,119.316804053
119.519679107,8.252687215352639,126.2154215117599,0.006180339902634822,0.003320373697822148,0.15543538701338794,False,0.0,0.6180339902634822,-0.023858675403936005,FUSED,ACCEPTED,ACCEPTED,119.404786699,119.404786699
119.56967910700001,8.254355719658577,126.62809758513527,0.01118033990263596,0.003320373697822148,0.15543538701338794,False,0.0,0.0,-0.023858675403936005,MODEL_ONLY,DUPLICATE_OR_OLD,DUPLICATE_OR_OLD,119.404786699,119.404786699
119.619679107,8.25225361814524,127.04076281858022,0.00618033988970716,0.003320373697822148,0.15543538701338794,False,0.0,0.6180339889707159,-0.04184832213588532,FUSED,ACCEPTED,ACCEPTED,119.51674192,119.51674192
119.66967910700001,8.253281010574288,127.4534011842983,0.0052786404504966975,0.003320373697822148,0.15543538701338794,False,0.0,0.5278640450496697,-0.03449701957206991,FUSED,ACCEPTED,ACCEPTED,119.612724164,119.612724164
119.719679107,8.25477007493161,127.86610246143593,0.010278640450496413,0.003320373697822148,0.15543538701338794,False,0.0,0.0,-0.03449701957206991,MODEL_ONLY,DUPLICATE_OR_OLD,DUPLICATE_OR_OLD,119.612724164,119.612724164
119.769679107,8.256349556094168,128.27888045221155,0.01527864045049613,0.003320373697822148,0.15543538701338794,False,0.0,0.0,-0.03449701957206991,MODEL_ONLY,DUPLICATE_OR_OLD,DUPLICATE_OR_OLD,119.612724164,119.612724164
119.81967910700001,8.252883821936473,128.69161128666244,0.006697341805571138,0.003320373697822148,0.15543538701338794,False,0.0,0.6697341805571138,-0.04956615700516215,FUSED,ACCEPTED,ACCEPTED,119.752693426,119.752693426
119.869679107,8.253859605774503,129.10427987235505,0.011697341805569434,0.003320373697822148,0.15543538701338794,False,0.0,0.0,-0.04956615700516215,MODEL_ONLY,DUPLICATE_OR_OLD,DUPLICATE_OR_OLD,119.752693426,119.752693426
119.91967910700001,8.255833050661405,129.51702218876605,0.006254308734994196,0.003320373697822148,0.15543538701338794,False,0.0,0.6254308734994194,-0.04051289918133319,FUSED,ACCEPTED,ACCEPTED,119.810660862,119.810660862
119.969679107,8.257377536499568,129.92985245344505,0.011254308734993912,0.003320373697822148,0.15543538701338794,False,0.0,0.0,-0.04051289918133319,MODEL_ONLY,DUPLICATE_OR_OLD,DUPLICATE_OR_OLD,119.810660862,119.810660862
120.019679107,8.268506231656529,130.34299954764893,0.006191101391798871,0.003320373697822148,0.15543538701338794,False,0.0,0.619110139179887,-0.015788267900253467,FUSED,ACCEPTED,ACCEPTED,119.906628563,119.906628563
120.06967910700001,8.271375489194462,130.7564965906703,0.011191101391800008,0.003320373697822148,0.15543538701338794,False,0.0,0.0,-0.015788267900253467,MODEL_ONLY,DUPLICATE_OR_OLD,DUPLICATE_OR_OLD,119.906628563,119.906628563
120.119679107,8.285364869241965,131.17041509963107,0.00618190932469473,0.003320373697822148,0.15543538701338794,False,0.0,0.6181909324694729,0.0005064352009435842,FUSED,ACCEPTED,ACCEPTED,120.014620355,120.014620355
120.16967910700001,8.29494471034288,131.5849228391208,0.00527899027103234,0.003320373697822148,0.15543538701338794,False,0.0,0.527899027103234,0.004930449615849033,FUSED,ACCEPTED,ACCEPTED,120.106582093,120.106582093
120.219679107,8.298941819325158,131.99977000236248,0.010278990271032056,0.003320373697822148,0.15543538701338794,False,0.0,0.0,0.004930449615849033,MODEL_ONLY,DUPLICATE_OR_OLD,DUPLICATE_OR_OLD,120.106582093,120.106582093
120.269679107,8.302961267473139,132.41481757953238,0.015278990271031773,0.003320373697822148,0.15543538701338794,False,0.0,0.0,0.004930449615849033,MODEL_ONLY,DUPLICATE_OR_OLD,DUPLICATE_OR_OLD,120.106582093,120.106582093
120.31967910700001,8.317864704129335,132.83033822882257,0.006697379961984159,0.003320373697822148,0.15543538701338794,False,0.0,0.6697379961984158,0.0241159822012263,FUSED,ACCEPTED,ACCEPTED,120.206545118,120.206545118
120.369679107,8.32287857052496,133.24635681068878,0.011697379961982453,0.003320373697822148,0.15543538701338794,False,0.0,0.0,0.0241159822012263,MODEL_ONLY,DUPLICATE_OR_OLD,DUPLICATE_OR_OLD,120.206545118,120.206545118
120.41967910700001,8.337577989617753,133.66286822469246,0.0062543140884087686,0.003320373697822148,0.15543538701338794,False,0.0,0.6254314088408767,0.03816704075861431,FUSED,ACCEPTED,ACCEPTED,120.32051429,120.32051429
120.469679107,8.34331852269841,134.0798906375003,0.011254314088408485,0.003320373697822148,0.15543538701338794,False,0.0,0.0,0.03816704075861431,MODEL_ONLY,DUPLICATE_OR_OLD,DUPLICATE_OR_OLD,120.32051429,120.32051429
120.519679107,8.358373259138625,134.49743293204622,0.006191102168456499,0.003320373697822148,0.15543538701338794,False,0.0,0.6191102168456499,0.05840224615942571,FUSED,ACCEPTED,ACCEPTED,120.440474435,120.440474435
120.56967910700001,8.363676998952709,134.9154841884986,0.011191102168457636,0.003320373697822148,0.15543538701338794,False,0.0,0.0,0.05840224615942571,MODEL_ONLY,DUPLICATE_OR_OLD,DUPLICATE_OR_OLD,120.440474435,120.440474435
120.619679107,8.377148831687995,135.33400483426448,0.00618190943791445,0.003320373697822148,0.15543538701338794,False,0.0,0.6181909437914449,0.07510819701083182,FUSED,ACCEPTED,ACCEPTED,120.514832193,120.514832193
120.66967910700001,8.38216491997076,135.75298767805603,0.011181909437915586,0.003320373697822148,0.15543538701338794,False,0.0,0.0,0.07510819701083182,MODEL_ONLY,DUPLICATE_OR_OLD,DUPLICATE_OR_OLD,120.514832193,120.514832193
120.719679107,8.406434508524084,136.17270266376838,0.00618056886809084,0.003320373697822148,0.15543538701338794,False,0.0,0.6180568868090838,0.1247542701009122,FUSED,ACCEPTED,ACCEPTED,120.610432529,120.610432529
120.769679107,8.413062366794028,136.5931900856513,0.011180568868090556,0.003320373697822148,0.15543538701338794,False,0.0,0.0,0.1247542701009122,MODEL_ONLY,DUPLICATE_OR_OLD,DUPLICATE_OR_OLD,120.610432529,120.610432529
120.81967910700001,8.41172252612551,137.0138097079744,0.0061803732950250065,0.003320373697822148,0.15543538701338794,False,0.0,0.6180373295025006,0.07498638549898866,FUSED,ACCEPTED,ACCEPTED,120.72656716,120.72656716
120.869679107,8.41518713421368,137.43448244948272,0.011180373295023301,0.003320373697822148,0.15543538701338794,False,0.0,0.0,0.07498638549898866,MODEL_ONLY,DUPLICATE_OR_OLD,DUPLICATE_OR_OLD,120.72656716,120.72656716
120.91967910700001,8.417084486477734,137.85528924000008,0.006180344761585011,0.003320373697822148,0.15543538701338794,False,0.0,0.618034476158501,0.09088734925335444,FUSED,ACCEPTED,ACCEPTED,120.810379469,120.810379469
120.969679107,8.420820980269953,138.27623687666875,0.011180344761584728,0.003320373697822148,0.15543538701338794,False,0.0,0.0,0.09088734925335444,MODEL_ONLY,DUPLICATE_OR_OLD,DUPLICATE_OR_OLD,120.810379469,120.810379469
121.019679107,8.411005392206532,138.69703253598064,0.006180340598618307,0.003320373697822148,0.15543538701338794,False,0.0,0.6180340598618306,0.05242919391091897,FUSED,ACCEPTED,ACCEPTED,120.914344281,120.914344281
121.06967910700001,8.412413411704968,139.11761800607854,0.011180340598619444,0.003320373697822148,0.15543538701338794,False,0.0,0.0,0.05242919391091897,MODEL_ONLY,DUPLICATE_OR_OLD,DUPLICATE_OR_OLD,120.914344281,120.914344281
121.11967910700001,8.404868991246948,139.53805006615232,0.0061803399912499874,0.003320373697822148,0.15543538701338794,False,0.0,0.6180339991249986,0.0506022167539282,FUSED,ACCEPTED,ACCEPTED,121.00831934,121.00831934
121.16967910700001,8.40587125821242,139.95831857238878,0.011180339991249705,0.003320373697822148,0.15543538701338794,False,0.0,0.0,0.0506022167539282,MODEL_ONLY,DUPLICATE_OR_OLD,DUPLICATE_OR_OLD,121.00831934,121.00831934
121.219679107,8.403766055806082,140.3785595052392,0.006180339902635939,0.003320373697822148,0.15543538701338794,False,0.0,0.6180339902635938,0.053426253274007386,FUSED,ACCEPTED,ACCEPTED,121.110299394,121.110299394
121.269679107,8.4046657922764,140.7987703014412,0.011180339902635655,0.003320373697822148,0.15543538701338794,False,0.0,0.0,0.053426253274007386,MODEL_ONLY,DUPLICATE_OR_OLD,DUPLICATE_OR_OLD,121.110299394,121.110299394
121.31967910700001,8.390045827839803,141.21863809194423,0.006180339889707532,0.003320373697822148,0.15543538701338794,False,0.0,0.6180339889707529,0.01184917078246097,FUSED,ACCEPTED,ACCEPTED,121.206267978,121.206267978
121.36967910700001,8.388677763779768,141.63810618173468,0.011180339889707248,0.003320373697822148,0.15543538701338794,False,0.0,0.0,0.01184917078246097,MODEL_ONLY,DUPLICATE_OR_OLD,DUPLICATE_OR_OLD,121.206267978,121.206267978
121.41967910700001,8.38001310967577,142.05732345357106,0.006180339887821094,0.003320373697822148,0.15543538701338794,False,0.0,0.6180339887821094,0.017302617992638755,FUSED,ACCEPTED,ACCEPTED,121.310240686,121.310240686
121.469679107,8.374820434954476,142.47619429218682,0.005278640450075953,0.003320373697822148,0.15543538701338794,False,0.0,0.5278640450075953,0.01102488108756305,FUSED,ACCEPTED,ACCEPTED,121.41221463,121.41221463
121.519679107,8.373204296886314,142.8948949104828,0.01027864045007567,0.003320373697822148,0.15543538701338794,False,0.0,0.0,0.01102488108756305,MODEL_ONLY,DUPLICATE_OR_OLD,DUPLICATE_OR_OLD,121.41221463,121.41221463
121.56967910700001,8.371534992467854,143.31351339271674,0.015278640450076807,0.003320373697822148,0.15543538701338794,False,0.0,0.0,0.01102488108756305,MODEL_ONLY,DUPLICATE_OR_OLD,DUPLICATE_OR_OLD,121.41221463,121.41221463
121.61967910700001,8.368975151250732,143.73202614630966,0.006697341805525246,0.003320373697822148,0.15543538701338794,False,0.0,0.6697341805525245,0.01637003453938199,FUSED,ACCEPTED,ACCEPTED,121.518174035,121.518174035
121.66967910700001,8.367485077653757,144.15043765203225,0.011697341805524963,0.003320373697822148,0.15543538701338794,False,0.0,0.0,0.01637003453938199,MODEL_ONLY,DUPLICATE_OR_OLD,DUPLICATE_OR_OLD,121.518174035,121.518174035
121.719679107,8.362300943945998,144.56868230257223,0.0062543087349877565,0.003320373697822148,0.15543538701338794,False,0.0,0.6254308734987756,0.005829110778441237,FUSED,ACCEPTED,ACCEPTED,121.612149949,121.612149949
121.769679107,8.360215583900311,144.98674521576834,0.011254308734987473,0.003320373697822148,0.15543538701338794,False,0.0,0.0,0.005829110778441237,MODEL_ONLY,DUPLICATE_OR_OLD,DUPLICATE_OR_OLD,121.612149949,121.612149949
121.81967910700001,8.359445548857527,145.4047367440874,0.006191101391798143,0.003320373697822148,0.15543538701338794,False,0.0,0.6191101391798142,0.015744365437404026,FUSED,ACCEPTED,ACCEPTED,121.746117929,121.746117929
121.86967910700001,8.357803050263906,145.8226679590654,0.01119110139179786,0.003320373697822148,0.15543538701338794,False,0.0,0.0,0.015744365437404026,MODEL_ONLY,DUPLICATE_OR_OLD,DUPLICATE_OR_OLD,121.746117929,121.746117929
121.91967910700001,8.351727647141226,146.2404062265005,0.006181909324694625,0.003320373697822148,0.15543538701338794,False,0.0,0.6181909324694623,-0.0004343809452339309,FUSED,ACCEPTED,ACCEPTED,121.808091929,121.808091929
121.969679107,8.349235201046332,146.65793029770518,0.011181909324694341,0.003320373697822148,0.15543538701338794,False,0.0,0.0,-0.0004343809452339309,MODEL_ONLY,DUPLICATE_OR_OLD,DUPLICATE_OR_OLD,121.808091929,121.808091929
122.019679107,8.347382253480246,147.07534573406832,0.006180568851574062,0.003320373697822148,0.15543538701338794,False,0.0,0.6180568851574062,0.009878609543975986,FUSED,ACCEPTED,ACCEPTED,121.908082995,121.908082995
122.06967910700001,8.345373664956742,147.49266463202935,0.0111805688515752,0.003320373697822148,0.15543538701338794,False,0.0,0.0,0.009878609543975986,MODEL_ONLY,DUPLICATE_OR_OLD,DUPLICATE_OR_OLD,121.908082995,121.908082995
122.11967910700001,8.348359440987243,147.91000795967793,0.006180373292615282,0.003320373697822148,0.15543538701338794,False,0.0,0.6180373292615282,0.021904663485031776,FUSED,ACCEPTED,ACCEPTED,122.006039881,122.006039881
122.16967910700001,8.346927509372183,148.3273901334369,0.011180373292614999,0.003320373697822148,0.15543538701338794,False,0.0,0.0,0.021904663485031776,MODEL_ONLY,DUPLICATE_OR_OLD,DUPLICATE_OR_OLD,122.006039881,122.006039881
122.219679107,8.347590386820709,148.7447530808417,0.006180344761233438,0.003320373697822148,0.15543538701338794,False,0.0,0.6180344761233436,0.020106150897549916,FUSED,ACCEPTED,ACCEPTED,122.110006365,122.110006365
122.269679107,8.346049423644185,149.1620940761033,0.011180344761233155,0.003320373697822148,0.15543538701338794,False,0.0,0.0,0.020106150897549916,MODEL_ONLY,DUPLICATE_OR_OLD,DUPLICATE_OR_OLD,122.110006365,122.110006365
122.31967910700001,8.345000815477233,149.57937033208142,0.0061803405985672195,0.003320373697822148,0.15543538701338794,False,0.0,0.618034059856722,0.01965382897502295,FUSED,ACCEPTED,ACCEPTED,122.209986906,122.209986906
122.36967910700001,8.343422424885429,149.99658091309044,0.011180340598566936,0.003320373697822148,0.15543538701338794,False,0.0,0.0,0.01965382897502295,MODEL_ONLY,DUPLICATE_OR_OLD,DUPLICATE_OR_OLD,122.209986906,122.209986906
122.41967910700001,8.339036959605926,150.4136423977027,0.006180339991242326,0.003320373697822148,0.15543538701338794,False,0.0,0.6180339991242325,0.011047457818763966,FUSED,ACCEPTED,ACCEPTED,122.311957979,122.311957979
122.469679107,8.33910725637516,150.8305960031022,0.005278640473129825,0.003320373697822148,0.15543538701338794,False,0.0,0.5278640473129823,0.023089280586541583,FUSED,ACCEPTED,ACCEPTED,122.409929616,122.409929616
122.519679107,8.33768442285346,151.24751579508288,0.010278640473129541,0.003320373697822148,0.15543538701338794,False,0.0,0.0,0.023089280586541583,MODEL_ONLY,DUPLICATE_OR_OLD,DUPLICATE_OR_OLD,122.409929616,122.409929616
122.56967910700001,8.33625742167491,151.66436434119618,0.015278640473130678,0.003320373697822148,0.15543538701338794,False,0.0,0.0,0.023089280586541583,MODEL_ONLY,DUPLICATE_OR_OLD,DUPLICATE_OR_OLD,122.409929616,122.409929616
122.61967910700001,8.333217570793707,152.08110121600788,0.00669734180803986,0.003320373697822148,0.15543538701338794,False,0.0,0.6697341808039858,0.01414023181715179,FUSED,ACCEPTED,ACCEPTED,122.515908417,122.515908417
122.66967910700001,8.331336216840159,152.4977150606987,0.011697341808039576,0.003320373697822148,0.15543538701338794,False,0.0,0.0,0.01414023181715179,MODEL_ONLY,DUPLICATE_OR_OLD,DUPLICATE_OR_OLD,122.515908417,122.515908417
122.719679107,8.331784510577643,152.91429307888413,0.006254308735340562,0.003320373697822148,0.15543538701338794,False,0.0,0.6254308735340561,0.024127619216515697,FUSED,ACCEPTED,ACCEPTED,122.607881935,122.607881935
122.769679107,8.330397176708503,153.33084762106625,0.01125430873534028,0.003320373697822148,0.15543538701338794,False,0.0,0.0,0.024127619216515697,MODEL_ONLY,DUPLICATE_OR_OLD,DUPLICATE_OR_OLD,122.607881935,122.607881935
