t,v,s,pvv,pvd,pdd,active,added,gain,d,mode,front_status,rear_status,front_t,rear_t
107.615782164,0.0,0.0,1.0,0.0,0.0,False,0.0,0.0,0.0,WAITING_FOR_INITIALIZATION,MISSING_OR_STALE,MISSING_OR_STALE,,
107.66578216399999,0.0,0.0,0.010000000000000002,0.0,0.0,False,0.0,0.0,0.0,INITIALIZED,ACCEPTED,ACCEPTED,107.604154646,107.604154646
107.71578216399999,0.0,0.0,0.014999999999999718,0.0,0.0,False,0.0,0.0,0.0,MODEL_ONLY,DUPLICATE_OR_OLD,DUPLICATE_OR_OLD,107.604154646,107.604154646
107.765782164,0.06754531904503247,0.0016886329761261957,0.006666666666666763,0.0,0.0,False,0.0,0.6666666666666761,0.0,FUSED,ACCEPTED,ACCEPTED,107.706112714,107.706112714
107.815782164,0.06669520013320741,0.005044645955582002,0.01166666666666648,0.0,0.0,False,0.0,0.0,0.0,MODEL_ONLY,DUPLICATE_OR_OLD,DUPLICATE_OR_OLD,107.706112714,107.706112714
107.865782164,0.11696079212101304,0.009636045761937254,0.006249999999999934,0.0,0.0,False,0.0,0.6249999999999933,0.0,FUSED,ACCEPTED,ACCEPTED,107.806076235,107.806076235
107.91578216399999,0.19126637575987038,0.0173417249589589,0.005294117647058747,0.0,0.0,False,0.0,0.5294117647058745,0.0,FUSED,ACCEPTED,ACCEPTED,107.914401594,107.914401594
107.96578216399999,0.18932464400183233,0.02685650045300093,0.010294117647058464,0.0,0.0,False,0.0,0.0,0.0,MODEL_ONLY,DUPLICATE_OR_OLD,DUPLICATE_OR_OLD,107.914401594,107.914401594
108.015782164,0.274001288801558,0.03843964877308832,0.006046511627907099,0.0,0.0,False,0.0,0.6046511627907099,0.0,FUSED,ACCEPTED,ACCEPTED,108.000033914,108.000033914
108.065782164,0.2699259785292493,0.05203783045635773,0.011046511627906815,0.0,0.0,False,0.0,0.0,0.0,MODEL_ONLY,DUPLICATE_OR_OLD,DUPLICATE_OR_OLD,108.000033914,108.000033914
108.115782164,0.3660095279309318,0.06793621811786135,0.006160714285714221,0.0,0.0,False,0.0,0.6160714285714219,0.0,FUSED,ACCEPTED,ACCEPTED,108.104002122,108.104002122
108.16578216399999,0.35703450242139473,0.08601231887666849,0.011160714285713937,0.0,0.0,False,0.0,0.0,0.0,MODEL_ONLY,DUPLICATE_OR_OLD,DUPLICATE_OR_OLD,108.104002122,108.104002122
108.21578216399999,0.3458104787298174,0.1035834434054478,0.016160714285713654,0.0,0.0,False,0.0,0.0,0.0,MODEL_ONLY,DUPLICATE_OR_OLD,DUPLICATE_OR_OLD,108.104002122,108.104002122
108.265782164,0.46984188338622024,0.12397475245835338,0.006790830945558792,0.0,0.0,False,0.0,0.679083094555879,0.2676979782097046,FUSED,ACCEPTED,ACCEPTED,108.205969804,108.205969804
108.315782164,0.5790778890882168,0.1501977467702128,0.0054109138724522865,0.0,0.0,False,0.0,0.5410913872452284,0.5046337211123983,FUSED,ACCEPTED,ACCEPTED,108.307940308,108.307940308
108.365782164,0.584758717904278,0.17929366194502352,0.010410913872452004,0.0,0.0,False,0.0,0.0,0.5046337211123983,MODEL_ONLY,DUPLICATE_OR_OLD,DUPLICATE_OR_OLD,108.307940308,108.307940308
108.41578216399999,0.7006088700598798,0.21142785164412564,0.006064683053040009,0.0,0.0,False,0.0,0.6064683053040008,0.6,FUSED,ACCEPTED,ACCEPTED,108.40990025,108.40990025
108.46578216399999,0.7052220195799636,0.24657362388511975,0.011064683053039726,0.0,0.0,False,0.0,0.0,0.6,MODEL_ONLY,DUPLICATE_OR_OLD,DUPLICATE_OR_OLD,108.40990025,108.40990025
108.515782164,0.7074241179682131,0.2818897773238322,0.016064683053040863,0.0,0.0,False,0.0,0.0,0.6,MODEL_ONLY,DUPLICATE_OR_OLD,DUPLICATE_OR_OLD,108.40990025,108.40990025
108.565782164,0.8321178076901885,0.32037832546529005,0.006780910340232425,0.0,0.0,False,0.0,0.6780910340232422,0.6,FUSED,ACCEPTED,ACCEPTED,108.495883216,108.495883216
108.615782164,0.8297360116894745,0.36192467094977926,0.011780910340232141,0.0,0.0,False,0.0,0.0,0.6,MODEL_ONLY,DUPLICATE_OR_OLD,DUPLICATE_OR_OLD,108.495883216,108.495883216
108.66578216399999,0.9395760992367558,0.40615747372293254,0.006265996983314862,0.0,0.0,False,0.0,0.626599698331486,0.6,FUSED,ACCEPTED,ACCEPTED,108.607850518,108.607850518
108.71578216399999,0.933080954770317,0.4529739000731067,0.01126599698331458,0.0,0.0,False,0.0,0.0,0.6,MODEL_ONLY,DUPLICATE_OR_OLD,DUPLICATE_OR_OLD,108.607850518,108.607850518
108.765782164,1.0376759522437566,0.5022428227484698,0.006192796334229367,0.0,0.0,False,0.0,0.6192796334229367,0.6,FUSED,ACCEPTED,ACCEPTED,108.703821635,108.703821635
108.815782164,1.1296295209043332,0.5564254595771689,0.005281415513889162,0.0,0.0,False,0.0,0.528141551388916,0.6,FUSED,ACCEPTED,ACCEPTED,108.795799486,108.795799486
108.865782164,1.1178806049795418,0.6126132127242626,0.010281415513888878,0.0,0.0,False,0.0,0.0,0.6,MODEL_ONLY,DUPLICATE_OR_OLD,DUPLICATE_OR_OLD,108.795799486,108.795799486
108.91578216399999,1.2387969967333108,0.6715301527670806,0.006044525278061904,0.0,0.0,False,0.0,0.6044525278061901,0.6,FUSED,ACCEPTED,ACCEPTED,108.899779865,108.899779865
108.96578216399999,1.2240008913276685,0.7331000999686016,0.01104452527806162,0.0,0.0,False,0.0,0.0,0.6,MODEL_ONLY,DUPLICATE_OR_OLD,DUPLICATE_OR_OLD,108.899779865,108.899779865
109.015782164,1.3421559925783455,0.7972540220662666,0.006160421473136631,0.0,0.0,False,0.0,0.616042147313663,0.6,FUSED,ACCEPTED,ACCEPTED,108.997739448,108.997739448
109.065782164,1.3249975326089471,0.8639328601959452,0.011160421473136346,0.0,0.0,False,0.0,0.0,0.6,MODEL_ONLY,DUPLICATE_OR_OLD,DUPLICATE_OR_OLD,108.997739448,108.997739448
109.115782164,1.3068651849259134,0.9297294281343129,0.016160421473136063,0.0,0.0,False,0.0,0.0,0.6,MODEL_ONLY,DUPLICATE_OR_OLD,DUPLICATE_OR_OLD,108.997739448,108.997739448
109.16578216399999,1.4393133117766923,0.9983838905518743,0.006790800789193028,0.0,0.0,False,0.0,0.6790800789193026,0.6,FUSED,ACCEPTED,ACCEPTED,109.103719924,109.103719924
109.21578216399999,1.4190803261438587,1.0698437314998839,0.011790800789192745,0.0,0.0,False,0.0,0.0,0.6,MODEL_ONLY,DUPLICATE_OR_OLD,DUPLICATE_OR_OLD,109.103719924,109.103719924
109.265782164,1.5318077183288954,1.1436159326117197,0.006267375477617856,0.0,0.0,False,0.0,0.6267375477617855,0.6,FUSED,ACCEPTED,ACCEPTED,109.205681184,109.205681184
109.315782164,1.5099462571721098,1.2196597819992405,0.011267375477617574,0.0,0.0,False,0.0,0.0,0.6,MODEL_ONLY,DUPLICATE_OR_OLD,DUPLICATE_OR_OLD,109.205681184,109.205681184
109.365782164,1.6415815529708755,1.2984479772528106,0.006192996133732087,0.0,0.0,False,0.0,0.6192996133732087,0.6,FUSED,ACCEPTED,ACCEPTED,109.333645414,109.333645414
109.41578216399999,1.6184576584312031,1.3799489575378578,0.011192996133731804,0.0,0.0,False,0.0,0.0,0.6,MODEL_ONLY,DUPLICATE_OR_OLD,DUPLICATE_OR_OLD,109.333645414,109.333645414
109.46578216399999,1.7285892692721871,1.463625130730438,0.006182185516714551,0.0,0.0,False,0.0,0.6182185516714549,0.6,FUSED,ACCEPTED,ACCEPTED,109.411628575,109.411628575
109.515782164,1.704486708039205,1.5494520301632422,0.011182185516715688,0.0,0.0,False,0.0,0.0,0.6,MODEL_ONLY,DUPLICATE_OR_OLD,DUPLICATE_OR_OLD,109.411628575,109.411628575
109.565782164,1.8106113442033225,1.6373294814693005,0.0061806091421910785,0.0,0.0,False,0.0,0.6180609142191077,0.6,FUSED,ACCEPTED,ACCEPTED,109.501608607,109.501608607
109.615782164,1.7857500993742161,1.7272385175587337,0.011180609142190795,0.0,0.0,False,0.0,0.0,0.6,MODEL_ONLY,DUPLICATE_OR_OLD,DUPLICATE_OR_OLD,109.501608607,109.501608607
109.66578216399999,1.8707327891701888,1.8186505897723386,0.006180379170825012,0.0,0.0,False,0.0,0.6180379170825012,0.6,FUSED,ACCEPTED,ACCEPTED,109.611568495,109.611568495
109.71578216399999,1.845032929397753,1.911544732736532,0.011180379170824728,0.0,0.0,False,0.0,0.0,0.6,MODEL_ONLY,DUPLICATE_OR_OLD,DUPLICATE_OR_OLD,109.611568495,109.611568495
109.765782164,1.968337057118192,2.0068789823994524,0.006180345618850506,0.0,0.0,False,0.0,0.6180345618850505,0.6,FUSED,ACCEPTED,ACCEPTED,109.707543669,109.707543669
109.815782164,1.9424971507947195,2.1046498375972695,0.011180345618850222,0.0,0.0,False,0.0,0.0,0.6,MODEL_ONLY,DUPLICATE_OR_OLD,DUPLICATE_OR_OLD,109.707543669,109.707543669
109.865782164,2.062969294539966,2.204786498730631,0.006180340723691606,0.0,0.0,False,0.0,0.6180340723691605,0.6,FUSED,ACCEPTED,ACCEPTED,109.829520961,109.829520961
109.91578216399999,2.0375192306417467,2.307298711860168,0.011180340723691323,0.0,0.0,False,0.0,0.0,0.6,MODEL_ONLY,DUPLICATE_OR_OLD,DUPLICATE_OR_OLD,109.829520961,109.829520961
109.96578216399999,2.146058763027606,2.4118881617018957,0.006180340009497728,0.0,0.0,False,0.0,0.6180340009497726,0.6,FUSED,ACCEPTED,ACCEPTED,109.90748724,109.90748724
110.015782164,2.1214299469142044,2.5185753794504655,0.011180340009498864,0.0,0.0,False,0.0,0.0,0.6,MODEL_ONLY,DUPLICATE_OR_OLD,DUPLICATE_OR_OLD,109.90748724,109.90748724
110.065782164,2.205794302032484,2.6267559856741265,0.006180339905298455,0.0,0.0,False,0.0,0.6180339905298455,0.6,FUSED,ACCEPTED,ACCEPTED,110.005464008,110.005464008
110.115782164,2.1823446851958574,2.736459460354829,0.01118033990529817,0.0,0.0,False,0.0,0.0,0.6,MODEL_ONLY,DUPLICATE_OR_OLD,DUPLICATE_OR_OLD,110.005464008,110.005464008
110.16578216399999,2.2858625963638777,2.848164642393816,0.006180339890095779,0.0,0.0,False,0.0,0.6180339890095778,0.6,FUSED,ACCEPTED,ACCEPTED,110.101429696,110.101429696
110.21578216399999,2.3659354323848496,2.9644595931125277,0.0052786404505830095,0.0,0.0,False,0.0,0.5278640450583008,0.6,FUSED,ACCEPTED,ACCEPTED,110.203404077,110.203404077
110.265782164,2.3447266296738403,3.082226144664022,0.010278640450584147,0.0,0.0,False,0.0,0.0,0.6,MODEL_ONLY,DUPLICATE_OR_OLD,DUPLICATE_OR_OLD,110.203404077,110.203404077
110.315782164,2.4545007138197654,3.2022068282513554,0.006044091050090858,0.0,0.0,False,0.0,0.6044091050090856,0.6,FUSED,ACCEPTED,ACCEPTED,110.315383352,110.315383352
110.365782164,2.4345451990852554,3.324432976073974,0.011044091050090575,0.0,0.0,False,0.0,0.0,0.6,MODEL_ONLY,DUPLICATE_OR_OLD,DUPLICATE_OR_OLD,110.315383352,110.315383352
110.41578216399999,2.4151063514663615,3.445674264837758,0.01604409105009029,0.0,0.0,False,0.0,0.0,0.6,MODEL_ONLY,DUPLICATE_OR_OLD,DUPLICATE_OR_OLD,110.315383352,110.315383352
110.46578216399999,2.525225105014114,3.5691825512497624,0.006778775070635864,0.0,0.0,False,0.0,0.6778775070635863,0.6,FUSED,ACCEPTED,ACCEPTED,110.425347222,110.425347222
110.515782164,2.5066416965779204,3.694979221289592,0.011778775070637001,0.0,0.0,False,0.0,0.0,0.6,MODEL_ONLY,DUPLICATE_OR_OLD,DUPLICATE_OR_OLD,110.425347222,110.425347222
110.565782164,2.591590370909699,3.822435022976775,0.006265699243665133,0.0,0.0,False,0.0,0.6265699243665132,0.6,FUSED,ACCEPTED,ACCEPTED,110.501335535,110.501335535
110.615782164,2.651789042149105,3.9535195083032377,0.005297591729564667,0.0,0.0,False,0.0,0.5297591729564666,0.6,FUSED,ACCEPTED,ACCEPTED,110.603301253,110.603301253
110.66578216399999,2.634759847600803,4.085683230546978,0.010297591729564383,0.0,0.0,False,0.0,0.0,0.6,MODEL_ONLY,DUPLICATE_OR_OLD,DUPLICATE_OR_OLD,110.603301253,110.603301253
110.71578216399999,2.711044004516078,4.219328326849893,0.0060470545548754855,0.0,0.0,False,0.0,0.6047054554875485,0.6,FUSED,ACCEPTED,ACCEPTED,110.707277617,110.707277617
110.765782164,2.694946284215008,4.354478084068201,0.011047054554876623,0.0,0.0,False,0.0,0.0,0.6,MODEL_ONLY,DUPLICATE_OR_OLD,DUPLICATE_OR_OLD,110.707277617,110.707277617
110.815782164,2.6792325635386565,4.488832555262035,0.016047054554876337,0.0,0.0,False,0.0,0.0,0.6,MODEL_ONLY,DUPLICATE_OR_OLD,DUPLICATE_OR_OLD,110.707277617,110.707277617
110.865782164,2.755613132231595,4.624703697656283,0.006779082543136299,0.0,0.0,False,0.0,0.6779082543136297,0.6,FUSED,ACCEPTED,ACCEPTED,110.807237088,110.807237088
110.91578216399999,2.800715992338801,4.763611925770535,0.005408438358138442,0.0,0.0,False,0.0,0.5408438358138441,0.6,FUSED,ACCEPTED,ACCEPTED,110.911208289,110.911208289
110.96578216399999,2.785900156199257,4.903277329483979,0.010408438358138159,0.0,0.0,False,0.0,0.0,0.6,MODEL_ONLY,DUPLICATE_OR_OLD,DUPLICATE_OR_OLD,110.911208289,110.911208289
111.015782164,2.7713150913726703,5.042207710673309,0.015408438358139296,0.0,0.0,False,0.0,0.0,0.6,MODEL_ONLY,DUPLICATE_OR_OLD,DUPLICATE_OR_OLD,110.911208289,110.911208289
111.065782164,2.8349712822457676,5.182364870013761,0.0067114391465211715,0.0,0.0,False,0.0,0.671143914652117,0.6,FUSED,ACCEPTED,ACCEPTED,111.017183591,111.017183591
111.115782164,2.830209618486077,5.323994392532049,0.005394133050087363,0.0,0.0,False,0.0,0.5394133050087362,0.561579589751994,FUSED,ACCEPTED,ACCEPTED,111.103157456,111.103157456
111.16578216399999,2.814243132615726,5.465105711309586,0.01039413305008708,0.0,0.0,False,0.0,0.0,0.561579589751994,MODEL_ONLY,DUPLICATE_OR_OLD,DUPLICATE_OR_OLD,111.103157456,111.103157456
111.21578216399999,2.822690938160176,5.606029063078976,0.006062082536829972,0.0,0.0,False,0.0,0.6062082536829969,0.6,FUSED,ACCEPTED,ACCEPTED,111.207128267,111.207128267
111.265782164,2.8089062672882767,5.74681899321522,0.011062082536831108,0.0,0.0,False,0.0,0.0,0.6,MODEL_ONLY,DUPLICATE_OR_OLD,DUPLICATE_OR_OLD,111.207128267,111.207128267
111.315782164,2.795229108765833,5.886922377616564,0.016062082536830825,0.0,0.0,False,0.0,0.0,0.6,MODEL_ONLY,DUPLICATE_OR_OLD,DUPLICATE_OR_OLD,111.207128267,111.207128267
111.365782164,2.8072708302045397,6.026984876090816,0.006780640838184972,0.0,0.0,False,0.0,0.6780640838184971,0.6,FUSED,ACCEPTED,ACCEPTED,111.315110288,111.315110288
111.41578216399999,2.8160054771052003,6.16756678377355,0.005408766861226362,0.0,0.0,False,0.0,0.540876686122636,0.6,FUSED,ACCEPTED,ACCEPTED,111.407077914,111.407077914
111.46578216399999,2.8025797086099287,6.30803141341642,0.010408766861226078,0.0,0.0,False,0.0,0.0,0.6,MODEL_ONLY,DUPLICATE_OR_OLD,DUPLICATE_OR_OLD,111.407077914,111.407077914
111.515782164,2.789218551547704,6.447826369920393,0.015408766861227215,0.0,0.0,False,0.0,0.0,0.6,MODEL_ONLY,DUPLICATE_OR_OLD,DUPLICATE_OR_OLD,111.407077914,111.407077914
111.565782164,2.783654282276826,6.587148190765998,0.00671147467253905,0.0,0.0,False,0.0,0.6711474672539048,0.5862019232552534,FUSED,ACCEPTED,ACCEPTED,111.499049093,111.499049093
111.615782164,2.769710197706666,6.725982302765577,0.011711474672538767,0.0,0.0,False,0.0,0.0,0.5862019232552534,MODEL_ONLY,DUPLICATE_OR_OLD,DUPLICATE_OR_OLD,111.499049093,111.499049093
111.66578216399999,2.7841965208033086,6.864829970728319,0.0062562905558034235,0.0,0.0,False,0.0,0.6256290555803422,0.6,FUSED,ACCEPTED,ACCEPTED,111.601026848,111.601026848
111.71578216399999,2.778738660276836,7.003903350255315,0.005295510299058309,0.0,0.0,False,0.0,0.5295510299058309,0.5939371709646497,FUSED,ACCEPTED,ACCEPTED,111.706999032,111.706999032
111.765782164,2.765298456342691,7.1425042781708346,0.010295510299059446,0.0,0.0,False,0.0,0.0,0.5939371709646497,MODEL_ONLY,DUPLICATE_OR_OLD,DUPLICATE_OR_OLD,111.706999032,111.706999032
111.815782164,2.7728640456380274,7.280958340720344,0.006046729288409755,0.0,0.0,False,0.0,0.6046729288409753,0.6,FUSED,ACCEPTED,ACCEPTED,111.813389887,111.813389887
111.865782164,2.7597835877220707,7.419274531554339,0.011046729288409472,0.0,0.0,False,0.0,0.0,0.6,MODEL_ONLY,DUPLICATE_OR_OLD,DUPLICATE_OR_OLD,111.813389887,111.813389887
111.91578216399999,2.7467264650001115,7.5569372828723855,0.016046729288409188,0.0,0.0,False,0.0,0.0,0.6,MODEL_ONLY,DUPLICATE_OR_OLD,DUPLICATE_OR_OLD,111.813389887,111.813389887
111.96578216399999,2.741869798386534,7.694152189457045,0.006779048798633539,0.0,0.0,False,0.0,0.6779048798633537,0.5968515149808826,FUSED,ACCEPTED,ACCEPTED,111.908950997,111.908950997
112.015782164,2.7407191213519617,7.831216912450538,0.005408431243963742,0.0,0.0,False,0.0,0.540843124396374,0.6,FUSED,ACCEPTED,ACCEPTED,111.996908993,111.996908993
112.065782164,2.727716561990243,7.967927804534085,0.010408431243963458,0.0,0.0,False,0.0,0.0,0.6,MODEL_ONLY,DUPLICATE_OR_OLD,DUPLICATE_OR_OLD,111.996908993,111.996908993
112.115782164,2.71472802632285,8.103988919241905,0.015408431243963175,0.0,0.0,False,0.0,0.0,0.6,MODEL_ONLY,DUPLICATE_OR_OLD,DUPLICATE_OR_OLD,111.996908993,111.996908993
112.16578216399999,2.7142676294728325,8.23971381063679,0.00671143837714899,0.0,0.0,False,0.0,0.6711438377148988,0.6,FUSED,ACCEPTED,ACCEPTED,112.100895708,112.100895708
112.21578216399999,2.7013023126580715,8.375103059190055,0.011711438377148706,0.0,0.0,False,0.0,0.0,0.6,MODEL_ONLY,DUPLICATE_OR_OLD,DUPLICATE_OR_OLD,112.100895708,112.100895708
112.265782164,2.7029998178925214,8.51021061245385,0.006256285468866984,0.0,0.0,False,0.0,0.6256285468866982,0.6,FUSED,ACCEPTED,ACCEPTED,112.200859789,112.200859789
112.315782164,2.6900525008191605,8.645036920421633,0.0112562854688667,0.0,0.0,False,0.0,0.0,0.6,MODEL_ONLY,DUPLICATE_OR_OLD,DUPLICATE_OR_OLD,112.200859789,112.200859789
112.365782164,2.687465046757425,8.77947485911104,0.006191388148998619,0.0,0.0,False,0.0,0.6191388148998618,0.6,FUSED,ACCEPTED,ACCEPTED,112.308832069,112.308832069
112.41578216399999,2.683898035642353,8.913758936171028,0.005281101960056036,0.0,0.0,False,0.0,0.5281101960056035,0.6,FUSED,ACCEPTED,ACCEPTED,112.406800215,112.406800215
112.46578216399999,2.670970424780992,9.047630647681604,0.010281101960055753,0.0,0.0,False,0.0,0.0,0.6,MODEL_ONLY,DUPLICATE_OR_OLD,DUPLICATE_OR_OLD,112.406800215,112.406800215
112.515782164,2.678196817223632,9.18135982873175,0.006044476219509897,0.0,0.0,False,0.0,0.6044476219509896,0.6,FUSED,ACCEPTED,ACCEPTED,112.500778528,112.500778528
112.565782164,2.665278730595953,9.314946717427233,0.011044476219509613,0.0,0.0,False,0.0,0.0,0.6,MODEL_ONLY,DUPLICATE_OR_OLD,DUPLICATE_OR_OLD,112.500778528,112.500778528
112.615782164,2.66278670438811,9.448148353301827,0.00616041424073285,0.0,0.0,False,0.0,0.6160414240732848,0.6,FUSED,ACCEPTED,ACCEPTED,112.610746166,112.610746166
112.66578216399999,2.6498760011460867,9.580964920940174,0.011160414240732566,0.0,0.0,False,0.0,0.0,0.6,MODEL_ONLY,DUPLICATE_OR_OLD,DUPLICATE_OR_OLD,112.610746166,112.610746166
112.71578216399999,2.6527793473736057,9.71353130465316,0.006177430560549075,0.0,0.0,False,0.0,0.6177430560549075,0.6,FUSED,ACCEPTED,ACCEPTED,112.702721342,112.702721342
112.765782164,2.6398743678869554,9.845847647534702,0.011177430560550213,0.0,0.0,False,0.0,0.0,0.6,MODEL_ONLY,DUPLICATE_OR_OLD,DUPLICATE_OR_OLD,112.702721342,112.702721342
112.815782164,2.643793930212697,9.977939354987186,0.006179915375243032,0.0,0.0,False,0.0,0.617991537524303,0.6,FUSED,ACCEPTED,ACCEPTED,112.798747344,112.798747344
112.865782164,2.6308933879012355,10.109806537940027,0.011179915375242749,0.0,0.0,False,0.0,0.0,0.6,MODEL_ONLY,DUPLICATE_OR_OLD,DUPLICATE_OR_OLD,112.798747344,112.798747344
112.91578216399999,2.6318438205738732,10.241374968151897,0.006180277950991129,0.0,0.0,False,0.0,0.6180277950991129,0.6,FUSED,ACCEPTED,ACCEPTED,112.904677101,112.904677101
112.96578216399999,2.6189467180536585,10.372644731617578,0.011180277950990846,0.0,0.0,False,0.0,0.0,0.6,MODEL_ONLY,DUPLICATE_OR_OLD,DUPLICATE_OR_OLD,112.904677101,112.904677101
113.015782164,2.626315326674177,10.503776282735805,0.006180330851062987,0.0,0.0,False,0.0,0.6180330851062987,0.6,FUSED,ACCEPTED,ACCEPTED,112.99863398,112.99863398
113.065782164,2.6134208907522654,10.634769688171458,0.011180330851062703,0.0,0.0,False,0.0,0.0,0.6,MODEL_ONLY,DUPLICATE_OR_OLD,DUPLICATE_OR_OLD,112.99863398,112.99863398
113.115782164,2.6269233449737186,10.765778294064601,0.006180338569100174,0.0,0.0,False,0.0,0.6180338569100171,0.6,FUSED,ACCEPTED,ACCEPTED,113.102624872,113.102624872
113.16578216399999,2.6140309762547234,10.896802152095304,0.01118033856909989,0.0,0.0,False,0.0,0.0,0.6,MODEL_ONLY,DUPLICATE_OR_OLD,DUPLICATE_OR_OLD,113.102624872,113.102624872
113.21578216399999,2.6233415712741137,11.027736465783518,0.006180339695147068,0.0,0.0,False,0.0,0.6180339695147066,0.6,FUSED,ACCEPTED,ACCEPTED,113.204582757,113.204582757
113.265782164,2.610450805094162,11.158581275192754,0.011180339695148206,0.0,0.0,False,0.0,0.0,0.6,MODEL_ONLY,DUPLICATE_OR_OLD,DUPLICATE_OR_OLD,113.204582757,113.204582757
113.315782164,2.6136331695521493,11.289183374558904,0.006180339859435312,0.0,0.0,False,0.0,0.6180339859435311,0.6,FUSED,ACCEPTED,ACCEPTED,113.306546297,113.306546297
113.365782164,2.6007436456940787,11.419542794940051,0.011180339859435028,0.0,0.0,False,0.0,0.0,0.6,MODEL_ONLY,DUPLICATE_OR_OLD,DUPLICATE_OR_OLD,113.306546297,113.306546297
113.41578216399999,2.609526785089153,11.549799555709626,0.006180339883404436,0.0,0.0,False,0.0,0.6180339883404435,0.6,FUSED,ACCEPTED,ACCEPTED,113.406521337,113.406521337
113.46578216399999,2.596638224305055,11.679953680944472,0.011180339883404153,0.0,0.0,False,0.0,0.0,0.6,MODEL_ONLY,DUPLICATE_OR_OLD,DUPLICATE_OR_OLD,113.406521337,113.406521337
113.515782164,2.6019601336113496,11.80991863989241,0.006180339886901693,0.0,0.0,False,0.0,0.6180339886901691,0.6,FUSED,ACCEPTED,ACCEPTED,113.502489807,113.502489807
113.565782164,2.589072319422394,11.939694451218246,0.01118033988690141,0.0,0.0,False,0.0,0.0,0.6,MODEL_ONLY,DUPLICATE_OR_OLD,DUPLICATE_OR_OLD,113.502489807,113.502489807
113.615782164,2.571114342886102,12.068699117775953,0.006180339887411727,0.0,0.0,False,0.0,0.6180339887411727,0.5649970984918442,FUSED,ACCEPTED,ACCEPTED,113.610464189,113.610464189
113.66578216399999,2.5564769623979764,12.196888900408048,0.011180339887411444,0.0,0.0,False,0.0,0.0,0.5649970984918442,MODEL_ONLY,DUPLICATE_OR_OLD,DUPLICATE_OR_OLD,113.610464189,113.610464189
113.71578216399999,2.541839820509978,12.32434681998074,0.01618033988741116,0.0,0.0,False,0.0,0.0,0.5649970984918442,MODEL_ONLY,DUPLICATE_OR_OLD,DUPLICATE_OR_OLD,113.610464189,113.610464189
113.765782164,2.55206518430369,12.45169444510111,0.006792850868172523,0.0,0.0,False,0.0,0.6792850868172523,0.6,FUSED,ACCEPTED,ACCEPTED,113.710458404,113.710458404
113.815782164,2.5391785825382955,12.578975539272152,0.01179285086817224,0.0,0.0,False,0.0,0.0,0.6,MODEL_ONLY,DUPLICATE_OR_OLD,DUPLICATE_OR_OLD,113.710458404,113.710458404
113.865782164,2.5262921436308474,12.705612307426373,0.016792850868171956,0.0,0.0,False,0.0,0.0,0.6,MODEL_ONLY,DUPLICATE_OR_OLD,DUPLICATE_OR_OLD,113.710458404,113.710458404
113.91578216399999,2.551492058248556,12.83255691247335,0.006854638786101703,0.0,0.0,False,0.0,0.6854638786101701,0.6,FUSED,ACCEPTED,ACCEPTED,113.91456154,113.91456154
113.96578216399999,2.5386058889829375,12.95980936115413,0.01185463878610142,0.0,0.0,False,0.0,0.0,0.6,MODEL_ONLY,DUPLICATE_OR_OLD,DUPLICATE_OR_OLD,113.91456154,113.91456154
114.015782164,2.5257198308769864,13.086417504150658,0.016854638786102556,0.0,0.0,False,0.0,0.0,0.6,MODEL_ONLY,DUPLICATE_OR_OLD,DUPLICATE_OR_OLD,113.91456154,113.91456154
114.065782164,2.5363584365776517,13.212969460837016,0.00686073979141686,0.0,0.0,False,0.0,0.686073979141686,0.6,FUSED,ACCEPTED,ACCEPTED,114.000359056,114.000359056
114.115782164,2.5234725625173526,13.339465235814384,0.011860739791416577,0.0,0.0,False,0.0,0.0,0.6,MODEL_ONLY,DUPLICATE_OR_OLD,DUPLICATE_OR_OLD,114.000359056,114.000359056
114.16578216399999,2.528299866757774,13.465759546546254,0.006277094347492383,0.0,0.0,False,0.0,0.6277094347492382,0.6,FUSED,ACCEPTED,ACCEPTED,114.104330939,114.104330939
114.21578216399999,2.515414135373525,13.59185239659953,0.011277094347492099,0.0,0.0,False,0.0,0.0,0.6,MODEL_ONLY,DUPLICATE_OR_OLD,DUPLICATE_OR_OLD,114.104330939,114.104330939
114.265782164,2.5079306229160134,13.717436015556796,0.006194404195624479,0.0,0.0,False,0.0,0.6194404195624477,0.5968020253199974,FUSED,ACCEPTED,ACCEPTED,114.216306105,114.216306105
114.315782164,2.5073672548706605,13.842818462501457,0.005281773477706629,0.0,0.0,False,0.0,0.5281773477706627,0.6,FUSED,ACCEPTED,ACCEPTED,114.310264482,114.310264482
114.365782164,2.494481679688967,13.96786468586544,0.010281773477706344,0.0,0.0,False,0.0,0.0,0.6,MODEL_ONLY,DUPLICATE_OR_OLD,DUPLICATE_OR_OLD,114.310264482,114.310264482
114.41578216399999,2.5017101889687448,14.092769482581875,0.00604458128350126,0.0,0.0,False,0.0,0.604458128350126,0.6,FUSED,ACCEPTED,ACCEPTED,114.406256367,114.406256367
114.46578216399999,2.4888246892815373,14.217532854538126,0.011044581283500977,0.0,0.0,False,0.0,0.0,0.6,MODEL_ONLY,DUPLICATE_OR_OLD,DUPLICATE_OR_OLD,114.406256367,114.406256367
114.515782164,2.4759392207168984,14.341651952288116,0.016044581283502113,0.0,0.0,False,0.0,0.0,0.6,MODEL_ONLY,DUPLICATE_OR_OLD,DUPLICATE_OR_OLD,114.406256367,114.406256367
114.565782164,2.4881430104233333,14.465754008066614,0.006778825937873304,0.0,0.0,False,0.0,0.6778825937873303,0.6,FUSED,ACCEPTED,ACCEPTED,114.496224147,114.496224147
114.615782164,2.4945061196740395,14.590320236319041,0.005408384258854761,0.0,0.0,False,0.0,0.5408384258854759,0.6,FUSED,ACCEPTED,ACCEPTED,114.606180043,114.606180043
114.66578216399999,2.4816207238815133,14.714723407407924,0.010408384258854477,0.0,0.0,False,0.0,0.0,0.6,MODEL_ONLY,DUPLICATE_OR_OLD,DUPLICATE_OR_OLD,114.606180043,114.606180043
114.71578216399999,2.486672177267833,14.83893072993665,0.006064291259876061,0.0,0.0,False,0.0,0.6064291259876058,0.6,FUSED,ACCEPTED,ACCEPTED,114.704163067,114.704163067
114.765782164,2.4737868166469053,14.962942204784547,0.011064291259877198,0.0,0.0,False,0.0,0.0,0.6,MODEL_ONLY,DUPLICATE_OR_OLD,DUPLICATE_OR_OLD,114.704163067,114.704163067
114.815782164,2.460901470525476,15.086309411963848,0.016064291259876913,0.0,0.0,False,0.0,0.0,0.6,MODEL_ONLY,DUPLICATE_OR_OLD,DUPLICATE_OR_OLD,114.704163067,114.704163067
114.865782164,2.4599238208544776,15.209330044248341,0.00678086974000394,0.0,0.0,False,0.0,0.6780869740003939,0.6,FUSED,ACCEPTED,ACCEPTED,114.802145305,114.802145305
114.91578216399999,2.452711960082085,15.332145938771747,0.005408815111899053,0.0,0.0,False,0.0,0.5408815111899052,0.6,FUSED,ACCEPTED,ACCEPTED,114.90610633,114.90610633
114.96578216399999,2.4398266478640562,15.454459403970395,0.01040881511189877,0.0,0.0,False,0.0,0.0,0.6,MODEL_ONLY,DUPLICATE_OR_OLD,DUPLICATE_OR_OLD,114.90610633,114.90610633
115.015782164,2.43932559069327,15.576438209934356,0.006064357997033628,0.0,0.0,False,0.0,0.6064357997033627,0.6,FUSED,ACCEPTED,ACCEPTED,115.008071883,115.008071883
115.065782164,2.4264402948612274,15.698082357073211,0.011064357997033345,0.0,0.0,False,0.0,0.0,0.6,MODEL_ONLY,DUPLICATE_OR_OLD,DUPLICATE_OR_OLD,115.008071883,115.008071883
115.115782164,2.413667729440613,15.81908505768075,0.006163343059845054,0.0,0.0,False,0.0,0.6163343059845052,0.5858171605872136,FUSED,ACCEPTED,ACCEPTED,115.112039873,115.112039873
115.16578216399999,2.400073304340827,15.939428583525277,0.01116334305984477,0.0,0.0,False,0.0,0.0,0.5858171605872136,MODEL_ONLY,DUPLICATE_OR_OLD,DUPLICATE_OR_OLD,115.112039873,115.112039873
115.21578216399999,2.3864788844778744,16.059092388245737,0.016163343059844487,0.0,0.0,False,0.0,0.0,0.5858171605872136,MODEL_ONLY,DUPLICATE_OR_OLD,DUPLICATE_OR_OLD,115.112039873,115.112039873
115.265782164,2.372884469225831,16.17807647208836,0.021163343059845623,0.0,0.0,False,0.0,0.0,0.5858171605872136,MODEL_ONLY,DUPLICATE_OR_OLD,DUPLICATE_OR_OLD,115.112039873,115.112039873
115.315782164,2.4270534418153367,16.29807491986438,0.007234768925137431,0.0,0.0,False,0.0,0.7234768925137429,0.6,FUSED,ACCEPTED,ACCEPTED,115.311985345,115.311985345
115.365782164,2.414168176167967,16.419105460313958,0.012234768925137147,0.0,0.0,False,0.0,0.0,0.6,MODEL_ONLY,DUPLICATE_OR_OLD,DUPLICATE_OR_OLD,115.311985345,115.311985345
115.41578216399999,2.4303839531733487,16.540219263547485,0.006328222931691444,0.0,0.0,False,0.0,0.6328222931691444,0.6,FUSED,ACCEPTED,ACCEPTED,115.399977608,115.399977608
115.46578216399999,2.417498693443938,16.66141632971291,0.01132822293169116,0.0,0.0,False,0.0,0.0,0.6,MODEL_ONLY,DUPLICATE_OR_OLD,DUPLICATE_OR_OLD,115.399977608,115.399977608
115.515782164,2.4046134361542326,16.78196913295289,0.016328222931692296,0.0,0.0,False,0.0,0.0,0.6,MODEL_ONLY,DUPLICATE_OR_OLD,DUPLICATE_OR_OLD,115.399977608,115.399977608
115.565782164,2.443378316350036,16.90316892676549,0.00680799002809576,0.0,0.0,False,0.0,0.680799002809576,0.6,FUSED,ACCEPTED,ACCEPTED,115.509929884,115.509929884
115.615782164,2.4702507501794884,17.02600965342872,0.005414524682413699,0.0,0.0,False,0.0,0.5414524682413698,0.6,FUSED,ACCEPTED,ACCEPTED,115.599913014,115.599913014
115.66578216399999,2.4573654985941333,17.149200059648056,0.010414524682413415,0.0,0.0,False,0.0,0.0,0.6,MODEL_ONLY,DUPLICATE_OR_OLD,DUPLICATE_OR_OLD,115.599913014,115.599913014
115.71578216399999,2.467646078460173,17.272325349074407,0.006065242169600754,0.0,0.0,False,0.0,0.6065242169600753,0.6,FUSED,ACCEPTED,ACCEPTED,115.707883343,115.707883343
115.765782164,2.454760829631738,17.39538552177673,0.011065242169601891,0.0,0.0,False,0.0,0.0,0.6,MODEL_ONLY,DUPLICATE_OR_OLD,DUPLICATE_OR_OLD,115.707883343,115.707883343
115.815782164,2.441875581939876,17.517801432066015,0.016065242169601607,0.0,0.0,False,0.0,0.0,0.6,MODEL_ONLY,DUPLICATE_OR_OLD,DUPLICATE_OR_OLD,115.707883343,115.707883343
115.865782164,2.4881918878633216,17.64105311881109,0.006780968277857036,0.0,0.0,False,0.0,0.6780968277857036,0.6,FUSED,ACCEPTED,ACCEPTED,115.809868564,115.809868564
115.91578216399999,2.475306642053162,17.765140582058994,0.011780968277856753,0.0,0.0,False,0.0,0.0,0.6,MODEL_ONLY,DUPLICATE_OR_OLD,DUPLICATE_OR_OLD,115.809868564,115.809868564
115.96578216399999,2.533017612134972,17.890348688413688,0.006266005061412069,0.0,0.0,False,0.0,0.6266005061412068,0.6,FUSED,ACCEPTED,ACCEPTED,115.915826315,115.915826315
116.015782164,2.571498818531341,18.017961599180374,0.00529765935298077,0.0,0.0,False,0.0,0.529765935298077,0.6,FUSED,ACCEPTED,ACCEPTED,116.009805469,116.009805469
116.065782164,2.558613574781058,18.14621440901318,0.010297659352980486,0.0,0.0,False,0.0,0.0,0.6,MODEL_ONLY,DUPLICATE_OR_OLD,DUPLICATE_OR_OLD,116.009805469,116.009805469
116.115782164,2.61918584516627,18.27565939451185,0.006047065121531909,0.0,0.0,False,0.0,0.6047065121531907,0.6,FUSED,ACCEPTED,ACCEPTED,116.107774763,116.107774763
116.16578216399999,2.606300602411476,18.40629655570129,0.011047065121531625,0.0,0.0,False,0.0,0.0,0.6,MODEL_ONLY,DUPLICATE_OR_OLD,DUPLICATE_OR_OLD,116.107774763,116.107774763
116.21578216399999,2.6612318310707104,18.537984866538338,0.006160795869576232,0.0,0.0,False,0.0,0.6160795869576231,0.6,FUSED,ACCEPTED,ACCEPTED,116.203750073,116.203750073
116.265782164,2.648346589087603,18.670724327042326,0.01116079586957737,0.0,0.0,False,0.0,0.0,0.6,MODEL_ONLY,DUPLICATE_OR_OLD,DUPLICATE_OR_OLD,116.203750073,116.203750073
116.315782164,2.7040898872518433,18.804535238950805,0.006177486323484065,0.0,0.0,False,0.0,0.6177486323484065,0.6,FUSED,ACCEPTED,ACCEPTED,116.315717971,116.315717971
116.365782164,2.6912046458669487,18.939417602278766,0.011177486323483782,0.0,0.0,False,0.0,0.0,0.6,MODEL_ONLY,DUPLICATE_OR_OLD,DUPLICATE_OR_OLD,116.315717971,116.315717971
116.41578216399999,2.678319404728666,19.07365570354365,0.0161774863234835,0.0,0.0,False,0.0,0.0,0.6,MODEL_ONLY,DUPLICATE_OR_OLD,DUPLICATE_OR_OLD,116.315717971,116.315717971
116.46578216399999,2.738075446384544,19.20906557482147,0.006792557329271318,0.0,0.0,False,0.0,0.6792557329271316,0.6,FUSED,ACCEPTED,ACCEPTED,116.423688185,116.423688185
116.515782164,2.725190205654556,19.34564721612248,0.011792557329272455,0.0,0.0,False,0.0,0.0,0.6,MODEL_ONLY,DUPLICATE_OR_OLD,DUPLICATE_OR_OLD,116.423688185,116.423688185
116.565782164,2.7728330320032164,19.483097797063916,0.006267620191270614,0.0,0.0,False,0.0,0.6267620191270613,0.6,FUSED,ACCEPTED,ACCEPTED,116.499660295,116.499660295
116.615782164,2.803115007784589,19.622496498058602,0.005298016463494738,0.0,0.0,False,0.0,0.5298016463494737,0.6,FUSED,ACCEPTED,ACCEPTED,116.603647103,116.603647103
116.66578216399999,2.7902297675015935,19.76233011744075,0.010298016463494455,0.0,0.0,False,0.0,0.0,0.6,MODEL_ONLY,DUPLICATE_OR_OLD,DUPLICATE_OR_OLD,116.603647103,116.603647103
116.71578216399999,2.777344527333481,19.901519474811618,0.015298016463494171,0.0,0.0,False,0.0,0.0,0.6,MODEL_ONLY,DUPLICATE_OR_OLD,DUPLICATE_OR_OLD,116.603647103,116.603647103
116.765782164,2.8470258017258914,20.042128733038137,0.00669945390251915,0.0,0.0,False,0.0,0.6699453902519149,0.6,FUSED,ACCEPTED,ACCEPTED,116.705608194,116.705608194
116.815782164,2.8341405617479847,20.184157892124976,0.011699453902518867,0.0,0.0,False,0.0,0.0,0.6,MODEL_ONLY,DUPLICATE_OR_OLD,DUPLICATE_OR_OLD,116.705608194,116.705608194
116.865782164,2.880132997343856,20.32701473110226,0.006254605043042963,0.0,0.0,False,0.0,0.6254605043042962,0.6,FUSED,ACCEPTED,ACCEPTED,116.809573626,116.809573626
116.91578216399999,2.926026395869273,20.472168715932582,0.005295137228027051,0.0,0.0,False,0.0,0.5295137228027051,0.6,FUSED,ACCEPTED,ACCEPTED,116.909556831,116.909556831
116.96578216399999,2.9131411560995977,20.618147904731796,0.010295137228026767,0.0,0.0,False,0.0,0.0,0.6,MODEL_ONLY,DUPLICATE_OR_OLD,DUPLICATE_OR_OLD,116.909556831,116.909556831
117.015782164,2.900255916383437,20.763482831543904,0.015295137228027904,0.0,0.0,False,0.0,0.0,0.6,MODEL_ONLY,DUPLICATE_OR_OLD,DUPLICATE_OR_OLD,116.909556831,116.909556831
117.065782164,2.961204320679093,20.91001933747046,0.006699140220184091,0.0,0.0,False,0.0,0.6699140220184092,0.6,FUSED,ACCEPTED,ACCEPTED,116.997520446,116.997520446
117.115782164,3.0067575582702792,21.059218384444183,0.005391522475762272,0.0,0.0,False,0.0,0.539152247576227,0.6,FUSED,ACCEPTED,ACCEPTED,117.111489176,117.111489176
117.16578216399999,2.993872318679259,21.209234131367914,0.010391522475761989,0.0,0.0,False,0.0,0.0,0.6,MODEL_ONLY,DUPLICATE_OR_OLD,DUPLICATE_OR_OLD,117.111489176,117.111489176
117.21578216399999,3.0557644274993594,21.36047505002237,0.006061677668384863,0.0,0.0,False,0.0,0.6061677668384863,0.6,FUSED,ACCEPTED,ACCEPTED,117.207456123,117.207456123
117.265782164,3.042879187968815,21.512941140409108,0.011061677668386,0.0,0.0,False,0.0,0.0,0.6,MODEL_ONLY,DUPLICATE_OR_OLD,DUPLICATE_OR_OLD,117.207456123,117.207456123
117.315782164,3.0299939484632064,21.6647629688199,0.016061677668385718,0.0,0.0,False,0.0,0.0,0.6,MODEL_ONLY,DUPLICATE_OR_OLD,DUPLICATE_OR_OLD,117.207456123,117.207456123
117.365782164,3.0885608230927826,21.817726838108793,0.006780598875965417,0.0,0.0,False,0.0,0.6780598875965416,0.6,FUSED,ACCEPTED,ACCEPTED,117.311431456,117.311431456
117.41578216399999,3.075675583628454,21.971832748276817,0.011780598875965134,0.0,0.0,False,0.0,0.0,0.6,MODEL_ONLY,DUPLICATE_OR_OLD,DUPLICATE_OR_OLD,117.311431456,117.311431456
117.46578216399999,3.1165939397693183,22.12663948636175,0.006265953556036853,0.0,0.0,False,0.0,0.6265953556036853,0.6,FUSED,ACCEPTED,ACCEPTED,117.409404224,117.409404224
117.515782164,3.1037087003369868,22.282147052364444,0.01126595355603799,0.0,0.0,False,0.0,0.0,0.6,MODEL_ONLY,DUPLICATE_OR_OLD,DUPLICATE_OR_OLD,117.409404224,117.409404224
117.565782164,3.159443940535219,22.43872586838624,0.006192790039521974,0.0,0.0,False,0.0,0.6192790039521974,0.6,FUSED,ACCEPTED,ACCEPTED,117.495392777,117.495392777
117.615782164,3.1465587011276988,22.596375934427805,0.01119279003952169,0.0,0.0,False,0.0,0.0,0.6,MODEL_ONLY,DUPLICATE_OR_OLD,DUPLICATE_OR_OLD,117.495392777,117.495392777
117.66578216399999,3.170575152843956,22.754304280777085,0.006182155476789094,0.0,0.0,False,0.0,0.6182155476789092,0.6,FUSED,ACCEPTED,ACCEPTED,117.599360083,117.599360083
117.71578216399999,3.1576899134556666,22.912510907434566,0.01118215547678881,0.0,0.0,False,0.0,0.0,0.6,MODEL_ONLY,DUPLICATE_OR_OLD,DUPLICATE_OR_OLD,117.599360083,117.599360083
117.765782164,3.186470576586719,23.071114919685662,0.006180604760037869,0.0,0.0,False,0.0,0.6180604760037867,0.6,FUSED,ACCEPTED,ACCEPTED,117.695331938,117.695331938
117.815782164,3.197911436619551,23.23072447001581,0.005278699492628531,0.0,0.0,False,0.0,0.5278699492628531,0.6,FUSED,ACCEPTED,ACCEPTED,117.805300522,117.805300522
117.865782164,3.1850261972523164,23.3902979108626,0.010278699492628248,0.0,0.0,False,0.0,0.0,0.6,MODEL_ONLY,DUPLICATE_OR_OLD,DUPLICATE_OR_OLD,117.805300522,117.805300522
117.91578216399999,3.172140957890493,23.54922708974116,0.015278699492627964,0.0,0.0,False,0.0,0.0,0.6,MODEL_ONLY,DUPLICATE_OR_OLD,DUPLICATE_OR_OLD,117.805300522,117.805300522
117.96578216399999,3.248953488076725,23.709754450890333,0.006697348245609156,0.0,0.0,False,0.0,0.6697348245609154,0.6,FUSED,ACCEPTED,ACCEPTED,117.909274185,117.909274185
118.015782164,3.236068248723857,23.871879994310387,0.011697348245610292,0.0,0.0,False,0.0,0.0,0.6,MODEL_ONLY,DUPLICATE_OR_OLD,DUPLICATE_OR_OLD,117.909274185,117.909274185
118.065782164,3.259172853941122,24.034261021877,0.0062543096385445866,0.0,0.0,False,0.0,0.6254309638544586,0.6,FUSED,ACCEPTED,ACCEPTED,118.015242691,118.015242691
118.115782164,3.2465318342551126,24.1969036390819,0.005295071837165117,0.0,0.0,False,0.0,0.5295071837165117,0.5615416310799624,FUSED,ACCEPTED,ACCEPTED,118.109226843,118.109226843
118.16578216399999,3.2317236764660553,24.358860026849918,0.010295071837164833,0.0,0.0,False,0.0,0.0,0.5615416310799624,MODEL_ONLY,DUPLICATE_OR_OLD,DUPLICATE_OR_OLD,118.109226843,118.109226843
118.21578216399999,3.2331905241193746,24.52048288186455,0.00604666076286544,0.0,0.0,False,0.0,0.6046660762865439,0.6,FUSED,ACCEPTED,ACCEPTED,118.207190583,118.207190583
118.265782164,3.2203052847810563,24.681820277087095,0.011046660762866577,0.0,0.0,False,0.0,0.0,0.6,MODEL_ONLY,DUPLICATE_OR_OLD,DUPLICATE_OR_OLD,118.207190583,118.207190583
118.315782164,3.208736312205871,24.84254631701176,0.006160736268252625,0.0,0.0,False,0.0,0.6160736268252625,0.5841083340389343,FUSED,ACCEPTED,ACCEPTED,118.315156577,118.315156577
118.365782164,3.195056489573178,25.002641137056226,0.011160736268252341,0.0,0.0,False,0.0,0.0,0.5841083340389343,MODEL_ONLY,DUPLICATE_OR_OLD,DUPLICATE_OR_OLD,118.315156577,118.315156577
118.41578216399999,3.208549295825604,25.16273128169119,0.006177477614750576,0.0,0.0,False,0.0,0.6177477614750575,0.6,FUSED,ACCEPTED,ACCEPTED,118.407124253,118.407124253
118.46578216399999,3.1956640564938135,25.322836615499167,0.011177477614750292,0.0,0.0,False,0.0,0.0,0.6,MODEL_ONLY,DUPLICATE_OR_OLD,DUPLICATE_OR_OLD,118.407124253,118.407124253
118.515782164,3.182778817163194,25.48229768734063,0.01617747761475143,0.0,0.0,False,0.0,0.0,0.6,MODEL_ONLY,DUPLICATE_OR_OLD,DUPLICATE_OR_OLD,118.407124253,118.407124253
118.565782164,3.194802712702108,25.641737225587253,0.006792556433343841,0.0,0.0,False,0.0,0.6792556433343839,0.6,FUSED,ACCEPTED,ACCEPTED,118.499108142,118.499108142
118.615782164,3.2078928429821736,25.801804614479348,0.00541127722642968,0.0,0.0,False,0.0,0.5411277226429678,0.6,FUSED,ACCEPTED,ACCEPTED,118.61107293,118.61107293
118.66578216399999,3.195007603654304,25.961877125645255,0.010411277226429396,0.0,0.0,False,0.0,0.0,0.6,MODEL_ONLY,DUPLICATE_OR_OLD,DUPLICATE_OR_OLD,118.61107293,118.61107293
118.71578216399999,3.1821223643271397,26.12130537484478,0.015411277226429113,0.0,0.0,False,0.0,0.0,0.6,MODEL_ONLY,DUPLICATE_OR_OLD,DUPLICATE_OR_OLD,118.61107293,118.61107293
118.765782164,3.1864084614814026,26.280518645490027,0.006711746131034226,0.0,0.0,False,0.0,0.6711746131034226,0.6,FUSED,ACCEPTED,ACCEPTED,118.731047434,118.731047434
118.815782164,3.1735232221554073,26.439516937580937,0.011711746131033943,0.0,0.0,False,0.0,0.0,0.6,MODEL_ONLY,DUPLICATE_OR_OLD,DUPLICATE_OR_OLD,118.731047434,118.731047434
118.865782164,3.1789108070156535,26.598327788310208,0.0062563286013032245,0.0,0.0,False,0.0,0.6256328601303223,0.6,FUSED,ACCEPTED,ACCEPTED,118.809015176,118.809015176
118.91578216399999,3.166025567690564,26.756951197677854,0.011256328601302941,0.0,0.0,False,0.0,0.0,0.6,MODEL_ONLY,DUPLICATE_OR_OLD,DUPLICATE_OR_OLD,118.809015176,118.809015176
118.96578216399999,3.169882235364629,26.915348892754224,0.006191394405574332,0.0,0.0,False,0.0,0.6191394405574331,0.6,FUSED,ACCEPTED,ACCEPTED,118.913012035,118.913012035
119.015782164,3.1734604500028656,27.073932459888447,0.005281103353270141,0.0,0.0,False,0.0,0.5281103353270139,0.6,FUSED,ACCEPTED,ACCEPTED,119.006960278,119.006960278
119.065782164,3.1605752106787683,27.232283351405474,0.010281103353269858,0.0,0.0,False,0.0,0.0,0.6,MODEL_ONLY,DUPLICATE_OR_OLD,DUPLICATE_OR_OLD,119.006960278,119.006960278
119.115782164,3.1447491002868255,27.38991645917961,0.006044476437494287,0.0,0.0,False,0.0,0.6044476437494286,0.5645138912995309,FUSED,ACCEPTED,ACCEPTED,119.106946415,119.106946415
119.16578216399999,3.1300895555281842,27.546787425574973,0.011044476437494004,0.0,0.0,False,0.0,0.0,0.5645138912995309,MODEL_ONLY,DUPLICATE_OR_OLD,DUPLICATE_OR_OLD,119.106946415,119.106946415
119.21578216399999,3.115430010769741,27.702925414732412,0.01604447643749372,0.0,0.0,False,0.0,0.0,0.5645138912995309,MODEL_ONLY,DUPLICATE_OR_OLD,DUPLICATE_OR_OLD,119.106946415,119.106946415
119.265782164,3.1007704660114674,27.858330426651975,0.02104447643749486,0.0,0.0,False,0.0,0.0,0.5645138912995309,MODEL_ONLY,DUPLICATE_OR_OLD,DUPLICATE_OR_OLD,119.106946415,119.106946415
119.315782164,3.114211200210843,28.013704968307525,0.007225649811465236,0.0,0.0,False,0.0,0.7225649811465233,0.6,FUSED,ACCEPTED,ACCEPTED,119.310879153,119.310879153
119.365782164,3.1013259608878854,28.169093397334986,0.012225649811464952,0.0,0.0,False,0.0,0.0,0.6,MODEL_ONLY,DUPLICATE_OR_OLD,DUPLICATE_OR_OLD,119.310879153,119.310879153
119.41578216399999,3.127374807319942,28.32481091654017,0.006326993085840319,0.0,0.0,False,0.0,0.6326993085840316,0.6,FUSED,ACCEPTED,ACCEPTED,119.400851354,119.400851354
119.46578216399999,3.114489567997208,28.48085752592309,0.011326993085840035,0.0,0.0,False,0.0,0.0,0.6,MODEL_ONLY,DUPLICATE_OR_OLD,DUPLICATE_OR_OLD,119.400851354,119.400851354
119.515782164,3.1016043286745627,28.63625987333992,0.016326993085841172,0.0,0.0,False,0.0,0.0,0.6,MODEL_ONLY,DUPLICATE_OR_OLD,DUPLICATE_OR_OLD,119.400851354,119.400851354
119.565782164,3.115169953436909,28.7916792303927,0.006807864715072262,0.0,0.0,False,0.0,0.680786471507226,0.6,FUSED,ACCEPTED,ACCEPTED,119.502825218,119.502825218
119.615782164,3.116655208528451,28.947474859441822,0.005414498333214283,0.0,0.0,False,0.0,0.5414498333214282,0.6,FUSED,ACCEPTED,ACCEPTED,119.606799062,119.606799062
119.66578216399999,3.1037699692060245,29.102985488885174,0.010414498333214,0.0,0.0,False,0.0,0.0,0.6,MODEL_ONLY,DUPLICATE_OR_OLD,DUPLICATE_OR_OLD,119.606799062,119.606799062
119.71578216399999,3.0992013049081284,29.25805977073802,0.006065238090129368,0.0,0.0,False,0.0,0.6065238090129368,0.6,FUSED,ACCEPTED,ACCEPTED,119.700775775,119.700775775
119.765782164,3.0863160655858026,29.4126977050004,0.011065238090130505,0.0,0.0,False,0.0,0.0,0.6,MODEL_ONLY,DUPLICATE_OR_OLD,DUPLICATE_OR_OLD,119.700775775,119.700775775
119.815782164,3.0796613528637953,29.566847140461633,0.00616347260461566,0.0,0.0,False,0.0,0.6163472604615658,0.6,FUSED,ACCEPTED,ACCEPTED,119.796738536,119.796738536
119.865782164,3.066776113541554,29.720508077121757,0.011163472604615376,0.0,0.0,False,0.0,0.0,0.6,MODEL_ONLY,DUPLICATE_OR_OLD,DUPLICATE_OR_OLD,119.796738536,119.796738536
119.91578216399999,3.035813304340198,29.87307281256879,0.006177877397576019,0.0,0.0,False,0.0,0.6177877397576017,0.5406176431976026,FUSED,ACCEPTED,ACCEPTED,119.908720109,119.908720109
119.96578216399999,3.0199589471779,30.024467118856734,0.011177877397575735,0.0,0.0,False,0.0,0.0,0.5406176431976026,MODEL_ONLY,DUPLICATE_OR_OLD,DUPLICATE_OR_OLD,119.908720109,119.908720109
120.015782164,3.004104590015624,30.175068707286606,0.016177877397576874,0.0,0.0,False,0.0,0.0,0.5406176431976026,MODEL_ONLY,DUPLICATE_OR_OLD,DUPLICATE_OR_OLD,119.908720109,119.908720109
120.065782164,3.054036550012249,30.326522235787294,0.0067925975612511446,0.0,0.0,False,0.0,0.6792597561251144,0.6,FUSED,ACCEPTED,ACCEPTED,120.006684288,120.006684288
120.115782164,3.04115131069014,30.478901932304847,0.01179259756125086,0.0,0.0,False,0.0,0.0,0.6,MODEL_ONLY,DUPLICATE_OR_OLD,DUPLICATE_OR_OLD,120.006684288,120.006684288
120.16578216399999,3.0493020557277113,30.631163266465286,0.006267625795841934,0.0,0.0,False,0.0,0.6267625795841931,0.5981724184358319,FUSED,ACCEPTED,ACCEPTED,120.108664679,120.108664679
120.21578216399999,3.0277911502182873,30.783090596613928,0.005298017702589422,0.0,0.0,False,0.0,0.5298017702589422,0.5462525723443351,FUSED,ACCEPTED,ACCEPTED,120.204636793,120.204636793
120.265782164,3.0122185395134378,30.934090838857255,0.010298017702590558,0.0,0.0,False,0.0,0.0,0.5462525723443351,MODEL_ONLY,DUPLICATE_OR_OLD,DUPLICATE_OR_OLD,120.204636793,120.204636793
120.315782164,2.996645928808605,31.084312450565296,0.015298017702590275,0.0,0.0,False,0.0,0.0,0.5462525723443351,MODEL_ONLY,DUPLICATE_OR_OLD,DUPLICATE_OR_OLD,120.204636793,120.204636793
120.365782164,3.0021467709596035,31.234282268059495,0.00669945403750122,0.0,0.0,False,0.0,0.6699454037501218,0.6,FUSED,ACCEPTED,ACCEPTED,120.316608535,120.316608535
120.41578216399999,2.9892615316375744,31.384067475624416,0.011699454037500936,0.0,0.0,False,0.0,0.0,0.6,MODEL_ONLY,DUPLICATE_OR_OLD,DUPLICATE_OR_OLD,120.316608535,120.316608535
120.46578216399999,2.992121645165482,31.533602055044483,0.0062546050619782245,0.0,0.0,False,0.0,0.6254605061978225,0.6,FUSED,ACCEPTED,ACCEPTED,120.402588504,120.402588504
120.515782164,3.0016520664024156,31.683446397833716,0.005295137232218826,0.0,0.0,False,0.0,0.5295137232218823,0.6,FUSED,ACCEPTED,ACCEPTED,120.496558171,120.496558171
120.565782164,2.988766827080409,31.83320687017078,0.010295137232218542,0.0,0.0,False,0.0,0.0,0.6,MODEL_ONLY,DUPLICATE_OR_OLD,DUPLICATE_OR_OLD,120.496558171,120.496558171
120.615782164,2.9758815877584084,31.982323080541743,0.015295137232218259,0.0,0.0,False,0.0,0.0,0.6,MODEL_ONLY,DUPLICATE_OR_OLD,DUPLICATE_OR_OLD,120.496558171,120.496558171
120.66578216399999,2.976426886138512,32.13113079238916,0.0066991402206406595,0.0,0.0,False,0.0,0.6699140220640658,0.6,FUSED,ACCEPTED,ACCEPTED,120.600517079,120.600517079
120.71578216399999,2.963541646816521,32.279630005713024,0.011699140220640376,0.0,0.0,False,0.0,0.0,0.6,MODEL_ONLY,DUPLICATE_OR_OLD,DUPLICATE_OR_OLD,120.600517079,120.600517079
120.765782164,2.972134311831602,32.42802190467926,0.006254561039284387,0.0,0.0,False,0.0,0.6254561039284385,0.6,FUSED,ACCEPTED,ACCEPTED,120.700498212,120.700498212
120.815782164,2.9837306889240955,32.57691852969815,0.0052951274874520685,0.0,0.0,False,0.0,0.5295127487452066,0.6,FUSED,ACCEPTED,ACCEPTED,120.796473105,120.796473105
120.865782164,2.9708454496021157,32.7257829331613,0.010295127487451785,0.0,0.0,False,0.0,0.0,0.6,MODEL_ONLY,DUPLICATE_OR_OLD,DUPLICATE_OR_OLD,120.796473105,120.796473105
120.91578216399999,2.943028925968664,32.87362979255056,0.006046669460369063,0.0,0.0,False,0.0,0.6046669460369063,0.5167738835073813,FUSED,ACCEPTED,ACCEPTED,120.908438369,120.908438369
120.96578216399999,2.9259823808220595,33.020355075220316,0.01104666946036878,0.0,0.0,False,0.0,0.0,0.5167738835073813,MODEL_ONLY,DUPLICATE_OR_OLD,DUPLICATE_OR_OLD,120.908438369,120.908438369
121.015782164,2.908935835675453,33.16622803063279,0.016046669460369915,0.0,0.0,False,0.0,0.0,0.5167738835073813,MODEL_ONLY,DUPLICATE_OR_OLD,DUPLICATE_OR_OLD,120.908438369,120.908438369
121.065782164,2.9038688086915787,33.311548146741956,0.0067790425917457035,0.0,0.0,False,0.0,0.6779042591745703,0.568006643966297,FUSED,ACCEPTED,ACCEPTED,121.000416159,121.000416159
121.115782164,2.9156138545976322,33.45703521332418,0.005408429935395715,0.0,0.0,False,0.0,0.5408429935395714,0.6,FUSED,ACCEPTED,ACCEPTED,121.10438227,121.10438227
121.16578216399999,2.902728615275669,33.60249377507101,0.010408429935395432,0.0,0.0,False,0.0,0.0,0.6,MODEL_ONLY,DUPLICATE_OR_OLD,DUPLICATE_OR_OLD,121.10438227,121.10438227
121.21578216399999,2.91404498904833,33.7479131151791,0.006064298335069683,0.0,0.0,False,0.0,0.6064298335069682,0.6,FUSED,ACCEPTED,ACCEPTED,121.202359034,121.202359034
121.265782164,2.9011597497263666,33.8932932336485,0.01106429833507082,0.0,0.0,False,0.0,0.0,0.6,MODEL_ONLY,DUPLICATE_OR_OLD,DUPLICATE_OR_OLD,121.202359034,121.202359034
121.315782164,2.8882745104044085,34.03802909015177,0.01606429833507054,0.0,0.0,False,0.0,0.0,0.6,MODEL_ONLY,DUPLICATE_OR_OLD,DUPLICATE_OR_OLD,121.202359034,121.202359034
121.365782164,2.889215942393117,34.182466351471696,0.006780870473191912,0.0,0.0,False,0.0,0.6780870473191911,0.6,FUSED,ACCEPTED,ACCEPTED,121.316322894,121.316322894
121.41578216399999,2.8763307030711625,34.326605017608294,0.011780870473191629,0.0,0.0,False,0.0,0.0,0.6,MODEL_ONLY,DUPLICATE_OR_OLD,DUPLICATE_OR_OLD,121.316322894,121.316322894
121.46578216399999,2.890404135554472,34.47077338857393,0.006265991424733422,0.0,0.0,False,0.0,0.626599142473342,0.6,FUSED,ACCEPTED,ACCEPTED,121.416296879,121.416296879
121.515782164,2.877518896232516,34.61497146436864,0.01126599142473456,0.0,0.0,False,0.0,0.0,0.6,MODEL_ONLY,DUPLICATE_OR_OLD,DUPLICATE_OR_OLD,121.416296879,121.416296879
121.565782164,2.870225762697452,34.75866508084188,0.006192795528523948,0.0,0.0,False,0.0,0.6192795528523947,0.587048089975162,FUSED,ACCEPTED,ACCEPTED,121.500288578,121.500288578
121.615782164,2.871713927598066,34.90221357309925,0.0052814153344985255,0.0,0.0,False,0.0,0.5281415334498524,0.6,FUSED,ACCEPTED,ACCEPTED,121.59825374,121.59825374
121.66578216399999,2.858828688276118,35.0454771384961,0.010281415334498242,0.0,0.0,False,0.0,0.0,0.6,MODEL_ONLY,DUPLICATE_OR_OLD,DUPLICATE_OR_OLD,121.59825374,121.59825374
121.71578216399999,2.857280541242228,35.188379869234055,0.006044525249994838,0.0,0.0,False,0.0,0.6044525249994837,0.6,FUSED,ACCEPTED,ACCEPTED,121.698208926,121.698208926
121.765782164,2.8443953019202795,35.33092176531314,0.011044525249995975,0.0,0.0,False,0.0,0.0,0.6,MODEL_ONLY,DUPLICATE_OR_OLD,DUPLICATE_OR_OLD,121.698208926,121.698208926
121.815782164,2.8315100625983365,35.4728193994261,0.01604452524999569,0.0,0.0,False,0.0,0.0,0.6,MODEL_ONLY,DUPLICATE_OR_OLD,DUPLICATE_OR_OLD,121.698208926,121.698208926
121.865782164,2.8341284108280163,35.614460361261756,0.006778820123847287,0.0,0.0,False,0.0,0.6778820123847287,0.6,FUSED,ACCEPTED,ACCEPTED,121.802192377,121.802192377
121.91578216399999,2.821243171506077,35.755844650820094,0.011778820123847004,0.0,0.0,False,0.0,0.0,0.6,MODEL_ONLY,DUPLICATE_OR_OLD,DUPLICATE_OR_OLD,121.802192377,121.802192377
121.96578216399999,2.8172401125679096,35.89680673292194,0.006265705526325662,0.0,0.0,False,0.0,0.626570552632566,0.6,FUSED,ACCEPTED,ACCEPTED,121.906161481,121.906161481
122.015782164,2.8043548732459707,36.03734660756732,0.011265705526326799,0.0,0.0,False,0.0,0.0,0.6,MODEL_ONLY,DUPLICATE_OR_OLD,DUPLICATE_OR_OLD,121.906161481,121.906161481
122.065782164,2.8088328894713745,36.177676301635245,0.006192754087653634,0.0,0.0,False,0.0,0.6192754087653632,0.6,FUSED,ACCEPTED,ACCEPTED,122.002142869,122.002142869
122.115782164,2.795947650149443,36.317795815125756,0.01119275408765335,0.0,0.0,False,0.0,0.0,0.6,MODEL_ONLY,DUPLICATE_OR_OLD,DUPLICATE_OR_OLD,122.002142869,122.002142869
122.16578216399999,2.78919533460299,36.45742438974456,0.006182150236460292,0.0,0.0,False,0.0,0.6182150236460291,0.5986298375581742,FUSED,ACCEPTED,ACCEPTED,122.100114168,122.100114168
122.21578216399999,2.7762415871589723,36.5965603127886,0.01118215023646001,0.0,0.0,False,0.0,0.0,0.5986298375581742,MODEL_ONLY,DUPLICATE_OR_OLD,DUPLICATE_OR_OLD,122.100114168,122.100114168
122.265782164,2.7817595114820217,36.735510340254656,0.006180603995590079,0.0,0.0,False,0.0,0.6180603995590077,0.6,FUSED,ACCEPTED,ACCEPTED,122.232071323,122.232071323
122.315782164,2.7837803938976036,36.87464883788914,0.005278699322227926,0.0,0.0,False,0.0,0.5278699322227927,0.6,FUSED,ACCEPTED,ACCEPTED,122.310070017,122.310070017
122.365782164,2.7708951545756855,37.013515726600964,0.010278699322227643,0.0,0.0,False,0.0,0.0,0.6,MODEL_ONLY,DUPLICATE_OR_OLD,DUPLICATE_OR_OLD,122.310070017,122.310070017
122.41578216399999,2.758009915253771,37.15173835334669,0.015278699322227359,0.0,0.0,False,0.0,0.0,0.6,MODEL_ONLY,DUPLICATE_OR_OLD,DUPLICATE_OR_OLD,122.310070017,122.310070017
122.46578216399999,2.761591725456287,37.28972839436443,0.006697348227022695,0.0,0.0,False,0.0,0.6697348227022695,0.6,FUSED,ACCEPTED,ACCEPTED,122.408036721,122.408036721
122.515782164,2.7611819639466937,37.42779773659954,0.005391141859655873,0.0,0.0,False,0.0,0.5391141859655872,0.6,FUSED,ACCEPTED,ACCEPTED,122.500001737,122.500001737
122.565782164,2.748296724624789,37.56553470381381,0.01039114185965559,0.0,0.0,False,0.0,0.0,0.6,MODEL_ONLY,DUPLICATE_OR_OLD,DUPLICATE_OR_OLD,122.500001737,122.500001737
122.615782164,2.7486478433893855,37.702958318014154,0.006061618632484868,0.0,0.0,False,0.0,0.6061618632484866,0.6,FUSED,ACCEPTED,ACCEPTED,122.607970237,122.607970237
122.66578216399999,2.7357626040674887,37.840068579200576,0.011061618632484584,0.0,0.0,False,0.0,0.0,0.6,MODEL_ONLY,DUPLICATE_OR_OLD,DUPLICATE_OR_OLD,122.607970237,122.607970237
122.71578216399999,2.7228773647455973,37.976534578420896,0.0160616186324843,0.0,0.0,False,0.0,0.0,0.6,MODEL_ONLY,DUPLICATE_OR_OLD,DUPLICATE_OR_OLD,122.607970237,122.607970237
122.765782164,2.724117405677183,38.112709447681496,0.006780592757152194,0.0,0.0,False,0.0,0.6780592757152193,0.6,FUSED,ACCEPTED,ACCEPTED,122.701941505,122.701941505
122.815782164,2.7161172955318555,38.24871531521171,0.0054087567260003135,0.0,0.0,False,0.0,0.5408756726000312,0.6,FUSED,ACCEPTED,ACCEPTED,122.811917012,122.811917012
122.865782164,2.70323205620998,38.384199049005254,0.010408756726000029,0.0,0.0,False,0.0,0.0,0.6,MODEL_ONLY,DUPLICATE_OR_OLD,DUPLICATE_OR_OLD,122.811917012,122.811917012
122.91578216399999,2.690346816888112,38.519038520832694,0.015408756725999746,0.0,0.0,False,0.0,0.0,0.6,MODEL_ONLY,DUPLICATE_OR_OLD,DUPLICATE_OR_OLD,122.811917012,122.811917012
122.96578216399999,2.704089185578578,38.653899420894355,0.0067114735764747645,0.0,0.0,False,0.0,0.6711473576474762,0.6,FUSED,ACCEPTED,ACCEPTED,122.923886441,122.923886441
123.015782164,2.7175572323070343,38.78944058134153,0.005394140354050004,0.0,0.0,False,0.0,0.5394140354050003,0.6,FUSED,ACCEPTED,ACCEPTED,123.005862038,123.005862038
123.065782164,2.7046719929851797,38.92499631197383,0.01039414035404972,0.0,0.0,False,0.0,0.0,0.6,MODEL_ONLY,DUPLICATE_OR_OLD,DUPLICATE_OR_OLD,123.005862038,123.005862038
123.115782164,2.7016376957998745,39.06015405419345,0.006062083669469297,0.0,0.0,False,0.0,0.6062083669469297,0.5886667192054689,FUSED,ACCEPTED,ACCEPTED,123.105834928,123.105834928
123.16578216399999,2.6881857924383032,39.194899641399395,0.011062083669469014,0.0,0.0,False,0.0,0.0,0.5886667192054689,MODEL_ONLY,DUPLICATE_OR_OLD,DUPLICATE_OR_OLD,123.105834928,123.105834928
123.21578216399999,2.6747338890767396,39.32897263343726,0.01606208366946873,0.0,0.0,False,0.0,0.0,0.5886667192054689,MODEL_ONLY,DUPLICATE_OR_OLD,DUPLICATE_OR_OLD,123.105834928,123.105834928
123.265782164,2.689852523257438,39.463087293745645,0.006780640955574804,0.0,0.0,False,0.0,0.6780640955574804,0.6,FUSED,ACCEPTED,ACCEPTED,123.211807461,123.211807461
123.315782164,2.6886529544616193,39.597549930688615,0.005408766885971458,0.0,0.0,False,0.0,0.5408766885971459,0.6,FUSED,ACCEPTED,ACCEPTED,123.315777517,123.315777517
123.365782164,2.675767715139797,39.73166044742864,0.010408766885971175,0.0,0.0,False,0.0,0.0,0.6,MODEL_ONLY,DUPLICATE_OR_OLD,DUPLICATE_OR_OLD,123.315777517,123.315777517
123.41578216399999,2.6841282820956867,39.86565784735952,0.006064350527171248,0.0,0.0,False,0.0,0.6064350527171247,0.6,FUSED,ACCEPTED,ACCEPTED,123.415751772,123.415751772
123.46578216399999,2.671243042773875,39.99954213048125,0.011064350527170964,0.0,0.0,False,0.0,0.0,0.6,MODEL_ONLY,DUPLICATE_OR_OLD,DUPLICATE_OR_OLD,123.415751772,123.415751772
123.515782164,2.658357803452068,40.13278215163693,0.016064350527172103,0.0,0.0,False,0.0,0.0,0.6,MODEL_ONLY,DUPLICATE_OR_OLD,DUPLICATE_OR_OLD,123.415751772,123.415751772
123.565782164,2.662069050862264,40.26579282299478,0.006780875881743269,0.0,0.0,False,0.0,0.6780875881743269,0.6,FUSED,ACCEPTED,ACCEPTED,123.503729214,123.503729214
123.615782164,2.649183811540474,40.39857414455484,0.011780875881742986,0.0,0.0,False,0.0,0.0,0.6,MODEL_ONLY,DUPLICATE_OR_OLD,DUPLICATE_OR_OLD,123.503729214,123.503729214
123.66578216399999,2.6522137221767985,40.531109082897764,0.006265992178837852,0.0,0.0,False,0.0,0.6265992178837851,0.6,FUSED,ACCEPTED,ACCEPTED,123.615693748,123.615693748
123.71578216399999,2.6393284828550225,40.663397638023554,0.011265992178837569,0.0,0.0,False,0.0,0.0,0.6,MODEL_ONLY,DUPLICATE_OR_OLD,DUPLICATE_OR_OLD,123.615693748,123.615693748
123.765782164,2.6480125570757114,40.79558116402185,0.006192795637829918,0.0,0.0,False,0.0,0.6192795637829918,0.6,FUSED,ACCEPTED,ACCEPTED,123.703675991,123.703675991
123.815782164,2.6351273177539483,40.92765966089258,0.011192795637829635,0.0,0.0,False,0.0,0.0,0.6,MODEL_ONLY,DUPLICATE_OR_OLD,DUPLICATE_OR_OLD,123.703675991,123.703675991
123.865782164,2.6282694204190546,41.059244579346895,0.006182156292794748,0.0,0.0,False,0.0,0.6182156292794746,0.5936847544391772,FUSED,ACCEPTED,ACCEPTED,123.811641009,123.811641009
123.91578216399999,2.624125023512368,41.190554440445176,0.00527904531447457,0.0,0.0,False,0.0,0.527904531447457,0.6,FUSED,ACCEPTED,ACCEPTED,123.901617674,123.901617674
123.96578216399999,2.6112397841906367,41.321438560637745,0.010279045314474287,0.0,0.0,False,0.0,0.0,0.6,MODEL_ONLY,DUPLICATE_OR_OLD,DUPLICATE_OR_OLD,123.901617674,123.901617674
124.015782164,2.6144020384970865,41.45207960620497,0.0060441544070994856,0.0,0.0,False,0.0,0.6044154407099487,0.6,FUSED,ACCEPTED,ACCEPTED,123.993582413,123.993582413
124.065782164,2.6015167991753847,41.58247757714677,0.011044154407099202,0.0,0.0,False,0.0,0.0,0.6,MODEL_ONLY,DUPLICATE_OR_OLD,DUPLICATE_OR_OLD,123.993582413,123.993582413
124.115782164,2.588631559853702,41.71223128612249,0.01604415440709892,0.0,0.0,False,0.0,0.0,0.6,MODEL_ONLY,DUPLICATE_OR_OLD,DUPLICATE_OR_OLD,123.993582413,123.993582413
124.16578216399999,2.568054101102586,41.841148427646395,0.006778781644729427,0.0,0.0,False,0.0,0.6778781644729426,0.5605438600367786,FUSED,ACCEPTED,ACCEPTED,124.09756221,124.09756221
124.21578216399999,2.5531960547827954,41.969179681543515,0.011778781644729144,0.0,0.0,False,0.0,0.0,0.5605438600367786,MODEL_ONLY,DUPLICATE_OR_OLD,DUPLICATE_OR_OLD,124.09756221,124.09756221
124.265782164,2.566853574737871,42.09718092228157,0.006265700160422397,0.0,0.0,False,0.0,0.6265700160422394,0.6,FUSED,ACCEPTED,ACCEPTED,124.211525473,124.211525473
124.315782164,2.5539683354162923,42.225201470035415,0.011265700160422113,0.0,0.0,False,0.0,0.0,0.6,MODEL_ONLY,DUPLICATE_OR_OLD,DUPLICATE_OR_OLD,124.211525473,124.211525473
124.365782164,2.5537647651561555,42.352894797549716,0.006192753309859075,0.0,0.0,False,0.0,0.6192753309859074,0.6,FUSED,ACCEPTED,ACCEPTED,124.317493624,124.317493624
124.41578216399999,2.540879525834629,42.480260904824476,0.011192753309858791,0.0,0.0,False,0.0,0.0,0.6,MODEL_ONLY,DUPLICATE_OR_OLD,DUPLICATE_OR_OLD,124.317493624,124.317493624
124.46578216399999,2.546220468329516,42.607438404678575,0.0061821501230891335,0.0,0.0,False,0.0,0.6182150123089133,0.6,FUSED,ACCEPTED,ACCEPTED,124.409473758,124.409473758
124.515782164,2.5333352290080393,42.73442729711204,0.01118215012309027,0.0,0.0,False,0.0,0.0,0.6,MODEL_ONLY,DUPLICATE_OR_OLD,DUPLICATE_OR_OLD,124.409473758,124.409473758
124.565782164,2.548543718572181,42.86147427080154,0.006180603979051737,0.0,0.0,False,0.0,0.6180603979051735,0.6,FUSED,ACCEPTED,ACCEPTED,124.503443997,124.503443997
124.615782164,2.5356584792507486,42.98857932574711,0.011180603979051454,0.0,0.0,False,0.0,0.0,0.6,MODEL_ONLY,DUPLICATE_OR_OLD,DUPLICATE_OR_OLD,124.503443997,124.503443997
124.66578216399999,2.549827563997889,43.11571647682832,0.00618037841754848,0.0,0.0,False,0.0,0.6180378417548479,0.6,FUSED,ACCEPTED,ACCEPTED,124.603412361,124.603412361
124.71578216399999,2.5771827335275237,43.24389173426645,0.005278649038812791,0.0,0.0,False,0.0,0.527864903881279,0.6,FUSED,ACCEPTED,ACCEPTED,124.715391831,124.715391831
124.765782164,2.564297494206104,43.372428739959815,0.010278649038813929,0.0,0.0,False,0.0,0.0,0.6,MODEL_ONLY,DUPLICATE_OR_OLD,DUPLICATE_OR_OLD,124.715391831,124.715391831
124.815782164,2.551412254884695,43.50032148368708,0.015278649038813645,0.0,0.0,False,0.0,0.0,0.6,MODEL_ONLY,DUPLICATE_OR_OLD,DUPLICATE_OR_OLD,124.715391831,124.715391831
124.865782164,2.5897630941811163,43.62885086741372,0.006697342742345845,0.0,0.0,False,0.0,0.6697342742345842,0.6,FUSED,ACCEPTED,ACCEPTED,124.805368465,124.805368465
124.91578216399999,2.5768778548596942,43.75801689113973,0.011697342742345561,0.0,0.0,False,0.0,0.0,0.6,MODEL_ONLY,DUPLICATE_OR_OLD,DUPLICATE_OR_OLD,124.805368465,124.805368465
124.96578216399999,2.611239160091358,43.8877198165135,0.006254308866425585,0.0,0.0,False,0.0,0.6254308866425583,0.6,FUSED,ACCEPTED,ACCEPTED,124.907333549,124.907333549
125.015782164,2.635954808285621,44.01889966572296,0.005295071666246469,0.0,0.0,False,0.0,0.5295071666246467,0.6,FUSED,ACCEPTED,ACCEPTED,125.013598324,125.013598324
125.065782164,2.6230695689641337,44.1503752751542,0.010295071666246186,0.0,0.0,False,0.0,0.0,0.6,MODEL_ONLY,DUPLICATE_OR_OLD,DUPLICATE_OR_OLD,125.013598324,125.013598324
125.115782164,2.61018432964263,44.281206622619365,0.015295071666245903,0.0,0.0,False,0.0,0.0,0.6,MODEL_ONLY,DUPLICATE_OR_OLD,DUPLICATE_OR_OLD,125.013598324,125.013598324
125.16578216399999,2.6560287728358634,44.412861950181316,0.006699133076769755,0.0,0.0,False,0.0,0.6699133076769752,0.6,FUSED,ACCEPTED,ACCEPTED,125.123287767,125.123287767
125.21578216399999,2.680549772388714,44.546276413811924,0.005391520958638787,0.0,0.0,False,0.0,0.5391520958638785,0.6,FUSED,ACCEPTED,ACCEPTED,125.205252325,125.205252325
125.265782164,2.667664533067133,44.67998177144835,0.010391520958639924,0.0,0.0,False,0.0,0.0,0.6,MODEL_ONLY,DUPLICATE_OR_OLD,DUPLICATE_OR_OLD,125.205252325,125.205252325
125.315782164,2.715538774864105,44.81456185414662,0.00606167743307341,0.0,0.0,False,0.0,0.6061677433073409,0.6,FUSED,ACCEPTED,ACCEPTED,125.307223728,125.307223728
125.365782164,2.7026535355424754,44.95001666190678,0.011061677433073127,0.0,0.0,False,0.0,0.0,0.6,MODEL_ONLY,DUPLICATE_OR_OLD,DUPLICATE_OR_OLD,125.307223728,125.307223728
125.41578216399999,2.731203501047901,45.08586308782153,0.006162948441948799,0.0,0.0,False,0.0,0.6162948441948798,0.6,FUSED,ACCEPTED,ACCEPTED,125.407191536,125.407191536
125.46578216399999,2.7183182617262247,45.222101131890874,0.011162948441948515,0.0,0.0,False,0.0,0.0,0.6,MODEL_ONLY,DUPLICATE_OR_OLD,DUPLICATE_OR_OLD,125.407191536,125.407191536
125.515782164,2.7054330224045264,45.35769491399418,0.016162948441949654,0.0,0.0,False,0.0,0.0,0.6,MODEL_ONLY,DUPLICATE_OR_OLD,DUPLICATE_OR_OLD,125.407191536,125.407191536
125.565782164,2.7566397610366233,45.4942467335802,0.006791061019586099,0.0,0.0,False,0.0,0.6791061019586098,0.6,FUSED,ACCEPTED,ACCEPTED,125.505160111,125.505160111
125.615782164,2.7437545217148904,45.63175659064898,0.011791061019585816,0.0,0.0,False,0.0,0.0,0.6,MODEL_ONLY,DUPLICATE_OR_OLD,DUPLICATE_OR_OLD,125.505160111,125.505160111
125.66578216399999,2.7308692823931415,45.768622185751674,0.01679106101958553,0.0,0.0,False,0.0,0.0,0.6,MODEL_ONLY,DUPLICATE_OR_OLD,DUPLICATE_OR_OLD,125.505160111,125.505160111
125.71578216399999,2.7945197918782436,45.90675691260845,0.006854461701092838,0.0,0.0,False,0.0,0.6854461701092835,0.6,FUSED,ACCEPTED,ACCEPTED,125.707111497,125.707111497
125.765782164,2.7816345525564583,46.046160771219355,0.011854461701093975,0.0,0.0,False,0.0,0.0,0.6,MODEL_ONLY,DUPLICATE_OR_OLD,DUPLICATE_OR_OLD,125.707111497,125.707111497
125.815782164,2.8238838919148828,46.18629873233113,0.006276223999085883,0.0,0.0,False,0.0,0.6276223999085881,0.6,FUSED,ACCEPTED,ACCEPTED,125.803071994,125.803071994
125.865782164,2.8109986525930717,46.32717079594382,0.011276223999085599,0.0,0.0,False,0.0,0.0,0.6,MODEL_ONLY,DUPLICATE_OR_OLD,DUPLICATE_OR_OLD,125.803071994,125.803071994
125.91578216399999,2.798113413271248,46.46739859759042,0.016276223999085314,0.0,0.0,False,0.0,0.0,0.6,MODEL_ONLY,DUPLICATE_OR_OLD,DUPLICATE_OR_OLD,125.803071994,125.803071994
125.96578216399999,2.839656752667961,46.60834285173889,0.006802683085946519,0.0,0.0,False,0.0,0.6802683085946517,0.6,FUSED,ACCEPTED,ACCEPTED,125.909053482,125.909053482
126.015782164,2.8267715133461118,46.75000355838928,0.011802683085947657,0.0,0.0,False,0.0,0.0,0.6,MODEL_ONLY,DUPLICATE_OR_OLD,DUPLICATE_OR_OLD,125.909053482,125.909053482
126.065782164,2.8631822432575254,46.892252402304365,0.006269030243004668,0.0,0.0,False,0.0,0.6269030243004666,0.6,FUSED,ACCEPTED,ACCEPTED,126.001029981,126.001029981
126.115782164,2.8810880557223886,47.03585915977885,0.0052983281862185,0.0,0.0,False,0.0,0.5298328186218499,0.6,FUSED,ACCEPTED,ACCEPTED,126.104994154,126.104994154
126.16578216399999,2.8682028164005136,47.17959143158192,0.010298328186218217,0.0,0.0,False,0.0,0.0,0.6,MODEL_ONLY,DUPLICATE_OR_OLD,DUPLICATE_OR_OLD,126.104994154,126.104994154
126.21578216399999,2.855317577078631,47.322679441418884,0.015298328186217933,0.0,0.0,False,0.0,0.0,0.6,MODEL_ONLY,DUPLICATE_OR_OLD,DUPLICATE_OR_OLD,126.104994154,126.104994154
126.265782164,2.9033571557233926,47.46664630973897,0.00669948786001057,0.0,0.0,False,0.0,0.6699487860010569,0.6,FUSED,ACCEPTED,ACCEPTED,126.206973718,126.206973718
126.315782164,2.8904719164014967,47.61149203654209,0.011699487860010287,0.0,0.0,False,0.0,0.0,0.6,MODEL_ONLY,DUPLICATE_OR_OLD,DUPLICATE_OR_OLD,126.206973718,126.206973718
126.365782164,2.9195705596598183,47.75674309844361,0.006254609806588159,0.0,0.0,False,0.0,0.6254609806588157,0.6,FUSED,ACCEPTED,ACCEPTED,126.33292993,126.33292993
126.41578216399999,2.9449850995068747,47.90335698992277,0.005295138282472495,0.0,0.0,False,0.0,0.5295138282472494,0.6,FUSED,ACCEPTED,ACCEPTED,126.404909562,126.404909562
126.46578216399999,2.9320998601849615,48.050284113915055,0.010295138282472211,0.0,0.0,False,0.0,0.0,0.6,MODEL_ONLY,DUPLICATE_OR_OLD,DUPLICATE_OR_OLD,126.404909562,126.404909562
126.515782164,2.966151774489747,48.19774040478196,0.006046671147503131,0.0,0.0,False,0.0,0.604667114750313,0.6,FUSED,ACCEPTED,ACCEPTED,126.498882493,126.498882493
126.565782164,2.9532665351678244,48.345725862523395,0.011046671147502848,0.0,0.0,False,0.0,0.0,0.6,MODEL_ONLY,DUPLICATE_OR_OLD,DUPLICATE_OR_OLD,126.498882493,126.498882493
126.615782164,2.9403812958458984,48.49306705829873,0.016046671147502564,0.0,0.0,False,0.0,0.0,0.6,MODEL_ONLY,DUPLICATE_OR_OLD,DUPLICATE_OR_OLD,126.498882493,126.498882493
126.66578216399999,2.971074850261532,48.64085346195141,0.006779042766778395,0.0,0.0,False,0.0,0.6779042766778394,0.6,FUSED,ACCEPTED,ACCEPTED,126.600862291,126.600862291
126.71578216399999,2.9581896109395993,48.78908507348143,0.011779042766778111,0.0,0.0,False,0.0,0.0,0.6,MODEL_ONLY,DUPLICATE_OR_OLD,DUPLICATE_OR_OLD,126.600862291,126.600862291
126.765782164,2.9843667123286344,48.93764898156317,0.006265736573524763,0.0,0.0,False,0.0,0.6265736573524763,0.6,FUSED,ACCEPTED,ACCEPTED,126.702826265,126.702826265
126.815782164,3.0020460702823453,49.08730930112844,0.005297599984168972,0.0,0.0,False,0.0,0.529759998416897,0.6,FUSED,ACCEPTED,ACCEPTED,126.802807254,126.802807254
126.865782164,2.9891608309604045,49.2370894736595,0.010297599984168689,0.0,0.0,False,0.0,0.0,0.6,MODEL_ONLY,DUPLICATE_OR_OLD,DUPLICATE_OR_OLD,126.802807254,126.802807254
126.91578216399999,2.976275591638462,49.38622538422447,0.015297599984168405,0.0,0.0,False,0.0,0.0,0.6,MODEL_ONLY,DUPLICATE_OR_OLD,DUPLICATE_OR_OLD,126.802807254,126.802807254
126.96578216399999,2.9633903523165177,49.53471703282333,0.02029759998416812,0.0,0.0,False,0.0,0.0,0.6,MODEL_ONLY,DUPLICATE_OR_OLD,DUPLICATE_OR_OLD,126.802807254,126.802807254
127.015782164,3.026583430456863,49.684466377392695,0.007166946193371522,0.0,0.0,False,0.0,0.7166946193371523,0.6,FUSED,ACCEPTED,ACCEPTED,127.000748724,127.000748724
127.065782164,3.0136981911349157,49.835473417932484,0.012166946193371239,0.0,0.0,False,0.0,0.0,0.6,MODEL_ONLY,DUPLICATE_OR_OLD,DUPLICATE_OR_OLD,127.000748724,127.000748724
127.115782164,3.0420768455393405,49.986867793849335,0.006319056279339886,0.0,0.0,False,0.0,0.6319056279339885,0.6,FUSED,ACCEPTED,ACCEPTED,127.098725845,127.098725845
127.16578216399999,3.0291916062173905,50.13864950514324,0.011319056279339603,0.0,0.0,False,0.0,0.0,0.6,MODEL_ONLY,DUPLICATE_OR_OLD,DUPLICATE_OR_OLD,127.098725845,127.098725845
127.21578216399999,3.016306366895439,50.289786954471055,0.01631905627933932,0.0,0.0,False,0.0,0.0,0.6,MODEL_ONLY,DUPLICATE_OR_OLD,DUPLICATE_OR_OLD,127.098725845,127.098725845
127.265782164,3.052639853869115,50.4415106099902,0.00680705577115474,0.0,0.0,False,0.0,0.680705577115474,0.6,FUSED,ACCEPTED,ACCEPTED,127.200701234,127.200701234
127.315782164,3.081721926852097,50.59486965450822,0.005414328231678291,0.0,0.0,False,0.0,0.541432823167829,0.6,FUSED,ACCEPTED,ACCEPTED,127.300663844,127.300663844
127.365782164,3.0688366875301423,50.74863361986777,0.010414328231678007,0.0,0.0,False,0.0,0.0,0.6,MODEL_ONLY,DUPLICATE_OR_OLD,DUPLICATE_OR_OLD,127.300663844,127.300663844
127.41578216399999,3.055951448208187,50.90175332326122,0.015414328231677724,0.0,0.0,False,0.0,0.0,0.6,MODEL_ONLY,DUPLICATE_OR_OLD,DUPLICATE_OR_OLD,127.300663844,127.300663844
127.46578216399999,3.0954517437070033,51.05553840305908,0.006712075991346507,0.0,0.0,False,0.0,0.6712075991346507,0.6,FUSED,ACCEPTED,ACCEPTED,127.408632056,127.408632056
127.515782164,3.0825665043850425,51.20998885926142,0.011712075991347645,0.0,0.0,False,0.0,0.0,0.6,MODEL_ONLY,DUPLICATE_OR_OLD,DUPLICATE_OR_OLD,127.408632056,127.408632056
127.565782164,3.1045078311201935,51.364665717649046,0.006256374830904486,0.0,0.0,False,0.0,0.6256374830904485,0.6,FUSED,ACCEPTED,ACCEPTED,127.496602027,127.496602027
127.615782164,3.091622591798235,51.519568978222,0.011256374830904203,0.0,0.0,False,0.0,0.0,0.6,MODEL_ONLY,DUPLICATE_OR_OLD,DUPLICATE_OR_OLD,127.496602027,127.496602027
127.66578216399999,3.078737352476276,51.67382797682885,0.01625637483090392,0.0,0.0,False,0.0,0.0,0.6,MODEL_ONLY,DUPLICATE_OR_OLD,DUPLICATE_OR_OLD,127.496602027,127.496602027
127.71578216399999,3.0658521131543166,51.82744271346961,0.021256374830903636,0.0,0.0,False,0.0,0.0,0.6,MODEL_ONLY,DUPLICATE_OR_OLD,DUPLICATE_OR_OLD,127.496602027,127.496602027
127.765782164,3.0688106327092184,51.98080928211623,0.026256374830904775,0.0,0.0,False,0.0,0.0,0.6,MODEL_ONLY,MISSING_OR_STALE,MISSING_OR_STALE,127.496602027,127.496602027
127.815782164,3.0559253933872585,52.133927682768636,0.03125637483090449,0.0,0.0,False,0.0,0.0,0.6,MODEL_ONLY,MISSING_OR_STALE,MISSING_OR_STALE,127.496602027,127.496602027
127.865782164,3.0430401540652983,52.286401821454945,0.06790133812934211,0.007771769350668955,0.15543538701338794,True,0.03164496329843791,0.0,0.6,MODEL_ONLY,MISSING_OR_STALE,MISSING_OR_STALE,127.496602027,127.496602027
127.91578216399999,3.030154914743338,52.43823169817515,0.0740671035319421,0.01554353870133791,0.15543538701338794,True,0.0011657654026002771,0.0,0.6,MODEL_ONLY,MISSING_OR_STALE,MISSING_OR_STALE,127.496602027,127.496602027
127.96578216399999,3.017269675421378,52.589417312929264,0.08101004586960894,0.023315308052006864,0.15543538701338794,True,0.0019429423376671284,0.0,0.6,MODEL_ONLY,MISSING_OR_STALE,MISSING_OR_STALE,127.496602027,127.496602027
128.015782164,3.0043844360994147,52.73995866571732,0.08873016514234495,0.031087077402678027,0.15543538701338794,True,0.002720119272734863,0.0,0.6,MODEL_ONLY,MISSING_OR_STALE,MISSING_OR_STALE,127.496602027,127.496602027
128.06578216399998,2.991499196777459,52.88985575653919,0.0972274613501432,0.03885884675334477,0.15543538701338794,True,0.0034972962077999474,0.0,0.6,MODEL_ONLY,MISSING_OR_STALE,MISSING_OR_STALE,127.496602027,127.496602027
128.115782164,2.978613957455496,53.03910858539505,0.10650193449301334,0.046630616104015934,0.15543538701338794,True,0.004274473142869007,0.0,0.6,MODEL_ONLY,MISSING_OR_STALE,MISSING_OR_STALE,127.496602027,127.496602027
128.165782164,2.9657287181335334,53.18771715228481,0.11655358457095079,0.0544023854546871,0.15543538701338794,True,0.0050516500779363,0.0,0.6,MODEL_ONLY,MISSING_OR_STALE,MISSING_OR_STALE,127.496602027,127.496602027
128.215782164,2.952843478811579,53.33568145720839,0.12738241158394914,0.06217415480535384,0.15543538701338794,True,0.0058288270130000585,0.0,0.6,MODEL_ONLY,MISSING_OR_STALE,MISSING_OR_STALE,127.496602027,127.496602027
128.265782164,2.9399582394896178,53.48300150016595,0.13898841553202074,0.069945924156025,0.15543538701338794,True,0.006606003948070444,0.0,0.6,MODEL_ONLY,MISSING_OR_STALE,MISSING_OR_STALE,127.496602027,127.496602027
128.31578216399998,2.9270730001676646,53.62967728115733,0.15137159641515235,0.07771769350669175,0.15543538701338794,True,0.0073831808831333195,0.0,0.6,MODEL_ONLY,MISSING_OR_STALE,MISSING_OR_STALE,127.496602027,127.496602027
128.365782164,2.914187760845705,53.7757088001827,0.1645319542333581,0.08548946285736292,0.15543538701338794,True,0.00816035781820459,0.0,0.6,MODEL_ONLY,MISSING_OR_STALE,MISSING_OR_STALE,127.496602027,127.496602027
128.415782164,2.901302521523747,53.92109605724197,0.17846948898663112,0.09326123220803409,0.15543538701338794,True,0.008937534753271881,0.0,0.6,MODEL_ONLY,MISSING_OR_STALE,MISSING_OR_STALE,127.496602027,127.496602027
128.465782164,2.8884172822017975,54.06583905233506,0.19318420067496284,0.10103300155870083,0.15543538701338794,True,0.009714711688333433,0.0,0.6,MODEL_ONLY,MISSING_OR_STALE,MISSING_OR_STALE,127.496602027,127.496602027
128.515782164,2.875532042879842,54.20993778546213,0.20867608929837,0.108804770909372,0.15543538701338794,True,0.010491888623406026,0.0,0.6,MODEL_ONLY,MISSING_OR_STALE,MISSING_OR_STALE,127.496602027,127.496602027
128.56578216399998,2.862646803557896,54.353392256623025,0.22494515485683497,0.11657654026003875,0.15543538701338794,True,0.011269065558466695,0.0,0.6,MODEL_ONLY,MISSING_OR_STALE,MISSING_OR_STALE,127.496602027,127.496602027
128.615782164,2.8497615642359446,54.4962024658179,0.24199139735037628,0.12434830961070992,0.15543538701338794,True,0.012046242493540171,0.0,0.6,MODEL_ONLY,MISSING_OR_STALE,MISSING_OR_STALE,127.496602027,127.496602027
128.665782164,2.836876324913996,54.638368413046685,0.2598148167789849,0.1321200789613811,0.15543538701338794,True,0.012823419428607465,0.0,0.6,MODEL_ONLY,MISSING_OR_STALE,MISSING_OR_STALE,127.496602027,127.496602027
128.715782164,2.823991085592057,54.77989009830929,0.27841541314264995,0.13989184831204785,0.15543538701338794,True,0.013600596363666808,0.0,0.6,MODEL_ONLY,MISSING_OR_STALE,MISSING_OR_STALE,127.496602027,127.496602027
128.765782164,2.811105846270114,54.920767521605875,0.2977931864413927,0.14766361766271902,0.15543538701338794,True,0.014377773298741611,0.0,0.6,MODEL_ONLY,MISSING_OR_STALE,MISSING_OR_STALE,127.496602027,127.496602027
128.81578216399998,2.7982206069481816,55.06100068293628,0.31794813667519106,0.15543538701338577,0.15543538701338794,True,0.01515495023380007,0.0,0.6,MODEL_ONLY,MISSING_OR_STALE,MISSING_OR_STALE,127.496602027,127.496602027
128.865782164,2.7853353676262462,55.20058958230067,0.33888026384406794,0.16320715636405694,0.15543538701338794,True,0.015932127168875758,0.0,0.6,MODEL_ONLY,MISSING_OR_STALE,MISSING_OR_STALE,127.496602027,127.496602027
128.915782164,2.7724501283043153,55.33953421969897,0.3605895679480121,0.1709789257147281,0.15543538701338794,True,0.01670930410394305,0.0,0.6,MODEL_ONLY,MISSING_OR_STALE,MISSING_OR_STALE,127.496602027,127.496602027
128.965782164,2.7595648889823967,55.47783459513109,0.3830760489870106,0.17875069506539487,0.15543538701338794,True,0.017486481039000187,0.0,0.6,MODEL_ONLY,MISSING_OR_STALE,MISSING_OR_STALE,127.496602027,127.496602027
129.015782164,2.746679649660477,55.61549070859719,0.4063397069610889,0.18652246441606604,0.15543538701338794,True,0.018263657974077196,0.0,0.6,MODEL_ONLY,MISSING_OR_STALE,MISSING_OR_STALE,127.496602027,127.496602027
129.06578216399998,2.733794410338571,55.75250256009712,0.4303805418702206,0.1942942337667328,0.15543538701338794,True,0.01904083490913345,0.0,0.6,MODEL_ONLY,MISSING_OR_STALE,MISSING_OR_STALE,127.496602027,127.496602027
129.115782164,2.720909171016666,55.88887014963103,0.4551985537144331,0.20206600311740397,0.15543538701338794,True,0.019818011844211343,0.0,0.6,MODEL_ONLY,MISSING_OR_STALE,MISSING_OR_STALE,127.496602027,127.496602027
129.165782164,2.7080239316947696,56.02459347719885,0.4807937424937128,0.20983777246807514,0.15543538701338794,True,0.02059518877927864,0.0,0.6,MODEL_ONLY,MISSING_OR_STALE,MISSING_OR_STALE,127.496602027,127.496602027
129.215782164,2.6951386923728906,56.15967254280049,0.5071661082080448,0.2176095418187419,0.15543538701338794,True,0.021372365714333562,0.0,0.6,MODEL_ONLY,MISSING_OR_STALE,MISSING_OR_STALE,127.496602027,127.496602027
129.265782164,2.6822534530510156,56.29410734643612,0.5343156508574587,0.22538131116941307,0.15543538701338794,True,0.022149542649412785,0.0,0.6,MODEL_ONLY,MISSING_OR_STALE,MISSING_OR_STALE,127.496602027,127.496602027
129.31578216399998,2.669368213729161,56.427897888105576,0.5622423704419238,0.23315308052007983,0.15543538701338794,True,0.022926719584466824,0.0,0.6,MODEL_ONLY,MISSING_OR_STALE,MISSING_OR_STALE,127.496602027,127.496602027
129.365782164,2.6564829744073135,56.561044167809015,0.5909462669614719,0.240924849870751,0.15543538701338794,True,0.02370389651954693,0.0,0.6,MODEL_ONLY,MISSING_OR_STALE,MISSING_OR_STALE,127.496602027,127.496602027
129.415782164,2.643597735085483,56.69354618554637,0.6204273404160873,0.24869661922142217,0.15543538701338794,True,0.024481073454614224,0.0,0.6,MODEL_ONLY,MISSING_OR_STALE,MISSING_OR_STALE,127.496602027,127.496602027
129.465782164,2.630712495763679,56.82540394131755,0.6506855908057525,0.2564683885720889,0.15543538701338794,True,0.02525825038966694,0.0,0.6,MODEL_ONLY,MISSING_OR_STALE,MISSING_OR_STALE,127.496602027,127.496602027
129.515782164,2.617827256441889,56.95661743512272,0.681721018130502,0.26424015792276007,0.15543538701338794,True,0.02603542732474837,0.0,0.6,MODEL_ONLY,MISSING_OR_STALE,MISSING_OR_STALE,127.496602027,127.496602027
129.56578216399998,2.6049420171201314,57.08718666696173,0.7135336223903006,0.2720119272734268,0.15543538701338794,True,0.0268126042598002,0.0,0.6,MODEL_ONLY,MISSING_OR_STALE,MISSING_OR_STALE,127.496602027,127.496602027
129.615782164,2.5920567777983945,57.21711163683472,0.7461234035851843,0.27978369662409797,0.15543538701338794,True,0.027589781194882514,0.0,0.6,MODEL_ONLY,MISSING_OR_STALE,MISSING_OR_STALE,127.496602027,127.496602027
129.665782164,2.5791715384766896,57.34639234474163,0.7794903617151352,0.2875554659747691,0.15543538701338794,True,0.028366958129949806,0.0,0.6,MODEL_ONLY,MISSING_OR_STALE,MISSING_OR_STALE,127.496602027,127.496602027
129.715782164,2.5662862991550286,57.47502879068238,0.8136344967801339,0.29532723532543587,0.15543538701338794,True,0.02914413506500031,0.0,0.6,MODEL_ONLY,MISSING_OR_STALE,MISSING_OR_STALE,127.496602027,127.496602027
129.765782164,2.5534010598334014,57.60302097465712,0.848555808780219,0.303099004676107,0.15543538701338794,True,0.02992131200008395,0.0,0.6,MODEL_ONLY,MISSING_OR_STALE,MISSING_OR_STALE,127.496602027,127.496602027
129.81578216399998,2.540515820511829,57.73036889666571,0.8842542977153509,0.31087077402677377,0.15543538701338794,True,0.030698488935133567,0.0,0.6,MODEL_ONLY,MISSING_OR_STALE,MISSING_OR_STALE,127.496602027,127.496602027
129.865782164,2.5276305811903024,57.85707255670829,0.9207299635855701,0.3186425433774449,0.15543538701338794,True,0.03147566587021809,0.0,0.6,MODEL_ONLY,MISSING_OR_STALE,MISSING_OR_STALE,127.496602027,127.496602027
129.915782164,2.514745341868837,57.983131954784795,0.9579828063908566,0.32641431272811605,0.15543538701338794,True,0.032252842805285384,0.0,0.6,MODEL_ONLY,MISSING_OR_STALE,MISSING_OR_STALE,127.496602027,127.496602027
129.965782164,2.501860102547448,58.10854709089516,0.9960128261311887,0.3341860820787828,0.15543538701338794,True,0.03303001974033368,0.0,0.6,MODEL_ONLY,MISSING_OR_STALE,MISSING_OR_STALE,127.496602027,127.496602027
130.015782164,2.488974863226131,58.233317965039525,1.0348200228066093,0.34195785142945395,0.15543538701338794,True,0.033807196675419524,0.0,0.6,MODEL_ONLY,MISSING_OR_STALE,MISSING_OR_STALE,127.496602027,127.496602027
130.06578216399998,2.4760896239049104,58.357444577217755,1.0744043964170746,0.3497296207801207,0.15543538701338794,True,0.034584373610466936,0.0,0.6,MODEL_ONLY,MISSING_OR_STALE,MISSING_OR_STALE,127.496602027,127.496602027
130.115782164,2.4632043845837845,58.48092692743,1.1147659469626294,0.35750139013079185,0.15543538701338794,True,0.03536155054555367,0.0,0.6,MODEL_ONLY,MISSING_OR_STALE,MISSING_OR_STALE,127.496602027,127.496602027
130.165782164,2.4503191452627746,58.60376501567619,1.1559046744432515,0.365273159481463,0.15543538701338794,True,0.03613872748062096,0.0,0.6,MODEL_ONLY,MISSING_OR_STALE,MISSING_OR_STALE,127.496602027,127.496602027
130.215782164,2.437433905941904,58.72595884195626,1.197820578858917,0.37304492883212975,0.15543538701338794,True,0.03691590441566704,0.0,0.6,MODEL_ONLY,MISSING_OR_STALE,MISSING_OR_STALE,127.496602027,127.496602027
130.265782164,2.4245486666211766,58.847508406270364,1.2405136602096731,0.3808166981828009,0.15543538701338794,True,0.0376930813507551,0.0,0.6,MODEL_ONLY,MISSING_OR_STALE,MISSING_OR_STALE,127.496602027,127.496602027
130.31578216399998,2.411663427300627,58.96841370861837,1.2839839184954718,0.38858846753346765,0.15543538701338794,True,0.0384702582858003,0.0,0.6,MODEL_ONLY,MISSING_OR_STALE,MISSING_OR_STALE,127.496602027,127.496602027
130.365782164,2.3987781879802648,59.08867474900042,1.3282313537163621,0.3963602368841388,0.15543538701338794,True,0.03924743522088925,0.0,0.6,MODEL_ONLY,MISSING_OR_STALE,MISSING_OR_STALE,127.496602027,127.496602027
130.415782164,2.385892948660123,59.208291527416456,1.3732559658723198,0.40413200623480994,0.15543538701338794,True,0.04002461215595654,0.0,0.6,MODEL_ONLY,MISSING_OR_STALE,MISSING_OR_STALE,127.496602027,127.496602027
130.465782164,2.37300770934024,59.32726404386643,1.4190577549633185,0.4119037755854767,0.15543538701338794,True,0.040801789091000414,0.0,0.6,MODEL_ONLY,MISSING_OR_STALE,MISSING_OR_STALE,127.496602027,127.496602027
130.515782164,2.360122470020636,59.445592298350476,1.4656367209894103,0.41967554493614784,0.15543538701338794,True,0.04157896602609068,0.0,0.6,MODEL_ONLY,MISSING_OR_STALE,MISSING_OR_STALE,127.496602027,127.496602027
130.56578216399998,2.347237230701364,59.56327629086849,1.5129928639505423,0.4274473142868146,0.15543538701338794,True,0.04235614296113367,0.0,0.6,MODEL_ONLY,MISSING_OR_STALE,MISSING_OR_STALE,127.496602027,127.496602027
130.615782164,2.334351991382455,59.68031602142061,1.5611261838467685,0.43521908363748574,0.15543538701338794,True,0.04313331989622483,0.0,0.6,MODEL_ONLY,MISSING_OR_STALE,MISSING_OR_STALE,127.496602027,127.496602027
130.665782164,2.3214667520639667,59.79671149000679,1.610036680678062,0.4429908529881569,0.15543538701338794,True,0.04391049683129212,0.0,0.6,MODEL_ONLY,MISSING_OR_STALE,MISSING_OR_STALE,127.496602027,127.496602027
130.715782164,2.3085815127459646,59.912462696627,1.659724354444394,0.45076262233882364,0.15543538701338794,True,0.04468767376633378,0.0,0.6,MODEL_ONLY,MISSING_OR_STALE,MISSING_OR_STALE,127.496602027,127.496602027
130.765782164,2.2956962734285,60.02756964128139,1.7101892051458216,0.4585343916894948,0.15543538701338794,True,0.04546485070142626,0.0,0.6,MODEL_ONLY,MISSING_OR_STALE,MISSING_OR_STALE,127.496602027,127.496602027
130.81578216399998,2.2828110341116616,60.14203232396985,1.761431232782287,0.46630616104016154,0.15543538701338794,True,0.046242027636467044,0.0,0.6,MODEL_ONLY,MISSING_OR_STALE,MISSING_OR_STALE,127.496602027,127.496602027
130.865782164,2.269925794795521,60.25585074469256,1.8134504373538487,0.4740779303908327,0.15543538701338794,True,0.047019204571560405,0.0,0.6,MODEL_ONLY,MISSING_OR_STALE,MISSING_OR_STALE,127.496602027,127.496602027
130.915782164,2.2570405554801822,60.36902490344948,1.8662468188604777,0.4818496997415038,0.15543538701338794,True,0.04779638150662769,0.0,0.6,MODEL_ONLY,MISSING_OR_STALE,MISSING_OR_STALE,127.496602027,127.496602027
130.965782164,2.244155316165762,60.48155480024059,1.9198203773021432,0.4896214690921706,0.15543538701338794,True,0.04857355844166715,0.0,0.6,MODEL_ONLY,MISSING_OR_STALE,MISSING_OR_STALE,127.496602027,127.496602027
131.015782164,2.231270076852372,60.593440435066064,1.9741711126789063,0.4973932384428417,0.15543538701338794,True,0.04935073537676184,0.0,0.6,MODEL_ONLY,MISSING_OR_STALE,MISSING_OR_STALE,127.496602027,127.496602027
131.06578216399998,2.218384837540169,60.70468180792584,2.029299024990705,0.5051650077935085,0.15543538701338794,True,0.05012791231180041,0.0,0.6,MODEL_ONLY,MISSING_OR_STALE,MISSING_OR_STALE,127.496602027,127.496602027
131.115782164,2.205499598229301,60.8152789188201,2.085204114237602,0.5129367771441796,0.15543538701338794,True,0.05090508924689598,0.0,0.6,MODEL_ONLY,MISSING_OR_STALE,MISSING_OR_STALE,127.496602027,127.496602027
131.165782164,2.1926143589199594,60.925231767748855,2.1418863804195665,0.5207085464948508,0.15543538701338794,True,0.05168226618196327,0.0,0.6,MODEL_ONLY,MISSING_OR_STALE,MISSING_OR_STALE,127.496602027,127.496602027
131.215782164,2.179729119612362,61.03454035471213,2.1993458235365653,0.5284803158455175,0.15543538701338794,True,0.05245944311700052,0.0,0.6,MODEL_ONLY,MISSING_OR_STALE,MISSING_OR_STALE,127.496602027,127.496602027
131.265782164,2.1668438803067325,61.14320467971013,2.257582443588664,0.5362520851961886,0.15543538701338794,True,0.05323662005209741,0.0,0.6,MODEL_ONLY,MISSING_OR_STALE,MISSING_OR_STALE,127.496602027,127.496602027
131.31578216399998,2.1539586410033578,61.25122474274285,2.316596240575796,0.5440238545468553,0.15543538701338794,True,0.05401379698713377,0.0,0.6,MODEL_ONLY,MISSING_OR_STALE,MISSING_OR_STALE,127.496602027,127.496602027
131.365782164,2.1410734017025317,61.35860054381052,2.3763872144980285,0.5517956238975265,0.15543538701338794,True,0.05479097392223155,0.0,0.6,MODEL_ONLY,MISSING_OR_STALE,MISSING_OR_STALE,127.496602027,127.496602027
131.415782164,2.1281881624046135,61.46533208291322,2.4369553653553284,0.5595673932481976,0.15543538701338794,True,0.05556815085729884,0.0,0.6,MODEL_ONLY,MISSING_OR_STALE,MISSING_OR_STALE,127.496602027,127.496602027
131.465782164,2.11530292311001,61.57141936005105,2.4983006931476606,0.5673391625988643,0.15543538701338794,True,0.05634532779233388,0.0,0.6,MODEL_ONLY,MISSING_OR_STALE,MISSING_OR_STALE,127.496602027,127.496602027
131.515782164,2.1024176838191617,61.6768623752243,2.5604231978750946,0.5751109319495354,0.15543538701338794,True,0.05712250472743297,0.0,0.6,MODEL_ONLY,MISSING_OR_STALE,MISSING_OR_STALE,127.496602027,127.496602027
131.56578216399998,2.0895324445326007,61.781661128433065,2.62332287953756,0.5828827013002021,0.15543538701338794,True,0.05789968166246713,0.0,0.6,MODEL_ONLY,MISSING_OR_STALE,MISSING_OR_STALE,127.496602027,127.496602027
131.615782164,2.0766472052509006,61.88581561967768,2.6869997381351283,0.5906544706508733,0.15543538701338794,True,0.05867685859756711,0.0,0.6,MODEL_ONLY,MISSING_OR_STALE,MISSING_OR_STALE,127.496602027,127.496602027
131.665782164,2.063761965974739,61.989325848958345,2.751453773667764,0.5984262400015444,0.15543538701338794,True,0.059454035532634404,0.0,0.6,MODEL_ONLY,MISSING_OR_STALE,MISSING_OR_STALE,127.496602027,127.496602027
131.715782164,2.0508767267048835,62.0921918162753,2.8166849861354293,0.6061980093522111,0.15543538701338794,True,0.06023121246766724,0.0,0.6,MODEL_ONLY,MISSING_OR_STALE,MISSING_OR_STALE,127.496602027,127.496602027
131.765782164,2.037991487442187,62.194413521629,2.882693375538199,0.6139697787028823,0.15543538701338794,True,0.061008389402768544,0.0,0.6,MODEL_ONLY,MISSING_OR_STALE,MISSING_OR_STALE,127.496602027,127.496602027
131.81578216399998,2.025106248187649,62.29599096501971,2.9494789418759977,0.621741548053549,0.15543538701338794,True,0.06178556633780049,0.0,0.6,MODEL_ONLY,MISSING_OR_STALE,MISSING_OR_STALE,127.496602027,127.496602027
131.865782164,2.0122210089423764,62.39692414644799,3.0170416851489015,0.6295133174042201,0.15543538701338794,True,0.06256274327290269,0.0,0.6,MODEL_ONLY,MISSING_OR_STALE,MISSING_OR_STALE,127.496602027,127.496602027
131.915782164,1.999335769707651,62.49721306591426,3.0853816053568726,0.6372850867548913,0.15543538701338794,True,0.06333992020796997,0.0,0.6,MODEL_ONLY,MISSING_OR_STALE,MISSING_OR_STALE,127.496602027,127.496602027
131.965782164,1.986450530484931,62.59685772341904,3.1544987024998714,0.645056856105558,0.15543538701338794,True,0.0641170971430006,0.0,0.6,MODEL_ONLY,MISSING_OR_STALE,MISSING_OR_STALE,127.496602027,127.496602027
132.015782164,1.9735652912758515,62.69585811896308,3.2243929765779766,0.6528286254562291,0.15543538701338794,True,0.06489427407810411,0.0,0.6,MODEL_ONLY,MISSING_OR_STALE,MISSING_OR_STALE,127.496602027,127.496602027
132.06578216399998,1.9606800520823042,62.794214252547,3.2950644275911087,0.6606003948068958,0.15543538701338794,True,0.06567145101313385,0.0,0.6,MODEL_ONLY,MISSING_OR_STALE,MISSING_OR_STALE,127.496602027,127.496602027
132.115782164,1.9477948129064095,62.89192612417174,3.366513055539348,0.668372164157567,0.15543538701338794,True,0.06644862794823825,0.0,0.6,MODEL_ONLY,MISSING_OR_STALE,MISSING_OR_STALE,127.496602027,127.496602027
132.165782164,1.9349095737506032,62.988993733838186,3.4387388604226548,0.6761439335082381,0.15543538701338794,True,0.06722580488330554,0.0,0.6,MODEL_ONLY,MISSING_OR_STALE,MISSING_OR_STALE,127.496602027,127.496602027
132.215782164,1.9220243346176555,63.08541708154736,3.511741842240987,0.6839157028589048,0.15543538701338794,True,0.06800298181833395,0.0,0.6,MODEL_ONLY,MISSING_OR_STALE,MISSING_OR_STALE,127.496602027,127.496602027
132.265782164,1.9091390955106942,63.18119616730059,3.5855220009944277,0.6916874722095759,0.15543538701338794,True,0.06878015875343968,0.0,0.6,MODEL_ONLY,MISSING_OR_STALE,MISSING_OR_STALE,127.496602027,127.496602027
132.31578216399998,1.8962538564333085,63.27633099109916,3.660079336682893,0.6994592415602426,0.15543538701338794,True,0.06955733568846721,0.0,0.6,MODEL_ONLY,MISSING_OR_STALE,MISSING_OR_STALE,127.496602027,127.496602027
132.365782164,1.88336861738955,63.370821552944754,3.735413849306468,0.7072310109109138,0.15543538701338794,True,0.07033451262357382,0.0,0.6,MODEL_ONLY,MISSING_OR_STALE,MISSING_OR_STALE,127.496602027,127.496602027
132.415782164,1.870483378384052,63.46466785283911,3.8115255388651104,0.7150027802615849,0.15543538701338794,True,0.07111168955864111,0.0,0.6,MODEL_ONLY,MISSING_OR_STALE,MISSING_OR_STALE,127.496602027,127.496602027
132.465782164,1.857598139422083,63.55786989078423,3.888414405358776,0.7227745496122516,0.15543538701338794,True,0.07188886649366731,0.0,0.6,MODEL_ONLY,MISSING_OR_STALE,MISSING_OR_STALE,127.496602027,127.496602027
132.515782164,1.844712900509614,63.65042766678255,3.9660804487875523,0.7305463189629228,0.15543538701338794,True,0.07266604342877524,0.0,0.6,MODEL_ONLY,MISSING_OR_STALE,MISSING_OR_STALE,127.496602027,127.496602027
132.56578216399998,1.8318276616534674,63.7423411808366,4.044523669151351,0.7383180883135895,0.15543538701338794,True,0.07344322036380056,0.0,0.6,MODEL_ONLY,MISSING_OR_STALE,MISSING_OR_STALE,127.496602027,127.496602027
132.615782164,2.8676094100348832,63.85982710762884,0.034955566239117004,0.006324348218430115,0.15543538701338794,True,0.07422039729890938,0.9915233424587363,0.6,FUSED,ACCEPTED,ACCEPTED,132.601189453,132.601189453
132.665782164,2.854724171128498,64.00288544715796,0.04097658952849494,0.014096117569101278,0.15543538701338794,True,0.0010210232893768018,0.0,0.6,MODEL_ONLY,DUPLICATE_OR_OLD,DUPLICATE_OR_OLD,132.601189453,132.601189453
132.715782164,2.8330625580577613,64.14508011538757,0.008269141256460947,0.0037850223277803804,0.15543538701338794,False,0.0017982002244428517,0.8269141256460946,0.5634936800951909,FUSED,ACCEPTED,ACCEPTED,132.69916648,132.69916648
132.765782164,2.81835200306273,64.28636547941562,0.013269141256462084,0.0037850223277803804,0.15543538701338794,False,0.0,0.0,0.5634936800951909,MODEL_ONLY,DUPLICATE_OR_OLD,DUPLICATE_OR_OLD,132.69916648,132.69916648
132.81578216399998,2.803641448029202,64.42691531569287,0.01826914125646038,0.0037850223277803804,0.15543538701338794,False,0.0,0.0,0.5634936800951909,MODEL_ONLY,DUPLICATE_OR_OLD,DUPLICATE_OR_OLD,132.69916648,132.69916648
132.865782164,2.819442129110742,64.5674924051214,0.006994211565933401,0.0037850223277803804,0.15543538701338794,False,0.0,0.6994211565933399,0.6,FUSED,ACCEPTED,ACCEPTED,132.801136175,132.801136175
132.915782164,2.8065568900086943,64.70814238059941,0.011994211565934538,0.0037850223277803804,0.15543538701338794,False,0.0,0.0,0.6,MODEL_ONLY,DUPLICATE_OR_OLD,DUPLICATE_OR_OLD,132.801136175,132.801136175
132.965782164,2.8156427946788765,64.84869737271656,0.006295502102154311,0.0037850223277803804,0.15543538701338794,False,0.0,0.6295502102154309,0.6,FUSED,ACCEPTED,ACCEPTED,132.909104764,132.909104764
133.015782164,2.8122042867837003,64.98939354975316,0.005304172706504141,0.0037850223277803804,0.15543538701338794,False,0.0,0.530417270650414,0.6,FUSED,ACCEPTED,ACCEPTED,132.997077877,132.997077877
133.06578216399998,2.799319047611864,65.129681633113,0.010304172706502437,0.0037850223277803804,0.15543538701338794,False,0.0,0.0,0.6,MODEL_ONLY,DUPLICATE_OR_OLD,DUPLICATE_OR_OLD,132.997077877,132.997077877
133.115782164,2.7864338084220828,65.26932545451388,0.015304172706503574,0.0037850223277803804,0.15543538701338794,False,0.0,0.0,0.6,MODEL_ONLY,DUPLICATE_OR_OLD,DUPLICATE_OR_OLD,132.997077877,132.997077877
133.165782164,2.8040499673634365,65.40908754890854,0.006700124403048454,0.0037850223277803804,0.15543538701338794,False,0.0,0.6700124403048453,0.6,FUSED,ACCEPTED,ACCEPTED,133.103059001,133.103059001
133.215782164,2.8257447913777867,65.54983241787703,0.005391731487679409,0.0037850223277803804,0.15543538701338794,False,0.0,0.5391731487679408,0.6,FUSED,ACCEPTED,ACCEPTED,133.203029754,133.203029754
133.265782164,2.812859552146059,65.69079752646516,0.010391731487680547,0.0037850223277803804,0.15543538701338794,False,0.0,0.0,0.6,MODEL_ONLY,DUPLICATE_OR_OLD,DUPLICATE_OR_OLD,133.203029754,133.203029754
133.31578216399998,2.799974312903558,65.83111837309136,0.01539173148767884,0.0037850223277803804,0.15543538701338794,False,0.0,0.0,0.6,MODEL_ONLY,DUPLICATE_OR_OLD,DUPLICATE_OR_OLD,133.203029754,133.203029754
133.365782164,2.8288514534624394,65.97183901725053,0.00670963136665848,0.0037850223277803804,0.15543538701338794,False,0.0,0.670963136665848,0.6,FUSED,ACCEPTED,ACCEPTED,133.317004345,133.317004345
133.415782164,2.81596621420208,66.11295945894217,0.011709631366659617,0.0037850223277803804,0.15543538701338794,False,0.0,0.0,0.6,MODEL_ONLY,DUPLICATE_OR_OLD,DUPLICATE_OR_OLD,133.317004345,133.317004345
133.465782164,2.8403055434004414,66.25436625288219,0.0062560321920117675,0.0037850223277803804,0.15543538701338794,False,0.0,0.6256032192011765,0.6,FUSED,ACCEPTED,ACCEPTED,133.408983872,133.408983872
133.515782164,2.869926839576398,66.39712206245663,0.005295453116712175,0.0037850223277803804,0.15543538701338794,False,0.0,0.5295453116712174,0.6,FUSED,ACCEPTED,ACCEPTED,133.496960152,133.496960152
133.56578216399998,2.8570416002964985,66.54029627345341,0.01029545311671047,0.0037850223277803804,0.15543538701338794,False,0.0,0.0,0.6,MODEL_ONLY,DUPLICATE_OR_OLD,DUPLICATE_OR_OLD,133.496960152,133.496960152
133.615782164,2.8924617904939036,66.6840338582232,0.006046720351732529,0.0037850223277803804,0.15543538701338794,False,0.0,0.6046720351732526,0.6,FUSED,ACCEPTED,ACCEPTED,133.600921041,133.600921041
133.665782164,2.8795765512045475,66.82833481676569,0.011046720351733666,0.0037850223277803804,0.15543538701338794,False,0.0,0.0,0.6,MODEL_ONLY,DUPLICATE_OR_OLD,DUPLICATE_OR_OLD,133.600921041,133.600921041
133.715782164,2.8666913119113038,66.97199151334354,0.01604672035173196,0.0037850223277803804,0.15543538701338794,False,0.0,0.0,0.6,MODEL_ONLY,DUPLICATE_OR_OLD,DUPLICATE_OR_OLD,133.600921041,133.600921041
133.765782164,2.901164739088481,67.11618791461858,0.006779047871495459,0.0037850223277803804,0.15543538701338794,False,0.0,0.6779047871495458,0.6,FUSED,ACCEPTED,ACCEPTED,133.702899132,133.702899132
133.81578216399998,2.888279499788787,67.26092402059047,0.011779047871493753,0.0037850223277803804,0.15543538701338794,False,0.0,0.0,0.6,MODEL_ONLY,DUPLICATE_OR_OLD,DUPLICATE_OR_OLD,133.702899132,133.702899132
133.865782164,2.9246477725039064,67.40624720239782,0.006265737285363101,0.0037850223277803804,0.15543538701338794,False,0.0,0.62657372853631,0.6,FUSED,ACCEPTED,ACCEPTED,133.806857046,133.806857046
133.915782164,2.9117625331992034,67.55215746004042,0.011265737285364237,0.0037850223277803804,0.15543538701338794,False,0.0,0.0,0.6,MODEL_ONLY,DUPLICATE_OR_OLD,DUPLICATE_OR_OLD,133.806857046,133.806857046
133.965782164,2.9481064765152953,67.69865418528325,0.006192758691158906,0.0037850223277803804,0.15543538701338794,False,0.0,0.6192758691158904,0.6,FUSED,ACCEPTED,ACCEPTED,133.910846594,133.910846594
134.015782164,2.9788814951645413,67.84682888457527,0.005281407132630064,0.0037850223277803804,0.15543538701338794,False,0.0,0.5281407132630064,0.6,FUSED,ACCEPTED,ACCEPTED,134.010809264,134.010809264
134.06578216399998,2.965996255854368,67.9954508283507,0.010281407132628359,0.0037850223277803804,0.15543538701338794,False,0.0,0.0,0.6,MODEL_ONLY,DUPLICATE_OR_OLD,DUPLICATE_OR_OLD,134.010809264,134.010809264
134.115782164,2.9531110165427794,68.14342851016066,0.015281407132629496,0.0037850223277803804,0.15543538701338794,False,0.0,0.0,0.6,MODEL_ONLY,DUPLICATE_OR_OLD,DUPLICATE_OR_OLD,134.010809264,134.010809264
134.165782164,2.993289273988485,68.29208851742398,0.00669764355526788,0.0037850223277803804,0.15543538701338794,False,0.0,0.6697643555267878,0.6,FUSED,ACCEPTED,ACCEPTED,134.104776497,134.104776497
134.215782164,3.016577205180723,68.44233517940314,0.005391204591167262,0.0037850223277803804,0.15543538701338794,False,0.0,0.5391204591167261,0.6,FUSED,ACCEPTED,ACCEPTED,134.206747279,134.206747279
134.265782164,3.0036919658658414,68.59284190867935,0.0103912045911684,0.0037850223277803804,0.15543538701338794,False,0.0,0.0,0.6,MODEL_ONLY,DUPLICATE_OR_OLD,DUPLICATE_OR_OLD,134.206747279,134.206747279
134.31578216399998,2.990806726550121,68.7427043759897,0.015391204591166694,0.0037850223277803804,0.15543538701338794,False,0.0,0.0,0.6,MODEL_ONLY,DUPLICATE_OR_OLD,DUPLICATE_OR_OLD,134.206747279,134.206747279
134.365782164,3.0343156126605195,68.89333243447,0.0067095743210829634,0.0037850223277803804,0.15543538701338794,False,0.0,0.6709574321082963,0.6,FUSED,ACCEPTED,ACCEPTED,134.332723254,134.332723254
134.415782164,3.0518253834428544,69.04548595937261,0.0053937374118440875,0.0037850223277803804,0.15543538701338794,False,0.0,0.5393737411844086,0.6,FUSED,ACCEPTED,ACCEPTED,134.402689045,134.402689045
134.465782164,3.0389401441251542,69.19775509756177,0.010393737411842383,0.0037850223277803804,0.15543538701338794,False,0.0,0.0,0.6,MODEL_ONLY,DUPLICATE_OR_OLD,DUPLICATE_OR_OLD,134.402689045,134.402689045
134.515782164,3.072044845258902,69.3505297222964,0.0060620211834843795,0.0037850223277803804,0.15543538701338794,False,0.0,0.6062021183484378,0.6,FUSED,ACCEPTED,ACCEPTED,134.500674432,134.500674432
134.56578216399998,3.059159605940245,69.50380983357633,0.011062021183482675,0.0037850223277803804,0.15543538701338794,False,0.0,0.0,0.6,MODEL_ONLY,DUPLICATE_OR_OLD,DUPLICATE_OR_OLD,134.500674432,134.500674432
134.615782164,3.046274366621186,69.65644568289039,0.016062021183483814,0.0037850223277803804,0.15543538701338794,False,0.0,0.0,0.6,MODEL_ONLY,DUPLICATE_OR_OLD,DUPLICATE_OR_OLD,134.500674432,134.500674432
134.665782164,3.0756362452994535,69.80949344818843,0.006780634479343927,0.0037850223277803804,0.15543538701338794,False,0.0,0.6780634479343927,0.6,FUSED,ACCEPTED,ACCEPTED,134.600645257,134.600645257
134.715782164,3.0627510059797483,69.96295312947036,0.011780634479342222,0.0037850223277803804,0.15543538701338794,False,0.0,0.0,0.6,MODEL_ONLY,DUPLICATE_OR_OLD,DUPLICATE_OR_OLD,134.600645257,134.600645257
134.765782164,3.09101216713915,70.11679720879837,0.006265958520245937,0.0037850223277803804,0.15543538701338794,False,0.0,0.6265958520245934,0.6,FUSED,ACCEPTED,ACCEPTED,134.702610348,134.702610348
134.81578216399998,3.0781269278189383,70.27102568617228,0.011265958520244233,0.0037850223277803804,0.15543538701338794,False,0.0,0.0,0.6,MODEL_ONLY,DUPLICATE_OR_OLD,DUPLICATE_OR_OLD,134.702610348,134.702610348
134.865782164,3.104123639955489,70.42558195036668,0.006192790759076178,0.0037850223277803804,0.15543538701338794,False,0.0,0.6192790759076177,0.6,FUSED,ACCEPTED,ACCEPTED,134.80459095,134.80459095
134.915782164,3.091238400634877,70.58046600138147,0.011192790759077316,0.0037850223277803804,0.15543538701338794,False,0.0,0.0,0.6,MODEL_ONLY,DUPLICATE_OR_OLD,DUPLICATE_OR_OLD,134.80459095,134.80459095
134.965782164,3.1214391601429505,70.73578294040087,0.006182155581670856,0.0037850223277803804,0.15543538701338794,False,0.0,0.6182155581670856,0.6,FUSED,ACCEPTED,ACCEPTED,134.930551631,134.930551631
135.015782164,3.1374042946747385,70.89225402677135,0.005279045155983763,0.0037850223277803804,0.15543538701338794,False,0.0,0.5279045155983761,0.6,FUSED,ACCEPTED,ACCEPTED,135.000532186,135.000532186
135.06578216399998,3.1245190553537037,71.048802110522,0.010279045155982058,0.0037850223277803804,0.15543538701338794,False,0.0,0.0,0.6,MODEL_ONLY,DUPLICATE_OR_OLD,DUPLICATE_OR_OLD,135.000532186,135.000532186
135.115782164,3.1116338160325507,71.20470593230671,0.015279045155983195,0.0037850223277803804,0.15543538701338794,False,0.0,0.0,0.6,MODEL_ONLY,DUPLICATE_OR_OLD,DUPLICATE_OR_OLD,135.000532186,135.000532186
135.165782164,3.132738462920749,71.36081523928057,0.0066973859484391295,0.0037850223277803804,0.15543538701338794,False,0.0,0.6697385948439127,0.6,FUSED,ACCEPTED,ACCEPTED,135.102499781,135.102499781
135.215782164,3.1198532235994207,71.51713003144351,0.011697385948437423,0.0037850223277803804,0.15543538701338794,False,0.0,0.0,0.6,MODEL_ONLY,DUPLICATE_OR_OLD,DUPLICATE_OR_OLD,135.102499781,135.102499781
135.265782164,3.137125220695053,71.67355449255092,0.006254314928317968,0.0037850223277803804,0.15543538701338794,False,0.0,0.6254314928317966,0.6,FUSED,ACCEPTED,ACCEPTED,135.20647454,135.20647454
135.31578216399998,3.1242399813735826,71.83008862260259,0.011254314928316262,0.0037850223277803804,0.15543538701338794,False,0.0,0.0,0.6,MODEL_ONLY,DUPLICATE_OR_OLD,DUPLICATE_OR_OLD,135.20647454,135.20647454
135.365782164,3.1385811440000824,71.98665915073695,0.0061911022903080246,0.0037850223277803804,0.15543538701338794,False,0.0,0.6191102290308024,0.6,FUSED,ACCEPTED,ACCEPTED,135.314807527,135.314807527
135.415782164,3.1256959046784942,72.14326607695395,0.011191102290309162,0.0037850223277803804,0.15543538701338794,False,0.0,0.0,0.6,MODEL_ONLY,DUPLICATE_OR_OLD,DUPLICATE_OR_OLD,135.314807527,135.314807527
135.465782164,3.139814642509152,72.29990384063359,0.00618190945567774,0.0037850223277803804,0.15543538701338794,False,0.0,0.618190945567774,0.6,FUSED,ACCEPTED,ACCEPTED,135.406411263,135.406411263
135.515782164,3.1472262726167877,72.45707986351178,0.005278990300225745,0.0037850223277803804,0.15543538701338794,False,0.0,0.5278990300225743,0.6,FUSED,ACCEPTED,ACCEPTED,135.506390311,135.506390311
135.56578216399998,3.1343410332950863,72.61411904615952,0.01027899030022404,0.0037850223277803804,0.15543538701338794,False,0.0,0.0,0.6,MODEL_ONLY,DUPLICATE_OR_OLD,DUPLICATE_OR_OLD,135.506390311,135.506390311
135.615782164,3.1214557939733467,72.77051396684126,0.015278990300225177,0.0037850223277803804,0.15543538701338794,False,0.0,0.0,0.6,MODEL_ONLY,DUPLICATE_OR_OLD,DUPLICATE_OR_OLD,135.506390311,135.506390311
135.665782164,3.146603595487557,72.92721545157782,0.00669737996516837,0.0037850223277803804,0.15543538701338794,False,0.0,0.6697379965168371,0.6,FUSED,ACCEPTED,ACCEPTED,135.612360982,135.612360982
135.715782164,3.1607576212392554,73.08489948199593,0.005391148601326905,0.0037850223277803804,0.15543538701338794,False,0.0,0.5391148601326903,0.6,FUSED,ACCEPTED,ACCEPTED,135.708334811,135.708334811
135.765782164,3.1478723819174435,73.24261523207488,0.010391148601328042,0.0037850223277803804,0.15543538701338794,False,0.0,0.0,0.6,MODEL_ONLY,DUPLICATE_OR_OLD,DUPLICATE_OR_OLD,135.708334811,135.708334811
135.81578216399998,3.1349871425956204,73.39968672018766,0.015391148601326336,0.0037850223277803804,0.15543538701338794,False,0.0,0.0,0.6,MODEL_ONLY,DUPLICATE_OR_OLD,DUPLICATE_OR_OLD,135.708334811,135.708334811
135.865782164,3.1591648353269193,73.55704051963576,0.006709568259107127,0.0037850223277803804,0.15543538701338794,False,0.0,0.6709568259107125,0.6,FUSED,ACCEPTED,ACCEPTED,135.812312449,135.812312449
135.915782164,3.1708663243371427,73.71529129862739,0.0053937361256346066,0.0037850223277803804,0.15543538701338794,False,0.0,0.5393736125634607,0.6,FUSED,ACCEPTED,ACCEPTED,135.908274554,135.908274554
135.965782164,3.1579810850152756,73.87351248386116,0.0103937361256329,0.0037850223277803804,0.15543538701338794,False,0.0,0.0,0.6,MODEL_ONLY,DUPLICATE_OR_OLD,DUPLICATE_OR_OLD,135.908274554,135.908274554
136.015782164,3.175144246507787,74.03184061714927,0.006062020984023155,0.0037850223277803804,0.15543538701338794,False,0.0,0.6062020984023154,0.6,FUSED,ACCEPTED,ACCEPTED,136.006246115,136.006246115
136.06578216399998,3.162259007185899,74.19027569849156,0.01106202098402145,0.0037850223277803804,0.15543538701338794,False,0.0,0.0,0.6,MODEL_ONLY,DUPLICATE_OR_OLD,DUPLICATE_OR_OLD,136.006246115,136.006246115
136.115782164,3.1493737678639953,74.34806651786784,0.01606202098402259,0.0037850223277803804,0.15543538701338794,False,0.0,0.0,0.6,MODEL_ONLY,DUPLICATE_OR_OLD,DUPLICATE_OR_OLD,136.006246115,136.006246115
136.165782164,3.172069023878853,74.50610258766145,0.00678063445867114,0.0037850223277803804,0.15543538701338794,False,0.0,0.6780634458671138,0.6,FUSED,ACCEPTED,ACCEPTED,136.124213433,136.124213433
136.215782164,3.1922100399630313,74.66520956425745,0.005408765516461042,0.0037850223277803804,0.15543538701338794,False,0.0,0.5408765516461042,0.6,FUSED,ACCEPTED,ACCEPTED,136.210192207,136.210192207
136.265782164,3.179324800641107,74.82449793527259,0.010408765516462179,0.0037850223277803804,0.15543538701338794,False,0.0,0.0,0.6,MODEL_ONLY,DUPLICATE_OR_OLD,DUPLICATE_OR_OLD,136.210192207,136.210192207
136.31578216399998,3.166439561319185,74.98314204432154,0.015408765516460473,0.0037850223277803804,0.15543538701338794,False,0.0,0.0,0.6,MODEL_ONLY,DUPLICATE_OR_OLD,DUPLICATE_OR_OLD,136.210192207,136.210192207
136.365782164,3.225135300780327,75.14293141587406,0.006711474527110758,0.0037850223277803804,0.15543538701338794,False,0.0,0.6711474527110758,0.6,FUSED,ACCEPTED,ACCEPTED,136.316173125,136.316173125
136.415782164,3.258330421106198,75.30501805892126,0.0053941405557173736,0.0037850223277803804,0.15543538701338794,False,0.0,0.5394140555717373,0.6,FUSED,ACCEPTED,ACCEPTED,136.408133572,136.408133572
136.465782164,3.2454451817842633,75.46761244899346,0.010394140555715668,0.0037850223277803804,0.15543538701338794,False,0.0,0.0,0.6,MODEL_ONLY,DUPLICATE_OR_OLD,DUPLICATE_OR_OLD,136.408133572,136.408133572
136.515782164,3.232559942462318,75.62956257709966,0.015394140555716805,0.0037850223277803804,0.15543538701338794,False,0.0,0.0,0.6,MODEL_ONLY,DUPLICATE_OR_OLD,DUPLICATE_OR_OLD,136.408133572,136.408133572
136.56578216399998,3.286129518645052,75.79252981362728,0.006709892164356768,0.0037850223277803804,0.15543538701338794,False,0.0,0.6709892164356768,0.6,FUSED,ACCEPTED,ACCEPTED,136.500109323,136.500109323
136.615782164,3.2732442793231016,75.95651415857654,0.011709892164357905,0.0037850223277803804,0.15543538701338794,False,0.0,0.0,0.6,MODEL_ONLY,DUPLICATE_OR_OLD,DUPLICATE_OR_OLD,136.500109323,136.500109323
136.665782164,3.3145994596629027,76.12121025205121,0.006256068748437807,0.0037850223277803804,0.15543538701338794,False,0.0,0.6256068748437805,0.6,FUSED,ACCEPTED,ACCEPTED,136.604079167,136.604079167
136.715782164,3.3540004239588743,76.2879252491417,0.005295461207644174,0.0037850223277803804,0.15543538701338794,False,0.0,0.5295461207644174,0.6,FUSED,ACCEPTED,ACCEPTED,136.70606329,136.70606329
136.765782164,3.341115184636918,76.45530313935663,0.010295461207645311,0.0037850223277803804,0.15543538701338794,False,0.0,0.0,0.6,MODEL_ONLY,DUPLICATE_OR_OLD,DUPLICATE_OR_OLD,136.70606329,136.70606329
136.81578216399998,3.392137865471071,76.62363446560926,0.006046721616216957,0.0037850223277803804,0.15543538701338794,False,0.0,0.6046721616216956,0.6,FUSED,ACCEPTED,ACCEPTED,136.814388759,136.814388759
136.865782164,3.379252626149112,76.79291922789982,0.011046721616218095,0.0037850223277803804,0.15543538701338794,False,0.0,0.0,0.6,MODEL_ONLY,DUPLICATE_OR_OLD,DUPLICATE_OR_OLD,136.814388759,136.814388759
136.915782164,3.4257258668568866,76.963043690225,0.006160745237983032,0.0037850223277803804,0.15543538701338794,False,0.0,0.6160745237983031,0.6,FUSED,ACCEPTED,ACCEPTED,136.902005076,136.902005076
136.965782164,3.4128406275349326,77.13400785258474,0.011160745237981327,0.0037850223277803804,0.15543538701338794,False,0.0,0.0,0.6,MODEL_ONLY,DUPLICATE_OR_OLD,DUPLICATE_OR_OLD,136.902005076,136.902005076
137.015782164,3.458573192926781,77.30579319809632,0.006177478925378196,0.0037850223277803804,0.15543538701338794,False,0.0,0.6177478925378195,0.6,FUSED,ACCEPTED,ACCEPTED,136.999973005,136.999973005
137.06578216399998,3.4456879536048253,77.47839972675956,0.011177478925376492,0.0037850223277803804,0.15543538701338794,False,0.0,0.0,0.6,MODEL_ONLY,DUPLICATE_OR_OLD,DUPLICATE_OR_OLD,136.999973005,136.999973005
137.115782164,3.4328027142828614,77.6503619934568,0.01617747892537763,0.0037850223277803804,0.15543538701338794,False,0.0,0.0,0.6,MODEL_ONLY,DUPLICATE_OR_OLD,DUPLICATE_OR_OLD,136.999973005,136.999973005
137.165782164,3.477450338503041,77.82311831977648,0.006792556568177198,0.0037850223277803804,0.15543538701338794,False,0.0,0.6792556568177196,0.6,FUSED,ACCEPTED,ACCEPTED,137.099949699,137.099949699
137.215782164,3.464565099181083,77.99666870571852,0.011792556568175492,0.0037850223277803804,0.15543538701338794,False,0.0,0.0,0.6,MODEL_ONLY,DUPLICATE_OR_OLD,DUPLICATE_OR_OLD,137.099949699,137.099949699
137.265782164,3.523606810863878,78.1713730034697,0.006267620085244986,0.0037850223277803804,0.15543538701338794,False,0.0,0.6267620085244985,0.6,FUSED,ACCEPTED,ACCEPTED,137.201918899,137.201918899
137.31578216399998,3.565023013526895,78.3485887490794,0.005298016440053589,0.0037850223277803804,0.15543538701338794,False,0.0,0.5298016440053588,0.6,FUSED,ACCEPTED,ACCEPTED,137.311892098,137.311892098
137.365782164,3.5521377742049287,78.52651776877273,0.010298016440054725,0.0037850223277803804,0.15543538701338794,False,0.0,0.0,0.6,MODEL_ONLY,DUPLICATE_OR_OLD,DUPLICATE_OR_OLD,137.311892098,137.311892098
137.415782164,3.611252819360028,78.7056025336119,0.0060471209180786205,0.0037850223277803804,0.15543538701338794,False,0.0,0.6047120918078619,0.6,FUSED,ACCEPTED,ACCEPTED,137.405853922,137.405853922
137.465782164,3.5983675800380683,78.8858430435968,0.011047120918076915,0.0037850223277803804,0.15543538701338794,False,0.0,0.0,0.6,MODEL_ONLY,DUPLICATE_OR_OLD,DUPLICATE_OR_OLD,137.405853922,137.405853922
137.515782164,3.585482340716101,79.06543929161569,0.016047120918078053,0.0037850223277803804,0.15543538701338794,False,0.0,0.0,0.6,MODEL_ONLY,DUPLICATE_OR_OLD,DUPLICATE_OR_OLD,137.405853922,137.405853922
137.56578216399998,3.5725971013941407,79.24439127766838,0.021047120918076347,0.0037850223277803804,0.15543538701338794,False,0.0,0.0,0.6,MODEL_ONLY,DUPLICATE_OR_OLD,DUPLICATE_OR_OLD,137.405853922,137.405853922
137.615782164,3.559711862072173,79.42269900175508,0.026047120918077482,0.0037850223277803804,0.15543538701338794,False,0.0,0.0,0.6,MODEL_ONLY,DUPLICATE_OR_OLD,DUPLICATE_OR_OLD,137.405853922,137.405853922
137.665782164,3.709429813303939,79.60442754363953,0.007563775539834357,0.0037850223277803804,0.15543538701338794,False,0.0,0.7563775539834355,0.6,FUSED,ACCEPTED,ACCEPTED,137.63579434,137.63579434
137.715782164,3.696544573981978,79.78957690332162,0.012563775539832652,0.0037850223277803804,0.15543538701338794,False,0.0,0.0,0.6,MODEL_ONLY,DUPLICATE_OR_OLD,DUPLICATE_OR_OLD,137.63579434,137.63579434
137.765782164,3.7544836311427057,79.97585260844978,0.006372049980762433,0.0037850223277803804,0.15543538701338794,False,0.0,0.6372049980762431,0.6,FUSED,ACCEPTED,ACCEPTED,137.695787436,137.695787436
137.81578216399998,3.7415983918207445,80.1632546590238,0.011372049980760728,0.0037850223277803804,0.15543538701338794,False,0.0,0.0,0.6,MODEL_ONLY,DUPLICATE_OR_OLD,DUPLICATE_OR_OLD,137.695787436,137.695787436
137.865782164,3.803710230273729,80.35188737457621,0.006208106685944061,0.0037850223277803804,0.15543538701338794,False,0.0,0.6208106685944059,0.6,FUSED,ACCEPTED,ACCEPTED,137.803752873,137.803752873
137.915782164,3.862127639529566,80.54353332132135,0.005284821908866063,0.0037850223277803804,0.15543538701338794,False,0.0,0.5284821908866061,0.6,FUSED,ACCEPTED,ACCEPTED,137.914145062,137.914145062
137.965782164,3.849242400207604,80.7363175723147,0.010284821908864358,0.0037850223277803804,0.15543538701338794,False,0.0,0.0,0.6,MODEL_ONLY,DUPLICATE_OR_OLD,DUPLICATE_OR_OLD,137.914145062,137.914145062
138.015782164,3.8363571608856355,80.92845756134207,0.015284821908865496,0.0037850223277803804,0.15543538701338794,False,0.0,0.0,0.6,MODEL_ONLY,DUPLICATE_OR_OLD,DUPLICATE_OR_OLD,137.914145062,137.914145062
138.06578216399998,3.921674086944393,81.12240834253775,0.006698015913683419,0.0037850223277803804,0.15543538701338794,False,0.0,0.6698015913683418,0.6,FUSED,ACCEPTED,ACCEPTED,137.99569894,137.99569894
138.115782164,3.986286639952561,81.32010736071021,0.005391283682443437,0.0037850223277803804,0.15543538701338794,False,0.0,0.5391283682443436,0.6,FUSED,ACCEPTED,ACCEPTED,138.109659682,138.109659682
138.165782164,3.9734014006305918,81.51909956172484,0.010391283682444574,0.0037850223277803804,0.15543538701338794,False,0.0,0.0,0.6,MODEL_ONLY,DUPLICATE_OR_OLD,DUPLICATE_OR_OLD,138.109659682,138.109659682
138.215782164,3.96051616130863,81.71744750077326,0.015391283682442868,0.0037850223277803804,0.15543538701338794,False,0.0,0.0,0.6,MODEL_ONLY,DUPLICATE_OR_OLD,DUPLICATE_OR_OLD,138.109659682,138.109659682
138.265782164,4.044756943335319,81.91757932838941,0.006709582884194968,0.0037850223277803804,0.15543538701338794,False,0.0,0.6709582884194965,0.6,FUSED,ACCEPTED,ACCEPTED,138.19965856,138.19965856
138.31578216399998,4.099967541407082,82.1211974405079,0.005393739228734333,0.0037850223277803804,0.15543538701338794,False,0.0,0.5393739228734331,0.6,FUSED,ACCEPTED,ACCEPTED,138.305602306,138.305602306
138.365782164,4.087082302085113,82.32587368659524,0.01039373922873547,0.0037850223277803804,0.15543538701338794,False,0.0,0.0,0.6,MODEL_ONLY,DUPLICATE_OR_OLD,DUPLICATE_OR_OLD,138.305602306,138.305602306
138.415782164,4.074197062763144,82.5299056707165,0.015393739228736608,0.0037850223277803804,0.15543538701338794,False,0.0,0.0,0.6,MODEL_ONLY,DUPLICATE_OR_OLD,DUPLICATE_OR_OLD,138.305602306,138.305602306
138.465782164,4.061311823441182,82.73329339287154,0.020393739228734904,0.0037850223277803804,0.15543538701338794,False,0.0,0.0,0.6,MODEL_ONLY,DUPLICATE_OR_OLD,DUPLICATE_OR_OLD,138.305602306,138.305602306
138.515782164,4.048426584119213,82.9360368530606,0.025393739228736043,0.0037850223277803804,0.15543538701338794,False,0.0,0.0,0.6,MODEL_ONLY,DUPLICATE_OR_OLD,DUPLICATE_OR_OLD,138.305602306,138.305602306
138.56578216399998,4.183854781950054,83.14184388721226,0.007524368827710203,0.0037850223277803804,0.15543538701338794,False,0.0,0.7524368827710202,0.6,FUSED,ACCEPTED,ACCEPTED,138.495560182,138.495560182
138.615782164,4.170969542628085,83.35071449532677,0.012524368827711341,0.0037850223277803804,0.15543538701338794,False,0.0,0.0,0.6,MODEL_ONLY,DUPLICATE_OR_OLD,DUPLICATE_OR_OLD,138.495560182,138.495560182
138.665782164,4.247363050441966,83.56117281015356,0.006366855835062182,0.0037850223277803804,0.15543538701338794,False,0.0,0.636685583506218,0.6,FUSED,ACCEPTED,ACCEPTED,138.599535879,138.599535879
138.715782164,4.300976982019964,83.77488131096504,0.005319854227877934,0.0037850223277803804,0.15543538701338794,False,0.0,0.5319854227877934,0.6,FUSED,ACCEPTED,ACCEPTED,138.695515723,138.695515723
138.765782164,4.288091742697995,83.98960802908304,0.010319854227879071,0.0037850223277803804,0.15543538701338794,False,0.0,0.0,0.6,MODEL_ONLY,DUPLICATE_OR_OLD,DUPLICATE_OR_OLD,138.695515723,138.695515723
138.81578216399998,4.275206503376033,84.20369048523482,0.015319854227877367,0.0037850223277803804,0.15543538701338794,False,0.0,0.0,0.6,MODEL_ONLY,DUPLICATE_OR_OLD,DUPLICATE_OR_OLD,138.695515723,138.695515723
138.865782164,4.341567955927037,84.41910984671743,0.006701831108803553,0.0037850223277803804,0.15543538701338794,False,0.0,0.6701831108803551,0.6,FUSED,ACCEPTED,ACCEPTED,138.795471377,138.795471377
138.915782164,4.390956052597477,84.6374229469306,0.0053920938975776656,0.0037850223277803804,0.15543538701338794,False,0.0,0.5392093897577664,0.6,FUSED,ACCEPTED,ACCEPTED,138.90345394,138.90345394
138.965782164,4.378070813275515,84.85664861857735,0.01039209389757596,0.0037850223277803804,0.15543538701338794,False,0.0,0.0,0.6,MODEL_ONLY,DUPLICATE_OR_OLD,DUPLICATE_OR_OLD,138.90345394,138.90345394
139.015782164,4.436043101988348,85.077001466459,0.0060617662961012465,0.0037850223277803804,0.15543538701338794,False,0.0,0.6061766296101245,0.6,FUSED,ACCEPTED,ACCEPTED,138.995426921,138.995426921
139.06578216399998,4.423157862666386,85.29848149057528,0.011061766296099541,0.0037850223277803804,0.15543538701338794,False,0.0,0.0,0.6,MODEL_ONLY,DUPLICATE_OR_OLD,DUPLICATE_OR_OLD,138.995426921,138.995426921
139.115782164,4.410272623344417,85.5193172527256,0.016061766296100677,0.0037850223277803804,0.15543538701338794,False,0.0,0.0,0.6,MODEL_ONLY,DUPLICATE_OR_OLD,DUPLICATE_OR_OLD,138.995426921,138.995426921
139.165782164,4.474238666538624,85.74143003497272,0.00678060806179751,0.0037850223277803804,0.15543538701338794,False,0.0,0.678060806179751,0.6,FUSED,ACCEPTED,ACCEPTED,139.101390914,139.101390914
139.215782164,4.461353427216662,85.96481983731653,0.011780608061795806,0.0037850223277803804,0.15543538701338794,False,0.0,0.0,0.6,MODEL_ONLY,DUPLICATE_OR_OLD,DUPLICATE_OR_OLD,139.101390914,139.101390914
139.265782164,4.523925899721586,86.18945182049004,0.006265954836826431,0.0037850223277803804,0.15543538701338794,False,0.0,0.626595483682643,0.6,FUSED,ACCEPTED,ACCEPTED,139.207358186,139.207358186
139.31578216399998,4.5636880253739935,86.41664216861734,0.005297648247289739,0.0037850223277803804,0.15543538701338794,False,0.0,0.5297648247289739,0.6,FUSED,ACCEPTED,ACCEPTED,139.307335962,139.307335962
139.365782164,4.550802786052024,86.64450443890304,0.010297648247290877,0.0037850223277803804,0.15543538701338794,False,0.0,0.0,0.6,MODEL_ONLY,DUPLICATE_OR_OLD,DUPLICATE_OR_OLD,139.307335962,139.307335962
139.415782164,4.537917546730055,86.87172244722264,0.015297648247292014,0.0037850223277803804,0.15543538701338794,False,0.0,0.0,0.6,MODEL_ONLY,DUPLICATE_OR_OLD,DUPLICATE_OR_OLD,139.307335962,139.307335962
139.465782164,4.591450635532055,87.09995665177911,0.006699413790014427,0.0037850223277803804,0.15543538701338794,False,0.0,0.6699413790014426,0.6,FUSED,ACCEPTED,ACCEPTED,139.40730463,139.40730463
139.515782164,4.627788677934,87.33043763461582,0.005391580575968717,0.0037850223277803804,0.15543538701338794,False,0.0,0.5391580575968717,0.6,FUSED,ACCEPTED,ACCEPTED,139.505291504,139.505291504
139.56578216399998,4.614903438612038,87.5615049375294,0.010391580575967011,0.0037850223277803804,0.15543538701338794,False,0.0,0.0,0.6,MODEL_ONLY,DUPLICATE_OR_OLD,DUPLICATE_OR_OLD,139.505291504,139.505291504
139.615782164,4.668495304246159,87.7935899061009,0.006061686679928664,0.0037850223277803804,0.15543538701338794,False,0.0,0.6061686679928662,0.6,FUSED,ACCEPTED,ACCEPTED,139.607250731,139.607250731
139.665782164,4.65561006492419,88.02669254033023,0.011061686679929801,0.0037850223277803804,0.15543538701338794,False,0.0,0.0,0.6,MODEL_ONLY,DUPLICATE_OR_OLD,DUPLICATE_OR_OLD,139.607250731,139.607250731
139.715782164,4.642724825602228,88.25915091259331,0.016061686679928095,0.0037850223277803804,0.15543538701338794,False,0.0,0.0,0.6,MODEL_ONLY,DUPLICATE_OR_OLD,DUPLICATE_OR_OLD,139.607250731,139.607250731
139.765782164,4.6826717893956475,88.49228582796832,0.006780599809970532,0.0037850223277803804,0.15543538701338794,False,0.0,0.6780599809970531,0.6,FUSED,ACCEPTED,ACCEPTED,139.703222693,139.703222693
139.81578216399998,4.6697865500736855,88.72609728645496,0.011780599809968827,0.0037850223277803804,0.15543538701338794,False,0.0,0.0,0.6,MODEL_ONLY,DUPLICATE_OR_OLD,DUPLICATE_OR_OLD,139.703222693,139.703222693
139.865782164,4.714877486660494,88.96071388737336,0.006265953686266142,0.0037850223277803804,0.15543538701338794,False,0.0,0.6265953686266142,0.6,FUSED,ACCEPTED,ACCEPTED,139.807195423,139.807195423
139.915782164,4.7019922473385245,89.19613563072339,0.01126595368626728,0.0037850223277803804,0.15543538701338794,False,0.0,0.0,0.6,MODEL_ONLY,DUPLICATE_OR_OLD,DUPLICATE_OR_OLD,139.807195423,139.807195423
139.965782164,4.694278157370395,89.43104239084104,0.006192790058398305,0.0037850223277803804,0.15543538701338794,False,0.0,0.6192790058398303,0.5525070604161961,FUSED,ACCEPTED,ACCEPTED,139.907157222,139.907157222
140.015782164,4.7028938758019425,89.66597169167039,0.0052814141165727965,0.0037850223277803804,0.15543538701338794,False,0.0,0.5281414116572796,0.6,FUSED,ACCEPTED,ACCEPTED,139.995141856,139.995141856
140.06578216399998,4.6900086364799805,89.90079425447736,0.010281414116571092,0.0037850223277803804,0.15543538701338794,False,0.0,0.0,0.6,MODEL_ONLY,DUPLICATE_OR_OLD,DUPLICATE_OR_OLD,139.995141856,139.995141856
140.115782164,4.677123397158011,90.13497255531837,0.01528141411657223,0.0037850223277803804,0.15543538701338794,False,0.0,0.0,0.6,MODEL_ONLY,DUPLICATE_OR_OLD,DUPLICATE_OR_OLD,139.995141856,139.995141856
140.165782164,4.702398481969654,90.36946060229663,0.006697644316905636,0.0037850223277803804,0.15543538701338794,False,0.0,0.6697644316905633,0.6,FUSED,ACCEPTED,ACCEPTED,140.101114089,140.101114089
140.215782164,4.689513242647692,90.60425839541197,0.01169764431690393,0.0037850223277803804,0.15543538701338794,False,0.0,0.0,0.6,MODEL_ONLY,DUPLICATE_OR_OLD,DUPLICATE_OR_OLD,140.101114089,140.101114089
140.265782164,4.672431600506334,90.83830701649087,0.006254351177467762,0.0037850223277803804,0.15543538701338794,False,0.0,0.6254351177467761,0.55408607182207,FUSED,ACCEPTED,ACCEPTED,140.209093189,140.209093189
140.31578216399998,4.657250664775476,91.07154907312284,0.011254351177466057,0.0037850223277803804,0.15543538701338794,False,0.0,0.0,0.55408607182207,MODEL_ONLY,DUPLICATE_OR_OLD,DUPLICATE_OR_OLD,140.209093189,140.209093189
140.365782164,4.64134884450005,91.30401406085478,0.006191107549219308,0.0037850223277803804,0.15543538701338794,False,0.0,0.6191107549219306,0.5613050849335115,FUSED,ACCEPTED,ACCEPTED,140.301050899,140.301050899
140.415782164,4.626528859424756,91.53571100345296,0.011191107549220446,0.0037850223277803804,0.15543538701338794,False,0.0,0.0,0.5613050849335115,MODEL_ONLY,DUPLICATE_OR_OLD,DUPLICATE_OR_OLD,140.301050899,140.301050899
140.465782164,4.6220736923119095,91.76692606724629,0.006181910222311965,0.0037850223277803804,0.15543538701338794,False,0.0,0.6181910222311964,0.5914794377366981,FUSED,ACCEPTED,ACCEPTED,140.407031891,140.407031891
140.515782164,4.6183996680964725,91.99793790125656,0.005278990471092659,0.0037850223277803804,0.15543538701338794,False,0.0,0.5278990471092656,0.6,FUSED,ACCEPTED,ACCEPTED,140.504995854,140.504995854
140.56578216399998,4.6055144287745104,92.22853575367826,0.010278990471090953,0.0037850223277803804,0.15543538701338794,False,0.0,0.0,0.6,MODEL_ONLY,DUPLICATE_OR_OLD,DUPLICATE_OR_OLD,140.504995854,140.504995854
140.615782164,4.601919288086269,92.45872159659983,0.006044145824796466,0.0037850223277803804,0.15543538701338794,False,0.0,0.6044145824796465,0.6,FUSED,ACCEPTED,ACCEPTED,140.613525827,140.613525827
140.665782164,4.5890340487643,92.68849543002115,0.011044145824797603,0.0037850223277803804,0.15543538701338794,False,0.0,0.0,0.6,MODEL_ONLY,DUPLICATE_OR_OLD,DUPLICATE_OR_OLD,140.613525827,140.613525827
140.715782164,4.59256930329659,92.91803551382259,0.006160365531942583,0.0037850223277803804,0.15543538701338794,False,0.0,0.6160365531942582,0.6,FUSED,ACCEPTED,ACCEPTED,140.708951211,140.708951211
140.765782164,4.579684063974621,93.14734184800443,0.01116036553194372,0.0037850223277803804,0.15543538701338794,False,0.0,0.0,0.6,MODEL_ONLY,DUPLICATE_OR_OLD,DUPLICATE_OR_OLD,140.708951211,140.708951211
140.81578216399998,4.570290923892297,93.37609122270102,0.0061774234431893095,0.0037850223277803804,0.15543538701338794,False,0.0,0.6177423443189307,0.5916625480694544,FUSED,ACCEPTED,ACCEPTED,140.804916337,140.804916337
140.865782164,4.5569888119738,93.60427321609774,0.011177423443190447,0.0037850223277803804,0.15543538701338794,False,0.0,0.0,0.5916625480694544,MODEL_ONLY,DUPLICATE_OR_OLD,DUPLICATE_OR_OLD,140.804916337,140.804916337
140.915782164,4.543686700055303,93.83179010389851,0.016177423443191584,0.0037850223277803804,0.15543538701338794,False,0.0,0.0,0.5916625480694544,MODEL_ONLY,DUPLICATE_OR_OLD,DUPLICATE_OR_OLD,140.804916337,140.804916337
140.965782164,4.544602992833314,94.05899734622065,0.006792550860329574,0.0037850223277803804,0.15543538701338794,False,0.0,0.6792550860329571,0.6,FUSED,ACCEPTED,ACCEPTED,140.910887038,140.910887038
141.015782164,4.540848071271497,94.28613362282333,0.005411276052954802,0.0037850223277803804,0.15543538701338794,False,0.0,0.54112760529548,0.6,FUSED,ACCEPTED,ACCEPTED,141.002851753,141.002851753
141.06578216399998,4.527962831949535,94.51285389540377,0.010411276052953097,0.0037850223277803804,0.15543538701338794,False,0.0,0.0,0.6,MODEL_ONLY,DUPLICATE_OR_OLD,DUPLICATE_OR_OLD,141.002851753,141.002851753
141.115782164,4.524524908505278,94.73916608891518,0.0060647391421189845,0.0037850223277803804,0.15543538701338794,False,0.0,0.6064739142118983,0.6,FUSED,ACCEPTED,ACCEPTED,141.110829572,141.110829572
141.165782164,4.5116396691833085,94.96507020335744,0.011064739142120122,0.0037850223277803804,0.15543538701338794,False,0.0,0.0,0.6,MODEL_ONLY,DUPLICATE_OR_OLD,DUPLICATE_OR_OLD,141.110829572,141.110829572
141.215782164,4.498754429861346,95.19033005583348,0.016064739142118416,0.0037850223277803804,0.15543538701338794,False,0.0,0.0,0.6,MODEL_ONLY,DUPLICATE_OR_OLD,DUPLICATE_OR_OLD,141.110829572,141.110829572
141.265782164,4.501726663575901,95.41534208316946,0.006780916152474186,0.0037850223277803804,0.15543538701338794,False,0.0,0.6780916152474183,0.6,FUSED,ACCEPTED,ACCEPTED,141.208805852,141.208805852
141.31578216399998,4.4888414242539385,95.64010628536512,0.011780916152472481,0.0037850223277803804,0.15543538701338794,False,0.0,0.0,0.6,MODEL_ONLY,DUPLICATE_OR_OLD,DUPLICATE_OR_OLD,141.208805852,141.208805852
141.365782164,4.489753939210756,95.86457116945179,0.0062659977937026805,0.0037850223277803804,0.15543538701338794,False,0.0,0.626599779370268,0.6,FUSED,ACCEPTED,ACCEPTED,141.316781202,141.316781202
141.415782164,4.4768686998887866,96.08873673542932,0.011265997793703818,0.0037850223277803804,0.15543538701338794,False,0.0,0.0,0.6,MODEL_ONLY,DUPLICATE_OR_OLD,DUPLICATE_OR_OLD,141.316781202,141.316781202
141.465782164,4.475781113300584,96.312552980759,0.006192796451693249,0.0037850223277803804,0.15543538701338794,False,0.0,0.6192796451693248,0.6,FUSED,ACCEPTED,ACCEPTED,141.402751876,141.402751876
141.515782164,4.473294579528029,96.53627987307975,0.005281415540042858,0.0037850223277803804,0.15543538701338794,False,0.0,0.5281415540042858,0.6,FUSED,ACCEPTED,ACCEPTED,141.502724232,141.502724232
141.56578216399998,4.460409340206067,96.75962247107303,0.010281415540041153,0.0037850223277803804,0.15543538701338794,False,0.0,0.0,0.6,MODEL_ONLY,DUPLICATE_OR_OLD,DUPLICATE_OR_OLD,141.502724232,141.502724232
141.615782164,4.462888211842674,96.9827049098743,0.006044525282153853,0.0037850223277803804,0.15543538701338794,False,0.0,0.6044525282153852,0.6,FUSED,ACCEPTED,ACCEPTED,141.60670109,141.60670109
141.665782164,4.450002972520704,97.20552718948343,0.01104452528215499,0.0037850223277803804,0.15543538701338794,False,0.0,0.0,0.6,MODEL_ONLY,DUPLICATE_OR_OLD,DUPLICATE_OR_OLD,141.60670109,141.60670109
141.715782164,4.437117733198742,97.42770520712635,0.016044525282153284,0.0037850223277803804,0.15543538701338794,False,0.0,0.0,0.6,MODEL_ONLY,DUPLICATE_OR_OLD,DUPLICATE_OR_OLD,141.60670109,141.60670109
141.765782164,4.441182853226436,97.64966272178702,0.006778820127184107,0.0037850223277803804,0.15543538701338794,False,0.0,0.6778820127184104,0.6,FUSED,ACCEPTED,ACCEPTED,141.708668553,141.708668553
141.81578216399998,4.428297613904474,97.87139973346524,0.011778820127182402,0.0037850223277803804,0.15543538701338794,False,0.0,0.0,0.6,MODEL_ONLY,DUPLICATE_OR_OLD,DUPLICATE_OR_OLD,141.708668553,141.708668553
141.865782164,4.429785006432832,98.09285179897371,0.00626570552679098,0.0037850223277803804,0.15543538701338794,False,0.0,0.6265705526790979,0.6,FUSED,ACCEPTED,ACCEPTED,141.812982989,141.812982989
141.915782164,4.416899767110863,98.31401891831236,0.011265705526792118,0.0037850223277803804,0.15543538701338794,False,0.0,0.0,0.6,MODEL_ONLY,DUPLICATE_OR_OLD,DUPLICATE_OR_OLD,141.812982989,141.812982989
141.965782164,4.419253065421891,98.5349227391256,0.006192754087720877,0.0037850223277803804,0.15543538701338794,False,0.0,0.6192754087720875,0.6,FUSED,ACCEPTED,ACCEPTED,141.916615126,141.916615126
142.015782164,4.409832746519546,98.75564988442419,0.005281406107668902,0.0037850223277803804,0.15543538701338794,False,0.0,0.5281406107668902,0.5948605213957162,FUSED,ACCEPTED,ACCEPTED,142.006598416,142.006598416
142.06578216399998,4.39669053326737,98.97581296641879,0.010281406107667198,0.0037850223277803804,0.15543538701338794,False,0.0,0.0,0.5948605213957162,MODEL_ONLY,DUPLICATE_OR_OLD,DUPLICATE_OR_OLD,142.006598416,142.006598416
142.115782164,4.383548320015186,99.19531893775091,0.015281406107668335,0.0037850223277803804,0.15543538701338794,False,0.0,0.0,0.5948605213957162,MODEL_ONLY,DUPLICATE_OR_OLD,DUPLICATE_OR_OLD,142.006598416,142.006598416
142.165782164,4.382786552326101,99.41447730955949,0.00669764344349014,0.0037850223277803804,0.15543538701338794,False,0.0,0.669764344349014,0.6,FUSED,ACCEPTED,ACCEPTED,142.118546747,142.118546747
142.215782164,4.36706405095983,99.63322357464155,0.005391204567424557,0.0037850223277803804,0.15543538701338794,False,0.0,0.5391204567424557,0.5787911779533035,FUSED,ACCEPTED,ACCEPTED,142.210541477,142.210541477
142.265782164,4.353118370535526,99.85122813517899,0.010391204567425694,0.0037850223277803804,0.15543538701338794,False,0.0,0.0,0.5787911779533035,MODEL_ONLY,DUPLICATE_OR_OLD,DUPLICATE_OR_OLD,142.210541477,142.210541477
142.31578216399998,4.339172690111229,100.06853541169508,0.015391204567423988,0.0037850223277803804,0.15543538701338794,False,0.0,0.0,0.5787911779533035,MODEL_ONLY,DUPLICATE_OR_OLD,DUPLICATE_OR_OLD,142.210541477,142.210541477
142.365782164,4.325227009686925,100.28514540419009,0.020391204567425124,0.0037850223277803804,0.15543538701338794,False,0.0,0.0,0.5787911779533035,MODEL_ONLY,DUPLICATE_OR_OLD,DUPLICATE_OR_OLD,142.210541477,142.210541477
142.415782164,4.311281329262621,100.50105811266387,0.02539120456742626,0.0037850223277803804,0.15543538701338794,False,0.0,0.0,0.5787911779533035,MODEL_ONLY,DUPLICATE_OR_OLD,DUPLICATE_OR_OLD,142.210541477,142.210541477
142.465782164,4.258005830035913,100.71529029164627,0.00752421347491454,0.0037850223277803804,0.15543538701338794,False,0.0,0.752421347491454,0.4989085595395364,FUSED,ACCEPTED,ACCEPTED,142.438469947,142.438469947
142.515782164,4.195196723244418,100.92662035547832,0.00556033332256569,0.0037850223277803804,0.15543538701338794,False,0.0,0.5560333322565689,0.37628762372298075,FUSED,ACCEPTED,ACCEPTED,142.50644385,142.50644385
142.56578216399998,4.171125865108609,101.13577842018708,0.010560333322563984,0.0037850223277803804,0.15543538701338794,False,0.0,0.0,0.37628762372298075,MODEL_ONLY,DUPLICATE_OR_OLD,DUPLICATE_OR_OLD,142.50644385,142.50644385
142.615782164,4.093393243111236,101.34239139789263,0.006087687952343009,0.0037850223277803804,0.15543538701338794,False,0.0,0.6087687952343007,0.2835180106304383,FUSED,ACCEPTED,ACCEPTED,142.606425826,142.606425826
142.665782164,4.064683904320785,101.54634332657847,0.011087687952344147,0.0037850223277803804,0.15543538701338794,False,0.0,0.0,0.2835180106304383,MODEL_ONLY,DUPLICATE_OR_OLD,DUPLICATE_OR_OLD,142.606425826,142.606425826
