t,v,s,pvv,pvd,pdd,active,added,gain,d,mode,front_status,rear_status,front_t,rear_t
42.820133437,0.0,0.0,1.0,0.0,0.0,False,0.0,0.0,0.0,WAITING_FOR_INITIALIZATION,MISSING_OR_STALE,MISSING_OR_STALE,,
42.870133437,0.0,0.0,1.0,0.0,0.0,False,0.0,0.0,0.0,WAITING_FOR_INITIALIZATION,MISSING_OR_STALE,MISSING_OR_STALE,,
42.920133437000004,0.0,0.0,0.010000000000000002,0.0,0.0,False,0.0,0.0,0.0,INITIALIZED,ACCEPTED,ACCEPTED,42.808092209,42.808092209
42.970133437,0.0,0.0,0.014999999999999718,0.0,0.0,False,0.0,0.0,0.0,MODEL_ONLY,DUPLICATE_OR_OLD,DUPLICATE_OR_OLD,42.808092209,42.808092209
43.020133437000005,0.0,0.0,0.006666666666666684,0.0,0.0,False,0.0,0.6666666666666683,0.0,FUSED,ACCEPTED,ACCEPTED,42.902071724,42.902071724
43.070133437,0.0,0.0,0.0116666666666664,0.0,0.0,False,0.0,0.0,0.0,MODEL_ONLY,DUPLICATE_OR_OLD,DUPLICATE_OR_OLD,42.902071724,42.902071724
43.120133437,0.0,0.0,0.006249999999999923,0.0,0.0,False,0.0,0.6249999999999922,0.0,FUSED,ACCEPTED,ACCEPTED,43.010032285,43.010032285
43.170133437000004,0.0,0.0,0.01125000000000035,0.0,0.0,False,0.0,0.0,0.0,MODEL_ONLY,DUPLICATE_OR_OLD,DUPLICATE_OR_OLD,43.010032285,43.010032285
43.220133437,0.0,0.0,0.006190476190476201,0.0,0.0,False,0.0,0.61904761904762,0.0,FUSED,ACCEPTED,ACCEPTED,43.102013382,43.102013382
43.270133437000005,0.0,0.0,0.011190476190476629,0.0,0.0,False,0.0,0.0,0.0,MODEL_ONLY,DUPLICATE_OR_OLD,DUPLICATE_OR_OLD,43.102013382,43.102013382
43.320133437,0.0,0.0,0.006181818181818205,0.0,0.0,False,0.0,0.6181818181818204,0.0,FUSED,ACCEPTED,ACCEPTED,43.213979035,43.213979035
43.370133437,0.0,0.0,0.011181818181817921,0.0,0.0,False,0.0,0.0,0.0,MODEL_ONLY,DUPLICATE_OR_OLD,DUPLICATE_OR_OLD,43.213979035,43.213979035
43.420133437000004,0.0,0.0,0.006180555555555581,0.0,0.0,False,0.0,0.618055555555558,0.0,FUSED,ACCEPTED,ACCEPTED,43.35593879,43.35593879
43.470133437,0.0,0.0,0.011180555555555298,0.0,0.0,False,0.0,0.0,0.0,STOPPED,DUPLICATE_OR_OLD,DUPLICATE_OR_OLD,43.35593879,43.35593879
43.520133437000005,0.0,0.0,0.006180371352785171,0.0,0.0,False,0.0,0.0,0.0,STOPPED,ACCEPTED,ACCEPTED,43.399927562,43.399927562
43.570133437,0.0,0.0,0.011180371352784888,0.0,0.0,False,0.0,0.0,0.0,STOPPED,DUPLICATE_OR_OLD,DUPLICATE_OR_OLD,43.399927562,43.399927562
43.620133437,0.0,0.0,0.006180344478216741,0.0,0.0,False,0.0,0.0,0.0,STOPPED,ACCEPTED,ACCEPTED,43.505900357,43.505900357
43.670133437000004,0.0,0.0,0.011180344478217169,0.0,0.0,False,0.0,0.0,0.0,STOPPED,DUPLICATE_OR_OLD,DUPLICATE_OR_OLD,43.505900357,43.505900357
43.720133437,0.0,0.0,0.006180340557275552,0.0,0.0,False,0.0,0.0,0.0,STOPPED,ACCEPTED,ACCEPTED,43.603868137,43.603868137
43.770133437000005,0.0,0.0,0.01118034055727598,0.0,0.0,False,0.0,0.0,0.0,STOPPED,DUPLICATE_OR_OLD,DUPLICATE_OR_OLD,43.603868137,43.603868137
43.820133437,0.0,0.0,0.006180339985218057,0.0,0.0,False,0.0,0.0,0.0,STOPPED,ACCEPTED,ACCEPTED,43.699840097,43.699840097
43.870133437,0.0,0.0,0.011180339985217773,0.0,0.0,False,0.0,0.0,0.0,STOPPED,DUPLICATE_OR_OLD,DUPLICATE_OR_OLD,43.699840097,43.699840097
43.920133437000004,0.0,0.0,0.006180339901755996,0.0,0.0,False,0.0,0.0,0.0,STOPPED,ACCEPTED,ACCEPTED,43.807811714,43.807811714
43.970133437,0.0,0.0,0.011180339901755713,0.0,0.0,False,0.0,0.0,0.0,STOPPED,DUPLICATE_OR_OLD,DUPLICATE_OR_OLD,43.807811714,43.807811714
44.020133437000005,0.0,0.0,0.006180339889579046,0.0,0.0,False,0.0,0.0,0.0,STOPPED,ACCEPTED,ACCEPTED,43.901787925,43.901787925
44.070133437,0.0,0.0,0.011180339889578762,0.0,0.0,False,0.0,0.0,0.0,STOPPED,DUPLICATE_OR_OLD,DUPLICATE_OR_OLD,43.901787925,43.901787925
44.120133437,0.0,0.0,0.006180339887802349,0.0,0.0,False,0.0,0.0,0.0,STOPPED,ACCEPTED,ACCEPTED,44.009763379,44.009763379
44.170133437000004,0.0,0.0,0.011180339887802777,0.0,0.0,False,0.0,0.0,0.0,STOPPED,DUPLICATE_OR_OLD,DUPLICATE_OR_OLD,44.009763379,44.009763379
44.220133437,0.0,0.0,0.006180339887543235,0.0,0.0,False,0.0,0.0,0.0,STOPPED,ACCEPTED,ACCEPTED,44.101730861,44.101730861
44.270133437000005,0.0,0.0,0.011180339887543661,0.0,0.0,False,0.0,0.0,0.0,STOPPED,DUPLICATE_OR_OLD,DUPLICATE_OR_OLD,44.101730861,44.101730861
44.320133437,0.0,0.0,0.006180339887505432,0.0,0.0,False,0.0,0.0,0.0,STOPPED,ACCEPTED,ACCEPTED,44.215694418,44.215694418
44.370133437,0.0,0.0,0.011180339887505148,0.0,0.0,False,0.0,0.0,0.0,STOPPED,DUPLICATE_OR_OLD,DUPLICATE_OR_OLD,44.215694418,44.215694418
44.420133437000004,0.0,0.0,0.0061803398874999155,0.0,0.0,False,0.0,0.0,0.0,STOPPED,ACCEPTED,ACCEPTED,44.303667881,44.303667881
44.470133437,0.0,0.0,0.011180339887499632,0.0,0.0,False,0.0,0.0,0.0,STOPPED,DUPLICATE_OR_OLD,DUPLICATE_OR_OLD,44.303667881,44.303667881
44.520133437000005,0.0,0.0,0.006180339887499111,0.0,0.0,False,0.0,0.0,0.0,STOPPED,ACCEPTED,ACCEPTED,44.405645708,44.405645708
44.570133437,0.0,0.0,0.011180339887498827,0.0,0.0,False,0.0,0.0,0.0,STOPPED,DUPLICATE_OR_OLD,DUPLICATE_OR_OLD,44.405645708,44.405645708
44.620133437,0.0,0.0,0.00618033988749889,0.0,0.0,False,0.0,0.0,0.0,STOPPED,ACCEPTED,ACCEPTED,44.503617905,44.503617905
44.670133437000004,0.0,0.0,0.011180339887499318,0.0,0.0,False,0.0,0.0,0.0,STOPPED,DUPLICATE_OR_OLD,DUPLICATE_OR_OLD,44.503617905,44.503617905
44.720133437,0.0,0.0,0.0061803398874989614,0.0,0.0,False,0.0,0.0,0.0,STOPPED,ACCEPTED,ACCEPTED,44.603589348,44.603589348
44.770133437000005,0.0,0.0,0.011180339887499387,0.0,0.0,False,0.0,0.0,0.0,STOPPED,DUPLICATE_OR_OLD,DUPLICATE_OR_OLD,44.603589348,44.603589348
44.820133437,0.0,0.0,0.006180339887498972,0.0,0.0,False,0.0,0.0,0.0,STOPPED,ACCEPTED,ACCEPTED,44.699559129,44.699559129
44.870133437,0.0,0.0,0.011180339887498688,0.0,0.0,False,0.0,0.0,0.0,STOPPED,DUPLICATE_OR_OLD,DUPLICATE_OR_OLD,44.699559129,44.699559129
44.920133437000004,0.0,0.0,0.006180339887498974,0.0,0.0,False,0.0,0.0,0.0,STOPPED,ACCEPTED,ACCEPTED,44.80953049,44.80953049
44.970133437,0.0,0.0,0.01118033988749869,0.0,0.0,False,0.0,0.0,0.0,STOPPED,DUPLICATE_OR_OLD,DUPLICATE_OR_OLD,44.80953049,44.80953049
45.020133437000005,0.0,0.0,0.006180339887498974,0.0,0.0,False,0.0,0.0,0.0,STOPPED,ACCEPTED,ACCEPTED,44.905501013,44.905501013
45.070133437,0.0,0.0,0.01118033988749869,0.0,0.0,False,0.0,0.0,0.0,STOPPED,DUPLICATE_OR_OLD,DUPLICATE_OR_OLD,44.905501013,44.905501013
45.120133437,0.0,0.0,0.0061803398874988695,0.0,0.0,False,0.0,0.0,0.0,STOPPED,ACCEPTED,ACCEPTED,45.007474531,45.007474531
45.170133437000004,0.0,0.0,0.011180339887499297,0.0,0.0,False,0.0,0.0,0.0,STOPPED,DUPLICATE_OR_OLD,DUPLICATE_OR_OLD,45.007474531,45.007474531
45.220133437,0.0,0.0,0.006180339887498959,0.0,0.0,False,0.0,0.0,0.0,STOPPED,ACCEPTED,ACCEPTED,45.103448275,45.103448275
45.270133437000005,0.0,0.0,0.011180339887499386,0.0,0.0,False,0.0,0.0,0.0,STOPPED,DUPLICATE_OR_OLD,DUPLICATE_OR_OLD,45.103448275,45.103448275
45.320133437,0.0,0.0,0.006180339887498972,0.0,0.0,False,0.0,0.0,0.0,STOPPED,ACCEPTED,ACCEPTED,45.215418038,45.215418038
45.370133437,0.0,0.0,0.011180339887498688,0.0,0.0,False,0.0,0.0,0.0,STOPPED,DUPLICATE_OR_OLD,DUPLICATE_OR_OLD,45.215418038,45.215418038
45.420133437000004,0.0,0.0,0.006180339887498974,0.0,0.0,False,0.0,0.0,0.0,STOPPED,ACCEPTED,ACCEPTED,45.307394575,45.307394575
45.470133437,0.0,0.0,0.01118033988749869,0.0,0.0,False,0.0,0.0,0.0,STOPPED,DUPLICATE_OR_OLD,DUPLICATE_OR_OLD,45.307394575,45.307394575
45.520133437000005,0.0,0.0,0.006180339887498974,0.0,0.0,False,0.0,0.0,0.0,STOPPED,ACCEPTED,ACCEPTED,45.403372621,45.403372621
45.570133437,0.0,0.0,0.01118033988749869,0.0,0.0,False,0.0,0.0,0.0,STOPPED,DUPLICATE_OR_OLD,DUPLICATE_OR_OLD,45.403372621,45.403372621
45.620133437,0.0,0.0,0.0061803398874988695,0.0,0.0,False,0.0,0.0,0.0,STOPPED,ACCEPTED,ACCEPTED,45.503341299,45.503341299
45.670133437000004,0.0,0.0,0.011180339887499297,0.0,0.0,False,0.0,0.0,0.0,STOPPED,DUPLICATE_OR_OLD,DUPLICATE_OR_OLD,45.503341299,45.503341299
45.720133437,0.0,0.0,0.006180339887498959,0.0,0.0,False,0.0,0.0,0.0,STOPPED,ACCEPTED,ACCEPTED,45.601318681,45.601318681
45.770133437000005,0.0,0.0,0.011180339887499386,0.0,0.0,False,0.0,0.0,0.0,STOPPED,DUPLICATE_OR_OLD,DUPLICATE_OR_OLD,45.601318681,45.601318681
45.820133437,0.0,0.0,0.006180339887498972,0.0,0.0,False,0.0,0.0,0.0,STOPPED,ACCEPTED,ACCEPTED,45.701294386,45.701294386
45.870133437,0.0,0.0,0.011180339887498688,0.0,0.0,False,0.0,0.0,0.0,STOPPED,DUPLICATE_OR_OLD,DUPLICATE_OR_OLD,45.701294386,45.701294386
45.920133437000004,0.0,0.0,0.006180339887498974,0.0,0.0,False,0.0,0.0,0.0,STOPPED,ACCEPTED,ACCEPTED,45.805338275,45.805338275
45.970133437,0.0,0.0,0.01118033988749869,0.0,0.0,False,0.0,0.0,0.0,STOPPED,DUPLICATE_OR_OLD,DUPLICATE_OR_OLD,45.805338275,45.805338275
46.020133437000005,0.0,0.0,0.006180339887498974,0.0,0.0,False,0.0,0.0,0.0,STOPPED,ACCEPTED,ACCEPTED,45.903228244,45.903228244
46.070133437,0.0,0.0,0.01118033988749869,0.0,0.0,False,0.0,0.0,0.0,STOPPED,DUPLICATE_OR_OLD,DUPLICATE_OR_OLD,45.903228244,45.903228244
46.120133437,0.0,0.0,0.0061803398874988695,0.0,0.0,False,0.0,0.0,0.0,STOPPED,ACCEPTED,ACCEPTED,46.005205353,46.005205353
46.170133437000004,0.0,0.0,0.011180339887499297,0.0,0.0,False,0.0,0.0,0.0,STOPPED,DUPLICATE_OR_OLD,DUPLICATE_OR_OLD,46.005205353,46.005205353
46.220133437,0.0,0.0,0.006180339887498959,0.0,0.0,False,0.0,0.0,0.0,STOPPED,ACCEPTED,ACCEPTED,46.103184829,46.103184829
46.270133437000005,0.0,0.0,0.011180339887499386,0.0,0.0,False,0.0,0.0,0.0,STOPPED,DUPLICATE_OR_OLD,DUPLICATE_OR_OLD,46.103184829,46.103184829
46.320133437,0.0,0.0,0.006180339887498972,0.0,0.0,False,0.0,0.0,0.0,STOPPED,ACCEPTED,ACCEPTED,46.215147352,46.215147352
46.370133437,0.0,0.0,0.011180339887498688,0.0,0.0,False,0.0,0.0,0.0,STOPPED,DUPLICATE_OR_OLD,DUPLICATE_OR_OLD,46.215147352,46.215147352
46.420133437000004,0.0,0.0,0.006180339887498974,0.0,0.0,False,0.0,0.0,0.0,STOPPED,ACCEPTED,ACCEPTED,46.305135759,46.305135759
46.470133437,0.0,0.0,0.01118033988749869,0.0,0.0,False,0.0,0.0,0.0,STOPPED,DUPLICATE_OR_OLD,DUPLICATE_OR_OLD,46.305135759,46.305135759
46.520133437000005,0.0,0.0,0.006180339887498974,0.0,0.0,False,0.0,0.0,0.0,STOPPED,ACCEPTED,ACCEPTED,46.399099623,46.399099623
46.570133437,0.0,0.0,0.01118033988749869,0.0,0.0,False,0.0,0.0,0.0,STOPPED,DUPLICATE_OR_OLD,DUPLICATE_OR_OLD,46.399099623,46.399099623
46.620133437,0.0,0.0,0.0061803398874988695,0.0,0.0,False,0.0,0.0,0.0,STOPPED,ACCEPTED,ACCEPTED,46.501065604,46.501065604
46.670133437000004,0.0,0.0,0.011180339887499297,0.0,0.0,False,0.0,0.0,0.0,STOPPED,DUPLICATE_OR_OLD,DUPLICATE_OR_OLD,46.501065604,46.501065604
46.720133437,0.0,0.0,0.006180339887498959,0.0,0.0,False,0.0,0.0,0.0,STOPPED,ACCEPTED,ACCEPTED,46.607042775,46.607042775
46.770133437000005,0.0,0.0,0.011180339887499386,0.0,0.0,False,0.0,0.0,0.0,STOPPED,DUPLICATE_OR_OLD,DUPLICATE_OR_OLD,46.607042775,46.607042775
46.820133437,0.0,0.0,0.006180339887498972,0.0,0.0,False,0.0,0.0,0.0,STOPPED,ACCEPTED,ACCEPTED,46.703023469,46.703023469
46.870133437,0.0,0.0,0.011180339887498688,0.0,0.0,False,0.0,0.0,0.0,STOPPED,DUPLICATE_OR_OLD,DUPLICATE_OR_OLD,46.703023469,46.703023469
46.920133437000004,0.0,0.0,0.006180339887498974,0.0,0.0,False,0.0,0.0,0.0,STOPPED,ACCEPTED,ACCEPTED,46.806996363,46.806996363
46.970133437,0.0,0.0,0.01118033988749869,0.0,0.0,False,0.0,0.0,0.0,STOPPED,DUPLICATE_OR_OLD,DUPLICATE_OR_OLD,46.806996363,46.806996363
47.020133437000005,0.0,0.0,0.006180339887498974,0.0,0.0,False,0.0,0.0,0.0,STOPPED,ACCEPTED,ACCEPTED,46.900956397,46.900956397
47.070133437,0.0,0.0,0.01118033988749869,0.0,0.0,False,0.0,0.0,0.0,STOPPED,DUPLICATE_OR_OLD,DUPLICATE_OR_OLD,46.900956397,46.900956397
47.120133437,0.0,0.0,0.0061803398874988695,0.0,0.0,False,0.0,0.0,0.0,STOPPED,ACCEPTED,ACCEPTED,47.006932709,47.006932709
47.170133437000004,0.0,0.0,0.011180339887499297,0.0,0.0,False,0.0,0.0,0.0,STOPPED,DUPLICATE_OR_OLD,DUPLICATE_OR_OLD,47.006932709,47.006932709
47.220133437,0.0,0.0,0.006180339887498959,0.0,0.0,False,0.0,0.0,0.0,STOPPED,ACCEPTED,ACCEPTED,47.104900114,47.104900114
47.270133437000005,0.0,0.0,0.011180339887499386,0.0,0.0,False,0.0,0.0,0.0,STOPPED,DUPLICATE_OR_OLD,DUPLICATE_OR_OLD,47.104900114,47.104900114
47.320133437,0.0,0.0,0.006180339887498972,0.0,0.0,False,0.0,0.0,0.0,STOPPED,ACCEPTED,ACCEPTED,47.210871321,47.210871321
47.370133437,0.0,0.0,0.011180339887498688,0.0,0.0,False,0.0,0.0,0.0,STOPPED,DUPLICATE_OR_OLD,DUPLICATE_OR_OLD,47.210871321,47.210871321
47.420133437000004,0.0,0.0,0.006180339887498974,0.0,0.0,False,0.0,0.0,0.0,STOPPED,ACCEPTED,ACCEPTED,47.302842792,47.302842792
47.470133437,0.0,0.0,0.01118033988749869,0.0,0.0,False,0.0,0.0,0.0,STOPPED,DUPLICATE_OR_OLD,DUPLICATE_OR_OLD,47.302842792,47.302842792
47.520133437000005,0.0,0.0,0.006180339887498974,0.0,0.0,False,0.0,0.0,0.0,STOPPED,ACCEPTED,ACCEPTED,47.404828672,47.404828672
47.570133437,0.0,0.0,0.01118033988749869,0.0,0.0,False,0.0,0.0,0.0,STOPPED,DUPLICATE_OR_OLD,DUPLICATE_OR_OLD,47.404828672,47.404828672
47.62013343700001,0.0,0.0,0.006180339887498974,0.0,0.0,False,0.0,0.0,0.0,STOPPED,ACCEPTED,ACCEPTED,47.504791442,47.504791442
47.670133437000004,0.0,0.0,0.01118033988749869,0.0,0.0,False,0.0,0.0,0.0,STOPPED,DUPLICATE_OR_OLD,DUPLICATE_OR_OLD,47.504791442,47.504791442
47.720133437,0.0,0.0,0.0061803398874988695,0.0,0.0,False,0.0,0.0,0.0,STOPPED,ACCEPTED,ACCEPTED,47.606775098,47.606775098
47.770133437000005,0.0,0.0,0.011180339887499297,0.0,0.0,False,0.0,0.0,0.0,STOPPED,DUPLICATE_OR_OLD,DUPLICATE_OR_OLD,47.606775098,47.606775098
47.820133437,0.0,0.0,0.006180339887498959,0.0,0.0,False,0.0,0.0,0.0,STOPPED,ACCEPTED,ACCEPTED,47.700734735,47.700734735
47.87013343700001,0.0,0.0,0.011180339887499386,0.0,0.0,False,0.0,0.0,0.0,STOPPED,DUPLICATE_OR_OLD,DUPLICATE_OR_OLD,47.700734735,47.700734735
47.920133437000004,0.0,0.0,0.006180339887498972,0.0,0.0,False,0.0,0.0,0.0,STOPPED,ACCEPTED,ACCEPTED,47.808721823,47.808721823
47.970133437,0.0,0.0,0.011180339887498688,0.0,0.0,False,0.0,0.0,0.0,STOPPED,DUPLICATE_OR_OLD,DUPLICATE_OR_OLD,47.808721823,47.808721823
48.020133437000005,0.0,0.0,0.006180339887498974,0.0,0.0,False,0.0,0.0,0.0,STOPPED,ACCEPTED,ACCEPTED,47.898691991,47.898691991
48.070133437,0.0,0.0,0.005278640450004149,0.0,0.0,False,0.0,0.0,0.0,STOPPED,ACCEPTED,ACCEPTED,48.000653159,48.000653159
48.12013343700001,0.0,0.0,0.010278640450004576,0.0,0.0,False,0.0,0.0,0.0,STOPPED,DUPLICATE_OR_OLD,DUPLICATE_OR_OLD,48.000653159,48.000653159
48.170133437000004,0.0,0.0,0.015278640450004292,0.0,0.0,False,0.0,0.0,0.0,STOPPED,DUPLICATE_OR_OLD,DUPLICATE_OR_OLD,48.000653159,48.000653159
48.220133437,0.0,0.0,0.006697341805517337,0.0,0.0,False,0.0,0.0,0.0,STOPPED,ACCEPTED,ACCEPTED,48.104620748,48.104620748
48.270133437000005,0.0,0.0,0.011697341805517764,0.0,0.0,False,0.0,0.0,0.0,STOPPED,DUPLICATE_OR_OLD,DUPLICATE_OR_OLD,48.104620748,48.104620748
48.320133437,0.0,0.0,0.006254308734986747,0.0,0.0,False,0.0,0.0,0.0,STOPPED,ACCEPTED,ACCEPTED,48.238589106,48.238589106
48.37013343700001,0.0,0.0,0.011254308734987173,0.0,0.0,False,0.0,0.0,0.0,STOPPED,DUPLICATE_OR_OLD,DUPLICATE_OR_OLD,48.238589106,48.238589106
48.420133437000004,0.0,0.0,0.006191101391797894,0.0,0.0,False,0.0,0.0,0.0,STOPPED,ACCEPTED,ACCEPTED,48.304568651,48.304568651
48.470133437,0.0,0.0,0.01119110139179761,0.0,0.0,False,0.0,0.0,0.0,STOPPED,DUPLICATE_OR_OLD,DUPLICATE_OR_OLD,48.304568651,48.304568651
48.520133437000005,0.0,0.0,0.0061819093246946915,0.0,0.0,False,0.0,0.0,0.0,STOPPED,ACCEPTED,ACCEPTED,48.404537944,48.404537944
48.570133437,0.0,0.0,0.011181909324694407,0.0,0.0,False,0.0,0.0,0.0,STOPPED,DUPLICATE_OR_OLD,DUPLICATE_OR_OLD,48.404537944,48.404537944
48.62013343700001,0.0,0.0,0.006180568851574177,0.0,0.0,False,0.0,0.0,0.0,STOPPED,ACCEPTED,ACCEPTED,48.506514687,48.506514687
48.670133437000004,0.0,0.0,0.011180568851573893,0.0,0.0,False,0.0,0.0,0.0,STOPPED,DUPLICATE_OR_OLD,DUPLICATE_OR_OLD,48.506514687,48.506514687
48.720133437,0.0,0.0,0.006180373292615093,0.0,0.0,False,0.0,0.0,0.0,STOPPED,ACCEPTED,ACCEPTED,48.606486024,48.606486024
48.770133437000005,0.0,0.0,0.011180373292615519,0.0,0.0,False,0.0,0.0,0.0,STOPPED,DUPLICATE_OR_OLD,DUPLICATE_OR_OLD,48.606486024,48.606486024
48.820133437,0.0,0.0,0.006180344761233514,0.0,0.0,False,0.0,0.0,0.0,STOPPED,ACCEPTED,ACCEPTED,48.700459181,48.700459181
48.87013343700001,0.0,0.0,0.01118034476123394,0.0,0.0,False,0.0,0.0,0.0,STOPPED,DUPLICATE_OR_OLD,DUPLICATE_OR_OLD,48.700459181,48.700459181
48.920133437000004,0.0,0.0,0.006180340598567128,0.0,0.0,False,0.0,0.0,0.0,STOPPED,ACCEPTED,ACCEPTED,48.810423743,48.810423743
48.970133437,0.0,0.0,0.011180340598566844,0.0,0.0,False,0.0,0.0,0.0,STOPPED,DUPLICATE_OR_OLD,DUPLICATE_OR_OLD,48.810423743,48.810423743
49.020133437000005,0.0,0.0,0.006180339991242416,0.0,0.0,False,0.0,0.0,0.0,STOPPED,ACCEPTED,ACCEPTED,48.902404023,48.902404023
49.070133437,0.0,0.0,0.011180339991242133,0.0,0.0,False,0.0,0.0,0.0,STOPPED,DUPLICATE_OR_OLD,DUPLICATE_OR_OLD,48.902404023,48.902404023
49.12013343700001,0.0,0.0,0.006180339902634938,0.0,0.0,False,0.0,0.0,0.0,STOPPED,ACCEPTED,ACCEPTED,49.002378885,49.002378885
49.170133437000004,0.0,0.0,0.011180339902634655,0.0,0.0,False,0.0,0.0,0.0,STOPPED,DUPLICATE_OR_OLD,DUPLICATE_OR_OLD,49.002378885,49.002378885
49.220133437,0.0,0.0,0.006180339889707178,0.0,0.0,False,0.0,0.0,0.0,STOPPED,ACCEPTED,ACCEPTED,49.104349753,49.104349753
49.270133437000005,0.0,0.0,0.011180339889707604,0.0,0.0,False,0.0,0.0,0.0,STOPPED,DUPLICATE_OR_OLD,DUPLICATE_OR_OLD,49.104349753,49.104349753
49.320133437,0.0,0.0,0.006180339887821146,0.0,0.0,False,0.0,0.0,0.0,STOPPED,ACCEPTED,ACCEPTED,49.214312401,49.214312401
49.37013343700001,0.0,0.0,0.011180339887821574,0.0,0.0,False,0.0,0.0,0.0,STOPPED,DUPLICATE_OR_OLD,DUPLICATE_OR_OLD,49.214312401,49.214312401
49.420133437000004,0.0,0.0,0.006180339887545978,0.0,0.0,False,0.0,0.0,0.0,STOPPED,ACCEPTED,ACCEPTED,49.304292903,49.304292903
49.470133437,0.0,0.0,0.011180339887545694,0.0,0.0,False,0.0,0.0,0.0,STOPPED,DUPLICATE_OR_OLD,DUPLICATE_OR_OLD,49.304292903,49.304292903
49.520133437000005,0.0,0.0,0.006180339887505832,0.0,0.0,False,0.0,0.0,0.0,STOPPED,ACCEPTED,ACCEPTED,49.402263235,49.402263235
49.570133437,0.0,0.0,0.01118033988750555,0.0,0.0,False,0.0,0.0,0.0,STOPPED,DUPLICATE_OR_OLD,DUPLICATE_OR_OLD,49.402263235,49.402263235
49.62013343700001,0.0,0.0,0.0061803398874999745,0.0,0.0,False,0.0,0.0,0.0,STOPPED,ACCEPTED,ACCEPTED,49.506231083,49.506231083
49.670133437000004,0.0,0.0,0.011180339887499691,0.0,0.0,False,0.0,0.0,0.0,STOPPED,DUPLICATE_OR_OLD,DUPLICATE_OR_OLD,49.506231083,49.506231083
49.720133437,0.0,0.0,0.006180339887499017,0.0,0.0,False,0.0,0.0,0.0,STOPPED,ACCEPTED,ACCEPTED,49.604208348,49.604208348
49.770133437000005,0.0,0.0,0.011180339887499443,0.0,0.0,False,0.0,0.0,0.0,STOPPED,DUPLICATE_OR_OLD,DUPLICATE_OR_OLD,49.604208348,49.604208348
49.820133437,0.0,0.0,0.0061803398874989805,0.0,0.0,False,0.0,0.0,0.0,STOPPED,ACCEPTED,ACCEPTED,49.702182746,49.702182746
49.87013343700001,0.0,0.0,0.011180339887499408,0.0,0.0,False,0.0,0.0,0.0,STOPPED,DUPLICATE_OR_OLD,DUPLICATE_OR_OLD,49.702182746,49.702182746
49.920133437000004,0.0,0.0,0.006180339887498975,0.0,0.0,False,0.0,0.0,0.0,STOPPED,ACCEPTED,ACCEPTED,49.81015288,49.81015288
49.970133437,0.0,0.0,0.011180339887498692,0.0,0.0,False,0.0,0.0,0.0,STOPPED,DUPLICATE_OR_OLD,DUPLICATE_OR_OLD,49.81015288,49.81015288
50.020133437000005,0.0,0.0,0.006180339887498974,0.0,0.0,False,0.0,0.0,0.0,STOPPED,ACCEPTED,ACCEPTED,49.902124029,49.902124029
50.070133437,0.0,0.0,0.01118033988749869,0.0,0.0,False,0.0,0.0,0.0,STOPPED,DUPLICATE_OR_OLD,DUPLICATE_OR_OLD,49.902124029,49.902124029
50.12013343700001,0.0,0.0,0.006180339887498974,0.0,0.0,False,0.0,0.0,0.0,STOPPED,ACCEPTED,ACCEPTED,50.004091805,50.004091805
50.170133437000004,0.0,0.0,0.01118033988749869,0.0,0.0,False,0.0,0.0,0.0,STOPPED,DUPLICATE_OR_OLD,DUPLICATE_OR_OLD,50.004091805,50.004091805
50.220133437,0.0,0.0,0.0061803398874988695,0.0,0.0,False,0.0,0.0,0.0,STOPPED,ACCEPTED,ACCEPTED,50.102064267,50.102064267
50.270133437000005,0.0,0.0,0.011180339887499297,0.0,0.0,False,0.0,0.0,0.0,STOPPED,DUPLICATE_OR_OLD,DUPLICATE_OR_OLD,50.102064267,50.102064267
50.320133437,0.0,0.0,0.006180339887498959,0.0,0.0,False,0.0,0.0,0.0,STOPPED,ACCEPTED,ACCEPTED,50.20603935,50.20603935
50.37013343700001,0.0,0.0,0.011180339887499386,0.0,0.0,False,0.0,0.0,0.0,STOPPED,DUPLICATE_OR_OLD,DUPLICATE_OR_OLD,50.20603935,50.20603935
50.420133437000004,0.0,0.0,0.006180339887498972,0.0,0.0,False,0.0,0.0,0.0,STOPPED,ACCEPTED,ACCEPTED,50.30400743,50.30400743
50.470133437,0.0,0.0,0.011180339887498688,0.0,0.0,False,0.0,0.0,0.0,STOPPED,DUPLICATE_OR_OLD,DUPLICATE_OR_OLD,50.30400743,50.30400743
50.520133437000005,0.0,0.0,0.006180339887498974,0.0,0.0,False,0.0,0.0,0.0,STOPPED,ACCEPTED,ACCEPTED,50.401988083,50.401988083
50.570133437,0.0,0.0,0.01118033988749869,0.0,0.0,False,0.0,0.0,0.0,STOPPED,DUPLICATE_OR_OLD,DUPLICATE_OR_OLD,50.401988083,50.401988083
50.62013343700001,0.0,0.0,0.006180339887498974,0.0,0.0,False,0.0,0.0,0.0,STOPPED,ACCEPTED,ACCEPTED,50.503950008,50.503950008
50.670133437000004,0.0,0.0,0.01118033988749869,0.0,0.0,False,0.0,0.0,0.0,STOPPED,DUPLICATE_OR_OLD,DUPLICATE_OR_OLD,50.503950008,50.503950008
50.720133437,0.0,0.0,0.0061803398874988695,0.0,0.0,False,0.0,0.0,0.0,STOPPED,ACCEPTED,ACCEPTED,50.605924713,50.605924713
50.770133437000005,0.0,0.0,0.011180339887499297,0.0,0.0,False,0.0,0.0,0.0,STOPPED,DUPLICATE_OR_OLD,DUPLICATE_OR_OLD,50.605924713,50.605924713
50.820133437,0.0,0.0,0.006180339887498959,0.0,0.0,False,0.0,0.0,0.0,STOPPED,ACCEPTED,ACCEPTED,50.705899854,50.705899854
50.87013343700001,0.0,0.0,0.011180339887499386,0.0,0.0,False,0.0,0.0,0.0,STOPPED,DUPLICATE_OR_OLD,DUPLICATE_OR_OLD,50.705899854,50.705899854
50.920133437000004,0.0,0.0,0.006180339887498972,0.0,0.0,False,0.0,0.0,0.0,STOPPED,ACCEPTED,ACCEPTED,50.809865321,50.809865321
50.970133437,0.0,0.0,0.011180339887498688,0.0,0.0,False,0.0,0.0,0.0,STOPPED,DUPLICATE_OR_OLD,DUPLICATE_OR_OLD,50.809865321,50.809865321
51.020133437000005,0.0,0.0,0.006180339887498974,0.0,0.0,False,0.0,0.0,0.0,STOPPED,ACCEPTED,ACCEPTED,50.901840019,50.901840019
51.070133437,0.0,0.0,0.01118033988749869,0.0,0.0,False,0.0,0.0,0.0,STOPPED,DUPLICATE_OR_OLD,DUPLICATE_OR_OLD,50.901840019,50.901840019
51.12013343700001,0.0,0.0,0.006180339887498974,0.0,0.0,False,0.0,0.0,0.0,STOPPED,ACCEPTED,ACCEPTED,51.007812936,51.007812936
51.170133437000004,0.0,0.0,0.01118033988749869,0.0,0.0,False,0.0,0.0,0.0,STOPPED,DUPLICATE_OR_OLD,DUPLICATE_OR_OLD,51.007812936,51.007812936
51.220133437,0.0,0.0,0.0061803398874988695,0.0,0.0,False,0.0,0.0,0.0,STOPPED,ACCEPTED,ACCEPTED,51.101787868,51.101787868
51.270133437000005,0.0,0.0,0.011180339887499297,0.0,0.0,False,0.0,0.0,0.0,STOPPED,DUPLICATE_OR_OLD,DUPLICATE_OR_OLD,51.101787868,51.101787868
51.320133437,0.0,0.0,0.006180339887498959,0.0,0.0,False,0.0,0.0,0.0,STOPPED,ACCEPTED,ACCEPTED,51.219752084,51.219752084
51.37013343700001,0.0,0.0,0.005278640450004304,0.0,0.0,False,0.0,0.0,0.0,STOPPED,ACCEPTED,ACCEPTED,51.303735544,51.303735544
51.420133437000004,0.0,0.0,0.01027864045000402,0.0,0.0,False,0.0,0.0,0.0,STOPPED,DUPLICATE_OR_OLD,DUPLICATE_OR_OLD,51.303735544,51.303735544
51.470133437,0.0,0.0,0.015278640450003737,0.0,0.0,False,0.0,0.0,0.0,STOPPED,DUPLICATE_OR_OLD,DUPLICATE_OR_OLD,51.303735544,51.303735544
51.520133437000005,0.0,0.0,0.006697341805517353,0.0,0.0,False,0.0,0.0,0.0,STOPPED,ACCEPTED,ACCEPTED,51.405700434,51.405700434
51.570133437,0.0,0.0,0.01169734180551707,0.0,0.0,False,0.0,0.0,0.0,STOPPED,DUPLICATE_OR_OLD,DUPLICATE_OR_OLD,51.405700434,51.405700434
51.62013343700001,0.0,0.0,0.006254308734986749,0.0,0.0,False,0.0,0.0,0.0,STOPPED,ACCEPTED,ACCEPTED,51.501679387,51.501679387
51.670133437000004,0.0,0.0,0.011254308734986465,0.0,0.0,False,0.0,0.0,0.0,STOPPED,DUPLICATE_OR_OLD,DUPLICATE_OR_OLD,51.501679387,51.501679387
51.720133437,0.0,0.0,0.0061911013917977905,0.0,0.0,False,0.0,0.0,0.0,STOPPED,ACCEPTED,ACCEPTED,51.607663849,51.607663849
51.770133437000005,0.0,0.0,0.011191101391798217,0.0,0.0,False,0.0,0.0,0.0,STOPPED,DUPLICATE_OR_OLD,DUPLICATE_OR_OLD,51.607663849,51.607663849
51.820133437,0.0,0.0,0.006181909324694676,0.0,0.0,False,0.0,0.0,0.0,STOPPED,ACCEPTED,ACCEPTED,51.711622154,51.711622154
51.87013343700001,0.0,0.0,0.011181909324695103,0.0,0.0,False,0.0,0.0,0.0,STOPPED,DUPLICATE_OR_OLD,DUPLICATE_OR_OLD,51.711622154,51.711622154
51.920133437000004,0.0,0.0,0.006180568851574175,0.0,0.0,False,0.0,0.0,0.0,STOPPED,ACCEPTED,ACCEPTED,51.811593217,51.811593217
51.970133437,0.0,0.0,0.011180568851573891,0.0,0.0,False,0.0,0.0,0.0,STOPPED,DUPLICATE_OR_OLD,DUPLICATE_OR_OLD,51.811593217,51.811593217
52.020133437000005,0.0,0.0,0.006180373292615195,0.0,0.0,False,0.0,0.0,0.0,STOPPED,ACCEPTED,ACCEPTED,51.899574185,51.899574185
52.070133437,0.0,0.0,0.011180373292614912,0.0,0.0,False,0.0,0.0,0.0,STOPPED,DUPLICATE_OR_OLD,DUPLICATE_OR_OLD,51.899574185,51.899574185
52.12013343700001,0.0,0.0,0.006180344761233529,0.0,0.0,False,0.0,0.0,0.0,STOPPED,ACCEPTED,ACCEPTED,52.005537263,52.005537263
52.170133437000004,0.0,0.0,0.011180344761233245,0.0,0.0,False,0.0,0.0,0.0,STOPPED,DUPLICATE_OR_OLD,DUPLICATE_OR_OLD,52.005537263,52.005537263
52.220133437,0.0,0.0,0.006180340598567026,0.0,0.0,False,0.0,0.0,0.0,STOPPED,ACCEPTED,ACCEPTED,52.103516488,52.103516488
52.270133437000005,0.0,0.0,0.011180340598567453,0.0,0.0,False,0.0,0.0,0.0,STOPPED,DUPLICATE_OR_OLD,DUPLICATE_OR_OLD,52.103516488,52.103516488
52.320133437,0.0,0.0,0.006180339991242402,0.0,0.0,False,0.0,0.0,0.0,STOPPED,ACCEPTED,ACCEPTED,52.233480427,52.233480427
52.37013343700001,0.0,0.0,0.011180339991242828,0.0,0.0,False,0.0,0.0,0.0,STOPPED,DUPLICATE_OR_OLD,DUPLICATE_OR_OLD,52.233480427,52.233480427
52.420133437000004,0.0,0.0,0.0061803399026349355,0.0,0.0,False,0.0,0.0,0.0,STOPPED,ACCEPTED,ACCEPTED,52.361435938,52.361435938
52.470133437,0.0,0.0,0.011180339902634652,0.0,0.0,False,0.0,0.0,0.0,STOPPED,DUPLICATE_OR_OLD,DUPLICATE_OR_OLD,52.361435938,52.361435938
52.520133437000005,0.0,0.0,0.00618033988970728,0.0,0.0,False,0.0,0.0,0.0,STOPPED,ACCEPTED,ACCEPTED,52.405424511,52.405424511
52.570133437,0.0,0.0,0.011180339889706997,0.0,0.0,False,0.0,0.0,0.0,STOPPED,DUPLICATE_OR_OLD,DUPLICATE_OR_OLD,52.405424511,52.405424511
52.62013343700001,0.0,0.0,0.006180339887821161,0.0,0.0,False,0.0,0.0,0.0,STOPPED,ACCEPTED,ACCEPTED,52.501395159,52.501395159
52.670133437000004,0.0,0.0,0.011180339887820877,0.0,0.0,False,0.0,0.0,0.0,STOPPED,DUPLICATE_OR_OLD,DUPLICATE_OR_OLD,52.501395159,52.501395159
52.720133437,0.0,0.0,0.006180339887545877,0.0,0.0,False,0.0,0.0,0.0,STOPPED,ACCEPTED,ACCEPTED,52.607370855,52.607370855
52.770133437000005,0.0,0.0,0.011180339887546305,0.0,0.0,False,0.0,0.0,0.0,STOPPED,DUPLICATE_OR_OLD,DUPLICATE_OR_OLD,52.607370855,52.607370855
52.820133437,0.0,0.0,0.006180339887505817,0.0,0.0,False,0.0,0.0,0.0,STOPPED,ACCEPTED,ACCEPTED,52.701352108,52.701352108
52.87013343700001,0.0,0.0,0.011180339887506243,0.0,0.0,False,0.0,0.0,0.0,STOPPED,DUPLICATE_OR_OLD,DUPLICATE_OR_OLD,52.701352108,52.701352108
52.920133437000004,0.0,0.0,0.006180339887499972,0.0,0.0,False,0.0,0.0,0.0,STOPPED,ACCEPTED,ACCEPTED,52.811308263,52.811308263
52.970133437,0.0,0.0,0.01118033988749969,0.0,0.0,False,0.0,0.0,0.0,STOPPED,DUPLICATE_OR_OLD,DUPLICATE_OR_OLD,52.811308263,52.811308263
53.020133437000005,0.0,0.0,0.006180339887499119,0.0,0.0,False,0.0,0.0,0.0,STOPPED,ACCEPTED,ACCEPTED,52.901285094,52.901285094
53.070133437,0.0,0.0,0.011180339887498836,0.0,0.0,False,0.0,0.0,0.0,STOPPED,DUPLICATE_OR_OLD,DUPLICATE_OR_OLD,52.901285094,52.901285094
53.12013343700001,0.0,0.0,0.006180339887498994,0.0,0.0,False,0.0,0.0,0.0,STOPPED,ACCEPTED,ACCEPTED,53.011252927,53.011252927
53.170133437000004,0.0,0.0,0.011180339887498711,0.0,0.0,False,0.0,0.0,0.0,STOPPED,DUPLICATE_OR_OLD,DUPLICATE_OR_OLD,53.011252927,53.011252927
53.220133437,0.0,0.0,0.006180339887498873,0.0,0.0,False,0.0,0.0,0.0,STOPPED,ACCEPTED,ACCEPTED,53.105230597,53.105230597
53.270133437000005,0.0,0.0,0.0111803398874993,0.0,0.0,False,0.0,0.0,0.0,STOPPED,DUPLICATE_OR_OLD,DUPLICATE_OR_OLD,53.105230597,53.105230597
53.320133437,0.0,0.0,0.00618033988749896,0.0,0.0,False,0.0,0.0,0.0,STOPPED,ACCEPTED,ACCEPTED,53.219195482,53.219195482
53.37013343700001,0.0,0.0,0.011180339887499387,0.0,0.0,False,0.0,0.0,0.0,STOPPED,DUPLICATE_OR_OLD,DUPLICATE_OR_OLD,53.219195482,53.219195482
53.420133437000004,0.0,0.0,0.006180339887498972,0.0,0.0,False,0.0,0.0,0.0,STOPPED,ACCEPTED,ACCEPTED,53.301174749,53.301174749
53.470133437,0.0,0.0,0.011180339887498688,0.0,0.0,False,0.0,0.0,0.0,STOPPED,DUPLICATE_OR_OLD,DUPLICATE_OR_OLD,53.301174749,53.301174749
53.520133437000005,0.0,0.0,0.006180339887498974,0.0,0.0,False,0.0,0.0,0.0,STOPPED,ACCEPTED,ACCEPTED,53.403143162,53.403143162
53.570133437,0.0,0.0,0.01118033988749869,0.0,0.0,False,0.0,0.0,0.0,STOPPED,DUPLICATE_OR_OLD,DUPLICATE_OR_OLD,53.403143162,53.403143162
53.62013343700001,0.0,0.0,0.006180339887498974,0.0,0.0,False,0.0,0.0,0.0,STOPPED,ACCEPTED,ACCEPTED,53.509119854,53.509119854
53.670133437000004,0.0,0.0,0.01118033988749869,0.0,0.0,False,0.0,0.0,0.0,STOPPED,DUPLICATE_OR_OLD,DUPLICATE_OR_OLD,53.509119854,53.509119854
53.720133437,0.0,0.0,0.0061803398874988695,0.0,0.0,False,0.0,0.0,0.0,STOPPED,ACCEPTED,ACCEPTED,53.60309397,53.60309397
53.770133437000005,0.0,0.0,0.011180339887499297,0.0,0.0,False,0.0,0.0,0.0,STOPPED,DUPLICATE_OR_OLD,DUPLICATE_OR_OLD,53.60309397,53.60309397
53.820133437,0.0,0.0,0.006180339887498959,0.0,0.0,False,0.0,0.0,0.0,STOPPED,ACCEPTED,ACCEPTED,53.70306421,53.70306421
53.87013343700001,0.0,0.0,0.011180339887499386,0.0,0.0,False,0.0,0.0,0.0,STOPPED,DUPLICATE_OR_OLD,DUPLICATE_OR_OLD,53.70306421,53.70306421
53.920133437000004,0.0,0.0,0.006180339887498972,0.0,0.0,False,0.0,0.0,0.0,STOPPED,ACCEPTED,ACCEPTED,53.809035171,53.809035171
53.970133437,0.0,0.0,0.011180339887498688,0.0,0.0,False,0.0,0.0,0.0,STOPPED,DUPLICATE_OR_OLD,DUPLICATE_OR_OLD,53.809035171,53.809035171
54.020133437000005,0.0,0.0,0.006180339887498974,0.0,0.0,False,0.0,0.0,0.0,STOPPED,ACCEPTED,ACCEPTED,53.895011884,53.895011884
54.070133437,0.0,0.0,0.01118033988749869,0.0,0.0,False,0.0,0.0,0.0,STOPPED,DUPLICATE_OR_OLD,DUPLICATE_OR_OLD,53.895011884,53.895011884
54.12013343700001,0.0,0.0,0.006180339887498974,0.0,0.0,False,0.0,0.0,0.0,STOPPED,ACCEPTED,ACCEPTED,54.008978996,54.008978996
54.170133437000004,0.0,0.0,0.01118033988749869,0.0,0.0,False,0.0,0.0,0.0,STOPPED,DUPLICATE_OR_OLD,DUPLICATE_OR_OLD,54.008978996,54.008978996
54.220133437,0.0,0.0,0.0061803398874988695,0.0,0.0,False,0.0,0.0,0.0,STOPPED,ACCEPTED,ACCEPTED,54.102952647,54.102952647
54.270133437000005,0.0,0.0,0.011180339887499297,0.0,0.0,False,0.0,0.0,0.0,STOPPED,DUPLICATE_OR_OLD,DUPLICATE_OR_OLD,54.102952647,54.102952647
54.320133437,0.0,0.0,0.006180339887498959,0.0,0.0,False,0.0,0.0,0.0,STOPPED,ACCEPTED,ACCEPTED,54.22092085,54.22092085
54.37013343700001,0.0,0.0,0.011180339887499386,0.0,0.0,False,0.0,0.0,0.0,STOPPED,DUPLICATE_OR_OLD,DUPLICATE_OR_OLD,54.22092085,54.22092085
54.420133437000004,0.0,0.0,0.006180339887498972,0.0,0.0,False,0.0,0.0,0.0,STOPPED,ACCEPTED,ACCEPTED,54.304898236,54.304898236
54.470133437,0.0,0.0,0.011180339887498688,0.0,0.0,False,0.0,0.0,0.0,STOPPED,DUPLICATE_OR_OLD,DUPLICATE_OR_OLD,54.304898236,54.304898236
54.520133437000005,0.0,0.0,0.006180339887498974,0.0,0.0,False,0.0,0.0,0.0,STOPPED,ACCEPTED,ACCEPTED,54.404875602,54.404875602
54.570133437,0.0,0.0,0.01118033988749869,0.0,0.0,False,0.0,0.0,0.0,STOPPED,DUPLICATE_OR_OLD,DUPLICATE_OR_OLD,54.404875602,54.404875602
54.62013343700001,0.0,0.0,0.006180339887498974,0.0,0.0,False,0.0,0.0,0.0,STOPPED,ACCEPTED,ACCEPTED,54.500841279,54.500841279
54.670133437000004,0.0,0.0,0.01118033988749869,0.0,0.0,False,0.0,0.0,0.0,STOPPED,DUPLICATE_OR_OLD,DUPLICATE_OR_OLD,54.500841279,54.500841279
54.720133437,0.0,0.0,0.0061803398874988695,0.0,0.0,False,0.0,0.0,0.0,STOPPED,ACCEPTED,ACCEPTED,54.60282538,54.60282538
54.770133437000005,0.0,0.0,0.011180339887499297,0.0,0.0,False,0.0,0.0,0.0,STOPPED,DUPLICATE_OR_OLD,DUPLICATE_OR_OLD,54.60282538,54.60282538
54.820133437,0.0,0.0,0.006180339887498959,0.0,0.0,False,0.0,0.0,0.0,STOPPED,ACCEPTED,ACCEPTED,54.702788804,54.702788804
54.87013343700001,0.0,0.0,0.011180339887499386,0.0,0.0,False,0.0,0.0,0.0,STOPPED,DUPLICATE_OR_OLD,DUPLICATE_OR_OLD,54.702788804,54.702788804
54.920133437000004,0.0,0.0,0.006180339887498972,0.0,0.0,False,0.0,0.0,0.0,STOPPED,ACCEPTED,ACCEPTED,54.810756299,54.810756299
54.970133437,0.0,0.0,0.011180339887498688,0.0,0.0,False,0.0,0.0,0.0,STOPPED,DUPLICATE_OR_OLD,DUPLICATE_OR_OLD,54.810756299,54.810756299
55.020133437000005,0.0,0.0,0.006180339887498974,0.0,0.0,False,0.0,0.0,0.0,STOPPED,ACCEPTED,ACCEPTED,54.906735004,54.906735004
55.070133437,0.0,0.0,0.01118033988749869,0.0,0.0,False,0.0,0.0,0.0,STOPPED,DUPLICATE_OR_OLD,DUPLICATE_OR_OLD,54.906735004,54.906735004
55.12013343700001,0.0,0.0,0.006180339887498974,0.0,0.0,False,0.0,0.0,0.0,STOPPED,ACCEPTED,ACCEPTED,55.01070202,55.01070202
55.170133437000004,0.0,0.0,0.01118033988749869,0.0,0.0,False,0.0,0.0,0.0,STOPPED,DUPLICATE_OR_OLD,DUPLICATE_OR_OLD,55.01070202,55.01070202
55.220133437,0.0,0.0,0.0061803398874988695,0.0,0.0,False,0.0,0.0,0.0,STOPPED,ACCEPTED,ACCEPTED,55.102676926,55.102676926
55.270133437000005,0.0,0.0,0.011180339887499297,0.0,0.0,False,0.0,0.0,0.0,STOPPED,DUPLICATE_OR_OLD,DUPLICATE_OR_OLD,55.102676926,55.102676926
55.320133437,0.0,0.0,0.006180339887498959,0.0,0.0,False,0.0,0.0,0.0,STOPPED,ACCEPTED,ACCEPTED,55.214649987,55.214649987
55.37013343700001,0.0,0.0,0.011180339887499386,0.0,0.0,False,0.0,0.0,0.0,STOPPED,DUPLICATE_OR_OLD,DUPLICATE_OR_OLD,55.214649987,55.214649987
55.420133437000004,0.0,0.0,0.006180339887498972,0.0,0.0,False,0.0,0.0,0.0,STOPPED,ACCEPTED,ACCEPTED,55.358617017,55.358617017
55.470133437,0.0,0.0,0.011180339887498688,0.0,0.0,False,0.0,0.0,0.0,STOPPED,DUPLICATE_OR_OLD,DUPLICATE_OR_OLD,55.358617017,55.358617017
55.520133437000005,0.0,0.0,0.006180339887498974,0.0,0.0,False,0.0,0.0,0.0,STOPPED,ACCEPTED,ACCEPTED,55.408604042,55.408604042
55.570133437,0.0,0.0,0.01118033988749869,0.0,0.0,False,0.0,0.0,0.0,STOPPED,DUPLICATE_OR_OLD,DUPLICATE_OR_OLD,55.408604042,55.408604042
55.62013343700001,0.0,0.0,0.006180339887498974,0.0,0.0,False,0.0,0.0,0.0,STOPPED,ACCEPTED,ACCEPTED,55.504565316,55.504565316
55.670133437000004,0.0,0.0,0.01118033988749869,0.0,0.0,False,0.0,0.0,0.0,STOPPED,DUPLICATE_OR_OLD,DUPLICATE_OR_OLD,55.504565316,55.504565316
55.720133437,0.0,0.0,0.0061803398874988695,0.0,0.0,False,0.0,0.0,0.0,STOPPED,ACCEPTED,ACCEPTED,55.606535971,55.606535971
55.770133437000005,0.0,0.0,0.011180339887499297,0.0,0.0,False,0.0,0.0,0.0,STOPPED,DUPLICATE_OR_OLD,DUPLICATE_OR_OLD,55.606535971,55.606535971
55.820133437,0.0,0.0,0.006180339887498959,0.0,0.0,False,0.0,0.0,0.0,STOPPED,ACCEPTED,ACCEPTED,55.702508267,55.702508267
55.87013343700001,0.0,0.0,0.011180339887499386,0.0,0.0,False,0.0,0.0,0.0,STOPPED,DUPLICATE_OR_OLD,DUPLICATE_OR_OLD,55.702508267,55.702508267
55.920133437000004,0.0,0.0,0.006180339887498972,0.0,0.0,False,0.0,0.0,0.0,STOPPED,ACCEPTED,ACCEPTED,55.80847999,55.80847999
55.970133437,0.0,0.0,0.011180339887498688,0.0,0.0,False,0.0,0.0,0.0,STOPPED,DUPLICATE_OR_OLD,DUPLICATE_OR_OLD,55.80847999,55.80847999
56.020133437000005,0.0,0.0,0.006180339887498974,0.0,0.0,False,0.0,0.0,0.0,STOPPED,ACCEPTED,ACCEPTED,55.902459668,55.902459668
56.070133437,0.0,0.0,0.01118033988749869,0.0,0.0,False,0.0,0.0,0.0,STOPPED,DUPLICATE_OR_OLD,DUPLICATE_OR_OLD,55.902459668,55.902459668
56.12013343700001,0.0,0.0,0.006180339887498974,0.0,0.0,False,0.0,0.0,0.0,STOPPED,ACCEPTED,ACCEPTED,56.010423414,56.010423414
56.170133437000004,0.0,0.0,0.01118033988749869,0.0,0.0,False,0.0,0.0,0.0,STOPPED,DUPLICATE_OR_OLD,DUPLICATE_OR_OLD,56.010423414,56.010423414
56.220133437,0.0,0.0,0.0061803398874988695,0.0,0.0,False,0.0,0.0,0.0,STOPPED,ACCEPTED,ACCEPTED,56.104401442,56.104401442
56.270133437000005,0.0,0.0,0.011180339887499297,0.0,0.0,False,0.0,0.0,0.0,STOPPED,DUPLICATE_OR_OLD,DUPLICATE_OR_OLD,56.104401442,56.104401442
56.320133437,0.0,0.0,0.006180339887498959,0.0,0.0,False,0.0,0.0,0.0,STOPPED,ACCEPTED,ACCEPTED,56.238364854,56.238364854
56.37013343700001,0.0,0.0,0.011180339887499386,0.0,0.0,False,0.0,0.0,0.0,STOPPED,DUPLICATE_OR_OLD,DUPLICATE_OR_OLD,56.238364854,56.238364854
56.420133437000004,0.0,0.0,0.006180339887498972,0.0,0.0,False,0.0,0.0,0.0,STOPPED,ACCEPTED,ACCEPTED,56.306340922,56.306340922
56.470133437,0.0,0.0,0.011180339887498688,0.0,0.0,False,0.0,0.0,0.0,STOPPED,DUPLICATE_OR_OLD,DUPLICATE_OR_OLD,56.306340922,56.306340922
56.520133437000005,0.0,0.0,0.006180339887498974,0.0,0.0,False,0.0,0.0,0.0,STOPPED,ACCEPTED,ACCEPTED,56.402320809,56.402320809
56.570133437,0.0,0.0,0.01118033988749869,0.0,0.0,False,0.0,0.0,0.0,STOPPED,DUPLICATE_OR_OLD,DUPLICATE_OR_OLD,56.402320809,56.402320809
56.62013343700001,0.0,0.0,0.006180339887498974,0.0,0.0,False,0.0,0.0,0.0,STOPPED,ACCEPTED,ACCEPTED,56.5042909,56.5042909
56.670133437000004,0.0,0.0,0.01118033988749869,0.0,0.0,False,0.0,0.0,0.0,STOPPED,DUPLICATE_OR_OLD,DUPLICATE_OR_OLD,56.5042909,56.5042909
56.720133437,0.0,0.0,0.0061803398874988695,0.0,0.0,False,0.0,0.0,0.0,STOPPED,ACCEPTED,ACCEPTED,56.604262188,56.604262188
56.770133437000005,0.0,0.0,0.011180339887499297,0.0,0.0,False,0.0,0.0,0.0,STOPPED,DUPLICATE_OR_OLD,DUPLICATE_OR_OLD,56.604262188,56.604262188
56.820133437,0.0,0.0,0.006180339887498959,0.0,0.0,False,0.0,0.0,0.0,STOPPED,ACCEPTED,ACCEPTED,56.704235621,56.704235621
56.87013343700001,0.0,0.0,0.011180339887499386,0.0,0.0,False,0.0,0.0,0.0,STOPPED,DUPLICATE_OR_OLD,DUPLICATE_OR_OLD,56.704235621,56.704235621
56.920133437000004,0.0,0.0,0.006180339887498972,0.0,0.0,False,0.0,0.0,0.0,STOPPED,ACCEPTED,ACCEPTED,56.810205862,56.810205862
56.970133437,0.0,0.0,0.011180339887498688,0.0,0.0,False,0.0,0.0,0.0,STOPPED,DUPLICATE_OR_OLD,DUPLICATE_OR_OLD,56.810205862,56.810205862
57.020133437000005,0.0,0.0,0.006180339887498974,0.0,0.0,False,0.0,0.0,0.0,STOPPED,ACCEPTED,ACCEPTED,56.900176267,56.900176267
57.070133437,0.0,0.0,0.01118033988749869,0.0,0.0,False,0.0,0.0,0.0,STOPPED,DUPLICATE_OR_OLD,DUPLICATE_OR_OLD,56.900176267,56.900176267
57.12013343700001,0.0,0.0,0.006180339887498974,0.0,0.0,False,0.0,0.0,0.0,STOPPED,ACCEPTED,ACCEPTED,57.00814738,57.00814738
57.170133437000004,0.0,0.0,0.01118033988749869,0.0,0.0,False,0.0,0.0,0.0,STOPPED,DUPLICATE_OR_OLD,DUPLICATE_OR_OLD,57.00814738,57.00814738
57.220133437,0.0,0.0,0.0061803398874988695,0.0,0.0,False,0.0,0.0,0.0,STOPPED,ACCEPTED,ACCEPTED,57.106119686,57.106119686
57.270133437000005,0.0,0.0,0.011180339887499297,0.0,0.0,False,0.0,0.0,0.0,STOPPED,DUPLICATE_OR_OLD,DUPLICATE_OR_OLD,57.106119686,57.106119686
57.320133437,0.0,0.0,0.006180339887498959,0.0,0.0,False,0.0,0.0,0.0,STOPPED,ACCEPTED,ACCEPTED,57.228089516,57.228089516
57.37013343700001,0.0,0.0,0.011180339887499386,0.0,0.0,False,0.0,0.0,0.0,STOPPED,DUPLICATE_OR_OLD,DUPLICATE_OR_OLD,57.228089516,57.228089516
57.420133437000004,0.0,0.0,0.006180339887498972,0.0,0.0,False,0.0,0.0,0.0,STOPPED,ACCEPTED,ACCEPTED,57.306074763,57.306074763
57.470133437,0.0,0.0,0.011180339887498688,0.0,0.0,False,0.0,0.0,0.0,STOPPED,DUPLICATE_OR_OLD,DUPLICATE_OR_OLD,57.306074763,57.306074763
57.520133437000005,0.0,0.0,0.006180339887498974,0.0,0.0,False,0.0,0.0,0.0,STOPPED,ACCEPTED,ACCEPTED,57.398045343,57.398045343
57.570133437,0.0,0.0,0.01118033988749869,0.0,0.0,False,0.0,0.0,0.0,STOPPED,DUPLICATE_OR_OLD,DUPLICATE_OR_OLD,57.398045343,57.398045343
57.62013343700001,0.0,0.0,0.006180339887498974,0.0,0.0,False,0.0,0.0,0.0,STOPPED,ACCEPTED,ACCEPTED,57.504010163,57.504010163
57.670133437000004,0.0,0.0,0.01118033988749869,0.0,0.0,False,0.0,0.0,0.0,STOPPED,DUPLICATE_OR_OLD,DUPLICATE_OR_OLD,57.504010163,57.504010163
57.720133437,0.0,0.0,0.0061803398874988695,0.0,0.0,False,0.0,0.0,0.0,STOPPED,ACCEPTED,ACCEPTED,57.605995141,57.605995141
57.770133437000005,0.0,0.0,0.011180339887499297,0.0,0.0,False,0.0,0.0,0.0,STOPPED,DUPLICATE_OR_OLD,DUPLICATE_OR_OLD,57.605995141,57.605995141
57.820133437,0.0,0.0,0.006180339887498959,0.0,0.0,False,0.0,0.0,0.0,STOPPED,ACCEPTED,ACCEPTED,57.703954246,57.703954246
57.87013343700001,0.0,0.0,0.011180339887499386,0.0,0.0,False,0.0,0.0,0.0,STOPPED,DUPLICATE_OR_OLD,DUPLICATE_OR_OLD,57.703954246,57.703954246
57.920133437000004,0.0,0.0,0.006180339887498972,0.0,0.0,False,0.0,0.0,0.0,STOPPED,ACCEPTED,ACCEPTED,57.80992686,57.80992686
57.970133437,0.0,0.0,0.011180339887498688,0.0,0.0,False,0.0,0.0,0.0,STOPPED,DUPLICATE_OR_OLD,DUPLICATE_OR_OLD,57.80992686,57.80992686
58.020133437000005,0.0,0.0,0.006180339887498974,0.0,0.0,False,0.0,0.0,0.0,STOPPED,ACCEPTED,ACCEPTED,57.901901289,57.901901289
58.070133437,0.0,0.0,0.01118033988749869,0.0,0.0,False,0.0,0.0,0.0,STOPPED,DUPLICATE_OR_OLD,DUPLICATE_OR_OLD,57.901901289,57.901901289
58.12013343700001,0.0,0.0,0.006180339887498974,0.0,0.0,False,0.0,0.0,0.0,STOPPED,ACCEPTED,ACCEPTED,58.003874556,58.003874556
58.170133437000004,0.0,0.0,0.01118033988749869,0.0,0.0,False,0.0,0.0,0.0,STOPPED,DUPLICATE_OR_OLD,DUPLICATE_OR_OLD,58.003874556,58.003874556
58.220133437,0.0,0.0,0.0061803398874988695,0.0,0.0,False,0.0,0.0,0.0,STOPPED,ACCEPTED,ACCEPTED,58.107843441,58.107843441
58.270133437000005,0.0,0.0,0.011180339887499297,0.0,0.0,False,0.0,0.0,0.0,STOPPED,DUPLICATE_OR_OLD,DUPLICATE_OR_OLD,58.107843441,58.107843441
58.320133437,0.0,0.0,0.006180339887498959,0.0,0.0,False,0.0,0.0,0.0,STOPPED,ACCEPTED,ACCEPTED,58.209815656,58.209815656
58.37013343700001,0.0,0.0,0.011180339887499386,0.0,0.0,False,0.0,0.0,0.0,STOPPED,DUPLICATE_OR_OLD,DUPLICATE_OR_OLD,58.209815656,58.209815656
58.420133437000004,0.0,0.0,0.006180339887498972,0.0,0.0,False,0.0,0.0,0.0,STOPPED,ACCEPTED,ACCEPTED,58.305789624,58.305789624
58.470133437,0.0,0.0,0.011180339887498688,0.0,0.0,False,0.0,0.0,0.0,STOPPED,DUPLICATE_OR_OLD,DUPLICATE_OR_OLD,58.305789624,58.305789624
58.520133437000005,0.0,0.0,0.006180339887498974,0.0,0.0,False,0.0,0.0,0.0,STOPPED,ACCEPTED,ACCEPTED,58.403762968,58.403762968
58.570133437,0.0,0.0,0.01118033988749869,0.0,0.0,False,0.0,0.0,0.0,STOPPED,DUPLICATE_OR_OLD,DUPLICATE_OR_OLD,58.403762968,58.403762968
58.62013343700001,0.0,0.0,0.006180339887498974,0.0,0.0,False,0.0,0.0,0.0,STOPPED,ACCEPTED,ACCEPTED,58.505721451,58.505721451
58.670133437000004,0.0,0.0,0.01118033988749869,0.0,0.0,False,0.0,0.0,0.0,STOPPED,DUPLICATE_OR_OLD,DUPLICATE_OR_OLD,58.505721451,58.505721451
58.720133437,0.0,0.0,0.0061803398874988695,0.0,0.0,False,0.0,0.0,0.0,STOPPED,ACCEPTED,ACCEPTED,58.605693203,58.605693203
58.770133437000005,0.0,0.0,0.011180339887499297,0.0,0.0,False,0.0,0.0,0.0,STOPPED,DUPLICATE_OR_OLD,DUPLICATE_OR_OLD,58.605693203,58.605693203
58.820133437,0.0,0.0,0.006180339887498959,0.0,0.0,False,0.0,0.0,0.0,STOPPED,ACCEPTED,ACCEPTED,58.699669141,58.699669141
58.87013343700001,0.0,0.0,0.011180339887499386,0.0,0.0,False,0.0,0.0,0.0,STOPPED,DUPLICATE_OR_OLD,DUPLICATE_OR_OLD,58.699669141,58.699669141
58.920133437000004,0.0,0.0,0.006180339887498972,0.0,0.0,False,0.0,0.0,0.0,STOPPED,ACCEPTED,ACCEPTED,58.807639269,58.807639269
58.970133437,0.0,0.0,0.011180339887498688,0.0,0.0,False,0.0,0.0,0.0,STOPPED,DUPLICATE_OR_OLD,DUPLICATE_OR_OLD,58.807639269,58.807639269
59.020133437,0.0,0.0,0.0061803398874988695,0.0,0.0,False,0.0,0.0,0.0,STOPPED,ACCEPTED,ACCEPTED,58.901614456,58.901614456
59.070133437,0.0,0.0,0.011180339887499297,0.0,0.0,False,0.0,0.0,0.0,STOPPED,DUPLICATE_OR_OLD,DUPLICATE_OR_OLD,58.901614456,58.901614456
59.12013343700001,0.0,0.0,0.006180339887499062,0.0,0.0,False,0.0,0.0,0.0,STOPPED,ACCEPTED,ACCEPTED,59.0075799,59.0075799
59.170133437000004,0.0,0.0,0.011180339887498779,0.0,0.0,False,0.0,0.0,0.0,STOPPED,DUPLICATE_OR_OLD,DUPLICATE_OR_OLD,59.0075799,59.0075799
59.220133437,0.0,0.0,0.0061803398874988825,0.0,0.0,False,0.0,0.0,0.0,STOPPED,ACCEPTED,ACCEPTED,59.103555589,59.103555589
59.270133437,0.0,0.0,0.0111803398874986,0.0,0.0,False,0.0,0.0,0.0,STOPPED,DUPLICATE_OR_OLD,DUPLICATE_OR_OLD,59.103555589,59.103555589
59.320133437,0.0,0.0,0.006180339887498961,0.0,0.0,False,0.0,0.0,0.0,STOPPED,ACCEPTED,ACCEPTED,59.219532281,59.219532281
59.37013343700001,0.0,0.0,0.011180339887499387,0.0,0.0,False,0.0,0.0,0.0,STOPPED,DUPLICATE_OR_OLD,DUPLICATE_OR_OLD,59.219532281,59.219532281
59.420133437000004,0.0,0.0,0.006180339887498972,0.0,0.0,False,0.0,0.0,0.0,STOPPED,ACCEPTED,ACCEPTED,59.307503031,59.307503031
59.470133437,0.0,0.0,0.011180339887498688,0.0,0.0,False,0.0,0.0,0.0,STOPPED,DUPLICATE_OR_OLD,DUPLICATE_OR_OLD,59.307503031,59.307503031
59.520133437,0.0,0.0,0.0061803398874988695,0.0,0.0,False,0.0,0.0,0.0,STOPPED,ACCEPTED,ACCEPTED,59.405471405,59.405471405
59.570133437,0.0,0.0,0.011180339887499297,0.0,0.0,False,0.0,0.0,0.0,STOPPED,DUPLICATE_OR_OLD,DUPLICATE_OR_OLD,59.405471405,59.405471405
59.62013343700001,0.0,0.0,0.006180339887499062,0.0,0.0,False,0.0,0.0,0.0,STOPPED,ACCEPTED,ACCEPTED,59.509444935,59.509444935
59.670133437000004,0.0,0.0,0.011180339887498779,0.0,0.0,False,0.0,0.0,0.0,STOPPED,DUPLICATE_OR_OLD,DUPLICATE_OR_OLD,59.509444935,59.509444935
59.720133437,0.0,0.0,0.0061803398874988825,0.0,0.0,False,0.0,0.0,0.0,STOPPED,ACCEPTED,ACCEPTED,59.605419824,59.605419824
59.770133437,0.0,0.0,0.0111803398874986,0.0,0.0,False,0.0,0.0,0.0,STOPPED,DUPLICATE_OR_OLD,DUPLICATE_OR_OLD,59.605419824,59.605419824
59.820133437,0.0,0.0,0.006180339887498961,0.0,0.0,False,0.0,0.0,0.0,STOPPED,ACCEPTED,ACCEPTED,59.699401044,59.699401044
59.87013343700001,0.0,0.0,0.011180339887499387,0.0,0.0,False,0.0,0.0,0.0,STOPPED,DUPLICATE_OR_OLD,DUPLICATE_OR_OLD,59.699401044,59.699401044
59.920133437000004,0.0,0.0,0.006180339887498972,0.0,0.0,False,0.0,0.0,0.0,STOPPED,ACCEPTED,ACCEPTED,59.809411773,59.809411773
59.970133437,0.0,0.0,0.011180339887498688,0.0,0.0,False,0.0,0.0,0.0,STOPPED,DUPLICATE_OR_OLD,DUPLICATE_OR_OLD,59.809411773,59.809411773
60.020133437,0.0,0.0,0.0061803398874988695,0.0,0.0,False,0.0,0.0,0.0,STOPPED,ACCEPTED,ACCEPTED,59.903336903,59.903336903
60.070133437,0.0,0.0,0.011180339887499297,0.0,0.0,False,0.0,0.0,0.0,STOPPED,DUPLICATE_OR_OLD,DUPLICATE_OR_OLD,59.903336903,59.903336903
60.12013343700001,0.0,0.0,0.006180339887499062,0.0,0.0,False,0.0,0.0,0.0,STOPPED,ACCEPTED,ACCEPTED,60.009311149,60.009311149
60.170133437000004,0.0,0.0,0.011180339887498779,0.0,0.0,False,0.0,0.0,0.0,STOPPED,DUPLICATE_OR_OLD,DUPLICATE_OR_OLD,60.009311149,60.009311149
60.220133437,0.0,0.0,0.0061803398874988825,0.0,0.0,False,0.0,0.0,0.0,STOPPED,ACCEPTED,ACCEPTED,60.103276,60.103276
60.270133437,0.0,0.0,0.0111803398874986,0.0,0.0,False,0.0,0.0,0.0,STOPPED,DUPLICATE_OR_OLD,DUPLICATE_OR_OLD,60.103276,60.103276
60.320133437,0.0,0.0,0.006180339887498961,0.0,0.0,False,0.0,0.0,0.0,STOPPED,ACCEPTED,ACCEPTED,60.21524277,60.21524277
60.37013343700001,0.0,0.0,0.011180339887499387,0.0,0.0,False,0.0,0.0,0.0,STOPPED,DUPLICATE_OR_OLD,DUPLICATE_OR_OLD,60.21524277,60.21524277
60.420133437000004,0.0,0.0,0.006180339887498972,0.0,0.0,False,0.0,0.0,0.0,STOPPED,ACCEPTED,ACCEPTED,60.299224251,60.299224251
60.470133437,0.0,0.0,0.011180339887498688,0.0,0.0,False,0.0,0.0,0.0,STOPPED,DUPLICATE_OR_OLD,DUPLICATE_OR_OLD,60.299224251,60.299224251
60.520133437,0.0,0.0,0.0061803398874988695,0.0,0.0,False,0.0,0.0,0.0,STOPPED,ACCEPTED,ACCEPTED,60.401194486,60.401194486
60.570133437,0.0,0.0,0.011180339887499297,0.0,0.0,False,0.0,0.0,0.0,STOPPED,DUPLICATE_OR_OLD,DUPLICATE_OR_OLD,60.401194486,60.401194486
60.62013343700001,0.0,0.0,0.006180339887499062,0.0,0.0,False,0.0,0.0,0.0,STOPPED,ACCEPTED,ACCEPTED,60.507164194,60.507164194
60.670133437000004,0.0,0.0,0.011180339887498779,0.0,0.0,False,0.0,0.0,0.0,STOPPED,DUPLICATE_OR_OLD,DUPLICATE_OR_OLD,60.507164194,60.507164194
60.720133437,0.0,0.0,0.0061803398874988825,0.0,0.0,False,0.0,0.0,0.0,STOPPED,ACCEPTED,ACCEPTED,60.60913607,60.60913607
60.770133437,0.0,0.0,0.0111803398874986,0.0,0.0,False,0.0,0.0,0.0,STOPPED,DUPLICATE_OR_OLD,DUPLICATE_OR_OLD,60.60913607,60.60913607
60.820133437,0.0,0.0,0.006180339887498961,0.0,0.0,False,0.0,0.0,0.0,STOPPED,ACCEPTED,ACCEPTED,60.707109821,60.707109821
60.87013343700001,0.0,0.0,0.011180339887499387,0.0,0.0,False,0.0,0.0,0.0,STOPPED,DUPLICATE_OR_OLD,DUPLICATE_OR_OLD,60.707109821,60.707109821
60.920133437000004,0.0,0.0,0.006180339887498972,0.0,0.0,False,0.0,0.0,0.0,STOPPED,ACCEPTED,ACCEPTED,60.809079271,60.809079271
60.970133437,0.0,0.0,0.011180339887498688,0.0,0.0,False,0.0,0.0,0.0,STOPPED,DUPLICATE_OR_OLD,DUPLICATE_OR_OLD,60.809079271,60.809079271
61.020133437,0.0,0.0,0.0061803398874988695,0.0,0.0,False,0.0,0.0,0.0,STOPPED,ACCEPTED,ACCEPTED,60.899060699,60.899060699
61.070133437,0.0,0.0,0.011180339887499297,0.0,0.0,False,0.0,0.0,0.0,STOPPED,DUPLICATE_OR_OLD,DUPLICATE_OR_OLD,60.899060699,60.899060699
61.12013343700001,0.0,0.0,0.006180339887499062,0.0,0.0,False,0.0,0.0,0.0,STOPPED,ACCEPTED,ACCEPTED,61.001027561,61.001027561
61.170133437000004,0.0,0.0,0.011180339887498779,0.0,0.0,False,0.0,0.0,0.0,STOPPED,DUPLICATE_OR_OLD,DUPLICATE_OR_OLD,61.001027561,61.001027561
61.220133437,0.0,0.0,0.0061803398874988825,0.0,0.0,False,0.0,0.0,0.0,STOPPED,ACCEPTED,ACCEPTED,61.09901192,61.09901192
61.270133437,0.0,0.0,0.0111803398874986,0.0,0.0,False,0.0,0.0,0.0,STOPPED,DUPLICATE_OR_OLD,DUPLICATE_OR_OLD,61.09901192,61.09901192
61.320133437,0.0,0.0,0.006180339887498961,0.0,0.0,False,0.0,0.0,0.0,STOPPED,ACCEPTED,ACCEPTED,61.212967959,61.212967959
61.37013343700001,0.0,0.0,0.011180339887499387,0.0,0.0,False,0.0,0.0,0.0,STOPPED,DUPLICATE_OR_OLD,DUPLICATE_OR_OLD,61.212967959,61.212967959
61.420133437000004,0.03874812231527029,0.0009687030578817023,0.006180339887498972,0.0,0.0,False,0.0,0.6180339887498971,0.0,FUSED,ACCEPTED,ACCEPTED,61.304935894,61.304935894
61.470133437,0.03824827851355415,0.002893613078602204,0.011180339887498688,0.0,0.0,False,0.0,0.0,0.0,MODEL_ONLY,DUPLICATE_OR_OLD,DUPLICATE_OR_OLD,61.304935894,61.304935894
61.520133437,0.11195743441240122,0.006648755901750875,0.0061803398874988695,0.0,0.0,False,0.0,0.6180339887498869,0.0,FUSED,ACCEPTED,ACCEPTED,61.400918962,61.400918962
61.570133437,0.11063092682430653,0.012213464932669043,0.011180339887499297,0.0,0.0,False,0.0,0.0,0.0,MODEL_ONLY,DUPLICATE_OR_OLD,DUPLICATE_OR_OLD,61.400918962,61.400918962
61.62013343700001,0.21875144269418667,0.020448024170632073,0.006180339887499062,0.0,0.0,False,0.0,0.6180339887499062,0.0,FUSED,ACCEPTED,ACCEPTED,61.50288036,61.50288036
61.670133437000004,0.21505160178793778,0.03129310028268457,0.011180339887498779,0.0,0.0,False,0.0,0.0,0.0,MODEL_ONLY,DUPLICATE_OR_OLD,DUPLICATE_OR_OLD,61.50288036,61.50288036
61.720133437,0.3389113543448782,0.04514217418600418,0.0061803398874988825,0.0,0.0,False,0.0,0.6180339887498882,0.0,FUSED,ACCEPTED,ACCEPTED,61.604858363,61.604858363
61.770133437,0.33035038878398576,0.061873717764224824,0.0111803398874986,0.0,0.0,False,0.0,0.0,0.0,MODEL_ONLY,DUPLICATE_OR_OLD,DUPLICATE_OR_OLD,61.604858363,61.604858363
61.820133437,0.46025357316441373,0.0816388168129365,0.006180339887498961,0.0,0.0,False,0.0,0.618033988749896,0.2733104992808906,FUSED,ACCEPTED,ACCEPTED,61.698820306,61.698820306
61.87013343700001,0.4596065245263703,0.10463531925520805,0.011180339887499387,0.0,0.0,False,0.0,0.0,0.2733104992808906,MODEL_ONLY,DUPLICATE_OR_OLD,DUPLICATE_OR_OLD,61.698820306,61.698820306
61.920133437000004,0.589928268632025,0.13087368908416644,0.006180339887498972,0.0,0.0,False,0.0,0.6180339887498971,0.5289821279135044,FUSED,ACCEPTED,ACCEPTED,61.800796865,61.800796865
61.970133437,0.5960277194764126,0.1605225887868757,0.011180339887498688,0.0,0.0,False,0.0,0.0,0.5289821279135044,MODEL_ONLY,DUPLICATE_OR_OLD,DUPLICATE_OR_OLD,61.800796865,61.800796865
62.020133437000005,0.7411923718091977,0.1939530910690188,0.006180339887498974,0.0,0.0,False,0.0,0.6180339887498972,0.6,FUSED,ACCEPTED,ACCEPTED,61.894760318,61.894760318
62.070133437,0.7451807299885321,0.23111241861395992,0.01118033988749869,0.0,0.0,False,0.0,0.0,0.6,MODEL_ONLY,DUPLICATE_OR_OLD,DUPLICATE_OR_OLD,61.894760318,61.894760318
62.12013343700001,0.8794531260009696,0.27172826501370095,0.006180339887498974,0.0,0.0,False,0.0,0.6180339887498973,0.6,FUSED,ACCEPTED,ACCEPTED,62.000732827,62.000732827
62.170133437000004,0.8784533889324188,0.31567592788703314,0.01118033988749869,0.0,0.0,False,0.0,0.0,0.6,MODEL_ONLY,DUPLICATE_OR_OLD,DUPLICATE_OR_OLD,62.000732827,62.000732827
62.220133437,1.0023212988023713,0.3626952950804002,0.0061803398874988695,0.0,0.0,False,0.0,0.6180339887498869,0.6,FUSED,ACCEPTED,ACCEPTED,62.100699317,62.100699317
62.270133437000005,0.9968963714506116,0.4126757368367291,0.011180339887499297,0.0,0.0,False,0.0,0.0,0.6,MODEL_ONLY,DUPLICATE_OR_OLD,DUPLICATE_OR_OLD,62.100699317,62.100699317
62.320133437,1.1381919242550753,0.4660529442293682,0.006180339887498959,0.0,0.0,False,0.0,0.6180339887498958,0.6,FUSED,ACCEPTED,ACCEPTED,62.240658794,62.240658794
62.37013343700001,1.128806052947642,0.522727893659441,0.011180339887499386,0.0,0.0,False,0.0,0.0,0.6,MODEL_ONLY,DUPLICATE_OR_OLD,DUPLICATE_OR_OLD,62.240658794,62.240658794
62.420133437000004,1.2571275887837,0.5823762347027212,0.006180339887498972,0.0,0.0,False,0.0,0.6180339887498971,0.6,FUSED,ACCEPTED,ACCEPTED,62.304659692,62.304659692
62.470133437,1.2446707535955421,0.6449211932621987,0.011180339887498688,0.0,0.0,False,0.0,0.0,0.6,MODEL_ONLY,DUPLICATE_OR_OLD,DUPLICATE_OR_OLD,62.304659692,62.304659692
62.520133437000005,1.3308429960933867,0.7093090370044274,0.006180339887498974,0.0,0.0,False,0.0,0.6180339887498972,0.6,FUSED,ACCEPTED,ACCEPTED,62.396623764,62.396623764
62.570133437,1.315497974078247,0.7754675612587144,0.01118033988749869,0.0,0.0,False,0.0,0.0,0.6,MODEL_ONLY,DUPLICATE_OR_OLD,DUPLICATE_OR_OLD,62.396623764,62.396623764
62.62013343700001,1.4691060944431906,0.8450826629717564,0.006180339887498974,0.0,0.0,False,0.0,0.6180339887498973,0.6,FUSED,ACCEPTED,ACCEPTED,62.506595755,62.506595755
62.670133437000004,1.4515220591687465,0.9180983668120506,0.01118033988749869,0.0,0.0,False,0.0,0.0,0.6,MODEL_ONLY,DUPLICATE_OR_OLD,DUPLICATE_OR_OLD,62.506595755,62.506595755
62.720133437,1.601517478279036,0.9944243552482408,0.0061803398874988695,0.0,0.0,False,0.0,0.6180339887498869,0.6,FUSED,ACCEPTED,ACCEPTED,62.608564975,62.608564975
62.770133437000005,1.5817095352500985,1.074005030586476,0.011180339887499297,0.0,0.0,False,0.0,0.0,0.6,MODEL_ONLY,DUPLICATE_OR_OLD,DUPLICATE_OR_OLD,62.608564975,62.608564975
62.820133437,1.7258775306534604,1.1566947072340603,0.006180339887498959,0.0,0.0,False,0.0,0.6180339887498958,0.6,FUSED,ACCEPTED,ACCEPTED,62.706547913,62.706547913
62.87013343700001,1.70434556457952,1.242450284614892,0.011180339887499386,0.0,0.0,False,0.0,0.0,0.6,MODEL_ONLY,DUPLICATE_OR_OLD,DUPLICATE_OR_OLD,62.706547913,62.706547913
62.920133437000004,1.8456029701094325,1.3311989979821108,0.006180339887498972,0.0,0.0,False,0.0,0.6180339887498971,0.6,FUSED,ACCEPTED,ACCEPTED,62.798513532,62.798513532
62.970133437,1.8227345044107097,1.4229074348451092,0.011180339887498688,0.0,0.0,False,0.0,0.0,0.6,MODEL_ONLY,DUPLICATE_OR_OLD,DUPLICATE_OR_OLD,62.798513532,62.798513532
63.020133437000005,1.8495460454850332,1.5147144485925106,0.016180339887499114,0.0,0.0,False,0.0,0.0,0.6,MODEL_ONLY,RATE_ANOMALY,RATE_ANOMALY,62.908480732,62.908480732
63.070133437,1.8256414971670072,1.6065941371588064,0.02118033988749883,0.0,0.0,False,0.0,0.0,0.6,MODEL_ONLY,DUPLICATE_OR_OLD,DUPLICATE_OR_OLD,62.908480732,62.908480732
63.12013343700001,1.8013098245444978,1.6972679202016017,0.02618033988749926,0.0,0.0,False,0.0,0.0,0.6,MODEL_ONLY,ZERO_LOCK_SUSPECT,ZERO_LOCK_SUSPECT,63.00445694,63.00445694
63.170133437000004,1.7766020833989913,1.7867157179001838,0.031180339887498975,0.0,0.0,False,0.0,0.0,0.6,MODEL_ONLY,ZERO_LOCK_SUSPECT,ZERO_LOCK_SUSPECT,63.100427156,63.100427156
63.220133437,1.7515632266416115,1.874919850651194,0.0677492682425311,0.007771769350668955,0.15543538701338794,True,0.0315689283550324,0.0,0.6,MODEL_ONLY,DUPLICATE_OR_OLD,DUPLICATE_OR_OLD,63.100427156,63.100427156
63.270133437000005,1.7259823665517444,1.9618584904810352,0.07391503364513201,0.015543538701339014,0.15543538701338794,True,0.001165765402600498,0.0,0.6,MODEL_ONLY,DUPLICATE_OR_OLD,DUPLICATE_OR_OLD,63.100427156,63.100427156
63.320133437,1.6999242908846806,2.047506156916941,0.08085797598279897,0.023315308052007967,0.15543538701338794,True,0.0019429423376672386,0.0,0.6,MODEL_ONLY,ZERO_LOCK_SUSPECT,ZERO_LOCK_SUSPECT,63.214392933,63.214392933
63.37013343700001,1.6734460431132054,2.1318404152668955,0.08857809525553392,0.031087077402678027,0.15543538701338794,True,0.0027201192727345316,0.0,0.6,MODEL_ONLY,DUPLICATE_OR_OLD,DUPLICATE_OR_OLD,63.214392933,63.214392933
63.420133437000004,1.6465978481417636,2.214841512548265,0.09707539146333469,0.038858846753346984,0.15543538701338794,True,0.0034972962078010515,0.0,0.6,MODEL_ONLY,ZERO_LOCK_SUSPECT,ZERO_LOCK_SUSPECT,63.306375016,63.306375016
63.470133437,1.6194239273704911,2.2964920569360667,0.1063498646062023,0.04663061610401594,0.15543538701338794,True,0.004274473142867903,0.0,0.6,MODEL_ONLY,DUPLICATE_OR_OLD,DUPLICATE_OR_OLD,63.306375016,63.306375016
63.520133437000005,1.5919632163369544,2.3767767355287597,0.11640151468413824,0.054402385454686,0.15543538701338794,True,0.005051650077935527,0.0,0.6,MODEL_ONLY,ZERO_LOCK_SUSPECT,ZERO_LOCK_SUSPECT,63.400360626,63.400360626
63.570133437,1.564249996582598,2.455682065851744,0.12723034169713968,0.06217415480535496,0.15543538701338794,True,0.005828827013001717,0.0,0.6,MODEL_ONLY,DUPLICATE_OR_OLD,DUPLICATE_OR_OLD,63.400360626,63.400360626
63.62013343700001,1.5363144519993026,2.5331961770662983,0.13883634564520966,0.06994592415602502,0.15543538701338794,True,0.006606003948069562,0.0,0.6,MODEL_ONLY,ZERO_LOCK_SUSPECT,ZERO_LOCK_SUSPECT,63.502305454,63.502305454
63.670133437000004,1.508183158686543,2.60930861733344,0.15121952652834492,0.07771769350669397,0.15543538701338794,True,0.00738318088313553,0.0,0.6,MODEL_ONLY,DUPLICATE_OR_OLD,DUPLICATE_OR_OLD,63.502305454,63.502305454
63.720133437,1.4798795162710918,2.6840101842073767,0.16437988434654702,0.08548946285736292,0.15543538701338794,True,0.008160357818202381,0.0,0.6,MODEL_ONLY,ZERO_LOCK_SUSPECT,ZERO_LOCK_SUSPECT,63.600286265,63.600286265
63.770133437000005,1.4514241276923754,2.7572927753064698,0.178317419099818,0.09326123220803298,0.15543538701338794,True,0.008937534753270557,0.0,0.6,MODEL_ONLY,DUPLICATE_OR_OLD,DUPLICATE_OR_OLD,63.600286265,63.600286265
63.820133437,1.4228351336213554,2.829149256839309,0.1930321307881539,0.10103300155870193,0.15543538701338794,True,0.009714711688336193,0.0,0.6,MODEL_ONLY,ZERO_LOCK_SUSPECT,ZERO_LOCK_SUSPECT,63.712247307,63.712247307
63.87013343700001,1.394128506946212,2.8995733478535044,0.2085240194115589,0.10880477090937199,0.15543538701338794,True,0.010491888623404591,0.0,0.6,MODEL_ONLY,DUPLICATE_OR_OLD,DUPLICATE_OR_OLD,63.712247307,63.712247307
63.920133437000004,1.3653183121123849,2.9685595183299656,0.22479308497002864,0.11657654026004094,0.15543538701338794,True,0.011269065558470006,0.0,0.6,MODEL_ONLY,ZERO_LOCK_SUSPECT,ZERO_LOCK_SUSPECT,63.800225045,63.800225045
63.970133437,1.336416933536888,3.0361028994711936,0.24183932746356523,0.12434830961070989,0.15543538701338794,True,0.012046242493536858,0.0,0.6,MODEL_ONLY,DUPLICATE_OR_OLD,DUPLICATE_OR_OLD,63.800225045,63.800225045
64.020133437,1.3074352768191029,3.1021992047300895,0.25966274689216867,0.13212007896137884,0.15543538701338794,True,0.012823419428603707,0.0,0.6,MODEL_ONLY,ZERO_LOCK_SUSPECT,ZERO_LOCK_SUSPECT,63.910208978,63.910208978
64.07013343700001,1.2783829460339022,3.1668446603014293,0.27826334325584434,0.13989184831205,0.15543538701338794,True,0.013600596363674534,0.0,0.6,MODEL_ONLY,ZERO_LOCK_SUSPECT,ZERO_LOCK_SUSPECT,64.008170143,64.008170143
64.120133437,1.2492684000120662,3.2300359439525748,0.2976411165545817,0.14766361766271896,0.15543538701338794,True,0.014377773298737632,0.0,0.6,MODEL_ONLY,DUPLICATE_OR_OLD,DUPLICATE_OR_OLD,64.008170143,64.008170143
64.170133437,1.2200990901812971,3.2917701312074055,0.3177960667883859,0.1554353870133879,0.15543538701338794,True,0.015154950233804483,0.0,0.6,MODEL_ONLY,DUPLICATE_OR_OLD,DUPLICATE_OR_OLD,64.008170143,64.008170143
64.220133437,1.1908815822550227,3.35204464801831,0.33872819395725695,0.16320715636405686,0.15543538701338794,True,0.015932127168871334,0.0,0.6,MODEL_ONLY,ZERO_LOCK_SUSPECT,ZERO_LOCK_SUSPECT,64.106150032,64.106150032
64.270133437,1.1616216638110017,3.4108572291699573,0.36043749806119485,0.1709789257147258,0.15543538701338794,True,0.016709304103938186,0.0,0.6,MODEL_ONLY,DUPLICATE_OR_OLD,DUPLICATE_OR_OLD,64.106150032,64.106150032
64.32013343700001,1.13232443959609,3.4682058817551478,0.3829239791002061,0.17875069506539698,0.15543538701338794,True,0.017486481039010116,0.0,0.6,MODEL_ONLY,ZERO_LOCK_SUSPECT,ZERO_LOCK_SUSPECT,64.206117639,64.206117639
64.370133437,1.102994416225459,3.5240888531506833,0.4061876370742779,0.18652246441606593,0.15543538701338794,True,0.01826365797407211,0.0,0.6,MODEL_ONLY,DUPLICATE_OR_OLD,DUPLICATE_OR_OLD,64.206117639,64.206117639
64.420133437,1.0736355778140902,3.578504603001669,0.43022847198341657,0.19429423376673488,0.15543538701338794,True,0.01904083490913896,0.0,0.6,MODEL_ONLY,ZERO_LOCK_SUSPECT,ZERO_LOCK_SUSPECT,64.30209761,64.30209761
64.470133437,1.0442514539876748,3.6314517787967104,0.4550464838276221,0.20206600311740383,0.15543538701338794,True,0.01981801184420581,0.0,0.6,MODEL_ONLY,DUPLICATE_OR_OLD,DUPLICATE_OR_OLD,64.30209761,64.30209761
64.520133437,1.0148451816715112,3.682929194688187,0.48064167260689444,0.20983777246807278,0.15543538701338794,True,0.02059518877927266,0.0,0.6,MODEL_ONLY,ZERO_LOCK_SUSPECT,ZERO_LOCK_SUSPECT,64.410074827,64.410074827
64.57013343700001,0.9854195620564824,3.732935813281398,0.5070140383212413,0.21760954181874395,0.15543538701338794,True,0.021372365714345695,0.0,0.6,MODEL_ONLY,DUPLICATE_OR_OLD,DUPLICATE_OR_OLD,64.410074827,64.410074827
64.620133437,0.9559771141988953,3.7814707301877797,0.5341635809706475,0.2253813111694129,0.15543538701338794,True,0.022149542649406585,0.0,0.6,MODEL_ONLY,ZERO_LOCK_SUSPECT,ZERO_LOCK_SUSPECT,64.510038925,64.510038925
64.670133437,0.9265201268386092,3.8285331612137146,0.5620903005551207,0.23315308052008185,0.15543538701338794,True,0.022926719584473437,0.0,0.6,MODEL_ONLY,DUPLICATE_OR_OLD,DUPLICATE_OR_OLD,64.510038925,64.510038925
64.720133437,0.8970507102359199,3.874122432140575,0.5907941970746606,0.2409248498707508,0.15543538701338794,True,0.023703896519540288,0.0,0.6,MODEL_ONLY,ZERO_LOCK_SUSPECT,ZERO_LOCK_SUSPECT,64.60800434,64.60800434
64.770133437,0.8675708501555083,3.9182379711503583,0.6202752705292675,0.24869661922141975,0.15543538701338794,True,0.02448107345460714,0.0,0.6,MODEL_ONLY,ZERO_LOCK_SUSPECT,ZERO_LOCK_SUSPECT,64.703983535,64.703983535
64.82013343700001,0.8380824665995876,3.9608793040692456,0.6505335209189499,0.2564683885720909,0.15543538701338794,True,0.025258250389681276,0.0,0.6,MODEL_ONLY,DUPLICATE_OR_OLD,DUPLICATE_OR_OLD,64.703983535,64.703983535
64.870133437,0.8085874805559896,4.002046052748133,0.6815689482436906,0.2642401579227599,0.15543538701338794,True,0.02603542732474106,0.0,0.6,MODEL_ONLY,DUPLICATE_OR_OLD,DUPLICATE_OR_OLD,64.703983535,64.703983535
64.920133437,0.779087892939274,4.041737937085513,0.7133815525034982,0.2720119272734289,0.15543538701338794,True,0.026812604259807915,0.0,0.6,MODEL_ONLY,ZERO_LOCK_SUSPECT,ZERO_LOCK_SUSPECT,64.809947741,64.809947741
64.970133437,0.7495858811421536,4.0799547814375465,0.7459713336983727,0.27978369662409786,0.15543538701338794,True,0.02758978119487477,0.0,0.6,MODEL_ONLY,DUPLICATE_OR_OLD,DUPLICATE_OR_OLD,64.809947741,64.809947741
65.020133437,0.7200839202801217,4.116696526473102,0.7793382918283139,0.28755546597476683,0.15543538701338794,True,0.02836695812994162,0.0,0.6,MODEL_ONLY,ZERO_LOCK_SUSPECT,ZERO_LOCK_SUSPECT,64.897936871,64.897936871
65.07013343700001,0.6905849384336317,4.151963247940953,0.813482426893332,0.295327235325438,0.15543538701338794,True,0.02914413506501687,0.0,0.6,MODEL_ONLY,DUPLICATE_OR_OLD,DUPLICATE_OR_OLD,64.897936871,64.897936871
65.120133437,0.6610925181291097,4.18575518435502,0.8484037388934071,0.30309900467610695,0.15543538701338794,True,0.029921312000075546,0.0,0.6,MODEL_ONLY,ZERO_LOCK_SUSPECT,ZERO_LOCK_SUSPECT,65.007901394,65.007901394
65.170133437,0.6316111601455364,4.2180727763118835,0.8841022278285492,0.31087077402677593,0.15543538701338794,True,0.0306984889351424,0.0,0.6,MODEL_ONLY,DUPLICATE_OR_OLD,DUPLICATE_OR_OLD,65.007901394,65.007901394
65.220133437,0.6021466307076355,4.248916721083211,0.9205778936987581,0.3186425433774449,0.15543538701338794,True,0.03147566587020925,0.0,0.6,MODEL_ONLY,ZERO_LOCK_SUSPECT,ZERO_LOCK_SUSPECT,65.123862595,65.123862595
65.270133437,0.5727064194538897,4.278288047337248,0.9578307365040338,0.3264143127281139,0.15543538701338794,True,0.032252842805276107,0.0,0.6,MODEL_ONLY,DUPLICATE_OR_OLD,DUPLICATE_OR_OLD,65.123862595,65.123862595
65.32013343700001,0.5433003434286605,4.306188216409318,0.9958607562443874,0.33418608207878503,0.15543538701338794,True,0.033030019740352454,0.0,0.6,MODEL_ONLY,ZERO_LOCK_SUSPECT,ZERO_LOCK_SUSPECT,65.211834746,65.211834746
65.370133437,0.5139413417728147,4.332619258539353,1.034667952919797,0.341957851429454,0.15543538701338794,True,0.033807196675410024,0.0,0.6,MODEL_ONLY,DUPLICATE_OR_OLD,DUPLICATE_OR_OLD,65.211834746,65.211834746
65.420133437,0.48464651646117796,4.357583954995201,1.0742523265302737,0.349729620780123,0.15543538701338794,True,0.03458437361047688,0.0,0.6,MODEL_ONLY,ZERO_LOCK_SUSPECT,ZERO_LOCK_SUSPECT,65.297871425,65.297871425
65.470133437,0.45543848534776027,4.381086080040423,1.1146138770758172,0.35750139013079196,0.15543538701338794,True,0.035361550545543734,0.0,0.6,MODEL_ONLY,DUPLICATE_OR_OLD,DUPLICATE_OR_OLD,65.297871425,65.297871425
65.520133437,0.4263471226422306,4.4031307202401715,1.1557526045564275,0.36527315948146094,0.15543538701338794,True,0.03613872748061059,0.0,0.6,MODEL_ONLY,ZERO_LOCK_SUSPECT,ZERO_LOCK_SUSPECT,65.413778422,65.413778422
65.57013343700001,0.39741176429449804,4.423724692413594,1.1976685089721169,0.3730449288321321,0.15543538701338794,True,0.036915904415688046,0.0,0.6,MODEL_ONLY,DUPLICATE_OR_OLD,DUPLICATE_OR_OLD,65.413778422,65.413778422
65.620133437,0.36868394374703456,4.442877085114631,1.240361590322861,0.38081669818280106,0.15543538701338794,True,0.03769308135074451,0.0,0.6,MODEL_ONLY,ZERO_LOCK_SUSPECT,ZERO_LOCK_SUSPECT,65.507754169,65.507754169
65.670133437,0.3402306845118019,4.460599950821101,1.2838318486086722,0.38858846753347004,0.15543538701338794,True,0.03847025828581137,0.0,0.6,MODEL_ONLY,DUPLICATE_OR_OLD,DUPLICATE_OR_OLD,65.507754169,65.507754169
65.720133437,0.31213829196014914,4.476909175232899,1.32807928382955,0.396360236884139,0.15543538701338794,True,0.039247435220878216,0.0,0.6,MODEL_ONLY,ZERO_LOCK_SUSPECT,ZERO_LOCK_SUSPECT,65.607745219,65.607745219
65.770133437,0.2845164358057609,4.491825543427046,1.3731038959854949,0.404132006234808,0.15543538701338794,True,0.04002461215594507,0.0,0.6,MODEL_ONLY,DUPLICATE_OR_OLD,DUPLICATE_OR_OLD,65.607745219,65.607745219
65.82013343700001,0.2575020791643135,4.505376006301301,1.4189056850765198,0.41190377558547914,0.15543538701338794,True,0.04080178909102363,0.0,0.6,MODEL_ONLY,ZERO_LOCK_SUSPECT,ZERO_LOCK_SUSPECT,65.705712255,65.705712255
65.870133437,0.23126249354901404,4.517595120619133,1.4654846511025985,0.4196755449361481,0.15543538701338794,True,0.041578966026078995,0.0,0.6,MODEL_ONLY,DUPLICATE_OR_OLD,DUPLICATE_OR_OLD,65.705712255,65.705712255
65.920133437,0.20599625610837893,4.528526589360568,1.512840794063744,0.4274473142868171,0.15543538701338794,True,0.04235614296114585,0.0,0.6,MODEL_ONLY,RATE_ANOMALY,RATE_ANOMALY,65.803666344,65.803666344
65.970133437,0.18193089061496007,4.538224768028651,1.5609741139599564,0.43521908363748607,0.15543538701338794,True,0.043133319896212705,0.0,0.6,MODEL_ONLY,DUPLICATE_OR_OLD,DUPLICATE_OR_OLD,65.803666344,65.803666344
66.020133437,0.1593159001222697,4.546755937797081,1.6098846107912357,0.44299085298815505,0.15543538701338794,True,0.04391049683127956,0.0,0.6,MODEL_ONLY,MODEL_DISAGREEMENT,MODEL_DISAGREEMENT,65.905640343,65.905640343
66.07013343700001,0.13841055614982337,4.554199099203885,1.6595722845575962,0.4507626223388262,0.15543538701338794,True,0.04468767376635922,0.0,0.6,MODEL_ONLY,DUPLICATE_OR_OLD,DUPLICATE_OR_OLD,65.905640343,65.905640343
66.120133437,0.11946698898245879,4.560646037832192,1.7100371352590094,0.45853439168949517,0.15543538701338794,True,0.045464850701413484,0.0,0.6,MODEL_ONLY,MODEL_DISAGREEMENT,MODEL_DISAGREEMENT,66.007614,66.007614
66.170133437,0.10271055629334541,4.566200476464086,1.7612791628954894,0.46630616104016415,0.15543538701338794,True,0.04624202763648033,0.0,0.6,MODEL_ONLY,DUPLICATE_OR_OLD,DUPLICATE_OR_OLD,66.007614,66.007614
66.220133437,0.08832054363358124,4.570976253962259,1.8132983674670362,0.4740779303908331,0.15543538701338794,True,0.047019204571547187,0.0,0.6,MODEL_ONLY,MODEL_DISAGREEMENT,MODEL_DISAGREEMENT,66.105583495,66.105583495
66.270133437,0.0764144057627853,4.575094627697168,1.86609474897365,0.4818496997415021,0.15543538701338794,True,0.04779638150661404,0.0,0.6,MODEL_ONLY,DUPLICATE_OR_OLD,DUPLICATE_OR_OLD,66.105583495,66.105583495
66.32013343700001,0.06703788711017183,4.578680935018992,1.919668307415346,0.48962146909217324,0.15543538701338794,True,0.048573558441694815,0.0,0.6,MODEL_ONLY,MODEL_DISAGREEMENT,MODEL_DISAGREEMENT,66.203563303,66.203563303
66.370133437,0.06016190670223186,4.581860929864302,1.9740190427920936,0.4973932384428422,0.15543538701338794,True,0.049350735376747966,0.0,0.6,MODEL_ONLY,DUPLICATE_OR_OLD,DUPLICATE_OR_OLD,66.203563303,66.203563303
66.420133437,0.05568571584047421,4.584757120427869,2.0291469551039083,0.5051650077935111,0.15543538701338794,True,0.05012791231181482,0.0,0.6,MODEL_ONLY,MODEL_DISAGREEMENT,MODEL_DISAGREEMENT,66.30953461,66.30953461
66.470133437,0.053444980221902826,4.587485387829428,2.08505204435079,0.5129367771441801,0.15543538701338794,True,0.05090508924688167,0.0,0.6,MODEL_ONLY,DUPLICATE_OR_OLD,DUPLICATE_OR_OLD,66.30953461,66.30953461
66.520133437,0.05322316766001987,4.590152091526476,2.141734310532738,0.520708546494849,0.15543538701338794,True,0.051682266181948516,0.0,0.6,MODEL_ONLY,MODEL_DISAGREEMENT,MODEL_DISAGREEMENT,66.411496982,66.411496982
66.57013343700001,0.054764747409842635,4.592851789403223,2.19919375364977,0.5284803158455201,0.15543538701338794,True,0.05245944311703039,0.0,0.6,MODEL_ONLY,DUPLICATE_OR_OLD,DUPLICATE_OR_OLD,66.411496982,66.411496982
66.620133437,0.05778898740720869,4.59566563277365,2.2574303737018524,0.536252085196189,0.15543538701338794,True,0.053236620052082434,0.0,0.6,MODEL_ONLY,MODEL_DISAGREEMENT,MODEL_DISAGREEMENT,66.507471677,66.507471677
66.670133437,0.06200341138241014,4.59866044274339,2.3164441706890018,0.544023854546858,0.15543538701338794,True,0.05401379698714928,0.0,0.6,MODEL_ONLY,DUPLICATE_OR_OLD,DUPLICATE_OR_OLD,66.507471677,66.507471677
66.720133437,0.06711619311487844,4.601888432855822,2.376235144611218,0.5517956238975269,0.15543538701338794,True,0.05479097392221613,0.0,0.6,MODEL_ONLY,MODEL_DISAGREEMENT,MODEL_DISAGREEMENT,66.611439075,66.611439075
66.770133437,0.07284693423911416,4.605387511039671,2.436803295468501,0.5595673932481958,0.15543538701338794,True,0.05556815085728298,0.0,0.6,MODEL_ONLY,DUPLICATE_OR_OLD,DUPLICATE_OR_OLD,66.611439075,66.611439075
66.82013343700001,0.2228937885578806,4.612781029109598,2.4981486232608683,0.567339162598867,0.15543538701338794,True,0.05634532779236595,0.0,0.6,REACQUIRING,REACQUIRE_ACCEPTED,REACQUIRE_ACCEPTED,66.707411313,66.707411313
66.870133437,0.2250532090477551,4.623979704049739,2.560271127988285,0.5751109319495359,0.15543538701338794,True,0.057122504727416895,0.0,0.6,MODEL_ONLY,DUPLICATE_OR_OLD,DUPLICATE_OR_OLD,66.707411313,66.707411313
66.920133437,0.3747681901429104,4.638975239029505,2.6231708096507687,0.5828827013002048,0.15543538701338794,True,0.05789968166248374,0.0,0.6,REACQUIRING,REACQUIRE_ACCEPTED,REACQUIRE_ACCEPTED,66.811393464,66.811393464
66.970133437,0.3709777866060795,4.657618888448229,2.686847668248319,0.5906544706508737,0.15543538701338794,True,0.05867685859755059,0.0,0.6,MODEL_ONLY,DUPLICATE_OR_OLD,DUPLICATE_OR_OLD,66.811393464,66.811393464
67.020133437,0.49040387386294,4.679153429959953,2.7513017037809364,0.5984262400015427,0.15543538701338794,True,0.05945403553261744,0.0,0.6,REACQUIRING,REACQUIRE_ACCEPTED,REACQUIRE_ACCEPTED,66.895362832,66.895362832
67.07013343700001,0.48115001722939926,4.703442277237268,2.816532916248639,0.6061980093522138,0.15543538701338794,True,0.060231212467701516,0.0,0.6,MODEL_ONLY,DUPLICATE_OR_OLD,DUPLICATE_OR_OLD,66.895362832,66.895362832
67.120133437,0.6195855075781463,4.730960665357455,2.8825413056513907,0.6139697787028827,0.15543538701338794,True,0.061008389402751356,0.0,0.6,REACQUIRING,REACQUIRE_ACCEPTED,REACQUIRE_ACCEPTED,66.999353438,66.999353438
67.170133437,0.6058695543756651,4.761597041906298,2.949326871989209,0.6217415480535516,0.15543538701338794,True,0.061785566337818204,0.0,0.6,MODEL_ONLY,DUPLICATE_OR_OLD,DUPLICATE_OR_OLD,66.999353438,66.999353438
67.220133437,0.737241430155712,4.79517481651958,3.016889615262094,0.6295133174042206,0.15543538701338794,True,0.06256274327288505,0.0,0.6,REACQUIRING,REACQUIRE_ACCEPTED,REACQUIRE_ACCEPTED,67.097319249,67.097319249
67.270133437,0.7199926612746376,4.831605668805337,3.085229535470046,0.6372850867548895,0.15543538701338794,True,0.0633399202079519,0.0,0.6,MODEL_ONLY,DUPLICATE_OR_OLD,DUPLICATE_OR_OLD,67.097319249,67.097319249
67.32013343700001,0.8512818800262895,4.8708875323378695,3.1543466326130845,0.6450568561055606,0.15543538701338794,True,0.06411709714303708,0.0,0.6,REACQUIRING,REACQUIRE_ACCEPTED,REACQUIRE_ACCEPTED,67.217290047,67.217290047
67.370133437,0.8312730292722736,4.912951405070332,3.22424090669117,0.6528286254562295,0.15543538701338794,True,0.06489427407808582,0.0,0.6,MODEL_ONLY,DUPLICATE_OR_OLD,DUPLICATE_OR_OLD,67.217290047,67.217290047
67.420133437,0.9300777820895262,4.956985175354374,3.2949123577043227,0.6606003948068985,0.15543538701338794,True,0.06567145101315267,0.0,0.6,REACQUIRING,REACQUIRE_ACCEPTED,REACQUIRE_ACCEPTED,67.297258823,67.297258823
67.470133437,0.9079229206826026,5.002935192923674,3.366360985652542,0.6683721641575674,0.15543538701338794,True,0.06644862794821951,0.0,0.6,MODEL_ONLY,DUPLICATE_OR_OLD,DUPLICATE_OR_OLD,67.297258823,67.297258823
67.520133437,1.0348421152638416,5.0515043188223325,3.4385867905358283,0.6761439335082363,0.15543538701338794,True,0.06722580488328636,0.0,0.6,REACQUIRING,REACQUIRE_ACCEPTED,REACQUIRE_ACCEPTED,67.397231534,67.397231534
67.57013343700001,1.0110213730219806,5.102650906029489,3.511589772354202,0.6839157028589075,0.15543538701338794,True,0.06800298181837265,0.0,0.6,MODEL_ONLY,DUPLICATE_OR_OLD,DUPLICATE_OR_OLD,67.397231534,67.397231534
67.620133437,1.1365136401065656,5.1563392813577,3.5853699311076226,0.6916874722095764,0.15543538701338794,True,0.06878015875342028,0.0,0.6,REACQUIRING,REACQUIRE_ACCEPTED,REACQUIRE_ACCEPTED,67.499201195,67.499201195
67.670133437,1.1114004476953063,5.212537133552743,3.65992726679611,0.6994592415602453,0.15543538701338794,True,0.06955733568848713,0.0,0.6,MODEL_ONLY,DUPLICATE_OR_OLD,DUPLICATE_OR_OLD,67.499201195,67.499201195
67.720133437,1.2357543646434912,5.27121600386121,3.735261779419664,0.7072310109109142,0.15543538701338794,True,0.07033451262355397,0.0,0.6,REACQUIRING,REACQUIRE_ACCEPTED,REACQUIRE_ACCEPTED,67.603178201,67.603178201
67.770133437,1.2096388742868065,5.332350834834464,3.8113734689782848,0.7150027802615831,0.15543538701338794,True,0.07111168955862082,0.0,0.6,MODEL_ONLY,DUPLICATE_OR_OLD,DUPLICATE_OR_OLD,67.603178201,67.603178201
67.82013343700001,1.3210590950436323,5.395618284067739,3.8882623354719943,0.7227745496122543,0.15543538701338794,True,0.07188886649370822,0.0,0.6,REACQUIRING,REACQUIRE_ACCEPTED,REACQUIRE_ACCEPTED,67.695144158,67.695144158
67.870133437,1.2941664736119374,5.460998923284125,3.965928378900749,0.7305463189629232,0.15543538701338794,True,0.07266604342875474,0.0,0.6,MODEL_ONLY,DUPLICATE_OR_OLD,DUPLICATE_OR_OLD,67.695144158,67.695144158
67.920133437,1.416953472479999,5.528776921936419,4.04437159926457,0.7383180883135921,0.15543538701338794,True,0.07344322036382159,0.0,0.6,REACQUIRING,REACQUIRE_ACCEPTED,REACQUIRE_ACCEPTED,67.809115762,67.809115762
67.970133437,1.3894583532859175,5.598937217580564,4.123591996563459,0.7460898576642611,0.15543538701338794,True,0.07422039729888844,0.0,0.6,MODEL_ONLY,DUPLICATE_OR_OLD,DUPLICATE_OR_OLD,67.809115762,67.809115762
68.020133437,1.4996677716138762,5.671165370703054,4.203589570797414,0.75386162701493,0.15543538701338794,True,0.07499757423395528,0.0,0.6,REACQUIRING,REACQUIRE_ACCEPTED,REACQUIRE_ACCEPTED,67.901084376,67.901084376
68.07013343700001,1.471705563003212,5.745449704068498,4.284364321966458,0.7616333963656011,0.15543538701338794,True,0.07577475116904378,0.0,0.6,MODEL_ONLY,DUPLICATE_OR_OLD,DUPLICATE_OR_OLD,67.901084376,67.901084376
68.120133437,1.5935507958803918,5.822081113040584,4.365916250070547,0.76940516571627,0.15543538701338794,True,0.0765519281040892,0.0,0.6,REACQUIRING,REACQUIRE_ACCEPTED,REACQUIRE_ACCEPTED,68.00306748,68.00306748
68.170133437,1.5652264816275114,5.901050544978277,4.4482453551097025,0.777176935066939,0.15543538701338794,True,0.07732910503915605,0.0,0.6,MODEL_ONLY,DUPLICATE_OR_OLD,DUPLICATE_OR_OLD,68.00306748,68.00306748
68.220133437,1.686695186890043,5.982348586691211,4.531351637083925,0.7849487044176079,0.15543538701338794,True,0.0781062819742229,0.0,0.6,REACQUIRING,REACQUIRE_ACCEPTED,REACQUIRE_ACCEPTED,68.103029012,68.103029012
68.270133437,1.6580901571804687,6.0659682202929694,4.6152350959932145,0.7927204737682768,0.15543538701338794,True,0.07888345890928974,0.0,0.6,MODEL_ONLY,DUPLICATE_OR_OLD,DUPLICATE_OR_OLD,68.103029012,68.103029012
68.32013343700001,4.555584452873097,6.221310085544344,0.09754050168069643,0.016613222811817544,0.15543538701338794,True,0.07966063584437935,0.9792462413538354,0.6,FUSED,ACCEPTED,ACCEPTED,68.223001948,68.223001948
68.370133437,4.526761804903597,6.448368741988748,0.10459041242941124,0.024384992162486498,0.15543538701338794,True,0.002049910748715086,0.0,0.6,MODEL_ONLY,DUPLICATE_OR_OLD,DUPLICATE_OR_OLD,68.223001948,68.223001948
68.420133437,4.591916938042664,6.676335710562392,0.009183123328710886,0.002626810830430439,0.15543538701338794,False,0.0028270876837819367,0.9183123328710884,0.6,FUSED,ACCEPTED,ACCEPTED,68.294979335,68.294979335
68.470133437,4.56292558727195,6.9052067736952445,0.014183123328710603,0.002626810830430439,0.15543538701338794,False,0.0,0.0,0.6,MODEL_ONLY,DUPLICATE_OR_OLD,DUPLICATE_OR_OLD,68.294979335,68.294979335
68.520133437,4.567465859306999,7.133466559859706,0.0065733619779614165,0.002626810830430439,0.15543538701338794,False,0.0,0.6573361977961415,0.6,FUSED,ACCEPTED,ACCEPTED,68.400957886,68.400957886
68.57013343700001,4.538343726587528,7.36111179950712,0.011573361977962554,0.002626810830430439,0.15543538701338794,False,0.0,0.0,0.6,MODEL_ONLY,DUPLICATE_OR_OLD,DUPLICATE_OR_OLD,68.400957886,68.400957886
68.620133437,4.561438710569342,7.588606360436029,0.006236832957646396,0.002626810830430439,0.15543538701338794,False,0.0,0.6236832957646395,0.6,FUSED,ACCEPTED,ACCEPTED,68.500919543,68.500919543
68.670133437,4.53221519294106,7.815947708023776,0.011236832957646112,0.002626810830430439,0.15543538701338794,False,0.0,0.0,0.6,MODEL_ONLY,DUPLICATE_OR_OLD,DUPLICATE_OR_OLD,68.500919543,68.500919543
68.720133437,4.5178551996959815,8.042199467839689,0.006188564368213566,0.002626810830430439,0.15543538701338794,False,0.0,0.6188564368213564,0.6,FUSED,ACCEPTED,ACCEPTED,68.610894591,68.610894591
68.770133437,4.4885530863606125,8.267359674991091,0.011188564368213283,0.002626810830430439,0.15543538701338794,False,0.0,0.0,0.6,MODEL_ONLY,DUPLICATE_OR_OLD,DUPLICATE_OR_OLD,68.610894591,68.610894591
68.82013343700001,4.4977250245597755,8.492016627764153,0.0061815394462259275,0.002626810830430439,0.15543538701338794,False,0.0,0.6181539446225925,0.6,FUSED,ACCEPTED,ACCEPTED,68.702863932,68.702863932
68.870133437,4.46836198218433,8.716168802932742,0.011181539446225644,0.002626810830430439,0.15543538701338794,False,0.0,0.0,0.6,MODEL_ONLY,DUPLICATE_OR_OLD,DUPLICATE_OR_OLD,68.702863932,68.702863932
68.920133437,4.497313097407432,8.940310679922524,0.006180514892739924,0.002626810830430439,0.15543538701338794,False,0.0,0.6180514892739923,0.6,FUSED,ACCEPTED,ACCEPTED,68.802834868,68.802834868
68.970133437,4.4679028215626,9.164441077896763,0.011180514892739642,0.002626810830430439,0.15543538701338794,False,0.0,0.0,0.6,MODEL_ONLY,DUPLICATE_OR_OLD,DUPLICATE_OR_OLD,68.802834868,68.802834868
69.020133437,4.519154848741471,9.38911751965435,0.006180365420248745,0.002626810830430439,0.15543538701338794,False,0.0,0.6180365420248743,0.6,FUSED,ACCEPTED,ACCEPTED,68.89681753,68.89681753
69.07013343700001,4.489707956520803,9.61433908978596,0.011180365420249881,0.002626810830430439,0.15543538701338794,False,0.0,0.0,0.6,MODEL_ONLY,DUPLICATE_OR_OLD,DUPLICATE_OR_OLD,68.89681753,68.89681753
69.120133437,4.541220912870368,9.840112311520725,0.006180343612673432,0.002626810830430439,0.15543538701338794,False,0.0,0.6180343612673431,0.6,FUSED,ACCEPTED,ACCEPTED,69.000793357,69.000793357
69.170133437,4.5117456348674185,10.066436475214157,0.011180343612673149,0.002626810830430439,0.15543538701338794,False,0.0,0.0,0.6,MODEL_ONLY,DUPLICATE_OR_OLD,DUPLICATE_OR_OLD,69.000793357,69.000793357
69.220133437,4.50769387653123,10.29192246299911,0.006180340430994422,0.002626810830430439,0.15543538701338794,False,0.0,0.618034043099442,0.5839826505300576,FUSED,ACCEPTED,ACCEPTED,69.098750838,69.098750838
69.270133437,4.477395725801179,10.516549703057407,0.011180340430994138,0.002626810830430439,0.15543538701338794,False,0.0,0.0,0.5839826505300576,MODEL_ONLY,DUPLICATE_OR_OLD,DUPLICATE_OR_OLD,69.098750838,69.098750838
69.32013343700001,4.500551492576492,10.740998383516901,0.006180339966793994,0.002626810830430439,0.15543538701338794,False,0.0,0.6180339966793991,0.6,FUSED,ACCEPTED,ACCEPTED,69.206738608,69.206738608
69.370133437,4.471037150385952,10.96528809959095,0.01118033996679371,0.002626810830430439,0.15543538701338794,False,0.0,0.0,0.6,MODEL_ONLY,DUPLICATE_OR_OLD,DUPLICATE_OR_OLD,69.206738608,69.206738608
69.420133437,4.495430726569965,11.189449796514834,0.0061803398990678575,0.002626810830430439,0.15543538701338794,False,0.0,0.6180339899067856,0.6,FUSED,ACCEPTED,ACCEPTED,69.296710529,69.296710529
69.470133437,4.465903159936118,11.413483143677475,0.011180339899067575,0.002626810830430439,0.15543538701338794,False,0.0,0.0,0.6,MODEL_ONLY,DUPLICATE_OR_OLD,DUPLICATE_OR_OLD,69.296710529,69.296710529
69.520133437,4.500028258641753,11.637631429141909,0.0061803398891867485,0.002626810830430439,0.15543538701338794,False,0.0,0.6180339889186746,0.6,FUSED,ACCEPTED,ACCEPTED,69.396677075,69.396677075
69.57013343700001,4.470490440142165,11.861894396611557,0.011180339889187886,0.002626810830430439,0.15543538701338794,False,0.0,0.0,0.6,MODEL_ONLY,DUPLICATE_OR_OLD,DUPLICATE_OR_OLD,69.396677075,69.396677075
69.620133437,4.5048724078971585,12.086278467812527,0.00618033988774532,0.002626810830430439,0.15543538701338794,False,0.0,0.6180339887745319,0.6,FUSED,ACCEPTED,ACCEPTED,69.500656952,69.500656952
69.670133437,4.4753266419363085,12.310783444058352,0.011180339887745036,0.002626810830430439,0.15543538701338794,False,0.0,0.0,0.6,MODEL_ONLY,DUPLICATE_OR_OLD,DUPLICATE_OR_OLD,69.500656952,69.500656952
69.720133437,4.4872773220167215,12.534848543157166,0.006180339887534811,0.002626810830430439,0.15543538701338794,False,0.0,0.6180339887534811,0.6,FUSED,ACCEPTED,ACCEPTED,69.602619417,69.602619417
69.770133437,4.457725395017258,12.758473611083001,0.011180339887534528,0.002626810830430439,0.15543538701338794,False,0.0,0.0,0.6,MODEL_ONLY,DUPLICATE_OR_OLD,DUPLICATE_OR_OLD,69.602619417,69.602619417
69.82013343700001,4.508525580369666,12.982629885467727,0.006180339887504306,0.002626810830430439,0.15543538701338794,False,0.0,0.6180339887504305,0.6,FUSED,ACCEPTED,ACCEPTED,69.702589468,69.702589468
69.870133437,4.478968877203889,13.207317246907053,0.011180339887504023,0.002626810830430439,0.15543538701338794,False,0.0,0.0,0.6,MODEL_ONLY,DUPLICATE_OR_OLD,DUPLICATE_OR_OLD,69.702589468,69.702589468
69.920133437,4.530098680261864,13.432543935843684,0.006180339887499648,0.002626810830430439,0.15543538701338794,False,0.0,0.6180339887499646,0.6,FUSED,ACCEPTED,ACCEPTED,69.796571312,69.796571312
69.970133437,4.500538274511817,13.658309859713015,0.011180339887499365,0.002626810830430439,0.15543538701338794,False,0.0,0.0,0.6,MODEL_ONLY,DUPLICATE_OR_OLD,DUPLICATE_OR_OLD,69.796571312,69.796571312
70.020133437,4.568378416675134,13.885032776992674,0.006180339887498968,0.002626810830430439,0.15543538701338794,False,0.0,0.6180339887498968,0.6,FUSED,ACCEPTED,ACCEPTED,69.896536098,69.896536098
70.07013343700001,4.538815140604119,14.112712615924707,0.011180339887500106,0.002626810830430439,0.15543538701338794,False,0.0,0.0,0.6,MODEL_ONLY,DUPLICATE_OR_OLD,DUPLICATE_OR_OLD,69.896536098,69.896536098
70.120133437,4.63026402330611,14.34193959502245,0.006180339887499076,0.002626810830430439,0.15543538701338794,False,0.0,0.6180339887499076,0.6,FUSED,ACCEPTED,ACCEPTED,70.006497836,70.006497836
70.170133437,4.600698522102113,14.572713658657644,0.011180339887498792,0.002626810830430439,0.15543538701338794,False,0.0,0.0,0.6,MODEL_ONLY,DUPLICATE_OR_OLD,DUPLICATE_OR_OLD,70.006497836,70.006497836
70.220133437,4.659205430829834,14.80421125748093,0.006180339887498885,0.002626810830430439,0.15543538701338794,False,0.0,0.6180339887498884,0.6,FUSED,ACCEPTED,ACCEPTED,70.098484585,70.098484585
70.270133437,4.6296382046560876,15.036432348368065,0.011180339887498602,0.002626810830430439,0.15543538701338794,False,0.0,0.0,0.6,MODEL_ONLY,DUPLICATE_OR_OLD,DUPLICATE_OR_OLD,70.098484585,70.098484585
70.32013343700001,4.652214228860039,15.268478659206021,0.006180339887499065,0.002626810830430439,0.15543538701338794,False,0.0,0.6180339887499063,0.6,FUSED,ACCEPTED,ACCEPTED,70.214500244,70.214500244
70.370133437,4.622645665453575,15.500350156563849,0.01118033988749878,0.002626810830430439,0.15543538701338794,False,0.0,0.0,0.6,MODEL_ONLY,DUPLICATE_OR_OLD,DUPLICATE_OR_OLD,70.214500244,70.214500244
70.420133437,4.6592948123300575,15.732398668508427,0.006180339887498883,0.002626810830430439,0.15543538701338794,False,0.0,0.6180339887498882,0.6,FUSED,ACCEPTED,ACCEPTED,70.298426931,70.298426931
70.470133437,4.629725212272752,15.964624169123484,0.0111803398874986,0.002626810830430439,0.15543538701338794,False,0.0,0.0,0.6,MODEL_ONLY,DUPLICATE_OR_OLD,DUPLICATE_OR_OLD,70.298426931,70.298426931
70.520133437,4.651285216162239,16.196649429834345,0.006180339887498857,0.002626810830430439,0.15543538701338794,False,0.0,0.6180339887498856,0.6,FUSED,ACCEPTED,ACCEPTED,70.398410505,70.398410505
70.57013343700001,4.621714812471457,16.42847443055024,0.011180339887499995,0.002626810830430439,0.15543538701338794,False,0.0,0.0,0.6,MODEL_ONLY,DUPLICATE_OR_OLD,DUPLICATE_OR_OLD,70.398410505,70.398410505
70.620133437,4.648707102108108,16.660234978414714,0.00618033988749906,0.002626810830430439,0.15543538701338794,False,0.0,0.618033988749906,0.6,FUSED,ACCEPTED,ACCEPTED,70.49637362,70.49637362
70.670133437,4.61913607542382,16.891931057853,0.011180339887498777,0.002626810830430439,0.15543538701338794,False,0.0,0.0,0.6,MODEL_ONLY,DUPLICATE_OR_OLD,DUPLICATE_OR_OLD,70.49637362,70.49637362
70.720133437,4.6456569508743915,17.123550883510443,0.0061803398874988825,0.002626810830430439,0.15543538701338794,False,0.0,0.6180339887498882,0.6,FUSED,ACCEPTED,ACCEPTED,70.596339874,70.596339874
70.770133437,4.616085441232469,17.3550944433131,0.0111803398874986,0.002626810830430439,0.15543538701338794,False,0.0,0.0,0.6,MODEL_ONLY,DUPLICATE_OR_OLD,DUPLICATE_OR_OLD,70.596339874,70.596339874
70.82013343700001,4.637879978087539,17.586443578796153,0.006180339887499064,0.002626810830430439,0.15543538701338794,False,0.0,0.6180339887499062,0.6,FUSED,ACCEPTED,ACCEPTED,70.696310011,70.696310011
70.870133437,4.608308094046732,17.817598280599498,0.01118033988749878,0.002626810830430439,0.15543538701338794,False,0.0,0.0,0.6,MODEL_ONLY,DUPLICATE_OR_OLD,DUPLICATE_OR_OLD,70.696310011,70.696310011
70.920133437,4.627245493825159,18.048487120296283,0.006180339887498883,0.002626810830430439,0.15543538701338794,False,0.0,0.6180339887498882,0.6,FUSED,ACCEPTED,ACCEPTED,70.810278979,70.810278979
70.970133437,4.597673319542486,18.27911009063046,0.0111803398874986,0.002626810830430439,0.15543538701338794,False,0.0,0.0,0.6,MODEL_ONLY,DUPLICATE_OR_OLD,DUPLICATE_OR_OLD,70.810278979,70.810278979
71.020133437,4.6341732169642285,18.509906254043116,0.006180339887498857,0.002626810830430439,0.15543538701338794,False,0.0,0.6180339887498856,0.6,FUSED,ACCEPTED,ACCEPTED,70.904262454,70.904262454
71.07013343700001,4.604600817679968,18.740875604909274,0.011180339887499995,0.002626810830430439,0.15543538701338794,False,0.0,0.0,0.6,MODEL_ONLY,DUPLICATE_OR_OLD,DUPLICATE_OR_OLD,70.904262454,70.904262454
71.120133437,4.623853401463932,18.971586960387857,0.00618033988749906,0.002626810830430439,0.15543538701338794,False,0.0,0.618033988749906,0.6,FUSED,ACCEPTED,ACCEPTED,71.008223763,71.008223763
71.170133437,4.594280827753737,19.20204031611829,0.011180339887498777,0.002626810830430439,0.15543538701338794,False,0.0,0.0,0.6,MODEL_ONLY,DUPLICATE_OR_OLD,DUPLICATE_OR_OLD,71.008223763,71.008223763
71.220133437,4.619583553782126,19.43238692565667,0.0061803398874988825,0.002626810830430439,0.15543538701338794,False,0.0,0.6180339887498882,0.6,FUSED,ACCEPTED,ACCEPTED,71.106206216,71.106206216
71.270133437,4.590010844853284,19.662626785622543,0.0111803398874986,0.002626810830430439,0.15543538701338794,False,0.0,0.0,0.6,MODEL_ONLY,DUPLICATE_OR_OLD,DUPLICATE_OR_OLD,71.106206216,71.106206216
71.32013343700001,4.610110101764997,19.892629809288053,0.006180339887499064,0.002626810830430439,0.15543538701338794,False,0.0,0.6180339887499062,0.6,FUSED,ACCEPTED,ACCEPTED,71.226454414,71.226454414
71.370133437,4.580537288011824,20.12239599403246,0.01118033988749878,0.002626810830430439,0.15543538701338794,False,0.0,0.0,0.6,MODEL_ONLY,DUPLICATE_OR_OLD,DUPLICATE_OR_OLD,71.226454414,71.226454414
71.420133437,4.604705138799366,20.352027054702724,0.006180339887498883,0.002626810830430439,0.15543538701338794,False,0.0,0.6180339887498882,0.6,FUSED,ACCEPTED,ACCEPTED,71.300150931,71.300150931
71.470133437,4.575132243784173,20.5815229892673,0.0111803398874986,0.002626810830430439,0.15543538701338794,False,0.0,0.0,0.6,MODEL_ONLY,DUPLICATE_OR_OLD,DUPLICATE_OR_OLD,71.300150931,71.300150931
71.520133437,4.577185339713935,20.81033092885474,0.006180339887498857,0.002626810830430439,0.15543538701338794,False,0.0,0.6180339887498856,0.6,FUSED,ACCEPTED,ACCEPTED,71.398117647,71.398117647
71.57013343700001,4.547612381702713,21.038450871890205,0.011180339887499995,0.002626810830430439,0.15543538701338794,False,0.0,0.0,0.6,MODEL_ONLY,DUPLICATE_OR_OLD,DUPLICATE_OR_OLD,71.398117647,71.398117647
71.620133437,4.5733479595765365,21.266474880422173,0.00618033988749906,0.002626810830430439,0.15543538701338794,False,0.0,0.618033988749906,0.6,FUSED,ACCEPTED,ACCEPTED,71.496110759,71.496110759
71.670133437,4.543774952729486,21.49440295322981,0.011180339887498777,0.002626810830430439,0.15543538701338794,False,0.0,0.0,0.6,MODEL_ONLY,DUPLICATE_OR_OLD,DUPLICATE_OR_OLD,71.496110759,71.496110759
71.720133437,4.55572926488326,21.72189055867012,0.0061803398874988825,0.002626810830430439,0.15543538701338794,False,0.0,0.6180339887498882,0.6,FUSED,ACCEPTED,ACCEPTED,71.598073174,71.598073174
71.770133437,4.526156220177645,21.948937695796626,0.0111803398874986,0.002626810830430439,0.15543538701338794,False,0.0,0.0,0.6,MODEL_ONLY,DUPLICATE_OR_OLD,DUPLICATE_OR_OLD,71.598073174,71.598073174
71.82013343700001,4.5713024531016515,22.176374162628658,0.006180339887499064,0.002626810830430439,0.15543538701338794,False,0.0,0.6180339887499062,0.6,FUSED,ACCEPTED,ACCEPTED,71.696045558,71.696045558
71.870133437,4.541729379047284,22.40419995843237,0.01118033988749878,0.002626810830430439,0.15543538701338794,False,0.0,0.0,0.6,MODEL_ONLY,DUPLICATE_OR_OLD,DUPLICATE_OR_OLD,71.696045558,71.696045558
71.920133437,4.559264744575131,22.631724811522915,0.006180339887498883,0.002626810830430439,0.15543538701338794,False,0.0,0.6180339887498882,0.6,FUSED,ACCEPTED,ACCEPTED,71.80199636,71.80199636
71.970133437,4.529691647768995,22.858948721331505,0.0111803398874986,0.002626810830430439,0.15543538701338794,False,0.0,0.0,0.6,MODEL_ONLY,DUPLICATE_OR_OLD,DUPLICATE_OR_OLD,71.80199636,71.80199636
72.020133437,4.571159026852362,23.086469988197024,0.006180339887498857,0.002626810830430439,0.15543538701338794,False,0.0,0.6180339887498856,0.6,FUSED,ACCEPTED,ACCEPTED,71.909973281,71.909973281
72.07013343700001,4.54158591240857,23.3142886116786,0.011180339887499995,0.002626810830430439,0.15543538701338794,False,0.0,0.0,0.6,MODEL_ONLY,DUPLICATE_OR_OLD,DUPLICATE_OR_OLD,71.909973281,71.909973281
72.120133437,4.566219283334139,23.541983741572153,0.00618033988749906,0.002626810830430439,0.15543538701338794,False,0.0,0.618033988749906,0.6,FUSED,ACCEPTED,ACCEPTED,72.009941711,72.009941711
72.170133437,4.53664615521728,23.769555377535927,0.011180339887498777,0.002626810830430439,0.15543538701338794,False,0.0,0.0,0.6,MODEL_ONLY,DUPLICATE_OR_OLD,DUPLICATE_OR_OLD,72.009941711,72.009941711
72.220133437,4.561312362558425,23.99700434048031,0.0061803398874988825,0.002626810830430439,0.15543538701338794,False,0.0,0.6180339887498882,0.6,FUSED,ACCEPTED,ACCEPTED,72.103913902,72.103913902
72.270133437,4.531739223841912,24.224330630140305,0.0111803398874986,0.002626810830430439,0.15543538701338794,False,0.0,0.0,0.6,MODEL_ONLY,DUPLICATE_OR_OLD,DUPLICATE_OR_OLD,72.103913902,72.103913902
72.32013343700001,4.564773290643838,24.4517434430025,0.006180339887499064,0.002626810830430439,0.15543538701338794,False,0.0,0.6180339887499062,0.6,FUSED,ACCEPTED,ACCEPTED,72.221892104,72.221892104
72.370133437,4.5352001437102505,24.67924277886134,0.01118033988749878,0.002626810830430439,0.15543538701338794,False,0.0,0.0,0.6,MODEL_ONLY,DUPLICATE_OR_OLD,DUPLICATE_OR_OLD,72.221892104,72.221892104
72.420133437,4.573388461778796,24.906957493998554,0.006180339887498883,0.002626810830430439,0.15543538701338794,False,0.0,0.6180339887498882,0.6,FUSED,ACCEPTED,ACCEPTED,72.305865809,72.305865809
72.470133437,4.5438153084751605,25.13488758825489,0.0111803398874986,0.002626810830430439,0.15543538701338794,False,0.0,0.0,0.6,MODEL_ONLY,DUPLICATE_OR_OLD,DUPLICATE_OR_OLD,72.305865809,72.305865809
72.520133437,4.562039472353781,25.3625339577756,0.006180339887498857,0.002626810830430439,0.15543538701338794,False,0.0,0.6180339887498856,0.6,FUSED,ACCEPTED,ACCEPTED,72.40183288,72.40183288
72.57013343700001,4.532466314111943,25.589896602437296,0.011180339887499995,0.002626810830430439,0.15543538701338794,False,0.0,0.0,0.6,MODEL_ONLY,DUPLICATE_OR_OLD,DUPLICATE_OR_OLD,72.40183288,72.40183288
72.620133437,4.552260915316651,25.817014783172997,0.00618033988749906,0.002626810830430439,0.15543538701338794,False,0.0,0.618033988749906,0.6,FUSED,ACCEPTED,ACCEPTED,72.503820637,72.503820637
72.670133437,4.522687753246629,26.043888499887068,0.011180339887498777,0.002626810830430439,0.15543538701338794,False,0.0,0.0,0.6,MODEL_ONLY,DUPLICATE_OR_OLD,DUPLICATE_OR_OLD,72.503820637,72.503820637
72.720133437,4.533869507310264,26.270302431400978,0.0061803398874988825,0.002626810830430439,0.15543538701338794,False,0.0,0.6180339887498882,0.6,FUSED,ACCEPTED,ACCEPTED,72.599776663,72.599776663
72.770133437,4.504296342272547,26.496256577640533,0.0111803398874986,0.002626810830430439,0.15543538701338794,False,0.0,0.0,0.6,MODEL_ONLY,DUPLICATE_OR_OLD,DUPLICATE_OR_OLD,72.599776663,72.599776663
72.82013343700001,4.514927696794606,26.721737178617264,0.006180339887499064,0.002626810830430439,0.15543538701338794,False,0.0,0.6180339887499062,0.6,FUSED,ACCEPTED,ACCEPTED,72.699761438,72.699761438
72.870133437,4.48535452945627,26.946744234273524,0.01118033988749878,0.002626810830430439,0.15543538701338794,False,0.0,0.0,0.6,MODEL_ONLY,DUPLICATE_OR_OLD,DUPLICATE_OR_OLD,72.699761438,72.699761438
72.920133437,4.512249441955875,27.17168433355881,0.006180339887498883,0.002626810830430439,0.15543538701338794,False,0.0,0.6180339887498882,0.6,FUSED,ACCEPTED,ACCEPTED,72.797729742,72.797729742
72.970133437,4.48267627283405,27.396557476428548,0.0111803398874986,0.002626810830430439,0.15543538701338794,False,0.0,0.0,0.6,MODEL_ONLY,DUPLICATE_OR_OLD,DUPLICATE_OR_OLD,72.797729742,72.797729742
73.020133437,4.494281044339204,27.620981409357867,0.006180339887498857,0.002626810830430439,0.15543538701338794,False,0.0,0.6180339887498856,0.6,FUSED,ACCEPTED,ACCEPTED,72.899700758,72.899700758
73.07013343700001,4.464707873834773,27.84495613231227,0.011180339887499995,0.002626810830430439,0.15543538701338794,False,0.0,0.0,0.6,MODEL_ONLY,DUPLICATE_OR_OLD,DUPLICATE_OR_OLD,72.899700758,72.899700758
73.120133437,4.496489483988846,28.06898606625785,0.00618033988749906,0.002626810830430439,0.15543538701338794,False,0.0,0.618033988749906,0.6,FUSED,ACCEPTED,ACCEPTED,73.0076822,73.0076822
73.170133437,4.466916312412605,28.29307121116787,0.011180339887498777,0.002626810830430439,0.15543538701338794,False,0.0,0.0,0.6,MODEL_ONLY,DUPLICATE_OR_OLD,DUPLICATE_OR_OLD,73.0076822,73.0076822
73.220133437,4.470938257771037,28.516517575422448,0.0061803398874988825,0.002626810830430439,0.15543538701338794,False,0.0,0.6180339887498882,0.6,FUSED,ACCEPTED,ACCEPTED,73.09964084,73.09964084
73.270133437,4.441365085363899,28.73932515900081,0.0111803398874986,0.002626810830430439,0.15543538701338794,False,0.0,0.0,0.6,MODEL_ONLY,DUPLICATE_OR_OLD,DUPLICATE_OR_OLD,73.09964084,73.09964084
73.32013343700001,4.469023604620949,28.96208487625048,0.006180339887499064,0.002626810830430439,0.15543538701338794,False,0.0,0.6180339887499062,0.6,FUSED,ACCEPTED,ACCEPTED,73.225606967,73.225606967
73.370133437,4.439450431569683,29.184796727155234,0.01118033988749878,0.002626810830430439,0.15543538701338794,False,0.0,0.0,0.6,MODEL_ONLY,DUPLICATE_OR_OLD,DUPLICATE_OR_OLD,73.225606967,73.225606967
73.420133437,4.44952930949446,29.407021220681827,0.006180339887498883,0.002626810830430439,0.15543538701338794,False,0.0,0.6180339887498882,0.6,FUSED,ACCEPTED,ACCEPTED,73.29793025,73.29793025
73.470133437,4.4199561359438535,29.628758356817773,0.0111803398874986,0.002626810830430439,0.15543538701338794,False,0.0,0.0,0.6,MODEL_ONLY,DUPLICATE_OR_OLD,DUPLICATE_OR_OLD,73.29793025,73.29793025
73.520133437,4.43784134984507,29.850203293962483,0.006180339887498857,0.002626810830430439,0.15543538701338794,False,0.0,0.6180339887498856,0.6,FUSED,ACCEPTED,ACCEPTED,73.397581174,73.397581174
73.57013343700001,4.408268175907354,30.071356032106344,0.011180339887499995,0.002626810830430439,0.15543538701338794,False,0.0,0.0,0.6,MODEL_ONLY,DUPLICATE_OR_OLD,DUPLICATE_OR_OLD,73.397581174,73.397581174
73.620133437,4.416092525939271,30.291965049652497,0.00618033988749906,0.002626810830430439,0.15543538701338794,False,0.0,0.618033988749906,0.6,FUSED,ACCEPTED,ACCEPTED,73.497591451,73.497591451
73.670133437,4.386519351701476,30.512030346593505,0.011180339887498777,0.002626810830430439,0.15543538701338794,False,0.0,0.0,0.6,MODEL_ONLY,DUPLICATE_OR_OLD,DUPLICATE_OR_OLD,73.497591451,73.497591451
73.720133437,4.414672884281247,30.732060152493062,0.0061803398874988825,0.002626810830430439,0.15543538701338794,False,0.0,0.6180339887498882,0.6,FUSED,ACCEPTED,ACCEPTED,73.599506183,73.599506183
73.770133437,4.385099709810817,30.952054467345352,0.0111803398874986,0.002626810830430439,0.15543538701338794,False,0.0,0.0,0.6,MODEL_ONLY,DUPLICATE_OR_OLD,DUPLICATE_OR_OLD,73.599506183,73.599506183
73.82013343700001,4.405643955003457,31.17182305896576,0.006180339887499064,0.002626810830430439,0.15543538701338794,False,0.0,0.6180339887499062,0.6,FUSED,ACCEPTED,ACCEPTED,73.695479429,73.695479429
73.870133437,4.376070780352684,31.391365927349653,0.01118033988749878,0.002626810830430439,0.15543538701338794,False,0.0,0.0,0.6,MODEL_ONLY,DUPLICATE_OR_OLD,DUPLICATE_OR_OLD,73.695479429,73.695479429
73.920133437,4.397991286064233,31.610717479010063,0.006180339887498883,0.002626810830430439,0.15543538701338794,False,0.0,0.6180339887498882,0.6,FUSED,ACCEPTED,ACCEPTED,73.797463108,73.797463108
73.970133437,4.3684181112736535,31.829877713943496,0.0111803398874986,0.002626810830430439,0.15543538701338794,False,0.0,0.0,0.6,MODEL_ONLY,DUPLICATE_OR_OLD,DUPLICATE_OR_OLD,73.797463108,73.797463108
74.020133437,4.378086467945116,32.04854032842395,0.006180339887498857,0.002626810830430439,0.15543538701338794,False,0.0,0.6180339887498856,0.6,FUSED,ACCEPTED,ACCEPTED,73.899423319,73.899423319
74.07013343700001,4.348513293046148,32.26670532244878,0.011180339887499995,0.002626810830430439,0.15543538701338794,False,0.0,0.0,0.6,MODEL_ONLY,DUPLICATE_OR_OLD,DUPLICATE_OR_OLD,73.899423319,73.899423319
74.120133437,4.370461068552806,32.484679681488736,0.00618033988749906,0.002626810830430439,0.15543538701338794,False,0.0,0.618033988749906,0.6,FUSED,ACCEPTED,ACCEPTED,73.999407181,73.999407181
74.170133437,4.340887893569827,32.70246340554179,0.011180339887498777,0.002626810830430439,0.15543538701338794,False,0.0,0.0,0.6,MODEL_ONLY,DUPLICATE_OR_OLD,DUPLICATE_OR_OLD,73.999407181,73.999407181
74.220133437,4.343220590479838,32.91956611764302,0.0061803398874988825,0.002626810830430439,0.15543538701338794,False,0.0,0.6180339887498882,0.6,FUSED,ACCEPTED,ACCEPTED,74.099364926,74.099364926
74.270133437,4.313647415431727,33.1359878177908,0.0111803398874986,0.002626810830430439,0.15543538701338794,False,0.0,0.0,0.6,MODEL_ONLY,DUPLICATE_OR_OLD,DUPLICATE_OR_OLD,74.099364926,74.099364926
74.32013343700001,4.339994818838999,33.35232887364762,0.006180339887499064,0.002626810830430439,0.15543538701338794,False,0.0,0.6180339887499062,0.6,FUSED,ACCEPTED,ACCEPTED,74.21332826,74.21332826
74.370133437,4.310421643740395,33.56858928521209,0.01118033988749878,0.002626810830430439,0.15543538701338794,False,0.0,0.0,0.6,MODEL_ONLY,DUPLICATE_OR_OLD,DUPLICATE_OR_OLD,74.21332826,74.21332826
74.420133437,4.307202535210537,33.784029889685854,0.006180339887498883,0.002626810830430439,0.15543538701338794,False,0.0,0.6180339887498882,0.6,FUSED,ACCEPTED,ACCEPTED,74.30130564,74.30130564
74.470133437,4.27762936007279,33.99865068706792,0.0111803398874986,0.002626810830430439,0.15543538701338794,False,0.0,0.0,0.6,MODEL_ONLY,DUPLICATE_OR_OLD,DUPLICATE_OR_OLD,74.30130564,74.30130564
74.520133437,4.2873254869835336,34.21277455824433,0.006180339887498857,0.002626810830430439,0.15543538701338794,False,0.0,0.6180339887498856,0.6,FUSED,ACCEPTED,ACCEPTED,74.399275543,74.399275543
74.57013343700001,4.257752311815434,34.42640150321434,0.011180339887499995,0.002626810830430439,0.15543538701338794,False,0.0,0.0,0.6,MODEL_ONLY,DUPLICATE_OR_OLD,DUPLICATE_OR_OLD,74.399275543,74.399275543
74.620133437,4.269779134665243,34.63958978937635,0.00618033988749906,0.002626810830430439,0.15543538701338794,False,0.0,0.618033988749906,0.6,FUSED,ACCEPTED,ACCEPTED,74.501246812,74.501246812
74.670133437,4.240205959473628,34.85233941672981,0.011180339887498777,0.002626810830430439,0.15543538701338794,False,0.0,0.0,0.6,MODEL_ONLY,DUPLICATE_OR_OLD,DUPLICATE_OR_OLD,74.501246812,74.501246812
74.720133437,4.2593684416603965,35.06482877675815,0.0061803398874988825,0.002626810830430439,0.15543538701338794,False,0.0,0.6180339887498882,0.6,FUSED,ACCEPTED,ACCEPTED,74.601231559,74.601231559
74.770133437,4.229795266450545,35.27705786946091,0.0111803398874986,0.002626810830430439,0.15543538701338794,False,0.0,0.0,0.6,MODEL_ONLY,DUPLICATE_OR_OLD,DUPLICATE_OR_OLD,74.601231559,74.601231559
74.82013343700001,4.239180447597545,35.488782262312164,0.006180339887499064,0.002626810830430439,0.15543538701338794,False,0.0,0.6180339887499062,0.6,FUSED,ACCEPTED,ACCEPTED,74.695194666,74.695194666
74.870133437,4.209607272373558,35.70000195531143,0.01118033988749878,0.002626810830430439,0.15543538701338794,False,0.0,0.0,0.6,MODEL_ONLY,DUPLICATE_OR_OLD,DUPLICATE_OR_OLD,74.695194666,74.695194666
74.920133437,4.2160412995401755,35.91064316960926,0.006180339887498883,0.002626810830430439,0.15543538701338794,False,0.0,0.6180339887498882,0.6,FUSED,ACCEPTED,ACCEPTED,74.79916927,74.79916927
74.970133437,4.186468124305228,36.120705905205384,0.0111803398874986,0.002626810830430439,0.15543538701338794,False,0.0,0.0,0.6,MODEL_ONLY,DUPLICATE_OR_OLD,DUPLICATE_OR_OLD,74.79916927,74.79916927
75.020133437,4.199786396859538,36.330362268234495,0.006180339887498857,0.002626810830430439,0.15543538701338794,False,0.0,0.6180339887498856,0.6,FUSED,ACCEPTED,ACCEPTED,74.89914049,74.89914049
75.07013343700001,4.170213221616087,36.53961225869643,0.011180339887499995,0.002626810830430439,0.15543538701338794,False,0.0,0.0,0.6,MODEL_ONLY,DUPLICATE_OR_OLD,DUPLICATE_OR_OLD,74.89914049,74.89914049
75.120133437,4.181721772680345,36.74841063355383,0.00618033988749906,0.002626810830430439,0.15543538701338794,False,0.0,0.618033988749906,0.6,FUSED,ACCEPTED,ACCEPTED,74.997119057,74.997119057
75.170133437,4.152148597430316,36.95675739280658,0.011180339887498777,0.002626810830430439,0.15543538701338794,False,0.0,0.0,0.6,MODEL_ONLY,DUPLICATE_OR_OLD,DUPLICATE_OR_OLD,74.997119057,74.997119057
75.220133437,4.164013942421098,37.16466145630285,0.0061803398874988825,0.002626810830430439,0.15543538701338794,False,0.0,0.6180339887498882,0.6,FUSED,ACCEPTED,ACCEPTED,75.099076588,75.099076588
75.270133437,4.134440767165963,37.37212282404252,0.0111803398874986,0.002626810830430439,0.15543538701338794,False,0.0,0.0,0.6,MODEL_ONLY,DUPLICATE_OR_OLD,DUPLICATE_OR_OLD,75.099076588,75.099076588
75.32013343700001,4.158973147898647,37.57945817191918,0.006180339887499064,0.002626810830430439,0.15543538701338794,False,0.0,0.6180339887499062,0.6,FUSED,ACCEPTED,ACCEPTED,75.233052418,75.233052418
75.370133437,4.129399972639554,37.786667499932626,0.01118033988749878,0.002626810830430439,0.15543538701338794,False,0.0,0.0,0.6,MODEL_ONLY,DUPLICATE_OR_OLD,DUPLICATE_OR_OLD,75.233052418,75.233052418
75.420133437,4.135591597123938,37.9932922891767,0.006180339887498883,0.002626810830430439,0.15543538701338794,False,0.0,0.6180339887498882,0.6,FUSED,ACCEPTED,ACCEPTED,75.307032851,75.307032851
75.470133437,4.106018421861776,38.19933253965133,0.0111803398874986,0.002626810830430439,0.15543538701338794,False,0.0,0.0,0.6,MODEL_ONLY,DUPLICATE_OR_OLD,DUPLICATE_OR_OLD,75.307032851,75.307032851
75.520133437,4.115815990398133,38.40487839995782,0.006180339887498857,0.002626810830430439,0.15543538701338794,False,0.0,0.6180339887498856,0.6,FUSED,ACCEPTED,ACCEPTED,75.400999238,75.400999238
75.57013343700001,4.086242815133585,38.60992987009617,0.011180339887499995,0.002626810830430439,0.15543538701338794,False,0.0,0.0,0.6,MODEL_ONLY,DUPLICATE_OR_OLD,DUPLICATE_OR_OLD,75.400999238,75.400999238
75.620133437,4.096501364148823,38.81449847457821,0.00618033988749906,0.002626810830430439,0.15543538701338794,False,0.0,0.618033988749906,0.6,FUSED,ACCEPTED,ACCEPTED,75.496981768,75.496981768
75.670133437,4.066928188882439,39.01858421340398,0.011180339887498777,0.002626810830430439,0.15543538701338794,False,0.0,0.0,0.6,MODEL_ONLY,DUPLICATE_OR_OLD,DUPLICATE_OR_OLD,75.496981768,75.496981768
75.720133437,4.076272948837622,39.222164241846976,0.0061803398874988825,0.002626810830430439,0.15543538701338794,False,0.0,0.6180339887498882,0.6,FUSED,ACCEPTED,ACCEPTED,75.59894393,75.59894393
75.770133437,4.0466997735698085,39.42523855990715,0.0111803398874986,0.002626810830430439,0.15543538701338794,False,0.0,0.0,0.6,MODEL_ONLY,DUPLICATE_OR_OLD,DUPLICATE_OR_OLD,75.59894393,75.59894393
75.82013343700001,4.054723701220159,39.62777414677694,0.006180339887499064,0.002626810830430439,0.15543538701338794,False,0.0,0.6180339887499062,0.6,FUSED,ACCEPTED,ACCEPTED,75.694928528,75.694928528
75.870133437,4.025150525951238,39.82977100245622,0.01118033988749878,0.002626810830430439,0.15543538701338794,False,0.0,0.0,0.6,MODEL_ONLY,DUPLICATE_OR_OLD,DUPLICATE_OR_OLD,75.694928528,75.694928528
