t,v,s,pvv,pvd,pdd,active,added,gain,d,mode,front_status,rear_status,front_t,rear_t
136.906544646,0.0,0.0,1.0,0.0,0.0,False,0.0,0.0,0.0,WAITING_FOR_INITIALIZATION,MISSING_OR_STALE,MISSING_OR_STALE,,
136.956544646,0.0,0.0,1.0,0.0,0.0,False,0.0,0.0,0.0,WAITING_FOR_INITIALIZATION,MISSING_OR_STALE,MISSING_OR_STALE,,
137.00654464599998,0.0,0.0,0.010000000000000002,0.0,0.0,False,0.0,0.0,0.0,INITIALIZED,ACCEPTED,ACCEPTED,136.907938639,136.907938639
137.056544646,0.0,0.0,0.006000000000000183,0.0,0.0,False,0.0,0.6000000000000182,0.0,FUSED,ACCEPTED,ACCEPTED,137.011915238,137.011915238
137.10654464599997,0.0,0.0,0.010999999999998478,0.0,0.0,False,0.0,0.0,0.0,MODEL_ONLY,DUPLICATE_OR_OLD,DUPLICATE_OR_OLD,137.011915238,137.011915238
137.156544646,0.0,0.0,0.015999999999999615,0.0,0.0,False,0.0,0.0,0.0,MODEL_ONLY,DUPLICATE_OR_OLD,DUPLICATE_OR_OLD,137.011915238,137.011915238
137.206544646,0.0,0.0,0.006774193548387176,0.0,0.0,False,0.0,0.6774193548387175,0.0,FUSED,ACCEPTED,ACCEPTED,137.10988853,137.10988853
137.25654464599998,0.0,0.0,0.005407407407407065,0.0,0.0,False,0.0,0.5407407407407064,0.0,FUSED,ACCEPTED,ACCEPTED,137.215849865,137.215849865
137.306544646,0.0,0.0,0.010407407407408201,0.0,0.0,False,0.0,0.0,0.0,MODEL_ONLY,DUPLICATE_OR_OLD,DUPLICATE_OR_OLD,137.215849865,137.215849865
137.35654464599997,0.0,0.0,0.006064139941690821,0.0,0.0,False,0.0,0.606413994169082,0.0,FUSED,ACCEPTED,ACCEPTED,137.307834177,137.307834177
137.406544646,0.0,0.0,0.011064139941691958,0.0,0.0,False,0.0,0.0,0.0,MODEL_ONLY,DUPLICATE_OR_OLD,DUPLICATE_OR_OLD,137.307834177,137.307834177
137.456544646,0.0,0.0,0.006163310961968995,0.0,0.0,False,0.0,0.6163310961968994,0.0,FUSED,ACCEPTED,ACCEPTED,137.415800764,137.415800764
137.50654464599998,0.0,0.0,0.01116331096196729,0.0,0.0,False,0.0,0.0,0.0,MODEL_ONLY,DUPLICATE_OR_OLD,DUPLICATE_OR_OLD,137.415800764,137.415800764
137.556544646,0.0,0.0,0.01616331096196843,0.0,0.0,False,0.0,0.0,0.0,STOPPED,DUPLICATE_OR_OLD,DUPLICATE_OR_OLD,137.415800764,137.415800764
137.60654464599997,0.0,0.0,0.006791098348887093,0.0,0.0,False,0.0,0.0,0.0,STOPPED,ACCEPTED,ACCEPTED,137.507773736,137.507773736
137.656544646,0.0,0.0,0.01179109834888823,0.0,0.0,False,0.0,0.0,0.0,STOPPED,DUPLICATE_OR_OLD,DUPLICATE_OR_OLD,137.507773736,137.507773736
137.706544646,0.0,0.0,0.006267416934619796,0.0,0.0,False,0.0,0.0,0.0,STOPPED,ACCEPTED,ACCEPTED,137.605905635,137.605905635
137.75654464599998,0.0,0.0,0.01126741693461809,0.0,0.0,False,0.0,0.0,0.0,STOPPED,DUPLICATE_OR_OLD,DUPLICATE_OR_OLD,137.605905635,137.605905635
137.806544646,0.0,0.0,0.0061930021422013275,0.0,0.0,False,0.0,0.0,0.0,STOPPED,ACCEPTED,ACCEPTED,137.707712346,137.707712346
137.85654464599997,0.0,0.0,0.005281461336670209,0.0,0.0,False,0.0,0.0,0.0,STOPPED,ACCEPTED,ACCEPTED,137.841683253,137.841683253
137.906544646,0.0,0.0,0.010281461336671346,0.0,0.0,False,0.0,0.0,0.0,STOPPED,DUPLICATE_OR_OLD,DUPLICATE_OR_OLD,137.841683253,137.841683253
137.956544646,0.0,0.0,0.015281461336672483,0.0,0.0,False,0.0,0.0,0.0,STOPPED,DUPLICATE_OR_OLD,DUPLICATE_OR_OLD,137.841683253,137.841683253
138.00654464599998,0.0,0.0,0.006697649466510382,0.0,0.0,False,0.0,0.0,0.0,STOPPED,ACCEPTED,ACCEPTED,137.907661808,137.907661808
138.056544646,0.0,0.0,0.01169764946651152,0.0,0.0,False,0.0,0.0,0.0,STOPPED,DUPLICATE_OR_OLD,DUPLICATE_OR_OLD,137.907661808,137.907661808
138.10654464599997,0.0,0.0,0.006254351899951251,0.0,0.0,False,0.0,0.0,0.0,STOPPED,ACCEPTED,ACCEPTED,138.0076383,138.0076383
138.156544646,0.0,0.0,0.011254351899952388,0.0,0.0,False,0.0,0.0,0.0,STOPPED,DUPLICATE_OR_OLD,DUPLICATE_OR_OLD,138.0076383,138.0076383
138.206544646,0.0,0.0,0.006191107654035178,0.0,0.0,False,0.0,0.0,0.0,STOPPED,ACCEPTED,ACCEPTED,138.107599729,138.107599729
138.25654464599998,0.0,0.0,0.005281039498614118,0.0,0.0,False,0.0,0.0,0.0,STOPPED,ACCEPTED,ACCEPTED,138.207571428,138.207571428
138.306544646,0.0,0.0,0.010281039498615255,0.0,0.0,False,0.0,0.0,0.0,STOPPED,DUPLICATE_OR_OLD,DUPLICATE_OR_OLD,138.207571428,138.207571428
138.35654464599997,0.0,0.0,0.01528103949861355,0.0,0.0,False,0.0,0.0,0.0,STOPPED,DUPLICATE_OR_OLD,DUPLICATE_OR_OLD,138.207571428,138.207571428
138.406544646,0.0,0.0,0.006697603462239967,0.0,0.0,False,0.0,0.0,0.0,STOPPED,ACCEPTED,ACCEPTED,138.311550461,138.311550461
138.456544646,0.0,0.0,0.0053911960749940275,0.0,0.0,False,0.0,0.0,0.0,STOPPED,ACCEPTED,ACCEPTED,138.407517986,138.407517986
138.50654464599998,0.0,0.0,0.010391196074992323,0.0,0.0,False,0.0,0.0,0.0,STOPPED,DUPLICATE_OR_OLD,DUPLICATE_OR_OLD,138.407517986,138.407517986
138.556544646,0.0,0.0,0.0060616270417254954,0.0,0.0,False,0.0,0.0,0.0,STOPPED,ACCEPTED,ACCEPTED,138.509486385,138.509486385
138.60654464599997,0.0,0.0,0.01106162704172379,0.0,0.0,False,0.0,0.0,0.0,STOPPED,DUPLICATE_OR_OLD,DUPLICATE_OR_OLD,138.509486385,138.509486385
138.656544646,0.0,0.0,0.0061629410228341095,0.0,0.0,False,0.0,0.0,0.0,STOPPED,ACCEPTED,ACCEPTED,138.611463248,138.611463248
138.706544646,0.0,0.0,0.011162941022835247,0.0,0.0,False,0.0,0.0,0.0,STOPPED,DUPLICATE_OR_OLD,DUPLICATE_OR_OLD,138.611463248,138.611463248
138.75654464599998,0.0,0.0,0.006177799739229408,0.0,0.0,False,0.0,0.0,0.0,STOPPED,ACCEPTED,ACCEPTED,138.709434497,138.709434497
138.806544646,0.0,0.0,0.011177799739230545,0.0,0.0,False,0.0,0.0,0.0,STOPPED,DUPLICATE_OR_OLD,DUPLICATE_OR_OLD,138.709434497,138.709434497
138.85654464599997,0.0,0.0,0.01617779973922884,0.0,0.0,False,0.0,0.0,0.0,STOPPED,DUPLICATE_OR_OLD,DUPLICATE_OR_OLD,138.709434497,138.709434497
138.906544646,0.0,0.0,0.006792589572182884,0.0,0.0,False,0.0,0.0,0.0,STOPPED,ACCEPTED,ACCEPTED,138.845387488,138.845387488
138.956544646,0.0,0.0,0.011792589572184022,0.0,0.0,False,0.0,0.0,0.0,STOPPED,DUPLICATE_OR_OLD,DUPLICATE_OR_OLD,138.845387488,138.845387488
139.00654464599998,0.0,0.0,0.006267624682915085,0.0,0.0,False,0.0,0.0,0.0,STOPPED,ACCEPTED,ACCEPTED,138.915368114,138.915368114
139.056544646,0.0,0.0,0.00529801745653676,0.0,0.0,False,0.0,0.0,0.0,STOPPED,ACCEPTED,ACCEPTED,139.007347049,139.007347049
139.10654464599997,0.0,0.0,0.010298017456535056,0.0,0.0,False,0.0,0.0,0.0,STOPPED,DUPLICATE_OR_OLD,DUPLICATE_OR_OLD,139.007347049,139.007347049
139.156544646,0.0,0.0,0.015298017456536193,0.0,0.0,False,0.0,0.0,0.0,STOPPED,DUPLICATE_OR_OLD,DUPLICATE_OR_OLD,139.007347049,139.007347049
139.206544646,0.0,0.0,0.006699454010697218,0.0,0.0,False,0.0,0.0,0.0,STOPPED,ACCEPTED,ACCEPTED,139.123315369,139.123315369
139.25654464599998,0.0,0.0,0.005391589117831689,0.0,0.0,False,0.0,0.0,0.0,STOPPED,ACCEPTED,ACCEPTED,139.211291949,139.211291949
139.306544646,0.0,0.0,0.010391589117832827,0.0,0.0,False,0.0,0.0,0.0,STOPPED,DUPLICATE_OR_OLD,DUPLICATE_OR_OLD,139.211291949,139.211291949
139.35654464599997,0.0,0.0,0.01539158911783112,0.0,0.0,False,0.0,0.0,0.0,STOPPED,DUPLICATE_OR_OLD,DUPLICATE_OR_OLD,139.211291949,139.211291949
139.406544646,0.0,0.0,0.0067096159528780615,0.0,0.0,False,0.0,0.0,0.0,STOPPED,ACCEPTED,ACCEPTED,139.311269976,139.311269976
139.456544646,0.0,0.0,0.011709615952879199,0.0,0.0,False,0.0,0.0,0.0,STOPPED,DUPLICATE_OR_OLD,DUPLICATE_OR_OLD,139.311269976,139.311269976
139.50654464599998,0.0,0.0,0.006256030031415456,0.0,0.0,False,0.0,0.0,0.0,STOPPED,ACCEPTED,ACCEPTED,139.411235916,139.411235916
139.556544646,0.0,0.0,0.005295452638512501,0.0,0.0,False,0.0,0.0,0.0,STOPPED,ACCEPTED,ACCEPTED,139.507218135,139.507218135
139.60654464599997,0.0,0.0,0.010295452638510796,0.0,0.0,False,0.0,0.0,0.0,STOPPED,DUPLICATE_OR_OLD,DUPLICATE_OR_OLD,139.507218135,139.507218135
139.656544646,0.0,0.0,0.006046720276997474,0.0,0.0,False,0.0,0.0,0.0,STOPPED,ACCEPTED,ACCEPTED,139.613179054,139.613179054
139.706544646,0.0,0.0,0.011046720276998611,0.0,0.0,False,0.0,0.0,0.0,STOPPED,DUPLICATE_OR_OLD,DUPLICATE_OR_OLD,139.613179054,139.613179054
139.75654464599998,0.0,0.0,0.006160745040583296,0.0,0.0,False,0.0,0.0,0.0,STOPPED,ACCEPTED,ACCEPTED,139.70715498,139.70715498
139.806544646,0.0,0.0,0.011160745040584433,0.0,0.0,False,0.0,0.0,0.0,STOPPED,DUPLICATE_OR_OLD,DUPLICATE_OR_OLD,139.70715498,139.70715498
139.85654464599997,0.0,0.0,0.006177478896534803,0.0,0.0,False,0.0,0.0,0.0,STOPPED,ACCEPTED,ACCEPTED,139.837119064,139.837119064
139.906544646,0.0,0.0,0.01117747889653594,0.0,0.0,False,0.0,0.0,0.0,STOPPED,DUPLICATE_OR_OLD,DUPLICATE_OR_OLD,139.837119064,139.837119064
139.956544646,0.0,0.0,0.016177478896537076,0.0,0.0,False,0.0,0.0,0.0,STOPPED,DUPLICATE_OR_OLD,DUPLICATE_OR_OLD,139.837119064,139.837119064
140.00654464599998,0.0,0.0,0.006792556565209877,0.0,0.0,False,0.0,0.0,0.0,STOPPED,ACCEPTED,ACCEPTED,139.975088214,139.975088214
140.056544646,0.0,0.0,0.011792556565211014,0.0,0.0,False,0.0,0.0,0.0,STOPPED,DUPLICATE_OR_OLD,DUPLICATE_OR_OLD,139.975088214,139.975088214
140.10654464599997,0.0,0.0,0.006267620084831619,0.0,0.0,False,0.0,0.0,0.0,STOPPED,ACCEPTED,ACCEPTED,140.01306711,140.01306711
140.156544646,0.0,0.0,0.011267620084832756,0.0,0.0,False,0.0,0.0,0.0,STOPPED,DUPLICATE_OR_OLD,DUPLICATE_OR_OLD,140.01306711,140.01306711
140.206544646,0.0,0.0,0.006193031585006939,0.0,0.0,False,0.0,0.0,0.0,STOPPED,ACCEPTED,ACCEPTED,140.10704877,140.10704877
140.25654464599998,0.0,0.0,0.005281467891986096,0.0,0.0,False,0.0,0.0,0.0,STOPPED,ACCEPTED,ACCEPTED,140.207029962,140.207029962
140.306544646,0.0,0.0,0.010281467891987233,0.0,0.0,False,0.0,0.0,0.0,STOPPED,DUPLICATE_OR_OLD,DUPLICATE_OR_OLD,140.207029962,140.207029962
140.35654464599997,0.0,0.0,0.006044533473006883,0.0,0.0,False,0.0,0.0,0.0,STOPPED,ACCEPTED,ACCEPTED,140.310988701,140.310988701
140.406544646,0.0,0.0,0.01104453347300802,0.0,0.0,False,0.0,0.0,0.0,STOPPED,DUPLICATE_OR_OLD,DUPLICATE_OR_OLD,140.310988701,140.310988701
140.456544646,0.0,0.0,0.006160422681265019,0.0,0.0,False,0.0,0.0,0.0,STOPPED,ACCEPTED,ACCEPTED,140.422952586,140.422952586
140.50654464599998,0.0,0.0,0.011160422681263313,0.0,0.0,False,0.0,0.0,0.0,STOPPED,DUPLICATE_OR_OLD,DUPLICATE_OR_OLD,140.422952586,140.422952586
140.556544646,0.0,0.0,0.01616042268126445,0.0,0.0,False,0.0,0.0,0.0,STOPPED,DUPLICATE_OR_OLD,DUPLICATE_OR_OLD,140.422952586,140.422952586
140.60654464599997,0.0,0.0,0.00679080091361753,0.0,0.0,False,0.0,0.0,0.0,STOPPED,ACCEPTED,ACCEPTED,140.510948843,140.510948843
140.656544646,0.0,0.0,0.011790800913618667,0.0,0.0,False,0.0,0.0,0.0,STOPPED,DUPLICATE_OR_OLD,DUPLICATE_OR_OLD,140.510948843,140.510948843
140.706544646,0.0,0.0,0.0062673754949534805,0.0,0.0,False,0.0,0.0,0.0,STOPPED,ACCEPTED,ACCEPTED,140.620902961,140.620902961
140.75654464599998,0.0,0.0,0.00529796236382167,0.0,0.0,False,0.0,0.0,0.0,STOPPED,ACCEPTED,ACCEPTED,140.708875845,140.708875845
140.806544646,0.0,0.0,0.010297962363822806,0.0,0.0,False,0.0,0.0,0.0,STOPPED,DUPLICATE_OR_OLD,DUPLICATE_OR_OLD,140.708875845,140.708875845
140.85654464599997,0.0,0.0,0.0152979623638211,0.0,0.0,False,0.0,0.0,0.0,STOPPED,DUPLICATE_OR_OLD,DUPLICATE_OR_OLD,140.708875845,140.708875845
140.906544646,0.0,0.0,0.006699448009104185,0.0,0.0,False,0.0,0.0,0.0,STOPPED,ACCEPTED,ACCEPTED,140.83884211,140.83884211
140.956544646,0.0,0.0,0.011699448009105322,0.0,0.0,False,0.0,0.0,0.0,STOPPED,DUPLICATE_OR_OLD,DUPLICATE_OR_OLD,140.83884211,140.83884211
141.00654464599998,0.0,0.0,0.006254604216315509,0.0,0.0,False,0.0,0.0,0.0,STOPPED,ACCEPTED,ACCEPTED,140.928814969,140.928814969
141.056544646,0.0,0.0,0.011254604216316647,0.0,0.0,False,0.0,0.0,0.0,STOPPED,DUPLICATE_OR_OLD,DUPLICATE_OR_OLD,140.928814969,140.928814969
141.10654464599997,0.0,0.0,0.006191144258885506,0.0,0.0,False,0.0,0.0,0.0,STOPPED,ACCEPTED,ACCEPTED,141.006801324,141.006801324
141.156544646,0.0,0.0,0.011191144258886643,0.0,0.0,False,0.0,0.0,0.0,STOPPED,DUPLICATE_OR_OLD,DUPLICATE_OR_OLD,141.006801324,141.006801324
141.206544646,0.0,0.0,0.006181915573770104,0.0,0.0,False,0.0,0.0,0.0,STOPPED,ACCEPTED,ACCEPTED,141.106766705,141.106766705
141.25654464599998,0.0,0.0,0.011181915573768398,0.0,0.0,False,0.0,0.0,0.0,STOPPED,DUPLICATE_OR_OLD,DUPLICATE_OR_OLD,141.106766705,141.106766705
141.306544646,0.0,0.0,0.006180569763192369,0.0,0.0,False,0.0,0.0,0.0,STOPPED,ACCEPTED,ACCEPTED,141.220738948,141.220738948
141.35654464599997,0.0,0.0,0.005278691691581017,0.0,0.0,False,0.0,0.0,0.0,STOPPED,ACCEPTED,ACCEPTED,141.312719439,141.312719439
141.406544646,0.0,0.0,0.010278691691582154,0.0,0.0,False,0.0,0.0,0.0,STOPPED,DUPLICATE_OR_OLD,DUPLICATE_OR_OLD,141.312719439,141.312719439
141.456544646,0.0,0.0,0.00604409906888909,0.0,0.0,False,0.0,0.0,0.0,STOPPED,ACCEPTED,ACCEPTED,141.416681699,141.416681699
141.50654464599998,0.0,0.0,0.011044099068887384,0.0,0.0,False,0.0,0.0,0.0,STOPPED,DUPLICATE_OR_OLD,DUPLICATE_OR_OLD,141.416681699,141.416681699
141.556544646,0.0,0.0,0.00616035863880364,0.0,0.0,False,0.0,0.0,0.0,STOPPED,ACCEPTED,ACCEPTED,141.512656875,141.512656875
141.60654464599997,0.0,0.0,0.011160358638801934,0.0,0.0,False,0.0,0.0,0.0,STOPPED,DUPLICATE_OR_OLD,DUPLICATE_OR_OLD,141.512656875,141.512656875
141.656544646,0.0,0.0,0.006177422435957272,0.0,0.0,False,0.0,0.0,0.0,STOPPED,ACCEPTED,ACCEPTED,141.606640096,141.606640096
141.706544646,0.0,0.0,0.01117742243595841,0.0,0.0,False,0.0,0.0,0.0,STOPPED,DUPLICATE_OR_OLD,DUPLICATE_OR_OLD,141.606640096,141.606640096
141.75654464599998,0.0,0.0,0.016177422435956705,0.0,0.0,False,0.0,0.0,0.0,STOPPED,DUPLICATE_OR_OLD,DUPLICATE_OR_OLD,141.606640096,141.606640096
141.806544646,0.0,0.0,0.006792550756708257,0.0,0.0,False,0.0,0.0,0.0,STOPPED,ACCEPTED,ACCEPTED,141.706606849,141.706606849
141.85654464599997,0.0,0.0,0.005411276031135297,0.0,0.0,False,0.0,0.0,0.0,STOPPED,ACCEPTED,ACCEPTED,141.838564249,141.838564249
141.906544646,0.0,0.0,0.010411276031136434,0.0,0.0,False,0.0,0.0,0.0,STOPPED,DUPLICATE_OR_OLD,DUPLICATE_OR_OLD,141.838564249,141.838564249
141.956544646,0.0,0.0,0.0060647391387403955,0.0,0.0,False,0.0,0.0,0.0,STOPPED,ACCEPTED,ACCEPTED,141.910546601,141.910546601
142.00654464599998,0.0,0.0,0.011064739138738691,0.0,0.0,False,0.0,0.0,0.0,STOPPED,DUPLICATE_OR_OLD,DUPLICATE_OR_OLD,141.910546601,141.910546601
142.056544646,0.0,0.0,0.006163399162841775,0.0,0.0,False,0.0,0.0,0.0,STOPPED,ACCEPTED,ACCEPTED,142.006513786,142.006513786
142.10654464599997,0.0,0.0,0.011163399162840069,0.0,0.0,False,0.0,0.0,0.0,STOPPED,DUPLICATE_OR_OLD,DUPLICATE_OR_OLD,142.006513786,142.006513786
142.156544646,0.0,0.0,0.0061778666687153615,0.0,0.0,False,0.0,0.0,0.0,STOPPED,ACCEPTED,ACCEPTED,142.112489889,142.112489889
142.206544646,0.0,0.0,0.011177866668716499,0.0,0.0,False,0.0,0.0,0.0,STOPPED,DUPLICATE_OR_OLD,DUPLICATE_OR_OLD,142.112489889,142.112489889
142.25654464599998,0.0,0.0,0.006179979015650266,0.0,0.0,False,0.0,0.0,0.0,STOPPED,ACCEPTED,ACCEPTED,142.206469445,142.206469445
142.306544646,0.0,0.0,0.011179979015651403,0.0,0.0,False,0.0,0.0,0.0,STOPPED,DUPLICATE_OR_OLD,DUPLICATE_OR_OLD,142.206469445,142.206469445
142.35654464599997,0.0,0.0,0.006180287236279959,0.0,0.0,False,0.0,0.0,0.0,STOPPED,ACCEPTED,ACCEPTED,142.312423334,142.312423334
142.406544646,0.0,0.0,0.011180287236281096,0.0,0.0,False,0.0,0.0,0.0,STOPPED,DUPLICATE_OR_OLD,DUPLICATE_OR_OLD,142.312423334,142.312423334
142.456544646,0.0,0.0,0.006180332205774507,0.0,0.0,False,0.0,0.0,0.0,STOPPED,ACCEPTED,ACCEPTED,142.41041218,142.41041218
142.50654464599998,0.0,0.0,0.011180332205772803,0.0,0.0,False,0.0,0.0,0.0,STOPPED,DUPLICATE_OR_OLD,DUPLICATE_OR_OLD,142.41041218,142.41041218
142.556544646,0.0,0.0,0.006180338766750046,0.0,0.0,False,0.0,0.0,0.0,STOPPED,ACCEPTED,ACCEPTED,142.508374952,142.508374952
142.60654464599997,0.0,0.0,0.01118033876674834,0.0,0.0,False,0.0,0.0,0.0,STOPPED,DUPLICATE_OR_OLD,DUPLICATE_OR_OLD,142.508374952,142.508374952
142.656544646,0.0,0.0,0.01618033876674948,0.0,0.0,False,0.0,0.0,0.0,STOPPED,DUPLICATE_OR_OLD,DUPLICATE_OR_OLD,142.508374952,142.508374952
142.706544646,0.0,0.0,0.006792850752903438,0.0,0.0,False,0.0,0.0,0.0,STOPPED,ACCEPTED,ACCEPTED,142.60634575,142.60634575
142.75654464599998,0.0,0.0,0.0054113391986275634,0.0,0.0,False,0.0,0.0,0.0,STOPPED,ACCEPTED,ACCEPTED,142.720312722,142.720312722
142.806544646,0.0,0.0,0.0104113391986287,0.0,0.0,False,0.0,0.0,0.0,STOPPED,DUPLICATE_OR_OLD,DUPLICATE_OR_OLD,142.720312722,142.720312722
142.85654464599997,0.0,0.0,0.006064748921009125,0.0,0.0,False,0.0,0.0,0.0,STOPPED,ACCEPTED,ACCEPTED,142.836279161,142.836279161
142.906544646,0.0,0.0,0.011064748921010262,0.0,0.0,False,0.0,0.0,0.0,STOPPED,DUPLICATE_OR_OLD,DUPLICATE_OR_OLD,142.836279161,142.836279161
142.956544646,0.0,0.0,0.0160647489210114,0.0,0.0,False,0.0,0.0,0.0,STOPPED,DUPLICATE_OR_OLD,DUPLICATE_OR_OLD,142.836279161,142.836279161
143.00654464599998,0.0,0.0,0.006780917165811437,0.0,0.0,False,0.0,0.0,0.0,STOPPED,ACCEPTED,ACCEPTED,142.926256217,142.926256217
143.056544646,0.0,0.0,0.005408825108753434,0.0,0.0,False,0.0,0.0,0.0,STOPPED,ACCEPTED,ACCEPTED,143.012236391,143.012236391
143.10654464599997,0.0,0.0,0.01040882510875173,0.0,0.0,False,0.0,0.0,0.0,STOPPED,DUPLICATE_OR_OLD,DUPLICATE_OR_OLD,143.012236391,143.012236391
143.156544646,0.0,0.0,0.006064359545473362,0.0,0.0,False,0.0,0.0,0.0,STOPPED,ACCEPTED,ACCEPTED,143.120210731,143.120210731
143.206544646,0.0,0.0,0.011064359545474498,0.0,0.0,False,0.0,0.0,0.0,STOPPED,DUPLICATE_OR_OLD,DUPLICATE_OR_OLD,143.120210731,143.120210731
143.25654464599998,0.0,0.0,0.006163343287774384,0.0,0.0,False,0.0,0.0,0.0,STOPPED,ACCEPTED,ACCEPTED,143.210182351,143.210182351
143.306544646,0.0,0.0,0.011163343287775521,0.0,0.0,False,0.0,0.0,0.0,STOPPED,DUPLICATE_OR_OLD,DUPLICATE_OR_OLD,143.210182351,143.210182351
143.35654464599997,0.0,0.0,0.00617785850607517,0.0,0.0,False,0.0,0.0,0.0,STOPPED,ACCEPTED,ACCEPTED,143.322153668,143.322153668
143.406544646,0.0,0.0,0.011177858506076308,0.0,0.0,False,0.0,0.0,0.0,STOPPED,DUPLICATE_OR_OLD,DUPLICATE_OR_OLD,143.322153668,143.322153668
143.456544646,0.0,0.0,0.006179977824512116,0.0,0.0,False,0.0,0.0,0.0,STOPPED,ACCEPTED,ACCEPTED,143.406125451,143.406125451
143.50654464599998,0.0,0.0,0.011179977824510412,0.0,0.0,False,0.0,0.0,0.0,STOPPED,DUPLICATE_OR_OLD,DUPLICATE_OR_OLD,143.406125451,143.406125451
143.556544646,0.0,0.0,0.006180287062490446,0.0,0.0,False,0.0,0.0,0.0,STOPPED,ACCEPTED,ACCEPTED,143.51009976,143.51009976
143.60654464599997,0.0,0.0,0.01118028706248874,0.0,0.0,False,0.0,0.0,0.0,STOPPED,DUPLICATE_OR_OLD,DUPLICATE_OR_OLD,143.51009976,143.51009976
143.656544646,0.0,0.0,0.016180287062489876,0.0,0.0,False,0.0,0.0,0.0,STOPPED,DUPLICATE_OR_OLD,DUPLICATE_OR_OLD,143.51009976,143.51009976
143.706544646,0.0,0.0,0.0067928454346946315,0.0,0.0,False,0.0,0.0,0.0,STOPPED,ACCEPTED,ACCEPTED,143.612066351,143.612066351
143.75654464599998,0.0,0.0,0.005411338078835457,0.0,0.0,False,0.0,0.0,0.0,STOPPED,ACCEPTED,ACCEPTED,143.716040388,143.716040388
143.806544646,0.0,0.0,0.010411338078836594,0.0,0.0,False,0.0,0.0,0.0,STOPPED,DUPLICATE_OR_OLD,DUPLICATE_OR_OLD,143.716040388,143.716040388
143.85654464599997,0.0,0.0,0.01541133807883489,0.0,0.0,False,0.0,0.0,0.0,STOPPED,DUPLICATE_OR_OLD,DUPLICATE_OR_OLD,143.716040388,143.716040388
143.906544646,0.0,0.0,0.006711752710756508,0.0,0.0,False,0.0,0.0,0.0,STOPPED,ACCEPTED,ACCEPTED,143.837998621,143.837998621
143.956544646,0.0,0.0,0.00539419956867635,0.0,0.0,False,0.0,0.0,0.0,STOPPED,ACCEPTED,ACCEPTED,143.907992005,143.907992005
144.00654464599998,0.0,0.0,0.010394199568674645,0.0,0.0,False,0.0,0.0,0.0,STOPPED,DUPLICATE_OR_OLD,DUPLICATE_OR_OLD,143.907992005,143.907992005
144.056544646,0.0,0.0,0.0060620928519695555,0.0,0.0,False,0.0,0.0,0.0,STOPPED,ACCEPTED,ACCEPTED,144.007969377,144.007969377
144.10654464599997,0.0,0.0,0.01106209285196785,0.0,0.0,False,0.0,0.0,0.0,STOPPED,DUPLICATE_OR_OLD,DUPLICATE_OR_OLD,144.007969377,144.007969377
144.156544646,0.0,0.0,0.006163009602951169,0.0,0.0,False,0.0,0.0,0.0,STOPPED,ACCEPTED,ACCEPTED,144.121934607,144.121934607
144.206544646,0.0,0.0,0.011163009602952306,0.0,0.0,False,0.0,0.0,0.0,STOPPED,DUPLICATE_OR_OLD,DUPLICATE_OR_OLD,144.121934607,144.121934607
144.25654464599998,0.0,0.0,0.00617780975821978,0.0,0.0,False,0.0,0.0,0.0,STOPPED,ACCEPTED,ACCEPTED,144.20790544,144.20790544
144.306544646,0.0,0.0,0.011177809758220917,0.0,0.0,False,0.0,0.0,0.0,STOPPED,DUPLICATE_OR_OLD,DUPLICATE_OR_OLD,144.20790544,144.20790544
144.35654464599997,0.0,0.0,0.01617780975821921,0.0,0.0,False,0.0,0.0,0.0,STOPPED,DUPLICATE_OR_OLD,DUPLICATE_OR_OLD,144.20790544,144.20790544
144.406544646,0.0,0.0,0.0067925906028843495,0.0,0.0,False,0.0,0.0,0.0,STOPPED,ACCEPTED,ACCEPTED,144.311872961,144.311872961
144.456544646,0.0,0.0,0.011792590602885487,0.0,0.0,False,0.0,0.0,0.0,STOPPED,DUPLICATE_OR_OLD,DUPLICATE_OR_OLD,144.311872961,144.311872961
144.50654464599998,0.0,0.0,0.006267624826498239,0.0,0.0,False,0.0,0.0,0.0,STOPPED,ACCEPTED,ACCEPTED,144.407844484,144.407844484
144.556544646,0.0,0.0,0.005298017488281043,0.0,0.0,False,0.0,0.0,0.0,STOPPED,ACCEPTED,ACCEPTED,144.507818844,144.507818844
144.60654464599997,0.0,0.0,0.010298017488279337,0.0,0.0,False,0.0,0.0,0.0,STOPPED,DUPLICATE_OR_OLD,DUPLICATE_OR_OLD,144.507818844,144.507818844
144.656544646,0.0,0.0,0.006047121081866362,0.0,0.0,False,0.0,0.0,0.0,STOPPED,ACCEPTED,ACCEPTED,144.63778813,144.63778813
144.706544646,0.0,0.0,0.011047121081867499,0.0,0.0,False,0.0,0.0,0.0,STOPPED,DUPLICATE_OR_OLD,DUPLICATE_OR_OLD,144.63778813,144.63778813
144.75654464599998,0.0,0.0,0.006160804117825491,0.0,0.0,False,0.0,0.0,0.0,STOPPED,ACCEPTED,ACCEPTED,144.713768552,144.713768552
144.806544646,0.0,0.0,0.011160804117826629,0.0,0.0,False,0.0,0.0,0.0,STOPPED,DUPLICATE_OR_OLD,DUPLICATE_OR_OLD,144.713768552,144.713768552
144.85654464599997,0.0,0.0,0.006177487528685558,0.0,0.0,False,0.0,0.0,0.0,STOPPED,ACCEPTED,ACCEPTED,144.835723254,144.835723254
144.906544646,0.0,0.0,0.011177487528686695,0.0,0.0,False,0.0,0.0,0.0,STOPPED,DUPLICATE_OR_OLD,DUPLICATE_OR_OLD,144.835723254,144.835723254
144.956544646,0.0,0.0,0.016177487528687834,0.0,0.0,False,0.0,0.0,0.0,STOPPED,DUPLICATE_OR_OLD,DUPLICATE_OR_OLD,144.835723254,144.835723254
145.00654464599998,0.0,0.0,0.0067925574532588335,0.0,0.0,False,0.0,0.0,0.0,STOPPED,ACCEPTED,ACCEPTED,144.907708804,144.907708804
145.056544646,0.0,0.0,0.00541127744118711,0.0,0.0,False,0.0,0.0,0.0,STOPPED,ACCEPTED,ACCEPTED,145.015683436,145.015683436
145.10654464599997,0.0,0.0,0.010411277441185404,0.0,0.0,False,0.0,0.0,0.0,STOPPED,DUPLICATE_OR_OLD,DUPLICATE_OR_OLD,145.015683436,145.015683436
145.156544646,0.0,0.0,0.006064739357104488,0.0,0.0,False,0.0,0.0,0.0,STOPPED,ACCEPTED,ACCEPTED,145.125653519,145.125653519
145.206544646,0.0,0.0,0.011064739357105625,0.0,0.0,False,0.0,0.0,0.0,STOPPED,DUPLICATE_OR_OLD,DUPLICATE_OR_OLD,145.125653519,145.125653519
145.25654464599998,0.0,0.0,0.01606473935710392,0.0,0.0,False,0.0,0.0,0.0,STOPPED,DUPLICATE_OR_OLD,DUPLICATE_OR_OLD,145.125653519,145.125653519
145.306544646,0.0,0.0,0.006780916174752061,0.0,0.0,False,0.0,0.0,0.0,STOPPED,ACCEPTED,ACCEPTED,145.207630775,145.207630775
145.35654464599997,0.0,0.0,0.011780916174750355,0.0,0.0,False,0.0,0.0,0.0,STOPPED,DUPLICATE_OR_OLD,DUPLICATE_OR_OLD,145.207630775,145.207630775
145.406544646,0.0,0.0,0.006265997796808835,0.0,0.0,False,0.0,0.0,0.0,STOPPED,ACCEPTED,ACCEPTED,145.31959381,145.31959381
145.456544646,0.0,0.0,0.005297657746630605,0.0,0.0,False,0.0,0.0,0.0,STOPPED,ACCEPTED,ACCEPTED,145.415582154,145.415582154
145.50654464599998,0.0,0.0,0.0102976577466289,0.0,0.0,False,0.0,0.0,0.0,STOPPED,DUPLICATE_OR_OLD,DUPLICATE_OR_OLD,145.415582154,145.415582154
145.556544646,0.0,0.0,0.015297657746630037,0.0,0.0,False,0.0,0.0,0.0,STOPPED,DUPLICATE_OR_OLD,DUPLICATE_OR_OLD,145.415582154,145.415582154
145.60654464599997,0.0,0.0,0.006699414824859574,0.0,0.0,False,0.0,0.0,0.0,STOPPED,ACCEPTED,ACCEPTED,145.511542194,145.511542194
145.656544646,0.0,0.0,0.005391580795744252,0.0,0.0,False,0.0,0.0,0.0,STOPPED,ACCEPTED,ACCEPTED,145.61551042,145.61551042
145.706544646,0.0,0.0,0.010391580795745389,0.0,0.0,False,0.0,0.0,0.0,STOPPED,DUPLICATE_OR_OLD,DUPLICATE_OR_OLD,145.61551042,145.61551042
145.75654464599998,0.0,0.0,0.0060616867140165336,0.0,0.0,False,0.0,0.0,0.0,STOPPED,ACCEPTED,ACCEPTED,145.715486623,145.715486623
145.806544646,0.0,0.0,0.01106168671401767,0.0,0.0,False,0.0,0.0,0.0,STOPPED,DUPLICATE_OR_OLD,DUPLICATE_OR_OLD,145.715486623,145.715486623
145.85654464599997,0.0,0.0,0.006162949808378289,0.0,0.0,False,0.0,0.0,0.0,STOPPED,ACCEPTED,ACCEPTED,145.843445498,145.843445498
145.906544646,0.0,0.0,0.011162949808379426,0.0,0.0,False,0.0,0.0,0.0,STOPPED,DUPLICATE_OR_OLD,DUPLICATE_OR_OLD,145.843445498,145.843445498
145.956544646,0.0,0.0,0.016162949808380563,0.0,0.0,False,0.0,0.0,0.0,STOPPED,DUPLICATE_OR_OLD,DUPLICATE_OR_OLD,145.843445498,145.843445498
146.00654464599998,0.0,0.0,0.006791061160291292,0.0,0.0,False,0.0,0.0,0.0,STOPPED,ACCEPTED,ACCEPTED,145.907436911,145.907436911
146.056544646,0.0,0.0,0.005410962354498847,0.0,0.0,False,0.0,0.0,0.0,STOPPED,ACCEPTED,ACCEPTED,146.015411954,146.015411954
146.10654464599997,0.0,0.0,0.010410962354497143,0.0,0.0,False,0.0,0.0,0.0,STOPPED,DUPLICATE_OR_OLD,DUPLICATE_OR_OLD,146.015411954,146.015411954
146.156544646,0.0,0.0,0.00606469056130423,0.0,0.0,False,0.0,0.0,0.0,STOPPED,ACCEPTED,ACCEPTED,146.113367113,146.113367113
146.206544646,0.0,0.0,0.011064690561305367,0.0,0.0,False,0.0,0.0,0.0,STOPPED,DUPLICATE_OR_OLD,DUPLICATE_OR_OLD,146.113367113,146.113367113
146.25654464599998,0.0,0.0,0.016064690561303663,0.0,0.0,False,0.0,0.0,0.0,STOPPED,DUPLICATE_OR_OLD,DUPLICATE_OR_OLD,146.113367113,146.113367113
146.306544646,0.0,0.0,0.006780911118278987,0.0,0.0,False,0.0,0.0,0.0,STOPPED,ACCEPTED,ACCEPTED,146.207357654,146.207357654
146.35654464599997,0.0,0.0,0.005408823833999958,0.0,0.0,False,0.0,0.0,0.0,STOPPED,ACCEPTED,ACCEPTED,146.319311566,146.319311566
146.406544646,0.0,0.0,0.010408823834001095,0.0,0.0,False,0.0,0.0,0.0,STOPPED,DUPLICATE_OR_OLD,DUPLICATE_OR_OLD,146.319311566,146.319311566
146.456544646,0.0,0.0,0.015408823834002232,0.0,0.0,False,0.0,0.0,0.0,STOPPED,DUPLICATE_OR_OLD,DUPLICATE_OR_OLD,146.319311566,146.319311566
146.50654464599998,0.0,0.0,0.006711480833790467,0.0,0.0,False,0.0,0.0,0.0,STOPPED,ACCEPTED,ACCEPTED,146.409302104,146.409302104
146.556544646,0.0,0.0,0.005394141893612312,0.0,0.0,False,0.0,0.0,0.0,STOPPED,ACCEPTED,ACCEPTED,146.50727075,146.50727075
146.60654464599997,0.0,0.0,0.010394141893610606,0.0,0.0,False,0.0,0.0,0.0,STOPPED,DUPLICATE_OR_OLD,DUPLICATE_OR_OLD,146.50727075,146.50727075
146.656544646,0.0,0.0,0.015394141893611744,0.0,0.0,False,0.0,0.0,0.0,STOPPED,DUPLICATE_OR_OLD,DUPLICATE_OR_OLD,146.50727075,146.50727075
146.706544646,0.0,0.0,0.006709892309181649,0.0,0.0,False,0.0,0.0,0.0,STOPPED,ACCEPTED,ACCEPTED,146.62523901,146.62523901
146.75654464599998,0.0,0.0,0.005393804880473066,0.0,0.0,False,0.0,0.0,0.0,STOPPED,ACCEPTED,ACCEPTED,146.707213762,146.707213762
146.806544646,0.0,0.0,0.010393804880474204,0.0,0.0,False,0.0,0.0,0.0,STOPPED,DUPLICATE_OR_OLD,DUPLICATE_OR_OLD,146.707213762,146.707213762
146.85654464599997,0.0,0.0,0.015393804880472498,0.0,0.0,False,0.0,0.0,0.0,STOPPED,DUPLICATE_OR_OLD,DUPLICATE_OR_OLD,146.707213762,146.707213762
146.906544646,0.0,0.0,0.006709855827749802,0.0,0.0,False,0.0,0.0,0.0,STOPPED,ACCEPTED,ACCEPTED,146.841176572,146.841176572
146.956544646,0.0,0.0,0.005393797140183053,0.0,0.0,False,0.0,0.0,0.0,STOPPED,ACCEPTED,ACCEPTED,146.917153025,146.917153025
147.00654464599998,0.0,0.0,0.010393797140181349,0.0,0.0,False,0.0,0.0,0.0,STOPPED,DUPLICATE_OR_OLD,DUPLICATE_OR_OLD,146.917153025,146.917153025
147.056544646,0.0,0.0,0.006062030445940572,0.0,0.0,False,0.0,0.0,0.0,STOPPED,ACCEPTED,ACCEPTED,147.011124336,147.011124336
147.10654464599997,0.0,0.0,0.011062030445938866,0.0,0.0,False,0.0,0.0,0.0,STOPPED,DUPLICATE_OR_OLD,DUPLICATE_OR_OLD,147.011124336,147.011124336
147.156544646,0.0,0.0,0.006163000415204481,0.0,0.0,False,0.0,0.0,0.0,STOPPED,ACCEPTED,ACCEPTED,147.11110098,147.11110098
147.206544646,0.0,0.0,0.01116300041520562,0.0,0.0,False,0.0,0.0,0.0,STOPPED,DUPLICATE_OR_OLD,DUPLICATE_OR_OLD,147.11110098,147.11110098
147.25654464599998,0.0,0.0,0.006177808415968693,0.0,0.0,False,0.0,0.0,0.0,STOPPED,ACCEPTED,ACCEPTED,147.219061524,147.219061524
147.306544646,0.0,0.0,0.01117780841596983,0.0,0.0,False,0.0,0.0,0.0,STOPPED,DUPLICATE_OR_OLD,DUPLICATE_OR_OLD,147.219061524,147.219061524
147.35654464599997,0.0,0.0,0.006179970515064154,0.0,0.0,False,0.0,0.0,0.0,STOPPED,ACCEPTED,ACCEPTED,147.327042905,147.327042905
147.406544646,0.0,0.0,0.011179970515065292,0.0,0.0,False,0.0,0.0,0.0,STOPPED,DUPLICATE_OR_OLD,DUPLICATE_OR_OLD,147.327042905,147.327042905
147.456544646,0.0,0.0,0.00618028599602698,0.0,0.0,False,0.0,0.0,0.0,STOPPED,ACCEPTED,ACCEPTED,147.407018728,147.407018728
147.50654464599998,0.0,0.0,0.011180285996025274,0.0,0.0,False,0.0,0.0,0.0,STOPPED,DUPLICATE_OR_OLD,DUPLICATE_OR_OLD,147.407018728,147.407018728
147.556544646,0.0,0.0,0.006180332024822885,0.0,0.0,False,0.0,0.0,0.0,STOPPED,ACCEPTED,ACCEPTED,147.508997414,147.508997414
147.60654464599997,0.0,0.0,0.011180332024821181,0.0,0.0,False,0.0,0.0,0.0,STOPPED,DUPLICATE_OR_OLD,DUPLICATE_OR_OLD,147.508997414,147.508997414
147.656544646,0.0,0.0,0.006180338740349544,0.0,0.0,False,0.0,0.0,0.0,STOPPED,ACCEPTED,ACCEPTED,147.610956011,147.610956011
147.706544646,0.0,0.0,0.011180338740350682,0.0,0.0,False,0.0,0.0,0.0,STOPPED,DUPLICATE_OR_OLD,DUPLICATE_OR_OLD,147.610956011,147.610956011
147.75654464599998,0.0,0.0,0.0061803397201320165,0.0,0.0,False,0.0,0.0,0.0,STOPPED,ACCEPTED,ACCEPTED,147.740918642,147.740918642
147.806544646,0.0,0.0,0.011180339720133154,0.0,0.0,False,0.0,0.0,0.0,STOPPED,DUPLICATE_OR_OLD,DUPLICATE_OR_OLD,147.740918642,147.740918642
147.85654464599997,0.0,0.0,0.01618033972013145,0.0,0.0,False,0.0,0.0,0.0,STOPPED,DUPLICATE_OR_OLD,DUPLICATE_OR_OLD,147.740918642,147.740918642
147.906544646,0.0,0.0,0.0067928508509664575,0.0,0.0,False,0.0,0.0,0.0,STOPPED,ACCEPTED,ACCEPTED,147.838895099,147.838895099
147.956544646,0.0,0.0,0.011792850850967596,0.0,0.0,False,0.0,0.0,0.0,STOPPED,DUPLICATE_OR_OLD,DUPLICATE_OR_OLD,147.838895099,147.838895099
148.00654464599998,0.0,0.0,0.006267661080329011,0.0,0.0,False,0.0,0.0,0.0,STOPPED,ACCEPTED,ACCEPTED,147.930865645,147.930865645
148.056544646,0.0,0.0,0.0052980255034961446,0.0,0.0,False,0.0,0.0,0.0,STOPPED,ACCEPTED,ACCEPTED,148.012852195,148.012852195
148.10654464599997,0.0,0.0,0.01029802550349444,0.0,0.0,False,0.0,0.0,0.0,STOPPED,DUPLICATE_OR_OLD,DUPLICATE_OR_OLD,148.012852195,148.012852195
148.156544646,0.0,0.0,0.0060471223342635026,0.0,0.0,False,0.0,0.0,0.0,STOPPED,ACCEPTED,ACCEPTED,148.112821926,148.112821926
148.206544646,0.0,0.0,0.01104712233426464,0.0,0.0,False,0.0,0.0,0.0,STOPPED,DUPLICATE_OR_OLD,DUPLICATE_OR_OLD,148.112821926,148.112821926
148.25654464599998,0.0,0.0,0.016047122334262934,0.0,0.0,False,0.0,0.0,0.0,STOPPED,DUPLICATE_OR_OLD,DUPLICATE_OR_OLD,148.112821926,148.112821926
148.306544646,0.0,0.0,0.006779089574764278,0.0,0.0,False,0.0,0.0,0.0,STOPPED,ACCEPTED,ACCEPTED,148.210795117,148.210795117
148.35654464599997,0.0,0.0,0.005408439840576295,0.0,0.0,False,0.0,0.0,0.0,STOPPED,ACCEPTED,ACCEPTED,148.334756725,148.334756725
148.406544646,0.0,0.0,0.010408439840577433,0.0,0.0,False,0.0,0.0,0.0,STOPPED,DUPLICATE_OR_OLD,DUPLICATE_OR_OLD,148.334756725,148.334756725
148.456544646,0.0,0.0,0.0060642998693569965,0.0,0.0,False,0.0,0.0,0.0,STOPPED,ACCEPTED,ACCEPTED,148.410743201,148.410743201
148.50654464599998,0.0,0.0,0.011064299869355292,0.0,0.0,False,0.0,0.0,0.0,STOPPED,DUPLICATE_OR_OLD,DUPLICATE_OR_OLD,148.410743201,148.410743201
148.556544646,0.0,0.0,0.006163334503468896,0.0,0.0,False,0.0,0.0,0.0,STOPPED,ACCEPTED,ACCEPTED,148.534702612,148.534702612
148.60654464599997,0.0,0.0,0.011163334503467192,0.0,0.0,False,0.0,0.0,0.0,STOPPED,DUPLICATE_OR_OLD,DUPLICATE_OR_OLD,148.534702612,148.534702612
148.656544646,0.0,0.0,0.006177857222796141,0.0,0.0,False,0.0,0.0,0.0,STOPPED,ACCEPTED,ACCEPTED,148.614672856,148.614672856
148.706544646,0.0,0.0,0.011177857222797278,0.0,0.0,False,0.0,0.0,0.0,STOPPED,DUPLICATE_OR_OLD,DUPLICATE_OR_OLD,148.614672856,148.614672856
148.75654464599998,0.0,0.0,0.0061799776372483085,0.0,0.0,False,0.0,0.0,0.0,STOPPED,ACCEPTED,ACCEPTED,148.716658838,148.716658838
148.806544646,0.0,0.0,0.011179977637249445,0.0,0.0,False,0.0,0.0,0.0,STOPPED,DUPLICATE_OR_OLD,DUPLICATE_OR_OLD,148.716658838,148.716658838
148.85654464599997,0.0,0.0,0.006180287035168269,0.0,0.0,False,0.0,0.0,0.0,STOPPED,ACCEPTED,ACCEPTED,148.84462703,148.84462703
148.906544646,0.0,0.0,0.011180287035169406,0.0,0.0,False,0.0,0.0,0.0,STOPPED,DUPLICATE_OR_OLD,DUPLICATE_OR_OLD,148.84462703,148.84462703
148.956544646,0.0,0.0,0.01618028703517054,0.0,0.0,False,0.0,0.0,0.0,STOPPED,DUPLICATE_OR_OLD,DUPLICATE_OR_OLD,148.84462703,148.84462703
149.00654464599998,0.0,0.0,0.006792845431884315,0.0,0.0,False,0.0,0.0,0.0,STOPPED,ACCEPTED,ACCEPTED,148.920601218,148.920601218
149.056544646,0.0,0.0,0.005411338078244321,0.0,0.0,False,0.0,0.0,0.0,STOPPED,ACCEPTED,ACCEPTED,149.012575446,149.012575446
149.10654464599997,0.0,0.0,0.010411338078242616,0.0,0.0,False,0.0,0.0,0.0,STOPPED,DUPLICATE_OR_OLD,DUPLICATE_OR_OLD,149.012575446,149.012575446
149.156544646,0.0,0.0,0.015411338078243754,0.0,0.0,False,0.0,0.0,0.0,STOPPED,DUPLICATE_OR_OLD,DUPLICATE_OR_OLD,149.012575446,149.012575446
149.206544646,0.0,0.0,0.00671175271069259,0.0,0.0,False,0.0,0.0,0.0,STOPPED,ACCEPTED,ACCEPTED,149.110543267,149.110543267
149.25654464599998,0.0,0.0,0.005394199568662187,0.0,0.0,False,0.0,0.0,0.0,STOPPED,ACCEPTED,ACCEPTED,149.214524069,149.214524069
149.306544646,0.0,0.0,0.010394199568663325,0.0,0.0,False,0.0,0.0,0.0,STOPPED,DUPLICATE_OR_OLD,DUPLICATE_OR_OLD,149.214524069,149.214524069
149.35654464599997,0.0,0.0,0.015394199568661619,0.0,0.0,False,0.0,0.0,0.0,STOPPED,DUPLICATE_OR_OLD,DUPLICATE_OR_OLD,149.214524069,149.214524069
149.406544646,0.0,0.0,0.006709898552383572,0.0,0.0,False,0.0,0.0,0.0,STOPPED,ACCEPTED,ACCEPTED,149.314490945,149.314490945
149.456544646,0.0,0.0,0.00539380620509553,0.0,0.0,False,0.0,0.0,0.0,STOPPED,ACCEPTED,ACCEPTED,149.414458211,149.414458211
149.50654464599998,0.0,0.0,0.010393806205093826,0.0,0.0,False,0.0,0.0,0.0,STOPPED,DUPLICATE_OR_OLD,DUPLICATE_OR_OLD,149.414458211,149.414458211
149.556544646,0.0,0.0,0.006062031851690819,0.0,0.0,False,0.0,0.0,0.0,STOPPED,ACCEPTED,ACCEPTED,149.510436723,149.510436723
149.60654464599997,0.0,0.0,0.011062031851689115,0.0,0.0,False,0.0,0.0,0.0,STOPPED,DUPLICATE_OR_OLD,DUPLICATE_OR_OLD,149.510436723,149.510436723
149.656544646,0.0,0.0,0.006163000622166975,0.0,0.0,False,0.0,0.0,0.0,STOPPED,ACCEPTED,ACCEPTED,149.624400044,149.624400044
149.706544646,0.0,0.0,0.011163000622168111,0.0,0.0,False,0.0,0.0,0.0,STOPPED,DUPLICATE_OR_OLD,DUPLICATE_OR_OLD,149.624400044,149.624400044
149.75654464599998,0.0,0.0,0.016163000622166405,0.0,0.0,False,0.0,0.0,0.0,STOPPED,DUPLICATE_OR_OLD,DUPLICATE_OR_OLD,149.624400044,149.624400044
149.806544646,0.0,0.0,0.006791066392725167,0.0,0.0,False,0.0,0.0,0.0,STOPPED,ACCEPTED,ACCEPTED,149.720375264,149.720375264
149.85654464599997,0.0,0.0,0.01179106639272346,0.0,0.0,False,0.0,0.0,0.0,STOPPED,DUPLICATE_OR_OLD,DUPLICATE_OR_OLD,149.720375264,149.720375264
149.906544646,0.0,0.0,0.006267412482425259,0.0,0.0,False,0.0,0.0,0.0,STOPPED,ACCEPTED,ACCEPTED,149.838333758,149.838333758
149.956544646,0.0,0.0,0.011267412482426395,0.0,0.0,False,0.0,0.0,0.0,STOPPED,DUPLICATE_OR_OLD,DUPLICATE_OR_OLD,149.838333758,149.838333758
150.00654464599998,0.0,0.0,0.006193001496934304,0.0,0.0,False,0.0,0.0,0.0,STOPPED,ACCEPTED,ACCEPTED,149.914316922,149.914316922
150.056544646,0.0,0.0,0.005281461193004671,0.0,0.0,False,0.0,0.0,0.0,STOPPED,ACCEPTED,ACCEPTED,150.016291965,150.016291965
150.10654464599997,0.0,0.0,0.010281461193002966,0.0,0.0,False,0.0,0.0,0.0,STOPPED,DUPLICATE_OR_OLD,DUPLICATE_OR_OLD,150.016291965,150.016291965
150.156544646,0.0,0.0,0.006044532424903034,0.0,0.0,False,0.0,0.0,0.0,STOPPED,ACCEPTED,ACCEPTED,150.126255862,150.126255862
150.206544646,0.0,0.0,0.01104453242490417,0.0,0.0,False,0.0,0.0,0.0,STOPPED,DUPLICATE_OR_OLD,DUPLICATE_OR_OLD,150.126255862,150.126255862
150.25654464599998,0.0,0.0,0.016044532424902464,0.0,0.0,False,0.0,0.0,0.0,STOPPED,DUPLICATE_OR_OLD,DUPLICATE_OR_OLD,150.126255862,150.126255862
150.306544646,0.0,0.0,0.006778820868315575,0.0,0.0,False,0.0,0.0,0.0,STOPPED,ACCEPTED,ACCEPTED,150.224238834,150.224238834
150.35654464599997,0.0,0.0,0.005408383190042646,0.0,0.0,False,0.0,0.0,0.0,STOPPED,ACCEPTED,ACCEPTED,150.324210594,150.324210594
150.406544646,0.0,0.0,0.010408383190043783,0.0,0.0,False,0.0,0.0,0.0,STOPPED,DUPLICATE_OR_OLD,DUPLICATE_OR_OLD,150.324210594,150.324210594
150.456544646,0.0,0.0,0.006064291094319599,0.0,0.0,False,0.0,0.0,0.0,STOPPED,ACCEPTED,ACCEPTED,150.420180763,150.420180763
150.50654464599998,0.0,0.0,0.011064291094317894,0.0,0.0,False,0.0,0.0,0.0,STOPPED,DUPLICATE_OR_OLD,DUPLICATE_OR_OLD,150.420180763,150.420180763
150.556544646,0.0,0.0,0.006163333211782769,0.0,0.0,False,0.0,0.0,0.0,STOPPED,ACCEPTED,ACCEPTED,150.512150628,150.512150628
150.60654464599997,0.0,0.0,0.011163333211781064,0.0,0.0,False,0.0,0.0,0.0,STOPPED,DUPLICATE_OR_OLD,DUPLICATE_OR_OLD,150.512150628,150.512150628
150.656544646,0.0,0.0,0.006177857034096607,0.0,0.0,False,0.0,0.0,0.0,STOPPED,ACCEPTED,ACCEPTED,150.614122577,150.614122577
150.706544646,0.0,0.0,0.011177857034097745,0.0,0.0,False,0.0,0.0,0.0,STOPPED,DUPLICATE_OR_OLD,DUPLICATE_OR_OLD,150.614122577,150.614122577
150.75654464599998,0.0,0.0,0.006179977609712195,0.0,0.0,False,0.0,0.0,0.0,STOPPED,ACCEPTED,ACCEPTED,150.714099429,150.714099429
150.806544646,0.0,0.0,0.011179977609713333,0.0,0.0,False,0.0,0.0,0.0,STOPPED,DUPLICATE_OR_OLD,DUPLICATE_OR_OLD,150.714099429,150.714099429
150.85654464599997,0.0,0.0,0.006180287031150693,0.0,0.0,False,0.0,0.0,0.0,STOPPED,ACCEPTED,ACCEPTED,150.836065197,150.836065197
150.906544646,0.0,0.0,0.01118028703115183,0.0,0.0,False,0.0,0.0,0.0,STOPPED,DUPLICATE_OR_OLD,DUPLICATE_OR_OLD,150.836065197,150.836065197
150.956544646,0.0,0.0,0.00618033217584643,0.0,0.0,False,0.0,0.0,0.0,STOPPED,ACCEPTED,ACCEPTED,150.916059741,150.916059741
151.00654464599998,0.0,0.0,0.011180332175844725,0.0,0.0,False,0.0,0.0,0.0,STOPPED,DUPLICATE_OR_OLD,DUPLICATE_OR_OLD,150.916059741,150.916059741
151.056544646,0.0,0.0,0.016180332175845864,0.0,0.0,False,0.0,0.0,0.0,STOPPED,DUPLICATE_OR_OLD,DUPLICATE_OR_OLD,150.916059741,150.916059741
151.10654464599997,0.00035246879954879055,8.81171998871676e-06,0.006792850074975424,0.0,0.0,False,0.0,0.6792850074975423,0.0,FUSED,ACCEPTED,ACCEPTED,151.01201207,151.01201207
151.156544646,0.001107939297213722,4.5321922407787876e-05,0.005411339055884936,0.0,0.0,False,0.0,0.5411339055884935,0.0,FUSED,ACCEPTED,ACCEPTED,151.125977332,151.125977332
151.206544646,0.004012094227868801,0.00017332276053488006,0.010411339055886072,0.0,0.0,False,0.0,0.0,0.0,MODEL_ONLY,DUPLICATE_OR_OLD,DUPLICATE_OR_OLD,151.125977332,151.125977332
151.25654464599998,0.0030019908913897055,0.0003486748885162829,0.006064748898903715,0.0,0.0,False,0.0,0.6064748898903713,0.0,FUSED,ACCEPTED,ACCEPTED,151.225945336,151.225945336
151.306544646,0.007292015193261974,0.0006060250406326334,0.011064748898904853,0.0,0.0,False,0.0,0.0,0.0,MODEL_ONLY,DUPLICATE_OR_OLD,DUPLICATE_OR_OLD,151.225945336,151.225945336
151.35654464599997,0.005033137655836493,0.00091415386185999,0.00616340059948906,0.0,0.0,False,0.0,0.616340059948906,0.0,FUSED,ACCEPTED,ACCEPTED,151.31393425,151.31393425
151.406544646,0.012291662075860667,0.0013472738551525173,0.011163400599490197,0.0,0.0,False,0.0,0.0,0.0,MODEL_ONLY,DUPLICATE_OR_OLD,DUPLICATE_OR_OLD,151.31393425,151.31393425
151.456544646,0.007908095157283676,0.0018522677859812407,0.006177866878591303,0.0,0.0,False,0.0,0.6177866878591303,0.0,FUSED,ACCEPTED,ACCEPTED,151.417894343,151.417894343
151.50654464599998,0.017450910663131883,0.0024862429314914136,0.011177866878589598,0.0,0.0,False,0.0,0.0,0.0,MODEL_ONLY,DUPLICATE_OR_OLD,DUPLICATE_OR_OLD,151.417894343,151.417894343
151.556544646,0.01584655324928737,0.003318679529302084,0.0061799790462765385,0.0,0.0,False,0.0,0.6179979046276538,0.0,FUSED,ACCEPTED,ACCEPTED,151.515867358,151.515867358
151.60654464599997,0.027153805135987124,0.00439368848893358,0.011179979046274834,0.0,0.0,False,0.0,0.0,0.0,MODEL_ONLY,DUPLICATE_OR_OLD,DUPLICATE_OR_OLD,151.515867358,151.515867358
151.656544646,0.02026686086049614,0.0055792051388459316,0.006180287240748396,0.0,0.0,False,0.0,0.6180287240748394,0.0,FUSED,ACCEPTED,ACCEPTED,151.62384482,151.62384482
151.706544646,0.03422194894447951,0.006941425383970632,0.011180287240749532,0.0,0.0,False,0.0,0.0,0.0,MODEL_ONLY,DUPLICATE_OR_OLD,DUPLICATE_OR_OLD,151.62384482,151.62384482
151.75654464599998,0.027349278916149182,0.008480706080485824,0.006180332206426031,0.0,0.0,False,0.0,0.6180332206426029,0.0,FUSED,ACCEPTED,ACCEPTED,151.709819811,151.709819811
151.806544646,0.04334561666844946,0.010248078470101191,0.011180332206427168,0.0,0.0,False,0.0,0.0,0.0,MODEL_ONLY,DUPLICATE_OR_OLD,DUPLICATE_OR_OLD,151.709819811,151.709819811
151.85654464599997,0.05999296859594844,0.012831543101710257,0.016180332206425462,0.0,0.0,False,0.0,0.0,0.0,MODEL_ONLY,DUPLICATE_OR_OLD,DUPLICATE_OR_OLD,151.709819811,151.709819811
151.906544646,0.040348071120228465,0.01534006909461525,0.006792850078121076,0.0,0.0,False,0.0,0.6792850078121075,0.0,FUSED,ACCEPTED,ACCEPTED,151.839786566,151.839786566
151.956544646,0.05855413681932334,0.017812624293104606,0.011792850078122214,0.0,0.0,False,0.0,0.0,0.0,MODEL_ONLY,DUPLICATE_OR_OLD,DUPLICATE_OR_OLD,151.839786566,151.839786566
152.00654464599998,0.044318442423968554,0.020384438774186026,0.006267660972668911,0.0,0.0,False,0.0,0.626766097266891,0.0,FUSED,ACCEPTED,ACCEPTED,151.93975709,151.93975709
152.056544646,0.03662242871432252,0.02240796055264376,0.005298025479694043,0.0,0.0,False,0.0,0.5298025479694041,0.0,FUSED,ACCEPTED,ACCEPTED,152.023736142,152.023736142
152.10654464599997,0.056406169378939705,0.024733675504974528,0.010298025479692337,0.0,0.0,False,0.0,0.0,0.0,MODEL_ONLY,DUPLICATE_OR_OLD,DUPLICATE_OR_OLD,152.023736142,152.023736142
152.156544646,0.07633630317418863,0.02805223731880349,0.015298025479693474,0.0,0.0,False,0.0,0.0,0.0,MODEL_ONLY,DUPLICATE_OR_OLD,DUPLICATE_OR_OLD,152.023736142,152.023736142
152.206544646,0.05297486785350476,0.03128501659449656,0.006699454884707955,0.0,0.0,False,0.0,0.6699454884707954,0.0,FUSED,ACCEPTED,ACCEPTED,152.127702192,152.127702192
152.25654464599998,0.07373060705545093,0.034452653467219374,0.01169945488470625,0.0,0.0,False,0.0,0.0,0.0,MODEL_ONLY,DUPLICATE_OR_OLD,DUPLICATE_OR_OLD,152.127702192,152.127702192
152.306544646,0.060555602157551514,0.037809808697545196,0.00625460518082424,0.0,0.0,False,0.0,0.625460518082424,0.0,FUSED,ACCEPTED,ACCEPTED,152.209678064,152.209678064
152.35654464599997,0.08183339369981084,0.04136953359397804,0.011254605180822535,0.0,0.0,False,0.0,0.0,0.0,MODEL_ONLY,DUPLICATE_OR_OLD,DUPLICATE_OR_OLD,152.209678064,152.209678064
152.406544646,0.13147254895415889,0.046702182160328495,0.006191144398810466,0.0,0.0,False,0.0,0.6191144398810466,0.0,FUSED,ACCEPTED,ACCEPTED,152.325628094,152.325628094
152.456544646,0.15256487700379587,0.053803117809278975,0.005281047681143262,0.0,0.0,False,0.0,0.528104768114326,0.0,FUSED,ACCEPTED,ACCEPTED,152.42559942,152.42559942
152.50654464599998,0.17324457923234998,0.06194835421517985,0.010281047681141558,0.0,0.0,False,0.0,0.0,0.0,MODEL_ONLY,DUPLICATE_OR_OLD,DUPLICATE_OR_OLD,152.42559942,152.42559942
152.556544646,0.19389671943861794,0.07112688668195613,0.015281047681142695,0.0,0.0,False,0.0,0.0,0.0,MODEL_ONLY,DUPLICATE_OR_OLD,DUPLICATE_OR_OLD,152.42559942,152.42559942
152.60654464599997,0.20623245406833465,0.08113011601962654,0.006697604354611551,0.0,0.0,False,0.0,0.669760435461155,0.0,FUSED,ACCEPTED,ACCEPTED,152.507577759,152.507577759
152.656544646,0.21554677390933208,0.0916745967190706,0.005391196264543325,0.0,0.0,False,0.0,0.5391196264543323,0.0,FUSED,ACCEPTED,ACCEPTED,152.629548126,152.629548126
152.706544646,0.2362435071076248,0.10296935374449709,0.010391196264544461,0.0,0.0,False,0.0,0.0,0.0,MODEL_ONLY,DUPLICATE_OR_OLD,DUPLICATE_OR_OLD,152.629548126,152.629548126
152.75654464599998,0.24486323254784992,0.11499702223587986,0.006061627071126072,0.0,0.0,False,0.0,0.6061627071126071,0.0,FUSED,ACCEPTED,ACCEPTED,152.703879692,152.703879692
152.806544646,0.2655704247447916,0.1277578636681988,0.01106162707112721,0.0,0.0,False,0.0,0.0,0.0,MODEL_ONLY,DUPLICATE_OR_OLD,DUPLICATE_OR_OLD,152.703879692,152.703879692
152.85654464599997,0.28625749267725836,0.14155356160374535,0.016061627071125503,0.0,0.0,False,0.0,0.0,0.0,MODEL_ONLY,DUPLICATE_OR_OLD,DUPLICATE_OR_OLD,152.703879692,152.703879692
152.906544646,0.2807420860017203,0.15572855107072303,0.006780593631781927,0.0,0.0,False,0.0,0.6780593631781926,0.0,FUSED,ACCEPTED,ACCEPTED,152.839482113,152.839482113
152.956544646,0.301498923753739,0.17028457631461283,0.011780593631783064,0.0,0.0,False,0.0,0.0,0.0,MODEL_ONLY,DUPLICATE_OR_OLD,DUPLICATE_OR_OLD,152.839482113,152.839482113
153.00654464599998,0.3072833470261219,0.18550413308410416,0.006265952824834813,0.0,0.0,False,0.0,0.6265952824834812,0.0,FUSED,ACCEPTED,ACCEPTED,152.929471083,152.929471083
153.056544646,0.32910032403206774,0.20141372486056253,0.01126595282483595,0.0,0.0,False,0.0,0.0,0.0,MODEL_ONLY,DUPLICATE_OR_OLD,DUPLICATE_OR_OLD,152.929471083,152.929471083
153.10654464599997,0.34276410097353605,0.21821033548569685,0.006192789933535144,0.0,0.0,False,0.0,0.6192789933535141,0.0,FUSED,ACCEPTED,ACCEPTED,153.011436795,153.011436795
153.156544646,0.3653860666349814,0.23591408967591382,0.011192789933536281,0.0,0.0,False,0.0,0.0,0.0,MODEL_ONLY,DUPLICATE_OR_OLD,DUPLICATE_OR_OLD,153.011436795,153.011436795
153.206544646,0.37365704632308766,0.25439016749986976,0.006182155461340934,0.0,0.0,False,0.0,0.6182155461340935,0.0,FUSED,ACCEPTED,ACCEPTED,153.113407648,153.113407648
153.25654464599998,0.3969034666744781,0.2736541803248023,0.01118215546133923,0.0,0.0,False,0.0,0.0,0.0,MODEL_ONLY,DUPLICATE_OR_OLD,DUPLICATE_OR_OLD,153.113407648,153.113407648
153.306544646,0.40765227216064853,0.2937680737956851,0.006180604757784118,0.0,0.0,False,0.0,0.6180604757784116,0.0,FUSED,ACCEPTED,ACCEPTED,153.207389737,153.207389737
153.35654464599997,0.4176037330974761,0.3143994739271312,0.005278699492125838,0.0,0.0,False,0.0,0.5278699492125838,0.0,FUSED,ACCEPTED,ACCEPTED,153.311361917,153.311361917
153.406544646,0.4415220335387688,0.3358776180930422,0.010278699492126975,0.0,0.0,False,0.0,0.0,0.0,MODEL_ONLY,DUPLICATE_OR_OLD,DUPLICATE_OR_OLD,153.311361917,153.311361917
153.456544646,0.4464516279496937,0.35807695963025876,0.006044100289607842,0.0,0.0,False,0.0,0.6044100289607841,0.0,FUSED,ACCEPTED,ACCEPTED,153.409332323,153.409332323
153.50654464599998,0.47069832321578936,0.3810057084093881,0.011044100289606137,0.0,0.0,False,0.0,0.0,0.0,MODEL_ONLY,DUPLICATE_OR_OLD,DUPLICATE_OR_OLD,153.409332323,153.409332323
153.556544646,0.4879811244011428,0.40497269459981683,0.006160358818772314,0.0,0.0,False,0.0,0.6160358818772314,0.0,FUSED,ACCEPTED,ACCEPTED,153.513302616,153.513302616
153.60654464599997,0.5124789801276584,0.42998419721302833,0.011160358818770609,0.0,0.0,False,0.0,0.0,0.0,MODEL_ONLY,DUPLICATE_OR_OLD,DUPLICATE_OR_OLD,153.513302616,153.513302616
153.656544646,0.525218329900357,0.4559266299637346,0.006177422462254473,0.0,0.0,False,0.0,0.6177422462254472,-0.026887710437197346,FUSED,ACCEPTED,ACCEPTED,153.629265497,153.629265497
153.706544646,0.549051958432067,0.4827833871720513,0.01117742246225561,0.0,0.0,False,0.0,0.0,-0.026887710437197346,MODEL_ONLY,DUPLICATE_OR_OLD,DUPLICATE_OR_OLD,153.629265497,153.629265497
153.75654464599998,0.5733916619580582,0.5108444776817949,0.016177422462253906,0.0,0.0,False,0.0,0.0,-0.026887710437197346,MODEL_ONLY,DUPLICATE_OR_OLD,DUPLICATE_OR_OLD,153.629265497,153.629265497
153.806544646,0.5807482834825975,0.5396979763178178,0.006792550759413643,0.0,0.0,False,0.0,0.6792550759413641,-0.0621942931227443,FUSED,ACCEPTED,ACCEPTED,153.747229508,153.747229508
153.85654464599997,0.595141469484904,0.5690952201419953,0.005411276031704953,0.0,0.0,False,0.0,0.5411276031704952,-0.07455121453754732,FUSED,ACCEPTED,ACCEPTED,153.847207962,153.847207962
153.906544646,0.6182873862629469,0.5994309415356984,0.01041127603170609,0.0,0.0,False,0.0,0.0,-0.07455121453754732,MODEL_ONLY,DUPLICATE_OR_OLD,DUPLICATE_OR_OLD,153.847207962,153.847207962
153.956544646,0.6521186113955728,0.6311910914771687,0.006064739138828614,0.0,0.0,False,0.0,0.6064739138828612,-0.030581537930214543,FUSED,ACCEPTED,ACCEPTED,153.903194909,153.903194909
154.00654464599998,0.6788472111737189,0.6644652370413896,0.011064739138826909,0.0,0.0,False,0.0,0.0,-0.030581537930214543,MODEL_ONLY,DUPLICATE_OR_OLD,DUPLICATE_OR_OLD,153.903194909,153.903194909
154.056544646,0.7061467560490384,0.6990900862219664,0.016064739138828048,0.0,0.0,False,0.0,0.0,-0.030581537930214543,MODEL_ONLY,DUPLICATE_OR_OLD,DUPLICATE_OR_OLD,153.903194909,153.903194909
154.10654464599997,0.7254649245627235,0.7348803782372482,0.006780916152132927,0.0,0.0,False,0.0,0.6780916152132925,-0.07480520226149832,FUSED,ACCEPTED,ACCEPTED,154.017168359,154.017168359
154.156544646,0.7494039259548748,0.7717520995001966,0.005408824895081279,0.0,0.0,False,0.0,0.5408824895081277,-0.06873265891443942,FUSED,ACCEPTED,ACCEPTED,154.105497005,154.105497005
154.206544646,0.7761328962714092,0.8098905200558624,0.010408824895082415,0.0,0.0,False,0.0,0.0,-0.06873265891443942,MODEL_ONLY,DUPLICATE_OR_OLD,DUPLICATE_OR_OLD,154.105497005,154.105497005
154.25654464599998,0.7912227014547524,0.8490744099990031,0.006064359512377113,0.0,0.0,False,0.0,0.6064359512377113,-0.10353889553281251,FUSED,ACCEPTED,ACCEPTED,154.215105061,154.215105061
154.306544646,0.8168575471957454,0.8892764162152746,0.01106435951237825,0.0,0.0,False,0.0,0.0,-0.10353889553281251,MODEL_ONLY,DUPLICATE_OR_OLD,DUPLICATE_OR_OLD,154.215105061,154.215105061
154.35654464599997,0.8637691697379868,0.9312920841386035,0.006163343282902639,0.0,0.0,False,0.0,0.6163343282902637,-0.026219154471009143,FUSED,ACCEPTED,ACCEPTED,154.313083067,154.313083067
154.406544646,0.8937708204856808,0.9752305838942052,0.011163343282903776,0.0,0.0,False,0.0,0.0,-0.026219154471009143,MODEL_ONLY,DUPLICATE_OR_OLD,DUPLICATE_OR_OLD,154.313083067,154.313083067
154.456544646,0.9261826335168128,1.0207294202442778,0.006177858505363883,0.0,0.0,False,0.0,0.6177858505363882,-0.050019530388004836,FUSED,ACCEPTED,ACCEPTED,154.439035488,154.439035488
154.50654464599998,0.9553829332729187,1.0677685594140052,0.011177858505362178,0.0,0.0,False,0.0,0.0,-0.050019530388004836,MODEL_ONLY,DUPLICATE_OR_OLD,DUPLICATE_OR_OLD,154.439035488,154.439035488
154.556544646,0.9910726548594695,1.1164299491173257,0.006179977824407906,0.0,0.0,False,0.0,0.6179977824407905,-0.03313483252163411,FUSED,ACCEPTED,ACCEPTED,154.505365723,154.505365723
154.60654464599997,1.0214187069020015,1.1667422331613455,0.0111799778244062,0.0,0.0,False,0.0,0.0,-0.03313483252163411,MODEL_ONLY,DUPLICATE_OR_OLD,DUPLICATE_OR_OLD,154.505365723,154.505365723
154.656544646,1.0302908178830157,1.2180349712809826,0.0061802870624752424,0.0,0.0,False,0.0,0.618028706247524,-0.10435946553329264,FUSED,ACCEPTED,ACCEPTED,154.626997693,154.626997693
154.706544646,1.0573094575187294,1.270224978166038,0.011180287062476379,0.0,0.0,False,0.0,0.0,-0.10435946553329264,MODEL_ONLY,DUPLICATE_OR_OLD,DUPLICATE_OR_OLD,154.626997693,154.626997693
154.75654464599998,1.1023991055343354,1.3242176922423463,0.006180332180416224,0.0,0.0,False,0.0,0.6180332180416223,-0.024791185660783963,FUSED,ACCEPTED,ACCEPTED,154.73695473,154.73695473
154.806544646,1.133577394339114,1.3801171047391951,0.011180332180417361,0.0,0.0,False,0.0,0.0,-0.024791185660783963,MODEL_ONLY,DUPLICATE_OR_OLD,DUPLICATE_OR_OLD,154.73695473,154.73695473
154.85654464599997,1.1774834588061376,1.4378936260678066,0.00618033876305032,0.0,0.0,False,0.0,0.6180338763050319,-0.010728361023117108,FUSED,ACCEPTED,ACCEPTED,154.824930422,154.824930422
154.906544646,1.2095054262429046,1.4975683481940463,0.011180338763051457,0.0,0.0,False,0.0,0.0,-0.010728361023117108,MODEL_ONLY,DUPLICATE_OR_OLD,DUPLICATE_OR_OLD,154.824930422,154.824930422
154.956544646,1.2347305263151607,1.5586742470080117,0.006180339723444431,0.0,0.0,False,0.0,0.6180339723444428,-0.04674575665949497,FUSED,ACCEPTED,ACCEPTED,154.905157014,154.905157014
155.00654464599998,1.2646294656631154,1.6211582468074472,0.011180339723442727,0.0,0.0,False,0.0,0.0,-0.04674575665949497,MODEL_ONLY,DUPLICATE_OR_OLD,DUPLICATE_OR_OLD,154.905157014,154.905157014
155.056544646,1.3063261280689755,1.6854321366507639,0.006180339863563634,0.0,0.0,False,0.0,0.6180339863563633,0.0015438525107173695,FUSED,ACCEPTED,ACCEPTED,155.010876912,155.010876912
155.10654464599997,1.3380102104058977,1.7515405451126134,0.011180339863561928,0.0,0.0,False,0.0,0.0,0.0015438525107173695,MODEL_ONLY,DUPLICATE_OR_OLD,DUPLICATE_OR_OLD,155.010876912,155.010876912
155.156544646,1.3724137223619162,1.819301143431824,0.006180339884006751,0.0,0.0,False,0.0,0.6180339884006749,-0.005906626431935793,FUSED,ACCEPTED,ACCEPTED,155.112857873,155.112857873
155.206544646,1.4032374099449365,1.8886924217395114,0.011180339884007889,0.0,0.0,False,0.0,0.0,-0.005906626431935793,MODEL_ONLY,DUPLICATE_OR_OLD,DUPLICATE_OR_OLD,155.112857873,155.112857873
155.25654464599998,1.4309567896226971,1.959547276728678,0.006180339886989361,0.0,0.0,False,0.0,0.6180339886989361,-0.015833862572622547,FUSED,ACCEPTED,ACCEPTED,155.242810588,155.242810588
155.306544646,1.4609059093578183,2.031843844203207,0.0111803398869905,0.0,0.0,False,0.0,0.0,-0.015833862572622547,MODEL_ONLY,DUPLICATE_OR_OLD,DUPLICATE_OR_OLD,155.242810588,155.242810588
155.35654464599997,1.4901854378161543,2.1056211278825314,0.006180339887424518,0.0,0.0,False,0.0,0.6180339887424517,-0.013310361023530478,FUSED,ACCEPTED,ACCEPTED,155.308800702,155.308800702
155.406544646,1.519967540821781,2.180874952348497,0.011180339887425655,0.0,0.0,False,0.0,0.0,-0.013310361023530478,MODEL_ONLY,DUPLICATE_OR_OLD,DUPLICATE_OR_OLD,155.308800702,155.308800702
155.456544646,1.5426504596698716,2.2574404023608055,0.006180339887488422,0.0,0.0,False,0.0,0.6180339887488421,-0.029692654673405337,FUSED,ACCEPTED,ACCEPTED,155.405313394,155.405313394
155.50654464599998,1.5704810690963746,2.335268690579935,0.011180339887486717,0.0,0.0,False,0.0,0.0,-0.029692654673405337,MODEL_ONLY,DUPLICATE_OR_OLD,DUPLICATE_OR_OLD,155.405313394,155.405313394
155.556544646,1.5855952925823356,2.4141705996219205,0.006180339887497331,0.0,0.0,False,0.0,0.618033988749733,-0.05394803399832626,FUSED,ACCEPTED,ACCEPTED,155.512741234,155.512741234
155.60654464599997,1.611335289345589,2.4940938641700914,0.011180339887495627,0.0,0.0,False,0.0,0.0,-0.05394803399832626,MODEL_ONLY,DUPLICATE_OR_OLD,DUPLICATE_OR_OLD,155.512741234,155.512741234
155.656544646,1.6426125214463265,2.5754425594399075,0.00618033988749863,0.0,0.0,False,0.0,0.6180339887498629,-0.019112215901154132,FUSED,ACCEPTED,ACCEPTED,155.612708631,155.612708631
155.706544646,1.6694137862716327,2.6582432171328754,0.011180339887499767,0.0,0.0,False,0.0,0.0,-0.019112215901154132,MODEL_ONLY,DUPLICATE_OR_OLD,DUPLICATE_OR_OLD,155.612708631,155.612708631
155.75654464599998,1.6947727581816368,2.7423478807441786,0.006180339887498821,0.0,0.0,False,0.0,0.6180339887498818,-0.03047989108176716,FUSED,ACCEPTED,ACCEPTED,155.708688627,155.708688627
155.806544646,1.7204780837795286,2.827729151793227,0.011180339887499958,0.0,0.0,False,0.0,0.0,-0.03047989108176716,MODEL_ONLY,DUPLICATE_OR_OLD,DUPLICATE_OR_OLD,155.708688627,155.708688627
155.85654464599997,1.7459659250082424,2.9143902520128915,0.016180339887498254,0.0,0.0,False,0.0,0.0,-0.03047989108176716,MODEL_ONLY,DUPLICATE_OR_OLD,DUPLICATE_OR_OLD,155.708688627,155.708688627
155.906544646,1.7584190453501878,3.001999876271872,0.006792850868181481,0.0,0.0,False,0.0,0.6792850868181481,-0.059503805117341275,FUSED,ACCEPTED,ACCEPTED,155.834655594,155.834655594
155.956544646,1.7713242718349917,3.0902434592015218,0.005411339222900885,0.0,0.0,False,0.0,0.5411339222900884,-0.07696208036540259,FUSED,ACCEPTED,ACCEPTED,155.940623406,155.940623406
156.00654464599998,1.7929346308207905,3.1793499317678857,0.01041133922289918,0.0,0.0,False,0.0,0.0,-0.07696208036540259,MODEL_ONLY,DUPLICATE_OR_OLD,DUPLICATE_OR_OLD,155.940623406,155.940623406
156.056544646,1.818304741375678,3.269630916072818,0.0060647489247681406,0.0,0.0,False,0.0,0.606474892476814,-0.04527932780345282,FUSED,ACCEPTED,ACCEPTED,156.012599859,156.012599859
156.10654464599997,1.840443476076805,3.3610996215090987,0.011064748924766436,0.0,0.0,False,0.0,0.0,-0.04527932780345282,MODEL_ONLY,DUPLICATE_OR_OLD,DUPLICATE_OR_OLD,156.012599859,156.012599859
156.156544646,1.8527799169973256,3.4534302063359728,0.006163400603296173,0.0,0.0,False,0.0,0.6163400603296172,-0.07772461648526444,FUSED,ACCEPTED,ACCEPTED,156.126576758,156.126576758
156.206544646,1.8724779385052497,3.5465616527235584,0.01116340060329731,0.0,0.0,False,0.0,0.0,-0.07772461648526444,MODEL_ONLY,DUPLICATE_OR_OLD,DUPLICATE_OR_OLD,156.126576758,156.126576758
156.25654464599998,1.8792816274978097,3.6403556418736027,0.006177866879147058,0.0,0.0,False,0.0,0.6177866879147057,-0.10111310295927393,FUSED,ACCEPTED,ACCEPTED,156.214553966,156.214553966
156.306544646,1.8964919855154916,3.7347499821989567,0.011177866879148195,0.0,0.0,False,0.0,0.0,-0.10111310295927393,MODEL_ONLY,DUPLICATE_OR_OLD,DUPLICATE_OR_OLD,156.214553966,156.214553966
156.35654464599997,1.907954035162413,3.8298611327158723,0.006179979046357639,0.0,0.0,False,0.0,0.6179979046357637,-0.09515889397493808,FUSED,ACCEPTED,ACCEPTED,156.306526372,156.306526372
156.406544646,1.92383814885439,3.9256559373163142,0.011179979046358776,0.0,0.0,False,0.0,0.0,-0.09515889397493808,MODEL_ONLY,DUPLICATE_OR_OLD,DUPLICATE_OR_OLD,156.306526372,156.306526372
156.456544646,1.9390107750662393,4.022227160414352,0.006180287240760644,0.0,0.0,False,0.0,0.618028724076064,-0.08669024940230158,FUSED,ACCEPTED,ACCEPTED,156.424485031,156.424485031
156.50654464599998,1.9540593971940128,4.119553914720824,0.011180287240758938,0.0,0.0,False,0.0,0.0,-0.08669024940230158,MODEL_ONLY,DUPLICATE_OR_OLD,DUPLICATE_OR_OLD,156.424485031,156.424485031
156.556544646,1.9689111944933666,4.2176281795130315,0.006180332206427818,0.0,0.0,False,0.0,0.6180332206427817,-0.08391321289818503,FUSED,ACCEPTED,ACCEPTED,156.506462162,156.506462162
156.60654464599997,1.9821115456353726,4.316403748016216,0.011180332206426113,0.0,0.0,False,0.0,0.0,-0.08391321289818503,MODEL_ONLY,DUPLICATE_OR_OLD,DUPLICATE_OR_OLD,156.506462162,156.506462162
156.656544646,1.987534918706161,4.415644909624778,0.006180338766845363,0.0,0.0,False,0.0,0.6180338766845361,-0.09597819852495204,FUSED,ACCEPTED,ACCEPTED,156.624431673,156.624431673
156.706544646,1.9977012525026956,4.5152758139050215,0.011180338766846501,0.0,0.0,False,0.0,0.0,-0.09597819852495204,MODEL_ONLY,DUPLICATE_OR_OLD,DUPLICATE_OR_OLD,156.624431673,156.624431673
156.75654464599998,2.005113182405184,4.6153461747776845,0.006180339723997705,0.0,0.0,False,0.0,0.6180339723997703,-0.08873119291471292,FUSED,ACCEPTED,ACCEPTED,156.708412374,156.708412374
156.806544646,2.013757484112553,4.71581794144065,0.011180339723998841,0.0,0.0,False,0.0,0.0,-0.08873119291471292,MODEL_ONLY,DUPLICATE_OR_OLD,DUPLICATE_OR_OLD,156.708412374,156.708412374
156.85654464599997,2.0136827743505914,4.816503947902195,0.006180339863644356,0.0,0.0,False,0.0,0.6180339863644355,-0.10582434069947325,FUSED,ACCEPTED,ACCEPTED,156.842372565,156.842372565
156.906544646,2.020011605945663,4.917346307409623,0.011180339863645493,0.0,0.0,False,0.0,0.0,-0.10582434069947325,MODEL_ONLY,DUPLICATE_OR_OLD,DUPLICATE_OR_OLD,156.842372565,156.842372565
156.956544646,2.0197017700302706,5.0183391418090455,0.0115202862089602,0.0,0.0,False,0.0,0.2880071552240049,-0.10582434069947325,SINGLE_WHEEL,RATE_ANOMALY,ACCEPTED,156.906355016,156.906355016
157.00654464599998,2.022831498747094,5.119402473528445,0.016520286208958495,0.0,0.0,False,0.0,0.0,-0.10582434069947325,MODEL_ONLY,DUPLICATE_OR_OLD,DUPLICATE_OR_OLD,156.906355016,156.906355016
157.056544646,2.0247593788801224,5.220592245469148,0.013992318654606963,0.0,0.0,False,0.0,0.3498079663651741,-0.10582434069947325,SINGLE_WHEEL,MODEL_DISAGREEMENT,ACCEPTED,157.0123216,157.0123216
157.10654464599997,2.0254090959694344,5.321846457340352,0.018992318654605257,0.0,0.0,False,0.0,0.0,-0.10582434069947325,MODEL_ONLY,DUPLICATE_OR_OLD,DUPLICATE_OR_OLD,157.0123216,157.0123216
157.156544646,2.024013117816473,5.423082012685023,0.014996999114286255,0.0,0.0,False,0.0,0.3749249778571563,-0.10582434069947325,SINGLE_WHEEL,MODEL_DISAGREEMENT,ACCEPTED,157.13229308,157.13229308
157.206544646,2.0227402778933117,5.5242508475777905,0.019996999114287393,0.0,0.0,False,0.0,0.0,-0.10582434069947325,MODEL_ONLY,DUPLICATE_OR_OLD,DUPLICATE_OR_OLD,157.13229308,157.13229308
157.25654464599998,2.0290031377661237,5.6255444329692414,0.015383478902053865,0.0,0.0,False,0.0,0.38458697255134655,-0.10582434069947325,SINGLE_WHEEL,MODEL_DISAGREEMENT,ACCEPTED,157.214274382,157.214274382
157.306544646,2.0262398913355413,5.726925508696806,0.020383478902055004,0.0,0.0,False,0.0,0.0,-0.10582434069947325,MODEL_ONLY,DUPLICATE_OR_OLD,DUPLICATE_OR_OLD,157.214274382,157.214274382
157.35654464599997,2.0230386550830146,5.828157472357235,0.015528986421832112,0.0,0.0,False,0.0,0.3882246605458026,-0.10582434069947325,SINGLE_WHEEL,MODEL_DISAGREEMENT,ACCEPTED,157.310249313,157.310249313
157.406544646,2.017138945815178,5.929161912379713,0.020528986421833248,0.0,0.0,False,0.0,0.0,-0.10582434069947325,MODEL_ONLY,DUPLICATE_OR_OLD,DUPLICATE_OR_OLD,157.310249313,157.310249313
157.456544646,2.0163219375653725,6.029998434464249,0.015583324458885925,0.0,0.0,False,0.0,0.3895831114721481,-0.10582434069947325,SINGLE_WHEEL,MODEL_DISAGREEMENT,ACCEPTED,157.412207136,157.412207136
157.50654464599998,2.0079907765435743,6.130606252316939,0.02058332445888422,0.0,0.0,False,0.0,0.0,-0.10582434069947325,MODEL_ONLY,DUPLICATE_OR_OLD,DUPLICATE_OR_OLD,157.412207136,157.412207136
157.556544646,1.9969478304501793,6.230729717491806,0.015603554513265774,0.0,0.0,False,0.0,0.39008886283164446,-0.10582434069947325,SINGLE_WHEEL,MODEL_DISAGREEMENT,ACCEPTED,157.510187335,157.510187335
157.60654464599997,1.9867317570502439,6.330321707179282,0.02060355451326407,0.0,0.0,False,0.0,0.0,-0.10582434069947325,MODEL_ONLY,DUPLICATE_OR_OLD,DUPLICATE_OR_OLD,157.510187335,157.510187335
157.656544646,2.005895424369004,6.430137386714786,0.01561107760286867,0.0,0.0,False,0.0,0.39027694007171676,-0.10582434069947325,SINGLE_WHEEL,MODEL_DISAGREEMENT,ACCEPTED,157.630154744,157.630154744
157.706544646,1.9942181273699333,6.530140225508282,0.020611077602869808,0.0,0.0,False,0.0,0.0,-0.10582434069947325,MODEL_ONLY,DUPLICATE_OR_OLD,DUPLICATE_OR_OLD,157.630154744,157.630154744
157.75654464599998,1.9523642983928395,6.628804786152317,0.015613874082597632,0.0,0.0,False,0.0,0.3903468520649407,-0.10582434069947325,SINGLE_WHEEL,MODEL_DISAGREEMENT,ACCEPTED,157.704681668,157.704681668
157.806544646,1.9395542302322715,6.726102749367967,0.02061387408259877,0.0,0.0,False,0.0,0.0,-0.10582434069947325,MODEL_ONLY,DUPLICATE_OR_OLD,DUPLICATE_OR_OLD,157.704681668,157.704681668
157.85654464599997,1.932429353573829,6.822902338963086,0.015614913425385256,0.0,0.0,False,0.0,0.3903728356346313,-0.10582434069947325,SINGLE_WHEEL,MODEL_DISAGREEMENT,ACCEPTED,157.840104555,157.840104555
157.906544646,1.9169183922107254,6.919136032607722,0.02061491342538639,0.0,0.0,False,0.0,0.0,-0.10582434069947325,MODEL_ONLY,DUPLICATE_OR_OLD,DUPLICATE_OR_OLD,157.840104555,157.840104555
157.956544646,1.8895620812826397,7.014298044445078,0.015615299686108669,0.0,0.0,False,0.0,0.3903824921527165,-0.10582434069947325,SINGLE_WHEEL,MODEL_DISAGREEMENT,ACCEPTED,157.906074862,157.906074862
158.00654464599998,1.8719573308989637,7.108336029749586,0.020615299686106963,0.0,0.0,False,0.0,0.0,-0.10582434069947325,MODEL_ONLY,DUPLICATE_OR_OLD,DUPLICATE_OR_OLD,157.906074862,157.906074862
158.056544646,1.8534894174252527,7.201472198457713,0.025615299686108102,0.0,0.0,False,0.0,0.0,-0.10582434069947325,MODEL_ONLY,DUPLICATE_OR_OLD,DUPLICATE_OR_OLD,157.906074862,157.906074862
158.10654464599997,1.8411329345805256,7.293837757257826,0.01734202067948172,0.0,0.0,False,0.0,0.4335505169870427,-0.10582434069947325,SINGLE_WHEEL,MODEL_DISAGREEMENT,ACCEPTED,158.082032997,158.082032997
158.156544646,1.814840522819278,7.385237093692842,0.01433512769459252,0.0,0.0,False,0.0,0.35837819236481294,-0.10582434069947325,SINGLE_WHEEL,MODEL_DISAGREEMENT,ACCEPTED,158.112014201,158.112014201
158.206544646,1.7943543241150004,7.47546696486622,0.019335127694593657,0.0,0.0,False,0.0,0.0,-0.10582434069947325,MODEL_ONLY,DUPLICATE_OR_OLD,DUPLICATE_OR_OLD,158.112014201,158.112014201
158.25654464599998,1.7733493924473926,7.564659557780249,0.02433512769459195,0.0,0.0,False,0.0,0.0,-0.10582434069947325,MODEL_ONLY,DUPLICATE_OR_OLD,DUPLICATE_OR_OLD,158.112014201,158.112014201
158.306544646,1.7623828639564518,7.653052864190365,0.01692367414324714,0.0,0.0,False,0.0,0.4230918535811783,-0.10582434069947325,SINGLE_WHEEL,MODEL_DISAGREEMENT,ACCEPTED,158.221987703,158.221987703
158.35654464599997,1.7325321469320392,7.740425739462547,0.014161739881603484,0.0,0.0,False,0.0,0.3540434970400871,-0.10582434069947325,SINGLE_WHEEL,MODEL_DISAGREEMENT,ACCEPTED,158.305977248,158.305977248
158.406544646,1.7103142915305503,7.826496900424131,0.01916173988160462,0.0,0.0,False,0.0,0.0,-0.10582434069947325,MODEL_ONLY,DUPLICATE_OR_OLD,DUPLICATE_OR_OLD,158.305977248,158.305977248
158.456544646,1.6900998000980982,7.911507252714867,0.01506302037705968,0.0,0.0,False,0.0,0.376575509426492,-0.10582434069947325,SINGLE_WHEEL,MODEL_DISAGREEMENT,ACCEPTED,158.421928871,158.421928871
158.50654464599998,1.6672957252077159,7.995442140847484,0.020063020377057976,0.0,0.0,False,0.0,0.0,-0.10582434069947325,MODEL_ONLY,DUPLICATE_OR_OLD,DUPLICATE_OR_OLD,158.421928871,158.421928871
158.556544646,1.641277596041206,8.078156473878725,0.015408457973092317,0.0,0.0,False,0.0,0.385211449327308,-0.10582434069947325,SINGLE_WHEEL,MODEL_DISAGREEMENT,ACCEPTED,158.507910267,158.507910267
158.60654464599997,1.6180190717857432,8.15963889057437,0.020408457973090613,0.0,0.0,False,0.0,0.0,-0.10582434069947325,MODEL_ONLY,DUPLICATE_OR_OLD,DUPLICATE_OR_OLD,158.507910267,158.507910267
158.656544646,1.5969903264761547,8.240014125530937,0.015538331745135766,0.0,0.0,False,0.0,0.388458293628394,-0.10582434069947325,SINGLE_WHEEL,MODEL_DISAGREEMENT,ACCEPTED,158.627874672,158.627874672
158.706544646,1.572146961145983,8.319242557721509,0.020538331745136904,0.0,0.0,False,0.0,0.0,-0.10582434069947325,MODEL_ONLY,DUPLICATE_OR_OLD,DUPLICATE_OR_OLD,158.627874672,158.627874672
158.75654464599998,1.5466502464728444,8.397212487911952,0.025538331745135198,0.0,0.0,False,0.0,0.0,-0.10582434069947325,MODEL_ONLY,DUPLICATE_OR_OLD,DUPLICATE_OR_OLD,158.627874672,158.627874672
158.806544646,1.5361049834627882,8.47428136866036,0.01731729741240555,0.0,0.0,False,0.0,0.4329324353101386,-0.10582434069947325,SINGLE_WHEEL,MODEL_DISAGREEMENT,ACCEPTED,158.711854329,158.711854329
158.85654464599997,1.5062503369564204,8.550340251670814,0.014324945618043913,0.0,0.0,False,0.0,0.3581236404510978,-0.10582434069947325,SINGLE_WHEEL,MODEL_DISAGREEMENT,ACCEPTED,158.847816901,158.847816901
158.906544646,1.4792259341328289,8.624977158448063,0.01932494561804505,0.0,0.0,False,0.0,0.0,-0.10582434069947325,MODEL_ONLY,DUPLICATE_OR_OLD,DUPLICATE_OR_OLD,158.847816901,158.847816901
158.956544646,1.4565465783352602,8.698371471259781,0.01512629066955442,0.0,0.0,False,0.0,0.3781572667388604,-0.10582434069947325,SINGLE_WHEEL,MODEL_DISAGREEMENT,ACCEPTED,158.939789069,158.939789069
159.00654464599998,1.4287838292202053,8.770504731448643,0.020126290669552713,0.0,0.0,False,0.0,0.0,-0.10582434069947325,MODEL_ONLY,DUPLICATE_OR_OLD,DUPLICATE_OR_OLD,158.939789069,158.939789069
159.056544646,1.4051770537069552,8.841353753521838,0.015432348694350093,0.0,0.0,False,0.0,0.38580871735875233,-0.10582434069947325,SINGLE_WHEEL,MODEL_DISAGREEMENT,ACCEPTED,159.031764519,159.031764519
159.10654464599997,1.376841926837344,8.910904228035422,0.020432348694348387,0.0,0.0,False,0.0,0.0,-0.10582434069947325,MODEL_ONLY,DUPLICATE_OR_OLD,DUPLICATE_OR_OLD,159.031764519,159.031764519
159.156544646,1.3513581048444858,8.979109228827483,0.015547263212665793,0.0,0.0,False,0.0,0.3886815803166448,-0.10582434069947325,SINGLE_WHEEL,MODEL_DISAGREEMENT,ACCEPTED,159.129744721,159.129744721
159.206544646,1.3225792654123392,9.045957663083918,0.02054726321266693,0.0,0.0,False,0.0,0.0,-0.10582434069947325,MODEL_ONLY,DUPLICATE_OR_OLD,DUPLICATE_OR_OLD,159.129744721,159.129744721
159.25654464599998,1.3008458861362178,9.111543291872609,0.015590132652695658,0.0,0.0,False,0.0,0.3897533163173914,-0.10582434069947325,SINGLE_WHEEL,MODEL_DISAGREEMENT,ACCEPTED,159.217705514,159.217705514
159.306544646,1.2717230821088603,9.17585751607875,0.020590132652696796,0.0,0.0,False,0.0,0.0,-0.10582434069947325,MODEL_ONLY,DUPLICATE_OR_OLD,DUPLICATE_OR_OLD,159.217705514,159.217705514
159.35654464599997,1.245176647070053,9.2387800093082,0.015606086841261236,0.0,0.0,False,0.0,0.39015217103153077,-0.10582434069947325,SINGLE_WHEEL,MODEL_DISAGREEMENT,ACCEPTED,159.307687166,159.307687166
159.406544646,1.2157872141798227,9.300304105839462,0.020606086841262375,0.0,0.0,False,0.0,0.0,-0.10582434069947325,MODEL_ONLY,DUPLICATE_OR_OLD,DUPLICATE_OR_OLD,159.307687166,159.307687166
159.456544646,1.195821629968236,9.360594326943177,0.01561201899038328,0.0,0.0,False,0.0,0.39030047475958185,-0.10582434069947325,SINGLE_WHEEL,MODEL_DISAGREEMENT,ACCEPTED,159.407667392,159.407667392
159.50654464599998,1.1662255310379412,9.419645505968312,0.020612018990381575,0.0,0.0,False,0.0,0.0,-0.10582434069947325,MODEL_ONLY,DUPLICATE_OR_OLD,DUPLICATE_OR_OLD,159.407667392,159.407667392
159.556544646,1.1451753938712124,9.477430529091054,0.015614223969627809,0.0,0.0,False,0.0,0.3903555992406951,-0.10582434069947325,SINGLE_WHEEL,MODEL_DISAGREEMENT,ACCEPTED,159.505671428,159.505671428
159.60654464599997,1.1154191335579602,9.533945392276763,0.020614223969626103,0.0,0.0,False,0.0,0.0,-0.10582434069947325,MODEL_ONLY,DUPLICATE_OR_OLD,DUPLICATE_OR_OLD,159.505671428,159.505671428
159.656544646,1.0911888564796424,9.589110592027716,0.015615043458554988,0.0,0.0,False,0.0,0.39037608646387456,-0.10582434069947325,SINGLE_WHEEL,MODEL_DISAGREEMENT,ACCEPTED,159.625600172,159.625600172
159.706544646,1.060775925579912,9.642909711579216,0.020615043458556123,0.0,0.0,False,0.0,0.0,-0.10582434069947325,MODEL_ONLY,DUPLICATE_OR_OLD,DUPLICATE_OR_OLD,159.625600172,159.625600172
159.75654464599998,1.03479291810136,9.69529893267123,0.015615348010694589,0.0,0.0,False,0.0,0.3903837002673647,-0.10582434069947325,SINGLE_WHEEL,MODEL_DISAGREEMENT,ACCEPTED,159.707576771,159.707576771
159.806544646,1.0034021709344667,9.746253809897137,0.020615348010695728,0.0,0.0,False,0.0,0.0,-0.10582434069947325,MODEL_ONLY,DUPLICATE_OR_OLD,DUPLICATE_OR_OLD,159.707576771,159.707576771
159.85654464599997,0.9755612276378257,9.795727894861427,0.015615461191500025,0.0,0.0,False,0.0,0.39038652978750066,-0.10582434069947325,SINGLE_WHEEL,MODEL_DISAGREEMENT,ACCEPTED,159.845536703,159.845536703
159.906544646,0.9421320643944294,9.843670227162244,0.020615461191501164,0.0,0.0,False,0.0,0.0,-0.10582434069947325,MODEL_ONLY,DUPLICATE_OR_OLD,DUPLICATE_OR_OLD,159.845536703,159.845536703
159.956544646,0.9220429676604064,9.890274602963625,0.015615503252650886,0.0,0.0,False,0.0,0.39038758131627205,-0.10582434069947325,SINGLE_WHEEL,MODEL_DISAGREEMENT,ACCEPTED,159.921511096,159.921511096
160.00654464599998,0.8859598887425932,9.935474674373685,0.02061550325264918,0.0,0.0,False,0.0,0.0,-0.10582434069947325,MODEL_ONLY,DUPLICATE_OR_OLD,DUPLICATE_OR_OLD,159.921511096,159.921511096
160.056544646,0.855937548840787,9.979022110313279,0.01561551888371178,0.0,0.0,False,0.0,0.3903879720927944,-0.10582434069947325,SINGLE_WHEEL,MODEL_DISAGREEMENT,ACCEPTED,160.01548903,160.01548903
160.10654464599997,0.8168114393656115,10.020840835018424,0.020615518883710073,0.0,0.0,False,0.0,0.0,-0.10582434069947325,MODEL_ONLY,DUPLICATE_OR_OLD,DUPLICATE_OR_OLD,160.01548903,160.01548903
160.156544646,0.7762785545753907,10.060668084866958,0.025615518883711212,0.0,0.0,False,0.0,0.0,-0.10582434069947325,MODEL_ONLY,DUPLICATE_OR_OLD,DUPLICATE_OR_OLD,160.01548903,160.01548903
160.206544646,0.7700680128402764,10.099326749052357,0.017342091012106913,0.0,0.0,False,0.0,0.4335522753026728,-0.10582434069947325,SINGLE_WHEEL,MODEL_DISAGREEMENT,ACCEPTED,160.113471216,160.113471216
160.25654464599998,0.7568874298796313,10.137500635120341,0.014335156648991425,0.0,0.0,False,0.0,0.35837891622478535,-0.10582434069947325,SINGLE_WHEEL,MODEL_DISAGREEMENT,ACCEPTED,160.205797531,160.205797531
160.306544646,0.7116935599930189,10.174215159867167,0.01933515664899256,0.0,0.0,False,0.0,0.0,-0.10582434069947325,MODEL_ONLY,DUPLICATE_OR_OLD,DUPLICATE_OR_OLD,160.205797531,160.205797531
160.35654464599997,0.6776689085176819,10.208949221579923,0.01513023852992985,0.0,0.0,False,0.0,0.3782559632482464,-0.10582434069947325,SINGLE_WHEEL,MODEL_DISAGREEMENT,ACCEPTED,160.321424479,160.321424479
160.406544646,0.6297937058200442,10.241635786938373,0.02013023852993099,0.0,0.0,False,0.0,0.0,-0.10582434069947325,MODEL_ONLY,DUPLICATE_OR_OLD,DUPLICATE_OR_OLD,160.321424479,160.321424479
160.456544646,0.6115848498364458,10.272670250829792,0.015433837859127716,0.0,0.0,False,0.0,0.3858459464781928,-0.10582434069947325,SINGLE_WHEEL,MODEL_DISAGREEMENT,ACCEPTED,160.405751975,160.405751975
160.50654464599998,0.5614103785468735,10.301995131539366,0.02043383785912601,0.0,0.0,False,0.0,0.0,-0.10582434069947325,MODEL_ONLY,DUPLICATE_OR_OLD,DUPLICATE_OR_OLD,160.405751975,160.405751975
160.556544646,0.5136262388222257,10.3288710469736,0.015547819716082552,0.0,0.0,False,0.0,0.3886954929020636,-0.10582434069947325,SINGLE_WHEEL,MODEL_DISAGREEMENT,ACCEPTED,160.521347217,160.521347217
160.60654464599997,0.4612444873962633,10.353242815129054,0.020547819716080846,0.0,0.0,False,0.0,0.0,-0.10582434069947325,MODEL_ONLY,DUPLICATE_OR_OLD,DUPLICATE_OR_OLD,160.521347217,160.521347217
160.656544646,0.41756420613178435,10.37521303246726,0.015590339893373386,0.0,0.0,False,0.0,0.38975849733433454,-0.10582434069947325,SINGLE_WHEEL,MODEL_DISAGREEMENT,ACCEPTED,160.613330168,160.613330168
160.706544646,0.3636908282152786,10.394744408325941,0.020590339893374523,0.0,0.0,False,0.0,0.0,-0.10582434069947325,MODEL_ONLY,DUPLICATE_OR_OLD,DUPLICATE_OR_OLD,160.613330168,160.613330168
160.75654464599998,0.3303446642300034,10.412095295637068,0.015606163916804732,0.0,0.0,False,0.0,0.39015409792011824,-0.10582434069947325,SINGLE_WHEEL,MODEL_DISAGREEMENT,ACCEPTED,160.711305515,160.711305515
160.806544646,0.275573841546158,10.427243258281475,0.02060616391680587,0.0,0.0,False,0.0,0.0,-0.10582434069947325,MODEL_ONLY,DUPLICATE_OR_OLD,DUPLICATE_OR_OLD,160.711305515,160.711305515
160.85654464599997,0.2247416029377352,10.439751144393568,0.015612047641910966,0.0,0.0,False,0.0,0.39030119104777394,-0.10582434069947325,SINGLE_WHEEL,MODEL_DISAGREEMENT,ACCEPTED,160.843260512,160.843260512
160.906544646,0.1704724453128026,10.449631495599833,0.0206120476419121,0.0,0.0,False,0.0,0.0,-0.10582434069947325,MODEL_ONLY,DUPLICATE_OR_OLD,DUPLICATE_OR_OLD,160.843260512,160.843260512
160.956544646,0.1383723122510102,10.45735261453893,0.015614234618431363,0.0,0.0,False,0.0,0.39035586546078405,-0.10582434069947325,SINGLE_WHEEL,MODEL_DISAGREEMENT,ACCEPTED,160.955428611,160.955428611
161.00654464599998,0.0872579867496884,10.462993372013946,0.020614234618429657,0.0,0.0,False,0.0,0.0,-0.10582434069947325,MODEL_ONLY,DUPLICATE_OR_OLD,DUPLICATE_OR_OLD,160.955428611,160.955428611
161.056544646,0.03923406192107133,10.466155673230716,0.025614234618430792,0.0,0.0,False,0.0,0.0,-0.10582434069947325,MODEL_ONLY,DUPLICATE_OR_OLD,DUPLICATE_OR_OLD,160.955428611,160.955428611
161.10654464599997,0.0,10.467136524778743,0.01734167893136906,0.0,0.0,False,0.0,0.4335419732842265,-0.10582434069947325,SINGLE_WHEEL,MODEL_DISAGREEMENT,ACCEPTED,161.10120007,161.10120007
161.156544646,-0.03870556008429098,10.466168885776636,0.0223416789313702,0.0,0.0,False,0.0,0.0,-0.10582434069947325,MODEL_ONLY,DUPLICATE_OR_OLD,DUPLICATE_OR_OLD,161.10120007,161.10120007
161.206544646,-0.07166407280483411,10.463409644954407,0.027341678931371335,0.0,0.0,False,0.0,0.0,-0.10582434069947325,MODEL_ONLY,DUPLICATE_OR_OLD,DUPLICATE_OR_OLD,161.10120007,161.10120007
161.25654464599998,-0.05452062679055765,10.460255027464523,0.01788273615383027,0.0,0.0,False,0.0,0.44706840384575675,-0.10582434069947325,SINGLE_WHEEL,MODEL_DISAGREEMENT,ACCEPTED,161.205525747,161.205525747
161.306544646,-0.07715595256658475,10.456963112980594,0.022882736153831407,0.0,0.0,False,0.0,0.0,-0.10582434069947325,MODEL_ONLY,DUPLICATE_OR_OLD,DUPLICATE_OR_OLD,161.205525747,161.205525747
161.35654464599997,-0.055899768239632955,10.45363671996044,0.016429942417550393,0.0,0.0,False,0.0,0.4107485604387596,-0.10582434069947325,SINGLE_WHEEL,MODEL_DISAGREEMENT,ACCEPTED,161.321153681,161.321153681
161.406544646,-0.07061666066931374,10.450473809237716,0.02142994241755153,0.0,0.0,False,0.0,0.0,-0.10582434069947325,MODEL_ONLY,DUPLICATE_OR_OLD,DUPLICATE_OR_OLD,161.321153681,161.321153681
161.456544646,-0.04937452544494427,10.447474029584859,0.01591447558477433,0.0,0.0,False,0.0,0.3978618896193583,-0.10582434069947325,SINGLE_WHEEL,MODEL_DISAGREEMENT,ACCEPTED,161.411122547,161.411122547
161.50654464599998,-0.05893196476337285,10.444766367329652,0.020914475584772625,0.0,0.0,False,0.0,0.0,-0.10582434069947325,MODEL_ONLY,DUPLICATE_OR_OLD,DUPLICATE_OR_OLD,161.411122547,161.411122547
161.556544646,-0.04030009479281721,10.442285565840747,0.015726121071202154,0.0,0.0,False,0.0,0.3931530267800538,-0.10582434069947325,SINGLE_WHEEL,MODEL_DISAGREEMENT,ACCEPTED,161.511087419,161.511087419
161.60654464599997,-0.046767829032338594,10.440108867745119,0.02072612107120045,0.0,0.0,False,0.0,0.0,-0.10582434069947325,MODEL_ONLY,DUPLICATE_OR_OLD,DUPLICATE_OR_OLD,161.511087419,161.511087419
161.656544646,-0.03165496278073496,10.438148297949791,0.01565655824620004,0.0,0.0,False,0.0,0.39141395615500096,-0.10582434069947325,SINGLE_WHEEL,MODEL_DISAGREEMENT,ACCEPTED,161.611062383,161.611062383
161.706544646,-0.03644825045360989,10.436445717618932,0.020656558246201176,0.0,0.0,False,0.0,0.0,-0.10582434069947325,MODEL_ONLY,DUPLICATE_OR_OLD,DUPLICATE_OR_OLD,161.611062383,161.611062383
161.75654464599998,-0.024742366136706846,10.434915952204175,0.01563076648032162,0.0,0.0,False,0.0,0.39076916200804057,-0.10582434069947325,SINGLE_WHEEL,MODEL_DISAGREEMENT,ACCEPTED,161.709037831,161.709037831
161.806544646,-0.02873913154668168,10.43357891476209,0.020630766480322756,0.0,0.0,False,0.0,0.0,-0.10582434069947325,MODEL_ONLY,DUPLICATE_OR_OLD,DUPLICATE_OR_OLD,161.709037831,161.709037831
161.85654464599997,-0.019758228859759433,10.43236648075193,0.015621189789399316,0.0,0.0,False,0.0,0.3905297447349828,-0.10582434069947325,SINGLE_WHEEL,MODEL_DISAGREEMENT,ACCEPTED,161.845009107,161.845009107
161.906544646,-0.023437717600509587,10.431286582090424,0.020621189789400453,0.0,0.0,False,0.0,0.0,-0.10582434069947325,MODEL_ONLY,DUPLICATE_OR_OLD,DUPLICATE_OR_OLD,161.845009107,161.845009107
161.956544646,-0.026919184381108283,10.430027659540883,0.02562118978940159,0.0,0.0,False,0.0,0.0,-0.10582434069947325,MODEL_ONLY,DUPLICATE_OR_OLD,DUPLICATE_OR_OLD,161.845009107,161.845009107
162.00654464599998,-0.017142258493723715,10.428926123469013,0.01734391044994604,0.0,0.0,False,0.0,0.4335977612486511,-0.10582434069947325,SINGLE_WHEEL,RATE_ANOMALY,ACCEPTED,161.906986369,161.906986369
162.056544646,-0.020632167559033972,10.427981762817694,0.02234391044994718,0.0,0.0,False,0.0,0.0,-0.10582434069947325,MODEL_ONLY,DUPLICATE_OR_OLD,DUPLICATE_OR_OLD,161.906986369,161.906986369
162.10654464599997,-0.006468852418561932,10.427304237318255,0.007322187237621068,0.0,0.0,False,0.0,0.7322187237621066,-0.10582434069947325,FUSED,ACCEPTED,ACCEPTED,162.014953994,162.014953994
162.156544646,-0.004624514104928109,10.427026903155168,0.005520152262164604,0.0,0.0,False,0.0,0.5520152262164603,-0.10582434069947325,FUSED,ACCEPTED,ACCEPTED,162.112917507,162.112917507
162.206544646,-0.00863999449234871,10.426695290440236,0.010520152262165742,0.0,0.0,False,0.0,0.0,-0.10582434069947325,MODEL_ONLY,DUPLICATE_OR_OLD,DUPLICATE_OR_OLD,162.112917507,162.112917507
162.25654464599998,-0.012702880928989597,10.426161718554702,0.015520152262164036,0.0,0.0,False,0.0,0.0,-0.10582434069947325,MODEL_ONLY,DUPLICATE_OR_OLD,DUPLICATE_OR_OLD,162.112917507,162.112917507
162.306544646,-0.005497803259991425,10.425706701449977,0.006723476372561658,0.0,0.0,False,0.0,0.6723476372561655,-0.10582434069947325,FUSED,ACCEPTED,ACCEPTED,162.284875399,162.284875399
162.35654464599997,-0.004494972718756621,10.425456882050508,0.005396685213499476,0.0,0.0,False,0.0,0.5396685213499475,-0.10582434069947325,FUSED,ACCEPTED,ACCEPTED,162.322861567,162.322861567
162.406544646,-0.008865095641860702,10.425122880341492,0.010396685213500612,0.0,0.0,False,0.0,0.0,-0.10582434069947325,MODEL_ONLY,DUPLICATE_OR_OLD,DUPLICATE_OR_OLD,162.322861567,162.322861567
162.456544646,-0.005229537758107333,10.424770514506493,0.006062478265988959,0.0,0.0,False,0.0,0.6062478265988958,-0.10582434069947325,FUSED,ACCEPTED,ACCEPTED,162.410838709,162.410838709
162.50654464599998,0.0,10.42463977606254,0.011062478265987254,0.0,0.0,False,0.0,0.0,0.0,STOPPED,DUPLICATE_OR_OLD,DUPLICATE_OR_OLD,162.410838709,162.410838709
162.556544646,0.0,10.42463977606254,0.006163066344672974,0.0,0.0,False,0.0,0.0,0.0,STOPPED,ACCEPTED,ACCEPTED,162.508813872,162.508813872
162.60654464599997,0.0,10.42463977606254,0.01116306634467127,0.0,0.0,False,0.0,0.0,0.0,STOPPED,DUPLICATE_OR_OLD,DUPLICATE_OR_OLD,162.508813872,162.508813872
162.656544646,0.0,10.42463977606254,0.006177818047678382,0.0,0.0,False,0.0,0.0,0.0,STOPPED,ACCEPTED,ACCEPTED,162.614783088,162.614783088
162.706544646,0.0,10.42463977606254,0.01117781804767952,0.0,0.0,False,0.0,0.0,0.0,STOPPED,DUPLICATE_OR_OLD,DUPLICATE_OR_OLD,162.614783088,162.614783088
162.75654464599998,0.0,10.42463977606254,0.006179971920582937,0.0,0.0,False,0.0,0.0,0.0,STOPPED,ACCEPTED,ACCEPTED,162.710757792,162.710757792
162.806544646,0.0,10.42463977606254,0.011179971920584075,0.0,0.0,False,0.0,0.0,0.0,STOPPED,DUPLICATE_OR_OLD,DUPLICATE_OR_OLD,162.710757792,162.710757792
162.85654464599997,0.0,10.42463977606254,0.006180286201094768,0.0,0.0,False,0.0,0.0,0.0,STOPPED,ACCEPTED,ACCEPTED,162.842716787,162.842716787
162.906544646,0.0,10.42463977606254,0.011180286201095905,0.0,0.0,False,0.0,0.0,0.0,STOPPED,DUPLICATE_OR_OLD,DUPLICATE_OR_OLD,162.842716787,162.842716787
162.956544646,0.0,10.42463977606254,0.0061803320547424104,0.0,0.0,False,0.0,0.0,0.0,STOPPED,ACCEPTED,ACCEPTED,162.910709226,162.910709226
163.00654464599998,0.0,10.42463977606254,0.011180332054740706,0.0,0.0,False,0.0,0.0,0.0,STOPPED,DUPLICATE_OR_OLD,DUPLICATE_OR_OLD,162.910709226,162.910709226
163.056544646,0.0,10.42463977606254,0.006180338744714747,0.0,0.0,False,0.0,0.0,0.0,STOPPED,ACCEPTED,ACCEPTED,163.014672386,163.014672386
163.10654464599997,0.0,10.42463977606254,0.011180338744713043,0.0,0.0,False,0.0,0.0,0.0,STOPPED,DUPLICATE_OR_OLD,DUPLICATE_OR_OLD,163.014672386,163.014672386
163.156544646,0.0,10.42463977606254,0.006180339720768892,0.0,0.0,False,0.0,0.0,0.0,STOPPED,ACCEPTED,ACCEPTED,163.114645208,163.114645208
163.206544646,0.0,10.42463977606254,0.011180339720770028,0.0,0.0,False,0.0,0.0,0.0,STOPPED,DUPLICATE_OR_OLD,DUPLICATE_OR_OLD,163.114645208,163.114645208
163.25654464599998,0.0,10.42463977606254,0.0061803398631732785,0.0,0.0,False,0.0,0.0,0.0,STOPPED,ACCEPTED,ACCEPTED,163.214623013,163.214623013
163.306544646,0.0,10.42463977606254,0.011180339863174415,0.0,0.0,False,0.0,0.0,0.0,STOPPED,DUPLICATE_OR_OLD,DUPLICATE_OR_OLD,163.214623013,163.214623013
163.35654464599997,0.0,10.42463977606254,0.006180339883949799,0.0,0.0,False,0.0,0.0,0.0,STOPPED,ACCEPTED,ACCEPTED,163.310597804,163.310597804
163.406544646,0.0,10.42463977606254,0.011180339883950936,0.0,0.0,False,0.0,0.0,0.0,STOPPED,DUPLICATE_OR_OLD,DUPLICATE_OR_OLD,163.310597804,163.310597804
163.456544646,0.0,10.42463977606254,0.016180339883952073,0.0,0.0,False,0.0,0.0,0.0,STOPPED,DUPLICATE_OR_OLD,DUPLICATE_OR_OLD,163.310597804,163.310597804
163.50654464599998,0.0,10.42463977606254,0.006792850867816437,0.0,0.0,False,0.0,0.0,0.0,STOPPED,ACCEPTED,ACCEPTED,163.412558521,163.412558521
163.556544646,0.0,10.42463977606254,0.005411339222824022,0.0,0.0,False,0.0,0.0,0.0,STOPPED,ACCEPTED,ACCEPTED,163.510536887,163.510536887
163.60654464599997,0.0,10.42463977606254,0.010411339222822317,0.0,0.0,False,0.0,0.0,0.0,STOPPED,DUPLICATE_OR_OLD,DUPLICATE_OR_OLD,163.510536887,163.510536887
163.656544646,0.0,10.42463977606254,0.006064748924756239,0.0,0.0,False,0.0,0.0,0.0,STOPPED,ACCEPTED,ACCEPTED,163.602504274,163.602504274
163.706544646,0.0,10.42463977606254,0.011064748924757376,0.0,0.0,False,0.0,0.0,0.0,STOPPED,DUPLICATE_OR_OLD,DUPLICATE_OR_OLD,163.602504274,163.602504274
163.75654464599998,0.0,10.42463977606254,0.01606474892475567,0.0,0.0,False,0.0,0.0,0.0,STOPPED,DUPLICATE_OR_OLD,DUPLICATE_OR_OLD,163.602504274,163.602504274
163.806544646,0.0,10.42463977606254,0.006780917166199732,0.0,0.0,False,0.0,0.0,0.0,STOPPED,ACCEPTED,ACCEPTED,163.7144778,163.7144778
163.85654464599997,0.0,10.42463977606254,0.011780917166198026,0.0,0.0,False,0.0,0.0,0.0,STOPPED,DUPLICATE_OR_OLD,DUPLICATE_OR_OLD,163.7144778,163.7144778
163.906544646,0.0,10.42463977606254,0.006265997935044123,0.0,0.0,False,0.0,0.0,0.0,STOPPED,ACCEPTED,ACCEPTED,163.844439059,163.844439059
163.956544646,0.0,10.42463977606254,0.005297657777197223,0.0,0.0,False,0.0,0.0,0.0,STOPPED,ACCEPTED,ACCEPTED,163.90695566,163.90695566
164.00654464599998,0.0,10.42463977606254,0.010297657777195518,0.0,0.0,False,0.0,0.0,0.0,STOPPED,DUPLICATE_OR_OLD,DUPLICATE_OR_OLD,163.90695566,163.90695566
164.056544646,0.0,10.42463977606254,0.006047064875304776,0.0,0.0,False,0.0,0.0,0.0,STOPPED,ACCEPTED,ACCEPTED,164.0164001,164.0164001
164.10654464599997,0.0,10.42463977606254,0.011047064875303072,0.0,0.0,False,0.0,0.0,0.0,STOPPED,DUPLICATE_OR_OLD,DUPLICATE_OR_OLD,164.0164001,164.0164001
164.156544646,0.0,10.42463977606254,0.006160795833283612,0.0,0.0,False,0.0,0.0,0.0,STOPPED,ACCEPTED,ACCEPTED,164.112369368,164.112369368
164.206544646,0.0,10.42463977606254,0.01116079583328475,0.0,0.0,False,0.0,0.0,0.0,STOPPED,DUPLICATE_OR_OLD,DUPLICATE_OR_OLD,164.112369368,164.112369368
164.25654464599998,0.0,10.42463977606254,0.006177486318180922,0.0,0.0,False,0.0,0.0,0.0,STOPPED,ACCEPTED,ACCEPTED,164.214345906,164.214345906
164.306544646,0.0,10.42463977606254,0.01117748631818206,0.0,0.0,False,0.0,0.0,0.0,STOPPED,DUPLICATE_OR_OLD,DUPLICATE_OR_OLD,164.214345906,164.214345906
164.35654464599997,0.0,10.42463977606254,0.006179923511962658,0.0,0.0,False,0.0,0.0,0.0,STOPPED,ACCEPTED,ACCEPTED,164.320312179,164.320312179
164.406544646,0.0,10.42463977606254,0.011179923511963796,0.0,0.0,False,0.0,0.0,0.0,STOPPED,DUPLICATE_OR_OLD,DUPLICATE_OR_OLD,164.320312179,164.320312179
164.456544646,0.0,10.42463977606254,0.00618027913816107,0.0,0.0,False,0.0,0.0,0.0,STOPPED,ACCEPTED,ACCEPTED,164.410291995,164.410291995
164.50654464599998,0.0,10.42463977606254,0.011180279138159364,0.0,0.0,False,0.0,0.0,0.0,STOPPED,DUPLICATE_OR_OLD,DUPLICATE_OR_OLD,164.410291995,164.410291995
164.556544646,0.0,10.42463977606254,0.006180331024269352,0.0,0.0,False,0.0,0.0,0.0,STOPPED,ACCEPTED,ACCEPTED,164.514255988,164.514255988
164.60654464599997,0.0,10.42463977606254,0.011180331024267647,0.0,0.0,False,0.0,0.0,0.0,STOPPED,DUPLICATE_OR_OLD,DUPLICATE_OR_OLD,164.514255988,164.514255988
164.656544646,0.0,10.42463977606254,0.006180338594370658,0.0,0.0,False,0.0,0.0,0.0,STOPPED,ACCEPTED,ACCEPTED,164.614234766,164.614234766
164.706544646,0.0,10.42463977606254,0.011180338594371796,0.0,0.0,False,0.0,0.0,0.0,STOPPED,DUPLICATE_OR_OLD,DUPLICATE_OR_OLD,164.614234766,164.614234766
164.75654464599998,0.0,10.42463977606254,0.006180339698833982,0.0,0.0,False,0.0,0.0,0.0,STOPPED,ACCEPTED,ACCEPTED,164.710202976,164.710202976
164.806544646,0.0,10.42463977606254,0.01118033969883512,0.0,0.0,False,0.0,0.0,0.0,STOPPED,DUPLICATE_OR_OLD,DUPLICATE_OR_OLD,164.710202976,164.710202976
164.85654464599997,0.0,10.42463977606254,0.006180339859973018,0.0,0.0,False,0.0,0.0,0.0,STOPPED,ACCEPTED,ACCEPTED,164.844164121,164.844164121
164.906544646,0.0,10.42463977606254,0.011180339859974155,0.0,0.0,False,0.0,0.0,0.0,STOPPED,DUPLICATE_OR_OLD,DUPLICATE_OR_OLD,164.844164121,164.844164121
164.956544646,0.0,10.42463977606254,0.016180339859975294,0.0,0.0,False,0.0,0.0,0.0,STOPPED,DUPLICATE_OR_OLD,DUPLICATE_OR_OLD,164.844164121,164.844164121
165.00654464599998,0.0,10.42463977606254,0.006792850865350231,0.0,0.0,False,0.0,0.0,0.0,STOPPED,ACCEPTED,ACCEPTED,164.972131435,164.972131435
165.056544646,0.0,10.42463977606254,0.005411339222304742,0.0,0.0,False,0.0,0.0,0.0,STOPPED,ACCEPTED,ACCEPTED,165.022113847,165.022113847
165.10654464599997,0.0,10.42463977606254,0.010411339222303036,0.0,0.0,False,0.0,0.0,0.0,STOPPED,DUPLICATE_OR_OLD,DUPLICATE_OR_OLD,165.022113847,165.022113847
165.156544646,0.0,10.42463977606254,0.00606474892467582,0.0,0.0,False,0.0,0.0,0.0,STOPPED,ACCEPTED,ACCEPTED,165.126089821,165.126089821
165.206544646,0.0,10.42463977606254,0.011064748924676958,0.0,0.0,False,0.0,0.0,0.0,STOPPED,DUPLICATE_OR_OLD,DUPLICATE_OR_OLD,165.126089821,165.126089821
165.25654464599998,0.0,10.42463977606254,0.006163400603282585,0.0,0.0,False,0.0,0.0,0.0,STOPPED,ACCEPTED,ACCEPTED,165.210065867,165.210065867
165.306544646,0.0,10.42463977606254,0.011163400603283722,0.0,0.0,False,0.0,0.0,0.0,STOPPED,DUPLICATE_OR_OLD,DUPLICATE_OR_OLD,165.210065867,165.210065867
165.35654464599997,0.0,10.42463977606254,0.006177866879145073,0.0,0.0,False,0.0,0.0,0.0,STOPPED,ACCEPTED,ACCEPTED,165.328035522,165.328035522
165.406544646,0.0,10.42463977606254,0.01117786687914621,0.0,0.0,False,0.0,0.0,0.0,STOPPED,DUPLICATE_OR_OLD,DUPLICATE_OR_OLD,165.328035522,165.328035522
165.456544646,0.0,10.42463977606254,0.0061799790463577635,0.0,0.0,False,0.0,0.0,0.0,STOPPED,ACCEPTED,ACCEPTED,165.416007432,165.416007432
165.50654464599998,0.0,10.42463977606254,0.011179979046356057,0.0,0.0,False,0.0,0.0,0.0,STOPPED,DUPLICATE_OR_OLD,DUPLICATE_OR_OLD,165.416007432,165.416007432
165.556544646,0.0,10.42463977606254,0.006180287240760246,0.0,0.0,False,0.0,0.0,0.0,STOPPED,ACCEPTED,ACCEPTED,165.513983309,165.513983309
165.60654464599997,0.0,10.42463977606254,0.011180287240758542,0.0,0.0,False,0.0,0.0,0.0,STOPPED,DUPLICATE_OR_OLD,DUPLICATE_OR_OLD,165.513983309,165.513983309
165.656544646,0.0,10.42463977606254,0.0061803322064277605,0.0,0.0,False,0.0,0.0,0.0,STOPPED,ACCEPTED,ACCEPTED,165.625958809,165.625958809
165.706544646,0.0,10.42463977606254,0.011180332206428898,0.0,0.0,False,0.0,0.0,0.0,STOPPED,DUPLICATE_OR_OLD,DUPLICATE_OR_OLD,165.625958809,165.625958809
165.75654464599998,0.0,10.42463977606254,0.016180332206427193,0.0,0.0,False,0.0,0.0,0.0,STOPPED,DUPLICATE_OR_OLD,DUPLICATE_OR_OLD,165.625958809,165.625958809
165.806544646,0.0,10.42463977606254,0.006792850078121254,0.0,0.0,False,0.0,0.0,0.0,STOPPED,ACCEPTED,ACCEPTED,165.707939526,165.707939526
165.85654464599997,0.0,10.42463977606254,0.005411339056546718,0.0,0.0,False,0.0,0.0,0.0,STOPPED,ACCEPTED,ACCEPTED,165.841886072,165.841886072
165.906544646,0.0,10.42463977606254,0.010411339056547855,0.0,0.0,False,0.0,0.0,0.0,STOPPED,DUPLICATE_OR_OLD,DUPLICATE_OR_OLD,165.841886072,165.841886072
165.956544646,0.0,10.42463977606254,0.00606474889900664,0.0,0.0,False,0.0,0.0,0.0,STOPPED,ACCEPTED,ACCEPTED,165.90786839,165.90786839
166.00654464599998,0.0,10.42463977606254,0.011064748899004936,0.0,0.0,False,0.0,0.0,0.0,STOPPED,DUPLICATE_OR_OLD,DUPLICATE_OR_OLD,165.90786839,165.90786839
166.056544646,0.0,10.42463977606254,0.006163400599504211,0.0,0.0,False,0.0,0.0,0.0,STOPPED,ACCEPTED,ACCEPTED,166.013844313,166.013844313
166.10654464599997,0.0,10.42463977606254,0.011163400599502507,0.0,0.0,False,0.0,0.0,0.0,STOPPED,DUPLICATE_OR_OLD,DUPLICATE_OR_OLD,166.013844313,166.013844313
166.156544646,0.0,10.42463977606254,0.006177866878593102,0.0,0.0,False,0.0,0.0,0.0,STOPPED,ACCEPTED,ACCEPTED,166.113823099,166.113823099
166.206544646,0.0,10.42463977606254,0.011177866878594239,0.0,0.0,False,0.0,0.0,0.0,STOPPED,DUPLICATE_OR_OLD,DUPLICATE_OR_OLD,166.113823099,166.113823099
166.25654464599998,0.0,10.42463977606254,0.016177866878592535,0.0,0.0,False,0.0,0.0,0.0,STOPPED,DUPLICATE_OR_OLD,DUPLICATE_OR_OLD,166.113823099,166.113823099
166.306544646,0.0,10.42463977606254,0.006792596479117733,0.0,0.0,False,0.0,0.0,0.0,STOPPED,ACCEPTED,ACCEPTED,166.204262485,166.204262485
166.35654464599997,0.0,10.42463977606254,0.005411285658602885,0.0,0.0,False,0.0,0.0,0.0,STOPPED,ACCEPTED,ACCEPTED,166.309761074,166.309761074
166.406544646,0.0,10.42463977606254,0.010411285658604021,0.0,0.0,False,0.0,0.0,0.0,STOPPED,DUPLICATE_OR_OLD,DUPLICATE_OR_OLD,166.309761074,166.309761074
166.456544646,0.0,10.42463977606254,0.00606474062967623,0.0,0.0,False,0.0,0.0,0.0,STOPPED,ACCEPTED,ACCEPTED,166.409727335,166.409727335
166.50654464599998,0.0,10.42463977606254,0.011064740629674524,0.0,0.0,False,0.0,0.0,0.0,STOPPED,DUPLICATE_OR_OLD,DUPLICATE_OR_OLD,166.409727335,166.409727335
166.556544646,0.0,10.42463977606254,0.0061633993823001516,0.0,0.0,False,0.0,0.0,0.0,STOPPED,ACCEPTED,ACCEPTED,166.51370066,166.51370066
166.60654464599997,0.0,10.42463977606254,0.011163399382298447,0.0,0.0,False,0.0,0.0,0.0,STOPPED,DUPLICATE_OR_OLD,DUPLICATE_OR_OLD,166.51370066,166.51370066
166.656544646,0.0,10.42463977606254,0.0061778667007753845,0.0,0.0,False,0.0,0.0,0.0,STOPPED,ACCEPTED,ACCEPTED,166.621671796,166.621671796
166.706544646,0.0,10.42463977606254,0.011177866700776522,0.0,0.0,False,0.0,0.0,0.0,STOPPED,DUPLICATE_OR_OLD,DUPLICATE_OR_OLD,166.621671796,166.621671796
166.75654464599998,0.0,10.42463977606254,0.016177866700774816,0.0,0.0,False,0.0,0.0,0.0,STOPPED,DUPLICATE_OR_OLD,DUPLICATE_OR_OLD,166.621671796,166.621671796
166.806544646,0.0,10.42463977606254,0.006792596460824847,0.0,0.0,False,0.0,0.0,0.0,STOPPED,ACCEPTED,ACCEPTED,166.711642002,166.711642002
166.85654464599997,0.0,10.42463977606254,0.005411285654751081,0.0,0.0,False,0.0,0.0,0.0,STOPPED,ACCEPTED,ACCEPTED,166.841609068,166.841609068
166.906544646,0.0,10.42463977606254,0.010411285654752217,0.0,0.0,False,0.0,0.0,0.0,STOPPED,DUPLICATE_OR_OLD,DUPLICATE_OR_OLD,166.841609068,166.841609068
166.956544646,0.0,10.42463977606254,0.015411285654753354,0.0,0.0,False,0.0,0.0,0.0,STOPPED,DUPLICATE_OR_OLD,DUPLICATE_OR_OLD,166.841609068,166.841609068
167.00654464599998,0.0,10.42463977606254,0.006711747042355793,0.0,0.0,False,0.0,0.0,0.0,STOPPED,ACCEPTED,ACCEPTED,166.907596917,166.907596917
167.056544646,0.0,10.42463977606254,0.005394198366215654,0.0,0.0,False,0.0,0.0,0.0,STOPPED,ACCEPTED,ACCEPTED,167.021562239,167.021562239
167.10654464599997,0.0,10.42463977606254,0.010394198366213948,0.0,0.0,False,0.0,0.0,0.0,STOPPED,DUPLICATE_OR_OLD,DUPLICATE_OR_OLD,167.021562239,167.021562239
167.156544646,0.0,10.42463977606254,0.006062092665502611,0.0,0.0,False,0.0,0.0,0.0,STOPPED,ACCEPTED,ACCEPTED,167.113527325,167.113527325
167.206544646,0.0,10.42463977606254,0.011062092665503748,0.0,0.0,False,0.0,0.0,0.0,STOPPED,DUPLICATE_OR_OLD,DUPLICATE_OR_OLD,167.113527325,167.113527325
167.25654464599998,0.0,10.42463977606254,0.006163009575498582,0.0,0.0,False,0.0,0.0,0.0,STOPPED,ACCEPTED,ACCEPTED,167.211513204,167.211513204
167.306544646,0.0,10.42463977606254,0.011163009575499719,0.0,0.0,False,0.0,0.0,0.0,STOPPED,DUPLICATE_OR_OLD,DUPLICATE_OR_OLD,167.211513204,167.211513204
167.35654464599997,0.000420062310486049,10.424650277620302,0.006177809754209193,0.0,0.0,False,0.0,0.6177809754209193,0.0,FUSED,ACCEPTED,ACCEPTED,167.311479438,167.311479438
167.406544646,0.002481226187357241,10.424722809832748,0.01117780975421033,0.0,0.0,False,0.0,0.0,0.0,MODEL_ONLY,DUPLICATE_OR_OLD,DUPLICATE_OR_OLD,167.311479438,167.311479438
167.456544646,0.002050380239336471,10.424836099993415,0.006179970710348979,0.0,0.0,False,0.0,0.6179970710348979,0.0,FUSED,ACCEPTED,ACCEPTED,167.411445859,167.411445859
167.50654464599998,0.005692362348557335,10.425029668558112,0.011179970710347275,0.0,0.0,False,0.0,0.0,0.0,MODEL_ONLY,DUPLICATE_OR_OLD,DUPLICATE_OR_OLD,167.411445859,167.411445859
167.556544646,0.009947265324314235,10.425420659249934,0.016179970710348414,0.0,0.0,False,0.0,0.0,0.0,MODEL_ONLY,DUPLICATE_OR_OLD,DUPLICATE_OR_OLD,167.411445859,167.411445859
167.60654464599997,0.00504791434825658,10.425795538741747,0.0067928128948878015,0.0,0.0,False,0.0,0.6792812894887801,0.0,FUSED,ACCEPTED,ACCEPTED,167.511428789,167.511428789
167.656544646,0.00564692862481116,10.426062909816073,0.0054113312273032475,0.0,0.0,False,0.0,0.5411331227303247,0.0,FUSED,ACCEPTED,ACCEPTED,167.615393411,167.615393411
167.706544646,0.014132136130273166,10.42655738643495,0.010411331227304385,0.0,0.0,False,0.0,0.0,0.0,MODEL_ONLY,DUPLICATE_OR_OLD,DUPLICATE_OR_OLD,167.615393411,167.615393411
167.75654464599998,0.009284800213302436,10.42714280984354,0.006064747686553428,0.0,0.0,False,0.0,0.6064747686553427,0.0,FUSED,ACCEPTED,ACCEPTED,167.707376655,167.707376655
167.806544646,0.01976682873490808,10.427869100567245,0.011064747686554566,0.0,0.0,False,0.0,0.0,0.0,MODEL_ONLY,DUPLICATE_OR_OLD,DUPLICATE_OR_OLD,167.707376655,167.707376655
167.85654464599997,0.030955451439363083,10.429137157571601,0.01606474768655286,0.0,0.0,False,0.0,0.0,0.0,MODEL_ONLY,DUPLICATE_OR_OLD,DUPLICATE_OR_OLD,167.707376655,167.707376655
167.906544646,0.024671368009406076,10.430527828057821,0.0067809170378910315,0.0,0.0,False,0.0,0.678091703789103,0.0,FUSED,ACCEPTED,ACCEPTED,167.843324036,167.843324036
167.956544646,0.024552017243296188,10.431758412689138,0.005408825081789238,0.0,0.0,False,0.0,0.5408825081789236,0.0,FUSED,ACCEPTED,ACCEPTED,167.911316463,167.911316463
168.00654464599998,0.039617161034642426,10.433362642146086,0.010408825081787532,0.0,0.0,False,0.0,0.0,0.0,MODEL_ONLY,DUPLICATE_OR_OLD,DUPLICATE_OR_OLD,167.911316463,167.911316463
168.056544646,0.03090741325697024,10.435125756503378,0.006064359541296806,0.0,0.0,False,0.0,0.6064359541296804,0.0,FUSED,ACCEPTED,ACCEPTED,168.009293034,168.009293034
168.10654464599997,0.04774555760004444,10.437092080774804,0.011064359541295102,0.0,0.0,False,0.0,0.0,0.0,MODEL_ONLY,DUPLICATE_OR_OLD,DUPLICATE_OR_OLD,168.009293034,168.009293034
168.156544646,0.03468598056823751,10.43915286922901,0.006163343287159598,0.0,0.0,False,0.0,0.6163343287159597,0.0,FUSED,ACCEPTED,ACCEPTED,168.11125391,168.11125391
168.206544646,0.05291015873017047,10.441342772711472,0.011163343287160735,0.0,0.0,False,0.0,0.0,0.0,MODEL_ONLY,DUPLICATE_OR_OLD,DUPLICATE_OR_OLD,168.11125391,168.11125391
168.25654464599998,0.07148619062334263,10.44445268144531,0.01616334328715903,0.0,0.0,False,0.0,0.0,0.0,MODEL_ONLY,DUPLICATE_OR_OLD,DUPLICATE_OR_OLD,168.11125391,168.11125391
168.306544646,0.0544318777707352,10.447600633155163,0.0067911016774249095,0.0,0.0,False,0.0,0.6791101677424908,0.0,FUSED,ACCEPTED,ACCEPTED,168.207239115,168.207239115
168.35654464599997,0.043704002349700004,10.450054030158173,0.005410970887093535,0.0,0.0,False,0.0,0.5410970887093534,0.0,FUSED,ACCEPTED,ACCEPTED,168.311205706,168.311205706
168.406544646,0.06387507740880857,10.452743507152135,0.010410970887094672,0.0,0.0,False,0.0,0.0,0.0,MODEL_ONLY,DUPLICATE_OR_OLD,DUPLICATE_OR_OLD,168.311205706,168.311205706
168.456544646,0.043769936437468224,10.455434632498294,0.006064691882718186,0.0,0.0,False,0.0,0.6064691882718185,0.0,FUSED,ACCEPTED,ACCEPTED,168.413184489,168.413184489
168.50654464599998,0.0645543051090317,10.458142738536957,0.011064691882716481,0.0,0.0,False,0.0,0.0,0.0,MODEL_ONLY,DUPLICATE_OR_OLD,DUPLICATE_OR_OLD,168.413184489,168.413184489
168.556544646,0.044380827764778315,10.460866116858801,0.006163392206976147,0.0,0.0,False,0.0,0.6163392206976146,0.0,FUSED,ACCEPTED,ACCEPTED,168.511146476,168.511146476
168.60654464599997,0.06566139865608789,10.463617172519323,0.011163392206974442,0.0,0.0,False,0.0,0.0,0.0,MODEL_ONLY,DUPLICATE_OR_OLD,DUPLICATE_OR_OLD,168.511146476,168.511146476
168.656544646,0.07399599327098623,10.4671086073175,0.006177865652553327,0.0,0.0,False,0.0,0.6177865652553326,0.0,FUSED,ACCEPTED,ACCEPTED,168.631109531,168.631109531
168.706544646,0.09523943205647283,10.471339492950687,0.011177865652554464,0.0,0.0,False,0.0,0.0,0.0,MODEL_ONLY,DUPLICATE_OR_OLD,DUPLICATE_OR_OLD,168.631109531,168.631109531
168.75654464599998,0.12474687113067559,10.476839150530363,0.006179978867366202,0.0,0.0,False,0.0,0.61799788673662,0.0,FUSED,ACCEPTED,ACCEPTED,168.711071389,168.711071389
168.806544646,0.14577594879917782,10.48360222102861,0.01117997886736734,0.0,0.0,False,0.0,0.0,0.0,MODEL_ONLY,DUPLICATE_OR_OLD,DUPLICATE_OR_OLD,168.711071389,168.711071389
168.85654464599997,0.168019936748939,10.491447118167311,0.00618028721464501,0.0,0.0,False,0.0,0.6180287214645008,0.0,FUSED,ACCEPTED,ACCEPTED,168.821044414,168.821044414
168.906544646,0.18889405501927523,10.500369967961518,0.011180287214646147,0.0,0.0,False,0.0,0.0,0.0,MODEL_ONLY,DUPLICATE_OR_OLD,DUPLICATE_OR_OLD,168.821044414,168.821044414
168.956544646,0.1769917493543524,10.509517113070862,0.006180332202617997,0.0,0.0,False,0.0,0.6180332202617997,0.0,FUSED,ACCEPTED,ACCEPTED,168.913014979,168.913014979
169.00654464599998,0.19799449421041418,10.518891769159977,0.011180332202616293,0.0,0.0,False,0.0,0.0,0.0,MODEL_ONLY,DUPLICATE_OR_OLD,DUPLICATE_OR_OLD,168.913014979,168.913014979
169.056544646,0.20042873124257993,10.528852349796304,0.006180338766289517,0.0,0.0,False,0.0,0.6180338766289515,0.0,FUSED,ACCEPTED,ACCEPTED,169.018998512,169.018998512
169.10654464599997,0.22141076568540244,10.5393983372195,0.011180338766287812,0.0,0.0,False,0.0,0.0,0.0,MODEL_ONLY,DUPLICATE_OR_OLD,DUPLICATE_OR_OLD,169.018998512,169.018998512
169.156544646,0.21564313660721315,10.550324684776818,0.006180339723916608,0.0,0.0,False,0.0,0.6180339723916607,0.0,FUSED,ACCEPTED,ACCEPTED,169.138946727,169.138946727
169.206544646,0.23766320983011932,10.561657343437755,0.011180339723917746,0.0,0.0,False,0.0,0.0,0.0,MODEL_ONLY,DUPLICATE_OR_OLD,DUPLICATE_OR_OLD,169.138946727,169.138946727
169.25654464599998,0.24127327143279298,10.573630755469324,0.006180339863632524,0.0,0.0,False,0.0,0.6180339863632524,0.0,FUSED,ACCEPTED,ACCEPTED,169.21093276,169.21093276
169.306544646,0.26409279785869877,10.586264907201613,0.011180339863633662,0.0,0.0,False,0.0,0.0,0.0,MODEL_ONLY,DUPLICATE_OR_OLD,DUPLICATE_OR_OLD,169.21093276,169.21093276
169.35654464599997,0.26440233031292215,10.5994772854059,0.0061803398840168024,0.0,0.0,False,0.0,0.6180339884016801,0.0,FUSED,ACCEPTED,ACCEPTED,169.31090241,169.31090241
169.406544646,0.2878313146465572,10.61328312652989,0.01118033988401794,0.0,0.0,False,0.0,0.0,0.0,MODEL_ONLY,DUPLICATE_OR_OLD,DUPLICATE_OR_OLD,169.31090241,169.31090241
169.456544646,0.28864294537236296,10.627694983030366,0.006180339886991243,0.0,0.0,False,0.0,0.6180339886991242,0.0,FUSED,ACCEPTED,ACCEPTED,169.412884371,169.412884371
169.50654464599998,0.3125291176643376,10.642724284606278,0.011180339886989538,0.0,0.0,False,0.0,0.0,0.0,MODEL_ONLY,DUPLICATE_OR_OLD,DUPLICATE_OR_OLD,169.412884371,169.412884371
169.556544646,0.33657002044968815,10.658951763059132,0.016180339886990677,0.0,0.0,False,0.0,0.0,0.0,MODEL_ONLY,DUPLICATE_OR_OLD,DUPLICATE_OR_OLD,169.412884371,169.412884371
169.60654464599997,0.33797136402233946,10.675815297670926,0.0067928508681289815,0.0,0.0,False,0.0,0.679285086812898,0.0,FUSED,ACCEPTED,ACCEPTED,169.512844933,169.512844933
169.656544646,0.3366964057401186,10.692681991914991,0.00541133922288983,0.0,0.0,False,0.0,0.5411339222889829,0.0,FUSED,ACCEPTED,ACCEPTED,169.605181662,169.605181662
169.706544646,0.36122389133530347,10.71012999934188,0.010411339222890968,0.0,0.0,False,0.0,0.0,0.0,MODEL_ONLY,DUPLICATE_OR_OLD,DUPLICATE_OR_OLD,169.605181662,169.605181662
169.75654464599998,0.3858357369581852,10.72880649004921,0.015411339222889262,0.0,0.0,False,0.0,0.0,0.0,MODEL_ONLY,DUPLICATE_OR_OLD,DUPLICATE_OR_OLD,169.605181662,169.605181662
169.806544646,0.3681454483266373,10.747656019681337,0.006711752834458186,0.0,0.0,False,0.0,0.6711752834458183,0.0,FUSED,ACCEPTED,ACCEPTED,169.800774634,169.800774634
169.85654464599997,0.39293765337314585,10.766683097223824,0.011711752834456482,0.0,0.0,False,0.0,0.0,0.0,MODEL_ONLY,DUPLICATE_OR_OLD,DUPLICATE_OR_OLD,169.800774634,169.800774634
169.906544646,0.4020553762430936,10.786557922964233,0.00625632954079292,0.0,0.0,False,0.0,0.6256329540792918,0.0,FUSED,ACCEPTED,ACCEPTED,169.864751778,169.864751778
169.956544646,0.4220774184083436,10.807161242830524,0.0052955189272877465,0.0,0.0,False,0.0,0.5295518927287746,0.0,FUSED,ACCEPTED,ACCEPTED,169.906743795,169.906743795
170.00654464599998,0.4483393234466476,10.828921661376892,0.010295518927286041,0.0,0.0,False,0.0,0.0,0.0,MODEL_ONLY,DUPLICATE_OR_OLD,DUPLICATE_OR_OLD,169.906743795,169.906743795
170.056544646,0.47497053574829107,10.85200440785677,0.015295518927287179,0.0,0.0,False,0.0,0.0,0.0,MODEL_ONLY,DUPLICATE_OR_OLD,DUPLICATE_OR_OLD,169.906743795,169.906743795
170.10654464599997,0.49441778357465194,10.876239115839835,0.006699181808371812,0.0,0.0,False,0.0,0.669918180837181,0.0,FUSED,ACCEPTED,ACCEPTED,170.006715355,170.006715355
170.156544646,0.5224911806146995,10.901661839944575,0.01169918180837295,0.0,0.0,False,0.0,0.0,0.0,MODEL_ONLY,DUPLICATE_OR_OLD,DUPLICATE_OR_OLD,170.006715355,170.006715355
170.206544646,0.5364894981233755,10.928136356913033,0.006254566873332597,0.0,0.0,False,0.0,0.6254566873332597,0.0,FUSED,ACCEPTED,ACCEPTED,170.106682726,170.106682726
170.25654464599998,0.5507013960842821,10.955316129268214,0.005295128778866121,0.0,0.0,False,0.0,0.529512877886612,-0.039981982849070175,FUSED,ACCEPTED,ACCEPTED,170.207120788,170.207120788
170.306544646,0.5790872056778026,10.983560844312272,0.01029512877886726,0.0,0.0,False,0.0,0.0,-0.039981982849070175,MODEL_ONLY,DUPLICATE_OR_OLD,DUPLICATE_OR_OLD,170.207120788,170.207120788
170.35654464599997,0.5906395069829579,11.012804012128782,0.006046669662201861,0.0,0.0,False,0.0,0.604666966220186,-0.06811256067600137,FUSED,ACCEPTED,ACCEPTED,170.310634366,170.310634366
170.406544646,0.6189528307665887,11.043043820572528,0.011046669662203,0.0,0.0,False,0.0,0.0,-0.06811256067600137,MODEL_ONLY,DUPLICATE_OR_OLD,DUPLICATE_OR_OLD,170.310634366,170.310634366
170.456544646,0.6334592448293622,11.074354122462433,0.006160737580009769,0.0,0.0,False,0.0,0.6160737580009769,-0.09261505890366009,FUSED,ACCEPTED,ACCEPTED,170.406604133,170.406604133
170.50654464599998,0.662271529444844,11.106747391819276,0.011160737580008063,0.0,0.0,False,0.0,0.0,-0.09261505890366009,MODEL_ONLY,DUPLICATE_OR_OLD,DUPLICATE_OR_OLD,170.406604133,170.406604133
170.556544646,0.6825813158763651,11.140368712952315,0.006177477806420287,0.0,0.0,False,0.0,0.6177477806420287,-0.10478384415687532,FUSED,ACCEPTED,ACCEPTED,170.510581297,170.510581297
170.60654464599997,0.7121221357938744,11.175236299244059,0.011177477806418583,0.0,0.0,False,0.0,0.0,-0.10478384415687532,MODEL_ONLY,DUPLICATE_OR_OLD,DUPLICATE_OR_OLD,170.510581297,170.510581297
170.656544646,0.7422142615255762,11.211594709177055,0.01617747780641972,0.0,0.0,False,0.0,0.0,-0.10478384415687532,MODEL_ONLY,DUPLICATE_OR_OLD,DUPLICATE_OR_OLD,170.510581297,170.510581297
170.706544646,0.7413728231811892,11.248684386294732,0.006792556453062234,0.0,0.0,False,0.0,0.6792556453062233,-0.1794728004022636,FUSED,ACCEPTED,ACCEPTED,170.69251662,170.69251662
170.75654464599998,0.7844462619683611,11.286829863423458,0.005411277230581359,0.0,0.0,False,0.0,0.5411277230581358,-0.0963355161550916,FUSED,ACCEPTED,ACCEPTED,170.746500974,170.746500974
170.806544646,0.8171610394516793,11.32687004595897,0.010411277230582496,0.0,0.0,False,0.0,0.0,-0.0963355161550916,MODEL_ONLY,DUPLICATE_OR_OLD,DUPLICATE_OR_OLD,170.746500974,170.746500974
170.85654464599997,0.8742267998976045,11.369154741942687,0.006064739324489499,0.0,0.0,False,0.0,0.6064739324489498,-0.05064144263118035,FUSED,ACCEPTED,ACCEPTED,170.82649325,170.82649325
170.906544646,0.910290011545048,11.413767662228764,0.011064739324490636,0.0,0.0,False,0.0,0.0,-0.05064144263118035,MODEL_ONLY,DUPLICATE_OR_OLD,DUPLICATE_OR_OLD,170.82649325,170.82649325
170.956544646,0.9558674431027562,11.46042159859497,0.006163399190183543,0.0,0.0,False,0.0,0.6163399190183543,-0.05634059929957944,FUSED,ACCEPTED,ACCEPTED,170.906464127,170.906464127
171.00654464599998,0.992470827955087,11.5091300553714,0.011163399190181838,0.0,0.0,False,0.0,0.0,-0.05634059929957944,MODEL_ONLY,DUPLICATE_OR_OLD,DUPLICATE_OR_OLD,170.906464127,170.906464127
171.056544646,1.0432644328783316,11.560023436892248,0.006177866672709639,0.0,0.0,False,0.0,0.6177866672709639,-0.029436242072027028,FUSED,ACCEPTED,ACCEPTED,171.004609176,171.004609176
171.10654464599997,1.0824613208547833,11.613166580735557,0.011177866672707933,0.0,0.0,False,0.0,0.0,-0.029436242072027028,MODEL_ONLY,DUPLICATE_OR_OLD,DUPLICATE_OR_OLD,171.004609176,171.004609176
171.156544646,1.1341283728499907,11.66858132307819,0.006179979016233133,0.0,0.0,False,0.0,0.6179979016233131,-0.015072753375692404,FUSED,ACCEPTED,ACCEPTED,171.104568335,171.104568335
171.206544646,1.1750112172730889,11.72630981283128,0.01117997901623427,0.0,0.0,False,0.0,0.0,-0.015072753375692404,MODEL_ONLY,DUPLICATE_OR_OLD,DUPLICATE_OR_OLD,171.104568335,171.104568335
171.25654464599998,1.2142244635407249,11.786040704851604,0.006180287236365,0.0,0.0,False,0.0,0.6180287236365,-0.03817738225109139,FUSED,ACCEPTED,ACCEPTED,171.206385888,171.206385888
171.306544646,1.2547023698549329,11.84776387568651,0.011180287236366137,0.0,0.0,False,0.0,0.0,-0.03817738225109139,MODEL_ONLY,DUPLICATE_OR_OLD,DUPLICATE_OR_OLD,171.206385888,171.206385888
171.35654464599997,1.2989718515211623,11.91160573122089,0.0061803322057865,0.0,0.0,False,0.0,0.6180332205786498,-0.025307216074577553,FUSED,ACCEPTED,ACCEPTED,171.306352368,171.306352368
171.406544646,1.3409824032508413,11.977604587590205,0.011180332205787638,0.0,0.0,False,0.0,0.0,-0.025307216074577553,MODEL_ONLY,DUPLICATE_OR_OLD,DUPLICATE_OR_OLD,171.306352368,171.306352368
171.456544646,1.3720454926002021,12.045430284986496,0.00618033876675221,0.0,0.0,False,0.0,0.6180338766752209,-0.06563629690632643,FUSED,ACCEPTED,ACCEPTED,171.438322581,171.438322581
171.50654464599998,1.4129996009960117,12.115056412326378,0.011180338766750505,0.0,0.0,False,0.0,0.0,-0.06563629690632643,MODEL_ONLY,DUPLICATE_OR_OLD,DUPLICATE_OR_OLD,171.438322581,171.438322581
171.556544646,1.4590943567519543,12.186858761270095,0.006180339723984114,0.0,0.0,False,0.0,0.6180339723984113,-0.03814043553970069,FUSED,ACCEPTED,ACCEPTED,171.512288578,171.512288578
171.60654464599997,1.502167482752862,12.26089030725769,0.01118033972398241,0.0,0.0,False,0.0,0.0,-0.03814043553970069,MODEL_ONLY,DUPLICATE_OR_OLD,DUPLICATE_OR_OLD,171.512288578,171.512288578
171.656544646,1.5374695146869093,12.3368812321937,0.006180339863642375,0.0,0.0,False,0.0,0.6180339863642372,-0.07064765140286025,FUSED,ACCEPTED,ACCEPTED,171.622257697,171.622257697
171.706544646,1.5794942196857182,12.414805325553033,0.011180339863643512,0.0,0.0,False,0.0,0.0,-0.07064765140286025,MODEL_ONLY,DUPLICATE_OR_OLD,DUPLICATE_OR_OLD,171.622257697,171.622257697
171.75654464599998,1.6236839912273269,12.494884780825831,0.006180339884018239,0.0,0.0,False,0.0,0.6180339884018238,-0.05477329582120877,FUSED,ACCEPTED,ACCEPTED,171.708232428,171.708232428
171.806544646,1.6669496704225026,12.577150622367096,0.011180339884019376,0.0,0.0,False,0.0,0.0,-0.05477329582120877,MODEL_ONLY,DUPLICATE_OR_OLD,DUPLICATE_OR_OLD,171.708232428,171.708232428
171.85654464599997,1.7020327180643506,12.661375182079238,0.006180339886991038,0.0,0.0,False,0.0,0.6180339886991035,-0.08300568885195106,FUSED,ACCEPTED,ACCEPTED,171.840205213,171.840205213
171.906544646,1.7442335003927398,12.747531837540686,0.011180339886992175,0.0,0.0,False,0.0,0.0,-0.08300568885195106,MODEL_ONLY,DUPLICATE_OR_OLD,DUPLICATE_OR_OLD,171.840205213,171.840205213
