t,v,s,pvv,pvd,pdd,active,added,gain,d,mode,front_status,rear_status,front_t,rear_t
105.650028617,0.0,0.0,1.0,0.0,0.0,False,0.0,0.0,0.0,WAITING_FOR_INITIALIZATION,MISSING_OR_STALE,MISSING_OR_STALE,,
105.700028617,0.0,0.0,0.010000000000000002,0.0,0.0,False,0.0,0.0,0.0,INITIALIZED,ACCEPTED,ACCEPTED,105.635437388,105.635437388
105.750028617,0.0,0.0,0.014999999999999718,0.0,0.0,False,0.0,0.0,0.0,MODEL_ONLY,DUPLICATE_OR_OLD,DUPLICATE_OR_OLD,105.635437388,105.635437388
105.80002861700001,0.0,0.0,0.006666666666666763,0.0,0.0,False,0.0,0.6666666666666761,0.0,FUSED,ACCEPTED,ACCEPTED,105.755418762,105.755418762
105.850028617,0.0,0.0,0.01166666666666648,0.0,0.0,False,0.0,0.0,0.0,MODEL_ONLY,DUPLICATE_OR_OLD,DUPLICATE_OR_OLD,105.755418762,105.755418762
105.900028617,0.0,0.0,0.016666666666666198,0.0,0.0,False,0.0,0.0,0.0,MODEL_ONLY,DUPLICATE_OR_OLD,DUPLICATE_OR_OLD,105.755418762,105.755418762
105.950028617,0.0,0.0,0.00684210526315782,0.0,0.0,False,0.0,0.6842105263157819,0.0,FUSED,ACCEPTED,ACCEPTED,105.931367797,105.931367797
106.000028617,0.0,0.0,0.011842105263157536,0.0,0.0,False,0.0,0.0,0.0,MODEL_ONLY,DUPLICATE_OR_OLD,DUPLICATE_OR_OLD,105.931367797,105.931367797
106.05002861700001,0.0,0.0,0.01684210526315867,0.0,0.0,False,0.0,0.0,0.0,MODEL_ONLY,DUPLICATE_OR_OLD,DUPLICATE_OR_OLD,105.931367797,105.931367797
106.100028617,0.0,0.0,0.006859504132231455,0.0,0.0,False,0.0,0.6859504132231453,0.0,FUSED,ACCEPTED,ACCEPTED,106.033323057,106.033323057
106.150028617,0.0,0.0,0.005425330812854394,0.0,0.0,False,0.0,0.5425330812854392,0.0,FUSED,ACCEPTED,ACCEPTED,106.133303978,106.133303978
106.200028617,0.0,0.0,0.01042533081285411,0.0,0.0,False,0.0,0.0,0.0,MODEL_ONLY,DUPLICATE_OR_OLD,DUPLICATE_OR_OLD,106.133303978,106.133303978
106.250028617,0.0,0.0,0.015425330812853827,0.0,0.0,False,0.0,0.0,0.0,STOPPED,DUPLICATE_OR_OLD,DUPLICATE_OR_OLD,106.133303978,106.133303978
106.30002861700001,0.0,0.0,0.0067132649891271145,0.0,0.0,False,0.0,0.0,0.0,STOPPED,ACCEPTED,ACCEPTED,106.251264788,106.251264788
106.350028617,0.0,0.0,0.01171326498912683,0.0,0.0,False,0.0,0.0,0.0,STOPPED,DUPLICATE_OR_OLD,DUPLICATE_OR_OLD,106.251264788,106.251264788
106.400028617,0.0,0.0,0.006256541458309035,0.0,0.0,False,0.0,0.0,0.0,STOPPED,ACCEPTED,ACCEPTED,106.331245703,106.331245703
106.450028617,0.0,0.0,0.005295565828705778,0.0,0.0,False,0.0,0.0,0.0,STOPPED,ACCEPTED,ACCEPTED,106.435219313,106.435219313
106.500028617,0.0,0.0,0.010295565828705494,0.0,0.0,False,0.0,0.0,0.0,STOPPED,DUPLICATE_OR_OLD,DUPLICATE_OR_OLD,106.435219313,106.435219313
106.55002861700001,0.0,0.0,0.006046737966757986,0.0,0.0,False,0.0,0.0,0.0,STOPPED,ACCEPTED,ACCEPTED,106.531191747,106.531191747
106.600028617,0.0,0.0,0.011046737966757703,0.0,0.0,False,0.0,0.0,0.0,STOPPED,DUPLICATE_OR_OLD,DUPLICATE_OR_OLD,106.531191747,106.531191747
106.650028617,0.0,0.0,0.006160747648030757,0.0,0.0,False,0.0,0.0,0.0,STOPPED,ACCEPTED,ACCEPTED,106.637157445,106.637157445
106.700028617,0.0,0.0,0.011160747648030473,0.0,0.0,False,0.0,0.0,0.0,STOPPED,DUPLICATE_OR_OLD,DUPLICATE_OR_OLD,106.637157445,106.637157445
106.750028617,0.0,0.0,0.016160747648030188,0.0,0.0,False,0.0,0.0,0.0,STOPPED,DUPLICATE_OR_OLD,DUPLICATE_OR_OLD,106.637157445,106.637157445
106.80002861700001,0.0,0.0,0.006790834381462032,0.0,0.0,False,0.0,0.0,0.0,STOPPED,ACCEPTED,ACCEPTED,106.763127576,106.763127576
106.850028617,0.0,0.0,0.011790834381461748,0.0,0.0,False,0.0,0.0,0.0,STOPPED,DUPLICATE_OR_OLD,DUPLICATE_OR_OLD,106.763127576,106.763127576
106.900028617,0.0,0.0,0.006267380157849907,0.0,0.0,False,0.0,0.0,0.0,STOPPED,ACCEPTED,ACCEPTED,106.849102179,106.849102179
106.950028617,0.0,0.0,0.0052979633947488934,0.0,0.0,False,0.0,0.0,0.0,STOPPED,ACCEPTED,ACCEPTED,106.933075763,106.933075763
107.000028617,0.0,0.0,0.010297963394748609,0.0,0.0,False,0.0,0.0,0.0,STOPPED,DUPLICATE_OR_OLD,DUPLICATE_OR_OLD,106.933075763,106.933075763
107.05002861700001,0.0,0.0,0.006047112629597937,0.0,0.0,False,0.0,0.0,0.0,STOPPED,ACCEPTED,ACCEPTED,107.035056336,107.035056336
107.100028617,0.0,0.0,0.011047112629597653,0.0,0.0,False,0.0,0.0,0.0,STOPPED,DUPLICATE_OR_OLD,DUPLICATE_OR_OLD,107.035056336,107.035056336
107.150028617,0.0,0.0,0.01604711262959737,0.0,0.0,False,0.0,0.0,0.0,STOPPED,DUPLICATE_OR_OLD,DUPLICATE_OR_OLD,107.035056336,107.035056336
107.200028617,0.0,0.0,0.006779088567976194,0.0,0.0,False,0.0,0.0,0.0,STOPPED,ACCEPTED,ACCEPTED,107.157014894,107.157014894
107.250028617,0.0,0.0,0.01177908856797591,0.0,0.0,False,0.0,0.0,0.0,STOPPED,DUPLICATE_OR_OLD,DUPLICATE_OR_OLD,107.157014894,107.157014894
107.30002861700001,0.0,0.0,0.0062657429603641575,0.0,0.0,False,0.0,0.0,0.0,STOPPED,ACCEPTED,ACCEPTED,107.258993305,107.258993305
107.350028617,0.0,0.0,0.011265742960363874,0.0,0.0,False,0.0,0.0,0.0,STOPPED,DUPLICATE_OR_OLD,DUPLICATE_OR_OLD,107.258993305,107.258993305
107.400028617,0.0,0.0,0.006192759513755033,0.0,0.0,False,0.0,0.0,0.0,STOPPED,ACCEPTED,ACCEPTED,107.328970718,107.328970718
107.450028617,0.0,0.0,0.005281407315781745,0.0,0.0,False,0.0,0.0,0.0,STOPPED,ACCEPTED,ACCEPTED,107.432937675,107.432937675
107.500028617,0.0,0.0,0.010281407315781461,0.0,0.0,False,0.0,0.0,0.0,STOPPED,DUPLICATE_OR_OLD,DUPLICATE_OR_OLD,107.432937675,107.432937675
107.55002861700001,0.0,0.0,0.006044523995403835,0.0,0.0,False,0.0,0.0,0.0,STOPPED,ACCEPTED,ACCEPTED,107.534912122,107.534912122
107.600028617,0.0,0.0,0.011044523995403552,0.0,0.0,False,0.0,0.0,0.0,STOPPED,DUPLICATE_OR_OLD,DUPLICATE_OR_OLD,107.534912122,107.534912122
107.650028617,0.0,0.0,0.016044523995403268,0.0,0.0,False,0.0,0.0,0.0,STOPPED,DUPLICATE_OR_OLD,DUPLICATE_OR_OLD,107.534912122,107.534912122
107.700028617,0.0,0.0,0.006778819993670774,0.0,0.0,False,0.0,0.0,0.0,STOPPED,ACCEPTED,ACCEPTED,107.630881344,107.630881344
107.750028617,0.0,0.0,0.01177881999367049,0.0,0.0,False,0.0,0.0,0.0,STOPPED,DUPLICATE_OR_OLD,DUPLICATE_OR_OLD,107.630881344,107.630881344
107.80002861700001,0.0,0.0,0.006265705508172803,0.0,0.0,False,0.0,0.0,0.0,STOPPED,ACCEPTED,ACCEPTED,107.756849041,107.756849041
107.850028617,0.0,0.0,0.00529759311481251,0.0,0.0,False,0.0,0.0,0.0,STOPPED,ACCEPTED,ACCEPTED,107.832830656,107.832830656
107.900028617,0.0,0.0,0.010297593114812226,0.0,0.0,False,0.0,0.0,0.0,STOPPED,DUPLICATE_OR_OLD,DUPLICATE_OR_OLD,107.832830656,107.832830656
107.950028617,0.0,0.0,0.015297593114811943,0.0,0.0,False,0.0,0.0,0.0,STOPPED,DUPLICATE_OR_OLD,DUPLICATE_OR_OLD,107.832830656,107.832830656
108.000028617,0.0,0.0,0.006699407783943316,0.0,0.0,False,0.0,0.0,0.0,STOPPED,ACCEPTED,ACCEPTED,107.934805192,107.934805192
108.05002861700001,0.0,0.0,0.011699407783944453,0.0,0.0,False,0.0,0.0,0.0,STOPPED,DUPLICATE_OR_OLD,DUPLICATE_OR_OLD,107.934805192,107.934805192
108.100028617,0.0,0.0,0.006254598573525833,0.0,0.0,False,0.0,0.0,0.0,STOPPED,ACCEPTED,ACCEPTED,108.038776241,108.038776241
108.150028617,0.0,0.0,0.01125459857352555,0.0,0.0,False,0.0,0.0,0.0,STOPPED,DUPLICATE_OR_OLD,DUPLICATE_OR_OLD,108.038776241,108.038776241
108.200028617,0.0,0.0,0.006191143440264273,0.0,0.0,False,0.0,0.0,0.0,STOPPED,ACCEPTED,ACCEPTED,108.130744151,108.130744151
108.250028617,0.0,0.0,0.011191143440263989,0.0,0.0,False,0.0,0.0,0.0,STOPPED,DUPLICATE_OR_OLD,DUPLICATE_OR_OLD,108.130744151,108.130744151
108.30002861700001,0.0,0.0,0.006181915454433183,0.0,0.0,False,0.0,0.0,0.0,STOPPED,ACCEPTED,ACCEPTED,108.252721621,108.252721621
108.350028617,0.0,0.0,0.0111819154544329,0.0,0.0,False,0.0,0.0,0.0,STOPPED,DUPLICATE_OR_OLD,DUPLICATE_OR_OLD,108.252721621,108.252721621
108.400028617,0.0,0.0,0.006180569745783442,0.0,0.0,False,0.0,0.0,0.0,STOPPED,ACCEPTED,ACCEPTED,108.330692955,108.330692955
108.450028617,0.0,0.0,0.011180569745783159,0.0,0.0,False,0.0,0.0,0.0,STOPPED,DUPLICATE_OR_OLD,DUPLICATE_OR_OLD,108.330692955,108.330692955
108.500028617,0.0,0.0,0.006180373423076179,0.0,0.0,False,0.0,0.0,0.0,STOPPED,ACCEPTED,ACCEPTED,108.436662642,108.436662642
108.55002861700001,0.0,0.0,0.011180373423077317,0.0,0.0,False,0.0,0.0,0.0,STOPPED,DUPLICATE_OR_OLD,DUPLICATE_OR_OLD,108.436662642,108.436662642
108.600028617,0.0,0.0,0.006180344780267585,0.0,0.0,False,0.0,0.0,0.0,STOPPED,ACCEPTED,ACCEPTED,108.534634203,108.534634203
108.650028617,0.0,0.0,0.0052786415406624945,0.0,0.0,False,0.0,0.0,0.0,STOPPED,ACCEPTED,ACCEPTED,108.632605619,108.632605619
108.700028617,0.0,0.0,0.010278641540662211,0.0,0.0,False,0.0,0.0,0.0,STOPPED,DUPLICATE_OR_OLD,DUPLICATE_OR_OLD,108.632605619,108.632605619
108.750028617,0.0,0.0,0.015278641540661927,0.0,0.0,False,0.0,0.0,0.0,STOPPED,DUPLICATE_OR_OLD,DUPLICATE_OR_OLD,108.632605619,108.632605619
108.80002861700001,0.0,0.0,0.006697341924481527,0.0,0.0,False,0.0,0.0,0.0,STOPPED,ACCEPTED,ACCEPTED,108.756577933,108.756577933
108.850028617,0.0,0.0,0.011697341924481243,0.0,0.0,False,0.0,0.0,0.0,STOPPED,DUPLICATE_OR_OLD,DUPLICATE_OR_OLD,108.756577933,108.756577933
108.900028617,0.0,0.0,0.006254308751677564,0.0,0.0,False,0.0,0.0,0.0,STOPPED,ACCEPTED,ACCEPTED,108.83255443,108.83255443
108.950028617,0.0,0.0,0.01125430875167728,0.0,0.0,False,0.0,0.0,0.0,STOPPED,DUPLICATE_OR_OLD,DUPLICATE_OR_OLD,108.83255443,108.83255443
109.000028617,0.0,0.0,0.006191101394219245,0.0,0.0,False,0.0,0.0,0.0,STOPPED,ACCEPTED,ACCEPTED,108.932523901,108.932523901
109.05002861700001,0.0,0.0,0.011191101394220382,0.0,0.0,False,0.0,0.0,0.0,STOPPED,DUPLICATE_OR_OLD,DUPLICATE_OR_OLD,108.932523901,108.932523901
109.100028617,0.0,0.0,0.0061819093250477745,0.0,0.0,False,0.0,0.0,0.0,STOPPED,ACCEPTED,ACCEPTED,109.034511582,109.034511582
109.150028617,0.0,0.0,0.005278990271110709,0.0,0.0,False,0.0,0.0,0.0,STOPPED,ACCEPTED,ACCEPTED,109.132469049,109.132469049
109.200028617,0.0,0.0,0.010278990271110426,0.0,0.0,False,0.0,0.0,0.0,STOPPED,DUPLICATE_OR_OLD,DUPLICATE_OR_OLD,109.132469049,109.132469049
109.250028617,0.0,0.0,0.015278990271110142,0.0,0.0,False,0.0,0.0,0.0,STOPPED,DUPLICATE_OR_OLD,DUPLICATE_OR_OLD,109.132469049,109.132469049
109.30002861700001,0.0,0.0,0.0066973799619927075,0.0,0.0,False,0.0,0.0,0.0,STOPPED,ACCEPTED,ACCEPTED,109.252435694,109.252435694
109.350028617,0.0,0.0,0.011697379961992424,0.0,0.0,False,0.0,0.0,0.0,STOPPED,DUPLICATE_OR_OLD,DUPLICATE_OR_OLD,109.252435694,109.252435694
109.400028617,0.0,0.0,0.006254314088409968,0.0,0.0,False,0.0,0.0,0.0,STOPPED,ACCEPTED,ACCEPTED,109.332415782,109.332415782
109.450028617,0.0,0.0,0.011254314088409684,0.0,0.0,False,0.0,0.0,0.0,STOPPED,DUPLICATE_OR_OLD,DUPLICATE_OR_OLD,109.332415782,109.332415782
109.500028617,0.0,0.0,0.006191102168456673,0.0,0.0,False,0.0,0.0,0.0,STOPPED,ACCEPTED,ACCEPTED,109.440390017,109.440390017
109.55002861700001,0.0,0.0,0.005281038277053547,0.0,0.0,False,0.0,0.0,0.0,STOPPED,ACCEPTED,ACCEPTED,109.538357979,109.538357979
109.600028617,0.0,0.0,0.010281038277053263,0.0,0.0,False,0.0,0.0,0.0,STOPPED,DUPLICATE_OR_OLD,DUPLICATE_OR_OLD,109.538357979,109.538357979
109.650028617,0.0,0.0,0.01528103827705298,0.0,0.0,False,0.0,0.0,0.0,STOPPED,DUPLICATE_OR_OLD,DUPLICATE_OR_OLD,109.538357979,109.538357979
109.700028617,0.0,0.0,0.006697603329018573,0.0,0.0,False,0.0,0.0,0.0,STOPPED,ACCEPTED,ACCEPTED,109.644333359,109.644333359
109.750028617,0.0,0.0,0.01169760332901829,0.0,0.0,False,0.0,0.0,0.0,STOPPED,DUPLICATE_OR_OLD,DUPLICATE_OR_OLD,109.644333359,109.644333359
109.80002861700001,0.0,0.0,0.006254345426905672,0.0,0.0,False,0.0,0.0,0.0,STOPPED,ACCEPTED,ACCEPTED,109.746296421,109.746296421
109.850028617,0.0,0.0,0.011254345426905388,0.0,0.0,False,0.0,0.0,0.0,STOPPED,DUPLICATE_OR_OLD,DUPLICATE_OR_OLD,109.746296421,109.746296421
109.900028617,0.0,0.0,0.006191106714947031,0.0,0.0,False,0.0,0.0,0.0,STOPPED,ACCEPTED,ACCEPTED,109.836273299,109.836273299
109.950028617,0.0,0.0,0.011191106714946747,0.0,0.0,False,0.0,0.0,0.0,STOPPED,DUPLICATE_OR_OLD,DUPLICATE_OR_OLD,109.836273299,109.836273299
110.000028617,0.0,0.0,0.006181910100693338,0.0,0.0,False,0.0,0.0,0.0,STOPPED,ACCEPTED,ACCEPTED,109.932250396,109.932250396
110.05002861700001,0.0,0.0,0.005278990443986383,0.0,0.0,False,0.0,0.0,0.0,STOPPED,ACCEPTED,ACCEPTED,110.044225173,110.044225173
110.100028617,0.0,0.0,0.0102789904439861,0.0,0.0,False,0.0,0.0,0.0,STOPPED,DUPLICATE_OR_OLD,DUPLICATE_OR_OLD,110.044225173,110.044225173
110.150028617,0.0,0.0,0.015278990443985816,0.0,0.0,False,0.0,0.0,0.0,STOPPED,DUPLICATE_OR_OLD,DUPLICATE_OR_OLD,110.044225173,110.044225173
110.200028617,0.0,0.0,0.006697379980848619,0.0,0.0,False,0.0,0.0,0.0,STOPPED,ACCEPTED,ACCEPTED,110.134191759,110.134191759
110.250028617,0.0,0.0,0.011697379980848336,0.0,0.0,False,0.0,0.0,0.0,STOPPED,DUPLICATE_OR_OLD,DUPLICATE_OR_OLD,110.134191759,110.134191759
110.30002861700001,0.0,0.0,0.0062543140910556825,0.0,0.0,False,0.0,0.0,0.0,STOPPED,ACCEPTED,ACCEPTED,110.256156063,110.256156063
110.350028617,0.0,0.0,0.011254314091055399,0.0,0.0,False,0.0,0.0,0.0,STOPPED,DUPLICATE_OR_OLD,DUPLICATE_OR_OLD,110.256156063,110.256156063
110.400028617,0.0,0.0,0.006191102168840505,0.0,0.0,False,0.0,0.0,0.0,STOPPED,ACCEPTED,ACCEPTED,110.336135323,110.336135323
110.450028617,0.0,0.0,0.011191102168840221,0.0,0.0,False,0.0,0.0,0.0,STOPPED,DUPLICATE_OR_OLD,DUPLICATE_OR_OLD,110.336135323,110.336135323
110.500028617,0.0,0.0,0.00618190943797043,0.0,0.0,False,0.0,0.0,0.0,STOPPED,ACCEPTED,ACCEPTED,110.440121333,110.440121333
110.55002861700001,0.0,0.0,0.011181909437971567,0.0,0.0,False,0.0,0.0,0.0,STOPPED,DUPLICATE_OR_OLD,DUPLICATE_OR_OLD,110.440121333,110.440121333
110.600028617,0.0,0.0,0.006180568868099007,0.0,0.0,False,0.0,0.0,0.0,STOPPED,ACCEPTED,ACCEPTED,110.544081679,110.544081679
110.650028617,0.0,0.0,0.011180568868098723,0.0,0.0,False,0.0,0.0,0.0,STOPPED,DUPLICATE_OR_OLD,DUPLICATE_OR_OLD,110.544081679,110.544081679
110.700028617,0.0,0.0,0.006180373295025991,0.0,0.0,False,0.0,0.0,0.0,STOPPED,ACCEPTED,ACCEPTED,110.656055321,110.656055321
110.750028617,0.0,0.0,0.011180373295025707,0.0,0.0,False,0.0,0.0,0.0,STOPPED,DUPLICATE_OR_OLD,DUPLICATE_OR_OLD,110.656055321,110.656055321
110.80002861700001,0.0,0.0,0.016180373295026845,0.0,0.0,False,0.0,0.0,0.0,STOPPED,DUPLICATE_OR_OLD,DUPLICATE_OR_OLD,110.656055321,110.656055321
110.850028617,0.0,0.0,0.006792854304411086,0.0,0.0,False,0.0,0.0,0.0,STOPPED,ACCEPTED,ACCEPTED,110.8319959,110.8319959
110.900028617,0.0,0.0,0.011792854304410802,0.0,0.0,False,0.0,0.0,0.0,STOPPED,DUPLICATE_OR_OLD,DUPLICATE_OR_OLD,110.8319959,110.8319959
110.950028617,0.0,0.0,0.01679285430441052,0.0,0.0,False,0.0,0.0,0.0,STOPPED,DUPLICATE_OR_OLD,DUPLICATE_OR_OLD,110.8319959,110.8319959
111.000028617,0.0,0.0,0.006854639126058959,0.0,0.0,False,0.0,0.0,0.0,STOPPED,ACCEPTED,ACCEPTED,110.933966835,110.933966835
111.05002861700001,0.0,0.0,0.005424312457268758,0.0,0.0,False,0.0,0.0,0.0,STOPPED,ACCEPTED,ACCEPTED,111.033945354,111.033945354
111.100028617,0.0,0.0,0.010424312457268475,0.0,0.0,False,0.0,0.0,0.0,STOPPED,DUPLICATE_OR_OLD,DUPLICATE_OR_OLD,111.033945354,111.033945354
111.150028617,0.0,0.0,0.015424312457268191,0.0,0.0,False,0.0,0.0,0.0,STOPPED,DUPLICATE_OR_OLD,DUPLICATE_OR_OLD,111.033945354,111.033945354
111.200028617,0.0,0.0,0.006713154976288988,0.0,0.0,False,0.0,0.0,0.0,STOPPED,ACCEPTED,ACCEPTED,111.131918406,111.131918406
111.250028617,0.0,0.0,0.011713154976288704,0.0,0.0,False,0.0,0.0,0.0,STOPPED,DUPLICATE_OR_OLD,DUPLICATE_OR_OLD,111.131918406,111.131918406
111.30002861700001,0.0,0.0,0.0062565260416166365,0.0,0.0,False,0.0,0.0,0.0,STOPPED,ACCEPTED,ACCEPTED,111.249879302,111.249879302
111.350028617,0.0,0.0,0.0052955624167270576,0.0,0.0,False,0.0,0.0,0.0,STOPPED,ACCEPTED,ACCEPTED,111.331856238,111.331856238
111.400028617,0.0,0.0,0.010295562416726774,0.0,0.0,False,0.0,0.0,0.0,STOPPED,DUPLICATE_OR_OLD,DUPLICATE_OR_OLD,111.331856238,111.331856238
111.450028617,0.0,0.0,0.006046737433524081,0.0,0.0,False,0.0,0.0,0.0,STOPPED,ACCEPTED,ACCEPTED,111.433839693,111.433839693
111.500028617,0.0,0.0,0.011046737433523798,0.0,0.0,False,0.0,0.0,0.0,STOPPED,DUPLICATE_OR_OLD,DUPLICATE_OR_OLD,111.433839693,111.433839693
111.55002861700001,0.0,0.0,0.016046737433524937,0.0,0.0,False,0.0,0.0,0.0,STOPPED,DUPLICATE_OR_OLD,DUPLICATE_OR_OLD,111.433839693,111.433839693
111.600028617,0.0,0.0,0.006779049643650519,0.0,0.0,False,0.0,0.0,0.0,STOPPED,ACCEPTED,ACCEPTED,111.533806206,111.533806206
111.650028617,0.0,0.0,0.00540843142211417,0.0,0.0,False,0.0,0.0,0.0,STOPPED,ACCEPTED,ACCEPTED,111.63577269,111.63577269
111.700028617,0.0,0.0,0.010408431422113886,0.0,0.0,False,0.0,0.0,0.0,STOPPED,DUPLICATE_OR_OLD,DUPLICATE_OR_OLD,111.63577269,111.63577269
111.750028617,0.0,0.0,0.015408431422113603,0.0,0.0,False,0.0,0.0,0.0,STOPPED,DUPLICATE_OR_OLD,DUPLICATE_OR_OLD,111.63577269,111.63577269
111.80002861700001,0.0,0.0,0.0067114383964154666,0.0,0.0,False,0.0,0.0,0.0,STOPPED,ACCEPTED,ACCEPTED,111.755739797,111.755739797
111.850028617,0.0,0.0,0.011711438396415183,0.0,0.0,False,0.0,0.0,0.0,STOPPED,DUPLICATE_OR_OLD,DUPLICATE_OR_OLD,111.755739797,111.755739797
111.900028617,0.0,0.0,0.006256285471567058,0.0,0.0,False,0.0,0.0,0.0,STOPPED,ACCEPTED,ACCEPTED,111.833719837,111.833719837
111.950028617,0.0,0.0,0.011256285471566775,0.0,0.0,False,0.0,0.0,0.0,STOPPED,DUPLICATE_OR_OLD,DUPLICATE_OR_OLD,111.833719837,111.833719837
112.000028617,0.0,0.0,0.006191388149390279,0.0,0.0,False,0.0,0.0,0.0,STOPPED,ACCEPTED,ACCEPTED,111.937703144,111.937703144
112.05002861700001,0.0,0.0,0.005281101960143567,0.0,0.0,False,0.0,0.0,0.0,STOPPED,ACCEPTED,ACCEPTED,112.035661665,112.035661665
112.100028617,0.0,0.0,0.010281101960143283,0.0,0.0,False,0.0,0.0,0.0,STOPPED,DUPLICATE_OR_OLD,DUPLICATE_OR_OLD,112.035661665,112.035661665
112.150028617,0.0,0.0,0.015281101960143,0.0,0.0,False,0.0,0.0,0.0,STOPPED,DUPLICATE_OR_OLD,DUPLICATE_OR_OLD,112.035661665,112.035661665
112.200028617,0.0,0.0,0.0066976102741695374,0.0,0.0,False,0.0,0.0,0.0,STOPPED,ACCEPTED,ACCEPTED,112.137637355,112.137637355
112.250028617,0.0,0.0,0.011697610274169254,0.0,0.0,False,0.0,0.0,0.0,STOPPED,DUPLICATE_OR_OLD,DUPLICATE_OR_OLD,112.137637355,112.137637355
112.30002861700001,0.0,0.0,0.006254346401305111,0.0,0.0,False,0.0,0.0,0.0,STOPPED,ACCEPTED,ACCEPTED,112.249604003,112.249604003
112.350028617,0.0,0.0,0.00529507997508402,0.0,0.0,False,0.0,0.0,0.0,STOPPED,ACCEPTED,ACCEPTED,112.325580582,112.325580582
112.400028617,0.0,0.0,0.010295079975083736,0.0,0.0,False,0.0,0.0,0.0,STOPPED,DUPLICATE_OR_OLD,DUPLICATE_OR_OLD,112.325580582,112.325580582
112.450028617,0.0,0.0,0.006046662034731516,0.0,0.0,False,0.0,0.0,0.0,STOPPED,ACCEPTED,ACCEPTED,112.435553309,112.435553309
112.500028617,0.0,0.0,0.011046662034731232,0.0,0.0,False,0.0,0.0,0.0,STOPPED,DUPLICATE_OR_OLD,DUPLICATE_OR_OLD,112.435553309,112.435553309
112.55002861700001,0.0,0.0,0.01604666203473237,0.0,0.0,False,0.0,0.0,0.0,STOPPED,DUPLICATE_OR_OLD,DUPLICATE_OR_OLD,112.435553309,112.435553309
112.600028617,0.0,0.0,0.006779041821367805,0.0,0.0,False,0.0,0.0,0.0,STOPPED,ACCEPTED,ACCEPTED,112.533525439,112.533525439
112.650028617,0.0,0.0,0.005408429772980668,0.0,0.0,False,0.0,0.0,0.0,STOPPED,ACCEPTED,ACCEPTED,112.63550075,112.63550075
112.700028617,0.0,0.0,0.010408429772980385,0.0,0.0,False,0.0,0.0,0.0,STOPPED,DUPLICATE_OR_OLD,DUPLICATE_OR_OLD,112.63550075,112.63550075
112.750028617,0.0010990094251558374,2.7475235628894374e-05,0.015408429772980101,0.0,0.0,False,0.0,0.0,0.0,MODEL_ONLY,DUPLICATE_OR_OLD,DUPLICATE_OR_OLD,112.63550075,112.63550075
112.80002861700001,0.0031513058340143342,0.00013373311710817282,0.02040842977298124,0.0,0.0,False,0.0,0.0,0.0,MODEL_ONLY,DUPLICATE_OR_OLD,DUPLICATE_OR_OLD,112.63550075,112.63550075
112.850028617,0.0017026386155715176,0.00025508172834781223,0.007175813764091093,0.0,0.0,False,0.0,0.7175813764091091,0.0,FUSED,ACCEPTED,ACCEPTED,112.833435247,112.833435247
112.900028617,0.005349162113766605,0.0004313767465812553,0.012175813764090809,0.0,0.0,False,0.0,0.0,0.0,MODEL_ONLY,DUPLICATE_OR_OLD,DUPLICATE_OR_OLD,112.833435247,112.833435247
112.950028617,0.0035356969376228063,0.0006534982228659779,0.006320257385184999,0.0,0.0,False,0.0,0.6320257385184997,0.0,FUSED,ACCEPTED,ACCEPTED,112.935409689,112.935409689
113.000028617,0.009411451879926572,0.000977176943304694,0.011320257385184714,0.0,0.0,False,0.0,0.0,0.0,MODEL_ONLY,DUPLICATE_OR_OLD,DUPLICATE_OR_OLD,112.935409689,112.935409689
113.05002861700001,0.006311818486795354,0.0013702587024728317,0.006200645056902666,0.0,0.0,False,0.0,0.6200645056902665,0.0,FUSED,ACCEPTED,ACCEPTED,113.035387577,113.035387577
113.100028617,0.014788349752356522,0.0018977629084515986,0.011200645056902383,0.0,0.0,False,0.0,0.0,0.0,MODEL_ONLY,DUPLICATE_OR_OLD,DUPLICATE_OR_OLD,113.035387577,113.035387577
113.150028617,0.024241600950445086,0.0028735116760215834,0.0162006450569021,0.0,0.0,False,0.0,0.0,0.0,MODEL_ONLY,DUPLICATE_OR_OLD,DUPLICATE_OR_OLD,113.035387577,113.035387577
113.200028617,0.02038882536436041,0.003989272333891657,0.006794938059209157,0.0,0.0,False,0.0,0.6794938059209155,0.0,FUSED,ACCEPTED,ACCEPTED,113.133355757,113.133355757
113.250028617,0.015205106924150906,0.004879120641104389,0.0054117786557439825,0.0,0.0,False,0.0,0.5411778655743981,0.0,FUSED,ACCEPTED,ACCEPTED,113.247321848,113.247321848
113.30002861700001,0.028540848425910866,0.005972769524856182,0.01041177865574512,0.0,0.0,False,0.0,0.0,0.0,MODEL_ONLY,DUPLICATE_OR_OLD,DUPLICATE_OR_OLD,113.247321848,113.247321848
113.350028617,0.042887146597056475,0.007758469400430264,0.015411778655744836,0.0,0.0,False,0.0,0.0,0.0,MODEL_ONLY,DUPLICATE_OR_OLD,DUPLICATE_OR_OLD,113.247321848,113.247321848
113.400028617,0.03271920533520975,0.009648628198736813,0.0067118003477540525,0.0,0.0,False,0.0,0.6711800347754051,0.0,FUSED,ACCEPTED,ACCEPTED,113.333313801,113.333313801
113.450028617,0.025578927734573854,0.01110608152548132,0.005394209674079576,0.0,0.0,False,0.0,0.5394209674079576,0.0,FUSED,ACCEPTED,ACCEPTED,113.433277842,113.433277842
113.500028617,0.04279918065876206,0.01281553423531462,0.010394209674079292,0.0,0.0,False,0.0,0.0,0.0,MODEL_ONLY,DUPLICATE_OR_OLD,DUPLICATE_OR_OLD,113.433277842,113.433277842
113.55002861700001,0.02700364659725881,0.01456060491671554,0.006062094419025421,0.0,0.0,False,0.0,0.6062094419025419,0.0,FUSED,ACCEPTED,ACCEPTED,113.535238397,113.535238397
113.600028617,0.04550589328675117,0.016373343413815685,0.011062094419025137,0.0,0.0,False,0.0,0.0,0.0,MODEL_ONLY,DUPLICATE_OR_OLD,DUPLICATE_OR_OLD,113.535238397,113.535238397
113.650028617,0.028582091847130068,0.018225543042162614,0.006163009833660882,0.0,0.0,False,0.0,0.6163009833660881,0.0,FUSED,ACCEPTED,ACCEPTED,113.633207874,113.633207874
113.700028617,0.04809465000183294,0.02014246158838658,0.011163009833660599,0.0,0.0,False,0.0,0.0,0.0,MODEL_ONLY,DUPLICATE_OR_OLD,DUPLICATE_OR_OLD,113.633207874,113.633207874
113.750028617,0.06778623636825726,0.023039483747638673,0.016163009833660313,0.0,0.0,False,0.0,0.0,0.0,MODEL_ONLY,DUPLICATE_OR_OLD,DUPLICATE_OR_OLD,113.633207874,113.633207874
113.80002861700001,0.03857854164800416,0.02569860319804581,0.006791067341255893,0.0,0.0,False,0.0,0.6791067341255892,0.0,FUSED,ACCEPTED,ACCEPTED,113.761171392,113.761171392
113.850028617,0.06016021932021884,0.028167072222251247,0.005410963656163987,0.0,0.0,False,0.0,0.5410963656163986,0.0,FUSED,ACCEPTED,ACCEPTED,113.833158117,113.833158117
113.900028617,0.08073778880729568,0.03168952242543891,0.010410963656163704,0.0,0.0,False,0.0,0.0,0.0,MODEL_ONLY,DUPLICATE_OR_OLD,DUPLICATE_OR_OLD,113.833158117,113.833158117
113.950028617,0.101327071850278,0.03624114394187799,0.01541096365616342,0.0,0.0,False,0.0,0.0,0.0,MODEL_ONLY,DUPLICATE_OR_OLD,DUPLICATE_OR_OLD,113.833158117,113.833158117
114.000028617,0.13122648260584183,0.042054982803280655,0.006711712225543573,0.0,0.0,False,0.0,0.6711712225543571,0.0,FUSED,ACCEPTED,ACCEPTED,113.931109534,113.931109534
114.05002861700001,0.15183550421582503,0.04913153247382394,0.01171171222554471,0.0,0.0,False,0.0,0.0,0.0,MODEL_ONLY,DUPLICATE_OR_OLD,DUPLICATE_OR_OLD,113.931109534,113.931109534
114.100028617,0.18569041957111873,0.05756968056849705,0.006256323849417263,0.0,0.0,False,0.0,0.6256323849417262,0.0,FUSED,ACCEPTED,ACCEPTED,114.037081291,114.037081291
114.150028617,0.20618412004512637,0.06736654405890263,0.01125632384941698,0.0,0.0,False,0.0,0.0,0.0,MODEL_ONLY,DUPLICATE_OR_OLD,DUPLICATE_OR_OLD,114.037081291,114.037081291
114.200028617,0.22654081825028458,0.07818466751628729,0.0061913937162905025,0.0,0.0,False,0.0,0.6191393716290501,0.0,FUSED,ACCEPTED,ACCEPTED,114.131060477,114.131060477
114.250028617,0.22356215840749508,0.08943724193273114,0.005281103199780195,0.0,0.0,False,0.0,0.5281103199780195,0.0,FUSED,ACCEPTED,ACCEPTED,114.249023255,114.249023255
114.30002861700001,0.24515907369335263,0.101155272735255,0.010281103199781332,0.0,0.0,False,0.0,0.0,0.0,MODEL_ONLY,DUPLICATE_OR_OLD,DUPLICATE_OR_OLD,114.249023255,114.249023255
114.350028617,0.2671792647356561,0.1139637311959795,0.015281103199781048,0.0,0.0,False,0.0,0.0,0.0,MODEL_ONLY,DUPLICATE_OR_OLD,DUPLICATE_OR_OLD,114.249023255,114.249023255
114.400028617,0.2779637052495254,0.12759230544560826,0.006697610409361704,0.0,0.0,False,0.0,0.6697610409361703,0.0,FUSED,ACCEPTED,ACCEPTED,114.333007312,114.333007312
114.450028617,0.27111390135371227,0.14131924561068843,0.005391197550636495,0.0,0.0,False,0.0,0.5391197550636495,0.0,FUSED,ACCEPTED,ACCEPTED,114.438981611,114.438981611
114.500028617,0.2927858755377266,0.1554167400329736,0.010391197550636212,0.0,0.0,False,0.0,0.0,0.0,MODEL_ONLY,DUPLICATE_OR_OLD,DUPLICATE_OR_OLD,114.438981611,114.438981611
114.55002861700001,0.31432535009065093,0.17059452067368647,0.015391197550637349,0.0,0.0,False,0.0,0.0,0.0,MODEL_ONLY,DUPLICATE_OR_OLD,DUPLICATE_OR_OLD,114.438981611,114.438981611
114.600028617,0.3207537656464384,0.18647149856711281,0.006709573558811481,0.0,0.0,False,0.0,0.6709573558811479,0.0,FUSED,ACCEPTED,ACCEPTED,114.534949266,114.534949266
114.650028617,0.34213802283206346,0.2030437932790744,0.011709573558811198,0.0,0.0,False,0.0,0.0,0.0,MODEL_ONLY,DUPLICATE_OR_OLD,DUPLICATE_OR_OLD,114.534949266,114.534949266
114.700028617,0.35194370524824753,0.2203958364810812,0.0062560240888978125,0.0,0.0,False,0.0,0.6256024088897811,0.0,FUSED,ACCEPTED,ACCEPTED,114.652923821,114.652923821
114.750028617,0.3731759860609732,0.23852382876381067,0.011256024088897528,0.0,0.0,False,0.0,0.0,0.0,MODEL_ONLY,DUPLICATE_OR_OLD,DUPLICATE_OR_OLD,114.652923821,114.652923821
114.80002861700001,0.38398097969652834,0.2574527529077525,0.00619135023408662,0.0,0.0,False,0.0,0.6191350234086619,0.0,FUSED,ACCEPTED,ACCEPTED,114.760895549,114.760895549
114.850028617,0.4035907563993158,0.2771420463101475,0.005281093517148816,0.0,0.0,False,0.0,0.5281093517148814,0.0,FUSED,ACCEPTED,ACCEPTED,114.832872324,114.832872324
114.900028617,0.4246501728095414,0.29784806954036774,0.010281093517148532,0.0,0.0,False,0.0,0.0,0.0,MODEL_ONLY,DUPLICATE_OR_OLD,DUPLICATE_OR_OLD,114.832872324,114.832872324
114.950028617,0.4354776744826395,0.3193512657226711,0.006044474898517754,0.0,0.0,False,0.0,0.6044474898517752,0.0,FUSED,ACCEPTED,ACCEPTED,114.938838299,114.938838299
115.000028617,0.45646220258040726,0.34164976264924596,0.01104447489851747,0.0,0.0,False,0.0,0.0,0.0,MODEL_ONLY,DUPLICATE_OR_OLD,DUPLICATE_OR_OLD,114.938838299,114.938838299
115.05002861700001,0.4774152403569834,0.36499669872268603,0.01604447489851861,0.0,0.0,False,0.0,0.0,0.0,MODEL_ONLY,DUPLICATE_OR_OLD,DUPLICATE_OR_OLD,114.938838299,114.938838299
115.100028617,0.4867223441127734,0.3891001383344286,0.006778814899369655,0.0,0.0,False,0.0,0.6778814899369654,0.0,FUSED,ACCEPTED,ACCEPTED,115.0348085,115.0348085
115.150028617,0.5049655366603993,0.4138923353537565,0.00540838193161302,0.0,0.0,False,0.0,0.5408381931613018,0.0,FUSED,ACCEPTED,ACCEPTED,115.13278243,115.13278243
115.200028617,0.5258561799156009,0.4396628782681551,0.010408381931612736,0.0,0.0,False,0.0,0.0,0.0,MODEL_ONLY,DUPLICATE_OR_OLD,DUPLICATE_OR_OLD,115.13278243,115.13278243
115.250028617,0.5467288106222187,0.4664775030315991,0.015408381931612453,0.0,0.0,False,0.0,0.0,0.0,MODEL_ONLY,DUPLICATE_OR_OLD,DUPLICATE_OR_OLD,115.13278243,115.13278243
115.30002861700001,0.5557799247154976,0.4940402214150483,0.006711433044188498,0.0,0.0,False,0.0,0.6711433044188497,-0.027173764772455762,FUSED,ACCEPTED,ACCEPTED,115.250752918,115.250752918
115.350028617,0.575268993544087,0.5223164443715362,0.011711433044188214,0.0,0.0,False,0.0,0.0,-0.027173764772455762,MODEL_ONLY,DUPLICATE_OR_OLD,DUPLICATE_OR_OLD,115.250752918,115.250752918
115.400028617,0.5845451647065135,0.5513117983277996,0.006256284721430971,0.0,0.0,False,0.0,0.6256284721430969,-0.04401504675012073,FUSED,ACCEPTED,ACCEPTED,115.3347263,115.3347263
115.450028617,0.6031730401699956,0.5810047534497107,0.011256284721430688,0.0,0.0,False,0.0,0.0,-0.04401504675012073,MODEL_ONLY,DUPLICATE_OR_OLD,DUPLICATE_OR_OLD,115.3347263,115.3347263
115.500028617,0.6100742370967496,0.6113359353813775,0.006191388040579104,0.0,0.0,False,0.0,0.6191388040579103,-0.06512277824972876,FUSED,ACCEPTED,ACCEPTED,115.438697655,115.438697655
115.55002861700001,0.6276316641206336,0.6422785829118192,0.01119138804058024,0.0,0.0,False,0.0,0.0,-0.06512277824972876,MODEL_ONLY,DUPLICATE_OR_OLD,DUPLICATE_OR_OLD,115.438697655,115.438697655
115.600028617,0.6406999202374435,0.6739868725207693,0.0061819511113705115,0.0,0.0,False,0.0,0.6181951111370511,-0.06667855247007348,FUSED,ACCEPTED,ACCEPTED,115.538674728,115.538674728
115.650028617,0.6639264670454676,0.7066025322028402,0.0052789995843998926,0.0,0.0,False,0.0,0.5278999584399893,-0.0457014093946429,FUSED,ACCEPTED,ACCEPTED,115.636640165,115.636640165
115.700028617,0.6839118112018144,0.7402984891590204,0.010278999584399609,0.0,0.0,False,0.0,0.0,-0.0457014093946429,MODEL_ONLY,DUPLICATE_OR_OLD,DUPLICATE_OR_OLD,115.636640165,115.636640165
115.750028617,0.7042719491008097,0.7750030831665841,0.015278999584399326,0.0,0.0,False,0.0,0.0,-0.0457014093946429,MODEL_ONLY,DUPLICATE_OR_OLD,DUPLICATE_OR_OLD,115.636640165,115.636640165
115.80002861700001,0.7170573265761213,0.8105363150585154,0.006697380977820704,0.0,0.0,False,0.0,0.6697380977820703,-0.07712070739655735,FUSED,ACCEPTED,ACCEPTED,115.7546234,115.7546234
115.850028617,0.7364677498242166,0.8468744419685218,0.01169738097782042,0.0,0.0,False,0.0,0.0,-0.07712070739655735,MODEL_ONLY,DUPLICATE_OR_OLD,DUPLICATE_OR_OLD,115.7546234,115.7546234
115.900028617,0.7530736590926319,0.8841129771914409,0.006254314230932286,0.0,0.0,False,0.0,0.6254314230932284,-0.0777038828870813,FUSED,ACCEPTED,ACCEPTED,115.850581476,115.850581476
115.950028617,0.7757926669600732,0.9223346353427563,0.0052950728537518674,0.0,0.0,False,0.0,0.5295072853751865,-0.06470300990548211,FUSED,ACCEPTED,ACCEPTED,115.930563516,115.930563516
116.000028617,0.7965036826271471,0.9616420440824346,0.010295072853751584,0.0,0.0,False,0.0,0.0,-0.06470300990548211,MODEL_ONLY,DUPLICATE_OR_OLD,DUPLICATE_OR_OLD,115.930563516,115.930563516
116.05002861700001,0.8181531258342523,1.0020084642939788,0.006046660921746893,0.0,0.0,False,0.0,0.6046660921746891,-0.0680384860736133,FUSED,ACCEPTED,ACCEPTED,116.034529876,116.034529876
116.100028617,0.8390260121049323,1.043437942742456,0.01104666092174661,0.0,0.0,False,0.0,0.0,-0.0680384860736133,MODEL_ONLY,DUPLICATE_OR_OLD,DUPLICATE_OR_OLD,116.034529876,116.034529876
116.150028617,0.8600344674178589,1.0859144547305233,0.016046660921746326,0.0,0.0,False,0.0,0.0,-0.0680384860736133,MODEL_ONLY,DUPLICATE_OR_OLD,DUPLICATE_OR_OLD,116.034529876,116.034529876
116.200028617,0.8888706182454598,1.1296370818721038,0.0067790417059002675,0.0,0.0,False,0.0,0.6779041705900266,-0.04914515713850177,FUSED,ACCEPTED,ACCEPTED,116.134498706,116.134498706
116.250028617,0.9110482957943675,1.1746350547230968,0.011779041705899985,0.0,0.0,False,0.0,0.0,-0.04914515713850177,MODEL_ONLY,DUPLICATE_OR_OLD,DUPLICATE_OR_OLD,116.134498706,116.134498706
116.30002861700001,0.9302341770608253,1.2206671165444871,0.0062657364255882374,0.0,0.0,False,0.0,0.6265736425588238,-0.06741192890757355,FUSED,ACCEPTED,ACCEPTED,116.244471805,116.244471805
116.350028617,0.9516726169252607,1.2677147863941367,0.011265736425587954,0.0,0.0,False,0.0,0.0,-0.06741192890757355,MODEL_ONLY,DUPLICATE_OR_OLD,DUPLICATE_OR_OLD,116.244471805,116.244471805
116.400028617,0.9748397701445733,1.3158775960708797,0.0061927585665337926,0.0,0.0,False,0.0,0.6192758566533791,-0.05769765807327888,FUSED,ACCEPTED,ACCEPTED,116.330445228,116.330445228
116.450028617,0.9988695699000263,1.365220329571992,0.005281407104881819,0.0,0.0,False,0.0,0.5281407104881817,-0.054178307221289,FUSED,ACCEPTED,ACCEPTED,116.4344134,116.4344134
116.500028617,1.0211602966282343,1.4157210762351957,0.010281407104881535,0.0,0.0,False,0.0,0.0,-0.054178307221289,MODEL_ONLY,DUPLICATE_OR_OLD,DUPLICATE_OR_OLD,116.4344134,116.4344134
116.55002861700001,1.0350213485931503,1.467125617365742,0.006044523962406876,0.0,0.0,False,0.0,0.6044523962406874,-0.08010672783561962,FUSED,ACCEPTED,ACCEPTED,116.532393033,116.532393033
116.600028617,1.0550629930771727,1.5193777259074972,0.011044523962406592,0.0,0.0,False,0.0,0.0,-0.08010672783561962,MODEL_ONLY,DUPLICATE_OR_OLD,DUPLICATE_OR_OLD,116.532393033,116.532393033
116.650028617,1.0747119093786959,1.572622098468891,0.01604452396240631,0.0,0.0,False,0.0,0.0,-0.08010672783561962,MODEL_ONLY,DUPLICATE_OR_OLD,DUPLICATE_OR_OLD,116.532393033,116.532393033
116.700028617,1.106685310309242,1.6271570289610862,0.0067788199902470096,0.0,0.0,False,0.0,0.6778819990247009,-0.03407933855942806,FUSED,ACCEPTED,ACCEPTED,116.650358239,116.650358239
116.750028617,1.1279853605884558,1.6830237957335255,0.011778819990246726,0.0,0.0,False,0.0,0.0,-0.03407933855942806,MODEL_ONLY,DUPLICATE_OR_OLD,DUPLICATE_OR_OLD,116.650358239,116.650358239
116.80002861700001,1.1497428333601898,1.7399670005822547,0.00626570550769536,0.0,0.0,False,0.0,0.6265705507695359,-0.04547768553128639,FUSED,ACCEPTED,ACCEPTED,116.754325646,116.754325646
116.850028617,1.1699689013299481,1.797959793949505,0.011265705507695076,0.0,0.0,False,0.0,0.0,-0.04547768553128639,MODEL_ONLY,DUPLICATE_OR_OLD,DUPLICATE_OR_OLD,116.754325646,116.754325646
116.900028617,1.1946130897532208,1.8570743437265806,0.006192754084952943,0.0,0.0,False,0.0,0.6192754084952943,-0.030374010020345565,FUSED,ACCEPTED,ACCEPTED,116.834306122,116.834306122
116.950028617,1.2145198236292152,1.9173026665611381,0.011192754084952659,0.0,0.0,False,0.0,0.0,-0.030374010020345565,MODEL_ONLY,DUPLICATE_OR_OLD,DUPLICATE_OR_OLD,116.834306122,116.834306122
117.000028617,1.234227528350644,1.9785213503606314,0.006182150236066639,0.0,0.0,False,0.0,0.6182150236066639,-0.03040806028640568,FUSED,ACCEPTED,ACCEPTED,116.930282343,116.930282343
117.05002861700001,1.251106892643389,2.040654710885496,0.005279043964586484,0.0,0.0,False,0.0,0.5279043964586484,-0.03477288156519374,FUSED,ACCEPTED,ACCEPTED,117.036262407,117.036262407
117.100028617,1.269450844299999,2.1036686543090775,0.0102790439645862,0.0,0.0,False,0.0,0.0,-0.03477288156519374,MODEL_ONLY,DUPLICATE_OR_OLD,DUPLICATE_OR_OLD,117.036262407,117.036262407
117.150028617,1.2856036365127514,2.1675450163293926,0.006044154195859122,0.0,0.0,False,0.0,0.6044154195859122,-0.03909217756021877,FUSED,ACCEPTED,ACCEPTED,117.146225239,117.146225239
117.200028617,1.3038842410106979,2.232282213267475,0.011044154195858838,0.0,0.0,False,0.0,0.0,-0.03909217756021877,MODEL_ONLY,DUPLICATE_OR_OLD,DUPLICATE_OR_OLD,117.146225239,117.146225239
117.250028617,1.3222277627757146,2.2979350133621317,0.016044154195858557,0.0,0.0,False,0.0,0.0,-0.03909217756021877,MODEL_ONLY,DUPLICATE_OR_OLD,DUPLICATE_OR_OLD,117.146225239,117.146225239
117.30002861700001,1.341182310103147,2.364520265184118,0.021044154195859692,0.0,0.0,False,0.0,0.0,-0.03909217756021877,MODEL_ONLY,DUPLICATE_OR_OLD,DUPLICATE_OR_OLD,117.146225239,117.146225239
117.350028617,1.360674844914732,2.4320666940595608,0.02604415419585941,0.0,0.0,False,0.0,0.0,-0.03909217756021877,MODEL_ONLY,DUPLICATE_OR_OLD,DUPLICATE_OR_OLD,117.146225239,117.146225239
117.400028617,1.3756104118548946,2.5004738254787977,0.007563599446517799,0.0,0.0,False,0.0,0.7563599446517798,-0.05604635512232811,FUSED,ACCEPTED,ACCEPTED,117.324166596,117.324166596
117.450028617,1.3951459784488232,2.5697427352363866,0.012563599446517516,0.0,0.0,False,0.0,0.0,-0.05604635512232811,MODEL_ONLY,DUPLICATE_OR_OLD,DUPLICATE_OR_OLD,117.324166596,117.324166596
117.500028617,1.4099832462517872,2.639870965853898,0.006372026803174454,0.0,0.0,False,0.0,0.6372026803174452,-0.07148588313606027,FUSED,ACCEPTED,ACCEPTED,117.430171929,117.430171929
117.55002861700001,1.4280057009188518,2.71082068953318,0.005320986590511792,0.0,0.0,False,0.0,0.5320986590511791,-0.07365879507302465,FUSED,ACCEPTED,ACCEPTED,117.530123295,117.530123295
117.600028617,1.448914045109768,2.782743683183891,0.010320986590511508,0.0,0.0,False,0.0,0.0,-0.07365879507302465,MODEL_ONLY,DUPLICATE_OR_OLD,DUPLICATE_OR_OLD,117.530123295,117.530123295
117.650028617,1.4737208612232153,2.8558095558422116,0.006050706806287163,0.0,0.0,False,0.0,0.6050706806287163,-0.0642560627095212,FUSED,ACCEPTED,ACCEPTED,117.632086404,117.632086404
117.700028617,1.4969991545356547,2.930077556236179,0.01105070680628688,0.0,0.0,False,0.0,0.0,-0.0642560627095212,MODEL_ONLY,DUPLICATE_OR_OLD,DUPLICATE_OR_OLD,117.632086404,117.632086404
117.750028617,1.5210606444188917,3.005529051210038,0.016050706806286598,0.0,0.0,False,0.0,0.0,-0.0642560627095212,MODEL_ONLY,DUPLICATE_OR_OLD,DUPLICATE_OR_OLD,117.632086404,117.632086404
117.80002861700001,1.5479787714540412,3.0822550366068793,0.006779461394426291,0.0,0.0,False,0.0,0.6779461394426289,-0.06757654141763855,FUSED,ACCEPTED,ACCEPTED,117.752050899,117.752050899
117.850028617,1.573170966179737,3.160283780047719,0.011779461394426007,0.0,0.0,False,0.0,0.0,-0.06757654141763855,MODEL_ONLY,DUPLICATE_OR_OLD,DUPLICATE_OR_OLD,117.752050899,117.752050899
117.900028617,1.614243539526768,3.2399691426903767,0.006265794949079317,0.0,0.0,False,0.0,0.6265794949079315,-0.029522279739361765,FUSED,ACCEPTED,ACCEPTED,117.832023592,117.832023592
117.950028617,1.643085091988157,3.3214023584782453,0.011265794949079033,0.0,0.0,False,0.0,0.0,-0.029522279739361765,MODEL_ONLY,DUPLICATE_OR_OLD,DUPLICATE_OR_OLD,117.832023592,117.832023592
118.000028617,1.6828462449468649,3.404550641901616,0.006192767049546034,0.0,0.0,False,0.0,0.6192767049546032,-0.025591779856983406,FUSED,ACCEPTED,ACCEPTED,117.927998535,117.927998535
118.05002861700001,1.7132383580501525,3.4894527569765605,0.011192767049547171,0.0,0.0,False,0.0,0.0,-0.025591779856983406,MODEL_ONLY,DUPLICATE_OR_OLD,DUPLICATE_OR_OLD,117.927998535,117.927998535
118.100028617,1.73480152805638,3.5756537541292186,0.006182152125781996,0.0,0.0,False,0.0,0.6182152125781994,-0.0715443628927035,FUSED,ACCEPTED,ACCEPTED,118.03399001,118.03399001
118.150028617,1.7646333288401033,3.663139625551626,0.011182152125781712,0.0,0.0,False,0.0,0.0,-0.0715443628927035,MODEL_ONLY,DUPLICATE_OR_OLD,DUPLICATE_OR_OLD,118.03399001,118.03399001
118.200028617,1.8012962333342557,3.7522878646059796,0.006180604271200055,0.0,0.0,False,0.0,0.6180604271200054,-0.042036886965787945,FUSED,ACCEPTED,ACCEPTED,118.129949276,118.129949276
118.250028617,1.8339502123546148,3.8431690257481965,0.011180604271199771,0.0,0.0,False,0.0,0.0,-0.042036886965787945,MODEL_ONLY,DUPLICATE_OR_OLD,DUPLICATE_OR_OLD,118.129949276,118.129949276
118.30002861700001,1.893826699450338,3.936363448543341,0.006180378460171693,0.0,0.0,False,0.0,0.6180378460171692,0.01824607012389602,FUSED,ACCEPTED,ACCEPTED,118.243918169,118.243918169
118.350028617,1.9311832553435515,4.031988697413183,0.01118037846017141,0.0,0.0,False,0.0,0.0,0.01824607012389602,MODEL_ONLY,DUPLICATE_OR_OLD,DUPLICATE_OR_OLD,118.243918169,118.243918169
118.400028617,1.9692358649666835,4.129499175420934,0.016180378460171126,0.0,0.0,False,0.0,0.0,0.01824607012389602,MODEL_ONLY,DUPLICATE_OR_OLD,DUPLICATE_OR_OLD,118.243918169,118.243918169
118.450028617,2.0079013264690735,4.228927605206822,0.021180378460170842,0.0,0.0,False,0.0,0.0,0.01824607012389602,MODEL_ONLY,DUPLICATE_OR_OLD,DUPLICATE_OR_OLD,118.243918169,118.243918169
118.500028617,2.0616089821145565,4.330665362921407,0.007236070924186553,0.0,0.0,False,0.0,0.7236070924186552,0.008282951262273292,FUSED,ACCEPTED,ACCEPTED,118.455868522,118.455868522
118.55002861700001,2.1139821070625833,4.435055140150859,0.005502802615581552,0.0,0.0,False,0.0,0.550280261558155,0.0408991865900371,FUSED,ACCEPTED,ACCEPTED,118.531853185,118.531853185
118.600028617,2.155821742441978,4.541800236388466,0.010502802615581269,0.0,0.0,False,0.0,0.0,0.0408991865900371,MODEL_ONLY,DUPLICATE_OR_OLD,DUPLICATE_OR_OLD,118.531853185,118.531853185
118.650028617,2.198280544395712,4.650652793559403,0.015502802615580985,0.0,0.0,False,0.0,0.0,0.0408991865900371,MODEL_ONLY,DUPLICATE_OR_OLD,DUPLICATE_OR_OLD,118.531853185,118.531853185
118.700028617,2.251967719661178,4.761909000160819,0.006721612723254472,0.0,0.0,False,0.0,0.6721612723254471,0.04523529546895511,FUSED,ACCEPTED,ACCEPTED,118.633809823,118.633809823
118.750028617,2.295668473295084,4.8755999049847185,0.011721612723254188,0.0,0.0,False,0.0,0.0,0.04523529546895511,MODEL_ONLY,DUPLICATE_OR_OLD,DUPLICATE_OR_OLD,118.633809823,118.633809823
118.80002861700001,2.33429164735294,4.991348908000945,0.0062577109010725305,0.0,0.0,False,0.0,0.625771090107253,0.017169287142810217,FUSED,ACCEPTED,ACCEPTED,118.761772819,118.761772819
118.850028617,2.3773838154277955,5.109140794570457,0.011257710901072247,0.0,0.0,False,0.0,0.0,0.017169287142810217,MODEL_ONLY,DUPLICATE_OR_OLD,DUPLICATE_OR_OLD,118.761772819,118.761772819
118.900028617,2.426264551472923,5.229232003742968,0.00619159490418803,0.0,0.0,False,0.0,0.6191594904188029,0.03993948307245853,FUSED,ACCEPTED,ACCEPTED,118.841749987,118.841749987
118.950028617,2.4711113089649706,5.351666400253909,0.011191594904187746,0.0,0.0,False,0.0,0.0,0.03993948307245853,MODEL_ONLY,DUPLICATE_OR_OLD,DUPLICATE_OR_OLD,118.841749987,118.841749987
119.000028617,2.517543623229578,5.476382773558766,0.0061819812666691724,0.0,0.0,False,0.0,0.6181981266669172,0.033778828640461556,FUSED,ACCEPTED,ACCEPTED,118.947718539,118.947718539
119.05002861700001,2.5625599458396624,5.603385362785526,0.01118198126667031,0.0,0.0,False,0.0,0.0,0.033778828640461556,MODEL_ONLY,DUPLICATE_OR_OLD,DUPLICATE_OR_OLD,118.947718539,118.947718539
119.100028617,2.612731073660729,5.732767638273028,0.006180579346479742,0.0,0.0,False,0.0,0.618057934647974,0.046235078240126105,FUSED,ACCEPTED,ACCEPTED,119.04969405,119.04969405
119.150028617,2.658740452610064,5.864554426429791,0.01118057934647946,0.0,0.0,False,0.0,0.0,0.046235078240126105,MODEL_ONLY,DUPLICATE_OR_OLD,DUPLICATE_OR_OLD,119.04969405,119.04969405
119.200028617,2.698394315496321,5.998482795632443,0.0061803748237737825,0.0,0.0,False,0.0,0.6180374823773782,0.019115063043300216,FUSED,ACCEPTED,ACCEPTED,119.131670998,119.131670998
119.250028617,2.7433347144885807,6.134526021382057,0.011180374823773499,0.0,0.0,False,0.0,0.0,0.019115063043300216,MODEL_ONLY,DUPLICATE_OR_OLD,DUPLICATE_OR_OLD,119.131670998,119.131670998
119.30002861700001,2.7947191999006473,6.272977369241819,0.006180344984626076,0.0,0.0,False,0.0,0.6180344984626076,0.04699205245219479,FUSED,ACCEPTED,ACCEPTED,119.249648169,119.249648169
119.350028617,2.8412759529077203,6.41387724806202,0.011180344984625792,0.0,0.0,False,0.0,0.0,0.04699205245219479,MODEL_ONLY,DUPLICATE_OR_OLD,DUPLICATE_OR_OLD,119.249648169,119.249648169
119.400028617,2.8879244332618357,6.55710725771625,0.01618034498462551,0.0,0.0,False,0.0,0.0,0.04699205245219479,MODEL_ONLY,DUPLICATE_OR_OLD,DUPLICATE_OR_OLD,119.249648169,119.249648169
119.450028617,2.934653676457035,6.702671710459214,0.021180344984625225,0.0,0.0,False,0.0,0.0,0.04699205245219479,MODEL_ONLY,DUPLICATE_OR_OLD,DUPLICATE_OR_OLD,119.249648169,119.249648169
119.500028617,2.981805934713068,6.850583200738459,0.0072360683668855124,0.0,0.0,False,0.0,0.7236068366885511,0.037738675016537195,FUSED,ACCEPTED,ACCEPTED,119.455575545,119.455575545
119.55002861700001,3.028206227046993,7.000833504782494,0.012236068366886649,0.0,0.0,False,0.0,0.0,0.037738675016537195,MODEL_ONLY,DUPLICATE_OR_OLD,DUPLICATE_OR_OLD,119.455575545,119.455575545
119.600028617,3.0848869862904897,7.1536608351159225,0.006328398113378946,0.0,0.0,False,0.0,0.6328398113378946,0.06805401124675203,FUSED,ACCEPTED,ACCEPTED,119.527562361,119.527562361
119.650028617,3.1329067064413594,7.309105677434211,0.011328398113378662,0.0,0.0,False,0.0,0.0,0.06805401124675203,MODEL_ONLY,DUPLICATE_OR_OLD,DUPLICATE_OR_OLD,119.527562361,119.527562361
119.700028617,3.186262011761828,7.467084895389281,0.0062018198156466465,0.0,0.0,False,0.0,0.6201819815646645,0.06847089398255396,FUSED,ACCEPTED,ACCEPTED,119.627530531,119.627530531
119.750028617,3.234382936234405,7.627601019089178,0.011201819815646363,0.0,0.0,False,0.0,0.0,0.06847089398255396,MODEL_ONLY,DUPLICATE_OR_OLD,DUPLICATE_OR_OLD,119.627530531,119.627530531
119.80002861700001,3.264173438478495,7.790064928457037,0.006183471197665406,0.0,0.0,False,0.0,0.6183471197665404,0.008079340719379262,FUSED,ACCEPTED,ACCEPTED,119.759500852,119.759500852
119.850028617,3.3135321136963953,7.9545075672614,0.005279338354564754,0.0,0.0,False,0.0,0.5279338354564752,0.046263482219550685,FUSED,ACCEPTED,ACCEPTED,119.835480131,119.835480131
119.900028617,3.3614472149510184,8.121382050477575,0.01027933835456447,0.0,0.0,False,0.0,0.0,0.046263482219550685,MODEL_ONLY,DUPLICATE_OR_OLD,DUPLICATE_OR_OLD,119.835480131,119.835480131
119.950028617,3.4095947999779987,8.290658100850791,0.015279338354564187,0.0,0.0,False,0.0,0.0,0.046263482219550685,MODEL_ONLY,DUPLICATE_OR_OLD,DUPLICATE_OR_OLD,119.835480131,119.835480131
120.000028617,3.451900211118989,8.462195476128205,0.006697417928059604,0.0,0.0,False,0.0,0.6697417928059601,0.02144590842702905,FUSED,ACCEPTED,ACCEPTED,119.933451359,119.933451359
120.05002861700001,3.472576572339677,8.63530739571471,0.005391156665205198,0.0,0.0,False,0.0,0.5391156665205197,-0.05976688591274533,FUSED,ACCEPTED,ACCEPTED,120.037417417,120.037417417
120.100028617,3.5159662425753324,8.810020966087576,0.010391156665204914,0.0,0.0,False,0.0,0.0,-0.05976688591274533,MODEL_ONLY,DUPLICATE_OR_OLD,DUPLICATE_OR_OLD,120.037417417,120.037417417
120.150028617,3.5594956280136554,8.986907512852289,0.01539115666520463,0.0,0.0,False,0.0,0.0,-0.05976688591274533,MODEL_ONLY,DUPLICATE_OR_OLD,DUPLICATE_OR_OLD,120.037417417,120.037417417
120.200028617,3.6259355116506686,9.166543291343887,0.00670956913217809,0.0,0.0,False,0.0,0.6709569132178088,0.04461309769954498,FUSED,ACCEPTED,ACCEPTED,120.131389528,120.131389528
120.250028617,3.6749152209566263,9.349064559659059,0.011709569132177806,0.0,0.0,False,0.0,0.0,0.04461309769954498,MODEL_ONLY,DUPLICATE_OR_OLD,DUPLICATE_OR_OLD,120.131389528,120.131389528
120.30002861700001,3.7250486241313894,9.534063655786301,0.006256023468400965,0.0,0.0,False,0.0,0.6256023468400962,0.014109444447368447,FUSED,ACCEPTED,ACCEPTED,120.243343164,120.243343164
120.350028617,3.772682478522378,9.721506933352634,0.011256023468400682,0.0,0.0,False,0.0,0.0,0.014109444447368447,MODEL_ONLY,DUPLICATE_OR_OLD,DUPLICATE_OR_OLD,120.243343164,120.243343164
120.400028617,3.8282770430177107,9.911530921391126,0.006191350144078298,0.0,0.0,False,0.0,0.6191350144078298,0.039064420846475725,FUSED,ACCEPTED,ACCEPTED,120.329335923,120.329335923
120.450028617,3.877297664858649,10.104170289088025,0.011191350144078014,0.0,0.0,False,0.0,0.0,0.039064420846475725,MODEL_ONLY,DUPLICATE_OR_OLD,DUPLICATE_OR_OLD,120.329335923,120.329335923
120.500028617,3.9263755970352245,10.299262120635362,0.01619135014407773,0.0,0.0,False,0.0,0.0,0.039064420846475725,MODEL_ONLY,DUPLICATE_OR_OLD,DUPLICATE_OR_OLD,120.329335923,120.329335923
120.55002861700001,3.975503989032999,10.496809110287112,0.021191350144078865,0.0,0.0,False,0.0,0.0,0.039064420846475725,MODEL_ONLY,DUPLICATE_OR_OLD,DUPLICATE_OR_OLD,120.329335923,120.329335923
120.600028617,4.02431898373209,10.696804684606228,0.007236908830372514,0.0,0.0,False,0.0,0.7236908830372513,0.026590525684787078,FUSED,ACCEPTED,ACCEPTED,120.549271541,120.549271541
120.650028617,4.07259542396324,10.899227544798599,0.005502972073914553,0.0,0.0,False,0.0,0.5502972073914552,0.026891429736248782,FUSED,ACCEPTED,ACCEPTED,120.633251699,120.633251699
120.700028617,4.121233153742604,11.104073259241234,0.01050297207391427,0.0,0.0,False,0.0,0.0,0.026891429736248782,MODEL_ONLY,DUPLICATE_OR_OLD,DUPLICATE_OR_OLD,120.633251699,120.633251699
120.750028617,4.169901208236986,11.311351618290711,0.015502972073913986,0.0,0.0,False,0.0,0.0,0.026891429736248782,MODEL_ONLY,DUPLICATE_OR_OLD,DUPLICATE_OR_OLD,120.633251699,120.633251699
120.80002861700001,4.20786749298249,11.520795835821247,0.006721630936235364,0.0,0.0,False,0.0,0.6721630936235363,-0.001034329279046512,FUSED,ACCEPTED,ACCEPTED,120.76121659,120.76121659
120.850028617,4.2613198127165,11.73252551846371,0.00539629412296181,0.0,0.0,False,0.0,0.5396294122961809,0.03166608885554714,FUSED,ACCEPTED,ACCEPTED,120.839208748,120.839208748
120.900028617,4.310297506727551,11.946815951449798,0.010396294122961527,0.0,0.0,False,0.0,0.0,0.03166608885554714,MODEL_ONLY,DUPLICATE_OR_OLD,DUPLICATE_OR_OLD,120.839208748,120.839208748
120.950028617,4.338950921876534,12.163047162164888,0.006062417630075083,0.0,0.0,False,0.0,0.6062417630075081,-0.03946923512910033,FUSED,ACCEPTED,ACCEPTED,120.937167025,120.937167025
121.000028617,4.384406119625837,12.381131088202435,0.0110624176300748,0.0,0.0,False,0.0,0.0,-0.03946923512910033,MODEL_ONLY,DUPLICATE_OR_OLD,DUPLICATE_OR_OLD,120.937167025,120.937167025
121.05002861700001,4.4467807794467245,12.601910760679297,0.006163057417796868,0.0,0.0,False,0.0,0.6163057417796869,0.03538950215213346,FUSED,ACCEPTED,ACCEPTED,121.043136303,121.043136303
121.100028617,4.496005480834176,12.825480417186307,0.011163057417796584,0.0,0.0,False,0.0,0.0,0.03538950215213346,MODEL_ONLY,DUPLICATE_OR_OLD,DUPLICATE_OR_OLD,121.043136303,121.043136303
121.150028617,4.545241134356171,13.051511582566054,0.0161630574177963,0.0,0.0,False,0.0,0.0,0.03538950215213346,MODEL_ONLY,DUPLICATE_OR_OLD,DUPLICATE_OR_OLD,121.043136303,121.043136303
121.200028617,4.615101240073159,13.280520141926774,0.0067910722411051415,0.0,0.0,False,0.0,0.679107224110514,0.0708171553523762,FUSED,ACCEPTED,ACCEPTED,121.129102562,121.129102562
121.250028617,4.666126409565264,13.512550833167722,0.011791072241104858,0.0,0.0,False,0.0,0.0,0.0708171553523762,MODEL_ONLY,DUPLICATE_OR_OLD,DUPLICATE_OR_OLD,121.129102562,121.129102562
121.30002861700001,4.70375453314513,13.746797856735535,0.006267413297233834,0.0,0.0,False,0.0,0.6267413297233833,0.01117355623832253,FUSED,ACCEPTED,ACCEPTED,121.253073455,121.253073455
121.350028617,4.751811580003728,13.983187009564242,0.01126741329723355,0.0,0.0,False,0.0,0.0,0.01117355623832253,MODEL_ONLY,DUPLICATE_OR_OLD,DUPLICATE_OR_OLD,121.253073455,121.253073455
121.400028617,4.80448798229,14.222094498621571,0.006193001615026443,0.0,0.0,False,0.0,0.6193001615026442,0.04477553580292474,FUSED,ACCEPTED,ACCEPTED,121.335051168,121.335051168
121.450028617,4.854236025657739,14.463562598820252,0.01119300161502616,0.0,0.0,False,0.0,0.0,0.04477553580292474,MODEL_ONLY,DUPLICATE_OR_OLD,DUPLICATE_OR_OLD,121.335051168,121.335051168
121.500028617,4.903867993989346,14.707515199311414,0.006182186315651813,0.0,0.0,False,0.0,0.618218631565181,0.03529230286503807,FUSED,ACCEPTED,ACCEPTED,121.435023194,121.435023194
121.55002861700001,4.953150323704658,14.95394065725382,0.01118218631565295,0.0,0.0,False,0.0,0.0,0.03529230286503807,MODEL_ONLY,DUPLICATE_OR_OLD,DUPLICATE_OR_OLD,121.435023194,121.435023194
121.600028617,5.00015186228963,15.202773211903663,0.006180609258738017,0.0,0.0,False,0.0,0.6180609258738016,0.02981065653904856,FUSED,ACCEPTED,ACCEPTED,121.532993754,121.532993754
121.650028617,5.049166658751061,15.454006174929667,0.011180609258737734,0.0,0.0,False,0.0,0.0,0.02981065653904856,MODEL_ONLY,DUPLICATE_OR_OLD,DUPLICATE_OR_OLD,121.532993754,121.532993754
121.700028617,5.098184155059025,15.707689945274904,0.01618060925873745,0.0,0.0,False,0.0,0.0,0.02981065653904856,MODEL_ONLY,DUPLICATE_OR_OLD,DUPLICATE_OR_OLD,121.532993754,121.532993754
121.750028617,5.14720402849097,15.96382464986364,0.021180609258737167,0.0,0.0,False,0.0,0.0,0.02981065653904856,MODEL_ONLY,DUPLICATE_OR_OLD,DUPLICATE_OR_OLD,121.532993754,121.532993754
121.80002861700001,5.107652238279856,16.22019605653297,0.007236088555478151,0.0,0.0,False,0.0,0.723608855547815,-0.171704360166263,FUSED,ACCEPTED,ACCEPTED,121.718961078,121.718961078
121.850028617,5.189699714169775,16.477629855344194,0.005502806181469134,0.0,0.0,False,0.0,0.5502806181469134,0.05720966164308777,FUSED,ACCEPTED,ACCEPTED,121.836913219,121.836913219
121.900028617,5.240095096151066,16.738374725602203,0.01050280618146885,0.0,0.0,False,0.0,0.0,0.05720966164308777,MODEL_ONLY,DUPLICATE_OR_OLD,DUPLICATE_OR_OLD,121.836913219,121.836913219
121.950028617,5.310529738068513,17.002140346457676,0.006078862879306817,0.0,0.0,False,0.0,0.6078862879306814,0.04762934939118978,FUSED,ACCEPTED,ACCEPTED,121.932890446,121.932890446
122.000028617,5.360448790823221,17.268914809679956,0.011078862879306532,0.0,0.0,False,0.0,0.0,0.04762934939118978,MODEL_ONLY,DUPLICATE_OR_OLD,DUPLICATE_OR_OLD,121.932890446,121.932890446
122.05002861700001,5.408072571520986,17.538127843738618,0.006165476981768818,0.0,0.0,False,0.0,0.6165476981768816,0.01785679295108841,FUSED,ACCEPTED,ACCEPTED,122.0368601,122.0368601
122.100028617,5.456505078996452,17.80974228500154,0.011165476981768535,0.0,0.0,False,0.0,0.0,0.01785679295108841,MODEL_ONLY,DUPLICATE_OR_OLD,DUPLICATE_OR_OLD,122.0368601,122.0368601
122.150028617,5.509398032654641,18.0838898627928,0.0061781701870109755,0.0,0.0,False,0.0,0.6178170187010974,0.03427050592193522,FUSED,ACCEPTED,ACCEPTED,122.134840732,122.134840732
122.200028617,5.558652840209464,18.36059113461439,0.011178170187010693,0.0,0.0,False,0.0,0.0,0.03427050592193522,MODEL_ONLY,DUPLICATE_OR_OLD,DUPLICATE_OR_OLD,122.134840732,122.134840732
122.250028617,5.607908313312293,18.639755163452417,0.01617817018701041,0.0,0.0,False,0.0,0.0,0.03427050592193522,MODEL_ONLY,DUPLICATE_OR_OLD,DUPLICATE_OR_OLD,122.134840732,122.134840732
122.30002861700001,5.6368323321940945,18.92087367959014,0.00679262768147764,0.0,0.0,False,0.0,0.6792627681477638,-0.024307364559574697,FUSED,ACCEPTED,ACCEPTED,122.254805922,122.254805922
122.350028617,5.686688236203383,19.20396169380006,0.0054112922286560705,0.0,0.0,False,0.0,0.5411292228656069,0.010585898055296944,FUSED,ACCEPTED,ACCEPTED,122.328786677,122.328786677
122.400028617,5.734761035126022,19.48949792558328,0.010411292228655788,0.0,0.0,False,0.0,0.0,0.010585898055296944,MODEL_ONLY,DUPLICATE_OR_OLD,DUPLICATE_OR_OLD,122.328786677,122.328786677
122.450028617,5.775326316564035,19.777250109375515,0.006064741647131461,0.0,0.0,False,0.0,0.606474164713146,-0.01851104323453917,FUSED,ACCEPTED,ACCEPTED,122.432757247,122.432757247
122.500028617,5.821945020557479,20.067181892803536,0.011064741647131178,0.0,0.0,False,0.0,0.0,-0.01851104323453917,MODEL_ONLY,DUPLICATE_OR_OLD,DUPLICATE_OR_OLD,122.432757247,122.432757247
122.55002861700001,5.842562827700518,20.35879458901005,0.00616339953206472,0.0,0.0,False,0.0,0.6163399532064721,-0.08550203317232272,FUSED,ACCEPTED,ACCEPTED,122.528725493,122.528725493
122.600028617,5.885832565268125,20.65200447383425,0.011163399532064437,0.0,0.0,False,0.0,0.0,-0.08550203317232272,MODEL_ONLY,DUPLICATE_OR_OLD,DUPLICATE_OR_OLD,122.528725493,122.528725493
122.650028617,5.93434729609014,20.947508970368187,0.006177866722654045,0.0,0.0,False,0.0,0.6177866722654044,-0.038460019214857685,FUSED,ACCEPTED,ACCEPTED,122.634695516,122.634695516
122.700028617,5.979959492529569,21.245366640083663,0.011177866722653761,0.0,0.0,False,0.0,0.0,-0.038460019214857685,MODEL_ONLY,DUPLICATE_OR_OLD,DUPLICATE_OR_OLD,122.634695516,122.634695516
122.750028617,6.025517211076118,21.54550355767379,0.016177866722653478,0.0,0.0,False,0.0,0.0,-0.038460019214857685,MODEL_ONLY,DUPLICATE_OR_OLD,DUPLICATE_OR_OLD,122.634695516,122.634695516
122.80002861700001,6.065217050657611,21.847771914217205,0.006792596463075599,0.0,0.0,False,0.0,0.6792596463075599,-0.06021517752274861,FUSED,ACCEPTED,ACCEPTED,122.748671446,122.748671446
122.850028617,6.109493771344818,22.15213968476725,0.011792596463075317,0.0,0.0,False,0.0,0.0,-0.06021517752274861,MODEL_ONLY,DUPLICATE_OR_OLD,DUPLICATE_OR_OLD,122.748671446,122.748671446
122.900028617,6.153639383517469,22.458718013638787,0.016792596463075033,0.0,0.0,False,0.0,0.0,-0.06021517752274861,MODEL_ONLY,DUPLICATE_OR_OLD,DUPLICATE_OR_OLD,122.748671446,122.748671446
122.950028617,6.197627457602876,22.767499684666777,0.02179259646307475,0.0,0.0,False,0.0,0.0,-0.06021517752274861,MODEL_ONLY,DUPLICATE_OR_OLD,DUPLICATE_OR_OLD,122.748671446,122.748671446
123.000028617,6.225677229661753,23.078082301848376,0.00728206189252337,0.0,0.0,False,0.0,0.7282061892523368,-0.08672169104566711,FUSED,ACCEPTED,ACCEPTED,122.958602217,122.958602217
123.05002861700001,6.2640211584552254,23.390324761551373,0.005512084990951876,0.0,0.0,False,0.0,0.5512084990951874,-0.08815366481201317,FUSED,ACCEPTED,ACCEPTED,123.046592764,123.046592764
123.100028617,6.30655691164912,23.704589213303965,0.010512084990951593,0.0,0.0,False,0.0,0.0,-0.08815366481201317,MODEL_ONLY,DUPLICATE_OR_OLD,DUPLICATE_OR_OLD,123.046592764,123.046592764
123.150028617,6.349078243498929,24.020980092182647,0.01551208499095131,0.0,0.0,False,0.0,0.0,-0.08815366481201317,MODEL_ONLY,DUPLICATE_OR_OLD,DUPLICATE_OR_OLD,123.046592764,123.046592764
123.200028617,6.3813307340557195,24.3392403166215,0.0067226100730364054,0.0,0.0,False,0.0,0.6722610073036404,-0.10902128260279742,FUSED,ACCEPTED,ACCEPTED,123.156549066,123.156549066
123.250028617,6.42269215138597,24.659340888757523,0.011722610073036122,0.0,0.0,False,0.0,0.0,-0.10902128260279742,MODEL_ONLY,DUPLICATE_OR_OLD,DUPLICATE_OR_OLD,123.156549066,123.156549066
123.30002861700001,6.465036398462305,24.9815341025038,0.00625785057198067,0.0,0.0,False,0.0,0.6257850571980668,-0.09477917840955674,FUSED,ACCEPTED,ACCEPTED,123.25452322,123.25452322
123.350028617,6.506898096030537,25.305832464866107,0.011257850571980386,0.0,0.0,False,0.0,0.0,-0.09477917840955674,MODEL_ONLY,DUPLICATE_OR_OLD,DUPLICATE_OR_OLD,123.25452322,123.25452322
123.400028617,6.5635670756121955,25.632594094157156,0.006191615161878081,0.0,0.0,False,0.0,0.6191615161878079,-0.051683995486635666,FUSED,ACCEPTED,ACCEPTED,123.330499987,123.330499987
123.450028617,6.607281341730867,25.961865304590713,0.011191615161877798,0.0,0.0,False,0.0,0.0,-0.051683995486635666,MODEL_ONLY,DUPLICATE_OR_OLD,DUPLICATE_OR_OLD,123.330499987,123.330499987
123.500028617,6.652105938106786,26.293349986586637,0.006181984219684465,0.0,0.0,False,0.0,0.6181984219684464,-0.06874536969206191,FUSED,ACCEPTED,ACCEPTED,123.434472789,123.434472789
123.55002861700001,6.695542152455636,26.62704118885077,0.005279006963518348,0.0,0.0,False,0.0,0.5279006963518345,-0.0644485973244363,FUSED,ACCEPTED,ACCEPTED,123.534437078,123.534437078
123.600028617,6.7380203693549365,26.962880251896017,0.010279006963518064,0.0,0.0,False,0.0,0.0,-0.0644485973244363,MODEL_ONLY,DUPLICATE_OR_OLD,DUPLICATE_OR_OLD,123.534437078,123.534437078
123.650028617,6.7567597990960655,27.300249756107274,0.0060441484056585676,0.0,0.0,False,0.0,0.6044148405658567,-0.13592174036073193,FUSED,ACCEPTED,ACCEPTED,123.634415975,123.634415975
123.700028617,6.7952006974558525,27.639048768521054,0.011044148405658285,0.0,0.0,False,0.0,0.0,-0.13592174036073193,MODEL_ONLY,DUPLICATE_OR_OLD,DUPLICATE_OR_OLD,123.634415975,123.634415975
123.750028617,6.8334074261111075,27.979763971610208,0.016044148405658,0.0,0.0,False,0.0,0.0,-0.13592174036073193,MODEL_ONLY,DUPLICATE_OR_OLD,DUPLICATE_OR_OLD,123.634415975,123.634415975
123.80002861700001,6.8890346210820885,28.322825022790116,0.006778781022005079,0.0,0.0,False,0.0,0.6778781022005078,-0.05846673807971334,FUSED,ACCEPTED,ACCEPTED,123.752375832,123.752375832
123.850028617,6.930632566708707,28.66831670248487,0.011778781022004796,0.0,0.0,False,0.0,0.0,-0.05846673807971334,MODEL_ONLY,DUPLICATE_OR_OLD,DUPLICATE_OR_OLD,123.752375832,123.752375832
123.900028617,6.9822107305655425,29.016137784916708,0.006265700073583315,0.0,0.0,False,0.0,0.6265700073583313,-0.04931717303658583,FUSED,ACCEPTED,ACCEPTED,123.834362526,123.834362526
123.950028617,7.024010702744357,29.36629332074943,0.011265700073583032,0.0,0.0,False,0.0,0.0,-0.04931717303658583,MODEL_ONLY,DUPLICATE_OR_OLD,DUPLICATE_OR_OLD,123.834362526,123.834362526
124.000028617,7.061021110998442,29.71841911609298,0.006192753297271639,0.0,0.0,False,0.0,0.6192753297271638,-0.07468045421715584,FUSED,ACCEPTED,ACCEPTED,123.954326943,123.954326943
124.05002861700001,7.101444554242041,30.072480757724076,0.011192753297272776,0.0,0.0,False,0.0,0.0,-0.07468045421715584,MODEL_ONLY,DUPLICATE_OR_OLD,DUPLICATE_OR_OLD,123.954326943,123.954326943
124.100028617,7.141776198193391,30.42856127653494,0.016192753297272492,0.0,0.0,False,0.0,0.0,-0.07468045421715584,MODEL_ONLY,DUPLICATE_OR_OLD,DUPLICATE_OR_OLD,123.954326943,123.954326943
124.150028617,7.1819957835221855,30.78665557607781,0.02119275329727221,0.0,0.0,False,0.0,0.0,-0.07468045421715584,MODEL_ONLY,DUPLICATE_OR_OLD,DUPLICATE_OR_OLD,123.954326943,123.954326943
124.200028617,7.222730941212539,31.146773744196153,0.00723701595237471,0.0,0.0,False,0.0,0.7237015952374708,-0.0647762542782444,FUSED,ACCEPTED,ACCEPTED,124.16027052,124.16027052
124.250028617,7.2631664739608235,31.508921179575466,0.012237015952374426,0.0,0.0,False,0.0,0.0,-0.0647762542782444,MODEL_ONLY,DUPLICATE_OR_OLD,DUPLICATE_OR_OLD,124.16027052,124.16027052
124.30002861700001,7.320551140788197,31.87351411994428,0.006328525849716728,0.0,0.0,False,0.0,0.6328525849716727,-0.015034606328351005,FUSED,ACCEPTED,ACCEPTED,124.236251319,124.236251319
124.350028617,7.3631344790740405,32.24060626044081,0.011328525849716446,0.0,0.0,False,0.0,0.0,-0.015034606328351005,MODEL_ONLY,DUPLICATE_OR_OLD,DUPLICATE_OR_OLD,124.236251319,124.236251319
124.400028617,7.415357915815818,32.61006857031303,0.006201838243021949,0.0,0.0,False,0.0,0.6201838243021947,-0.008815529744716118,FUSED,ACCEPTED,ACCEPTED,124.326229719,124.326229719
124.450028617,7.457870628885735,32.98189928393055,0.011201838243021666,0.0,0.0,False,0.0,0.0,-0.008815529744716118,MODEL_ONLY,DUPLICATE_OR_OLD,DUPLICATE_OR_OLD,124.326229719,124.326229719
124.500028617,7.498628589205261,33.35581176438281,0.006183473881774915,0.0,0.0,False,0.0,0.6183473881774914,-0.023571007491734117,FUSED,ACCEPTED,ACCEPTED,124.434193891,124.434193891
124.55002861700001,7.536060315323137,33.7316789869961,0.005279338952709307,0.0,0.0,False,0.0,0.5279338952709305,-0.033129298570444145,FUSED,ACCEPTED,ACCEPTED,124.530164792,124.530164792
124.600028617,7.576727305922767,34.10949867752723,0.010279338952709023,0.0,0.0,False,0.0,0.0,-0.033129298570444145,MODEL_ONLY,DUPLICATE_OR_OLD,DUPLICATE_OR_OLD,124.530164792,124.530164792
124.650028617,7.618028286450906,34.489367567336544,0.006044200357174104,0.0,0.0,False,0.0,0.6044200357174103,-0.023127896193611806,FUSED,ACCEPTED,ACCEPTED,124.632136214,124.632136214
124.700028617,7.658738667029376,34.87128674117353,0.01104420035717382,0.0,0.0,False,0.0,0.0,-0.023127896193611806,MODEL_ONLY,DUPLICATE_OR_OLD,DUPLICATE_OR_OLD,124.632136214,124.632136214
124.750028617,7.699216483942109,35.2552356199478,0.016044200357173535,0.0,0.0,False,0.0,0.0,-0.023127896193611806,MODEL_ONLY,DUPLICATE_OR_OLD,DUPLICATE_OR_OLD,124.632136214,124.632136214
124.80002861700001,7.731174486225755,35.64099539420208,0.006778786412616074,0.0,0.0,False,0.0,0.6778786412616074,-0.04450424573141056,FUSED,ACCEPTED,ACCEPTED,124.752104428,124.752104428
124.850028617,7.770134139545892,36.02852810984635,0.011778786412615792,0.0,0.0,False,0.0,0.0,-0.04450424573141056,MODEL_ONLY,DUPLICATE_OR_OLD,DUPLICATE_OR_OLD,124.752104428,124.752104428
124.900028617,7.822119559554634,36.41833445232384,0.006265700825303647,0.0,0.0,False,0.0,0.6265700825303647,0.004903955182526919,FUSED,ACCEPTED,ACCEPTED,124.832080595,124.832080595
124.950028617,7.848487624493504,36.81009963192502,0.005297592079306728,0.0,0.0,False,0.0,0.5297592079306728,-0.06487343880313054,FUSED,ACCEPTED,ACCEPTED,124.934056538,124.934056538
125.000028617,7.8859805243884855,37.20346133564705,0.010297592079306445,0.0,0.0,False,0.0,0.0,-0.06487343880313054,MODEL_ONLY,DUPLICATE_OR_OLD,DUPLICATE_OR_OLD,124.934056538,124.934056538
125.05002861700001,7.923436260615089,37.59869675527223,0.015297592079307582,0.0,0.0,False,0.0,0.0,-0.06487343880313054,MODEL_ONLY,DUPLICATE_OR_OLD,DUPLICATE_OR_OLD,124.934056538,124.934056538
125.100028617,7.981017228274203,37.99630809249444,0.00669940767113641,0.0,0.0,False,0.0,0.6699407671136407,0.015631003184505,FUSED,ACCEPTED,ACCEPTED,125.03403512,125.03403512
125.150028617,8.022362714196454,38.396392591056184,0.011699407671136126,0.0,0.0,False,0.0,0.0,0.015631003184505,MODEL_ONLY,DUPLICATE_OR_OLD,DUPLICATE_OR_OLD,125.03403512,125.03403512
125.200028617,8.069647753138813,38.79869285273954,0.006254598557701044,0.0,0.0,False,0.0,0.6254598557701043,0.006036386724292629,FUSED,ACCEPTED,ACCEPTED,125.131997133,125.131997133
125.250028617,8.110309727577947,39.20319178975744,0.011254598557700762,0.0,0.0,False,0.0,0.0,0.006036386724292629,MODEL_ONLY,DUPLICATE_OR_OLD,DUPLICATE_OR_OLD,125.131997133,125.131997133
125.30002861700001,8.152839965134726,39.609770532075345,0.006191143437968716,0.0,0.0,False,0.0,0.6191143437968714,0.007263270011588378,FUSED,ACCEPTED,ACCEPTED,125.243969515,125.243969515
125.350028617,8.193307508437845,40.01842421891464,0.011191143437968433,0.0,0.0,False,0.0,0.0,0.007263270011588378,MODEL_ONLY,DUPLICATE_OR_OLD,DUPLICATE_OR_OLD,125.243969515,125.243969515
125.400028617,8.233631515704474,40.42909769451818,0.01619114343796815,0.0,0.0,False,0.0,0.0,0.007263270011588378,MODEL_ONLY,DUPLICATE_OR_OLD,DUPLICATE_OR_OLD,125.243969515,125.243969515
125.450028617,8.273804699248629,40.841783599891976,0.021191143437967866,0.0,0.0,False,0.0,0.0,0.007263270011588378,MODEL_ONLY,DUPLICATE_OR_OLD,DUPLICATE_OR_OLD,125.243969515,125.243969515
125.500028617,8.313615524825286,41.2564691054938,0.007236893048947124,0.0,0.0,False,0.0,0.7236893048947121,0.0072579016598597924,FUSED,ACCEPTED,ACCEPTED,125.463907116,125.463907116
125.55002861700001,8.353461734767865,41.673146036983724,0.01223689304894826,0.0,0.0,False,0.0,0.0,0.0072579016598597924,MODEL_ONLY,DUPLICATE_OR_OLD,DUPLICATE_OR_OLD,125.463907116,125.463907116
125.600028617,8.400470050170682,42.09199433160716,0.006328509282601069,0.0,0.0,False,0.0,0.6328509282601067,0.029909285889914854,FUSED,ACCEPTED,ACCEPTED,125.529893501,125.529893501
125.650028617,8.441104330647692,42.513033691127596,0.011328509282600785,0.0,0.0,False,0.0,0.0,0.029909285889914854,MODEL_ONLY,DUPLICATE_OR_OLD,DUPLICATE_OR_OLD,125.529893501,125.529893501
125.700028617,8.481564079632053,42.936100401384564,0.016328509282600503,0.0,0.0,False,0.0,0.0,0.029909285889914854,MODEL_ONLY,DUPLICATE_OR_OLD,DUPLICATE_OR_OLD,125.529893501,125.529893501
125.750028617,8.52184705510758,43.36118567975303,0.02132850928260022,0.0,0.0,False,0.0,0.0,0.029909285889914854,MODEL_ONLY,DUPLICATE_OR_OLD,DUPLICATE_OR_OLD,125.529893501,125.529893501
125.80002861700001,8.514409408185655,43.78709209133545,0.02632850928260136,0.0,0.0,False,0.0,0.0,0.029909285889914854,MODEL_ONLY,MISSING_OR_STALE,MISSING_OR_STALE,125.529893501,125.529893501
125.850028617,8.554676006479474,44.21381922670206,0.03132850928260107,0.0,0.0,False,0.0,0.0,0.029909285889914854,MODEL_ONLY,MISSING_OR_STALE,MISSING_OR_STALE,125.529893501,125.529893501
125.900028617,8.59490168113546,44.642558668892406,0.036328509282600785,0.0,0.0,False,0.0,0.0,0.029909285889914854,MODEL_ONLY,MISSING_OR_STALE,MISSING_OR_STALE,125.529893501,125.529893501
125.950028617,8.635068364009653,45.07330792002101,0.0413285092826005,0.0,0.0,False,0.0,0.0,0.029909285889914854,MODEL_ONLY,MISSING_OR_STALE,MISSING_OR_STALE,125.529893501,125.529893501
126.000028617,8.675160393823539,45.506063638966815,0.04632850928260021,0.0,0.0,False,0.0,0.0,0.029909285889914854,MODEL_ONLY,MISSING_OR_STALE,MISSING_OR_STALE,125.529893501,125.529893501
126.05002861700001,8.715164233300174,45.94082175464501,0.051328509282601346,0.0,0.0,False,0.0,0.0,0.029909285889914854,MODEL_ONLY,MISSING_OR_STALE,MISSING_OR_STALE,125.529893501,125.529893501
126.100028617,8.755068218699952,46.37757756594499,0.056328509282601066,0.0,0.0,False,0.0,0.0,0.029909285889914854,MODEL_ONLY,MISSING_OR_STALE,MISSING_OR_STALE,125.529893501,125.529893501
126.150028617,8.794862338084242,46.81632582986457,0.06132850928260078,0.0,0.0,False,0.0,0.0,0.029909285889914854,MODEL_ONLY,MISSING_OR_STALE,MISSING_OR_STALE,125.529893501,125.529893501
126.200028617,8.834538035047867,47.257060839192846,0.06632850928260049,0.0,0.0,False,0.0,0.0,0.029909285889914854,MODEL_ONLY,MISSING_OR_STALE,MISSING_OR_STALE,125.529893501,125.529893501
126.250028617,8.87408803502872,47.699776490944735,0.0713285092826002,0.0,0.0,False,0.0,0.0,0.029909285889914854,MODEL_ONLY,MISSING_OR_STALE,MISSING_OR_STALE,125.529893501,125.529893501
126.30002861700001,8.913506191628406,48.14446634661127,0.07632850928260135,0.0,0.0,False,0.0,0.0,0.029909285889914854,MODEL_ONLY,MISSING_OR_STALE,MISSING_OR_STALE,125.529893501,125.529893501
126.350028617,8.952787350667224,48.59112368516863,0.08132850928260106,0.0,0.0,False,0.0,0.0,0.029909285889914854,MODEL_ONLY,MISSING_OR_STALE,MISSING_OR_STALE,125.529893501,125.529893501
126.400028617,8.991754790809045,49.03973723870551,0.08632850928260077,0.0,0.0,False,0.0,0.0,0.029909285889914854,MODEL_ONLY,MISSING_OR_STALE,MISSING_OR_STALE,125.529893501,125.529893501
126.450028617,9.030426444629533,49.49029176959145,0.09132850928260049,0.0,0.0,False,0.0,0.0,0.029909285889914854,MODEL_ONLY,MISSING_OR_STALE,MISSING_OR_STALE,125.529893501,125.529893501
126.500028617,9.068818416639859,49.94277289112316,0.0963285092826002,0.0,0.0,False,0.0,0.0,0.029909285889914854,MODEL_ONLY,MISSING_OR_STALE,MISSING_OR_STALE,125.529893501,125.529893501
126.55002861700001,9.106945187966783,50.397166981238435,0.10132850928260134,0.0,0.0,False,0.0,0.0,0.029909285889914854,MODEL_ONLY,MISSING_OR_STALE,MISSING_OR_STALE,125.529893501,125.529893501
126.600028617,9.14481979778266,50.85346110588215,0.10632850928260106,0.0,0.0,False,0.0,0.0,0.029909285889914854,MODEL_ONLY,MISSING_OR_STALE,MISSING_OR_STALE,125.529893501,125.529893501
126.650028617,9.182454004126178,51.311642950929844,0.11132850928260077,0.0,0.0,False,0.0,0.0,0.029909285889914854,MODEL_ONLY,MISSING_OR_STALE,MISSING_OR_STALE,125.529893501,125.529893501
126.700028617,9.219858426455735,51.77170076169437,0.11632850928260048,0.0,0.0,False,0.0,0.0,0.029909285889914854,MODEL_ONLY,MISSING_OR_STALE,MISSING_OR_STALE,125.529893501,125.529893501
126.750028617,9.25686912364809,52.23361895044694,0.1213285092826002,0.0,0.0,False,0.0,0.0,0.029909285889914854,MODEL_ONLY,MISSING_OR_STALE,MISSING_OR_STALE,125.529893501,125.529893501
126.80002861700001,9.293516323361775,52.69737858662229,0.12632850928260134,0.0,0.0,False,0.0,0.0,0.029909285889914854,MODEL_ONLY,MISSING_OR_STALE,MISSING_OR_STALE,125.529893501,125.529893501
126.850028617,9.329826937508486,53.16296216814402,0.13132850928260106,0.0,0.0,False,0.0,0.0,0.029909285889914854,MODEL_ONLY,MISSING_OR_STALE,MISSING_OR_STALE,125.529893501,125.529893501
126.900028617,9.365824941154962,53.63035346511058,0.1363285092826008,0.0,0.0,False,0.0,0.0,0.029909285889914854,MODEL_ONLY,MISSING_OR_STALE,MISSING_OR_STALE,125.529893501,125.529893501
126.950028617,9.40153170795377,54.09953738133827,0.14132850928260052,0.0,0.0,False,0.0,0.0,0.029909285889914854,MODEL_ONLY,MISSING_OR_STALE,MISSING_OR_STALE,125.529893501,125.529893501
127.000028617,9.436966307079091,54.570499831714066,0.14632850928260024,0.0,0.0,False,0.0,0.0,0.029909285889914854,MODEL_ONLY,MISSING_OR_STALE,MISSING_OR_STALE,125.529893501,125.529893501
127.05002861700001,9.472145766076569,55.04322763354307,0.1513285092826014,0.0,0.0,False,0.0,0.0,0.029909285889914854,MODEL_ONLY,MISSING_OR_STALE,MISSING_OR_STALE,125.529893501,125.529893501
127.100028617,9.507085303533461,55.51770841028329,0.1563285092826011,0.0,0.0,False,0.0,0.0,0.029909285889914854,MODEL_ONLY,MISSING_OR_STALE,MISSING_OR_STALE,125.529893501,125.529893501
127.150028617,9.541798535029704,55.993930506247345,0.16132850928260084,0.0,0.0,False,0.0,0.0,0.029909285889914854,MODEL_ONLY,MISSING_OR_STALE,MISSING_OR_STALE,125.529893501,125.529893501
127.200028617,9.576123345345007,56.47187855325669,0.16632850928260057,0.0,0.0,False,0.0,0.0,0.029909285889914854,MODEL_ONLY,MISSING_OR_STALE,MISSING_OR_STALE,125.529893501,125.529893501
127.250028617,9.610092204515393,56.95153394200317,0.1713285092826003,0.0,0.0,False,0.0,0.0,0.029909285889914854,MODEL_ONLY,MISSING_OR_STALE,MISSING_OR_STALE,125.529893501,125.529893501
127.30002861700001,9.643733944247222,57.43287959572234,0.17632850928260144,0.0,0.0,False,0.0,0.0,0.029909285889914854,MODEL_ONLY,MISSING_OR_STALE,MISSING_OR_STALE,125.529893501,125.529893501
127.350028617,9.677074177213925,57.91589979875884,0.18132850928260116,0.0,0.0,False,0.0,0.0,0.029909285889914854,MODEL_ONLY,MISSING_OR_STALE,MISSING_OR_STALE,125.529893501,125.529893501
127.400028617,9.710135667936493,58.400580044887576,0.1863285092826009,0.0,0.0,False,0.0,0.0,0.029909285889914854,MODEL_ONLY,MISSING_OR_STALE,MISSING_OR_STALE,125.529893501,125.529893501
127.450028617,9.742760006157216,58.88690243673989,0.19132850928260062,0.0,0.0,False,0.0,0.0,0.029909285889914854,MODEL_ONLY,MISSING_OR_STALE,MISSING_OR_STALE,125.529893501,125.529893501
127.500028617,9.774987229747147,59.37484611763747,0.19632850928260034,0.0,0.0,False,0.0,0.0,0.029909285889914854,MODEL_ONLY,MISSING_OR_STALE,MISSING_OR_STALE,125.529893501,125.529893501
127.55002861700001,9.806852819471686,59.86439211886805,0.2013285092826015,0.0,0.0,False,0.0,0.0,0.029909285889914854,MODEL_ONLY,MISSING_OR_STALE,MISSING_OR_STALE,125.529893501,125.529893501
127.600028617,9.838388226937221,60.35552314502824,0.2063285092826012,0.0,0.0,False,0.0,0.0,0.029909285889914854,MODEL_ONLY,MISSING_OR_STALE,MISSING_OR_STALE,125.529893501,125.529893501
127.650028617,9.869436683637339,60.84821876779258,0.21132850928260094,0.0,0.0,False,0.0,0.0,0.029909285889914854,MODEL_ONLY,MISSING_OR_STALE,MISSING_OR_STALE,125.529893501,125.529893501
127.700028617,9.900045649882838,61.34245582613056,0.21632850928260067,0.0,0.0,False,0.0,0.0,0.029909285889914854,MODEL_ONLY,MISSING_OR_STALE,MISSING_OR_STALE,125.529893501,125.529893501
127.750028617,9.93025713098197,61.838213395652154,0.2213285092826004,0.0,0.0,False,0.0,0.0,0.029909285889914854,MODEL_ONLY,MISSING_OR_STALE,MISSING_OR_STALE,125.529893501,125.529893501
127.80002861700001,9.960108311565653,62.33547253171596,0.22632850928260154,0.0,0.0,False,0.0,0.0,0.029909285889914854,MODEL_ONLY,MISSING_OR_STALE,MISSING_OR_STALE,125.529893501,125.529893501
127.850028617,9.989632116163186,62.83421604240915,0.23132850928260126,0.0,0.0,False,0.0,0.0,0.029909285889914854,MODEL_ONLY,MISSING_OR_STALE,MISSING_OR_STALE,125.529893501,125.529893501
127.900028617,10.018666307048539,63.33442350298942,0.236328509282601,0.0,0.0,False,0.0,0.0,0.029909285889914854,MODEL_ONLY,MISSING_OR_STALE,MISSING_OR_STALE,125.529893501,125.529893501
127.950028617,10.047260214280419,63.83607166602261,0.24132850928260072,0.0,0.0,False,0.0,0.0,0.029909285889914854,MODEL_ONLY,MISSING_OR_STALE,MISSING_OR_STALE,125.529893501,125.529893501
128.000028617,10.075457462696205,64.339139607947,0.24632850928260044,0.0,0.0,False,0.0,0.0,0.029909285889914854,MODEL_ONLY,MISSING_OR_STALE,MISSING_OR_STALE,125.529893501,125.529893501
128.050028617,10.10329663744684,64.84360846045068,0.2513285092826016,0.0,0.0,False,0.0,0.0,0.029909285889914854,MODEL_ONLY,MISSING_OR_STALE,MISSING_OR_STALE,125.529893501,125.529893501
128.10002861700002,10.130811871922848,65.34946117318503,0.2563285092826027,0.0,0.0,False,0.0,0.0,0.029909285889914854,MODEL_ONLY,MISSING_OR_STALE,MISSING_OR_STALE,125.529893501,125.529893501
128.150028617,10.158033367105965,65.85668230416059,0.261328509282601,0.0,0.0,False,0.0,0.0,0.029909285889914854,MODEL_ONLY,MISSING_OR_STALE,MISSING_OR_STALE,125.529893501,125.529893501
128.20002861700002,10.184788540994067,66.3652528518632,0.2663285092826021,0.0,0.0,False,0.0,0.0,0.029909285889914854,MODEL_ONLY,MISSING_OR_STALE,MISSING_OR_STALE,125.529893501,125.529893501
128.250028617,10.21112546116639,66.87515070191704,0.2713285092826004,0.0,0.0,False,0.0,0.0,0.029909285889914854,MODEL_ONLY,MISSING_OR_STALE,MISSING_OR_STALE,125.529893501,125.529893501
128.300028617,10.237086608739755,67.3863560036648,0.2763285092826015,0.0,0.0,False,0.0,0.0,0.029909285889914854,MODEL_ONLY,MISSING_OR_STALE,MISSING_OR_STALE,125.529893501,125.529893501
128.35002861700002,10.262709531960814,67.89885090718244,0.2813285092826026,0.0,0.0,False,0.0,0.0,0.029909285889914854,MODEL_ONLY,MISSING_OR_STALE,MISSING_OR_STALE,125.529893501,125.529893501
128.400028617,10.28781689572328,68.41261406787436,0.2863285092826009,0.0,0.0,False,0.0,0.0,0.029909285889914854,MODEL_ONLY,MISSING_OR_STALE,MISSING_OR_STALE,125.529893501,125.529893501
128.45002861700002,10.312463784441771,68.9276210848786,0.291328509282602,0.0,0.0,False,0.0,0.0,0.029909285889914854,MODEL_ONLY,MISSING_OR_STALE,MISSING_OR_STALE,125.529893501,125.529893501
128.500028617,10.336698849061724,69.443850150716,0.2963285092826003,0.0,0.0,False,0.0,0.0,0.029909285889914854,MODEL_ONLY,MISSING_OR_STALE,MISSING_OR_STALE,125.529893501,125.529893501
128.550028617,10.360565061614624,69.96128174848303,0.3013285092826014,0.0,0.0,False,0.0,0.0,0.029909285889914854,MODEL_ONLY,MISSING_OR_STALE,MISSING_OR_STALE,125.529893501,125.529893501
128.60002861700002,10.383875540421439,70.47989276353405,0.3063285092826025,0.0,0.0,False,0.0,0.0,0.029909285889914854,MODEL_ONLY,MISSING_OR_STALE,MISSING_OR_STALE,125.529893501,125.529893501
128.650028617,10.406691258063896,70.99965693349601,0.3113285092826008,0.0,0.0,False,0.0,0.0,0.029909285889914854,MODEL_ONLY,MISSING_OR_STALE,MISSING_OR_STALE,125.529893501,125.529893501
128.70002861700002,10.429066038327921,71.52055086590593,0.3163285092826019,0.0,0.0,False,0.0,0.0,0.029909285889914854,MODEL_ONLY,MISSING_OR_STALE,MISSING_OR_STALE,125.529893501,125.529893501
128.750028617,10.451047396591505,72.04255370177874,0.3213285092826002,0.0,0.0,False,0.0,0.0,0.029909285889914854,MODEL_ONLY,MISSING_OR_STALE,MISSING_OR_STALE,125.529893501,125.529893501
128.800028617,10.472433544898132,72.5656407253161,0.3263285092826013,0.0,0.0,False,0.0,0.0,0.029909285889914854,MODEL_ONLY,MISSING_OR_STALE,MISSING_OR_STALE,125.529893501,125.529893501
128.85002861700002,10.4932912080437,73.08978384413976,0.33132850928260243,0.0,0.0,False,0.0,0.0,0.029909285889914854,MODEL_ONLY,MISSING_OR_STALE,MISSING_OR_STALE,125.529893501,125.529893501
128.900028617,10.513679261625205,73.6149581058813,0.3363285092826007,0.0,0.0,False,0.0,0.0,0.029909285889914854,MODEL_ONLY,MISSING_OR_STALE,MISSING_OR_STALE,125.529893501,125.529893501
128.95002861700002,10.53337916914747,74.14113456665073,0.34132850928260183,0.0,0.0,False,0.0,0.0,0.029909285889914854,MODEL_ONLY,MISSING_OR_STALE,MISSING_OR_STALE,125.529893501,125.529893501
129.000028617,10.552469666705926,74.66828078754689,0.3463285092826001,0.0,0.0,False,0.0,0.0,0.029909285889914854,MODEL_ONLY,MISSING_OR_STALE,MISSING_OR_STALE,125.529893501,125.529893501
129.050028617,10.571020200229212,75.19636803422038,0.35132850928260123,0.0,0.0,False,0.0,0.0,0.029909285889914854,MODEL_ONLY,MISSING_OR_STALE,MISSING_OR_STALE,125.529893501,125.529893501
129.10002861700002,10.589092022421601,75.72537083978678,0.35632850928260235,0.0,0.0,False,0.0,0.0,0.029909285889914854,MODEL_ONLY,MISSING_OR_STALE,MISSING_OR_STALE,125.529893501,125.529893501
129.150028617,10.60487017032604,76.25521989460529,0.36132850928260063,0.0,0.0,False,0.0,0.0,0.029909285889914854,MODEL_ONLY,MISSING_OR_STALE,MISSING_OR_STALE,125.529893501,125.529893501
129.20002861700002,10.618628815236155,76.78580736924447,0.36632850928260174,0.0,0.0,False,0.0,0.0,0.029909285889914854,MODEL_ONLY,MISSING_OR_STALE,MISSING_OR_STALE,125.529893501,125.529893501
129.250028617,10.630609355746023,77.31703832351884,0.37132850928260003,0.0,0.0,False,0.0,0.0,0.029909285889914854,MODEL_ONLY,MISSING_OR_STALE,MISSING_OR_STALE,125.529893501,125.529893501
129.300028617,10.641024335191101,77.8488291657924,0.37632850928260114,0.0,0.0,False,0.0,0.0,0.029909285889914854,MODEL_ONLY,MISSING_OR_STALE,MISSING_OR_STALE,125.529893501,125.529893501
129.35002861700002,10.650060890823006,78.38110629644287,0.38132850928260226,0.0,0.0,False,0.0,0.0,0.029909285889914854,MODEL_ONLY,MISSING_OR_STALE,MISSING_OR_STALE,125.529893501,125.529893501
129.400028617,10.657883790691839,78.91380491348056,0.38632850928260054,0.0,0.0,False,0.0,0.0,0.029909285889914854,MODEL_ONLY,MISSING_OR_STALE,MISSING_OR_STALE,125.529893501,125.529893501
129.45002861700002,10.664638107518835,79.44686796093595,0.39132850928260166,0.0,0.0,False,0.0,0.0,0.029909285889914854,MODEL_ONLY,MISSING_OR_STALE,MISSING_OR_STALE,125.529893501,125.529893501
129.500028617,10.670451572951174,79.98024520294751,0.39632850928259994,0.0,0.0,False,0.0,0.0,0.029909285889914854,MODEL_ONLY,MISSING_OR_STALE,MISSING_OR_STALE,125.529893501,125.529893501
129.550028617,10.675436650404148,80.51389240853152,0.40132850928260105,0.0,0.0,False,0.0,0.0,0.029909285889914854,MODEL_ONLY,MISSING_OR_STALE,MISSING_OR_STALE,125.529893501,125.529893501
129.60002861700002,10.679692360128842,81.04777063379497,0.40632850928260217,0.0,0.0,False,0.0,0.0,0.029909285889914854,MODEL_ONLY,MISSING_OR_STALE,MISSING_OR_STALE,125.529893501,125.529893501
129.650028617,10.68330588612284,81.58184558995107,0.41132850928260045,0.0,0.0,False,0.0,0.0,0.029909285889914854,MODEL_ONLY,MISSING_OR_STALE,MISSING_OR_STALE,125.529893501,125.529893501
129.70002861700002,10.686353990960985,82.1160870868783,0.41632850928260157,0.0,0.0,False,0.0,0.0,0.029909285889914854,MODEL_ONLY,MISSING_OR_STALE,MISSING_OR_STALE,125.529893501,125.529893501
129.750028617,10.688904261506215,82.65046854318979,0.42132850928259985,0.0,0.0,False,0.0,0.0,0.029909285889914854,MODEL_ONLY,MISSING_OR_STALE,MISSING_OR_STALE,125.529893501,125.529893501
129.800028617,10.691016205716053,83.18496655487047,0.42632850928260096,0.0,0.0,False,0.0,0.0,0.029909285889914854,MODEL_ONLY,MISSING_OR_STALE,MISSING_OR_STALE,125.529893501,125.529893501
129.85002861700002,10.692742218343769,83.71956051547208,0.4313285092826021,0.0,0.0,False,0.0,0.0,0.029909285889914854,MODEL_ONLY,MISSING_OR_STALE,MISSING_OR_STALE,125.529893501,125.529893501
129.900028617,10.694128431205753,84.25423228171064,0.43632850928260036,0.0,0.0,False,0.0,0.0,0.029909285889914854,MODEL_ONLY,MISSING_OR_STALE,MISSING_OR_STALE,125.529893501,125.529893501
129.95002861700002,10.695215461813321,84.78896587903624,0.4413285092826015,0.0,0.0,False,0.0,0.0,0.029909285889914854,MODEL_ONLY,MISSING_OR_STALE,MISSING_OR_STALE,125.529893501,125.529893501
130.000028617,10.6960390725178,85.32374724239433,0.44632850928259976,0.0,0.0,False,0.0,0.0,0.029909285889914854,MODEL_ONLY,MISSING_OR_STALE,MISSING_OR_STALE,125.529893501,125.529893501
130.050028617,10.696630750865602,85.85856398797904,0.4513285092826009,0.0,0.0,False,0.0,0.0,0.029909285889914854,MODEL_ONLY,MISSING_OR_STALE,MISSING_OR_STALE,125.529893501,125.529893501
130.10002861700002,10.697018220581317,86.39340521226534,0.456328509282602,0.0,0.0,False,0.0,0.0,0.029909285889914854,MODEL_ONLY,MISSING_OR_STALE,MISSING_OR_STALE,125.529893501,125.529893501
130.150028617,10.697225891471133,86.92826131506646,0.4613285092826003,0.0,0.0,False,0.0,0.0,0.029909285889914854,MODEL_ONLY,MISSING_OR_STALE,MISSING_OR_STALE,125.529893501,125.529893501
130.20002861700002,10.697882279589837,87.46313901934312,0.4663285092826014,0.0,0.0,False,0.0,0.0,0.029909285889914854,MODEL_ONLY,MISSING_OR_STALE,MISSING_OR_STALE,125.529893501,125.529893501
130.250028617,10.698933710877508,87.99805941910462,0.4713285092825997,0.0,0.0,False,0.0,0.0,0.029909285889914854,MODEL_ONLY,MISSING_OR_STALE,MISSING_OR_STALE,125.529893501,125.529893501
130.300028617,10.700332904725125,88.53304108449481,0.4763285092826008,0.0,0.0,False,0.0,0.0,0.029909285889914854,MODEL_ONLY,MISSING_OR_STALE,MISSING_OR_STALE,125.529893501,125.529893501
130.35002861700002,10.702038212436564,89.06810036242398,0.4813285092826019,0.0,0.0,False,0.0,0.0,0.029909285889914854,MODEL_ONLY,MISSING_OR_STALE,MISSING_OR_STALE,125.529893501,125.529893501
130.400028617,10.704571207100333,89.60326559791221,0.4863285092826002,0.0,0.0,False,0.0,0.0,0.029909285889914854,MODEL_ONLY,MISSING_OR_STALE,MISSING_OR_STALE,125.529893501,125.529893501
130.45002861700002,10.707832676587984,90.13857569500455,0.4913285092826013,0.0,0.0,False,0.0,0.0,0.029909285889914854,MODEL_ONLY,MISSING_OR_STALE,MISSING_OR_STALE,125.529893501,125.529893501
130.500028617,10.711735188870275,90.67406489164082,0.4963285092825996,0.0,0.0,False,0.0,0.0,0.029909285889914854,MODEL_ONLY,MISSING_OR_STALE,MISSING_OR_STALE,125.529893501,125.529893501
130.550028617,10.716201693543827,91.2097633137013,0.5013285092826008,0.0,0.0,False,0.0,0.0,0.029909285889914854,MODEL_ONLY,MISSING_OR_STALE,MISSING_OR_STALE,125.529893501,125.529893501
130.60002861700002,10.721164289394714,91.7456974632749,0.5063285092826019,0.0,0.0,False,0.0,0.0,0.029909285889914854,MODEL_ONLY,MISSING_OR_STALE,MISSING_OR_STALE,125.529893501,125.529893501
130.650028617,10.7265631382803,92.28189064896658,0.5113285092826002,0.0,0.0,False,0.0,0.0,0.029909285889914854,MODEL_ONLY,MISSING_OR_STALE,MISSING_OR_STALE,125.529893501,125.529893501
130.70002861700002,12.378024877053077,92.85950534935004,0.05484342451612193,0.0,0.0,False,0.0,0.893781916880161,0.029909285889914854,FUSED,ACCEPTED,ACCEPTED,130.630473047,130.630473047
130.750028617,12.384647841542217,93.47857216731471,0.05984342451612023,0.0,0.0,False,0.0,0.0,0.029909285889914854,MODEL_ONLY,DUPLICATE_OR_OLD,DUPLICATE_OR_OLD,130.630473047,130.630473047
130.800028617,12.551655345072628,94.10197974698022,0.008663877279179551,0.0,0.0,False,0.0,0.866387727917955,0.003049086450517987,FUSED,ACCEPTED,ACCEPTED,130.758438956,130.758438956
130.85002861700002,12.557684397529163,94.72971324054541,0.013663877279180689,0.0,0.0,False,0.0,0.0,0.003049086450517987,MODEL_ONLY,DUPLICATE_OR_OLD,DUPLICATE_OR_OLD,130.758438956,130.758438956
130.900028617,12.573383856920392,95.35798994690643,0.006511288440638193,0.0,0.0,False,0.0,0.6511288440638192,-0.012258682903717127,FUSED,ACCEPTED,ACCEPTED,130.840414926,130.840414926
130.95002861700002,12.579209792945122,95.98680478815321,0.01151128844063933,0.0,0.0,False,0.0,0.0,-0.012258682903717127,MODEL_ONLY,DUPLICATE_OR_OLD,DUPLICATE_OR_OLD,130.840414926,130.840414926
131.000028617,12.58013083101735,96.61578830375205,0.006228021877400883,0.0,0.0,False,0.0,0.6228021877400882,-0.035930779665585805,FUSED,ACCEPTED,ACCEPTED,130.936383201,130.936383201
131.050028617,12.585206362532558,97.24492173359094,0.01122802187740202,0.0,0.0,False,0.0,0.0,-0.035930779665585805,MODEL_ONLY,DUPLICATE_OR_OLD,DUPLICATE_OR_OLD,130.936383201,130.936383201
131.10002861700002,12.572282694480773,97.87385896001642,0.006187283948922,0.0,0.0,False,0.0,0.6187283948921998,-0.08328833653012623,FUSED,ACCEPTED,ACCEPTED,131.032367637,131.032367637
131.150028617,12.5753264427275,98.50254918844641,0.011187283948920296,0.0,0.0,False,0.0,0.0,-0.08328833653012623,MODEL_ONLY,DUPLICATE_OR_OLD,DUPLICATE_OR_OLD,131.032367637,131.032367637
131.20002861700002,12.569970980295441,99.13118162402213,0.006181352743757198,0.0,0.0,False,0.0,0.6181352743757198,-0.09608121153721487,FUSED,ACCEPTED,ACCEPTED,131.132334072,131.132334072
131.250028617,12.572637059530276,99.75974682501756,0.011181352743755493,0.0,0.0,False,0.0,0.0,-0.09608121153721487,MODEL_ONLY,DUPLICATE_OR_OLD,DUPLICATE_OR_OLD,131.132334072,131.132334072
131.300028617,12.567746001277438,100.3882564015379,0.006180487655518617,0.0,0.0,False,0.0,0.6180487655518615,-0.10810237645138392,FUSED,ACCEPTED,ACCEPTED,131.240311204,131.240311204
131.35002861700002,12.570014877373797,101.01670042350432,0.011180487655519754,0.0,0.0,False,0.0,0.0,-0.10810237645138392,MODEL_ONLY,DUPLICATE_OR_OLD,DUPLICATE_OR_OLD,131.240311204,131.240311204
131.400028617,12.573976397032718,101.64530020536426,0.0061803614464407035,0.0,0.0,False,0.0,0.6180361446440703,-0.0957953074828252,FUSED,ACCEPTED,ACCEPTED,131.336279785,131.336279785
131.45002861700002,12.577509467567374,102.27408735197942,0.011180361446441842,0.0,0.0,False,0.0,0.0,-0.0957953074828252,MODEL_ONLY,DUPLICATE_OR_OLD,DUPLICATE_OR_OLD,131.336279785,131.336279785
131.500028617,12.58284463820823,102.9030962046236,0.0061803430329034886,0.0,0.0,False,0.0,0.6180343032903486,-0.09602534556938142,FUSED,ACCEPTED,ACCEPTED,131.438251862,131.438251862
131.550028617,12.597392538489949,103.5326021340412,0.005278641151153904,0.0,0.0,False,0.0,0.5278641151153904,-0.06331980127713727,FUSED,ACCEPTED,ACCEPTED,131.536229184,131.536229184
131.60002861700002,12.603679768177582,104.16262894170802,0.010278641151155041,0.0,0.0,False,0.0,0.0,-0.06331980127713727,MODEL_ONLY,DUPLICATE_OR_OLD,DUPLICATE_OR_OLD,131.536229184,131.536229184
131.650028617,12.607749462123008,104.79291467246533,0.015278641151153335,0.0,0.0,False,0.0,0.0,-0.06331980127713727,MODEL_ONLY,RATE_ANOMALY,RATE_ANOMALY,131.634196526,131.634196526
131.70002861700002,12.614701486057035,105.42347594616997,0.02027864115115447,0.0,0.0,False,0.0,0.0,-0.06331980127713727,MODEL_ONLY,DUPLICATE_OR_OLD,DUPLICATE_OR_OLD,131.634196526,131.634196526
131.750028617,12.621926138543406,106.05439163678477,0.025278641151152765,0.0,0.0,False,0.0,0.0,-0.06331980127713727,MODEL_ONLY,DUPLICATE_OR_OLD,DUPLICATE_OR_OLD,131.634196526,131.634196526
131.800028617,12.62959161991962,106.6856795807465,0.030278641151153904,0.0,0.0,False,0.0,0.0,-0.06331980127713727,MODEL_ONLY,MODEL_DISAGREEMENT,MODEL_DISAGREEMENT,131.762165692,131.762165692
131.85002861700002,12.637442332191965,107.31735542954942,0.03527864115115504,0.0,0.0,False,0.0,0.0,-0.06331980127713727,MODEL_ONLY,DUPLICATE_OR_OLD,DUPLICATE_OR_OLD,131.762165692,131.762165692
131.900028617,12.645455020672037,107.9494278633708,0.04027864115115334,0.0,0.0,False,0.0,0.0,-0.06331980127713727,MODEL_ONLY,MODEL_DISAGREEMENT,MODEL_DISAGREEMENT,131.862132702,131.862132702
131.95002861700002,12.653609188844172,108.58190446860885,0.04527864115115447,0.0,0.0,False,0.0,0.0,-0.06331980127713727,MODEL_ONLY,DUPLICATE_OR_OLD,DUPLICATE_OR_OLD,131.862132702,131.862132702
132.000028617,12.661662027814266,109.2147862490251,0.05027864115115277,0.0,0.0,False,0.0,0.0,-0.06331980127713727,MODEL_ONLY,MODEL_DISAGREEMENT,MODEL_DISAGREEMENT,131.936109474,131.936109474
132.050028617,12.669624655093248,109.84806841609793,0.055278641151153905,0.0,0.0,False,0.0,0.0,-0.06331980127713727,MODEL_ONLY,DUPLICATE_OR_OLD,DUPLICATE_OR_OLD,131.936109474,131.936109474
132.10002861700002,12.677506871662102,110.48174670426695,0.06027864115115504,0.0,0.0,False,0.0,0.0,-0.06331980127713727,MODEL_ONLY,MODEL_DISAGREEMENT,MODEL_DISAGREEMENT,132.038087982,132.038087982
132.150028617,12.685317318090327,111.11581730901055,0.06527864115115334,0.0,0.0,False,0.0,0.0,-0.06331980127713727,MODEL_ONLY,DUPLICATE_OR_OLD,DUPLICATE_OR_OLD,132.038087982,132.038087982
132.20002861700002,12.693063612142273,111.75027683226651,0.07027864115115448,0.0,0.0,False,0.0,0.0,-0.06331980127713727,MODEL_ONLY,MODEL_DISAGREEMENT,MODEL_DISAGREEMENT,132.134055886,132.134055886
132.250028617,12.700752470066181,112.3851222343215,0.07527864115115278,0.0,0.0,False,0.0,0.0,-0.06331980127713727,MODEL_ONLY,DUPLICATE_OR_OLD,DUPLICATE_OR_OLD,132.134055886,132.134055886
132.300028617,12.708389813500716,113.02035079141082,0.08027864115115392,0.0,0.0,False,0.0,0.0,-0.06331980127713727,MODEL_ONLY,MODEL_DISAGREEMENT,MODEL_DISAGREEMENT,132.258023944,132.258023944
132.35002861700002,12.71598086370419,113.6559600583411,0.08527864115115506,0.0,0.0,False,0.0,0.0,-0.06331980127713727,MODEL_ONLY,DUPLICATE_OR_OLD,DUPLICATE_OR_OLD,132.258023944,132.258023944
132.400028617,12.723272051731275,114.29194138122676,0.09027864115115336,0.0,0.0,False,0.0,0.0,-0.06331980127713727,MODEL_ONLY,MODEL_DISAGREEMENT,MODEL_DISAGREEMENT,132.330010285,132.330010285
132.45002861700002,12.73029847725699,114.92828064445162,0.0952786411511545,0.0,0.0,False,0.0,0.0,-0.06331980127713727,MODEL_ONLY,DUPLICATE_OR_OLD,DUPLICATE_OR_OLD,132.330010285,132.330010285
132.500028617,12.73709107218468,115.56496538318744,0.1002786411511528,0.0,0.0,False,0.0,0.0,-0.06331980127713727,MODEL_ONLY,MODEL_DISAGREEMENT,MODEL_DISAGREEMENT,132.433984684,132.433984684
132.550028617,12.743677095596903,116.20198458738213,0.10527864115115394,0.0,0.0,False,0.0,0.0,-0.06331980127713727,MODEL_ONLY,DUPLICATE_OR_OLD,DUPLICATE_OR_OLD,132.433984684,132.433984684
132.60002861700002,12.750080569932884,116.83932852902052,0.11027864115115509,0.0,0.0,False,0.0,0.0,-0.06331980127713727,MODEL_ONLY,MODEL_DISAGREEMENT,MODEL_DISAGREEMENT,132.533945715,132.533945715
132.650028617,12.756322665370709,117.47698860990289,0.11527864115115338,0.0,0.0,False,0.0,0.0,-0.06331980127713727,MODEL_ONLY,DUPLICATE_OR_OLD,DUPLICATE_OR_OLD,132.533945715,132.533945715
132.70002861700002,11.537929373258997,118.08434491086877,0.04081642217683354,0.0,0.0,False,0.0,0.6606511198813809,-0.06331980127713727,FUSED,ACCEPTED,ACCEPTED,132.633910786,132.633910786
132.750028617,11.544039740158693,118.66139413870401,0.045816422176831836,0.0,0.0,False,0.0,0.0,-0.06331980127713727,MODEL_ONLY,DUPLICATE_OR_OLD,DUPLICATE_OR_OLD,132.633910786,132.633910786
132.800028617,11.109729018544053,119.22773835767171,0.014669334933589238,0.0,0.0,False,0.0,0.7113268840033187,-0.05024608632183036,FUSED,ACCEPTED,ACCEPTED,132.761885191,132.761885191
132.85002861700002,11.115893977735917,119.78337893257884,0.019669334933590375,0.0,0.0,False,0.0,0.0,-0.05024608632183036,MODEL_ONLY,DUPLICATE_OR_OLD,DUPLICATE_OR_OLD,132.761885191,132.761885191
132.900028617,11.121831107579828,120.33932205971155,0.02466933493358867,0.0,0.0,False,0.0,0.0,-0.05024608632183036,MODEL_ONLY,DUPLICATE_OR_OLD,DUPLICATE_OR_OLD,132.761885191,132.761885191
132.95002861700002,11.127567042592863,120.89555701346599,0.029669334933589808,0.0,0.0,False,0.0,0.0,-0.05024608632183036,MODEL_ONLY,DUPLICATE_OR_OLD,DUPLICATE_OR_OLD,132.761885191,132.761885191
133.000028617,11.01926138397667,121.44922772413004,0.007761327762128664,0.0,0.0,False,0.0,0.7761327762128662,0.014815633761525601,FUSED,ACCEPTED,ACCEPTED,132.931833254,132.931833254
133.050028617,11.008569893385147,121.9999235060642,0.005606583190354143,0.0,0.0,False,0.0,0.5606583190354142,0.0003760616416490486,FUSED,ACCEPTED,ACCEPTED,133.033808534,133.033808534
133.10002861700002,11.01436058922863,122.55049676812968,0.01060658319035528,0.0,0.0,False,0.0,0.0,0.0003760616416490486,MODEL_ONLY,DUPLICATE_OR_OLD,DUPLICATE_OR_OLD,133.033808534,133.033808534
133.150028617,11.01914910809868,123.10133451056267,0.015606583190353573,0.0,0.0,False,0.0,0.0,0.0003760616416490486,MODEL_ONLY,DUPLICATE_OR_OLD,DUPLICATE_OR_OLD,133.033808534,133.033808534
133.20002861700002,11.013745187480247,123.65215686795226,0.006732729054463232,0.0,0.0,False,0.0,0.6732729054463231,0.004090556223824119,FUSED,ACCEPTED,ACCEPTED,133.131785714,133.131785714
133.250028617,11.017060139389661,124.20292700112381,0.011732729054461526,0.0,0.0,False,0.0,0.0,0.004090556223824119,MODEL_ONLY,DUPLICATE_OR_OLD,DUPLICATE_OR_OLD,133.131785714,133.131785714
133.300028617,11.02396933927715,124.7539527380906,0.006259267065615722,0.0,0.0,False,0.0,0.6259267065615721,0.03625806671491379,FUSED,ACCEPTED,ACCEPTED,133.243775263,133.243775263
133.35002861700002,11.020345681937883,125.30506061362111,0.005296168974624131,0.0,0.0,False,0.0,0.529616897462413,0.011922801249012169,FUSED,ACCEPTED,ACCEPTED,133.329734441,133.329734441
133.400028617,11.019437882190346,125.85605520272412,0.010296168974622426,0.0,0.0,False,0.0,0.0,0.011922801249012169,MODEL_ONLY,DUPLICATE_OR_OLD,DUPLICATE_OR_OLD,133.329734441,133.329734441
133.45002861700002,11.017344113897924,126.40697475262645,0.015296168974623563,0.0,0.0,False,0.0,0.0,0.011922801249012169,MODEL_ONLY,DUPLICATE_OR_OLD,DUPLICATE_OR_OLD,133.329734441,133.329734441
133.500028617,11.016793987549493,126.95782820516246,0.006699252632114416,0.0,0.0,False,0.0,0.6699252632114416,0.04361561040573326,FUSED,ACCEPTED,ACCEPTED,133.43370804,133.43370804
133.550028617,11.005143963131294,127.50837665392959,0.005391546349757827,0.0,0.0,False,0.0,0.5391546349757826,0.016110758092050117,FUSED,ACCEPTED,ACCEPTED,133.531691215,133.531691215
133.60002861700002,10.997912338957638,128.05845306148194,0.010391546349758965,0.0,0.0,False,0.0,0.0,0.016110758092050117,MODEL_ONLY,DUPLICATE_OR_OLD,DUPLICATE_OR_OLD,133.531691215,133.531691215
133.650028617,10.96808496231049,128.60760299401346,0.006061681371329479,0.0,0.0,False,0.0,0.6061681371329478,-0.030420233183471892,FUSED,ACCEPTED,ACCEPTED,133.635637213,133.635637213
133.70002861700002,10.955286955342029,129.1556872919549,0.011061681371330616,0.0,0.0,False,0.0,0.0,-0.030420233183471892,MODEL_ONLY,DUPLICATE_OR_OLD,DUPLICATE_OR_OLD,133.635637213,133.635637213
133.750028617,10.940846438627295,129.70309062680394,0.01606168137132891,0.0,0.0,False,0.0,0.0,-0.030420233183471892,MODEL_ONLY,DUPLICATE_OR_OLD,DUPLICATE_OR_OLD,133.635637213,133.635637213
133.800028617,10.903601913440149,130.24920183560576,0.00678059925975868,0.0,0.0,False,0.0,0.678059925975868,-0.050122610407975526,FUSED,ACCEPTED,ACCEPTED,133.755609493,133.755609493
133.85002861700002,10.862707680212498,130.7933595754472,0.005408758096718101,0.0,0.0,False,0.0,0.5408758096718099,-0.10551650774585061,FUSED,ACCEPTED,ACCEPTED,133.833587503,133.833587503
133.900028617,10.840671762415214,131.33594406151272,0.010408758096716396,0.0,0.0,False,0.0,0.0,-0.10551650774585061,MODEL_ONLY,DUPLICATE_OR_OLD,DUPLICATE_OR_OLD,133.833587503,133.833587503
133.95002861700002,10.805792955024508,131.87710567944882,0.006064349165773725,0.0,0.0,False,0.0,0.6064349165773724,-0.10130247400118954,FUSED,ACCEPTED,ACCEPTED,133.945553791,133.945553791
134.000028617,10.781578920045652,132.4167899763254,0.011064349165772019,0.0,0.0,False,0.0,0.0,-0.10130247400118954,MODEL_ONLY,DUPLICATE_OR_OLD,DUPLICATE_OR_OLD,133.945553791,133.945553791
134.050028617,10.756130714437639,132.9552327171876,0.016064349165773158,0.0,0.0,False,0.0,0.0,-0.10130247400118954,MODEL_ONLY,DUPLICATE_OR_OLD,DUPLICATE_OR_OLD,133.945553791,133.945553791
134.10002861700002,10.729595863138835,133.49237588162714,0.021064349165774293,0.0,0.0,False,0.0,0.0,-0.10130247400118954,MODEL_ONLY,DUPLICATE_OR_OLD,DUPLICATE_OR_OLD,133.945553791,133.945553791
134.150028617,10.70210425689107,134.0281683846277,0.026064349165772587,0.0,0.0,False,0.0,0.0,-0.10130247400118954,MODEL_ONLY,DUPLICATE_OR_OLD,DUPLICATE_OR_OLD,133.945553791,133.945553791
134.20002861700002,10.675281624576384,134.5626030316645,0.007564797640008675,0.0,0.0,False,0.0,0.7564797640008674,-0.06912139847129661,FUSED,ACCEPTED,ACCEPTED,134.161506385,134.161506385
134.250028617,10.647814985084507,135.09568044690587,0.01256479764000697,0.0,0.0,False,0.0,0.0,-0.06912139847129661,MODEL_ONLY,DUPLICATE_OR_OLD,DUPLICATE_OR_OLD,134.161506385,134.161506385
134.300028617,10.608336832543484,135.62708424234668,0.006372184504817189,0.0,0.0,False,0.0,0.6372184504817189,-0.10212831173770726,FUSED,ACCEPTED,ACCEPTED,134.239478387,134.239478387
134.35002861700002,10.580506062666139,136.15680531472705,0.005321021116140227,0.0,0.0,False,0.0,0.5321021116140225,-0.07666107701218035,FUSED,ACCEPTED,ACCEPTED,134.3274455,134.3274455
134.400028617,10.550928172407202,136.6850911706037,0.010321021116138522,0.0,0.0,False,0.0,0.0,-0.07666107701218035,MODEL_ONLY,DUPLICATE_OR_OLD,DUPLICATE_OR_OLD,134.3274455,134.3274455
134.45002861700002,10.520904546622917,137.21188698857958,0.01532102111613966,0.0,0.0,False,0.0,0.0,-0.07666107701218035,MODEL_ONLY,DUPLICATE_OR_OLD,DUPLICATE_OR_OLD,134.3274455,134.3274455
134.500028617,10.47198058987102,137.73670911699176,0.006701958037067019,0.0,0.0,False,0.0,0.6701958037067018,-0.12804141999289728,FUSED,ACCEPTED,ACCEPTED,134.43541723,134.43541723
134.550028617,10.438649948288143,138.25947488044585,0.011701958037068156,0.0,0.0,False,0.0,0.0,-0.12804141999289728,MODEL_ONLY,DUPLICATE_OR_OLD,DUPLICATE_OR_OLD,134.43541723,134.43541723
134.60002861700002,10.397032309821926,138.78036693689873,0.006254956289678313,0.0,0.0,False,0.0,0.6254956289678312,-0.1265690140191219,FUSED,ACCEPTED,ACCEPTED,134.531393157,134.531393157
134.650028617,10.363203176510758,139.2993728240569,0.011254956289676609,0.0,0.0,False,0.0,0.0,-0.1265690140191219,MODEL_ONLY,DUPLICATE_OR_OLD,DUPLICATE_OR_OLD,134.531393157,134.531393157
134.70002861700002,10.32663253965662,139.81661871696116,0.006191195334828441,0.0,0.0,False,0.0,0.6191195334828439,-0.12374898392806179,FUSED,ACCEPTED,ACCEPTED,134.633362102,134.633362102
134.750028617,10.292500894611015,140.3320970528177,0.011191195334826737,0.0,0.0,False,0.0,0.0,-0.12374898392806179,MODEL_ONLY,DUPLICATE_OR_OLD,DUPLICATE_OR_OLD,134.633362102,134.633362102
134.800028617,10.267102560694974,140.84608713920045,0.006181923019487985,0.0,0.0,False,0.0,0.6181923019487984,-0.09450116604200483,FUSED,ACCEPTED,ACCEPTED,134.755324059,134.755324059
134.85002861700002,10.234089485781498,141.35861694036248,0.011181923019489122,0.0,0.0,False,0.0,0.0,-0.09450116604200483,MODEL_ONLY,DUPLICATE_OR_OLD,DUPLICATE_OR_OLD,134.755324059,134.755324059
134.900028617,10.21972360469051,141.86996226762412,0.006180570849376909,0.0,0.0,False,0.0,0.6180570849376907,-0.05006100742635931,FUSED,ACCEPTED,ACCEPTED,134.833315919,134.833315919
134.95002861700002,10.188666000643988,142.3801720077576,0.011180570849378046,0.0,0.0,False,0.0,0.0,-0.05006100742635931,MODEL_ONLY,DUPLICATE_OR_OLD,DUPLICATE_OR_OLD,134.833315919,134.833315919
135.000028617,10.139057421962425,142.8883650933226,0.006180373584085462,0.0,0.0,False,0.0,0.6180373584085461,-0.12949810285911564,FUSED,ACCEPTED,ACCEPTED,134.937282286,134.937282286
135.050028617,10.098291191140241,143.39429880865026,0.005278647961378134,0.0,0.0,False,0.0,0.5278647961378132,-0.11859486288193526,FUSED,ACCEPTED,ACCEPTED,135.039253318,135.039253318
135.10002861700002,10.063515088135158,143.89834396563225,0.010278647961379271,0.0,0.0,False,0.0,0.0,-0.11859486288193526,MODEL_ONLY,DUPLICATE_OR_OLD,DUPLICATE_OR_OLD,135.039253318,135.039253318
135.150028617,10.028663986069677,144.4006484424872,0.015278647961377567,0.0,0.0,False,0.0,0.0,-0.11859486288193526,MODEL_ONLY,DUPLICATE_OR_OLD,DUPLICATE_OR_OLD,135.039253318,135.039253318
135.20002861700002,9.993746849856311,144.90120871338547,0.020278647961378703,0.0,0.0,False,0.0,0.0,-0.11859486288193526,MODEL_ONLY,DUPLICATE_OR_OLD,DUPLICATE_OR_OLD,135.039253318,135.039253318
135.250028617,9.976273535528533,145.40045922301994,0.007165424250116393,0.0,0.0,False,0.0,0.7165424250116392,-0.06973108533237168,FUSED,ACCEPTED,ACCEPTED,135.241203684,135.241203684
135.300028617,9.943690256292495,145.8984583178156,0.01216542425011753,0.0,0.0,False,0.0,0.0,-0.06973108533237168,MODEL_ONLY,DUPLICATE_OR_OLD,DUPLICATE_OR_OLD,135.241203684,135.241203684
135.35002861700002,9.90362065874656,146.39464109069166,0.006318850054419336,0.0,0.0,False,0.0,0.6318850054419335,-0.10449974682773869,FUSED,ACCEPTED,ACCEPTED,135.335171668,135.335171668
135.400028617,9.869214190054377,146.88896196191155,0.011318850054417632,0.0,0.0,False,0.0,0.0,-0.10449974682773869,MODEL_ONLY,DUPLICATE_OR_OLD,DUPLICATE_OR_OLD,135.335171668,135.335171668
135.45002861700002,9.834772780601607,147.38156163617805,0.01631885005441877,0.0,0.0,False,0.0,0.0,-0.10449974682773869,MODEL_ONLY,DUPLICATE_OR_OLD,DUPLICATE_OR_OLD,135.335171668,135.335171668
135.500028617,9.816468390593354,147.87284266545774,0.006807034746606336,0.0,0.0,False,0.0,0.6807034746606333,-0.05251890915182317,FUSED,ACCEPTED,ACCEPTED,135.437151055,135.437151055
135.550028617,9.763109264458967,148.36233210683417,0.0054143238105512255,0.0,0.0,False,0.0,0.5414323810551224,-0.1441523624469354,FUSED,ACCEPTED,ACCEPTED,135.535118339,135.535118339
135.60002861700002,9.72660352422711,148.84957492655144,0.010414323810552363,0.0,0.0,False,0.0,0.0,-0.1441523624469354,MODEL_ONLY,DUPLICATE_OR_OLD,DUPLICATE_OR_OLD,135.535118339,135.535118339
135.650028617,9.690076785732066,149.33499193430026,0.015414323810550658,0.0,0.0,False,0.0,0.0,-0.1441523624469354,MODEL_ONLY,DUPLICATE_OR_OLD,DUPLICATE_OR_OLD,135.535118339,135.535118339
135.70002861700002,9.649093163891216,149.81847118304094,0.006712075513403114,0.0,0.0,False,0.0,0.6712075513403113,-0.12071331605392835,FUSED,ACCEPTED,ACCEPTED,135.641087746,135.641087746
135.750028617,9.613703611158048,150.30004110241703,0.011712075513401409,0.0,0.0,False,0.0,0.0,-0.12071331605392835,MODEL_ONLY,DUPLICATE_OR_OLD,DUPLICATE_OR_OLD,135.641087746,135.641087746
135.800028617,9.581866700948536,150.7799303602198,0.006256374763921812,0.0,0.0,False,0.0,0.6256374763921811,-0.10900898260022789,FUSED,ACCEPTED,ACCEPTED,135.755049305,135.755049305
135.85002861700002,9.547035413123487,151.25815291307168,0.011256374763922949,0.0,0.0,False,0.0,0.0,-0.10900898260022789,MODEL_ONLY,DUPLICATE_OR_OLD,DUPLICATE_OR_OLD,135.755049305,135.755049305
135.900028617,9.512713622919048,151.73464663897258,0.006191401101670384,0.0,0.0,False,0.0,0.6191401101670382,-0.11231274468676601,FUSED,ACCEPTED,ACCEPTED,135.835022445,135.835022445
135.95002861700002,9.492757528060482,152.2097834177472,0.005281104844355372,0.0,0.0,False,0.0,0.528110484435537,-0.060683732668378974,FUSED,ACCEPTED,ACCEPTED,135.933004008,135.933004008
136.000028617,9.460312995797812,152.6836101808435,0.010281104844353666,0.0,0.0,False,0.0,0.0,-0.060683732668378974,MODEL_ONLY,DUPLICATE_OR_OLD,DUPLICATE_OR_OLD,135.933004008,135.933004008
136.050028617,9.427860879760514,153.15581452773256,0.015281104844354803,0.0,0.0,False,0.0,0.0,-0.060683732668378974,MODEL_ONLY,DUPLICATE_OR_OLD,DUPLICATE_OR_OLD,135.933004008,135.933004008
136.10002861700002,9.399658784869413,153.6265025193484,0.0066976105887153956,0.0,0.0,False,0.0,0.6697610588715395,-0.07507193077490307,FUSED,ACCEPTED,ACCEPTED,136.034972663,136.034972663
136.150028617,9.366474702567478,154.0956558565342,0.01169761058871369,0.0,0.0,False,0.0,0.0,-0.07507193077490307,MODEL_ONLY,DUPLICATE_OR_OLD,DUPLICATE_OR_OLD,136.034972663,136.034972663
136.20002861700002,9.322231949568858,154.56287352283772,0.006254346445435446,0.0,0.0,False,0.0,0.6254346445435444,-0.10924741631973127,FUSED,ACCEPTED,ACCEPTED,136.132947439,136.132947439
136.250028617,9.287329359036658,155.0281125555527,0.01125434644543374,0.0,0.0,False,0.0,0.0,-0.10924741631973127,MODEL_ONLY,DUPLICATE_OR_OLD,DUPLICATE_OR_OLD,136.132947439,136.132947439
136.300028617,9.252422755688926,155.49160635842097,0.01625434644543488,0.0,0.0,False,0.0,0.0,-0.10924741631973127,MODEL_ONLY,DUPLICATE_OR_OLD,DUPLICATE_OR_OLD,136.132947439,136.132947439
136.35002861700002,9.217512619192226,155.9533547427931,0.021254346445436015,0.0,0.0,False,0.0,0.0,-0.10924741631973127,MODEL_ONLY,DUPLICATE_OR_OLD,DUPLICATE_OR_OLD,136.132947439,136.132947439
136.400028617,9.152261313137265,156.41259909110119,0.007241710034671071,0.0,0.0,False,0.0,0.724171003467107,-0.1635491109028377,FUSED,ACCEPTED,ACCEPTED,136.33289129,136.33289129
136.45002861700002,9.114630242121525,156.86927137998276,0.012241710034672209,0.0,0.0,False,0.0,0.0,-0.1635491109028377,MODEL_ONLY,DUPLICATE_OR_OLD,DUPLICATE_OR_OLD,136.33289129,136.33289129
136.500028617,9.079313572226749,157.32411997534132,0.006329158489950519,0.0,0.0,False,0.0,0.6329158489950517,-0.12920810220291767,FUSED,ACCEPTED,ACCEPTED,136.428857928,136.428857928
136.550028617,9.043395016766233,157.77718769006623,0.011329158489951656,0.0,0.0,False,0.0,0.0,-0.12920810220291767,MODEL_ONLY,DUPLICATE_OR_OLD,DUPLICATE_OR_OLD,136.428857928,136.428857928
136.60002861700002,9.036477268768785,158.22918449720473,0.006201929505716639,0.0,0.0,False,0.0,0.6201929505716637,-0.05189574331396035,FUSED,ACCEPTED,ACCEPTED,136.536917938,136.536917938
136.650028617,8.997604829496682,158.6800365496612,0.005283448142158703,0.0,0.0,False,0.0,0.5283448142158702,-0.11657356596620352,FUSED,ACCEPTED,ACCEPTED,136.63281178,136.63281178
136.70002861700002,8.962313036037667,159.12903449629965,0.01028344814215984,0.0,0.0,False,0.0,0.0,-0.11657356596620352,MODEL_ONLY,DUPLICATE_OR_OLD,DUPLICATE_OR_OLD,136.63281178,136.63281178
136.750028617,8.927019966539545,159.57626782136393,0.015283448142158134,0.0,0.0,False,0.0,0.0,-0.11657356596620352,MODEL_ONLY,DUPLICATE_OR_OLD,DUPLICATE_OR_OLD,136.63281178,136.63281178
136.800028617,8.906573579249152,160.02210766000874,0.0066978661237461785,0.0,0.0,False,0.0,0.6697866123746178,-0.06484524782868661,FUSED,ACCEPTED,ACCEPTED,136.762775362,136.762775362
136.85002861700002,8.873864812936109,160.4666186198135,0.011697866123747316,0.0,0.0,False,0.0,0.0,-0.06484524782868661,MODEL_ONLY,DUPLICATE_OR_OLD,DUPLICATE_OR_OLD,136.762775362,136.762775362
136.900028617,8.83217848240228,160.9092697021968,0.0062543822964540976,0.0,0.0,False,0.0,0.6254382296454096,-0.1088009067453474,FUSED,ACCEPTED,ACCEPTED,136.834749213,136.834749213
136.95002861700002,8.797562508380993,161.35001322696647,0.0052950879209188876,0.0,0.0,False,0.0,0.5295087920918886,-0.09282110907564017,FUSED,ACCEPTED,ACCEPTED,136.932718517,136.932718517
137.000028617,8.763452635986654,161.78903860557554,0.010295087920917182,0.0,0.0,False,0.0,0.0,-0.09282110907564017,MODEL_ONLY,DUPLICATE_OR_OLD,DUPLICATE_OR_OLD,136.932718517,136.932718517
137.050028617,8.729342169107815,162.226358475703,0.01529508792091832,0.0,0.0,False,0.0,0.0,-0.09282110907564017,MODEL_ONLY,DUPLICATE_OR_OLD,DUPLICATE_OR_OLD,136.932718517,136.932718517
137.10002861700002,8.683719112334478,162.66168500773915,0.0066991348478329495,0.0,0.0,False,0.0,0.6699134847832948,-0.12493968933144436,FUSED,ACCEPTED,ACCEPTED,137.032700236,137.032700236
137.150028617,8.64800173216246,163.09497802885141,0.011699134847831244,0.0,0.0,False,0.0,0.0,-0.12493968933144436,MODEL_ONLY,DUPLICATE_OR_OLD,DUPLICATE_OR_OLD,137.032700236,137.032700236
137.20002861700002,8.629457595776627,163.52691451205,0.006254560285569753,0.0,0.0,False,0.0,0.6254560285569751,-0.060712451585897026,FUSED,ACCEPTED,ACCEPTED,137.128673662,137.128673662
137.250028617,8.596950814457074,163.95757472230568,0.011254560285568049,0.0,0.0,False,0.0,0.0,-0.060712451585897026,MODEL_ONLY,DUPLICATE_OR_OLD,DUPLICATE_OR_OLD,137.128673662,137.128673662
137.300028617,8.562900210106559,164.38657099791988,0.006191137885673714,0.0,0.0,False,0.0,0.6191137885673714,-0.09175695787839155,FUSED,ACCEPTED,ACCEPTED,137.242669634,137.242669634
137.35002861700002,8.528840611951779,164.81386451847143,0.011191137885674851,0.0,0.0,False,0.0,0.0,-0.09175695787839155,MODEL_ONLY,DUPLICATE_OR_OLD,DUPLICATE_OR_OLD,137.242669634,137.242669634
137.400028617,8.490260037191346,165.23934203469986,0.006181914644697391,0.0,0.0,False,0.0,0.618191464469739,-0.10012717496898955,FUSED,ACCEPTED,ACCEPTED,137.334622117,137.334622117
137.45002861700002,8.452367120638394,165.6629077136457,0.005278991456750664,0.0,0.0,False,0.0,0.5278991456750662,-0.10580834707345749,FUSED,ACCEPTED,ACCEPTED,137.432590226,137.432590226
137.500028617,8.41760430542402,166.08465699929712,0.01027899145674896,0.0,0.0,False,0.0,0.0,-0.10580834707345749,MODEL_ONLY,DUPLICATE_OR_OLD,DUPLICATE_OR_OLD,137.432590226,137.432590226
137.550028617,8.382841323765652,166.50466814002695,0.015278991456750097,0.0,0.0,False,0.0,0.0,-0.10580834707345749,MODEL_ONLY,DUPLICATE_OR_OLD,DUPLICATE_OR_OLD,137.432590226,137.432590226
137.60002861700002,8.339141331467227,166.92271770640787,0.006697380091313999,0.0,0.0,False,0.0,0.6697380091313997,-0.12435287225999107,FUSED,ACCEPTED,ACCEPTED,137.528569206,137.528569206
137.650028617,8.316082593997281,167.33909830454434,0.005391148628122143,0.0,0.0,False,0.0,0.539114862812214,-0.07169131260385556,FUSED,ACCEPTED,ACCEPTED,137.632526817,137.632526817
137.70002861700002,8.283025074875894,167.75407599626627,0.01039114862812328,0.0,0.0,False,0.0,0.0,-0.07169131260385556,MODEL_ONLY,DUPLICATE_OR_OLD,DUPLICATE_OR_OLD,137.632526817,137.632526817
137.750028617,8.249967455727099,168.1674008095312,0.015391148628121576,0.0,0.0,False,0.0,0.0,-0.07169131260385556,MODEL_ONLY,DUPLICATE_OR_OLD,DUPLICATE_OR_OLD,137.632526817,137.632526817
137.800028617,8.216909748507502,168.57907273963716,0.02039114862812271,0.0,0.0,False,0.0,0.0,-0.07169131260385556,MODEL_ONLY,DUPLICATE_OR_OLD,DUPLICATE_OR_OLD,137.632526817,137.632526817
137.85002861700002,8.183851963744548,168.98909178244355,0.025391148628123847,0.0,0.0,False,0.0,0.0,-0.07169131260385556,MODEL_ONLY,DUPLICATE_OR_OLD,DUPLICATE_OR_OLD,137.632526817,137.632526817
137.900028617,8.145827985345976,169.39733378117066,0.007524210046099669,0.0,0.0,False,0.0,0.7524210046099666,-0.10117022496248906,FUSED,ACCEPTED,ACCEPTED,137.858470381,137.858470381
137.95002861700002,8.111296126577535,169.80376188396883,0.012524210046100806,0.0,0.0,False,0.0,0.0,-0.10117022496248906,MODEL_ONLY,DUPLICATE_OR_OLD,DUPLICATE_OR_OLD,137.858470381,137.858470381
138.000028617,8.084973781656918,170.20866863167458,0.0063668348761866615,0.0,0.0,False,0.0,0.636683487618666,-0.07188327034194865,FUSED,ACCEPTED,ACCEPTED,137.932454817,137.932454817
138.050028617,8.051906171090781,170.61209063049336,0.011366834876187799,0.0,0.0,False,0.0,0.0,-0.07188327034194865,MODEL_ONLY,DUPLICATE_OR_OLD,DUPLICATE_OR_OLD,137.932454817,137.932454817
138.10002861700002,8.02792565835861,171.01408642622965,0.006207356686171428,0.0,0.0,False,0.0,0.6207356686171427,-0.05739743754431686,FUSED,ACCEPTED,ACCEPTED,138.030433998,138.030433998
138.150028617,7.996864733151389,171.41470618601727,0.005284655156235736,0.0,0.0,False,0.0,0.5284655156235736,-0.06486157792272171,FUSED,ACCEPTED,ACCEPTED,138.134388472,138.134388472
138.20002861700002,7.96414809824164,171.81373150680218,0.010284655156236874,0.0,0.0,False,0.0,0.0,-0.06486157792272171,MODEL_ONLY,DUPLICATE_OR_OLD,DUPLICATE_OR_OLD,138.134388472,138.134388472
138.250028617,7.931431435326197,172.21112099514124,0.015284655156235168,0.0,0.0,False,0.0,0.0,-0.06486157792272171,MODEL_ONLY,DUPLICATE_OR_OLD,DUPLICATE_OR_OLD,138.134388472,138.134388472
138.300028617,7.896030234485933,172.60680753688663,0.006697997732379406,0.0,0.0,False,0.0,0.6697997732379406,-0.07388432285412667,FUSED,ACCEPTED,ACCEPTED,138.246369423,138.246369423
138.35002861700002,7.858325445095485,173.00066642887623,0.0053912798206828495,0.0,0.0,False,0.0,0.5391279820682848,-0.0860734014167322,FUSED,ACCEPTED,ACCEPTED,138.32833722,138.32833722
138.400028617,7.824548125521169,173.39273826814153,0.010391279820681144,0.0,0.0,False,0.0,0.0,-0.0860734014167322,MODEL_ONLY,DUPLICATE_OR_OLD,DUPLICATE_OR_OLD,138.32833722,138.32833722
138.45002861700002,7.7907707891163085,173.78312124100754,0.015391279820682282,0.0,0.0,False,0.0,0.0,-0.0860734014167322,MODEL_ONLY,DUPLICATE_OR_OLD,DUPLICATE_OR_OLD,138.32833722,138.32833722
138.500028617,7.743660958369763,174.17148203469458,0.006709582466087781,0.0,0.0,False,0.0,0.670958246608778,-0.11441944120465151,FUSED,ACCEPTED,ACCEPTED,138.434306989,138.434306989
138.550028617,7.70846629210942,174.5577852159566,0.011709582466088917,0.0,0.0,False,0.0,0.0,-0.11441944120465151,MODEL_ONLY,DUPLICATE_OR_OLD,DUPLICATE_OR_OLD,138.434306989,138.434306989
138.60002861700002,7.679511301600082,174.94248465579946,0.00625602533746239,0.0,0.0,False,0.0,0.625602533746239,-0.08104547738310092,FUSED,ACCEPTED,ACCEPTED,138.532279273,138.532279273
138.650028617,7.649749115449684,175.3257161662256,0.0052954515996099984,0.0,0.0,False,0.0,0.5295451599609999,-0.07903682143604747,FUSED,ACCEPTED,ACCEPTED,138.636253116,138.636253116
138.70002861700002,7.616323549669832,175.70736798285364,0.010295451599611136,0.0,0.0,False,0.0,0.0,-0.07903682143604747,MODEL_ONLY,DUPLICATE_OR_OLD,DUPLICATE_OR_OLD,138.636253116,138.636253116
138.750028617,7.582897976048949,176.08734852099647,0.01529545159960943,0.0,0.0,False,0.0,0.0,-0.07903682143604747,MODEL_ONLY,DUPLICATE_OR_OLD,DUPLICATE_OR_OLD,138.636253116,138.636253116
138.800028617,7.549472395524267,176.46565778028588,0.02029545159961057,0.0,0.0,False,0.0,0.0,-0.07903682143604747,MODEL_ONLY,DUPLICATE_OR_OLD,DUPLICATE_OR_OLD,138.636253116,138.636253116
138.85002861700002,7.516046808921039,176.8422957603971,0.025295451599611704,0.0,0.0,False,0.0,0.0,-0.07903682143604747,MODEL_ONLY,DUPLICATE_OR_OLD,DUPLICATE_OR_OLD,138.636253116,138.636253116
138.900028617,7.4730703923518655,177.2170236904288,0.007518330331829118,0.0,0.0,False,0.0,0.7518330331829117,-0.10548663914582196,FUSED,ACCEPTED,ACCEPTED,138.838190918,138.838190918
138.95002861700002,7.438322304798977,177.58980850785764,0.012518330331830255,0.0,0.0,False,0.0,0.0,-0.10548663914582196,MODEL_ONLY,DUPLICATE_OR_OLD,DUPLICATE_OR_OLD,138.838190918,138.838190918
139.000028617,7.409913628661403,177.96101440619404,0.006366058594611139,0.0,0.0,False,0.0,0.6366058594611137,-0.07885873170998453,FUSED,ACCEPTED,ACCEPTED,138.942173236,138.942173236
139.050028617,7.37649692867835,178.3306746701276,0.011366058594612276,0.0,0.0,False,0.0,0.0,-0.07885873170998453,MODEL_ONLY,DUPLICATE_OR_OLD,DUPLICATE_OR_OLD,138.942173236,138.942173236
139.10002861700002,7.353496246911191,178.6989244995174,0.00620724502142956,0.0,0.0,False,0.0,0.6207245021429557,-0.057587554785252494,FUSED,ACCEPTED,ACCEPTED,139.032141695,139.032141695
139.150028617,7.315459851025385,179.06564840196572,0.005284630328033663,0.0,0.0,False,0.0,0.5284630328033662,-0.09117208302722568,FUSED,ACCEPTED,ACCEPTED,139.134111721,139.134111721
139.20002861700002,7.281427474934846,179.43057058511482,0.0102846303280348,0.0,0.0,False,0.0,0.0,-0.09117208302722568,MODEL_ONLY,DUPLICATE_OR_OLD,DUPLICATE_OR_OLD,139.134111721,139.134111721
139.250028617,7.247411362508474,179.79379155605076,0.00604502819686749,0.0,0.0,False,0.0,0.604502819686749,-0.08100122231487877,FUSED,ACCEPTED,ACCEPTED,139.238090615,139.238090615
139.300028617,7.2138875253252905,180.1553240282467,0.011045028196868627,0.0,0.0,False,0.0,0.0,-0.08100122231487877,MODEL_ONLY,DUPLICATE_OR_OLD,DUPLICATE_OR_OLD,139.238090615,139.238090615
139.35002861700002,7.1803636864402325,180.5151803085409,0.016045028196869766,0.0,0.0,False,0.0,0.0,-0.08100122231487877,MODEL_ONLY,DUPLICATE_OR_OLD,DUPLICATE_OR_OLD,139.238090615,139.238090615
139.400028617,7.138992139021401,180.87316420417733,0.006778872308768322,0.0,0.0,False,0.0,0.677887230876832,-0.10247454543280907,FUSED,ACCEPTED,ACCEPTED,139.326053844,139.326053844
139.45002861700002,7.104394631162676,181.229248873432,0.011778872308769459,0.0,0.0,False,0.0,0.0,-0.10247454543280907,MODEL_ONLY,DUPLICATE_OR_OLD,DUPLICATE_OR_OLD,139.326053844,139.326053844
139.500028617,7.070731658837705,181.5836270306819,0.0062657128034753476,0.0,0.0,False,0.0,0.6265712803475347,-0.09020303253083774,FUSED,ACCEPTED,ACCEPTED,139.432037972,139.432037972
139.550028617,7.036747724439684,181.93631401526392,0.011265712803476484,0.0,0.0,False,0.0,0.0,-0.09020303253083774,MODEL_ONLY,DUPLICATE_OR_OLD,DUPLICATE_OR_OLD,139.432037972,139.432037972
139.60002861700002,7.004091846706954,182.28733500454265,0.006192755142485231,0.0,0.0,False,0.0,0.619275514248523,-0.08883499578404037,FUSED,ACCEPTED,ACCEPTED,139.530006239,139.530006239
139.650028617,6.974962539114871,182.63681136418808,0.005281406342512895,0.0,0.0,False,0.0,0.5281406342512894,-0.07411775187308961,FUSED,ACCEPTED,ACCEPTED,139.633969486,139.633969486
139.70002861700002,6.941782866358251,182.98472999932497,0.010281406342514033,0.0,0.0,False,0.0,0.0,-0.07411775187308961,MODEL_ONLY,DUPLICATE_OR_OLD,DUPLICATE_OR_OLD,139.633969486,139.633969486
139.750028617,6.908603192986998,183.33098965080848,0.015281406342512328,0.0,0.0,False,0.0,0.0,-0.07411775187308961,MODEL_ONLY,DUPLICATE_OR_OLD,DUPLICATE_OR_OLD,139.633969486,139.633969486
139.800028617,6.884889502192912,183.67582696818806,0.006697643469101191,0.0,0.0,False,0.0,0.6697643469101189,-0.057010527967791054,FUSED,ACCEPTED,ACCEPTED,139.753938523,139.753938523
139.85002861700002,6.852565188999234,184.01926333546794,0.011697643469102327,0.0,0.0,False,0.0,0.0,-0.057010527967791054,MODEL_ONLY,DUPLICATE_OR_OLD,DUPLICATE_OR_OLD,139.753938523,139.753938523
139.900028617,6.824136344980731,184.36118087381732,0.006254351058521767,0.0,0.0,False,0.0,0.6254351058521768,-0.052597486681689495,FUSED,ACCEPTED,ACCEPTED,139.837914064,139.837914064
139.95002861700002,6.791165072884214,184.70156340926403,0.011254351058522905,0.0,0.0,False,0.0,0.0,-0.052597486681689495,MODEL_ONLY,DUPLICATE_OR_OLD,DUPLICATE_OR_OLD,139.837914064,139.837914064
140.000028617,6.7699107310116355,185.0405903043613,0.006191107531963025,0.0,0.0,False,0.0,0.6191107531963023,-0.020351811447745713,FUSED,ACCEPTED,ACCEPTED,139.945895733,139.945895733
140.050028617,6.737879152463598,185.37828505144827,0.011191107531964162,0.0,0.0,False,0.0,0.0,-0.020351811447745713,MODEL_ONLY,DUPLICATE_OR_OLD,DUPLICATE_OR_OLD,139.945895733,139.945895733
140.10002861700002,6.702314752288841,185.71428989906715,0.006181910219796792,0.0,0.0,False,0.0,0.6181910219796791,-0.044958670041892135,FUSED,ACCEPTED,ACCEPTED,140.041864061,140.041864061
140.150028617,6.668531424775407,186.04856105349367,0.011181910219795088,0.0,0.0,False,0.0,0.0,-0.044958670041892135,MODEL_ONLY,DUPLICATE_OR_OLD,DUPLICATE_OR_OLD,140.041864061,140.041864061
140.20002861700002,6.64125564341452,186.38130573019848,0.006180568982152048,0.0,0.0,False,0.0,0.6180568982152047,-0.01811417097260844,FUSED,ACCEPTED,ACCEPTED,140.159826036,140.159826036
140.250028617,6.608410335963176,186.7125473796828,0.011180568982150342,0.0,0.0,False,0.0,0.0,-0.01811417097260844,MODEL_ONLY,DUPLICATE_OR_OLD,DUPLICATE_OR_OLD,140.159826036,140.159826036
140.300028617,6.569158842110113,187.0419866091347,0.006180373311665813,0.0,0.0,False,0.0,0.6180373311665812,-0.04523841561537442,FUSED,ACCEPTED,ACCEPTED,140.253800414,140.253800414
140.35002861700002,6.519690720765213,187.36920784820668,0.005278647900652619,0.0,0.0,False,0.0,0.5278647900652618,-0.0880658487651744,FUSED,ACCEPTED,ACCEPTED,140.329786397,140.329786397
140.400028617,6.482905303773463,187.69427274882005,0.010278647900650913,0.0,0.0,False,0.0,0.0,-0.0880658487651744,MODEL_ONLY,DUPLICATE_OR_OLD,DUPLICATE_OR_OLD,140.329786397,140.329786397
140.45002861700002,6.446006150303043,188.017495535172,0.01527864790065205,0.0,0.0,False,0.0,0.0,-0.0880658487651744,MODEL_ONLY,DUPLICATE_OR_OLD,DUPLICATE_OR_OLD,140.329786397,140.329786397
140.500028617,6.409006855692114,188.33887086032178,0.020278647900650346,0.0,0.0,False,0.0,0.0,-0.0880658487651744,MODEL_ONLY,DUPLICATE_OR_OLD,DUPLICATE_OR_OLD,140.329786397,140.329786397
140.550028617,6.371919390178165,188.6583940164686,0.025278647900651485,0.0,0.0,False,0.0,0.0,-0.0880658487651744,MODEL_ONLY,DUPLICATE_OR_OLD,DUPLICATE_OR_OLD,140.329786397,140.329786397
140.60002861700002,6.308893210631134,188.9754143314889,0.0075172950133120114,0.0,0.0,False,0.0,0.751729501331201,-0.11868850137209097,FUSED,ACCEPTED,ACCEPTED,140.557721652,140.557721652
140.650028617,6.264536105071439,189.28975006438137,0.005558969230500888,0.0,0.0,False,0.0,0.5558969230500888,-0.11899700743520393,FUSED,ACCEPTED,ACCEPTED,140.631696747,140.631696747
140.70002861700002,6.225695916603747,189.60200586492329,0.010558969230502025,0.0,0.0,False,0.0,0.0,-0.11899700743520393,MODEL_ONLY,DUPLICATE_OR_OLD,DUPLICATE_OR_OLD,140.631696747,140.631696747
140.750028617,6.186802740284679,189.9123183313454,0.015558969230500319,0.0,0.0,False,0.0,0.0,-0.11899700743520393,MODEL_ONLY,DUPLICATE_OR_OLD,DUPLICATE_OR_OLD,140.631696747,140.631696747
140.800028617,6.158268172864123,190.22094510417418,0.006727638316406687,0.0,0.0,False,0.0,0.6727638316406687,-0.08324504787125087,FUSED,ACCEPTED,ACCEPTED,140.753664573,140.753664573
140.85002861700002,6.120190916977528,190.5279065814203,0.005397566981567247,0.0,0.0,False,0.0,0.5397566981567247,-0.09858953662069422,FUSED,ACCEPTED,ACCEPTED,140.835641473,140.835641473
140.900028617,6.082194215712447,190.83296620973744,0.010397566981565541,0.0,0.0,False,0.0,0.0,-0.09858953662069422,MODEL_ONLY,DUPLICATE_OR_OLD,DUPLICATE_OR_OLD,140.835641473,140.835641473
140.95002861700002,6.044165670468208,191.13612520689202,0.015397566981566678,0.0,0.0,False,0.0,0.0,-0.09858953662069422,MODEL_ONLY,DUPLICATE_OR_OLD,DUPLICATE_OR_OLD,140.835641473,140.835641473
141.000028617,6.009466580145476,191.43746601315726,0.006710263026621624,0.0,0.0,False,0.0,0.6710263026621625,-0.08764962412514217,FUSED,ACCEPTED,ACCEPTED,140.945619584,140.945619584
141.050028617,5.972738614378296,191.73702114302043,0.00539388353437393,0.0,0.0,False,0.0,0.5393883534373929,-0.08895901884669792,FUSED,ACCEPTED,ACCEPTED,141.041590129,141.041590129
141.10002861700002,5.935117136052957,192.03471753678127,0.010393883534375068,0.0,0.0,False,0.0,0.0,-0.08895901884669792,MODEL_ONLY,DUPLICATE_OR_OLD,DUPLICATE_OR_OLD,141.041590129,141.041590129
141.150028617,5.8974765205295725,192.33053237819573,0.015393883534373362,0.0,0.0,False,0.0,0.0,-0.08895901884669792,MODEL_ONLY,DUPLICATE_OR_OLD,DUPLICATE_OR_OLD,141.041590129,141.041590129
141.20002861700002,5.891184679191245,192.6252489081888,0.006709864342050821,0.0,0.0,False,0.0,0.6709864342050819,-0.007089793909555511,FUSED,ACCEPTED,ACCEPTED,141.163569716,141.163569716
141.250028617,5.857605839698871,192.91896867116097,0.011709864342049115,0.0,0.0,False,0.0,0.0,-0.007089793909555511,MODEL_ONLY,DUPLICATE_OR_OLD,DUPLICATE_OR_OLD,141.163569716,141.163569716
141.300028617,5.798481082406454,193.21037084421366,0.0062560648485748185,0.0,0.0,False,0.0,0.6256064848574817,-0.1168305718353041,FUSED,ACCEPTED,ACCEPTED,141.239538454,141.239538454
141.35002861700002,5.743475827295118,193.49891976695625,0.005295460344500244,0.0,0.0,False,0.0,0.5295460344500243,-0.1316096216891632,FUSED,ACCEPTED,ACCEPTED,141.33551629,141.33551629
141.400028617,5.703636307272043,193.78509757032035,0.01029546034449854,0.0,0.0,False,0.0,0.0,-0.1316096216891632,MODEL_ONLY,DUPLICATE_OR_OLD,DUPLICATE_OR_OLD,141.33551629,141.33551629
141.45002861700002,5.66378787156051,194.06928317479122,0.015295460344499677,0.0,0.0,False,0.0,0.0,-0.1316096216891632,MODEL_ONLY,DUPLICATE_OR_OLD,DUPLICATE_OR_OLD,141.33551629,141.33551629
141.500028617,5.622185679888843,194.35143251357738,0.0066991754255300105,0.0,0.0,False,0.0,0.6699175425530008,-0.11025625641100972,FUSED,ACCEPTED,ACCEPTED,141.435490941,141.435490941
141.550028617,5.583390150849083,194.6315719093459,0.011699175425531148,0.0,0.0,False,0.0,0.0,-0.11025625641100972,MODEL_ONLY,DUPLICATE_OR_OLD,DUPLICATE_OR_OLD,141.435490941,141.435490941
141.60002861700002,5.556908677261307,194.9100793800487,0.006254565977930147,0.0,0.0,False,0.0,0.6254565977930145,-0.07537902466619517,FUSED,ACCEPTED,ACCEPTED,141.533461508,141.533461508
141.650028617,5.519845566313076,195.18699823613798,0.01125456597792844,0.0,0.0,False,0.0,0.0,-0.07537902466619517,MODEL_ONLY,DUPLICATE_OR_OLD,DUPLICATE_OR_OLD,141.533461508,141.533461508
