t,v,s,pvv,pvd,pdd,active,added,gain,d,mode,front_status,rear_status,front_t,rear_t
107.615782164,0.0,0.0,1.0,0.0,0.0,False,0.0,0.0,0.0,WAITING_FOR_INITIALIZATION,MISSING_OR_STALE,MISSING_OR_STALE,,
107.66578216399999,0.0,0.0,0.010000000000000002,0.0,0.0,False,0.0,0.0,0.0,INITIALIZED,ACCEPTED,ACCEPTED,107.604154646,107.604154646
107.71578216399999,0.0,0.0,0.014999999999999718,0.0,0.0,False,0.0,0.0,0.0,MODEL_ONLY,DUPLICATE_OR_OLD,DUPLICATE_OR_OLD,107.604154646,107.604154646
107.765782164,0.06754531904503247,0.0016886329761261957,0.006666666666666763,0.0,0.0,False,0.0,0.6666666666666761,0.0,FUSED,ACCEPTED,ACCEPTED,107.706112714,107.706112714
107.815782164,0.06669520013320741,0.005044645955582002,0.01166666666666648,0.0,0.0,False,0.0,0.0,0.0,MODEL_ONLY,DUPLICATE_OR_OLD,DUPLICATE_OR_OLD,107.706112714,107.706112714
107.865782164,0.11696079212101304,0.009636045761937254,0.006249999999999934,0.0,0.0,False,0.0,0.6249999999999933,0.0,FUSED,ACCEPTED,ACCEPTED,107.806076235,107.806076235
107.91578216399999,0.19126637575987038,0.0173417249589589,0.005294117647058747,0.0,0.0,False,0.0,0.5294117647058745,0.0,FUSED,ACCEPTED,ACCEPTED,107.914401594,107.914401594
107.96578216399999,0.18932464400183233,0.02685650045300093,0.010294117647058464,0.0,0.0,False,0.0,0.0,0.0,MODEL_ONLY,DUPLICATE_OR_OLD,DUPLICATE_OR_OLD,107.914401594,107.914401594
108.015782164,0.274001288801558,0.03843964877308832,0.006046511627907099,0.0,0.0,False,0.0,0.6046511627907099,0.0,FUSED,ACCEPTED,ACCEPTED,108.000033914,108.000033914
108.065782164,0.2699259785292493,0.05203783045635773,0.011046511627906815,0.0,0.0,False,0.0,0.0,0.0,MODEL_ONLY,DUPLICATE_OR_OLD,DUPLICATE_OR_OLD,108.000033914,108.000033914
108.115782164,0.3660095279309318,0.06793621811786135,0.006160714285714221,0.0,0.0,False,0.0,0.6160714285714219,0.0,FUSED,ACCEPTED,ACCEPTED,108.104002122,108.104002122
108.16578216399999,0.35703450242139473,0.08601231887666849,0.011160714285713937,0.0,0.0,False,0.0,0.0,0.0,MODEL_ONLY,DUPLICATE_OR_OLD,DUPLICATE_OR_OLD,108.104002122,108.104002122
108.21578216399999,0.3458104787298174,0.1035834434054478,0.016160714285713654,0.0,0.0,False,0.0,0.0,0.0,MODEL_ONLY,DUPLICATE_OR_OLD,DUPLICATE_OR_OLD,108.104002122,108.104002122
108.265782164,0.46984188338622024,0.12397475245835338,0.006790830945558792,0.0,0.0,False,0.0,0.679083094555879,0.2676979782097046,FUSED,ACCEPTED,ACCEPTED,108.205969804,108.205969804
108.315782164,0.5790778890882168,0.1501977467702128,0.0054109138724522865,0.0,0.0,False,0.0,0.5410913872452284,0.5046337211123983,FUSED,ACCEPTED,ACCEPTED,108.307940308,108.307940308
108.365782164,0.584758717904278,0.17929366194502352,0.010410913872452004,0.0,0.0,False,0.0,0.0,0.5046337211123983,MODEL_ONLY,DUPLICATE_OR_OLD,DUPLICATE_OR_OLD,108.307940308,108.307940308
108.41578216399999,0.7006088700598798,0.21142785164412564,0.006064683053040009,0.0,0.0,False,0.0,0.6064683053040008,0.6,FUSED,ACCEPTED,ACCEPTED,108.40990025,108.40990025
108.46578216399999,0.7052220195799636,0.24657362388511975,0.011064683053039726,0.0,0.0,False,0.0,0.0,0.6,MODEL_ONLY,DUPLICATE_OR_OLD,DUPLICATE_OR_OLD,108.40990025,108.40990025
108.515782164,0.7074241179682131,0.2818897773238322,0.016064683053040863,0.0,0.0,False,0.0,0.0,0.6,MODEL_ONLY,DUPLICATE_OR_OLD,DUPLICATE_OR_OLD,108.40990025,108.40990025
108.565782164,0.8321178076901885,0.32037832546529005,0.006780910340232425,0.0,0.0,False,0.0,0.6780910340232422,0.6,FUSED,ACCEPTED,ACCEPTED,108.495883216,108.495883216
108.615782164,0.8297360116894745,0.36192467094977926,0.011780910340232141,0.0,0.0,False,0.0,0.0,0.6,MODEL_ONLY,DUPLICATE_OR_OLD,DUPLICATE_OR_OLD,108.495883216,108.495883216
108.66578216399999,0.9395760992367558,0.40615747372293254,0.006265996983314862,0.0,0.0,False,0.0,0.626599698331486,0.6,FUSED,ACCEPTED,ACCEPTED,108.607850518,108.607850518
108.71578216399999,0.933080954770317,0.4529739000731067,0.01126599698331458,0.0,0.0,False,0.0,0.0,0.6,MODEL_ONLY,DUPLICATE_OR_OLD,DUPLICATE_OR_OLD,108.607850518,108.607850518
108.765782164,1.0376759522437566,0.5022428227484698,0.006192796334229367,0.0,0.0,False,0.0,0.6192796334229367,0.6,FUSED,ACCEPTED,ACCEPTED,108.703821635,108.703821635
108.815782164,1.1296295209043332,0.5564254595771689,0.005281415513889162,0.0,0.0,False,0.0,0.528141551388916,0.6,FUSED,ACCEPTED,ACCEPTED,108.795799486,108.795799486
108.865782164,1.1178806049795418,0.6126132127242626,0.010281415513888878,0.0,0.0,False,0.0,0.0,0.6,MODEL_ONLY,DUPLICATE_OR_OLD,DUPLICATE_OR_OLD,108.795799486,108.795799486
108.91578216399999,1.2387969967333108,0.6715301527670806,0.006044525278061904,0.0,0.0,False,0.0,0.6044525278061901,0.6,FUSED,ACCEPTED,ACCEPTED,108.899779865,108.899779865
108.96578216399999,1.2240008913276685,0.7331000999686016,0.01104452527806162,0.0,0.0,False,0.0,0.0,0.6,MODEL_ONLY,DUPLICATE_OR_OLD,DUPLICATE_OR_OLD,108.899779865,108.899779865
109.015782164,1.3421559925783455,0.7972540220662666,0.006160421473136631,0.0,0.0,False,0.0,0.616042147313663,0.6,FUSED,ACCEPTED,ACCEPTED,108.997739448,108.997739448
109.065782164,1.3249975326089471,0.8639328601959452,0.011160421473136346,0.0,0.0,False,0.0,0.0,0.6,MODEL_ONLY,DUPLICATE_OR_OLD,DUPLICATE_OR_OLD,108.997739448,108.997739448
109.115782164,1.3068651849259134,0.9297294281343129,0.016160421473136063,0.0,0.0,False,0.0,0.0,0.6,MODEL_ONLY,DUPLICATE_OR_OLD,DUPLICATE_OR_OLD,108.997739448,108.997739448
109.16578216399999,1.4393133117766923,0.9983838905518743,0.006790800789193028,0.0,0.0,False,0.0,0.6790800789193026,0.6,FUSED,ACCEPTED,ACCEPTED,109.103719924,109.103719924
109.21578216399999,1.4190803261438587,1.0698437314998839,0.011790800789192745,0.0,0.0,False,0.0,0.0,0.6,MODEL_ONLY,DUPLICATE_OR_OLD,DUPLICATE_OR_OLD,109.103719924,109.103719924
109.265782164,1.5318077183288954,1.1436159326117197,0.006267375477617856,0.0,0.0,False,0.0,0.6267375477617855,0.6,FUSED,ACCEPTED,ACCEPTED,109.205681184,109.205681184
109.315782164,1.5099462571721098,1.2196597819992405,0.011267375477617574,0.0,0.0,False,0.0,0.0,0.6,MODEL_ONLY,DUPLICATE_OR_OLD,DUPLICATE_OR_OLD,109.205681184,109.205681184
109.365782164,1.6415815529708755,1.2984479772528106,0.006192996133732087,0.0,0.0,False,0.0,0.6192996133732087,0.6,FUSED,ACCEPTED,ACCEPTED,109.333645414,109.333645414
109.41578216399999,1.6184576584312031,1.3799489575378578,0.011192996133731804,0.0,0.0,False,0.0,0.0,0.6,MODEL_ONLY,DUPLICATE_OR_OLD,DUPLICATE_OR_OLD,109.333645414,109.333645414
109.46578216399999,1.7285892692721871,1.463625130730438,0.006182185516714551,0.0,0.0,False,0.0,0.6182185516714549,0.6,FUSED,ACCEPTED,ACCEPTED,109.411628575,109.411628575
109.515782164,1.704486708039205,1.5494520301632422,0.011182185516715688,0.0,0.0,False,0.0,0.0,0.6,MODEL_ONLY,DUPLICATE_OR_OLD,DUPLICATE_OR_OLD,109.411628575,109.411628575
109.565782164,1.8106113442033225,1.6373294814693005,0.0061806091421910785,0.0,0.0,False,0.0,0.6180609142191077,0.6,FUSED,ACCEPTED,ACCEPTED,109.501608607,109.501608607
109.615782164,1.7857500993742161,1.7272385175587337,0.011180609142190795,0.0,0.0,False,0.0,0.0,0.6,MODEL_ONLY,DUPLICATE_OR_OLD,DUPLICATE_OR_OLD,109.501608607,109.501608607
109.66578216399999,1.8707327891701888,1.8186505897723386,0.006180379170825012,0.0,0.0,False,0.0,0.6180379170825012,0.6,FUSED,ACCEPTED,ACCEPTED,109.611568495,109.611568495
109.71578216399999,1.845032929397753,1.911544732736532,0.011180379170824728,0.0,0.0,False,0.0,0.0,0.6,MODEL_ONLY,DUPLICATE_OR_OLD,DUPLICATE_OR_OLD,109.611568495,109.611568495
109.765782164,1.968337057118192,2.0068789823994524,0.006180345618850506,0.0,0.0,False,0.0,0.6180345618850505,0.6,FUSED,ACCEPTED,ACCEPTED,109.707543669,109.707543669
109.815782164,1.9424971507947195,2.1046498375972695,0.011180345618850222,0.0,0.0,False,0.0,0.0,0.6,MODEL_ONLY,DUPLICATE_OR_OLD,DUPLICATE_OR_OLD,109.707543669,109.707543669
109.865782164,2.062969294539966,2.204786498730631,0.006180340723691606,0.0,0.0,False,0.0,0.6180340723691605,0.6,FUSED,ACCEPTED,ACCEPTED,109.829520961,109.829520961
109.91578216399999,2.0375192306417467,2.307298711860168,0.011180340723691323,0.0,0.0,False,0.0,0.0,0.6,MODEL_ONLY,DUPLICATE_OR_OLD,DUPLICATE_OR_OLD,109.829520961,109.829520961
109.96578216399999,2.146058763027606,2.4118881617018957,0.006180340009497728,0.0,0.0,False,0.0,0.6180340009497726,0.6,FUSED,ACCEPTED,ACCEPTED,109.90748724,109.90748724
110.015782164,2.1214299469142044,2.5185753794504655,0.011180340009498864,0.0,0.0,False,0.0,0.0,0.6,MODEL_ONLY,DUPLICATE_OR_OLD,DUPLICATE_OR_OLD,109.90748724,109.90748724
110.065782164,2.205794302032484,2.6267559856741265,0.006180339905298455,0.0,0.0,False,0.0,0.6180339905298455,0.6,FUSED,ACCEPTED,ACCEPTED,110.005464008,110.005464008
110.115782164,2.1823446851958574,2.736459460354829,0.01118033990529817,0.0,0.0,False,0.0,0.0,0.6,MODEL_ONLY,DUPLICATE_OR_OLD,DUPLICATE_OR_OLD,110.005464008,110.005464008
110.16578216399999,2.2858625963638777,2.848164642393816,0.006180339890095779,0.0,0.0,False,0.0,0.6180339890095778,0.6,FUSED,ACCEPTED,ACCEPTED,110.101429696,110.101429696
110.21578216399999,2.3659354323848496,2.9644595931125277,0.0052786404505830095,0.0,0.0,False,0.0,0.5278640450583008,0.6,FUSED,ACCEPTED,ACCEPTED,110.203404077,110.203404077
110.265782164,2.3447266296738403,3.082226144664022,0.010278640450584147,0.0,0.0,False,0.0,0.0,0.6,MODEL_ONLY,DUPLICATE_OR_OLD,DUPLICATE_OR_OLD,110.203404077,110.203404077
110.315782164,2.4545007138197654,3.2022068282513554,0.006044091050090858,0.0,0.0,False,0.0,0.6044091050090856,0.6,FUSED,ACCEPTED,ACCEPTED,110.315383352,110.315383352
110.365782164,2.4345451990852554,3.324432976073974,0.011044091050090575,0.0,0.0,False,0.0,0.0,0.6,MODEL_ONLY,DUPLICATE_OR_OLD,DUPLICATE_OR_OLD,110.315383352,110.315383352
110.41578216399999,2.4151063514663615,3.445674264837758,0.01604409105009029,0.0,0.0,False,0.0,0.0,0.6,MODEL_ONLY,DUPLICATE_OR_OLD,DUPLICATE_OR_OLD,110.315383352,110.315383352
110.46578216399999,2.525225105014114,3.5691825512497624,0.006778775070635864,0.0,0.0,False,0.0,0.6778775070635863,0.6,FUSED,ACCEPTED,ACCEPTED,110.425347222,110.425347222
110.515782164,2.5066416965779204,3.694979221289592,0.011778775070637001,0.0,0.0,False,0.0,0.0,0.6,MODEL_ONLY,DUPLICATE_OR_OLD,DUPLICATE_OR_OLD,110.425347222,110.425347222
110.565782164,2.591590370909699,3.822435022976775,0.006265699243665133,0.0,0.0,False,0.0,0.6265699243665132,0.6,FUSED,ACCEPTED,ACCEPTED,110.501335535,110.501335535
110.615782164,2.651789042149105,3.9535195083032377,0.005297591729564667,0.0,0.0,False,0.0,0.5297591729564666,0.6,FUSED,ACCEPTED,ACCEPTED,110.603301253,110.603301253
110.66578216399999,2.634759847600803,4.085683230546978,0.010297591729564383,0.0,0.0,False,0.0,0.0,0.6,MODEL_ONLY,DUPLICATE_OR_OLD,DUPLICATE_OR_OLD,110.603301253,110.603301253
110.71578216399999,2.711044004516078,4.219328326849893,0.0060470545548754855,0.0,0.0,False,0.0,0.6047054554875485,0.6,FUSED,ACCEPTED,ACCEPTED,110.707277617,110.707277617
110.765782164,2.694946284215008,4.354478084068201,0.011047054554876623,0.0,0.0,False,0.0,0.0,0.6,MODEL_ONLY,DUPLICATE_OR_OLD,DUPLICATE_OR_OLD,110.707277617,110.707277617
110.815782164,2.6792325635386565,4.488832555262035,0.016047054554876337,0.0,0.0,False,0.0,0.0,0.6,MODEL_ONLY,DUPLICATE_OR_OLD,DUPLICATE_OR_OLD,110.707277617,110.707277617
110.865782164,2.755613132231595,4.624703697656283,0.006779082543136299,0.0,0.0,False,0.0,0.6779082543136297,0.6,FUSED,ACCEPTED,ACCEPTED,110.807237088,110.807237088
110.91578216399999,2.800715992338801,4.763611925770535,0.005408438358138442,0.0,0.0,False,0.0,0.5408438358138441,0.6,FUSED,ACCEPTED,ACCEPTED,110.911208289,110.911208289
110.96578216399999,2.785900156199257,4.903277329483979,0.010408438358138159,0.0,0.0,False,0.0,0.0,0.6,MODEL_ONLY,DUPLICATE_OR_OLD,DUPLICATE_OR_OLD,110.911208289,110.911208289
111.015782164,2.7713150913726703,5.042207710673309,0.015408438358139296,0.0,0.0,False,0.0,0.0,0.6,MODEL_ONLY,DUPLICATE_OR_OLD,DUPLICATE_OR_OLD,110.911208289,110.911208289
111.065782164,2.8349712822457676,5.182364870013761,0.0067114391465211715,0.0,0.0,False,0.0,0.671143914652117,0.6,FUSED,ACCEPTED,ACCEPTED,111.017183591,111.017183591
111.115782164,2.830209618486077,5.323994392532049,0.005394133050087363,0.0,0.0,False,0.0,0.5394133050087362,0.561579589751994,FUSED,ACCEPTED,ACCEPTED,111.103157456,111.103157456
111.16578216399999,2.814243132615726,5.465105711309586,0.01039413305008708,0.0,0.0,False,0.0,0.0,0.561579589751994,MODEL_ONLY,DUPLICATE_OR_OLD,DUPLICATE_OR_OLD,111.103157456,111.103157456
111.21578216399999,2.822690938160176,5.606029063078976,0.006062082536829972,0.0,0.0,False,0.0,0.6062082536829969,0.6,FUSED,ACCEPTED,ACCEPTED,111.207128267,111.207128267
111.265782164,2.8089062672882767,5.74681899321522,0.011062082536831108,0.0,0.0,False,0.0,0.0,0.6,MODEL_ONLY,DUPLICATE_OR_OLD,DUPLICATE_OR_OLD,111.207128267,111.207128267
111.315782164,2.795229108765833,5.886922377616564,0.016062082536830825,0.0,0.0,False,0.0,0.0,0.6,MODEL_ONLY,DUPLICATE_OR_OLD,DUPLICATE_OR_OLD,111.207128267,111.207128267
111.365782164,2.8072708302045397,6.026984876090816,0.006780640838184972,0.0,0.0,False,0.0,0.6780640838184971,0.6,FUSED,ACCEPTED,ACCEPTED,111.315110288,111.315110288
111.41578216399999,2.8160054771052003,6.16756678377355,0.005408766861226362,0.0,0.0,False,0.0,0.540876686122636,0.6,FUSED,ACCEPTED,ACCEPTED,111.407077914,111.407077914
111.46578216399999,2.8025797086099287,6.30803141341642,0.010408766861226078,0.0,0.0,False,0.0,0.0,0.6,MODEL_ONLY,DUPLICATE_OR_OLD,DUPLICATE_OR_OLD,111.407077914,111.407077914
111.515782164,2.789218551547704,6.447826369920393,0.015408766861227215,0.0,0.0,False,0.0,0.0,0.6,MODEL_ONLY,DUPLICATE_OR_OLD,DUPLICATE_OR_OLD,111.407077914,111.407077914
111.565782164,2.783654282276826,6.587148190765998,0.00671147467253905,0.0,0.0,False,0.0,0.6711474672539048,0.5862019232552534,FUSED,ACCEPTED,ACCEPTED,111.499049093,111.499049093
111.615782164,2.769710197706666,6.725982302765577,0.011711474672538767,0.0,0.0,False,0.0,0.0,0.5862019232552534,MODEL_ONLY,DUPLICATE_OR_OLD,DUPLICATE_OR_OLD,111.499049093,111.499049093
111.66578216399999,2.7841965208033086,6.864829970728319,0.0062562905558034235,0.0,0.0,False,0.0,0.6256290555803422,0.6,FUSED,ACCEPTED,ACCEPTED,111.601026848,111.601026848
111.71578216399999,2.778738660276836,7.003903350255315,0.005295510299058309,0.0,0.0,False,0.0,0.5295510299058309,0.5939371709646497,FUSED,ACCEPTED,ACCEPTED,111.706999032,111.706999032
111.765782164,2.765298456342691,7.1425042781708346,0.010295510299059446,0.0,0.0,False,0.0,0.0,0.5939371709646497,MODEL_ONLY,DUPLICATE_OR_OLD,DUPLICATE_OR_OLD,111.706999032,111.706999032
111.815782164,2.7728640456380274,7.280958340720344,0.006046729288409755,0.0,0.0,False,0.0,0.6046729288409753,0.6,FUSED,ACCEPTED,ACCEPTED,111.813389887,111.813389887
111.865782164,2.7597835877220707,7.419274531554339,0.011046729288409472,0.0,0.0,False,0.0,0.0,0.6,MODEL_ONLY,DUPLICATE_OR_OLD,DUPLICATE_OR_OLD,111.813389887,111.813389887
111.91578216399999,2.7467264650001115,7.5569372828723855,0.016046729288409188,0.0,0.0,False,0.0,0.0,0.6,MODEL_ONLY,DUPLICATE_OR_OLD,DUPLICATE_OR_OLD,111.813389887,111.813389887
111.96578216399999,2.741869798386534,7.694152189457045,0.006779048798633539,0.0,0.0,False,0.0,0.6779048798633537,0.5968515149808826,FUSED,ACCEPTED,ACCEPTED,111.908950997,111.908950997
112.015782164,2.7407191213519617,7.831216912450538,0.005408431243963742,0.0,0.0,False,0.0,0.540843124396374,0.6,FUSED,ACCEPTED,ACCEPTED,111.996908993,111.996908993
112.065782164,2.727716561990243,7.967927804534085,0.010408431243963458,0.0,0.0,False,0.0,0.0,0.6,MODEL_ONLY,DUPLICATE_OR_OLD,DUPLICATE_OR_OLD,111.996908993,111.996908993
112.115782164,2.71472802632285,8.103988919241905,0.015408431243963175,0.0,0.0,False,0.0,0.0,0.6,MODEL_ONLY,DUPLICATE_OR_OLD,DUPLICATE_OR_OLD,111.996908993,111.996908993
112.16578216399999,2.7142676294728325,8.23971381063679,0.00671143837714899,0.0,0.0,False,0.0,0.6711438377148988,0.6,FUSED,ACCEPTED,ACCEPTED,112.100895708,112.100895708
112.21578216399999,2.7013023126580715,8.375103059190055,0.011711438377148706,0.0,0.0,False,0.0,0.0,0.6,MODEL_ONLY,DUPLICATE_OR_OLD,DUPLICATE_OR_OLD,112.100895708,112.100895708
112.265782164,2.7029998178925214,8.51021061245385,0.006256285468866984,0.0,0.0,False,0.0,0.6256285468866982,0.6,FUSED,ACCEPTED,ACCEPTED,112.200859789,112.200859789
112.315782164,2.6900525008191605,8.645036920421633,0.0112562854688667,0.0,0.0,False,0.0,0.0,0.6,MODEL_ONLY,DUPLICATE_OR_OLD,DUPLICATE_OR_OLD,112.200859789,112.200859789
112.365782164,2.687465046757425,8.77947485911104,0.006191388148998619,0.0,0.0,False,0.0,0.6191388148998618,0.6,FUSED,ACCEPTED,ACCEPTED,112.308832069,112.308832069
112.41578216399999,2.683898035642353,8.913758936171028,0.005281101960056036,0.0,0.0,False,0.0,0.5281101960056035,0.6,FUSED,ACCEPTED,ACCEPTED,112.406800215,112.406800215
112.46578216399999,2.670970424780992,9.047630647681604,0.010281101960055753,0.0,0.0,False,0.0,0.0,0.6,MODEL_ONLY,DUPLICATE_OR_OLD,DUPLICATE_OR_OLD,112.406800215,112.406800215
112.515782164,2.678196817223632,9.18135982873175,0.006044476219509897,0.0,0.0,False,0.0,0.6044476219509896,0.6,FUSED,ACCEPTED,ACCEPTED,112.500778528,112.500778528
112.565782164,2.665278730595953,9.314946717427233,0.011044476219509613,0.0,0.0,False,0.0,0.0,0.6,MODEL_ONLY,DUPLICATE_OR_OLD,DUPLICATE_OR_OLD,112.500778528,112.500778528
112.615782164,2.66278670438811,9.448148353301827,0.00616041424073285,0.0,0.0,False,0.0,0.6160414240732848,0.6,FUSED,ACCEPTED,ACCEPTED,112.610746166,112.610746166
112.66578216399999,2.6498760011460867,9.580964920940174,0.011160414240732566,0.0,0.0,False,0.0,0.0,0.6,MODEL_ONLY,DUPLICATE_OR_OLD,DUPLICATE_OR_OLD,112.610746166,112.610746166
112.71578216399999,2.6527793473736057,9.71353130465316,0.006177430560549075,0.0,0.0,False,0.0,0.6177430560549075,0.6,FUSED,ACCEPTED,ACCEPTED,112.702721342,112.702721342
112.765782164,2.6398743678869554,9.845847647534702,0.011177430560550213,0.0,0.0,False,0.0,0.0,0.6,MODEL_ONLY,DUPLICATE_OR_OLD,DUPLICATE_OR_OLD,112.702721342,112.702721342
112.815782164,2.643793930212697,9.977939354987186,0.006179915375243032,0.0,0.0,False,0.0,0.617991537524303,0.6,FUSED,ACCEPTED,ACCEPTED,112.798747344,112.798747344
112.865782164,2.6308933879012355,10.109806537940027,0.011179915375242749,0.0,0.0,False,0.0,0.0,0.6,MODEL_ONLY,DUPLICATE_OR_OLD,DUPLICATE_OR_OLD,112.798747344,112.798747344
112.91578216399999,2.6318438205738732,10.241374968151897,0.006180277950991129,0.0,0.0,False,0.0,0.6180277950991129,0.6,FUSED,ACCEPTED,ACCEPTED,112.904677101,112.904677101
112.96578216399999,2.6189467180536585,10.372644731617578,0.011180277950990846,0.0,0.0,False,0.0,0.0,0.6,MODEL_ONLY,DUPLICATE_OR_OLD,DUPLICATE_OR_OLD,112.904677101,112.904677101
113.015782164,2.626315326674177,10.503776282735805,0.006180330851062987,0.0,0.0,False,0.0,0.6180330851062987,0.6,FUSED,ACCEPTED,ACCEPTED,112.99863398,112.99863398
113.065782164,2.6134208907522654,10.634769688171458,0.011180330851062703,0.0,0.0,False,0.0,0.0,0.6,MODEL_ONLY,DUPLICATE_OR_OLD,DUPLICATE_OR_OLD,112.99863398,112.99863398
113.115782164,2.6269233449737186,10.765778294064601,0.006180338569100174,0.0,0.0,False,0.0,0.6180338569100171,0.6,FUSED,ACCEPTED,ACCEPTED,113.102624872,113.102624872
113.16578216399999,2.6140309762547234,10.896802152095304,0.01118033856909989,0.0,0.0,False,0.0,0.0,0.6,MODEL_ONLY,DUPLICATE_OR_OLD,DUPLICATE_OR_OLD,113.102624872,113.102624872
113.21578216399999,2.6233415712741137,11.027736465783518,0.006180339695147068,0.0,0.0,False,0.0,0.6180339695147066,0.6,FUSED,ACCEPTED,ACCEPTED,113.204582757,113.204582757
113.265782164,2.610450805094162,11.158581275192754,0.011180339695148206,0.0,0.0,False,0.0,0.0,0.6,MODEL_ONLY,DUPLICATE_OR_OLD,DUPLICATE_OR_OLD,113.204582757,113.204582757
113.315782164,2.6136331695521493,11.289183374558904,0.006180339859435312,0.0,0.0,False,0.0,0.6180339859435311,0.6,FUSED,ACCEPTED,ACCEPTED,113.306546297,113.306546297
113.365782164,2.6007436456940787,11.419542794940051,0.011180339859435028,0.0,0.0,False,0.0,0.0,0.6,MODEL_ONLY,DUPLICATE_OR_OLD,DUPLICATE_OR_OLD,113.306546297,113.306546297
113.41578216399999,2.609526785089153,11.549799555709626,0.006180339883404436,0.0,0.0,False,0.0,0.6180339883404435,0.6,FUSED,ACCEPTED,ACCEPTED,113.406521337,113.406521337
113.46578216399999,2.596638224305055,11.679953680944472,0.011180339883404153,0.0,0.0,False,0.0,0.0,0.6,MODEL_ONLY,DUPLICATE_OR_OLD,DUPLICATE_OR_OLD,113.406521337,113.406521337
113.515782164,2.6019601336113496,11.80991863989241,0.006180339886901693,0.0,0.0,False,0.0,0.6180339886901691,0.6,FUSED,ACCEPTED,ACCEPTED,113.502489807,113.502489807
113.565782164,2.589072319422394,11.939694451218246,0.01118033988690141,0.0,0.0,False,0.0,0.0,0.6,MODEL_ONLY,DUPLICATE_OR_OLD,DUPLICATE_OR_OLD,113.502489807,113.502489807
113.615782164,2.571114342886102,12.068699117775953,0.006180339887411727,0.0,0.0,False,0.0,0.6180339887411727,0.5649970984918442,FUSED,ACCEPTED,ACCEPTED,113.610464189,113.610464189
113.66578216399999,2.5564769623979764,12.196888900408048,0.011180339887411444,0.0,0.0,False,0.0,0.0,0.5649970984918442,MODEL_ONLY,DUPLICATE_OR_OLD,DUPLICATE_OR_OLD,113.610464189,113.610464189
113.71578216399999,2.541839820509978,12.32434681998074,0.01618033988741116,0.0,0.0,False,0.0,0.0,0.5649970984918442,MODEL_ONLY,DUPLICATE_OR_OLD,DUPLICATE_OR_OLD,113.610464189,113.610464189
113.765782164,2.55206518430369,12.45169444510111,0.006792850868172523,0.0,0.0,False,0.0,0.6792850868172523,0.6,FUSED,ACCEPTED,ACCEPTED,113.710458404,113.710458404
113.815782164,2.5391785825382955,12.578975539272152,0.01179285086817224,0.0,0.0,False,0.0,0.0,0.6,MODEL_ONLY,DUPLICATE_OR_OLD,DUPLICATE_OR_OLD,113.710458404,113.710458404
113.865782164,2.5262921436308474,12.705612307426373,0.016792850868171956,0.0,0.0,False,0.0,0.0,0.6,MODEL_ONLY,DUPLICATE_OR_OLD,DUPLICATE_OR_OLD,113.710458404,113.710458404
113.91578216399999,2.551492058248556,12.83255691247335,0.006854638786101703,0.0,0.0,False,0.0,0.6854638786101701,0.6,FUSED,ACCEPTED,ACCEPTED,113.91456154,113.91456154
113.96578216399999,2.5386058889829375,12.95980936115413,0.01185463878610142,0.0,0.0,False,0.0,0.0,0.6,MODEL_ONLY,DUPLICATE_OR_OLD,DUPLICATE_OR_OLD,113.91456154,113.91456154
114.015782164,2.5257198308769864,13.086417504150658,0.016854638786102556,0.0,0.0,False,0.0,0.0,0.6,MODEL_ONLY,DUPLICATE_OR_OLD,DUPLICATE_OR_OLD,113.91456154,113.91456154
114.065782164,2.5363584365776517,13.212969460837016,0.00686073979141686,0.0,0.0,False,0.0,0.686073979141686,0.6,FUSED,ACCEPTED,ACCEPTED,114.000359056,114.000359056
114.115782164,2.5234725625173526,13.339465235814384,0.011860739791416577,0.0,0.0,False,0.0,0.0,0.6,MODEL_ONLY,DUPLICATE_OR_OLD,DUPLICATE_OR_OLD,114.000359056,114.000359056
114.16578216399999,2.528299866757774,13.465759546546254,0.006277094347492383,0.0,0.0,False,0.0,0.6277094347492382,0.6,FUSED,ACCEPTED,ACCEPTED,114.104330939,114.104330939
114.21578216399999,2.515414135373525,13.59185239659953,0.011277094347492099,0.0,0.0,False,0.0,0.0,0.6,MODEL_ONLY,DUPLICATE_OR_OLD,DUPLICATE_OR_OLD,114.104330939,114.104330939
114.265782164,2.5079306229160134,13.717436015556796,0.006194404195624479,0.0,0.0,False,0.0,0.6194404195624477,0.5968020253199974,FUSED,ACCEPTED,ACCEPTED,114.216306105,114.216306105
114.315782164,2.5073672548706605,13.842818462501457,0.005281773477706629,0.0,0.0,False,0.0,0.5281773477706627,0.6,FUSED,ACCEPTED,ACCEPTED,114.310264482,114.310264482
114.365782164,2.494481679688967,13.96786468586544,0.010281773477706344,0.0,0.0,False,0.0,0.0,0.6,MODEL_ONLY,DUPLICATE_OR_OLD,DUPLICATE_OR_OLD,114.310264482,114.310264482
114.41578216399999,2.5017101889687448,14.092769482581875,0.00604458128350126,0.0,0.0,False,0.0,0.604458128350126,0.6,FUSED,ACCEPTED,ACCEPTED,114.406256367,114.406256367
114.46578216399999,2.4888246892815373,14.217532854538126,0.011044581283500977,0.0,0.0,False,0.0,0.0,0.6,MODEL_ONLY,DUPLICATE_OR_OLD,DUPLICATE_OR_OLD,114.406256367,114.406256367
114.515782164,2.4759392207168984,14.341651952288116,0.016044581283502113,0.0,0.0,False,0.0,0.0,0.6,MODEL_ONLY,DUPLICATE_OR_OLD,DUPLICATE_OR_OLD,114.406256367,114.406256367
114.565782164,2.4881430104233333,14.465754008066614,0.006778825937873304,0.0,0.0,False,0.0,0.6778825937873303,0.6,FUSED,ACCEPTED,ACCEPTED,114.496224147,114.496224147
114.615782164,2.4945061196740395,14.590320236319041,0.005408384258854761,0.0,0.0,False,0.0,0.5408384258854759,0.6,FUSED,ACCEPTED,ACCEPTED,114.606180043,114.606180043
114.66578216399999,2.4816207238815133,14.714723407407924,0.010408384258854477,0.0,0.0,False,0.0,0.0,0.6,MODEL_ONLY,DUPLICATE_OR_OLD,DUPLICATE_OR_OLD,114.606180043,114.606180043
114.71578216399999,2.486672177267833,14.83893072993665,0.006064291259876061,0.0,0.0,False,0.0,0.6064291259876058,0.6,FUSED,ACCEPTED,ACCEPTED,114.704163067,114.704163067
114.765782164,2.4737868166469053,14.962942204784547,0.011064291259877198,0.0,0.0,False,0.0,0.0,0.6,MODEL_ONLY,DUPLICATE_OR_OLD,DUPLICATE_OR_OLD,114.704163067,114.704163067
114.815782164,2.460901470525476,15.086309411963848,0.016064291259876913,0.0,0.0,False,0.0,0.0,0.6,MODEL_ONLY,DUPLICATE_OR_OLD,DUPLICATE_OR_OLD,114.704163067,114.704163067
114.865782164,2.4599238208544776,15.209330044248341,0.00678086974000394,0.0,0.0,False,0.0,0.6780869740003939,0.6,FUSED,ACCEPTED,ACCEPTED,114.802145305,114.802145305
114.91578216399999,2.452711960082085,15.332145938771747,0.005408815111899053,0.0,0.0,False,0.0,0.5408815111899052,0.6,FUSED,ACCEPTED,ACCEPTED,114.90610633,114.90610633
114.96578216399999,2.4398266478640562,15.454459403970395,0.01040881511189877,0.0,0.0,False,0.0,0.0,0.6,MODEL_ONLY,DUPLICATE_OR_OLD,DUPLICATE_OR_OLD,114.90610633,114.90610633
115.015782164,2.43932559069327,15.576438209934356,0.006064357997033628,0.0,0.0,False,0.0,0.6064357997033627,0.6,FUSED,ACCEPTED,ACCEPTED,115.008071883,115.008071883
115.065782164,2.4264402948612274,15.698082357073211,0.011064357997033345,0.0,0.0,False,0.0,0.0,0.6,MODEL_ONLY,DUPLICATE_OR_OLD,DUPLICATE_OR_OLD,115.008071883,115.008071883
115.115782164,2.413667729440613,15.81908505768075,0.006163343059845054,0.0,0.0,False,0.0,0.6163343059845052,0.5858171605872136,FUSED,ACCEPTED,ACCEPTED,115.112039873,115.112039873
115.16578216399999,2.400073304340827,15.939428583525277,0.01116334305984477,0.0,0.0,False,0.0,0.0,0.5858171605872136,MODEL_ONLY,DUPLICATE_OR_OLD,DUPLICATE_OR_OLD,115.112039873,115.112039873
115.21578216399999,2.3864788844778744,16.059092388245737,0.016163343059844487,0.0,0.0,False,0.0,0.0,0.5858171605872136,MODEL_ONLY,DUPLICATE_OR_OLD,DUPLICATE_OR_OLD,115.112039873,115.112039873
115.265782164,2.372884469225831,16.17807647208836,0.021163343059845623,0.0,0.0,False,0.0,0.0,0.5858171605872136,MODEL_ONLY,DUPLICATE_OR_OLD,DUPLICATE_OR_OLD,115.112039873,115.112039873
115.315782164,2.4270534418153367,16.29807491986438,0.007234768925137431,0.0,0.0,False,0.0,0.7234768925137429,0.6,FUSED,ACCEPTED,ACCEPTED,115.311985345,115.311985345
115.365782164,2.414168176167967,16.419105460313958,0.012234768925137147,0.0,0.0,False,0.0,0.0,0.6,MODEL_ONLY,DUPLICATE_OR_OLD,DUPLICATE_OR_OLD,115.311985345,115.311985345
115.41578216399999,2.4303839531733487,16.540219263547485,0.006328222931691444,0.0,0.0,False,0.0,0.6328222931691444,0.6,FUSED,ACCEPTED,ACCEPTED,115.399977608,115.399977608
115.46578216399999,2.417498693443938,16.66141632971291,0.01132822293169116,0.0,0.0,False,0.0,0.0,0.6,MODEL_ONLY,DUPLICATE_OR_OLD,DUPLICATE_OR_OLD,115.399977608,115.399977608
115.515782164,2.4046134361542326,16.78196913295289,0.016328222931692296,0.0,0.0,False,0.0,0.0,0.6,MODEL_ONLY,DUPLICATE_OR_OLD,DUPLICATE_OR_OLD,115.399977608,115.399977608
115.565782164,2.443378316350036,16.90316892676549,0.00680799002809576,0.0,0.0,False,0.0,0.680799002809576,0.6,FUSED,ACCEPTED,ACCEPTED,115.509929884,115.509929884
115.615782164,2.4702507501794884,17.02600965342872,0.005414524682413699,0.0,0.0,False,0.0,0.5414524682413698,0.6,FUSED,ACCEPTED,ACCEPTED,115.599913014,115.599913014
115.66578216399999,2.4573654985941333,17.149200059648056,0.010414524682413415,0.0,0.0,False,0.0,0.0,0.6,MODEL_ONLY,DUPLICATE_OR_OLD,DUPLICATE_OR_OLD,115.599913014,115.599913014
115.71578216399999,2.467646078460173,17.272325349074407,0.006065242169600754,0.0,0.0,False,0.0,0.6065242169600753,0.6,FUSED,ACCEPTED,ACCEPTED,115.707883343,115.707883343
115.765782164,2.454760829631738,17.39538552177673,0.011065242169601891,0.0,0.0,False,0.0,0.0,0.6,MODEL_ONLY,DUPLICATE_OR_OLD,DUPLICATE_OR_OLD,115.707883343,115.707883343
115.815782164,2.441875581939876,17.517801432066015,0.016065242169601607,0.0,0.0,False,0.0,0.0,0.6,MODEL_ONLY,DUPLICATE_OR_OLD,DUPLICATE_OR_OLD,115.707883343,115.707883343
115.865782164,2.4881918878633216,17.64105311881109,0.006780968277857036,0.0,0.0,False,0.0,0.6780968277857036,0.6,FUSED,ACCEPTED,ACCEPTED,115.809868564,115.809868564
115.91578216399999,2.475306642053162,17.765140582058994,0.011780968277856753,0.0,0.0,False,0.0,0.0,0.6,MODEL_ONLY,DUPLICATE_OR_OLD,DUPLICATE_OR_OLD,115.809868564,115.809868564
115.96578216399999,2.533017612134972,17.890348688413688,0.006266005061412069,0.0,0.0,False,0.0,0.6266005061412068,0.6,FUSED,ACCEPTED,ACCEPTED,115.915826315,115.915826315
116.015782164,2.571498818531341,18.017961599180374,0.00529765935298077,0.0,0.0,False,0.0,0.529765935298077,0.6,FUSED,ACCEPTED,ACCEPTED,116.009805469,116.009805469
116.065782164,2.558613574781058,18.14621440901318,0.010297659352980486,0.0,0.0,False,0.0,0.0,0.6,MODEL_ONLY,DUPLICATE_OR_OLD,DUPLICATE_OR_OLD,116.009805469,116.009805469
116.115782164,2.61918584516627,18.27565939451185,0.006047065121531909,0.0,0.0,False,0.0,0.6047065121531907,0.6,FUSED,ACCEPTED,ACCEPTED,116.107774763,116.107774763
116.16578216399999,2.606300602411476,18.40629655570129,0.011047065121531625,0.0,0.0,False,0.0,0.0,0.6,MODEL_ONLY,DUPLICATE_OR_OLD,DUPLICATE_OR_OLD,116.107774763,116.107774763
116.21578216399999,2.6612318310707104,18.537984866538338,0.006160795869576232,0.0,0.0,False,0.0,0.6160795869576231,0.6,FUSED,ACCEPTED,ACCEPTED,116.203750073,116.203750073
116.265782164,2.648346589087603,18.670724327042326,0.01116079586957737,0.0,0.0,False,0.0,0.0,0.6,MODEL_ONLY,DUPLICATE_OR_OLD,DUPLICATE_OR_OLD,116.203750073,116.203750073
116.315782164,2.7040898872518433,18.804535238950805,0.006177486323484065,0.0,0.0,False,0.0,0.6177486323484065,0.6,FUSED,ACCEPTED,ACCEPTED,116.315717971,116.315717971
116.365782164,2.6912046458669487,18.939417602278766,0.011177486323483782,0.0,0.0,False,0.0,0.0,0.6,MODEL_ONLY,DUPLICATE_OR_OLD,DUPLICATE_OR_OLD,116.315717971,116.315717971
116.41578216399999,2.678319404728666,19.07365570354365,0.0161774863234835,0.0,0.0,False,0.0,0.0,0.6,MODEL_ONLY,DUPLICATE_OR_OLD,DUPLICATE_OR_OLD,116.315717971,116.315717971
116.46578216399999,2.738075446384544,19.20906557482147,0.006792557329271318,0.0,0.0,False,0.0,0.6792557329271316,0.6,FUSED,ACCEPTED,ACCEPTED,116.423688185,116.423688185
116.515782164,2.725190205654556,19.34564721612248,0.011792557329272455,0.0,0.0,False,0.0,0.0,0.6,MODEL_ONLY,DUPLICATE_OR_OLD,DUPLICATE_OR_OLD,116.423688185,116.423688185
116.565782164,2.7728330320032164,19.483097797063916,0.006267620191270614,0.0,0.0,False,0.0,0.6267620191270613,0.6,FUSED,ACCEPTED,ACCEPTED,116.499660295,116.499660295
116.615782164,2.803115007784589,19.622496498058602,0.005298016463494738,0.0,0.0,False,0.0,0.5298016463494737,0.6,FUSED,ACCEPTED,ACCEPTED,116.603647103,116.603647103
116.66578216399999,2.7902297675015935,19.76233011744075,0.010298016463494455,0.0,0.0,False,0.0,0.0,0.6,MODEL_ONLY,DUPLICATE_OR_OLD,DUPLICATE_OR_OLD,116.603647103,116.603647103
116.71578216399999,2.777344527333481,19.901519474811618,0.015298016463494171,0.0,0.0,False,0.0,0.0,0.6,MODEL_ONLY,DUPLICATE_OR_OLD,DUPLICATE_OR_OLD,116.603647103,116.603647103
116.765782164,2.8470258017258914,20.042128733038137,0.00669945390251915,0.0,0.0,False,0.0,0.6699453902519149,0.6,FUSED,ACCEPTED,ACCEPTED,116.705608194,116.705608194
116.815782164,2.8341405617479847,20.184157892124976,0.011699453902518867,0.0,0.0,False,0.0,0.0,0.6,MODEL_ONLY,DUPLICATE_OR_OLD,DUPLICATE_OR_OLD,116.705608194,116.705608194
116.865782164,2.880132997343856,20.32701473110226,0.006254605043042963,0.0,0.0,False,0.0,0.6254605043042962,0.6,FUSED,ACCEPTED,ACCEPTED,116.809573626,116.809573626
116.91578216399999,2.926026395869273,20.472168715932582,0.005295137228027051,0.0,0.0,False,0.0,0.5295137228027051,0.6,FUSED,ACCEPTED,ACCEPTED,116.909556831,116.909556831
116.96578216399999,2.9131411560995977,20.618147904731796,0.010295137228026767,0.0,0.0,False,0.0,0.0,0.6,MODEL_ONLY,DUPLICATE_OR_OLD,DUPLICATE_OR_OLD,116.909556831,116.909556831
117.015782164,2.900255916383437,20.763482831543904,0.015295137228027904,0.0,0.0,False,0.0,0.0,0.6,MODEL_ONLY,DUPLICATE_OR_OLD,DUPLICATE_OR_OLD,116.909556831,116.909556831
117.065782164,2.961204320679093,20.91001933747046,0.006699140220184091,0.0,0.0,False,0.0,0.6699140220184092,0.6,FUSED,ACCEPTED,ACCEPTED,116.997520446,116.997520446
117.115782164,3.0067575582702792,21.059218384444183,0.005391522475762272,0.0,0.0,False,0.0,0.539152247576227,0.6,FUSED,ACCEPTED,ACCEPTED,117.111489176,117.111489176
117.16578216399999,2.993872318679259,21.209234131367914,0.010391522475761989,0.0,0.0,False,0.0,0.0,0.6,MODEL_ONLY,DUPLICATE_OR_OLD,DUPLICATE_OR_OLD,117.111489176,117.111489176
117.21578216399999,3.0557644274993594,21.36047505002237,0.006061677668384863,0.0,0.0,False,0.0,0.6061677668384863,0.6,FUSED,ACCEPTED,ACCEPTED,117.207456123,117.207456123
117.265782164,3.042879187968815,21.512941140409108,0.011061677668386,0.0,0.0,False,0.0,0.0,0.6,MODEL_ONLY,DUPLICATE_OR_OLD,DUPLICATE_OR_OLD,117.207456123,117.207456123
117.315782164,3.0299939484632064,21.6647629688199,0.016061677668385718,0.0,0.0,False,0.0,0.0,0.6,MODEL_ONLY,DUPLICATE_OR_OLD,DUPLICATE_OR_OLD,117.207456123,117.207456123
117.365782164,3.0885608230927826,21.817726838108793,0.006780598875965417,0.0,0.0,False,0.0,0.6780598875965416,0.6,FUSED,ACCEPTED,ACCEPTED,117.311431456,117.311431456
117.41578216399999,3.075675583628454,21.971832748276817,0.011780598875965134,0.0,0.0,False,0.0,0.0,0.6,MODEL_ONLY,DUPLICATE_OR_OLD,DUPLICATE_OR_OLD,117.311431456,117.311431456
117.46578216399999,3.1165939397693183,22.12663948636175,0.006265953556036853,0.0,0.0,False,0.0,0.6265953556036853,0.6,FUSED,ACCEPTED,ACCEPTED,117.409404224,117.409404224
117.515782164,3.1037087003369868,22.282147052364444,0.01126595355603799,0.0,0.0,False,0.0,0.0,0.6,MODEL_ONLY,DUPLICATE_OR_OLD,DUPLICATE_OR_OLD,117.409404224,117.409404224
117.565782164,3.159443940535219,22.43872586838624,0.006192790039521974,0.0,0.0,False,0.0,0.6192790039521974,0.6,FUSED,ACCEPTED,ACCEPTED,117.495392777,117.495392777
117.615782164,3.1465587011276988,22.596375934427805,0.01119279003952169,0.0,0.0,False,0.0,0.0,0.6,MODEL_ONLY,DUPLICATE_OR_OLD,DUPLICATE_OR_OLD,117.495392777,117.495392777
117.66578216399999,3.170575152843956,22.754304280777085,0.006182155476789094,0.0,0.0,False,0.0,0.6182155476789092,0.6,FUSED,ACCEPTED,ACCEPTED,117.599360083,117.599360083
117.71578216399999,3.1576899134556666,22.912510907434566,0.01118215547678881,0.0,0.0,False,0.0,0.0,0.6,MODEL_ONLY,DUPLICATE_OR_OLD,DUPLICATE_OR_OLD,117.599360083,117.599360083
117.765782164,3.186470576586719,23.071114919685662,0.006180604760037869,0.0,0.0,False,0.0,0.6180604760037867,0.6,FUSED,ACCEPTED,ACCEPTED,117.695331938,117.695331938
117.815782164,3.197911436619551,23.23072447001581,0.005278699492628531,0.0,0.0,False,0.0,0.5278699492628531,0.6,FUSED,ACCEPTED,ACCEPTED,117.805300522,117.805300522
117.865782164,3.1850261972523164,23.3902979108626,0.010278699492628248,0.0,0.0,False,0.0,0.0,0.6,MODEL_ONLY,DUPLICATE_OR_OLD,DUPLICATE_OR_OLD,117.805300522,117.805300522
117.91578216399999,3.172140957890493,23.54922708974116,0.015278699492627964,0.0,0.0,False,0.0,0.0,0.6,MODEL_ONLY,DUPLICATE_OR_OLD,DUPLICATE_OR_OLD,117.805300522,117.805300522
117.96578216399999,3.248953488076725,23.709754450890333,0.006697348245609156,0.0,0.0,False,0.0,0.6697348245609154,0.6,FUSED,ACCEPTED,ACCEPTED,117.909274185,117.909274185
118.015782164,3.236068248723857,23.871879994310387,0.011697348245610292,0.0,0.0,False,0.0,0.0,0.6,MODEL_ONLY,DUPLICATE_OR_OLD,DUPLICATE_OR_OLD,117.909274185,117.909274185
118.065782164,3.259172853941122,24.034261021877,0.0062543096385445866,0.0,0.0,False,0.0,0.6254309638544586,0.6,FUSED,ACCEPTED,ACCEPTED,118.015242691,118.015242691
118.115782164,3.2465318342551126,24.1969036390819,0.005295071837165117,0.0,0.0,False,0.0,0.5295071837165117,0.5615416310799624,FUSED,ACCEPTED,ACCEPTED,118.109226843,118.109226843
118.16578216399999,3.2317236764660553,24.358860026849918,0.010295071837164833,0.0,0.0,False,0.0,0.0,0.5615416310799624,MODEL_ONLY,DUPLICATE_OR_OLD,DUPLICATE_OR_OLD,118.109226843,118.109226843
118.21578216399999,3.2331905241193746,24.52048288186455,0.00604666076286544,0.0,0.0,False,0.0,0.6046660762865439,0.6,FUSED,ACCEPTED,ACCEPTED,118.207190583,118.207190583
118.265782164,3.2203052847810563,24.681820277087095,0.011046660762866577,0.0,0.0,False,0.0,0.0,0.6,MODEL_ONLY,DUPLICATE_OR_OLD,DUPLICATE_OR_OLD,118.207190583,118.207190583
118.315782164,3.208736312205871,24.84254631701176,0.006160736268252625,0.0,0.0,False,0.0,0.6160736268252625,0.5841083340389343,FUSED,ACCEPTED,ACCEPTED,118.315156577,118.315156577
118.365782164,3.195056489573178,25.002641137056226,0.011160736268252341,0.0,0.0,False,0.0,0.0,0.5841083340389343,MODEL_ONLY,DUPLICATE_OR_OLD,DUPLICATE_OR_OLD,118.315156577,118.315156577
118.41578216399999,3.208549295825604,25.16273128169119,0.006177477614750576,0.0,0.0,False,0.0,0.6177477614750575,0.6,FUSED,ACCEPTED,ACCEPTED,118.407124253,118.407124253
118.46578216399999,3.1956640564938135,25.322836615499167,0.011177477614750292,0.0,0.0,False,0.0,0.0,0.6,MODEL_ONLY,DUPLICATE_OR_OLD,DUPLICATE_OR_OLD,118.407124253,118.407124253
118.515782164,3.182778817163194,25.48229768734063,0.01617747761475143,0.0,0.0,False,0.0,0.0,0.6,MODEL_ONLY,DUPLICATE_OR_OLD,DUPLICATE_OR_OLD,118.407124253,118.407124253
118.565782164,3.194802712702108,25.641737225587253,0.006792556433343841,0.0,0.0,False,0.0,0.6792556433343839,0.6,FUSED,ACCEPTED,ACCEPTED,118.499108142,118.499108142
118.615782164,3.2078928429821736,25.801804614479348,0.00541127722642968,0.0,0.0,False,0.0,0.5411277226429678,0.6,FUSED,ACCEPTED,ACCEPTED,118.61107293,118.61107293
118.66578216399999,3.195007603654304,25.961877125645255,0.010411277226429396,0.0,0.0,False,0.0,0.0,0.6,MODEL_ONLY,DUPLICATE_OR_OLD,DUPLICATE_OR_OLD,118.61107293,118.61107293
118.71578216399999,3.1821223643271397,26.12130537484478,0.015411277226429113,0.0,0.0,False,0.0,0.0,0.6,MODEL_ONLY,DUPLICATE_OR_OLD,DUPLICATE_OR_OLD,118.61107293,118.61107293
118.765782164,3.1864084614814026,26.280518645490027,0.006711746131034226,0.0,0.0,False,0.0,0.6711746131034226,0.6,FUSED,ACCEPTED,ACCEPTED,118.731047434,118.731047434
118.815782164,3.1735232221554073,26.439516937580937,0.011711746131033943,0.0,0.0,False,0.0,0.0,0.6,MODEL_ONLY,DUPLICATE_OR_OLD,DUPLICATE_OR_OLD,118.731047434,118.731047434
118.865782164,3.1789108070156535,26.598327788310208,0.0062563286013032245,0.0,0.0,False,0.0,0.6256328601303223,0.6,FUSED,ACCEPTED,ACCEPTED,118.809015176,118.809015176
118.91578216399999,3.166025567690564,26.756951197677854,0.011256328601302941,0.0,0.0,False,0.0,0.0,0.6,MODEL_ONLY,DUPLICATE_OR_OLD,DUPLICATE_OR_OLD,118.809015176,118.809015176
118.96578216399999,3.169882235364629,26.915348892754224,0.006191394405574332,0.0,0.0,False,0.0,0.6191394405574331,0.6,FUSED,ACCEPTED,ACCEPTED,118.913012035,118.913012035
119.015782164,3.1734604500028656,27.073932459888447,0.005281103353270141,0.0,0.0,False,0.0,0.5281103353270139,0.6,FUSED,ACCEPTED,ACCEPTED,119.006960278,119.006960278
119.065782164,3.1605752106787683,27.232283351405474,0.010281103353269858,0.0,0.0,False,0.0,0.0,0.6,MODEL_ONLY,DUPLICATE_OR_OLD,DUPLICATE_OR_OLD,119.006960278,119.006960278
119.115782164,3.1447491002868255,27.38991645917961,0.006044476437494287,0.0,0.0,False,0.0,0.6044476437494286,0.5645138912995309,FUSED,ACCEPTED,ACCEPTED,119.106946415,119.106946415
119.16578216399999,3.1300895555281842,27.546787425574973,0.011044476437494004,0.0,0.0,False,0.0,0.0,0.5645138912995309,MODEL_ONLY,DUPLICATE_OR_OLD,DUPLICATE_OR_OLD,119.106946415,119.106946415
119.21578216399999,3.115430010769741,27.702925414732412,0.01604447643749372,0.0,0.0,False,0.0,0.0,0.5645138912995309,MODEL_ONLY,DUPLICATE_OR_OLD,DUPLICATE_OR_OLD,119.106946415,119.106946415
119.265782164,3.1007704660114674,27.858330426651975,0.02104447643749486,0.0,0.0,False,0.0,0.0,0.5645138912995309,MODEL_ONLY,DUPLICATE_OR_OLD,DUPLICATE_OR_OLD,119.106946415,119.106946415
119.315782164,3.114211200210843,28.013704968307525,0.007225649811465236,0.0,0.0,False,0.0,0.7225649811465233,0.6,FUSED,ACCEPTED,ACCEPTED,119.310879153,119.310879153
119.365782164,3.1013259608878854,28.169093397334986,0.012225649811464952,0.0,0.0,False,0.0,0.0,0.6,MODEL_ONLY,DUPLICATE_OR_OLD,DUPLICATE_OR_OLD,119.310879153,119.310879153
119.41578216399999,3.127374807319942,28.32481091654017,0.006326993085840319,0.0,0.0,False,0.0,0.6326993085840316,0.6,FUSED,ACCEPTED,ACCEPTED,119.400851354,119.400851354
119.46578216399999,3.114489567997208,28.48085752592309,0.011326993085840035,0.0,0.0,False,0.0,0.0,0.6,MODEL_ONLY,DUPLICATE_OR_OLD,DUPLICATE_OR_OLD,119.400851354,119.400851354
119.515782164,3.1016043286745627,28.63625987333992,0.016326993085841172,0.0,0.0,False,0.0,0.0,0.6,MODEL_ONLY,DUPLICATE_OR_OLD,DUPLICATE_OR_OLD,119.400851354,119.400851354
119.565782164,3.115169953436909,28.7916792303927,0.006807864715072262,0.0,0.0,False,0.0,0.680786471507226,0.6,FUSED,ACCEPTED,ACCEPTED,119.502825218,119.502825218
119.615782164,3.116655208528451,28.947474859441822,0.005414498333214283,0.0,0.0,False,0.0,0.5414498333214282,0.6,FUSED,ACCEPTED,ACCEPTED,119.606799062,119.606799062
119.66578216399999,3.1037699692060245,29.102985488885174,0.010414498333214,0.0,0.0,False,0.0,0.0,0.6,MODEL_ONLY,DUPLICATE_OR_OLD,DUPLICATE_OR_OLD,119.606799062,119.606799062
119.71578216399999,3.0992013049081284,29.25805977073802,0.006065238090129368,0.0,0.0,False,0.0,0.6065238090129368,0.6,FUSED,ACCEPTED,ACCEPTED,119.700775775,119.700775775
119.765782164,3.0863160655858026,29.4126977050004,0.011065238090130505,0.0,0.0,False,0.0,0.0,0.6,MODEL_ONLY,DUPLICATE_OR_OLD,DUPLICATE_OR_OLD,119.700775775,119.700775775
119.815782164,3.0796613528637953,29.566847140461633,0.00616347260461566,0.0,0.0,False,0.0,0.6163472604615658,0.6,FUSED,ACCEPTED,ACCEPTED,119.796738536,119.796738536
119.865782164,3.066776113541554,29.720508077121757,0.011163472604615376,0.0,0.0,False,0.0,0.0,0.6,MODEL_ONLY,DUPLICATE_OR_OLD,DUPLICATE_OR_OLD,119.796738536,119.796738536
119.91578216399999,3.035813304340198,29.87307281256879,0.006177877397576019,0.0,0.0,False,0.0,0.6177877397576017,0.5406176431976026,FUSED,ACCEPTED,ACCEPTED,119.908720109,119.908720109
119.96578216399999,3.0199589471779,30.024467118856734,0.011177877397575735,0.0,0.0,False,0.0,0.0,0.5406176431976026,MODEL_ONLY,DUPLICATE_OR_OLD,DUPLICATE_OR_OLD,119.908720109,119.908720109
120.015782164,3.004104590015624,30.175068707286606,0.016177877397576874,0.0,0.0,False,0.0,0.0,0.5406176431976026,MODEL_ONLY,DUPLICATE_OR_OLD,DUPLICATE_OR_OLD,119.908720109,119.908720109
120.065782164,3.054036550012249,30.326522235787294,0.0067925975612511446,0.0,0.0,False,0.0,0.6792597561251144,0.6,FUSED,ACCEPTED,ACCEPTED,120.006684288,120.006684288
120.115782164,3.04115131069014,30.478901932304847,0.01179259756125086,0.0,0.0,False,0.0,0.0,0.6,MODEL_ONLY,DUPLICATE_OR_OLD,DUPLICATE_OR_OLD,120.006684288,120.006684288
120.16578216399999,3.0493020557277113,30.631163266465286,0.006267625795841934,0.0,0.0,False,0.0,0.6267625795841931,0.5981724184358319,FUSED,ACCEPTED,ACCEPTED,120.108664679,120.108664679
120.21578216399999,3.0277911502182873,30.783090596613928,0.005298017702589422,0.0,0.0,False,0.0,0.5298017702589422,0.5462525723443351,FUSED,ACCEPTED,ACCEPTED,120.204636793,120.204636793
120.265782164,3.0122185395134378,30.934090838857255,0.010298017702590558,0.0,0.0,False,0.0,0.0,0.5462525723443351,MODEL_ONLY,DUPLICATE_OR_OLD,DUPLICATE_OR_OLD,120.204636793,120.204636793
120.315782164,2.996645928808605,31.084312450565296,0.015298017702590275,0.0,0.0,False,0.0,0.0,0.5462525723443351,MODEL_ONLY,DUPLICATE_OR_OLD,DUPLICATE_OR_OLD,120.204636793,120.204636793
120.365782164,3.0021467709596035,31.234282268059495,0.00669945403750122,0.0,0.0,False,0.0,0.6699454037501218,0.6,FUSED,ACCEPTED,ACCEPTED,120.316608535,120.316608535
120.41578216399999,2.9892615316375744,31.384067475624416,0.011699454037500936,0.0,0.0,False,0.0,0.0,0.6,MODEL_ONLY,DUPLICATE_OR_OLD,DUPLICATE_OR_OLD,120.316608535,120.316608535
120.46578216399999,2.992121645165482,31.533602055044483,0.0062546050619782245,0.0,0.0,False,0.0,0.6254605061978225,0.6,FUSED,ACCEPTED,ACCEPTED,120.402588504,120.402588504
120.515782164,3.0016520664024156,31.683446397833716,0.005295137232218826,0.0,0.0,False,0.0,0.5295137232218823,0.6,FUSED,ACCEPTED,ACCEPTED,120.496558171,120.496558171
120.565782164,2.988766827080409,31.83320687017078,0.010295137232218542,0.0,0.0,False,0.0,0.0,0.6,MODEL_ONLY,DUPLICATE_OR_OLD,DUPLICATE_OR_OLD,120.496558171,120.496558171
120.615782164,2.9758815877584084,31.982323080541743,0.015295137232218259,0.0,0.0,False,0.0,0.0,0.6,MODEL_ONLY,DUPLICATE_OR_OLD,DUPLICATE_OR_OLD,120.496558171,120.496558171
120.66578216399999,2.976426886138512,32.13113079238916,0.0066991402206406595,0.0,0.0,False,0.0,0.6699140220640658,0.6,FUSED,ACCEPTED,ACCEPTED,120.600517079,120.600517079
120.71578216399999,2.963541646816521,32.279630005713024,0.011699140220640376,0.0,0.0,False,0.0,0.0,0.6,MODEL_ONLY,DUPLICATE_OR_OLD,DUPLICATE_OR_OLD,120.600517079,120.600517079
120.765782164,2.972134311831602,32.42802190467926,0.006254561039284387,0.0,0.0,False,0.0,0.6254561039284385,0.6,FUSED,ACCEPTED,ACCEPTED,120.700498212,120.700498212
120.815782164,2.9837306889240955,32.57691852969815,0.0052951274874520685,0.0,0.0,False,0.0,0.5295127487452066,0.6,FUSED,ACCEPTED,ACCEPTED,120.796473105,120.796473105
120.865782164,2.9708454496021157,32.7257829331613,0.010295127487451785,0.0,0.0,False,0.0,0.0,0.6,MODEL_ONLY,DUPLICATE_OR_OLD,DUPLICATE_OR_OLD,120.796473105,120.796473105
120.91578216399999,2.943028925968664,32.87362979255056,0.006046669460369063,0.0,0.0,False,0.0,0.6046669460369063,0.5167738835073813,FUSED,ACCEPTED,ACCEPTED,120.908438369,120.908438369
120.96578216399999,2.9259823808220595,33.020355075220316,0.01104666946036878,0.0,0.0,False,0.0,0.0,0.5167738835073813,MODEL_ONLY,DUPLICATE_OR_OLD,DUPLICATE_OR_OLD,120.908438369,120.908438369
121.015782164,2.908935835675453,33.16622803063279,0.016046669460369915,0.0,0.0,False,0.0,0.0,0.5167738835073813,MODEL_ONLY,DUPLICATE_OR_OLD,DUPLICATE_OR_OLD,120.908438369,120.908438369
121.065782164,2.9038688086915787,33.311548146741956,0.0067790425917457035,0.0,0.0,False,0.0,0.6779042591745703,0.568006643966297,FUSED,ACCEPTED,ACCEPTED,121.000416159,121.000416159
121.115782164,2.9156138545976322,33.45703521332418,0.005408429935395715,0.0,0.0,False,0.0,0.5408429935395714,0.6,FUSED,ACCEPTED,ACCEPTED,121.10438227,121.10438227
121.16578216399999,2.902728615275669,33.60249377507101,0.010408429935395432,0.0,0.0,False,0.0,0.0,0.6,MODEL_ONLY,DUPLICATE_OR_OLD,DUPLICATE_OR_OLD,121.10438227,121.10438227
121.21578216399999,2.91404498904833,33.7479131151791,0.006064298335069683,0.0,0.0,False,0.0,0.6064298335069682,0.6,FUSED,ACCEPTED,ACCEPTED,121.202359034,121.202359034
121.265782164,2.9011597497263666,33.8932932336485,0.01106429833507082,0.0,0.0,False,0.0,0.0,0.6,MODEL_ONLY,DUPLICATE_OR_OLD,DUPLICATE_OR_OLD,121.202359034,121.202359034
121.315782164,2.8882745104044085,34.03802909015177,0.01606429833507054,0.0,0.0,False,0.0,0.0,0.6,MODEL_ONLY,DUPLICATE_OR_OLD,DUPLICATE_OR_OLD,121.202359034,121.202359034
121.365782164,2.889215942393117,34.182466351471696,0.006780870473191912,0.0,0.0,False,0.0,0.6780870473191911,0.6,FUSED,ACCEPTED,ACCEPTED,121.316322894,121.316322894
121.41578216399999,2.8763307030711625,34.326605017608294,0.011780870473191629,0.0,0.0,False,0.0,0.0,0.6,MODEL_ONLY,DUPLICATE_OR_OLD,DUPLICATE_OR_OLD,121.316322894,121.316322894
121.46578216399999,2.890404135554472,34.47077338857393,0.006265991424733422,0.0,0.0,False,0.0,0.626599142473342,0.6,FUSED,ACCEPTED,ACCEPTED,121.416296879,121.416296879
121.515782164,2.877518896232516,34.61497146436864,0.01126599142473456,0.0,0.0,False,0.0,0.0,0.6,MODEL_ONLY,DUPLICATE_OR_OLD,DUPLICATE_OR_OLD,121.416296879,121.416296879
121.565782164,2.870225762697452,34.75866508084188,0.006192795528523948,0.0,0.0,False,0.0,0.6192795528523947,0.587048089975162,FUSED,ACCEPTED,ACCEPTED,121.500288578,121.500288578
121.615782164,2.871713927598066,34.90221357309925,0.0052814153344985255,0.0,0.0,False,0.0,0.5281415334498524,0.6,FUSED,ACCEPTED,ACCEPTED,121.59825374,121.59825374
121.66578216399999,2.858828688276118,35.0454771384961,0.010281415334498242,0.0,0.0,False,0.0,0.0,0.6,MODEL_ONLY,DUPLICATE_OR_OLD,DUPLICATE_OR_OLD,121.59825374,121.59825374
121.71578216399999,2.857280541242228,35.188379869234055,0.006044525249994838,0.0,0.0,False,0.0,0.6044525249994837,0.6,FUSED,ACCEPTED,ACCEPTED,121.698208926,121.698208926
121.765782164,2.8443953019202795,35.33092176531314,0.011044525249995975,0.0,0.0,False,0.0,0.0,0.6,MODEL_ONLY,DUPLICATE_OR_OLD,DUPLICATE_OR_OLD,121.698208926,121.698208926
121.815782164,2.8315100625983365,35.4728193994261,0.01604452524999569,0.0,0.0,False,0.0,0.0,0.6,MODEL_ONLY,DUPLICATE_OR_OLD,DUPLICATE_OR_OLD,121.698208926,121.698208926
121.865782164,2.8341284108280163,35.614460361261756,0.006778820123847287,0.0,0.0,False,0.0,0.6778820123847287,0.6,FUSED,ACCEPTED,ACCEPTED,121.802192377,121.802192377
121.91578216399999,2.821243171506077,35.755844650820094,0.011778820123847004,0.0,0.0,False,0.0,0.0,0.6,MODEL_ONLY,DUPLICATE_OR_OLD,DUPLICATE_OR_OLD,121.802192377,121.802192377
121.96578216399999,2.8172401125679096,35.89680673292194,0.006265705526325662,0.0,0.0,False,0.0,0.626570552632566,0.6,FUSED,ACCEPTED,ACCEPTED,121.906161481,121.906161481
122.015782164,2.8043548732459707,36.03734660756732,0.011265705526326799,0.0,0.0,False,0.0,0.0,0.6,MODEL_ONLY,DUPLICATE_OR_OLD,DUPLICATE_OR_OLD,121.906161481,121.906161481
122.065782164,2.8088328894713745,36.177676301635245,0.006192754087653634,0.0,0.0,False,0.0,0.6192754087653632,0.6,FUSED,ACCEPTED,ACCEPTED,122.002142869,122.002142869
122.115782164,2.795947650149443,36.317795815125756,0.01119275408765335,0.0,0.0,False,0.0,0.0,0.6,MODEL_ONLY,DUPLICATE_OR_OLD,DUPLICATE_OR_OLD,122.002142869,122.002142869
122.16578216399999,2.78919533460299,36.45742438974456,0.006182150236460292,0.0,0.0,False,0.0,0.6182150236460291,0.5986298375581742,FUSED,ACCEPTED,ACCEPTED,122.100114168,122.100114168
122.21578216399999,2.7762415871589723,36.5965603127886,0.01118215023646001,0.0,0.0,False,0.0,0.0,0.5986298375581742,MODEL_ONLY,DUPLICATE_OR_OLD,DUPLICATE_OR_OLD,122.100114168,122.100114168
122.265782164,2.7817595114820217,36.735510340254656,0.006180603995590079,0.0,0.0,False,0.0,0.6180603995590077,0.6,FUSED,ACCEPTED,ACCEPTED,122.232071323,122.232071323
122.315782164,2.7837803938976036,36.87464883788914,0.005278699322227926,0.0,0.0,False,0.0,0.5278699322227927,0.6,FUSED,ACCEPTED,ACCEPTED,122.310070017,122.310070017
122.365782164,2.7708951545756855,37.013515726600964,0.010278699322227643,0.0,0.0,False,0.0,0.0,0.6,MODEL_ONLY,DUPLICATE_OR_OLD,DUPLICATE_OR_OLD,122.310070017,122.310070017
122.41578216399999,2.758009915253771,37.15173835334669,0.015278699322227359,0.0,0.0,False,0.0,0.0,0.6,MODEL_ONLY,DUPLICATE_OR_OLD,DUPLICATE_OR_OLD,122.310070017,122.310070017
122.46578216399999,2.761591725456287,37.28972839436443,0.006697348227022695,0.0,0.0,False,0.0,0.6697348227022695,0.6,FUSED,ACCEPTED,ACCEPTED,122.408036721,122.408036721
122.515782164,2.7611819639466937,37.42779773659954,0.005391141859655873,0.0,0.0,False,0.0,0.5391141859655872,0.6,FUSED,ACCEPTED,ACCEPTED,122.500001737,122.500001737
122.565782164,2.748296724624789,37.56553470381381,0.01039114185965559,0.0,0.0,False,0.0,0.0,0.6,MODEL_ONLY,DUPLICATE_OR_OLD,DUPLICATE_OR_OLD,122.500001737,122.500001737
122.615782164,2.7486478433893855,37.702958318014154,0.006061618632484868,0.0,0.0,False,0.0,0.6061618632484866,0.6,FUSED,ACCEPTED,ACCEPTED,122.607970237,122.607970237
122.66578216399999,2.7357626040674887,37.840068579200576,0.011061618632484584,0.0,0.0,False,0.0,0.0,0.6,MODEL_ONLY,DUPLICATE_OR_OLD,DUPLICATE_OR_OLD,122.607970237,122.607970237
122.71578216399999,2.7228773647455973,37.976534578420896,0.0160616186324843,0.0,0.0,False,0.0,0.0,0.6,MODEL_ONLY,DUPLICATE_OR_OLD,DUPLICATE_OR_OLD,122.607970237,122.607970237
122.765782164,2.724117405677183,38.112709447681496,0.006780592757152194,0.0,0.0,False,0.0,0.6780592757152193,0.6,FUSED,ACCEPTED,ACCEPTED,122.701941505,122.701941505
122.815782164,2.7161172955318555,38.24871531521171,0.0054087567260003135,0.0,0.0,False,0.0,0.5408756726000312,0.6,FUSED,ACCEPTED,ACCEPTED,122.811917012,122.811917012
122.865782164,2.70323205620998,38.384199049005254,0.010408756726000029,0.0,0.0,False,0.0,0.0,0.6,MODEL_ONLY,DUPLICATE_OR_OLD,DUPLICATE_OR_OLD,122.811917012,122.811917012
122.91578216399999,2.690346816888112,38.519038520832694,0.015408756725999746,0.0,0.0,False,0.0,0.0,0.6,MODEL_ONLY,DUPLICATE_OR_OLD,DUPLICATE_OR_OLD,122.811917012,122.811917012
122.96578216399999,2.704089185578578,38.653899420894355,0.0067114735764747645,0.0,0.0,False,0.0,0.6711473576474762,0.6,FUSED,ACCEPTED,ACCEPTED,122.923886441,122.923886441
123.015782164,2.7175572323070343,38.78944058134153,0.005394140354050004,0.0,0.0,False,0.0,0.5394140354050003,0.6,FUSED,ACCEPTED,ACCEPTED,123.005862038,123.005862038
123.065782164,2.7046719929851797,38.92499631197383,0.01039414035404972,0.0,0.0,False,0.0,0.0,0.6,MODEL_ONLY,DUPLICATE_OR_OLD,DUPLICATE_OR_OLD,123.005862038,123.005862038
123.115782164,2.7016376957998745,39.06015405419345,0.006062083669469297,0.0,0.0,False,0.0,0.6062083669469297,0.5886667192054689,FUSED,ACCEPTED,ACCEPTED,123.105834928,123.105834928
123.16578216399999,2.6881857924383032,39.194899641399395,0.011062083669469014,0.0,0.0,False,0.0,0.0,0.5886667192054689,MODEL_ONLY,DUPLICATE_OR_OLD,DUPLICATE_OR_OLD,123.105834928,123.105834928
123.21578216399999,2.6747338890767396,39.32897263343726,0.01606208366946873,0.0,0.0,False,0.0,0.0,0.5886667192054689,MODEL_ONLY,DUPLICATE_OR_OLD,DUPLICATE_OR_OLD,123.105834928,123.105834928
123.265782164,2.689852523257438,39.463087293745645,0.006780640955574804,0.0,0.0,False,0.0,0.6780640955574804,0.6,FUSED,ACCEPTED,ACCEPTED,123.211807461,123.211807461
123.315782164,2.6886529544616193,39.597549930688615,0.005408766885971458,0.0,0.0,False,0.0,0.5408766885971459,0.6,FUSED,ACCEPTED,ACCEPTED,123.315777517,123.315777517
123.365782164,2.675767715139797,39.73166044742864,0.010408766885971175,0.0,0.0,False,0.0,0.0,0.6,MODEL_ONLY,DUPLICATE_OR_OLD,DUPLICATE_OR_OLD,123.315777517,123.315777517
123.41578216399999,2.6841282820956867,39.86565784735952,0.006064350527171248,0.0,0.0,False,0.0,0.6064350527171247,0.6,FUSED,ACCEPTED,ACCEPTED,123.415751772,123.415751772
123.46578216399999,2.671243042773875,39.99954213048125,0.011064350527170964,0.0,0.0,False,0.0,0.0,0.6,MODEL_ONLY,DUPLICATE_OR_OLD,DUPLICATE_OR_OLD,123.415751772,123.415751772
123.515782164,2.658357803452068,40.13278215163693,0.016064350527172103,0.0,0.0,False,0.0,0.0,0.6,MODEL_ONLY,DUPLICATE_OR_OLD,DUPLICATE_OR_OLD,123.415751772,123.415751772
123.565782164,2.662069050862264,40.26579282299478,0.006780875881743269,0.0,0.0,False,0.0,0.6780875881743269,0.6,FUSED,ACCEPTED,ACCEPTED,123.503729214,123.503729214
123.615782164,2.649183811540474,40.39857414455484,0.011780875881742986,0.0,0.0,False,0.0,0.0,0.6,MODEL_ONLY,DUPLICATE_OR_OLD,DUPLICATE_OR_OLD,123.503729214,123.503729214
123.66578216399999,2.6522137221767985,40.531109082897764,0.006265992178837852,0.0,0.0,False,0.0,0.6265992178837851,0.6,FUSED,ACCEPTED,ACCEPTED,123.615693748,123.615693748
123.71578216399999,2.6393284828550225,40.663397638023554,0.011265992178837569,0.0,0.0,False,0.0,0.0,0.6,MODEL_ONLY,DUPLICATE_OR_OLD,DUPLICATE_OR_OLD,123.615693748,123.615693748
123.765782164,2.6480125570757114,40.79558116402185,0.006192795637829918,0.0,0.0,False,0.0,0.6192795637829918,0.6,FUSED,ACCEPTED,ACCEPTED,123.703675991,123.703675991
123.815782164,2.6351273177539483,40.92765966089258,0.011192795637829635,0.0,0.0,False,0.0,0.0,0.6,MODEL_ONLY,DUPLICATE_OR_OLD,DUPLICATE_OR_OLD,123.703675991,123.703675991
123.865782164,2.6282694204190546,41.059244579346895,0.006182156292794748,0.0,0.0,False,0.0,0.6182156292794746,0.5936847544391772,FUSED,ACCEPTED,ACCEPTED,123.811641009,123.811641009
123.91578216399999,2.624125023512368,41.190554440445176,0.00527904531447457,0.0,0.0,False,0.0,0.527904531447457,0.6,FUSED,ACCEPTED,ACCEPTED,123.901617674,123.901617674
123.96578216399999,2.6112397841906367,41.321438560637745,0.010279045314474287,0.0,0.0,False,0.0,0.0,0.6,MODEL_ONLY,DUPLICATE_OR_OLD,DUPLICATE_OR_OLD,123.901617674,123.901617674
124.015782164,2.6144020384970865,41.45207960620497,0.0060441544070994856,0.0,0.0,False,0.0,0.6044154407099487,0.6,FUSED,ACCEPTED,ACCEPTED,123.993582413,123.993582413
124.065782164,2.6015167991753847,41.58247757714677,0.011044154407099202,0.0,0.0,False,0.0,0.0,0.6,MODEL_ONLY,DUPLICATE_OR_OLD,DUPLICATE_OR_OLD,123.993582413,123.993582413
124.115782164,2.588631559853702,41.71223128612249,0.01604415440709892,0.0,0.0,False,0.0,0.0,0.6,MODEL_ONLY,DUPLICATE_OR_OLD,DUPLICATE_OR_OLD,123.993582413,123.993582413
124.16578216399999,2.568054101102586,41.841148427646395,0.006778781644729427,0.0,0.0,False,0.0,0.6778781644729426,0.5605438600367786,FUSED,ACCEPTED,ACCEPTED,124.09756221,124.09756221
124.21578216399999,2.5531960547827954,41.969179681543515,0.011778781644729144,0.0,0.0,False,0.0,0.0,0.5605438600367786,MODEL_ONLY,DUPLICATE_OR_OLD,DUPLICATE_OR_OLD,124.09756221,124.09756221
124.265782164,2.566853574737871,42.09718092228157,0.006265700160422397,0.0,0.0,False,0.0,0.6265700160422394,0.6,FUSED,ACCEPTED,ACCEPTED,124.211525473,124.211525473
124.315782164,2.5539683354162923,42.225201470035415,0.011265700160422113,0.0,0.0,False,0.0,0.0,0.6,MODEL_ONLY,DUPLICATE_OR_OLD,DUPLICATE_OR_OLD,124.211525473,124.211525473
124.365782164,2.5537647651561555,42.352894797549716,0.006192753309859075,0.0,0.0,False,0.0,0.6192753309859074,0.6,FUSED,ACCEPTED,ACCEPTED,124.317493624,124.317493624
124.41578216399999,2.540879525834629,42.480260904824476,0.011192753309858791,0.0,0.0,False,0.0,0.0,0.6,MODEL_ONLY,DUPLICATE_OR_OLD,DUPLICATE_OR_OLD,124.317493624,124.317493624
124.46578216399999,2.546220468329516,42.607438404678575,0.0061821501230891335,0.0,0.0,False,0.0,0.6182150123089133,0.6,FUSED,ACCEPTED,ACCEPTED,124.409473758,124.409473758
124.515782164,2.5333352290080393,42.73442729711204,0.01118215012309027,0.0,0.0,False,0.0,0.0,0.6,MODEL_ONLY,DUPLICATE_OR_OLD,DUPLICATE_OR_OLD,124.409473758,124.409473758
124.565782164,2.548543718572181,42.86147427080154,0.006180603979051737,0.0,0.0,False,0.0,0.6180603979051735,0.6,FUSED,ACCEPTED,ACCEPTED,124.503443997,124.503443997
124.615782164,2.5356584792507486,42.98857932574711,0.011180603979051454,0.0,0.0,False,0.0,0.0,0.6,MODEL_ONLY,DUPLICATE_OR_OLD,DUPLICATE_OR_OLD,124.503443997,124.503443997
124.66578216399999,2.549827563997889,43.11571647682832,0.00618037841754848,0.0,0.0,False,0.0,0.6180378417548479,0.6,FUSED,ACCEPTED,ACCEPTED,124.603412361,124.603412361
124.71578216399999,2.5771827335275237,43.24389173426645,0.005278649038812791,0.0,0.0,False,0.0,0.527864903881279,0.6,FUSED,ACCEPTED,ACCEPTED,124.715391831,124.715391831
124.765782164,2.564297494206104,43.372428739959815,0.010278649038813929,0.0,0.0,False,0.0,0.0,0.6,MODEL_ONLY,DUPLICATE_OR_OLD,DUPLICATE_OR_OLD,124.715391831,124.715391831
124.815782164,2.551412254884695,43.50032148368708,0.015278649038813645,0.0,0.0,False,0.0,0.0,0.6,MODEL_ONLY,DUPLICATE_OR_OLD,DUPLICATE_OR_OLD,124.715391831,124.715391831
124.865782164,2.5897630941811163,43.62885086741372,0.006697342742345845,0.0,0.0,False,0.0,0.6697342742345842,0.6,FUSED,ACCEPTED,ACCEPTED,124.805368465,124.805368465
124.91578216399999,2.5768778548596942,43.75801689113973,0.011697342742345561,0.0,0.0,False,0.0,0.0,0.6,MODEL_ONLY,DUPLICATE_OR_OLD,DUPLICATE_OR_OLD,124.805368465,124.805368465
124.96578216399999,2.611239160091358,43.8877198165135,0.006254308866425585,0.0,0.0,False,0.0,0.6254308866425583,0.6,FUSED,ACCEPTED,ACCEPTED,124.907333549,124.907333549
125.015782164,2.635954808285621,44.01889966572296,0.005295071666246469,0.0,0.0,False,0.0,0.5295071666246467,0.6,FUSED,ACCEPTED,ACCEPTED,125.013598324,125.013598324
125.065782164,2.6230695689641337,44.1503752751542,0.010295071666246186,0.0,0.0,False,0.0,0.0,0.6,MODEL_ONLY,DUPLICATE_OR_OLD,DUPLICATE_OR_OLD,125.013598324,125.013598324
125.115782164,2.61018432964263,44.281206622619365,0.015295071666245903,0.0,0.0,False,0.0,0.0,0.6,MODEL_ONLY,DUPLICATE_OR_OLD,DUPLICATE_OR_OLD,125.013598324,125.013598324
125.16578216399999,2.6560287728358634,44.412861950181316,0.006699133076769755,0.0,0.0,False,0.0,0.6699133076769752,0.6,FUSED,ACCEPTED,ACCEPTED,125.123287767,125.123287767
125.21578216399999,2.680549772388714,44.546276413811924,0.005391520958638787,0.0,0.0,False,0.0,0.5391520958638785,0.6,FUSED,ACCEPTED,ACCEPTED,125.205252325,125.205252325
125.265782164,2.667664533067133,44.67998177144835,0.010391520958639924,0.0,0.0,False,0.0,0.0,0.6,MODEL_ONLY,DUPLICATE_OR_OLD,DUPLICATE_OR_OLD,125.205252325,125.205252325
125.315782164,2.715538774864105,44.81456185414662,0.00606167743307341,0.0,0.0,False,0.0,0.6061677433073409,0.6,FUSED,ACCEPTED,ACCEPTED,125.307223728,125.307223728
125.365782164,2.7026535355424754,44.95001666190678,0.011061677433073127,0.0,0.0,False,0.0,0.0,0.6,MODEL_ONLY,DUPLICATE_OR_OLD,DUPLICATE_OR_OLD,125.307223728,125.307223728
125.41578216399999,2.731203501047901,45.08586308782153,0.006162948441948799,0.0,0.0,False,0.0,0.6162948441948798,0.6,FUSED,ACCEPTED,ACCEPTED,125.407191536,125.407191536
125.46578216399999,2.7183182617262247,45.222101131890874,0.011162948441948515,0.0,0.0,False,0.0,0.0,0.6,MODEL_ONLY,DUPLICATE_OR_OLD,DUPLICATE_OR_OLD,125.407191536,125.407191536
125.515782164,2.7054330224045264,45.35769491399418,0.016162948441949654,0.0,0.0,False,0.0,0.0,0.6,MODEL_ONLY,DUPLICATE_OR_OLD,DUPLICATE_OR_OLD,125.407191536,125.407191536
125.565782164,2.7566397610366233,45.4942467335802,0.006791061019586099,0.0,0.0,False,0.0,0.6791061019586098,0.6,FUSED,ACCEPTED,ACCEPTED,125.505160111,125.505160111
125.615782164,2.7437545217148904,45.63175659064898,0.011791061019585816,0.0,0.0,False,0.0,0.0,0.6,MODEL_ONLY,DUPLICATE_OR_OLD,DUPLICATE_OR_OLD,125.505160111,125.505160111
125.66578216399999,2.7308692823931415,45.768622185751674,0.01679106101958553,0.0,0.0,False,0.0,0.0,0.6,MODEL_ONLY,DUPLICATE_OR_OLD,DUPLICATE_OR_OLD,125.505160111,125.505160111
125.71578216399999,2.7945197918782436,45.90675691260845,0.006854461701092838,0.0,0.0,False,0.0,0.6854461701092835,0.6,FUSED,ACCEPTED,ACCEPTED,125.707111497,125.707111497
125.765782164,2.7816345525564583,46.046160771219355,0.011854461701093975,0.0,0.0,False,0.0,0.0,0.6,MODEL_ONLY,DUPLICATE_OR_OLD,DUPLICATE_OR_OLD,125.707111497,125.707111497
125.815782164,2.8238838919148828,46.18629873233113,0.006276223999085883,0.0,0.0,False,0.0,0.6276223999085881,0.6,FUSED,ACCEPTED,ACCEPTED,125.803071994,125.803071994
125.865782164,2.8109986525930717,46.32717079594382,0.011276223999085599,0.0,0.0,False,0.0,0.0,0.6,MODEL_ONLY,DUPLICATE_OR_OLD,DUPLICATE_OR_OLD,125.803071994,125.803071994
125.91578216399999,2.798113413271248,46.46739859759042,0.016276223999085314,0.0,0.0,False,0.0,0.0,0.6,MODEL_ONLY,DUPLICATE_OR_OLD,DUPLICATE_OR_OLD,125.803071994,125.803071994
125.96578216399999,2.839656752667961,46.60834285173889,0.006802683085946519,0.0,0.0,False,0.0,0.6802683085946517,0.6,FUSED,ACCEPTED,ACCEPTED,125.909053482,125.909053482
126.015782164,2.8267715133461118,46.75000355838928,0.011802683085947657,0.0,0.0,False,0.0,0.0,0.6,MODEL_ONLY,DUPLICATE_OR_OLD,DUPLICATE_OR_OLD,125.909053482,125.909053482
126.065782164,2.8631822432575254,46.892252402304365,0.006269030243004668,0.0,0.0,False,0.0,0.6269030243004666,0.6,FUSED,ACCEPTED,ACCEPTED,126.001029981,126.001029981
126.115782164,2.8810880557223886,47.03585915977885,0.0052983281862185,0.0,0.0,False,0.0,0.5298328186218499,0.6,FUSED,ACCEPTED,ACCEPTED,126.104994154,126.104994154
126.16578216399999,2.8682028164005136,47.17959143158192,0.010298328186218217,0.0,0.0,False,0.0,0.0,0.6,MODEL_ONLY,DUPLICATE_OR_OLD,DUPLICATE_OR_OLD,126.104994154,126.104994154
126.21578216399999,2.855317577078631,47.322679441418884,0.015298328186217933,0.0,0.0,False,0.0,0.0,0.6,MODEL_ONLY,DUPLICATE_OR_OLD,DUPLICATE_OR_OLD,126.104994154,126.104994154
126.265782164,2.9033571557233926,47.46664630973897,0.00669948786001057,0.0,0.0,False,0.0,0.6699487860010569,0.6,FUSED,ACCEPTED,ACCEPTED,126.206973718,126.206973718
126.315782164,2.8904719164014967,47.61149203654209,0.011699487860010287,0.0,0.0,False,0.0,0.0,0.6,MODEL_ONLY,DUPLICATE_OR_OLD,DUPLICATE_OR_OLD,126.206973718,126.206973718
126.365782164,2.9195705596598183,47.75674309844361,0.006254609806588159,0.0,0.0,False,0.0,0.6254609806588157,0.6,FUSED,ACCEPTED,ACCEPTED,126.33292993,126.33292993
126.41578216399999,2.9449850995068747,47.90335698992277,0.005295138282472495,0.0,0.0,False,0.0,0.5295138282472494,0.6,FUSED,ACCEPTED,ACCEPTED,126.404909562,126.404909562
126.46578216399999,2.9320998601849615,48.050284113915055,0.010295138282472211,0.0,0.0,False,0.0,0.0,0.6,MODEL_ONLY,DUPLICATE_OR_OLD,DUPLICATE_OR_OLD,126.404909562,126.404909562
126.515782164,2.966151774489747,48.19774040478196,0.006046671147503131,0.0,0.0,False,0.0,0.604667114750313,0.6,FUSED,ACCEPTED,ACCEPTED,126.498882493,126.498882493
126.565782164,2.9532665351678244,48.345725862523395,0.011046671147502848,0.0,0.0,False,0.0,0.0,0.6,MODEL_ONLY,DUPLICATE_OR_OLD,DUPLICATE_OR_OLD,126.498882493,126.498882493
126.615782164,2.9403812958458984,48.49306705829873,0.016046671147502564,0.0,0.0,False,0.0,0.0,0.6,MODEL_ONLY,DUPLICATE_OR_OLD,DUPLICATE_OR_OLD,126.498882493,126.498882493
126.66578216399999,2.971074850261532,48.64085346195141,0.006779042766778395,0.0,0.0,False,0.0,0.6779042766778394,0.6,FUSED,ACCEPTED,ACCEPTED,126.600862291,126.600862291
126.71578216399999,2.9581896109395993,48.78908507348143,0.011779042766778111,0.0,0.0,False,0.0,0.0,0.6,MODEL_ONLY,DUPLICATE_OR_OLD,DUPLICATE_OR_OLD,126.600862291,126.600862291
126.765782164,2.9843667123286344,48.93764898156317,0.006265736573524763,0.0,0.0,False,0.0,0.6265736573524763,0.6,FUSED,ACCEPTED,ACCEPTED,126.702826265,126.702826265
126.815782164,3.0020460702823453,49.08730930112844,0.005297599984168972,0.0,0.0,False,0.0,0.529759998416897,0.6,FUSED,ACCEPTED,ACCEPTED,126.802807254,126.802807254
126.865782164,2.9891608309604045,49.2370894736595,0.010297599984168689,0.0,0.0,False,0.0,0.0,0.6,MODEL_ONLY,DUPLICATE_OR_OLD,DUPLICATE_OR_OLD,126.802807254,126.802807254
126.91578216399999,2.976275591638462,49.38622538422447,0.015297599984168405,0.0,0.0,False,0.0,0.0,0.6,MODEL_ONLY,DUPLICATE_OR_OLD,DUPLICATE_OR_OLD,126.802807254,126.802807254
126.96578216399999,2.9633903523165177,49.53471703282333,0.02029759998416812,0.0,0.0,False,0.0,0.0,0.6,MODEL_ONLY,DUPLICATE_OR_OLD,DUPLICATE_OR_OLD,126.802807254,126.802807254
127.015782164,3.026583430456863,49.684466377392695,0.007166946193371522,0.0,0.0,False,0.0,0.7166946193371523,0.6,FUSED,ACCEPTED,ACCEPTED,127.000748724,127.000748724
127.065782164,3.0136981911349157,49.835473417932484,0.012166946193371239,0.0,0.0,False,0.0,0.0,0.6,MODEL_ONLY,DUPLICATE_OR_OLD,DUPLICATE_OR_OLD,127.000748724,127.000748724
127.115782164,3.0420768455393405,49.986867793849335,0.006319056279339886,0.0,0.0,False,0.0,0.6319056279339885,0.6,FUSED,ACCEPTED,ACCEPTED,127.098725845,127.098725845
127.16578216399999,3.0291916062173905,50.13864950514324,0.011319056279339603,0.0,0.0,False,0.0,0.0,0.6,MODEL_ONLY,DUPLICATE_OR_OLD,DUPLICATE_OR_OLD,127.098725845,127.098725845
127.21578216399999,3.016306366895439,50.289786954471055,0.01631905627933932,0.0,0.0,False,0.0,0.0,0.6,MODEL_ONLY,DUPLICATE_OR_OLD,DUPLICATE_OR_OLD,127.098725845,127.098725845
127.265782164,3.052639853869115,50.4415106099902,0.00680705577115474,0.0,0.0,False,0.0,0.680705577115474,0.6,FUSED,ACCEPTED,ACCEPTED,127.200701234,127.200701234
127.315782164,3.081721926852097,50.59486965450822,0.005414328231678291,0.0,0.0,False,0.0,0.541432823167829,0.6,FUSED,ACCEPTED,ACCEPTED,127.300663844,127.300663844
127.365782164,3.0688366875301423,50.74863361986777,0.010414328231678007,0.0,0.0,False,0.0,0.0,0.6,MODEL_ONLY,DUPLICATE_OR_OLD,DUPLICATE_OR_OLD,127.300663844,127.300663844
127.41578216399999,3.055951448208187,50.90175332326122,0.015414328231677724,0.0,0.0,False,0.0,0.0,0.6,MODEL_ONLY,DUPLICATE_OR_OLD,DUPLICATE_OR_OLD,127.300663844,127.300663844
127.46578216399999,3.0954517437070033,51.05553840305908,0.006712075991346507,0.0,0.0,False,0.0,0.6712075991346507,0.6,FUSED,ACCEPTED,ACCEPTED,127.408632056,127.408632056
127.515782164,3.0825665043850425,51.20998885926142,0.011712075991347645,0.0,0.0,False,0.0,0.0,0.6,MODEL_ONLY,DUPLICATE_OR_OLD,DUPLICATE_OR_OLD,127.408632056,127.408632056
127.565782164,3.1045078311201935,51.364665717649046,0.006256374830904486,0.0,0.0,False,0.0,0.6256374830904485,0.6,FUSED,ACCEPTED,ACCEPTED,127.496602027,127.496602027
127.615782164,3.1074663506751,51.51996507219392,0.011256374830904203,0.0,0.0,False,0.0,0.0,0.6,MODEL_ONLY,RATE_ANOMALY,RATE_ANOMALY,127.604597031,127.604597031
127.66578216399999,3.094581111353141,51.67501625874462,0.01625637483090392,0.0,0.0,False,0.0,0.0,0.6,MODEL_ONLY,DUPLICATE_OR_OLD,DUPLICATE_OR_OLD,127.604597031,127.604597031
127.71578216399999,3.081695872031182,51.82942318332922,0.021256374830903636,0.0,0.0,False,0.0,0.0,0.6,MODEL_ONLY,ZERO_LOCK_SUSPECT,ZERO_LOCK_SUSPECT,127.70656366,127.70656366
127.765782164,3.0688106327092184,51.983185845947766,0.026256374830904775,0.0,0.0,False,0.0,0.0,0.6,MODEL_ONLY,DUPLICATE_OR_OLD,DUPLICATE_OR_OLD,127.70656366,127.70656366
127.815782164,3.0559253933872585,52.13630424660017,0.03125637483090449,0.0,0.0,False,0.0,0.0,0.6,MODEL_ONLY,ZERO_LOCK_SUSPECT,ZERO_LOCK_SUSPECT,127.806521772,127.806521772
127.865782164,3.0430401540652983,52.28877838528648,0.0362563748309042,0.0,0.0,False,0.0,0.0,0.6,MODEL_ONLY,DUPLICATE_OR_OLD,DUPLICATE_OR_OLD,127.806521772,127.806521772
127.91578216399999,3.030154914743338,52.440608262006684,0.041256374830903914,0.0,0.0,False,0.0,0.0,0.6,MODEL_ONLY,DUPLICATE_OR_OLD,DUPLICATE_OR_OLD,127.806521772,127.806521772
127.96578216399999,3.017269675421378,52.591793876760796,0.04625637483090363,0.0,0.0,False,0.0,0.0,0.6,MODEL_ONLY,ZERO_LOCK_SUSPECT,ZERO_LOCK_SUSPECT,127.912985487,127.912985487
128.015782164,3.0043844360994147,52.74233522954885,0.05125637483090476,0.0,0.0,False,0.0,0.0,0.6,MODEL_ONLY,ZERO_LOCK_SUSPECT,ZERO_LOCK_SUSPECT,128.002466222,128.002466222
128.06578216399998,2.991499196777459,52.892232320370724,0.05625637483090306,0.0,0.0,False,0.0,0.0,0.6,MODEL_ONLY,DUPLICATE_OR_OLD,DUPLICATE_OR_OLD,128.002466222,128.002466222
128.115782164,2.978613957455496,53.04148514922658,0.061256374830904195,0.0,0.0,False,0.0,0.0,0.6,MODEL_ONLY,DUPLICATE_OR_OLD,DUPLICATE_OR_OLD,128.002466222,128.002466222
128.165782164,2.9657287181335334,53.190093716116344,0.06625637483090534,0.0,0.0,False,0.0,0.0,0.6,MODEL_ONLY,ZERO_LOCK_SUSPECT,ZERO_LOCK_SUSPECT,128.104430493,128.104430493
128.215782164,2.952843478811579,53.33805802103992,0.07125637483090363,0.0,0.0,False,0.0,0.0,0.6,MODEL_ONLY,ZERO_LOCK_SUSPECT,ZERO_LOCK_SUSPECT,128.206410839,128.206410839
128.265782164,2.9399582394896178,53.48537806399748,0.07625637483090478,0.0,0.0,False,0.0,0.0,0.6,MODEL_ONLY,DUPLICATE_OR_OLD,DUPLICATE_OR_OLD,128.206410839,128.206410839
128.31578216399998,2.9270730001676646,53.63205384498886,0.08125637483090307,0.0,0.0,False,0.0,0.0,0.6,MODEL_ONLY,ZERO_LOCK_SUSPECT,ZERO_LOCK_SUSPECT,128.308375694,128.308375694
128.365782164,2.914187760845705,53.77808536401423,0.08625637483090422,0.0,0.0,False,0.0,0.0,0.6,MODEL_ONLY,DUPLICATE_OR_OLD,DUPLICATE_OR_OLD,128.308375694,128.308375694
128.415782164,2.901302521523747,53.9234726210735,0.09125637483090536,0.0,0.0,False,0.0,0.0,0.6,MODEL_ONLY,ZERO_LOCK_SUSPECT,ZERO_LOCK_SUSPECT,128.402362074,128.402362074
128.465782164,2.8884172822017975,54.06821561616659,0.09625637483090366,0.0,0.0,False,0.0,0.0,0.6,MODEL_ONLY,DUPLICATE_OR_OLD,DUPLICATE_OR_OLD,128.402362074,128.402362074
128.515782164,2.875532042879842,54.21231434929366,0.1012563748309048,0.0,0.0,False,0.0,0.0,0.6,MODEL_ONLY,DUPLICATE_OR_OLD,DUPLICATE_OR_OLD,128.402362074,128.402362074
128.56578216399998,2.862646803557896,54.35576882045456,0.1062563748309031,0.0,0.0,False,0.0,0.0,0.6,MODEL_ONLY,ZERO_LOCK_SUSPECT,ZERO_LOCK_SUSPECT,128.496338176,128.496338176
128.615782164,2.8497615642359446,54.498579029649434,0.11125637483090424,0.0,0.0,False,0.0,0.0,0.6,MODEL_ONLY,ZERO_LOCK_SUSPECT,ZERO_LOCK_SUSPECT,128.600292635,128.600292635
128.665782164,2.836876324913996,54.64074497687822,0.11625637483090538,0.0,0.0,False,0.0,0.0,0.6,MODEL_ONLY,DUPLICATE_OR_OLD,DUPLICATE_OR_OLD,128.600292635,128.600292635
128.715782164,2.823991085592057,54.78226666214082,0.12125637483090368,0.0,0.0,False,0.0,0.0,0.6,MODEL_ONLY,ZERO_LOCK_SUSPECT,ZERO_LOCK_SUSPECT,128.706270984,128.706270984
128.765782164,2.811105846270114,54.92314408543741,0.12625637483090482,0.0,0.0,False,0.0,0.0,0.6,MODEL_ONLY,DUPLICATE_OR_OLD,DUPLICATE_OR_OLD,128.706270984,128.706270984
128.81578216399998,2.7982206069481816,55.063377246767814,0.1312563748309031,0.0,0.0,False,0.0,0.0,0.6,MODEL_ONLY,ZERO_LOCK_SUSPECT,ZERO_LOCK_SUSPECT,128.80224585,128.80224585
128.865782164,2.7853353676262462,55.202966146132205,0.13625637483090425,0.0,0.0,False,0.0,0.0,0.6,MODEL_ONLY,DUPLICATE_OR_OLD,DUPLICATE_OR_OLD,128.80224585,128.80224585
128.915782164,2.7724501283043153,55.3419107835305,0.1412563748309054,0.0,0.0,False,0.0,0.0,0.6,MODEL_ONLY,ZERO_LOCK_SUSPECT,ZERO_LOCK_SUSPECT,128.91458206,128.91458206
128.965782164,2.7595648889823967,55.480211158962625,0.14625637483090367,0.0,0.0,False,0.0,0.0,0.6,MODEL_ONLY,DUPLICATE_OR_OLD,DUPLICATE_OR_OLD,128.91458206,128.91458206
129.015782164,2.746679649660477,55.617867272428725,0.15125637483090482,0.0,0.0,False,0.0,0.0,0.6,MODEL_ONLY,ZERO_LOCK_SUSPECT,ZERO_LOCK_SUSPECT,129.000189475,129.000189475
129.06578216399998,2.733794410338571,55.75487912392865,0.1562563748309031,0.0,0.0,False,0.0,0.0,0.6,MODEL_ONLY,DUPLICATE_OR_OLD,DUPLICATE_OR_OLD,129.000189475,129.000189475
129.115782164,2.720909171016666,55.891246713462564,0.16125637483090424,0.0,0.0,False,0.0,0.0,0.6,MODEL_ONLY,ZERO_LOCK_SUSPECT,ZERO_LOCK_SUSPECT,129.104181988,129.104181988
129.165782164,2.7080239316947696,56.02697004103038,0.16625637483090538,0.0,0.0,False,0.0,0.0,0.6,MODEL_ONLY,DUPLICATE_OR_OLD,DUPLICATE_OR_OLD,129.104181988,129.104181988
129.215782164,2.6951386923728906,56.162049106632026,0.17125637483090367,0.0,0.0,False,0.0,0.0,0.6,MODEL_ONLY,ZERO_LOCK_SUSPECT,ZERO_LOCK_SUSPECT,129.208130951,129.208130951
129.265782164,2.6822534530510156,56.29648391026765,0.1762563748309048,0.0,0.0,False,0.0,0.0,0.6,MODEL_ONLY,DUPLICATE_OR_OLD,DUPLICATE_OR_OLD,129.208130951,129.208130951
129.31578216399998,2.669368213729161,56.43027445193711,0.1812563748309031,0.0,0.0,False,0.0,0.0,0.6,MODEL_ONLY,DUPLICATE_OR_OLD,DUPLICATE_OR_OLD,129.208130951,129.208130951
129.365782164,2.6564829744073135,56.56342073164055,0.18625637483090424,0.0,0.0,False,0.0,0.0,0.6,MODEL_ONLY,ZERO_LOCK_SUSPECT,ZERO_LOCK_SUSPECT,129.314481739,129.314481739
129.415782164,2.643597735085483,56.6959227493779,0.19125637483090538,0.0,0.0,False,0.0,0.0,0.6,MODEL_ONLY,DUPLICATE_OR_OLD,DUPLICATE_OR_OLD,129.314481739,129.314481739
129.465782164,2.630712495763679,56.827780505149086,0.19625637483090366,0.0,0.0,False,0.0,0.0,0.6,MODEL_ONLY,ZERO_LOCK_SUSPECT,ZERO_LOCK_SUSPECT,129.402078327,129.402078327
129.515782164,2.617827256441889,56.958993998954256,0.2012563748309048,0.0,0.0,False,0.0,0.0,0.6,MODEL_ONLY,ZERO_LOCK_SUSPECT,ZERO_LOCK_SUSPECT,129.498054025,129.498054025
129.56578216399998,2.6049420171201314,57.08956323079326,0.2062563748309031,0.0,0.0,False,0.0,0.0,0.6,MODEL_ONLY,DUPLICATE_OR_OLD,DUPLICATE_OR_OLD,129.498054025,129.498054025
129.615782164,2.5920567777983945,57.219488200666255,0.21125637483090423,0.0,0.0,False,0.0,0.0,0.6,MODEL_ONLY,ZERO_LOCK_SUSPECT,ZERO_LOCK_SUSPECT,129.600022099,129.600022099
129.665782164,2.5791715384766896,57.34876890857316,0.21625637483090537,0.0,0.0,False,0.0,0.0,0.6,MODEL_ONLY,DUPLICATE_OR_OLD,DUPLICATE_OR_OLD,129.600022099,129.600022099
129.715782164,2.5662862991550286,57.47740535451391,0.22125637483090366,0.0,0.0,False,0.0,0.0,0.6,MODEL_ONLY,DUPLICATE_OR_OLD,DUPLICATE_OR_OLD,129.600022099,129.600022099
129.765782164,2.5534010598334014,57.60539753848865,0.2262563748309048,0.0,0.0,False,0.0,0.0,0.6,MODEL_ONLY,DUPLICATE_OR_OLD,DUPLICATE_OR_OLD,129.600022099,129.600022099
129.81578216399998,2.540515820511829,57.73274546049724,0.23125637483090308,0.0,0.0,False,0.0,0.0,0.6,MODEL_ONLY,DUPLICATE_OR_OLD,DUPLICATE_OR_OLD,129.600022099,129.600022099
129.865782164,2.5276305811903024,57.85944912053982,0.23625637483090423,0.0,0.0,False,0.0,0.0,0.6,MODEL_ONLY,ZERO_LOCK_SUSPECT,ZERO_LOCK_SUSPECT,129.801973447,129.801973447
129.915782164,2.514745341868837,57.98550851861633,0.24125637483090537,0.0,0.0,False,0.0,0.0,0.6,MODEL_ONLY,ZERO_LOCK_SUSPECT,ZERO_LOCK_SUSPECT,129.905943539,129.905943539
129.965782164,2.501860102547448,58.11092365472669,0.24625637483090365,0.0,0.0,False,0.0,0.0,0.6,MODEL_ONLY,DUPLICATE_OR_OLD,DUPLICATE_OR_OLD,129.905943539,129.905943539
130.015782164,2.488974863226131,58.23569452887106,0.2512563748309048,0.0,0.0,False,0.0,0.0,0.6,MODEL_ONLY,ZERO_LOCK_SUSPECT,ZERO_LOCK_SUSPECT,130.001916503,130.001916503
130.06578216399998,2.4760896239049104,58.35982114104929,0.2562563748309031,0.0,0.0,False,0.0,0.0,0.6,MODEL_ONLY,DUPLICATE_OR_OLD,DUPLICATE_OR_OLD,130.001916503,130.001916503
130.115782164,2.4632043845837845,58.48330349126153,0.2612563748309042,0.0,0.0,False,0.0,0.0,0.6,MODEL_ONLY,ZERO_LOCK_SUSPECT,ZERO_LOCK_SUSPECT,130.09988315,130.09988315
130.165782164,2.4503191452627746,58.60614157950772,0.2662563748309053,0.0,0.0,False,0.0,0.0,0.6,MODEL_ONLY,DUPLICATE_OR_OLD,DUPLICATE_OR_OLD,130.09988315,130.09988315
130.215782164,2.437433905941904,58.728335405787796,0.2712563748309036,0.0,0.0,False,0.0,0.0,0.6,MODEL_ONLY,ZERO_LOCK_SUSPECT,ZERO_LOCK_SUSPECT,130.199856854,130.199856854
130.265782164,2.4245486666211766,58.8498849701019,0.2762563748309047,0.0,0.0,False,0.0,0.0,0.6,MODEL_ONLY,DUPLICATE_OR_OLD,DUPLICATE_OR_OLD,130.199856854,130.199856854
130.31578216399998,2.411663427300627,58.970790272449904,0.281256374830903,0.0,0.0,False,0.0,0.0,0.6,MODEL_ONLY,ZERO_LOCK_SUSPECT,ZERO_LOCK_SUSPECT,130.311833319,130.311833319
130.365782164,2.3987781879802648,59.09105131283195,0.2862563748309041,0.0,0.0,False,0.0,0.0,0.6,MODEL_ONLY,DUPLICATE_OR_OLD,DUPLICATE_OR_OLD,130.311833319,130.311833319
130.415782164,2.385892948660123,59.21066809124799,0.2912563748309052,0.0,0.0,False,0.0,0.0,0.6,MODEL_ONLY,DUPLICATE_OR_OLD,DUPLICATE_OR_OLD,130.311833319,130.311833319
130.465782164,2.37300770934024,59.32964060769796,0.2962563748309035,0.0,0.0,False,0.0,0.0,0.6,MODEL_ONLY,ZERO_LOCK_SUSPECT,ZERO_LOCK_SUSPECT,130.40179685,130.40179685
130.515782164,2.360122470020636,59.44796886218201,0.3012563748309046,0.0,0.0,False,0.0,0.0,0.6,MODEL_ONLY,DUPLICATE_OR_OLD,DUPLICATE_OR_OLD,130.40179685,130.40179685
130.56578216399998,2.347237230701364,59.56565285470002,0.3062563748309029,0.0,0.0,False,0.0,0.0,0.6,MODEL_ONLY,ZERO_LOCK_SUSPECT,ZERO_LOCK_SUSPECT,130.495783767,130.495783767
130.615782164,2.334351991382455,59.68269258525214,0.311256374830904,0.0,0.0,False,0.0,0.0,0.6,MODEL_ONLY,DUPLICATE_OR_OLD,DUPLICATE_OR_OLD,130.495783767,130.495783767
130.665782164,2.3214667520639667,59.799088053838325,0.31625637483090513,0.0,0.0,False,0.0,0.0,0.6,MODEL_ONLY,RATE_ANOMALY,RATE_ANOMALY,130.601749175,130.601749175
130.715782164,3.05855120849914,59.93358850285236,0.024998989858439194,0.0,0.0,False,0.0,0.9221836769103876,0.6,FUSED,ACCEPTED,ACCEPTED,130.707727154,130.707727154
130.765782164,3.0456659691802774,60.08619393229438,0.02999898985844033,0.0,0.0,False,0.0,0.0,0.6,MODEL_ONLY,DUPLICATE_OR_OLD,DUPLICATE_OR_OLD,130.707727154,130.707727154
130.81578216399998,3.0921983976810266,60.23964054146586,0.007777727893124093,0.0,0.0,False,0.0,0.7777727893124092,0.6,FUSED,ACCEPTED,ACCEPTED,130.801701313,130.801701313
130.865782164,3.079313158361466,60.393928330366954,0.01277772789312523,0.0,0.0,False,0.0,0.0,0.6,MODEL_ONLY,DUPLICATE_OR_OLD,DUPLICATE_OR_OLD,130.801701313,130.801701313
130.915782164,3.0664279190416184,60.54757185730207,0.017777727893126365,0.0,0.0,False,0.0,0.0,0.6,MODEL_ONLY,DUPLICATE_OR_OLD,DUPLICATE_OR_OLD,130.801701313,130.801701313
130.965782164,3.0588363316055767,60.700703463568196,0.006949147899266818,0.0,0.0,False,0.0,0.6949147899266817,0.5606681256968996,FUSED,ACCEPTED,ACCEPTED,130.903662132,130.903662132
131.015782164,3.0515213980749847,60.853462406810245,0.005444014480246171,0.0,0.0,False,0.0,0.544401448024617,0.6,FUSED,ACCEPTED,ACCEPTED,130.999654906,130.999654906
131.06578216399998,3.038636158754472,61.00571634573093,0.010444014480244465,0.0,0.0,False,0.0,0.0,0.6,MODEL_ONLY,DUPLICATE_OR_OLD,DUPLICATE_OR_OLD,130.999654906,130.999654906
131.115782164,3.0383486712814958,61.157640966481864,0.006069802582542992,0.0,0.0,False,0.0,0.6069802582542991,0.6,FUSED,ACCEPTED,ACCEPTED,131.101620452,131.101620452
131.165782164,3.0254634319606515,61.30923626906295,0.01106980258254413,0.0,0.0,False,0.0,0.0,0.6,MODEL_ONLY,DUPLICATE_OR_OLD,DUPLICATE_OR_OLD,131.101620452,131.101620452
131.215782164,3.028801786682937,61.46059289952899,0.006164144331995643,0.0,0.0,False,0.0,0.6164144331995642,0.6,FUSED,ACCEPTED,ACCEPTED,131.209586052,131.209586052
131.265782164,3.015916547361841,61.61171085788014,0.01116414433199678,0.0,0.0,False,0.0,0.0,0.6,MODEL_ONLY,DUPLICATE_OR_OLD,DUPLICATE_OR_OLD,131.209586052,131.209586052
131.31578216399998,3.003031308040649,61.762184554265154,0.016164144331995076,0.0,0.0,False,0.0,0.0,0.6,MODEL_ONLY,DUPLICATE_OR_OLD,DUPLICATE_OR_OLD,131.209586052,131.209586052
131.365782164,3.0236234615433597,61.91285092350479,0.006791184159119362,0.0,0.0,False,0.0,0.6791184159119361,0.6,FUSED,ACCEPTED,ACCEPTED,131.325551759,131.325551759
131.415782164,3.025766260446318,62.06408566655456,0.005410988257003651,0.0,0.0,False,0.0,0.541098825700365,0.6,FUSED,ACCEPTED,ACCEPTED,131.405521091,131.405521091
131.465782164,3.0128810211248833,62.215051848593795,0.010410988257001947,0.0,0.0,False,0.0,0.0,0.6,MODEL_ONLY,DUPLICATE_OR_OLD,DUPLICATE_OR_OLD,131.405521091,131.405521091
131.515782164,3.004222071119784,62.36547942589994,0.006064694572733089,0.0,0.0,False,0.0,0.6064694572733087,0.5894679100833948,FUSED,ACCEPTED,ACCEPTED,131.499506257,131.499506257
131.56578216399998,2.9908102273024024,62.515355233360445,0.011064694572731383,0.0,0.0,False,0.0,0.0,0.5894679100833948,MODEL_ONLY,DUPLICATE_OR_OLD,DUPLICATE_OR_OLD,131.499506257,131.499506257
131.615782164,2.977398383484965,62.66456044863016,0.01606469457273252,0.0,0.0,False,0.0,0.0,0.5894679100833948,MODEL_ONLY,DUPLICATE_OR_OLD,DUPLICATE_OR_OLD,131.499506257,131.499506257
131.665782164,2.972088501692209,62.81329762075963,0.0067809115339645815,0.0,0.0,False,0.0,0.678091153396458,0.6,FUSED,ACCEPTED,ACCEPTED,131.601480756,131.601480756
131.715782164,2.9658601032270355,62.96174633588256,0.0054088239216219,0.0,0.0,False,0.0,0.5408823921621899,0.6,FUSED,ACCEPTED,ACCEPTED,131.70144786,131.70144786
131.765782164,2.952974863905317,63.1097172100609,0.010408823921623038,0.0,0.0,False,0.0,0.0,0.6,MODEL_ONLY,DUPLICATE_OR_OLD,DUPLICATE_OR_OLD,131.70144786,131.70144786
131.81578216399998,2.940089624583577,63.25704382227307,0.015408823921621333,0.0,0.0,False,0.0,0.0,0.6,MODEL_ONLY,DUPLICATE_OR_OLD,DUPLICATE_OR_OLD,131.70144786,131.70144786
131.865782164,2.944042858608379,63.404147134352904,0.00671148084326622,0.0,0.0,False,0.0,0.6711480843266217,0.6,FUSED,ACCEPTED,ACCEPTED,131.805423159,131.805423159
131.915782164,2.9497791692351027,63.55149268504903,0.005394141895622491,0.0,0.0,False,0.0,0.5394141895622491,0.6,FUSED,ACCEPTED,ACCEPTED,131.907389873,131.907389873
131.965782164,2.936893929913296,63.69865951252768,0.010394141895620785,0.0,0.0,False,0.0,0.0,0.6,MODEL_ONLY,DUPLICATE_OR_OLD,DUPLICATE_OR_OLD,131.907389873,131.907389873
132.015782164,2.9240086905914655,63.84518207804034,0.015394141895621922,0.0,0.0,False,0.0,0.0,0.6,MODEL_ONLY,DUPLICATE_OR_OLD,DUPLICATE_OR_OLD,131.907389873,131.907389873
132.06578216399998,2.920308227206331,63.99129000098523,0.006709892309398939,0.0,0.0,False,0.0,0.6709892309398938,0.5959904924511393,FUSED,ACCEPTED,ACCEPTED,132.007359319,132.007359319
132.115782164,2.91716384270361,64.13722680273301,0.005393804880519771,0.0,0.0,False,0.0,0.539380488051977,0.6,FUSED,ACCEPTED,ACCEPTED,132.107324922,132.107324922
132.165782164,2.9042786033817407,64.28276286388517,0.01039380488052091,0.0,0.0,False,0.0,0.0,0.6,MODEL_ONLY,DUPLICATE_OR_OLD,DUPLICATE_OR_OLD,132.107324922,132.107324922
132.215782164,2.8913933640598692,64.42765466307115,0.015393804880519203,0.0,0.0,False,0.0,0.0,0.6,MODEL_ONLY,DUPLICATE_OR_OLD,DUPLICATE_OR_OLD,132.107324922,132.107324922
132.265782164,2.8994783954505143,64.57242645705895,0.006709855827754857,0.0,0.0,False,0.0,0.6709855827754856,0.6,FUSED,ACCEPTED,ACCEPTED,132.213623831,132.213623831
132.31578216399998,2.8865931561286273,64.71707824584837,0.011709855827753152,0.0,0.0,False,0.0,0.0,0.6,MODEL_ONLY,DUPLICATE_OR_OLD,DUPLICATE_OR_OLD,132.213623831,132.213623831
132.365782164,2.879765138022734,64.8612372032022,0.006256063655121279,0.0,0.0,False,0.0,0.6256063655121279,0.5989153107687283,FUSED,ACCEPTED,ACCEPTED,132.317286303,132.317286303
132.415782164,2.877784091423393,65.00517593393839,0.005295460080356818,0.0,0.0,False,0.0,0.5295460080356816,0.6,FUSED,ACCEPTED,ACCEPTED,132.409239784,132.409239784
132.465782164,2.86489885210149,65.14874300752645,0.010295460080355113,0.0,0.0,False,0.0,0.0,0.6,MODEL_ONLY,DUPLICATE_OR_OLD,DUPLICATE_OR_OLD,132.409239784,132.409239784
132.515782164,2.8623460247691654,65.29192412944826,0.00604672144003986,0.0,0.0,False,0.0,0.6046721440039857,0.6,FUSED,ACCEPTED,ACCEPTED,132.497220364,132.497220364
132.56578216399998,2.849460785447256,65.43471929970362,0.011046721440038154,0.0,0.0,False,0.0,0.0,0.6,MODEL_ONLY,DUPLICATE_OR_OLD,DUPLICATE_OR_OLD,132.497220364,132.497220364
132.615782164,2.858901124571299,65.5774283474541,0.006160745212014325,0.0,0.0,False,0.0,0.6160745212014324,0.6,FUSED,ACCEPTED,ACCEPTED,132.601189453,132.601189453
132.665782164,2.8460158852493778,65.72005127269966,0.011160745212015462,0.0,0.0,False,0.0,0.0,0.6,MODEL_ONLY,DUPLICATE_OR_OLD,DUPLICATE_OR_OLD,132.601189453,132.601189453
132.715782164,2.829308602921411,65.86193438490389,0.006177478921583735,0.0,0.0,False,0.0,0.6177478921583733,0.563493681397306,FUSED,ACCEPTED,ACCEPTED,132.69916648,132.69916648
132.765782164,2.8145980476693535,66.00303205116869,0.011177478921584872,0.0,0.0,False,0.0,0.0,0.563493681397306,MODEL_ONLY,DUPLICATE_OR_OLD,DUPLICATE_OR_OLD,132.69916648,132.69916648
132.81578216399998,2.7998874924173047,66.14339418967081,0.016177478921583166,0.0,0.0,False,0.0,0.0,0.563493681397306,MODEL_ONLY,DUPLICATE_OR_OLD,DUPLICATE_OR_OLD,132.69916648,132.69916648
132.865782164,2.804439229208521,66.28350235771148,0.006792556567786835,0.0,0.0,False,0.0,0.6792556567786834,0.6,FUSED,ACCEPTED,ACCEPTED,132.801136175,132.801136175
132.915782164,2.7915539898866,66.4234021881889,0.011792556567787972,0.0,0.0,False,0.0,0.0,0.6,MODEL_ONLY,DUPLICATE_OR_OLD,DUPLICATE_OR_OLD,132.801136175,132.801136175
132.965782164,2.8007913255102195,66.56321082107378,0.006267620085190606,0.0,0.0,False,0.0,0.6267620085190604,0.6,FUSED,ACCEPTED,ACCEPTED,132.909104764,132.909104764
133.015782164,2.802656444446592,66.70329701532272,0.0052980164400421945,0.0,0.0,False,0.0,0.5298016440042195,0.6,FUSED,ACCEPTED,ACCEPTED,132.997077877,132.997077877
133.06578216399998,2.78977120512468,66.84310770656195,0.01029801644004049,0.0,0.0,False,0.0,0.0,0.6,MODEL_ONLY,DUPLICATE_OR_OLD,DUPLICATE_OR_OLD,132.997077877,132.997077877
133.115782164,2.7768859658027623,66.98227413583517,0.015298016440041627,0.0,0.0,False,0.0,0.0,0.6,MODEL_ONLY,DUPLICATE_OR_OLD,DUPLICATE_OR_OLD,132.997077877,132.997077877
133.165782164,2.800895605381762,67.12171867511482,0.006699453899964323,0.0,0.0,False,0.0,0.6699453899964322,0.6,FUSED,ACCEPTED,ACCEPTED,133.103059001,133.103059001
133.215782164,2.8242902184558623,67.26234832071071,0.005391589094314845,0.0,0.0,False,0.0,0.5391589094314845,0.6,FUSED,ACCEPTED,ACCEPTED,133.203029754,133.203029754
133.265782164,2.811404979133944,67.4032407006505,0.010391589094315982,0.0,0.0,False,0.0,0.0,0.6,MODEL_ONLY,DUPLICATE_OR_OLD,DUPLICATE_OR_OLD,133.203029754,133.203029754
133.31578216399998,2.798519739812033,67.5434888186241,0.015391589094314276,0.0,0.0,False,0.0,0.0,0.6,MODEL_ONLY,DUPLICATE_OR_OLD,DUPLICATE_OR_OLD,133.203029754,133.203029754
133.365782164,2.8283727470287547,67.68416113079516,0.00670961595033198,0.0,0.0,False,0.0,0.6709615950331979,0.6,FUSED,ACCEPTED,ACCEPTED,133.317004345,133.317004345
133.415782164,2.815487507706835,67.82525763716359,0.011709615950333117,0.0,0.0,False,0.0,0.0,0.6,MODEL_ONLY,DUPLICATE_OR_OLD,DUPLICATE_OR_OLD,133.317004345,133.317004345
133.465782164,2.840126304209337,67.96664798246144,0.006256030031058563,0.0,0.0,False,0.0,0.6256030031058564,0.6,FUSED,ACCEPTED,ACCEPTED,133.408983872,133.408983872
133.515782164,2.869842511778937,68.10939720286117,0.00529545263843351,0.0,0.0,False,0.0,0.5295452638433509,0.6,FUSED,ACCEPTED,ACCEPTED,133.496960152,133.496960152
133.56578216399998,2.856957272457019,68.25256719746703,0.010295452638431804,0.0,0.0,False,0.0,0.0,0.6,MODEL_ONLY,DUPLICATE_OR_OLD,DUPLICATE_OR_OLD,133.496960152,133.496960152
133.615782164,2.892428452721705,68.39630184059654,0.006046720276985128,0.0,0.0,False,0.0,0.6046720276985127,0.6,FUSED,ACCEPTED,ACCEPTED,133.600921041,133.600921041
133.665782164,2.879543213399775,68.5406011322496,0.011046720276986265,0.0,0.0,False,0.0,0.0,0.6,MODEL_ONLY,DUPLICATE_OR_OLD,DUPLICATE_OR_OLD,133.600921041,133.600921041
133.715782164,2.8666579740778513,68.68425616193649,0.01604672027698456,0.0,0.0,False,0.0,0.0,0.6,MODEL_ONLY,DUPLICATE_OR_OLD,DUPLICATE_OR_OLD,133.600921041,133.600921041
133.765782164,2.9011540010480568,68.82845146131466,0.0067790478637407645,0.0,0.0,False,0.0,0.6779047863740765,0.6,FUSED,ACCEPTED,ACCEPTED,133.702899132,133.702899132
133.81578216399998,2.8882687617261293,68.97318703038397,0.01177904786373906,0.0,0.0,False,0.0,0.0,0.6,MODEL_ONLY,DUPLICATE_OR_OLD,DUPLICATE_OR_OLD,133.702899132,133.702899132
133.865782164,2.9246437625989388,69.11850984349213,0.006265737284281731,0.0,0.0,False,0.0,0.6265737284281729,0.6,FUSED,ACCEPTED,ACCEPTED,133.806857046,133.806857046
133.915782164,2.911758523277,69.26441990063906,0.01126573728428287,0.0,0.0,False,0.0,0.0,0.6,MODEL_ONLY,DUPLICATE_OR_OLD,DUPLICATE_OR_OLD,133.806857046,133.806857046
133.965782164,2.9481049498238003,69.41091648746654,0.0061927586910021605,0.0,0.0,False,0.0,0.6192758691002158,0.6,FUSED,ACCEPTED,ACCEPTED,133.910846594,133.910846594
134.015782164,2.978880774773686,69.5590911305815,0.005281407132595165,0.0,0.0,False,0.0,0.5281407132595164,0.6,FUSED,ACCEPTED,ACCEPTED,134.010809264,134.010809264
134.06578216399998,2.965995535451748,69.70771303833709,0.01028140713259346,0.0,0.0,False,0.0,0.0,0.6,MODEL_ONLY,DUPLICATE_OR_OLD,DUPLICATE_OR_OLD,134.010809264,134.010809264
134.115782164,2.9531102961298017,69.85569068412667,0.015281407132594597,0.0,0.0,False,0.0,0.0,0.6,MODEL_ONLY,DUPLICATE_OR_OLD,DUPLICATE_OR_OLD,134.010809264,134.010809264
134.165782164,2.9932890360719466,70.00435066743174,0.006697643555264074,0.0,0.0,False,0.0,0.6697643555264072,0.6,FUSED,ACCEPTED,ACCEPTED,134.104776497,134.104776497
134.215782164,3.0165770955253697,70.15459732072162,0.005391204591166454,0.0,0.0,False,0.0,0.5391204591166452,0.6,FUSED,ACCEPTED,ACCEPTED,134.206747279,134.206747279
134.265782164,3.0036918562034183,70.30510404451486,0.010391204591167592,0.0,0.0,False,0.0,0.0,0.6,MODEL_ONLY,DUPLICATE_OR_OLD,DUPLICATE_OR_OLD,134.206747279,134.206747279
134.31578216399998,2.990806616881473,70.45496650634195,0.015391204591165886,0.0,0.0,False,0.0,0.0,0.6,MODEL_ONLY,DUPLICATE_OR_OLD,DUPLICATE_OR_OLD,134.206747279,134.206747279
134.365782164,3.0343155765706307,70.6055945611783,0.006709574321082876,0.0,0.0,False,0.0,0.6709574321082874,0.6,FUSED,ACCEPTED,ACCEPTED,134.332723254,134.332723254
134.415782164,3.0518253668159994,70.757748084763,0.005393737411844069,0.0,0.0,False,0.0,0.5393737411844068,0.6,FUSED,ACCEPTED,ACCEPTED,134.402689045,134.402689045
134.465782164,3.0389401274940506,70.91001722212069,0.010393737411842364,0.0,0.0,False,0.0,0.0,0.6,MODEL_ONLY,DUPLICATE_OR_OLD,DUPLICATE_OR_OLD,134.402689045,134.402689045
134.515782164,3.07204483870745,71.06279184627576,0.006062021183484376,0.0,0.0,False,0.0,0.6062021183484376,0.6,FUSED,ACCEPTED,ACCEPTED,134.500674432,134.500674432
134.56578216399998,3.059159599385499,71.21607195722802,0.011062021183482672,0.0,0.0,False,0.0,0.0,0.6,MODEL_ONLY,DUPLICATE_OR_OLD,DUPLICATE_OR_OLD,134.500674432,134.500674432
134.615782164,3.0462743600635402,71.36870780621429,0.016062021183483807,0.0,0.0,False,0.0,0.0,0.6,MODEL_ONLY,DUPLICATE_OR_OLD,DUPLICATE_OR_OLD,134.500674432,134.500674432
134.665782164,3.0756362431852304,71.52175557129553,0.006780634479343927,0.0,0.0,False,0.0,0.6780634479343925,0.6,FUSED,ACCEPTED,ACCEPTED,134.600645257,134.600645257
134.715782164,3.0627510038632773,71.6752152524717,0.011780634479342222,0.0,0.0,False,0.0,0.0,0.6,MODEL_ONLY,DUPLICATE_OR_OLD,DUPLICATE_OR_OLD,134.600645257,134.600645257
134.765782164,3.091012166346545,71.82905933172698,0.006265958520245937,0.0,0.0,False,0.0,0.6265958520245934,0.6,FUSED,ACCEPTED,ACCEPTED,134.702610348,134.702610348
134.81578216399998,3.0781269270245906,71.9832878090612,0.011265958520244233,0.0,0.0,False,0.0,0.0,0.6,MODEL_ONLY,DUPLICATE_OR_OLD,DUPLICATE_OR_OLD,134.702610348,134.702610348
134.865782164,3.1041236396513168,72.13784407322812,0.006192790759076178,0.0,0.0,False,0.0,0.6192790759076177,0.6,FUSED,ACCEPTED,ACCEPTED,134.80459095,134.80459095
134.915782164,3.091238400329354,72.29272812422768,0.011192790759077316,0.0,0.0,False,0.0,0.0,0.6,MODEL_ONLY,DUPLICATE_OR_OLD,DUPLICATE_OR_OLD,134.80459095,134.80459095
134.965782164,3.121439160025334,72.44804506323649,0.006182155581670856,0.0,0.0,False,0.0,0.6182155581670856,0.6,FUSED,ACCEPTED,ACCEPTED,134.930551631,134.930551631
135.015782164,3.137404294618549,72.60451614960262,0.005279045155983763,0.0,0.0,False,0.0,0.5279045155983761,0.6,FUSED,ACCEPTED,ACCEPTED,135.000532186,135.000532186
135.06578216399998,3.124519055296592,72.76106423335045,0.010279045155982058,0.0,0.0,False,0.0,0.0,0.6,MODEL_ONLY,DUPLICATE_OR_OLD,DUPLICATE_OR_OLD,135.000532186,135.000532186
135.115782164,3.1116338159746273,72.91696805513227,0.015279045155983195,0.0,0.0,False,0.0,0.0,0.6,MODEL_ONLY,DUPLICATE_OR_OLD,DUPLICATE_OR_OLD,135.000532186,135.000532186
135.165782164,3.132738462900777,73.07307736210419,0.0066973859484391295,0.0,0.0,False,0.0,0.6697385948439127,0.6,FUSED,ACCEPTED,ACCEPTED,135.102499781,135.102499781
135.215782164,3.119853223578819,73.22939215426612,0.011697385948437423,0.0,0.0,False,0.0,0.0,0.6,MODEL_ONLY,DUPLICATE_OR_OLD,DUPLICATE_OR_OLD,135.102499781,135.102499781
135.265782164,3.137125220686718,73.3858166153728,0.006254314928317968,0.0,0.0,False,0.0,0.6254314928317966,0.6,FUSED,ACCEPTED,ACCEPTED,135.20647454,135.20647454
135.31578216399998,3.1242399813647594,73.54235074542403,0.011254314928316262,0.0,0.0,False,0.0,0.0,0.6,MODEL_ONLY,DUPLICATE_OR_OLD,DUPLICATE_OR_OLD,135.20647454,135.20647454
135.365782164,3.138581143996287,73.69892127355808,0.0061911022903080246,0.0,0.0,False,0.0,0.6191102290308024,0.6,FUSED,ACCEPTED,ACCEPTED,135.314807527,135.314807527
135.415782164,3.125695904674321,73.85552819977488,0.011191102290309162,0.0,0.0,False,0.0,0.0,0.6,MODEL_ONLY,DUPLICATE_OR_OLD,DUPLICATE_OR_OLD,135.314807527,135.314807527
135.465782164,3.1398146425071873,74.01216596345438,0.00618190945567774,0.0,0.0,False,0.0,0.618190945567774,0.6,FUSED,ACCEPTED,ACCEPTED,135.406411263,135.406411263
135.515782164,3.147226272615693,74.16934198633247,0.005278990300225745,0.0,0.0,False,0.0,0.5278990300225743,0.6,FUSED,ACCEPTED,ACCEPTED,135.506390311,135.506390311
135.56578216399998,3.1343410332937336,74.32638116898016,0.01027899030022404,0.0,0.0,False,0.0,0.0,0.6,MODEL_ONLY,DUPLICATE_OR_OLD,DUPLICATE_OR_OLD,135.506390311,135.506390311
135.615782164,3.1214557939717666,74.48277608966183,0.015278990300225177,0.0,0.0,False,0.0,0.0,0.6,MODEL_ONLY,DUPLICATE_OR_OLD,DUPLICATE_OR_OLD,135.506390311,135.506390311
135.665782164,3.1466035954868254,74.63947757439833,0.00669737996516837,0.0,0.0,False,0.0,0.6697379965168371,0.6,FUSED,ACCEPTED,ACCEPTED,135.612360982,135.612360982
135.715782164,3.1607576212388233,74.79716160481641,0.005391148601326905,0.0,0.0,False,0.0,0.5391148601326903,0.6,FUSED,ACCEPTED,ACCEPTED,135.708334811,135.708334811
135.765782164,3.1478723819168564,74.95487735489533,0.010391148601328042,0.0,0.0,False,0.0,0.0,0.6,MODEL_ONLY,DUPLICATE_OR_OLD,DUPLICATE_OR_OLD,135.708334811,135.708334811
135.81578216399998,3.1349871425948965,75.11194884300807,0.015391148601326336,0.0,0.0,False,0.0,0.0,0.6,MODEL_ONLY,DUPLICATE_OR_OLD,DUPLICATE_OR_OLD,135.708334811,135.708334811
135.865782164,3.159164835326555,75.26930264245614,0.006709568259107127,0.0,0.0,False,0.0,0.6709568259107125,0.6,FUSED,ACCEPTED,ACCEPTED,135.812312449,135.812312449
135.915782164,3.1708663243369175,75.42755342144775,0.0053937361256346066,0.0,0.0,False,0.0,0.5393736125634607,0.6,FUSED,ACCEPTED,ACCEPTED,135.908274554,135.908274554
135.965782164,3.1579810850149572,75.5857746066815,0.0103937361256329,0.0,0.0,False,0.0,0.0,0.6,MODEL_ONLY,DUPLICATE_OR_OLD,DUPLICATE_OR_OLD,135.908274554,135.908274554
136.015782164,3.1751442465076196,75.74410273996959,0.006062020984023155,0.0,0.0,False,0.0,0.6062020984023154,0.6,FUSED,ACCEPTED,ACCEPTED,136.006246115,136.006246115
136.06578216399998,3.1622590071856593,75.90253782131187,0.01106202098402145,0.0,0.0,False,0.0,0.0,0.6,MODEL_ONLY,DUPLICATE_OR_OLD,DUPLICATE_OR_OLD,136.006246115,136.006246115
136.115782164,3.149373767863692,76.06032864068816,0.01606202098402259,0.0,0.0,False,0.0,0.0,0.6,MODEL_ONLY,DUPLICATE_OR_OLD,DUPLICATE_OR_OLD,136.006246115,136.006246115
136.165782164,3.1720690238787057,76.21836471048174,0.00678063445867114,0.0,0.0,False,0.0,0.6780634458671138,0.6,FUSED,ACCEPTED,ACCEPTED,136.124213433,136.124213433
136.215782164,3.192210039962938,76.37747168707772,0.005408765516461042,0.0,0.0,False,0.0,0.5408765516461042,0.6,FUSED,ACCEPTED,ACCEPTED,136.210192207,136.210192207
136.265782164,3.1793248006409702,76.53676005809285,0.010408765516462179,0.0,0.0,False,0.0,0.0,0.6,MODEL_ONLY,DUPLICATE_OR_OLD,DUPLICATE_OR_OLD,136.210192207,136.210192207
136.31578216399998,3.16643956131901,76.6954041671418,0.015408765516460473,0.0,0.0,False,0.0,0.0,0.6,MODEL_ONLY,DUPLICATE_OR_OLD,DUPLICATE_OR_OLD,136.210192207,136.210192207
136.365782164,3.225135300780236,76.85519353869432,0.006711474527110758,0.0,0.0,False,0.0,0.6711474527110758,0.6,FUSED,ACCEPTED,ACCEPTED,136.316173125,136.316173125
136.415782164,3.2583304211061397,77.01728018174153,0.0053941405557173736,0.0,0.0,False,0.0,0.5394140555717373,0.6,FUSED,ACCEPTED,ACCEPTED,136.408133572,136.408133572
136.465782164,3.245445181784179,77.17987457181373,0.010394140555715668,0.0,0.0,False,0.0,0.0,0.6,MODEL_ONLY,DUPLICATE_OR_OLD,DUPLICATE_OR_OLD,136.408133572,136.408133572
136.515782164,3.2325599424622107,77.34182469991993,0.015394140555716805,0.0,0.0,False,0.0,0.0,0.6,MODEL_ONLY,DUPLICATE_OR_OLD,DUPLICATE_OR_OLD,136.408133572,136.408133572
136.56578216399998,3.2861295186449926,77.50479193644755,0.006709892164356768,0.0,0.0,False,0.0,0.6709892164356768,0.6,FUSED,ACCEPTED,ACCEPTED,136.500109323,136.500109323
136.615782164,3.2732442793230243,77.66877628139679,0.011709892164357905,0.0,0.0,False,0.0,0.0,0.6,MODEL_ONLY,DUPLICATE_OR_OLD,DUPLICATE_OR_OLD,136.500109323,136.500109323
136.665782164,3.314599459662856,77.83347237487146,0.006256068748437807,0.0,0.0,False,0.0,0.6256068748437805,0.6,FUSED,ACCEPTED,ACCEPTED,136.604079167,136.604079167
136.715782164,3.3540004239588446,78.00018737196194,0.005295461207644174,0.0,0.0,False,0.0,0.5295461207644174,0.6,FUSED,ACCEPTED,ACCEPTED,136.70606329,136.70606329
136.765782164,3.341115184636876,78.16756526217688,0.010295461207645311,0.0,0.0,False,0.0,0.0,0.6,MODEL_ONLY,DUPLICATE_OR_OLD,DUPLICATE_OR_OLD,136.70606329,136.70606329
136.81578216399998,3.3921378654710503,78.3358965884295,0.006046721616216957,0.0,0.0,False,0.0,0.6046721616216956,0.6,FUSED,ACCEPTED,ACCEPTED,136.814388759,136.814388759
136.865782164,3.3792526261490816,78.50518135072006,0.011046721616218095,0.0,0.0,False,0.0,0.0,0.6,MODEL_ONLY,DUPLICATE_OR_OLD,DUPLICATE_OR_OLD,136.814388759,136.814388759
136.915782164,3.42572586685687,78.67530581304526,0.006160745237983032,0.0,0.0,False,0.0,0.6160745237983031,0.6,FUSED,ACCEPTED,ACCEPTED,136.902005076,136.902005076
136.965782164,3.4128406275349086,78.846269975405,0.011160745237981327,0.0,0.0,False,0.0,0.0,0.6,MODEL_ONLY,DUPLICATE_OR_OLD,DUPLICATE_OR_OLD,136.902005076,136.902005076
137.015782164,3.4585731929267687,79.01805532091657,0.006177478925378196,0.0,0.0,False,0.0,0.6177478925378195,0.6,FUSED,ACCEPTED,ACCEPTED,136.999973005,136.999973005
137.06578216399998,3.445687953604807,79.19066184957981,0.011177478925376492,0.0,0.0,False,0.0,0.0,0.6,MODEL_ONLY,DUPLICATE_OR_OLD,DUPLICATE_OR_OLD,136.999973005,136.999973005
137.115782164,3.432802714282838,79.36262411627705,0.01617747892537763,0.0,0.0,False,0.0,0.0,0.6,MODEL_ONLY,DUPLICATE_OR_OLD,DUPLICATE_OR_OLD,136.999973005,136.999973005
137.165782164,3.4774503385030275,79.53538044259673,0.006792556568177198,0.0,0.0,False,0.0,0.6792556568177196,0.6,FUSED,ACCEPTED,ACCEPTED,137.099949699,137.099949699
137.215782164,3.464565099181066,79.70893082853877,0.011792556568175492,0.0,0.0,False,0.0,0.0,0.6,MODEL_ONLY,DUPLICATE_OR_OLD,DUPLICATE_OR_OLD,137.099949699,137.099949699
137.265782164,3.5236068108638676,79.88363512628995,0.006267620085244986,0.0,0.0,False,0.0,0.6267620085244985,0.6,FUSED,ACCEPTED,ACCEPTED,137.201918899,137.201918899
137.31578216399998,3.5650230135268886,80.06085087189965,0.005298016440053589,0.0,0.0,False,0.0,0.5298016440053588,0.6,FUSED,ACCEPTED,ACCEPTED,137.311892098,137.311892098
137.365782164,3.5521377742049194,80.23877989159298,0.010298016440054725,0.0,0.0,False,0.0,0.0,0.6,MODEL_ONLY,DUPLICATE_OR_OLD,DUPLICATE_OR_OLD,137.311892098,137.311892098
137.415782164,3.6112528193600237,80.41786465643214,0.0060471209180786205,0.0,0.0,False,0.0,0.6047120918078619,0.6,FUSED,ACCEPTED,ACCEPTED,137.405853922,137.405853922
137.465782164,3.5983675800380617,80.59810516641704,0.011047120918076915,0.0,0.0,False,0.0,0.0,0.6,MODEL_ONLY,DUPLICATE_OR_OLD,DUPLICATE_OR_OLD,137.405853922,137.405853922
137.515782164,3.5854823407160925,80.77770141443594,0.016047120918078053,0.0,0.0,False,0.0,0.0,0.6,MODEL_ONLY,DUPLICATE_OR_OLD,DUPLICATE_OR_OLD,137.405853922,137.405853922
137.56578216399998,3.5725971013941304,80.95665340048863,0.021047120918076347,0.0,0.0,False,0.0,0.0,0.6,MODEL_ONLY,DUPLICATE_OR_OLD,DUPLICATE_OR_OLD,137.405853922,137.405853922
137.615782164,3.5597118620721613,81.13496112457533,0.026047120918077482,0.0,0.0,False,0.0,0.0,0.6,MODEL_ONLY,DUPLICATE_OR_OLD,DUPLICATE_OR_OLD,137.405853922,137.405853922
137.665782164,3.7094298133039354,81.31668966645978,0.007563775539834357,0.0,0.0,False,0.0,0.7563775539834355,0.6,FUSED,ACCEPTED,ACCEPTED,137.63579434,137.63579434
137.715782164,3.6965445739819733,81.50183902614187,0.012563775539832652,0.0,0.0,False,0.0,0.0,0.6,MODEL_ONLY,DUPLICATE_OR_OLD,DUPLICATE_OR_OLD,137.63579434,137.63579434
137.765782164,3.7544836311427026,81.68811473127003,0.006372049980762433,0.0,0.0,False,0.0,0.6372049980762431,0.6,FUSED,ACCEPTED,ACCEPTED,137.695787436,137.695787436
137.81578216399998,3.7415983918207405,81.87551678184406,0.011372049980760728,0.0,0.0,False,0.0,0.0,0.6,MODEL_ONLY,DUPLICATE_OR_OLD,DUPLICATE_OR_OLD,137.695787436,137.695787436
137.865782164,3.803710230273727,82.06414949739646,0.006208106685944061,0.0,0.0,False,0.0,0.6208106685944059,0.6,FUSED,ACCEPTED,ACCEPTED,137.803752873,137.803752873
137.915782164,3.862127639529565,82.25579544414158,0.005284821908866063,0.0,0.0,False,0.0,0.5284821908866061,0.6,FUSED,ACCEPTED,ACCEPTED,137.914145062,137.914145062
137.965782164,3.849242400207603,82.44857969513495,0.010284821908864358,0.0,0.0,False,0.0,0.0,0.6,MODEL_ONLY,DUPLICATE_OR_OLD,DUPLICATE_OR_OLD,137.914145062,137.914145062
138.015782164,3.8363571608856333,82.64071968416232,0.015284821908865496,0.0,0.0,False,0.0,0.0,0.6,MODEL_ONLY,DUPLICATE_OR_OLD,DUPLICATE_OR_OLD,137.914145062,137.914145062
138.06578216399998,3.9216740869443916,82.834670465358,0.006698015913683419,0.0,0.0,False,0.0,0.6698015913683418,0.6,FUSED,ACCEPTED,ACCEPTED,137.99569894,137.99569894
138.115782164,3.98628663995256,83.03236948353046,0.005391283682443437,0.0,0.0,False,0.0,0.5391283682443436,0.6,FUSED,ACCEPTED,ACCEPTED,138.109659682,138.109659682
138.165782164,3.9734014006305904,83.23136168454509,0.010391283682444574,0.0,0.0,False,0.0,0.0,0.6,MODEL_ONLY,DUPLICATE_OR_OLD,DUPLICATE_OR_OLD,138.109659682,138.109659682
138.215782164,3.9605161613086284,83.42970962359351,0.015391283682442868,0.0,0.0,False,0.0,0.0,0.6,MODEL_ONLY,DUPLICATE_OR_OLD,DUPLICATE_OR_OLD,138.109659682,138.109659682
138.265782164,4.044756943335318,83.62984145120966,0.006709582884194968,0.0,0.0,False,0.0,0.6709582884194965,0.6,FUSED,ACCEPTED,ACCEPTED,138.19965856,138.19965856
138.31578216399998,4.099967541407082,83.83345956332815,0.005393739228734333,0.0,0.0,False,0.0,0.5393739228734331,0.6,FUSED,ACCEPTED,ACCEPTED,138.305602306,138.305602306
138.365782164,4.087082302085113,84.0381358094155,0.01039373922873547,0.0,0.0,False,0.0,0.0,0.6,MODEL_ONLY,DUPLICATE_OR_OLD,DUPLICATE_OR_OLD,138.305602306,138.305602306
138.415782164,4.074197062763144,84.24216779353675,0.015393739228736608,0.0,0.0,False,0.0,0.0,0.6,MODEL_ONLY,DUPLICATE_OR_OLD,DUPLICATE_OR_OLD,138.305602306,138.305602306
138.465782164,4.061311823441182,84.4455555156918,0.020393739228734904,0.0,0.0,False,0.0,0.0,0.6,MODEL_ONLY,DUPLICATE_OR_OLD,DUPLICATE_OR_OLD,138.305602306,138.305602306
138.515782164,4.048426584119213,84.64829897588085,0.025393739228736043,0.0,0.0,False,0.0,0.0,0.6,MODEL_ONLY,DUPLICATE_OR_OLD,DUPLICATE_OR_OLD,138.305602306,138.305602306
138.56578216399998,4.183854781950054,84.85410601003251,0.007524368827710203,0.0,0.0,False,0.0,0.7524368827710202,0.6,FUSED,ACCEPTED,ACCEPTED,138.495560182,138.495560182
138.615782164,4.170969542628085,85.062976618147,0.012524368827711341,0.0,0.0,False,0.0,0.0,0.6,MODEL_ONLY,DUPLICATE_OR_OLD,DUPLICATE_OR_OLD,138.495560182,138.495560182
138.665782164,4.247363050441966,85.2734349329738,0.006366855835062182,0.0,0.0,False,0.0,0.636685583506218,0.6,FUSED,ACCEPTED,ACCEPTED,138.599535879,138.599535879
138.715782164,4.300976982019964,85.48714343378529,0.005319854227877934,0.0,0.0,False,0.0,0.5319854227877934,0.6,FUSED,ACCEPTED,ACCEPTED,138.695515723,138.695515723
138.765782164,4.288091742697995,85.7018701519033,0.010319854227879071,0.0,0.0,False,0.0,0.0,0.6,MODEL_ONLY,DUPLICATE_OR_OLD,DUPLICATE_OR_OLD,138.695515723,138.695515723
138.81578216399998,4.275206503376033,85.91595260805506,0.015319854227877367,0.0,0.0,False,0.0,0.0,0.6,MODEL_ONLY,DUPLICATE_OR_OLD,DUPLICATE_OR_OLD,138.695515723,138.695515723
138.865782164,4.341567955927037,86.13137196953768,0.006701831108803553,0.0,0.0,False,0.0,0.6701831108803551,0.6,FUSED,ACCEPTED,ACCEPTED,138.795471377,138.795471377
138.915782164,4.390956052597477,86.34968506975085,0.0053920938975776656,0.0,0.0,False,0.0,0.5392093897577664,0.6,FUSED,ACCEPTED,ACCEPTED,138.90345394,138.90345394
138.965782164,4.378070813275515,86.5689107413976,0.01039209389757596,0.0,0.0,False,0.0,0.0,0.6,MODEL_ONLY,DUPLICATE_OR_OLD,DUPLICATE_OR_OLD,138.90345394,138.90345394
139.015782164,4.436043101988348,86.78926358927924,0.0060617662961012465,0.0,0.0,False,0.0,0.6061766296101245,0.6,FUSED,ACCEPTED,ACCEPTED,138.995426921,138.995426921
139.06578216399998,4.423157862666386,87.01074361339553,0.011061766296099541,0.0,0.0,False,0.0,0.0,0.6,MODEL_ONLY,DUPLICATE_OR_OLD,DUPLICATE_OR_OLD,138.995426921,138.995426921
139.115782164,4.410272623344417,87.23157937554585,0.016061766296100677,0.0,0.0,False,0.0,0.0,0.6,MODEL_ONLY,DUPLICATE_OR_OLD,DUPLICATE_OR_OLD,138.995426921,138.995426921
139.165782164,4.474238666538624,87.45369215779297,0.00678060806179751,0.0,0.0,False,0.0,0.678060806179751,0.6,FUSED,ACCEPTED,ACCEPTED,139.101390914,139.101390914
139.215782164,4.461353427216662,87.67708196013677,0.011780608061795806,0.0,0.0,False,0.0,0.0,0.6,MODEL_ONLY,DUPLICATE_OR_OLD,DUPLICATE_OR_OLD,139.101390914,139.101390914
139.265782164,4.523925899721586,87.90171394331028,0.006265954836826431,0.0,0.0,False,0.0,0.626595483682643,0.6,FUSED,ACCEPTED,ACCEPTED,139.207358186,139.207358186
139.31578216399998,4.5636880253739935,88.12890429143759,0.005297648247289739,0.0,0.0,False,0.0,0.5297648247289739,0.6,FUSED,ACCEPTED,ACCEPTED,139.307335962,139.307335962
139.365782164,4.550802786052024,88.35676656172329,0.010297648247290877,0.0,0.0,False,0.0,0.0,0.6,MODEL_ONLY,DUPLICATE_OR_OLD,DUPLICATE_OR_OLD,139.307335962,139.307335962
139.415782164,4.537917546730055,88.58398457004289,0.015297648247292014,0.0,0.0,False,0.0,0.0,0.6,MODEL_ONLY,DUPLICATE_OR_OLD,DUPLICATE_OR_OLD,139.307335962,139.307335962
139.465782164,4.591450635532055,88.81221877459936,0.006699413790014427,0.0,0.0,False,0.0,0.6699413790014426,0.6,FUSED,ACCEPTED,ACCEPTED,139.40730463,139.40730463
139.515782164,4.627788677934,89.04269975743607,0.005391580575968717,0.0,0.0,False,0.0,0.5391580575968717,0.6,FUSED,ACCEPTED,ACCEPTED,139.505291504,139.505291504
139.56578216399998,4.614903438612038,89.27376706034964,0.010391580575967011,0.0,0.0,False,0.0,0.0,0.6,MODEL_ONLY,DUPLICATE_OR_OLD,DUPLICATE_OR_OLD,139.505291504,139.505291504
139.615782164,4.668495304246159,89.50585202892115,0.006061686679928664,0.0,0.0,False,0.0,0.6061686679928662,0.6,FUSED,ACCEPTED,ACCEPTED,139.607250731,139.607250731
139.665782164,4.65561006492419,89.73895466315047,0.011061686679929801,0.0,0.0,False,0.0,0.0,0.6,MODEL_ONLY,DUPLICATE_OR_OLD,DUPLICATE_OR_OLD,139.607250731,139.607250731
139.715782164,4.642724825602228,89.97141303541356,0.016061686679928095,0.0,0.0,False,0.0,0.0,0.6,MODEL_ONLY,DUPLICATE_OR_OLD,DUPLICATE_OR_OLD,139.607250731,139.607250731
139.765782164,4.6826717893956475,90.20454795078855,0.006780599809970532,0.0,0.0,False,0.0,0.6780599809970531,0.6,FUSED,ACCEPTED,ACCEPTED,139.703222693,139.703222693
139.81578216399998,4.6697865500736855,90.43835940927521,0.011780599809968827,0.0,0.0,False,0.0,0.0,0.6,MODEL_ONLY,DUPLICATE_OR_OLD,DUPLICATE_OR_OLD,139.703222693,139.703222693
139.865782164,4.714877486660494,90.67297601019361,0.006265953686266142,0.0,0.0,False,0.0,0.6265953686266142,0.6,FUSED,ACCEPTED,ACCEPTED,139.807195423,139.807195423
139.915782164,4.7019922473385245,90.90839775354364,0.01126595368626728,0.0,0.0,False,0.0,0.0,0.6,MODEL_ONLY,DUPLICATE_OR_OLD,DUPLICATE_OR_OLD,139.807195423,139.807195423
139.965782164,4.694278157370395,91.14330451366129,0.006192790058398305,0.0,0.0,False,0.0,0.6192790058398303,0.5525070604161961,FUSED,ACCEPTED,ACCEPTED,139.907157222,139.907157222
140.015782164,4.7028938758019425,91.37823381449064,0.0052814141165727965,0.0,0.0,False,0.0,0.5281414116572796,0.6,FUSED,ACCEPTED,ACCEPTED,139.995141856,139.995141856
140.06578216399998,4.6900086364799805,91.61305637729761,0.010281414116571092,0.0,0.0,False,0.0,0.0,0.6,MODEL_ONLY,DUPLICATE_OR_OLD,DUPLICATE_OR_OLD,139.995141856,139.995141856
140.115782164,4.677123397158011,91.84723467813862,0.01528141411657223,0.0,0.0,False,0.0,0.0,0.6,MODEL_ONLY,DUPLICATE_OR_OLD,DUPLICATE_OR_OLD,139.995141856,139.995141856
140.165782164,4.702398481969654,92.08172272511686,0.006697644316905636,0.0,0.0,False,0.0,0.6697644316905633,0.6,FUSED,ACCEPTED,ACCEPTED,140.101114089,140.101114089
140.215782164,4.689513242647692,92.31652051823222,0.01169764431690393,0.0,0.0,False,0.0,0.0,0.6,MODEL_ONLY,DUPLICATE_OR_OLD,DUPLICATE_OR_OLD,140.101114089,140.101114089
140.265782164,4.672431600506334,92.55056913931112,0.006254351177467762,0.0,0.0,False,0.0,0.6254351177467761,0.55408607182207,FUSED,ACCEPTED,ACCEPTED,140.209093189,140.209093189
140.31578216399998,4.657250664775476,92.78381119594309,0.011254351177466057,0.0,0.0,False,0.0,0.0,0.55408607182207,MODEL_ONLY,DUPLICATE_OR_OLD,DUPLICATE_OR_OLD,140.209093189,140.209093189
140.365782164,4.64134884450005,93.01627618367503,0.006191107549219308,0.0,0.0,False,0.0,0.6191107549219306,0.5613050849335115,FUSED,ACCEPTED,ACCEPTED,140.301050899,140.301050899
140.415782164,4.626528859424756,93.2479731262732,0.011191107549220446,0.0,0.0,False,0.0,0.0,0.5613050849335115,MODEL_ONLY,DUPLICATE_OR_OLD,DUPLICATE_OR_OLD,140.301050899,140.301050899
140.465782164,4.6220736923119095,93.47918819006654,0.006181910222311965,0.0,0.0,False,0.0,0.6181910222311964,0.5914794377366981,FUSED,ACCEPTED,ACCEPTED,140.407031891,140.407031891
140.515782164,4.6183996680964725,93.71020002407681,0.005278990471092659,0.0,0.0,False,0.0,0.5278990471092656,0.6,FUSED,ACCEPTED,ACCEPTED,140.504995854,140.504995854
140.56578216399998,4.6055144287745104,93.94079787649851,0.010278990471090953,0.0,0.0,False,0.0,0.0,0.6,MODEL_ONLY,DUPLICATE_OR_OLD,DUPLICATE_OR_OLD,140.504995854,140.504995854
140.615782164,4.601919288086269,94.17098371942008,0.006044145824796466,0.0,0.0,False,0.0,0.6044145824796465,0.6,FUSED,ACCEPTED,ACCEPTED,140.613525827,140.613525827
