t,v,s,pvv,pvd,pdd,active,added,gain,d,mode,front_status,rear_status,front_t,rear_t
145.511615933,0.0,0.0,1.0,0.0,0.0,False,0.0,0.0,0.0,WAITING_FOR_INITIALIZATION,MISSING_OR_STALE,MISSING_OR_STALE,,
145.561615933,0.0,0.0,1.0,0.0,0.0,False,0.0,0.0,0.0,WAITING_FOR_INITIALIZATION,MISSING_OR_STALE,MISSING_OR_STALE,,
145.611615933,0.0,0.0,0.010000000000000002,0.0,0.0,False,0.0,0.0,0.0,INITIALIZED,ACCEPTED,ACCEPTED,145.504196877,145.504196877
145.661615933,0.0,0.0,0.01500000000000114,0.0,0.0,False,0.0,0.0,0.0,MODEL_ONLY,DUPLICATE_OR_OLD,DUPLICATE_OR_OLD,145.504196877,145.504196877
145.711615933,0.0,0.0,0.006666666666666605,0.0,0.0,False,0.0,0.6666666666666603,0.0,FUSED,ACCEPTED,ACCEPTED,145.620185549,145.620185549
145.761615933,0.0,0.0,0.011666666666667741,0.0,0.0,False,0.0,0.0,0.0,MODEL_ONLY,DUPLICATE_OR_OLD,DUPLICATE_OR_OLD,145.620185549,145.620185549
145.811615933,0.0,0.0,0.006250000000000313,0.0,0.0,False,0.0,0.625000000000031,0.0,FUSED,ACCEPTED,ACCEPTED,145.736184129,145.736184129
145.861615933,0.0,0.0,0.011249999999998608,0.0,0.0,False,0.0,0.0,0.0,MODEL_ONLY,DUPLICATE_OR_OLD,DUPLICATE_OR_OLD,145.736184129,145.736184129
145.911615933,0.0,0.0,0.006190476190476154,0.0,0.0,False,0.0,0.6190476190476153,0.0,FUSED,ACCEPTED,ACCEPTED,145.822178965,145.822178965
145.961615933,0.0,0.0,0.01119047619047445,0.0,0.0,False,0.0,0.0,0.0,MODEL_ONLY,DUPLICATE_OR_OLD,DUPLICATE_OR_OLD,145.822178965,145.822178965
146.011615933,0.0,0.0,0.01619047619047559,0.0,0.0,False,0.0,0.0,0.0,MODEL_ONLY,DUPLICATE_OR_OLD,DUPLICATE_OR_OLD,145.822178965,145.822178965
146.061615933,0.0,0.0,0.021190476190476724,0.0,0.0,False,0.0,0.0,0.0,MODEL_ONLY,DUPLICATE_OR_OLD,DUPLICATE_OR_OLD,145.822178965,145.822178965
146.111615933,0.0,0.0,0.007236842105263069,0.0,0.0,False,0.0,0.7236842105263068,0.0,FUSED,ACCEPTED,ACCEPTED,146.01823111,146.01823111
146.161615933,0.0,0.0,0.012236842105264207,0.0,0.0,False,0.0,0.0,0.0,STOPPED,DUPLICATE_OR_OLD,DUPLICATE_OR_OLD,146.01823111,146.01823111
146.211615933,0.0,0.0,0.006328502415458849,0.0,0.0,False,0.0,0.0,0.0,STOPPED,ACCEPTED,ACCEPTED,146.116218022,146.116218022
146.261615933,0.0,0.0,0.011328502415459987,0.0,0.0,False,0.0,0.0,0.0,STOPPED,DUPLICATE_OR_OLD,DUPLICATE_OR_OLD,146.116218022,146.116218022
146.311615933,0.0,0.0,0.006201834862385637,0.0,0.0,False,0.0,0.0,0.0,STOPPED,ACCEPTED,ACCEPTED,146.222307242,146.222307242
146.361615933,0.0,0.0,0.011201834862383932,0.0,0.0,False,0.0,0.0,0.0,STOPPED,DUPLICATE_OR_OLD,DUPLICATE_OR_OLD,146.222307242,146.222307242
146.411615933,0.0,0.0,0.006183473389355707,0.0,0.0,False,0.0,0.0,0.0,STOPPED,ACCEPTED,ACCEPTED,146.308165955,146.308165955
146.461615933,0.0,0.0,0.011183473389354001,0.0,0.0,False,0.0,0.0,0.0,STOPPED,DUPLICATE_OR_OLD,DUPLICATE_OR_OLD,146.308165955,146.308165955
146.511615933,0.0,0.0,0.006180797004546584,0.0,0.0,False,0.0,0.0,0.0,STOPPED,ACCEPTED,ACCEPTED,146.424188591,146.424188591
146.561615933,0.0,0.0,0.01118079700454772,0.0,0.0,False,0.0,0.0,0.0,STOPPED,DUPLICATE_OR_OLD,DUPLICATE_OR_OLD,146.424188591,146.424188591
146.611615933,0.0,0.0,0.006180406578812859,0.0,0.0,False,0.0,0.0,0.0,STOPPED,ACCEPTED,ACCEPTED,146.518167936,146.518167936
146.661615933,0.0,0.0,0.011180406578813997,0.0,0.0,False,0.0,0.0,0.0,STOPPED,DUPLICATE_OR_OLD,DUPLICATE_OR_OLD,146.518167936,146.518167936
146.711615933,0.0,0.0,0.006180349617605647,0.0,0.0,False,0.0,0.0,0.0,STOPPED,ACCEPTED,ACCEPTED,146.622185119,146.622185119
146.761615933,0.0,0.0,0.011180349617606784,0.0,0.0,False,0.0,0.0,0.0,STOPPED,DUPLICATE_OR_OLD,DUPLICATE_OR_OLD,146.622185119,146.622185119
146.811615933,0.0,0.0,0.006180341307102189,0.0,0.0,False,0.0,0.0,0.0,STOPPED,ACCEPTED,ACCEPTED,146.736202804,146.736202804
146.861615933,0.0,0.0,0.011180341307100484,0.0,0.0,False,0.0,0.0,0.0,STOPPED,DUPLICATE_OR_OLD,DUPLICATE_OR_OLD,146.736202804,146.736202804
146.911615933,0.0,0.0,0.006180340094616177,0.0,0.0,False,0.0,0.0,0.0,STOPPED,ACCEPTED,ACCEPTED,146.852234562,146.852234562
146.961615933,0.0,0.0,0.011180340094614473,0.0,0.0,False,0.0,0.0,0.0,STOPPED,DUPLICATE_OR_OLD,DUPLICATE_OR_OLD,146.852234562,146.852234562
147.011615933,0.0,0.0,0.0061803399177168625,0.0,0.0,False,0.0,0.0,0.0,STOPPED,ACCEPTED,ACCEPTED,146.908175622,146.908175622
147.061615933,0.0,0.0,0.011180339917718,0.0,0.0,False,0.0,0.0,0.0,STOPPED,DUPLICATE_OR_OLD,DUPLICATE_OR_OLD,146.908175622,146.908175622
147.111615933,0.0,0.0,0.006180339891907601,0.0,0.0,False,0.0,0.0,0.0,STOPPED,ACCEPTED,ACCEPTED,147.014175245,147.014175245
147.161615933,0.0,0.0,0.011180339891908739,0.0,0.0,False,0.0,0.0,0.0,STOPPED,DUPLICATE_OR_OLD,DUPLICATE_OR_OLD,147.014175245,147.014175245
147.211615933,0.0,0.0,0.00618033988814208,0.0,0.0,False,0.0,0.0,0.0,STOPPED,ACCEPTED,ACCEPTED,147.120246603,147.120246603
147.261615933,0.0,0.0,0.011180339888143216,0.0,0.0,False,0.0,0.0,0.0,STOPPED,DUPLICATE_OR_OLD,DUPLICATE_OR_OLD,147.120246603,147.120246603
147.311615933,0.0,0.0,0.006180339887593113,0.0,0.0,False,0.0,0.0,0.0,STOPPED,ACCEPTED,ACCEPTED,147.216184234,147.216184234
147.361615933,0.0,0.0,0.011180339887591408,0.0,0.0,False,0.0,0.0,0.0,STOPPED,DUPLICATE_OR_OLD,DUPLICATE_OR_OLD,147.216184234,147.216184234
147.411615933,0.0,0.0,0.006180339887512605,0.0,0.0,False,0.0,0.0,0.0,STOPPED,ACCEPTED,ACCEPTED,147.304230159,147.304230159
147.461615933,0.0,0.0,0.011180339887510899,0.0,0.0,False,0.0,0.0,0.0,STOPPED,DUPLICATE_OR_OLD,DUPLICATE_OR_OLD,147.304230159,147.304230159
147.511615933,0.0,0.0,0.016180339887512038,0.0,0.0,False,0.0,0.0,0.0,STOPPED,DUPLICATE_OR_OLD,DUPLICATE_OR_OLD,147.304230159,147.304230159
147.561615933,0.0,0.0,0.006792850868182899,0.0,0.0,False,0.0,0.0,0.0,STOPPED,ACCEPTED,ACCEPTED,147.516161212,147.516161212
147.611615933,0.0,0.0,0.011792850868181194,0.0,0.0,False,0.0,0.0,0.0,STOPPED,DUPLICATE_OR_OLD,DUPLICATE_OR_OLD,147.516161212,147.516161212
147.661615933,0.0,0.0,0.01679285086818233,0.0,0.0,False,0.0,0.0,0.0,STOPPED,DUPLICATE_OR_OLD,DUPLICATE_OR_OLD,147.516161212,147.516161212
147.711615933,0.0,0.0,0.006854638786102589,0.0,0.0,False,0.0,0.0,0.0,STOPPED,ACCEPTED,ACCEPTED,147.608175141,147.608175141
147.761615933,0.0,0.0,0.005424312386092376,0.0,0.0,False,0.0,0.0,0.0,STOPPED,ACCEPTED,ACCEPTED,147.732252498,147.732252498
147.811615933,0.0,0.0,0.010424312386093513,0.0,0.0,False,0.0,0.0,0.0,STOPPED,DUPLICATE_OR_OLD,DUPLICATE_OR_OLD,147.732252498,147.732252498
147.861615933,0.0,0.0,0.015424312386091807,0.0,0.0,False,0.0,0.0,0.0,STOPPED,DUPLICATE_OR_OLD,DUPLICATE_OR_OLD,147.732252498,147.732252498
147.911615933,0.0,0.0,0.006713154968599706,0.0,0.0,False,0.0,0.0,0.0,STOPPED,ACCEPTED,ACCEPTED,147.816185906,147.816185906
147.961615933,0.0,0.0,0.011713154968598,0.0,0.0,False,0.0,0.0,0.0,STOPPED,DUPLICATE_OR_OLD,DUPLICATE_OR_OLD,147.816185906,147.816185906
148.011615933,0.0,0.0,0.006256526040538893,0.0,0.0,False,0.0,0.0,0.0,STOPPED,ACCEPTED,ACCEPTED,147.904187168,147.904187168
148.061615933,0.0,0.0,0.011256526040540029,0.0,0.0,False,0.0,0.0,0.0,STOPPED,DUPLICATE_OR_OLD,DUPLICATE_OR_OLD,147.904187168,147.904187168
148.111615933,0.0,0.0,0.00619142304486105,0.0,0.0,False,0.0,0.0,0.0,STOPPED,ACCEPTED,ACCEPTED,148.018167708,148.018167708
148.161615933,0.0,0.0,0.011191423044862188,0.0,0.0,False,0.0,0.0,0.0,STOPPED,DUPLICATE_OR_OLD,DUPLICATE_OR_OLD,148.018167708,148.018167708
148.211615933,0.0,0.0,0.006181956214111746,0.0,0.0,False,0.0,0.0,0.0,STOPPED,ACCEPTED,ACCEPTED,148.120246359,148.120246359
148.261615933,0.0,0.0,0.011181956214112884,0.0,0.0,False,0.0,0.0,0.0,STOPPED,DUPLICATE_OR_OLD,DUPLICATE_OR_OLD,148.120246359,148.120246359
148.311615933,0.0,0.0,0.006180575691815857,0.0,0.0,False,0.0,0.0,0.0,STOPPED,ACCEPTED,ACCEPTED,148.26415328,148.26415328
148.361615933,0.0,0.0,0.011180575691814153,0.0,0.0,False,0.0,0.0,0.0,STOPPED,DUPLICATE_OR_OLD,DUPLICATE_OR_OLD,148.26415328,148.26415328
148.411615933,0.0,0.0,0.006180374290575188,0.0,0.0,False,0.0,0.0,0.0,STOPPED,ACCEPTED,ACCEPTED,148.322161674,148.322161674
148.461615933,0.0,0.0,0.011180374290573482,0.0,0.0,False,0.0,0.0,0.0,STOPPED,DUPLICATE_OR_OLD,DUPLICATE_OR_OLD,148.322161674,148.322161674
148.511615933,0.0,0.0,0.0061803449068334486,0.0,0.0,False,0.0,0.0,0.0,STOPPED,ACCEPTED,ACCEPTED,148.410198447,148.410198447
148.561615933,0.0,0.0,0.011180344906834585,0.0,0.0,False,0.0,0.0,0.0,STOPPED,DUPLICATE_OR_OLD,DUPLICATE_OR_OLD,148.410198447,148.410198447
148.611615933,0.0,0.0,0.00618034061980976,0.0,0.0,False,0.0,0.0,0.0,STOPPED,ACCEPTED,ACCEPTED,148.508156228,148.508156228
148.661615933,0.0,0.0,0.011180340619810897,0.0,0.0,False,0.0,0.0,0.0,STOPPED,DUPLICATE_OR_OLD,DUPLICATE_OR_OLD,148.508156228,148.508156228
148.711615933,0.0,0.0,0.006180339994341571,0.0,0.0,False,0.0,0.0,0.0,STOPPED,ACCEPTED,ACCEPTED,148.602209671,148.602209671
148.761615933,0.0,0.0,0.011180339994342708,0.0,0.0,False,0.0,0.0,0.0,STOPPED,DUPLICATE_OR_OLD,DUPLICATE_OR_OLD,148.602209671,148.602209671
148.811615933,0.0,0.0,0.0061803399030874095,0.0,0.0,False,0.0,0.0,0.0,STOPPED,ACCEPTED,ACCEPTED,148.736162842,148.736162842
148.861615933,0.0,0.0,0.011180339903085704,0.0,0.0,False,0.0,0.0,0.0,STOPPED,DUPLICATE_OR_OLD,DUPLICATE_OR_OLD,148.736162842,148.736162842
148.911615933,0.0,0.0,0.006180339889773193,0.0,0.0,False,0.0,0.0,0.0,STOPPED,ACCEPTED,ACCEPTED,148.816159419,148.816159419
148.961615933,0.0,0.0,0.011180339889771487,0.0,0.0,False,0.0,0.0,0.0,STOPPED,DUPLICATE_OR_OLD,DUPLICATE_OR_OLD,148.816159419,148.816159419
149.011615933,0.0,0.0,0.016180339889772626,0.0,0.0,False,0.0,0.0,0.0,STOPPED,DUPLICATE_OR_OLD,DUPLICATE_OR_OLD,148.816159419,148.816159419
149.061615933,0.0,0.0,0.02118033988977376,0.0,0.0,False,0.0,0.0,0.0,STOPPED,DUPLICATE_OR_OLD,DUPLICATE_OR_OLD,148.816159419,148.816159419
149.111615933,0.0,0.0,0.00723606797767344,0.0,0.0,False,0.0,0.0,0.0,STOPPED,ACCEPTED,ACCEPTED,149.016142186,149.016142186
149.161615933,0.0,0.0,0.012236067977674576,0.0,0.0,False,0.0,0.0,0.0,STOPPED,DUPLICATE_OR_OLD,DUPLICATE_OR_OLD,149.016142186,149.016142186
149.211615933,0.0,0.0,0.0063283980609103955,0.0,0.0,False,0.0,0.0,0.0,STOPPED,ACCEPTED,ACCEPTED,149.116145059,149.116145059
149.261615933,0.0,0.0,0.011328398060911533,0.0,0.0,False,0.0,0.0,0.0,STOPPED,DUPLICATE_OR_OLD,DUPLICATE_OR_OLD,149.116145059,149.116145059
149.311615933,0.0,0.0,0.006201819808077852,0.0,0.0,False,0.0,0.0,0.0,STOPPED,ACCEPTED,ACCEPTED,149.232171991,149.232171991
149.361615933,0.0,0.0,0.011201819808076146,0.0,0.0,False,0.0,0.0,0.0,STOPPED,DUPLICATE_OR_OLD,DUPLICATE_OR_OLD,149.232171991,149.232171991
149.411615933,0.0,0.0,0.006183471196562737,0.0,0.0,False,0.0,0.0,0.0,STOPPED,ACCEPTED,ACCEPTED,149.316139995,149.316139995
149.461615933,0.0,0.0,0.011183471196561032,0.0,0.0,False,0.0,0.0,0.0,STOPPED,DUPLICATE_OR_OLD,DUPLICATE_OR_OLD,149.316139995,149.316139995
149.511615933,0.0,0.0,0.006180796684698942,0.0,0.0,False,0.0,0.0,0.0,STOPPED,ACCEPTED,ACCEPTED,149.424135915,149.424135915
149.561615933,0.0,0.0,0.01118079668470008,0.0,0.0,False,0.0,0.0,0.0,STOPPED,DUPLICATE_OR_OLD,DUPLICATE_OR_OLD,149.424135915,149.424135915
149.611615933,0.0,0.0,0.006180406532149346,0.0,0.0,False,0.0,0.0,0.0,STOPPED,ACCEPTED,ACCEPTED,149.51814064,149.51814064
149.661615933,0.0,0.0,0.011180406532150484,0.0,0.0,False,0.0,0.0,0.0,STOPPED,DUPLICATE_OR_OLD,DUPLICATE_OR_OLD,149.51814064,149.51814064
149.711615933,0.0,0.0,0.006180349610797568,0.0,0.0,False,0.0,0.0,0.0,STOPPED,ACCEPTED,ACCEPTED,149.622132769,149.622132769
149.761615933,0.0,0.0,0.011180349610798706,0.0,0.0,False,0.0,0.0,0.0,STOPPED,DUPLICATE_OR_OLD,DUPLICATE_OR_OLD,149.622132769,149.622132769
149.811615933,0.0,0.0,0.0061803413061089045,0.0,0.0,False,0.0,0.0,0.0,STOPPED,ACCEPTED,ACCEPTED,149.734133986,149.734133986
149.861615933,0.0,0.0,0.011180341306107199,0.0,0.0,False,0.0,0.0,0.0,STOPPED,DUPLICATE_OR_OLD,DUPLICATE_OR_OLD,149.734133986,149.734133986
149.911615933,0.0,0.0,0.006180340094471258,0.0,0.0,False,0.0,0.0,0.0,STOPPED,ACCEPTED,ACCEPTED,149.810128916,149.810128916
149.961615933,0.0,0.0,0.011180340094469554,0.0,0.0,False,0.0,0.0,0.0,STOPPED,DUPLICATE_OR_OLD,DUPLICATE_OR_OLD,149.810128916,149.810128916
150.011615933,0.0,0.0,0.006180339917695719,0.0,0.0,False,0.0,0.0,0.0,STOPPED,ACCEPTED,ACCEPTED,149.902214058,149.902214058
150.061615933,0.0,0.0,0.011180339917696857,0.0,0.0,False,0.0,0.0,0.0,STOPPED,DUPLICATE_OR_OLD,DUPLICATE_OR_OLD,149.902214058,149.902214058
150.111615933,0.0,0.0,0.0061803398919045155,0.0,0.0,False,0.0,0.0,0.0,STOPPED,ACCEPTED,ACCEPTED,150.01213368,150.01213368
150.161615933,0.0,0.0,0.011180339891905653,0.0,0.0,False,0.0,0.0,0.0,STOPPED,DUPLICATE_OR_OLD,DUPLICATE_OR_OLD,150.01213368,150.01213368
150.211615933,0.0,0.0,0.01618033989190395,0.0,0.0,False,0.0,0.0,0.0,STOPPED,DUPLICATE_OR_OLD,DUPLICATE_OR_OLD,150.01213368,150.01213368
150.261615933,0.0,0.0,0.021180339891905084,0.0,0.0,False,0.0,0.0,0.0,STOPPED,DUPLICATE_OR_OLD,DUPLICATE_OR_OLD,150.01213368,150.01213368
150.311615933,0.0,0.0,0.0072360679778364755,0.0,0.0,False,0.0,0.0,0.0,STOPPED,ACCEPTED,ACCEPTED,150.222166083,150.222166083
150.361615933,0.0,0.0,0.012236067977834771,0.0,0.0,False,0.0,0.0,0.0,STOPPED,DUPLICATE_OR_OLD,DUPLICATE_OR_OLD,150.222166083,150.222166083
150.411615933,0.0,0.0,0.006328398060932374,0.0,0.0,False,0.0,0.0,0.0,STOPPED,ACCEPTED,ACCEPTED,150.31613546,150.31613546
150.461615933,0.0,0.0,0.01132839806093067,0.0,0.0,False,0.0,0.0,0.0,STOPPED,DUPLICATE_OR_OLD,DUPLICATE_OR_OLD,150.31613546,150.31613546
150.511615933,0.0,0.0,0.006201819808080614,0.0,0.0,False,0.0,0.0,0.0,STOPPED,ACCEPTED,ACCEPTED,150.422140432,150.422140432
150.561615933,0.0,0.0,0.01120181980808175,0.0,0.0,False,0.0,0.0,0.0,STOPPED,DUPLICATE_OR_OLD,DUPLICATE_OR_OLD,150.422140432,150.422140432
150.611615933,0.0,0.0,0.0061834711965631384,0.0,0.0,False,0.0,0.0,0.0,STOPPED,ACCEPTED,ACCEPTED,150.52613067,150.52613067
150.661615933,0.0,0.0,0.011183471196564276,0.0,0.0,False,0.0,0.0,0.0,STOPPED,DUPLICATE_OR_OLD,DUPLICATE_OR_OLD,150.52613067,150.52613067
150.711615933,0.0,0.0,0.01618347119656257,0.0,0.0,False,0.0,0.0,0.0,STOPPED,DUPLICATE_OR_OLD,DUPLICATE_OR_OLD,150.52613067,150.52613067
150.761615933,0.0,0.0,0.021183471196563705,0.0,0.0,False,0.0,0.0,0.0,STOPPED,DUPLICATE_OR_OLD,DUPLICATE_OR_OLD,150.52613067,150.52613067
150.811615933,0.0,0.0,0.007236307167525329,0.0,0.0,False,0.0,0.0,0.0,STOPPED,ACCEPTED,ACCEPTED,150.736130218,150.736130218
150.861615933,0.0,0.0,0.012236307167523624,0.0,0.0,False,0.0,0.0,0.0,STOPPED,DUPLICATE_OR_OLD,DUPLICATE_OR_OLD,150.736130218,150.736130218
150.911615933,0.0,0.0,0.0063284303049998235,0.0,0.0,False,0.0,0.0,0.0,STOPPED,ACCEPTED,ACCEPTED,150.814175226,150.814175226
150.961615933,0.0,0.0,0.011328430304998117,0.0,0.0,False,0.0,0.0,0.0,STOPPED,DUPLICATE_OR_OLD,DUPLICATE_OR_OLD,150.814175226,150.814175226
151.011615933,0.0,0.0,0.0062018244596597945,0.0,0.0,False,0.0,0.0,0.0,STOPPED,ACCEPTED,ACCEPTED,150.926128395,150.926128395
151.061615933,0.0,0.0,0.011201824459660932,0.0,0.0,False,0.0,0.0,0.0,STOPPED,DUPLICATE_OR_OLD,DUPLICATE_OR_OLD,150.926128395,150.926128395
151.111615933,0.0,0.0,0.006183471874107024,0.0,0.0,False,0.0,0.0,0.0,STOPPED,ACCEPTED,ACCEPTED,151.010224711,151.010224711
151.161615933,0.0,0.0,0.011183471874108161,0.0,0.0,False,0.0,0.0,0.0,STOPPED,DUPLICATE_OR_OLD,DUPLICATE_OR_OLD,151.010224711,151.010224711
151.211615933,0.0,0.0,0.006180796783527677,0.0,0.0,False,0.0,0.0,0.0,STOPPED,ACCEPTED,ACCEPTED,151.12412825,151.12412825
151.261615933,0.0,0.0,0.011180796783528815,0.0,0.0,False,0.0,0.0,0.0,STOPPED,DUPLICATE_OR_OLD,DUPLICATE_OR_OLD,151.12412825,151.12412825
151.311615933,0.0,0.0,0.0061804065465681755,0.0,0.0,False,0.0,0.0,0.0,STOPPED,ACCEPTED,ACCEPTED,151.276160865,151.276160865
151.361615933,0.0,0.0,0.01118040654656647,0.0,0.0,False,0.0,0.0,0.0,STOPPED,DUPLICATE_OR_OLD,DUPLICATE_OR_OLD,151.276160865,151.276160865
151.411615933,0.0,0.0,0.006180349612901235,0.0,0.0,False,0.0,0.0,0.0,STOPPED,ACCEPTED,ACCEPTED,151.324187282,151.324187282
151.461615933,0.0,0.0,0.011180349612899529,0.0,0.0,False,0.0,0.0,0.0,STOPPED,DUPLICATE_OR_OLD,DUPLICATE_OR_OLD,151.324187282,151.324187282
151.511615933,0.0,0.0,0.006180341306415409,0.0,0.0,False,0.0,0.0,0.0,STOPPED,ACCEPTED,ACCEPTED,151.420123055,151.420123055
151.561615933,0.0,0.0,0.011180341306416547,0.0,0.0,False,0.0,0.0,0.0,STOPPED,DUPLICATE_OR_OLD,DUPLICATE_OR_OLD,151.420123055,151.420123055
151.611615933,0.0,0.0,0.006180340094515977,0.0,0.0,False,0.0,0.0,0.0,STOPPED,ACCEPTED,ACCEPTED,151.520148762,151.520148762
151.661615933,0.0,0.0,0.011180340094517113,0.0,0.0,False,0.0,0.0,0.0,STOPPED,DUPLICATE_OR_OLD,DUPLICATE_OR_OLD,151.520148762,151.520148762
151.711615933,0.0,0.0,0.006180339917702243,0.0,0.0,False,0.0,0.0,0.0,STOPPED,ACCEPTED,ACCEPTED,151.622205809,151.622205809
151.761615933,0.0,0.0,0.01118033991770338,0.0,0.0,False,0.0,0.0,0.0,STOPPED,DUPLICATE_OR_OLD,DUPLICATE_OR_OLD,151.622205809,151.622205809
151.811615933,0.0,0.0,0.0061803398919058825,0.0,0.0,False,0.0,0.0,0.0,STOPPED,ACCEPTED,ACCEPTED,151.734181476,151.734181476
151.861615933,0.0,0.0,0.011180339891904176,0.0,0.0,False,0.0,0.0,0.0,STOPPED,DUPLICATE_OR_OLD,DUPLICATE_OR_OLD,151.734181476,151.734181476
151.911615933,0.0,0.0,0.006180339888141829,0.0,0.0,False,0.0,0.0,0.0,STOPPED,ACCEPTED,ACCEPTED,151.816154648,151.816154648
151.961615933,0.0,0.0,0.011180339888140125,0.0,0.0,False,0.0,0.0,0.0,STOPPED,DUPLICATE_OR_OLD,DUPLICATE_OR_OLD,151.816154648,151.816154648
152.011615933,0.0,0.0,0.006180339887592661,0.0,0.0,False,0.0,0.0,0.0,STOPPED,ACCEPTED,ACCEPTED,151.904112447,151.904112447
152.061615933,0.0,0.0,0.011180339887593798,0.0,0.0,False,0.0,0.0,0.0,STOPPED,DUPLICATE_OR_OLD,DUPLICATE_OR_OLD,151.904112447,151.904112447
152.111615933,0.0,0.0,0.006180339887512539,0.0,0.0,False,0.0,0.0,0.0,STOPPED,ACCEPTED,ACCEPTED,152.01017241,152.01017241
152.161615933,0.0,0.0,0.011180339887513676,0.0,0.0,False,0.0,0.0,0.0,STOPPED,DUPLICATE_OR_OLD,DUPLICATE_OR_OLD,152.01017241,152.01017241
152.211615933,0.0,0.0,0.006180339887500849,0.0,0.0,False,0.0,0.0,0.0,STOPPED,ACCEPTED,ACCEPTED,152.11416739,152.11416739
152.261615933,0.0,0.0,0.011180339887501986,0.0,0.0,False,0.0,0.0,0.0,STOPPED,DUPLICATE_OR_OLD,DUPLICATE_OR_OLD,152.11416739,152.11416739
152.311615933,0.0,0.0,0.006180339887499558,0.0,0.0,False,0.0,0.0,0.0,STOPPED,ACCEPTED,ACCEPTED,152.226230672,152.226230672
152.361615933,0.0,0.0,0.011180339887497854,0.0,0.0,False,0.0,0.0,0.0,STOPPED,DUPLICATE_OR_OLD,DUPLICATE_OR_OLD,152.226230672,152.226230672
152.411615933,0.0,0.0,0.006180339887498956,0.0,0.0,False,0.0,0.0,0.0,STOPPED,ACCEPTED,ACCEPTED,152.31422688,152.31422688
152.461615933,0.0,0.0,0.01118033988749725,0.0,0.0,False,0.0,0.0,0.0,STOPPED,DUPLICATE_OR_OLD,DUPLICATE_OR_OLD,152.31422688,152.31422688
152.511615933,0.0,0.0,0.006180339887498868,0.0,0.0,False,0.0,0.0,0.0,STOPPED,ACCEPTED,ACCEPTED,152.46815837,152.46815837
152.561615933,0.0,0.0,0.011180339887500005,0.0,0.0,False,0.0,0.0,0.0,STOPPED,DUPLICATE_OR_OLD,DUPLICATE_OR_OLD,152.46815837,152.46815837
152.611615933,0.0,0.0,0.006180339887498855,0.0,0.0,False,0.0,0.0,0.0,STOPPED,ACCEPTED,ACCEPTED,152.51408982,152.51408982
152.661615933,0.0,0.0,0.011180339887499991,0.0,0.0,False,0.0,0.0,0.0,STOPPED,DUPLICATE_OR_OLD,DUPLICATE_OR_OLD,152.51408982,152.51408982
152.711615933,0.0,0.0,0.006180339887498852,0.0,0.0,False,0.0,0.0,0.0,STOPPED,ACCEPTED,ACCEPTED,152.622098451,152.622098451
152.761615933,0.0,0.0,0.01118033988749999,0.0,0.0,False,0.0,0.0,0.0,STOPPED,DUPLICATE_OR_OLD,DUPLICATE_OR_OLD,152.622098451,152.622098451
152.811615933,0.0,0.0,0.006180339887499267,0.0,0.0,False,0.0,0.0,0.0,STOPPED,ACCEPTED,ACCEPTED,152.732149639,152.732149639
152.861615933,0.0,0.0,0.011180339887497562,0.0,0.0,False,0.0,0.0,0.0,STOPPED,DUPLICATE_OR_OLD,DUPLICATE_OR_OLD,152.732149639,152.732149639
152.911615933,0.0,0.0,0.006180339887498913,0.0,0.0,False,0.0,0.0,0.0,STOPPED,ACCEPTED,ACCEPTED,152.818133989,152.818133989
152.961615933,0.0,0.0,0.011180339887497209,0.0,0.0,False,0.0,0.0,0.0,STOPPED,DUPLICATE_OR_OLD,DUPLICATE_OR_OLD,152.818133989,152.818133989
153.011615933,0.0,0.0,0.006180339887498861,0.0,0.0,False,0.0,0.0,0.0,STOPPED,ACCEPTED,ACCEPTED,152.914161576,152.914161576
153.061615933,0.0,0.0,0.011180339887499998,0.0,0.0,False,0.0,0.0,0.0,STOPPED,DUPLICATE_OR_OLD,DUPLICATE_OR_OLD,152.914161576,152.914161576
153.111615933,0.0,0.0,0.006180339887498853,0.0,0.0,False,0.0,0.0,0.0,STOPPED,ACCEPTED,ACCEPTED,153.070088452,153.070088452
153.161615933,0.0,0.0,0.011180339887499991,0.0,0.0,False,0.0,0.0,0.0,STOPPED,DUPLICATE_OR_OLD,DUPLICATE_OR_OLD,153.070088452,153.070088452
153.211615933,0.0,0.0,0.006180339887498852,0.0,0.0,False,0.0,0.0,0.0,STOPPED,ACCEPTED,ACCEPTED,153.124201043,153.124201043
153.261615933,0.0,0.0,0.01118033988749999,0.0,0.0,False,0.0,0.0,0.0,STOPPED,DUPLICATE_OR_OLD,DUPLICATE_OR_OLD,153.124201043,153.124201043
153.311615933,0.0,0.0,0.006180339887499267,0.0,0.0,False,0.0,0.0,0.0,STOPPED,ACCEPTED,ACCEPTED,153.21412501,153.21412501
153.361615933,0.0,0.0,0.011180339887497562,0.0,0.0,False,0.0,0.0,0.0,STOPPED,DUPLICATE_OR_OLD,DUPLICATE_OR_OLD,153.21412501,153.21412501
153.411615933,0.0,0.0,0.006180339887498913,0.0,0.0,False,0.0,0.0,0.0,STOPPED,ACCEPTED,ACCEPTED,153.316148219,153.316148219
153.461615933,0.0,0.0,0.011180339887497209,0.0,0.0,False,0.0,0.0,0.0,STOPPED,DUPLICATE_OR_OLD,DUPLICATE_OR_OLD,153.316148219,153.316148219
153.511615933,0.0,0.0,0.006180339887498861,0.0,0.0,False,0.0,0.0,0.0,STOPPED,ACCEPTED,ACCEPTED,153.430094721,153.430094721
153.561615933,0.0,0.0,0.011180339887499998,0.0,0.0,False,0.0,0.0,0.0,STOPPED,DUPLICATE_OR_OLD,DUPLICATE_OR_OLD,153.430094721,153.430094721
153.611615933,0.0,0.0,0.006180339887498853,0.0,0.0,False,0.0,0.0,0.0,STOPPED,ACCEPTED,ACCEPTED,153.514131631,153.514131631
153.661615933,0.0,0.0,0.011180339887499991,0.0,0.0,False,0.0,0.0,0.0,STOPPED,DUPLICATE_OR_OLD,DUPLICATE_OR_OLD,153.514131631,153.514131631
153.711615933,0.0,0.0,0.006180339887498852,0.0,0.0,False,0.0,0.0,0.0,STOPPED,ACCEPTED,ACCEPTED,153.624145037,153.624145037
153.761615933,0.0,0.0,0.01118033988749999,0.0,0.0,False,0.0,0.0,0.0,STOPPED,DUPLICATE_OR_OLD,DUPLICATE_OR_OLD,153.624145037,153.624145037
153.811615933,0.0,0.0,0.006180339887499267,0.0,0.0,False,0.0,0.0,0.0,STOPPED,ACCEPTED,ACCEPTED,153.73408203,153.73408203
153.861615933,0.0,0.0,0.011180339887497562,0.0,0.0,False,0.0,0.0,0.0,STOPPED,DUPLICATE_OR_OLD,DUPLICATE_OR_OLD,153.73408203,153.73408203
153.911615933,0.0,0.0,0.006180339887498913,0.0,0.0,False,0.0,0.0,0.0,STOPPED,ACCEPTED,ACCEPTED,153.816085091,153.816085091
153.961615933,0.0,0.0,0.011180339887497209,0.0,0.0,False,0.0,0.0,0.0,STOPPED,DUPLICATE_OR_OLD,DUPLICATE_OR_OLD,153.816085091,153.816085091
154.011615933,0.0,0.0,0.006180339887498861,0.0,0.0,False,0.0,0.0,0.0,STOPPED,ACCEPTED,ACCEPTED,153.904206516,153.904206516
154.061615933,0.0,0.0,0.011180339887499998,0.0,0.0,False,0.0,0.0,0.0,STOPPED,DUPLICATE_OR_OLD,DUPLICATE_OR_OLD,153.904206516,153.904206516
154.111615933,0.0,0.0,0.006180339887498853,0.0,0.0,False,0.0,0.0,0.0,STOPPED,ACCEPTED,ACCEPTED,154.008113048,154.008113048
154.161615933,0.0,0.0,0.011180339887499991,0.0,0.0,False,0.0,0.0,0.0,STOPPED,DUPLICATE_OR_OLD,DUPLICATE_OR_OLD,154.008113048,154.008113048
154.211615933,0.0,0.0,0.006180339887498852,0.0,0.0,False,0.0,0.0,0.0,STOPPED,ACCEPTED,ACCEPTED,154.108151762,154.108151762
154.261615933,0.0,0.0,0.01118033988749999,0.0,0.0,False,0.0,0.0,0.0,STOPPED,DUPLICATE_OR_OLD,DUPLICATE_OR_OLD,154.108151762,154.108151762
154.311615933,0.0,0.0,0.006180339887499267,0.0,0.0,False,0.0,0.0,0.0,STOPPED,ACCEPTED,ACCEPTED,154.226124666,154.226124666
154.361615933,0.0,0.0,0.011180339887497562,0.0,0.0,False,0.0,0.0,0.0,STOPPED,DUPLICATE_OR_OLD,DUPLICATE_OR_OLD,154.226124666,154.226124666
154.411615933,0.0,0.0,0.006180339887498913,0.0,0.0,False,0.0,0.0,0.0,STOPPED,ACCEPTED,ACCEPTED,154.318077866,154.318077866
154.461615933,0.0,0.0,0.011180339887497209,0.0,0.0,False,0.0,0.0,0.0,STOPPED,DUPLICATE_OR_OLD,DUPLICATE_OR_OLD,154.318077866,154.318077866
154.511615933,0.0,0.0,0.006180339887498861,0.0,0.0,False,0.0,0.0,0.0,STOPPED,ACCEPTED,ACCEPTED,154.408075696,154.408075696
154.561615933,0.0,0.0,0.011180339887499998,0.0,0.0,False,0.0,0.0,0.0,STOPPED,DUPLICATE_OR_OLD,DUPLICATE_OR_OLD,154.408075696,154.408075696
154.611615933,0.0,0.0,0.006180339887498853,0.0,0.0,False,0.0,0.0,0.0,STOPPED,ACCEPTED,ACCEPTED,154.514091062,154.514091062
154.661615933,0.0,0.0,0.011180339887499991,0.0,0.0,False,0.0,0.0,0.0,STOPPED,DUPLICATE_OR_OLD,DUPLICATE_OR_OLD,154.514091062,154.514091062
154.711615933,0.0,0.0,0.006180339887498852,0.0,0.0,False,0.0,0.0,0.0,STOPPED,ACCEPTED,ACCEPTED,154.612118206,154.612118206
154.761615933,0.0,0.0,0.01118033988749999,0.0,0.0,False,0.0,0.0,0.0,STOPPED,DUPLICATE_OR_OLD,DUPLICATE_OR_OLD,154.612118206,154.612118206
154.811615933,0.0,0.0,0.006180339887499267,0.0,0.0,False,0.0,0.0,0.0,STOPPED,ACCEPTED,ACCEPTED,154.734159898,154.734159898
154.861615933,0.0,0.0,0.011180339887497562,0.0,0.0,False,0.0,0.0,0.0,STOPPED,DUPLICATE_OR_OLD,DUPLICATE_OR_OLD,154.734159898,154.734159898
154.911615933,0.0,0.0,0.006180339887498913,0.0,0.0,False,0.0,0.0,0.0,STOPPED,ACCEPTED,ACCEPTED,154.812075909,154.812075909
154.961615933,0.0,0.0,0.011180339887497209,0.0,0.0,False,0.0,0.0,0.0,STOPPED,DUPLICATE_OR_OLD,DUPLICATE_OR_OLD,154.812075909,154.812075909
155.011615933,0.0,0.0,0.006180339887498861,0.0,0.0,False,0.0,0.0,0.0,STOPPED,ACCEPTED,ACCEPTED,154.922111688,154.922111688
155.061615933,0.0,0.0,0.011180339887499998,0.0,0.0,False,0.0,0.0,0.0,STOPPED,DUPLICATE_OR_OLD,DUPLICATE_OR_OLD,154.922111688,154.922111688
155.111615933,0.0,0.0,0.006180339887498853,0.0,0.0,False,0.0,0.0,0.0,STOPPED,ACCEPTED,ACCEPTED,155.018100834,155.018100834
155.161615933,0.0,0.0,0.011180339887499991,0.0,0.0,False,0.0,0.0,0.0,STOPPED,DUPLICATE_OR_OLD,DUPLICATE_OR_OLD,155.018100834,155.018100834
155.211615933,0.0,0.0,0.016180339887498285,0.0,0.0,False,0.0,0.0,0.0,STOPPED,DUPLICATE_OR_OLD,DUPLICATE_OR_OLD,155.018100834,155.018100834
155.261615933,0.0,0.0,0.02118033988749942,0.0,0.0,False,0.0,0.0,0.0,STOPPED,DUPLICATE_OR_OLD,DUPLICATE_OR_OLD,155.018100834,155.018100834
155.311615933,0.0,0.0,0.007236067977499913,0.0,0.0,False,0.0,0.0,0.0,STOPPED,ACCEPTED,ACCEPTED,155.222109959,155.222109959
155.361615933,0.0,0.0,0.012236067977498207,0.0,0.0,False,0.0,0.0,0.0,STOPPED,DUPLICATE_OR_OLD,DUPLICATE_OR_OLD,155.222109959,155.222109959
155.411615933,0.0,0.0,0.006328398060887004,0.0,0.0,False,0.0,0.0,0.0,STOPPED,ACCEPTED,ACCEPTED,155.312122422,155.312122422
155.461615933,0.0,0.0,0.011328398060885298,0.0,0.0,False,0.0,0.0,0.0,STOPPED,DUPLICATE_OR_OLD,DUPLICATE_OR_OLD,155.312122422,155.312122422
155.511615933,0.00041742358293691065,1.043558957342514e-05,0.006201819808074068,0.0,0.0,False,0.0,0.6201819808074067,0.0,FUSED,ACCEPTED,ACCEPTED,155.406153748,155.406153748
155.561615933,0.002478621923596734,8.283672723678271e-05,0.011201819808075206,0.0,0.0,False,0.0,0.0,0.0,MODEL_ONLY,DUPLICATE_OR_OLD,DUPLICATE_OR_OLD,155.406153748,155.406153748
155.611615933,0.002047520426838477,0.0001959902859976244,0.006183471196562186,0.0,0.0,False,0.0,0.6183471196562185,0.0,FUSED,ACCEPTED,ACCEPTED,155.514063993,155.514063993
155.661615933,0.005689539883631244,0.00038941679375941146,0.011183471196563323,0.0,0.0,False,0.0,0.0,0.0,MODEL_ONLY,DUPLICATE_OR_OLD,DUPLICATE_OR_OLD,155.514063993,155.514063993
155.711615933,0.0037979989813419924,0.0006266052653836615,0.006180796684698862,0.0,0.0,False,0.0,0.6180796684698862,0.0,FUSED,ACCEPTED,ACCEPTED,155.630123367,155.630123367
155.761615933,0.009670329196323206,0.000963313469825368,0.0111807966847,0.0,0.0,False,0.0,0.0,0.0,MODEL_ONLY,DUPLICATE_OR_OLD,DUPLICATE_OR_OLD,155.630123367,155.630123367
155.811615933,0.006443032566037123,0.0013661475138844678,0.006180406532149749,0.0,0.0,False,0.0,0.6180406532149747,0.0,FUSED,ACCEPTED,ACCEPTED,155.734102087,155.734102087
155.861615933,0.014917851809857519,0.0019001696232816517,0.011180406532148045,0.0,0.0,False,0.0,0.0,0.0,MODEL_ONLY,DUPLICATE_OR_OLD,DUPLICATE_OR_OLD,155.734102087,155.734102087
155.911615933,0.009308266802442705,0.002505822588589295,0.006180349610797627,0.0,0.0,False,0.0,0.6180349610797624,0.0,FUSED,ACCEPTED,ACCEPTED,155.870057101,155.870057101
155.961615933,0.019789989492469958,0.0032332789959618633,0.011180349610795922,0.0,0.0,False,0.0,0.0,0.0,MODEL_ONLY,DUPLICATE_OR_OLD,DUPLICATE_OR_OLD,155.870057101,155.870057101
156.011615933,0.026992932173312223,0.004402852037606684,0.006180341306108499,0.0,0.0,False,0.0,0.6180341306108497,0.0,FUSED,ACCEPTED,ACCEPTED,155.910086805,155.910086805
156.061615933,0.04030892506979701,0.006085398468684797,0.011180341306109636,0.0,0.0,False,0.0,0.0,0.0,MODEL_ONLY,DUPLICATE_OR_OLD,DUPLICATE_OR_OLD,155.910086805,155.910086805
156.111615933,0.038144165781599716,0.008046725739969045,0.006180340094471199,0.0,0.0,False,0.0,0.6180340094471197,0.0,FUSED,ACCEPTED,ACCEPTED,156.014067247,156.014067247
156.161615933,0.05364537122439725,0.010341464165119493,0.011180340094472337,0.0,0.0,False,0.0,0.0,0.0,MODEL_ONLY,DUPLICATE_OR_OLD,DUPLICATE_OR_OLD,156.014067247,156.014067247
156.211615933,0.04704786864525017,0.01285879516185982,0.00618033991769571,0.0,0.0,False,0.0,0.618033991769571,0.0,FUSED,ACCEPTED,ACCEPTED,156.110047223,156.110047223
156.261615933,0.06423869748042588,0.015640959315002353,0.011180339917696847,0.0,0.0,False,0.0,0.0,0.0,MODEL_ONLY,DUPLICATE_OR_OLD,DUPLICATE_OR_OLD,156.110047223,156.110047223
156.311615933,0.053922718804540276,0.01859499472212718,0.006180339891904929,0.0,0.0,False,0.0,0.6180339891904927,0.0,FUSED,ACCEPTED,ACCEPTED,156.208063306,156.208063306
156.361615933,0.0724217784543778,0.021753607153599055,0.011180339891903224,0.0,0.0,False,0.0,0.0,0.0,MODEL_ONLY,DUPLICATE_OR_OLD,DUPLICATE_OR_OLD,156.208063306,156.208063306
156.411615933,0.05707480340813733,0.02499102170016267,0.00618033988814169,0.0,0.0,False,0.0,0.6180339888141688,0.0,FUSED,ACCEPTED,ACCEPTED,156.316043547,156.316043547
156.461615933,0.07658745746700246,0.028332578222040022,0.011180339888139986,0.0,0.0,False,0.0,0.0,0.0,MODEL_ONLY,DUPLICATE_OR_OLD,DUPLICATE_OR_OLD,156.316043547,156.316043547
156.511615933,0.05563743446819999,0.03163820052042084,0.006180339887592642,0.0,0.0,False,0.0,0.6180339887592641,0.0,FUSED,ACCEPTED,ACCEPTED,156.434122584,156.434122584
156.561615933,0.07593564802326508,0.034927527582708215,0.011180339887593779,0.0,0.0,False,0.0,0.0,0.0,MODEL_ONLY,DUPLICATE_OR_OLD,DUPLICATE_OR_OLD,156.434122584,156.434122584
156.611615933,0.08384140489433539,0.03892195390564686,0.006180339887512536,0.0,0.0,False,0.0,0.6180339887512536,0.0,FUSED,ACCEPTED,ACCEPTED,156.518069793,156.518069793
156.661615933,0.10445176656710399,0.04362928319218391,0.011180339887513673,0.0,0.0,False,0.0,0.0,0.0,MODEL_ONLY,DUPLICATE_OR_OLD,DUPLICATE_OR_OLD,156.518069793,156.518069793
156.711615933,0.13249597238515243,0.049552976665988305,0.006180339887500849,0.0,0.0,False,0.0,0.6180339887500848,0.0,FUSED,ACCEPTED,ACCEPTED,156.638036557,156.638036557
156.761615933,0.15299645656731417,0.05669028738980159,0.011180339887501986,0.0,0.0,False,0.0,0.0,0.0,MODEL_ONLY,DUPLICATE_OR_OLD,DUPLICATE_OR_OLD,156.638036557,156.638036557
156.811615933,0.17095523892662276,0.06478907977715186,0.006180339887499558,0.0,0.0,False,0.0,0.6180339887499557,0.0,FUSED,ACCEPTED,ACCEPTED,156.732047975,156.732047975
156.861615933,0.19147230493787035,0.07384976837376109,0.011180339887497854,0.0,0.0,False,0.0,0.0,0.0,MODEL_ONLY,DUPLICATE_OR_OLD,DUPLICATE_OR_OLD,156.732047975,156.732047975
156.911615933,0.2102437802750038,0.08389267050408522,0.006180339887498956,0.0,0.0,False,0.0,0.6180339887498953,0.0,FUSED,ACCEPTED,ACCEPTED,156.818036707,156.818036707
156.961615933,0.23078379677796126,0.0949183599304056,0.01118033988749725,0.0,0.0,False,0.0,0.0,0.0,MODEL_ONLY,DUPLICATE_OR_OLD,DUPLICATE_OR_OLD,156.818036707,156.818036707
157.011615933,0.2406790192578269,0.10670493033130299,0.006180339887498868,0.0,0.0,False,0.0,0.6180339887498867,0.0,FUSED,ACCEPTED,ACCEPTED,156.92403307,156.92403307
157.061615933,0.2612623051606434,0.1192534634417676,0.011180339887500005,0.0,0.0,False,0.0,0.0,0.0,MODEL_ONLY,DUPLICATE_OR_OLD,DUPLICATE_OR_OLD,156.92403307,156.92403307
157.111615933,0.26836328713109525,0.13249410324905656,0.006180339887498855,0.0,0.0,False,0.0,0.6180339887498854,0.0,FUSED,ACCEPTED,ACCEPTED,157.026044737,157.026044737
157.161615933,0.2889871883335916,0.14642786513567688,0.011180339887499991,0.0,0.0,False,0.0,0.0,0.0,MODEL_ONLY,DUPLICATE_OR_OLD,DUPLICATE_OR_OLD,157.026044737,157.026044737
157.211615933,0.2963078510972749,0.16106024112144354,0.006180339887498852,0.0,0.0,False,0.0,0.6180339887498851,0.0,FUSED,ACCEPTED,ACCEPTED,157.118036697,157.118036697
157.261615933,0.3169679954575701,0.17639213728531816,0.01118033988749999,0.0,0.0,False,0.0,0.0,0.0,MODEL_ONLY,DUPLICATE_OR_OLD,DUPLICATE_OR_OLD,157.118036697,157.118036697
157.311615933,0.3215946221745902,0.19235620272612577,0.006180339887499267,0.0,0.0,False,0.0,0.6180339887499267,0.0,FUSED,ACCEPTED,ACCEPTED,157.224054859,157.224054859
157.361615933,0.34228045510193966,0.20895307965803336,0.011180339887497562,0.0,0.0,False,0.0,0.0,0.0,MODEL_ONLY,DUPLICATE_OR_OLD,DUPLICATE_OR_OLD,157.224054859,157.224054859
157.411615933,0.35413225238352636,0.226363397345174,0.006180339887498913,0.0,0.0,False,0.0,0.6180339887498912,0.0,FUSED,ACCEPTED,ACCEPTED,157.346037825,157.346037825
157.461615933,0.3748116310260157,0.24458699443040632,0.011180339887497209,0.0,0.0,False,0.0,0.0,0.0,MODEL_ONLY,DUPLICATE_OR_OLD,DUPLICATE_OR_OLD,157.346037825,157.346037825
157.511615933,0.38643358899967756,0.26361812493105297,0.006180339887498861,0.0,0.0,False,0.0,0.618033988749886,0.0,FUSED,ACCEPTED,ACCEPTED,157.436022075,157.436022075
157.561615933,0.4071232460637054,0.2834570458076421,0.011180339887499998,0.0,0.0,False,0.0,0.0,0.0,MODEL_ONLY,DUPLICATE_OR_OLD,DUPLICATE_OR_OLD,157.436022075,157.436022075
157.611615933,0.4212010582591834,0.3041651534157072,0.006180339887498853,0.0,0.0,False,0.0,0.6180339887498852,0.0,FUSED,ACCEPTED,ACCEPTED,157.516106866,157.516106866
157.661615933,0.44190314727521973,0.3257427585540722,0.011180339887499991,0.0,0.0,False,0.0,0.0,0.0,MODEL_ONLY,DUPLICATE_OR_OLD,DUPLICATE_OR_OLD,157.516106866,157.516106866
157.711615933,0.4557703686335097,0.34818459645178274,0.006180339887498852,0.0,0.0,False,0.0,0.6180339887498851,0.0,FUSED,ACCEPTED,ACCEPTED,157.62001908,157.62001908
157.761615933,0.4764797236638791,0.3714908487592228,0.01118033988749999,0.0,0.0,False,0.0,0.0,0.0,MODEL_ONLY,DUPLICATE_OR_OLD,DUPLICATE_OR_OLD,157.62001908,157.62001908
157.811615933,0.4863082671732018,0.39556054853015526,0.006180339887499267,0.0,0.0,False,0.0,0.6180339887499267,0.0,FUSED,ACCEPTED,ACCEPTED,157.728065953,157.728065953
157.861615933,0.5070256351719288,0.4203938960887751,0.011180339887497562,0.0,0.0,False,0.0,0.0,0.0,MODEL_ONLY,DUPLICATE_OR_OLD,DUPLICATE_OR_OLD,157.728065953,157.728065953
157.911615933,0.520471479599684,0.4460813239580712,0.006180339887498913,0.0,0.0,False,0.0,0.6180339887498912,0.0,FUSED,ACCEPTED,ACCEPTED,157.832039323,157.832039323
157.961615933,0.5411945707021226,0.47262297521560737,0.011180339887497209,0.0,0.0,False,0.0,0.0,0.0,MODEL_ONLY,DUPLICATE_OR_OLD,DUPLICATE_OR_OLD,157.832039323,157.832039323
158.011615933,0.5542435149778124,0.5000089273576119,0.006180339887498861,0.0,0.0,False,0.0,0.618033988749886,-0.014400607064870627,FUSED,ACCEPTED,ACCEPTED,157.930052395,157.930052395
158.061615933,0.5742527843384186,0.5282213348405241,0.011180339887499998,0.0,0.0,False,0.0,0.0,-0.014400607064870627,MODEL_ONLY,DUPLICATE_OR_OLD,DUPLICATE_OR_OLD,157.930052395,157.930052395
158.111615933,0.5913148300038571,0.5573605251990711,0.006180339887498853,0.0,0.0,False,0.0,0.6180339887498852,-0.016586895676388096,FUSED,ACCEPTED,ACCEPTED,158.040077787,158.040077787
158.161615933,0.6122639539721486,0.587449994798478,0.011180339887499991,0.0,0.0,False,0.0,0.0,-0.016586895676388096,MODEL_ONLY,DUPLICATE_OR_OLD,DUPLICATE_OR_OLD,158.040077787,158.040077787
158.211615933,0.6325296885002963,0.6185698358602785,0.006180339887498852,0.0,0.0,False,0.0,0.6180339887498851,-0.01889333691285904,FUSED,ACCEPTED,ACCEPTED,158.110056316,158.110056316
158.261615933,0.6541786043087422,0.6507375431805118,0.01118033988749999,0.0,0.0,False,0.0,0.0,-0.01889333691285904,MODEL_ONLY,DUPLICATE_OR_OLD,DUPLICATE_OR_OLD,158.110056316,158.110056316
158.311615933,0.6685581210765156,0.6838059613151507,0.006180339887499267,0.0,0.0,False,0.0,0.6180339887499267,-0.04235907314594747,FUSED,ACCEPTED,ACCEPTED,158.228021909,158.228021909
158.361615933,0.6896656177761556,0.7177615547864559,0.011180339887497562,0.0,0.0,False,0.0,0.0,-0.04235907314594747,MODEL_ONLY,DUPLICATE_OR_OLD,DUPLICATE_OR_OLD,158.228021909,158.228021909
158.411615933,0.7152706261707199,0.7528849608851358,0.006180339887498913,0.0,0.0,False,0.0,0.6180339887498912,-0.019923438049968892,FUSED,ACCEPTED,ACCEPTED,158.324060428,158.324060428
158.461615933,0.7379895128059779,0.7892164643595408,0.011180339887497209,0.0,0.0,False,0.0,0.0,-0.019923438049968892,MODEL_ONLY,DUPLICATE_OR_OLD,DUPLICATE_OR_OLD,158.324060428,158.324060428
158.511615933,0.7643135891133879,0.8267740419075335,0.006180339887498861,0.0,0.0,False,0.0,0.618033988749886,-0.019980982182273697,FUSED,ACCEPTED,ACCEPTED,158.426004881,158.426004881
158.561615933,0.7874096335856197,0.8655671224750174,0.011180339887499998,0.0,0.0,False,0.0,0.0,-0.019980982182273697,MODEL_ONLY,DUPLICATE_OR_OLD,DUPLICATE_OR_OLD,158.426004881,158.426004881
158.611615933,0.8155652900567814,0.9056414955660639,0.006180339887498853,0.0,0.0,False,0.0,0.6180339887498852,-0.010618005294973485,FUSED,ACCEPTED,ACCEPTED,158.514011073,158.514011073
158.661615933,0.839424466962513,0.9470162394915556,0.011180339887499991,0.0,0.0,False,0.0,0.0,-0.010618005294973485,MODEL_ONLY,DUPLICATE_OR_OLD,DUPLICATE_OR_OLD,158.514011073,158.514011073
158.711615933,0.868330872908421,0.9897101229883143,0.006180339887498852,0.0,0.0,False,0.0,0.6180339887498851,-0.004459182152033988,FUSED,ACCEPTED,ACCEPTED,158.614034064,158.614034064
158.761615933,0.8927268296551002,1.0337365655524124,0.01118033988749999,0.0,0.0,False,0.0,0.0,-0.004459182152033988,MODEL_ONLY,DUPLICATE_OR_OLD,DUPLICATE_OR_OLD,158.614034064,158.614034064
158.811615933,0.908591061539054,1.0787695128322765,0.006180339887499267,0.0,0.0,False,0.0,0.6180339887499267,-0.02655482738379428,FUSED,ACCEPTED,ACCEPTED,158.734005977,158.734005977
158.861615933,0.9276190103822785,1.1246747646302941,0.011180339887497562,0.0,0.0,False,0.0,0.0,-0.02655482738379428,MODEL_ONLY,DUPLICATE_OR_OLD,DUPLICATE_OR_OLD,158.734005977,158.734005977
158.911615933,0.940303881732823,1.1713728369331822,0.006180339887498913,0.0,0.0,False,0.0,0.6180339887498912,0.0032508687817671376,FUSED,ACCEPTED,ACCEPTED,158.850027598,158.850027598
158.961615933,0.95270962528283,1.2186981746085574,0.011180339887497209,0.0,0.0,False,0.0,0.0,0.0032508687817671376,MODEL_ONLY,DUPLICATE_OR_OLD,DUPLICATE_OR_OLD,158.850027598,158.850027598
159.011615933,0.9771082427032327,1.26694362130822,0.006180339887498861,0.0,0.0,False,0.0,0.618033988749886,0.08330321043723098,FUSED,ACCEPTED,ACCEPTED,158.937999947,158.937999947
159.061615933,0.983679069922534,1.315963304123875,0.011180339887499998,0.0,0.0,False,0.0,0.0,0.08330321043723098,MODEL_ONLY,DUPLICATE_OR_OLD,DUPLICATE_OR_OLD,158.937999947,158.937999947
159.111615933,0.9982017260499998,1.3655103240231714,0.006180339887498853,0.0,0.0,False,0.0,0.6180339887498852,0.12835706385493895,FUSED,ACCEPTED,ACCEPTED,159.016053564,159.016053564
159.161615933,0.9943827722584434,1.4153249364808937,0.005278640450004439,0.0,0.0,False,0.0,0.5278640450004437,0.1132303021370889,FUSED,ACCEPTED,ACCEPTED,159.124088126,159.124088126
159.211615933,0.9883457271737657,1.464893148966682,0.010278640450002735,0.0,0.0,False,0.0,0.0,0.1132303021370889,MODEL_ONLY,DUPLICATE_OR_OLD,DUPLICATE_OR_OLD,159.124088126,159.124088126
159.261615933,0.9785813797794857,1.5140663266405245,0.015278640450003872,0.0,0.0,False,0.0,0.0,0.1132303021370889,MODEL_ONLY,DUPLICATE_OR_OLD,DUPLICATE_OR_OLD,159.124088126,159.124088126
159.311615933,0.962463001540625,1.5625924361735384,0.006697341805517446,0.0,0.0,False,0.0,0.6697341805517445,0.14923139976733904,FUSED,ACCEPTED,ACCEPTED,159.226039308,159.226039308
159.361615933,0.9471266872940369,1.6103321783943885,0.011697341805515741,0.0,0.0,False,0.0,0.0,0.14923139976733904,MODEL_ONLY,DUPLICATE_OR_OLD,DUPLICATE_OR_OLD,159.226039308,159.226039308
159.411615933,0.9089514285753664,1.6567341312911341,0.006254308734986663,0.0,0.0,False,0.0,0.6254308734986661,0.11462135223096875,FUSED,ACCEPTED,ACCEPTED,159.342101212,159.342101212
159.461615933,0.8858755838822738,1.70160480660256,0.011254308734984958,0.0,0.0,False,0.0,0.0,0.11462135223096875,MODEL_ONLY,DUPLICATE_OR_OLD,DUPLICATE_OR_OLD,159.342101212,159.342101212
159.511615933,0.8362020043514083,1.7446567463084117,0.0061911013917977775,0.0,0.0,False,0.0,0.6191101391797778,0.0889702315982852,FUSED,ACCEPTED,ACCEPTED,159.438017497,159.438017497
159.561615933,0.8069274736091525,1.785734983257435,0.011191101391798915,0.0,0.0,False,0.0,0.0,0.0889702315982852,MODEL_ONLY,DUPLICATE_OR_OLD,DUPLICATE_OR_OLD,159.438017497,159.438017497
159.611615933,0.7302710481373855,1.8241649463010852,0.00618190932469457,0.0,0.0,False,0.0,0.618190932469457,0.0009124671822085539,FUSED,ACCEPTED,ACCEPTED,159.508016716,159.508016716
159.661615933,0.6922582685312927,1.8597281792178104,0.011181909324695708,0.0,0.0,False,0.0,0.0,0.0009124671822085539,MODEL_ONLY,DUPLICATE_OR_OLD,DUPLICATE_OR_OLD,159.508016716,159.508016716
159.711615933,0.6152040637494713,1.8924147375248184,0.006180568851574055,0.0,0.0,False,0.0,0.6180568851574053,-0.02330381721832581,FUSED,ACCEPTED,ACCEPTED,159.630020653,159.630020653
159.761615933,0.5723664784710184,1.9221040010803374,0.011180568851575192,0.0,0.0,False,0.0,0.0,-0.02330381721832581,MODEL_ONLY,DUPLICATE_OR_OLD,DUPLICATE_OR_OLD,159.630020653,159.630020653
159.811615933,0.5047997491905523,1.9490331567718828,0.0061803732926154886,0.0,0.0,False,0.0,0.6180373292615489,-0.03277875385190975,FUSED,ACCEPTED,ACCEPTED,159.7299896,159.7299896
159.861615933,0.4584968513024704,1.9731155717842,0.011180373292613784,0.0,0.0,False,0.0,0.0,-0.03277875385190975,MODEL_ONLY,DUPLICATE_OR_OLD,DUPLICATE_OR_OLD,159.7299896,159.7299896
159.911615933,0.39625577043645527,1.9944843873276779,0.006180344761233469,0.0,0.0,False,0.0,0.6180344761233467,-0.03277875385190975,FUSED,ACCEPTED,ACCEPTED,159.835990377,159.835990377
159.961615933,0.34777093100903345,2.013085054863809,0.011180344761231763,0.0,0.0,False,0.0,0.0,-0.03277875385190975,MODEL_ONLY,DUPLICATE_OR_OLD,DUPLICATE_OR_OLD,159.835990377,159.835990377
160.011615933,0.2755731797325862,2.0286686576323527,0.0061803405985670174,0.0,0.0,False,0.0,0.6180340598567017,-0.03277875385190975,FUSED,ACCEPTED,ACCEPTED,159.922075464,159.922075464
160.061615933,0.22533571525321128,2.0411913800070005,0.011180340598568154,0.0,0.0,False,0.0,0.0,-0.03277875385190975,MODEL_ONLY,DUPLICATE_OR_OLD,DUPLICATE_OR_OLD,159.922075464,159.922075464
160.111615933,0.17159793684844804,2.0511147213095384,0.0061803399912422965,0.0,0.0,False,0.0,0.6180339991242295,-0.03277875385190975,FUSED,ACCEPTED,ACCEPTED,160.039988884,160.039988884
160.161615933,0.12118873329188737,2.058434388063049,0.011180339991243434,0.0,0.0,False,0.0,0.0,-0.03277875385190975,MODEL_ONLY,DUPLICATE_OR_OLD,DUPLICATE_OR_OLD,160.039988884,160.039988884
160.211615933,0.06528845340839128,2.063096317730554,0.006180339902634817,0.0,0.0,False,0.0,0.6180339902634816,-0.03277875385190975,FUSED,ACCEPTED,ACCEPTED,160.116049912,160.116049912
160.261615933,0.01728701279254166,2.065160704385578,0.011180339902635953,0.0,0.0,False,0.0,0.0,-0.03277875385190975,MODEL_ONLY,DUPLICATE_OR_OLD,DUPLICATE_OR_OLD,160.116049912,160.116049912
160.311615933,0.07631810821974322,2.067500832410886,0.006180339889707575,0.0,0.0,False,0.0,0.6180339889707573,-0.03277875385190975,FUSED,ACCEPTED,ACCEPTED,160.221992449,160.221992449
160.361615933,0.033924783348528297,2.070256904700092,0.011180339889705869,0.0,0.0,False,0.0,0.0,-0.03277875385190975,MODEL_ONLY,DUPLICATE_OR_OLD,DUPLICATE_OR_OLD,160.221992449,160.221992449
160.411615933,0.0,2.0711050242838054,0.0061803398878211,0.0,0.0,False,0.0,0.61803398878211,-0.03277875385190975,FUSED,ACCEPTED,ACCEPTED,160.316139201,160.316139201
160.461615933,-0.03346549525547894,2.0702683869024185,0.011180339887819395,0.0,0.0,False,0.0,0.0,-0.03277875385190975,MODEL_ONLY,DUPLICATE_OR_OLD,DUPLICATE_OR_OLD,160.316139201,160.316139201
160.511615933,-0.051304549340647265,2.068149135787515,0.006180339887545868,0.0,0.0,False,0.0,0.6180339887545867,-0.03277875385190975,FUSED,ACCEPTED,ACCEPTED,160.432116025,160.432116025
160.561615933,-0.07572264733672385,2.0649734558705797,0.011180339887547006,0.0,0.0,False,0.0,0.0,-0.03277875385190975,MODEL_ONLY,DUPLICATE_OR_OLD,DUPLICATE_OR_OLD,160.432116025,160.432116025
160.611615933,-0.05920531838536185,2.061600256727529,0.006180339887505711,0.0,0.0,False,0.0,0.618033988750571,-0.03277875385190975,FUSED,ACCEPTED,ACCEPTED,160.52000655,160.52000655
160.661615933,-0.07654817088044664,2.058206419495883,0.011180339887506848,0.0,0.0,False,0.0,0.0,-0.03277875385190975,MODEL_ONLY,DUPLICATE_OR_OLD,DUPLICATE_OR_OLD,160.52000655,160.52000655
160.711615933,-0.05047092156559279,2.0550309421847333,0.006180339887499853,0.0,0.0,False,0.0,0.6180339887499853,-0.03277875385190975,FUSED,ACCEPTED,ACCEPTED,160.622009728,160.622009728
160.761615933,-0.06293261352352658,2.0521958538075045,0.01118033988750099,0.0,0.0,False,0.0,0.0,-0.03277875385190975,MODEL_ONLY,DUPLICATE_OR_OLD,DUPLICATE_OR_OLD,160.622009728,160.622009728
160.811615933,-0.03807739487012275,2.0496706035976624,0.006180339887499413,0.0,0.0,False,0.0,0.6180339887499412,-0.03277875385190975,FUSED,ACCEPTED,ACCEPTED,160.73200401,160.73200401
160.861615933,-0.04717904186370714,2.047539192679318,0.011180339887497708,0.0,0.0,False,0.0,0.0,-0.03277875385190975,MODEL_ONLY,DUPLICATE_OR_OLD,DUPLICATE_OR_OLD,160.73200401,160.73200401
160.911615933,0.0,2.046359716632725,0.0061803398874989346,0.0,0.0,False,0.0,0.0,0.0,STOPPED,ACCEPTED,ACCEPTED,160.844002737,160.844002737
160.961615933,0.0,2.046359716632725,0.01118033988749723,0.0,0.0,False,0.0,0.0,0.0,STOPPED,DUPLICATE_OR_OLD,DUPLICATE_OR_OLD,160.844002737,160.844002737
161.011615933,0.0,2.046359716632725,0.006180339887498864,0.0,0.0,False,0.0,0.0,0.0,STOPPED,ACCEPTED,ACCEPTED,160.92604141,160.92604141
161.061615933,0.0,2.046359716632725,0.011180339887500002,0.0,0.0,False,0.0,0.0,0.0,STOPPED,DUPLICATE_OR_OLD,DUPLICATE_OR_OLD,160.92604141,160.92604141
161.111615933,0.0,2.046359716632725,0.006180339887498854,0.0,0.0,False,0.0,0.0,0.0,STOPPED,ACCEPTED,ACCEPTED,161.02005649,161.02005649
161.161615933,0.0,2.046359716632725,0.011180339887499991,0.0,0.0,False,0.0,0.0,0.0,STOPPED,DUPLICATE_OR_OLD,DUPLICATE_OR_OLD,161.02005649,161.02005649
161.211615933,0.0,2.046359716632725,0.006180339887498852,0.0,0.0,False,0.0,0.0,0.0,STOPPED,ACCEPTED,ACCEPTED,161.120010543,161.120010543
161.261615933,0.0,2.046359716632725,0.01118033988749999,0.0,0.0,False,0.0,0.0,0.0,STOPPED,DUPLICATE_OR_OLD,DUPLICATE_OR_OLD,161.120010543,161.120010543
161.311615933,0.00041978424645324256,2.0463702112388864,0.006180339887499267,0.0,0.0,False,0.0,0.6180339887499267,0.0,FUSED,ACCEPTED,ACCEPTED,161.230049221,161.230049221
161.361615933,0.002480951755050864,2.046442729638924,0.011180339887497562,0.0,0.0,False,0.0,0.0,0.0,MODEL_ONLY,DUPLICATE_OR_OLD,DUPLICATE_OR_OLD,161.230049221,161.230049221
161.411615933,0.0020500786305412727,2.0465560053985636,0.006180339887498913,0.0,0.0,False,0.0,0.6180339887498912,0.0,FUSED,ACCEPTED,ACCEPTED,161.317985114,161.317985114
161.461615933,0.005692064678605662,2.046749558981292,0.011180339887497209,0.0,0.0,False,0.0,0.0,0.0,MODEL_ONLY,DUPLICATE_OR_OLD,DUPLICATE_OR_OLD,161.317985114,161.317985114
161.511615933,0.004185640934515401,2.0469965016216203,0.006180339887498861,0.0,0.0,False,0.0,0.618033988749886,0.0,FUSED,ACCEPTED,ACCEPTED,161.431996591,161.431996591
161.561615933,0.01094321904393045,2.0473747231210817,0.011180339887499998,0.0,0.0,False,0.0,0.0,0.0,MODEL_ONLY,DUPLICATE_OR_OLD,DUPLICATE_OR_OLD,161.431996591,161.431996591
161.611615933,0.007222430481885585,2.047828864359227,0.006180339887498853,0.0,0.0,False,0.0,0.6180339887498852,0.0,FUSED,ACCEPTED,ACCEPTED,161.517996873,161.517996873
161.661615933,0.01637726808352391,2.0484188568233623,0.011180339887499991,0.0,0.0,False,0.0,0.0,0.0,MODEL_ONLY,DUPLICATE_OR_OLD,DUPLICATE_OR_OLD,161.517996873,161.517996873
161.711615933,0.010090616844948504,2.049080553946574,0.006180339887498852,0.0,0.0,False,0.0,0.6180339887498851,0.0,FUSED,ACCEPTED,ACCEPTED,161.625979034,161.625979034
161.761615933,0.021780952641859544,2.0498773431837445,0.01118033988749999,0.0,0.0,False,0.0,0.0,0.0,MODEL_ONLY,DUPLICATE_OR_OLD,DUPLICATE_OR_OLD,161.625979034,161.625979034
161.811615933,0.026608865283922912,2.0510870886318893,0.006180339887499267,0.0,0.0,False,0.0,0.6180339887499267,0.0,FUSED,ACCEPTED,ACCEPTED,161.727990251,161.727990251
161.861615933,0.04085460606997246,2.0527736754157364,0.011180339887497562,0.0,0.0,False,0.0,0.0,0.0,MODEL_ONLY,DUPLICATE_OR_OLD,DUPLICATE_OR_OLD,161.727990251,161.727990251
161.911615933,0.03963445084591795,2.054785901838634,0.006180339887498913,0.0,0.0,False,0.0,0.6180339887498912,0.0,FUSED,ACCEPTED,ACCEPTED,161.814047962,161.814047962
161.961615933,0.05585376447878747,2.0571731072217507,0.011180339887497209,0.0,0.0,False,0.0,0.0,0.0,MODEL_ONLY,DUPLICATE_OR_OLD,DUPLICATE_OR_OLD,161.814047962,161.814047962
162.011615933,0.04309157708870548,2.0596467407609387,0.006180339887498861,0.0,0.0,False,0.0,0.618033988749886,0.0,FUSED,ACCEPTED,ACCEPTED,161.937995673,161.937995673
162.061615933,0.06083812839687572,2.0622449833980787,0.011180339887499998,0.0,0.0,False,0.0,0.0,0.0,MODEL_ONLY,DUPLICATE_OR_OLD,DUPLICATE_OR_OLD,161.937995673,161.937995673
162.111615933,0.04984854745828145,2.0650121502944567,0.006180339887498853,0.0,0.0,False,0.0,0.6180339887498852,0.0,FUSED,ACCEPTED,ACCEPTED,162.023986685,162.023986685
162.161615933,0.06877806402561756,2.067977815581555,0.011180339887499991,0.0,0.0,False,0.0,0.0,0.0,MODEL_ONLY,DUPLICATE_OR_OLD,DUPLICATE_OR_OLD,162.023986685,162.023986685
162.211615933,0.05390420365132827,2.0710448722734776,0.006180339887498852,0.0,0.0,False,0.0,0.6180339887498851,0.0,FUSED,ACCEPTED,ACCEPTED,162.126000733,162.126000733
162.261615933,0.07375043248980842,2.0742362381770065,0.01118033988749999,0.0,0.0,False,0.0,0.0,0.0,MODEL_ONLY,DUPLICATE_OR_OLD,DUPLICATE_OR_OLD,162.126000733,162.126000733
162.311615933,0.05593626310299425,2.0774784055668274,0.006180339887499267,0.0,0.0,False,0.0,0.6180339887499267,0.0,FUSED,ACCEPTED,ACCEPTED,162.230091925,162.230091925
162.361615933,0.07649302816912011,2.080789137848629,0.011180339887497562,0.0,0.0,False,0.0,0.0,0.0,MODEL_ONLY,DUPLICATE_OR_OLD,DUPLICATE_OR_OLD,162.230091925,162.230091925
162.411615933,0.05887461414387352,2.084173328906455,0.006180339887498913,0.0,0.0,False,0.0,0.6180339887498912,0.0,FUSED,ACCEPTED,ACCEPTED,162.326023671,162.326023671
162.461615933,0.07998216431914569,2.0876447483680285,0.011180339887497209,0.0,0.0,False,0.0,0.0,0.0,MODEL_ONLY,DUPLICATE_OR_OLD,DUPLICATE_OR_OLD,162.326023671,162.326023671
162.511615933,0.061416038237482644,2.091179703431945,0.006180339887498861,0.0,0.0,False,0.0,0.618033988749886,0.0,FUSED,ACCEPTED,ACCEPTED,162.424020419,162.424020419
162.561615933,0.08295055861378646,2.0947888683532274,0.011180339887499998,0.0,0.0,False,0.0,0.0,0.0,MODEL_ONLY,DUPLICATE_OR_OLD,DUPLICATE_OR_OLD,162.424020419,162.424020419
162.611615933,0.10610805467057002,2.0995153336853347,0.006180339887498853,0.0,0.0,False,0.0,0.6180339887498852,0.0,FUSED,ACCEPTED,ACCEPTED,162.521947966,162.521947966
162.661615933,0.1274506127373775,2.105354300370535,0.011180339887499991,0.0,0.0,False,0.0,0.0,0.0,MODEL_ONLY,DUPLICATE_OR_OLD,DUPLICATE_OR_OLD,162.521947966,162.521947966
162.711615933,0.14925393666071562,2.1122719141054844,0.006180339887498852,0.0,0.0,False,0.0,0.6180339887498851,0.0,FUSED,ACCEPTED,ACCEPTED,162.628006664,162.628006664
162.761615933,0.17038560763200103,2.1202629027128044,0.01118033988749999,0.0,0.0,False,0.0,0.0,0.0,MODEL_ONLY,DUPLICATE_OR_OLD,DUPLICATE_OR_OLD,162.628006664,162.628006664
162.811615933,0.20419796744748492,2.1296274920897935,0.006180339887499267,0.0,0.0,False,0.0,0.6180339887499267,0.0,FUSED,ACCEPTED,ACCEPTED,162.739979536,162.739979536
162.861615933,0.22610109084062005,2.1403849685469925,0.011180339887497562,0.0,0.0,False,0.0,0.0,0.0,MODEL_ONLY,DUPLICATE_OR_OLD,DUPLICATE_OR_OLD,162.739979536,162.739979536
162.911615933,0.23006129304297562,2.1517890281440852,0.006180339887498913,0.0,0.0,False,0.0,0.6180339887498912,0.0,FUSED,ACCEPTED,ACCEPTED,162.815982244,162.815982244
162.961615933,0.25280659376224324,2.1638607253142115,0.011180339887497209,0.0,0.0,False,0.0,0.0,0.0,MODEL_ONLY,DUPLICATE_OR_OLD,DUPLICATE_OR_OLD,162.815982244,162.815982244
163.011615933,0.25688175154316134,2.1766029339468496,0.006180339887498861,0.0,0.0,False,0.0,0.618033988749886,0.0,FUSED,ACCEPTED,ACCEPTED,162.923954114,162.923954114
163.061615933,0.2802392601865059,2.190030959240094,0.011180339887499998,0.0,0.0,False,0.0,0.0,0.0,MODEL_ONLY,DUPLICATE_OR_OLD,DUPLICATE_OR_OLD,162.923954114,162.923954114
163.111615933,0.29428018243745,2.2043939453056884,0.006180339887498853,0.0,0.0,False,0.0,0.6180339887498852,0.0,FUSED,ACCEPTED,ACCEPTED,163.022024353,163.022024353
163.161615933,0.31806977540807935,2.21970269425183,0.011180339887499991,0.0,0.0,False,0.0,0.0,0.0,MODEL_ONLY,DUPLICATE_OR_OLD,DUPLICATE_OR_OLD,163.022024353,163.022024353
163.211615933,0.32132543140148007,2.2356875744220637,0.006180339887498852,0.0,0.0,False,0.0,0.6180339887498851,0.0,FUSED,ACCEPTED,ACCEPTED,163.125999343,163.125999343
163.261615933,0.34547926346183794,2.2523576917936503,0.01118033988749999,0.0,0.0,False,0.0,0.0,0.0,MODEL_ONLY,DUPLICATE_OR_OLD,DUPLICATE_OR_OLD,163.125999343,163.125999343
163.311615933,0.3697577425618596,2.270238616944247,0.016180339887501127,0.0,0.0,False,0.0,0.0,0.0,MODEL_ONLY,DUPLICATE_OR_OLD,DUPLICATE_OR_OLD,163.125999343,163.125999343
163.361615933,0.39415048425394655,2.2893363226146355,0.02118033988749942,0.0,0.0,False,0.0,0.0,0.0,MODEL_ONLY,DUPLICATE_OR_OLD,DUPLICATE_OR_OLD,163.125999343,163.125999343
163.411615933,0.3938170262503454,2.3090355103772473,0.007236067977499913,0.0,0.0,False,0.0,0.7236067977499911,0.0,FUSED,ACCEPTED,ACCEPTED,163.337954267,163.337954267
163.461615933,0.4184364186251855,2.3293418464991285,0.012236067977498207,0.0,0.0,False,0.0,0.0,0.0,MODEL_ONLY,DUPLICATE_OR_OLD,DUPLICATE_OR_OLD,163.337954267,163.337954267
163.511615933,0.43292988887686634,2.3506260041866844,0.006328398060887004,0.0,0.0,False,0.0,0.6328398060887003,0.0,FUSED,ACCEPTED,ACCEPTED,163.429954486,163.429954486
163.561615933,0.458620937778592,2.372914774853076,0.011328398060888142,0.0,0.0,False,0.0,0.0,0.0,MODEL_ONLY,DUPLICATE_OR_OLD,DUPLICATE_OR_OLD,163.429954486,163.429954486
163.611615933,0.47661484149489564,2.396295669334905,0.006201819808074068,0.0,0.0,False,0.0,0.6201819808074067,0.0,FUSED,ACCEPTED,ACCEPTED,163.529963532,163.529963532
163.661615933,0.5031364077754087,2.420789450566668,0.011201819808075206,0.0,0.0,False,0.0,0.0,0.0,MODEL_ONLY,DUPLICATE_OR_OLD,DUPLICATE_OR_OLD,163.529963532,163.529963532
163.711615933,0.5336358664330543,2.4467087574218707,0.006183471196562186,0.0,0.0,False,0.0,0.6183471196562185,0.0,FUSED,ACCEPTED,ACCEPTED,163.614012086,163.614012086
163.761615933,0.5616124240662241,2.4740899646843593,0.011183471196563323,0.0,0.0,False,0.0,0.0,0.0,MODEL_ONLY,DUPLICATE_OR_OLD,DUPLICATE_OR_OLD,163.614012086,163.614012086
163.811615933,0.58710814627119,2.502807978942801,0.006180796684699277,0.0,0.0,False,0.0,0.6180796684699276,-0.017909274922799298,FUSED,ACCEPTED,ACCEPTED,163.732012344,163.732012344
163.861615933,0.6157142707603744,2.5328785393685798,0.011180796684697573,0.0,0.0,False,0.0,0.0,-0.017909274922799298,MODEL_ONLY,DUPLICATE_OR_OLD,DUPLICATE_OR_OLD,163.732012344,163.732012344
163.911615933,0.6460952389857859,2.564423777112241,0.006180406532149395,0.0,0.0,False,0.0,0.6180406532149394,-0.015503643564810463,FUSED,ACCEPTED,ACCEPTED,163.815971063,163.815971063
163.961615933,0.6763547603926114,2.5974850270966896,0.011180406532147691,0.0,0.0,False,0.0,0.0,-0.015503643564810463,MODEL_ONLY,DUPLICATE_OR_OLD,DUPLICATE_OR_OLD,163.815971063,163.815971063
164.011615933,0.7018212895168668,2.631939428344434,0.006180349610797575,0.0,0.0,False,0.0,0.6180349610797573,-0.03828342313353457,FUSED,ACCEPTED,ACCEPTED,163.936058261,163.936058261
164.061615933,0.7321316144454157,2.6677882509434996,0.011180349610798713,0.0,0.0,False,0.0,0.0,-0.03828342313353457,MODEL_ONLY,DUPLICATE_OR_OLD,DUPLICATE_OR_OLD,163.936058261,163.936058261
164.111615933,0.7751097066343527,2.705469283970481,0.00618034130610849,0.0,0.0,False,0.0,0.618034130610849,0.0006651033728570649,FUSED,ACCEPTED,ACCEPTED,164.021928407,164.021928407
164.161615933,0.8089784355925941,2.7450714875261637,0.011180341306109627,0.0,0.0,False,0.0,0.0,0.0006651033728570649,MODEL_ONLY,DUPLICATE_OR_OLD,DUPLICATE_OR_OLD,164.021928407,164.021928407
164.211615933,0.8565672113465437,2.7867101286996276,0.006180340094471198,0.0,0.0,False,0.0,0.6180340094471197,0.013652651607807882,FUSED,ACCEPTED,ACCEPTED,164.115938423,164.115938423
164.261615933,0.8923351329099639,2.8304326873060504,0.011180340094472335,0.0,0.0,False,0.0,0.0,0.013652651607807882,MODEL_ONLY,DUPLICATE_OR_OLD,DUPLICATE_OR_OLD,164.115938423,164.115938423
164.311615933,0.9369956939736339,2.876165957978151,0.006180339917696125,0.0,0.0,False,0.0,0.6180339917696124,0.01657056143184156,FUSED,ACCEPTED,ACCEPTED,164.224024603,164.224024603
164.361615933,0.973878936061272,2.9239378237290072,0.01118033991769442,0.0,0.0,False,0.0,0.0,0.01657056143184156,MODEL_ONLY,DUPLICATE_OR_OLD,DUPLICATE_OR_OLD,164.224024603,164.224024603
164.411615933,1.0308610849319249,2.9740563242538487,0.0061803398919045745,0.0,0.0,False,0.0,0.6180339891904574,0.06124106999072843,FUSED,ACCEPTED,ACCEPTED,164.319938794,164.319938794
164.461615933,1.0710723105014002,3.026604659139664,0.011180339891902868,0.0,0.0,False,0.0,0.0,0.06124106999072843,MODEL_ONLY,DUPLICATE_OR_OLD,DUPLICATE_OR_OLD,164.319938794,164.319938794
164.511615933,1.1285917906423557,3.0815962616682704,0.006180339888141638,0.0,0.0,False,0.0,0.6180339888141637,0.07502802001134776,FUSED,ACCEPTED,ACCEPTED,164.437929498,164.437929498
164.561615933,1.1706426788563067,3.13907712340575,0.011180339888142776,0.0,0.0,False,0.0,0.0,0.07502802001134776,MODEL_ONLY,DUPLICATE_OR_OLD,DUPLICATE_OR_OLD,164.437929498,164.437929498
164.611615933,1.2420420960411904,3.1993942427781668,0.006180339887592633,0.0,0.0,False,0.0,0.6180339887592632,0.1370310609049013,FUSED,ACCEPTED,ACCEPTED,164.51394235,164.51394235
164.661615933,1.2880849738455886,3.2626474195253508,0.01118033988759377,0.0,0.0,False,0.0,0.0,0.1370310609049013,MODEL_ONLY,DUPLICATE_OR_OLD,DUPLICATE_OR_OLD,164.51394235,164.51394235
164.71161593300002,1.3551422448132397,3.3287280999918365,0.00618033988751295,0.0,0.0,False,0.0,0.6180339887512949,0.15073426441424406,FUSED,ACCEPTED,ACCEPTED,164.620028454,164.620028454
164.761615933,1.4025616848124602,3.397670698232455,0.011180339887511246,0.0,0.0,False,0.0,0.0,0.15073426441424406,MODEL_ONLY,DUPLICATE_OR_OLD,DUPLICATE_OR_OLD,164.620028454,164.620028454
164.811615933,1.45391426274027,3.46908259692129,0.0061803398875009095,0.0,0.0,False,0.0,0.6180339887500909,0.1336554803055205,FUSED,ACCEPTED,ACCEPTED,164.729990613,164.729990613
164.861615933,1.5010157659150904,3.542955847637649,0.011180339887499204,0.0,0.0,False,0.0,0.0,0.1336554803055205,MODEL_ONLY,DUPLICATE_OR_OLD,DUPLICATE_OR_OLD,164.729990613,164.729990613
164.911615933,1.5575332031757592,3.6194195718649373,0.006180339887499152,0.0,0.0,False,0.0,0.6180339887499151,0.15745150211527642,FUSED,ACCEPTED,ACCEPTED,164.821958767,164.821958767
164.96161593300002,1.6062400317398418,3.698513902737845,0.01118033988750029,0.0,0.0,False,0.0,0.0,0.15745150211527642,MODEL_ONLY,DUPLICATE_OR_OLD,DUPLICATE_OR_OLD,164.821958767,164.821958767
165.011615933,1.655118160579168,3.7800478575457928,0.016180339887498583,0.0,0.0,False,0.0,0.0,0.15745150211527642,MODEL_ONLY,DUPLICATE_OR_OLD,DUPLICATE_OR_OLD,164.821958767,164.821958767
165.061615933,1.7041471137535877,3.8640294894041305,0.02118033988749972,0.0,0.0,False,0.0,0.0,0.15745150211527642,MODEL_ONLY,DUPLICATE_OR_OLD,DUPLICATE_OR_OLD,164.821958767,164.821958767
165.111615933,1.7474612791346327,3.9503196992263065,0.00723606797749972,0.0,0.0,False,0.0,0.7236067977499718,0.12875440407477232,FUSED,ACCEPTED,ACCEPTED,165.053926209,165.053926209
165.161615933,1.7953050956322127,4.038888858595498,0.012236067977500858,0.0,0.0,False,0.0,0.0,0.12875440407477232,MODEL_ONLY,DUPLICATE_OR_OLD,DUPLICATE_OR_OLD,165.053926209,165.053926209
165.21161593300002,1.873054646304213,4.1305978521439295,0.006328398060887361,0.0,0.0,False,0.0,0.632839806088736,0.223981050936075,FUSED,ACCEPTED,ACCEPTED,165.115923497,165.115923497
165.261615933,1.9258533821834112,4.225570552856087,0.011328398060885656,0.0,0.0,False,0.0,0.0,0.223981050936075,MODEL_ONLY,DUPLICATE_OR_OLD,DUPLICATE_OR_OLD,165.115923497,165.115923497
165.311615933,1.9604287979625679,4.3227276073597585,0.00620181980807412,0.0,0.0,False,0.0,0.6201819808074118,0.1226854050262064,FUSED,ACCEPTED,ACCEPTED,165.224059513,165.224059513
165.361615933,2.0083128243601793,4.421946147917794,0.011201819808072415,0.0,0.0,False,0.0,0.0,0.1226854050262064,MODEL_ONLY,DUPLICATE_OR_OLD,DUPLICATE_OR_OLD,165.224059513,165.224059513
165.411615933,2.0707647998395657,4.52392308852281,0.006183471196562193,0.0,0.0,False,0.0,0.6183471196562191,0.2018474443247838,FUSED,ACCEPTED,ACCEPTED,165.313929374,165.313929374
165.46161593300002,2.1227232678057804,4.628760290213968,0.01118347119656333,0.0,0.0,False,0.0,0.0,0.2018474443247838,MODEL_ONLY,DUPLICATE_OR_OLD,DUPLICATE_OR_OLD,165.313929374,165.313929374
165.511615933,2.168218681960547,4.736033838958089,0.006180796684698864,0.0,0.0,False,0.0,0.6180796684698862,0.15309772266804614,FUSED,ACCEPTED,ACCEPTED,165.435905819,165.435905819
165.561615933,2.217829852755081,4.845685052326004,0.011180796684700001,0.0,0.0,False,0.0,0.0,0.15309772266804614,MODEL_ONLY,DUPLICATE_OR_OLD,DUPLICATE_OR_OLD,165.435905819,165.435905819
165.611615933,2.2674782038686088,4.957817753741558,0.016180796684698295,0.0,0.0,False,0.0,0.0,0.15309772266804614,MODEL_ONLY,DUPLICATE_OR_OLD,DUPLICATE_OR_OLD,165.435905819,165.435905819
165.661615933,2.3171592910018846,5.072433691113347,0.02118079668469943,0.0,0.0,False,0.0,0.0,0.15309772266804614,MODEL_ONLY,DUPLICATE_OR_OLD,DUPLICATE_OR_OLD,165.435905819,165.435905819
165.71161593300002,2.283190202932138,5.187442428461724,0.026180796684700566,0.0,0.0,False,0.0,0.0,0.15309772266804614,MODEL_ONLY,MISSING_OR_STALE,MISSING_OR_STALE,165.435905819,165.435905819
165.761615933,2.3329254906783143,5.3028453208019455,0.03118079668469886,0.0,0.0,False,0.0,0.0,0.15309772266804614,MODEL_ONLY,MISSING_OR_STALE,MISSING_OR_STALE,165.435905819,165.435905819
165.811615933,2.382683122590521,5.4207355361336935,0.06775018183693252,0.007771769350671164,0.15543538701338794,True,0.03156938515223251,0.0,0.15309772266804614,MODEL_ONLY,MISSING_OR_STALE,MISSING_OR_STALE,165.435905819,165.435905819
165.861615933,2.432460427788719,5.5411141248931335,0.07391594723953086,0.01554353870133791,0.15543538701338794,True,0.0011657654026000562,0.0,0.15309772266804614,MODEL_ONLY,MISSING_OR_STALE,MISSING_OR_STALE,165.435905819,165.435905819
165.911615933,2.482255054653028,5.6639820119542055,0.08085888957719979,0.023315308052009074,0.15543538701338794,True,0.001942942337667791,0.0,0.15309772266804614,MODEL_ONLY,MISSING_OR_STALE,MISSING_OR_STALE,165.435905819,165.435905819
165.96161593300002,2.5320649326612177,5.7893400116370906,0.08857900884993601,0.031087077402680238,0.15543538701338794,True,0.002720119272735084,0.0,0.15309772266804614,MODEL_ONLY,MISSING_OR_STALE,MISSING_OR_STALE,165.435905819,165.435905819
166.011615933,2.5818882387881525,5.917188840923282,0.09707630505773447,0.038858846753346984,0.15543538701338794,True,0.0034972962078001686,0.0,0.15309772266804614,MODEL_ONLY,MISSING_OR_STALE,MISSING_OR_STALE,165.435905819,165.435905819
166.061615933,2.63172336792165,6.047529131091056,0.10635077820060485,0.04663061610401815,0.15543538701338794,True,0.004274473142869229,0.0,0.15309772266804614,MODEL_ONLY,MISSING_OR_STALE,MISSING_OR_STALE,165.435905819,165.435905819
166.111615933,2.6815689068143587,6.180361437959411,0.11640242827853657,0.05440238545468489,0.15543538701338794,True,0.005051650077933429,0.0,0.15309772266804614,MODEL_ONLY,MISSING_OR_STALE,MISSING_OR_STALE,165.435905819,165.435905819
166.161615933,2.7310809525472086,6.315677684443481,0.12723125529154108,0.062174154805356055,0.15543538701338794,True,0.005828827013003373,0.0,0.15309772266804614,MODEL_ONLY,MISSING_OR_STALE,MISSING_OR_STALE,165.435905819,165.435905819
166.21161593300002,2.7802993687797772,6.453462192476687,0.1388372592396129,0.06994592415602723,0.15543538701338794,True,0.006606003948070666,0.0,0.15309772266804614,MODEL_ONLY,MISSING_OR_STALE,MISSING_OR_STALE,165.435905819,165.435905819
166.261615933,2.829259254122315,6.593701158049192,0.15122044012274471,0.07771769350669397,0.15543538701338794,True,0.007383180883133542,0.0,0.15309772266804614,MODEL_ONLY,MISSING_OR_STALE,MISSING_OR_STALE,165.435905819,165.435905819
166.311615933,2.877991511719638,6.736382427195273,0.16438079794095067,0.08548946285736514,0.15543538701338794,True,0.008160357818204811,0.0,0.15309772266804614,MODEL_ONLY,MISSING_OR_STALE,MISSING_OR_STALE,165.435905819,165.435905819
166.361615933,2.926523350750301,6.881495298756972,0.17831833269421576,0.09326123220803188,0.15543538701338794,True,0.008937534753266804,0.0,0.15309772266804614,MODEL_ONLY,MISSING_OR_STALE,MISSING_OR_STALE,165.435905819,165.435905819
166.411615933,2.974878727980133,7.029030350725266,0.19303304438255586,0.10103300155870305,0.15543538701338794,True,0.009714711688338954,0.0,0.15309772266804614,MODEL_ONLY,MISSING_OR_STALE,MISSING_OR_STALE,165.435905819,165.435905819
166.46161593300002,3.0227130613299646,7.178970145458053,0.20852493300596325,0.10880477090937422,0.15543538701338794,True,0.010491888623406248,0.0,0.15309772266804614,MODEL_ONLY,MISSING_OR_STALE,MISSING_OR_STALE,165.435905819,165.435905819
166.511615933,3.070088633084293,7.331290187818357,0.22479399856442844,0.11657654026004097,0.15543538701338794,True,0.011269065558466917,0.0,0.15309772266804614,MODEL_ONLY,MISSING_OR_STALE,MISSING_OR_STALE,165.435905819,165.435905819
166.561615933,3.1170602806979724,7.485968910662949,0.24184024105796997,0.12434830961071214,0.15543538701338794,True,0.012046242493540393,0.0,0.15309772266804614,MODEL_ONLY,MISSING_OR_STALE,MISSING_OR_STALE,165.435905819,165.435905819
166.611615933,3.1636762867038057,7.64298732484794,0.2596636604865684,0.1321200789613789,0.15543538701338794,True,0.012823419428600179,0.0,0.15309772266804614,MODEL_ONLY,MISSING_OR_STALE,MISSING_OR_STALE,165.435905819,165.435905819
166.661615933,3.2095849018852007,7.802318854562702,0.2782642568502441,0.13989184831205007,0.15543538701338794,True,0.01360059636367454,0.0,0.15309772266804614,MODEL_ONLY,MISSING_OR_STALE,MISSING_OR_STALE,165.435905819,165.435905819
166.71161593300002,3.254870683259861,7.963930244191365,0.29764203014898705,0.14766361766272124,0.15543538701338794,True,0.014377773298741833,0.0,0.15309772266804614,MODEL_ONLY,MISSING_OR_STALE,MISSING_OR_STALE,165.435905819,165.435905819
166.761615933,3.299608080435273,8.127792213283687,0.31779698038278564,0.155435387013388,0.15543538701338794,True,0.015154950233800292,0.0,0.15309772266804614,MODEL_ONLY,MISSING_OR_STALE,MISSING_OR_STALE,165.435905819,165.435905819
166.811615933,3.343862643784567,8.29387898138922,0.33872910755166274,0.16320715636405916,0.15543538701338794,True,0.01593212716887598,0.0,0.15309772266804614,MODEL_ONLY,MISSING_OR_STALE,MISSING_OR_STALE,165.435905819,165.435905819
166.861615933,3.387692088204445,8.462167849688889,0.3604384116555946,0.17097892571472592,0.15543538701338794,True,0.016709304103933554,0.0,0.15309772266804614,MODEL_ONLY,MISSING_OR_STALE,MISSING_OR_STALE,165.435905819,165.435905819
166.911615933,3.431147229718584,8.632638832637003,0.38292489269460583,0.1787506950653971,0.15543538701338794,True,0.017486481039010127,0.0,0.15309772266804614,MODEL_ONLY,MISSING_OR_STALE,MISSING_OR_STALE,165.435905819,165.435905819
166.96161593300002,3.4742728101250493,8.805274333633132,0.40618855066868437,0.18652246441606826,0.15543538701338794,True,0.01826365797407742,0.0,0.15309772266804614,MODEL_ONLY,MISSING_OR_STALE,MISSING_OR_STALE,165.435905819,165.435905819
167.011615933,3.516677096408089,8.980048081296399,0.4302293855778163,0.19429423376673502,0.15543538701338794,True,0.01904083490913367,0.0,0.15309772266804614,MODEL_ONLY,MISSING_OR_STALE,MISSING_OR_STALE,165.435905819,165.435905819
167.061615933,3.5584463074977566,9.156926166394086,0.455047397422029,0.2020660031174062,0.15543538701338794,True,0.019818011844211565,0.0,0.15309772266804614,MODEL_ONLY,MISSING_OR_STALE,MISSING_OR_STALE,165.435905819,165.435905819
167.111615933,3.599656356259327,9.33587873298795,0.4806425862012942,0.20983777246807295,0.15543538701338794,True,0.020595188779266933,0.0,0.15309772266804614,MODEL_ONLY,MISSING_OR_STALE,MISSING_OR_STALE,165.435905819,165.435905819
167.161615933,3.6403740814151675,9.516879493929856,0.507014951915641,0.21760954181874412,0.15543538701338794,True,0.021372365714345712,0.0,0.15309772266804614,MODEL_ONLY,MISSING_OR_STALE,MISSING_OR_STALE,165.435905819,165.435905819
167.21161593300002,3.6806583322101427,9.69990530427053,0.5341644945650552,0.2253813111694153,0.15543538701338794,True,0.022149542649413007,0.0,0.15309772266804614,MODEL_ONLY,MISSING_OR_STALE,MISSING_OR_STALE,165.435905819,165.435905819
167.261615933,3.720560923423203,9.884935785661302,0.5620912141495206,0.23315308052008205,0.15543538701338794,True,0.022926719584467046,0.0,0.15309772266804614,MODEL_ONLY,MISSING_OR_STALE,MISSING_OR_STALE,165.435905819,165.435905819
167.311615933,3.760127476222943,10.071952995652499,0.5907951106690689,0.24092484987075322,0.15543538701338794,True,0.02370389651954715,0.0,0.15309772266804614,MODEL_ONLY,MISSING_OR_STALE,MISSING_OR_STALE,165.435905819,165.435905819
167.361615933,3.799398158512395,10.260941136520817,0.6202761841236675,0.24869661922141997,0.15543538701338794,True,0.02448107345460031,0.0,0.15309772266804614,MODEL_ONLY,MISSING_OR_STALE,MISSING_OR_STALE,165.435905819,165.435905819
167.411615933,3.837927024911394,10.451874266106454,0.6505344345133499,0.25646838857209114,0.15543538701338794,True,0.025258250389681297,0.0,0.15309772266804614,MODEL_ONLY,MISSING_OR_STALE,MISSING_OR_STALE,165.435905819,165.435905819
167.46161593300002,3.875802747391951,10.644717510414083,0.6815698618380996,0.2642401579227623,0.15543538701338794,True,0.026035427324748592,0.0,0.15309772266804614,MODEL_ONLY,MISSING_OR_STALE,MISSING_OR_STALE,165.435905819,165.435905819
167.511615933,3.9131033986402914,10.839440164064822,0.7133824660978985,0.27201192727342904,0.15543538701338794,True,0.02681260425980042,0.0,0.15309772266804614,MODEL_ONLY,MISSING_OR_STALE,MISSING_OR_STALE,165.435905819,165.435905819
167.561615933,3.9498977190283915,11.036015192006584,0.7459722472927823,0.2797836966241002,0.15543538701338794,True,0.027589781194882736,0.0,0.15309772266804614,MODEL_ONLY,MISSING_OR_STALE,MISSING_OR_STALE,165.435905819,165.435905819
167.611615933,3.9856906032220984,11.234404900062778,0.7793392054227144,0.28755546597476694,0.15543538701338794,True,0.028366958129933683,0.0,0.15309772266804614,MODEL_ONLY,MISSING_OR_STALE,MISSING_OR_STALE,165.435905819,165.435905819
167.661615933,4.02060175655988,11.434562209057372,0.8134833404877324,0.2953272353254381,0.15543538701338794,True,0.02914413506501688,0.0,0.15309772266804614,MODEL_ONLY,MISSING_OR_STALE,MISSING_OR_STALE,165.435905819,165.435905819
167.71161593300002,4.054736575562338,11.636445667360473,0.8484046524878177,0.30309900467610923,0.15543538701338794,True,0.02992131200008417,0.0,0.15309772266804614,MODEL_ONLY,MISSING_OR_STALE,MISSING_OR_STALE,165.435905819,165.435905819
167.761615933,4.088187858317706,11.840018778207405,0.8841031414229499,0.310870774026776,0.15543538701338794,True,0.03069848893513379,0.0,0.15309772266804614,MODEL_ONLY,MISSING_OR_STALE,MISSING_OR_STALE,165.435905819,165.435905819
167.811615933,4.121037310418691,12.045249407425864,0.9205788072931693,0.31864254337744713,0.15543538701338794,True,0.031475665870218314,0.0,0.15309772266804614,MODEL_ONLY,MISSING_OR_STALE,MISSING_OR_STALE,165.435905819,165.435905819
167.861615933,4.153356870888996,12.252109261958484,0.9578316500984347,0.3264143127281139,0.15543538701338794,True,0.032252842805267044,0.0,0.15309772266804614,MODEL_ONLY,MISSING_OR_STALE,MISSING_OR_STALE,165.435905819,165.435905819
167.911615933,4.184526119082342,12.460556336707818,0.9958616698387883,0.33418608207878503,0.15543538701338794,True,0.033030019740352454,0.0,0.15309772266804614,MODEL_ONLY,MISSING_OR_STALE,MISSING_OR_STALE,165.435905819,165.435905819
167.96161593300002,4.2146825560409,12.670536553585947,1.0346688665142092,0.34195785142945617,0.15543538701338794,True,0.033807196675419746,0.0,0.15309772266804614,MODEL_ONLY,MISSING_OR_STALE,MISSING_OR_STALE,165.435905819,165.435905819
168.011615933,4.243947246803351,12.882002298656982,1.0742532401246747,0.34972962078012293,0.15543538701338794,True,0.03458437361046716,0.0,0.15309772266804614,MODEL_ONLY,MISSING_OR_STALE,MISSING_OR_STALE,165.435905819,165.435905819
168.061615933,4.272426785060661,13.094911649453628,1.1146147906702297,0.35750139013079407,0.15543538701338794,True,0.03536155054555389,0.0,0.15309772266804614,MODEL_ONLY,MISSING_OR_STALE,MISSING_OR_STALE,165.435905819,165.435905819
168.111615933,4.3002150229692075,13.309227694654304,1.1557535181508285,0.36527315948146083,0.15543538701338794,True,0.036138727480600416,0.0,0.15309772266804614,MODEL_ONLY,MISSING_OR_STALE,MISSING_OR_STALE,165.435905819,165.435905819
168.161615933,4.326383415500984,13.524892655616107,1.1976694225665176,0.373044928832132,0.15543538701338794,True,0.03691590441568803,0.0,0.15309772266804614,MODEL_ONLY,MISSING_OR_STALE,MISSING_OR_STALE,165.435905819,165.435905819
168.21161593300002,4.351125588710352,13.741830380721439,1.240362503917274,0.3808166981828031,0.15543538701338794,True,0.037693081350755324,0.0,0.15309772266804614,MODEL_ONLY,MISSING_OR_STALE,MISSING_OR_STALE,165.435905819,165.435905819
168.261615933,4.374612023819787,13.95997382103462,1.283832762203073,0.3885884675334699,0.15543538701338794,True,0.03847025828580052,0.0,0.15309772266804614,MODEL_ONLY,MISSING_OR_STALE,MISSING_OR_STALE,165.435905819,165.435905819
168.311615933,4.3969928238064915,14.179263942225326,1.3280801974239638,0.396360236884141,0.15543538701338794,True,0.03924743522088947,0.0,0.15309772266804614,MODEL_ONLY,MISSING_OR_STALE,MISSING_OR_STALE,165.435905819,165.435905819
168.361615933,4.418400149288648,14.399648766552627,1.373104809579896,0.4041320062348078,0.15543538701338794,True,0.04002461215593379,0.0,0.15309772266804614,MODEL_ONLY,MISSING_OR_STALE,MISSING_OR_STALE,165.435905819,165.435905819
168.411615933,4.438950363241447,14.621082529365932,1.4189065986709206,0.4119037755854789,0.15543538701338794,True,0.04080178909102361,0.0,0.15309772266804614,MODEL_ONLY,MISSING_OR_STALE,MISSING_OR_STALE,165.435905819,165.435905819
168.46161593300002,4.458745919347167,14.843524936430697,1.4654855646970129,0.41967554493615006,0.15543538701338794,True,0.0415789660260909,0.0,0.15309772266804614,MODEL_ONLY,MISSING_OR_STALE,MISSING_OR_STALE,165.435905819,165.435905819
168.511615933,4.477877024623967,15.066940510029902,1.512841707658145,0.4274473142868168,0.15543538701338794,True,0.042356142961133894,0.0,0.15309772266804614,MODEL_ONLY,MISSING_OR_STALE,MISSING_OR_STALE,165.435905819,165.435905819
168.561615933,4.497434282006798,15.291323292695722,1.5609750275543715,0.43521908363748796,0.15543538701338794,True,0.04313331989622505,0.0,0.15309772266804614,MODEL_ONLY,MISSING_OR_STALE,MISSING_OR_STALE,165.435905819,165.435905819
168.611615933,4.517366751972619,15.51669331854513,1.609885524385637,0.4429908529881547,0.15543538701338794,True,0.04391049683126715,0.0,0.15309772266804614,MODEL_ONLY,MISSING_OR_STALE,MISSING_OR_STALE,165.435905819,165.435905819
168.661615933,4.538313344521212,15.743085320957526,1.6595731981519974,0.45076262233882586,0.15543538701338794,True,0.04468767376635919,0.0,0.15309772266804614,MODEL_ONLY,MISSING_OR_STALE,MISSING_OR_STALE,165.435905819,165.435905819
168.71161593300002,4.56015283786364,15.970546975517198,1.7100380488534253,0.458534391689497,0.15543538701338794,True,0.04546485070142648,0.0,0.15309772266804614,MODEL_ONLY,MISSING_OR_STALE,MISSING_OR_STALE,165.435905819,165.435905819
168.761615933,4.58333412921312,16.19913414969404,1.7612800764898908,0.46630616104016376,0.15543538701338794,True,0.046242027636467266,0.0,0.15309772266804614,MODEL_ONLY,MISSING_OR_STALE,MISSING_OR_STALE,165.435905819,165.435905819
168.811615933,4.6076968285364055,16.42890992363783,1.8132992810614528,0.4740779303908349,0.15543538701338794,True,0.04701920457156063,0.0,0.15309772266804614,MODEL_ONLY,MISSING_OR_STALE,MISSING_OR_STALE,165.435905819,165.435905819
168.861615933,4.633099717808677,16.659929837296378,1.8660956625680516,0.48184969974150166,0.15543538701338794,True,0.047796381506600524,0.0,0.15309772266804614,MODEL_ONLY,MISSING_OR_STALE,MISSING_OR_STALE,165.435905819,165.435905819
168.911615933,4.659899771179842,16.892254824521142,1.9196692210097477,0.4896214690921728,0.15543538701338794,True,0.04857355844169477,0.0,0.15309772266804614,MODEL_ONLY,MISSING_OR_STALE,MISSING_OR_STALE,165.435905819,165.435905819
168.96161593300002,4.687929980504749,17.12595056831331,1.974019956386511,0.49739323844284394,0.15543538701338794,True,0.04935073537676206,0.0,0.15309772266804614,MODEL_ONLY,MISSING_OR_STALE,MISSING_OR_STALE,165.435905819,165.435905819
169.011615933,4.717474427396613,17.361085678510765,2.0291478686983098,0.5051650077935107,0.15543538701338794,True,0.05012791231180063,0.0,0.15309772266804614,MODEL_ONLY,MISSING_OR_STALE,MISSING_OR_STALE,165.435905819,165.435905819
169.061615933,4.748352109489634,17.597731341932974,2.0850529579452073,0.5129367771441818,0.15543538701338794,True,0.050905089246896205,0.0,0.15309772266804614,MODEL_ONLY,MISSING_OR_STALE,MISSING_OR_STALE,165.435905819,165.435905819
169.111615933,4.780797920655476,17.83596009268652,2.1417352241271392,0.5207085464948485,0.15543538701338794,True,0.05168226618193389,0.0,0.15309772266804614,MODEL_ONLY,MISSING_OR_STALE,MISSING_OR_STALE,165.435905819,165.435905819
169.161615933,4.814624416679143,18.07584565111994,2.199194667244171,0.5284803158455197,0.15543538701338794,True,0.05245944311703034,0.0,0.15309772266804614,MODEL_ONLY,MISSING_OR_STALE,MISSING_OR_STALE,165.435905819,165.435905819
169.21161593300002,4.849666559239559,18.317452925517962,2.25743128729627,0.5362520851961908,0.15543538701338794,True,0.05323662005209763,0.0,0.15309772266804614,MODEL_ONLY,MISSING_OR_STALE,MISSING_OR_STALE,165.435905819,165.435905819
169.261615933,4.886144712855907,18.560848207320266,2.316445084283402,0.5440238545468575,0.15543538701338794,True,0.054013796987133995,0.0,0.15309772266804614,MODEL_ONLY,MISSING_OR_STALE,MISSING_OR_STALE,165.435905819,165.435905819
169.311615933,4.923887225863945,18.80609900578832,2.376236058205635,0.5517956238975287,0.15543538701338794,True,0.05479097392223177,0.0,0.15309772266804614,MODEL_ONLY,MISSING_OR_STALE,MISSING_OR_STALE,165.435905819,165.435905819
169.361615933,4.962742964751857,19.05326476055363,2.4368042090629003,0.5595673932481954,0.15543538701338794,True,0.05556815085726725,0.0,0.15309772266804614,MODEL_ONLY,MISSING_OR_STALE,MISSING_OR_STALE,165.435905819,165.435905819
169.411615933,5.002921520152913,19.302406372676305,2.4981495368552675,0.5673391625988665,0.15543538701338794,True,0.05634532779236591,0.0,0.15309772266804614,MODEL_ONLY,MISSING_OR_STALE,MISSING_OR_STALE,165.435905819,165.435905819
169.46161593300002,5.044264770961355,19.553586029954218,2.560272041582702,0.5751109319495377,0.15543538701338794,True,0.057122504727433195,0.0,0.15309772266804614,MODEL_ONLY,MISSING_OR_STALE,MISSING_OR_STALE,165.435905819,165.435905819
169.511615933,5.086633496866678,19.806858486649833,2.6231717232451675,0.5828827013002044,0.15543538701338794,True,0.05789968166246735,0.0,0.15309772266804614,MODEL_ONLY,MISSING_OR_STALE,MISSING_OR_STALE,165.435905819,165.435905819
169.561615933,5.129905119072385,20.062271952048366,2.686848581842736,0.5906544706508755,0.15543538701338794,True,0.058676858597567334,0.0,0.15309772266804614,MODEL_ONLY,MISSING_OR_STALE,MISSING_OR_STALE,165.435905819,165.435905819
169.611615933,5.174295312330427,20.319876962833348,2.7513026173753348,0.5984262400015422,0.15543538701338794,True,0.059454035532600605,0.0,0.15309772266804614,MODEL_ONLY,MISSING_OR_STALE,MISSING_OR_STALE,165.435905819,165.435905819
169.661615933,5.219670369743572,20.579726104885257,2.8165338298430376,0.6061980093522134,0.15543538701338794,True,0.060231212467701474,0.0,0.15309772266804614,MODEL_ONLY,MISSING_OR_STALE,MISSING_OR_STALE,165.435905819,165.435905819
169.71161593300002,5.265912566889957,20.841865678301154,2.8825422192458077,0.6139697787028845,0.15543538701338794,True,0.061008389402768766,0.0,0.15309772266804614,MODEL_ONLY,MISSING_OR_STALE,MISSING_OR_STALE,165.435905819,165.435905819
169.761615933,5.312918251379306,21.106336448757794,2.9493277855836064,0.6217415480535512,0.15543538701338794,True,0.06178556633780071,0.0,0.15309772266804614,MODEL_ONLY,MISSING_OR_STALE,MISSING_OR_STALE,165.435905819,165.435905819
169.811615933,5.360596160771495,21.373174309061625,3.0168905288565107,0.6295133174042223,0.15543538701338794,True,0.06256274327290291,0.0,0.15309772266804614,MODEL_ONLY,MISSING_OR_STALE,MISSING_OR_STALE,165.435905819,165.435905819
169.861615933,5.408865941560235,21.642410861619826,3.0852304490644427,0.637285086754889,0.15543538701338794,True,0.06333992020793397,0.0,0.15309772266804614,MODEL_ONLY,MISSING_OR_STALE,MISSING_OR_STALE,165.435905819,165.435905819
169.911615933,5.457656845188427,21.914073931288605,3.154347546207481,0.6450568561055602,0.15543538701338794,True,0.06411709714303704,0.0,0.15309772266804614,MODEL_ONLY,MISSING_OR_STALE,MISSING_OR_STALE,165.435905819,165.435905819
169.96161593300002,5.50690657993321,22.18818801691671,3.2242418202855867,0.6528286254562313,0.15543538701338794,True,0.06489427407810433,0.0,0.15309772266804614,MODEL_ONLY,MISSING_OR_STALE,MISSING_OR_STALE,165.435905819,165.435905819
170.011615933,5.556560300029641,22.464774688915686,3.294913271298719,0.660600394806898,0.15543538701338794,True,0.06567145101313407,0.0,0.15309772266804614,MODEL_ONLY,MISSING_OR_STALE,MISSING_OR_STALE,165.435905819,165.435905819
170.061615933,5.606569715628147,22.743852939307192,3.3663618992469586,0.6683721641575692,0.15543538701338794,True,0.06644862794823847,0.0,0.15309772266804614,MODEL_ONLY,MISSING_OR_STALE,MISSING_OR_STALE,165.435905819,165.435905819
170.111615933,5.65689230914174,23.025439489926345,3.438587704130224,0.6761439335082359,0.15543538701338794,True,0.06722580488326732,0.0,0.15309772266804614,MODEL_ONLY,MISSING_OR_STALE,MISSING_OR_STALE,165.435905819,165.435905819
170.161615933,5.707490645266532,23.309549063786616,3.511590685948598,0.683915702858907,0.15543538701338794,True,0.06800298181837261,0.0,0.15309772266804614,MODEL_ONLY,MISSING_OR_STALE,MISSING_OR_STALE,165.435905819,165.435905819
170.21161593300002,5.758331763477626,23.596194624005285,3.585370844702039,0.6916874722095782,0.15543538701338794,True,0.0687801587534399,0.0,0.15309772266804614,MODEL_ONLY,MISSING_OR_STALE,MISSING_OR_STALE,165.435905819,165.435905819
170.261615933,5.809386643142458,23.88538758417069,3.6599281803905046,0.6994592415602449,0.15543538701338794,True,0.06955733568846743,0.0,0.15309772266804614,MODEL_ONLY,MISSING_OR_STALE,MISSING_OR_STALE,165.435905819,165.435905819
170.311615933,5.860629732571114,24.177137993563594,3.73526269301408,0.707231010910916,0.15543538701338794,True,0.07033451262357404,0.0,0.15309772266804614,MODEL_ONLY,MISSING_OR_STALE,MISSING_OR_STALE,165.435905819,165.435905819
170.361615933,5.9120385343607085,24.47145470023679,3.8113743825726787,0.7150027802615827,0.15543538701338794,True,0.07111168955860069,0.0,0.15309772266804614,MODEL_ONLY,MISSING_OR_STALE,MISSING_OR_STALE,165.435905819,165.435905819
170.411615933,5.963589814825654,24.768345408966518,3.888263249066388,0.7227745496122538,0.15543538701338794,True,0.07188886649370817,0.0,0.15309772266804614,MODEL_ONLY,MISSING_OR_STALE,MISSING_OR_STALE,165.435905819,165.435905819
170.46161593300002,6.015217401761003,25.06781558938125,3.965929292495165,0.730546318962925,0.15543538701338794,True,0.07266604342877546,0.0,0.15309772266804614,MODEL_ONLY,MISSING_OR_STALE,MISSING_OR_STALE,165.435905819,165.435905819
170.511615933,6.066863804194436,25.369867619530034,4.044372512858964,0.7383180883135917,0.15543538701338794,True,0.07344322036380078,0.0,0.15309772266804614,MODEL_ONLY,MISSING_OR_STALE,MISSING_OR_STALE,165.435905819,165.435905819
170.561615933,6.118479209313177,25.674501194867794,4.123592910157875,0.7460898576642628,0.15543538701338794,True,0.0742203972989096,0.0,0.15309772266804614,MODEL_ONLY,MISSING_OR_STALE,MISSING_OR_STALE,165.435905819,165.435905819
170.611615933,7.639275456806446,26.018445061520666,0.04897516224646733,0.008783085705310723,0.15543538701338794,True,0.07499757423393404,0.9883492070818233,0.15309772266804614,FUSED,ACCEPTED,ACCEPTED,170.517979078,170.517979078
170.661615933,7.6896581403100095,26.401668401448664,0.05524205928453338,0.016554855055981886,0.15543538701338794,True,0.0012668970380649185,0.0,0.15309772266804614,MODEL_ONLY,DUPLICATE_OR_OLD,DUPLICATE_OR_OLD,170.517979078,170.517979078
170.71161593300002,7.762268234825364,26.787966560827137,0.008616608808724821,0.003365323791762365,0.15543538701338794,False,0.0020440739731322115,0.8616608808724819,0.16193341997500543,FUSED,ACCEPTED,ACCEPTED,170.623898361,170.623898361
170.761615933,7.8110791750560855,27.17730024607404,0.013616608808723115,0.003365323791762365,0.15543538701338794,False,0.0,0.0,0.16193341997500543,MODEL_ONLY,DUPLICATE_OR_OLD,DUPLICATE_OR_OLD,170.623898361,170.623898361
170.811615933,7.880533174431052,27.569590554811306,0.006505525841010438,0.003365323791762365,0.15543538701338794,False,0.0,0.6505525841010437,0.20610736815829062,FUSED,ACCEPTED,ACCEPTED,170.729852338,170.729852338
170.861615933,7.92986708620149,27.964850561326983,0.011505525841008734,0.003365323791762365,0.15543538701338794,False,0.0,0.0,0.20610736815829062,MODEL_ONLY,DUPLICATE_OR_OLD,DUPLICATE_OR_OLD,170.729852338,170.729852338
170.911615933,7.988239298767293,28.362803220951292,0.006227201806904807,0.003365323791762365,0.15543538701338794,False,0.0,0.6227201806904807,0.21482880736757132,FUSED,ACCEPTED,ACCEPTED,170.829924035,170.829924035
170.96161593300002,8.068728411513286,28.764227413708397,0.00528906348987239,0.003365323791762365,0.15543538701338794,False,0.0,0.5289063489872389,0.20715924204891425,FUSED,ACCEPTED,ACCEPTED,170.941840994,170.941840994
171.011615933,8.115603850463357,29.168835720257675,0.010289063489870685,0.003365323791762365,0.15543538701338794,False,0.0,0.0,0.20715924204891425,MODEL_ONLY,DUPLICATE_OR_OLD,DUPLICATE_OR_OLD,170.941840994,170.941840994
171.061615933,8.161707627014016,29.575768507194702,0.015289063489871822,0.003365323791762365,0.15543538701338794,False,0.0,0.0,0.20715924204891425,MODEL_ONLY,DUPLICATE_OR_OLD,DUPLICATE_OR_OLD,170.941840994,170.941840994
171.111615933,8.258698724710685,29.98627866598768,0.006698478312693821,0.003365323791762365,0.15543538701338794,False,0.0,0.6698478312693819,0.2672629015902104,FUSED,ACCEPTED,ACCEPTED,171.017838627,171.017838627
171.161615933,8.306469648217881,30.40040787531099,0.011698478312694958,0.003365323791762365,0.15543538701338794,False,0.0,0.0,0.2672629015902104,MODEL_ONLY,DUPLICATE_OR_OLD,DUPLICATE_OR_OLD,171.017838627,171.017838627
171.21161593300002,8.369739339450284,30.81731310000279,0.0062544681824639285,0.003365323791762365,0.15543538701338794,False,0.0,0.6254468182463928,0.26280876451101737,FUSED,ACCEPTED,ACCEPTED,171.127914225,171.127914225
171.261615933,8.416168606997225,31.236960798663834,0.011254468182462223,0.003365323791762365,0.15543538701338794,False,0.0,0.0,0.26280876451101737,MODEL_ONLY,DUPLICATE_OR_OLD,DUPLICATE_OR_OLD,171.127914225,171.127914225
171.311615933,8.4730303057924,31.65919077148367,0.006191124523832676,0.003365323791762365,0.15543538701338794,False,0.0,0.6191124523832674,0.28211026215585083,FUSED,ACCEPTED,ACCEPTED,171.22384081,171.22384081
171.361615933,8.519474105702455,32.0840033817709,0.011191124523830972,0.003365323791762365,0.15543538701338794,False,0.0,0.0,0.28211026215585083,MODEL_ONLY,DUPLICATE_OR_OLD,DUPLICATE_OR_OLD,171.22384081,171.22384081
171.411615933,8.575332887705278,32.51137355660619,0.006181912696837171,0.003365323791762365,0.15543538701338794,False,0.0,0.618191269683717,0.29937177769432716,FUSED,ACCEPTED,ACCEPTED,171.317927601,171.317927601
171.46161593300002,8.621821477918596,32.94130241574688,0.011181912696838308,0.003365323791762365,0.15543538701338794,False,0.0,0.0,0.29937177769432716,MODEL_ONLY,DUPLICATE_OR_OLD,DUPLICATE_OR_OLD,171.317927601,171.317927601
171.511615933,8.673325138686243,33.37368108116186,0.006180569343503985,0.003365323791762365,0.15543538701338794,False,0.0,0.6180569343503983,0.30437527254017327,FUSED,ACCEPTED,ACCEPTED,171.437828329,171.437828329
171.561615933,8.719345724930035,33.80849785275237,0.011180569343505121,0.003365323791762365,0.15543538701338794,False,0.0,0.0,0.30437527254017327,MODEL_ONLY,DUPLICATE_OR_OLD,DUPLICATE_OR_OLD,171.437828329,171.437828329
171.611615933,8.691399824552692,34.24376649148929,0.016180569343503415,0.003365323791762365,0.15543538701338794,False,0.0,0.0,0.30437527254017327,MODEL_ONLY,RATE_ANOMALY,RATE_ANOMALY,171.52195102,171.52195102
171.661615933,8.736784493740698,34.67947109944672,0.021180569343504554,0.003365323791762365,0.15543538701338794,False,0.0,0.0,0.30437527254017327,MODEL_ONLY,DUPLICATE_OR_OLD,DUPLICATE_OR_OLD,171.52195102,171.52195102
171.71161593300002,8.781879037743229,35.11743768773392,0.02618056934350569,0.003365323791762365,0.15543538701338794,False,0.0,0.0,0.30437527254017327,MODEL_ONLY,MODEL_DISAGREEMENT,MODEL_DISAGREEMENT,171.627851993,171.627851993
171.761615933,8.826699506892238,35.55765215134966,0.031180569343503984,0.003365323791762365,0.15543538701338794,False,0.0,0.0,0.30437527254017327,MODEL_ONLY,DUPLICATE_OR_OLD,DUPLICATE_OR_OLD,171.627851993,171.627851993
171.811615933,8.871260334808987,36.000101147392286,0.06774972715454276,0.007771769350671164,0.15543538701338794,True,0.03156915781103763,0.0,0.30437527254017327,MODEL_ONLY,MODEL_DISAGREEMENT,MODEL_DISAGREEMENT,171.729823216,171.729823216
171.861615933,8.915574519568253,36.444772018751564,0.07391549255714111,0.01554353870133791,0.15543538701338794,True,0.0011657654026000562,0.0,0.30437527254017327,MODEL_ONLY,DUPLICATE_OR_OLD,DUPLICATE_OR_OLD,171.729823216,171.729823216
171.911615933,8.959653784190877,36.89165272634565,0.08085843489481004,0.023315308052009074,0.15543538701338794,True,0.001942942337667791,0.0,0.30437527254017327,MODEL_ONLY,MODEL_DISAGREEMENT,MODEL_DISAGREEMENT,171.833833813,171.833833813
171.96161593300002,9.003508718825369,37.340731788921154,0.08857855416754626,0.031087077402680238,0.15543538701338794,True,0.002720119272735084,0.0,0.30437527254017327,MODEL_ONLY,DUPLICATE_OR_OLD,DUPLICATE_OR_OLD,171.833833813,171.833833813
172.011615933,9.047148906711925,37.79199822955943,0.09707585037534472,0.038858846753346984,0.15543538701338794,True,0.0034972962078001686,0.0,0.30437527254017327,MODEL_ONLY,MODEL_DISAGREEMENT,MODEL_DISAGREEMENT,171.927859007,171.927859007
172.061615933,9.09058303578303,38.24544152812191,0.10635032351821509,0.04663061610401815,0.15543538701338794,True,0.004274473142869229,0.0,0.30437527254017327,MODEL_ONLY,DUPLICATE_OR_OLD,DUPLICATE_OR_OLD,171.927859007,171.927859007
172.111615933,9.133818997543413,38.70105157895492,0.11640197359614682,0.05440238545468489,0.15543538701338794,True,0.005051650077933429,0.0,0.30437527254017327,MODEL_ONLY,MODEL_DISAGREEMENT,MODEL_DISAGREEMENT,172.017850198,172.017850198
172.161615933,9.17686397468558,39.158818653260745,0.12723080060915132,0.062174154805356055,0.15543538701338794,True,0.005828827013003373,0.0,0.30437527254017327,MODEL_ONLY,DUPLICATE_OR_OLD,DUPLICATE_OR_OLD,172.017850198,172.017850198
172.21161593300002,9.21972451872961,39.61873336559623,0.13883680455722314,0.06994592415602723,0.15543538701338794,True,0.006606003948070666,0.0,0.30437527254017327,MODEL_ONLY,MODEL_DISAGREEMENT,MODEL_DISAGREEMENT,172.145916669,172.145916669
172.261615933,9.262406618829967,40.08078664403506,0.15121998544035498,0.07771769350669397,0.15543538701338794,True,0.007383180883133542,0.0,0.30437527254017327,MODEL_ONLY,DUPLICATE_OR_OLD,DUPLICATE_OR_OLD,172.145916669,172.145916669
172.311615933,7.903483824674954,40.50993390512278,0.046714397936189374,0.0242948074453668,0.15543538701338794,True,0.008160357818204811,0.7158151819727601,0.30437527254017327,FUSED,ACCEPTED,ACCEPTED,172.231828675,172.231828675
172.361615933,7.946429077750522,40.90618172768328,0.05453246714825673,0.032066576796033544,0.15543538701338794,True,0.002818069212069056,0.0,0.30437527254017327,MODEL_ONLY,DUPLICATE_OR_OLD,DUPLICATE_OR_OLD,172.231828675,172.231828675
172.411615933,7.552442118827342,41.29365350759782,0.014576483915082865,0.00919886023898318,0.15543538701338794,False,0.00359524614713773,0.7690953282772237,0.309980598632177,FUSED,ACCEPTED,ACCEPTED,172.313814028,172.313814028
172.46161593300002,7.596557024247492,41.67237848617477,0.019576483915084,0.00919886023898318,0.15543538701338794,False,0.0,0.0,0.309980598632177,MODEL_ONLY,DUPLICATE_OR_OLD,DUPLICATE_OR_OLD,172.313814028,172.313814028
172.511615933,7.551628937988067,42.051083135230535,0.007107860930984372,0.00919886023898318,0.15543538701338794,False,0.0,0.710786093098437,0.2996576863137224,FUSED,ACCEPTED,ACCEPTED,172.425841331,172.425841331
172.561615933,7.59607937144515,42.42977584296645,0.012107860930985509,0.00919886023898318,0.15543538701338794,False,0.0,0.0,0.2996576863137224,MODEL_ONLY,DUPLICATE_OR_OLD,DUPLICATE_OR_OLD,172.425841331,172.425841331
172.611615933,7.620093896841326,42.810180174673484,0.006311033162867463,0.00919886023898318,0.15543538701338794,False,0.0,0.6311033162867462,0.31192343324117366,FUSED,ACCEPTED,ACCEPTED,172.52183832,172.52183832
172.661615933,7.665780371786349,43.19232703138926,0.0113110331628686,0.00919886023898318,0.15543538701338794,False,0.0,0.0,0.31192343324117366,MODEL_ONLY,DUPLICATE_OR_OLD,DUPLICATE_OR_OLD,172.52183832,172.52183832
172.71161593300002,7.745327491783414,43.57760472797859,0.00619931306456181,0.00919886023898318,0.15543538701338794,False,0.0,0.6199313064561809,0.2824969179022484,FUSED,ACCEPTED,ACCEPTED,172.623828888,172.623828888
172.761615933,7.7901997865472135,43.96599290993672,0.011199313064560104,0.00919886023898318,0.15543538701338794,False,0.0,0.0,0.2824969179022484,MODEL_ONLY,DUPLICATE_OR_OLD,DUPLICATE_OR_OLD,172.623828888,172.623828888
172.811615933,7.835426563141977,44.356633568679044,0.01619931306456124,0.00919886023898318,0.15543538701338794,False,0.0,0.0,0.2824969179022484,MODEL_ONLY,DUPLICATE_OR_OLD,DUPLICATE_OR_OLD,172.623828888,172.623828888
172.861615933,7.880940225321398,44.749542738390495,0.021199313064559536,0.00919886023898318,0.15543538701338794,False,0.0,0.0,0.2824969179022484,MODEL_ONLY,DUPLICATE_OR_OLD,DUPLICATE_OR_OLD,172.623828888,172.623828888
172.911615933,7.929157395808763,45.14479517891884,0.007237516639565724,0.00919886023898318,0.15543538701338794,False,0.0,0.7237516639565722,0.25254834850280033,FUSED,ACCEPTED,ACCEPTED,172.843875061,172.843875061
172.96161593300002,7.973579884705518,45.54236361093179,0.012237516639566862,0.00919886023898318,0.15543538701338794,False,0.0,0.0,0.25254834850280033,MODEL_ONLY,DUPLICATE_OR_OLD,DUPLICATE_OR_OLD,172.843875061,172.843875061
173.011615933,8.019662205961723,45.94219466319833,0.006328593339719517,0.00919886023898318,0.15543538701338794,False,0.0,0.6328593339719517,0.25800159532691036,FUSED,ACCEPTED,ACCEPTED,172.919932268,172.919932268
173.061615933,8.064591414419425,46.34430100370795,0.011328593339720654,0.00919886023898318,0.15543538701338794,False,0.0,0.0,0.25800159532691036,MODEL_ONLY,DUPLICATE_OR_OLD,DUPLICATE_OR_OLD,172.919932268,172.919932268
173.111615933,8.105653287786707,46.74855712126296,0.006201847979126884,0.00919886023898318,0.15543538701338794,False,0.0,0.6201847979126884,0.2433845812334671,FUSED,ACCEPTED,ACCEPTED,173.023820891,173.023820891
173.161615933,8.149953920903858,47.15494730148032,0.011201847979128021,0.00919886023898318,0.15543538701338794,False,0.0,0.0,0.2433845812334671,MODEL_ONLY,DUPLICATE_OR_OLD,DUPLICATE_OR_OLD,173.023820891,173.023820891
173.21161593300002,8.163215873024011,47.562776546328614,0.006183475299923347,0.00919886023898318,0.15543538701338794,False,0.0,0.6183475299923344,0.15839562840027227,FUSED,ACCEPTED,ACCEPTED,173.117824387,173.117824387
173.261615933,8.203281037606946,47.97193896909425,0.011183475299921641,0.00919886023898318,0.15543538701338794,False,0.0,0.0,0.15839562840027227,MODEL_ONLY,DUPLICATE_OR_OLD,DUPLICATE_OR_OLD,173.117824387,173.117824387
173.311615933,8.253337869030997,48.3833544417603,0.00618079728322791,0.00919886023898318,0.15543538701338794,False,0.0,0.6180797283227909,0.23594961210731108,FUSED,ACCEPTED,ACCEPTED,173.231923134,173.231923134
173.361615933,8.297218166541379,48.79711834264946,0.011180797283226206,0.00919886023898318,0.15543538701338794,False,0.0,0.0,0.23594961210731108,MODEL_ONLY,DUPLICATE_OR_OLD,DUPLICATE_OR_OLD,173.231923134,173.231923134
173.411615933,8.35545084499759,49.21343506793803,0.006180406619470495,0.00919886023898318,0.15543538701338794,False,0.0,0.6180406619470495,0.25623792260590245,FUSED,ACCEPTED,ACCEPTED,173.331818725,173.331818725
173.46161593300002,8.400200112624892,49.63232634187869,0.011180406619471632,0.00919886023898318,0.15543538701338794,False,0.0,0.0,0.25623792260590245,MODEL_ONLY,DUPLICATE_OR_OLD,DUPLICATE_OR_OLD,173.331818725,173.331818725
173.511615933,8.448306287137317,50.0535390018726,0.006180349623537487,0.00919886023898318,0.15543538701338794,False,0.0,0.6180349623537486,0.24792170548750722,FUSED,ACCEPTED,ACCEPTED,173.425819022,173.425819022
173.561615933,8.492439417594083,50.47705764449098,0.011180349623538624,0.00919886023898318,0.15543538701338794,False,0.0,0.0,0.24792170548750722,MODEL_ONLY,DUPLICATE_OR_OLD,DUPLICATE_OR_OLD,173.425819022,173.425819022
173.611615933,8.524419776856794,50.902479124352105,0.0061803413079672175,0.00919886023898318,0.15543538701338794,False,0.0,0.6180341307967216,0.2109937352855421,FUSED,ACCEPTED,ACCEPTED,173.527810629,173.527810629
173.661615933,8.566477752575281,51.32975156258801,0.011180341307968356,0.00919886023898318,0.15543538701338794,False,0.0,0.0,0.2109937352855421,MODEL_ONLY,DUPLICATE_OR_OLD,DUPLICATE_OR_OLD,173.527810629,173.527810629
173.71161593300002,8.606642629605085,51.75907957214261,0.006180340094742797,0.00919886023898318,0.15543538701338794,False,0.0,0.6180340094742796,0.22583141606620802,FUSED,ACCEPTED,ACCEPTED,173.627816685,173.627816685
173.761615933,8.649407921565563,52.19048083592173,0.011180340094741092,0.00919886023898318,0.15543538701338794,False,0.0,0.0,0.22583141606620802,MODEL_ONLY,DUPLICATE_OR_OLD,DUPLICATE_OR_OLD,173.627816685,173.627816685
173.811615933,8.69429996643983,52.624073533121965,0.006180339917735336,0.00919886023898318,0.15543538701338794,False,0.0,0.6180339917735336,0.23106484950825876,FUSED,ACCEPTED,ACCEPTED,173.735812644,173.735812644
173.861615933,8.73740783286139,53.05986622810435,0.01118033991773363,0.00919886023898318,0.15543538701338794,False,0.0,0.0,0.23106484950825876,MODEL_ONLY,DUPLICATE_OR_OLD,DUPLICATE_OR_OLD,173.735812644,173.735812644
173.911615933,8.782619999985934,53.49786692392563,0.006180339891910296,0.00919886023898318,0.15543538701338794,False,0.0,0.6180339891910294,0.23403181131730988,FUSED,ACCEPTED,ACCEPTED,173.863852977,173.863852977
173.96161593300002,8.825851087051236,53.93807870110166,0.011180339891911433,0.00919886023898318,0.15543538701338794,False,0.0,0.0,0.23403181131730988,MODEL_ONLY,DUPLICATE_OR_OLD,DUPLICATE_OR_OLD,173.863852977,173.863852977
174.011615933,8.854129808662272,54.380078223494344,0.006180339888142473,0.00919886023898318,0.15543538701338794,False,0.0,0.6180339888142472,0.1866206130148084,FUSED,ACCEPTED,ACCEPTED,173.935800574,173.935800574
174.061615933,8.894898998116549,54.82380394366391,0.01118033988814361,0.00919886023898318,0.15543538701338794,False,0.0,0.0,0.1866206130148084,MODEL_ONLY,DUPLICATE_OR_OLD,DUPLICATE_OR_OLD,173.935800574,173.935800574
174.111615933,8.94290325310317,55.269748999944255,0.006180339887592756,0.00919886023898318,0.15543538701338794,False,0.0,0.6180339887592754,0.23190264402726582,FUSED,ACCEPTED,ACCEPTED,174.029843601,174.029843601
174.161615933,8.98580305612012,55.71796665767494,0.011180339887593893,0.00919886023898318,0.15543538701338794,False,0.0,0.0,0.23190264402726582,MODEL_ONLY,DUPLICATE_OR_OLD,DUPLICATE_OR_OLD,174.029843601,174.029843601
174.21161593300002,9.02453449432583,56.16822509643619,0.006180339887512968,0.00919886023898318,0.15543538701338794,False,0.0,0.6180339887512967,0.20550017483113928,FUSED,ACCEPTED,ACCEPTED,174.123881008,174.123881008
174.261615933,9.060113065494452,56.62034128543154,0.005278640450006952,0.00919886023898318,0.15543538701338794,False,0.0,0.5278640450006951,0.1946186186819011,FUSED,ACCEPTED,ACCEPTED,174.231879928,174.231879928
174.311615933,9.100873939595296,57.074365960558886,0.010278640450008088,0.00919886023898318,0.15543538701338794,False,0.0,0.0,0.1946186186819011,MODEL_ONLY,DUPLICATE_OR_OLD,DUPLICATE_OR_OLD,174.231879928,174.231879928
174.361615933,9.141525958805248,57.530425958018746,0.015278640450006382,0.00919886023898318,0.15543538701338794,False,0.0,0.0,0.1946186186819011,MODEL_ONLY,DUPLICATE_OR_OLD,DUPLICATE_OR_OLD,174.231879928,174.231879928
174.411615933,9.182064647254748,57.98851572317035,0.020278640450007518,0.00919886023898318,0.15543538701338794,False,0.0,0.0,0.1946186186819011,MODEL_ONLY,DUPLICATE_OR_OLD,DUPLICATE_OR_OLD,174.231879928,174.231879928
174.46161593300002,9.222486267829034,58.44862949604755,0.025278640450008653,0.00919886023898318,0.15543538701338794,False,0.0,0.0,0.1946186186819011,MODEL_ONLY,DUPLICATE_OR_OLD,DUPLICATE_OR_OLD,174.231879928,174.231879928
174.511615933,9.255916054513063,58.91058955410595,0.0075172945540672356,0.00919886023898318,0.15543538701338794,False,0.0,0.7517294554067235,0.19119384717092214,FUSED,ACCEPTED,ACCEPTED,174.443887614,174.443887614
174.561615933,9.295929021611235,59.37438568100916,0.012517294554068373,0.00919886023898318,0.15543538701338794,False,0.0,0.0,0.19119384717092214,MODEL_ONLY,DUPLICATE_OR_OLD,DUPLICATE_OR_OLD,174.443887614,174.443887614
174.611615933,9.347805757385858,59.84047905048393,0.006365921809518102,0.00919886023898318,0.15543538701338794,False,0.0,0.63659218095181,0.23127094168377665,FUSED,ACCEPTED,ACCEPTED,174.527813172,174.527813172
174.661615933,9.389579445437425,60.30891368055462,0.01136592180951924,0.00919886023898318,0.15543538701338794,False,0.0,0.0,0.23127094168377665,MODEL_ONLY,DUPLICATE_OR_OLD,DUPLICATE_OR_OLD,174.527813172,174.527813172
174.71161593300002,9.40699703240616,60.77882809250082,0.006207225344805076,0.00919886023898318,0.15543538701338794,False,0.0,0.6207225344805074,0.14335518940529718,FUSED,ACCEPTED,ACCEPTED,174.631922567,174.631922567
174.761615933,9.444132885698833,61.25010634045328,0.011207225344803371,0.00919886023898318,0.15543538701338794,False,0.0,0.0,0.14335518940529718,MODEL_ONLY,DUPLICATE_OR_OLD,DUPLICATE_OR_OLD,174.631922567,174.631922567
174.811615933,9.496305658649417,61.723617304062095,0.006184258398807388,0.00919886023898318,0.15543538701338794,False,0.0,0.6184258398807385,0.22821272306164728,FUSED,ACCEPTED,ACCEPTED,174.731795825,174.731795825
174.861615933,9.537624945673148,62.199465569169995,0.011184258398805682,0.00919886023898318,0.15543538701338794,False,0.0,0.0,0.22821272306164728,MODEL_ONLY,DUPLICATE_OR_OLD,DUPLICATE_OR_OLD,174.731795825,174.731795825
174.911615933,9.595410815250764,62.677791463193195,0.00618091150503782,0.00919886023898318,0.15543538701338794,False,0.0,0.6180911505037818,0.24703055463641105,FUSED,ACCEPTED,ACCEPTED,174.82180658,174.82180658
174.96161593300002,9.637714459363703,63.15861959505867,0.011180911505038957,0.00919886023898318,0.15543538701338794,False,0.0,0.0,0.24703055463641105,MODEL_ONLY,DUPLICATE_OR_OLD,DUPLICATE_OR_OLD,174.82180658,174.82180658
175.011615933,9.665477139053328,63.64119938501893,0.006180423283552988,0.00919886023898318,0.15543538701338794,False,0.0,0.6180423283552987,0.1852510536654522,FUSED,ACCEPTED,ACCEPTED,174.959813604,174.959813604
175.061615933,9.704657484144985,64.125452750599,0.011180423283554126,0.00919886023898318,0.15543538701338794,False,0.0,0.0,0.1852510536654522,MODEL_ONLY,DUPLICATE_OR_OLD,DUPLICATE_OR_OLD,174.959813604,174.959813604
175.111615933,9.73928496587872,64.61155131184942,0.006180352054780415,0.00919886023898318,0.15543538701338794,False,0.0,0.6180352054780414,0.19447318722003804,FUSED,ACCEPTED,ACCEPTED,175.037817546,175.037817546
175.161615933,9.778842090571674,65.09950448826079,0.011180352054781552,0.00919886023898318,0.15543538701338794,False,0.0,0.0,0.19447318722003804,MODEL_ONLY,DUPLICATE_OR_OLD,DUPLICATE_OR_OLD,175.037817546,175.037817546
175.21161593300002,9.814146725315602,65.58932920865809,0.006180341662680898,0.00919886023898318,0.15543538701338794,False,0.0,0.6180341662680897,0.18628868137537835,FUSED,ACCEPTED,ACCEPTED,175.127923034,175.127923034
175.261615933,9.853177259458343,66.08101230827727,0.011180341662679193,0.00919886023898318,0.15543538701338794,False,0.0,0.0,0.18628868137537835,MODEL_ONLY,DUPLICATE_OR_OLD,DUPLICATE_OR_OLD,175.127923034,175.127923034
175.311615933,9.890217618792393,66.57459718023365,0.006180340146494405,0.00919886023898318,0.15543538701338794,False,0.0,0.6180340146494403,0.18711722775436077,FUSED,ACCEPTED,ACCEPTED,175.225793448,175.225793448
175.361615933,9.92914675284953,67.07008128952454,0.0111803401464927,0.00919886023898318,0.15543538701338794,False,0.0,0.0,0.18711722775436077,MODEL_ONLY,DUPLICATE_OR_OLD,DUPLICATE_OR_OLD,175.225793448,175.225793448
175.411615933,9.96689723299726,67.5674823891708,0.006180339925285794,0.00919886023898318,0.15543538701338794,False,0.0,0.6180339925285794,0.18653886596616115,FUSED,ACCEPTED,ACCEPTED,175.319790157,175.319790157
175.46161593300002,10.005634111259495,68.06679567277735,0.011180339925286931,0.00919886023898318,0.15543538701338794,False,0.0,0.0,0.18653886596616115,MODEL_ONLY,DUPLICATE_OR_OLD,DUPLICATE_OR_OLD,175.319790157,175.319790157
175.511615933,10.051878600919533,68.56823349058165,0.006180339893011893,0.00919886023898318,0.15543538701338794,False,0.0,0.6180339893011891,0.21073208770599824,FUSED,ACCEPTED,ACCEPTED,175.425843121,175.425843121
175.561615933,10.091641691868674,69.07182149790148,0.011180339893013029,0.00919886023898318,0.15543538701338794,False,0.0,0.0,0.21073208770599824,MODEL_ONLY,DUPLICATE_OR_OLD,DUPLICATE_OR_OLD,175.425843121,175.425843121
175.611615933,10.118909535950662,69.57708527859678,0.006180339888303195,0.00919886023898318,0.15543538701338794,False,0.0,0.6180339888303192,0.1635272356085691,FUSED,ACCEPTED,ACCEPTED,175.539848487,175.539848487
175.661615933,10.156114198308396,70.08396087195337,0.011180339888304332,0.00919886023898318,0.15543538701338794,False,0.0,0.0,0.1635272356085691,MODEL_ONLY,DUPLICATE_OR_OLD,DUPLICATE_OR_OLD,175.539848487,175.539848487
175.71161593300002,10.184963415255718,70.59248781229259,0.006180339887616619,0.00919886023898318,0.15543538701338794,False,0.0,0.6180339887616617,0.16001055063227768,FUSED,ACCEPTED,ACCEPTED,175.627839591,175.627839591
175.761615933,10.213399583197104,71.10244688725373,0.005278640450030056,0.00919886023898318,0.15543538701338794,False,0.0,0.5278640450030057,0.14145484084143384,FUSED,ACCEPTED,ACCEPTED,175.737879823,175.737879823
175.811615933,10.249194185660295,71.61401173147529,0.010278640450031193,0.00919886023898318,0.15543538701338794,False,0.0,0.0,0.14145484084143384,MODEL_ONLY,DUPLICATE_OR_OLD,DUPLICATE_OR_OLD,175.737879823,175.737879823
175.861615933,10.28488260284201,72.12736365118766,0.015278640450029489,0.00919886023898318,0.15543538701338794,False,0.0,0.0,0.14145484084143384,MODEL_ONLY,DUPLICATE_OR_OLD,DUPLICATE_OR_OLD,175.737879823,175.737879823
175.911615933,10.316528959680225,72.64239894025084,0.00669734180552024,0.00919886023898318,0.15543538701338794,False,0.0,0.6697341805520238,0.14608552216057016,FUSED,ACCEPTED,ACCEPTED,175.831801852,175.831801852
175.96161593300002,10.352242450245198,73.15911822549909,0.011697341805521377,0.00919886023898318,0.15543538701338794,False,0.0,0.0,0.14608552216057016,MODEL_ONLY,DUPLICATE_OR_OLD,DUPLICATE_OR_OLD,175.831801852,175.831801852
176.011615933,10.373940237251041,73.67727279268632,0.006254308734987054,0.00919886023898318,0.15543538701338794,False,0.0,0.6254308734987053,0.10821414203761172,FUSED,ACCEPTED,ACCEPTED,175.933789447,175.933789447
176.061615933,10.407867330668836,74.19681798188444,0.011254308734988191,0.00919886023898318,0.15543538701338794,False,0.0,0.0,0.10821414203761172,MODEL_ONLY,DUPLICATE_OR_OLD,DUPLICATE_OR_OLD,175.933789447,175.933789447
176.111615933,10.44182310119158,74.71806024268078,0.016254308734986487,0.00919886023898318,0.15543538701338794,False,0.0,0.0,0.10821414203761172,MODEL_ONLY,DUPLICATE_OR_OLD,DUPLICATE_OR_OLD,175.933789447,175.933789447
176.161615933,10.475791864484245,75.24100061682279,0.021254308734987626,0.00919886023898318,0.15543538701338794,False,0.0,0.0,0.10821414203761172,MODEL_ONLY,DUPLICATE_OR_OLD,DUPLICATE_OR_OLD,175.933789447,175.933789447
176.21161593300002,10.480222597837294,75.76490097838095,0.007241707165595721,0.00919886023898318,0.15543538701338794,False,0.0,0.7241707165595719,0.06111303820307565,FUSED,ACCEPTED,ACCEPTED,176.171794301,176.171794301
176.261615933,10.511826419032763,76.28970220380252,0.012241707165594015,0.00919886023898318,0.15543538701338794,False,0.0,0.0,0.06111303820307565,MODEL_ONLY,DUPLICATE_OR_OLD,DUPLICATE_OR_OLD,176.171794301,176.171794301
176.311615933,10.55627926231156,76.81640484583625,0.006329158103340354,0.00919886023898318,0.15543538701338794,False,0.0,0.6329158103340352,0.12411985706999619,FUSED,ACCEPTED,ACCEPTED,176.233878331,176.233878331
176.361615933,10.5909848050112,77.34508644751914,0.011329158103338649,0.00919886023898318,0.15543538701338794,False,0.0,0.0,0.12411985706999619,MODEL_ONLY,DUPLICATE_OR_OLD,DUPLICATE_OR_OLD,176.233878331,176.233878331
176.411615933,10.62502705750277,77.8754867440821,0.006201929449946398,0.00919886023898318,0.15543538701338794,False,0.0,0.6201929449946397,0.09870173663435246,FUSED,ACCEPTED,ACCEPTED,176.321796611,176.321796611
176.46161593300002,10.658667407610107,78.40757910571004,0.011201929449947535,0.00919886023898318,0.15543538701338794,False,0.0,0.0,0.09870173663435246,MODEL_ONLY,DUPLICATE_OR_OLD,DUPLICATE_OR_OLD,176.321796611,176.321796611
176.511615933,10.68216357705164,78.94109988032639,0.006183487166812186,0.00919886023898318,0.15543538701338794,False,0.0,0.6183487166812185,0.07336005040648118,FUSED,ACCEPTED,ACCEPTED,176.431793904,176.431793904
176.561615933,10.714657579055263,79.47602040922919,0.011183487166813322,0.00919886023898318,0.15543538701338794,False,0.0,0.0,0.07336005040648118,MODEL_ONLY,DUPLICATE_OR_OLD,DUPLICATE_OR_OLD,176.431793904,176.431793904
176.611615933,10.74311404197781,80.01246469975484,0.006180799014168247,0.00919886023898318,0.15543538701338794,False,0.0,0.6180799014168246,0.076218346619089,FUSED,ACCEPTED,ACCEPTED,176.525775282,176.525775282
176.661615933,10.775805240343187,80.55043768181298,0.011180799014169384,0.00919886023898318,0.15543538701338794,False,0.0,0.0,0.076218346619089,MODEL_ONLY,DUPLICATE_OR_OLD,DUPLICATE_OR_OLD,176.525775282,176.525775282
176.71161593300002,10.811317691687723,81.09011575511389,0.006180406872002862,0.00919886023898318,0.15543538701338794,False,0.0,0.618040687200286,0.08837848547194423,FUSED,ACCEPTED,ACCEPTED,176.635797751,176.635797751
176.761615933,10.84475847361705,81.63151765924631,0.011180406872001156,0.00919886023898318,0.15543538701338794,False,0.0,0.0,0.08837848547194423,MODEL_ONLY,DUPLICATE_OR_OLD,DUPLICATE_OR_OLD,176.635797751,176.635797751
176.811615933,10.873830021843675,82.17448237163296,0.006180349660381274,0.00919886023898318,0.15543538701338794,False,0.0,0.6180349660381272,0.06960033777780604,FUSED,ACCEPTED,ACCEPTED,176.737769416,176.737769416
176.861615933,10.906522270855618,82.71899117895026,0.01118034966037957,0.00919886023898318,0.15543538701338794,False,0.0,0.0,0.06960033777780604,MODEL_ONLY,DUPLICATE_OR_OLD,DUPLICATE_OR_OLD,176.737769416,176.737769416
176.911615933,10.940804811303718,83.26517435600437,0.006180341313342649,0.00919886023898318,0.15543538701338794,False,0.0,0.6180341313342648,0.08124594103851411,FUSED,ACCEPTED,ACCEPTED,176.825841862,176.825841862
176.96161593300002,10.974184434269958,83.81304908714382,0.011180341313343787,0.00919886023898318,0.15543538701338794,False,0.0,0.0,0.08124594103851411,MODEL_ONLY,DUPLICATE_OR_OLD,DUPLICATE_OR_OLD,176.825841862,176.825841862
177.011615933,10.99874968241548,84.36237244006078,0.006180340095526647,0.00919886023898318,0.15543538701338794,False,0.0,0.6180340095526646,0.05291169806085493,FUSED,ACCEPTED,ACCEPTED,176.93580084,176.93580084
177.061615933,11.03048741676258,84.91310336754036,0.011180340095527784,0.00919886023898318,0.15543538701338794,False,0.0,0.0,0.05291169806085493,MODEL_ONLY,DUPLICATE_OR_OLD,DUPLICATE_OR_OLD,176.93580084,176.93580084
177.111615933,11.062852231641074,85.46543685875025,0.006180339917849698,0.00919886023898318,0.15543538701338794,False,0.0,0.6180339917849698,0.06962960319909273,FUSED,ACCEPTED,ACCEPTED,177.027845226,177.027845226
177.161615933,11.09521268680083,86.01938848171143,0.011180339917850834,0.00919886023898318,0.15543538701338794,False,0.0,0.0,0.06962960319909273,MODEL_ONLY,DUPLICATE_OR_OLD,DUPLICATE_OR_OLD,177.027845226,177.027845226
177.21161593300002,11.123867915445976,86.57486549676773,0.006180339891927396,0.00919886023898318,0.15543538701338794,False,0.0,0.6180339891927393,0.056449579282501,FUSED,ACCEPTED,ACCEPTED,177.121775807,177.121775807
177.261615933,11.155366201052951,87.13184634968,0.01118033989192569,0.00919886023898318,0.15543538701338794,False,0.0,0.0,0.056449579282501,MODEL_ONLY,DUPLICATE_OR_OLD,DUPLICATE_OR_OLD,177.121775807,177.121775807
177.311615933,11.170885873323337,87.69000265153954,0.006180339888144967,0.00919886023898318,0.15543538701338794,False,0.0,0.6180339888144968,0.017857089278006576,FUSED,ACCEPTED,ACCEPTED,177.247899453,177.247899453
177.361615933,11.200261883613994,88.24928134546279,0.011180339888143261,0.00919886023898318,0.15543538701338794,False,0.0,0.0,0.017857089278006576,MODEL_ONLY,DUPLICATE_OR_OLD,DUPLICATE_OR_OLD,177.247899453,177.247899453
177.411615933,11.234121783000413,88.81014093712828,0.00618033988759312,0.00919886023898318,0.15543538701338794,False,0.0,0.6180339887593118,0.05476853144557663,FUSED,ACCEPTED,ACCEPTED,177.329921032,177.329921032
177.46161593300002,11.265158107140559,89.37262293438194,0.011180339887594256,0.00919886023898318,0.15543538701338794,False,0.0,0.0,0.05476853144557663,MODEL_ONLY,DUPLICATE_OR_OLD,DUPLICATE_OR_OLD,177.329921032,177.329921032
177.511615933,11.298062887988534,89.93670345925997,0.006180339887512605,0.00919886023898318,0.15543538701338794,False,0.0,0.6180339887512605,0.050648511760719155,FUSED,ACCEPTED,ACCEPTED,177.433853653,177.433853653
177.561615933,11.328711099661025,90.50237280895135,0.011180339887513742,0.00919886023898318,0.15543538701338794,False,0.0,0.0,0.050648511760719155,MODEL_ONLY,DUPLICATE_OR_OLD,DUPLICATE_OR_OLD,177.433853653,177.433853653
177.611615933,11.355046353902443,91.06946674529024,0.006180339887500859,0.00919886023898318,0.15543538701338794,False,0.0,0.6180339887500857,0.03708202385645307,FUSED,ACCEPTED,ACCEPTED,177.515747263,177.515747263
177.661615933,11.384841366865507,91.63796393830957,0.011180339887501996,0.00919886023898318,0.15543538701338794,False,0.0,0.0,0.03708202385645307,MODEL_ONLY,DUPLICATE_OR_OLD,DUPLICATE_OR_OLD,177.515747263,177.515747263
177.71161593300002,11.405203119489567,92.20771505046858,0.00618033988749956,0.00919886023898318,0.15543538701338794,False,0.0,0.618033988749956,0.017832170075795448,FUSED,ACCEPTED,ACCEPTED,177.633854247,177.633854247
177.761615933,11.43386890235473,92.7786918510145,0.011180339887497854,0.00919886023898318,0.15543538701338794,False,0.0,0.0,0.017832170075795448,MODEL_ONLY,DUPLICATE_OR_OLD,DUPLICATE_OR_OLD,177.633854247,177.633854247
177.811615933,11.468896762154394,93.35126099262736,0.006180339887498956,0.00919886023898318,0.15543538701338794,False,0.0,0.6180339887498953,0.0505911298071226,FUSED,ACCEPTED,ACCEPTED,177.731838017,177.731838017
177.861615933,11.498895637165624,93.92545580261016,0.01118033988749725,0.00919886023898318,0.15543538701338794,False,0.0,0.0,0.0505911298071226,MODEL_ONLY,DUPLICATE_OR_OLD,DUPLICATE_OR_OLD,177.731838017,177.731838017
177.911615933,11.517050586404071,94.50085445819954,0.006180339887498868,0.00919886023898318,0.15543538701338794,False,0.0,0.6180339887498867,0.006707812574444451,FUSED,ACCEPTED,ACCEPTED,177.845788812,177.845788812
177.96161593300002,11.544461863674686,95.07739226945164,0.011180339887500005,0.00919886023898318,0.15543538701338794,False,0.0,0.0,0.006707812574444451,MODEL_ONLY,DUPLICATE_OR_OLD,DUPLICATE_OR_OLD,177.845788812,177.845788812
178.011615933,11.571144915373223,95.65528243892764,0.006180339887498855,0.00919886023898318,0.15543538701338794,False,0.0,0.6180339887498854,0.02477466590939867,FUSED,ACCEPTED,ACCEPTED,177.931830837,177.931830837
178.061615933,11.599125811915417,96.23453920710999,0.011180339887499991,0.00919886023898318,0.15543538701338794,False,0.0,0.0,0.02477466590939867,MODEL_ONLY,DUPLICATE_OR_OLD,DUPLICATE_OR_OLD,177.931830837,177.931830837
178.111615933,11.626401936409145,96.81517740081792,0.006180339887498852,0.00919886023898318,0.15543538701338794,False,0.0,0.6180339887498851,0.022296000880553484,FUSED,ACCEPTED,ACCEPTED,178.021755711,178.021755711
178.161615933,11.653971525313644,97.39718673736111,0.01118033988749999,0.00919886023898318,0.15543538701338794,False,0.0,0.0,0.022296000880553484,MODEL_ONLY,DUPLICATE_OR_OLD,DUPLICATE_OR_OLD,178.021755711,178.021755711
178.21161593300002,11.678080559966643,97.98048803949324,0.006180339887499267,0.00919886023898318,0.15543538701338794,False,0.0,0.6180339887499267,0.014659450288617875,FUSED,ACCEPTED,ACCEPTED,178.121819664,178.121819664
178.261615933,11.705018120927317,98.5650655065154,0.011180339887497562,0.00919886023898318,0.15543538701338794,False,0.0,0.0,0.014659450288617875,MODEL_ONLY,DUPLICATE_OR_OLD,DUPLICATE_OR_OLD,178.121819664,178.121819664
178.311615933,11.736628273569128,99.15110666637794,0.006180339887498913,0.00919886023898318,0.15543538701338794,False,0.0,0.6180339887498912,0.034641907985235275,FUSED,ACCEPTED,ACCEPTED,178.221895996,178.221895996
178.361615933,11.76434161041987,99.73863091347746,0.011180339887497209,0.00919886023898318,0.15543538701338794,False,0.0,0.0,0.034641907985235275,MODEL_ONLY,DUPLICATE_OR_OLD,DUPLICATE_OR_OLD,178.221895996,178.221895996
178.411615933,11.789240091671122,100.32747045602987,0.006180339887498861,0.00919886023898318,0.15543538701338794,False,0.0,0.618033988749886,0.019021212596911433,FUSED,ACCEPTED,ACCEPTED,178.325755566,178.325755566
178.46161593300002,11.815969302966078,100.91760069089594,0.011180339887499998,0.00919886023898318,0.15543538701338794,False,0.0,0.0,0.019021212596911433,MODEL_ONLY,DUPLICATE_OR_OLD,DUPLICATE_OR_OLD,178.325755566,178.325755566
178.511615933,11.842896577017576,101.50907233789532,0.006180339887498853,0.00919886023898318,0.15543538701338794,False,0.0,0.6180339887498852,0.026093246760785317,FUSED,ACCEPTED,ACCEPTED,178.429861091,178.429861091
178.561615933,11.869793251213663,102.10188958360123,0.011180339887499991,0.00919886023898318,0.15543538701338794,False,0.0,0.0,0.026093246760785317,MODEL_ONLY,DUPLICATE_OR_OLD,DUPLICATE_OR_OLD,178.429861091,178.429861091
178.611615933,11.899719570943702,102.69612740415498,0.006180339887498852,0.00919886023898318,0.15543538701338794,False,0.0,0.6180339887498851,0.03569421240514435,FUSED,ACCEPTED,ACCEPTED,178.523807015,178.523807015
178.661615933,11.926658489571873,103.291786855668,0.01118033988749999,0.00919886023898318,0.15543538701338794,False,0.0,0.0,0.03569421240514435,MODEL_ONLY,DUPLICATE_OR_OLD,DUPLICATE_OR_OLD,178.523807015,178.523807015
178.71161593300002,11.957763217698904,103.88889739834991,0.006180339887499267,0.00919886023898318,0.15543538701338794,False,0.0,0.6180339887499267,0.044879991941259634,FUSED,ACCEPTED,ACCEPTED,178.627782789,178.627782789
178.761615933,11.98479353482444,104.48746131716278,0.011180339887497562,0.00919886023898318,0.15543538701338794,False,0.0,0.0,0.044879991941259634,MODEL_ONLY,DUPLICATE_OR_OLD,DUPLICATE_OR_OLD,178.627782789,178.627782789
178.811615933,12.01114865138879,105.08735987181825,0.006180339887498913,0.00919886023898318,0.15543538701338794,False,0.0,0.6180339887498912,0.03846283270734748,FUSED,ACCEPTED,ACCEPTED,178.733729427,178.733729427
178.861615933,12.03754483297267,105.68857720892709,0.011180339887497209,0.00919886023898318,0.15543538701338794,False,0.0,0.0,0.03846283270734748,MODEL_ONLY,DUPLICATE_OR_OLD,DUPLICATE_OR_OLD,178.733729427,178.733729427
178.911615933,12.059322354575032,106.29099888861592,0.006180339887498861,0.00919886023898318,0.15543538701338794,False,0.0,0.618033988749886,0.027877908976468517,FUSED,ACCEPTED,ACCEPTED,178.833775889,178.833775889
178.96161593300002,12.084776714569955,106.89460136534468,0.011180339887499998,0.00919886023898318,0.15543538701338794,False,0.0,0.0,0.027877908976468517,MODEL_ONLY,DUPLICATE_OR_OLD,DUPLICATE_OR_OLD,178.833775889,178.833775889
179.011615933,12.108322464625875,107.49942884482438,0.006180339887498853,0.00919886023898318,0.15543538701338794,False,0.0,0.6180339887498852,0.0314225268876512,FUSED,ACCEPTED,ACCEPTED,178.935751028,178.935751028
179.061615933,12.133483868599901,108.10547400315517,0.011180339887499991,0.00919886023898318,0.15543538701338794,False,0.0,0.0,0.0314225268876512,MODEL_ONLY,DUPLICATE_OR_OLD,DUPLICATE_OR_OLD,178.935751028,178.935751028
179.111615933,12.163707930705055,108.71290379813759,0.006180339887498852,0.00919886023898318,0.15543538701338794,False,0.0,0.6180339887498851,0.051021132326901045,FUSED,ACCEPTED,ACCEPTED,179.029724957,179.029724957
179.161615933,12.189178500962264,109.3217259589294,0.01118033988749999,0.00919886023898318,0.15543538701338794,False,0.0,0.0,0.051021132326901045,MODEL_ONLY,DUPLICATE_OR_OLD,DUPLICATE_OR_OLD,179.029724957,179.029724957
179.21161593300002,12.210205129670012,109.93171054969535,0.006180339887499267,0.00919886023898318,0.15543538701338794,False,0.0,0.6180339887499267,0.03333757424214644,FUSED,ACCEPTED,ACCEPTED,179.127810538,179.127810538
179.261615933,12.233954405500121,110.5428145380744,0.011180339887497562,0.00919886023898318,0.15543538701338794,False,0.0,0.0,0.03333757424214644,MODEL_ONLY,DUPLICATE_OR_OLD,DUPLICATE_OR_OLD,179.127810538,179.127810538
179.311615933,12.24201799948736,111.15471384819922,0.006180339887498913,0.00919886023898318,0.15543538701338794,False,0.0,0.6180339887498912,-7.560711272552173e-05,FUSED,ACCEPTED,ACCEPTED,179.233758571,179.233758571
179.361615933,12.263119865887907,111.7673422948334,0.011180339887497209,0.00919886023898318,0.15543538701338794,False,0.0,0.0,-7.560711272552173e-05,MODEL_ONLY,DUPLICATE_OR_OLD,DUPLICATE_OR_OLD,179.233758571,179.233758571
179.411615933,12.28836688960073,112.38112946372075,0.006180339887498861,0.00919886023898318,0.15543538701338794,False,0.0,0.618033988749886,0.038692627937464134,FUSED,ACCEPTED,ACCEPTED,179.319789611,179.319789611
179.46161593300002,12.310635089578904,112.9961045132004,0.011180339887499998,0.00919886023898318,0.15543538701338794,False,0.0,0.0,0.038692627937464134,MODEL_ONLY,DUPLICATE_OR_OLD,DUPLICATE_OR_OLD,179.319789611,179.319789611
179.511615933,12.33087261919153,113.61214220591944,0.006180339887498853,0.00919886023898318,0.15543538701338794,False,0.0,0.6180339887498852,0.026812263991804523,FUSED,ACCEPTED,ACCEPTED,179.451779472,179.451779472
179.561615933,12.351599491838781,114.22920400869533,0.011180339887499991,0.00919886023898318,0.15543538701338794,False,0.0,0.0,0.026812263991804523,MODEL_ONLY,DUPLICATE_OR_OLD,DUPLICATE_OR_OLD,179.451779472,179.451779472
179.611615933,12.37324179072415,114.84732504075919,0.006180339887498852,0.00919886023898318,0.15543538701338794,False,0.0,0.6180339887498851,0.03635663200523936,FUSED,ACCEPTED,ACCEPTED,179.535834878,179.535834878
179.661615933,12.393696099246638,115.4664984880086,0.01118033988749999,0.00919886023898318,0.15543538701338794,False,0.0,0.0,0.03635663200523936,MODEL_ONLY,DUPLICATE_OR_OLD,DUPLICATE_OR_OLD,179.535834878,179.535834878
179.71161593300002,12.410546053133697,116.08660454181826,0.006180339887499267,0.00919886023898318,0.15543538701338794,False,0.0,0.6180339887499267,0.02623325025360275,FUSED,ACCEPTED,ACCEPTED,179.625752079,179.625752079
179.761615933,12.429899978153113,116.70761569260021,0.011180339887497562,0.00919886023898318,0.15543538701338794,False,0.0,0.0,0.02623325025360275,MODEL_ONLY,DUPLICATE_OR_OLD,DUPLICATE_OR_OLD,179.625752079,179.625752079
179.811615933,12.440250547463483,117.32936945574077,0.006180339887498913,0.00919886023898318,0.15543538701338794,False,0.0,0.6180339887498912,0.008130638911954872,FUSED,ACCEPTED,ACCEPTED,179.737749754,179.737749754
179.861615933,12.458227485495657,117.95183140656452,0.011180339887497209,0.00919886023898318,0.15543538701338794,False,0.0,0.0,0.008130638911954872,MODEL_ONLY,DUPLICATE_OR_OLD,DUPLICATE_OR_OLD,179.737749754,179.737749754
179.911615933,12.458192212893099,118.5747418990244,0.006180339887498861,0.00919886023898318,0.15543538701338794,False,0.0,0.618033988749886,-0.030921707523070285,FUSED,ACCEPTED,ACCEPTED,179.823795754,179.823795754
179.96161593300002,12.468974218562606,119.19792105981094,0.005278640450004441,0.00919886023898318,0.15543538701338794,False,0.0,0.5278640450004439,-0.020967698738858863,FUSED,ACCEPTED,ACCEPTED,179.929773871,179.929773871
180.011615933,12.48496453285328,119.82176952859612,0.010278640450002735,0.00919886023898318,0.15543538701338794,False,0.0,0.0,-0.020967698738858863,MODEL_ONLY,DUPLICATE_OR_OLD,DUPLICATE_OR_OLD,179.929773871,179.929773871
180.061615933,12.500812978843587,120.44641396638869,0.015278640450003872,0.00919886023898318,0.15543538701338794,False,0.0,0.0,-0.020967698738858863,MODEL_ONLY,DUPLICATE_OR_OLD,DUPLICATE_OR_OLD,179.929773871,179.929773871
180.111615933,12.508982634933217,121.0716588567329,0.0066973418055171355,0.00919886023898318,0.15543538701338794,False,0.0,0.6697341805517134,-0.03238128179982685,FUSED,ACCEPTED,ACCEPTED,180.073719827,180.073719827
180.161615933,12.52401786925046,121.69748386933762,0.011697341805518274,0.00919886023898318,0.15543538701338794,False,0.0,0.0,-0.03238128179982685,MODEL_ONLY,DUPLICATE_OR_OLD,DUPLICATE_OR_OLD,180.073719827,180.073719827
180.21161593300002,12.525094960875442,122.32371169009092,0.0062543087349870175,0.00919886023898318,0.15543538701338794,False,0.0,0.6254308734987017,-0.06410841636736067,FUSED,ACCEPTED,ACCEPTED,180.149801474,180.149801474
180.261615933,12.537998782037278,122.95028903366352,0.011254308734985313,0.00919886023898318,0.15543538701338794,False,0.0,0.0,-0.06410841636736067,MODEL_ONLY,DUPLICATE_OR_OLD,DUPLICATE_OR_OLD,180.149801474,180.149801474
180.311615933,12.553344126063417,123.57757260636618,0.0061911013917978295,0.00919886023898318,0.15543538701338794,False,0.0,0.6191101391797829,-0.03570212357838875,FUSED,ACCEPTED,ACCEPTED,180.223733143,180.223733143
180.361615933,12.56724007563817,124.2055872114085,0.011191101391796125,0.00919886023898318,0.15543538701338794,False,0.0,0.0,-0.03570212357838875,MODEL_ONLY,DUPLICATE_OR_OLD,DUPLICATE_OR_OLD,180.223733143,180.223733143
180.411615933,12.581548735080178,124.83430693167661,0.006181909324694578,0.00919886023898318,0.15543538701338794,False,0.0,0.6181909324694577,-0.03994221420543642,FUSED,ACCEPTED,ACCEPTED,180.319777252,180.319777252
180.46161593300002,12.594893070368443,125.46371797681297,0.011181909324695715,0.00919886023898318,0.15543538701338794,False,0.0,0.0,-0.03994221420543642,MODEL_ONLY,DUPLICATE_OR_OLD,DUPLICATE_OR_OLD,180.319777252,180.319777252
180.511615933,12.614683168487467,126.09395738278415,0.006180568851574055,0.00919886023898318,0.15543538701338794,False,0.0,0.6180568851574055,-0.019426156155692386,FUSED,ACCEPTED,ACCEPTED,180.425739428,180.425739428
180.561615933,12.628781242913226,126.72504399306932,0.011180568851575192,0.00919886023898318,0.15543538701338794,False,0.0,0.0,-0.019426156155692386,MODEL_ONLY,DUPLICATE_OR_OLD,DUPLICATE_OR_OLD,180.425739428,180.425739428
180.611615933,12.646421142925913,127.35692405271507,0.006180373292615075,0.00919886023898318,0.15543538701338794,False,0.0,0.6180373292615073,-0.018297465290236507,FUSED,ACCEPTED,ACCEPTED,180.523719968,180.523719968
180.661615933,12.660355082873878,127.98959345836022,0.011180373292616213,0.00919886023898318,0.15543538701338794,False,0.0,0.0,-0.018297465290236507,MODEL_ONLY,DUPLICATE_OR_OLD,DUPLICATE_OR_OLD,180.523719968,180.523719968
180.71161593300002,12.667193407121049,128.62278217061024,0.0061803447612338224,0.00919886023898318,0.15543538701338794,False,0.0,0.6180344761233822,-0.042396348927497884,FUSED,ACCEPTED,ACCEPTED,180.619767555,180.619767555
180.761615933,12.679744028601185,129.25645560650307,0.011180344761232117,0.00919886023898318,0.15543538701338794,False,0.0,0.0,-0.042396348927497884,MODEL_ONLY,DUPLICATE_OR_OLD,DUPLICATE_OR_OLD,180.619767555,180.619767555
180.811615933,12.698618560385082,129.89091467122788,0.006180340598567069,0.00919886023898318,0.15543538701338794,False,0.0,0.6180340598567069,-0.011636900613106817,FUSED,ACCEPTED,ACCEPTED,180.737742123,180.737742123
180.861615933,12.712560752040808,130.52619415403828,0.011180340598565364,0.00919886023898318,0.15543538701338794,False,0.0,0.0,-0.011636900613106817,MODEL_ONLY,DUPLICATE_OR_OLD,DUPLICATE_OR_OLD,180.737742123,180.737742123
180.911615933,12.73351707989465,131.16234609983684,0.006180339991242304,0.00919886023898318,0.15543538701338794,False,0.0,0.6180339991242303,-0.00013116232919383082,FUSED,ACCEPTED,ACCEPTED,180.831738382,180.831738382
180.96161593300002,12.747533525487501,131.79937236497153,0.011180339991243442,0.00919886023898318,0.15543538701338794,False,0.0,0.0,-0.00013116232919383082,MODEL_ONLY,DUPLICATE_OR_OLD,DUPLICATE_OR_OLD,180.831738382,180.831738382
181.011615933,12.755714164279782,132.4369535572155,0.0061803399026348176,0.00919886023898318,0.15543538701338794,False,0.0,0.6180339902634817,-0.02478147541401976,FUSED,ACCEPTED,ACCEPTED,180.931717398,180.931717398
181.061615933,12.768102387643957,133.07504897101373,0.011180339902635955,0.00919886023898318,0.15543538701338794,False,0.0,0.0,-0.02478147541401976,MODEL_ONLY,DUPLICATE_OR_OLD,DUPLICATE_OR_OLD,180.931717398,180.931717398
181.111615933,12.79003687099992,133.7140024524796,0.00618033988970716,0.00919886023898318,0.15543538701338794,False,0.0,0.6180339889707158,0.01504486720540113,FUSED,ACCEPTED,ACCEPTED,181.027762215,181.027762215
181.161615933,12.804102275092639,134.35385593113207,0.011180339889708298,0.00919886023898318,0.15543538701338794,False,0.0,0.0,0.01504486720540113,MODEL_ONLY,DUPLICATE_OR_OLD,DUPLICATE_OR_OLD,181.027762215,181.027762215
181.21161593300002,12.804355267577543,134.99406736969897,0.006180339887821454,0.00919886023898318,0.15543538701338794,False,0.0,0.6180339887821453,-0.04123801615961703,FUSED,ACCEPTED,ACCEPTED,181.121782791,181.121782791
181.261615933,12.815134350251983,135.6345546101445,0.01118033988781975,0.00919886023898318,0.15543538701338794,False,0.0,0.0,-0.04123801615961703,MODEL_ONLY,DUPLICATE_OR_OLD,DUPLICATE_OR_OLD,181.121782791,181.121782791
181.311615933,12.815268621236253,136.27531468443186,0.0061803398875459195,0.00919886023898318,0.15543538701338794,False,0.0,0.6180339887545918,-0.04445097422216591,FUSED,ACCEPTED,ACCEPTED,181.22577228,181.22577228
181.361615933,12.825065921001606,136.9163230479876,0.011180339887544214,0.00919886023898318,0.15543538701338794,False,0.0,0.0,-0.04445097422216591,MODEL_ONLY,DUPLICATE_OR_OLD,DUPLICATE_OR_OLD,181.22577228,181.22577228
181.411615933,12.846642525736238,137.55811575915618,0.00618033988750572,0.00919886023898318,0.15543538701338794,False,0.0,0.6180339887505718,0.009900154806467401,FUSED,ACCEPTED,ACCEPTED,181.325795003,181.325795003
181.46161593300002,12.857697539350056,138.2007242607835,0.011180339887506857,0.00919886023898318,0.15543538701338794,False,0.0,0.0,0.009900154806467401,MODEL_ONLY,DUPLICATE_OR_OLD,DUPLICATE_OR_OLD,181.325795003,181.325795003
181.511615933,12.875923028896894,138.84406477498945,0.006180339887499855,0.00919886023898318,0.15543538701338794,False,0.0,0.6180339887499853,0.018921124789735008,FUSED,ACCEPTED,ACCEPTED,181.427764728,181.427764728
181.561615933,12.885418494792077,139.4880983130818,0.011180339887500992,0.00919886023898318,0.15543538701338794,False,0.0,0.0,0.018921124789735008,MODEL_ONLY,DUPLICATE_OR_OLD,DUPLICATE_OR_OLD,181.427764728,181.427764728
