t,v,s,pvv,pvd,pdd,active,added,gain,d,mode,front_status,rear_status,front_t,rear_t
145.511615933,0.0,0.0,1.0,0.0,0.0,False,0.0,0.0,0.0,WAITING_FOR_INITIALIZATION,MISSING_OR_STALE,MISSING_OR_STALE,,
145.561615933,0.0,0.0,1.0,0.0,0.0,False,0.0,0.0,0.0,WAITING_FOR_INITIALIZATION,MISSING_OR_STALE,MISSING_OR_STALE,,
145.611615933,0.0,0.0,0.010000000000000002,0.0,0.0,False,0.0,0.0,0.0,INITIALIZED,ACCEPTED,ACCEPTED,145.504196877,145.504196877
145.661615933,0.0,0.0,0.01500000000000114,0.0,0.0,False,0.0,0.0,0.0,MODEL_ONLY,DUPLICATE_OR_OLD,DUPLICATE_OR_OLD,145.504196877,145.504196877
145.711615933,0.0,0.0,0.006666666666666605,0.0,0.0,False,0.0,0.6666666666666603,0.0,FUSED,ACCEPTED,ACCEPTED,145.620185549,145.620185549
145.761615933,0.0,0.0,0.011666666666667741,0.0,0.0,False,0.0,0.0,0.0,MODEL_ONLY,DUPLICATE_OR_OLD,DUPLICATE_OR_OLD,145.620185549,145.620185549
145.811615933,0.0,0.0,0.006250000000000313,0.0,0.0,False,0.0,0.625000000000031,0.0,FUSED,ACCEPTED,ACCEPTED,145.736184129,145.736184129
145.861615933,0.0,0.0,0.011249999999998608,0.0,0.0,False,0.0,0.0,0.0,MODEL_ONLY,DUPLICATE_OR_OLD,DUPLICATE_OR_OLD,145.736184129,145.736184129
145.911615933,0.0,0.0,0.006190476190476154,0.0,0.0,False,0.0,0.6190476190476153,0.0,FUSED,ACCEPTED,ACCEPTED,145.822178965,145.822178965
145.961615933,0.0,0.0,0.01119047619047445,0.0,0.0,False,0.0,0.0,0.0,MODEL_ONLY,DUPLICATE_OR_OLD,DUPLICATE_OR_OLD,145.822178965,145.822178965
146.011615933,0.0,0.0,0.01619047619047559,0.0,0.0,False,0.0,0.0,0.0,MODEL_ONLY,DUPLICATE_OR_OLD,DUPLICATE_OR_OLD,145.822178965,145.822178965
146.061615933,0.0,0.0,0.021190476190476724,0.0,0.0,False,0.0,0.0,0.0,MODEL_ONLY,DUPLICATE_OR_OLD,DUPLICATE_OR_OLD,145.822178965,145.822178965
146.111615933,0.0,0.0,0.007236842105263069,0.0,0.0,False,0.0,0.7236842105263068,0.0,FUSED,ACCEPTED,ACCEPTED,146.01823111,146.01823111
146.161615933,0.0,0.0,0.012236842105264207,0.0,0.0,False,0.0,0.0,0.0,STOPPED,DUPLICATE_OR_OLD,DUPLICATE_OR_OLD,146.01823111,146.01823111
146.211615933,0.0,0.0,0.006328502415458849,0.0,0.0,False,0.0,0.0,0.0,STOPPED,ACCEPTED,ACCEPTED,146.116218022,146.116218022
146.261615933,0.0,0.0,0.011328502415459987,0.0,0.0,False,0.0,0.0,0.0,STOPPED,DUPLICATE_OR_OLD,DUPLICATE_OR_OLD,146.116218022,146.116218022
146.311615933,0.0,0.0,0.006201834862385637,0.0,0.0,False,0.0,0.0,0.0,STOPPED,ACCEPTED,ACCEPTED,146.222307242,146.222307242
146.361615933,0.0,0.0,0.011201834862383932,0.0,0.0,False,0.0,0.0,0.0,STOPPED,DUPLICATE_OR_OLD,DUPLICATE_OR_OLD,146.222307242,146.222307242
146.411615933,0.0,0.0,0.006183473389355707,0.0,0.0,False,0.0,0.0,0.0,STOPPED,ACCEPTED,ACCEPTED,146.308165955,146.308165955
146.461615933,0.0,0.0,0.011183473389354001,0.0,0.0,False,0.0,0.0,0.0,STOPPED,DUPLICATE_OR_OLD,DUPLICATE_OR_OLD,146.308165955,146.308165955
146.511615933,0.0,0.0,0.006180797004546584,0.0,0.0,False,0.0,0.0,0.0,STOPPED,ACCEPTED,ACCEPTED,146.424188591,146.424188591
146.561615933,0.0,0.0,0.01118079700454772,0.0,0.0,False,0.0,0.0,0.0,STOPPED,DUPLICATE_OR_OLD,DUPLICATE_OR_OLD,146.424188591,146.424188591
146.611615933,0.0,0.0,0.006180406578812859,0.0,0.0,False,0.0,0.0,0.0,STOPPED,ACCEPTED,ACCEPTED,146.518167936,146.518167936
146.661615933,0.0,0.0,0.011180406578813997,0.0,0.0,False,0.0,0.0,0.0,STOPPED,DUPLICATE_OR_OLD,DUPLICATE_OR_OLD,146.518167936,146.518167936
146.711615933,0.0,0.0,0.006180349617605647,0.0,0.0,False,0.0,0.0,0.0,STOPPED,ACCEPTED,ACCEPTED,146.622185119,146.622185119
146.761615933,0.0,0.0,0.011180349617606784,0.0,0.0,False,0.0,0.0,0.0,STOPPED,DUPLICATE_OR_OLD,DUPLICATE_OR_OLD,146.622185119,146.622185119
146.811615933,0.0,0.0,0.006180341307102189,0.0,0.0,False,0.0,0.0,0.0,STOPPED,ACCEPTED,ACCEPTED,146.736202804,146.736202804
146.861615933,0.0,0.0,0.011180341307100484,0.0,0.0,False,0.0,0.0,0.0,STOPPED,DUPLICATE_OR_OLD,DUPLICATE_OR_OLD,146.736202804,146.736202804
146.911615933,0.0,0.0,0.006180340094616177,0.0,0.0,False,0.0,0.0,0.0,STOPPED,ACCEPTED,ACCEPTED,146.852234562,146.852234562
146.961615933,0.0,0.0,0.011180340094614473,0.0,0.0,False,0.0,0.0,0.0,STOPPED,DUPLICATE_OR_OLD,DUPLICATE_OR_OLD,146.852234562,146.852234562
147.011615933,0.0,0.0,0.0061803399177168625,0.0,0.0,False,0.0,0.0,0.0,STOPPED,ACCEPTED,ACCEPTED,146.908175622,146.908175622
147.061615933,0.0,0.0,0.011180339917718,0.0,0.0,False,0.0,0.0,0.0,STOPPED,DUPLICATE_OR_OLD,DUPLICATE_OR_OLD,146.908175622,146.908175622
147.111615933,0.0,0.0,0.006180339891907601,0.0,0.0,False,0.0,0.0,0.0,STOPPED,ACCEPTED,ACCEPTED,147.014175245,147.014175245
147.161615933,0.0,0.0,0.011180339891908739,0.0,0.0,False,0.0,0.0,0.0,STOPPED,DUPLICATE_OR_OLD,DUPLICATE_OR_OLD,147.014175245,147.014175245
147.211615933,0.0,0.0,0.00618033988814208,0.0,0.0,False,0.0,0.0,0.0,STOPPED,ACCEPTED,ACCEPTED,147.120246603,147.120246603
147.261615933,0.0,0.0,0.011180339888143216,0.0,0.0,False,0.0,0.0,0.0,STOPPED,DUPLICATE_OR_OLD,DUPLICATE_OR_OLD,147.120246603,147.120246603
147.311615933,0.0,0.0,0.006180339887593113,0.0,0.0,False,0.0,0.0,0.0,STOPPED,ACCEPTED,ACCEPTED,147.216184234,147.216184234
147.361615933,0.0,0.0,0.011180339887591408,0.0,0.0,False,0.0,0.0,0.0,STOPPED,DUPLICATE_OR_OLD,DUPLICATE_OR_OLD,147.216184234,147.216184234
147.411615933,0.0,0.0,0.006180339887512605,0.0,0.0,False,0.0,0.0,0.0,STOPPED,ACCEPTED,ACCEPTED,147.304230159,147.304230159
147.461615933,0.0,0.0,0.011180339887510899,0.0,0.0,False,0.0,0.0,0.0,STOPPED,DUPLICATE_OR_OLD,DUPLICATE_OR_OLD,147.304230159,147.304230159
147.511615933,0.0,0.0,0.016180339887512038,0.0,0.0,False,0.0,0.0,0.0,STOPPED,DUPLICATE_OR_OLD,DUPLICATE_OR_OLD,147.304230159,147.304230159
147.561615933,0.0,0.0,0.006792850868182899,0.0,0.0,False,0.0,0.0,0.0,STOPPED,ACCEPTED,ACCEPTED,147.516161212,147.516161212
147.611615933,0.0,0.0,0.011792850868181194,0.0,0.0,False,0.0,0.0,0.0,STOPPED,DUPLICATE_OR_OLD,DUPLICATE_OR_OLD,147.516161212,147.516161212
147.661615933,0.0,0.0,0.01679285086818233,0.0,0.0,False,0.0,0.0,0.0,STOPPED,DUPLICATE_OR_OLD,DUPLICATE_OR_OLD,147.516161212,147.516161212
147.711615933,0.0,0.0,0.006854638786102589,0.0,0.0,False,0.0,0.0,0.0,STOPPED,ACCEPTED,ACCEPTED,147.608175141,147.608175141
147.761615933,0.0,0.0,0.005424312386092376,0.0,0.0,False,0.0,0.0,0.0,STOPPED,ACCEPTED,ACCEPTED,147.732252498,147.732252498
147.811615933,0.0,0.0,0.010424312386093513,0.0,0.0,False,0.0,0.0,0.0,STOPPED,DUPLICATE_OR_OLD,DUPLICATE_OR_OLD,147.732252498,147.732252498
147.861615933,0.0,0.0,0.015424312386091807,0.0,0.0,False,0.0,0.0,0.0,STOPPED,DUPLICATE_OR_OLD,DUPLICATE_OR_OLD,147.732252498,147.732252498
147.911615933,0.0,0.0,0.006713154968599706,0.0,0.0,False,0.0,0.0,0.0,STOPPED,ACCEPTED,ACCEPTED,147.816185906,147.816185906
147.961615933,0.0,0.0,0.011713154968598,0.0,0.0,False,0.0,0.0,0.0,STOPPED,DUPLICATE_OR_OLD,DUPLICATE_OR_OLD,147.816185906,147.816185906
148.011615933,0.0,0.0,0.006256526040538893,0.0,0.0,False,0.0,0.0,0.0,STOPPED,ACCEPTED,ACCEPTED,147.904187168,147.904187168
148.061615933,0.0,0.0,0.011256526040540029,0.0,0.0,False,0.0,0.0,0.0,STOPPED,DUPLICATE_OR_OLD,DUPLICATE_OR_OLD,147.904187168,147.904187168
148.111615933,0.0,0.0,0.00619142304486105,0.0,0.0,False,0.0,0.0,0.0,STOPPED,ACCEPTED,ACCEPTED,148.018167708,148.018167708
148.161615933,0.0,0.0,0.011191423044862188,0.0,0.0,False,0.0,0.0,0.0,STOPPED,DUPLICATE_OR_OLD,DUPLICATE_OR_OLD,148.018167708,148.018167708
148.211615933,0.0,0.0,0.006181956214111746,0.0,0.0,False,0.0,0.0,0.0,STOPPED,ACCEPTED,ACCEPTED,148.120246359,148.120246359
148.261615933,0.0,0.0,0.011181956214112884,0.0,0.0,False,0.0,0.0,0.0,STOPPED,DUPLICATE_OR_OLD,DUPLICATE_OR_OLD,148.120246359,148.120246359
148.311615933,0.0,0.0,0.006180575691815857,0.0,0.0,False,0.0,0.0,0.0,STOPPED,ACCEPTED,ACCEPTED,148.26415328,148.26415328
148.361615933,0.0,0.0,0.011180575691814153,0.0,0.0,False,0.0,0.0,0.0,STOPPED,DUPLICATE_OR_OLD,DUPLICATE_OR_OLD,148.26415328,148.26415328
148.411615933,0.0,0.0,0.006180374290575188,0.0,0.0,False,0.0,0.0,0.0,STOPPED,ACCEPTED,ACCEPTED,148.322161674,148.322161674
148.461615933,0.0,0.0,0.011180374290573482,0.0,0.0,False,0.0,0.0,0.0,STOPPED,DUPLICATE_OR_OLD,DUPLICATE_OR_OLD,148.322161674,148.322161674
148.511615933,0.0,0.0,0.0061803449068334486,0.0,0.0,False,0.0,0.0,0.0,STOPPED,ACCEPTED,ACCEPTED,148.410198447,148.410198447
148.561615933,0.0,0.0,0.011180344906834585,0.0,0.0,False,0.0,0.0,0.0,STOPPED,DUPLICATE_OR_OLD,DUPLICATE_OR_OLD,148.410198447,148.410198447
148.611615933,0.0,0.0,0.00618034061980976,0.0,0.0,False,0.0,0.0,0.0,STOPPED,ACCEPTED,ACCEPTED,148.508156228,148.508156228
148.661615933,0.0,0.0,0.011180340619810897,0.0,0.0,False,0.0,0.0,0.0,STOPPED,DUPLICATE_OR_OLD,DUPLICATE_OR_OLD,148.508156228,148.508156228
148.711615933,0.0,0.0,0.006180339994341571,0.0,0.0,False,0.0,0.0,0.0,STOPPED,ACCEPTED,ACCEPTED,148.602209671,148.602209671
148.761615933,0.0,0.0,0.011180339994342708,0.0,0.0,False,0.0,0.0,0.0,STOPPED,DUPLICATE_OR_OLD,DUPLICATE_OR_OLD,148.602209671,148.602209671
148.811615933,0.0,0.0,0.0061803399030874095,0.0,0.0,False,0.0,0.0,0.0,STOPPED,ACCEPTED,ACCEPTED,148.736162842,148.736162842
148.861615933,0.0,0.0,0.011180339903085704,0.0,0.0,False,0.0,0.0,0.0,STOPPED,DUPLICATE_OR_OLD,DUPLICATE_OR_OLD,148.736162842,148.736162842
148.911615933,0.0,0.0,0.006180339889773193,0.0,0.0,False,0.0,0.0,0.0,STOPPED,ACCEPTED,ACCEPTED,148.816159419,148.816159419
148.961615933,0.0,0.0,0.011180339889771487,0.0,0.0,False,0.0,0.0,0.0,STOPPED,DUPLICATE_OR_OLD,DUPLICATE_OR_OLD,148.816159419,148.816159419
149.011615933,0.0,0.0,0.016180339889772626,0.0,0.0,False,0.0,0.0,0.0,STOPPED,DUPLICATE_OR_OLD,DUPLICATE_OR_OLD,148.816159419,148.816159419
149.061615933,0.0,0.0,0.02118033988977376,0.0,0.0,False,0.0,0.0,0.0,STOPPED,DUPLICATE_OR_OLD,DUPLICATE_OR_OLD,148.816159419,148.816159419
149.111615933,0.0,0.0,0.00723606797767344,0.0,0.0,False,0.0,0.0,0.0,STOPPED,ACCEPTED,ACCEPTED,149.016142186,149.016142186
149.161615933,0.0,0.0,0.012236067977674576,0.0,0.0,False,0.0,0.0,0.0,STOPPED,DUPLICATE_OR_OLD,DUPLICATE_OR_OLD,149.016142186,149.016142186
149.211615933,0.0,0.0,0.0063283980609103955,0.0,0.0,False,0.0,0.0,0.0,STOPPED,ACCEPTED,ACCEPTED,149.116145059,149.116145059
149.261615933,0.0,0.0,0.011328398060911533,0.0,0.0,False,0.0,0.0,0.0,STOPPED,DUPLICATE_OR_OLD,DUPLICATE_OR_OLD,149.116145059,149.116145059
149.311615933,0.0,0.0,0.006201819808077852,0.0,0.0,False,0.0,0.0,0.0,STOPPED,ACCEPTED,ACCEPTED,149.232171991,149.232171991
149.361615933,0.0,0.0,0.011201819808076146,0.0,0.0,False,0.0,0.0,0.0,STOPPED,DUPLICATE_OR_OLD,DUPLICATE_OR_OLD,149.232171991,149.232171991
149.411615933,0.0,0.0,0.006183471196562737,0.0,0.0,False,0.0,0.0,0.0,STOPPED,ACCEPTED,ACCEPTED,149.316139995,149.316139995
149.461615933,0.0,0.0,0.011183471196561032,0.0,0.0,False,0.0,0.0,0.0,STOPPED,DUPLICATE_OR_OLD,DUPLICATE_OR_OLD,149.316139995,149.316139995
149.511615933,0.0,0.0,0.006180796684698942,0.0,0.0,False,0.0,0.0,0.0,STOPPED,ACCEPTED,ACCEPTED,149.424135915,149.424135915
149.561615933,0.0,0.0,0.01118079668470008,0.0,0.0,False,0.0,0.0,0.0,STOPPED,DUPLICATE_OR_OLD,DUPLICATE_OR_OLD,149.424135915,149.424135915
149.611615933,0.0,0.0,0.006180406532149346,0.0,0.0,False,0.0,0.0,0.0,STOPPED,ACCEPTED,ACCEPTED,149.51814064,149.51814064
149.661615933,0.0,0.0,0.011180406532150484,0.0,0.0,False,0.0,0.0,0.0,STOPPED,DUPLICATE_OR_OLD,DUPLICATE_OR_OLD,149.51814064,149.51814064
149.711615933,0.0,0.0,0.006180349610797568,0.0,0.0,False,0.0,0.0,0.0,STOPPED,ACCEPTED,ACCEPTED,149.622132769,149.622132769
149.761615933,0.0,0.0,0.011180349610798706,0.0,0.0,False,0.0,0.0,0.0,STOPPED,DUPLICATE_OR_OLD,DUPLICATE_OR_OLD,149.622132769,149.622132769
149.811615933,0.0,0.0,0.0061803413061089045,0.0,0.0,False,0.0,0.0,0.0,STOPPED,ACCEPTED,ACCEPTED,149.734133986,149.734133986
149.861615933,0.0,0.0,0.011180341306107199,0.0,0.0,False,0.0,0.0,0.0,STOPPED,DUPLICATE_OR_OLD,DUPLICATE_OR_OLD,149.734133986,149.734133986
149.911615933,0.0,0.0,0.006180340094471258,0.0,0.0,False,0.0,0.0,0.0,STOPPED,ACCEPTED,ACCEPTED,149.810128916,149.810128916
149.961615933,0.0,0.0,0.011180340094469554,0.0,0.0,False,0.0,0.0,0.0,STOPPED,DUPLICATE_OR_OLD,DUPLICATE_OR_OLD,149.810128916,149.810128916
150.011615933,0.0,0.0,0.006180339917695719,0.0,0.0,False,0.0,0.0,0.0,STOPPED,ACCEPTED,ACCEPTED,149.902214058,149.902214058
150.061615933,0.0,0.0,0.011180339917696857,0.0,0.0,False,0.0,0.0,0.0,STOPPED,DUPLICATE_OR_OLD,DUPLICATE_OR_OLD,149.902214058,149.902214058
150.111615933,0.0,0.0,0.0061803398919045155,0.0,0.0,False,0.0,0.0,0.0,STOPPED,ACCEPTED,ACCEPTED,150.01213368,150.01213368
150.161615933,0.0,0.0,0.011180339891905653,0.0,0.0,False,0.0,0.0,0.0,STOPPED,DUPLICATE_OR_OLD,DUPLICATE_OR_OLD,150.01213368,150.01213368
150.211615933,0.0,0.0,0.01618033989190395,0.0,0.0,False,0.0,0.0,0.0,STOPPED,DUPLICATE_OR_OLD,DUPLICATE_OR_OLD,150.01213368,150.01213368
150.261615933,0.0,0.0,0.021180339891905084,0.0,0.0,False,0.0,0.0,0.0,STOPPED,DUPLICATE_OR_OLD,DUPLICATE_OR_OLD,150.01213368,150.01213368
150.311615933,0.0,0.0,0.0072360679778364755,0.0,0.0,False,0.0,0.0,0.0,STOPPED,ACCEPTED,ACCEPTED,150.222166083,150.222166083
150.361615933,0.0,0.0,0.012236067977834771,0.0,0.0,False,0.0,0.0,0.0,STOPPED,DUPLICATE_OR_OLD,DUPLICATE_OR_OLD,150.222166083,150.222166083
150.411615933,0.0,0.0,0.006328398060932374,0.0,0.0,False,0.0,0.0,0.0,STOPPED,ACCEPTED,ACCEPTED,150.31613546,150.31613546
150.461615933,0.0,0.0,0.01132839806093067,0.0,0.0,False,0.0,0.0,0.0,STOPPED,DUPLICATE_OR_OLD,DUPLICATE_OR_OLD,150.31613546,150.31613546
150.511615933,0.0,0.0,0.006201819808080614,0.0,0.0,False,0.0,0.0,0.0,STOPPED,ACCEPTED,ACCEPTED,150.422140432,150.422140432
150.561615933,0.0,0.0,0.01120181980808175,0.0,0.0,False,0.0,0.0,0.0,STOPPED,DUPLICATE_OR_OLD,DUPLICATE_OR_OLD,150.422140432,150.422140432
150.611615933,0.0,0.0,0.0061834711965631384,0.0,0.0,False,0.0,0.0,0.0,STOPPED,ACCEPTED,ACCEPTED,150.52613067,150.52613067
150.661615933,0.0,0.0,0.011183471196564276,0.0,0.0,False,0.0,0.0,0.0,STOPPED,DUPLICATE_OR_OLD,DUPLICATE_OR_OLD,150.52613067,150.52613067
150.711615933,0.0,0.0,0.01618347119656257,0.0,0.0,False,0.0,0.0,0.0,STOPPED,DUPLICATE_OR_OLD,DUPLICATE_OR_OLD,150.52613067,150.52613067
150.761615933,0.0,0.0,0.021183471196563705,0.0,0.0,False,0.0,0.0,0.0,STOPPED,DUPLICATE_OR_OLD,DUPLICATE_OR_OLD,150.52613067,150.52613067
150.811615933,0.0,0.0,0.007236307167525329,0.0,0.0,False,0.0,0.0,0.0,STOPPED,ACCEPTED,ACCEPTED,150.736130218,150.736130218
150.861615933,0.0,0.0,0.012236307167523624,0.0,0.0,False,0.0,0.0,0.0,STOPPED,DUPLICATE_OR_OLD,DUPLICATE_OR_OLD,150.736130218,150.736130218
150.911615933,0.0,0.0,0.0063284303049998235,0.0,0.0,False,0.0,0.0,0.0,STOPPED,ACCEPTED,ACCEPTED,150.814175226,150.814175226
150.961615933,0.0,0.0,0.011328430304998117,0.0,0.0,False,0.0,0.0,0.0,STOPPED,DUPLICATE_OR_OLD,DUPLICATE_OR_OLD,150.814175226,150.814175226
151.011615933,0.0,0.0,0.0062018244596597945,0.0,0.0,False,0.0,0.0,0.0,STOPPED,ACCEPTED,ACCEPTED,150.926128395,150.926128395
151.061615933,0.0,0.0,0.011201824459660932,0.0,0.0,False,0.0,0.0,0.0,STOPPED,DUPLICATE_OR_OLD,DUPLICATE_OR_OLD,150.926128395,150.926128395
151.111615933,0.0,0.0,0.006183471874107024,0.0,0.0,False,0.0,0.0,0.0,STOPPED,ACCEPTED,ACCEPTED,151.010224711,151.010224711
151.161615933,0.0,0.0,0.011183471874108161,0.0,0.0,False,0.0,0.0,0.0,STOPPED,DUPLICATE_OR_OLD,DUPLICATE_OR_OLD,151.010224711,151.010224711
151.211615933,0.0,0.0,0.006180796783527677,0.0,0.0,False,0.0,0.0,0.0,STOPPED,ACCEPTED,ACCEPTED,151.12412825,151.12412825
151.261615933,0.0,0.0,0.011180796783528815,0.0,0.0,False,0.0,0.0,0.0,STOPPED,DUPLICATE_OR_OLD,DUPLICATE_OR_OLD,151.12412825,151.12412825
151.311615933,0.0,0.0,0.0061804065465681755,0.0,0.0,False,0.0,0.0,0.0,STOPPED,ACCEPTED,ACCEPTED,151.276160865,151.276160865
151.361615933,0.0,0.0,0.01118040654656647,0.0,0.0,False,0.0,0.0,0.0,STOPPED,DUPLICATE_OR_OLD,DUPLICATE_OR_OLD,151.276160865,151.276160865
151.411615933,0.0,0.0,0.006180349612901235,0.0,0.0,False,0.0,0.0,0.0,STOPPED,ACCEPTED,ACCEPTED,151.324187282,151.324187282
151.461615933,0.0,0.0,0.011180349612899529,0.0,0.0,False,0.0,0.0,0.0,STOPPED,DUPLICATE_OR_OLD,DUPLICATE_OR_OLD,151.324187282,151.324187282
151.511615933,0.0,0.0,0.006180341306415409,0.0,0.0,False,0.0,0.0,0.0,STOPPED,ACCEPTED,ACCEPTED,151.420123055,151.420123055
151.561615933,0.0,0.0,0.011180341306416547,0.0,0.0,False,0.0,0.0,0.0,STOPPED,DUPLICATE_OR_OLD,DUPLICATE_OR_OLD,151.420123055,151.420123055
151.611615933,0.0,0.0,0.006180340094515977,0.0,0.0,False,0.0,0.0,0.0,STOPPED,ACCEPTED,ACCEPTED,151.520148762,151.520148762
151.661615933,0.0,0.0,0.011180340094517113,0.0,0.0,False,0.0,0.0,0.0,STOPPED,DUPLICATE_OR_OLD,DUPLICATE_OR_OLD,151.520148762,151.520148762
151.711615933,0.0,0.0,0.006180339917702243,0.0,0.0,False,0.0,0.0,0.0,STOPPED,ACCEPTED,ACCEPTED,151.622205809,151.622205809
151.761615933,0.0,0.0,0.01118033991770338,0.0,0.0,False,0.0,0.0,0.0,STOPPED,DUPLICATE_OR_OLD,DUPLICATE_OR_OLD,151.622205809,151.622205809
151.811615933,0.0,0.0,0.0061803398919058825,0.0,0.0,False,0.0,0.0,0.0,STOPPED,ACCEPTED,ACCEPTED,151.734181476,151.734181476
151.861615933,0.0,0.0,0.011180339891904176,0.0,0.0,False,0.0,0.0,0.0,STOPPED,DUPLICATE_OR_OLD,DUPLICATE_OR_OLD,151.734181476,151.734181476
151.911615933,0.0,0.0,0.006180339888141829,0.0,0.0,False,0.0,0.0,0.0,STOPPED,ACCEPTED,ACCEPTED,151.816154648,151.816154648
151.961615933,0.0,0.0,0.011180339888140125,0.0,0.0,False,0.0,0.0,0.0,STOPPED,DUPLICATE_OR_OLD,DUPLICATE_OR_OLD,151.816154648,151.816154648
152.011615933,0.0,0.0,0.006180339887592661,0.0,0.0,False,0.0,0.0,0.0,STOPPED,ACCEPTED,ACCEPTED,151.904112447,151.904112447
152.061615933,0.0,0.0,0.011180339887593798,0.0,0.0,False,0.0,0.0,0.0,STOPPED,DUPLICATE_OR_OLD,DUPLICATE_OR_OLD,151.904112447,151.904112447
152.111615933,0.0,0.0,0.006180339887512539,0.0,0.0,False,0.0,0.0,0.0,STOPPED,ACCEPTED,ACCEPTED,152.01017241,152.01017241
152.161615933,0.0,0.0,0.011180339887513676,0.0,0.0,False,0.0,0.0,0.0,STOPPED,DUPLICATE_OR_OLD,DUPLICATE_OR_OLD,152.01017241,152.01017241
152.211615933,0.0,0.0,0.006180339887500849,0.0,0.0,False,0.0,0.0,0.0,STOPPED,ACCEPTED,ACCEPTED,152.11416739,152.11416739
152.261615933,0.0,0.0,0.011180339887501986,0.0,0.0,False,0.0,0.0,0.0,STOPPED,DUPLICATE_OR_OLD,DUPLICATE_OR_OLD,152.11416739,152.11416739
152.311615933,0.0,0.0,0.006180339887499558,0.0,0.0,False,0.0,0.0,0.0,STOPPED,ACCEPTED,ACCEPTED,152.226230672,152.226230672
152.361615933,0.0,0.0,0.011180339887497854,0.0,0.0,False,0.0,0.0,0.0,STOPPED,DUPLICATE_OR_OLD,DUPLICATE_OR_OLD,152.226230672,152.226230672
152.411615933,0.0,0.0,0.006180339887498956,0.0,0.0,False,0.0,0.0,0.0,STOPPED,ACCEPTED,ACCEPTED,152.31422688,152.31422688
152.461615933,0.0,0.0,0.01118033988749725,0.0,0.0,False,0.0,0.0,0.0,STOPPED,DUPLICATE_OR_OLD,DUPLICATE_OR_OLD,152.31422688,152.31422688
152.511615933,0.0,0.0,0.006180339887498868,0.0,0.0,False,0.0,0.0,0.0,STOPPED,ACCEPTED,ACCEPTED,152.46815837,152.46815837
152.561615933,0.0,0.0,0.011180339887500005,0.0,0.0,False,0.0,0.0,0.0,STOPPED,DUPLICATE_OR_OLD,DUPLICATE_OR_OLD,152.46815837,152.46815837
152.611615933,0.0,0.0,0.006180339887498855,0.0,0.0,False,0.0,0.0,0.0,STOPPED,ACCEPTED,ACCEPTED,152.51408982,152.51408982
152.661615933,0.0,0.0,0.011180339887499991,0.0,0.0,False,0.0,0.0,0.0,STOPPED,DUPLICATE_OR_OLD,DUPLICATE_OR_OLD,152.51408982,152.51408982
152.711615933,0.0,0.0,0.006180339887498852,0.0,0.0,False,0.0,0.0,0.0,STOPPED,ACCEPTED,ACCEPTED,152.622098451,152.622098451
152.761615933,0.0,0.0,0.01118033988749999,0.0,0.0,False,0.0,0.0,0.0,STOPPED,DUPLICATE_OR_OLD,DUPLICATE_OR_OLD,152.622098451,152.622098451
152.811615933,0.0,0.0,0.006180339887499267,0.0,0.0,False,0.0,0.0,0.0,STOPPED,ACCEPTED,ACCEPTED,152.732149639,152.732149639
152.861615933,0.0,0.0,0.011180339887497562,0.0,0.0,False,0.0,0.0,0.0,STOPPED,DUPLICATE_OR_OLD,DUPLICATE_OR_OLD,152.732149639,152.732149639
152.911615933,0.0,0.0,0.006180339887498913,0.0,0.0,False,0.0,0.0,0.0,STOPPED,ACCEPTED,ACCEPTED,152.818133989,152.818133989
152.961615933,0.0,0.0,0.011180339887497209,0.0,0.0,False,0.0,0.0,0.0,STOPPED,DUPLICATE_OR_OLD,DUPLICATE_OR_OLD,152.818133989,152.818133989
153.011615933,0.0,0.0,0.006180339887498861,0.0,0.0,False,0.0,0.0,0.0,STOPPED,ACCEPTED,ACCEPTED,152.914161576,152.914161576
153.061615933,0.0,0.0,0.011180339887499998,0.0,0.0,False,0.0,0.0,0.0,STOPPED,DUPLICATE_OR_OLD,DUPLICATE_OR_OLD,152.914161576,152.914161576
153.111615933,0.0,0.0,0.006180339887498853,0.0,0.0,False,0.0,0.0,0.0,STOPPED,ACCEPTED,ACCEPTED,153.070088452,153.070088452
153.161615933,0.0,0.0,0.011180339887499991,0.0,0.0,False,0.0,0.0,0.0,STOPPED,DUPLICATE_OR_OLD,DUPLICATE_OR_OLD,153.070088452,153.070088452
153.211615933,0.0,0.0,0.006180339887498852,0.0,0.0,False,0.0,0.0,0.0,STOPPED,ACCEPTED,ACCEPTED,153.124201043,153.124201043
153.261615933,0.0,0.0,0.01118033988749999,0.0,0.0,False,0.0,0.0,0.0,STOPPED,DUPLICATE_OR_OLD,DUPLICATE_OR_OLD,153.124201043,153.124201043
153.311615933,0.0,0.0,0.006180339887499267,0.0,0.0,False,0.0,0.0,0.0,STOPPED,ACCEPTED,ACCEPTED,153.21412501,153.21412501
153.361615933,0.0,0.0,0.011180339887497562,0.0,0.0,False,0.0,0.0,0.0,STOPPED,DUPLICATE_OR_OLD,DUPLICATE_OR_OLD,153.21412501,153.21412501
153.411615933,0.0,0.0,0.006180339887498913,0.0,0.0,False,0.0,0.0,0.0,STOPPED,ACCEPTED,ACCEPTED,153.316148219,153.316148219
153.461615933,0.0,0.0,0.011180339887497209,0.0,0.0,False,0.0,0.0,0.0,STOPPED,DUPLICATE_OR_OLD,DUPLICATE_OR_OLD,153.316148219,153.316148219
153.511615933,0.0,0.0,0.006180339887498861,0.0,0.0,False,0.0,0.0,0.0,STOPPED,ACCEPTED,ACCEPTED,153.430094721,153.430094721
153.561615933,0.0,0.0,0.011180339887499998,0.0,0.0,False,0.0,0.0,0.0,STOPPED,DUPLICATE_OR_OLD,DUPLICATE_OR_OLD,153.430094721,153.430094721
153.611615933,0.0,0.0,0.006180339887498853,0.0,0.0,False,0.0,0.0,0.0,STOPPED,ACCEPTED,ACCEPTED,153.514131631,153.514131631
153.661615933,0.0,0.0,0.011180339887499991,0.0,0.0,False,0.0,0.0,0.0,STOPPED,DUPLICATE_OR_OLD,DUPLICATE_OR_OLD,153.514131631,153.514131631
153.711615933,0.0,0.0,0.006180339887498852,0.0,0.0,False,0.0,0.0,0.0,STOPPED,ACCEPTED,ACCEPTED,153.624145037,153.624145037
153.761615933,0.0,0.0,0.01118033988749999,0.0,0.0,False,0.0,0.0,0.0,STOPPED,DUPLICATE_OR_OLD,DUPLICATE_OR_OLD,153.624145037,153.624145037
153.811615933,0.0,0.0,0.006180339887499267,0.0,0.0,False,0.0,0.0,0.0,STOPPED,ACCEPTED,ACCEPTED,153.73408203,153.73408203
153.861615933,0.0,0.0,0.011180339887497562,0.0,0.0,False,0.0,0.0,0.0,STOPPED,DUPLICATE_OR_OLD,DUPLICATE_OR_OLD,153.73408203,153.73408203
153.911615933,0.0,0.0,0.006180339887498913,0.0,0.0,False,0.0,0.0,0.0,STOPPED,ACCEPTED,ACCEPTED,153.816085091,153.816085091
153.961615933,0.0,0.0,0.011180339887497209,0.0,0.0,False,0.0,0.0,0.0,STOPPED,DUPLICATE_OR_OLD,DUPLICATE_OR_OLD,153.816085091,153.816085091
154.011615933,0.0,0.0,0.006180339887498861,0.0,0.0,False,0.0,0.0,0.0,STOPPED,ACCEPTED,ACCEPTED,153.904206516,153.904206516
154.061615933,0.0,0.0,0.011180339887499998,0.0,0.0,False,0.0,0.0,0.0,STOPPED,DUPLICATE_OR_OLD,DUPLICATE_OR_OLD,153.904206516,153.904206516
154.111615933,0.0,0.0,0.006180339887498853,0.0,0.0,False,0.0,0.0,0.0,STOPPED,ACCEPTED,ACCEPTED,154.008113048,154.008113048
154.161615933,0.0,0.0,0.011180339887499991,0.0,0.0,False,0.0,0.0,0.0,STOPPED,DUPLICATE_OR_OLD,DUPLICATE_OR_OLD,154.008113048,154.008113048
154.211615933,0.0,0.0,0.006180339887498852,0.0,0.0,False,0.0,0.0,0.0,STOPPED,ACCEPTED,ACCEPTED,154.108151762,154.108151762
154.261615933,0.0,0.0,0.01118033988749999,0.0,0.0,False,0.0,0.0,0.0,STOPPED,DUPLICATE_OR_OLD,DUPLICATE_OR_OLD,154.108151762,154.108151762
154.311615933,0.0,0.0,0.006180339887499267,0.0,0.0,False,0.0,0.0,0.0,STOPPED,ACCEPTED,ACCEPTED,154.226124666,154.226124666
154.361615933,0.0,0.0,0.011180339887497562,0.0,0.0,False,0.0,0.0,0.0,STOPPED,DUPLICATE_OR_OLD,DUPLICATE_OR_OLD,154.226124666,154.226124666
154.411615933,0.0,0.0,0.006180339887498913,0.0,0.0,False,0.0,0.0,0.0,STOPPED,ACCEPTED,ACCEPTED,154.318077866,154.318077866
154.461615933,0.0,0.0,0.011180339887497209,0.0,0.0,False,0.0,0.0,0.0,STOPPED,DUPLICATE_OR_OLD,DUPLICATE_OR_OLD,154.318077866,154.318077866
154.511615933,0.0,0.0,0.006180339887498861,0.0,0.0,False,0.0,0.0,0.0,STOPPED,ACCEPTED,ACCEPTED,154.408075696,154.408075696
154.561615933,0.0,0.0,0.011180339887499998,0.0,0.0,False,0.0,0.0,0.0,STOPPED,DUPLICATE_OR_OLD,DUPLICATE_OR_OLD,154.408075696,154.408075696
154.611615933,0.0,0.0,0.006180339887498853,0.0,0.0,False,0.0,0.0,0.0,STOPPED,ACCEPTED,ACCEPTED,154.514091062,154.514091062
154.661615933,0.0,0.0,0.011180339887499991,0.0,0.0,False,0.0,0.0,0.0,STOPPED,DUPLICATE_OR_OLD,DUPLICATE_OR_OLD,154.514091062,154.514091062
154.711615933,0.0,0.0,0.006180339887498852,0.0,0.0,False,0.0,0.0,0.0,STOPPED,ACCEPTED,ACCEPTED,154.612118206,154.612118206
154.761615933,0.0,0.0,0.01118033988749999,0.0,0.0,False,0.0,0.0,0.0,STOPPED,DUPLICATE_OR_OLD,DUPLICATE_OR_OLD,154.612118206,154.612118206
154.811615933,0.0,0.0,0.006180339887499267,0.0,0.0,False,0.0,0.0,0.0,STOPPED,ACCEPTED,ACCEPTED,154.734159898,154.734159898
154.861615933,0.0,0.0,0.011180339887497562,0.0,0.0,False,0.0,0.0,0.0,STOPPED,DUPLICATE_OR_OLD,DUPLICATE_OR_OLD,154.734159898,154.734159898
154.911615933,0.0,0.0,0.006180339887498913,0.0,0.0,False,0.0,0.0,0.0,STOPPED,ACCEPTED,ACCEPTED,154.812075909,154.812075909
154.961615933,0.0,0.0,0.011180339887497209,0.0,0.0,False,0.0,0.0,0.0,STOPPED,DUPLICATE_OR_OLD,DUPLICATE_OR_OLD,154.812075909,154.812075909
155.011615933,0.0,0.0,0.006180339887498861,0.0,0.0,False,0.0,0.0,0.0,STOPPED,ACCEPTED,ACCEPTED,154.922111688,154.922111688
155.061615933,0.0,0.0,0.011180339887499998,0.0,0.0,False,0.0,0.0,0.0,STOPPED,DUPLICATE_OR_OLD,DUPLICATE_OR_OLD,154.922111688,154.922111688
155.111615933,0.0,0.0,0.006180339887498853,0.0,0.0,False,0.0,0.0,0.0,STOPPED,ACCEPTED,ACCEPTED,155.018100834,155.018100834
155.161615933,0.0,0.0,0.011180339887499991,0.0,0.0,False,0.0,0.0,0.0,STOPPED,DUPLICATE_OR_OLD,DUPLICATE_OR_OLD,155.018100834,155.018100834
155.211615933,0.0,0.0,0.016180339887498285,0.0,0.0,False,0.0,0.0,0.0,STOPPED,DUPLICATE_OR_OLD,DUPLICATE_OR_OLD,155.018100834,155.018100834
155.261615933,0.0,0.0,0.02118033988749942,0.0,0.0,False,0.0,0.0,0.0,STOPPED,DUPLICATE_OR_OLD,DUPLICATE_OR_OLD,155.018100834,155.018100834
155.311615933,0.0,0.0,0.007236067977499913,0.0,0.0,False,0.0,0.0,0.0,STOPPED,ACCEPTED,ACCEPTED,155.222109959,155.222109959
155.361615933,0.0,0.0,0.012236067977498207,0.0,0.0,False,0.0,0.0,0.0,STOPPED,DUPLICATE_OR_OLD,DUPLICATE_OR_OLD,155.222109959,155.222109959
155.411615933,0.0,0.0,0.006328398060887004,0.0,0.0,False,0.0,0.0,0.0,STOPPED,ACCEPTED,ACCEPTED,155.312122422,155.312122422
155.461615933,0.0,0.0,0.011328398060885298,0.0,0.0,False,0.0,0.0,0.0,STOPPED,DUPLICATE_OR_OLD,DUPLICATE_OR_OLD,155.312122422,155.312122422
155.511615933,0.00041742358293691065,1.043558957342514e-05,0.006201819808074068,0.0,0.0,False,0.0,0.6201819808074067,0.0,FUSED,ACCEPTED,ACCEPTED,155.406153748,155.406153748
155.561615933,0.002478621923596734,8.283672723678271e-05,0.011201819808075206,0.0,0.0,False,0.0,0.0,0.0,MODEL_ONLY,DUPLICATE_OR_OLD,DUPLICATE_OR_OLD,155.406153748,155.406153748
155.611615933,0.002047520426838477,0.0001959902859976244,0.006183471196562186,0.0,0.0,False,0.0,0.6183471196562185,0.0,FUSED,ACCEPTED,ACCEPTED,155.514063993,155.514063993
155.661615933,0.005689539883631244,0.00038941679375941146,0.011183471196563323,0.0,0.0,False,0.0,0.0,0.0,MODEL_ONLY,DUPLICATE_OR_OLD,DUPLICATE_OR_OLD,155.514063993,155.514063993
155.711615933,0.0037979989813419924,0.0006266052653836615,0.006180796684698862,0.0,0.0,False,0.0,0.6180796684698862,0.0,FUSED,ACCEPTED,ACCEPTED,155.630123367,155.630123367
155.761615933,0.009670329196323206,0.000963313469825368,0.0111807966847,0.0,0.0,False,0.0,0.0,0.0,MODEL_ONLY,DUPLICATE_OR_OLD,DUPLICATE_OR_OLD,155.630123367,155.630123367
155.811615933,0.006443032566037123,0.0013661475138844678,0.006180406532149749,0.0,0.0,False,0.0,0.6180406532149747,0.0,FUSED,ACCEPTED,ACCEPTED,155.734102087,155.734102087
155.861615933,0.014917851809857519,0.0019001696232816517,0.011180406532148045,0.0,0.0,False,0.0,0.0,0.0,MODEL_ONLY,DUPLICATE_OR_OLD,DUPLICATE_OR_OLD,155.734102087,155.734102087
155.911615933,0.009308266802442705,0.002505822588589295,0.006180349610797627,0.0,0.0,False,0.0,0.6180349610797624,0.0,FUSED,ACCEPTED,ACCEPTED,155.870057101,155.870057101
155.961615933,0.019789989492469958,0.0032332789959618633,0.011180349610795922,0.0,0.0,False,0.0,0.0,0.0,MODEL_ONLY,DUPLICATE_OR_OLD,DUPLICATE_OR_OLD,155.870057101,155.870057101
156.011615933,0.026992932173312223,0.004402852037606684,0.006180341306108499,0.0,0.0,False,0.0,0.6180341306108497,0.0,FUSED,ACCEPTED,ACCEPTED,155.910086805,155.910086805
156.061615933,0.04030892506979701,0.006085398468684797,0.011180341306109636,0.0,0.0,False,0.0,0.0,0.0,MODEL_ONLY,DUPLICATE_OR_OLD,DUPLICATE_OR_OLD,155.910086805,155.910086805
156.111615933,0.038144165781599716,0.008046725739969045,0.006180340094471199,0.0,0.0,False,0.0,0.6180340094471197,0.0,FUSED,ACCEPTED,ACCEPTED,156.014067247,156.014067247
156.161615933,0.05364537122439725,0.010341464165119493,0.011180340094472337,0.0,0.0,False,0.0,0.0,0.0,MODEL_ONLY,DUPLICATE_OR_OLD,DUPLICATE_OR_OLD,156.014067247,156.014067247
156.211615933,0.04704786864525017,0.01285879516185982,0.00618033991769571,0.0,0.0,False,0.0,0.618033991769571,0.0,FUSED,ACCEPTED,ACCEPTED,156.110047223,156.110047223
156.261615933,0.06423869748042588,0.015640959315002353,0.011180339917696847,0.0,0.0,False,0.0,0.0,0.0,MODEL_ONLY,DUPLICATE_OR_OLD,DUPLICATE_OR_OLD,156.110047223,156.110047223
156.311615933,0.053922718804540276,0.01859499472212718,0.006180339891904929,0.0,0.0,False,0.0,0.6180339891904927,0.0,FUSED,ACCEPTED,ACCEPTED,156.208063306,156.208063306
156.361615933,0.0724217784543778,0.021753607153599055,0.011180339891903224,0.0,0.0,False,0.0,0.0,0.0,MODEL_ONLY,DUPLICATE_OR_OLD,DUPLICATE_OR_OLD,156.208063306,156.208063306
156.411615933,0.05707480340813733,0.02499102170016267,0.00618033988814169,0.0,0.0,False,0.0,0.6180339888141688,0.0,FUSED,ACCEPTED,ACCEPTED,156.316043547,156.316043547
156.461615933,0.07658745746700246,0.028332578222040022,0.011180339888139986,0.0,0.0,False,0.0,0.0,0.0,MODEL_ONLY,DUPLICATE_OR_OLD,DUPLICATE_OR_OLD,156.316043547,156.316043547
156.511615933,0.05563743446819999,0.03163820052042084,0.006180339887592642,0.0,0.0,False,0.0,0.6180339887592641,0.0,FUSED,ACCEPTED,ACCEPTED,156.434122584,156.434122584
156.561615933,0.07593564802326508,0.034927527582708215,0.011180339887593779,0.0,0.0,False,0.0,0.0,0.0,MODEL_ONLY,DUPLICATE_OR_OLD,DUPLICATE_OR_OLD,156.434122584,156.434122584
156.611615933,0.08384140489433539,0.03892195390564686,0.006180339887512536,0.0,0.0,False,0.0,0.6180339887512536,0.0,FUSED,ACCEPTED,ACCEPTED,156.518069793,156.518069793
156.661615933,0.10445176656710399,0.04362928319218391,0.011180339887513673,0.0,0.0,False,0.0,0.0,0.0,MODEL_ONLY,DUPLICATE_OR_OLD,DUPLICATE_OR_OLD,156.518069793,156.518069793
156.711615933,0.13249597238515243,0.049552976665988305,0.006180339887500849,0.0,0.0,False,0.0,0.6180339887500848,0.0,FUSED,ACCEPTED,ACCEPTED,156.638036557,156.638036557
156.761615933,0.15299645656731417,0.05669028738980159,0.011180339887501986,0.0,0.0,False,0.0,0.0,0.0,MODEL_ONLY,DUPLICATE_OR_OLD,DUPLICATE_OR_OLD,156.638036557,156.638036557
156.811615933,0.17095523892662276,0.06478907977715186,0.006180339887499558,0.0,0.0,False,0.0,0.6180339887499557,0.0,FUSED,ACCEPTED,ACCEPTED,156.732047975,156.732047975
156.861615933,0.19147230493787035,0.07384976837376109,0.011180339887497854,0.0,0.0,False,0.0,0.0,0.0,MODEL_ONLY,DUPLICATE_OR_OLD,DUPLICATE_OR_OLD,156.732047975,156.732047975
156.911615933,0.2102437802750038,0.08389267050408522,0.006180339887498956,0.0,0.0,False,0.0,0.6180339887498953,0.0,FUSED,ACCEPTED,ACCEPTED,156.818036707,156.818036707
156.961615933,0.23078379677796126,0.0949183599304056,0.01118033988749725,0.0,0.0,False,0.0,0.0,0.0,MODEL_ONLY,DUPLICATE_OR_OLD,DUPLICATE_OR_OLD,156.818036707,156.818036707
157.011615933,0.2406790192578269,0.10670493033130299,0.006180339887498868,0.0,0.0,False,0.0,0.6180339887498867,0.0,FUSED,ACCEPTED,ACCEPTED,156.92403307,156.92403307
157.061615933,0.2612623051606434,0.1192534634417676,0.011180339887500005,0.0,0.0,False,0.0,0.0,0.0,MODEL_ONLY,DUPLICATE_OR_OLD,DUPLICATE_OR_OLD,156.92403307,156.92403307
157.111615933,0.26836328713109525,0.13249410324905656,0.006180339887498855,0.0,0.0,False,0.0,0.6180339887498854,0.0,FUSED,ACCEPTED,ACCEPTED,157.026044737,157.026044737
157.161615933,0.2889871883335916,0.14642786513567688,0.011180339887499991,0.0,0.0,False,0.0,0.0,0.0,MODEL_ONLY,DUPLICATE_OR_OLD,DUPLICATE_OR_OLD,157.026044737,157.026044737
157.211615933,0.2963078510972749,0.16106024112144354,0.006180339887498852,0.0,0.0,False,0.0,0.6180339887498851,0.0,FUSED,ACCEPTED,ACCEPTED,157.118036697,157.118036697
157.261615933,0.3169679954575701,0.17639213728531816,0.01118033988749999,0.0,0.0,False,0.0,0.0,0.0,MODEL_ONLY,DUPLICATE_OR_OLD,DUPLICATE_OR_OLD,157.118036697,157.118036697
157.311615933,0.3215946221745902,0.19235620272612577,0.006180339887499267,0.0,0.0,False,0.0,0.6180339887499267,0.0,FUSED,ACCEPTED,ACCEPTED,157.224054859,157.224054859
157.361615933,0.34228045510193966,0.20895307965803336,0.011180339887497562,0.0,0.0,False,0.0,0.0,0.0,MODEL_ONLY,DUPLICATE_OR_OLD,DUPLICATE_OR_OLD,157.224054859,157.224054859
157.411615933,0.35413225238352636,0.226363397345174,0.006180339887498913,0.0,0.0,False,0.0,0.6180339887498912,0.0,FUSED,ACCEPTED,ACCEPTED,157.346037825,157.346037825
157.461615933,0.3748116310260157,0.24458699443040632,0.011180339887497209,0.0,0.0,False,0.0,0.0,0.0,MODEL_ONLY,DUPLICATE_OR_OLD,DUPLICATE_OR_OLD,157.346037825,157.346037825
157.511615933,0.38643358899967756,0.26361812493105297,0.006180339887498861,0.0,0.0,False,0.0,0.618033988749886,0.0,FUSED,ACCEPTED,ACCEPTED,157.436022075,157.436022075
157.561615933,0.4071232460637054,0.2834570458076421,0.011180339887499998,0.0,0.0,False,0.0,0.0,0.0,MODEL_ONLY,DUPLICATE_OR_OLD,DUPLICATE_OR_OLD,157.436022075,157.436022075
157.611615933,0.4212010582591834,0.3041651534157072,0.006180339887498853,0.0,0.0,False,0.0,0.6180339887498852,0.0,FUSED,ACCEPTED,ACCEPTED,157.516106866,157.516106866
157.661615933,0.44190314727521973,0.3257427585540722,0.011180339887499991,0.0,0.0,False,0.0,0.0,0.0,MODEL_ONLY,DUPLICATE_OR_OLD,DUPLICATE_OR_OLD,157.516106866,157.516106866
157.711615933,0.4557703686335097,0.34818459645178274,0.006180339887498852,0.0,0.0,False,0.0,0.6180339887498851,0.0,FUSED,ACCEPTED,ACCEPTED,157.62001908,157.62001908
157.761615933,0.4764797236638791,0.3714908487592228,0.01118033988749999,0.0,0.0,False,0.0,0.0,0.0,MODEL_ONLY,DUPLICATE_OR_OLD,DUPLICATE_OR_OLD,157.62001908,157.62001908
157.811615933,0.4863082671732018,0.39556054853015526,0.006180339887499267,0.0,0.0,False,0.0,0.6180339887499267,0.0,FUSED,ACCEPTED,ACCEPTED,157.728065953,157.728065953
157.861615933,0.5070256351719288,0.4203938960887751,0.011180339887497562,0.0,0.0,False,0.0,0.0,0.0,MODEL_ONLY,DUPLICATE_OR_OLD,DUPLICATE_OR_OLD,157.728065953,157.728065953
157.911615933,0.520471479599684,0.4460813239580712,0.006180339887498913,0.0,0.0,False,0.0,0.6180339887498912,0.0,FUSED,ACCEPTED,ACCEPTED,157.832039323,157.832039323
157.961615933,0.5411945707021226,0.47262297521560737,0.011180339887497209,0.0,0.0,False,0.0,0.0,0.0,MODEL_ONLY,DUPLICATE_OR_OLD,DUPLICATE_OR_OLD,157.832039323,157.832039323
158.011615933,0.5542435149778124,0.5000089273576119,0.006180339887498861,0.0,0.0,False,0.0,0.618033988749886,-0.014400607064870627,FUSED,ACCEPTED,ACCEPTED,157.930052395,157.930052395
158.061615933,0.5742527843384186,0.5282213348405241,0.011180339887499998,0.0,0.0,False,0.0,0.0,-0.014400607064870627,MODEL_ONLY,DUPLICATE_OR_OLD,DUPLICATE_OR_OLD,157.930052395,157.930052395
158.111615933,0.5913148300038571,0.5573605251990711,0.006180339887498853,0.0,0.0,False,0.0,0.6180339887498852,-0.016586895676388096,FUSED,ACCEPTED,ACCEPTED,158.040077787,158.040077787
158.161615933,0.6122639539721486,0.587449994798478,0.011180339887499991,0.0,0.0,False,0.0,0.0,-0.016586895676388096,MODEL_ONLY,DUPLICATE_OR_OLD,DUPLICATE_OR_OLD,158.040077787,158.040077787
158.211615933,0.6325296885002963,0.6185698358602785,0.006180339887498852,0.0,0.0,False,0.0,0.6180339887498851,-0.01889333691285904,FUSED,ACCEPTED,ACCEPTED,158.110056316,158.110056316
158.261615933,0.6541786043087422,0.6507375431805118,0.01118033988749999,0.0,0.0,False,0.0,0.0,-0.01889333691285904,MODEL_ONLY,DUPLICATE_OR_OLD,DUPLICATE_OR_OLD,158.110056316,158.110056316
158.311615933,0.6685581210765156,0.6838059613151507,0.006180339887499267,0.0,0.0,False,0.0,0.6180339887499267,-0.04235907314594747,FUSED,ACCEPTED,ACCEPTED,158.228021909,158.228021909
158.361615933,0.6896656177761556,0.7177615547864559,0.011180339887497562,0.0,0.0,False,0.0,0.0,-0.04235907314594747,MODEL_ONLY,DUPLICATE_OR_OLD,DUPLICATE_OR_OLD,158.228021909,158.228021909
158.411615933,0.7152706261707199,0.7528849608851358,0.006180339887498913,0.0,0.0,False,0.0,0.6180339887498912,-0.019923438049968892,FUSED,ACCEPTED,ACCEPTED,158.324060428,158.324060428
158.461615933,0.7379895128059779,0.7892164643595408,0.011180339887497209,0.0,0.0,False,0.0,0.0,-0.019923438049968892,MODEL_ONLY,DUPLICATE_OR_OLD,DUPLICATE_OR_OLD,158.324060428,158.324060428
158.511615933,0.7643135891133879,0.8267740419075335,0.006180339887498861,0.0,0.0,False,0.0,0.618033988749886,-0.019980982182273697,FUSED,ACCEPTED,ACCEPTED,158.426004881,158.426004881
158.561615933,0.7874096335856197,0.8655671224750174,0.011180339887499998,0.0,0.0,False,0.0,0.0,-0.019980982182273697,MODEL_ONLY,DUPLICATE_OR_OLD,DUPLICATE_OR_OLD,158.426004881,158.426004881
158.611615933,0.8155652900567814,0.9056414955660639,0.006180339887498853,0.0,0.0,False,0.0,0.6180339887498852,-0.010618005294973485,FUSED,ACCEPTED,ACCEPTED,158.514011073,158.514011073
158.661615933,0.839424466962513,0.9470162394915556,0.011180339887499991,0.0,0.0,False,0.0,0.0,-0.010618005294973485,MODEL_ONLY,DUPLICATE_OR_OLD,DUPLICATE_OR_OLD,158.514011073,158.514011073
158.711615933,0.868330872908421,0.9897101229883143,0.006180339887498852,0.0,0.0,False,0.0,0.6180339887498851,-0.004459182152033988,FUSED,ACCEPTED,ACCEPTED,158.614034064,158.614034064
158.761615933,0.8927268296551002,1.0337365655524124,0.01118033988749999,0.0,0.0,False,0.0,0.0,-0.004459182152033988,MODEL_ONLY,DUPLICATE_OR_OLD,DUPLICATE_OR_OLD,158.614034064,158.614034064
158.811615933,0.908591061539054,1.0787695128322765,0.006180339887499267,0.0,0.0,False,0.0,0.6180339887499267,-0.02655482738379428,FUSED,ACCEPTED,ACCEPTED,158.734005977,158.734005977
158.861615933,0.9276190103822785,1.1246747646302941,0.011180339887497562,0.0,0.0,False,0.0,0.0,-0.02655482738379428,MODEL_ONLY,DUPLICATE_OR_OLD,DUPLICATE_OR_OLD,158.734005977,158.734005977
158.911615933,0.940303881732823,1.1713728369331822,0.006180339887498913,0.0,0.0,False,0.0,0.6180339887498912,0.0032508687817671376,FUSED,ACCEPTED,ACCEPTED,158.850027598,158.850027598
158.961615933,0.95270962528283,1.2186981746085574,0.011180339887497209,0.0,0.0,False,0.0,0.0,0.0032508687817671376,MODEL_ONLY,DUPLICATE_OR_OLD,DUPLICATE_OR_OLD,158.850027598,158.850027598
159.011615933,0.9771082427032327,1.26694362130822,0.006180339887498861,0.0,0.0,False,0.0,0.618033988749886,0.08330321043723098,FUSED,ACCEPTED,ACCEPTED,158.937999947,158.937999947
159.061615933,0.983679069922534,1.315963304123875,0.011180339887499998,0.0,0.0,False,0.0,0.0,0.08330321043723098,MODEL_ONLY,DUPLICATE_OR_OLD,DUPLICATE_OR_OLD,158.937999947,158.937999947
159.111615933,0.9982017260499998,1.3655103240231714,0.006180339887498853,0.0,0.0,False,0.0,0.6180339887498852,0.12835706385493895,FUSED,ACCEPTED,ACCEPTED,159.016053564,159.016053564
159.161615933,0.9943827722584434,1.4153249364808937,0.005278640450004439,0.0,0.0,False,0.0,0.5278640450004437,0.1132303021370889,FUSED,ACCEPTED,ACCEPTED,159.124088126,159.124088126
159.211615933,0.9883457271737657,1.464893148966682,0.010278640450002735,0.0,0.0,False,0.0,0.0,0.1132303021370889,MODEL_ONLY,DUPLICATE_OR_OLD,DUPLICATE_OR_OLD,159.124088126,159.124088126
159.261615933,0.9785813797794857,1.5140663266405245,0.015278640450003872,0.0,0.0,False,0.0,0.0,0.1132303021370889,MODEL_ONLY,DUPLICATE_OR_OLD,DUPLICATE_OR_OLD,159.124088126,159.124088126
159.311615933,0.962463001540625,1.5625924361735384,0.006697341805517446,0.0,0.0,False,0.0,0.6697341805517445,0.14923139976733904,FUSED,ACCEPTED,ACCEPTED,159.226039308,159.226039308
159.361615933,0.9471266872940369,1.6103321783943885,0.011697341805515741,0.0,0.0,False,0.0,0.0,0.14923139976733904,MODEL_ONLY,DUPLICATE_OR_OLD,DUPLICATE_OR_OLD,159.226039308,159.226039308
159.411615933,0.9089514285753664,1.6567341312911341,0.006254308734986663,0.0,0.0,False,0.0,0.6254308734986661,0.11462135223096875,FUSED,ACCEPTED,ACCEPTED,159.342101212,159.342101212
159.461615933,0.8858755838822738,1.70160480660256,0.011254308734984958,0.0,0.0,False,0.0,0.0,0.11462135223096875,MODEL_ONLY,DUPLICATE_OR_OLD,DUPLICATE_OR_OLD,159.342101212,159.342101212
159.511615933,0.8362020043514083,1.7446567463084117,0.0061911013917977775,0.0,0.0,False,0.0,0.6191101391797778,0.0889702315982852,FUSED,ACCEPTED,ACCEPTED,159.438017497,159.438017497
159.561615933,0.8069274736091525,1.785734983257435,0.011191101391798915,0.0,0.0,False,0.0,0.0,0.0889702315982852,MODEL_ONLY,DUPLICATE_OR_OLD,DUPLICATE_OR_OLD,159.438017497,159.438017497
159.611615933,0.7302710481373855,1.8241649463010852,0.00618190932469457,0.0,0.0,False,0.0,0.618190932469457,0.0009124671822085539,FUSED,ACCEPTED,ACCEPTED,159.508016716,159.508016716
159.661615933,0.6922582685312927,1.8597281792178104,0.011181909324695708,0.0,0.0,False,0.0,0.0,0.0009124671822085539,MODEL_ONLY,DUPLICATE_OR_OLD,DUPLICATE_OR_OLD,159.508016716,159.508016716
159.711615933,0.6152040637494713,1.8924147375248184,0.006180568851574055,0.0,0.0,False,0.0,0.6180568851574053,-0.02330381721832581,FUSED,ACCEPTED,ACCEPTED,159.630020653,159.630020653
159.761615933,0.5723664784710184,1.9221040010803374,0.011180568851575192,0.0,0.0,False,0.0,0.0,-0.02330381721832581,MODEL_ONLY,DUPLICATE_OR_OLD,DUPLICATE_OR_OLD,159.630020653,159.630020653
159.811615933,0.5047997491905523,1.9490331567718828,0.0061803732926154886,0.0,0.0,False,0.0,0.6180373292615489,-0.03277875385190975,FUSED,ACCEPTED,ACCEPTED,159.7299896,159.7299896
159.861615933,0.4584968513024704,1.9731155717842,0.011180373292613784,0.0,0.0,False,0.0,0.0,-0.03277875385190975,MODEL_ONLY,DUPLICATE_OR_OLD,DUPLICATE_OR_OLD,159.7299896,159.7299896
159.911615933,0.39625577043645527,1.9944843873276779,0.006180344761233469,0.0,0.0,False,0.0,0.6180344761233467,-0.03277875385190975,FUSED,ACCEPTED,ACCEPTED,159.835990377,159.835990377
159.961615933,0.34777093100903345,2.013085054863809,0.011180344761231763,0.0,0.0,False,0.0,0.0,-0.03277875385190975,MODEL_ONLY,DUPLICATE_OR_OLD,DUPLICATE_OR_OLD,159.835990377,159.835990377
160.011615933,0.2755731797325862,2.0286686576323527,0.0061803405985670174,0.0,0.0,False,0.0,0.6180340598567017,-0.03277875385190975,FUSED,ACCEPTED,ACCEPTED,159.922075464,159.922075464
160.061615933,0.22533571525321128,2.0411913800070005,0.011180340598568154,0.0,0.0,False,0.0,0.0,-0.03277875385190975,MODEL_ONLY,DUPLICATE_OR_OLD,DUPLICATE_OR_OLD,159.922075464,159.922075464
160.111615933,0.17159793684844804,2.0511147213095384,0.0061803399912422965,0.0,0.0,False,0.0,0.6180339991242295,-0.03277875385190975,FUSED,ACCEPTED,ACCEPTED,160.039988884,160.039988884
160.161615933,0.12118873329188737,2.058434388063049,0.011180339991243434,0.0,0.0,False,0.0,0.0,-0.03277875385190975,MODEL_ONLY,DUPLICATE_OR_OLD,DUPLICATE_OR_OLD,160.039988884,160.039988884
160.211615933,0.06528845340839128,2.063096317730554,0.006180339902634817,0.0,0.0,False,0.0,0.6180339902634816,-0.03277875385190975,FUSED,ACCEPTED,ACCEPTED,160.116049912,160.116049912
160.261615933,0.01728701279254166,2.065160704385578,0.011180339902635953,0.0,0.0,False,0.0,0.0,-0.03277875385190975,MODEL_ONLY,DUPLICATE_OR_OLD,DUPLICATE_OR_OLD,160.116049912,160.116049912
160.311615933,0.07631810821974322,2.067500832410886,0.006180339889707575,0.0,0.0,False,0.0,0.6180339889707573,-0.03277875385190975,FUSED,ACCEPTED,ACCEPTED,160.221992449,160.221992449
160.361615933,0.033924783348528297,2.070256904700092,0.011180339889705869,0.0,0.0,False,0.0,0.0,-0.03277875385190975,MODEL_ONLY,DUPLICATE_OR_OLD,DUPLICATE_OR_OLD,160.221992449,160.221992449
160.411615933,0.0,2.0711050242838054,0.0061803398878211,0.0,0.0,False,0.0,0.61803398878211,-0.03277875385190975,FUSED,ACCEPTED,ACCEPTED,160.316139201,160.316139201
160.461615933,-0.03346549525547894,2.0702683869024185,0.011180339887819395,0.0,0.0,False,0.0,0.0,-0.03277875385190975,MODEL_ONLY,DUPLICATE_OR_OLD,DUPLICATE_OR_OLD,160.316139201,160.316139201
160.511615933,-0.051304549340647265,2.068149135787515,0.006180339887545868,0.0,0.0,False,0.0,0.6180339887545867,-0.03277875385190975,FUSED,ACCEPTED,ACCEPTED,160.432116025,160.432116025
160.561615933,-0.07572264733672385,2.0649734558705797,0.011180339887547006,0.0,0.0,False,0.0,0.0,-0.03277875385190975,MODEL_ONLY,DUPLICATE_OR_OLD,DUPLICATE_OR_OLD,160.432116025,160.432116025
160.611615933,-0.05920531838536185,2.061600256727529,0.006180339887505711,0.0,0.0,False,0.0,0.618033988750571,-0.03277875385190975,FUSED,ACCEPTED,ACCEPTED,160.52000655,160.52000655
160.661615933,-0.07654817088044664,2.058206419495883,0.011180339887506848,0.0,0.0,False,0.0,0.0,-0.03277875385190975,MODEL_ONLY,DUPLICATE_OR_OLD,DUPLICATE_OR_OLD,160.52000655,160.52000655
160.711615933,-0.05047092156559279,2.0550309421847333,0.006180339887499853,0.0,0.0,False,0.0,0.6180339887499853,-0.03277875385190975,FUSED,ACCEPTED,ACCEPTED,160.622009728,160.622009728
160.761615933,-0.06293261352352658,2.0521958538075045,0.01118033988750099,0.0,0.0,False,0.0,0.0,-0.03277875385190975,MODEL_ONLY,DUPLICATE_OR_OLD,DUPLICATE_OR_OLD,160.622009728,160.622009728
160.811615933,-0.03807739487012275,2.0496706035976624,0.006180339887499413,0.0,0.0,False,0.0,0.6180339887499412,-0.03277875385190975,FUSED,ACCEPTED,ACCEPTED,160.73200401,160.73200401
160.861615933,-0.04717904186370714,2.047539192679318,0.011180339887497708,0.0,0.0,False,0.0,0.0,-0.03277875385190975,MODEL_ONLY,DUPLICATE_OR_OLD,DUPLICATE_OR_OLD,160.73200401,160.73200401
160.911615933,0.0,2.046359716632725,0.0061803398874989346,0.0,0.0,False,0.0,0.0,0.0,STOPPED,ACCEPTED,ACCEPTED,160.844002737,160.844002737
160.961615933,0.0,2.046359716632725,0.01118033988749723,0.0,0.0,False,0.0,0.0,0.0,STOPPED,DUPLICATE_OR_OLD,DUPLICATE_OR_OLD,160.844002737,160.844002737
161.011615933,0.0,2.046359716632725,0.006180339887498864,0.0,0.0,False,0.0,0.0,0.0,STOPPED,ACCEPTED,ACCEPTED,160.92604141,160.92604141
161.061615933,0.0,2.046359716632725,0.011180339887500002,0.0,0.0,False,0.0,0.0,0.0,STOPPED,DUPLICATE_OR_OLD,DUPLICATE_OR_OLD,160.92604141,160.92604141
161.111615933,0.0,2.046359716632725,0.006180339887498854,0.0,0.0,False,0.0,0.0,0.0,STOPPED,ACCEPTED,ACCEPTED,161.02005649,161.02005649
161.161615933,0.0,2.046359716632725,0.011180339887499991,0.0,0.0,False,0.0,0.0,0.0,STOPPED,DUPLICATE_OR_OLD,DUPLICATE_OR_OLD,161.02005649,161.02005649
161.211615933,0.0,2.046359716632725,0.006180339887498852,0.0,0.0,False,0.0,0.0,0.0,STOPPED,ACCEPTED,ACCEPTED,161.120010543,161.120010543
161.261615933,0.0,2.046359716632725,0.01118033988749999,0.0,0.0,False,0.0,0.0,0.0,STOPPED,DUPLICATE_OR_OLD,DUPLICATE_OR_OLD,161.120010543,161.120010543
161.311615933,0.00041978424645324256,2.0463702112388864,0.006180339887499267,0.0,0.0,False,0.0,0.6180339887499267,0.0,FUSED,ACCEPTED,ACCEPTED,161.230049221,161.230049221
161.361615933,0.002480951755050864,2.046442729638924,0.011180339887497562,0.0,0.0,False,0.0,0.0,0.0,MODEL_ONLY,DUPLICATE_OR_OLD,DUPLICATE_OR_OLD,161.230049221,161.230049221
161.411615933,0.0020500786305412727,2.0465560053985636,0.006180339887498913,0.0,0.0,False,0.0,0.6180339887498912,0.0,FUSED,ACCEPTED,ACCEPTED,161.317985114,161.317985114
161.461615933,0.005692064678605662,2.046749558981292,0.011180339887497209,0.0,0.0,False,0.0,0.0,0.0,MODEL_ONLY,DUPLICATE_OR_OLD,DUPLICATE_OR_OLD,161.317985114,161.317985114
161.511615933,0.004185640934515401,2.0469965016216203,0.006180339887498861,0.0,0.0,False,0.0,0.618033988749886,0.0,FUSED,ACCEPTED,ACCEPTED,161.431996591,161.431996591
161.561615933,0.01094321904393045,2.0473747231210817,0.011180339887499998,0.0,0.0,False,0.0,0.0,0.0,MODEL_ONLY,DUPLICATE_OR_OLD,DUPLICATE_OR_OLD,161.431996591,161.431996591
161.611615933,0.007222430481885585,2.047828864359227,0.006180339887498853,0.0,0.0,False,0.0,0.6180339887498852,0.0,FUSED,ACCEPTED,ACCEPTED,161.517996873,161.517996873
161.661615933,0.01637726808352391,2.0484188568233623,0.011180339887499991,0.0,0.0,False,0.0,0.0,0.0,MODEL_ONLY,DUPLICATE_OR_OLD,DUPLICATE_OR_OLD,161.517996873,161.517996873
161.711615933,0.010090616844948504,2.049080553946574,0.006180339887498852,0.0,0.0,False,0.0,0.6180339887498851,0.0,FUSED,ACCEPTED,ACCEPTED,161.625979034,161.625979034
161.761615933,0.021780952641859544,2.0498773431837445,0.01118033988749999,0.0,0.0,False,0.0,0.0,0.0,MODEL_ONLY,DUPLICATE_OR_OLD,DUPLICATE_OR_OLD,161.625979034,161.625979034
161.811615933,0.026608865283922912,2.0510870886318893,0.006180339887499267,0.0,0.0,False,0.0,0.6180339887499267,0.0,FUSED,ACCEPTED,ACCEPTED,161.727990251,161.727990251
161.861615933,0.04085460606997246,2.0527736754157364,0.011180339887497562,0.0,0.0,False,0.0,0.0,0.0,MODEL_ONLY,DUPLICATE_OR_OLD,DUPLICATE_OR_OLD,161.727990251,161.727990251
161.911615933,0.03963445084591795,2.054785901838634,0.006180339887498913,0.0,0.0,False,0.0,0.6180339887498912,0.0,FUSED,ACCEPTED,ACCEPTED,161.814047962,161.814047962
161.961615933,0.05585376447878747,2.0571731072217507,0.011180339887497209,0.0,0.0,False,0.0,0.0,0.0,MODEL_ONLY,DUPLICATE_OR_OLD,DUPLICATE_OR_OLD,161.814047962,161.814047962
162.011615933,0.04309157708870548,2.0596467407609387,0.006180339887498861,0.0,0.0,False,0.0,0.618033988749886,0.0,FUSED,ACCEPTED,ACCEPTED,161.937995673,161.937995673
162.061615933,0.06083812839687572,2.0622449833980787,0.011180339887499998,0.0,0.0,False,0.0,0.0,0.0,MODEL_ONLY,DUPLICATE_OR_OLD,DUPLICATE_OR_OLD,161.937995673,161.937995673
162.111615933,0.04984854745828145,2.0650121502944567,0.006180339887498853,0.0,0.0,False,0.0,0.6180339887498852,0.0,FUSED,ACCEPTED,ACCEPTED,162.023986685,162.023986685
162.161615933,0.06877806402561756,2.067977815581555,0.011180339887499991,0.0,0.0,False,0.0,0.0,0.0,MODEL_ONLY,DUPLICATE_OR_OLD,DUPLICATE_OR_OLD,162.023986685,162.023986685
162.211615933,0.05390420365132827,2.0710448722734776,0.006180339887498852,0.0,0.0,False,0.0,0.6180339887498851,0.0,FUSED,ACCEPTED,ACCEPTED,162.126000733,162.126000733
162.261615933,0.07375043248980842,2.0742362381770065,0.01118033988749999,0.0,0.0,False,0.0,0.0,0.0,MODEL_ONLY,DUPLICATE_OR_OLD,DUPLICATE_OR_OLD,162.126000733,162.126000733
162.311615933,0.05593626310299425,2.0774784055668274,0.006180339887499267,0.0,0.0,False,0.0,0.6180339887499267,0.0,FUSED,ACCEPTED,ACCEPTED,162.230091925,162.230091925
162.361615933,0.07649302816912011,2.080789137848629,0.011180339887497562,0.0,0.0,False,0.0,0.0,0.0,MODEL_ONLY,DUPLICATE_OR_OLD,DUPLICATE_OR_OLD,162.230091925,162.230091925
162.411615933,0.05887461414387352,2.084173328906455,0.006180339887498913,0.0,0.0,False,0.0,0.6180339887498912,0.0,FUSED,ACCEPTED,ACCEPTED,162.326023671,162.326023671
162.461615933,0.07998216431914569,2.0876447483680285,0.011180339887497209,0.0,0.0,False,0.0,0.0,0.0,MODEL_ONLY,DUPLICATE_OR_OLD,DUPLICATE_OR_OLD,162.326023671,162.326023671
162.511615933,0.061416038237482644,2.091179703431945,0.006180339887498861,0.0,0.0,False,0.0,0.618033988749886,0.0,FUSED,ACCEPTED,ACCEPTED,162.424020419,162.424020419
162.561615933,0.08295055861378646,2.0947888683532274,0.011180339887499998,0.0,0.0,False,0.0,0.0,0.0,MODEL_ONLY,DUPLICATE_OR_OLD,DUPLICATE_OR_OLD,162.424020419,162.424020419
162.611615933,0.10610805467057002,2.0995153336853347,0.006180339887498853,0.0,0.0,False,0.0,0.6180339887498852,0.0,FUSED,ACCEPTED,ACCEPTED,162.521947966,162.521947966
162.661615933,0.1274506127373775,2.105354300370535,0.011180339887499991,0.0,0.0,False,0.0,0.0,0.0,MODEL_ONLY,DUPLICATE_OR_OLD,DUPLICATE_OR_OLD,162.521947966,162.521947966
162.711615933,0.14925393666071562,2.1122719141054844,0.006180339887498852,0.0,0.0,False,0.0,0.6180339887498851,0.0,FUSED,ACCEPTED,ACCEPTED,162.628006664,162.628006664
162.761615933,0.17038560763200103,2.1202629027128044,0.01118033988749999,0.0,0.0,False,0.0,0.0,0.0,MODEL_ONLY,DUPLICATE_OR_OLD,DUPLICATE_OR_OLD,162.628006664,162.628006664
162.811615933,0.20419796744748492,2.1296274920897935,0.006180339887499267,0.0,0.0,False,0.0,0.6180339887499267,0.0,FUSED,ACCEPTED,ACCEPTED,162.739979536,162.739979536
162.861615933,0.22610109084062005,2.1403849685469925,0.011180339887497562,0.0,0.0,False,0.0,0.0,0.0,MODEL_ONLY,DUPLICATE_OR_OLD,DUPLICATE_OR_OLD,162.739979536,162.739979536
162.911615933,0.23006129304297562,2.1517890281440852,0.006180339887498913,0.0,0.0,False,0.0,0.6180339887498912,0.0,FUSED,ACCEPTED,ACCEPTED,162.815982244,162.815982244
162.961615933,0.25280659376224324,2.1638607253142115,0.011180339887497209,0.0,0.0,False,0.0,0.0,0.0,MODEL_ONLY,DUPLICATE_OR_OLD,DUPLICATE_OR_OLD,162.815982244,162.815982244
163.011615933,0.25688175154316134,2.1766029339468496,0.006180339887498861,0.0,0.0,False,0.0,0.618033988749886,0.0,FUSED,ACCEPTED,ACCEPTED,162.923954114,162.923954114
163.061615933,0.2802392601865059,2.190030959240094,0.011180339887499998,0.0,0.0,False,0.0,0.0,0.0,MODEL_ONLY,DUPLICATE_OR_OLD,DUPLICATE_OR_OLD,162.923954114,162.923954114
163.111615933,0.29428018243745,2.2043939453056884,0.006180339887498853,0.0,0.0,False,0.0,0.6180339887498852,0.0,FUSED,ACCEPTED,ACCEPTED,163.022024353,163.022024353
163.161615933,0.31806977540807935,2.21970269425183,0.011180339887499991,0.0,0.0,False,0.0,0.0,0.0,MODEL_ONLY,DUPLICATE_OR_OLD,DUPLICATE_OR_OLD,163.022024353,163.022024353
163.211615933,0.32132543140148007,2.2356875744220637,0.006180339887498852,0.0,0.0,False,0.0,0.6180339887498851,0.0,FUSED,ACCEPTED,ACCEPTED,163.125999343,163.125999343
163.261615933,0.34547926346183794,2.2523576917936503,0.01118033988749999,0.0,0.0,False,0.0,0.0,0.0,MODEL_ONLY,DUPLICATE_OR_OLD,DUPLICATE_OR_OLD,163.125999343,163.125999343
163.311615933,0.3697577425618596,2.270238616944247,0.016180339887501127,0.0,0.0,False,0.0,0.0,0.0,MODEL_ONLY,DUPLICATE_OR_OLD,DUPLICATE_OR_OLD,163.125999343,163.125999343
163.361615933,0.39415048425394655,2.2893363226146355,0.02118033988749942,0.0,0.0,False,0.0,0.0,0.0,MODEL_ONLY,DUPLICATE_OR_OLD,DUPLICATE_OR_OLD,163.125999343,163.125999343
163.411615933,0.3938170262503454,2.3090355103772473,0.007236067977499913,0.0,0.0,False,0.0,0.7236067977499911,0.0,FUSED,ACCEPTED,ACCEPTED,163.337954267,163.337954267
163.461615933,0.4184364186251855,2.3293418464991285,0.012236067977498207,0.0,0.0,False,0.0,0.0,0.0,MODEL_ONLY,DUPLICATE_OR_OLD,DUPLICATE_OR_OLD,163.337954267,163.337954267
163.511615933,0.43292988887686634,2.3506260041866844,0.006328398060887004,0.0,0.0,False,0.0,0.6328398060887003,0.0,FUSED,ACCEPTED,ACCEPTED,163.429954486,163.429954486
163.561615933,0.458620937778592,2.372914774853076,0.011328398060888142,0.0,0.0,False,0.0,0.0,0.0,MODEL_ONLY,DUPLICATE_OR_OLD,DUPLICATE_OR_OLD,163.429954486,163.429954486
163.611615933,0.47661484149489564,2.396295669334905,0.006201819808074068,0.0,0.0,False,0.0,0.6201819808074067,0.0,FUSED,ACCEPTED,ACCEPTED,163.529963532,163.529963532
163.661615933,0.5031364077754087,2.420789450566668,0.011201819808075206,0.0,0.0,False,0.0,0.0,0.0,MODEL_ONLY,DUPLICATE_OR_OLD,DUPLICATE_OR_OLD,163.529963532,163.529963532
163.711615933,0.5336358664330543,2.4467087574218707,0.006183471196562186,0.0,0.0,False,0.0,0.6183471196562185,0.0,FUSED,ACCEPTED,ACCEPTED,163.614012086,163.614012086
163.761615933,0.5616124240662241,2.4740899646843593,0.011183471196563323,0.0,0.0,False,0.0,0.0,0.0,MODEL_ONLY,DUPLICATE_OR_OLD,DUPLICATE_OR_OLD,163.614012086,163.614012086
163.811615933,0.58710814627119,2.502807978942801,0.006180796684699277,0.0,0.0,False,0.0,0.6180796684699276,-0.017909274922799298,FUSED,ACCEPTED,ACCEPTED,163.732012344,163.732012344
163.861615933,0.6157142707603744,2.5328785393685798,0.011180796684697573,0.0,0.0,False,0.0,0.0,-0.017909274922799298,MODEL_ONLY,DUPLICATE_OR_OLD,DUPLICATE_OR_OLD,163.732012344,163.732012344
163.911615933,0.6460952389857859,2.564423777112241,0.006180406532149395,0.0,0.0,False,0.0,0.6180406532149394,-0.015503643564810463,FUSED,ACCEPTED,ACCEPTED,163.815971063,163.815971063
163.961615933,0.6763547603926114,2.5974850270966896,0.011180406532147691,0.0,0.0,False,0.0,0.0,-0.015503643564810463,MODEL_ONLY,DUPLICATE_OR_OLD,DUPLICATE_OR_OLD,163.815971063,163.815971063
164.011615933,0.7018212895168668,2.631939428344434,0.006180349610797575,0.0,0.0,False,0.0,0.6180349610797573,-0.03828342313353457,FUSED,ACCEPTED,ACCEPTED,163.936058261,163.936058261
164.061615933,0.7321316144454157,2.6677882509434996,0.011180349610798713,0.0,0.0,False,0.0,0.0,-0.03828342313353457,MODEL_ONLY,DUPLICATE_OR_OLD,DUPLICATE_OR_OLD,163.936058261,163.936058261
164.111615933,0.7751097066343527,2.705469283970481,0.00618034130610849,0.0,0.0,False,0.0,0.618034130610849,0.0006651033728570649,FUSED,ACCEPTED,ACCEPTED,164.021928407,164.021928407
164.161615933,0.8089784355925941,2.7450714875261637,0.011180341306109627,0.0,0.0,False,0.0,0.0,0.0006651033728570649,MODEL_ONLY,DUPLICATE_OR_OLD,DUPLICATE_OR_OLD,164.021928407,164.021928407
164.211615933,0.8565672113465437,2.7867101286996276,0.006180340094471198,0.0,0.0,False,0.0,0.6180340094471197,0.013652651607807882,FUSED,ACCEPTED,ACCEPTED,164.115938423,164.115938423
164.261615933,0.8923351329099639,2.8304326873060504,0.011180340094472335,0.0,0.0,False,0.0,0.0,0.013652651607807882,MODEL_ONLY,DUPLICATE_OR_OLD,DUPLICATE_OR_OLD,164.115938423,164.115938423
164.311615933,0.9369956939736339,2.876165957978151,0.006180339917696125,0.0,0.0,False,0.0,0.6180339917696124,0.01657056143184156,FUSED,ACCEPTED,ACCEPTED,164.224024603,164.224024603
164.361615933,0.973878936061272,2.9239378237290072,0.01118033991769442,0.0,0.0,False,0.0,0.0,0.01657056143184156,MODEL_ONLY,DUPLICATE_OR_OLD,DUPLICATE_OR_OLD,164.224024603,164.224024603
164.411615933,1.0308610849319249,2.9740563242538487,0.0061803398919045745,0.0,0.0,False,0.0,0.6180339891904574,0.06124106999072843,FUSED,ACCEPTED,ACCEPTED,164.319938794,164.319938794
164.461615933,1.0710723105014002,3.026604659139664,0.011180339891902868,0.0,0.0,False,0.0,0.0,0.06124106999072843,MODEL_ONLY,DUPLICATE_OR_OLD,DUPLICATE_OR_OLD,164.319938794,164.319938794
164.511615933,1.1285917906423557,3.0815962616682704,0.006180339888141638,0.0,0.0,False,0.0,0.6180339888141637,0.07502802001134776,FUSED,ACCEPTED,ACCEPTED,164.437929498,164.437929498
164.561615933,1.1706426788563067,3.13907712340575,0.011180339888142776,0.0,0.0,False,0.0,0.0,0.07502802001134776,MODEL_ONLY,DUPLICATE_OR_OLD,DUPLICATE_OR_OLD,164.437929498,164.437929498
164.611615933,1.2420420960411904,3.1993942427781668,0.006180339887592633,0.0,0.0,False,0.0,0.6180339887592632,0.1370310609049013,FUSED,ACCEPTED,ACCEPTED,164.51394235,164.51394235
164.661615933,1.2880849738455886,3.2626474195253508,0.01118033988759377,0.0,0.0,False,0.0,0.0,0.1370310609049013,MODEL_ONLY,DUPLICATE_OR_OLD,DUPLICATE_OR_OLD,164.51394235,164.51394235
164.71161593300002,1.3551422448132397,3.3287280999918365,0.00618033988751295,0.0,0.0,False,0.0,0.6180339887512949,0.15073426441424406,FUSED,ACCEPTED,ACCEPTED,164.620028454,164.620028454
164.761615933,1.4025616848124602,3.397670698232455,0.011180339887511246,0.0,0.0,False,0.0,0.0,0.15073426441424406,MODEL_ONLY,DUPLICATE_OR_OLD,DUPLICATE_OR_OLD,164.620028454,164.620028454
164.811615933,1.45391426274027,3.46908259692129,0.0061803398875009095,0.0,0.0,False,0.0,0.6180339887500909,0.1336554803055205,FUSED,ACCEPTED,ACCEPTED,164.729990613,164.729990613
164.861615933,1.5010157659150904,3.542955847637649,0.011180339887499204,0.0,0.0,False,0.0,0.0,0.1336554803055205,MODEL_ONLY,DUPLICATE_OR_OLD,DUPLICATE_OR_OLD,164.729990613,164.729990613
164.911615933,1.5575332031757592,3.6194195718649373,0.006180339887499152,0.0,0.0,False,0.0,0.6180339887499151,0.15745150211527642,FUSED,ACCEPTED,ACCEPTED,164.821958767,164.821958767
164.96161593300002,1.6062400317398418,3.698513902737845,0.01118033988750029,0.0,0.0,False,0.0,0.0,0.15745150211527642,MODEL_ONLY,DUPLICATE_OR_OLD,DUPLICATE_OR_OLD,164.821958767,164.821958767
165.011615933,1.655118160579168,3.7800478575457928,0.016180339887498583,0.0,0.0,False,0.0,0.0,0.15745150211527642,MODEL_ONLY,DUPLICATE_OR_OLD,DUPLICATE_OR_OLD,164.821958767,164.821958767
165.061615933,1.7041471137535877,3.8640294894041305,0.02118033988749972,0.0,0.0,False,0.0,0.0,0.15745150211527642,MODEL_ONLY,DUPLICATE_OR_OLD,DUPLICATE_OR_OLD,164.821958767,164.821958767
165.111615933,1.7474612791346327,3.9503196992263065,0.00723606797749972,0.0,0.0,False,0.0,0.7236067977499718,0.12875440407477232,FUSED,ACCEPTED,ACCEPTED,165.053926209,165.053926209
165.161615933,1.7953050956322127,4.038888858595498,0.012236067977500858,0.0,0.0,False,0.0,0.0,0.12875440407477232,MODEL_ONLY,DUPLICATE_OR_OLD,DUPLICATE_OR_OLD,165.053926209,165.053926209
165.21161593300002,1.873054646304213,4.1305978521439295,0.006328398060887361,0.0,0.0,False,0.0,0.632839806088736,0.223981050936075,FUSED,ACCEPTED,ACCEPTED,165.115923497,165.115923497
165.261615933,1.9258533821834112,4.225570552856087,0.011328398060885656,0.0,0.0,False,0.0,0.0,0.223981050936075,MODEL_ONLY,DUPLICATE_OR_OLD,DUPLICATE_OR_OLD,165.115923497,165.115923497
165.311615933,1.9604287979625679,4.3227276073597585,0.00620181980807412,0.0,0.0,False,0.0,0.6201819808074118,0.1226854050262064,FUSED,ACCEPTED,ACCEPTED,165.224059513,165.224059513
165.361615933,2.0083128243601793,4.421946147917794,0.011201819808072415,0.0,0.0,False,0.0,0.0,0.1226854050262064,MODEL_ONLY,DUPLICATE_OR_OLD,DUPLICATE_OR_OLD,165.224059513,165.224059513
165.411615933,2.0707647998395657,4.52392308852281,0.006183471196562193,0.0,0.0,False,0.0,0.6183471196562191,0.2018474443247838,FUSED,ACCEPTED,ACCEPTED,165.313929374,165.313929374
165.46161593300002,2.1227232678057804,4.628760290213968,0.01118347119656333,0.0,0.0,False,0.0,0.0,0.2018474443247838,MODEL_ONLY,DUPLICATE_OR_OLD,DUPLICATE_OR_OLD,165.313929374,165.313929374
165.511615933,2.168218681960547,4.736033838958089,0.006180796684698864,0.0,0.0,False,0.0,0.6180796684698862,0.15309772266804614,FUSED,ACCEPTED,ACCEPTED,165.435905819,165.435905819
165.561615933,2.134150854588449,4.843593077371838,0.011180796684700001,0.0,0.0,False,0.0,0.0,0.15309772266804614,MODEL_ONLY,RATE_ANOMALY,RATE_ANOMALY,165.546252476,165.546252476
165.611615933,2.183799205701977,4.951541828879062,0.016180796684698295,0.0,0.0,False,0.0,0.0,0.15309772266804614,MODEL_ONLY,DUPLICATE_OR_OLD,DUPLICATE_OR_OLD,165.546252476,165.546252476
165.661615933,2.2334802928352526,5.061973816342518,0.02118079668469943,0.0,0.0,False,0.0,0.0,0.15309772266804614,MODEL_ONLY,DUPLICATE_OR_OLD,DUPLICATE_OR_OLD,165.546252476,165.546252476
165.71161593300002,2.283190202932138,5.174890578736728,0.026180796684700566,0.0,0.0,False,0.0,0.0,0.15309772266804614,MODEL_ONLY,MODEL_DISAGREEMENT,MODEL_DISAGREEMENT,165.621925429,165.621925429
165.761615933,2.3329254906783143,5.29029347107695,0.03118079668469886,0.0,0.0,False,0.0,0.0,0.15309772266804614,MODEL_ONLY,DUPLICATE_OR_OLD,DUPLICATE_OR_OLD,165.621925429,165.621925429
165.811615933,2.382683122590521,5.408183686408698,0.06775018183693252,0.007771769350671164,0.15543538701338794,True,0.03156938515223251,0.0,0.15309772266804614,MODEL_ONLY,MODEL_DISAGREEMENT,MODEL_DISAGREEMENT,165.727915783,165.727915783
165.861615933,2.432460427788719,5.528562275168138,0.07391594723953086,0.01554353870133791,0.15543538701338794,True,0.0011657654026000562,0.0,0.15309772266804614,MODEL_ONLY,DUPLICATE_OR_OLD,DUPLICATE_OR_OLD,165.727915783,165.727915783
165.911615933,2.482255054653028,5.65143016222921,0.08085888957719979,0.023315308052009074,0.15543538701338794,True,0.001942942337667791,0.0,0.15309772266804614,MODEL_ONLY,MODEL_DISAGREEMENT,MODEL_DISAGREEMENT,165.833934666,165.833934666
165.96161593300002,2.5320649326612177,5.776788161912095,0.08857900884993601,0.031087077402680238,0.15543538701338794,True,0.002720119272735084,0.0,0.15309772266804614,MODEL_ONLY,DUPLICATE_OR_OLD,DUPLICATE_OR_OLD,165.833934666,165.833934666
166.011615933,2.5818882387881525,5.904636991198286,0.09707630505773447,0.038858846753346984,0.15543538701338794,True,0.0034972962078001686,0.0,0.15309772266804614,MODEL_ONLY,MODEL_DISAGREEMENT,MODEL_DISAGREEMENT,165.93193433,165.93193433
166.061615933,2.63172336792165,6.034977281366061,0.10635077820060485,0.04663061610401815,0.15543538701338794,True,0.004274473142869229,0.0,0.15309772266804614,MODEL_ONLY,MODEL_DISAGREEMENT,MODEL_DISAGREEMENT,166.047985892,166.047985892
166.111615933,2.6815689068143587,6.167809588234416,0.11640242827853657,0.05440238545468489,0.15543538701338794,True,0.005051650077933429,0.0,0.15309772266804614,MODEL_ONLY,DUPLICATE_OR_OLD,DUPLICATE_OR_OLD,166.047985892,166.047985892
166.161615933,2.7310809525472086,6.303125834718486,0.12723125529154108,0.062174154805356055,0.15543538701338794,True,0.005828827013003373,0.0,0.15309772266804614,MODEL_ONLY,DUPLICATE_OR_OLD,DUPLICATE_OR_OLD,166.047985892,166.047985892
166.21161593300002,2.7802993687797772,6.440910342751692,0.1388372592396129,0.06994592415602723,0.15543538701338794,True,0.006606003948070666,0.0,0.15309772266804614,MODEL_ONLY,MODEL_DISAGREEMENT,MODEL_DISAGREEMENT,166.131908074,166.131908074
166.261615933,2.829259254122315,6.581149308324196,0.15122044012274471,0.07771769350669397,0.15543538701338794,True,0.007383180883133542,0.0,0.15309772266804614,MODEL_ONLY,DUPLICATE_OR_OLD,DUPLICATE_OR_OLD,166.131908074,166.131908074
166.311615933,2.877991511719638,6.723830577470277,0.16438079794095067,0.08548946285736514,0.15543538701338794,True,0.008160357818204811,0.0,0.15309772266804614,MODEL_ONLY,MODEL_DISAGREEMENT,MODEL_DISAGREEMENT,166.225913647,166.225913647
166.361615933,2.926523350750301,6.868943449031977,0.17831833269421576,0.09326123220803188,0.15543538701338794,True,0.008937534753266804,0.0,0.15309772266804614,MODEL_ONLY,DUPLICATE_OR_OLD,DUPLICATE_OR_OLD,166.225913647,166.225913647
166.411615933,2.974878727980133,7.016478501000271,0.19303304438255586,0.10103300155870305,0.15543538701338794,True,0.009714711688338954,0.0,0.15309772266804614,MODEL_ONLY,MODEL_DISAGREEMENT,MODEL_DISAGREEMENT,166.319913335,166.319913335
166.46161593300002,3.0227130613299646,7.166418295733058,0.20852493300596325,0.10880477090937422,0.15543538701338794,True,0.010491888623406248,0.0,0.15309772266804614,MODEL_ONLY,DUPLICATE_OR_OLD,DUPLICATE_OR_OLD,166.319913335,166.319913335
166.511615933,3.220088633084293,7.322488338093361,0.22479399856442844,0.11657654026004097,0.15543538701338794,True,0.011269065558466917,0.0,0.15309772266804614,REACQUIRING,REACQUIRE_ACCEPTED,REACQUIRE_ACCEPTED,166.427990139,166.427990139
166.561615933,3.267060280697972,7.484667060937955,0.24184024105796997,0.12434830961071214,0.15543538701338794,True,0.012046242493540393,0.0,0.15309772266804614,MODEL_ONLY,DUPLICATE_OR_OLD,DUPLICATE_OR_OLD,166.427990139,166.427990139
166.611615933,3.4636762867038047,7.652935475122942,0.2596636604865684,0.1321200789613789,0.15543538701338794,True,0.012823419428600179,0.0,0.15309772266804614,REACQUIRING,REACQUIRE_ACCEPTED,REACQUIRE_ACCEPTED,166.529898163,166.529898163
166.661615933,3.5095849018851997,7.827267004837707,0.2782642568502441,0.13989184831205007,0.15543538701338794,True,0.01360059636367454,0.0,0.15309772266804614,MODEL_ONLY,DUPLICATE_OR_OLD,DUPLICATE_OR_OLD,166.529898163,166.529898163
166.71161593300002,3.70487068325986,8.007628394466375,0.29764203014898705,0.14766361766272124,0.15543538701338794,True,0.014377773298741833,0.0,0.15309772266804614,REACQUIRING,REACQUIRE_ACCEPTED,REACQUIRE_ACCEPTED,166.643904456,166.643904456
166.761615933,3.749608080435272,8.19399036355869,0.31779698038278564,0.155435387013388,0.15543538701338794,True,0.015154950233800292,0.0,0.15309772266804614,MODEL_ONLY,DUPLICATE_OR_OLD,DUPLICATE_OR_OLD,166.643904456,166.643904456
166.811615933,3.793862643784566,8.382577131664227,0.33872910755166274,0.16320715636405916,0.15543538701338794,True,0.01593212716887598,0.0,0.15309772266804614,MODEL_ONLY,RATE_ANOMALY,RATE_ANOMALY,166.735902683,166.735902683
166.861615933,3.837692088204444,8.573365999963888,0.3604384116555946,0.17097892571472592,0.15543538701338794,True,0.016709304103933554,0.0,0.15309772266804614,MODEL_ONLY,DUPLICATE_OR_OLD,DUPLICATE_OR_OLD,166.735902683,166.735902683
166.911615933,3.3500509063564827,8.753059574827953,0.017703210778736666,0.008263921442454162,0.15543538701338794,True,0.017486481039010127,0.9537684514209539,0.15309772266804614,FUSED,ACCEPTED,ACCEPTED,166.829934027,166.829934027
166.96161593300002,3.393176486762948,8.921640259655977,0.023918191390517055,0.016035690793125328,0.15543538701338794,True,0.0012149806117792506,0.0,0.15309772266804614,MODEL_ONLY,DUPLICATE_OR_OLD,DUPLICATE_OR_OLD,166.829934027,166.829934027
167.011615933,3.406953949342335,9.09164352055855,0.007555630724315896,0.005819422410755926,0.15543538701338794,False,0.0019921575468451907,0.7555630724315894,0.13844382350410522,FUSED,ACCEPTED,ACCEPTED,166.925960176,166.925960176
167.061615933,3.4479904654738056,9.263017130928993,0.012555630724317033,0.005819422410755926,0.15543538701338794,False,0.0,0.0,0.13844382350410522,MODEL_ONLY,DUPLICATE_OR_OLD,DUPLICATE_OR_OLD,166.925960176,166.925960176
167.111615933,3.47951303434544,9.436204718424415,0.006370977641540278,0.005819422410755926,0.15543538701338794,False,0.0,0.6370977641540277,0.14554383349514977,FUSED,ACCEPTED,ACCEPTED,167.015937061,167.015937061
167.161615933,3.5198530650426356,9.611188870909157,0.011370977641541415,0.005819422410755926,0.15543538701338794,False,0.0,0.0,0.14554383349514977,MODEL_ONLY,DUPLICATE_OR_OLD,DUPLICATE_OR_OLD,167.015937061,167.015937061
167.21161593300002,3.54487753166107,9.787807135826789,0.006207952493863229,0.005819422410755926,0.15543538701338794,False,0.0,0.6207952493863227,0.11216888926715729,FUSED,ACCEPTED,ACCEPTED,167.115903056,167.115903056
167.261615933,3.5827336812040866,9.965997416148356,0.011207952493861525,0.005819422410755926,0.15543538701338794,False,0.0,0.0,0.11216888926715729,MODEL_ONLY,DUPLICATE_OR_OLD,DUPLICATE_OR_OLD,167.115903056,167.115903056
167.311615933,3.653699057538594,10.146908234616964,0.006184364267929064,0.005819422410755926,0.15543538701338794,False,0.0,0.6184364267929063,0.09732470218343296,FUSED,ACCEPTED,ACCEPTED,167.231891429,167.231891429
167.361615933,3.690181088803816,10.330505238275462,0.01118436426792736,0.005819422410755926,0.15543538701338794,False,0.0,0.0,0.09732470218343296,MODEL_ONLY,DUPLICATE_OR_OLD,DUPLICATE_OR_OLD,167.231891429,167.231891429
167.411615933,3.7233268533621855,10.515842936829653,0.00618092694644936,0.005819422410755926,0.15543538701338794,False,0.0,0.6180926946449358,0.05812157644043438,FUSED,ACCEPTED,ACCEPTED,167.313889478,167.313889478
167.46161593300002,3.756453768531361,10.702837452377034,0.011180926946450497,0.005819422410755926,0.15543538701338794,False,0.0,0.0,0.05812157644043438,MODEL_ONLY,DUPLICATE_OR_OLD,DUPLICATE_OR_OLD,167.313889478,167.313889478
167.511615933,3.7858167547002757,10.891394215457762,0.006180425536324867,0.005819422410755926,0.15543538701338794,False,0.0,0.6180425536324866,0.0639007924774698,FUSED,ACCEPTED,ACCEPTED,167.433911754,167.433911754
167.561615933,3.8181512285788455,11.081493415039782,0.011180425536326005,0.005819422410755926,0.15543538701338794,False,0.0,0.0,0.0639007924774698,MODEL_ONLY,DUPLICATE_OR_OLD,DUPLICATE_OR_OLD,167.433911754,167.433911754
167.611615933,3.8580622060825522,11.273398750906251,0.0061803523834532805,0.005819422410755926,0.15543538701338794,False,0.0,0.6180352383453279,0.09841213765197401,FUSED,ACCEPTED,ACCEPTED,167.517910038,167.517910038
167.661615933,3.8902390801695295,11.467106283062598,0.011180352383454419,0.005819422410755926,0.15543538701338794,False,0.0,0.0,0.09841213765197401,MODEL_ONLY,DUPLICATE_OR_OLD,DUPLICATE_OR_OLD,167.517910038,167.517910038
167.71161593300002,3.8947628773911225,11.661731332001658,0.006180341710633577,0.005819422410755926,0.15543538701338794,False,0.0,0.6180341710633577,0.011152502809933434,FUSED,ACCEPTED,ACCEPTED,167.617930192,167.617930192
167.761615933,3.9211168991535867,11.857128326415209,0.011180341710631873,0.005819422410755926,0.15543538701338794,False,0.0,0.0,0.011152502809933434,MODEL_ONLY,DUPLICATE_OR_OLD,DUPLICATE_OR_OLD,167.617930192,167.617930192
167.811615933,3.9441664880972764,12.053760411096524,0.006180340153490606,0.005819422410755926,0.15543538701338794,False,0.0,0.6180340153490604,0.053205290913677955,FUSED,ACCEPTED,ACCEPTED,167.727886554,167.727886554
167.861615933,3.9714914269798642,12.251651858973386,0.0111803401534889,0.005819422410755926,0.15543538701338794,False,0.0,0.0,0.053205290913677955,MODEL_ONLY,DUPLICATE_OR_OLD,DUPLICATE_OR_OLD,167.727886554,167.727886554
167.911615933,3.9795589134584373,12.450428117484389,0.006180339926306526,0.005819422410755926,0.15543538701338794,False,0.0,0.6180339926306524,0.004306939497341622,FUSED,ACCEPTED,ACCEPTED,167.835889984,167.835889984
167.96161593300002,3.9865219178813014,12.649580138267929,0.005278640458655149,0.005819422410755926,0.15543538701338794,False,0.0,0.5278640458655148,-0.020538961917719343,FUSED,ACCEPTED,ACCEPTED,167.913878948,167.913878948
168.011615933,4.007104774414467,12.849420805575255,0.010278640458653444,0.005819422410755926,0.15543538701338794,False,0.0,0.0,-0.020538961917719343,MODEL_ONLY,DUPLICATE_OR_OLD,DUPLICATE_OR_OLD,167.913878948,167.913878948
168.061615933,4.026902478442487,13.050270986896725,0.015278640458654581,0.005819422410755926,0.15543538701338794,False,0.0,0.0,-0.020538961917719343,MODEL_ONLY,DUPLICATE_OR_OLD,DUPLICATE_OR_OLD,167.913878948,167.913878948
168.111615933,3.998459355858316,13.250905032754178,0.006697341806460717,0.005819422410755926,0.15543538701338794,False,0.0,0.6697341806460715,-0.11279785055047248,FUSED,ACCEPTED,ACCEPTED,168.021907829,168.021907829
168.161615933,3.990050598827032,13.450617781621357,0.005391140495827088,0.005819422410755926,0.15543538701338794,False,0.0,0.5391140495827086,-0.12163333282922438,FUSED,ACCEPTED,ACCEPTED,168.11587231,168.11587231
168.21161593300002,4.0010562192615335,13.650395452073617,0.010391140495828226,0.005819422410755926,0.15543538701338794,False,0.0,0.0,-0.12163333282922438,MODEL_ONLY,DUPLICATE_OR_OLD,DUPLICATE_OR_OLD,168.11587231,168.11587231
168.261615933,4.01080610159611,13.850692010094988,0.01539114049582652,0.005819422410755926,0.15543538701338794,False,0.0,0.0,-0.12163333282922438,MODEL_ONLY,DUPLICATE_OR_OLD,DUPLICATE_OR_OLD,168.11587231,168.11587231
168.311615933,4.016859909283514,14.051383660367026,0.006709567381529207,0.005819422410755926,0.15543538701338794,False,0.0,0.6709567381529205,-0.08273236479930443,FUSED,ACCEPTED,ACCEPTED,168.225934337,168.225934337
168.361615933,4.026475730392308,14.252467051358853,0.011709567381527501,0.005819422410755926,0.15543538701338794,False,0.0,0.0,-0.08273236479930443,MODEL_ONLY,DUPLICATE_OR_OLD,DUPLICATE_OR_OLD,168.225934337,168.225934337
168.411615933,4.0248924664142365,14.45375125627906,0.006256023223005988,0.005819422410755926,0.15543538701338794,False,0.0,0.6256023223005986,-0.10894312693076447,FUSED,ACCEPTED,ACCEPTED,168.335941259,168.335941259
168.46161593300002,4.031585980040013,14.655163217440462,0.011256023223007125,0.005819422410755926,0.15543538701338794,False,0.0,0.0,-0.10894312693076447,MODEL_ONLY,DUPLICATE_OR_OLD,DUPLICATE_OR_OLD,168.335941259,168.335941259
168.511615933,4.031377528992581,14.85673730516621,0.00619135010848176,0.005819422410755926,0.15543538701338794,False,0.0,0.6191350108481759,-0.10727998938914778,FUSED,ACCEPTED,ACCEPTED,168.427971399,168.427971399
168.561615933,4.037915900772549,15.058469640910383,0.011191350108482897,0.005819422410755926,0.15543538701338794,False,0.0,0.0,-0.10727998938914778,MODEL_ONLY,DUPLICATE_OR_OLD,DUPLICATE_OR_OLD,168.427971399,168.427971399
168.611615933,4.038109138280825,15.26037026688665,0.006181945581811824,0.005819422410755926,0.15543538701338794,False,0.0,0.6181945581811823,-0.1234228611378842,FUSED,ACCEPTED,ACCEPTED,168.52603403,168.52603403
168.661615933,4.045229701639118,15.462453737884694,0.011181945581812961,0.005819422410755926,0.15543538701338794,False,0.0,0.0,-0.1234228611378842,MODEL_ONLY,DUPLICATE_OR_OLD,DUPLICATE_OR_OLD,168.52603403,168.52603403
168.71161593300002,4.05735676647942,15.665018399587703,0.006180574140775097,0.005819422410755926,0.15543538701338794,False,0.0,0.6180574140775095,-0.1089203180861882,FUSED,ACCEPTED,ACCEPTED,168.629936882,168.629936882
168.761615933,4.067437155791192,15.868138247644398,0.011180574140773392,0.005819422410755926,0.15543538701338794,False,0.0,0.0,-0.1089203180861882,MODEL_ONLY,DUPLICATE_OR_OLD,DUPLICATE_OR_OLD,168.629936882,168.629936882
168.811615933,4.0828541721484575,16.071895530842934,0.006180374064285453,0.005819422410755926,0.15543538701338794,False,0.0,0.6180374064285452,-0.11309327623709263,FUSED,ACCEPTED,ACCEPTED,168.731998255,168.731998255
168.861615933,4.0949475114754765,16.276340572933464,0.011180374064283748,0.005819422410755926,0.15543538701338794,False,0.0,0.0,-0.11309327623709263,MODEL_ONLY,DUPLICATE_OR_OLD,DUPLICATE_OR_OLD,168.731998255,168.731998255
168.911615933,4.121420239751884,16.481749766714195,0.0061803448738183085,0.005819422410755926,0.15543538701338794,False,0.0,0.6180344873818306,-0.08853955064541112,FUSED,ACCEPTED,ACCEPTED,168.827879538,168.827879538
168.96161593300002,4.1373685854111155,16.688219487343318,0.011180344873819446,0.005819422410755926,0.15543538701338794,False,0.0,0.0,-0.08853955064541112,MODEL_ONLY,DUPLICATE_OR_OLD,DUPLICATE_OR_OLD,168.827879538,168.827879538
169.011615933,4.182010591448759,16.896203966764745,0.006180340614992918,0.005819422410755926,0.15543538701338794,False,0.0,0.6180340614992916,-0.038169586122270956,FUSED,ACCEPTED,ACCEPTED,168.927880302,168.927880302
169.061615933,4.203324908102262,17.105837354253566,0.011180340614994056,0.005819422410755926,0.15543538701338794,False,0.0,0.0,-0.038169586122270956,MODEL_ONLY,DUPLICATE_OR_OLD,DUPLICATE_OR_OLD,168.927880302,168.927880302
169.111615933,4.260214351766603,17.317425835750218,0.006180339993638803,0.005819422410755926,0.15543538701338794,False,0.0,0.6180339993638801,0.011823646492796838,FUSED,ACCEPTED,ACCEPTED,169.027966192,169.027966192
169.161615933,4.286977143981505,17.53110562314397,0.01118033999363994,0.005819422410755926,0.15543538701338794,False,0.0,0.0,0.011823646492796838,MODEL_ONLY,DUPLICATE_OR_OLD,DUPLICATE_OR_OLD,169.027966192,169.027966192
169.21161593300002,4.3339409187471984,17.746628574712236,0.006180339902984878,0.005819422410755926,0.15543538701338794,False,0.0,0.6180339902984875,0.011750551477085078,FUSED,ACCEPTED,ACCEPTED,169.113877537,169.113877537
169.261615933,4.3633517138040006,17.96406089052594,0.011180339902983172,0.005819422410755926,0.15543538701338794,False,0.0,0.0,0.011750551477085078,MODEL_ONLY,DUPLICATE_OR_OLD,DUPLICATE_OR_OLD,169.113877537,169.113877537
169.311615933,4.4165153470056255,18.18355756704623,0.006180339889758232,0.005819422410755926,0.15543538701338794,False,0.0,0.6180339889758232,0.0441517282480194,FUSED,ACCEPTED,ACCEPTED,169.22788624,169.22788624
169.361615933,4.449923786172538,18.40521854537561,0.011180339889756526,0.005819422410755926,0.15543538701338794,False,0.0,0.0,0.0441517282480194,MODEL_ONLY,DUPLICATE_OR_OLD,DUPLICATE_OR_OLD,169.22788624,169.22788624
169.411615933,4.513249022317275,18.629297865587905,0.006180339887828491,0.005819422410755926,0.15543538701338794,False,0.0,0.618033988782849,0.0886266704767221,FUSED,ACCEPTED,ACCEPTED,169.315907821,169.315907821
169.46161593300002,4.55136872051615,18.855913309158794,0.011180339887829628,0.005819422410755926,0.15543538701338794,False,0.0,0.0,0.0886266704767221,MODEL_ONLY,DUPLICATE_OR_OLD,DUPLICATE_OR_OLD,169.315907821,169.315907821
169.511615933,4.595051103330076,19.084573804754868,0.006180339887546946,0.005819422410755926,0.15543538701338794,False,0.0,0.6180339887546945,0.05300072588926248,FUSED,ACCEPTED,ACCEPTED,169.423863081,169.423863081
169.561615933,4.633317875696842,19.315283029230592,0.011180339887548083,0.005819422410755926,0.15543538701338794,False,0.0,0.0,0.05300072588926248,MODEL_ONLY,DUPLICATE_OR_OLD,DUPLICATE_OR_OLD,169.423863081,169.423863081
169.611615933,4.700830604087583,19.548636741225124,0.006180339887505869,0.005819422410755926,0.15543538701338794,False,0.0,0.6180339887505868,0.1283481552758607,FUSED,ACCEPTED,ACCEPTED,169.513883584,169.513883584
169.661615933,4.744968183131118,19.784781710905644,0.011180339887507006,0.005819422410755926,0.15543538701338794,False,0.0,0.0,0.1283481552758607,MODEL_ONLY,DUPLICATE_OR_OLD,DUPLICATE_OR_OLD,169.513883584,169.513883584
169.71161593300002,4.824717133482152,20.02402384382103,0.006180339887500292,0.005819422410755926,0.15543538701338794,False,0.0,0.6180339887500289,0.1758629423808184,FUSED,ACCEPTED,ACCEPTED,169.644003501,169.644003501
169.761615933,4.872861078957138,20.26646329913193,0.011180339887498586,0.005819422410755926,0.15543538701338794,False,0.0,0.0,0.1758629423808184,MODEL_ONLY,DUPLICATE_OR_OLD,DUPLICATE_OR_OLD,169.644003501,169.644003501
169.811615933,4.930499773540981,20.51154732044444,0.006180339887499062,0.005819422410755926,0.15543538701338794,False,0.0,0.618033988749906,0.15202125285746831,FUSED,ACCEPTED,ACCEPTED,169.733871915,169.733871915
169.861615933,4.978715730839191,20.75927770805386,0.011180339887497358,0.005819422410755926,0.15543538701338794,False,0.0,0.0,0.15202125285746831,MODEL_ONLY,DUPLICATE_OR_OLD,DUPLICATE_OR_OLD,169.733871915,169.733871915
169.911615933,5.036595244660339,21.009660482441404,0.0061803398874988825,0.005819422410755926,0.15543538701338794,False,0.0,0.6180339887498882,0.1683870197359495,FUSED,ACCEPTED,ACCEPTED,169.823938419,169.823938419
169.96161593300002,5.086609444258517,21.262740599664433,0.011180339887500019,0.005819422410755926,0.15543538701338794,False,0.0,0.0,0.1683870197359495,MODEL_ONLY,DUPLICATE_OR_OLD,DUPLICATE_OR_OLD,169.823938419,169.823938419
170.011615933,5.144631103855801,21.518521613367206,0.0061803398874988565,0.005819422410755926,0.15543538701338794,False,0.0,0.6180339887498856,0.17439312226953735,FUSED,ACCEPTED,ACCEPTED,169.919905427,169.919905427
170.061615933,5.172346970962043,21.77644606523771,0.005278640450004439,0.005819422410755926,0.15543538701338794,False,0.0,0.5278640450004439,0.0838278241920804,FUSED,ACCEPTED,ACCEPTED,170.02386198,170.02386198
170.111615933,5.219206069551839,22.03623489125047,0.010278640450002735,0.005819422410755926,0.15543538701338794,False,0.0,0.0,0.0838278241920804,MODEL_ONLY,DUPLICATE_OR_OLD,DUPLICATE_OR_OLD,170.02386198,170.02386198
170.161615933,5.266340910752832,22.298373565758144,0.015278640450003872,0.005819422410755926,0.15543538701338794,False,0.0,0.0,0.0838278241920804,MODEL_ONLY,DUPLICATE_OR_OLD,DUPLICATE_OR_OLD,170.02386198,170.02386198
170.21161593300002,5.337854788250557,22.56347845823329,0.006697341805517446,0.005819422410755926,0.15543538701338794,False,0.0,0.6697341805517445,0.19132005058089707,FUSED,ACCEPTED,ACCEPTED,170.117937419,170.117937419
170.261615933,5.390820784311032,22.83169534754724,0.011697341805515741,0.005819422410755926,0.15543538701338794,False,0.0,0.0,0.19132005058089707,MODEL_ONLY,DUPLICATE_OR_OLD,DUPLICATE_OR_OLD,170.117937419,170.117937419
170.311615933,5.436295350478163,23.10237325091703,0.006254308734986663,0.005819422410755926,0.15543538701338794,False,0.0,0.6254308734986661,0.12777403904107948,FUSED,ACCEPTED,ACCEPTED,170.221950291,170.221950291
170.361615933,5.48643796808641,23.37544158388105,0.011254308734984958,0.005819422410755926,0.15543538701338794,False,0.0,0.0,0.12777403904107948,MODEL_ONLY,DUPLICATE_OR_OLD,DUPLICATE_OR_OLD,170.221950291,170.221950291
170.411615933,5.53456090977073,23.65096655582754,0.0061911013917977775,0.005819422410755926,0.15543538701338794,False,0.0,0.6191101391797778,0.13861118672112613,FUSED,ACCEPTED,ACCEPTED,170.341916824,170.341916824
170.46161593300002,5.585519752614925,23.928968572387245,0.011191101391798915,0.005819422410755926,0.15543538701338794,False,0.0,0.0,0.13861118672112613,MODEL_ONLY,DUPLICATE_OR_OLD,DUPLICATE_OR_OLD,170.341916824,170.341916824
170.511615933,5.642752916794326,24.20967538912238,0.00618190932469457,0.005819422410755926,0.15543538701338794,False,0.0,0.618190932469457,0.15698010516341976,FUSED,ACCEPTED,ACCEPTED,170.437842568,170.437842568
170.561615933,5.694842901272204,24.493115284574106,0.011181909324695708,0.005819422410755926,0.15543538701338794,False,0.0,0.0,0.15698010516341976,MODEL_ONLY,DUPLICATE_OR_OLD,DUPLICATE_OR_OLD,170.437842568,170.437842568
170.611615933,5.751526028334712,24.779274507814183,0.006180568851574055,0.005819422410755926,0.15543538701338794,False,0.0,0.6180568851574053,0.16024225538702755,FUSED,ACCEPTED,ACCEPTED,170.517979078,170.517979078
170.661615933,5.80394400649904,25.06816125868509,0.011180568851575192,0.005819422410755926,0.15543538701338794,False,0.0,0.0,0.16024225538702755,MODEL_ONLY,DUPLICATE_OR_OLD,DUPLICATE_OR_OLD,170.517979078,170.517979078
170.71161593300002,5.857452253434252,25.35969616518349,0.0061803732926154886,0.005819422410755926,0.15543538701338794,False,0.0,0.6180373292615489,0.15704222288009373,FUSED,ACCEPTED,ACCEPTED,170.623898361,170.623898361
170.761615933,5.9098380531934955,25.653878422849083,0.011180373292613784,0.005819422410755926,0.15543538701338794,False,0.0,0.0,0.15704222288009373,MODEL_ONLY,DUPLICATE_OR_OLD,DUPLICATE_OR_OLD,170.623898361,170.623898361
170.811615933,5.971897512871488,25.950921812000775,0.006180344761233469,0.005819422410755926,0.15543538701338794,False,0.0,0.6180344761233467,0.18401507174773274,FUSED,ACCEPTED,ACCEPTED,170.729852338,170.729852338
170.861615933,6.025731046314595,26.250862525980324,0.011180344761231763,0.005819422410755926,0.15543538701338794,False,0.0,0.0,0.18401507174773274,MODEL_ONLY,DUPLICATE_OR_OLD,DUPLICATE_OR_OLD,170.729852338,170.729852338
170.911615933,6.081160475854779,26.553534814034627,0.0061803405985670174,0.005819422410755926,0.15543538701338794,False,0.0,0.6180340598567017,0.17368556131448692,FUSED,ACCEPTED,ACCEPTED,170.829924035,170.829924035
170.96161593300002,6.125889024812918,26.85871105155139,0.005278640608510316,0.005819422410755926,0.15543538701338794,False,0.0,0.5278640608510314,0.14652245967004607,FUSED,ACCEPTED,ACCEPTED,170.941840994,170.941840994
171.011615933,6.177113586062175,27.166286116823162,0.01027864060850861,0.005819422410755926,0.15543538701338794,False,0.0,0.0,0.14652245967004607,MODEL_ONLY,DUPLICATE_OR_OLD,DUPLICATE_OR_OLD,170.941840994,170.941840994
171.061615933,6.227953911782251,27.47641280426934,0.015278640608509747,0.005819422410755926,0.15543538701338794,False,0.0,0.0,0.14652245967004607,MODEL_ONLY,DUPLICATE_OR_OLD,DUPLICATE_OR_OLD,170.941840994,170.941840994
171.111615933,6.288591386094103,27.78932643671614,0.006697341822806246,0.005819422410755926,0.15543538701338794,False,0.0,0.6697341822806244,0.19236426554258015,FUSED,ACCEPTED,ACCEPTED,171.017838627,171.017838627
171.161615933,6.340980671037039,28.105065738144496,0.011697341822807383,0.005819422410755926,0.15543538701338794,False,0.0,0.0,0.19236426554258015,MODEL_ONLY,DUPLICATE_OR_OLD,DUPLICATE_OR_OLD,171.017838627,171.017838627
171.21161593300002,6.389545417302642,28.42332889035306,0.006254308737412714,0.005819422410755926,0.15543538701338794,False,0.0,0.6254308737412714,0.16878396838016593,FUSED,ACCEPTED,ACCEPTED,171.127914225,171.127914225
171.261615933,6.440039808638361,28.744068521001473,0.011254308737411008,0.005819422410755926,0.15543538701338794,False,0.0,0.0,0.16878396838016593,MODEL_ONLY,DUPLICATE_OR_OLD,DUPLICATE_OR_OLD,171.127914225,171.127914225
171.311615933,6.488296706898795,29.06727693388998,0.0061911013921497424,0.005819422410755926,0.15543538701338794,False,0.0,0.6191101392149742,0.1733984949431745,FUSED,ACCEPTED,ACCEPTED,171.22384081,171.22384081
171.361615933,6.538324218473039,29.392942457024162,0.011191101392148038,0.005819422410755926,0.15543538701338794,False,0.0,0.0,0.1733984949431745,MODEL_ONLY,DUPLICATE_OR_OLD,DUPLICATE_OR_OLD,171.22384081,171.22384081
171.411615933,6.588173538485357,29.721104900948195,0.006181909324745879,0.005819422410755926,0.15543538701338794,False,0.0,0.6181909324745878,0.178089498056709,FUSED,ACCEPTED,ACCEPTED,171.317927601,171.317927601
171.46161593300002,6.6377561705310155,30.05175314367368,0.011181909324747016,0.005819422410755926,0.15543538701338794,False,0.0,0.0,0.178089498056709,MODEL_ONLY,DUPLICATE_OR_OLD,DUPLICATE_OR_OLD,171.317927601,171.317927601
171.511615933,6.683460033907955,30.38478354878454,0.00618056885158154,0.005819422410755926,0.15543538701338794,False,0.0,0.6180568851581538,0.1697509522497196,FUSED,ACCEPTED,ACCEPTED,171.437828329,171.437828329
171.561615933,6.731957314887939,30.720168982504514,0.011180568851582678,0.005819422410755926,0.15543538701338794,False,0.0,0.0,0.1697509522497196,MODEL_ONLY,DUPLICATE_OR_OLD,DUPLICATE_OR_OLD,171.437828329,171.437828329
171.611615933,6.776971981149336,31.057892214905333,0.006180373292616166,0.005819422410755926,0.15543538701338794,False,0.0,0.6180373292616166,0.16794154324960026,FUSED,ACCEPTED,ACCEPTED,171.52195102,171.52195102
171.661615933,6.824729092798777,31.397934741754113,0.011180373292617302,0.005819422410755926,0.15543538701338794,False,0.0,0.0,0.16794154324960026,MODEL_ONLY,DUPLICATE_OR_OLD,DUPLICATE_OR_OLD,171.52195102,171.52195102
171.71161593300002,6.868063184173941,31.740254548678507,0.006180344761233982,0.005819422410755926,0.15543538701338794,False,0.0,0.618034476123398,0.16238429661354623,FUSED,ACCEPTED,ACCEPTED,171.627851993,171.627851993
171.761615933,6.914918251278641,32.0848290845647,0.011180344761232277,0.005819422410755926,0.15543538701338794,False,0.0,0.0,0.16238429661354623,MODEL_ONLY,DUPLICATE_OR_OLD,DUPLICATE_OR_OLD,171.627851993,171.627851993
171.811615933,6.963198328769341,32.43178199906598,0.006180340598567093,0.005819422410755926,0.15543538701338794,False,0.0,0.6180340598567091,0.17529210782776602,FUSED,ACCEPTED,ACCEPTED,171.729823216,171.729823216
171.861615933,7.01009204801603,32.781114258485495,0.011180340598565389,0.005819422410755926,0.15543538701338794,False,0.0,0.0,0.17529210782776602,MODEL_ONLY,DUPLICATE_OR_OLD,DUPLICATE_OR_OLD,171.729823216,171.729823216
171.911615933,7.05750205225007,33.132804110992225,0.006180339991242308,0.005819422410755926,0.15543538701338794,False,0.0,0.6180339991242306,0.17614269582137274,FUSED,ACCEPTED,ACCEPTED,171.833833813,171.833833813
171.96161593300002,7.103845629239854,33.48683780302956,0.011180339991243446,0.005819422410755926,0.15543538701338794,False,0.0,0.0,0.17614269582137274,MODEL_ONLY,DUPLICATE_OR_OLD,DUPLICATE_OR_OLD,171.833833813,171.833833813
172.011615933,7.145462219205353,33.84307049924057,0.006180339902634818,0.005819422410755926,0.15543538701338794,False,0.0,0.6180339902634817,0.16420333653335673,FUSED,ACCEPTED,ACCEPTED,171.927859007,171.927859007
172.061615933,7.190638238702788,34.20147301068835,0.011180339902635957,0.005819422410755926,0.15543538701338794,False,0.0,0.0,0.16420333653335673,MODEL_ONLY,DUPLICATE_OR_OLD,DUPLICATE_OR_OLD,171.927859007,171.927859007
172.111615933,7.214282173750445,34.56159602099956,0.00618033988970716,0.005819422410755926,0.15543538701338794,False,0.0,0.6180339889707158,0.11031133577463687,FUSED,ACCEPTED,ACCEPTED,172.017850198,172.017850198
172.161615933,7.256233558371338,34.92335891430268,0.011180339889708298,0.005819422410755926,0.15543538701338794,False,0.0,0.0,0.11031133577463687,MODEL_ONLY,DUPLICATE_OR_OLD,DUPLICATE_OR_OLD,172.017850198,172.017850198
172.21161593300002,7.304464485834259,35.28737636540791,0.006180339887821454,0.005819422410755926,0.15543538701338794,False,0.0,0.6180339887821453,0.16315714165190356,FUSED,ACCEPTED,ACCEPTED,172.145916669,172.145916669
172.261615933,7.34854877087219,35.65370169682544,0.01118033988781975,0.005819422410755926,0.15543538701338794,False,0.0,0.0,0.16315714165190356,MODEL_ONLY,DUPLICATE_OR_OLD,DUPLICATE_OR_OLD,172.145916669,172.145916669
172.311615933,7.4076222983164675,36.022605973555244,0.0061803398875459195,0.005819422410755926,0.15543538701338794,False,0.0,0.6180339887545918,0.19639763486474868,FUSED,ACCEPTED,ACCEPTED,172.231828675,172.231828675
172.361615933,7.452856065905659,36.39411793266067,0.011180339887544214,0.005819422410755926,0.15543538701338794,False,0.0,0.0,0.19639763486474868,MODEL_ONLY,DUPLICATE_OR_OLD,DUPLICATE_OR_OLD,172.231828675,172.231828675
172.411615933,7.504820745172386,36.768059852937704,0.00618033988750572,0.005819422410755926,0.15543538701338794,False,0.0,0.6180339887505718,0.19694289883629718,FUSED,ACCEPTED,ACCEPTED,172.313814028,172.313814028
172.46161593300002,7.549582601147296,37.14441993659578,0.011180339887506857,0.005819422410755926,0.15543538701338794,False,0.0,0.0,0.19694289883629718,MODEL_ONLY,DUPLICATE_OR_OLD,DUPLICATE_OR_OLD,172.313814028,172.313814028
172.511615933,7.592551093022726,37.5229732789499,0.006180339887499855,0.005819422410755926,0.15543538701338794,False,0.0,0.6180339887499853,0.1867598766584075,FUSED,ACCEPTED,ACCEPTED,172.425841331,172.425841331
172.561615933,7.636322899826352,37.90369512877121,0.011180339887500992,0.005819422410755926,0.15543538701338794,False,0.0,0.0,0.1867598766584075,MODEL_ONLY,DUPLICATE_OR_OLD,DUPLICATE_OR_OLD,172.425841331,172.425841331
172.611615933,7.68373141638527,38.28669648667637,0.006180339887498999,0.005819422410755926,0.15543538701338794,False,0.0,0.6180339887498998,0.2033979903358422,FUSED,ACCEPTED,ACCEPTED,172.52183832,172.52183832
172.661615933,7.727867762264251,38.6719864661427,0.011180339887500137,0.005819422410755926,0.15543538701338794,False,0.0,0.0,0.2033979903358422,MODEL_ONLY,DUPLICATE_OR_OLD,DUPLICATE_OR_OLD,172.52183832,172.52183832
172.71161593300002,7.76599860277409,39.05933312526874,0.006180339887499289,0.005819422410755926,0.15543538701338794,False,0.0,0.6180339887499287,0.18137016033875247,FUSED,ACCEPTED,ACCEPTED,172.623828888,172.623828888
172.761615933,7.808830904758721,39.448703862956926,0.011180339887497583,0.005819422410755926,0.15543538701338794,False,0.0,0.0,0.18137016033875247,MODEL_ONLY,DUPLICATE_OR_OLD,DUPLICATE_OR_OLD,172.623828888,172.623828888
172.811615933,7.851662109169982,39.840216188305234,0.016180339887498722,0.005819422410755926,0.15543538701338794,False,0.0,0.0,0.18137016033875247,MODEL_ONLY,DUPLICATE_OR_OLD,DUPLICATE_OR_OLD,172.623828888,172.623828888
172.861615933,7.894468397528637,40.23386945097257,0.021180339887497016,0.005819422410755926,0.15543538701338794,False,0.0,0.0,0.18137016033875247,MODEL_ONLY,DUPLICATE_OR_OLD,DUPLICATE_OR_OLD,172.623828888,172.623828888
172.911615933,7.929150271053902,40.62945991768722,0.007236067977499731,0.005819422410755926,0.15543538701338794,False,0.0,0.7236067977499728,0.17264404367782726,FUSED,ACCEPTED,ACCEPTED,172.843875061,172.843875061
172.96161593300002,7.971407801647801,41.02697386950485,0.012236067977500868,0.005819422410755926,0.15543538701338794,False,0.0,0.0,0.17264404367782726,MODEL_ONLY,DUPLICATE_OR_OLD,DUPLICATE_OR_OLD,172.843875061,172.843875061
173.011615933,8.01522892136131,41.426639787579944,0.0063283980608869785,0.005819422410755926,0.15543538701338794,False,0.0,0.6328398060886978,0.18481429385059464,FUSED,ACCEPTED,ACCEPTED,172.919932268,172.919932268
173.061615933,8.057922658674547,41.82846857708093,0.011328398060888116,0.005819422410755926,0.15543538701338794,False,0.0,0.0,0.18481429385059464,MODEL_ONLY,DUPLICATE_OR_OLD,DUPLICATE_OR_OLD,172.919932268,172.919932268
173.111615933,8.099591296244672,42.232406425953776,0.006201819808074065,0.005819422410755926,0.15543538701338794,False,0.0,0.6201819808074063,0.17921283752630865,FUSED,ACCEPTED,ACCEPTED,173.023820891,173.023820891
173.161615933,8.141791371622977,42.63844099265056,0.011201819808075202,0.005819422410755926,0.15543538701338794,False,0.0,0.0,0.17921283752630865,MODEL_ONLY,DUPLICATE_OR_OLD,DUPLICATE_OR_OLD,173.023820891,173.023820891
173.21161593300002,8.15666240135182,43.04590233697502,0.006183471196562599,0.005819422410755926,0.15543538701338794,False,0.0,0.6183471196562598,0.10186911954497517,FUSED,ACCEPTED,ACCEPTED,173.117824387,173.117824387
173.261615933,8.194763996650314,43.45468799692493,0.011183471196560893,0.005819422410755926,0.15543538701338794,False,0.0,0.0,0.10186911954497517,MODEL_ONLY,DUPLICATE_OR_OLD,DUPLICATE_OR_OLD,173.117824387,173.117824387
173.311615933,8.247263087774487,43.86573867403565,0.006180796684698921,0.005819422410755926,0.15543538701338794,False,0.0,0.6180796684698922,0.18784665029529599,FUSED,ACCEPTED,ACCEPTED,173.231923134,173.231923134
173.361615933,8.289410521264598,44.27915551426148,0.011180796684697215,0.005819422410755926,0.15543538701338794,False,0.0,0.0,0.18784665029529599,MODEL_ONLY,DUPLICATE_OR_OLD,DUPLICATE_OR_OLD,173.231923134,173.231923134
173.411615933,8.349990529346176,44.69514054052684,0.006180406532149343,0.005819422410755926,0.15543538701338794,False,0.0,0.6180406532149341,0.21469457539989423,FUSED,ACCEPTED,ACCEPTED,173.331818725,173.331818725
173.46161593300002,8.393186851596942,45.113719975050515,0.01118040653215048,0.005819422410755926,0.15543538701338794,False,0.0,0.0,0.21469457539989423,MODEL_ONLY,DUPLICATE_OR_OLD,DUPLICATE_OR_OLD,173.331818725,173.331818725
173.511615933,8.44329972281539,45.53463213941068,0.006180349610797567,0.005819422410755926,0.15543538701338794,False,0.0,0.6180349610797566,0.2119097156875762,FUSED,ACCEPTED,ACCEPTED,173.425819022,173.425819022
173.561615933,8.486041318181321,45.9578656654357,0.011180349610798704,0.005819422410755926,0.15543538701338794,False,0.0,0.0,0.2119097156875762,MODEL_ONLY,DUPLICATE_OR_OLD,DUPLICATE_OR_OLD,173.425819022,173.425819022
173.611615933,8.519935949166408,46.38301509711924,0.00618034130610849,0.005819422410755926,0.15543538701338794,False,0.0,0.6180341306108488,0.1802915021884075,FUSED,ACCEPTED,ACCEPTED,173.527810629,173.527810629
173.661615933,8.560778278295826,46.81003295280589,0.011180341306109627,0.005819422410755926,0.15543538701338794,False,0.0,0.0,0.1802915021884075,MODEL_ONLY,DUPLICATE_OR_OLD,DUPLICATE_OR_OLD,173.527810629,173.527810629
173.71161593300002,8.60269001226254,47.239119660069946,0.006180340094471612,0.005819422410755926,0.15543538701338794,False,0.0,0.6180340094471611,0.19966981795614994,FUSED,ACCEPTED,ACCEPTED,173.627816685,173.627816685
173.761615933,8.644396962437813,47.67029683443731,0.011180340094469908,0.005819422410755926,0.15543538701338794,False,0.0,0.0,0.19966981795614994,MODEL_ONLY,DUPLICATE_OR_OLD,DUPLICATE_OR_OLD,173.627816685,173.627816685
173.811615933,8.690952409993475,48.10368056874819,0.00618033991769577,0.005819422410755926,0.15543538701338794,False,0.0,0.618033991769577,0.2091259703744224,FUSED,ACCEPTED,ACCEPTED,173.735812644,173.735812644
173.861615933,8.733158781316453,48.53928334853079,0.011180339917694064,0.005819422410755926,0.15543538701338794,False,0.0,0.0,0.2091259703744224,MODEL_ONLY,DUPLICATE_OR_OLD,DUPLICATE_OR_OLD,173.735812644,173.735812644
173.911615933,8.780098802525243,48.97711478812693,0.006180339891904522,0.005819422410755926,0.15543538701338794,False,0.0,0.6180339891904523,0.21626679976796032,FUSED,ACCEPTED,ACCEPTED,173.863852977,173.863852977
173.96161593300002,8.822594715270656,49.417182126071935,0.01118033989190566,0.005819422410755926,0.15543538701338794,False,0.0,0.0,0.21626679976796032,MODEL_ONLY,DUPLICATE_OR_OLD,DUPLICATE_OR_OLD,173.863852977,173.863852977
174.011615933,8.851893290606215,49.85904432621871,0.006180339888141631,0.005819422410755926,0.15543538701338794,False,0.0,0.618033988814163,0.1708727782866384,FUSED,ACCEPTED,ACCEPTED,173.935800574,173.935800574
174.061615933,8.891995041349395,50.3026415345177,0.011180339888142769,0.005819422410755926,0.15543538701338794,False,0.0,0.0,0.1708727782866384,MODEL_ONLY,DUPLICATE_OR_OLD,DUPLICATE_OR_OLD,173.935800574,173.935800574
174.111615933,8.940845594240656,50.7484625504073,0.006180339887592632,0.005819422410755926,0.15543538701338794,False,0.0,0.6180339887592632,0.21849004460400118,FUSED,ACCEPTED,ACCEPTED,174.029843601,174.029843601
174.161615933,8.983168853703631,51.19656291160601,0.01118033988759377,0.005819422410755926,0.15543538701338794,False,0.0,0.0,0.21849004460400118,MODEL_ONLY,DUPLICATE_OR_OLD,DUPLICATE_OR_OLD,174.029843601,174.029843601
174.21161593300002,9.022667339521188,51.64670881643673,0.00618033988751295,0.005819422410755926,0.15543538701338794,False,0.0,0.6180339887512949,0.19410079909172467,FUSED,ACCEPTED,ACCEPTED,174.123881008,174.123881008
174.261615933,9.05884155002541,52.098746538675236,0.005278640450006948,0.005819422410755926,0.15543538701338794,False,0.0,0.5278640450006946,0.1851467029986345,FUSED,ACCEPTED,ACCEPTED,174.231879928,174.231879928
174.311615933,9.099194136768432,52.552697430845186,0.010278640450008085,0.005819422410755926,0.15543538701338794,False,0.0,0.0,0.1851467029986345,MODEL_ONLY,DUPLICATE_OR_OLD,DUPLICATE_OR_OLD,174.231879928,174.231879928
174.361615933,9.139430501727775,53.00866304680743,0.015278640450006379,0.005819422410755926,0.15543538701338794,False,0.0,0.0,0.1851467029986345,MODEL_ONLY,DUPLICATE_OR_OLD,DUPLICATE_OR_OLD,174.231879928,174.231879928
174.411615933,9.179547223758812,53.466637489944695,0.020278640450007518,0.005819422410755926,0.15543538701338794,False,0.0,0.0,0.1851467029986345,MODEL_ONLY,DUPLICATE_OR_OLD,DUPLICATE_OR_OLD,174.231879928,174.231879928
174.46161593300002,9.219541494002131,53.926614707888824,0.025278640450008653,0.005819422410755926,0.15543538701338794,False,0.0,0.0,0.1851467029986345,MODEL_ONLY,DUPLICATE_OR_OLD,DUPLICATE_OR_OLD,174.231879928,174.231879928
174.511615933,9.25463791370116,54.38846919308125,0.0075172945540672356,0.005819422410755926,0.15543538701338794,False,0.0,0.7517294554067235,0.1847072274138092,FUSED,ACCEPTED,ACCEPTED,174.443887614,174.443887614
174.561615933,9.294363527796227,54.85219422911879,0.012517294554068373,0.005819422410755926,0.15543538701338794,False,0.0,0.0,0.1847072274138092,MODEL_ONLY,DUPLICATE_OR_OLD,DUPLICATE_OR_OLD,174.443887614,174.443887614
174.611615933,9.346820070880325,55.318223819085546,0.006365921809518102,0.005819422410755926,0.15543538701338794,False,0.0,0.63659218095181,0.22568478749771326,FUSED,ACCEPTED,ACCEPTED,174.527813172,174.527813172
174.661615933,9.38834365528796,55.78660291223986,0.01136592180951924,0.005819422410755926,0.15543538701338794,False,0.0,0.0,0.22568478749771326,MODEL_ONLY,DUPLICATE_OR_OLD,DUPLICATE_OR_OLD,174.527813172,174.527813172
174.71161593300002,9.40618164184155,56.2564660446682,0.006207225344805076,0.005819422410755926,0.15543538701338794,False,0.0,0.6207225344805074,0.13872132207493545,FUSED,ACCEPTED,ACCEPTED,174.631922567,174.631922567
174.761615933,9.443108841801509,56.727698306759116,0.011207225344803371,0.005819422410755926,0.15543538701338794,False,0.0,0.0,0.13872132207493545,MODEL_ONLY,DUPLICATE_OR_OLD,DUPLICATE_OR_OLD,174.631922567,174.631922567
174.811615933,9.495625844500486,57.201166673916774,0.006184258398807388,0.005819422410755926,0.15543538701338794,False,0.0,0.6184258398807385,0.22434357684088602,FUSED,ACCEPTED,ACCEPTED,174.731795825,174.731795825
174.861615933,9.536769863008514,57.67697656660434,0.011184258398805682,0.005819422410755926,0.15543538701338794,False,0.0,0.0,0.22434357684088602,MODEL_ONLY,DUPLICATE_OR_OLD,DUPLICATE_OR_OLD,174.731795825,174.731795825
174.911615933,9.594819779308137,58.155266307662366,0.00618091150503782,0.005819422410755926,0.15543538701338794,False,0.0,0.6180911505037818,0.24374542753404976,FUSED,ACCEPTED,ACCEPTED,174.82180658,174.82180658
174.96161593300002,9.636973542057987,58.636061140696626,0.011180911505038957,0.005819422410755926,0.15543538701338794,False,0.0,0.0,0.24374542753404976,MODEL_ONLY,DUPLICATE_OR_OLD,DUPLICATE_OR_OLD,174.82180658,174.82180658
175.011615933,9.665039328386166,59.118611462457565,0.006180423283552988,0.005819422410755926,0.15543538701338794,False,0.0,0.6180423283552987,0.1826964558187423,FUSED,ACCEPTED,ACCEPTED,174.959813604,174.959813604
175.061615933,9.704103314372238,59.60284002852663,0.011180423283554126,0.005819422410755926,0.15543538701338794,False,0.0,0.0,0.1826964558187423,MODEL_ONLY,DUPLICATE_OR_OLD,DUPLICATE_OR_OLD,174.959813604,174.959813604
175.111615933,9.738921114226729,60.08891563924144,0.006180352054780415,0.005819422410755926,0.15543538701338794,False,0.0,0.6180352054780414,0.19225829547935308,FUSED,ACCEPTED,ACCEPTED,175.037817546,175.037817546
175.161615933,9.778376491113642,60.57684807937506,0.011180352054781552,0.005819422410755926,0.15543538701338794,False,0.0,0.0,0.19225829547935308,MODEL_ONLY,DUPLICATE_OR_OLD,DUPLICATE_OR_OLD,175.037817546,175.037817546
175.21161593300002,9.81382338760521,61.066653076343144,0.006180341662680898,0.005819422410755926,0.15543538701338794,False,0.0,0.6180341662680897,0.18441256111586563,FUSED,ACCEPTED,ACCEPTED,175.127923034,175.127923034
175.261615933,9.8527672399886,61.55831784203282,0.011180341662679193,0.005819422410755926,0.15543538701338794,False,0.0,0.0,0.18441256111586563,MODEL_ONLY,DUPLICATE_OR_OLD,DUPLICATE_OR_OLD,175.127923034,175.127923034
175.311615933,9.889934841437134,62.05188539406858,0.006180340146494405,0.005819422410755926,0.15543538701338794,False,0.0,0.6180340146494403,0.1855520153626295,FUSED,ACCEPTED,ACCEPTED,175.225793448,175.225793448
175.361615933,9.92879136271469,62.54735354917221,0.0111803401464927,0.005819422410755926,0.15543538701338794,False,0.0,0.0,0.1855520153626295,MODEL_ONLY,DUPLICATE_OR_OLD,DUPLICATE_OR_OLD,175.225793448,175.225793448
175.411615933,9.966650420913169,63.04473959376302,0.006180339925285794,0.005819422410755926,0.15543538701338794,False,0.0,0.6180339925285794,0.18522460132692103,FUSED,ACCEPTED,ACCEPTED,175.319790157,175.319790157
175.46161593300002,10.00532606807527,63.54403900598784,0.011180339925286931,0.005819422410755926,0.15543538701338794,False,0.0,0.0,0.18522460132692103,MODEL_ONLY,DUPLICATE_OR_OLD,DUPLICATE_OR_OLD,175.319790157,175.319790157
175.511615933,10.051671948757377,64.04546395640848,0.006180339893011893,0.005819422410755926,0.15543538701338794,False,0.0,0.6180339893011891,0.20965368720043426,FUSED,ACCEPTED,ACCEPTED,175.425843121,175.425843121
175.561615933,10.091384680417999,64.54904037213798,0.011180339893013029,0.005819422410755926,0.15543538701338794,False,0.0,0.0,0.20965368720043426,MODEL_ONLY,DUPLICATE_OR_OLD,DUPLICATE_OR_OLD,175.425843121,175.425843121
175.611615933,10.118746981131412,65.05429366367656,0.006180339888303195,0.005819422410755926,0.15543538701338794,False,0.0,0.6180339888303192,0.16265571455730526,FUSED,ACCEPTED,ACCEPTED,175.539848487,175.539848487
175.661615933,10.155910898397247,65.56116011066489,0.011180339888304332,0.005819422410755926,0.15543538701338794,False,0.0,0.0,0.16265571455730526,MODEL_ONLY,DUPLICATE_OR_OLD,DUPLICATE_OR_OLD,175.539848487,175.539848487
175.71161593300002,10.184827583792941,66.06967857271975,0.006180339887616619,0.005819422410755926,0.15543538701338794,False,0.0,0.6180339887616617,0.15927148804052907,FUSED,ACCEPTED,ACCEPTED,175.627839591,175.627839591
175.761615933,10.213310372808225,66.57963202163461,0.005278640450030056,0.005819422410755926,0.15543538701338794,False,0.0,0.5278640450030057,0.1408528800629619,FUSED,ACCEPTED,ACCEPTED,175.737879823,175.737879823
175.811615933,10.24907687571048,67.0911917028477,0.010278640450031193,0.005819422410755926,0.15543538701338794,False,0.0,0.0,0.1408528800629619,MODEL_ONLY,DUPLICATE_OR_OLD,DUPLICATE_OR_OLD,175.737879823,175.737879823
175.861615933,10.284736980148358,67.60453704924399,0.015278640450029489,0.005819422410755926,0.15543538701338794,False,0.0,0.0,0.1408528800629619,MODEL_ONLY,DUPLICATE_OR_OLD,DUPLICATE_OR_OLD,175.737879823,175.737879823
175.911615933,10.316440997153036,68.11956649867663,0.00669734180552024,0.005819422410755926,0.15543538701338794,False,0.0,0.6697341805520238,0.14558114515052928,FUSED,ACCEPTED,ACCEPTED,175.831801852,175.831801852
175.96161593300002,10.35213069917465,68.63628079108494,0.011697341805521377,0.005819422410755926,0.15543538701338794,False,0.0,0.0,0.14558114515052928,MODEL_ONLY,DUPLICATE_OR_OLD,DUPLICATE_OR_OLD,175.831801852,175.831801852
176.011615933,10.373866112358444,69.1544307113731,0.006254308734987054,0.005819422410755926,0.15543538701338794,False,0.0,0.6254308734987053,0.10779809436908103,FUSED,ACCEPTED,ACCEPTED,175.933789447,175.933789447
176.061615933,10.407773545903499,69.67397170282976,0.011254308734988191,0.005819422410755926,0.15543538701338794,False,0.0,0.0,0.10779809436908103,MODEL_ONLY,DUPLICATE_OR_OLD,DUPLICATE_OR_OLD,175.933789447,175.933789447
176.111615933,10.441709539353562,70.19520877996099,0.016254308734986487,0.005819422410755926,0.15543538701338794,False,0.0,0.0,0.10779809436908103,MODEL_ONLY,DUPLICATE_OR_OLD,DUPLICATE_OR_OLD,175.933789447,175.933789447
176.161615933,10.475658429371881,70.71814297917925,0.021254308734987626,0.005819422410755926,0.15543538701338794,False,0.0,0.0,0.10779809436908103,MODEL_ONLY,DUPLICATE_OR_OLD,DUPLICATE_OR_OLD,175.933789447,175.933789447
176.21161593300002,10.480168782614678,71.24203865947904,0.007241707165595721,0.005819422410755926,0.15543538701338794,False,0.0,0.7241707165595719,0.06084811672535759,FUSED,ACCEPTED,ACCEPTED,176.171794301,176.171794301
176.261615933,10.51176011840966,71.76683688200447,0.012241707165594015,0.005819422410755926,0.15543538701338794,False,0.0,0.0,0.06084811672535759,MODEL_ONLY,DUPLICATE_OR_OLD,DUPLICATE_OR_OLD,176.171794301,176.171794301
176.311615933,10.556237953254444,72.2935368337962,0.006329158103340354,0.005819422410755926,0.15543538701338794,False,0.0,0.6329158103340352,0.12388426992028746,FUSED,ACCEPTED,ACCEPTED,176.233878331,176.233878331
176.361615933,10.590932327139559,72.82221609080585,0.011329158103338649,0.005819422410755926,0.15543538701338794,False,0.0,0.0,0.12388426992028746,MODEL_ONLY,DUPLICATE_OR_OLD,DUPLICATE_OR_OLD,176.233878331,176.233878331
176.411615933,10.62499034904019,73.35261415771048,0.006201929449946398,0.005819422410755926,0.15543538701338794,False,0.0,0.6201929449946397,0.09850236585601338,FUSED,ACCEPTED,ACCEPTED,176.321796611,176.321796611
176.46161593300002,10.658621220007973,73.88470444693681,0.011201929449947535,0.005819422410755926,0.15543538701338794,False,0.0,0.0,0.09850236585601338,MODEL_ONLY,DUPLICATE_OR_OLD,DUPLICATE_OR_OLD,176.321796611,176.321796611
176.511615933,10.682132907005466,74.41822330011196,0.006183487166812186,0.005819422410755926,0.15543538701338794,False,0.0,0.6183487166812185,0.07319831221277602,FUSED,ACCEPTED,ACCEPTED,176.431793904,176.431793904
176.561615933,10.714619214497391,74.95314210314966,0.011183487166813322,0.005819422410755926,0.15543538701338794,False,0.0,0.0,0.07319831221277602,MODEL_ONLY,DUPLICATE_OR_OLD,DUPLICATE_OR_OLD,176.431793904,176.431793904
176.611615933,10.743088229424774,75.48958478924753,0.006180799014168247,0.005819422410755926,0.15543538701338794,False,0.0,0.6180799014168246,0.07608311311614847,FUSED,ACCEPTED,ACCEPTED,176.525775282,176.525775282
176.661615933,10.775772980855034,76.02755631950465,0.011180799014169384,0.005819422410755926,0.15543538701338794,False,0.0,0.0,0.07608311311614847,MODEL_ONLY,DUPLICATE_OR_OLD,DUPLICATE_OR_OLD,176.525775282,176.525775282
176.71161593300002,10.811296823993873,76.56723306462601,0.006180406872002862,0.005819422410755926,0.15543538701338794,False,0.0,0.618040687200286,0.0882688439036723,FUSED,ACCEPTED,ACCEPTED,176.635797751,176.635797751
176.761615933,10.844732376574246,77.10863379464001,0.011180406872001156,0.005819422410755926,0.15543538701338794,False,0.0,0.0,0.0882688439036723,MODEL_ONLY,DUPLICATE_OR_OLD,DUPLICATE_OR_OLD,176.635797751,176.635797751
