t,v,s,pvv,pvd,pdd,active,added,gain,d,mode,front_status,rear_status,front_t,rear_t
122.441671896,0.0,0.0,1.0,0.0,0.0,False,0.0,0.0,0.0,WAITING_FOR_INITIALIZATION,MISSING_OR_STALE,MISSING_OR_STALE,,
122.491671896,7.074184417724609,0.0,0.010000000000000002,0.0,0.0,False,0.0,0.0,0.0,INITIALIZED,ACCEPTED,ACCEPTED,122.420427867,122.420427867
122.541671896,7.069549450786213,0.35359334671275044,0.014999999999999718,0.0,0.0,False,0.0,0.0,0.0,MODEL_ONLY,DUPLICATE_OR_OLD,DUPLICATE_OR_OLD,122.420427867,122.420427867
122.59167189600001,7.022419461679611,0.7058925695244762,0.006666666666666763,0.0,0.0,False,0.0,0.6666666666666761,0.0,FUSED,ACCEPTED,ACCEPTED,122.498428261,122.498428261
122.641671896,7.014435364803206,1.0568139401865266,0.01166666666666648,0.0,0.0,False,0.0,0.0,0.0,MODEL_ONLY,DUPLICATE_OR_OLD,DUPLICATE_OR_OLD,122.498428261,122.498428261
122.691671896,6.963379738677829,1.4062593177735327,0.006249999999999934,0.0,0.0,False,0.0,0.6249999999999933,-0.07058411829948166,FUSED,ACCEPTED,ACCEPTED,122.612439997,122.612439997
122.741671896,6.949270120136187,1.7540755642438635,0.011249999999999651,0.0,0.0,False,0.0,0.0,-0.07058411829948166,MODEL_ONLY,DUPLICATE_OR_OLD,DUPLICATE_OR_OLD,122.612439997,122.612439997
122.791671896,6.898198909740216,2.100262289990754,0.0061904761904761005,0.0,0.0,False,0.0,0.6190476190476097,-0.11225445477150453,FUSED,ACCEPTED,ACCEPTED,122.698443298,122.698443298
122.84167189600001,6.87999305596755,2.444717089133526,0.011190476190477238,0.0,0.0,False,0.0,0.0,-0.11225445477150453,MODEL_ONLY,DUPLICATE_OR_OLD,DUPLICATE_OR_OLD,122.698443298,122.698443298
122.891671896,6.82971373676039,2.787459758951705,0.0061818181818182934,0.0,0.0,False,0.0,0.6181818181818293,-0.1490806570827832,FUSED,ACCEPTED,ACCEPTED,122.804530104,122.804530104
122.941671896,6.808106271361401,3.1284052591547304,0.01118181818181801,0.0,0.0,False,0.0,0.0,-0.1490806570827832,MODEL_ONLY,DUPLICATE_OR_OLD,DUPLICATE_OR_OLD,122.804530104,122.804530104
122.991671896,6.760374174743086,3.467617270307324,0.00618055555555549,0.0,0.0,False,0.0,0.6180555555555489,-0.17654542949104707,FUSED,ACCEPTED,ACCEPTED,122.940500317,122.940500317
123.041671896,6.724188250497075,3.8047313309383086,0.005278688524590087,0.0,0.0,False,0.0,0.5278688524590086,-0.18566678746252657,FUSED,ACCEPTED,ACCEPTED,123.032413317,123.032413317
123.09167189600001,6.6990432522409264,4.140312118506835,0.010278688524591224,0.0,0.0,False,0.0,0.0,-0.18566678746252657,MODEL_ONLY,DUPLICATE_OR_OLD,DUPLICATE_OR_OLD,123.032413317,123.032413317
123.141671896,6.673459211303084,4.474624680095417,0.01527868852459094,0.0,0.0,False,0.0,0.0,-0.18566678746252657,MODEL_ONLY,DUPLICATE_OR_OLD,DUPLICATE_OR_OLD,123.032413317,123.032413317
123.191671896,6.631137161965996,4.807239589427125,0.00669734704926914,0.0,0.0,False,0.0,0.6697347049269138,-0.20798048109325323,FUSED,ACCEPTED,ACCEPTED,123.118424341,123.118424341
123.241671896,6.603710518953276,5.138110781450088,0.011697347049268857,0.0,0.0,False,0.0,0.0,-0.20798048109325323,MODEL_ONLY,DUPLICATE_OR_OLD,DUPLICATE_OR_OLD,123.118424341,123.118424341
123.291671896,6.5670609453832345,5.467380068058482,0.006254309470695528,0.0,0.0,False,0.0,0.6254309470695527,-0.21409151431268444,FUSED,ACCEPTED,ACCEPTED,123.206432216,123.206432216
123.34167189600001,6.5387652291047,5.795025722420755,0.011254309470696666,0.0,0.0,False,0.0,0.0,-0.21409151431268444,MODEL_ONLY,DUPLICATE_OR_OLD,DUPLICATE_OR_OLD,123.206432216,123.206432216
123.391671896,6.509109836583025,6.121222599062929,0.006191101498532479,0.0,0.0,False,0.0,0.6191101498532479,-0.2047884989879271,FUSED,ACCEPTED,ACCEPTED,123.304433147,123.304433147
123.441671896,6.480842417307123,6.445971405410165,0.011191101498532197,0.0,0.0,False,0.0,0.0,-0.2047884989879271,MODEL_ONLY,DUPLICATE_OR_OLD,DUPLICATE_OR_OLD,123.304433147,123.304433147
123.491671896,6.439530448440706,6.768980727053842,0.006181909340254159,0.0,0.0,False,0.0,0.6181909340254159,-0.2409001587326976,FUSED,ACCEPTED,ACCEPTED,123.412466635,123.412466635
123.541671896,6.409118787980356,7.09019695796435,0.011181909340253876,0.0,0.0,False,0.0,0.0,-0.2409001587326976,MODEL_ONLY,DUPLICATE_OR_OLD,DUPLICATE_OR_OLD,123.412466635,123.412466635
123.59167189600001,6.3650720221202395,7.409551728216938,0.006180568853844104,0.0,0.0,False,0.0,0.6180568853844102,-0.260005951257387,FUSED,ACCEPTED,ACCEPTED,123.500425592,123.500425592
123.641671896,6.337074476097965,7.727105390672374,0.0052786914888807565,0.0,0.0,False,0.0,0.5278691488880756,-0.22891524753869832,FUSED,ACCEPTED,ACCEPTED,123.602609284,123.602609284
123.691671896,6.306891296413637,8.043204534985145,0.010278691488880474,0.0,0.0,False,0.0,0.0,-0.22891524753869832,MODEL_ONLY,DUPLICATE_OR_OLD,DUPLICATE_OR_OLD,123.602609284,123.602609284
123.741671896,6.2766128239912975,8.357792137995252,0.01527869148888019,0.0,0.0,False,0.0,0.0,-0.22891524753869832,MODEL_ONLY,DUPLICATE_OR_OLD,DUPLICATE_OR_OLD,123.602609284,123.602609284
123.791671896,6.2541957261282235,8.671062351748223,0.006697347372599447,0.0,0.0,False,0.0,0.6697347372599447,-0.2147520740050699,FUSED,ACCEPTED,ACCEPTED,123.712470249,123.712470249
123.84167189600001,6.224467637406214,8.983028935836655,0.011697347372600584,0.0,0.0,False,0.0,0.0,-0.2147520740050699,MODEL_ONLY,DUPLICATE_OR_OLD,DUPLICATE_OR_OLD,123.712470249,123.712470249
123.891671896,6.20741587709924,9.293826023699273,0.006254309516059608,0.0,0.0,False,0.0,0.6254309516059606,-0.18714298581222832,FUSED,ACCEPTED,ACCEPTED,123.838507292,123.838507292
123.941671896,6.172536550417708,9.603324834387179,0.005295071810051415,0.0,0.0,False,0.0,0.5295071810051413,-0.22629765282160907,FUSED,ACCEPTED,ACCEPTED,123.916414341,123.916414341
123.991671896,6.142058449877141,9.911189709394533,0.010295071810051131,0.0,0.0,False,0.0,0.0,-0.22629765282160907,MODEL_ONLY,DUPLICATE_OR_OLD,DUPLICATE_OR_OLD,123.916414341,123.916414341
124.041671896,6.115279469610333,10.217623157381702,0.006046660758627869,0.0,0.0,False,0.0,0.6046660758627869,-0.20251767388128064,FUSED,ACCEPTED,ACCEPTED,124.004442281,124.004442281
124.09167189600001,6.085906884276161,10.522652816228934,0.011046660758629007,0.0,0.0,False,0.0,0.0,-0.20251767388128064,MODEL_ONLY,DUPLICATE_OR_OLD,DUPLICATE_OR_OLD,124.004442281,124.004442281
124.141671896,6.056499882826726,10.826212985406489,0.016046660758628723,0.0,0.0,False,0.0,0.0,-0.20251767388128064,MODEL_ONLY,DUPLICATE_OR_OLD,DUPLICATE_OR_OLD,124.004442281,124.004442281
124.191671896,6.042482637721177,11.12868754842017,0.0067790416889775135,0.0,0.0,False,0.0,0.6779041688977512,-0.16809119499113262,FUSED,ACCEPTED,ACCEPTED,124.136489443,124.136489443
124.241671896,6.0147399778911925,11.430118113810462,0.01177904168897723,0.0,0.0,False,0.0,0.0,-0.16809119499113262,MODEL_ONLY,DUPLICATE_OR_OLD,DUPLICATE_OR_OLD,124.136489443,124.136489443
124.291671896,5.993720600869059,11.730329628279453,0.006265736423228209,0.0,0.0,False,0.0,0.6265736423228206,-0.16511395611356514,FUSED,ACCEPTED,ACCEPTED,124.222449201,124.222449201
124.34167189600001,5.966082629089795,12.029324709028492,0.011265736423229346,0.0,0.0,False,0.0,0.0,-0.16511395611356514,MODEL_ONLY,DUPLICATE_OR_OLD,DUPLICATE_OR_OLD,124.222449201,124.222449201
124.391671896,5.929991213077065,12.326726555082647,0.00619275856619191,0.0,0.0,False,0.0,0.6192758566191909,-0.19746297435844054,FUSED,ACCEPTED,ACCEPTED,124.318402324,124.318402324
124.441671896,5.8934965122562355,12.622313748215962,0.005281407104805697,0.0,0.0,False,0.0,0.5281407104805698,-0.20864558489624416,FUSED,ACCEPTED,ACCEPTED,124.40046288,124.40046288
124.491671896,5.8636335972262215,12.916242000953007,0.010281407104805414,0.0,0.0,False,0.0,0.0,-0.20864558489624416,MODEL_ONLY,DUPLICATE_OR_OLD,DUPLICATE_OR_OLD,124.40046288,124.40046288
124.541671896,5.833758252403391,13.20867679719373,0.01528140710480513,0.0,0.0,False,0.0,0.0,-0.20864558489624416,MODEL_ONLY,DUPLICATE_OR_OLD,DUPLICATE_OR_OLD,124.40046288,124.40046288
124.59167189600001,5.8215952164895,13.500060633916119,0.006697643552233477,0.0,0.0,False,0.0,0.6697643552233477,-0.15045124166477292,FUSED,ACCEPTED,ACCEPTED,124.542491556,124.542491556
124.641671896,5.776768694823239,13.790019731698921,0.005391204590523027,0.0,0.0,False,0.0,0.5391204590523025,-0.2328798260824695,FUSED,ACCEPTED,ACCEPTED,124.624411716,124.624411716
124.691671896,5.745652574061739,14.07808026342103,0.010391204590522743,0.0,0.0,False,0.0,0.0,-0.2328798260824695,MODEL_ONLY,DUPLICATE_OR_OLD,DUPLICATE_OR_OLD,124.624411716,124.624411716
124.741671896,5.710695703637043,14.364488970363482,0.006061628362550154,0.0,0.0,False,0.0,0.6061628362550153,-0.21372672949407323,FUSED,ACCEPTED,ACCEPTED,124.704409196,124.704409196
124.791671896,5.680523190805513,14.64926944272453,0.01106162836254987,0.0,0.0,False,0.0,0.0,-0.21372672949407323,MODEL_ONLY,DUPLICATE_OR_OLD,DUPLICATE_OR_OLD,124.704409196,124.704409196
124.84167189600001,5.650344887149231,14.932541144673463,0.016061628362551008,0.0,0.0,False,0.0,0.0,-0.21372672949407323,MODEL_ONLY,DUPLICATE_OR_OLD,DUPLICATE_OR_OLD,124.704409196,124.704409196
124.891671896,5.625509131239816,15.214437495133172,0.006780593765632571,0.0,0.0,False,0.0,0.6780593765632569,-0.19612310734239094,FUSED,ACCEPTED,ACCEPTED,124.802411259,124.802411259
124.941671896,5.601116937880037,15.495103146861151,0.005408756938583075,0.0,0.0,False,0.0,0.5408756938583072,-0.18717211668785239,FUSED,ACCEPTED,ACCEPTED,124.912388711,124.912388711
124.991671896,5.5715973790816085,15.774421004785177,0.010408756938582791,0.0,0.0,False,0.0,0.0,-0.18717211668785239,MODEL_ONLY,DUPLICATE_OR_OLD,DUPLICATE_OR_OLD,124.912388711,124.912388711
125.041671896,5.541497242553747,16.052248370326044,0.015408756938582508,0.0,0.0,False,0.0,0.0,-0.18717211668785239,MODEL_ONLY,DUPLICATE_OR_OLD,DUPLICATE_OR_OLD,124.912388711,124.912388711
125.09167189600001,5.514773416698991,16.328655136807427,0.006711473599464481,0.0,0.0,False,0.0,0.6711473599464479,-0.18000230306653084,FUSED,ACCEPTED,ACCEPTED,125.020429359,125.020429359
125.141671896,5.494306834924194,16.60388214309799,0.005394140358926728,0.0,0.0,False,0.0,0.5394140358926727,-0.14888082508714917,FUSED,ACCEPTED,ACCEPTED,125.122462938,125.122462938
125.191671896,5.46476373100983,16.877858907246324,0.010394140358926444,0.0,0.0,False,0.0,0.0,-0.14888082508714917,MODEL_ONLY,DUPLICATE_OR_OLD,DUPLICATE_OR_OLD,125.122462938,125.122462938
125.241671896,5.443924368330916,17.15057610972983,0.006062083670225541,0.0,0.0,False,0.0,0.6062083670225539,-0.13749997068218653,FUSED,ACCEPTED,ACCEPTED,125.214496272,125.214496272
125.291671896,5.41429419668433,17.422031573855193,0.011062083670225258,0.0,0.0,False,0.0,0.0,-0.13749997068218653,MODEL_ONLY,DUPLICATE_OR_OLD,DUPLICATE_OR_OLD,125.214496272,125.214496272
125.34167189600001,5.3843935439500745,17.691998767371118,0.016062083670226393,0.0,0.0,False,0.0,0.0,-0.13749997068218653,MODEL_ONLY,DUPLICATE_OR_OLD,DUPLICATE_OR_OLD,125.214496272,125.214496272
125.391671896,5.34608484533435,17.960260727103215,0.006780640955653184,0.0,0.0,False,0.0,0.6780640955653182,-0.16876083477984904,FUSED,ACCEPTED,ACCEPTED,125.302634481,125.302634481
125.441671896,5.314173317292819,18.226767181168878,0.0117806409556529,0.0,0.0,False,0.0,0.0,-0.16876083477984904,MODEL_ONLY,DUPLICATE_OR_OLD,DUPLICATE_OR_OLD,125.302634481,125.302634481
125.491671896,5.295583637971137,18.492011105050462,0.006265959423241778,0.0,0.0,False,0.0,0.6265959423241776,-0.11759020859464944,FUSED,ACCEPTED,ACCEPTED,125.434398025,125.434398025
125.541671896,5.26588347240324,18.75604778280981,0.011265959423241495,0.0,0.0,False,0.0,0.0,-0.11759020859464944,MODEL_ONLY,DUPLICATE_OR_OLD,DUPLICATE_OR_OLD,125.434398025,125.434398025
125.59167189600001,5.225982674040124,19.01834443647095,0.006192790889964201,0.0,0.0,False,0.0,0.61927908899642,-0.16679474595598104,FUSED,ACCEPTED,ACCEPTED,125.518409644,125.518409644
125.641671896,5.193553149043579,19.278832832048028,0.011192790889963918,0.0,0.0,False,0.0,0.0,-0.16679474595598104,MODEL_ONLY,DUPLICATE_OR_OLD,DUPLICATE_OR_OLD,125.518409644,125.518409644
125.691671896,5.156281701623587,19.53757870331469,0.006182155600749011,0.0,0.0,False,0.0,0.6182155600749011,-0.16201083575989214,FUSED,ACCEPTED,ACCEPTED,125.600440548,125.600440548
125.741671896,5.1238827349328915,19.794582814228587,0.011182155600748728,0.0,0.0,False,0.0,0.0,-0.16201083575989214,MODEL_ONLY,DUPLICATE_OR_OLD,DUPLICATE_OR_OLD,125.600440548,125.600440548
125.791671896,5.081858180502828,20.049726337114468,0.006180604778120661,0.0,0.0,False,0.0,0.618060477812066,-0.18476485713188356,FUSED,ACCEPTED,ACCEPTED,125.698435641,125.698435641
125.84167189600001,5.048159772808453,20.302976785947305,0.011180604778121798,0.0,0.0,False,0.0,0.0,-0.18476485713188356,MODEL_ONLY,DUPLICATE_OR_OLD,DUPLICATE_OR_OLD,125.698435641,125.698435641
125.891671896,5.006002923849865,20.55433085336375,0.006180378534128917,0.0,0.0,False,0.0,0.6180378534128915,-0.19417039543166306,FUSED,ACCEPTED,ACCEPTED,125.806492932,125.806492932
125.941671896,4.971708855051588,20.803773647836273,0.011180378534128633,0.0,0.0,False,0.0,0.0,-0.19417039543166306,MODEL_ONLY,DUPLICATE_OR_OLD,DUPLICATE_OR_OLD,125.806492932,125.806492932
125.991671896,4.944026385530539,21.05166702885081,0.006180345525957866,0.0,0.0,False,0.0,0.6180345525957865,-0.16309621188091766,FUSED,ACCEPTED,ACCEPTED,125.898391437,125.898391437
126.041671896,4.911188825457576,21.2980474091255,0.011180345525957583,0.0,0.0,False,0.0,0.0,-0.16309621188091766,MODEL_ONLY,DUPLICATE_OR_OLD,DUPLICATE_OR_OLD,125.898391437,125.898391437
126.09167189600001,4.870663188461268,21.542593709473525,0.006180340710138966,0.0,0.0,False,0.0,0.6180340710138965,-0.1976159594490937,FUSED,ACCEPTED,ACCEPTED,126.006431874,126.006431874
126.141671896,4.855716387530276,21.7857531988733,0.005278640633380764,0.0,0.0,False,0.0,0.5278640633380763,-0.1175401495633147,FUSED,ACCEPTED,ACCEPTED,126.126434909,126.126434909
126.191671896,4.825050215004518,22.027772363936656,0.01027864063338048,0.0,0.0,False,0.0,0.0,-0.1175401495633147,MODEL_ONLY,DUPLICATE_OR_OLD,DUPLICATE_OR_OLD,126.126434909,126.126434909
126.241671896,4.791776090542115,22.268193021575307,0.0060440910786970494,0.0,0.0,False,0.0,0.6044091078697049,-0.16015463600102295,FUSED,ACCEPTED,ACCEPTED,126.206456179,126.206456179
126.291671896,4.758927761854461,22.506960617885206,0.011044091078696767,0.0,0.0,False,0.0,0.0,-0.16015463600102295,MODEL_ONLY,DUPLICATE_OR_OLD,DUPLICATE_OR_OLD,126.206456179,126.206456179
126.34167189600001,4.726058230425744,22.744085267692263,0.016044091078697906,0.0,0.0,False,0.0,0.0,-0.16015463600102295,MODEL_ONLY,DUPLICATE_OR_OLD,DUPLICATE_OR_OLD,126.206456179,126.206456179
126.391671896,4.707593965162694,22.979926572581963,0.006778775073604274,0.0,0.0,False,0.0,0.6778775073604273,-0.12133256531323913,FUSED,ACCEPTED,ACCEPTED,126.32638504,126.32638504
126.441671896,4.677862975216425,23.214562996091427,0.01177877507360399,0.0,0.0,False,0.0,0.0,-0.12133256531323913,MODEL_ONLY,DUPLICATE_OR_OLD,DUPLICATE_OR_OLD,126.32638504,126.32638504
126.491671896,4.640000998139891,23.447509595425323,0.00626569924407888,0.0,0.0,False,0.0,0.6265699244078877,-0.1673620250067694,FUSED,ACCEPTED,ACCEPTED,126.398419473,126.398419473
126.541671896,4.608896814213353,23.67873204073414,0.011265699244078596,0.0,0.0,False,0.0,0.0,-0.1673620250067694,MODEL_ONLY,DUPLICATE_OR_OLD,DUPLICATE_OR_OLD,126.398419473,126.398419473
126.59167189600001,4.589848082073299,23.908700663141357,0.006192753177034116,0.0,0.0,False,0.0,0.6192753177034115,-0.12037465685665259,FUSED,ACCEPTED,ACCEPTED,126.516409195,126.516409195
126.641671896,4.561812887902017,24.13749218739073,0.011192753177033832,0.0,0.0,False,0.0,0.0,-0.12037465685665259,MODEL_ONLY,DUPLICATE_OR_OLD,DUPLICATE_OR_OLD,126.516409195,126.516409195
126.691671896,4.536241066221113,24.364943536243793,0.006182150103728598,0.0,0.0,False,0.0,0.6182150103728596,-0.13582654664841168,FUSED,ACCEPTED,ACCEPTED,126.608385095,126.608385095
126.741671896,4.5057036115140265,24.59099215318716,0.005279043935091425,0.0,0.0,False,0.0,0.5279043935091423,-0.14463046265655494,FUSED,ACCEPTED,ACCEPTED,126.700408423,126.700408423
126.791671896,4.477243472306537,24.815565830282658,0.010279043935091142,0.0,0.0,False,0.0,0.0,-0.14463046265655494,MODEL_ONLY,DUPLICATE_OR_OLD,DUPLICATE_OR_OLD,126.700408423,126.700408423
126.84167189600001,4.448985822479551,25.038721562652363,0.015279043935092279,0.0,0.0,False,0.0,0.0,-0.14463046265655494,MODEL_ONLY,DUPLICATE_OR_OLD,DUPLICATE_OR_OLD,126.700408423,126.700408423
126.891671896,4.427802011020398,25.260641258489848,0.0066973858152732275,0.0,0.0,False,0.0,0.6697385815273226,-0.12360981212588928,FUSED,ACCEPTED,ACCEPTED,126.804453436,126.804453436
126.941671896,4.403024345896268,25.481411917412753,0.005391149843977551,0.0,0.0,False,0.0,0.539114984397755,-0.1265707732946182,FUSED,ACCEPTED,ACCEPTED,126.898431785,126.898431785
126.991671896,4.376143149967909,25.700891104809344,0.010391149843977267,0.0,0.0,False,0.0,0.0,-0.1265707732946182,MODEL_ONLY,DUPLICATE_OR_OLD,DUPLICATE_OR_OLD,126.898431785,126.898431785
127.041671896,4.349892764782311,25.919042002678086,0.0060616198709204615,0.0,0.0,False,0.0,0.606161987092046,-0.12868058217789208,FUSED,ACCEPTED,ACCEPTED,127.002410433,127.002410433
127.09167189600001,4.32313491150539,26.13586769458533,0.011061619870921599,0.0,0.0,False,0.0,0.0,-0.12868058217789208,MODEL_ONLY,DUPLICATE_OR_OLD,DUPLICATE_OR_OLD,127.002410433,127.002410433
127.141671896,4.29647139451646,26.35135785223586,0.016061619870921313,0.0,0.0,False,0.0,0.0,-0.12868058217789208,MODEL_ONLY,DUPLICATE_OR_OLD,DUPLICATE_OR_OLD,127.002410433,127.002410433
127.191671896,4.269890937453282,26.56551691053509,0.02106161987092103,0.0,0.0,False,0.0,0.0,-0.12868058217789208,MODEL_ONLY,DUPLICATE_OR_OLD,DUPLICATE_OR_OLD,127.002410433,127.002410433
127.241671896,4.24338361185853,26.778348774267876,0.026061619870920746,0.0,0.0,False,0.0,0.0,-0.12868058217789208,MODEL_ONLY,DUPLICATE_OR_OLD,DUPLICATE_OR_OLD,127.002410433,127.002410433
127.291671896,4.22768688204914,26.990125536615558,0.007564635776319696,0.0,0.0,False,0.0,0.7564635776319695,-0.1015009840045275,FUSED,ACCEPTED,ACCEPTED,127.228429942,127.228429942
127.34167189600001,4.20142707614954,27.20085338557057,0.012564635776320833,0.0,0.0,False,0.0,0.0,-0.1015009840045275,MODEL_ONLY,DUPLICATE_OR_OLD,DUPLICATE_OR_OLD,127.228429942,127.228429942
127.391671896,4.171151068461138,27.410167839185828,0.006372163201738905,0.0,0.0,False,0.0,0.6372163201738904,-0.11858139081394341,FUSED,ACCEPTED,ACCEPTED,127.312383434,127.312383434
127.441671896,4.143175614959209,27.618026006271325,0.011372163201738622,0.0,0.0,False,0.0,0.0,-0.11858139081394341,MODEL_ONLY,DUPLICATE_OR_OLD,DUPLICATE_OR_OLD,127.312383434,127.312383434
127.491671896,4.1212715098826855,27.824637184392362,0.006208122965301215,0.0,0.0,False,0.0,0.6208122965301214,-0.09102598942811307,FUSED,ACCEPTED,ACCEPTED,127.418404563,127.418404563
127.541671896,4.083918800058265,28.029766942140874,0.005284825528236886,0.0,0.0,False,0.0,0.5284825528236885,-0.13644323030256356,FUSED,ACCEPTED,ACCEPTED,127.49836493,127.49836493
127.59167189600001,4.054106940503016,28.233217585654952,0.010284825528238024,0.0,0.0,False,0.0,0.0,-0.13644323030256356,MODEL_ONLY,DUPLICATE_OR_OLD,DUPLICATE_OR_OLD,127.49836493,127.49836493
127.641671896,4.024052633484214,28.435171575004617,0.01528482552823774,0.0,0.0,False,0.0,0.0,-0.13644323030256356,MODEL_ONLY,DUPLICATE_OR_OLD,DUPLICATE_OR_OLD,127.49836493,127.49836493
127.691671896,3.995158523067673,28.635651853918404,0.006698016308307263,0.0,0.0,False,0.0,0.6698016308307262,-0.11053618234642291,FUSED,ACCEPTED,ACCEPTED,127.600409554,127.600409554
127.741671896,3.96800324183844,28.834730898041045,0.005391283766262288,0.0,0.0,False,0.0,0.5391283766262287,-0.10868248969050943,FUSED,ACCEPTED,ACCEPTED,127.698431362,127.698431362
127.791671896,3.938770070701082,29.032400230854524,0.010391283766262005,0.0,0.0,False,0.0,0.0,-0.10868248969050943,MODEL_ONLY,DUPLICATE_OR_OLD,DUPLICATE_OR_OLD,127.698431362,127.698431362
127.84167189600001,3.909471742366168,29.22860627618125,0.006061640643279808,0.0,0.0,False,0.0,0.6061640643279805,-0.11092908108626838,FUSED,ACCEPTED,ACCEPTED,127.804373142,127.804373142
127.891671896,3.8798522519640106,29.423339376039493,0.011061640643279524,0.0,0.0,False,0.0,0.0,-0.11092908108626838,MODEL_ONLY,DUPLICATE_OR_OLD,DUPLICATE_OR_OLD,127.804373142,127.804373142
127.941671896,3.8501198094964875,29.616588677575994,0.01606164064327924,0.0,0.0,False,0.0,0.0,-0.11092908108626838,MODEL_ONLY,DUPLICATE_OR_OLD,DUPLICATE_OR_OLD,127.804373142,127.804373142
127.991671896,3.818378739666987,29.80830114130507,0.006780595038477541,0.0,0.0,False,0.0,0.6780595038477538,-0.11496561613398588,FUSED,ACCEPTED,ACCEPTED,127.900358626,127.900358626
128.041671896,3.7882574571466625,29.9984670462254,0.011780595038477257,0.0,0.0,False,0.0,0.0,-0.11496561613398588,MODEL_ONLY,DUPLICATE_OR_OLD,DUPLICATE_OR_OLD,127.900358626,127.900358626
128.091671896,3.7678874549178833,30.187370669027057,0.006265953020972094,0.0,0.0,False,0.0,0.6265953020972093,-0.08489340418623283,FUSED,ACCEPTED,ACCEPTED,128.046368958,128.046368958
128.141671896,3.7369032610455455,30.37499043692608,0.005297647845765961,0.0,0.0,False,0.0,0.5297647845765959,-0.10575077428899639,FUSED,ACCEPTED,ACCEPTED,128.132373632,128.132373632
128.191671896,3.7070379774680435,30.56108896788896,0.010297647845767099,0.0,0.0,False,0.0,0.0,-0.10575077428899639,MODEL_ONLY,DUPLICATE_OR_OLD,DUPLICATE_OR_OLD,128.132373632,128.132373632
128.241671896,3.6652980519373926,30.745397368624136,0.006047063323449342,0.0,0.0,False,0.0,0.6047063323449342,-0.13818387843477256,FUSED,ACCEPTED,ACCEPTED,128.198389155,128.198389155
128.291671896,3.633712158488039,30.92787262388471,0.011047063323447636,0.0,0.0,False,0.0,0.0,-0.13818387843477256,MODEL_ONLY,DUPLICATE_OR_OLD,DUPLICATE_OR_OLD,128.198389155,128.198389155
128.341671896,3.602085471045516,31.10876756462309,0.016047063323448775,0.0,0.0,False,0.0,0.0,-0.13818387843477256,MODEL_ONLY,DUPLICATE_OR_OLD,DUPLICATE_OR_OLD,128.198389155,128.198389155
128.391671896,3.5911169615395186,31.288597625437653,0.006779083452814717,0.0,0.0,False,0.0,0.6779083452814716,-0.06727574419144725,FUSED,ACCEPTED,ACCEPTED,128.318356638,128.318356638
128.441671896,3.562968138712684,31.467449752944,0.011779083452815853,0.0,0.0,False,0.0,0.0,-0.06727574419144725,MODEL_ONLY,DUPLICATE_OR_OLD,DUPLICATE_OR_OLD,128.318356638,128.318356638
128.491671896,3.515980434710396,31.644423467279616,0.006265742247071543,0.0,0.0,False,0.0,0.6265742247071544,-0.15049137071972724,FUSED,ACCEPTED,ACCEPTED,128.396365153,128.396365153
128.541671896,3.4755124628085827,31.819210789717527,0.005297601238735094,0.0,0.0,False,0.0,0.5297601238735092,-0.14345845660391965,FUSED,ACCEPTED,ACCEPTED,128.498403237,128.498403237
128.591671896,3.4434805589170265,31.99218561526071,0.010297601238736232,0.0,0.0,False,0.0,0.0,-0.14345845660391965,MODEL_ONLY,DUPLICATE_OR_OLD,DUPLICATE_OR_OLD,128.498403237,128.498403237
128.641671896,3.411429649812098,32.16355837047888,0.015297601238734526,0.0,0.0,False,0.0,0.0,-0.14345845660391965,MODEL_ONLY,DUPLICATE_OR_OLD,DUPLICATE_OR_OLD,128.498403237,128.498403237
128.691671896,3.378458037371014,32.333305562658495,0.006699408668955964,0.0,0.0,False,0.0,0.6699408668955962,-0.1333456466904671,FUSED,ACCEPTED,ACCEPTED,128.610379452,128.610379452
128.741671896,3.3468813020712482,32.50143904614459,0.011699408668957101,0.0,0.0,False,0.0,0.0,-0.1333456466904671,MODEL_ONLY,DUPLICATE_OR_OLD,DUPLICATE_OR_OLD,128.610379452,128.610379452
128.791671896,3.332085587066001,32.66841321837296,0.006254598697675485,0.0,0.0,False,0.0,0.6254598697675484,-0.08516117272751503,FUSED,ACCEPTED,ACCEPTED,128.708440121,128.708440121
128.841671896,3.300332418843726,32.83422366852074,0.0052951358234333,0.0,0.0,False,0.0,0.5295135823433298,-0.11848655580578155,FUSED,ACCEPTED,ACCEPTED,128.836368179,128.836368179
128.891671896,3.2694641881892013,32.99846858369651,0.010295135823431594,0.0,0.0,False,0.0,0.0,-0.11848655580578155,MODEL_ONLY,DUPLICATE_OR_OLD,DUPLICATE_OR_OLD,128.836368179,128.836368179
128.941671896,3.2385871033355937,33.16116986598466,0.015295135823432731,0.0,0.0,False,0.0,0.0,-0.11848655580578155,MODEL_ONLY,DUPLICATE_OR_OLD,DUPLICATE_OR_OLD,128.836368179,128.836368179
128.991671896,3.2001868768608666,33.322139215489614,0.00669914006714411,0.0,0.0,False,0.0,0.6699140067144109,-0.13463739908064903,FUSED,ACCEPTED,ACCEPTED,128.916359156,128.916359156
129.041671896,3.168487590058568,33.48135607716254,0.011699140067142405,0.0,0.0,False,0.0,0.0,-0.13463739908064903,MODEL_ONLY,DUPLICATE_OR_OLD,DUPLICATE_OR_OLD,128.916359156,128.916359156
129.091671896,3.136001888408441,33.638968314124256,0.006254561017751211,0.0,0.0,False,0.0,0.625456101775121,-0.12785746916828936,FUSED,ACCEPTED,ACCEPTED,129.004405436,129.004405436
129.141671896,3.1046302335290785,33.79498411717264,0.011254561017749506,0.0,0.0,False,0.0,0.0,-0.12785746916828936,MODEL_ONLY,DUPLICATE_OR_OLD,DUPLICATE_OR_OLD,129.004405436,129.004405436
129.191671896,3.075172199838146,33.949479178006854,0.006191137991894428,0.0,0.0,False,0.0,0.6191137991894426,-0.1225397086961118,FUSED,ACCEPTED,ACCEPTED,129.126346233,129.126346233
129.241671896,3.044057622927347,34.10245992357602,0.011191137991895566,0.0,0.0,False,0.0,0.0,-0.1225397086961118,MODEL_ONLY,DUPLICATE_OR_OLD,DUPLICATE_OR_OLD,129.126346233,129.126346233
129.291671896,3.0164005497279116,34.25397137789235,0.006181914660182008,0.0,0.0,False,0.0,0.6181914660182007,-0.11513479327324856,FUSED,ACCEPTED,ACCEPTED,129.226342972,129.226342972
129.341671896,2.982501399662493,34.40394392662714,0.005278991460201863,0.0,0.0,False,0.0,0.5278991460201862,-0.13105131354054106,FUSED,ACCEPTED,ACCEPTED,129.302592358,129.302592358
129.391671896,2.9509515972146976,34.55228025154902,0.010278991460200157,0.0,0.0,False,0.0,0.0,-0.13105131354054106,MODEL_ONLY,DUPLICATE_OR_OLD,DUPLICATE_OR_OLD,129.302592358,129.302592358
129.441671896,2.9166731124175294,34.698970869289866,0.006044145979580006,0.0,0.0,False,0.0,0.6044145979580005,-0.13299270434351304,FUSED,ACCEPTED,ACCEPTED,129.398345692,129.398345692
129.491671896,2.8850215787502216,34.84401323656909,0.011044145979581144,0.0,0.0,False,0.0,0.0,-0.13299270434351304,MODEL_ONLY,DUPLICATE_OR_OLD,DUPLICATE_OR_OLD,129.398345692,129.398345692
129.541671896,2.864078493904097,34.9877407383854,0.006160365554762,0.0,0.0,False,0.0,0.6160365554761998,-0.09926734930516799,FUSED,ACCEPTED,ACCEPTED,129.534344035,129.534344035
129.591671896,2.834109614157137,35.13019544108696,0.011160365554763137,0.0,0.0,False,0.0,0.0,-0.09926734930516799,MODEL_ONLY,DUPLICATE_OR_OLD,DUPLICATE_OR_OLD,129.534344035,129.534344035
129.641671896,2.804139244610589,35.27115166255611,0.01616036555476143,0.0,0.0,False,0.0,0.0,-0.09926734930516799,MODEL_ONLY,DUPLICATE_OR_OLD,DUPLICATE_OR_OLD,129.534344035,129.534344035
129.691671896,2.7739027738294166,35.410602713017134,0.006790795030172042,0.0,0.0,False,0.0,0.679079503017204,-0.11293150158967225,FUSED,ACCEPTED,ACCEPTED,129.602437208,129.602437208
129.741671896,2.7432467300263386,35.54853145061356,0.01179079503017318,0.0,0.0,False,0.0,0.0,-0.11293150158967225,MODEL_ONLY,DUPLICATE_OR_OLD,DUPLICATE_OR_OLD,129.602437208,129.602437208
129.791671896,2.7125840543327735,35.684927220222484,0.006267374675242703,0.0,0.0,False,0.0,0.6267374675242702,-0.11049222124485365,FUSED,ACCEPTED,ACCEPTED,129.69837147,129.69837147
129.841671896,2.6820480623541205,35.81979302313969,0.01126737467524384,0.0,0.0,False,0.0,0.0,-0.11049222124485365,MODEL_ONLY,DUPLICATE_OR_OLD,DUPLICATE_OR_OLD,129.69837147,129.69837147
129.891671896,2.6610952505771204,35.95337160596293,0.0061929960174416186,0.0,0.0,False,0.0,0.6192996017441617,-0.08299810798956624,FUSED,ACCEPTED,ACCEPTED,129.804336866,129.804336866
129.941671896,2.6319324818892755,36.085697299274614,0.011192996017442756,0.0,0.0,False,0.0,0.0,-0.08299810798956624,MODEL_ONLY,DUPLICATE_OR_OLD,DUPLICATE_OR_OLD,129.804336866,129.804336866
129.991671896,2.6090003065395546,36.21672061898536,0.006182185499764806,0.0,0.0,False,0.0,0.6182185499764805,-0.07974865445011521,FUSED,ACCEPTED,ACCEPTED,129.902514153,129.902514153
130.041671896,2.57999886136289,36.34644559818288,0.0111821854997631,0.0,0.0,False,0.0,0.0,-0.07974865445011521,MODEL_ONLY,DUPLICATE_OR_OLD,DUPLICATE_OR_OLD,129.902514153,129.902514153
130.091671896,2.5377795155373017,36.47439005760542,0.006180609139718285,0.0,0.0,False,0.0,0.6180609139718284,-0.12600840964067744,FUSED,ACCEPTED,ACCEPTED,130.002551563,130.002551563
130.141671896,2.506464191743713,36.6004961502874,0.01118060913971658,0.0,0.0,False,0.0,0.0,-0.12600840964067744,MODEL_ONLY,DUPLICATE_OR_OLD,DUPLICATE_OR_OLD,130.002551563,130.002551563
130.191671896,2.4719919473763117,36.72495755376543,0.006180379170464244,0.0,0.0,False,0.0,0.6180379170464243,-0.11313159039041562,FUSED,ACCEPTED,ACCEPTED,130.114341855,130.114341855
130.241671896,2.4413197739339516,36.847790346798206,0.011180379170465382,0.0,0.0,False,0.0,0.0,-0.11313159039041562,MODEL_ONLY,DUPLICATE_OR_OLD,DUPLICATE_OR_OLD,130.114341855,130.114341855
130.291671896,2.4141051841929726,36.96917597075134,0.006180345618797663,0.0,0.0,False,0.0,0.6180345618797662,-0.10125649206667865,FUSED,ACCEPTED,ACCEPTED,130.214364852,130.214364852
130.341671896,2.3840262302905733,37.08912925611346,0.0111803456187988,0.0,0.0,False,0.0,0.0,-0.10125649206667865,MODEL_ONLY,DUPLICATE_OR_OLD,DUPLICATE_OR_OLD,130.214364852,130.214364852
130.391671896,2.3518916947806865,37.20752720424019,0.006180340723683897,0.0,0.0,False,0.0,0.6180340723683895,-0.11295317086147887,FUSED,ACCEPTED,ACCEPTED,130.302641934,130.302641934
130.441671896,2.3298283657624235,37.3245702057538,0.005278640636400413,0.0,0.0,False,0.0,0.5278640636400412,-0.08023886775985799,FUSED,ACCEPTED,ACCEPTED,130.434334167,130.434334167
130.491671896,2.300799706943135,37.440335907571466,0.01027864063640155,0.0,0.0,False,0.0,0.0,-0.08023886775985799,MODEL_ONLY,DUPLICATE_OR_OLD,DUPLICATE_OR_OLD,130.434334167,130.434334167
130.541671896,2.2717708974783406,37.55465017268197,0.015278640636399846,0.0,0.0,False,0.0,0.0,-0.08023886775985799,MODEL_ONLY,DUPLICATE_OR_OLD,DUPLICATE_OR_OLD,130.434334167,130.434334167
130.591671896,2.2381194464481022,37.66739743128015,0.006697341825848682,0.0,0.0,False,0.0,0.669734182584868,-0.10792441979700518,FUSED,ACCEPTED,ACCEPTED,130.50433786,130.50433786
130.641671896,2.207706109960015,37.77854307019032,0.011697341825846978,0.0,0.0,False,0.0,0.0,-0.10792441979700518,MODEL_ONLY,DUPLICATE_OR_OLD,DUPLICATE_OR_OLD,130.50433786,130.50433786
130.691671896,2.175413985630809,37.88812107258011,0.006254308737839177,0.0,0.0,False,0.0,0.6254308737839175,-0.10484882721683636,FUSED,ACCEPTED,ACCEPTED,130.602721468,130.602721468
130.741671896,2.1451542354160793,37.99613527810631,0.011254308737840314,0.0,0.0,False,0.0,0.0,-0.10484882721683636,MODEL_ONLY,DUPLICATE_OR_OLD,DUPLICATE_OR_OLD,130.602721468,130.602721468
130.791671896,2.1133610552231388,38.10259816037225,0.006191101392211612,0.0,0.0,False,0.0,0.6191101392211611,-0.1078065443333429,FUSED,ACCEPTED,ACCEPTED,130.698329643,130.698329643
130.841671896,2.082953269261257,38.20750601848439,0.01119110139221275,0.0,0.0,False,0.0,0.0,-0.1078065443333429,MODEL_ONLY,DUPLICATE_OR_OLD,DUPLICATE_OR_OLD,130.698329643,130.698329643
130.891671896,2.056696504210932,38.310997262821154,0.0061819093247548985,0.0,0.0,False,0.0,0.6181909324754897,-0.09348265409325501,FUSED,ACCEPTED,ACCEPTED,130.802595479,130.802595479
130.941671896,2.0300518271117727,38.41316597110425,0.00527899027104575,0.0,0.0,False,0.0,0.5278990271045749,-0.08998003790308012,FUSED,ACCEPTED,ACCEPTED,130.902645465,130.902645465
130.991671896,2.000535202378171,38.513930646841516,0.010278990271046888,0.0,0.0,False,0.0,0.0,-0.08998003790308012,MODEL_ONLY,DUPLICATE_OR_OLD,DUPLICATE_OR_OLD,130.902645465,130.902645465
131.041671896,1.9710185354742658,38.6132194902878,0.015278990271045182,0.0,0.0,False,0.0,0.0,-0.08998003790308012,MODEL_ONLY,DUPLICATE_OR_OLD,DUPLICATE_OR_OLD,130.902645465,130.902645465
131.091671896,1.9480033895094688,38.71119503841241,0.006697379961985621,0.0,0.0,False,0.0,0.6697379961985621,-0.0775689765262295,FUSED,ACCEPTED,ACCEPTED,131.002557186,131.002557186
131.141671896,1.9191072058606071,38.80787280329663,0.011697379961983917,0.0,0.0,False,0.0,0.0,-0.0775689765262295,MODEL_ONLY,DUPLICATE_OR_OLD,DUPLICATE_OR_OLD,131.002557186,131.002557186
131.191671896,1.8906753229178104,38.90311736651611,0.006254314088408974,0.0,0.0,False,0.0,0.6254314088408972,-0.0839662374844126,FUSED,ACCEPTED,ACCEPTED,131.114345004,131.114345004
131.241671896,1.8614592221199149,38.99692073014208,0.01125431408841011,0.0,0.0,False,0.0,0.0,-0.0839662374844126,MODEL_ONLY,DUPLICATE_OR_OLD,DUPLICATE_OR_OLD,131.114345004,131.114345004
131.291671896,1.8324739378188692,39.08926905914051,0.006191102168456529,0.0,0.0,False,0.0,0.6191102168456528,-0.08293388409191756,FUSED,ACCEPTED,ACCEPTED,131.250329865,131.250329865
131.341671896,1.8033094127973373,39.18016364290594,0.011191102168457666,0.0,0.0,False,0.0,0.0,-0.08293388409191756,MODEL_ONLY,DUPLICATE_OR_OLD,DUPLICATE_OR_OLD,131.250329865,131.250329865
131.391671896,1.7842999127052181,39.26985387604347,0.006181909437914454,0.0,0.0,False,0.0,0.6181909437914452,-0.05279671674355969,FUSED,ACCEPTED,ACCEPTED,131.326303706,131.326303706
131.441671896,1.7566422136311577,39.358377429201894,0.011181909437915591,0.0,0.0,False,0.0,0.0,-0.05279671674355969,MODEL_ONLY,DUPLICATE_OR_OLD,DUPLICATE_OR_OLD,131.326303706,131.326303706
131.491671896,1.725003307098423,39.44541856722016,0.006180568868091047,0.0,0.0,False,0.0,0.6180568868091046,-0.08019729646314772,FUSED,ACCEPTED,ACCEPTED,131.396425028,131.396425028
131.541671896,1.6959755539978512,39.53094303874754,0.011180568868089342,0.0,0.0,False,0.0,0.0,-0.08019729646314772,MODEL_ONLY,DUPLICATE_OR_OLD,DUPLICATE_OR_OLD,131.396425028,131.396425028
131.591671896,1.665969079512059,39.6149916545853,0.0061803732950248295,0.0,0.0,False,0.0,0.6180373295024828,-0.07391475225117389,FUSED,ACCEPTED,ACCEPTED,131.502592577,131.502592577
131.641671896,1.6372554343889,39.6975722674328,0.011180373295023124,0.0,0.0,False,0.0,0.0,-0.07391475225117389,MODEL_ONLY,DUPLICATE_OR_OLD,DUPLICATE_OR_OLD,131.502592577,131.502592577
131.691671896,1.6122170594999656,39.77880907978004,0.006180344761584985,0.0,0.0,False,0.0,0.6180344761584984,-0.06302920760229529,FUSED,ACCEPTED,ACCEPTED,131.600317307,131.600317307
131.741671896,1.584047676988291,39.85871569819226,0.011180344761586122,0.0,0.0,False,0.0,0.0,-0.06302920760229529,MODEL_ONLY,DUPLICATE_OR_OLD,DUPLICATE_OR_OLD,131.600317307,131.600317307
131.791671896,1.5611692022518198,39.937346120173245,0.006180340598618303,0.0,0.0,False,0.0,0.6180340598618301,-0.0533937900985502,FUSED,ACCEPTED,ACCEPTED,131.696321134,131.696321134
131.841671896,1.5334815797376649,40.014712389723,0.01118034059861944,0.0,0.0,False,0.0,0.0,-0.0533937900985502,MODEL_ONLY,DUPLICATE_OR_OLD,DUPLICATE_OR_OLD,131.696321134,131.696321134
131.891671896,1.5195708102965215,40.09103869947383,0.006180339991249778,0.0,0.0,False,0.0,0.6180339991249778,-0.016432653639616268,FUSED,ACCEPTED,ACCEPTED,131.802533126,131.802533126
131.941671896,1.4927296634003222,40.16634621131627,0.011180339991250916,0.0,0.0,False,0.0,0.0,-0.016432653639616268,MODEL_ONLY,DUPLICATE_OR_OLD,DUPLICATE_OR_OLD,131.802533126,131.802533126
131.991671896,1.4599775224656926,40.24016389096293,0.006180339902636323,0.0,0.0,False,0.0,0.6180339902636323,-0.050965672880965845,FUSED,ACCEPTED,ACCEPTED,131.902467044,131.902467044
132.041671896,1.430633279509067,40.312429161012275,0.011180339902634617,0.0,0.0,False,0.0,0.0,-0.050965672880965845,MODEL_ONLY,DUPLICATE_OR_OLD,DUPLICATE_OR_OLD,131.902467044,131.902467044
132.091671896,1.4013204334366702,40.38322800383593,0.006180339889707379,0.0,0.0,False,0.0,0.6180339889707378,-0.03536763162101619,FUSED,ACCEPTED,ACCEPTED,132.000312112,132.000312112
132.141671896,1.370472036268094,40.452522815578526,0.005278640450496113,0.0,0.0,False,0.0,0.5278640450496113,-0.043082297644859775,FUSED,ACCEPTED,ACCEPTED,132.114371996,132.114371996
132.191671896,1.3406719135428515,40.52030141432382,0.01027864045049725,0.0,0.0,False,0.0,0.0,-0.043082297644859775,MODEL_ONLY,DUPLICATE_OR_OLD,DUPLICATE_OR_OLD,132.114371996,132.114371996
132.241671896,1.3106533181723423,40.586584545116715,0.015278640450498386,0.0,0.0,False,0.0,0.0,-0.043082297644859775,MODEL_ONLY,DUPLICATE_OR_OLD,DUPLICATE_OR_OLD,132.114371996,132.114371996
132.291671896,1.2957315932180062,40.651744167901455,0.006697341805571076,0.0,0.0,False,0.0,0.6697341805571073,0.002094750782314511,FUSED,ACCEPTED,ACCEPTED,132.23844456,132.23844456
132.341671896,1.2676101348857916,40.71582771110407,0.011697341805572213,0.0,0.0,False,0.0,0.0,0.002094750782314511,MODEL_ONLY,DUPLICATE_OR_OLD,DUPLICATE_OR_OLD,132.23844456,132.23844456
132.391671896,1.237132360697755,40.778446273493635,0.006254308734994187,0.0,0.0,False,0.0,0.6254308734994185,-0.021444042021403795,FUSED,ACCEPTED,ACCEPTED,132.338416534,132.338416534
132.441671896,1.2075535717208858,40.83956342180411,0.011254308734995324,0.0,0.0,False,0.0,0.0,-0.021444042021403795,MODEL_ONLY,DUPLICATE_OR_OLD,DUPLICATE_OR_OLD,132.338416534,132.338416534
132.491671896,1.1605977135456744,40.89876720393579,0.0061911013917992815,0.0,0.0,False,0.0,0.6191101391799281,-0.06531312978784774,FUSED,ACCEPTED,ACCEPTED,132.396320705,132.396320705
132.541671896,1.123203443384639,40.95586223285902,0.005281038104102181,0.0,0.0,False,0.0,0.528103810410218,-0.04750116323122797,FUSED,ACCEPTED,ACCEPTED,132.504398141,132.504398141
132.591671896,1.0889513080443907,41.01116610164476,0.010281038104103319,0.0,0.0,False,0.0,0.0,-0.04750116323122797,MODEL_ONLY,DUPLICATE_OR_OLD,DUPLICATE_OR_OLD,132.504398141,132.504398141
132.641671896,1.053383478093145,41.064724471298184,0.015281038104101613,0.0,0.0,False,0.0,0.0,-0.04750116323122797,MODEL_ONLY,DUPLICATE_OR_OLD,DUPLICATE_OR_OLD,132.504398141,132.504398141
132.691671896,1.0230597473180265,41.11663555193348,0.006697603310156957,0.0,0.0,False,0.0,0.6697603310156955,-0.010978111683187061,FUSED,ACCEPTED,ACCEPTED,132.608348049,132.608348049
132.741671896,0.9865221765194121,41.16687510002942,0.011697603310158095,0.0,0.0,False,0.0,0.0,-0.010978111683187061,MODEL_ONLY,DUPLICATE_OR_OLD,DUPLICATE_OR_OLD,132.608348049,132.608348049
132.791671896,0.9596685809863579,41.215529868967046,0.0062543454242592,0.0,0.0,False,0.0,0.62543454242592,0.020697512747128798,FUSED,ACCEPTED,ACCEPTED,132.712331317,132.712331317
132.841671896,0.9178373774164763,41.26246751792713,0.005295079758802779,0.0,0.0,False,0.0,0.5295079758802779,-0.004710618679202593,FUSED,ACCEPTED,ACCEPTED,132.804836221,132.804836221
132.891671896,0.8771752423113593,41.307342833420314,0.010295079758801073,0.0,0.0,False,0.0,0.0,-0.004710618679202593,MODEL_ONLY,DUPLICATE_OR_OLD,DUPLICATE_OR_OLD,132.804836221,132.804836221
132.941671896,0.8352871939177086,41.35015439432605,0.01529507975880221,0.0,0.0,False,0.0,0.0,-0.004710618679202593,MODEL_ONLY,DUPLICATE_OR_OLD,DUPLICATE_OR_OLD,132.804836221,132.804836221
132.991671896,0.767009429258252,41.39021180990545,0.006699133958512148,0.0,0.0,False,0.0,0.6699133958512147,-0.05194579777392956,FUSED,ACCEPTED,ACCEPTED,132.908301427,132.908301427
133.041671896,0.7123964485415644,41.42719695685044,0.005391521145903622,0.0,0.0,False,0.0,0.5391521145903622,-0.04511690886303355,FUSED,ACCEPTED,ACCEPTED,133.012301194,133.012301194
133.091671896,0.664883224733286,41.46162894868232,0.01039152114590476,0.0,0.0,False,0.0,0.0,-0.04511690886303355,MODEL_ONLY,DUPLICATE_OR_OLD,DUPLICATE_OR_OLD,133.012301194,133.012301194
133.141671896,0.616181385867251,41.493655563947314,0.015391521145903055,0.0,0.0,False,0.0,0.0,-0.04511690886303355,MODEL_ONLY,DUPLICATE_OR_OLD,DUPLICATE_OR_OLD,133.012301194,133.012301194
133.191671896,0.5410377125393502,41.522586041407486,0.006709608593794366,0.0,0.0,False,0.0,0.6709608593794365,-0.09253253930170911,FUSED,ACCEPTED,ACCEPTED,133.114293977,133.114293977
133.241671896,0.47166173168237313,41.547903527513036,0.005393744683698283,0.0,0.0,False,0.0,0.539374468369828,-0.09253253930170911,FUSED,ACCEPTED,ACCEPTED,133.204331545,133.204331545
133.291671896,0.41790697430256674,41.570142745162656,0.010393744683696578,0.0,0.0,False,0.0,0.0,-0.09253253930170911,MODEL_ONLY,DUPLICATE_OR_OLD,DUPLICATE_OR_OLD,133.204331545,133.204331545
133.341671896,0.351314784562902,41.5893732891343,0.006062022311179729,0.0,0.0,False,0.0,0.6062022311179727,-0.09253253930170911,FUSED,ACCEPTED,ACCEPTED,133.304328987,133.304328987
133.391671896,0.2961078898656044,41.60555885599501,0.011062022311178024,0.0,0.0,False,0.0,0.0,-0.09253253930170911,MODEL_ONLY,DUPLICATE_OR_OLD,DUPLICATE_OR_OLD,133.304328987,133.304328987
133.441671896,0.24057626833967066,41.61897595995014,0.01606202231117916,0.0,0.0,False,0.0,0.0,-0.09253253930170911,MODEL_ONLY,DUPLICATE_OR_OLD,DUPLICATE_OR_OLD,133.304328987,133.304328987
133.491671896,0.18742253968309663,41.62967593015071,0.006780634596221814,0.0,0.0,False,0.0,0.6780634596221813,-0.09253253930170911,FUSED,ACCEPTED,ACCEPTED,133.398318903,133.398318903
133.541671896,0.1674381382897141,41.63854744710003,0.0054087655454559454,0.0,0.0,False,0.0,0.5408765545455945,-0.09253253930170911,FUSED,ACCEPTED,ACCEPTED,133.50030591,133.50030591
133.591671896,0.112625611235041,41.645549040838155,0.010408765545457083,0.0,0.0,False,0.0,0.0,-0.09253253930170911,MODEL_ONLY,DUPLICATE_OR_OLD,DUPLICATE_OR_OLD,133.50030591,133.50030591
133.641671896,0.05921167111521079,41.64984497289691,0.015408765545455377,0.0,0.0,False,0.0,0.0,-0.09253253930170911,MODEL_ONLY,DUPLICATE_OR_OLD,DUPLICATE_OR_OLD,133.50030591,133.50030591
133.691671896,0.041705473789452704,41.652367901519526,0.0067114745302463835,0.0,0.0,False,0.0,0.6711474530246382,-0.09253253930170911,FUSED,ACCEPTED,ACCEPTED,133.610324351,133.610324351
133.741671896,0.06926407158987892,41.655142140154005,0.01171147453024752,0.0,0.0,False,0.0,0.0,-0.09253253930170911,MODEL_ONLY,DUPLICATE_OR_OLD,DUPLICATE_OR_OLD,133.610324351,133.610324351
133.791671896,0.008870663675898434,41.65709550853565,0.006256290535860593,0.0,0.0,False,0.0,0.6256290535860591,-0.09253253930170911,FUSED,ACCEPTED,ACCEPTED,133.742326518,133.742326518
133.841671896,0.0,41.65731727512755,0.01125629053586173,0.0,0.0,False,0.0,0.0,-0.09253253930170911,MODEL_ONLY,DUPLICATE_OR_OLD,DUPLICATE_OR_OLD,133.742326518,133.742326518
133.891671896,-0.053418571106720464,41.65598181084988,0.006191388883992463,0.0,0.0,False,0.0,0.6191388883992461,-0.09253253930170911,FUSED,ACCEPTED,ACCEPTED,133.802422796,133.802422796
133.941671896,-0.08497833980648258,41.652521888077054,0.0111913888839936,0.0,0.0,False,0.0,0.0,-0.09253253930170911,MODEL_ONLY,DUPLICATE_OR_OLD,DUPLICATE_OR_OLD,133.802422796,133.802422796
133.991671896,-0.0672661632489105,41.64871577550067,0.0061819512343192756,0.0,0.0,False,0.0,0.6181951234319274,-0.09253253930170911,FUSED,ACCEPTED,ACCEPTED,133.916336021,133.916336021
134.041671896,-0.04896716686038352,41.645809942247936,0.005278999611802206,0.0,0.0,False,0.0,0.5278999611802206,-0.09253253930170911,FUSED,ACCEPTED,ACCEPTED,134.016341055,134.016341055
134.091671896,-0.06932857762277331,41.64285254863585,0.010278999611803343,0.0,0.0,False,0.0,0.0,-0.09253253930170911,MODEL_ONLY,DUPLICATE_OR_OLD,DUPLICATE_OR_OLD,134.016341055,134.016341055
134.141671896,-0.08639343923186094,41.63895949821449,0.015278999611801639,0.0,0.0,False,0.0,0.0,-0.09253253930170911,MODEL_ONLY,DUPLICATE_OR_OLD,DUPLICATE_OR_OLD,134.016341055,134.016341055
134.191671896,-0.04237556026274012,41.63574027322712,0.006697380980809554,0.0,0.0,False,0.0,0.6697380980809553,-0.09253253930170911,FUSED,ACCEPTED,ACCEPTED,134.14237313,134.14237313
134.241671896,-0.031059040186201828,41.6339044082159,0.005391148817065034,0.0,0.0,False,0.0,0.5391148817065033,-0.09253253930170911,FUSED,ACCEPTED,ACCEPTED,134.200306829,134.200306829
134.291671896,0.0,41.633127932211245,0.01039114881706333,0.0,0.0,False,0.0,0.0,0.0,STOPPED,DUPLICATE_OR_OLD,DUPLICATE_OR_OLD,134.200306829,134.200306829
134.341671896,0.0,41.633127932211245,0.006061619711637718,0.0,0.0,False,0.0,0.0,0.0,STOPPED,ACCEPTED,ACCEPTED,134.326307192,134.326307192
134.391671896,0.0,41.633127932211245,0.011061619711636012,0.0,0.0,False,0.0,0.0,0.0,STOPPED,DUPLICATE_OR_OLD,DUPLICATE_OR_OLD,134.326307192,134.326307192
134.441671896,0.0,41.633127932211245,0.01606161971163715,0.0,0.0,False,0.0,0.0,0.0,STOPPED,DUPLICATE_OR_OLD,DUPLICATE_OR_OLD,134.326307192,134.326307192
134.491671896,0.0,41.633127932211245,0.006780592869001883,0.0,0.0,False,0.0,0.0,0.0,STOPPED,ACCEPTED,ACCEPTED,134.404315188,134.404315188
134.541671896,0.0,41.633127932211245,0.005408756749577385,0.0,0.0,False,0.0,0.0,0.0,STOPPED,ACCEPTED,ACCEPTED,134.500315391,134.500315391
134.591671896,0.0,41.633127932211245,0.010408756749578522,0.0,0.0,False,0.0,0.0,0.0,STOPPED,DUPLICATE_OR_OLD,DUPLICATE_OR_OLD,134.500315391,134.500315391
134.641671896,0.0,41.633127932211245,0.015408756749576816,0.0,0.0,False,0.0,0.0,0.0,STOPPED,DUPLICATE_OR_OLD,DUPLICATE_OR_OLD,134.500315391,134.500315391
134.691671896,0.0,41.633127932211245,0.006711473579024638,0.0,0.0,False,0.0,0.0,0.0,STOPPED,ACCEPTED,ACCEPTED,134.632314023,134.632314023
134.741671896,0.0,41.633127932211245,0.011711473579025775,0.0,0.0,False,0.0,0.0,0.0,STOPPED,DUPLICATE_OR_OLD,DUPLICATE_OR_OLD,134.632314023,134.632314023
134.791671896,0.0,41.633127932211245,0.00625629040254343,0.0,0.0,False,0.0,0.0,0.0,STOPPED,ACCEPTED,ACCEPTED,134.712301817,134.712301817
134.841671896,0.0,41.633127932211245,0.011256290402544568,0.0,0.0,False,0.0,0.0,0.0,STOPPED,DUPLICATE_OR_OLD,DUPLICATE_OR_OLD,134.712301817,134.712301817
134.891671896,0.0,41.633127932211245,0.0061913888646541165,0.0,0.0,False,0.0,0.0,0.0,STOPPED,ACCEPTED,ACCEPTED,134.812360128,134.812360128
134.941671896,0.0,41.633127932211245,0.005281102119418504,0.0,0.0,False,0.0,0.0,0.0,STOPPED,ACCEPTED,ACCEPTED,134.900304632,134.900304632
134.991671896,0.0,41.633127932211245,0.010281102119419641,0.0,0.0,False,0.0,0.0,0.0,STOPPED,DUPLICATE_OR_OLD,DUPLICATE_OR_OLD,134.900304632,134.900304632
135.041671896,0.0,41.633127932211245,0.006044476244443794,0.0,0.0,False,0.0,0.0,0.0,STOPPED,ACCEPTED,ACCEPTED,135.002494075,135.002494075
135.091671896,0.0,41.633127932211245,0.01104447624444493,0.0,0.0,False,0.0,0.0,0.0,STOPPED,DUPLICATE_OR_OLD,DUPLICATE_OR_OLD,135.002494075,135.002494075
135.141671896,0.0,41.633127932211245,0.006160414244408708,0.0,0.0,False,0.0,0.0,0.0,STOPPED,ACCEPTED,ACCEPTED,135.136298335,135.136298335
135.191671896,0.0,41.633127932211245,0.011160414244409845,0.0,0.0,False,0.0,0.0,0.0,STOPPED,DUPLICATE_OR_OLD,DUPLICATE_OR_OLD,135.136298335,135.136298335
135.241671896,0.0,41.633127932211245,0.006177430561086609,0.0,0.0,False,0.0,0.0,0.0,STOPPED,ACCEPTED,ACCEPTED,135.204296885,135.204296885
135.291671896,0.0,41.633127932211245,0.011177430561084903,0.0,0.0,False,0.0,0.0,0.0,STOPPED,DUPLICATE_OR_OLD,DUPLICATE_OR_OLD,135.204296885,135.204296885
135.341671896,0.0,41.633127932211245,0.01617743056108604,0.0,0.0,False,0.0,0.0,0.0,STOPPED,DUPLICATE_OR_OLD,DUPLICATE_OR_OLD,135.204296885,135.204296885
135.391671896,0.0,41.633127932211245,0.0067925515925991685,0.0,0.0,False,0.0,0.0,0.0,STOPPED,ACCEPTED,ACCEPTED,135.302484462,135.302484462
135.441671896,0.0,41.633127932211245,0.011792551592600306,0.0,0.0,False,0.0,0.0,0.0,STOPPED,DUPLICATE_OR_OLD,DUPLICATE_OR_OLD,135.302484462,135.302484462
135.491671896,0.0,41.633127932211245,0.006267619392114404,0.0,0.0,False,0.0,0.0,0.0,STOPPED,ACCEPTED,ACCEPTED,135.404313666,135.404313666
135.541671896,0.0,41.633127932211245,0.0112676193921127,0.0,0.0,False,0.0,0.0,0.0,STOPPED,DUPLICATE_OR_OLD,DUPLICATE_OR_OLD,135.404313666,135.404313666
135.591671896,0.0,41.633127932211245,0.00619303148461096,0.0,0.0,False,0.0,0.0,0.0,STOPPED,ACCEPTED,ACCEPTED,135.512297924,135.512297924
135.641671896,0.0,41.633127932211245,0.011193031484609255,0.0,0.0,False,0.0,0.0,0.0,STOPPED,DUPLICATE_OR_OLD,DUPLICATE_OR_OLD,135.512297924,135.512297924
135.691671896,0.0,41.633127932211245,0.006182190669348274,0.0,0.0,False,0.0,0.0,0.0,STOPPED,ACCEPTED,ACCEPTED,135.602442684,135.602442684
135.741671896,0.0,41.633127932211245,0.01118219066934941,0.0,0.0,False,0.0,0.0,0.0,STOPPED,DUPLICATE_OR_OLD,DUPLICATE_OR_OLD,135.602442684,135.602442684
135.791671896,0.0,41.633127932211245,0.00618060989384387,0.0,0.0,False,0.0,0.0,0.0,STOPPED,ACCEPTED,ACCEPTED,135.70630635,135.70630635
135.841671896,0.0,41.633127932211245,0.011180609893845006,0.0,0.0,False,0.0,0.0,0.0,STOPPED,DUPLICATE_OR_OLD,DUPLICATE_OR_OLD,135.70630635,135.70630635
135.891671896,0.00041977991712625385,41.63313842670917,0.006180379280487418,0.0,0.0,False,0.0,0.6180379280487416,0.0,FUSED,ACCEPTED,ACCEPTED,135.804350288,135.804350288
135.941671896,0.001171342330283389,41.63317820476536,0.005278649231172156,0.0,0.0,False,0.0,0.5278649231172154,0.0,FUSED,ACCEPTED,ACCEPTED,135.910307666,135.910307666
135.991671896,0.004074669192383008,41.63330935505343,0.010278649231173293,0.0,0.0,False,0.0,0.0,0.0,MODEL_ONLY,DUPLICATE_OR_OLD,DUPLICATE_OR_OLD,135.910307666,135.910307666
136.041671896,0.003042179503471708,41.63348727627082,0.006044092424183486,0.0,0.0,False,0.0,0.6044092424183485,0.0,FUSED,ACCEPTED,ACCEPTED,136.006298404,136.006298404
136.091671896,0.00733167902904273,41.63374662273413,0.011044092424184623,0.0,0.0,False,0.0,0.0,0.0,MODEL_ONLY,DUPLICATE_OR_OLD,DUPLICATE_OR_OLD,136.006298404,136.006298404
136.141671896,0.013157893402744595,41.63425886204492,0.016044092424182917,0.0,0.0,False,0.0,0.0,0.0,MODEL_ONLY,DUPLICATE_OR_OLD,DUPLICATE_OR_OLD,136.006298404,136.006298404
136.191671896,0.006542480041312505,41.63475137138102,0.0067787752132158425,0.0,0.0,False,0.0,0.6778775213215841,0.0,FUSED,ACCEPTED,ACCEPTED,136.14627735,136.14627735
136.241671896,0.006894787076284369,41.63508730305896,0.005408373564583533,0.0,0.0,False,0.0,0.5408373564583533,0.0,FUSED,ACCEPTED,ACCEPTED,136.204388514,136.204388514
136.291671896,0.0164508190772538,41.6356709432128,0.010408373564581828,0.0,0.0,False,0.0,0.0,0.0,MODEL_ONLY,DUPLICATE_OR_OLD,DUPLICATE_OR_OLD,136.204388514,136.204388514
136.341671896,0.026839649747695107,41.63675320493343,0.015408373564582965,0.0,0.0,False,0.0,0.0,0.0,MODEL_ONLY,DUPLICATE_OR_OLD,DUPLICATE_OR_OLD,136.204388514,136.204388514
136.391671896,0.024292352458654833,41.63803150498858,0.006711432139321094,0.0,0.0,False,0.0,0.6711432139321094,0.0,FUSED,ACCEPTED,ACCEPTED,136.312345583,136.312345583
136.441671896,0.02216484901041112,41.63919293502531,0.005394131563579035,0.0,0.0,False,0.0,0.5394131563579032,0.0,FUSED,ACCEPTED,ACCEPTED,136.404310713,136.404310713
136.491671896,0.03614058715771741,41.64065057092951,0.010394131563580173,0.0,0.0,False,0.0,0.0,0.0,MODEL_ONLY,DUPLICATE_OR_OLD,DUPLICATE_OR_OLD,136.404310713,136.404310713
136.541671896,0.05104071806356854,41.64283010356004,0.015394131563578467,0.0,0.0,False,0.0,0.0,0.0,MODEL_ONLY,DUPLICATE_OR_OLD,DUPLICATE_OR_OLD,136.404310713,136.404310713
136.591671896,0.03781977249738001,41.645051615824066,0.006709891190974936,0.0,0.0,False,0.0,0.6709891190974935,0.0,FUSED,ACCEPTED,ACCEPTED,136.516287311,136.516287311
136.641671896,0.054641501123637526,41.647363147664585,0.01170989119097323,0.0,0.0,False,0.0,0.0,0.0,MODEL_ONLY,DUPLICATE_OR_OLD,DUPLICATE_OR_OLD,136.516287311,136.516287311
136.691671896,0.045933174420632376,41.6498775145532,0.006256068611998265,0.0,0.0,False,0.0,0.6256068611998263,0.0,FUSED,ACCEPTED,ACCEPTED,136.604311604,136.604311604
136.741671896,0.03701010981540813,41.65195109665909,0.005295461177447069,0.0,0.0,False,0.0,0.5295461177447067,0.0,FUSED,ACCEPTED,ACCEPTED,136.706301478,136.706301478
136.791671896,0.055843483022876686,41.65427243648005,0.010295461177445363,0.0,0.0,False,0.0,0.0,0.0,MODEL_ONLY,DUPLICATE_OR_OLD,DUPLICATE_OR_OLD,136.706301478,136.706301478
136.841671896,0.060497683549204165,41.65718096564435,0.006046721611497629,0.0,0.0,False,0.0,0.6046721611497627,0.0,FUSED,ACCEPTED,ACCEPTED,136.804311856,136.804311856
136.891671896,0.07996268878528194,41.66069247495271,0.011046721611495924,0.0,0.0,False,0.0,0.0,0.0,MODEL_ONLY,DUPLICATE_OR_OLD,DUPLICATE_OR_OLD,136.804311856,136.804311856
136.941671896,0.1030109644629344,41.66526681628392,0.00616074523728699,0.0,0.0,False,0.0,0.6160745237286989,0.0,FUSED,ACCEPTED,ACCEPTED,136.900265959,136.900265959
136.991671896,0.12272861064725318,41.67091030566168,0.011160745237288126,0.0,0.0,False,0.0,0.0,0.0,MODEL_ONLY,DUPLICATE_OR_OLD,DUPLICATE_OR_OLD,136.900265959,136.900265959
137.041671896,0.15110184249903455,41.67775606699033,0.006177478925276493,0.0,0.0,False,0.0,0.6177478925276491,0.0,FUSED,ACCEPTED,ACCEPTED,137.006272106,137.006272106
137.091671896,0.17092155783282748,41.685806651998625,0.01117747892527763,0.0,0.0,False,0.0,0.0,0.0,MODEL_ONLY,DUPLICATE_OR_OLD,DUPLICATE_OR_OLD,137.006272106,137.006272106
137.141671896,0.19082291622868128,41.69485026385016,0.016177478925275924,0.0,0.0,False,0.0,0.0,0.0,MODEL_ONLY,DUPLICATE_OR_OLD,DUPLICATE_OR_OLD,137.006272106,137.006272106
137.191671896,0.20883606384594708,41.70484173835202,0.006792556568166734,0.0,0.0,False,0.0,0.6792556568166733,0.0,FUSED,ACCEPTED,ACCEPTED,137.116277036,137.116277036
137.241671896,0.22894620699617974,41.71578629512308,0.011792556568167871,0.0,0.0,False,0.0,0.0,0.0,MODEL_ONLY,DUPLICATE_OR_OLD,DUPLICATE_OR_OLD,137.116277036,137.116277036
137.291671896,0.2493619589886506,41.7277439992727,0.006267620085243529,0.0,0.0,False,0.0,0.6267620085243527,0.0,FUSED,ACCEPTED,ACCEPTED,137.208265007,137.208265007
137.341671896,0.26958804413335913,41.74071774935075,0.011267620085244666,0.0,0.0,False,0.0,0.0,0.0,MODEL_ONLY,DUPLICATE_OR_OLD,DUPLICATE_OR_OLD,137.208265007,137.208265007
137.391671896,0.2895784357130047,41.754696911346905,0.006193031585066225,0.0,0.0,False,0.0,0.6193031585066224,0.0,FUSED,ACCEPTED,ACCEPTED,137.304267828,137.304267828
137.441671896,0.30779853678165603,41.76963133565928,0.0052814678919999285,0.0,0.0,False,0.0,0.5281467891999928,0.0,FUSED,ACCEPTED,ACCEPTED,137.404304353,137.404304353
137.491671896,0.32812379250350926,41.785529393891416,0.010281467892001066,0.0,0.0,False,0.0,0.0,0.0,MODEL_ONLY,DUPLICATE_OR_OLD,DUPLICATE_OR_OLD,137.404304353,137.404304353
137.541671896,0.3484850403857536,41.802444614713636,0.01528146789199936,0.0,0.0,False,0.0,0.0,0.0,MODEL_ONLY,DUPLICATE_OR_OLD,DUPLICATE_OR_OLD,137.404304353,137.404304353
137.591671896,0.3492404642993175,41.81988775233077,0.006697650181402958,0.0,0.0,False,0.0,0.6697650181402958,0.0,FUSED,ACCEPTED,ACCEPTED,137.534279014,137.534279014
137.641671896,0.3714515279387361,41.83790505213671,0.00539120599862386,0.0,0.0,False,0.0,0.539120599862386,0.0,FUSED,ACCEPTED,ACCEPTED,137.612299787,137.612299787
137.691671896,0.39192463562219415,41.85698945622574,0.010391205998624998,0.0,0.0,False,0.0,0.0,0.0,MODEL_ONLY,DUPLICATE_OR_OLD,DUPLICATE_OR_OLD,137.612299787,137.612299787
137.741671896,0.412423201200556,41.87709815214632,0.015391205998626135,0.0,0.0,False,0.0,0.0,0.0,MODEL_ONLY,DUPLICATE_OR_OLD,DUPLICATE_OR_OLD,137.612299787,137.612299787
137.791671896,0.43456737805264894,41.89827291662764,0.006709574473466891,0.0,0.0,False,0.0,0.6709574473466889,0.0,FUSED,ACCEPTED,ACCEPTED,137.69826091,137.69826091
137.841671896,0.45567837179279613,41.92052906037378,0.011709574473468029,0.0,0.0,False,0.0,0.0,0.0,MODEL_ONLY,DUPLICATE_OR_OLD,DUPLICATE_OR_OLD,137.69826091,137.69826091
137.891671896,0.4804804935549832,41.943933032007465,0.006256024217108309,0.0,0.0,False,0.0,0.6256024217108309,0.0,FUSED,ACCEPTED,ACCEPTED,137.802453923,137.802453923
137.941671896,0.5025477126753105,41.96850873716323,0.011256024217109447,0.0,0.0,False,0.0,0.0,0.0,MODEL_ONLY,DUPLICATE_OR_OLD,DUPLICATE_OR_OLD,137.802453923,137.802453923
137.991671896,0.5259948748554554,41.9942223018515,0.006191350252684801,0.0,0.0,False,0.0,0.61913502526848,0.0,FUSED,ACCEPTED,ACCEPTED,137.902600364,137.902600364
138.041671896,0.5488060749758141,42.02109232559727,0.011191350252683096,0.0,0.0,False,0.0,0.0,0.0,MODEL_ONLY,DUPLICATE_OR_OLD,DUPLICATE_OR_OLD,137.902600364,137.902600364
138.091671896,0.580317811950736,42.04932042277045,0.00618194560283308,0.0,0.0,False,0.0,0.6181945602833078,0.01706391612618126,FUSED,ACCEPTED,ACCEPTED,138.000259589,138.000259589
138.141671896,0.6054644870943251,42.07896498024656,0.011181945602831374,0.0,0.0,False,0.0,0.0,0.01706391612618126,MODEL_ONLY,DUPLICATE_OR_OLD,DUPLICATE_OR_OLD,138.000259589,138.000259589
138.191671896,0.6300770078739205,42.10985351762078,0.006180574143841265,0.0,0.0,False,0.0,0.6180574143841264,-0.0026242673670844145,FUSED,ACCEPTED,ACCEPTED,138.140260439,138.140260439
138.241671896,0.6619799369751528,42.142154941242005,0.005278692668061035,0.0,0.0,False,0.0,0.5278692668061035,0.02261954543655397,FUSED,ACCEPTED,ACCEPTED,138.220235084,138.220235084
138.291671896,0.6890293773782017,42.17593017410083,0.010278692668059329,0.0,0.0,False,0.0,0.0,0.02261954543655397,MODEL_ONLY,DUPLICATE_OR_OLD,DUPLICATE_OR_OLD,138.220235084,138.220235084
138.341671896,0.716498332211743,42.21106836684059,0.015278692668060466,0.0,0.0,False,0.0,0.0,0.02261954543655397,MODEL_ONLY,DUPLICATE_OR_OLD,DUPLICATE_OR_OLD,138.220235084,138.220235084
138.391671896,0.7591726534747951,42.24796014148274,0.006697347501218545,0.0,0.0,False,0.0,0.6697347501218545,0.04842537698257419,FUSED,ACCEPTED,ACCEPTED,138.304307137,138.304307137
138.441671896,0.7886272097598236,42.286655138063615,0.011697347501219682,0.0,0.0,False,0.0,0.0,0.04842537698257419,MODEL_ONLY,DUPLICATE_OR_OLD,DUPLICATE_OR_OLD,138.304307137,138.304307137
138.491671896,0.8111576206186243,42.32664975882309,0.00625430953410532,0.0,0.0,False,0.0,0.6254309534105319,0.007479569334135294,FUSED,ACCEPTED,ACCEPTED,138.398239418,138.398239418
138.541671896,0.8391046100209928,42.367906314589064,0.011254309534103616,0.0,0.0,False,0.0,0.0,0.007479569334135294,MODEL_ONLY,DUPLICATE_OR_OLD,DUPLICATE_OR_OLD,138.398239418,138.398239418
138.591671896,0.8850904118538793,42.411011190135945,0.006191101507731582,0.0,0.0,False,0.0,0.619110150773158,0.07164791442200992,FUSED,ACCEPTED,ACCEPTED,138.510264464,138.510264464
138.641671896,0.9166638896738492,42.45605504767412,0.011191101507729877,0.0,0.0,False,0.0,0.0,0.07164791442200992,MODEL_ONLY,DUPLICATE_OR_OLD,DUPLICATE_OR_OLD,138.510264464,138.510264464
138.691671896,0.9682703832053642,42.50317840449612,0.006181909341595187,0.0,0.0,False,0.0,0.6181909341595186,0.09930700848866314,FUSED,ACCEPTED,ACCEPTED,138.604273252,138.604273252
138.741671896,1.0015513256489164,42.552423947217484,0.011181909341596324,0.0,0.0,False,0.0,0.0,0.09930700848866314,MODEL_ONLY,DUPLICATE_OR_OLD,DUPLICATE_OR_OLD,138.604273252,138.604273252
138.791671896,1.056002602549268,42.60386279542242,0.006180568854039526,0.0,0.0,False,0.0,0.6180568854039524,0.13343741234422993,FUSED,ACCEPTED,ACCEPTED,138.698274823,138.698274823
138.841671896,1.0923707229339643,42.657572128559515,0.005278691488924634,0.0,0.0,False,0.0,0.5278691488924634,0.10796874619969773,FUSED,ACCEPTED,ACCEPTED,138.814305663,138.814305663
138.891671896,1.1264403273678016,42.713042404817045,0.01027869148892293,0.0,0.0,False,0.0,0.0,0.10796874619969773,MODEL_ONLY,DUPLICATE_OR_OLD,DUPLICATE_OR_OLD,138.814305663,138.814305663
138.941671896,1.1606013868185607,42.770218447671716,0.015278691488924067,0.0,0.0,False,0.0,0.0,0.10796874619969773,MODEL_ONLY,DUPLICATE_OR_OLD,DUPLICATE_OR_OLD,138.814305663,138.814305663
138.991671896,1.205298115332034,42.829365935225496,0.006697347372604388,0.0,0.0,False,0.0,0.6697347372604388,0.13891250183791615,FUSED,ACCEPTED,ACCEPTED,138.900235715,138.900235715
139.041671896,1.2402527128047713,42.89050470592889,0.011697347372602682,0.0,0.0,False,0.0,0.0,0.13891250183791615,MODEL_ONLY,DUPLICATE_OR_OLD,DUPLICATE_OR_OLD,138.900235715,138.900235715
139.091671896,1.2753055613303461,42.95339366278228,0.0062543095160601005,0.0,0.0,False,0.0,0.62543095160601,0.12834836793716078,FUSED,ACCEPTED,ACCEPTED,139.038224721,139.038224721
139.141671896,1.309147713538494,43.018004994653985,0.011254309516058394,0.0,0.0,False,0.0,0.0,0.12834836793716078,MODEL_ONLY,DUPLICATE_OR_OLD,DUPLICATE_OR_OLD,139.038224721,139.038224721
139.191671896,1.356352498319669,43.084642499950455,0.006191101505113632,0.0,0.0,False,0.0,0.6191101505113632,0.17100939712945518,FUSED,ACCEPTED,ACCEPTED,139.118252241,139.118252241
139.241671896,1.3918747978042216,43.15334818235357,0.01119110150511477,0.0,0.0,False,0.0,0.0,0.17100939712945518,MODEL_ONLY,DUPLICATE_OR_OLD,DUPLICATE_OR_OLD,139.118252241,139.118252241
139.291671896,1.4310763094105639,43.22392196003392,0.006181909341213548,0.0,0.0,False,0.0,0.6181909341213547,0.16275386555353272,FUSED,ACCEPTED,ACCEPTED,139.200244168,139.200244168
139.341671896,1.4652791072337512,43.29633084545004,0.011181909341214685,0.0,0.0,False,0.0,0.0,0.16275386555353272,MODEL_ONLY,DUPLICATE_OR_OLD,DUPLICATE_OR_OLD,139.200244168,139.200244168
139.391671896,1.494813018837903,43.3703331486018,0.006180568853983852,0.0,0.0,False,0.0,0.618056885398385,0.15373744835747788,FUSED,ACCEPTED,ACCEPTED,139.316284074,139.316284074
139.441671896,1.533415548810763,43.44603886279304,0.0052786914889122235,0.0,0.0,False,0.0,0.5278691488912224,0.18220279923490618,FUSED,ACCEPTED,ACCEPTED,139.400312284,139.400312284
139.491671896,1.566907217382642,43.52354693194789,0.01027869148891336,0.0,0.0,False,0.0,0.0,0.18220279923490618,MODEL_ONLY,DUPLICATE_OR_OLD,DUPLICATE_OR_OLD,139.400312284,139.400312284
139.541671896,1.5999661793786852,43.60271876686689,0.015278691488911655,0.0,0.0,False,0.0,0.0,0.18220279923490618,MODEL_ONLY,DUPLICATE_OR_OLD,DUPLICATE_OR_OLD,139.400312284,139.400312284
139.591671896,1.6266692804269527,43.683384653362054,0.0066973473726030346,0.0,0.0,False,0.0,0.6697347372603033,0.15827041140012216,FUSED,ACCEPTED,ACCEPTED,139.50236754,139.50236754
139.641671896,1.6432487439360812,43.765132603971104,0.005391141678163083,0.0,0.0,False,0.0,0.5391141678163083,0.12443244028191727,FUSED,ACCEPTED,ACCEPTED,139.6122925,139.6122925
139.691671896,1.6711216265294901,43.84799186323276,0.01039114167816422,0.0,0.0,False,0.0,0.0,0.12443244028191727,MODEL_ONLY,DUPLICATE_OR_OLD,DUPLICATE_OR_OLD,139.6122925,139.6122925
139.741671896,1.6982044011699873,43.93222501392527,0.015391141678165358,0.0,0.0,False,0.0,0.0,0.12443244028191727,MODEL_ONLY,DUPLICATE_OR_OLD,DUPLICATE_OR_OLD,139.6122925,139.6122925
139.791671896,1.7168689314647458,44.0176018472411,0.00670956750954009,0.0,0.0,False,0.0,0.670956750954009,0.13344664249588312,FUSED,ACCEPTED,ACCEPTED,139.704261925,139.704261925
139.841671896,1.7367740237165765,44.10394292112066,0.005393735966593965,0.0,0.0,False,0.0,0.5393735966593964,0.11958329987916926,FUSED,ACCEPTED,ACCEPTED,139.80422106,139.80422106
139.891671896,1.7607556981455885,44.19138116416718,0.010393735966592259,0.0,0.0,False,0.0,0.0,0.11958329987916926,MODEL_ONLY,DUPLICATE_OR_OLD,DUPLICATE_OR_OLD,139.80422106,139.80422106
139.941671896,1.7681788454219889,44.27960452775639,0.006062020959359643,0.0,0.0,False,0.0,0.6062020959359642,0.09216647226890659,FUSED,ACCEPTED,ACCEPTED,139.936230023,139.936230023
139.991671896,1.7882225824195876,44.36851456345245,0.01106202095936078,0.0,0.0,False,0.0,0.0,0.09216647226890659,MODEL_ONLY,DUPLICATE_OR_OLD,DUPLICATE_OR_OLD,139.936230023,139.936230023
140.041671896,1.8072080358257514,44.45840032890855,0.016062020959359075,0.0,0.0,False,0.0,0.0,0.09216647226890659,MODEL_ONLY,DUPLICATE_OR_OLD,DUPLICATE_OR_OLD,139.936230023,139.936230023
140.091671896,1.8250667162132905,44.549207197709556,0.0067806344561149355,0.0,0.0,False,0.0,0.6780634456114933,0.11600799533306813,FUSED,ACCEPTED,ACCEPTED,140.02424581,140.02424581
140.141671896,1.839396097260309,44.640818768046366,0.005408765515922209,0.0,0.0,False,0.0,0.5408765515922208,0.10784663718481236,FUSED,ACCEPTED,ACCEPTED,140.116222952,140.116222952
140.191671896,1.8546243842172796,44.733169280083324,0.010408765515923346,0.0,0.0,False,0.0,0.0,0.10784663718481236,MODEL_ONLY,DUPLICATE_OR_OLD,DUPLICATE_OR_OLD,140.116222952,140.116222952
140.241671896,1.8683647019342344,44.826244007237136,0.015408765515924483,0.0,0.0,False,0.0,0.0,0.10784663718481236,MODEL_ONLY,DUPLICATE_OR_OLD,DUPLICATE_OR_OLD,140.116222952,140.116222952
140.291671896,1.8790350321331173,44.91992900058879,0.006711474527052487,0.0,0.0,False,0.0,0.6711474527052486,0.1198538455567969,FUSED,ACCEPTED,ACCEPTED,140.200215614,140.200215614
140.341671896,1.8909120984968815,45.01417767885456,0.011711474527053624,0.0,0.0,False,0.0,0.0,0.1198538455567969,MODEL_ONLY,DUPLICATE_OR_OLD,DUPLICATE_OR_OLD,140.200215614,140.200215614
140.391671896,1.883415734981715,45.1085358746915,0.006256290535412957,0.0,0.0,False,0.0,0.6256290535412956,0.07544138293306096,FUSED,ACCEPTED,ACCEPTED,140.304209986,140.304209986
140.441671896,1.8911623347183408,45.20290032643402,0.011256290535414094,0.0,0.0,False,0.0,0.0,0.07544138293306096,MODEL_ONLY,DUPLICATE_OR_OLD,DUPLICATE_OR_OLD,140.304209986,140.304209986
140.491671896,1.8879206933697117,45.29737740213624,0.006191388883927944,0.0,0.0,False,0.0,0.6191388883927942,0.07928855232848804,FUSED,ACCEPTED,ACCEPTED,140.404212198,140.404212198
140.541671896,1.8781653036349026,45.39152955206133,0.005281102123709767,0.0,0.0,False,0.0,0.5281102123709764,0.043624081640971965,FUSED,ACCEPTED,ACCEPTED,140.506203961,140.506203961
140.591671896,1.8802490631164133,45.48548991123013,0.010281102123710903,0.0,0.0,False,0.0,0.0,0.043624081640971965,MODEL_ONLY,DUPLICATE_OR_OLD,DUPLICATE_OR_OLD,140.506203961,140.506203961
140.641671896,1.8809787305457497,45.579520606071654,0.015281102123709197,0.0,0.0,False,0.0,0.0,0.043624081640971965,MODEL_ONLY,DUPLICATE_OR_OLD,DUPLICATE_OR_OLD,140.506203961,140.506203961
140.691671896,1.8578302052738962,45.67299082946717,0.0066976102920078585,0.0,0.0,False,0.0,0.6697610292007858,0.021146792406349903,FUSED,ACCEPTED,ACCEPTED,140.608261569,140.608261569
140.741671896,1.8501283859095792,45.765689794246775,0.005391197525709596,0.0,0.0,False,0.0,0.5391197525709596,0.031058646154360332,FUSED,ACCEPTED,ACCEPTED,140.698305722,140.698305722
140.791671896,1.8470635849583374,45.858119593518445,0.010391197525707892,0.0,0.0,False,0.0,0.0,0.031058646154360332,MODEL_ONLY,DUPLICATE_OR_OLD,DUPLICATE_OR_OLD,140.698305722,140.698305722
140.841671896,1.84966257916357,45.95053774762151,0.006061627266742806,0.0,0.0,False,0.0,0.6061627266742804,0.06153309200041097,FUSED,ACCEPTED,ACCEPTED,140.804222258,140.804222258
140.891671896,1.8465912421078616,46.04294409315326,0.0110616272667411,0.0,0.0,False,0.0,0.0,0.06153309200041097,MODEL_ONLY,DUPLICATE_OR_OLD,DUPLICATE_OR_OLD,140.804222258,140.804222258
140.941671896,1.8224709199297835,46.134670647204224,0.006162941055963456,0.0,0.0,False,0.0,0.6162941055963455,-0.0053557143336476695,FUSED,ACCEPTED,ACCEPTED,140.902543047,140.902543047
140.991671896,1.8148688541832652,46.22560414155707,0.011162941055964593,0.0,0.0,False,0.0,0.0,-0.0053557143336476695,MODEL_ONLY,DUPLICATE_OR_OLD,DUPLICATE_OR_OLD,140.902543047,140.902543047
141.041671896,1.8024341601135194,46.31603671691446,0.0061777997440693455,0.0,0.0,False,0.0,0.6177799744069343,0.011501050100173698,FUSED,ACCEPTED,ACCEPTED,141.036212598,141.036212598
141.091671896,1.7947552969832834,46.4059664533419,0.011177799744070483,0.0,0.0,False,0.0,0.0,0.011501050100173698,MODEL_ONLY,DUPLICATE_OR_OLD,DUPLICATE_OR_OLD,141.036212598,141.036212598
141.141671896,1.7866973147047793,46.49550276863407,0.01617779974406878,0.0,0.0,False,0.0,0.0,0.011501050100173698,MODEL_ONLY,DUPLICATE_OR_OLD,DUPLICATE_OR_OLD,141.036212598,141.036212598
141.191671896,1.762403878750965,46.58423029847048,0.006792589572680792,0.0,0.0,False,0.0,0.6792589572680792,-0.024174415622516713,FUSED,ACCEPTED,ACCEPTED,141.134237496,141.134237496
141.241671896,1.7529879189143938,46.67211509341214,0.011792589572681929,0.0,0.0,False,0.0,0.0,-0.024174415622516713,MODEL_ONLY,DUPLICATE_OR_OLD,DUPLICATE_OR_OLD,141.134237496,141.134237496
141.291671896,1.7300018446823044,46.75918983750203,0.006267624682984445,0.0,0.0,False,0.0,0.6267624682984445,-0.052989568810198465,FUSED,ACCEPTED,ACCEPTED,141.206259387,141.206259387
141.341671896,1.7204027829116715,46.845449953191896,0.011267624682985582,0.0,0.0,False,0.0,0.0,-0.052989568810198465,MODEL_ONLY,DUPLICATE_OR_OLD,DUPLICATE_OR_OLD,141.206259387,141.206259387
141.391671896,1.698955517159595,46.930933910693646,0.0061930322514170905,0.0,0.0,False,0.0,0.619303225141709,-0.08211150213777227,FUSED,ACCEPTED,ACCEPTED,141.314204484,141.314204484
141.441671896,1.6909419700614037,47.015681347874185,0.011193032251418229,0.0,0.0,False,0.0,0.0,-0.08211150213777227,MODEL_ONLY,DUPLICATE_OR_OLD,DUPLICATE_OR_OLD,141.314204484,141.314204484
141.491671896,1.6653517645829803,47.099588691240314,0.006182190781115802,0.0,0.0,False,0.0,0.6182190781115802,-0.1363916011401412,FUSED,ACCEPTED,ACCEPTED,141.400252945,141.400252945
141.541671896,1.6588836209489386,47.182694575878585,0.011182190781114097,0.0,0.0,False,0.0,0.0,-0.1363916011401412,MODEL_ONLY,DUPLICATE_OR_OLD,DUPLICATE_OR_OLD,141.400252945,141.400252945
141.591671896,1.6576474210657681,47.265607851928976,0.006180609910148226,0.0,0.0,False,0.0,0.6180609910148226,-0.11638494491187548,FUSED,ACCEPTED,ACCEPTED,141.514202145,141.514202145
141.641671896,1.6567673815904085,47.348468221995354,0.011180609910146522,0.0,0.0,False,0.0,0.0,-0.11638494491187548,MODEL_ONLY,DUPLICATE_OR_OLD,DUPLICATE_OR_OLD,141.514202145,141.514202145
141.691671896,1.6677460115557423,47.43158105682403,0.006180379282866142,0.0,0.0,False,0.0,0.6180379282866142,-0.10784516801085697,FUSED,ACCEPTED,ACCEPTED,141.612228279,141.612228279
141.741671896,1.6708494974309114,47.51504594454871,0.011180379282867279,0.0,0.0,False,0.0,0.0,-0.10784516801085697,MODEL_ONLY,DUPLICATE_OR_OLD,DUPLICATE_OR_OLD,141.612228279,141.612228279
141.791671896,1.6992635899689368,47.59929877173368,0.0061803456351968294,0.0,0.0,False,0.0,0.6180345635196829,-0.06629846263945136,FUSED,ACCEPTED,ACCEPTED,141.714195084,141.714195084
141.841671896,1.708727666067639,47.68449855313462,0.011180345635197967,0.0,0.0,False,0.0,0.0,-0.06629846263945136,MODEL_ONLY,DUPLICATE_OR_OLD,DUPLICATE_OR_OLD,141.714195084,141.714195084
141.891671896,1.7201828695196526,47.770221316524264,0.016180345635196262,0.0,0.0,False,0.0,0.0,-0.06629846263945136,MODEL_ONLY,DUPLICATE_OR_OLD,DUPLICATE_OR_OLD,141.714195084,141.714195084
141.941671896,1.7660436398820862,47.85737697925933,0.006792851459378414,0.0,0.0,False,0.0,0.6792851459378413,-0.040829982057444966,FUSED,ACCEPTED,ACCEPTED,141.928203182,141.928203182
141.991671896,1.7825000782458595,47.94609057221255,0.011792851459379552,0.0,0.0,False,0.0,0.0,-0.040829982057444966,MODEL_ONLY,DUPLICATE_OR_OLD,DUPLICATE_OR_OLD,141.928203182,141.928203182
142.041671896,1.8238408349721602,48.03624909504297,0.006267661165082946,0.0,0.0,False,0.0,0.6267661165082945,-0.0066370364799255704,FUSED,ACCEPTED,ACCEPTED,142.004295998,142.004295998
142.091671896,1.845276390309411,48.12797702567503,0.011267661165084084,0.0,0.0,False,0.0,0.0,-0.0066370364799255704,MODEL_ONLY,DUPLICATE_OR_OLD,DUPLICATE_OR_OLD,142.004295998,142.004295998
142.141671896,1.868059782309858,48.22081042999048,0.016267661165082378,0.0,0.0,False,0.0,0.0,-0.0066370364799255704,MODEL_ONLY,DUPLICATE_OR_OLD,DUPLICATE_OR_OLD,142.004295998,142.004295998
142.191671896,1.9271544478604214,48.315690785744756,0.006801807481793055,0.0,0.0,False,0.0,0.6801807481793053,0.04700500424618005,FUSED,ACCEPTED,ACCEPTED,142.112186702,142.112186702
142.241671896,1.9828037477829747,48.413439740635866,0.005413224335482004,0.0,0.0,False,0.0,0.5413224335482002,0.09786465263755924,FUSED,ACCEPTED,ACCEPTED,142.204204464,142.204204464
142.291671896,2.014705187570047,48.513377464019655,0.010413224335480298,0.0,0.0,False,0.0,0.0,0.09786465263755924,MODEL_ONLY,DUPLICATE_OR_OLD,DUPLICATE_OR_OLD,142.204204464,142.204204464
142.341671896,2.066791451793746,48.615414880003776,0.006065040835436927,0.0,0.0,False,0.0,0.6065040835436926,0.10382714377657694,FUSED,ACCEPTED,ACCEPTED,142.302468594,142.302468594
142.391671896,2.1014546242009455,48.71962103190361,0.011065040835435223,0.0,0.0,False,0.0,0.0,0.10382714377657694,MODEL_ONLY,DUPLICATE_OR_OLD,DUPLICATE_OR_OLD,142.302468594,142.302468594
142.441671896,2.1373046327109546,48.825590013326426,0.01606504083543636,0.0,0.0,False,0.0,0.0,0.10382714377657694,MODEL_ONLY,DUPLICATE_OR_OLD,DUPLICATE_OR_OLD,142.302468594,142.302468594
142.491671896,2.1741996104551298,48.933377619405604,0.021065040835437497,0.0,0.0,False,0.0,0.0,0.10382714377657694,MODEL_ONLY,DUPLICATE_OR_OLD,DUPLICATE_OR_OLD,142.302468594,142.302468594
142.541671896,2.212014648431483,49.04303297587773,0.02606504083543579,0.0,0.0,False,0.0,0.0,0.10382714377657694,MODEL_ONLY,DUPLICATE_OR_OLD,DUPLICATE_OR_OLD,142.302468594,142.302468594
142.591671896,2.225204503924486,49.15396345468665,0.03106504083543693,0.0,0.0,False,0.0,0.0,0.10382714377657694,MODEL_ONLY,MISSING_OR_STALE,MISSING_OR_STALE,142.302468594,142.302468594
142.641671896,2.2645428739453077,49.26620713913335,0.06751867013840536,0.007771769350666746,0.15543538701338794,True,0.03145362930297013,0.0,0.10382714377657694,MODEL_ONLY,MISSING_OR_STALE,MISSING_OR_STALE,142.302468594,142.302468594
142.691671896,2.304509236565287,49.38043344189614,0.073684435541007,0.01554353870133791,0.15543538701338794,True,0.001165765402600498,0.0,0.10382714377657694,MODEL_ONLY,MISSING_OR_STALE,MISSING_OR_STALE,142.302468594,142.302468594
142.741671896,2.345371184130057,49.49668045241355,0.08062737787867592,0.023315308052009074,0.15543538701338794,True,0.001942942337667791,0.0,0.10382714377657694,MODEL_ONLY,MISSING_OR_STALE,MISSING_OR_STALE,142.302468594,142.302468594
142.791671896,2.387021664089009,49.614990273618986,0.08834749715140754,0.03108707740267582,0.15543538701338794,True,0.0027201192727333173,0.0,0.10382714377657694,MODEL_ONLY,MISSING_OR_STALE,MISSING_OR_STALE,142.302468594,142.302468594
142.841671896,2.4293664202752927,49.73539997572812,0.09684479335921062,0.038858846753346984,0.15543538701338794,True,0.0034972962078019354,0.0,0.10382714377657694,MODEL_ONLY,MISSING_OR_STALE,MISSING_OR_STALE,142.302468594,142.302468594
142.891671896,2.472322463307016,49.857942197817636,0.1061192665020755,0.04663061610401373,0.15543538701338794,True,0.004274473142866578,0.0,0.10382714377657694,MODEL_ONLY,MISSING_OR_STALE,MISSING_OR_STALE,142.302468594,142.302468594
142.941671896,2.5158167238273315,49.98264567749602,0.11617091658001272,0.05440238545468489,0.15543538701338794,True,0.00505165007793608,0.0,0.10382714377657694,MODEL_ONLY,MISSING_OR_STALE,MISSING_OR_STALE,142.302468594,142.302468594
142.991671896,2.5597848667273313,50.10953571725992,0.12699974359301722,0.062174154805356055,0.15543538701338794,True,0.005828827013003373,0.0,0.10382714377657694,MODEL_ONLY,MISSING_OR_STALE,MISSING_OR_STALE,142.302468594,142.302468594
143.041671896,2.6041702471094457,50.23863459510579,0.13860574754108218,0.0699459241560228,0.15543538701338794,True,0.0066060039480666894,0.0,0.10382714377657694,MODEL_ONLY,MISSING_OR_STALE,MISSING_OR_STALE,142.302468594,142.302468594
143.091671896,2.648922991048378,50.369961926059766,0.15098892842422085,0.07771769350669397,0.15543538701338794,True,0.007383180883137517,0.0,0.10382714377657694,MODEL_ONLY,MISSING_OR_STALE,MISSING_OR_STALE,142.302468594,142.302468594
143.141671896,2.6939991862318036,50.50353498049172,0.1641492862424191,0.08548946285736071,0.15543538701338794,True,0.00816035781819995,0.0,0.10382714377657694,MODEL_ONLY,MISSING_OR_STALE,MISSING_OR_STALE,142.302468594,142.302468594
143.191671896,2.739360169347119,50.63936896438123,0.1780868209956919,0.09326123220803188,0.15543538701338794,True,0.00893753475327166,0.0,0.10382714377657694,MODEL_ONLY,MISSING_OR_STALE,MISSING_OR_STALE,142.302468594,142.302468594
143.241671896,2.784971898649099,50.77747726608116,0.192801532684032,0.10103300155870305,0.15543538701338794,True,0.009714711688338954,0.0,0.10382714377657694,MODEL_ONLY,MISSING_OR_STALE,MISSING_OR_STALE,142.302468594,142.302468594
143.291671896,2.8304617429246224,50.91786310712046,0.20829342130743034,0.1088047709093698,0.15543538701338794,True,0.010491888623400066,0.0,0.10382714377657694,MODEL_ONLY,MISSING_OR_STALE,MISSING_OR_STALE,142.302468594,142.302468594
143.341671896,2.87584427153764,51.06052075748205,0.22456248686590458,0.11657654026004097,0.15543538701338794,True,0.0112690655584731,0.0,0.10382714377657694,MODEL_ONLY,MISSING_OR_STALE,MISSING_OR_STALE,142.302468594,142.302468594
143.391671896,2.92113231232254,51.205445172078505,0.2416087293594362,0.12434830961070771,0.15543538701338794,True,0.012046242493533326,0.0,0.10382714377657694,MODEL_ONLY,MISSING_OR_STALE,MISSING_OR_STALE,142.302468594,142.302468594
143.441671896,2.966337159755749,51.3526319088805,0.25943214878804455,0.13212007896137887,0.15543538701338794,True,0.012823419428607244,0.0,0.10382714377657694,MODEL_ONLY,MISSING_OR_STALE,MISSING_OR_STALE,142.302468594,142.302468594
143.491671896,3.011468758243463,51.50207705683051,0.2780327451517202,0.13989184831205004,0.15543538701338794,True,0.013600596363674536,0.0,0.10382714377657694,MODEL_ONLY,MISSING_OR_STALE,MISSING_OR_STALE,142.302468594,142.302468594
143.541671896,3.0565358635005584,51.653777172374056,0.2974105184504519,0.1476636176627168,0.15543538701338794,True,0.014377773298733437,0.0,0.10382714377657694,MODEL_ONLY,MISSING_OR_STALE,MISSING_OR_STALE,142.302468594,142.302468594
143.591671896,3.1015461846392975,51.80772922357759,0.3175654686842617,0.15543538701338797,0.15543538701338794,True,0.015154950233808683,0.0,0.10382714377657694,MODEL_ONLY,MISSING_OR_STALE,MISSING_OR_STALE,142.302468594,142.302468594
143.641671896,3.1465065092734044,51.963930540925354,0.3384975958531267,0.16320715636405472,0.15543538701338794,True,0.0159321271688667,0.0,0.10382714377657694,MODEL_ONLY,MISSING_OR_STALE,MISSING_OR_STALE,142.302468594,142.302468594
143.691671896,3.1914228136683556,52.12237877399893,0.36020689995707067,0.1709789257147259,0.15543538701338794,True,0.016709304103942828,0.0,0.10382714377657694,MODEL_ONLY,MISSING_OR_STALE,MISSING_OR_STALE,142.302468594,142.302468594
143.741671896,3.2363003597246425,52.283071853333794,0.3826933809960819,0.17875069506539706,0.15543538701338794,True,0.017486481039010123,0.0,0.10382714377657694,MODEL_ONLY,MISSING_OR_STALE,MISSING_OR_STALE,142.302468594,142.302468594
143.791671896,3.2811437803685033,52.44600795683607,0.405957038970147,0.18652246441606382,0.15543538701338794,True,0.018263657974066816,0.0,0.10382714377657694,MODEL_ONLY,MISSING_OR_STALE,MISSING_OR_STALE,142.302468594,142.302468594
143.841671896,3.3259571547355984,52.61118548021371,0.4299978738792924,0.194294233766735,0.15543538701338794,True,0.01904083490914427,0.0,0.10382714377657694,MODEL_ONLY,MISSING_OR_STALE,MISSING_OR_STALE,142.302468594,142.302468594
143.891671896,3.3707440743674564,52.77860301094123,0.45481588572349074,0.20206600311740175,0.15543538701338794,True,0.019818011844200078,0.0,0.10382714377657694,MODEL_ONLY,MISSING_OR_STALE,MISSING_OR_STALE,142.302468594,142.302468594
143.941671896,3.415507701495581,52.94825930533785,0.48041107450277026,0.20983777246807292,0.15543538701338794,True,0.020595188779278416,0.0,0.10382714377657694,MODEL_ONLY,MISSING_OR_STALE,MISSING_OR_STALE,142.302468594,142.302468594
143.991671896,3.4602508203582842,53.120153268384236,0.5067834402171171,0.2176095418187441,0.15543538701338794,True,0.02137236571434571,0.0,0.10382714377657694,MODEL_ONLY,MISSING_OR_STALE,MISSING_OR_STALE,142.302468594,142.302468594
144.041671896,3.5049758823836665,53.29428393595273,0.5339329828665156,0.22538131116941085,0.15543538701338794,True,0.02214954264940019,0.0,0.10382714377657694,MODEL_ONLY,MISSING_OR_STALE,MISSING_OR_STALE,142.302468594,142.302468594
144.091671896,3.549685045971716,53.470650459161654,0.5618597024509966,0.23315308052008202,0.15543538701338794,True,0.022926719584479855,0.0,0.10382714377657694,MODEL_ONLY,MISSING_OR_STALE,MISSING_OR_STALE,142.302468594,142.302468594
144.141671896,3.594380211520865,53.64925209059891,0.5905635989705283,0.24092484987074878,0.15543538701338794,True,0.023703896519533457,0.0,0.10382714377657694,MODEL_ONLY,MISSING_OR_STALE,MISSING_OR_STALE,142.302468594,142.302468594
144.191671896,3.6390630522680514,53.83008817219367,0.6200446724251435,0.24869661922141995,0.15543538701338794,True,0.024481073454614,0.0,0.10382714377657694,MODEL_ONLY,MISSING_OR_STALE,MISSING_OR_STALE,142.302468594,142.302468594
144.241671896,3.683735041442,54.01315812453646,0.6503029228148259,0.2564683885720911,0.15543538701338794,True,0.025258250389681294,0.0,0.10382714377657694,MODEL_ONLY,MISSING_OR_STALE,MISSING_OR_STALE,142.302468594,142.302468594
144.291671896,3.728397476171004,54.19846143747672,0.6813383501395578,0.26424015792275785,0.15543538701338794,True,0.026035427324733566,0.0,0.10382714377657694,MODEL_ONLY,MISSING_OR_STALE,MISSING_OR_STALE,142.302468594,142.302468594
144.341671896,3.7730514985329315,54.385997661844364,0.7131509543993744,0.272011927273429,0.15543538701338794,True,0.02681260425981544,0.0,0.10382714377657694,MODEL_ONLY,MISSING_OR_STALE,MISSING_OR_STALE,142.302468594,142.302468594
144.391671896,3.8176981140888007,54.57576640215984,0.7457407355942396,0.27978369662409575,0.15543538701338794,True,0.027589781194866828,0.0,0.10382714377657694,MODEL_ONLY,MISSING_OR_STALE,MISSING_OR_STALE,142.302468594,142.302468594
144.441671896,3.862338208201333,54.76776731021714,0.7791076937241903,0.2875554659747669,0.15543538701338794,True,0.028366958129949583,0.0,0.10382714377657694,MODEL_ONLY,MISSING_OR_STALE,MISSING_OR_STALE,142.302468594,142.302468594
144.491671896,3.9069725604025276,54.96200007943228,0.8132518287892083,0.29532723532543803,0.15543538701338794,True,0.029144135065016872,0.0,0.10382714377657694,MODEL_ONLY,MISSING_OR_STALE,MISSING_OR_STALE,142.302468594,142.302468594
144.541671896,3.9516018570440647,55.158464439868375,0.8481731407892736,0.3030990046761048,0.15543538701338794,True,0.029921312000066935,0.0,0.10382714377657694,MODEL_ONLY,MISSING_OR_STALE,MISSING_OR_STALE,142.302468594,142.302468594
144.591671896,3.996226702435566,55.35716015385541,0.8838716297244258,0.31087077402677593,0.15543538701338794,True,0.030698488935151015,0.0,0.10382714377657694,MODEL_ONLY,MISSING_OR_STALE,MISSING_OR_STALE,142.302468594,142.302468594
144.641671896,4.040847628651214,55.55808701213251,0.9203472955946244,0.3186425433774427,0.15543538701338794,True,0.031475665870200197,0.0,0.10382714377657694,MODEL_ONLY,MISSING_OR_STALE,MISSING_OR_STALE,142.302468594,142.302468594
144.691671896,4.085465104164509,55.76124483045295,0.9576001383999106,0.32641431272811383,0.15543538701338794,True,0.03225284280528516,0.0,0.10382714377657694,MODEL_ONLY,MISSING_OR_STALE,MISSING_OR_STALE,142.302468594,142.302468594
144.741671896,4.130079541450527,55.96663344659338,0.9956301581402642,0.334186082078785,0.15543538701338794,True,0.033030019740352454,0.0,0.10382714377657694,MODEL_ONLY,MISSING_OR_STALE,MISSING_OR_STALE,142.302468594,142.302468594
144.791671896,4.174691303679684,56.174252717721565,1.034437354815663,0.34195785142945173,0.15543538701338794,True,0.0338071966754003,0.0,0.10382714377657694,MODEL_ONLY,MISSING_OR_STALE,MISSING_OR_STALE,142.302468594,142.302468594
144.841671896,4.219300710611378,56.38410251807889,1.0740217284261506,0.3497296207801229,0.15543538701338794,True,0.03458437361048659,0.0,0.10382714377657694,MODEL_ONLY,MISSING_OR_STALE,MISSING_OR_STALE,142.302468594,142.302468594
144.891671896,4.263908043782899,56.59618273693867,1.1143832789716825,0.35750139013078963,0.15543538701338794,True,0.03536155054553356,0.0,0.10382714377657694,MODEL_ONLY,MISSING_OR_STALE,MISSING_OR_STALE,142.302468594,142.302468594
144.941671896,4.308513551078447,56.810493276810256,1.1555220064523044,0.3652731594814608,0.15543538701338794,True,0.03613872748062074,0.0,0.10382714377657694,MODEL_ONLY,MISSING_OR_STALE,MISSING_OR_STALE,142.302468594,142.302468594
144.991671896,4.353117450751648,57.027034051856056,1.1974379108679936,0.3730449288321319,0.15543538701338794,True,0.03691590441568803,0.0,0.10382714377657694,MODEL_ONLY,MISSING_OR_STALE,MISSING_OR_STALE,142.302468594,142.302468594
145.041671896,4.3977199349674665,57.24580498649896,1.2401309922187256,0.3808166981827987,0.15543538701338794,True,0.03769308135073367,0.0,0.10382714377657694,MODEL_ONLY,MISSING_OR_STALE,MISSING_OR_STALE,142.302468594,142.302468594
145.091671896,4.442321172920758,57.466806014196216,1.2836012505045489,0.3885884675334698,0.15543538701338794,True,0.03847025828582217,0.0,0.10382714377657694,MODEL_ONLY,MISSING_OR_STALE,MISSING_OR_STALE,142.302468594,142.302468594
145.141671896,4.486921313581804,57.690037076358706,1.3278486857254141,0.3963602368841366,0.15543538701338794,True,0.03924743522086693,0.0,0.10382714377657694,MODEL_ONLY,MISSING_OR_STALE,MISSING_OR_STALE,142.302468594,142.302468594
145.191671896,4.531520488114014,57.91549812140115,1.3728732978813718,0.4041320062348077,0.15543538701338794,True,0.04002461215595632,0.0,0.10382714377657694,MODEL_ONLY,MISSING_OR_STALE,MISSING_OR_STALE,142.302468594,142.302468594
145.241671896,4.576118812002286,58.143189103904106,1.4186750869723965,0.41190377558547886,0.15543538701338794,True,0.0408017890910236,0.0,0.10382714377657694,MODEL_ONLY,MISSING_OR_STALE,MISSING_OR_STALE,142.302468594,142.302468594
145.291671896,4.6207163869271834,58.373109983877264,1.465254052998462,0.4196755449361456,0.15543538701338794,True,0.04157896602606704,0.0,0.10382714377657694,MODEL_ONLY,MISSING_OR_STALE,MISSING_OR_STALE,142.302468594,142.302468594
145.341671896,4.66531330241509,58.60526072611087,1.512610195959621,0.42744731428681676,0.15543538701338794,True,0.04235614296115775,0.0,0.10382714377657694,MODEL_ONLY,MISSING_OR_STALE,MISSING_OR_STALE,142.302468594,142.302468594
145.391671896,4.709909637290878,58.83964129960344,1.5607435158558196,0.4352190836374835,0.15543538701338794,True,0.0431333198962003,0.0,0.10382714377657694,MODEL_ONLY,MISSING_OR_STALE,MISSING_OR_STALE,142.302468594,142.302468594
145.441671896,4.754505460957291,59.0762516770597,1.6096540126871128,0.44299085298815466,0.15543538701338794,True,0.0439104968312919,0.0,0.10382714377657694,MODEL_ONLY,MISSING_OR_STALE,MISSING_OR_STALE,142.302468594,142.302468594
145.491671896,4.7991008345210355,59.31509183444671,1.6593416864534731,0.4507626223388258,0.15543538701338794,True,0.04468767376635918,0.0,0.10382714377657694,MODEL_ONLY,MISSING_OR_STALE,MISSING_OR_STALE,142.302468594,142.302468594
145.541671896,4.8436958117845075,59.55616175060427,1.7098065371548719,0.45853439168949256,0.15543538701338794,True,0.04546485070140041,0.0,0.10382714377657694,MODEL_ONLY,MISSING_OR_STALE,MISSING_OR_STALE,142.302468594,142.302468594
145.591671896,4.888290440118979,59.79946140690191,1.7610485647913665,0.4663061610401637,0.15543538701338794,True,0.04624202763649333,0.0,0.10382714377657694,MODEL_ONLY,MISSING_OR_STALE,MISSING_OR_STALE,142.302468594,142.302468594
145.641671896,4.932884761233165,60.044990786935635,1.8130677693628985,0.47407793039083046,0.15543538701338794,True,0.04701920457153367,0.0,0.10382714377657694,MODEL_ONLY,MISSING_OR_STALE,MISSING_OR_STALE,142.302468594,142.302468594
145.691671896,4.977478811850279,60.292749876262775,1.8658641508695273,0.4818496997415016,0.15543538701338794,True,0.04779638150662747,0.0,0.10382714377657694,MODEL_ONLY,MISSING_OR_STALE,MISSING_OR_STALE,142.302468594,142.302468594
145.741671896,5.022072624303806,60.542738662166684,1.9194377093112234,0.48962146909217275,0.15543538701338794,True,0.04857355844169476,0.0,0.10382714377657694,MODEL_ONLY,MISSING_OR_STALE,MISSING_OR_STALE,142.302468594,142.302468594
145.791671896,5.066666227062286,60.79495713345075,1.9737884446879554,0.4973932384428395,0.15543538701338794,True,0.049350735376733776,0.0,0.10382714377657694,MODEL_ONLY,MISSING_OR_STALE,MISSING_OR_STALE,142.302468594,142.302468594
145.841671896,5.111259645191385,61.04940528025715,2.0289163569997855,0.5051650077935107,0.15543538701338794,True,0.05012791231182891,0.0,0.10382714377657694,MODEL_ONLY,MISSING_OR_STALE,MISSING_OR_STALE,142.302468594,142.302468594
145.891671896,5.155852900760482,61.306083093905855,2.0848214462466506,0.5129367771441774,0.15543538701338794,True,0.05090508924686704,0.0,0.10382714377657694,MODEL_ONLY,MISSING_OR_STALE,MISSING_OR_STALE,142.302468594,142.302468594
145.941671896,5.200446013201016,61.56499056675495,2.141503712428615,0.5207085464948485,0.15543538701338794,True,0.051682266181963046,0.0,0.10382714377657694,MODEL_ONLY,MISSING_OR_STALE,MISSING_OR_STALE,142.302468594,142.302468594
145.991671896,5.245038999621648,61.82612769207557,2.1989631555456466,0.5284803158455197,0.15543538701338794,True,0.05245944311703034,0.0,0.10382714377657694,MODEL_ONLY,MISSING_OR_STALE,MISSING_OR_STALE,142.302468594,142.302468594
146.041671896,5.2896318750859725,62.089494463943176,2.257199775597712,0.5362520851961864,0.15543538701338794,True,0.05323662005206715,0.0,0.10382714377657694,MODEL_ONLY,MISSING_OR_STALE,MISSING_OR_STALE,142.302468594,142.302468594
146.091671896,5.334224652857052,62.35509087714181,2.3162135725848776,0.5440238545468575,0.15543538701338794,True,0.05401379698716448,0.0,0.10382714377657694,MODEL_ONLY,MISSING_OR_STALE,MISSING_OR_STALE,142.302468594,142.302468594
146.141671896,5.378817344612469,62.62291692707846,2.376004546507076,0.5517956238975242,0.15543538701338794,True,0.0547909739222004,0.0,0.10382714377657694,MODEL_ONLY,MISSING_OR_STALE,MISSING_OR_STALE,142.302468594,142.302468594
146.191671896,5.423409960634039,62.89297260970968,2.436572697364376,0.5595673932481954,0.15543538701338794,True,0.05556815085729862,0.0,0.10382714377657694,MODEL_ONLY,MISSING_OR_STALE,MISSING_OR_STALE,142.302468594,142.302468594
146.241671896,5.468002509974485,63.165257921474954,2.497918025156743,0.5673391625988665,0.15543538701338794,True,0.05634532779236591,0.0,0.10382714377657694,MODEL_ONLY,MISSING_OR_STALE,MISSING_OR_STALE,142.302468594,142.302468594
146.291671896,5.512595000604421,63.43977285923933,2.5600405298841418,0.5751109319495332,0.15543538701338794,True,0.057122504727400505,0.0,0.10382714377657694,MODEL_ONLY,MISSING_OR_STALE,MISSING_OR_STALE,142.302468594,142.302468594
146.341671896,5.557187439541775,63.71651742024306,2.622940211546643,0.5828827013002044,0.15543538701338794,True,0.05789968166250004,0.0,0.10382714377657694,MODEL_ONLY,MISSING_OR_STALE,MISSING_OR_STALE,142.302468594,142.302468594
146.391671896,5.601779832965505,63.995491602055644,2.686617070144175,0.5906544706508711,0.15543538701338794,True,0.05867685859753376,0.0,0.10382714377657694,MODEL_ONLY,MISSING_OR_STALE,MISSING_OR_STALE,142.302468594,142.302468594
146.441671896,5.646372186316069,64.27669540253775,2.7510711056768105,0.5984262400015422,0.15543538701338794,True,0.05945403553263418,0.0,0.10382714377657694,MODEL_ONLY,MISSING_OR_STALE,MISSING_OR_STALE,142.302468594,142.302468594
146.491671896,5.691307162985993,64.56013738627037,2.8163023181445133,0.6061980093522134,0.15543538701338794,True,0.060231212467701474,0.0,0.10382714377657694,MODEL_ONLY,MISSING_OR_STALE,MISSING_OR_STALE,142.302468594,142.302468594
146.541671896,5.736543807954226,64.84583366054378,2.882310707547245,0.61396977870288,0.15543538701338794,True,0.06100838940273386,0.0,0.10382714377657694,MODEL_ONLY,MISSING_OR_STALE,MISSING_OR_STALE,142.302468594,142.302468594
146.591671896,5.782046061703551,65.13379840728528,2.949096273885082,0.6217415480535512,0.15543538701338794,True,0.061785566337835614,0.0,0.10382714377657694,MODEL_ONLY,MISSING_OR_STALE,MISSING_OR_STALE,142.302468594,142.302468594
146.641671896,5.8277821750428975,65.42404411320385,3.0166590171579473,0.6295133174042179,0.15543538701338794,True,0.06256274327286712,0.0,0.10382714377657694,MODEL_ONLY,MISSING_OR_STALE,MISSING_OR_STALE,142.302468594,142.302468594
146.691671896,5.873724193878459,65.71658177242695,3.0849989373659183,0.637285086754889,0.15543538701338794,True,0.06333992020796975,0.0,0.10382714377657694,MODEL_ONLY,MISSING_OR_STALE,MISSING_OR_STALE,142.302468594,142.302468594
146.741671896,5.919847505571639,66.01142106491326,3.1541160345089567,0.6450568561055602,0.15543538701338794,True,0.06411709714303704,0.0,0.10382714377657694,MODEL_ONLY,MISSING_OR_STALE,MISSING_OR_STALE,142.302468594,142.302468594
146.791671896,5.966120136630973,66.30857025596823,3.224010308587022,0.6528286254562269,0.15543538701338794,True,0.06489427407806722,0.0,0.10382714377657694,MODEL_ONLY,MISSING_OR_STALE,MISSING_OR_STALE,142.302468594,142.302468594
146.841671896,6.012482710892963,66.6080353271564,3.2946817596001945,0.660600394806898,0.15543538701338794,True,0.06567145101317118,0.0,0.10382714377657694,MODEL_ONLY,MISSING_OR_STALE,MISSING_OR_STALE,142.302468594,142.302468594
146.891671896,6.058883509988249,66.90981948267833,3.366130387548393,0.6683721641575647,0.15543538701338794,True,0.06644862794820047,0.0,0.10382714377657694,MODEL_ONLY,MISSING_OR_STALE,MISSING_OR_STALE,142.302468594,142.302468594
146.941671896,6.105277591593875,67.21392351021795,3.4383561924316997,0.6761439335082359,0.15543538701338794,True,0.06722580488330532,0.0,0.10382714377657694,MODEL_ONLY,MISSING_OR_STALE,MISSING_OR_STALE,142.302468594,142.302468594
146.991671896,6.151626004900268,67.52034610013038,3.5113591742500736,0.683915702858907,0.15543538701338794,True,0.06800298181837261,0.0,0.10382714377657694,MODEL_ONLY,MISSING_OR_STALE,MISSING_OR_STALE,142.302468594,142.302468594
147.041671896,6.1978950929044645,67.8290841275754,3.585139333003472,0.6916874722095737,0.15543538701338794,True,0.06878015875340057,0.0,0.10382714377657694,MODEL_ONLY,MISSING_OR_STALE,MISSING_OR_STALE,142.302468594,142.302468594
147.091671896,6.244055872218724,68.14013290170355,3.6596966686919803,0.6994592415602449,0.15543538701338794,True,0.06955733568850675,0.0,0.10382714377657694,MODEL_ONLY,MISSING_OR_STALE,MISSING_OR_STALE,142.302468594,142.302468594
147.141671896,6.29008348205274,68.45348638556023,3.735031181315512,0.7072310109109116,0.15543538701338794,True,0.07033451262353384,0.0,0.10382714377657694,MODEL_ONLY,MISSING_OR_STALE,MISSING_OR_STALE,142.302468594,142.302468594
147.191671896,6.335956694899398,68.7691373899841,3.8111428708741544,0.7150027802615827,0.15543538701338794,True,0.07111168955864089,0.0,0.10382714377657694,MODEL_ONLY,MISSING_OR_STALE,MISSING_OR_STALE,142.302468594,142.302468594
147.241671896,6.3816574822351155,69.08707774441253,3.888031737367864,0.7227745496122538,0.15543538701338794,True,0.07188886649370817,0.0,0.10382714377657694,MODEL_ONLY,MISSING_OR_STALE,MISSING_OR_STALE,142.302468594,142.302468594
147.291671896,6.427170629250278,69.40729844719955,3.965697780796596,0.7305463189629205,0.15543538701338794,True,0.07266604342873394,0.0,0.10382714377657694,MODEL_ONLY,MISSING_OR_STALE,MISSING_OR_STALE,142.302468594,142.302468594
147.341671896,6.472483393255871,69.72978979776228,4.044141001160439,0.7383180883135917,0.15543538701338794,True,0.07344322036384231,0.0,0.10382714377657694,MODEL_ONLY,MISSING_OR_STALE,MISSING_OR_STALE,142.302468594,142.302468594
147.391671896,6.517585200979441,70.05454151261806,4.123361398459304,0.7460898576642584,0.15543538701338794,True,0.07422039729886719,0.0,0.10382714377657694,MODEL_ONLY,MISSING_OR_STALE,MISSING_OR_STALE,142.302468594,142.302468594
147.441671896,7.086037721940753,70.39463208569114,0.01745234471557975,0.0031300331634731555,0.15543538701338794,True,0.07499757423397645,0.9958480004137269,0.10382714377657694,FUSED,ACCEPTED,ACCEPTED,147.402464575,147.402464575
147.491671896,7.130336388544858,70.75004143845337,0.023153936499461923,0.01090180251414432,0.15543538701338794,True,0.0007015917838810333,0.0,0.10382714377657694,MODEL_ONLY,DUPLICATE_OR_OLD,DUPLICATE_OR_OLD,147.402464575,147.402464575
147.541671896,7.17409350153675,71.10765218570528,0.029632705218407482,0.018673571864811066,0.15543538701338794,True,0.001478768718947265,0.0,0.10382714377657694,MODEL_ONLY,DUPLICATE_OR_OLD,DUPLICATE_OR_OLD,147.402464575,147.402464575
147.591671896,7.1778075057963235,71.46644971088868,0.007867287752166654,0.0056400303108391,0.15543538701338794,False,0.0022559456540151776,0.7867287752166652,0.0689692375530045,FUSED,ACCEPTED,ACCEPTED,147.516160169,147.516160169
147.641671896,7.2427654771981524,71.82696403546342,0.005626940934849936,0.0056400303108391,0.15543538701338794,False,0.0,0.5626940934849933,0.10925167864103233,FUSED,ACCEPTED,ACCEPTED,147.604168501,147.604168501
147.691671896,7.285411623936602,72.19016846299188,0.010626940934851073,0.0056400303108391,0.15543538701338794,False,0.0,0.0,0.10925167864103233,MODEL_ONLY,DUPLICATE_OR_OLD,DUPLICATE_OR_OLD,147.604168501,147.604168501
147.741671896,7.327651547538512,72.55549504227884,0.01562694093485221,0.0056400303108391,0.15543538701338794,False,0.0,0.0,0.10925167864103233,MODEL_ONLY,DUPLICATE_OR_OLD,DUPLICATE_OR_OLD,147.604168501,147.604168501
147.791671896,7.353372802240165,72.92252065102318,0.006734900811258965,0.0056400303108391,0.15543538701338794,False,0.0,0.6734900811258964,0.11260706533899552,FUSED,ACCEPTED,ACCEPTED,147.702559148,147.702559148
147.841671896,7.409821860643604,73.29160051759536,0.00539910483749742,0.0056400303108391,0.15543538701338794,False,0.0,0.5399104837497419,0.10095970719992713,FUSED,ACCEPTED,ACCEPTED,147.802490609,147.802490609
147.891671896,7.450569443537291,73.66311030019975,0.010399104837495714,0.0056400303108391,0.15543538701338794,False,0.0,0.0,0.10095970719992713,MODEL_ONLY,DUPLICATE_OR_OLD,DUPLICATE_OR_OLD,147.802490609,147.802490609
147.941671896,7.490991744393614,74.03664932989811,0.015399104837496852,0.0056400303108391,0.15543538701338794,False,0.0,0.0,0.10095970719992713,MODEL_ONLY,DUPLICATE_OR_OLD,DUPLICATE_OR_OLD,147.802490609,147.802490609
147.991671896,7.56038637505295,74.41293378288435,0.006710429450651202,0.0056400303108391,0.15543538701338794,False,0.0,0.6710429450651201,0.10196778688506526,FUSED,ACCEPTED,ACCEPTED,147.900107176,147.900107176
148.041671896,7.6130672463804325,74.79227012342005,0.005393918843138851,0.0056400303108391,0.15543538701338794,False,0.0,0.539391884313885,0.11974216798292946,FUSED,ACCEPTED,ACCEPTED,148.00010953,148.00010953
148.091671896,7.653551612105463,75.1739355948823,0.010393918843139989,0.0056400303108391,0.15543538701338794,False,0.0,0.0,0.11974216798292946,MODEL_ONLY,DUPLICATE_OR_OLD,DUPLICATE_OR_OLD,148.00010953,148.00010953
148.141671896,7.693763665959536,75.5576184768338,0.015393918843138284,0.0056400303108391,0.15543538701338794,False,0.0,0.0,0.11974216798292946,MODEL_ONLY,DUPLICATE_OR_OLD,DUPLICATE_OR_OLD,148.00010953,148.00010953
148.191671896,7.738947561039643,75.94343625750885,0.006709868164217587,0.0056400303108391,0.15543538701338794,False,0.0,0.6709868164217586,0.11548399277385786,FUSED,ACCEPTED,ACCEPTED,148.12021805,148.12021805
148.241671896,7.785051582420875,76.33153623609546,0.005393799757622862,0.0056400303108391,0.15543538701338794,False,0.0,0.5393799757622861,0.13451826394001162,FUSED,ACCEPTED,ACCEPTED,148.206121296,148.206121296
148.291671896,7.82524174422259,76.72179356926142,0.010393799757621157,0.0056400303108391,0.15543538701338794,False,0.0,0.0,0.13451826394001162,MODEL_ONLY,DUPLICATE_OR_OLD,DUPLICATE_OR_OLD,148.206121296,148.206121296
148.341671896,7.865190386965534,77.1140543725412,0.015393799757622294,0.0056400303108391,0.15543538701338794,False,0.0,0.0,0.13451826394001162,MODEL_ONLY,DUPLICATE_OR_OLD,DUPLICATE_OR_OLD,148.206121296,148.206121296
148.391671896,7.885695043843439,77.50782650831131,0.006709855273198372,0.0056400303108391,0.15543538701338794,False,0.0,0.6709855273198371,0.07325366745051332,FUSED,ACCEPTED,ACCEPTED,148.304121994,148.304121994
148.441671896,7.922141516459377,77.90302242231897,0.01170985527319951,0.0056400303108391,0.15543538701338794,False,0.0,0.0,0.07325366745051332,MODEL_ONLY,DUPLICATE_OR_OLD,DUPLICATE_OR_OLD,148.304121994,148.304121994
148.491671896,7.964800366792932,78.30019596940036,0.006256063577389165,0.0056400303108391,0.15543538701338794,False,0.0,0.6256063577389164,0.11885345160054056,FUSED,ACCEPTED,ACCEPTED,148.436140418,148.436140418
148.541671896,8.00312342068251,78.69939406408712,0.011256063577387461,0.0056400303108391,0.15543538701338794,False,0.0,0.0,0.11885345160054056,MODEL_ONLY,DUPLICATE_OR_OLD,DUPLICATE_OR_OLD,148.436140418,148.436140418
148.591671896,8.058074486687246,79.10092401177145,0.006191355962204526,0.0056400303108391,0.15543538701338794,False,0.0,0.6191355962204526,0.15889081144052286,FUSED,ACCEPTED,ACCEPTED,148.506181674,148.506181674
148.641671896,8.108619018870344,79.50509134941025,0.00528109479268994,0.0056400303108391,0.15543538701338794,False,0.0,0.5281094792689938,0.16944842431249293,FUSED,ACCEPTED,ACCEPTED,148.602125781,148.602125781
148.691671896,8.149318934339233,79.91153979824058,0.010281094792691077,0.0056400303108391,0.15543538701338794,False,0.0,0.0,0.16944842431249293,MODEL_ONLY,DUPLICATE_OR_OLD,DUPLICATE_OR_OLD,148.602125781,148.602125781
148.741671896,8.190001013696952,80.32002279694159,0.015281094792692214,0.0056400303108391,0.15543538701338794,False,0.0,0.0,0.16944842431249293,MODEL_ONLY,DUPLICATE_OR_OLD,DUPLICATE_OR_OLD,148.602125781,148.602125781
148.791671896,8.21010153909188,80.73002536076118,0.0066976094925029345,0.0056400303108391,0.15543538701338794,False,0.0,0.6697609492502933,0.09637639181002353,FUSED,ACCEPTED,ACCEPTED,148.700127466,148.700127466
148.841671896,8.262806215499062,81.14184805462604,0.005391197355886268,0.0056400303108391,0.15543538701338794,False,0.0,0.5391197355886266,0.17958512409104627,FUSED,ACCEPTED,ACCEPTED,148.804160345,148.804160345
148.891671896,8.303862050173143,81.5560147612677,0.010391197355884563,0.0056400303108391,0.15543538701338794,False,0.0,0.0,0.17958512409104627,MODEL_ONLY,DUPLICATE_OR_OLD,DUPLICATE_OR_OLD,148.804160345,148.804160345
148.941671896,8.344840657422305,81.97223232895767,0.0153911973558857,0.0056400303108391,0.15543538701338794,False,0.0,0.0,0.17958512409104627,MODEL_ONLY,DUPLICATE_OR_OLD,DUPLICATE_OR_OLD,148.804160345,148.804160345
148.991671896,8.401425554373196,82.39088898425267,0.0067095735377260554,0.0056400303108391,0.15543538701338794,False,0.0,0.6709573537726055,0.19272426202206866,FUSED,ACCEPTED,ACCEPTED,148.902376241,148.902376241
149.041671896,8.44287723490321,82.81199655398443,0.01170957353772435,0.0056400303108391,0.15543538701338794,False,0.0,0.0,0.19272426202206866,MODEL_ONLY,DUPLICATE_OR_OLD,DUPLICATE_OR_OLD,148.902376241,148.902376241
149.091671896,8.48617113678939,83.23522276327685,0.006256024085942193,0.0056400303108391,0.15543538701338794,False,0.0,0.6256024085942193,0.18310162271606942,FUSED,ACCEPTED,ACCEPTED,149.00011353,149.00011353
149.141671896,8.526928524454766,83.6605502548078,0.011256024085940487,0.0056400303108391,0.15543538701338794,False,0.0,0.0,0.18310162271606942,MODEL_ONLY,DUPLICATE_OR_OLD,DUPLICATE_OR_OLD,149.00011353,149.00011353
149.191671896,8.57126780458458,84.0880051630339,0.0061913502336576765,0.0056400303108391,0.15543538701338794,False,0.0,0.6191350233657675,0.19421163925611437,FUSED,ACCEPTED,ACCEPTED,149.114164939,149.114164939
149.241671896,8.61294525947616,84.51761048963552,0.005281093517053614,0.0056400303108391,0.15543538701338794,False,0.0,0.5281093517053612,0.190907004562734,FUSED,ACCEPTED,ACCEPTED,149.200163927,149.200163927
149.291671896,8.653716747195718,84.94927703980215,0.01028109351705191,0.0056400303108391,0.15543538701338794,False,0.0,0.0,0.190907004562734,MODEL_ONLY,DUPLICATE_OR_OLD,DUPLICATE_OR_OLD,149.200163927,149.200163927
149.341671896,8.694349358646502,85.38297869244832,0.015281093517053047,0.0056400303108391,0.15543538701338794,False,0.0,0.0,0.190907004562734,MODEL_ONLY,DUPLICATE_OR_OLD,DUPLICATE_OR_OLD,149.200163927,149.200163927
149.391671896,8.731129092434648,85.8186156537252,0.006697609353384488,0.0056400303108391,0.15543538701338794,False,0.0,0.6697609353384486,0.18195714283364497,FUSED,ACCEPTED,ACCEPTED,149.350166677,149.350166677
149.441671896,8.774407096340678,86.2562540584447,0.0053911973263360315,0.0056400303108391,0.15543538701338794,False,0.0,0.5391197326336031,0.1980182863035868,FUSED,ACCEPTED,ACCEPTED,149.418141758,149.418141758
149.491671896,8.814958176807972,86.69598819027351,0.010391197326337169,0.0056400303108391,0.15543538701338794,False,0.0,0.0,0.1980182863035868,MODEL_ONLY,DUPLICATE_OR_OLD,DUPLICATE_OR_OLD,149.418141758,149.418141758
149.541671896,8.864890396801815,87.1379844046136,0.006061627235818411,0.0056400303108391,0.15543538701338794,False,0.0,0.606162723581841,0.2214524324638229,FUSED,ACCEPTED,ACCEPTED,149.504099028,149.504099028
149.591671896,8.90609158335544,87.58225895411763,0.011061627235819549,0.0056400303108391,0.15543538701338794,False,0.0,0.0,0.2214524324638229,MODEL_ONLY,DUPLICATE_OR_OLD,DUPLICATE_OR_OLD,149.504099028,149.504099028
149.641671896,8.945376062417017,88.0285456452618,0.0061629410514104505,0.0056400303108391,0.15543538701338794,False,0.0,0.6162941051410449,0.2055664094970454,FUSED,ACCEPTED,ACCEPTED,149.602324519,149.602324519
149.691671896,8.985123200352351,88.47680812683113,0.011162941051411588,0.0056400303108391,0.15543538701338794,False,0.0,0.0,0.2055664094970454,MODEL_ONLY,DUPLICATE_OR_OLD,DUPLICATE_OR_OLD,149.602324519,149.602324519
149.741671896,9.024575521257585,88.92705059487149,0.016162941051412725,0.0056400303108391,0.15543538701338794,False,0.0,0.0,0.2055664094970454,MODEL_ONLY,DUPLICATE_OR_OLD,DUPLICATE_OR_OLD,149.602324519,149.602324519
149.791671896,9.05905572702887,89.3791413760785,0.006791060258560798,0.0056400303108391,0.15543538701338794,False,0.0,0.6791060258560797,0.19875993590285151,FUSED,ACCEPTED,ACCEPTED,149.706086052,149.706086052
149.841671896,9.097646458357739,89.83305893071326,0.011791060258561935,0.0056400303108391,0.15543538701338794,False,0.0,0.0,0.19875993590285151,MODEL_ONLY,DUPLICATE_OR_OLD,DUPLICATE_OR_OLD,149.706086052,149.706086052
149.891671896,9.118693308287591,90.28846742487924,0.006267411627800427,0.0056400303108391,0.15543538701338794,False,0.0,0.6267411627800428,0.15559043517871032,FUSED,ACCEPTED,ACCEPTED,149.804151862,149.804151862
149.941671896,9.154684417998542,90.7453018680365,0.011267411627801564,0.0056400303108391,0.15543538701338794,False,0.0,0.0,0.15559043517871032,MODEL_ONLY,DUPLICATE_OR_OLD,DUPLICATE_OR_OLD,149.804151862,149.804151862
149.991671896,9.207240036471358,91.20434997939836,0.006193001373071904,0.0056400303108391,0.15543538701338794,False,0.0,0.6193001373071902,0.23373741038692258,FUSED,ACCEPTED,ACCEPTED,149.90243353,149.90243353
150.041671896,9.24632841074022,91.66568919057849,0.011193001373070199,0.0056400303108391,0.15543538701338794,False,0.0,0.0,0.23373741038692258,MODEL_ONLY,DUPLICATE_OR_OLD,DUPLICATE_OR_OLD,149.90243353,149.90243353
150.091671896,9.28506030353477,92.12897390843548,0.016193001373071336,0.0056400303108391,0.15543538701338794,False,0.0,0.0,0.23373741038692258,MODEL_ONLY,DUPLICATE_OR_OLD,DUPLICATE_OR_OLD,149.90243353,149.90243353
150.141671896,9.323464755444418,92.59418703490981,0.02119300137306963,0.0056400303108391,0.15543538701338794,False,0.0,0.0,0.23373741038692258,MODEL_ONLY,DUPLICATE_OR_OLD,DUPLICATE_OR_OLD,149.90243353,149.90243353
150.191671896,9.304820447154682,93.05989416497489,0.007237034890551948,0.0056400303108391,0.15543538701338794,False,0.0,0.7237034890551948,0.08007867079851386,FUSED,ACCEPTED,ACCEPTED,150.082092092,150.082092092
150.241671896,9.334986300550934,93.52588933366764,0.012237034890553085,0.0056400303108391,0.15543538701338794,False,0.0,0.0,0.08007867079851386,MODEL_ONLY,DUPLICATE_OR_OLD,DUPLICATE_OR_OLD,150.082092092,150.082092092
150.291671896,9.391354805969812,93.9940478613305,0.006328528402528489,0.0056400303108391,0.15543538701338794,False,0.0,0.6328528402528486,0.22050399029677653,FUSED,ACCEPTED,ACCEPTED,150.236108119,150.236108119
150.341671896,9.441406136787526,94.46486688489954,0.0053114439912254,0.0056400303108391,0.15543538701338794,False,0.0,0.53114439912254,0.22462432844918567,FUSED,ACCEPTED,ACCEPTED,150.314080366,150.314080366
150.391671896,9.47810072159366,94.9378545563589,0.010311443991223695,0.0056400303108391,0.15543538701338794,False,0.0,0.0,0.22462432844918567,MODEL_ONLY,DUPLICATE_OR_OLD,DUPLICATE_OR_OLD,150.314080366,150.314080366
150.441671896,9.527961101707248,95.41300610194153,0.006049217893903297,0.0056400303108391,0.15543538701338794,False,0.0,0.6049217893903296,0.24557143998214712,FUSED,ACCEPTED,ACCEPTED,150.402488501,150.402488501
150.491671896,9.564853902939253,95.89032647705781,0.011049217893904433,0.0056400303108391,0.15543538701338794,False,0.0,0.0,0.24557143998214712,MODEL_ONLY,DUPLICATE_OR_OLD,DUPLICATE_OR_OLD,150.402488501,150.402488501
150.541671896,9.607152267808637,96.36962663132634,0.006161113150986129,0.0056400303108391,0.15543538701338794,False,0.0,0.6161113150986128,0.24673009180046448,FUSED,ACCEPTED,ACCEPTED,150.50409842,150.50409842
150.591671896,9.643395932986635,96.85089033634634,0.011161113150987266,0.0056400303108391,0.15543538701338794,False,0.0,0.0,0.24673009180046448,MODEL_ONLY,DUPLICATE_OR_OLD,DUPLICATE_OR_OLD,150.50409842,150.50409842
150.641671896,9.679331039156834,97.33395851064977,0.016161113150985562,0.0056400303108391,0.15543538701338794,False,0.0,0.0,0.24673009180046448,MODEL_ONLY,DUPLICATE_OR_OLD,DUPLICATE_OR_OLD,150.50409842,150.50409842
150.691671896,9.713632133010522,97.81878258995407,0.006790872023234076,0.0056400303108391,0.15543538701338794,False,0.0,0.6790872023234075,0.23941196648707158,FUSED,ACCEPTED,ACCEPTED,150.610091213,150.610091213
150.741671896,9.734063764938321,98.30497498740289,0.005410922523276178,0.0056400303108391,0.15543538701338794,False,0.0,0.5410922523276176,0.19314323145389886,FUSED,ACCEPTED,ACCEPTED,150.702530541,150.702530541
150.791671896,9.766552455621845,98.79249039291673,0.010410922523274472,0.0056400303108391,0.15543538701338794,False,0.0,0.0,0.19314323145389886,MODEL_ONLY,DUPLICATE_OR_OLD,DUPLICATE_OR_OLD,150.702530541,150.702530541
150.841671896,9.786253611529586,99.28131054459563,0.006064684392768381,0.0056400303108391,0.15543538701338794,False,0.0,0.606468439276838,0.1838008231246752,FUSED,ACCEPTED,ACCEPTED,150.802374218,150.802374218
150.891671896,9.817415932708041,99.7714022832014,0.011064684392766675,0.0056400303108391,0.15543538701338794,False,0.0,0.0,0.1838008231246752,MODEL_ONLY,DUPLICATE_OR_OLD,DUPLICATE_OR_OLD,150.802374218,150.802374218
150.941671896,9.837818465367194,100.2627831431534,0.006163391104488223,0.0056400303108391,0.15543538701338794,False,0.0,0.6163391104488222,0.17060298230597304,FUSED,ACCEPTED,ACCEPTED,150.936117872,150.936117872
150.991671896,9.867623411531078,100.75541919007595,0.01116339110448936,0.0056400303108391,0.15543538701338794,False,0.0,0.0,0.17060298230597304,MODEL_ONLY,DUPLICATE_OR_OLD,DUPLICATE_OR_OLD,150.936117872,150.936117872
151.041671896,9.897128564471748,101.24953798947587,0.016163391104487654,0.0056400303108391,0.15543538701338794,False,0.0,0.0,0.17060298230597304,MODEL_ONLY,DUPLICATE_OR_OLD,DUPLICATE_OR_OLD,150.936117872,150.936117872
151.091671896,9.932216529369695,101.74527161682201,0.0067911066011812835,0.0056400303108391,0.15543538701338794,False,0.0,0.6791106601181283,0.2025018472608957,FUSED,ACCEPTED,ACCEPTED,151.002460955,151.002460955
151.141671896,9.962319129929973,102.24263500830433,0.011791106601179577,0.0056400303108391,0.15543538701338794,False,0.0,0.0,0.2025018472608957,MODEL_ONLY,DUPLICATE_OR_OLD,DUPLICATE_OR_OLD,151.002460955,151.002460955
151.191671896,9.997613862841389,102.74163333312373,0.006267418084343225,0.0056400303108391,0.15543538701338794,False,0.0,0.6267418084343224,0.21186112082641723,FUSED,ACCEPTED,ACCEPTED,151.114134349,151.114134349
151.241671896,10.015786332003453,103.24196833799496,0.0052979717799588825,0.0056400303108391,0.15543538701338794,False,0.0,0.5297971779958882,0.16628742793260387,FUSED,ACCEPTED,ACCEPTED,151.224103358,151.224103358
151.291671896,10.042658824799119,103.74342946691488,0.010297971779957178,0.0056400303108391,0.15543538701338794,False,0.0,0.0,0.16628742793260387,MODEL_ONLY,DUPLICATE_OR_OLD,DUPLICATE_OR_OLD,151.224103358,151.224103358
151.341671896,10.057061710118223,104.24592248028792,0.0060471139398130536,0.0056400303108391,0.15543538701338794,False,0.0,0.6047113939813051,0.15233740209730234,FUSED,ACCEPTED,ACCEPTED,151.316072472,151.316072472
151.391671896,10.082189172540698,104.74940375235423,0.011047113939811348,0.0056400303108391,0.15543538701338794,False,0.0,0.0,0.15233740209730234,MODEL_ONLY,DUPLICATE_OR_OLD,DUPLICATE_OR_OLD,151.316072472,151.316072472
151.441671896,10.106394679893246,105.25411834866519,0.006160803065127611,0.0056400303108391,0.15543538701338794,False,0.0,0.6160803065127609,0.16760469121890748,FUSED,ACCEPTED,ACCEPTED,151.398124231,151.398124231
151.491671896,10.131456020023949,105.76006461616322,0.011160803065128748,0.0056400303108391,0.15543538701338794,False,0.0,0.0,0.16760469121890748,MODEL_ONLY,DUPLICATE_OR_OLD,DUPLICATE_OR_OLD,151.398124231,151.398124231
151.541671896,10.15616850383639,106.26725522925956,0.016160803065127044,0.0056400303108391,0.15543538701338794,False,0.0,0.0,0.16760469121890748,MODEL_ONLY,DUPLICATE_OR_OLD,DUPLICATE_OR_OLD,151.398124231,151.398124231
151.591671896,10.180179926228472,106.7756639400113,0.0067908400887168015,0.0056400303108391,0.15543538701338794,False,0.0,0.6790840088716801,0.17187184756213797,FUSED,ACCEPTED,ACCEPTED,151.500101464,151.500101464
151.641671896,10.203908864417732,107.28526615977728,0.011790840088715096,0.0056400303108391,0.15543538701338794,False,0.0,0.0,0.17187184756213797,MODEL_ONLY,DUPLICATE_OR_OLD,DUPLICATE_OR_OLD,151.500101464,151.500101464
151.691671896,10.216336224666234,107.7957722870045,0.006267380953010205,0.0056400303108391,0.15543538701338794,False,0.0,0.6267380953010204,0.14481229373623297,FUSED,ACCEPTED,ACCEPTED,151.616173969,151.616173969
151.741671896,10.23777394491463,108.30712504124413,0.011267380953011342,0.0056400303108391,0.15543538701338794,False,0.0,0.0,0.14481229373623297,MODEL_ONLY,DUPLICATE_OR_OLD,DUPLICATE_OR_OLD,151.616173969,151.616173969
151.791671896,10.238377077125458,108.81902881679495,0.006192996927295781,0.0056400303108391,0.15543538701338794,False,0.0,0.619299692729578,0.10723555301350378,FUSED,ACCEPTED,ACCEPTED,151.742074823,151.742074823
151.841671896,10.268876514859949,109.33171015659471,0.005281460175592325,0.0056400303108391,0.15543538701338794,False,0.0,0.5281460175592325,0.17945572279118388,FUSED,ACCEPTED,ACCEPTED,151.80409972,151.80409972
151.891671896,10.289949227837115,109.84568080016197,0.010281460175590621,0.0056400303108391,0.15543538701338794,False,0.0,0.0,0.17945572279118388,MODEL_ONLY,DUPLICATE_OR_OLD,DUPLICATE_OR_OLD,151.80409972,151.80409972
151.941671896,10.306914502353013,110.36060239341684,0.006044532265721502,0.0056400303108391,0.15543538701338794,False,0.0,0.6044532265721503,0.1465592468864791,FUSED,ACCEPTED,ACCEPTED,151.91213913,151.91213913
151.991671896,10.324735219564667,110.8763936364649,0.01104453226572264,0.0056400303108391,0.15543538701338794,False,0.0,0.0,0.1465592468864791,MODEL_ONLY,DUPLICATE_OR_OLD,DUPLICATE_OR_OLD,151.91213913,151.91213913
152.041671896,10.341619300748954,111.39305249947257,0.016044532265720935,0.0056400303108391,0.15543538701338794,False,0.0,0.0,0.1465592468864791,MODEL_ONLY,DUPLICATE_OR_OLD,DUPLICATE_OR_OLD,151.91213913,151.91213913
152.091671896,10.35901055531082,111.91056824587419,0.006778820851798907,0.0056400303108391,0.15543538701338794,False,0.0,0.6778820851798906,0.16359589263119276,FUSED,ACCEPTED,ACCEPTED,152.026089159,152.026089159
152.141671896,10.37405782063197,112.42889495527257,0.005408383186560445,0.0056400303108391,0.15543538701338794,False,0.0,0.5408383186560445,0.15837869363537666,FUSED,ACCEPTED,ACCEPTED,152.132081274,152.132081274
152.191671896,10.389337095596092,112.94797982817839,0.010408383186561582,0.0056400303108391,0.15543538701338794,False,0.0,0.0,0.15837869363537666,MODEL_ONLY,DUPLICATE_OR_OLD,DUPLICATE_OR_OLD,152.132081274,152.132081274
152.241671896,10.396264290763607,113.46761986283751,0.006064291093780213,0.0056400303108391,0.15543538701338794,False,0.0,0.6064291093780212,0.14167725565577405,FUSED,ACCEPTED,ACCEPTED,152.236077072,152.236077072
152.291671896,10.408466884071144,113.98773814220819,0.011064291093778508,0.0056400303108391,0.15543538701338794,False,0.0,0.0,0.14167725565577405,MODEL_ONLY,DUPLICATE_OR_OLD,DUPLICATE_OR_OLD,152.236077072,152.236077072
152.341671896,10.419745375281146,114.50844344869212,0.016064291093779645,0.0056400303108391,0.15543538701338794,False,0.0,0.0,0.14167725565577405,MODEL_ONLY,DUPLICATE_OR_OLD,DUPLICATE_OR_OLD,152.236077072,152.236077072
152.391671896,10.429053061309089,115.0296634096067,0.006780869722791466,0.0056400303108391,0.15543538701338794,False,0.0,0.6780869722791465,0.15247091160879928,FUSED,ACCEPTED,ACCEPTED,152.326065851,152.326065851
152.441671896,10.439341211207648,115.55137326641973,0.011780869722792603,0.0056400303108391,0.15543538701338794,False,0.0,0.0,0.15247091160879928,MODEL_ONLY,DUPLICATE_OR_OLD,DUPLICATE_OR_OLD,152.326065851,152.326065851
152.491671896,10.44376595753645,116.07345094563846,0.006265991320106831,0.0056400303108391,0.15543538701338794,False,0.0,0.626599132010683,0.14117693179919247,FUSED,ACCEPTED,ACCEPTED,152.40615179,152.40615179
152.541671896,10.440766332423832,116.59556425288729,0.005297656314499724,0.0056400303108391,0.15543538701338794,False,0.0,0.5297656314499726,0.11099845974749015,FUSED,ACCEPTED,ACCEPTED,152.512050365,152.512050365
152.591671896,10.447305781250485,117.11776605572926,0.010297656314500862,0.0056400303108391,0.15543538701338794,False,0.0,0.0,0.11099845974749015,MODEL_ONLY,DUPLICATE_OR_OLD,DUPLICATE_OR_OLD,152.512050365,152.512050365
152.641671896,10.454164454270586,117.64030281161712,0.006047064646748096,0.0056400303108391,0.15543538701338794,False,0.0,0.6047064646748095,0.13510212156776025,FUSED,ACCEPTED,ACCEPTED,152.616122718,152.616122718
152.691671896,10.461099501938477,118.16318441052248,0.011047064646749233,0.0056400303108391,0.15543538701338794,False,0.0,0.0,0.13510212156776025,MODEL_ONLY,DUPLICATE_OR_OLD,DUPLICATE_OR_OLD,152.616122718,152.616122718
152.741671896,10.467700799050181,118.6864044180473,0.01604706464675037,0.0056400303108391,0.15543538701338794,False,0.0,0.0,0.13510212156776025,MODEL_ONLY,DUPLICATE_OR_OLD,DUPLICATE_OR_OLD,152.616122718,152.616122718
152.791671896,10.453454641089666,119.20943330405063,0.006779083590098033,0.0056400303108391,0.15543538701338794,False,0.0,0.6779083590098032,0.08073889139936287,FUSED,ACCEPTED,ACCEPTED,152.716084787,152.716084787
152.841671896,10.456785190134873,119.73218929983136,0.01177908359009917,0.0056400303108391,0.15543538701338794,False,0.0,0.0,0.08073889139936287,MODEL_ONLY,DUPLICATE_OR_OLD,DUPLICATE_OR_OLD,152.716084787,152.716084787
152.891671896,10.454135361211605,120.25496231361485,0.006265742266214868,0.0056400303108391,0.15543538701338794,False,0.0,0.6265742266214867,0.091073377015772,FUSED,ACCEPTED,ACCEPTED,152.808052772,152.808052772
152.941671896,10.4538850375059,120.7776628235829,0.0052976012429688,0.0056400303108391,0.15543538701338794,False,0.0,0.5297601242968799,0.08376049893161039,FUSED,ACCEPTED,ACCEPTED,152.906060326,152.906060326
152.991671896,10.456761692244232,121.30042899182678,0.010297601242969938,0.0056400303108391,0.15543538701338794,False,0.0,0.0,0.08376049893161039,MODEL_ONLY,DUPLICATE_OR_OLD,DUPLICATE_OR_OLD,152.906060326,152.906060326
153.041671896,10.459482858390993,121.82333510559248,0.015297601242968233,0.0056400303108391,0.15543538701338794,False,0.0,0.0,0.08376049893161039,MODEL_ONLY,DUPLICATE_OR_OLD,DUPLICATE_OR_OLD,152.906060326,152.906060326
153.091671896,10.450015577693915,122.34607256649471,0.00669940866941718,0.0056400303108391,0.15543538701338794,False,0.0,0.669940866941718,0.05915046171364195,FUSED,ACCEPTED,ACCEPTED,153.016067097,153.016067097
153.141671896,10.451248801493039,122.8686041759742,0.011699408669415476,0.0056400303108391,0.15543538701338794,False,0.0,0.0,0.05915046171364195,MODEL_ONLY,DUPLICATE_OR_OLD,DUPLICATE_OR_OLD,153.016067097,153.016067097
153.191671896,10.447587741050034,123.39107508953789,0.006254598697740185,0.0056400303108391,0.15543538701338794,False,0.0,0.6254598697740184,0.060200226877146455,FUSED,ACCEPTED,ACCEPTED,153.138064473,153.138064473
153.241671896,10.448673879844174,123.91348163006037,0.011254598697741322,0.0056400303108391,0.15543538701338794,False,0.0,0.0,0.060200226877146455,MODEL_ONLY,DUPLICATE_OR_OLD,DUPLICATE_OR_OLD,153.138064473,153.138064473
153.291671896,10.438369070759824,124.43565770382529,0.006191143458284531,0.0056400303108391,0.15543538701338794,False,0.0,0.6191143458284529,0.038996363547319765,FUSED,ACCEPTED,ACCEPTED,153.202487915,153.202487915
153.341671896,10.436259234539294,124.95752341145788,0.011191143458285667,0.0056400303108391,0.15543538701338794,False,0.0,0.0,0.038996363547319765,MODEL_ONLY,DUPLICATE_OR_OLD,DUPLICATE_OR_OLD,153.202487915,153.202487915
153.391671896,10.43940451085113,125.47941500509248,0.006181915457059928,0.0056400303108391,0.15543538701338794,False,0.0,0.6181915457059927,0.07930941161031263,FUSED,ACCEPTED,ACCEPTED,153.308084628,153.308084628
153.441671896,10.441312500230175,126.00143293036963,0.005278991637809382,0.0056400303108391,0.15543538701338794,False,0.0,0.5278991637809382,0.08119386726703601,FUSED,ACCEPTED,ACCEPTED,153.43412856,153.43412856
153.491671896,10.438004969026883,126.52341586710116,0.01027899163781052,0.0056400303108391,0.15543538701338794,False,0.0,0.0,0.08119386726703601,MODEL_ONLY,DUPLICATE_OR_OLD,DUPLICATE_OR_OLD,153.43412856,153.43412856
153.541671896,10.448596122304917,127.04558089438429,0.006044146007373418,0.0056400303108391,0.15543538701338794,False,0.0,0.6044146007373417,0.1254516338262132,FUSED,ACCEPTED,ACCEPTED,153.518105368,153.518105368
153.591671896,10.444766503718252,127.56791496003497,0.011044146007374555,0.0056400303108391,0.15543538701338794,False,0.0,0.0,0.1254516338262132,MODEL_ONLY,DUPLICATE_OR_OLD,DUPLICATE_OR_OLD,153.518105368,153.518105368
153.641671896,10.439582145857145,128.09002367627417,0.006160365558859526,0.0056400303108391,0.15543538701338794,False,0.0,0.6160365558859524,0.10871362956273725,FUSED,ACCEPTED,ACCEPTED,153.614081648,153.614081648
153.691671896,10.432139971115234,128.6118167291986,0.011160365558860663,0.0056400303108391,0.15543538701338794,False,0.0,0.0,0.10871362956273725,MODEL_ONLY,DUPLICATE_OR_OLD,DUPLICATE_OR_OLD,153.614081648,153.614081648
153.741671896,10.437645406635742,129.13356136364249,0.006177423447122853,0.0056400303108391,0.15543538701338794,False,0.0,0.6177423447122852,0.15834744905706283,FUSED,ACCEPTED,ACCEPTED,153.702411935,153.702411935
153.791671896,10.429956078552472,129.65525140077202,0.011177423447121148,0.0056400303108391,0.15543538701338794,False,0.0,0.0,0.15834744905706283,MODEL_ONLY,DUPLICATE_OR_OLD,DUPLICATE_OR_OLD,153.702411935,153.702411935
153.841671896,10.431543937576237,130.17678890117534,0.0061799143371769425,0.0056400303108391,0.15543538701338794,False,0.0,0.6179914337176942,0.17445306111592662,FUSED,ACCEPTED,ACCEPTED,153.814043375,153.814043375
153.891671896,10.422544432765502,130.69814111043374,0.011179914337175238,0.0056400303108391,0.15543538701338794,False,0.0,0.0,0.17445306111592662,MODEL_ONLY,DUPLICATE_OR_OLD,DUPLICATE_OR_OLD,153.814043375,153.814043375
153.941671896,10.412672832109505,131.2190215420557,0.016179914337176374,0.0056400303108391,0.15543538701338794,False,0.0,0.0,0.17445306111592662,MODEL_ONLY,DUPLICATE_OR_OLD,DUPLICATE_OR_OLD,153.814043375,153.814043375
153.991671896,10.420849466337817,131.73985959951702,0.006792807096305441,0.0056400303108391,0.15543538701338794,False,0.0,0.6792807096305439,0.222708403937515,FUSED,ACCEPTED,ACCEPTED,153.922149633,153.922149633
154.041671896,10.410945141111595,132.26065446470307,0.011792807096303735,0.0056400303108391,0.15543538701338794,False,0.0,0.0,0.222708403937515,MODEL_ONLY,DUPLICATE_OR_OLD,DUPLICATE_OR_OLD,153.922149633,153.922149633
154.091671896,10.41781137181509,132.78137337752634,0.006267654985139969,0.0056400303108391,0.15543538701338794,False,0.0,0.6267654985139967,0.2593785187884491,FUSED,ACCEPTED,ACCEPTED,154.004045919,154.004045919
154.141671896,10.407844755881372,133.30201478071857,0.011267654985138265,0.0056400303108391,0.15543538701338794,False,0.0,0.0,0.2593785187884491,MODEL_ONLY,DUPLICATE_OR_OLD,DUPLICATE_OR_OLD,154.004045919,154.004045919
154.191671896,10.421038595623623,133.8227368645063,0.006193036643104466,0.0056400303108391,0.15543538701338794,False,0.0,0.6193036643104466,0.3093998434813272,FUSED,ACCEPTED,ACCEPTED,154.140041855,154.140041855
154.241671896,10.412103384766677,134.3435654140162,0.011193036643105603,0.0056400303108391,0.15543538701338794,False,0.0,0.0,0.3093998434813272,MODEL_ONLY,DUPLICATE_OR_OLD,DUPLICATE_OR_OLD,154.140041855,154.140041855
154.291671896,10.422308168358981,134.86442570284416,0.006182191421233017,0.0056400303108391,0.15543538701338794,False,0.0,0.6182191421233016,0.34257433258988157,FUSED,ACCEPTED,ACCEPTED,154.238044195,154.238044195
154.341671896,10.413024759634789,135.38530902604413,0.011182191421234155,0.0056400303108391,0.15543538701338794,False,0.0,0.0,0.34257433258988157,MODEL_ONLY,DUPLICATE_OR_OLD,DUPLICATE_OR_OLD,154.238044195,154.238044195
154.391671896,10.412525617107487,135.9059477854625,0.006180610003526864,0.0056400303108391,0.15543538701338794,False,0.0,0.6180610003526863,0.35002503615642716,FUSED,ACCEPTED,ACCEPTED,154.314080211,154.314080211
154.441671896,10.402058935297278,136.42631239927275,0.011180610003528001,0.0056400303108391,0.15543538701338794,False,0.0,0.0,0.35002503615642716,MODEL_ONLY,DUPLICATE_OR_OLD,DUPLICATE_OR_OLD,154.314080211,154.314080211
154.491671896,10.388831036705644,136.94608464857293,0.006180379296490035,0.0056400303108391,0.15543538701338794,False,0.0,0.6180379296490035,0.3368569276052191,FUSED,ACCEPTED,ACCEPTED,154.402095538,154.402095538
154.541671896,10.376499854280214,137.46521792084738,0.011180379296488331,0.0056400303108391,0.15543538701338794,False,0.0,0.0,0.3368569276052191,MODEL_ONLY,DUPLICATE_OR_OLD,DUPLICATE_OR_OLD,154.402095538,154.402095538
154.591671896,10.347835616241975,137.98332630761055,0.0061803456371845224,0.0056400303108391,0.15543538701338794,False,0.0,0.6180345637184522,0.29970444366710963,FUSED,ACCEPTED,ACCEPTED,154.514054373,154.514054373
154.641671896,10.332711819341561,138.50033999349998,0.011180345637182818,0.0056400303108391,0.15543538701338794,False,0.0,0.0,0.29970444366710963,MODEL_ONLY,DUPLICATE_OR_OLD,DUPLICATE_OR_OLD,154.514054373,154.514054373
154.691671896,10.284882390783759,139.01577984875323,0.006180340726366503,0.0056400303108391,0.15543538701338794,False,0.0,0.6180340726366501,0.23129247922673968,FUSED,ACCEPTED,ACCEPTED,154.620086522,154.620086522
154.741671896,10.2656131715935,139.5295422378128,0.01118034072636764,0.0056400303108391,0.15543538701338794,False,0.0,0.0,0.23129247922673968,MODEL_ONLY,DUPLICATE_OR_OLD,DUPLICATE_OR_OLD,154.620086522,154.620086522
154.791671896,10.203732231693856,140.0412758728948,0.006180340009887989,0.0056400303108391,0.15543538701338794,False,0.0,0.6180340009887988,0.15621628266768664,FUSED,ACCEPTED,ACCEPTED,154.702212787,154.702212787
154.841671896,10.14269060303796,140.54993644376322,0.00527864047728649,0.0056400303108391,0.15543538701338794,False,0.0,0.5278640477286489,0.09214062476269258,FUSED,ACCEPTED,ACCEPTED,154.814021868,154.814021868
154.891671896,10.114572725148186,141.0563680269677,0.010278640477284785,0.0056400303108391,0.15543538701338794,False,0.0,0.0,0.09214062476269258,MODEL_ONLY,DUPLICATE_OR_OLD,DUPLICATE_OR_OLD,154.814021868,154.814021868
154.941671896,10.085968811737825,141.56138156538998,0.015278640477285922,0.0056400303108391,0.15543538701338794,False,0.0,0.0,0.09214062476269258,MODEL_ONLY,DUPLICATE_OR_OLD,DUPLICATE_OR_OLD,154.814021868,154.814021868
154.991671896,10.009959750170578,142.0637797794378,0.006697341808493249,0.0056400303108391,0.15543538701338794,False,0.0,0.6697341808493249,0.03111099330799394,FUSED,ACCEPTED,ACCEPTED,154.906125449,154.906125449
155.041671896,9.97749963234754,142.56346626400057,0.011697341808491545,0.0056400303108391,0.15543538701338794,False,0.0,0.0,0.03111099330799394,MODEL_ONLY,DUPLICATE_OR_OLD,DUPLICATE_OR_OLD,154.906125449,154.906125449
155.091671896,9.944707768081182,143.06152144901142,0.01669734180849268,0.0056400303108391,0.15543538701338794,False,0.0,0.0,0.03111099330799394,MODEL_ONLY,DUPLICATE_OR_OLD,DUPLICATE_OR_OLD,154.906125449,154.906125449
155.141671896,9.911623812239714,143.55792973851928,0.021697341808490974,0.0056400303108391,0.15543538701338794,False,0.0,0.0,0.03111099330799394,MODEL_ONLY,DUPLICATE_OR_OLD,DUPLICATE_OR_OLD,154.906125449,154.906125449
155.191671896,9.8594820550956,144.05220738520276,0.007275006987648926,0.0056400303108391,0.15543538701338794,False,0.0,0.7275006987648924,0.04205825957952228,FUSED,ACCEPTED,ACCEPTED,155.064041864,155.064041864
155.241671896,9.826461850255585,144.54435598283666,0.012275006987650064,0.0056400303108391,0.15543538701338794,False,0.0,0.0,0.04205825957952228,MODEL_ONLY,DUPLICATE_OR_OLD,DUPLICATE_OR_OLD,155.064041864,155.064041864
155.291671896,9.74099830638235,145.03354248675245,0.006333639802721754,0.0056400303108391,0.15543538701338794,False,0.0,0.6333639802721752,-0.08580303067020773,FUSED,ACCEPTED,ACCEPTED,155.236032869,155.236032869
155.341671896,9.701210130625443,145.51959769767777,0.011333639802722891,0.0056400303108391,0.15543538701338794,False,0.0,0.0,-0.08580303067020773,MODEL_ONLY,DUPLICATE_OR_OLD,DUPLICATE_OR_OLD,155.236032869,155.236032869
155.391671896,9.629316000667592,146.00286085095993,0.006202575840288265,0.0056400303108391,0.15543538701338794,False,0.0,0.6202575840288265,-0.11100289858048848,FUSED,ACCEPTED,ACCEPTED,155.31602124,155.31602124
155.441671896,9.56978584288242,146.4828383970488,0.005283591920469459,0.0056400303108391,0.15543538701338794,False,0.0,0.5283591920469458,-0.13448668898063298,FUSED,ACCEPTED,ACCEPTED,155.400028336,155.400028336
155.491671896,9.527153034697552,146.9602618689884,0.010283591920470597,0.0056400303108391,0.15543538701338794,False,0.0,0.0,-0.13448668898063298,MODEL_ONLY,DUPLICATE_OR_OLD,DUPLICATE_OR_OLD,155.400028336,155.400028336
155.541671896,9.469396658468776,147.43517561131742,0.006044865764541834,0.0056400303108391,0.15543538701338794,False,0.0,0.6044865764541834,-0.1477307895811023,FUSED,ACCEPTED,ACCEPTED,155.504043984,155.504043984
155.591671896,9.42590327039277,147.90755810953905,0.011044865764542972,0.0056400303108391,0.15543538701338794,False,0.0,0.0,-0.1477307895811023,MODEL_ONLY,DUPLICATE_OR_OLD,DUPLICATE_OR_OLD,155.504043984,155.504043984
155.641671896,9.382741375753607,148.37777422569255,0.016044865764541266,0.0056400303108391,0.15543538701338794,False,0.0,0.0,-0.1477307895811023,MODEL_ONLY,DUPLICATE_OR_OLD,DUPLICATE_OR_OLD,155.504043984,155.504043984
155.691671896,9.32034328361648,148.8453513421769,0.006778855455248449,0.0056400303108391,0.15543538701338794,False,0.0,0.6778855455248447,-0.18366827241844183,FUSED,ACCEPTED,ACCEPTED,155.60256539,155.60256539
155.741671896,9.275933364309623,149.31025825837517,0.011778855455249586,0.0056400303108391,0.15543538701338794,False,0.0,0.0,-0.18366827241844183,MODEL_ONLY,DUPLICATE_OR_OLD,DUPLICATE_OR_OLD,155.60256539,155.60256539
155.791671896,9.224716251556055,149.77277449877164,0.006265710453267229,0.0056400303108391,0.15543538701338794,False,0.0,0.6265710453267228,-0.18336285691888107,FUSED,ACCEPTED,ACCEPTED,155.704110927,155.704110927
155.841671896,9.180747082644482,150.23291108212678,0.011265710453268366,0.0056400303108391,0.15543538701338794,False,0.0,0.0,-0.18336285691888107,MODEL_ONLY,DUPLICATE_OR_OLD,DUPLICATE_OR_OLD,155.704110927,155.704110927
155.891671896,9.161233947788798,150.69146060788742,0.006192754801819457,0.0056400303108391,0.15543538701338794,False,0.0,0.6192754801819456,-0.10829247351093499,FUSED,ACCEPTED,ACCEPTED,155.83204533,155.83204533
155.941671896,9.121348138770458,151.14852516005152,0.011192754801820595,0.0056400303108391,0.15543538701338794,False,0.0,0.0,-0.10829247351093499,MODEL_ONLY,DUPLICATE_OR_OLD,DUPLICATE_OR_OLD,155.83204533,155.83204533
155.991671896,9.082417452535873,151.60361929983426,0.006182150340557349,0.0056400303108391,0.15543538701338794,False,0.0,0.6182150340557346,-0.14512346183814218,FUSED,ACCEPTED,ACCEPTED,155.932069924,155.932069924
156.041671896,9.033536382269475,152.05651814570427,0.005279043987874141,0.0056400303108391,0.15543538701338794,False,0.0,0.5279043987874139,-0.17156130180727813,FUSED,ACCEPTED,ACCEPTED,156.014014579,156.014014579
156.091671896,8.992073525086395,152.50715839338827,0.010279043987875278,0.0056400303108391,0.15543538701338794,False,0.0,0.0,-0.17156130180727813,MODEL_ONLY,DUPLICATE_OR_OLD,DUPLICATE_OR_OLD,156.014014579,156.014014579
156.141671896,8.95101839744783,152.95573569145148,0.015279043987873574,0.0056400303108391,0.15543538701338794,False,0.0,0.0,-0.17156130180727813,MODEL_ONLY,DUPLICATE_OR_OLD,DUPLICATE_OR_OLD,156.014014579,156.014014579
156.191671896,8.893426157446694,153.40184680532394,0.006697385821030376,0.0056400303108391,0.15543538701338794,False,0.0,0.6697385821030375,-0.20568839197040456,FUSED,ACCEPTED,ACCEPTED,156.118072813,156.118072813
156.241671896,8.85133974792961,153.84546595295845,0.011697385821031513,0.0056400303108391,0.15543538701338794,False,0.0,0.0,-0.20568839197040456,MODEL_ONLY,DUPLICATE_OR_OLD,DUPLICATE_OR_OLD,156.118072813,156.118072813
156.291671896,8.799800823113554,154.28674446723437,0.00625431491044232,0.0056400303108391,0.15543538701338794,False,0.0,0.6254314910442318,-0.22028489507340554,FUSED,ACCEPTED,ACCEPTED,156.216027304,156.216027304
156.341671896,8.758509492592076,154.7257022251271,0.011254314910443458,0.0056400303108391,0.15543538701338794,False,0.0,0.0,-0.22028489507340554,MODEL_ONLY,DUPLICATE_OR_OLD,DUPLICATE_OR_OLD,156.216027304,156.216027304
156.391671896,8.74897896090788,155.16338943646446,0.006191102287714679,0.0056400303108391,0.15543538701338794,False,0.0,0.6191102287714678,-0.12100259613186257,FUSED,ACCEPTED,ACCEPTED,156.318022173,156.318022173
156.441671896,8.713833883004318,155.59995975756235,0.011191102287715816,0.0056400303108391,0.15543538701338794,False,0.0,0.0,-0.12100259613186257,MODEL_ONLY,DUPLICATE_OR_OLD,DUPLICATE_OR_OLD,156.318022173,156.318022173
156.491671896,8.667668190640176,156.03449730940358,0.006181909455300102,0.0056400303108391,0.15543538701338794,False,0.0,0.6181909455300101,-0.20768314651167954,FUSED,ACCEPTED,ACCEPTED,156.40242712,156.40242712
156.541671896,8.629105503126349,156.46691665174757,0.011181909455298396,0.0056400303108391,0.15543538701338794,False,0.0,0.0,-0.20768314651167954,MODEL_ONLY,DUPLICATE_OR_OLD,DUPLICATE_OR_OLD,156.40242712,156.40242712
156.591671896,8.593408026068454,156.89747948997754,0.006180568870626861,0.0056400303108391,0.15543538701338794,False,0.0,0.6180568870626859,-0.1771205487609011,FUSED,ACCEPTED,ACCEPTED,156.514019811,156.514019811
156.641671896,8.557739340245336,157.32625817413523,0.011180568870625157,0.0056400303108391,0.15543538701338794,False,0.0,0.0,-0.1771205487609011,MODEL_ONLY,DUPLICATE_OR_OLD,DUPLICATE_OR_OLD,156.514019811,156.514019811
156.691671896,8.530232926557055,157.7534574808054,0.006180373295394793,0.0056400303108391,0.15543538701338794,False,0.0,0.6180373295394791,-0.1698134817797912,FUSED,ACCEPTED,ACCEPTED,156.640001507,156.640001507
156.741671896,8.496565544175166,158.17912744257376,0.01118037329539593,0.0056400303108391,0.15543538701338794,False,0.0,0.0,-0.1698134817797912,MODEL_ONLY,DUPLICATE_OR_OLD,DUPLICATE_OR_OLD,156.640001507,156.640001507
156.791671896,8.458350740194447,158.60300034968287,0.006180344761638963,0.0056400303108391,0.15543538701338794,False,0.0,0.6180344761638961,-0.19801139460745104,FUSED,ACCEPTED,ACCEPTED,156.736047648,156.736047648
156.841671896,8.417754013854216,159.02490296853418,0.005278641536510264,0.0056400303108391,0.15543538701338794,False,0.0,0.5278641536510262,-0.2141651895899675,FUSED,ACCEPTED,ACCEPTED,156.814085141,156.814085141
156.891671896,8.383660092886654,159.44493832120256,0.010278641536508558,0.0056400303108391,0.15543538701338794,False,0.0,0.0,-0.2141651895899675,MODEL_ONLY,DUPLICATE_OR_OLD,DUPLICATE_OR_OLD,156.814085141,156.814085141
156.941671896,8.350026500843098,159.86328048604588,0.015278641536509695,0.0056400303108391,0.15543538701338794,False,0.0,0.0,-0.2141651895899675,MODEL_ONLY,DUPLICATE_OR_OLD,DUPLICATE_OR_OLD,156.814085141,156.814085141
156.991671896,8.314570459104168,160.27989541004467,0.00669734192402862,0.0056400303108391,0.15543538701338794,False,0.0,0.6697341924028619,-0.2192304017465271,FUSED,ACCEPTED,ACCEPTED,156.904066356,156.904066356
157.041671896,8.283268512471265,160.6948413843339,0.011697341924026914,0.0056400303108391,0.15543538701338794,False,0.0,0.0,-0.2192304017465271,MODEL_ONLY,DUPLICATE_OR_OLD,DUPLICATE_OR_OLD,156.904066356,156.904066356
157.091671896,8.265240082357513,161.1085540992047,0.00625430875161402,0.0056400303108391,0.15543538701338794,False,0.0,0.625430875161402,-0.18957446162882408,FUSED,ACCEPTED,ACCEPTED,157.0120149,157.0120149
157.141671896,8.23742480607459,161.52112072141537,0.011254308751612315,0.0056400303108391,0.15543538701338794,False,0.0,0.0,-0.18957446162882408,MODEL_ONLY,DUPLICATE_OR_OLD,DUPLICATE_OR_OLD,157.0120149,157.0120149
157.191671896,8.208619675667643,161.93227183345903,0.006191101394210027,0.0056400303108391,0.15543538701338794,False,0.0,0.6191101394210026,-0.21884589199631965,FUSED,ACCEPTED,ACCEPTED,157.118130216,157.118130216
157.241671896,8.180894272498549,162.34200968216328,0.011191101394211164,0.0056400303108391,0.15543538701338794,False,0.0,0.0,-0.21884589199631965,MODEL_ONLY,DUPLICATE_OR_OLD,DUPLICATE_OR_OLD,157.118130216,157.118130216
157.291671896,8.16391507038571,162.75062991573526,0.006181909325046224,0.0056400303108391,0.15543538701338794,False,0.0,0.6181909325046223,-0.18762393598985336,FUSED,ACCEPTED,ACCEPTED,157.202500325,157.202500325
157.341671896,8.140008526370977,163.15822800565425,0.01118190932504736,0.0056400303108391,0.15543538701338794,False,0.0,0.0,-0.18762393598985336,MODEL_ONLY,DUPLICATE_OR_OLD,DUPLICATE_OR_OLD,157.202500325,157.202500325
157.391671896,8.129981873274831,163.56497776564527,0.0061805688516253544,0.0056400303108391,0.15543538701338794,False,0.0,0.6180568851625352,-0.17996750430851802,FUSED,ACCEPTED,ACCEPTED,157.316077242,157.316077242
157.441671896,8.109135984751552,163.970955712096,0.011180568851626492,0.0056400303108391,0.15543538701338794,False,0.0,0.0,-0.17996750430851802,MODEL_ONLY,DUPLICATE_OR_OLD,DUPLICATE_OR_OLD,157.316077242,157.316077242
