t,v,s,pvv,pvd,pdd,active,added,gain,d,mode,front_status,rear_status,front_t,rear_t
122.441671896,0.0,0.0,1.0,0.0,0.0,False,0.0,0.0,0.0,WAITING_FOR_INITIALIZATION,MISSING_OR_STALE,MISSING_OR_STALE,,
122.491671896,7.074184417724609,0.0,0.010000000000000002,0.0,0.0,False,0.0,0.0,0.0,INITIALIZED,ACCEPTED,ACCEPTED,122.420427867,122.420427867
122.541671896,7.069549450786213,0.35359334671275044,0.014999999999999718,0.0,0.0,False,0.0,0.0,0.0,MODEL_ONLY,DUPLICATE_OR_OLD,DUPLICATE_OR_OLD,122.420427867,122.420427867
122.59167189600001,7.022419461679611,0.7058925695244762,0.006666666666666763,0.0,0.0,False,0.0,0.6666666666666761,0.0,FUSED,ACCEPTED,ACCEPTED,122.498428261,122.498428261
122.641671896,7.014435364803206,1.0568139401865266,0.01166666666666648,0.0,0.0,False,0.0,0.0,0.0,MODEL_ONLY,DUPLICATE_OR_OLD,DUPLICATE_OR_OLD,122.498428261,122.498428261
122.691671896,6.963379738677829,1.4062593177735327,0.006249999999999934,0.0,0.0,False,0.0,0.6249999999999933,-0.07058411829948166,FUSED,ACCEPTED,ACCEPTED,122.612439997,122.612439997
122.741671896,6.949270120136187,1.7540755642438635,0.011249999999999651,0.0,0.0,False,0.0,0.0,-0.07058411829948166,MODEL_ONLY,DUPLICATE_OR_OLD,DUPLICATE_OR_OLD,122.612439997,122.612439997
122.791671896,6.898198909740216,2.100262289990754,0.0061904761904761005,0.0,0.0,False,0.0,0.6190476190476097,-0.11225445477150453,FUSED,ACCEPTED,ACCEPTED,122.698443298,122.698443298
122.84167189600001,6.87999305596755,2.444717089133526,0.011190476190477238,0.0,0.0,False,0.0,0.0,-0.11225445477150453,MODEL_ONLY,DUPLICATE_OR_OLD,DUPLICATE_OR_OLD,122.698443298,122.698443298
122.891671896,6.82971373676039,2.787459758951705,0.0061818181818182934,0.0,0.0,False,0.0,0.6181818181818293,-0.1490806570827832,FUSED,ACCEPTED,ACCEPTED,122.804530104,122.804530104
122.941671896,6.808106271361401,3.1284052591547304,0.01118181818181801,0.0,0.0,False,0.0,0.0,-0.1490806570827832,MODEL_ONLY,DUPLICATE_OR_OLD,DUPLICATE_OR_OLD,122.804530104,122.804530104
122.991671896,6.760374174743086,3.467617270307324,0.00618055555555549,0.0,0.0,False,0.0,0.6180555555555489,-0.17654542949104707,FUSED,ACCEPTED,ACCEPTED,122.940500317,122.940500317
123.041671896,6.724188250497075,3.8047313309383086,0.005278688524590087,0.0,0.0,False,0.0,0.5278688524590086,-0.18566678746252657,FUSED,ACCEPTED,ACCEPTED,123.032413317,123.032413317
123.09167189600001,6.6990432522409264,4.140312118506835,0.010278688524591224,0.0,0.0,False,0.0,0.0,-0.18566678746252657,MODEL_ONLY,DUPLICATE_OR_OLD,DUPLICATE_OR_OLD,123.032413317,123.032413317
123.141671896,6.673459211303084,4.474624680095417,0.01527868852459094,0.0,0.0,False,0.0,0.0,-0.18566678746252657,MODEL_ONLY,DUPLICATE_OR_OLD,DUPLICATE_OR_OLD,123.032413317,123.032413317
123.191671896,6.631137161965996,4.807239589427125,0.00669734704926914,0.0,0.0,False,0.0,0.6697347049269138,-0.20798048109325323,FUSED,ACCEPTED,ACCEPTED,123.118424341,123.118424341
123.241671896,6.603710518953276,5.138110781450088,0.011697347049268857,0.0,0.0,False,0.0,0.0,-0.20798048109325323,MODEL_ONLY,DUPLICATE_OR_OLD,DUPLICATE_OR_OLD,123.118424341,123.118424341
123.291671896,6.5670609453832345,5.467380068058482,0.006254309470695528,0.0,0.0,False,0.0,0.6254309470695527,-0.21409151431268444,FUSED,ACCEPTED,ACCEPTED,123.206432216,123.206432216
123.34167189600001,6.5387652291047,5.795025722420755,0.011254309470696666,0.0,0.0,False,0.0,0.0,-0.21409151431268444,MODEL_ONLY,DUPLICATE_OR_OLD,DUPLICATE_OR_OLD,123.206432216,123.206432216
123.391671896,6.509109836583025,6.121222599062929,0.006191101498532479,0.0,0.0,False,0.0,0.6191101498532479,-0.2047884989879271,FUSED,ACCEPTED,ACCEPTED,123.304433147,123.304433147
123.441671896,6.480842417307123,6.445971405410165,0.011191101498532197,0.0,0.0,False,0.0,0.0,-0.2047884989879271,MODEL_ONLY,DUPLICATE_OR_OLD,DUPLICATE_OR_OLD,123.304433147,123.304433147
123.491671896,6.439530448440706,6.768980727053842,0.006181909340254159,0.0,0.0,False,0.0,0.6181909340254159,-0.2409001587326976,FUSED,ACCEPTED,ACCEPTED,123.412466635,123.412466635
123.541671896,6.409118787980356,7.09019695796435,0.011181909340253876,0.0,0.0,False,0.0,0.0,-0.2409001587326976,MODEL_ONLY,DUPLICATE_OR_OLD,DUPLICATE_OR_OLD,123.412466635,123.412466635
123.59167189600001,6.3650720221202395,7.409551728216938,0.006180568853844104,0.0,0.0,False,0.0,0.6180568853844102,-0.260005951257387,FUSED,ACCEPTED,ACCEPTED,123.500425592,123.500425592
123.641671896,6.337074476097965,7.727105390672374,0.0052786914888807565,0.0,0.0,False,0.0,0.5278691488880756,-0.22891524753869832,FUSED,ACCEPTED,ACCEPTED,123.602609284,123.602609284
123.691671896,6.306891296413637,8.043204534985145,0.010278691488880474,0.0,0.0,False,0.0,0.0,-0.22891524753869832,MODEL_ONLY,DUPLICATE_OR_OLD,DUPLICATE_OR_OLD,123.602609284,123.602609284
123.741671896,6.2766128239912975,8.357792137995252,0.01527869148888019,0.0,0.0,False,0.0,0.0,-0.22891524753869832,MODEL_ONLY,DUPLICATE_OR_OLD,DUPLICATE_OR_OLD,123.602609284,123.602609284
123.791671896,6.2541957261282235,8.671062351748223,0.006697347372599447,0.0,0.0,False,0.0,0.6697347372599447,-0.2147520740050699,FUSED,ACCEPTED,ACCEPTED,123.712470249,123.712470249
123.84167189600001,6.224467637406214,8.983028935836655,0.011697347372600584,0.0,0.0,False,0.0,0.0,-0.2147520740050699,MODEL_ONLY,DUPLICATE_OR_OLD,DUPLICATE_OR_OLD,123.712470249,123.712470249
123.891671896,6.20741587709924,9.293826023699273,0.006254309516059608,0.0,0.0,False,0.0,0.6254309516059606,-0.18714298581222832,FUSED,ACCEPTED,ACCEPTED,123.838507292,123.838507292
123.941671896,6.172536550417708,9.603324834387179,0.005295071810051415,0.0,0.0,False,0.0,0.5295071810051413,-0.22629765282160907,FUSED,ACCEPTED,ACCEPTED,123.916414341,123.916414341
123.991671896,6.142058449877141,9.911189709394533,0.010295071810051131,0.0,0.0,False,0.0,0.0,-0.22629765282160907,MODEL_ONLY,DUPLICATE_OR_OLD,DUPLICATE_OR_OLD,123.916414341,123.916414341
124.041671896,6.115279469610333,10.217623157381702,0.006046660758627869,0.0,0.0,False,0.0,0.6046660758627869,-0.20251767388128064,FUSED,ACCEPTED,ACCEPTED,124.004442281,124.004442281
124.09167189600001,6.085906884276161,10.522652816228934,0.011046660758629007,0.0,0.0,False,0.0,0.0,-0.20251767388128064,MODEL_ONLY,DUPLICATE_OR_OLD,DUPLICATE_OR_OLD,124.004442281,124.004442281
124.141671896,6.056499882826726,10.826212985406489,0.016046660758628723,0.0,0.0,False,0.0,0.0,-0.20251767388128064,MODEL_ONLY,DUPLICATE_OR_OLD,DUPLICATE_OR_OLD,124.004442281,124.004442281
124.191671896,6.042482637721177,11.12868754842017,0.0067790416889775135,0.0,0.0,False,0.0,0.6779041688977512,-0.16809119499113262,FUSED,ACCEPTED,ACCEPTED,124.136489443,124.136489443
124.241671896,6.0147399778911925,11.430118113810462,0.01177904168897723,0.0,0.0,False,0.0,0.0,-0.16809119499113262,MODEL_ONLY,DUPLICATE_OR_OLD,DUPLICATE_OR_OLD,124.136489443,124.136489443
124.291671896,5.993720600869059,11.730329628279453,0.006265736423228209,0.0,0.0,False,0.0,0.6265736423228206,-0.16511395611356514,FUSED,ACCEPTED,ACCEPTED,124.222449201,124.222449201
124.34167189600001,5.966082629089795,12.029324709028492,0.011265736423229346,0.0,0.0,False,0.0,0.0,-0.16511395611356514,MODEL_ONLY,DUPLICATE_OR_OLD,DUPLICATE_OR_OLD,124.222449201,124.222449201
124.391671896,5.929991213077065,12.326726555082647,0.00619275856619191,0.0,0.0,False,0.0,0.6192758566191909,-0.19746297435844054,FUSED,ACCEPTED,ACCEPTED,124.318402324,124.318402324
124.441671896,5.8934965122562355,12.622313748215962,0.005281407104805697,0.0,0.0,False,0.0,0.5281407104805698,-0.20864558489624416,FUSED,ACCEPTED,ACCEPTED,124.40046288,124.40046288
124.491671896,5.8636335972262215,12.916242000953007,0.010281407104805414,0.0,0.0,False,0.0,0.0,-0.20864558489624416,MODEL_ONLY,DUPLICATE_OR_OLD,DUPLICATE_OR_OLD,124.40046288,124.40046288
124.541671896,5.833758252403391,13.20867679719373,0.01528140710480513,0.0,0.0,False,0.0,0.0,-0.20864558489624416,MODEL_ONLY,DUPLICATE_OR_OLD,DUPLICATE_OR_OLD,124.40046288,124.40046288
124.59167189600001,5.8215952164895,13.500060633916119,0.006697643552233477,0.0,0.0,False,0.0,0.6697643552233477,-0.15045124166477292,FUSED,ACCEPTED,ACCEPTED,124.542491556,124.542491556
124.641671896,5.776768694823239,13.790019731698921,0.005391204590523027,0.0,0.0,False,0.0,0.5391204590523025,-0.2328798260824695,FUSED,ACCEPTED,ACCEPTED,124.624411716,124.624411716
124.691671896,5.745652574061739,14.07808026342103,0.010391204590522743,0.0,0.0,False,0.0,0.0,-0.2328798260824695,MODEL_ONLY,DUPLICATE_OR_OLD,DUPLICATE_OR_OLD,124.624411716,124.624411716
124.741671896,5.710695703637043,14.364488970363482,0.006061628362550154,0.0,0.0,False,0.0,0.6061628362550153,-0.21372672949407323,FUSED,ACCEPTED,ACCEPTED,124.704409196,124.704409196
124.791671896,5.680523190805513,14.64926944272453,0.01106162836254987,0.0,0.0,False,0.0,0.0,-0.21372672949407323,MODEL_ONLY,DUPLICATE_OR_OLD,DUPLICATE_OR_OLD,124.704409196,124.704409196
124.84167189600001,5.650344887149231,14.932541144673463,0.016061628362551008,0.0,0.0,False,0.0,0.0,-0.21372672949407323,MODEL_ONLY,DUPLICATE_OR_OLD,DUPLICATE_OR_OLD,124.704409196,124.704409196
124.891671896,5.625509131239816,15.214437495133172,0.006780593765632571,0.0,0.0,False,0.0,0.6780593765632569,-0.19612310734239094,FUSED,ACCEPTED,ACCEPTED,124.802411259,124.802411259
124.941671896,5.601116937880037,15.495103146861151,0.005408756938583075,0.0,0.0,False,0.0,0.5408756938583072,-0.18717211668785239,FUSED,ACCEPTED,ACCEPTED,124.912388711,124.912388711
124.991671896,5.5715973790816085,15.774421004785177,0.010408756938582791,0.0,0.0,False,0.0,0.0,-0.18717211668785239,MODEL_ONLY,DUPLICATE_OR_OLD,DUPLICATE_OR_OLD,124.912388711,124.912388711
125.041671896,5.541497242553747,16.052248370326044,0.015408756938582508,0.0,0.0,False,0.0,0.0,-0.18717211668785239,MODEL_ONLY,DUPLICATE_OR_OLD,DUPLICATE_OR_OLD,124.912388711,124.912388711
125.09167189600001,5.514773416698991,16.328655136807427,0.006711473599464481,0.0,0.0,False,0.0,0.6711473599464479,-0.18000230306653084,FUSED,ACCEPTED,ACCEPTED,125.020429359,125.020429359
125.141671896,5.494306834924194,16.60388214309799,0.005394140358926728,0.0,0.0,False,0.0,0.5394140358926727,-0.14888082508714917,FUSED,ACCEPTED,ACCEPTED,125.122462938,125.122462938
125.191671896,5.46476373100983,16.877858907246324,0.010394140358926444,0.0,0.0,False,0.0,0.0,-0.14888082508714917,MODEL_ONLY,DUPLICATE_OR_OLD,DUPLICATE_OR_OLD,125.122462938,125.122462938
125.241671896,5.443924368330916,17.15057610972983,0.006062083670225541,0.0,0.0,False,0.0,0.6062083670225539,-0.13749997068218653,FUSED,ACCEPTED,ACCEPTED,125.214496272,125.214496272
125.291671896,5.41429419668433,17.422031573855193,0.011062083670225258,0.0,0.0,False,0.0,0.0,-0.13749997068218653,MODEL_ONLY,DUPLICATE_OR_OLD,DUPLICATE_OR_OLD,125.214496272,125.214496272
125.34167189600001,5.3843935439500745,17.691998767371118,0.016062083670226393,0.0,0.0,False,0.0,0.0,-0.13749997068218653,MODEL_ONLY,DUPLICATE_OR_OLD,DUPLICATE_OR_OLD,125.214496272,125.214496272
125.391671896,5.34608484533435,17.960260727103215,0.006780640955653184,0.0,0.0,False,0.0,0.6780640955653182,-0.16876083477984904,FUSED,ACCEPTED,ACCEPTED,125.302634481,125.302634481
125.441671896,5.314173317292819,18.226767181168878,0.0117806409556529,0.0,0.0,False,0.0,0.0,-0.16876083477984904,MODEL_ONLY,DUPLICATE_OR_OLD,DUPLICATE_OR_OLD,125.302634481,125.302634481
125.491671896,5.295583637971137,18.492011105050462,0.006265959423241778,0.0,0.0,False,0.0,0.6265959423241776,-0.11759020859464944,FUSED,ACCEPTED,ACCEPTED,125.434398025,125.434398025
125.541671896,5.26588347240324,18.75604778280981,0.011265959423241495,0.0,0.0,False,0.0,0.0,-0.11759020859464944,MODEL_ONLY,DUPLICATE_OR_OLD,DUPLICATE_OR_OLD,125.434398025,125.434398025
125.59167189600001,5.225982674040124,19.01834443647095,0.006192790889964201,0.0,0.0,False,0.0,0.61927908899642,-0.16679474595598104,FUSED,ACCEPTED,ACCEPTED,125.518409644,125.518409644
125.641671896,5.193553149043579,19.278832832048028,0.011192790889963918,0.0,0.0,False,0.0,0.0,-0.16679474595598104,MODEL_ONLY,DUPLICATE_OR_OLD,DUPLICATE_OR_OLD,125.518409644,125.518409644
125.691671896,5.156281701623587,19.53757870331469,0.006182155600749011,0.0,0.0,False,0.0,0.6182155600749011,-0.16201083575989214,FUSED,ACCEPTED,ACCEPTED,125.600440548,125.600440548
125.741671896,5.1238827349328915,19.794582814228587,0.011182155600748728,0.0,0.0,False,0.0,0.0,-0.16201083575989214,MODEL_ONLY,DUPLICATE_OR_OLD,DUPLICATE_OR_OLD,125.600440548,125.600440548
125.791671896,5.081858180502828,20.049726337114468,0.006180604778120661,0.0,0.0,False,0.0,0.618060477812066,-0.18476485713188356,FUSED,ACCEPTED,ACCEPTED,125.698435641,125.698435641
125.84167189600001,5.048159772808453,20.302976785947305,0.011180604778121798,0.0,0.0,False,0.0,0.0,-0.18476485713188356,MODEL_ONLY,DUPLICATE_OR_OLD,DUPLICATE_OR_OLD,125.698435641,125.698435641
125.891671896,5.006002923849865,20.55433085336375,0.006180378534128917,0.0,0.0,False,0.0,0.6180378534128915,-0.19417039543166306,FUSED,ACCEPTED,ACCEPTED,125.806492932,125.806492932
125.941671896,4.971708855051588,20.803773647836273,0.011180378534128633,0.0,0.0,False,0.0,0.0,-0.19417039543166306,MODEL_ONLY,DUPLICATE_OR_OLD,DUPLICATE_OR_OLD,125.806492932,125.806492932
125.991671896,4.944026385530539,21.05166702885081,0.006180345525957866,0.0,0.0,False,0.0,0.6180345525957865,-0.16309621188091766,FUSED,ACCEPTED,ACCEPTED,125.898391437,125.898391437
126.041671896,4.911188825457576,21.2980474091255,0.011180345525957583,0.0,0.0,False,0.0,0.0,-0.16309621188091766,MODEL_ONLY,DUPLICATE_OR_OLD,DUPLICATE_OR_OLD,125.898391437,125.898391437
126.09167189600001,4.870663188461268,21.542593709473525,0.006180340710138966,0.0,0.0,False,0.0,0.6180340710138965,-0.1976159594490937,FUSED,ACCEPTED,ACCEPTED,126.006431874,126.006431874
126.141671896,4.855716387530276,21.7857531988733,0.005278640633380764,0.0,0.0,False,0.0,0.5278640633380763,-0.1175401495633147,FUSED,ACCEPTED,ACCEPTED,126.126434909,126.126434909
126.191671896,4.825050215004518,22.027772363936656,0.01027864063338048,0.0,0.0,False,0.0,0.0,-0.1175401495633147,MODEL_ONLY,DUPLICATE_OR_OLD,DUPLICATE_OR_OLD,126.126434909,126.126434909
126.241671896,4.791776090542115,22.268193021575307,0.0060440910786970494,0.0,0.0,False,0.0,0.6044091078697049,-0.16015463600102295,FUSED,ACCEPTED,ACCEPTED,126.206456179,126.206456179
126.291671896,4.758927761854461,22.506960617885206,0.011044091078696767,0.0,0.0,False,0.0,0.0,-0.16015463600102295,MODEL_ONLY,DUPLICATE_OR_OLD,DUPLICATE_OR_OLD,126.206456179,126.206456179
126.34167189600001,4.726058230425744,22.744085267692263,0.016044091078697906,0.0,0.0,False,0.0,0.0,-0.16015463600102295,MODEL_ONLY,DUPLICATE_OR_OLD,DUPLICATE_OR_OLD,126.206456179,126.206456179
126.391671896,4.707593965162694,22.979926572581963,0.006778775073604274,0.0,0.0,False,0.0,0.6778775073604273,-0.12133256531323913,FUSED,ACCEPTED,ACCEPTED,126.32638504,126.32638504
126.441671896,4.677862975216425,23.214562996091427,0.01177877507360399,0.0,0.0,False,0.0,0.0,-0.12133256531323913,MODEL_ONLY,DUPLICATE_OR_OLD,DUPLICATE_OR_OLD,126.32638504,126.32638504
126.491671896,4.640000998139891,23.447509595425323,0.00626569924407888,0.0,0.0,False,0.0,0.6265699244078877,-0.1673620250067694,FUSED,ACCEPTED,ACCEPTED,126.398419473,126.398419473
126.541671896,4.608896814213353,23.67873204073414,0.011265699244078596,0.0,0.0,False,0.0,0.0,-0.1673620250067694,MODEL_ONLY,DUPLICATE_OR_OLD,DUPLICATE_OR_OLD,126.398419473,126.398419473
126.59167189600001,4.589848082073299,23.908700663141357,0.006192753177034116,0.0,0.0,False,0.0,0.6192753177034115,-0.12037465685665259,FUSED,ACCEPTED,ACCEPTED,126.516409195,126.516409195
126.641671896,4.561812887902017,24.13749218739073,0.011192753177033832,0.0,0.0,False,0.0,0.0,-0.12037465685665259,MODEL_ONLY,DUPLICATE_OR_OLD,DUPLICATE_OR_OLD,126.516409195,126.516409195
126.691671896,4.536241066221113,24.364943536243793,0.006182150103728598,0.0,0.0,False,0.0,0.6182150103728596,-0.13582654664841168,FUSED,ACCEPTED,ACCEPTED,126.608385095,126.608385095
126.741671896,4.5057036115140265,24.59099215318716,0.005279043935091425,0.0,0.0,False,0.0,0.5279043935091423,-0.14463046265655494,FUSED,ACCEPTED,ACCEPTED,126.700408423,126.700408423
126.791671896,4.477243472306537,24.815565830282658,0.010279043935091142,0.0,0.0,False,0.0,0.0,-0.14463046265655494,MODEL_ONLY,DUPLICATE_OR_OLD,DUPLICATE_OR_OLD,126.700408423,126.700408423
126.84167189600001,4.448985822479551,25.038721562652363,0.015279043935092279,0.0,0.0,False,0.0,0.0,-0.14463046265655494,MODEL_ONLY,DUPLICATE_OR_OLD,DUPLICATE_OR_OLD,126.700408423,126.700408423
126.891671896,4.427802011020398,25.260641258489848,0.0066973858152732275,0.0,0.0,False,0.0,0.6697385815273226,-0.12360981212588928,FUSED,ACCEPTED,ACCEPTED,126.804453436,126.804453436
126.941671896,4.403024345896268,25.481411917412753,0.005391149843977551,0.0,0.0,False,0.0,0.539114984397755,-0.1265707732946182,FUSED,ACCEPTED,ACCEPTED,126.898431785,126.898431785
126.991671896,4.376143149967909,25.700891104809344,0.010391149843977267,0.0,0.0,False,0.0,0.0,-0.1265707732946182,MODEL_ONLY,DUPLICATE_OR_OLD,DUPLICATE_OR_OLD,126.898431785,126.898431785
127.041671896,4.349892764782311,25.919042002678086,0.0060616198709204615,0.0,0.0,False,0.0,0.606161987092046,-0.12868058217789208,FUSED,ACCEPTED,ACCEPTED,127.002410433,127.002410433
127.09167189600001,4.32313491150539,26.13586769458533,0.011061619870921599,0.0,0.0,False,0.0,0.0,-0.12868058217789208,MODEL_ONLY,DUPLICATE_OR_OLD,DUPLICATE_OR_OLD,127.002410433,127.002410433
127.141671896,4.29647139451646,26.35135785223586,0.016061619870921313,0.0,0.0,False,0.0,0.0,-0.12868058217789208,MODEL_ONLY,DUPLICATE_OR_OLD,DUPLICATE_OR_OLD,127.002410433,127.002410433
127.191671896,4.269890937453282,26.56551691053509,0.02106161987092103,0.0,0.0,False,0.0,0.0,-0.12868058217789208,MODEL_ONLY,DUPLICATE_OR_OLD,DUPLICATE_OR_OLD,127.002410433,127.002410433
127.241671896,4.24338361185853,26.778348774267876,0.026061619870920746,0.0,0.0,False,0.0,0.0,-0.12868058217789208,MODEL_ONLY,DUPLICATE_OR_OLD,DUPLICATE_OR_OLD,127.002410433,127.002410433
127.291671896,4.22768688204914,26.990125536615558,0.007564635776319696,0.0,0.0,False,0.0,0.7564635776319695,-0.1015009840045275,FUSED,ACCEPTED,ACCEPTED,127.228429942,127.228429942
127.34167189600001,4.20142707614954,27.20085338557057,0.012564635776320833,0.0,0.0,False,0.0,0.0,-0.1015009840045275,MODEL_ONLY,DUPLICATE_OR_OLD,DUPLICATE_OR_OLD,127.228429942,127.228429942
127.391671896,4.171151068461138,27.410167839185828,0.006372163201738905,0.0,0.0,False,0.0,0.6372163201738904,-0.11858139081394341,FUSED,ACCEPTED,ACCEPTED,127.312383434,127.312383434
127.441671896,4.143175614959209,27.618026006271325,0.011372163201738622,0.0,0.0,False,0.0,0.0,-0.11858139081394341,MODEL_ONLY,DUPLICATE_OR_OLD,DUPLICATE_OR_OLD,127.312383434,127.312383434
127.491671896,4.1212715098826855,27.824637184392362,0.006208122965301215,0.0,0.0,False,0.0,0.6208122965301214,-0.09102598942811307,FUSED,ACCEPTED,ACCEPTED,127.418404563,127.418404563
127.541671896,4.083918800058265,28.029766942140874,0.005284825528236886,0.0,0.0,False,0.0,0.5284825528236885,-0.13644323030256356,FUSED,ACCEPTED,ACCEPTED,127.49836493,127.49836493
127.59167189600001,4.054106940503016,28.233217585654952,0.010284825528238024,0.0,0.0,False,0.0,0.0,-0.13644323030256356,MODEL_ONLY,DUPLICATE_OR_OLD,DUPLICATE_OR_OLD,127.49836493,127.49836493
127.641671896,4.024052633484214,28.435171575004617,0.01528482552823774,0.0,0.0,False,0.0,0.0,-0.13644323030256356,MODEL_ONLY,DUPLICATE_OR_OLD,DUPLICATE_OR_OLD,127.49836493,127.49836493
127.691671896,3.995158523067673,28.635651853918404,0.006698016308307263,0.0,0.0,False,0.0,0.6698016308307262,-0.11053618234642291,FUSED,ACCEPTED,ACCEPTED,127.600409554,127.600409554
127.741671896,3.96800324183844,28.834730898041045,0.005391283766262288,0.0,0.0,False,0.0,0.5391283766262287,-0.10868248969050943,FUSED,ACCEPTED,ACCEPTED,127.698431362,127.698431362
127.791671896,3.938770070701082,29.032400230854524,0.010391283766262005,0.0,0.0,False,0.0,0.0,-0.10868248969050943,MODEL_ONLY,DUPLICATE_OR_OLD,DUPLICATE_OR_OLD,127.698431362,127.698431362
127.84167189600001,3.909471742366168,29.22860627618125,0.006061640643279808,0.0,0.0,False,0.0,0.6061640643279805,-0.11092908108626838,FUSED,ACCEPTED,ACCEPTED,127.804373142,127.804373142
127.891671896,3.8798522519640106,29.423339376039493,0.011061640643279524,0.0,0.0,False,0.0,0.0,-0.11092908108626838,MODEL_ONLY,DUPLICATE_OR_OLD,DUPLICATE_OR_OLD,127.804373142,127.804373142
127.941671896,3.8501198094964875,29.616588677575994,0.01606164064327924,0.0,0.0,False,0.0,0.0,-0.11092908108626838,MODEL_ONLY,DUPLICATE_OR_OLD,DUPLICATE_OR_OLD,127.804373142,127.804373142
127.991671896,3.818378739666987,29.80830114130507,0.006780595038477541,0.0,0.0,False,0.0,0.6780595038477538,-0.11496561613398588,FUSED,ACCEPTED,ACCEPTED,127.900358626,127.900358626
128.041671896,3.7882574571466625,29.9984670462254,0.011780595038477257,0.0,0.0,False,0.0,0.0,-0.11496561613398588,MODEL_ONLY,DUPLICATE_OR_OLD,DUPLICATE_OR_OLD,127.900358626,127.900358626
128.091671896,3.7678874549178833,30.187370669027057,0.006265953020972094,0.0,0.0,False,0.0,0.6265953020972093,-0.08489340418623283,FUSED,ACCEPTED,ACCEPTED,128.046368958,128.046368958
128.141671896,3.7369032610455455,30.37499043692608,0.005297647845765961,0.0,0.0,False,0.0,0.5297647845765959,-0.10575077428899639,FUSED,ACCEPTED,ACCEPTED,128.132373632,128.132373632
128.191671896,3.7070379774680435,30.56108896788896,0.010297647845767099,0.0,0.0,False,0.0,0.0,-0.10575077428899639,MODEL_ONLY,DUPLICATE_OR_OLD,DUPLICATE_OR_OLD,128.132373632,128.132373632
128.241671896,3.6652980519373926,30.745397368624136,0.006047063323449342,0.0,0.0,False,0.0,0.6047063323449342,-0.13818387843477256,FUSED,ACCEPTED,ACCEPTED,128.198389155,128.198389155
128.291671896,3.633712158488039,30.92787262388471,0.011047063323447636,0.0,0.0,False,0.0,0.0,-0.13818387843477256,MODEL_ONLY,DUPLICATE_OR_OLD,DUPLICATE_OR_OLD,128.198389155,128.198389155
128.341671896,3.602085471045516,31.10876756462309,0.016047063323448775,0.0,0.0,False,0.0,0.0,-0.13818387843477256,MODEL_ONLY,DUPLICATE_OR_OLD,DUPLICATE_OR_OLD,128.198389155,128.198389155
128.391671896,3.5911169615395186,31.288597625437653,0.006779083452814717,0.0,0.0,False,0.0,0.6779083452814716,-0.06727574419144725,FUSED,ACCEPTED,ACCEPTED,128.318356638,128.318356638
128.441671896,3.562968138712684,31.467449752944,0.011779083452815853,0.0,0.0,False,0.0,0.0,-0.06727574419144725,MODEL_ONLY,DUPLICATE_OR_OLD,DUPLICATE_OR_OLD,128.318356638,128.318356638
128.491671896,3.515980434710396,31.644423467279616,0.006265742247071543,0.0,0.0,False,0.0,0.6265742247071544,-0.15049137071972724,FUSED,ACCEPTED,ACCEPTED,128.396365153,128.396365153
128.541671896,3.4755124628085827,31.819210789717527,0.005297601238735094,0.0,0.0,False,0.0,0.5297601238735092,-0.14345845660391965,FUSED,ACCEPTED,ACCEPTED,128.498403237,128.498403237
128.591671896,3.4434805589170265,31.99218561526071,0.010297601238736232,0.0,0.0,False,0.0,0.0,-0.14345845660391965,MODEL_ONLY,DUPLICATE_OR_OLD,DUPLICATE_OR_OLD,128.498403237,128.498403237
128.641671896,3.411429649812098,32.16355837047888,0.015297601238734526,0.0,0.0,False,0.0,0.0,-0.14345845660391965,MODEL_ONLY,DUPLICATE_OR_OLD,DUPLICATE_OR_OLD,128.498403237,128.498403237
128.691671896,3.378458037371014,32.333305562658495,0.006699408668955964,0.0,0.0,False,0.0,0.6699408668955962,-0.1333456466904671,FUSED,ACCEPTED,ACCEPTED,128.610379452,128.610379452
128.741671896,3.3468813020712482,32.50143904614459,0.011699408668957101,0.0,0.0,False,0.0,0.0,-0.1333456466904671,MODEL_ONLY,DUPLICATE_OR_OLD,DUPLICATE_OR_OLD,128.610379452,128.610379452
128.791671896,3.332085587066001,32.66841321837296,0.006254598697675485,0.0,0.0,False,0.0,0.6254598697675484,-0.08516117272751503,FUSED,ACCEPTED,ACCEPTED,128.708440121,128.708440121
128.841671896,3.300332418843726,32.83422366852074,0.0052951358234333,0.0,0.0,False,0.0,0.5295135823433298,-0.11848655580578155,FUSED,ACCEPTED,ACCEPTED,128.836368179,128.836368179
128.891671896,3.2694641881892013,32.99846858369651,0.010295135823431594,0.0,0.0,False,0.0,0.0,-0.11848655580578155,MODEL_ONLY,DUPLICATE_OR_OLD,DUPLICATE_OR_OLD,128.836368179,128.836368179
128.941671896,3.2385871033355937,33.16116986598466,0.015295135823432731,0.0,0.0,False,0.0,0.0,-0.11848655580578155,MODEL_ONLY,DUPLICATE_OR_OLD,DUPLICATE_OR_OLD,128.836368179,128.836368179
128.991671896,3.2001868768608666,33.322139215489614,0.00669914006714411,0.0,0.0,False,0.0,0.6699140067144109,-0.13463739908064903,FUSED,ACCEPTED,ACCEPTED,128.916359156,128.916359156
129.041671896,3.168487590058568,33.48135607716254,0.011699140067142405,0.0,0.0,False,0.0,0.0,-0.13463739908064903,MODEL_ONLY,DUPLICATE_OR_OLD,DUPLICATE_OR_OLD,128.916359156,128.916359156
129.091671896,3.136001888408441,33.638968314124256,0.006254561017751211,0.0,0.0,False,0.0,0.625456101775121,-0.12785746916828936,FUSED,ACCEPTED,ACCEPTED,129.004405436,129.004405436
129.141671896,3.1046302335290785,33.79498411717264,0.011254561017749506,0.0,0.0,False,0.0,0.0,-0.12785746916828936,MODEL_ONLY,DUPLICATE_OR_OLD,DUPLICATE_OR_OLD,129.004405436,129.004405436
129.191671896,3.075172199838146,33.949479178006854,0.006191137991894428,0.0,0.0,False,0.0,0.6191137991894426,-0.1225397086961118,FUSED,ACCEPTED,ACCEPTED,129.126346233,129.126346233
129.241671896,3.044057622927347,34.10245992357602,0.011191137991895566,0.0,0.0,False,0.0,0.0,-0.1225397086961118,MODEL_ONLY,DUPLICATE_OR_OLD,DUPLICATE_OR_OLD,129.126346233,129.126346233
129.291671896,3.0164005497279116,34.25397137789235,0.006181914660182008,0.0,0.0,False,0.0,0.6181914660182007,-0.11513479327324856,FUSED,ACCEPTED,ACCEPTED,129.226342972,129.226342972
129.341671896,2.982501399662493,34.40394392662714,0.005278991460201863,0.0,0.0,False,0.0,0.5278991460201862,-0.13105131354054106,FUSED,ACCEPTED,ACCEPTED,129.302592358,129.302592358
129.391671896,2.9509515972146976,34.55228025154902,0.010278991460200157,0.0,0.0,False,0.0,0.0,-0.13105131354054106,MODEL_ONLY,DUPLICATE_OR_OLD,DUPLICATE_OR_OLD,129.302592358,129.302592358
129.441671896,2.9166731124175294,34.698970869289866,0.006044145979580006,0.0,0.0,False,0.0,0.6044145979580005,-0.13299270434351304,FUSED,ACCEPTED,ACCEPTED,129.398345692,129.398345692
129.491671896,2.8850215787502216,34.84401323656909,0.011044145979581144,0.0,0.0,False,0.0,0.0,-0.13299270434351304,MODEL_ONLY,DUPLICATE_OR_OLD,DUPLICATE_OR_OLD,129.398345692,129.398345692
129.541671896,2.864078493904097,34.9877407383854,0.006160365554762,0.0,0.0,False,0.0,0.6160365554761998,-0.09926734930516799,FUSED,ACCEPTED,ACCEPTED,129.534344035,129.534344035
129.591671896,2.834109614157137,35.13019544108696,0.011160365554763137,0.0,0.0,False,0.0,0.0,-0.09926734930516799,MODEL_ONLY,DUPLICATE_OR_OLD,DUPLICATE_OR_OLD,129.534344035,129.534344035
129.641671896,2.804139244610589,35.27115166255611,0.01616036555476143,0.0,0.0,False,0.0,0.0,-0.09926734930516799,MODEL_ONLY,DUPLICATE_OR_OLD,DUPLICATE_OR_OLD,129.534344035,129.534344035
129.691671896,2.7739027738294166,35.410602713017134,0.006790795030172042,0.0,0.0,False,0.0,0.679079503017204,-0.11293150158967225,FUSED,ACCEPTED,ACCEPTED,129.602437208,129.602437208
129.741671896,2.7432467300263386,35.54853145061356,0.01179079503017318,0.0,0.0,False,0.0,0.0,-0.11293150158967225,MODEL_ONLY,DUPLICATE_OR_OLD,DUPLICATE_OR_OLD,129.602437208,129.602437208
129.791671896,2.7125840543327735,35.684927220222484,0.006267374675242703,0.0,0.0,False,0.0,0.6267374675242702,-0.11049222124485365,FUSED,ACCEPTED,ACCEPTED,129.69837147,129.69837147
129.841671896,2.6820480623541205,35.81979302313969,0.01126737467524384,0.0,0.0,False,0.0,0.0,-0.11049222124485365,MODEL_ONLY,DUPLICATE_OR_OLD,DUPLICATE_OR_OLD,129.69837147,129.69837147
129.891671896,2.6610952505771204,35.95337160596293,0.0061929960174416186,0.0,0.0,False,0.0,0.6192996017441617,-0.08299810798956624,FUSED,ACCEPTED,ACCEPTED,129.804336866,129.804336866
129.941671896,2.6319324818892755,36.085697299274614,0.011192996017442756,0.0,0.0,False,0.0,0.0,-0.08299810798956624,MODEL_ONLY,DUPLICATE_OR_OLD,DUPLICATE_OR_OLD,129.804336866,129.804336866
129.991671896,2.6090003065395546,36.21672061898536,0.006182185499764806,0.0,0.0,False,0.0,0.6182185499764805,-0.07974865445011521,FUSED,ACCEPTED,ACCEPTED,129.902514153,129.902514153
130.041671896,2.57999886136289,36.34644559818288,0.0111821854997631,0.0,0.0,False,0.0,0.0,-0.07974865445011521,MODEL_ONLY,DUPLICATE_OR_OLD,DUPLICATE_OR_OLD,129.902514153,129.902514153
130.091671896,2.5377795155373017,36.47439005760542,0.006180609139718285,0.0,0.0,False,0.0,0.6180609139718284,-0.12600840964067744,FUSED,ACCEPTED,ACCEPTED,130.002551563,130.002551563
130.141671896,2.506464191743713,36.6004961502874,0.01118060913971658,0.0,0.0,False,0.0,0.0,-0.12600840964067744,MODEL_ONLY,DUPLICATE_OR_OLD,DUPLICATE_OR_OLD,130.002551563,130.002551563
130.191671896,2.4719919473763117,36.72495755376543,0.006180379170464244,0.0,0.0,False,0.0,0.6180379170464243,-0.11313159039041562,FUSED,ACCEPTED,ACCEPTED,130.114341855,130.114341855
130.241671896,2.4413197739339516,36.847790346798206,0.011180379170465382,0.0,0.0,False,0.0,0.0,-0.11313159039041562,MODEL_ONLY,DUPLICATE_OR_OLD,DUPLICATE_OR_OLD,130.114341855,130.114341855
130.291671896,2.4141051841929726,36.96917597075134,0.006180345618797663,0.0,0.0,False,0.0,0.6180345618797662,-0.10125649206667865,FUSED,ACCEPTED,ACCEPTED,130.214364852,130.214364852
130.341671896,2.3840262302905733,37.08912925611346,0.0111803456187988,0.0,0.0,False,0.0,0.0,-0.10125649206667865,MODEL_ONLY,DUPLICATE_OR_OLD,DUPLICATE_OR_OLD,130.214364852,130.214364852
130.391671896,2.3518916947806865,37.20752720424019,0.006180340723683897,0.0,0.0,False,0.0,0.6180340723683895,-0.11295317086147887,FUSED,ACCEPTED,ACCEPTED,130.302641934,130.302641934
130.441671896,2.3298283657624235,37.3245702057538,0.005278640636400413,0.0,0.0,False,0.0,0.5278640636400412,-0.08023886775985799,FUSED,ACCEPTED,ACCEPTED,130.434334167,130.434334167
130.491671896,2.300799706943135,37.440335907571466,0.01027864063640155,0.0,0.0,False,0.0,0.0,-0.08023886775985799,MODEL_ONLY,DUPLICATE_OR_OLD,DUPLICATE_OR_OLD,130.434334167,130.434334167
130.541671896,2.2717708974783406,37.55465017268197,0.015278640636399846,0.0,0.0,False,0.0,0.0,-0.08023886775985799,MODEL_ONLY,DUPLICATE_OR_OLD,DUPLICATE_OR_OLD,130.434334167,130.434334167
130.591671896,2.2381194464481022,37.66739743128015,0.006697341825848682,0.0,0.0,False,0.0,0.669734182584868,-0.10792441979700518,FUSED,ACCEPTED,ACCEPTED,130.50433786,130.50433786
130.641671896,2.207706109960015,37.77854307019032,0.011697341825846978,0.0,0.0,False,0.0,0.0,-0.10792441979700518,MODEL_ONLY,DUPLICATE_OR_OLD,DUPLICATE_OR_OLD,130.50433786,130.50433786
130.691671896,2.175413985630809,37.88812107258011,0.006254308737839177,0.0,0.0,False,0.0,0.6254308737839175,-0.10484882721683636,FUSED,ACCEPTED,ACCEPTED,130.602721468,130.602721468
130.741671896,2.1451542354160793,37.99613527810631,0.011254308737840314,0.0,0.0,False,0.0,0.0,-0.10484882721683636,MODEL_ONLY,DUPLICATE_OR_OLD,DUPLICATE_OR_OLD,130.602721468,130.602721468
130.791671896,2.1133610552231388,38.10259816037225,0.006191101392211612,0.0,0.0,False,0.0,0.6191101392211611,-0.1078065443333429,FUSED,ACCEPTED,ACCEPTED,130.698329643,130.698329643
130.841671896,2.082953269261257,38.20750601848439,0.01119110139221275,0.0,0.0,False,0.0,0.0,-0.1078065443333429,MODEL_ONLY,DUPLICATE_OR_OLD,DUPLICATE_OR_OLD,130.698329643,130.698329643
130.891671896,2.056696504210932,38.310997262821154,0.0061819093247548985,0.0,0.0,False,0.0,0.6181909324754897,-0.09348265409325501,FUSED,ACCEPTED,ACCEPTED,130.802595479,130.802595479
130.941671896,2.0300518271117727,38.41316597110425,0.00527899027104575,0.0,0.0,False,0.0,0.5278990271045749,-0.08998003790308012,FUSED,ACCEPTED,ACCEPTED,130.902645465,130.902645465
130.991671896,2.000535202378171,38.513930646841516,0.010278990271046888,0.0,0.0,False,0.0,0.0,-0.08998003790308012,MODEL_ONLY,DUPLICATE_OR_OLD,DUPLICATE_OR_OLD,130.902645465,130.902645465
131.041671896,1.9710185354742658,38.6132194902878,0.015278990271045182,0.0,0.0,False,0.0,0.0,-0.08998003790308012,MODEL_ONLY,DUPLICATE_OR_OLD,DUPLICATE_OR_OLD,130.902645465,130.902645465
131.091671896,1.9480033895094688,38.71119503841241,0.006697379961985621,0.0,0.0,False,0.0,0.6697379961985621,-0.0775689765262295,FUSED,ACCEPTED,ACCEPTED,131.002557186,131.002557186
131.141671896,1.9191072058606071,38.80787280329663,0.011697379961983917,0.0,0.0,False,0.0,0.0,-0.0775689765262295,MODEL_ONLY,DUPLICATE_OR_OLD,DUPLICATE_OR_OLD,131.002557186,131.002557186
131.191671896,1.8906753229178104,38.90311736651611,0.006254314088408974,0.0,0.0,False,0.0,0.6254314088408972,-0.0839662374844126,FUSED,ACCEPTED,ACCEPTED,131.114345004,131.114345004
131.241671896,1.8614592221199149,38.99692073014208,0.01125431408841011,0.0,0.0,False,0.0,0.0,-0.0839662374844126,MODEL_ONLY,DUPLICATE_OR_OLD,DUPLICATE_OR_OLD,131.114345004,131.114345004
131.291671896,1.8324739378188692,39.08926905914051,0.006191102168456529,0.0,0.0,False,0.0,0.6191102168456528,-0.08293388409191756,FUSED,ACCEPTED,ACCEPTED,131.250329865,131.250329865
131.341671896,1.8033094127973373,39.18016364290594,0.011191102168457666,0.0,0.0,False,0.0,0.0,-0.08293388409191756,MODEL_ONLY,DUPLICATE_OR_OLD,DUPLICATE_OR_OLD,131.250329865,131.250329865
131.391671896,1.7842999127052181,39.26985387604347,0.006181909437914454,0.0,0.0,False,0.0,0.6181909437914452,-0.05279671674355969,FUSED,ACCEPTED,ACCEPTED,131.326303706,131.326303706
131.441671896,1.7566422136311577,39.358377429201894,0.011181909437915591,0.0,0.0,False,0.0,0.0,-0.05279671674355969,MODEL_ONLY,DUPLICATE_OR_OLD,DUPLICATE_OR_OLD,131.326303706,131.326303706
131.491671896,1.725003307098423,39.44541856722016,0.006180568868091047,0.0,0.0,False,0.0,0.6180568868091046,-0.08019729646314772,FUSED,ACCEPTED,ACCEPTED,131.396425028,131.396425028
131.541671896,1.6959755539978512,39.53094303874754,0.011180568868089342,0.0,0.0,False,0.0,0.0,-0.08019729646314772,MODEL_ONLY,DUPLICATE_OR_OLD,DUPLICATE_OR_OLD,131.396425028,131.396425028
131.591671896,1.665969079512059,39.6149916545853,0.0061803732950248295,0.0,0.0,False,0.0,0.6180373295024828,-0.07391475225117389,FUSED,ACCEPTED,ACCEPTED,131.502592577,131.502592577
131.641671896,1.6372554343889,39.6975722674328,0.011180373295023124,0.0,0.0,False,0.0,0.0,-0.07391475225117389,MODEL_ONLY,DUPLICATE_OR_OLD,DUPLICATE_OR_OLD,131.502592577,131.502592577
131.691671896,1.6122170594999656,39.77880907978004,0.006180344761584985,0.0,0.0,False,0.0,0.6180344761584984,-0.06302920760229529,FUSED,ACCEPTED,ACCEPTED,131.600317307,131.600317307
131.741671896,1.584047676988291,39.85871569819226,0.011180344761586122,0.0,0.0,False,0.0,0.0,-0.06302920760229529,MODEL_ONLY,DUPLICATE_OR_OLD,DUPLICATE_OR_OLD,131.600317307,131.600317307
131.791671896,1.5611692022518198,39.937346120173245,0.006180340598618303,0.0,0.0,False,0.0,0.6180340598618301,-0.0533937900985502,FUSED,ACCEPTED,ACCEPTED,131.696321134,131.696321134
131.841671896,1.5334815797376649,40.014712389723,0.01118034059861944,0.0,0.0,False,0.0,0.0,-0.0533937900985502,MODEL_ONLY,DUPLICATE_OR_OLD,DUPLICATE_OR_OLD,131.696321134,131.696321134
131.891671896,1.5195708102965215,40.09103869947383,0.006180339991249778,0.0,0.0,False,0.0,0.6180339991249778,-0.016432653639616268,FUSED,ACCEPTED,ACCEPTED,131.802533126,131.802533126
131.941671896,1.4927296634003222,40.16634621131627,0.011180339991250916,0.0,0.0,False,0.0,0.0,-0.016432653639616268,MODEL_ONLY,DUPLICATE_OR_OLD,DUPLICATE_OR_OLD,131.802533126,131.802533126
131.991671896,1.4599775224656926,40.24016389096293,0.006180339902636323,0.0,0.0,False,0.0,0.6180339902636323,-0.050965672880965845,FUSED,ACCEPTED,ACCEPTED,131.902467044,131.902467044
132.041671896,1.430633279509067,40.312429161012275,0.011180339902634617,0.0,0.0,False,0.0,0.0,-0.050965672880965845,MODEL_ONLY,DUPLICATE_OR_OLD,DUPLICATE_OR_OLD,131.902467044,131.902467044
132.091671896,1.4013204334366702,40.38322800383593,0.006180339889707379,0.0,0.0,False,0.0,0.6180339889707378,-0.03536763162101619,FUSED,ACCEPTED,ACCEPTED,132.000312112,132.000312112
132.141671896,1.370472036268094,40.452522815578526,0.005278640450496113,0.0,0.0,False,0.0,0.5278640450496113,-0.043082297644859775,FUSED,ACCEPTED,ACCEPTED,132.114371996,132.114371996
132.191671896,1.3406719135428515,40.52030141432382,0.01027864045049725,0.0,0.0,False,0.0,0.0,-0.043082297644859775,MODEL_ONLY,DUPLICATE_OR_OLD,DUPLICATE_OR_OLD,132.114371996,132.114371996
132.241671896,1.3106533181723423,40.586584545116715,0.015278640450498386,0.0,0.0,False,0.0,0.0,-0.043082297644859775,MODEL_ONLY,DUPLICATE_OR_OLD,DUPLICATE_OR_OLD,132.114371996,132.114371996
132.291671896,1.2957315932180062,40.651744167901455,0.006697341805571076,0.0,0.0,False,0.0,0.6697341805571073,0.002094750782314511,FUSED,ACCEPTED,ACCEPTED,132.23844456,132.23844456
132.341671896,1.2676101348857916,40.71582771110407,0.011697341805572213,0.0,0.0,False,0.0,0.0,0.002094750782314511,MODEL_ONLY,DUPLICATE_OR_OLD,DUPLICATE_OR_OLD,132.23844456,132.23844456
132.391671896,1.237132360697755,40.778446273493635,0.006254308734994187,0.0,0.0,False,0.0,0.6254308734994185,-0.021444042021403795,FUSED,ACCEPTED,ACCEPTED,132.338416534,132.338416534
132.441671896,1.2075535717208858,40.83956342180411,0.011254308734995324,0.0,0.0,False,0.0,0.0,-0.021444042021403795,MODEL_ONLY,DUPLICATE_OR_OLD,DUPLICATE_OR_OLD,132.338416534,132.338416534
132.491671896,1.1605977135456744,40.89876720393579,0.0061911013917992815,0.0,0.0,False,0.0,0.6191101391799281,-0.06531312978784774,FUSED,ACCEPTED,ACCEPTED,132.396320705,132.396320705
132.541671896,1.123203443384639,40.95586223285902,0.005281038104102181,0.0,0.0,False,0.0,0.528103810410218,-0.04750116323122797,FUSED,ACCEPTED,ACCEPTED,132.504398141,132.504398141
132.591671896,1.0889513080443907,41.01116610164476,0.010281038104103319,0.0,0.0,False,0.0,0.0,-0.04750116323122797,MODEL_ONLY,DUPLICATE_OR_OLD,DUPLICATE_OR_OLD,132.504398141,132.504398141
132.641671896,1.053383478093145,41.064724471298184,0.015281038104101613,0.0,0.0,False,0.0,0.0,-0.04750116323122797,MODEL_ONLY,DUPLICATE_OR_OLD,DUPLICATE_OR_OLD,132.504398141,132.504398141
132.691671896,1.0230597473180265,41.11663555193348,0.006697603310156957,0.0,0.0,False,0.0,0.6697603310156955,-0.010978111683187061,FUSED,ACCEPTED,ACCEPTED,132.608348049,132.608348049
132.741671896,0.9865221765194121,41.16687510002942,0.011697603310158095,0.0,0.0,False,0.0,0.0,-0.010978111683187061,MODEL_ONLY,DUPLICATE_OR_OLD,DUPLICATE_OR_OLD,132.608348049,132.608348049
132.791671896,0.9596685809863579,41.215529868967046,0.0062543454242592,0.0,0.0,False,0.0,0.62543454242592,0.020697512747128798,FUSED,ACCEPTED,ACCEPTED,132.712331317,132.712331317
132.841671896,0.9178373774164763,41.26246751792713,0.005295079758802779,0.0,0.0,False,0.0,0.5295079758802779,-0.004710618679202593,FUSED,ACCEPTED,ACCEPTED,132.804836221,132.804836221
132.891671896,0.8771752423113593,41.307342833420314,0.010295079758801073,0.0,0.0,False,0.0,0.0,-0.004710618679202593,MODEL_ONLY,DUPLICATE_OR_OLD,DUPLICATE_OR_OLD,132.804836221,132.804836221
132.941671896,0.8352871939177086,41.35015439432605,0.01529507975880221,0.0,0.0,False,0.0,0.0,-0.004710618679202593,MODEL_ONLY,DUPLICATE_OR_OLD,DUPLICATE_OR_OLD,132.804836221,132.804836221
132.991671896,0.767009429258252,41.39021180990545,0.006699133958512148,0.0,0.0,False,0.0,0.6699133958512147,-0.05194579777392956,FUSED,ACCEPTED,ACCEPTED,132.908301427,132.908301427
133.041671896,0.7123964485415644,41.42719695685044,0.005391521145903622,0.0,0.0,False,0.0,0.5391521145903622,-0.04511690886303355,FUSED,ACCEPTED,ACCEPTED,133.012301194,133.012301194
133.091671896,0.664883224733286,41.46162894868232,0.01039152114590476,0.0,0.0,False,0.0,0.0,-0.04511690886303355,MODEL_ONLY,DUPLICATE_OR_OLD,DUPLICATE_OR_OLD,133.012301194,133.012301194
133.141671896,0.616181385867251,41.493655563947314,0.015391521145903055,0.0,0.0,False,0.0,0.0,-0.04511690886303355,MODEL_ONLY,DUPLICATE_OR_OLD,DUPLICATE_OR_OLD,133.012301194,133.012301194
133.191671896,0.5410377125393502,41.522586041407486,0.006709608593794366,0.0,0.0,False,0.0,0.6709608593794365,-0.09253253930170911,FUSED,ACCEPTED,ACCEPTED,133.114293977,133.114293977
133.241671896,0.47166173168237313,41.547903527513036,0.005393744683698283,0.0,0.0,False,0.0,0.539374468369828,-0.09253253930170911,FUSED,ACCEPTED,ACCEPTED,133.204331545,133.204331545
133.291671896,0.41790697430256674,41.570142745162656,0.010393744683696578,0.0,0.0,False,0.0,0.0,-0.09253253930170911,MODEL_ONLY,DUPLICATE_OR_OLD,DUPLICATE_OR_OLD,133.204331545,133.204331545
133.341671896,0.351314784562902,41.5893732891343,0.006062022311179729,0.0,0.0,False,0.0,0.6062022311179727,-0.09253253930170911,FUSED,ACCEPTED,ACCEPTED,133.304328987,133.304328987
133.391671896,0.2961078898656044,41.60555885599501,0.011062022311178024,0.0,0.0,False,0.0,0.0,-0.09253253930170911,MODEL_ONLY,DUPLICATE_OR_OLD,DUPLICATE_OR_OLD,133.304328987,133.304328987
133.441671896,0.24057626833967066,41.61897595995014,0.01606202231117916,0.0,0.0,False,0.0,0.0,-0.09253253930170911,MODEL_ONLY,DUPLICATE_OR_OLD,DUPLICATE_OR_OLD,133.304328987,133.304328987
133.491671896,0.18742253968309663,41.62967593015071,0.006780634596221814,0.0,0.0,False,0.0,0.6780634596221813,-0.09253253930170911,FUSED,ACCEPTED,ACCEPTED,133.398318903,133.398318903
133.541671896,0.1674381382897141,41.63854744710003,0.0054087655454559454,0.0,0.0,False,0.0,0.5408765545455945,-0.09253253930170911,FUSED,ACCEPTED,ACCEPTED,133.50030591,133.50030591
133.591671896,0.112625611235041,41.645549040838155,0.010408765545457083,0.0,0.0,False,0.0,0.0,-0.09253253930170911,MODEL_ONLY,DUPLICATE_OR_OLD,DUPLICATE_OR_OLD,133.50030591,133.50030591
133.641671896,0.05921167111521079,41.64984497289691,0.015408765545455377,0.0,0.0,False,0.0,0.0,-0.09253253930170911,MODEL_ONLY,DUPLICATE_OR_OLD,DUPLICATE_OR_OLD,133.50030591,133.50030591
133.691671896,0.041705473789452704,41.652367901519526,0.0067114745302463835,0.0,0.0,False,0.0,0.6711474530246382,-0.09253253930170911,FUSED,ACCEPTED,ACCEPTED,133.610324351,133.610324351
133.741671896,0.06926407158987892,41.655142140154005,0.01171147453024752,0.0,0.0,False,0.0,0.0,-0.09253253930170911,MODEL_ONLY,DUPLICATE_OR_OLD,DUPLICATE_OR_OLD,133.610324351,133.610324351
133.791671896,0.008870663675898434,41.65709550853565,0.006256290535860593,0.0,0.0,False,0.0,0.6256290535860591,-0.09253253930170911,FUSED,ACCEPTED,ACCEPTED,133.742326518,133.742326518
133.841671896,0.0,41.65731727512755,0.01125629053586173,0.0,0.0,False,0.0,0.0,-0.09253253930170911,MODEL_ONLY,DUPLICATE_OR_OLD,DUPLICATE_OR_OLD,133.742326518,133.742326518
133.891671896,-0.053418571106720464,41.65598181084988,0.006191388883992463,0.0,0.0,False,0.0,0.6191388883992461,-0.09253253930170911,FUSED,ACCEPTED,ACCEPTED,133.802422796,133.802422796
133.941671896,-0.08497833980648258,41.652521888077054,0.0111913888839936,0.0,0.0,False,0.0,0.0,-0.09253253930170911,MODEL_ONLY,DUPLICATE_OR_OLD,DUPLICATE_OR_OLD,133.802422796,133.802422796
133.991671896,-0.0672661632489105,41.64871577550067,0.0061819512343192756,0.0,0.0,False,0.0,0.6181951234319274,-0.09253253930170911,FUSED,ACCEPTED,ACCEPTED,133.916336021,133.916336021
134.041671896,-0.04896716686038352,41.645809942247936,0.005278999611802206,0.0,0.0,False,0.0,0.5278999611802206,-0.09253253930170911,FUSED,ACCEPTED,ACCEPTED,134.016341055,134.016341055
134.091671896,-0.06932857762277331,41.64285254863585,0.010278999611803343,0.0,0.0,False,0.0,0.0,-0.09253253930170911,MODEL_ONLY,DUPLICATE_OR_OLD,DUPLICATE_OR_OLD,134.016341055,134.016341055
134.141671896,-0.08639343923186094,41.63895949821449,0.015278999611801639,0.0,0.0,False,0.0,0.0,-0.09253253930170911,MODEL_ONLY,DUPLICATE_OR_OLD,DUPLICATE_OR_OLD,134.016341055,134.016341055
134.191671896,-0.04237556026274012,41.63574027322712,0.006697380980809554,0.0,0.0,False,0.0,0.6697380980809553,-0.09253253930170911,FUSED,ACCEPTED,ACCEPTED,134.14237313,134.14237313
134.241671896,-0.031059040186201828,41.6339044082159,0.005391148817065034,0.0,0.0,False,0.0,0.5391148817065033,-0.09253253930170911,FUSED,ACCEPTED,ACCEPTED,134.200306829,134.200306829
134.291671896,0.0,41.633127932211245,0.01039114881706333,0.0,0.0,False,0.0,0.0,0.0,STOPPED,DUPLICATE_OR_OLD,DUPLICATE_OR_OLD,134.200306829,134.200306829
134.341671896,0.0,41.633127932211245,0.006061619711637718,0.0,0.0,False,0.0,0.0,0.0,STOPPED,ACCEPTED,ACCEPTED,134.326307192,134.326307192
134.391671896,0.0,41.633127932211245,0.011061619711636012,0.0,0.0,False,0.0,0.0,0.0,STOPPED,DUPLICATE_OR_OLD,DUPLICATE_OR_OLD,134.326307192,134.326307192
134.441671896,0.0,41.633127932211245,0.01606161971163715,0.0,0.0,False,0.0,0.0,0.0,STOPPED,DUPLICATE_OR_OLD,DUPLICATE_OR_OLD,134.326307192,134.326307192
134.491671896,0.0,41.633127932211245,0.006780592869001883,0.0,0.0,False,0.0,0.0,0.0,STOPPED,ACCEPTED,ACCEPTED,134.404315188,134.404315188
134.541671896,0.0,41.633127932211245,0.005408756749577385,0.0,0.0,False,0.0,0.0,0.0,STOPPED,ACCEPTED,ACCEPTED,134.500315391,134.500315391
134.591671896,0.0,41.633127932211245,0.010408756749578522,0.0,0.0,False,0.0,0.0,0.0,STOPPED,DUPLICATE_OR_OLD,DUPLICATE_OR_OLD,134.500315391,134.500315391
134.641671896,0.0,41.633127932211245,0.015408756749576816,0.0,0.0,False,0.0,0.0,0.0,STOPPED,DUPLICATE_OR_OLD,DUPLICATE_OR_OLD,134.500315391,134.500315391
134.691671896,0.0,41.633127932211245,0.006711473579024638,0.0,0.0,False,0.0,0.0,0.0,STOPPED,ACCEPTED,ACCEPTED,134.632314023,134.632314023
134.741671896,0.0,41.633127932211245,0.011711473579025775,0.0,0.0,False,0.0,0.0,0.0,STOPPED,DUPLICATE_OR_OLD,DUPLICATE_OR_OLD,134.632314023,134.632314023
134.791671896,0.0,41.633127932211245,0.00625629040254343,0.0,0.0,False,0.0,0.0,0.0,STOPPED,ACCEPTED,ACCEPTED,134.712301817,134.712301817
134.841671896,0.0,41.633127932211245,0.011256290402544568,0.0,0.0,False,0.0,0.0,0.0,STOPPED,DUPLICATE_OR_OLD,DUPLICATE_OR_OLD,134.712301817,134.712301817
134.891671896,0.0,41.633127932211245,0.0061913888646541165,0.0,0.0,False,0.0,0.0,0.0,STOPPED,ACCEPTED,ACCEPTED,134.812360128,134.812360128
134.941671896,0.0,41.633127932211245,0.005281102119418504,0.0,0.0,False,0.0,0.0,0.0,STOPPED,ACCEPTED,ACCEPTED,134.900304632,134.900304632
134.991671896,0.0,41.633127932211245,0.010281102119419641,0.0,0.0,False,0.0,0.0,0.0,STOPPED,DUPLICATE_OR_OLD,DUPLICATE_OR_OLD,134.900304632,134.900304632
135.041671896,0.0,41.633127932211245,0.006044476244443794,0.0,0.0,False,0.0,0.0,0.0,STOPPED,ACCEPTED,ACCEPTED,135.002494075,135.002494075
135.091671896,0.0,41.633127932211245,0.01104447624444493,0.0,0.0,False,0.0,0.0,0.0,STOPPED,DUPLICATE_OR_OLD,DUPLICATE_OR_OLD,135.002494075,135.002494075
135.141671896,0.0,41.633127932211245,0.006160414244408708,0.0,0.0,False,0.0,0.0,0.0,STOPPED,ACCEPTED,ACCEPTED,135.136298335,135.136298335
135.191671896,0.0,41.633127932211245,0.011160414244409845,0.0,0.0,False,0.0,0.0,0.0,STOPPED,DUPLICATE_OR_OLD,DUPLICATE_OR_OLD,135.136298335,135.136298335
135.241671896,0.0,41.633127932211245,0.006177430561086609,0.0,0.0,False,0.0,0.0,0.0,STOPPED,ACCEPTED,ACCEPTED,135.204296885,135.204296885
135.291671896,0.0,41.633127932211245,0.011177430561084903,0.0,0.0,False,0.0,0.0,0.0,STOPPED,DUPLICATE_OR_OLD,DUPLICATE_OR_OLD,135.204296885,135.204296885
135.341671896,0.0,41.633127932211245,0.01617743056108604,0.0,0.0,False,0.0,0.0,0.0,STOPPED,DUPLICATE_OR_OLD,DUPLICATE_OR_OLD,135.204296885,135.204296885
135.391671896,0.0,41.633127932211245,0.0067925515925991685,0.0,0.0,False,0.0,0.0,0.0,STOPPED,ACCEPTED,ACCEPTED,135.302484462,135.302484462
135.441671896,0.0,41.633127932211245,0.011792551592600306,0.0,0.0,False,0.0,0.0,0.0,STOPPED,DUPLICATE_OR_OLD,DUPLICATE_OR_OLD,135.302484462,135.302484462
135.491671896,0.0,41.633127932211245,0.006267619392114404,0.0,0.0,False,0.0,0.0,0.0,STOPPED,ACCEPTED,ACCEPTED,135.404313666,135.404313666
135.541671896,0.0,41.633127932211245,0.0112676193921127,0.0,0.0,False,0.0,0.0,0.0,STOPPED,DUPLICATE_OR_OLD,DUPLICATE_OR_OLD,135.404313666,135.404313666
135.591671896,0.0,41.633127932211245,0.00619303148461096,0.0,0.0,False,0.0,0.0,0.0,STOPPED,ACCEPTED,ACCEPTED,135.512297924,135.512297924
135.641671896,0.0,41.633127932211245,0.011193031484609255,0.0,0.0,False,0.0,0.0,0.0,STOPPED,DUPLICATE_OR_OLD,DUPLICATE_OR_OLD,135.512297924,135.512297924
135.691671896,0.0,41.633127932211245,0.006182190669348274,0.0,0.0,False,0.0,0.0,0.0,STOPPED,ACCEPTED,ACCEPTED,135.602442684,135.602442684
135.741671896,0.0,41.633127932211245,0.01118219066934941,0.0,0.0,False,0.0,0.0,0.0,STOPPED,DUPLICATE_OR_OLD,DUPLICATE_OR_OLD,135.602442684,135.602442684
135.791671896,0.0,41.633127932211245,0.00618060989384387,0.0,0.0,False,0.0,0.0,0.0,STOPPED,ACCEPTED,ACCEPTED,135.70630635,135.70630635
135.841671896,0.0,41.633127932211245,0.011180609893845006,0.0,0.0,False,0.0,0.0,0.0,STOPPED,DUPLICATE_OR_OLD,DUPLICATE_OR_OLD,135.70630635,135.70630635
135.891671896,0.00041977991712625385,41.63313842670917,0.006180379280487418,0.0,0.0,False,0.0,0.6180379280487416,0.0,FUSED,ACCEPTED,ACCEPTED,135.804350288,135.804350288
135.941671896,0.001171342330283389,41.63317820476536,0.005278649231172156,0.0,0.0,False,0.0,0.5278649231172154,0.0,FUSED,ACCEPTED,ACCEPTED,135.910307666,135.910307666
135.991671896,0.004074669192383008,41.63330935505343,0.010278649231173293,0.0,0.0,False,0.0,0.0,0.0,MODEL_ONLY,DUPLICATE_OR_OLD,DUPLICATE_OR_OLD,135.910307666,135.910307666
136.041671896,0.003042179503471708,41.63348727627082,0.006044092424183486,0.0,0.0,False,0.0,0.6044092424183485,0.0,FUSED,ACCEPTED,ACCEPTED,136.006298404,136.006298404
136.091671896,0.00733167902904273,41.63374662273413,0.011044092424184623,0.0,0.0,False,0.0,0.0,0.0,MODEL_ONLY,DUPLICATE_OR_OLD,DUPLICATE_OR_OLD,136.006298404,136.006298404
136.141671896,0.013157893402744595,41.63425886204492,0.016044092424182917,0.0,0.0,False,0.0,0.0,0.0,MODEL_ONLY,DUPLICATE_OR_OLD,DUPLICATE_OR_OLD,136.006298404,136.006298404
136.191671896,0.006542480041312505,41.63475137138102,0.0067787752132158425,0.0,0.0,False,0.0,0.6778775213215841,0.0,FUSED,ACCEPTED,ACCEPTED,136.14627735,136.14627735
136.241671896,0.006894787076284369,41.63508730305896,0.005408373564583533,0.0,0.0,False,0.0,0.5408373564583533,0.0,FUSED,ACCEPTED,ACCEPTED,136.204388514,136.204388514
136.291671896,0.0164508190772538,41.6356709432128,0.010408373564581828,0.0,0.0,False,0.0,0.0,0.0,MODEL_ONLY,DUPLICATE_OR_OLD,DUPLICATE_OR_OLD,136.204388514,136.204388514
136.341671896,0.026839649747695107,41.63675320493343,0.015408373564582965,0.0,0.0,False,0.0,0.0,0.0,MODEL_ONLY,DUPLICATE_OR_OLD,DUPLICATE_OR_OLD,136.204388514,136.204388514
136.391671896,0.024292352458654833,41.63803150498858,0.006711432139321094,0.0,0.0,False,0.0,0.6711432139321094,0.0,FUSED,ACCEPTED,ACCEPTED,136.312345583,136.312345583
136.441671896,0.02216484901041112,41.63919293502531,0.005394131563579035,0.0,0.0,False,0.0,0.5394131563579032,0.0,FUSED,ACCEPTED,ACCEPTED,136.404310713,136.404310713
136.491671896,0.03614058715771741,41.64065057092951,0.010394131563580173,0.0,0.0,False,0.0,0.0,0.0,MODEL_ONLY,DUPLICATE_OR_OLD,DUPLICATE_OR_OLD,136.404310713,136.404310713
136.541671896,0.05104071806356854,41.64283010356004,0.015394131563578467,0.0,0.0,False,0.0,0.0,0.0,MODEL_ONLY,DUPLICATE_OR_OLD,DUPLICATE_OR_OLD,136.404310713,136.404310713
136.591671896,0.03781977249738001,41.645051615824066,0.006709891190974936,0.0,0.0,False,0.0,0.6709891190974935,0.0,FUSED,ACCEPTED,ACCEPTED,136.516287311,136.516287311
136.641671896,0.054641501123637526,41.647363147664585,0.01170989119097323,0.0,0.0,False,0.0,0.0,0.0,MODEL_ONLY,DUPLICATE_OR_OLD,DUPLICATE_OR_OLD,136.516287311,136.516287311
136.691671896,0.045933174420632376,41.6498775145532,0.006256068611998265,0.0,0.0,False,0.0,0.6256068611998263,0.0,FUSED,ACCEPTED,ACCEPTED,136.604311604,136.604311604
136.741671896,0.03701010981540813,41.65195109665909,0.005295461177447069,0.0,0.0,False,0.0,0.5295461177447067,0.0,FUSED,ACCEPTED,ACCEPTED,136.706301478,136.706301478
136.791671896,0.055843483022876686,41.65427243648005,0.010295461177445363,0.0,0.0,False,0.0,0.0,0.0,MODEL_ONLY,DUPLICATE_OR_OLD,DUPLICATE_OR_OLD,136.706301478,136.706301478
136.841671896,0.060497683549204165,41.65718096564435,0.006046721611497629,0.0,0.0,False,0.0,0.6046721611497627,0.0,FUSED,ACCEPTED,ACCEPTED,136.804311856,136.804311856
136.891671896,0.07996268878528194,41.66069247495271,0.011046721611495924,0.0,0.0,False,0.0,0.0,0.0,MODEL_ONLY,DUPLICATE_OR_OLD,DUPLICATE_OR_OLD,136.804311856,136.804311856
136.941671896,0.1030109644629344,41.66526681628392,0.00616074523728699,0.0,0.0,False,0.0,0.6160745237286989,0.0,FUSED,ACCEPTED,ACCEPTED,136.900265959,136.900265959
136.991671896,0.12272861064725318,41.67091030566168,0.011160745237288126,0.0,0.0,False,0.0,0.0,0.0,MODEL_ONLY,DUPLICATE_OR_OLD,DUPLICATE_OR_OLD,136.900265959,136.900265959
137.041671896,0.15110184249903455,41.67775606699033,0.006177478925276493,0.0,0.0,False,0.0,0.6177478925276491,0.0,FUSED,ACCEPTED,ACCEPTED,137.006272106,137.006272106
137.091671896,0.17092155783282748,41.685806651998625,0.01117747892527763,0.0,0.0,False,0.0,0.0,0.0,MODEL_ONLY,DUPLICATE_OR_OLD,DUPLICATE_OR_OLD,137.006272106,137.006272106
137.141671896,0.19082291622868128,41.69485026385016,0.016177478925275924,0.0,0.0,False,0.0,0.0,0.0,MODEL_ONLY,DUPLICATE_OR_OLD,DUPLICATE_OR_OLD,137.006272106,137.006272106
137.191671896,0.20883606384594708,41.70484173835202,0.006792556568166734,0.0,0.0,False,0.0,0.6792556568166733,0.0,FUSED,ACCEPTED,ACCEPTED,137.116277036,137.116277036
137.241671896,0.22894620699617974,41.71578629512308,0.011792556568167871,0.0,0.0,False,0.0,0.0,0.0,MODEL_ONLY,DUPLICATE_OR_OLD,DUPLICATE_OR_OLD,137.116277036,137.116277036
137.291671896,0.2493619589886506,41.7277439992727,0.006267620085243529,0.0,0.0,False,0.0,0.6267620085243527,0.0,FUSED,ACCEPTED,ACCEPTED,137.208265007,137.208265007
137.341671896,0.26958804413335913,41.74071774935075,0.011267620085244666,0.0,0.0,False,0.0,0.0,0.0,MODEL_ONLY,DUPLICATE_OR_OLD,DUPLICATE_OR_OLD,137.208265007,137.208265007
137.391671896,0.2895784357130047,41.754696911346905,0.006193031585066225,0.0,0.0,False,0.0,0.6193031585066224,0.0,FUSED,ACCEPTED,ACCEPTED,137.304267828,137.304267828
137.441671896,0.30779853678165603,41.76963133565928,0.0052814678919999285,0.0,0.0,False,0.0,0.5281467891999928,0.0,FUSED,ACCEPTED,ACCEPTED,137.404304353,137.404304353
137.491671896,0.32812379250350926,41.785529393891416,0.010281467892001066,0.0,0.0,False,0.0,0.0,0.0,MODEL_ONLY,DUPLICATE_OR_OLD,DUPLICATE_OR_OLD,137.404304353,137.404304353
137.541671896,0.3484850403857536,41.802444614713636,0.01528146789199936,0.0,0.0,False,0.0,0.0,0.0,MODEL_ONLY,DUPLICATE_OR_OLD,DUPLICATE_OR_OLD,137.404304353,137.404304353
137.591671896,0.3492404642993175,41.81988775233077,0.006697650181402958,0.0,0.0,False,0.0,0.6697650181402958,0.0,FUSED,ACCEPTED,ACCEPTED,137.534279014,137.534279014
137.641671896,0.3714515279387361,41.83790505213671,0.00539120599862386,0.0,0.0,False,0.0,0.539120599862386,0.0,FUSED,ACCEPTED,ACCEPTED,137.612299787,137.612299787
137.691671896,0.39192463562219415,41.85698945622574,0.010391205998624998,0.0,0.0,False,0.0,0.0,0.0,MODEL_ONLY,DUPLICATE_OR_OLD,DUPLICATE_OR_OLD,137.612299787,137.612299787
137.741671896,0.412423201200556,41.87709815214632,0.015391205998626135,0.0,0.0,False,0.0,0.0,0.0,MODEL_ONLY,DUPLICATE_OR_OLD,DUPLICATE_OR_OLD,137.612299787,137.612299787
137.791671896,0.43456737805264894,41.89827291662764,0.006709574473466891,0.0,0.0,False,0.0,0.6709574473466889,0.0,FUSED,ACCEPTED,ACCEPTED,137.69826091,137.69826091
137.841671896,0.45567837179279613,41.92052906037378,0.011709574473468029,0.0,0.0,False,0.0,0.0,0.0,MODEL_ONLY,DUPLICATE_OR_OLD,DUPLICATE_OR_OLD,137.69826091,137.69826091
137.891671896,0.4804804935549832,41.943933032007465,0.006256024217108309,0.0,0.0,False,0.0,0.6256024217108309,0.0,FUSED,ACCEPTED,ACCEPTED,137.802453923,137.802453923
137.941671896,0.5025477126753105,41.96850873716323,0.011256024217109447,0.0,0.0,False,0.0,0.0,0.0,MODEL_ONLY,DUPLICATE_OR_OLD,DUPLICATE_OR_OLD,137.802453923,137.802453923
137.991671896,0.5259948748554554,41.9942223018515,0.006191350252684801,0.0,0.0,False,0.0,0.61913502526848,0.0,FUSED,ACCEPTED,ACCEPTED,137.902600364,137.902600364
138.041671896,0.5488060749758141,42.02109232559727,0.011191350252683096,0.0,0.0,False,0.0,0.0,0.0,MODEL_ONLY,DUPLICATE_OR_OLD,DUPLICATE_OR_OLD,137.902600364,137.902600364
138.091671896,0.580317811950736,42.04932042277045,0.00618194560283308,0.0,0.0,False,0.0,0.6181945602833078,0.01706391612618126,FUSED,ACCEPTED,ACCEPTED,138.000259589,138.000259589
138.141671896,0.6054644870943251,42.07896498024656,0.011181945602831374,0.0,0.0,False,0.0,0.0,0.01706391612618126,MODEL_ONLY,DUPLICATE_OR_OLD,DUPLICATE_OR_OLD,138.000259589,138.000259589
138.191671896,0.6300770078739205,42.10985351762078,0.006180574143841265,0.0,0.0,False,0.0,0.6180574143841264,-0.0026242673670844145,FUSED,ACCEPTED,ACCEPTED,138.140260439,138.140260439
138.241671896,0.6619799369751528,42.142154941242005,0.005278692668061035,0.0,0.0,False,0.0,0.5278692668061035,0.02261954543655397,FUSED,ACCEPTED,ACCEPTED,138.220235084,138.220235084
138.291671896,0.6890293773782017,42.17593017410083,0.010278692668059329,0.0,0.0,False,0.0,0.0,0.02261954543655397,MODEL_ONLY,DUPLICATE_OR_OLD,DUPLICATE_OR_OLD,138.220235084,138.220235084
138.341671896,0.716498332211743,42.21106836684059,0.015278692668060466,0.0,0.0,False,0.0,0.0,0.02261954543655397,MODEL_ONLY,DUPLICATE_OR_OLD,DUPLICATE_OR_OLD,138.220235084,138.220235084
138.391671896,0.7591726534747951,42.24796014148274,0.006697347501218545,0.0,0.0,False,0.0,0.6697347501218545,0.04842537698257419,FUSED,ACCEPTED,ACCEPTED,138.304307137,138.304307137
138.441671896,0.7886272097598236,42.286655138063615,0.011697347501219682,0.0,0.0,False,0.0,0.0,0.04842537698257419,MODEL_ONLY,DUPLICATE_OR_OLD,DUPLICATE_OR_OLD,138.304307137,138.304307137
138.491671896,0.8111576206186243,42.32664975882309,0.00625430953410532,0.0,0.0,False,0.0,0.6254309534105319,0.007479569334135294,FUSED,ACCEPTED,ACCEPTED,138.398239418,138.398239418
138.541671896,0.8391046100209928,42.367906314589064,0.011254309534103616,0.0,0.0,False,0.0,0.0,0.007479569334135294,MODEL_ONLY,DUPLICATE_OR_OLD,DUPLICATE_OR_OLD,138.398239418,138.398239418
138.591671896,0.8850904118538793,42.411011190135945,0.006191101507731582,0.0,0.0,False,0.0,0.619110150773158,0.07164791442200992,FUSED,ACCEPTED,ACCEPTED,138.510264464,138.510264464
138.641671896,0.9166638896738492,42.45605504767412,0.011191101507729877,0.0,0.0,False,0.0,0.0,0.07164791442200992,MODEL_ONLY,DUPLICATE_OR_OLD,DUPLICATE_OR_OLD,138.510264464,138.510264464
138.691671896,0.9682703832053642,42.50317840449612,0.006181909341595187,0.0,0.0,False,0.0,0.6181909341595186,0.09930700848866314,FUSED,ACCEPTED,ACCEPTED,138.604273252,138.604273252
138.741671896,1.0015513256489164,42.552423947217484,0.011181909341596324,0.0,0.0,False,0.0,0.0,0.09930700848866314,MODEL_ONLY,DUPLICATE_OR_OLD,DUPLICATE_OR_OLD,138.604273252,138.604273252
138.791671896,1.056002602549268,42.60386279542242,0.006180568854039526,0.0,0.0,False,0.0,0.6180568854039524,0.13343741234422993,FUSED,ACCEPTED,ACCEPTED,138.698274823,138.698274823
138.841671896,1.0923707229339643,42.657572128559515,0.005278691488924634,0.0,0.0,False,0.0,0.5278691488924634,0.10796874619969773,FUSED,ACCEPTED,ACCEPTED,138.814305663,138.814305663
138.891671896,1.1264403273678016,42.713042404817045,0.01027869148892293,0.0,0.0,False,0.0,0.0,0.10796874619969773,MODEL_ONLY,DUPLICATE_OR_OLD,DUPLICATE_OR_OLD,138.814305663,138.814305663
138.941671896,1.1606013868185607,42.770218447671716,0.015278691488924067,0.0,0.0,False,0.0,0.0,0.10796874619969773,MODEL_ONLY,DUPLICATE_OR_OLD,DUPLICATE_OR_OLD,138.814305663,138.814305663
138.991671896,1.205298115332034,42.829365935225496,0.006697347372604388,0.0,0.0,False,0.0,0.6697347372604388,0.13891250183791615,FUSED,ACCEPTED,ACCEPTED,138.900235715,138.900235715
139.041671896,1.2402527128047713,42.89050470592889,0.011697347372602682,0.0,0.0,False,0.0,0.0,0.13891250183791615,MODEL_ONLY,DUPLICATE_OR_OLD,DUPLICATE_OR_OLD,138.900235715,138.900235715
139.091671896,1.2753055613303461,42.95339366278228,0.0062543095160601005,0.0,0.0,False,0.0,0.62543095160601,0.12834836793716078,FUSED,ACCEPTED,ACCEPTED,139.038224721,139.038224721
139.141671896,1.309147713538494,43.018004994653985,0.011254309516058394,0.0,0.0,False,0.0,0.0,0.12834836793716078,MODEL_ONLY,DUPLICATE_OR_OLD,DUPLICATE_OR_OLD,139.038224721,139.038224721
139.191671896,1.356352498319669,43.084642499950455,0.006191101505113632,0.0,0.0,False,0.0,0.6191101505113632,0.17100939712945518,FUSED,ACCEPTED,ACCEPTED,139.118252241,139.118252241
139.241671896,1.3918747978042216,43.15334818235357,0.01119110150511477,0.0,0.0,False,0.0,0.0,0.17100939712945518,MODEL_ONLY,DUPLICATE_OR_OLD,DUPLICATE_OR_OLD,139.118252241,139.118252241
139.291671896,1.4310763094105639,43.22392196003392,0.006181909341213548,0.0,0.0,False,0.0,0.6181909341213547,0.16275386555353272,FUSED,ACCEPTED,ACCEPTED,139.200244168,139.200244168
139.341671896,1.4652791072337512,43.29633084545004,0.011181909341214685,0.0,0.0,False,0.0,0.0,0.16275386555353272,MODEL_ONLY,DUPLICATE_OR_OLD,DUPLICATE_OR_OLD,139.200244168,139.200244168
139.391671896,1.494813018837903,43.3703331486018,0.006180568853983852,0.0,0.0,False,0.0,0.618056885398385,0.15373744835747788,FUSED,ACCEPTED,ACCEPTED,139.316284074,139.316284074
139.441671896,1.533415548810763,43.44603886279304,0.0052786914889122235,0.0,0.0,False,0.0,0.5278691488912224,0.18220279923490618,FUSED,ACCEPTED,ACCEPTED,139.400312284,139.400312284
139.491671896,1.566907217382642,43.52354693194789,0.01027869148891336,0.0,0.0,False,0.0,0.0,0.18220279923490618,MODEL_ONLY,DUPLICATE_OR_OLD,DUPLICATE_OR_OLD,139.400312284,139.400312284
139.541671896,1.5999661793786852,43.60271876686689,0.015278691488911655,0.0,0.0,False,0.0,0.0,0.18220279923490618,MODEL_ONLY,DUPLICATE_OR_OLD,DUPLICATE_OR_OLD,139.400312284,139.400312284
139.591671896,1.6266692804269527,43.683384653362054,0.0066973473726030346,0.0,0.0,False,0.0,0.6697347372603033,0.15827041140012216,FUSED,ACCEPTED,ACCEPTED,139.50236754,139.50236754
139.641671896,1.6432487439360812,43.765132603971104,0.005391141678163083,0.0,0.0,False,0.0,0.5391141678163083,0.12443244028191727,FUSED,ACCEPTED,ACCEPTED,139.6122925,139.6122925
139.691671896,1.6711216265294901,43.84799186323276,0.01039114167816422,0.0,0.0,False,0.0,0.0,0.12443244028191727,MODEL_ONLY,DUPLICATE_OR_OLD,DUPLICATE_OR_OLD,139.6122925,139.6122925
139.741671896,1.6982044011699873,43.93222501392527,0.015391141678165358,0.0,0.0,False,0.0,0.0,0.12443244028191727,MODEL_ONLY,DUPLICATE_OR_OLD,DUPLICATE_OR_OLD,139.6122925,139.6122925
139.791671896,1.7168689314647458,44.0176018472411,0.00670956750954009,0.0,0.0,False,0.0,0.670956750954009,0.13344664249588312,FUSED,ACCEPTED,ACCEPTED,139.704261925,139.704261925
139.841671896,1.7367740237165765,44.10394292112066,0.005393735966593965,0.0,0.0,False,0.0,0.5393735966593964,0.11958329987916926,FUSED,ACCEPTED,ACCEPTED,139.80422106,139.80422106
139.891671896,1.7607556981455885,44.19138116416718,0.010393735966592259,0.0,0.0,False,0.0,0.0,0.11958329987916926,MODEL_ONLY,DUPLICATE_OR_OLD,DUPLICATE_OR_OLD,139.80422106,139.80422106
139.941671896,1.7681788454219889,44.27960452775639,0.006062020959359643,0.0,0.0,False,0.0,0.6062020959359642,0.09216647226890659,FUSED,ACCEPTED,ACCEPTED,139.936230023,139.936230023
139.991671896,1.7882225824195876,44.36851456345245,0.01106202095936078,0.0,0.0,False,0.0,0.0,0.09216647226890659,MODEL_ONLY,DUPLICATE_OR_OLD,DUPLICATE_OR_OLD,139.936230023,139.936230023
140.041671896,1.8072080358257514,44.45840032890855,0.016062020959359075,0.0,0.0,False,0.0,0.0,0.09216647226890659,MODEL_ONLY,DUPLICATE_OR_OLD,DUPLICATE_OR_OLD,139.936230023,139.936230023
140.091671896,1.8250667162132905,44.549207197709556,0.0067806344561149355,0.0,0.0,False,0.0,0.6780634456114933,0.11600799533306813,FUSED,ACCEPTED,ACCEPTED,140.02424581,140.02424581
140.141671896,1.839396097260309,44.640818768046366,0.005408765515922209,0.0,0.0,False,0.0,0.5408765515922208,0.10784663718481236,FUSED,ACCEPTED,ACCEPTED,140.116222952,140.116222952
140.191671896,1.8546243842172796,44.733169280083324,0.010408765515923346,0.0,0.0,False,0.0,0.0,0.10784663718481236,MODEL_ONLY,DUPLICATE_OR_OLD,DUPLICATE_OR_OLD,140.116222952,140.116222952
140.241671896,1.8683647019342344,44.826244007237136,0.015408765515924483,0.0,0.0,False,0.0,0.0,0.10784663718481236,MODEL_ONLY,DUPLICATE_OR_OLD,DUPLICATE_OR_OLD,140.116222952,140.116222952
140.291671896,1.8790350321331173,44.91992900058879,0.006711474527052487,0.0,0.0,False,0.0,0.6711474527052486,0.1198538455567969,FUSED,ACCEPTED,ACCEPTED,140.200215614,140.200215614
140.341671896,1.8909120984968815,45.01417767885456,0.011711474527053624,0.0,0.0,False,0.0,0.0,0.1198538455567969,MODEL_ONLY,DUPLICATE_OR_OLD,DUPLICATE_OR_OLD,140.200215614,140.200215614
140.391671896,1.883415734981715,45.1085358746915,0.006256290535412957,0.0,0.0,False,0.0,0.6256290535412956,0.07544138293306096,FUSED,ACCEPTED,ACCEPTED,140.304209986,140.304209986
140.441671896,1.8911623347183408,45.20290032643402,0.011256290535414094,0.0,0.0,False,0.0,0.0,0.07544138293306096,MODEL_ONLY,DUPLICATE_OR_OLD,DUPLICATE_OR_OLD,140.304209986,140.304209986
140.491671896,1.8879206933697117,45.29737740213624,0.006191388883927944,0.0,0.0,False,0.0,0.6191388883927942,0.07928855232848804,FUSED,ACCEPTED,ACCEPTED,140.404212198,140.404212198
140.541671896,1.8781653036349026,45.39152955206133,0.005281102123709767,0.0,0.0,False,0.0,0.5281102123709764,0.043624081640971965,FUSED,ACCEPTED,ACCEPTED,140.506203961,140.506203961
140.591671896,1.8802490631164133,45.48548991123013,0.010281102123710903,0.0,0.0,False,0.0,0.0,0.043624081640971965,MODEL_ONLY,DUPLICATE_OR_OLD,DUPLICATE_OR_OLD,140.506203961,140.506203961
140.641671896,1.8809787305457497,45.579520606071654,0.015281102123709197,0.0,0.0,False,0.0,0.0,0.043624081640971965,MODEL_ONLY,DUPLICATE_OR_OLD,DUPLICATE_OR_OLD,140.506203961,140.506203961
140.691671896,1.8578302052738962,45.67299082946717,0.0066976102920078585,0.0,0.0,False,0.0,0.6697610292007858,0.021146792406349903,FUSED,ACCEPTED,ACCEPTED,140.608261569,140.608261569
140.741671896,1.8501283859095792,45.765689794246775,0.005391197525709596,0.0,0.0,False,0.0,0.5391197525709596,0.031058646154360332,FUSED,ACCEPTED,ACCEPTED,140.698305722,140.698305722
140.791671896,1.8470635849583374,45.858119593518445,0.010391197525707892,0.0,0.0,False,0.0,0.0,0.031058646154360332,MODEL_ONLY,DUPLICATE_OR_OLD,DUPLICATE_OR_OLD,140.698305722,140.698305722
140.841671896,1.84966257916357,45.95053774762151,0.006061627266742806,0.0,0.0,False,0.0,0.6061627266742804,0.06153309200041097,FUSED,ACCEPTED,ACCEPTED,140.804222258,140.804222258
140.891671896,1.8465912421078616,46.04294409315326,0.0110616272667411,0.0,0.0,False,0.0,0.0,0.06153309200041097,MODEL_ONLY,DUPLICATE_OR_OLD,DUPLICATE_OR_OLD,140.804222258,140.804222258
140.941671896,1.8224709199297835,46.134670647204224,0.006162941055963456,0.0,0.0,False,0.0,0.6162941055963455,-0.0053557143336476695,FUSED,ACCEPTED,ACCEPTED,140.902543047,140.902543047
140.991671896,1.8148688541832652,46.22560414155707,0.011162941055964593,0.0,0.0,False,0.0,0.0,-0.0053557143336476695,MODEL_ONLY,DUPLICATE_OR_OLD,DUPLICATE_OR_OLD,140.902543047,140.902543047
141.041671896,1.8024341601135194,46.31603671691446,0.0061777997440693455,0.0,0.0,False,0.0,0.6177799744069343,0.011501050100173698,FUSED,ACCEPTED,ACCEPTED,141.036212598,141.036212598
141.091671896,1.7947552969832834,46.4059664533419,0.011177799744070483,0.0,0.0,False,0.0,0.0,0.011501050100173698,MODEL_ONLY,DUPLICATE_OR_OLD,DUPLICATE_OR_OLD,141.036212598,141.036212598
141.141671896,1.7866973147047793,46.49550276863407,0.01617779974406878,0.0,0.0,False,0.0,0.0,0.011501050100173698,MODEL_ONLY,DUPLICATE_OR_OLD,DUPLICATE_OR_OLD,141.036212598,141.036212598
141.191671896,1.762403878750965,46.58423029847048,0.006792589572680792,0.0,0.0,False,0.0,0.6792589572680792,-0.024174415622516713,FUSED,ACCEPTED,ACCEPTED,141.134237496,141.134237496
141.241671896,1.7529879189143938,46.67211509341214,0.011792589572681929,0.0,0.0,False,0.0,0.0,-0.024174415622516713,MODEL_ONLY,DUPLICATE_OR_OLD,DUPLICATE_OR_OLD,141.134237496,141.134237496
141.291671896,1.7300018446823044,46.75918983750203,0.006267624682984445,0.0,0.0,False,0.0,0.6267624682984445,-0.052989568810198465,FUSED,ACCEPTED,ACCEPTED,141.206259387,141.206259387
141.341671896,1.7204027829116715,46.845449953191896,0.011267624682985582,0.0,0.0,False,0.0,0.0,-0.052989568810198465,MODEL_ONLY,DUPLICATE_OR_OLD,DUPLICATE_OR_OLD,141.206259387,141.206259387
141.391671896,1.698955517159595,46.930933910693646,0.0061930322514170905,0.0,0.0,False,0.0,0.619303225141709,-0.08211150213777227,FUSED,ACCEPTED,ACCEPTED,141.314204484,141.314204484
141.441671896,1.6909419700614037,47.015681347874185,0.011193032251418229,0.0,0.0,False,0.0,0.0,-0.08211150213777227,MODEL_ONLY,DUPLICATE_OR_OLD,DUPLICATE_OR_OLD,141.314204484,141.314204484
141.491671896,1.6653517645829803,47.099588691240314,0.006182190781115802,0.0,0.0,False,0.0,0.6182190781115802,-0.1363916011401412,FUSED,ACCEPTED,ACCEPTED,141.400252945,141.400252945
141.541671896,1.6588836209489386,47.182694575878585,0.011182190781114097,0.0,0.0,False,0.0,0.0,-0.1363916011401412,MODEL_ONLY,DUPLICATE_OR_OLD,DUPLICATE_OR_OLD,141.400252945,141.400252945
141.591671896,1.6576474210657681,47.265607851928976,0.006180609910148226,0.0,0.0,False,0.0,0.6180609910148226,-0.11638494491187548,FUSED,ACCEPTED,ACCEPTED,141.514202145,141.514202145
141.641671896,1.6567673815904085,47.348468221995354,0.011180609910146522,0.0,0.0,False,0.0,0.0,-0.11638494491187548,MODEL_ONLY,DUPLICATE_OR_OLD,DUPLICATE_OR_OLD,141.514202145,141.514202145
141.691671896,1.6677460115557423,47.43158105682403,0.006180379282866142,0.0,0.0,False,0.0,0.6180379282866142,-0.10784516801085697,FUSED,ACCEPTED,ACCEPTED,141.612228279,141.612228279
141.741671896,1.6708494974309114,47.51504594454871,0.011180379282867279,0.0,0.0,False,0.0,0.0,-0.10784516801085697,MODEL_ONLY,DUPLICATE_OR_OLD,DUPLICATE_OR_OLD,141.612228279,141.612228279
141.791671896,1.6992635899689368,47.59929877173368,0.0061803456351968294,0.0,0.0,False,0.0,0.6180345635196829,-0.06629846263945136,FUSED,ACCEPTED,ACCEPTED,141.714195084,141.714195084
141.841671896,1.708727666067639,47.68449855313462,0.011180345635197967,0.0,0.0,False,0.0,0.0,-0.06629846263945136,MODEL_ONLY,DUPLICATE_OR_OLD,DUPLICATE_OR_OLD,141.714195084,141.714195084
141.891671896,1.7201828695196526,47.770221316524264,0.016180345635196262,0.0,0.0,False,0.0,0.0,-0.06629846263945136,MODEL_ONLY,DUPLICATE_OR_OLD,DUPLICATE_OR_OLD,141.714195084,141.714195084
141.941671896,1.7660436398820862,47.85737697925933,0.006792851459378414,0.0,0.0,False,0.0,0.6792851459378413,-0.040829982057444966,FUSED,ACCEPTED,ACCEPTED,141.928203182,141.928203182
141.991671896,1.7825000782458595,47.94609057221255,0.011792851459379552,0.0,0.0,False,0.0,0.0,-0.040829982057444966,MODEL_ONLY,DUPLICATE_OR_OLD,DUPLICATE_OR_OLD,141.928203182,141.928203182
142.041671896,1.8238408349721602,48.03624909504297,0.006267661165082946,0.0,0.0,False,0.0,0.6267661165082945,-0.0066370364799255704,FUSED,ACCEPTED,ACCEPTED,142.004295998,142.004295998
142.091671896,1.845276390309411,48.12797702567503,0.011267661165084084,0.0,0.0,False,0.0,0.0,-0.0066370364799255704,MODEL_ONLY,DUPLICATE_OR_OLD,DUPLICATE_OR_OLD,142.004295998,142.004295998
142.141671896,1.868059782309858,48.22081042999048,0.016267661165082378,0.0,0.0,False,0.0,0.0,-0.0066370364799255704,MODEL_ONLY,DUPLICATE_OR_OLD,DUPLICATE_OR_OLD,142.004295998,142.004295998
142.191671896,1.9271544478604214,48.315690785744756,0.006801807481793055,0.0,0.0,False,0.0,0.6801807481793053,0.04700500424618005,FUSED,ACCEPTED,ACCEPTED,142.112186702,142.112186702
142.241671896,1.9828037477829747,48.413439740635866,0.005413224335482004,0.0,0.0,False,0.0,0.5413224335482002,0.09786465263755924,FUSED,ACCEPTED,ACCEPTED,142.204204464,142.204204464
142.291671896,2.014705187570047,48.513377464019655,0.010413224335480298,0.0,0.0,False,0.0,0.0,0.09786465263755924,MODEL_ONLY,DUPLICATE_OR_OLD,DUPLICATE_OR_OLD,142.204204464,142.204204464
142.341671896,2.066791451793746,48.615414880003776,0.006065040835436927,0.0,0.0,False,0.0,0.6065040835436926,0.10382714377657694,FUSED,ACCEPTED,ACCEPTED,142.302468594,142.302468594
142.391671896,2.1014546242009455,48.71962103190361,0.011065040835435223,0.0,0.0,False,0.0,0.0,0.10382714377657694,MODEL_ONLY,DUPLICATE_OR_OLD,DUPLICATE_OR_OLD,142.302468594,142.302468594
142.441671896,2.1373046327109546,48.825590013326426,0.01606504083543636,0.0,0.0,False,0.0,0.0,0.10382714377657694,MODEL_ONLY,DUPLICATE_OR_OLD,DUPLICATE_OR_OLD,142.302468594,142.302468594
142.491671896,2.1487643459108052,48.93274173779199,0.021065040835437497,0.0,0.0,False,0.0,0.0,0.10382714377657694,MODEL_ONLY,RATE_ANOMALY,RATE_ANOMALY,142.400242029,142.400242029
142.541671896,2.1865793838871586,49.0411253310369,0.02606504083543579,0.0,0.0,False,0.0,0.0,0.10382714377657694,MODEL_ONLY,DUPLICATE_OR_OLD,DUPLICATE_OR_OLD,142.400242029,142.400242029
142.591671896,2.225204503924486,49.151419928232215,0.03106504083543693,0.0,0.0,False,0.0,0.0,0.10382714377657694,MODEL_ONLY,DUPLICATE_OR_OLD,DUPLICATE_OR_OLD,142.400242029,142.400242029
142.641671896,2.2645428739453077,49.26366361267892,0.03606504083543523,0.0,0.0,False,0.0,0.0,0.10382714377657694,MODEL_ONLY,DUPLICATE_OR_OLD,DUPLICATE_OR_OLD,142.400242029,142.400242029
142.691671896,2.304509236565287,49.377889915441706,0.04106504083543636,0.0,0.0,False,0.0,0.0,0.10382714377657694,MODEL_ONLY,MODEL_DISAGREEMENT,MODEL_DISAGREEMENT,142.646219018,142.646219018
142.741671896,2.345371184130057,49.49413692595912,0.0460650408354375,0.0,0.0,False,0.0,0.0,0.10382714377657694,MODEL_ONLY,MODEL_DISAGREEMENT,MODEL_DISAGREEMENT,142.704185703,142.704185703
142.791671896,2.387021664089009,49.612446747164554,0.051065040835435796,0.0,0.0,False,0.0,0.0,0.10382714377657694,MODEL_ONLY,DUPLICATE_OR_OLD,DUPLICATE_OR_OLD,142.704185703,142.704185703
142.841671896,2.4293664202752927,49.73285644927369,0.05606504083543693,0.0,0.0,False,0.0,0.0,0.10382714377657694,MODEL_ONLY,MODEL_DISAGREEMENT,MODEL_DISAGREEMENT,142.802470093,142.802470093
142.891671896,2.472322463307016,49.855398671363204,0.06106504083543523,0.0,0.0,False,0.0,0.0,0.10382714377657694,MODEL_ONLY,DUPLICATE_OR_OLD,DUPLICATE_OR_OLD,142.802470093,142.802470093
142.941671896,2.5158167238273315,49.98010215104159,0.06606504083543636,0.0,0.0,False,0.0,0.0,0.10382714377657694,MODEL_ONLY,DUPLICATE_OR_OLD,DUPLICATE_OR_OLD,142.802470093,142.802470093
142.991671896,2.5597848667273313,50.106992190805485,0.0710650408354375,0.0,0.0,False,0.0,0.0,0.10382714377657694,MODEL_ONLY,MODEL_DISAGREEMENT,MODEL_DISAGREEMENT,142.90418189,142.90418189
143.041671896,2.6041702471094457,50.23609106865136,0.0760650408354358,0.0,0.0,False,0.0,0.0,0.10382714377657694,MODEL_ONLY,MODEL_DISAGREEMENT,MODEL_DISAGREEMENT,143.002442913,143.002442913
143.091671896,2.648922991048378,50.367418399605334,0.08106504083543695,0.0,0.0,False,0.0,0.0,0.10382714377657694,MODEL_ONLY,DUPLICATE_OR_OLD,DUPLICATE_OR_OLD,143.002442913,143.002442913
143.141671896,2.6939991862318036,50.50099145403729,0.08606504083543524,0.0,0.0,False,0.0,0.0,0.10382714377657694,MODEL_ONLY,MODEL_DISAGREEMENT,MODEL_DISAGREEMENT,143.114169622,143.114169622
143.191671896,2.739360169347119,50.636825437926795,0.09106504083543639,0.0,0.0,False,0.0,0.0,0.10382714377657694,MODEL_ONLY,DUPLICATE_OR_OLD,DUPLICATE_OR_OLD,143.114169622,143.114169622
143.241671896,2.784971898649099,50.77493373962673,0.09606504083543753,0.0,0.0,False,0.0,0.0,0.10382714377657694,MODEL_ONLY,MODEL_DISAGREEMENT,MODEL_DISAGREEMENT,143.218160854,143.218160854
143.291671896,2.8304617429246224,50.91531958066603,0.10106504083543583,0.0,0.0,False,0.0,0.0,0.10382714377657694,MODEL_ONLY,DUPLICATE_OR_OLD,DUPLICATE_OR_OLD,143.218160854,143.218160854
143.341671896,2.87584427153764,51.05797723102762,0.10606504083543697,0.0,0.0,False,0.0,0.0,0.10382714377657694,MODEL_ONLY,MODEL_DISAGREEMENT,MODEL_DISAGREEMENT,143.304311128,143.304311128
143.391671896,2.92113231232254,51.202901645624074,0.11106504083543527,0.0,0.0,False,0.0,0.0,0.10382714377657694,MODEL_ONLY,DUPLICATE_OR_OLD,DUPLICATE_OR_OLD,143.304311128,143.304311128
143.441671896,2.966337159755749,51.350088382426065,0.11606504083543641,0.0,0.0,False,0.0,0.0,0.10382714377657694,MODEL_ONLY,MODEL_DISAGREEMENT,MODEL_DISAGREEMENT,143.402453033,143.402453033
143.491671896,3.011468758243463,51.49953353037608,0.12106504083543755,0.0,0.0,False,0.0,0.0,0.10382714377657694,MODEL_ONLY,DUPLICATE_OR_OLD,DUPLICATE_OR_OLD,143.402453033,143.402453033
143.541671896,3.2065358635005583,51.65498364591962,0.12606504083543585,0.0,0.0,False,0.0,0.0,0.10382714377657694,REACQUIRING,REACQUIRE_ACCEPTED,REACQUIRE_ACCEPTED,143.512173347,143.512173347
143.591671896,3.251546184639297,51.816435697123154,0.131065040835437,0.0,0.0,False,0.0,0.0,0.10382714377657694,MODEL_ONLY,DUPLICATE_OR_OLD,DUPLICATE_OR_OLD,143.512173347,143.512173347
143.641671896,3.296506509273404,51.98013701447091,0.13606504083543527,0.0,0.0,False,0.0,0.0,0.10382714377657694,MODEL_ONLY,DUPLICATE_OR_OLD,DUPLICATE_OR_OLD,143.512173347,143.512173347
143.691671896,3.3414228136683546,52.14608524754449,0.14106504083543642,0.0,0.0,False,0.0,0.0,0.10382714377657694,MODEL_ONLY,RATE_ANOMALY,RATE_ANOMALY,143.648224576,143.648224576
143.741671896,3.5105393816457138,52.317384302427385,0.009359241509407321,0.0,0.0,False,0.0,0.9359241509407319,0.10382714377657694,FUSED,ACCEPTED,ACCEPTED,143.702500517,143.702500517
143.791671896,3.5553828022895746,52.49403235702571,0.014359241509405617,0.0,0.0,False,0.0,0.0,0.10382714377657694,MODEL_ONLY,DUPLICATE_OR_OLD,DUPLICATE_OR_OLD,143.702500517,143.702500517
143.841671896,3.6001961766566697,52.67292183149941,0.019359241509406752,0.0,0.0,False,0.0,0.0,0.10382714377657694,MODEL_ONLY,DUPLICATE_OR_OLD,DUPLICATE_OR_OLD,143.702500517,143.702500517
143.891671896,3.5983447218832785,52.85288535396285,0.00708957486815804,0.0,0.0,False,0.0,0.7089574868158037,0.04787363184337795,FUSED,ACCEPTED,ACCEPTED,143.804172016,143.804172016
143.941671896,3.640310673414742,53.033851738845335,0.012089574868159177,0.0,0.0,False,0.0,0.0,0.04787363184337795,MODEL_ONLY,DUPLICATE_OR_OLD,DUPLICATE_OR_OLD,143.804172016,143.804172016
143.991671896,3.704947259647535,53.217483187171936,0.006308543028575366,0.0,0.0,False,0.0,0.6308543028575364,0.13810689683911512,FUSED,ACCEPTED,ACCEPTED,143.910210554,143.910210554
144.041671896,3.7671303985745275,53.40428512862742,0.005307046574422985,0.0,0.0,False,0.0,0.5307046574422984,0.09628267524855072,FUSED,ACCEPTED,ACCEPTED,144.002513677,144.002513677
144.091671896,3.8114623387361757,53.59374994706023,0.010307046574424123,0.0,0.0,False,0.0,0.0,0.09628267524855072,MODEL_ONLY,DUPLICATE_OR_OLD,DUPLICATE_OR_OLD,144.002513677,144.002513677
144.141671896,3.8557802808589234,53.78543101255004,0.015307046574422417,0.0,0.0,False,0.0,0.0,0.09628267524855072,MODEL_ONLY,DUPLICATE_OR_OLD,DUPLICATE_OR_OLD,144.002513677,144.002513677
144.191671896,3.9696680355986658,53.98106722046153,0.006700437313994459,0.0,0.0,False,0.0,0.670043731399446,0.19496134952705557,FUSED,ACCEPTED,ACCEPTED,144.11815845,144.11815845
144.241671896,4.01889673506014,54.18078133972804,0.011700437313995596,0.0,0.0,False,0.0,0.0,0.19496134952705557,MODEL_ONLY,DUPLICATE_OR_OLD,DUPLICATE_OR_OLD,144.11815845,144.11815845
144.291671896,4.093571760840588,54.38359305212549,0.006254742990760332,0.0,0.0,False,0.0,0.6254742990760331,0.1935508277797411,FUSED,ACCEPTED,ACCEPTED,144.222159245,144.222159245
144.341671896,4.151199299710985,54.58971232863933,0.005295167763568549,0.0,0.0,False,0.0,0.5295167763568549,0.19514611146084693,FUSED,ACCEPTED,ACCEPTED,144.340260721,144.340260721
144.391671896,4.200411863651066,54.79850260772331,0.010295167763566843,0.0,0.0,False,0.0,0.0,0.19514611146084693,MODEL_ONLY,DUPLICATE_OR_OLD,DUPLICATE_OR_OLD,144.340260721,144.340260721
144.441671896,4.268539116457804,55.01022638222607,0.006046675755041737,0.0,0.0,False,0.0,0.6046675755041735,0.24000310405925437,FUSED,ACCEPTED,ACCEPTED,144.398302596,144.398302596
144.491671896,4.319982266673134,55.224939416804396,0.011046675755042874,0.0,0.0,False,0.0,0.0,0.24000310405925437,MODEL_ONLY,DUPLICATE_OR_OLD,DUPLICATE_OR_OLD,144.398302596,144.398302596
144.541671896,4.375738719693138,55.44233244146348,0.006160738478089834,0.0,0.0,False,0.0,0.6160738478089833,0.22685890220609292,FUSED,ACCEPTED,ACCEPTED,144.504144087,144.504144087
144.591671896,4.426515153006116,55.662388788281014,0.011160738478090971,0.0,0.0,False,0.0,0.0,0.22685890220609292,MODEL_ONLY,DUPLICATE_OR_OLD,DUPLICATE_OR_OLD,144.504144087,144.504144087
144.641671896,4.477287667143238,55.884983858784665,0.016160738478089267,0.0,0.0,False,0.0,0.0,0.22685890220609292,MODEL_ONLY,DUPLICATE_OR_OLD,DUPLICATE_OR_OLD,144.504144087,144.504144087
144.691671896,4.52665962063513,56.11008254097917,0.006790833437073016,0.0,0.0,False,0.0,0.6790833437073016,0.21916862379698995,FUSED,ACCEPTED,ACCEPTED,144.602446667,144.602446667
144.741671896,4.57704113192217,56.337675059793156,0.011790833437074153,0.0,0.0,False,0.0,0.0,0.21916862379698995,MODEL_ONLY,DUPLICATE_OR_OLD,DUPLICATE_OR_OLD,144.602446667,144.602446667
144.791671896,4.626100522388999,56.567753601150855,0.006267380026273367,0.0,0.0,False,0.0,0.6267380026273366,0.21781670293366232,FUSED,ACCEPTED,ACCEPTED,144.70269158,144.70269158
144.841671896,4.676253011674226,56.80031243950249,0.005297963365658755,0.0,0.0,False,0.0,0.5297963365658753,0.21893201794659556,FUSED,ACCEPTED,ACCEPTED,144.802386623,144.802386623
144.891671896,4.726615588554245,57.03538415450812,0.01029796336565705,0.0,0.0,False,0.0,0.0,0.21893201794659556,MODEL_ONLY,DUPLICATE_OR_OLD,DUPLICATE_OR_OLD,144.802386623,144.802386623
144.941671896,4.775971770374858,57.272948838481405,0.006047112625052288,0.0,0.0,False,0.0,0.6047112625052287,0.21609017324339824,FUSED,ACCEPTED,ACCEPTED,144.898165807,144.898165807
144.991671896,4.826188821521401,57.51300285327886,0.011047112625053425,0.0,0.0,False,0.0,0.0,0.21609017324339824,MODEL_ONLY,DUPLICATE_OR_OLD,DUPLICATE_OR_OLD,144.898165807,144.898165807
145.041671896,4.876404457210559,57.75556768524708,0.01604711262505172,0.0,0.0,False,0.0,0.0,0.21609017324339824,MODEL_ONLY,DUPLICATE_OR_OLD,DUPLICATE_OR_OLD,144.898165807,144.898165807
145.091671896,4.92280874040652,58.00054801518756,0.006779088567504763,0.0,0.0,False,0.0,0.6779088567504761,0.20734717184569756,FUSED,ACCEPTED,ACCEPTED,145.000146243,145.000146243
145.141671896,4.972584882471019,58.247932855759416,0.011779088567503058,0.0,0.0,False,0.0,0.0,0.20734717184569756,MODEL_ONLY,DUPLICATE_OR_OLD,DUPLICATE_OR_OLD,145.000146243,145.000146243
145.191671896,5.0223600584066865,58.49780647928142,0.016779088567504194,0.0,0.0,False,0.0,0.0,0.20734717184569756,MODEL_ONLY,DUPLICATE_OR_OLD,DUPLICATE_OR_OLD,145.000146243,145.000146243
145.241671896,5.072134383698416,58.750168840334105,0.02177908856750533,0.0,0.0,False,0.0,0.0,0.20734717184569756,MODEL_ONLY,DUPLICATE_OR_OLD,DUPLICATE_OR_OLD,145.000146243,145.000146243
145.291671896,5.1085284810623115,59.004685411953034,0.0072810636724599115,0.0,0.0,False,0.0,0.728106367245991,0.18209252808961598,FUSED,ACCEPTED,ACCEPTED,145.230155211,145.230155211
145.341671896,5.157038665765871,59.2613245906238,0.012281063672461049,0.0,0.0,False,0.0,0.0,0.18209252808961598,MODEL_ONLY,DUPLICATE_OR_OLD,DUPLICATE_OR_OLD,145.230155211,145.230155211
145.391671896,5.211764336301666,59.5205446656754,0.0063344537734812915,0.0,0.0,False,0.0,0.633445377348129,0.21251371717366285,FUSED,ACCEPTED,ACCEPTED,145.304224286,145.304224286
145.441671896,5.261794488637934,59.78238363629895,0.011334453773482429,0.0,0.0,False,0.0,0.0,0.21251371717366285,MODEL_ONLY,DUPLICATE_OR_OLD,DUPLICATE_OR_OLD,145.304224286,145.304224286
145.491671896,5.320024682937655,60.0469291155884,0.006202693214746265,0.0,0.0,False,0.0,0.6202693214746264,0.22519042199566375,FUSED,ACCEPTED,ACCEPTED,145.400134605,145.400134605
145.541671896,5.36859509652619,60.314144610074905,0.0052836180296916705,0.0,0.0,False,0.0,0.528361802969167,0.2068500788777334,FUSED,ACCEPTED,ACCEPTED,145.502492653,145.502492653
145.591671896,5.418340871615721,60.58381800927852,0.010283618029692809,0.0,0.0,False,0.0,0.0,0.2068500788777334,MODEL_ONLY,DUPLICATE_OR_OLD,DUPLICATE_OR_OLD,145.502492653,145.502492653
145.641671896,5.428819398652936,60.85499701603514,0.006044869848825915,0.0,0.0,False,0.0,0.6044869848825913,0.09484465708887957,FUSED,ACCEPTED,ACCEPTED,145.612209326,145.612209326
145.691671896,5.472964324935666,61.12754160912492,0.011044869848827053,0.0,0.0,False,0.0,0.0,0.09484465708887957,MODEL_ONLY,DUPLICATE_OR_OLD,DUPLICATE_OR_OLD,145.612209326,145.612209326
145.741671896,5.537412097128076,61.40280101967657,0.006160472270338523,0.0,0.0,False,0.0,0.6160472270338521,0.2081974391754753,FUSED,ACCEPTED,ACCEPTED,145.702533849,145.702533849
145.791671896,5.5872242146565,61.680916927471095,0.011160472270336817,0.0,0.0,False,0.0,0.0,0.2081974391754753,MODEL_ONLY,DUPLICATE_OR_OLD,DUPLICATE_OR_OLD,145.702533849,145.702533849
145.841671896,5.626047130659631,61.96124871110406,0.006177439039837787,0.0,0.0,False,0.0,0.6177439039837787,0.14698388384300132,FUSED,ACCEPTED,ACCEPTED,145.836166265,145.836166265
145.891671896,5.672798223232048,62.24371984495126,0.011177439039836083,0.0,0.0,False,0.0,0.0,0.14698388384300132,MODEL_ONLY,DUPLICATE_OR_OLD,DUPLICATE_OR_OLD,145.836166265,145.836166265
145.941671896,5.7326814567793605,62.528856836951604,0.006179916612628971,0.0,0.0,False,0.0,0.6179916612628971,0.199756149277803,FUSED,ACCEPTED,ACCEPTED,145.910174083,145.910174083
145.991671896,5.782070893475055,62.81672564570803,0.011179916612630108,0.0,0.0,False,0.0,0.0,0.199756149277803,MODEL_ONLY,DUPLICATE_OR_OLD,DUPLICATE_OR_OLD,145.910174083,145.910174083
146.041671896,5.831460219214439,63.10706392352517,0.016179916612628402,0.0,0.0,False,0.0,0.0,0.199756149277803,MODEL_ONLY,DUPLICATE_OR_OLD,DUPLICATE_OR_OLD,145.910174083,145.910174083
146.091671896,5.8722163857806695,63.39965583865011,0.006792807330360383,0.0,0.0,False,0.0,0.6792807330360382,0.1591473602046572,FUSED,ACCEPTED,ACCEPTED,146.014140263,146.014140263
146.141671896,5.91957508835749,63.694450625503464,0.011792807330358677,0.0,0.0,False,0.0,0.0,0.1591473602046572,MODEL_ONLY,DUPLICATE_OR_OLD,DUPLICATE_OR_OLD,146.014140263,146.014140263
146.191671896,5.954591906142003,63.99130480036602,0.006267655017744757,0.0,0.0,False,0.0,0.6267655017744754,0.13685412171917533,FUSED,ACCEPTED,ACCEPTED,146.128210212,146.128210212
146.241671896,6.000835804379579,64.29019049312913,0.011267655017745893,0.0,0.0,False,0.0,0.0,0.13685412171917533,MODEL_ONLY,DUPLICATE_OR_OLD,DUPLICATE_OR_OLD,146.128210212,146.128210212
146.291671896,6.044188181311528,64.59131609277131,0.006193036647829869,0.0,0.0,False,0.0,0.6193036647829868,0.1446628442207192,FUSED,ACCEPTED,ACCEPTED,146.202484059,146.202484059
146.341671896,6.084621382789623,64.89453633187391,0.0052814690192009624,0.0,0.0,False,0.0,0.5281469019200962,0.12575776858721202,FUSED,ACCEPTED,ACCEPTED,146.30414337,146.30414337
146.391671896,6.130141144271134,65.19990539505032,0.010281469019199258,0.0,0.0,False,0.0,0.0,0.12575776858721202,MODEL_ONLY,DUPLICATE_OR_OLD,DUPLICATE_OR_OLD,146.30414337,146.30414337
146.441671896,6.175541981093211,65.50754747318449,0.015281469019200395,0.0,0.0,False,0.0,0.0,0.12575776858721202,MODEL_ONLY,DUPLICATE_OR_OLD,DUPLICATE_OR_OLD,146.30414337,146.30414337
146.491671896,6.240320527713118,65.81794403590472,0.006697650304330024,0.0,0.0,False,0.0,0.6697650304330023,0.18881703637003744,FUSED,ACCEPTED,ACCEPTED,146.398153346,146.398153346
146.541671896,6.2891947614299815,66.1311819181332,0.01169765030432832,0.0,0.0,False,0.0,0.0,0.18881703637003744,MODEL_ONLY,DUPLICATE_OR_OLD,DUPLICATE_OR_OLD,146.398153346,146.398153346
146.591671896,6.3424664213972,66.44697344770395,0.0062543520174963355,0.0,0.0,False,0.0,0.6254352017496334,0.17273754655134996,FUSED,ACCEPTED,ACCEPTED,146.502155319,146.502155319
146.641671896,6.39064014919799,66.76530111196872,0.01125435201749463,0.0,0.0,False,0.0,0.0,0.17273754655134996,MODEL_ONLY,DUPLICATE_OR_OLD,DUPLICATE_OR_OLD,146.502155319,146.502155319
146.691671896,6.4289647087366175,67.08579123341715,0.006191107671087807,0.0,0.0,False,0.0,0.6191107671087805,0.14212530576521565,FUSED,ACCEPTED,ACCEPTED,146.612145774,146.612145774
146.741671896,6.475549524281862,67.4084040892427,0.011191107671088944,0.0,0.0,False,0.0,0.0,0.14212530576521565,MODEL_ONLY,DUPLICATE_OR_OLD,DUPLICATE_OR_OLD,146.612145774,146.612145774
146.791671896,6.503679894831827,67.73288482472043,0.006181910240077722,0.0,0.0,False,0.0,0.6181910240077721,0.10476204945775011,FUSED,ACCEPTED,ACCEPTED,146.730266627,146.730266627
146.841671896,6.557937470563951,68.0594252588554,0.005278990475052278,0.0,0.0,False,0.0,0.5278990475052276,0.16469159065608546,FUSED,ACCEPTED,ACCEPTED,146.802191307,146.802191307
146.891671896,6.605335350687188,68.38850707938656,0.010278990475050574,0.0,0.0,False,0.0,0.0,0.16469159065608546,MODEL_ONLY,DUPLICATE_OR_OLD,DUPLICATE_OR_OLD,146.802191307,146.802191307
146.941671896,6.652574514730259,68.71995482602208,0.01527899047505171,0.0,0.0,False,0.0,0.0,0.16469159065608546,MODEL_ONLY,DUPLICATE_OR_OLD,DUPLICATE_OR_OLD,146.802191307,146.802191307
146.991671896,6.708642340285288,69.05398524739753,0.0066973799842372245,0.0,0.0,False,0.0,0.6697379984237223,0.17064003289467838,FUSED,ACCEPTED,ACCEPTED,146.898131543,146.898131543
147.041671896,6.755829223090929,69.39059703648182,0.01169737998423552,0.0,0.0,False,0.0,0.0,0.17064003289467838,MODEL_ONLY,DUPLICATE_OR_OLD,DUPLICATE_OR_OLD,146.898131543,146.898131543
147.091671896,6.795724920259515,69.72938589006566,0.00625431409153091,0.0,0.0,False,0.0,0.6254314091530908,0.1427349117597216,FUSED,ACCEPTED,ACCEPTED,147.004197698,147.004197698
147.141671896,6.841137591276757,70.07030745285395,0.011254314091529206,0.0,0.0,False,0.0,0.0,0.1427349117597216,MODEL_ONLY,DUPLICATE_OR_OLD,DUPLICATE_OR_OLD,147.004197698,147.004197698
147.191671896,6.881674804502634,70.41337776274851,0.00619110216890945,0.0,0.0,False,0.0,0.6191102168909449,0.14278022464936593,FUSED,ACCEPTED,ACCEPTED,147.120216776,147.120216776
147.241671896,6.926679935865508,70.75858663125778,0.011191102168910588,0.0,0.0,False,0.0,0.0,0.14278022464936593,MODEL_ONLY,DUPLICATE_OR_OLD,DUPLICATE_OR_OLD,147.120216776,147.120216776
147.291671896,6.973229985440683,71.10608437929032,0.00618190943798048,0.0,0.0,False,0.0,0.618190943798048,0.15487688236418107,FUSED,ACCEPTED,ACCEPTED,147.200206813,147.200206813
147.341671896,7.009674554592651,71.45565699279125,0.005278990296281392,0.0,0.0,False,0.0,0.527899029628139,0.12219765132618843,FUSED,ACCEPTED,ACCEPTED,147.318150244,147.318150244
147.391671896,7.052984817886517,71.80722347710311,0.010278990296279687,0.0,0.0,False,0.0,0.0,0.12219765132618843,MODEL_ONLY,DUPLICATE_OR_OLD,DUPLICATE_OR_OLD,147.318150244,147.318150244
147.441671896,7.111738022093702,72.1613415481027,0.006044145797440632,0.0,0.0,False,0.0,0.6044145797440631,0.1865611397901224,FUSED,ACCEPTED,ACCEPTED,147.402464575,147.402464575
147.491671896,7.157783064574205,72.51807957526948,0.011044145797441769,0.0,0.0,False,0.0,0.0,0.1865611397901224,MODEL_ONLY,DUPLICATE_OR_OLD,DUPLICATE_OR_OLD,147.402464575,147.402464575
147.541671896,7.20357969773314,72.87711364432704,0.016044145797440065,0.0,0.0,False,0.0,0.0,0.1865611397901224,MODEL_ONLY,DUPLICATE_OR_OLD,DUPLICATE_OR_OLD,147.402464575,147.402464575
147.591671896,7.2401473969273855,73.23820682169364,0.006778780751369799,0.0,0.0,False,0.0,0.6778780751369797,0.14236241008910655,FUSED,ACCEPTED,ACCEPTED,147.516160169,147.516160169
147.641671896,7.288890474412788,73.60143276847703,0.005408374732193481,0.0,0.0,False,0.0,0.5408374732193479,0.17603615001086287,FUSED,ACCEPTED,ACCEPTED,147.604168501,147.604168501
147.691671896,7.333446611485969,73.96699119562457,0.010408374732194619,0.0,0.0,False,0.0,0.0,0.17603615001086287,MODEL_ONLY,DUPLICATE_OR_OLD,DUPLICATE_OR_OLD,147.604168501,147.604168501
147.741671896,7.377765386540749,74.33477149557534,0.015408374732195756,0.0,0.0,False,0.0,0.0,0.17603615001086287,MODEL_ONLY,DUPLICATE_OR_OLD,DUPLICATE_OR_OLD,147.604168501,147.604168501
147.791671896,7.423371856786535,74.7047999266584,0.006711432265594661,0.0,0.0,False,0.0,0.6711432265594659,0.17143777916427647,FUSED,ACCEPTED,ACCEPTED,147.702559148,147.702559148
147.841671896,7.461395296932109,75.07691910550145,0.005394131590366739,0.0,0.0,False,0.0,0.5394131590366738,0.15268847184791032,FUSED,ACCEPTED,ACCEPTED,147.802490609,147.802490609
147.891671896,7.503864058863353,75.4510505893962,0.010394131590365034,0.0,0.0,False,0.0,0.0,0.15268847184791032,MODEL_ONLY,DUPLICATE_OR_OLD,DUPLICATE_OR_OLD,147.802490609,147.802490609
147.941671896,7.54610880285839,75.82729991093933,0.015394131590366171,0.0,0.0,False,0.0,0.0,0.15268847184791032,MODEL_ONLY,DUPLICATE_OR_OLD,DUPLICATE_OR_OLD,147.802490609,147.802490609
147.991671896,7.581494447642779,76.20548999220193,0.006709891193874656,0.0,0.0,False,0.0,0.6709891193874655,0.14691938744711433,FUSED,ACCEPTED,ACCEPTED,147.900107176,147.900107176
148.041671896,7.62429061073685,76.58563461866129,0.005393804643837995,0.0,0.0,False,0.0,0.5393804643837994,0.15870764436280713,FUSED,ACCEPTED,ACCEPTED,148.00010953,148.00010953
148.091671896,7.66619704919208,76.9678968101596,0.010393804643839133,0.0,0.0,False,0.0,0.0,0.15870764436280713,MODEL_ONLY,DUPLICATE_OR_OLD,DUPLICATE_OR_OLD,148.00010953,148.00010953
148.141671896,7.7078922578925155,77.35224904283659,0.015393804643837428,0.0,0.0,False,0.0,0.0,0.15870764436280713,MODEL_ONLY,DUPLICATE_OR_OLD,DUPLICATE_OR_OLD,148.00010953,148.00010953
148.191671896,7.745574479927891,77.7385857112822,0.00670985580213394,0.0,0.0,False,0.0,0.6709855802133939,0.14788878000316824,FUSED,ACCEPTED,ACCEPTED,148.12021805,148.12021805
148.241671896,7.789164515342625,78.12695418616404,0.005393797134748109,0.0,0.0,False,0.0,0.5393797134748107,0.1629568348485009,FUSED,ACCEPTED,ACCEPTED,148.206121296,148.206121296
148.291671896,7.830455322362003,78.51744468210653,0.010393797134746405,0.0,0.0,False,0.0,0.0,0.1629568348485009,MODEL_ONLY,DUPLICATE_OR_OLD,DUPLICATE_OR_OLD,148.206121296,148.206121296
148.341671896,7.871541634458431,78.90999460602713,0.015393797134747542,0.0,0.0,False,0.0,0.0,0.1629568348485009,MODEL_ONLY,DUPLICATE_OR_OLD,DUPLICATE_OR_OLD,148.206121296,148.206121296
148.391671896,7.8895438097531265,79.30402174213229,0.006709854989270784,0.0,0.0,False,0.0,0.6709854989270783,0.09752838832561529,FUSED,ACCEPTED,ACCEPTED,148.304121994,148.304121994
148.441671896,7.926981091808894,79.69943486467143,0.01170985498927192,0.0,0.0,False,0.0,0.0,0.09752838832561529,MODEL_ONLY,DUPLICATE_OR_OLD,DUPLICATE_OR_OLD,148.304121994,148.304121994
148.491671896,7.967698713324867,80.09680185979987,0.006256063537590863,0.0,0.0,False,0.0,0.6256063537590864,0.1384122885494503,FUSED,ACCEPTED,ACCEPTED,148.436140418,148.436140418
148.541671896,8.00682502190562,80.49616495318048,0.011256063537589157,0.0,0.0,False,0.0,0.0,0.1384122885494503,MODEL_ONLY,DUPLICATE_OR_OLD,DUPLICATE_OR_OLD,148.436140418,148.436140418
148.591671896,8.060669049815388,80.89785230497361,0.0061913559564314765,0.0,0.0,False,0.0,0.6191355956431475,0.17629796780489757,FUSED,ACCEPTED,ACCEPTED,148.506181674,148.506181674
148.641671896,8.11049577648827,81.30213142563106,0.0052810947914043935,0.0,0.0,False,0.0,0.5281094791404393,0.18429458653315373,FUSED,ACCEPTED,ACCEPTED,148.602125781,148.602125781
148.691671896,8.151816944103041,81.70868924364594,0.01028109479140553,0.0,0.0,False,0.0,0.0,0.18429458653315373,MODEL_ONLY,DUPLICATE_OR_OLD,DUPLICATE_OR_OLD,148.602125781,148.602125781
148.741671896,8.19313397643015,82.11731301665935,0.015281094791406668,0.0,0.0,False,0.0,0.0,0.18429458653315373,MODEL_ONLY,DUPLICATE_OR_OLD,DUPLICATE_OR_OLD,148.602125781,148.602125781
148.791671896,8.212142755710989,82.52744493496274,0.006697609492362735,0.0,0.0,False,0.0,0.6697609492362734,0.10892041634951968,FUSED,ACCEPTED,ACCEPTED,148.700127466,148.700127466
148.841671896,8.264216471210103,82.93935391563585,0.005391197355856488,0.0,0.0,False,0.0,0.5391197355856487,0.19009079928680167,FUSED,ACCEPTED,ACCEPTED,148.804160345,148.804160345
148.891671896,8.305722728333192,83.35360239562429,0.010391197355854783,0.0,0.0,False,0.0,0.0,0.19009079928680167,MODEL_ONLY,DUPLICATE_OR_OLD,DUPLICATE_OR_OLD,148.804160345,148.804160345
148.941671896,8.347160152527378,83.7699244676459,0.01539119735585592,0.0,0.0,False,0.0,0.0,0.19009079928680167,MODEL_ONLY,DUPLICATE_OR_OLD,DUPLICATE_OR_OLD,148.804160345,148.804160345
148.991671896,8.402900479878365,84.18867598345614,0.0067095735377228315,0.0,0.0,False,0.0,0.670957353772283,0.20156782061614742,FUSED,ACCEPTED,ACCEPTED,148.902376241,148.902376241
149.041671896,8.4447418059591,84.60986704060193,0.011709573537721125,0.0,0.0,False,0.0,0.0,0.20156782061614742,MODEL_ONLY,DUPLICATE_OR_OLD,DUPLICATE_OR_OLD,148.902376241,148.902376241
149.091671896,8.487470251779209,85.03317234204548,0.006256024085941741,0.0,0.0,False,0.0,0.625602408594174,0.1905410146699546,FUSED,ACCEPTED,ACCEPTED,149.00011353,149.00011353
149.141671896,8.528558177171846,85.4585730527691,0.011256024085940036,0.0,0.0,False,0.0,0.0,0.1905410146699546,MODEL_ONLY,DUPLICATE_OR_OLD,DUPLICATE_OR_OLD,149.00011353,149.00011353
149.191671896,8.572337691377522,85.88609544948294,0.006191350233657611,0.0,0.0,False,0.0,0.619135023365761,0.20028419688405155,FUSED,ACCEPTED,ACCEPTED,149.114164939,149.114164939
149.241671896,8.613696759666295,86.31574631075912,0.005281093517053599,0.0,0.0,False,0.0,0.5281093517053599,0.19612331447138104,FUSED,ACCEPTED,ACCEPTED,149.200163927,149.200163927
149.291671896,8.654700116565262,86.74745623266477,0.010281093517051894,0.0,0.0,False,0.0,0.0,0.19612331447138104,MODEL_ONLY,DUPLICATE_OR_OLD,DUPLICATE_OR_OLD,149.200163927,149.200163927
149.341671896,8.695567795099489,87.18121293045648,0.015281093517053031,0.0,0.0,False,0.0,0.0,0.19612331447138104,MODEL_ONLY,DUPLICATE_OR_OLD,DUPLICATE_OR_OLD,149.200163927,149.200163927
149.391671896,8.731742190450616,87.61689568009508,0.006697609353384486,0.0,0.0,False,0.0,0.6697609353384485,0.18594087108918478,FUSED,ACCEPTED,ACCEPTED,149.350166677,149.350166677
149.441671896,8.774817394137312,88.05455966970989,0.0053911973263360315,0.0,0.0,False,0.0,0.5391197326336031,0.20154758324271485,FUSED,ACCEPTED,ACCEPTED,149.418141758,149.418141758
149.491671896,8.815526839191117,88.4943182755432,0.010391197326337169,0.0,0.0,False,0.0,0.0,0.20154758324271485,MODEL_ONLY,DUPLICATE_OR_OLD,DUPLICATE_OR_OLD,149.418141758,149.418141758
149.541671896,8.865250552580074,88.93633771033731,0.006061627235818411,0.0,0.0,False,0.0,0.606162723581841,0.2244751753710313,FUSED,ACCEPTED,ACCEPTED,149.504099028,149.504099028
149.591671896,8.906588601344767,89.38063368918554,0.011061627235819549,0.0,0.0,False,0.0,0.0,0.2244751753710313,MODEL_ONLY,DUPLICATE_OR_OLD,DUPLICATE_OR_OLD,149.504099028,149.504099028
149.641671896,8.945687020208084,89.82694057972421,0.0061629410514104505,0.0,0.0,False,0.0,0.6162941051410449,0.2080953685317485,FUSED,ACCEPTED,ACCEPTED,149.602324519,149.602324519
149.691671896,8.985549337201853,90.27522148865955,0.011162941051411588,0.0,0.0,False,0.0,0.0,0.2080953685317485,MODEL_ONLY,DUPLICATE_OR_OLD,DUPLICATE_OR_OLD,149.602324519,149.602324519
149.741671896,9.025118063371373,90.72548817367398,0.016162941051412725,0.0,0.0,False,0.0,0.0,0.2080953685317485,MODEL_ONLY,DUPLICATE_OR_OLD,DUPLICATE_OR_OLD,149.602324519,149.602324519
149.791671896,9.059404028448352,91.17760122596931,0.006791060258560798,0.0,0.0,False,0.0,0.6791060258560797,0.2008487156171179,FUSED,ACCEPTED,ACCEPTED,149.706086052,149.706086052
149.841671896,9.098091200182841,91.6315386066852,0.011791060258561935,0.0,0.0,False,0.0,0.0,0.2008487156171179,MODEL_ONLY,DUPLICATE_OR_OLD,DUPLICATE_OR_OLD,149.706086052,149.706086052
149.891671896,9.119002361232083,92.08696594572042,0.006267411627800427,0.0,0.0,False,0.0,0.6267411627800428,0.15733266861870104,FUSED,ACCEPTED,ACCEPTED,149.804151862,149.804151862
149.941671896,9.155074237026398,92.543817860677,0.011267411627801564,0.0,0.0,False,0.0,0.0,0.15733266861870104,MODEL_ONLY,DUPLICATE_OR_OLD,DUPLICATE_OR_OLD,149.804151862,149.804151862
149.991671896,9.20750947048543,93.0028824533649,0.006193001373071904,0.0,0.0,False,0.0,0.6193001373071902,0.23518896027882968,FUSED,ACCEPTED,ACCEPTED,149.90243353,149.90243353
150.041671896,9.246665393804012,93.46423682497198,0.011193001373070199,0.0,0.0,False,0.0,0.0,0.23518896027882968,MODEL_ONLY,DUPLICATE_OR_OLD,DUPLICATE_OR_OLD,149.90243353,149.90243353
150.091671896,9.285465372880147,93.92754009413919,0.016193001373071336,0.0,0.0,False,0.0,0.0,0.23518896027882968,MODEL_ONLY,DUPLICATE_OR_OLD,DUPLICATE_OR_OLD,149.90243353,149.90243353
150.141671896,9.323938360866165,94.3927751874827,0.02119300137306963,0.0,0.0,False,0.0,0.0,0.23518896027882968,MODEL_ONLY,DUPLICATE_OR_OLD,DUPLICATE_OR_OLD,149.90243353,149.90243353
150.191671896,9.305079636409573,94.85850063741469,0.007237034890551948,0.0,0.0,False,0.0,0.7237034890551948,0.08111422039546706,FUSED,ACCEPTED,ACCEPTED,150.082092092,150.082092092
150.241671896,9.335294000136226,95.32450997832845,0.012237034890553085,0.0,0.0,False,0.0,0.0,0.08111422039546706,MODEL_ONLY,DUPLICATE_OR_OLD,DUPLICATE_OR_OLD,150.082092092,150.082092092
150.291671896,9.39152006390662,95.79268032992935,0.006328528402528489,0.0,0.0,False,0.0,0.6328528402528486,0.22128054479652653,FUSED,ACCEPTED,ACCEPTED,150.236108119,150.236108119
150.341671896,9.441511218574863,96.2635061119915,0.0053114439912254,0.0,0.0,False,0.0,0.53114439912254,0.22529627842677122,FUSED,ACCEPTED,ACCEPTED,150.314080366,150.314080366
150.391671896,9.478237089211838,96.736499819686,0.010311443991223695,0.0,0.0,False,0.0,0.0,0.22529627842677122,MODEL_ONLY,DUPLICATE_OR_OLD,DUPLICATE_OR_OLD,150.314080366,150.314080366
150.441671896,9.528042387017843,97.21165680659186,0.006049217893903297,0.0,0.0,False,0.0,0.6049217893903296,0.24614117016375114,FUSED,ACCEPTED,ACCEPTED,150.402488501,150.402488501
150.491671896,9.564961846192562,97.68898191242222,0.011049217893904433,0.0,0.0,False,0.0,0.0,0.24614117016375114,MODEL_ONLY,DUPLICATE_OR_OLD,DUPLICATE_OR_OLD,150.402488501,150.402488501
150.541671896,9.607216448647584,98.16828636979307,0.006161113150986129,0.0,0.0,False,0.0,0.6161113150986128,0.24720104974618584,FUSED,ACCEPTED,ACCEPTED,150.50409842,150.50409842
150.591671896,9.643482213583992,98.64955383634896,0.011161113150987266,0.0,0.0,False,0.0,0.0,0.24720104974618584,MODEL_ONLY,DUPLICATE_OR_OLD,DUPLICATE_OR_OLD,150.50409842,150.50409842
150.641671896,9.679439574734085,99.13262688105675,0.016161113150985562,0.0,0.0,False,0.0,0.0,0.24720104974618584,MODEL_ONLY,DUPLICATE_OR_OLD,DUPLICATE_OR_OLD,150.50409842,150.50409842
150.691671896,9.713698950152006,99.61745534417902,0.006790872023234076,0.0,0.0,False,0.0,0.6790872023234075,0.23979740236042882,FUSED,ACCEPTED,ACCEPTED,150.610091213,150.610091213
150.741671896,9.734110522848265,100.10365058100413,0.005410922523276178,0.0,0.0,False,0.0,0.5410922523276176,0.1934670970870181,FUSED,ACCEPTED,ACCEPTED,150.702530541,150.702530541
150.791671896,9.766614489795385,100.59116870632006,0.010410922523274472,0.0,0.0,False,0.0,0.0,0.1934670970870181,MODEL_ONLY,DUPLICATE_OR_OLD,DUPLICATE_OR_OLD,150.702530541,150.702530541
150.841671896,9.786291403491067,101.07999135365233,0.006064684392768381,0.0,0.0,False,0.0,0.606468439276838,0.18406902543201162,FUSED,ACCEPTED,ACCEPTED,150.802374218,150.802374218
150.891671896,9.817466409074452,101.5700852989663,0.011064684392766675,0.0,0.0,False,0.0,0.0,0.18406902543201162,MODEL_ONLY,DUPLICATE_OR_OLD,DUPLICATE_OR_OLD,150.802374218,150.802374218
150.941671896,9.837843601266803,102.06146804922496,0.006163391104488223,0.0,0.0,False,0.0,0.6163391104488222,0.17081127892671644,FUSED,ACCEPTED,ACCEPTED,150.936117872,150.936117872
150.991671896,9.867658387089177,102.55410559893397,0.01116339110448936,0.0,0.0,False,0.0,0.0,0.17081127892671644,MODEL_ONLY,DUPLICATE_OR_OLD,DUPLICATE_OR_OLD,150.936117872,150.936117872
151.041671896,9.897173441225473,103.04822639464166,0.016163391104487654,0.0,0.0,False,0.0,0.0,0.17081127892671644,MODEL_ONLY,DUPLICATE_OR_OLD,DUPLICATE_OR_OLD,150.936117872,150.936117872
151.091671896,9.932246184829033,103.54396188529314,0.0067911066011812835,0.0,0.0,False,0.0,0.6791106601181283,0.2026854065476348,FUSED,ACCEPTED,ACCEPTED,151.002460955,151.002460955
151.141671896,9.9623575539381,104.04132697876214,0.011791106601179577,0.0,0.0,False,0.0,0.0,0.2026854065476348,MODEL_ONLY,DUPLICATE_OR_OLD,DUPLICATE_OR_OLD,151.002460955,151.002460955
151.191671896,9.997640058570855,104.54032691907499,0.006267418084343225,0.0,0.0,False,0.0,0.6267418084343224,0.2120094036413546,FUSED,ACCEPTED,ACCEPTED,151.114134349,151.114134349
151.241671896,10.015803302283034,105.04066300309644,0.0052979717799588825,0.0,0.0,False,0.0,0.5297971779958882,0.16640771860620174,FUSED,ACCEPTED,ACCEPTED,151.224103358,151.224103358
151.291671896,10.042681521600379,105.54212512369335,0.010297971779957178,0.0,0.0,False,0.0,0.0,0.16640771860620174,MODEL_ONLY,DUPLICATE_OR_OLD,DUPLICATE_OR_OLD,151.224103358,151.224103358
151.341671896,10.057074740700617,106.04461903025098,0.0060471139398130536,0.0,0.0,False,0.0,0.6047113939813051,0.1524383443375136,FUSED,ACCEPTED,ACCEPTED,151.316072472,151.316072472
151.391671896,10.082207022788204,106.54810107433804,0.011047113939811348,0.0,0.0,False,0.0,0.0,0.1524383443375136,MODEL_ONLY,DUPLICATE_OR_OLD,DUPLICATE_OR_OLD,151.316072472,151.316072472
151.441671896,10.106405992136697,107.05281639971128,0.006160803065127611,0.0,0.0,False,0.0,0.6160803065127609,0.16769097010448375,FUSED,ACCEPTED,ACCEPTED,151.398124231,151.398124231
151.491671896,10.131471466330964,107.55876333617309,0.011160803065128748,0.0,0.0,False,0.0,0.0,0.16769097010448375,MODEL_ONLY,DUPLICATE_OR_OLD,DUPLICATE_OR_OLD,151.398124231,151.398124231
151.541671896,10.156188103585416,108.06595482542082,0.016160803065127044,0.0,0.0,False,0.0,0.0,0.16769097010448375,MODEL_ONLY,DUPLICATE_OR_OLD,DUPLICATE_OR_OLD,151.398124231,151.398124231
151.591671896,10.180192740777041,108.57436434652999,0.0067908400887168015,0.0,0.0,False,0.0,0.6790840088716801,0.1719427383773866,FUSED,ACCEPTED,ACCEPTED,151.500101464,151.500101464
151.641671896,10.2039250959496,109.083967292448,0.011790840088715096,0.0,0.0,False,0.0,0.0,0.1719427383773866,MODEL_ONLY,DUPLICATE_OR_OLD,DUPLICATE_OR_OLD,151.500101464,151.500101464
151.691671896,10.216346810461536,109.59447409010839,0.006267380953010205,0.0,0.0,False,0.0,0.6267380953010204,0.1448689698826801,FUSED,ACCEPTED,ACCEPTED,151.616173969,151.616173969
151.741671896,10.237787263505968,110.10582744195769,0.011267380953011342,0.0,0.0,False,0.0,0.0,0.1448689698826801,MODEL_ONLY,DUPLICATE_OR_OLD,DUPLICATE_OR_OLD,151.616173969,151.616173969
151.791671896,10.238384877783059,110.61773174548975,0.006192996927295781,0.0,0.0,False,0.0,0.619299692729578,0.10728001298856654,FUSED,ACCEPTED,ACCEPTED,151.742074823,151.742074823
151.841671896,10.268882057676059,111.13041341887633,0.005281460175592325,0.0,0.0,False,0.0,0.5281460175592325,0.17949518156014915,FUSED,ACCEPTED,ACCEPTED,151.80409972,151.80409972
151.891671896,10.289956673185015,111.64438438714768,0.010281460175590621,0.0,0.0,False,0.0,0.0,0.17949518156014915,MODEL_ONLY,DUPLICATE_OR_OLD,DUPLICATE_OR_OLD,151.80409972,151.80409972
151.941671896,10.306918885034362,112.1593062761033,0.006044532265721502,0.0,0.0,False,0.0,0.6044532265721503,0.1465912808267952,FUSED,ACCEPTED,ACCEPTED,151.91213913,151.91213913
151.991671896,10.324741148703641,112.67509777694687,0.01104453226572264,0.0,0.0,False,0.0,0.0,0.1465912808267952,MODEL_ONLY,DUPLICATE_OR_OLD,DUPLICATE_OR_OLD,151.91213913,151.91213913
152.041671896,10.341626782692565,113.19175697523158,0.016044532265720935,0.0,0.0,False,0.0,0.0,0.1465912808267952,MODEL_ONLY,DUPLICATE_OR_OLD,DUPLICATE_OR_OLD,151.91213913,151.91213913
152.091671896,10.359014852892487,113.70927301612133,0.006778820851798907,0.0,0.0,False,0.0,0.6778820851798906,0.16362157506314423,FUSED,ACCEPTED,ACCEPTED,152.026089159,152.026089159
152.141671896,10.374060495161372,114.22759989982251,0.005408383186560445,0.0,0.0,False,0.0,0.5408383186560445,0.15839961666997884,FUSED,ACCEPTED,ACCEPTED,152.132081274,152.132081274
152.191671896,10.389340782408738,114.74668493176189,0.010408383186561582,0.0,0.0,False,0.0,0.0,0.15839961666997884,MODEL_ONLY,DUPLICATE_OR_OLD,DUPLICATE_OR_OLD,152.132081274,152.132081274
152.241671896,10.39626621074981,115.26632510659097,0.006064291093780213,0.0,0.0,False,0.0,0.6064291093780212,0.14169436163040874,FUSED,ACCEPTED,ACCEPTED,152.236077072,152.236077072
152.291671896,10.408469633100516,115.78644350268705,0.011064291093778508,0.0,0.0,False,0.0,0.0,0.14169436163040874,MODEL_ONLY,DUPLICATE_OR_OLD,DUPLICATE_OR_OLD,152.236077072,152.236077072
152.341671896,10.419748956492112,116.30714896742698,0.016064291093779645,0.0,0.0,False,0.0,0.0,0.14169436163040874,MODEL_ONLY,DUPLICATE_OR_OLD,DUPLICATE_OR_OLD,152.236077072,152.236077072
152.391671896,10.42905522580443,116.82836907198423,0.006780869722791466,0.0,0.0,False,0.0,0.6780869722791465,0.15248526709061996,FUSED,ACCEPTED,ACCEPTED,152.326065851,152.326065851
152.441671896,10.43934407555619,117.35007905451836,0.011780869722792603,0.0,0.0,False,0.0,0.0,0.15248526709061996,MODEL_ONLY,DUPLICATE_OR_OLD,DUPLICATE_OR_OLD,152.326065851,152.326065851
152.491671896,10.443768041566384,117.87215685744654,0.006265991320106831,0.0,0.0,False,0.0,0.626599132010683,0.14118920933738233,FUSED,ACCEPTED,ACCEPTED,152.40615179,152.40615179
152.541671896,10.440767782844242,118.39427025305663,0.005297656314499724,0.0,0.0,False,0.0,0.5297656314499726,0.11100844689151776,FUSED,ACCEPTED,ACCEPTED,152.512050365,152.512050365
152.591671896,10.447307718796086,118.91647214059776,0.010297656314500862,0.0,0.0,False,0.0,0.0,0.11100844689151776,MODEL_ONLY,DUPLICATE_OR_OLD,DUPLICATE_OR_OLD,152.512050365,152.512050365
152.641671896,10.454165564276323,119.43900897267439,0.006047064646748096,0.0,0.0,False,0.0,0.6047064646748095,0.1351102724981411,FUSED,ACCEPTED,ACCEPTED,152.616122718,152.616122718
152.691671896,10.461101010008223,119.96189063703162,0.011047064646749233,0.0,0.0,False,0.0,0.0,0.1351102724981411,MODEL_ONLY,DUPLICATE_OR_OLD,DUPLICATE_OR_OLD,152.616122718,152.616122718
152.741671896,10.467702706317414,120.48511072993988,0.01604706464675037,0.0,0.0,False,0.0,0.0,0.1351102724981411,MODEL_ONLY,DUPLICATE_OR_OLD,DUPLICATE_OR_OLD,152.616122718,152.616122718
152.791671896,10.453455794433511,121.00813969245849,0.006779083590098033,0.0,0.0,False,0.0,0.6779083590098032,0.08074559196423145,FUSED,ACCEPTED,ACCEPTED,152.716084787,152.716084787
152.841671896,10.456786672034617,121.53089575412031,0.01177908359009917,0.0,0.0,False,0.0,0.0,0.08074559196423145,MODEL_ONLY,DUPLICATE_OR_OLD,DUPLICATE_OR_OLD,152.716084787,152.716084787
152.891671896,10.454136382666457,122.05366883048765,0.006265742266214868,0.0,0.0,False,0.0,0.6265742266214867,0.09107897096134876,FUSED,ACCEPTED,ACCEPTED,152.808052772,152.808052772
152.941671896,10.453885750640012,122.57636938382043,0.0052976012429688,0.0,0.0,False,0.0,0.5297601242968799,0.08376511501615161,FUSED,ACCEPTED,ACCEPTED,152.906060326,152.906060326
152.991671896,10.456762631764834,123.09913559338068,0.010297601242969938,0.0,0.0,False,0.0,0.0,0.08376511501615161,MODEL_ONLY,DUPLICATE_OR_OLD,DUPLICATE_OR_OLD,152.906060326,152.906060326
153.041671896,10.459484024826153,123.62204175979528,0.015297601242968233,0.0,0.0,False,0.0,0.0,0.08376511501615161,MODEL_ONLY,DUPLICATE_OR_OLD,DUPLICATE_OR_OLD,152.906060326,152.906060326
153.091671896,10.450016268074,124.1447792671179,0.00669940866941718,0.0,0.0,False,0.0,0.669940866941718,0.059154179685203784,FUSED,ACCEPTED,ACCEPTED,153.016067097,153.016067097
153.141671896,10.451249674756351,124.66731091568847,0.011699408669415476,0.0,0.0,False,0.0,0.0,0.059154179685203784,MODEL_ONLY,DUPLICATE_OR_OLD,DUPLICATE_OR_OLD,153.016067097,153.016067097
153.191671896,10.447588259634896,125.18978186404837,0.006254598697740185,0.0,0.0,False,0.0,0.6254598697740184,0.06020315137340441,FUSED,ACCEPTED,ACCEPTED,153.138064473,153.138064473
153.241671896,10.448674542316285,125.71218843409727,0.011254598697741322,0.0,0.0,False,0.0,0.0,0.06020315137340441,MODEL_ONLY,DUPLICATE_OR_OLD,DUPLICATE_OR_OLD,153.138064473,153.138064473
153.291671896,10.43836953720045,126.23436453608502,0.006191143458284531,0.0,0.0,False,0.0,0.6191143458284529,0.03899893947326341,FUSED,ACCEPTED,ACCEPTED,153.202487915,153.202487915
153.341671896,10.436259827964086,126.75623027021426,0.011191143458285667,0.0,0.0,False,0.0,0.0,0.03899893947326341,MODEL_ONLY,DUPLICATE_OR_OLD,DUPLICATE_OR_OLD,153.202487915,153.202487915
153.391671896,10.439404917448835,127.2781218888494,0.006181915457059928,0.0,0.0,False,0.0,0.6181915457059927,0.07931150320008677,FUSED,ACCEPTED,ACCEPTED,153.308084628,153.308084628
153.441671896,10.441312749111228,127.80013983051352,0.005278991637809382,0.0,0.0,False,0.0,0.5278991637809382,0.08119549906180283,FUSED,ACCEPTED,ACCEPTED,153.43412856,153.43412856
153.491671896,10.438005298260794,128.3221227816979,0.01027899163781052,0.0,0.0,False,0.0,0.0,0.08119549906180283,MODEL_ONLY,DUPLICATE_OR_OLD,DUPLICATE_OR_OLD,153.43412856,153.43412856
153.541671896,10.448596307322916,128.84428782183733,0.006044146007373418,0.0,0.0,False,0.0,0.6044146007373417,0.12545301670159717,FUSED,ACCEPTED,ACCEPTED,153.518105368,153.518105368
153.591671896,10.444766756921165,129.36662189844355,0.011044146007374555,0.0,0.0,False,0.0,0.0,0.12545301670159717,MODEL_ONLY,DUPLICATE_OR_OLD,DUPLICATE_OR_OLD,153.518105368,153.518105368
153.641671896,10.439582292519527,129.8887306246794,0.006160365558859526,0.0,0.0,False,0.0,0.6160365558859524,0.10871477386243017,FUSED,ACCEPTED,ACCEPTED,153.614081648,153.614081648
