t,v,s,pvv,pvd,pdd,active,added,gain,d,mode,front_status,rear_status,front_t,rear_t
145.511615933,0.0,0.0,1.0,0.0,0.0,False,0.0,0.0,0.0,WAITING_FOR_INITIALIZATION,MISSING_OR_STALE,MISSING_OR_STALE,,
145.561615933,0.0,0.0,1.0,0.0,0.0,False,0.0,0.0,0.0,WAITING_FOR_INITIALIZATION,MISSING_OR_STALE,MISSING_OR_STALE,,
145.611615933,0.0,0.0,0.010000000000000002,0.0,0.0,False,0.0,0.0,0.0,INITIALIZED,ACCEPTED,ACCEPTED,145.504196877,145.504196877
145.661615933,0.0,0.0,0.01500000000000114,0.0,0.0,False,0.0,0.0,0.0,MODEL_ONLY,DUPLICATE_OR_OLD,DUPLICATE_OR_OLD,145.504196877,145.504196877
145.711615933,0.0,0.0,0.006666666666666605,0.0,0.0,False,0.0,0.6666666666666603,0.0,FUSED,ACCEPTED,ACCEPTED,145.620185549,145.620185549
145.761615933,0.0,0.0,0.011666666666667741,0.0,0.0,False,0.0,0.0,0.0,MODEL_ONLY,DUPLICATE_OR_OLD,DUPLICATE_OR_OLD,145.620185549,145.620185549
145.811615933,0.0,0.0,0.006250000000000313,0.0,0.0,False,0.0,0.625000000000031,0.0,FUSED,ACCEPTED,ACCEPTED,145.736184129,145.736184129
145.861615933,0.0,0.0,0.011249999999998608,0.0,0.0,False,0.0,0.0,0.0,MODEL_ONLY,DUPLICATE_OR_OLD,DUPLICATE_OR_OLD,145.736184129,145.736184129
145.911615933,0.0,0.0,0.006190476190476154,0.0,0.0,False,0.0,0.6190476190476153,0.0,FUSED,ACCEPTED,ACCEPTED,145.822178965,145.822178965
145.961615933,0.0,0.0,0.01119047619047445,0.0,0.0,False,0.0,0.0,0.0,MODEL_ONLY,DUPLICATE_OR_OLD,DUPLICATE_OR_OLD,145.822178965,145.822178965
146.011615933,0.0,0.0,0.01619047619047559,0.0,0.0,False,0.0,0.0,0.0,MODEL_ONLY,DUPLICATE_OR_OLD,DUPLICATE_OR_OLD,145.822178965,145.822178965
146.061615933,0.0,0.0,0.021190476190476724,0.0,0.0,False,0.0,0.0,0.0,MODEL_ONLY,DUPLICATE_OR_OLD,DUPLICATE_OR_OLD,145.822178965,145.822178965
146.111615933,0.0,0.0,0.007236842105263069,0.0,0.0,False,0.0,0.7236842105263068,0.0,FUSED,ACCEPTED,ACCEPTED,146.01823111,146.01823111
146.161615933,0.0,0.0,0.012236842105264207,0.0,0.0,False,0.0,0.0,0.0,STOPPED,DUPLICATE_OR_OLD,DUPLICATE_OR_OLD,146.01823111,146.01823111
146.211615933,0.0,0.0,0.006328502415458849,0.0,0.0,False,0.0,0.0,0.0,STOPPED,ACCEPTED,ACCEPTED,146.116218022,146.116218022
146.261615933,0.0,0.0,0.011328502415459987,0.0,0.0,False,0.0,0.0,0.0,STOPPED,DUPLICATE_OR_OLD,DUPLICATE_OR_OLD,146.116218022,146.116218022
146.311615933,0.0,0.0,0.006201834862385637,0.0,0.0,False,0.0,0.0,0.0,STOPPED,ACCEPTED,ACCEPTED,146.222307242,146.222307242
146.361615933,0.0,0.0,0.011201834862383932,0.0,0.0,False,0.0,0.0,0.0,STOPPED,DUPLICATE_OR_OLD,DUPLICATE_OR_OLD,146.222307242,146.222307242
146.411615933,0.0,0.0,0.006183473389355707,0.0,0.0,False,0.0,0.0,0.0,STOPPED,ACCEPTED,ACCEPTED,146.308165955,146.308165955
146.461615933,0.0,0.0,0.011183473389354001,0.0,0.0,False,0.0,0.0,0.0,STOPPED,DUPLICATE_OR_OLD,DUPLICATE_OR_OLD,146.308165955,146.308165955
146.511615933,0.0,0.0,0.006180797004546584,0.0,0.0,False,0.0,0.0,0.0,STOPPED,ACCEPTED,ACCEPTED,146.424188591,146.424188591
146.561615933,0.0,0.0,0.01118079700454772,0.0,0.0,False,0.0,0.0,0.0,STOPPED,DUPLICATE_OR_OLD,DUPLICATE_OR_OLD,146.424188591,146.424188591
146.611615933,0.0,0.0,0.006180406578812859,0.0,0.0,False,0.0,0.0,0.0,STOPPED,ACCEPTED,ACCEPTED,146.518167936,146.518167936
146.661615933,0.0,0.0,0.011180406578813997,0.0,0.0,False,0.0,0.0,0.0,STOPPED,DUPLICATE_OR_OLD,DUPLICATE_OR_OLD,146.518167936,146.518167936
146.711615933,0.0,0.0,0.006180349617605647,0.0,0.0,False,0.0,0.0,0.0,STOPPED,ACCEPTED,ACCEPTED,146.622185119,146.622185119
146.761615933,0.0,0.0,0.011180349617606784,0.0,0.0,False,0.0,0.0,0.0,STOPPED,DUPLICATE_OR_OLD,DUPLICATE_OR_OLD,146.622185119,146.622185119
146.811615933,0.0,0.0,0.006180341307102189,0.0,0.0,False,0.0,0.0,0.0,STOPPED,ACCEPTED,ACCEPTED,146.736202804,146.736202804
146.861615933,0.0,0.0,0.011180341307100484,0.0,0.0,False,0.0,0.0,0.0,STOPPED,DUPLICATE_OR_OLD,DUPLICATE_OR_OLD,146.736202804,146.736202804
146.911615933,0.0,0.0,0.006180340094616177,0.0,0.0,False,0.0,0.0,0.0,STOPPED,ACCEPTED,ACCEPTED,146.852234562,146.852234562
146.961615933,0.0,0.0,0.011180340094614473,0.0,0.0,False,0.0,0.0,0.0,STOPPED,DUPLICATE_OR_OLD,DUPLICATE_OR_OLD,146.852234562,146.852234562
147.011615933,0.0,0.0,0.0061803399177168625,0.0,0.0,False,0.0,0.0,0.0,STOPPED,ACCEPTED,ACCEPTED,146.908175622,146.908175622
147.061615933,0.0,0.0,0.011180339917718,0.0,0.0,False,0.0,0.0,0.0,STOPPED,DUPLICATE_OR_OLD,DUPLICATE_OR_OLD,146.908175622,146.908175622
147.111615933,0.0,0.0,0.006180339891907601,0.0,0.0,False,0.0,0.0,0.0,STOPPED,ACCEPTED,ACCEPTED,147.014175245,147.014175245
147.161615933,0.0,0.0,0.011180339891908739,0.0,0.0,False,0.0,0.0,0.0,STOPPED,DUPLICATE_OR_OLD,DUPLICATE_OR_OLD,147.014175245,147.014175245
147.211615933,0.0,0.0,0.00618033988814208,0.0,0.0,False,0.0,0.0,0.0,STOPPED,ACCEPTED,ACCEPTED,147.120246603,147.120246603
147.261615933,0.0,0.0,0.011180339888143216,0.0,0.0,False,0.0,0.0,0.0,STOPPED,DUPLICATE_OR_OLD,DUPLICATE_OR_OLD,147.120246603,147.120246603
147.311615933,0.0,0.0,0.006180339887593113,0.0,0.0,False,0.0,0.0,0.0,STOPPED,ACCEPTED,ACCEPTED,147.216184234,147.216184234
147.361615933,0.0,0.0,0.011180339887591408,0.0,0.0,False,0.0,0.0,0.0,STOPPED,DUPLICATE_OR_OLD,DUPLICATE_OR_OLD,147.216184234,147.216184234
147.411615933,0.0,0.0,0.006180339887512605,0.0,0.0,False,0.0,0.0,0.0,STOPPED,ACCEPTED,ACCEPTED,147.304230159,147.304230159
147.461615933,0.0,0.0,0.011180339887510899,0.0,0.0,False,0.0,0.0,0.0,STOPPED,DUPLICATE_OR_OLD,DUPLICATE_OR_OLD,147.304230159,147.304230159
147.511615933,0.0,0.0,0.016180339887512038,0.0,0.0,False,0.0,0.0,0.0,STOPPED,DUPLICATE_OR_OLD,DUPLICATE_OR_OLD,147.304230159,147.304230159
147.561615933,0.0,0.0,0.006792850868182899,0.0,0.0,False,0.0,0.0,0.0,STOPPED,ACCEPTED,ACCEPTED,147.516161212,147.516161212
147.611615933,0.0,0.0,0.011792850868181194,0.0,0.0,False,0.0,0.0,0.0,STOPPED,DUPLICATE_OR_OLD,DUPLICATE_OR_OLD,147.516161212,147.516161212
147.661615933,0.0,0.0,0.01679285086818233,0.0,0.0,False,0.0,0.0,0.0,STOPPED,DUPLICATE_OR_OLD,DUPLICATE_OR_OLD,147.516161212,147.516161212
147.711615933,0.0,0.0,0.006854638786102589,0.0,0.0,False,0.0,0.0,0.0,STOPPED,ACCEPTED,ACCEPTED,147.608175141,147.608175141
147.761615933,0.0,0.0,0.005424312386092376,0.0,0.0,False,0.0,0.0,0.0,STOPPED,ACCEPTED,ACCEPTED,147.732252498,147.732252498
147.811615933,0.0,0.0,0.010424312386093513,0.0,0.0,False,0.0,0.0,0.0,STOPPED,DUPLICATE_OR_OLD,DUPLICATE_OR_OLD,147.732252498,147.732252498
147.861615933,0.0,0.0,0.015424312386091807,0.0,0.0,False,0.0,0.0,0.0,STOPPED,DUPLICATE_OR_OLD,DUPLICATE_OR_OLD,147.732252498,147.732252498
147.911615933,0.0,0.0,0.006713154968599706,0.0,0.0,False,0.0,0.0,0.0,STOPPED,ACCEPTED,ACCEPTED,147.816185906,147.816185906
147.961615933,0.0,0.0,0.011713154968598,0.0,0.0,False,0.0,0.0,0.0,STOPPED,DUPLICATE_OR_OLD,DUPLICATE_OR_OLD,147.816185906,147.816185906
148.011615933,0.0,0.0,0.006256526040538893,0.0,0.0,False,0.0,0.0,0.0,STOPPED,ACCEPTED,ACCEPTED,147.904187168,147.904187168
148.061615933,0.0,0.0,0.011256526040540029,0.0,0.0,False,0.0,0.0,0.0,STOPPED,DUPLICATE_OR_OLD,DUPLICATE_OR_OLD,147.904187168,147.904187168
148.111615933,0.0,0.0,0.00619142304486105,0.0,0.0,False,0.0,0.0,0.0,STOPPED,ACCEPTED,ACCEPTED,148.018167708,148.018167708
148.161615933,0.0,0.0,0.011191423044862188,0.0,0.0,False,0.0,0.0,0.0,STOPPED,DUPLICATE_OR_OLD,DUPLICATE_OR_OLD,148.018167708,148.018167708
148.211615933,0.0,0.0,0.006181956214111746,0.0,0.0,False,0.0,0.0,0.0,STOPPED,ACCEPTED,ACCEPTED,148.120246359,148.120246359
148.261615933,0.0,0.0,0.011181956214112884,0.0,0.0,False,0.0,0.0,0.0,STOPPED,DUPLICATE_OR_OLD,DUPLICATE_OR_OLD,148.120246359,148.120246359
148.311615933,0.0,0.0,0.006180575691815857,0.0,0.0,False,0.0,0.0,0.0,STOPPED,ACCEPTED,ACCEPTED,148.26415328,148.26415328
148.361615933,0.0,0.0,0.011180575691814153,0.0,0.0,False,0.0,0.0,0.0,STOPPED,DUPLICATE_OR_OLD,DUPLICATE_OR_OLD,148.26415328,148.26415328
148.411615933,0.0,0.0,0.006180374290575188,0.0,0.0,False,0.0,0.0,0.0,STOPPED,ACCEPTED,ACCEPTED,148.322161674,148.322161674
148.461615933,0.0,0.0,0.011180374290573482,0.0,0.0,False,0.0,0.0,0.0,STOPPED,DUPLICATE_OR_OLD,DUPLICATE_OR_OLD,148.322161674,148.322161674
148.511615933,0.0,0.0,0.0061803449068334486,0.0,0.0,False,0.0,0.0,0.0,STOPPED,ACCEPTED,ACCEPTED,148.410198447,148.410198447
148.561615933,0.0,0.0,0.011180344906834585,0.0,0.0,False,0.0,0.0,0.0,STOPPED,DUPLICATE_OR_OLD,DUPLICATE_OR_OLD,148.410198447,148.410198447
148.611615933,0.0,0.0,0.00618034061980976,0.0,0.0,False,0.0,0.0,0.0,STOPPED,ACCEPTED,ACCEPTED,148.508156228,148.508156228
148.661615933,0.0,0.0,0.011180340619810897,0.0,0.0,False,0.0,0.0,0.0,STOPPED,DUPLICATE_OR_OLD,DUPLICATE_OR_OLD,148.508156228,148.508156228
148.711615933,0.0,0.0,0.006180339994341571,0.0,0.0,False,0.0,0.0,0.0,STOPPED,ACCEPTED,ACCEPTED,148.602209671,148.602209671
148.761615933,0.0,0.0,0.011180339994342708,0.0,0.0,False,0.0,0.0,0.0,STOPPED,DUPLICATE_OR_OLD,DUPLICATE_OR_OLD,148.602209671,148.602209671
148.811615933,0.0,0.0,0.0061803399030874095,0.0,0.0,False,0.0,0.0,0.0,STOPPED,ACCEPTED,ACCEPTED,148.736162842,148.736162842
148.861615933,0.0,0.0,0.011180339903085704,0.0,0.0,False,0.0,0.0,0.0,STOPPED,DUPLICATE_OR_OLD,DUPLICATE_OR_OLD,148.736162842,148.736162842
148.911615933,0.0,0.0,0.006180339889773193,0.0,0.0,False,0.0,0.0,0.0,STOPPED,ACCEPTED,ACCEPTED,148.816159419,148.816159419
148.961615933,0.0,0.0,0.011180339889771487,0.0,0.0,False,0.0,0.0,0.0,STOPPED,DUPLICATE_OR_OLD,DUPLICATE_OR_OLD,148.816159419,148.816159419
149.011615933,0.0,0.0,0.016180339889772626,0.0,0.0,False,0.0,0.0,0.0,STOPPED,DUPLICATE_OR_OLD,DUPLICATE_OR_OLD,148.816159419,148.816159419
149.061615933,0.0,0.0,0.02118033988977376,0.0,0.0,False,0.0,0.0,0.0,STOPPED,DUPLICATE_OR_OLD,DUPLICATE_OR_OLD,148.816159419,148.816159419
149.111615933,0.0,0.0,0.00723606797767344,0.0,0.0,False,0.0,0.0,0.0,STOPPED,ACCEPTED,ACCEPTED,149.016142186,149.016142186
149.161615933,0.0,0.0,0.012236067977674576,0.0,0.0,False,0.0,0.0,0.0,STOPPED,DUPLICATE_OR_OLD,DUPLICATE_OR_OLD,149.016142186,149.016142186
149.211615933,0.0,0.0,0.0063283980609103955,0.0,0.0,False,0.0,0.0,0.0,STOPPED,ACCEPTED,ACCEPTED,149.116145059,149.116145059
149.261615933,0.0,0.0,0.011328398060911533,0.0,0.0,False,0.0,0.0,0.0,STOPPED,DUPLICATE_OR_OLD,DUPLICATE_OR_OLD,149.116145059,149.116145059
149.311615933,0.0,0.0,0.006201819808077852,0.0,0.0,False,0.0,0.0,0.0,STOPPED,ACCEPTED,ACCEPTED,149.232171991,149.232171991
149.361615933,0.0,0.0,0.011201819808076146,0.0,0.0,False,0.0,0.0,0.0,STOPPED,DUPLICATE_OR_OLD,DUPLICATE_OR_OLD,149.232171991,149.232171991
149.411615933,0.0,0.0,0.006183471196562737,0.0,0.0,False,0.0,0.0,0.0,STOPPED,ACCEPTED,ACCEPTED,149.316139995,149.316139995
149.461615933,0.0,0.0,0.011183471196561032,0.0,0.0,False,0.0,0.0,0.0,STOPPED,DUPLICATE_OR_OLD,DUPLICATE_OR_OLD,149.316139995,149.316139995
149.511615933,0.0,0.0,0.006180796684698942,0.0,0.0,False,0.0,0.0,0.0,STOPPED,ACCEPTED,ACCEPTED,149.424135915,149.424135915
149.561615933,0.0,0.0,0.01118079668470008,0.0,0.0,False,0.0,0.0,0.0,STOPPED,DUPLICATE_OR_OLD,DUPLICATE_OR_OLD,149.424135915,149.424135915
149.611615933,0.0,0.0,0.006180406532149346,0.0,0.0,False,0.0,0.0,0.0,STOPPED,ACCEPTED,ACCEPTED,149.51814064,149.51814064
149.661615933,0.0,0.0,0.011180406532150484,0.0,0.0,False,0.0,0.0,0.0,STOPPED,DUPLICATE_OR_OLD,DUPLICATE_OR_OLD,149.51814064,149.51814064
149.711615933,0.0,0.0,0.006180349610797568,0.0,0.0,False,0.0,0.0,0.0,STOPPED,ACCEPTED,ACCEPTED,149.622132769,149.622132769
149.761615933,0.0,0.0,0.011180349610798706,0.0,0.0,False,0.0,0.0,0.0,STOPPED,DUPLICATE_OR_OLD,DUPLICATE_OR_OLD,149.622132769,149.622132769
149.811615933,0.0,0.0,0.0061803413061089045,0.0,0.0,False,0.0,0.0,0.0,STOPPED,ACCEPTED,ACCEPTED,149.734133986,149.734133986
149.861615933,0.0,0.0,0.011180341306107199,0.0,0.0,False,0.0,0.0,0.0,STOPPED,DUPLICATE_OR_OLD,DUPLICATE_OR_OLD,149.734133986,149.734133986
149.911615933,0.0,0.0,0.006180340094471258,0.0,0.0,False,0.0,0.0,0.0,STOPPED,ACCEPTED,ACCEPTED,149.810128916,149.810128916
149.961615933,0.0,0.0,0.011180340094469554,0.0,0.0,False,0.0,0.0,0.0,STOPPED,DUPLICATE_OR_OLD,DUPLICATE_OR_OLD,149.810128916,149.810128916
150.011615933,0.0,0.0,0.006180339917695719,0.0,0.0,False,0.0,0.0,0.0,STOPPED,ACCEPTED,ACCEPTED,149.902214058,149.902214058
150.061615933,0.0,0.0,0.011180339917696857,0.0,0.0,False,0.0,0.0,0.0,STOPPED,DUPLICATE_OR_OLD,DUPLICATE_OR_OLD,149.902214058,149.902214058
150.111615933,0.0,0.0,0.0061803398919045155,0.0,0.0,False,0.0,0.0,0.0,STOPPED,ACCEPTED,ACCEPTED,150.01213368,150.01213368
150.161615933,0.0,0.0,0.011180339891905653,0.0,0.0,False,0.0,0.0,0.0,STOPPED,DUPLICATE_OR_OLD,DUPLICATE_OR_OLD,150.01213368,150.01213368
150.211615933,0.0,0.0,0.01618033989190395,0.0,0.0,False,0.0,0.0,0.0,STOPPED,DUPLICATE_OR_OLD,DUPLICATE_OR_OLD,150.01213368,150.01213368
150.261615933,0.0,0.0,0.021180339891905084,0.0,0.0,False,0.0,0.0,0.0,STOPPED,DUPLICATE_OR_OLD,DUPLICATE_OR_OLD,150.01213368,150.01213368
150.311615933,0.0,0.0,0.0072360679778364755,0.0,0.0,False,0.0,0.0,0.0,STOPPED,ACCEPTED,ACCEPTED,150.222166083,150.222166083
150.361615933,0.0,0.0,0.012236067977834771,0.0,0.0,False,0.0,0.0,0.0,STOPPED,DUPLICATE_OR_OLD,DUPLICATE_OR_OLD,150.222166083,150.222166083
150.411615933,0.0,0.0,0.006328398060932374,0.0,0.0,False,0.0,0.0,0.0,STOPPED,ACCEPTED,ACCEPTED,150.31613546,150.31613546
150.461615933,0.0,0.0,0.01132839806093067,0.0,0.0,False,0.0,0.0,0.0,STOPPED,DUPLICATE_OR_OLD,DUPLICATE_OR_OLD,150.31613546,150.31613546
150.511615933,0.0,0.0,0.006201819808080614,0.0,0.0,False,0.0,0.0,0.0,STOPPED,ACCEPTED,ACCEPTED,150.422140432,150.422140432
150.561615933,0.0,0.0,0.01120181980808175,0.0,0.0,False,0.0,0.0,0.0,STOPPED,DUPLICATE_OR_OLD,DUPLICATE_OR_OLD,150.422140432,150.422140432
150.611615933,0.0,0.0,0.0061834711965631384,0.0,0.0,False,0.0,0.0,0.0,STOPPED,ACCEPTED,ACCEPTED,150.52613067,150.52613067
150.661615933,0.0,0.0,0.011183471196564276,0.0,0.0,False,0.0,0.0,0.0,STOPPED,DUPLICATE_OR_OLD,DUPLICATE_OR_OLD,150.52613067,150.52613067
150.711615933,0.0,0.0,0.01618347119656257,0.0,0.0,False,0.0,0.0,0.0,STOPPED,DUPLICATE_OR_OLD,DUPLICATE_OR_OLD,150.52613067,150.52613067
150.761615933,0.0,0.0,0.021183471196563705,0.0,0.0,False,0.0,0.0,0.0,STOPPED,DUPLICATE_OR_OLD,DUPLICATE_OR_OLD,150.52613067,150.52613067
150.811615933,0.0,0.0,0.007236307167525329,0.0,0.0,False,0.0,0.0,0.0,STOPPED,ACCEPTED,ACCEPTED,150.736130218,150.736130218
150.861615933,0.0,0.0,0.012236307167523624,0.0,0.0,False,0.0,0.0,0.0,STOPPED,DUPLICATE_OR_OLD,DUPLICATE_OR_OLD,150.736130218,150.736130218
150.911615933,0.0,0.0,0.0063284303049998235,0.0,0.0,False,0.0,0.0,0.0,STOPPED,ACCEPTED,ACCEPTED,150.814175226,150.814175226
150.961615933,0.0,0.0,0.011328430304998117,0.0,0.0,False,0.0,0.0,0.0,STOPPED,DUPLICATE_OR_OLD,DUPLICATE_OR_OLD,150.814175226,150.814175226
151.011615933,0.0,0.0,0.0062018244596597945,0.0,0.0,False,0.0,0.0,0.0,STOPPED,ACCEPTED,ACCEPTED,150.926128395,150.926128395
151.061615933,0.0,0.0,0.011201824459660932,0.0,0.0,False,0.0,0.0,0.0,STOPPED,DUPLICATE_OR_OLD,DUPLICATE_OR_OLD,150.926128395,150.926128395
151.111615933,0.0,0.0,0.006183471874107024,0.0,0.0,False,0.0,0.0,0.0,STOPPED,ACCEPTED,ACCEPTED,151.010224711,151.010224711
151.161615933,0.0,0.0,0.011183471874108161,0.0,0.0,False,0.0,0.0,0.0,STOPPED,DUPLICATE_OR_OLD,DUPLICATE_OR_OLD,151.010224711,151.010224711
151.211615933,0.0,0.0,0.006180796783527677,0.0,0.0,False,0.0,0.0,0.0,STOPPED,ACCEPTED,ACCEPTED,151.12412825,151.12412825
151.261615933,0.0,0.0,0.011180796783528815,0.0,0.0,False,0.0,0.0,0.0,STOPPED,DUPLICATE_OR_OLD,DUPLICATE_OR_OLD,151.12412825,151.12412825
151.311615933,0.0,0.0,0.0061804065465681755,0.0,0.0,False,0.0,0.0,0.0,STOPPED,ACCEPTED,ACCEPTED,151.276160865,151.276160865
151.361615933,0.0,0.0,0.01118040654656647,0.0,0.0,False,0.0,0.0,0.0,STOPPED,DUPLICATE_OR_OLD,DUPLICATE_OR_OLD,151.276160865,151.276160865
151.411615933,0.0,0.0,0.006180349612901235,0.0,0.0,False,0.0,0.0,0.0,STOPPED,ACCEPTED,ACCEPTED,151.324187282,151.324187282
151.461615933,0.0,0.0,0.011180349612899529,0.0,0.0,False,0.0,0.0,0.0,STOPPED,DUPLICATE_OR_OLD,DUPLICATE_OR_OLD,151.324187282,151.324187282
151.511615933,0.0,0.0,0.006180341306415409,0.0,0.0,False,0.0,0.0,0.0,STOPPED,ACCEPTED,ACCEPTED,151.420123055,151.420123055
151.561615933,0.0,0.0,0.011180341306416547,0.0,0.0,False,0.0,0.0,0.0,STOPPED,DUPLICATE_OR_OLD,DUPLICATE_OR_OLD,151.420123055,151.420123055
151.611615933,0.0,0.0,0.006180340094515977,0.0,0.0,False,0.0,0.0,0.0,STOPPED,ACCEPTED,ACCEPTED,151.520148762,151.520148762
151.661615933,0.0,0.0,0.011180340094517113,0.0,0.0,False,0.0,0.0,0.0,STOPPED,DUPLICATE_OR_OLD,DUPLICATE_OR_OLD,151.520148762,151.520148762
151.711615933,0.0,0.0,0.006180339917702243,0.0,0.0,False,0.0,0.0,0.0,STOPPED,ACCEPTED,ACCEPTED,151.622205809,151.622205809
151.761615933,0.0,0.0,0.01118033991770338,0.0,0.0,False,0.0,0.0,0.0,STOPPED,DUPLICATE_OR_OLD,DUPLICATE_OR_OLD,151.622205809,151.622205809
151.811615933,0.0,0.0,0.0061803398919058825,0.0,0.0,False,0.0,0.0,0.0,STOPPED,ACCEPTED,ACCEPTED,151.734181476,151.734181476
151.861615933,0.0,0.0,0.011180339891904176,0.0,0.0,False,0.0,0.0,0.0,STOPPED,DUPLICATE_OR_OLD,DUPLICATE_OR_OLD,151.734181476,151.734181476
151.911615933,0.0,0.0,0.006180339888141829,0.0,0.0,False,0.0,0.0,0.0,STOPPED,ACCEPTED,ACCEPTED,151.816154648,151.816154648
151.961615933,0.0,0.0,0.011180339888140125,0.0,0.0,False,0.0,0.0,0.0,STOPPED,DUPLICATE_OR_OLD,DUPLICATE_OR_OLD,151.816154648,151.816154648
152.011615933,0.0,0.0,0.006180339887592661,0.0,0.0,False,0.0,0.0,0.0,STOPPED,ACCEPTED,ACCEPTED,151.904112447,151.904112447
152.061615933,0.0,0.0,0.011180339887593798,0.0,0.0,False,0.0,0.0,0.0,STOPPED,DUPLICATE_OR_OLD,DUPLICATE_OR_OLD,151.904112447,151.904112447
152.111615933,0.0,0.0,0.006180339887512539,0.0,0.0,False,0.0,0.0,0.0,STOPPED,ACCEPTED,ACCEPTED,152.01017241,152.01017241
152.161615933,0.0,0.0,0.011180339887513676,0.0,0.0,False,0.0,0.0,0.0,STOPPED,DUPLICATE_OR_OLD,DUPLICATE_OR_OLD,152.01017241,152.01017241
152.211615933,0.0,0.0,0.006180339887500849,0.0,0.0,False,0.0,0.0,0.0,STOPPED,ACCEPTED,ACCEPTED,152.11416739,152.11416739
152.261615933,0.0,0.0,0.011180339887501986,0.0,0.0,False,0.0,0.0,0.0,STOPPED,DUPLICATE_OR_OLD,DUPLICATE_OR_OLD,152.11416739,152.11416739
152.311615933,0.0,0.0,0.006180339887499558,0.0,0.0,False,0.0,0.0,0.0,STOPPED,ACCEPTED,ACCEPTED,152.226230672,152.226230672
152.361615933,0.0,0.0,0.011180339887497854,0.0,0.0,False,0.0,0.0,0.0,STOPPED,DUPLICATE_OR_OLD,DUPLICATE_OR_OLD,152.226230672,152.226230672
152.411615933,0.0,0.0,0.006180339887498956,0.0,0.0,False,0.0,0.0,0.0,STOPPED,ACCEPTED,ACCEPTED,152.31422688,152.31422688
152.461615933,0.0,0.0,0.01118033988749725,0.0,0.0,False,0.0,0.0,0.0,STOPPED,DUPLICATE_OR_OLD,DUPLICATE_OR_OLD,152.31422688,152.31422688
152.511615933,0.0,0.0,0.006180339887498868,0.0,0.0,False,0.0,0.0,0.0,STOPPED,ACCEPTED,ACCEPTED,152.46815837,152.46815837
152.561615933,0.0,0.0,0.011180339887500005,0.0,0.0,False,0.0,0.0,0.0,STOPPED,DUPLICATE_OR_OLD,DUPLICATE_OR_OLD,152.46815837,152.46815837
152.611615933,0.0,0.0,0.006180339887498855,0.0,0.0,False,0.0,0.0,0.0,STOPPED,ACCEPTED,ACCEPTED,152.51408982,152.51408982
152.661615933,0.0,0.0,0.011180339887499991,0.0,0.0,False,0.0,0.0,0.0,STOPPED,DUPLICATE_OR_OLD,DUPLICATE_OR_OLD,152.51408982,152.51408982
152.711615933,0.0,0.0,0.006180339887498852,0.0,0.0,False,0.0,0.0,0.0,STOPPED,ACCEPTED,ACCEPTED,152.622098451,152.622098451
152.761615933,0.0,0.0,0.01118033988749999,0.0,0.0,False,0.0,0.0,0.0,STOPPED,DUPLICATE_OR_OLD,DUPLICATE_OR_OLD,152.622098451,152.622098451
152.811615933,0.0,0.0,0.006180339887499267,0.0,0.0,False,0.0,0.0,0.0,STOPPED,ACCEPTED,ACCEPTED,152.732149639,152.732149639
152.861615933,0.0,0.0,0.011180339887497562,0.0,0.0,False,0.0,0.0,0.0,STOPPED,DUPLICATE_OR_OLD,DUPLICATE_OR_OLD,152.732149639,152.732149639
152.911615933,0.0,0.0,0.006180339887498913,0.0,0.0,False,0.0,0.0,0.0,STOPPED,ACCEPTED,ACCEPTED,152.818133989,152.818133989
152.961615933,0.0,0.0,0.011180339887497209,0.0,0.0,False,0.0,0.0,0.0,STOPPED,DUPLICATE_OR_OLD,DUPLICATE_OR_OLD,152.818133989,152.818133989
153.011615933,0.0,0.0,0.006180339887498861,0.0,0.0,False,0.0,0.0,0.0,STOPPED,ACCEPTED,ACCEPTED,152.914161576,152.914161576
153.061615933,0.0,0.0,0.011180339887499998,0.0,0.0,False,0.0,0.0,0.0,STOPPED,DUPLICATE_OR_OLD,DUPLICATE_OR_OLD,152.914161576,152.914161576
153.111615933,0.0,0.0,0.006180339887498853,0.0,0.0,False,0.0,0.0,0.0,STOPPED,ACCEPTED,ACCEPTED,153.070088452,153.070088452
153.161615933,0.0,0.0,0.011180339887499991,0.0,0.0,False,0.0,0.0,0.0,STOPPED,DUPLICATE_OR_OLD,DUPLICATE_OR_OLD,153.070088452,153.070088452
153.211615933,0.0,0.0,0.006180339887498852,0.0,0.0,False,0.0,0.0,0.0,STOPPED,ACCEPTED,ACCEPTED,153.124201043,153.124201043
153.261615933,0.0,0.0,0.01118033988749999,0.0,0.0,False,0.0,0.0,0.0,STOPPED,DUPLICATE_OR_OLD,DUPLICATE_OR_OLD,153.124201043,153.124201043
153.311615933,0.0,0.0,0.006180339887499267,0.0,0.0,False,0.0,0.0,0.0,STOPPED,ACCEPTED,ACCEPTED,153.21412501,153.21412501
153.361615933,0.0,0.0,0.011180339887497562,0.0,0.0,False,0.0,0.0,0.0,STOPPED,DUPLICATE_OR_OLD,DUPLICATE_OR_OLD,153.21412501,153.21412501
153.411615933,0.0,0.0,0.006180339887498913,0.0,0.0,False,0.0,0.0,0.0,STOPPED,ACCEPTED,ACCEPTED,153.316148219,153.316148219
153.461615933,0.0,0.0,0.011180339887497209,0.0,0.0,False,0.0,0.0,0.0,STOPPED,DUPLICATE_OR_OLD,DUPLICATE_OR_OLD,153.316148219,153.316148219
153.511615933,0.0,0.0,0.006180339887498861,0.0,0.0,False,0.0,0.0,0.0,STOPPED,ACCEPTED,ACCEPTED,153.430094721,153.430094721
153.561615933,0.0,0.0,0.011180339887499998,0.0,0.0,False,0.0,0.0,0.0,STOPPED,DUPLICATE_OR_OLD,DUPLICATE_OR_OLD,153.430094721,153.430094721
153.611615933,0.0,0.0,0.006180339887498853,0.0,0.0,False,0.0,0.0,0.0,STOPPED,ACCEPTED,ACCEPTED,153.514131631,153.514131631
153.661615933,0.0,0.0,0.011180339887499991,0.0,0.0,False,0.0,0.0,0.0,STOPPED,DUPLICATE_OR_OLD,DUPLICATE_OR_OLD,153.514131631,153.514131631
153.711615933,0.0,0.0,0.006180339887498852,0.0,0.0,False,0.0,0.0,0.0,STOPPED,ACCEPTED,ACCEPTED,153.624145037,153.624145037
153.761615933,0.0,0.0,0.01118033988749999,0.0,0.0,False,0.0,0.0,0.0,STOPPED,DUPLICATE_OR_OLD,DUPLICATE_OR_OLD,153.624145037,153.624145037
153.811615933,0.0,0.0,0.006180339887499267,0.0,0.0,False,0.0,0.0,0.0,STOPPED,ACCEPTED,ACCEPTED,153.73408203,153.73408203
153.861615933,0.0,0.0,0.011180339887497562,0.0,0.0,False,0.0,0.0,0.0,STOPPED,DUPLICATE_OR_OLD,DUPLICATE_OR_OLD,153.73408203,153.73408203
153.911615933,0.0,0.0,0.006180339887498913,0.0,0.0,False,0.0,0.0,0.0,STOPPED,ACCEPTED,ACCEPTED,153.816085091,153.816085091
153.961615933,0.0,0.0,0.011180339887497209,0.0,0.0,False,0.0,0.0,0.0,STOPPED,DUPLICATE_OR_OLD,DUPLICATE_OR_OLD,153.816085091,153.816085091
154.011615933,0.0,0.0,0.006180339887498861,0.0,0.0,False,0.0,0.0,0.0,STOPPED,ACCEPTED,ACCEPTED,153.904206516,153.904206516
154.061615933,0.0,0.0,0.011180339887499998,0.0,0.0,False,0.0,0.0,0.0,STOPPED,DUPLICATE_OR_OLD,DUPLICATE_OR_OLD,153.904206516,153.904206516
154.111615933,0.0,0.0,0.006180339887498853,0.0,0.0,False,0.0,0.0,0.0,STOPPED,ACCEPTED,ACCEPTED,154.008113048,154.008113048
154.161615933,0.0,0.0,0.011180339887499991,0.0,0.0,False,0.0,0.0,0.0,STOPPED,DUPLICATE_OR_OLD,DUPLICATE_OR_OLD,154.008113048,154.008113048
154.211615933,0.0,0.0,0.006180339887498852,0.0,0.0,False,0.0,0.0,0.0,STOPPED,ACCEPTED,ACCEPTED,154.108151762,154.108151762
154.261615933,0.0,0.0,0.01118033988749999,0.0,0.0,False,0.0,0.0,0.0,STOPPED,DUPLICATE_OR_OLD,DUPLICATE_OR_OLD,154.108151762,154.108151762
154.311615933,0.0,0.0,0.006180339887499267,0.0,0.0,False,0.0,0.0,0.0,STOPPED,ACCEPTED,ACCEPTED,154.226124666,154.226124666
154.361615933,0.0,0.0,0.011180339887497562,0.0,0.0,False,0.0,0.0,0.0,STOPPED,DUPLICATE_OR_OLD,DUPLICATE_OR_OLD,154.226124666,154.226124666
154.411615933,0.0,0.0,0.006180339887498913,0.0,0.0,False,0.0,0.0,0.0,STOPPED,ACCEPTED,ACCEPTED,154.318077866,154.318077866
154.461615933,0.0,0.0,0.011180339887497209,0.0,0.0,False,0.0,0.0,0.0,STOPPED,DUPLICATE_OR_OLD,DUPLICATE_OR_OLD,154.318077866,154.318077866
154.511615933,0.0,0.0,0.006180339887498861,0.0,0.0,False,0.0,0.0,0.0,STOPPED,ACCEPTED,ACCEPTED,154.408075696,154.408075696
154.561615933,0.0,0.0,0.011180339887499998,0.0,0.0,False,0.0,0.0,0.0,STOPPED,DUPLICATE_OR_OLD,DUPLICATE_OR_OLD,154.408075696,154.408075696
154.611615933,0.0,0.0,0.006180339887498853,0.0,0.0,False,0.0,0.0,0.0,STOPPED,ACCEPTED,ACCEPTED,154.514091062,154.514091062
154.661615933,0.0,0.0,0.011180339887499991,0.0,0.0,False,0.0,0.0,0.0,STOPPED,DUPLICATE_OR_OLD,DUPLICATE_OR_OLD,154.514091062,154.514091062
154.711615933,0.0,0.0,0.006180339887498852,0.0,0.0,False,0.0,0.0,0.0,STOPPED,ACCEPTED,ACCEPTED,154.612118206,154.612118206
154.761615933,0.0,0.0,0.01118033988749999,0.0,0.0,False,0.0,0.0,0.0,STOPPED,DUPLICATE_OR_OLD,DUPLICATE_OR_OLD,154.612118206,154.612118206
154.811615933,0.0,0.0,0.006180339887499267,0.0,0.0,False,0.0,0.0,0.0,STOPPED,ACCEPTED,ACCEPTED,154.734159898,154.734159898
154.861615933,0.0,0.0,0.011180339887497562,0.0,0.0,False,0.0,0.0,0.0,STOPPED,DUPLICATE_OR_OLD,DUPLICATE_OR_OLD,154.734159898,154.734159898
154.911615933,0.0,0.0,0.006180339887498913,0.0,0.0,False,0.0,0.0,0.0,STOPPED,ACCEPTED,ACCEPTED,154.812075909,154.812075909
154.961615933,0.0,0.0,0.011180339887497209,0.0,0.0,False,0.0,0.0,0.0,STOPPED,DUPLICATE_OR_OLD,DUPLICATE_OR_OLD,154.812075909,154.812075909
155.011615933,0.0,0.0,0.006180339887498861,0.0,0.0,False,0.0,0.0,0.0,STOPPED,ACCEPTED,ACCEPTED,154.922111688,154.922111688
155.061615933,0.0,0.0,0.011180339887499998,0.0,0.0,False,0.0,0.0,0.0,STOPPED,DUPLICATE_OR_OLD,DUPLICATE_OR_OLD,154.922111688,154.922111688
155.111615933,0.0,0.0,0.006180339887498853,0.0,0.0,False,0.0,0.0,0.0,STOPPED,ACCEPTED,ACCEPTED,155.018100834,155.018100834
155.161615933,0.0,0.0,0.011180339887499991,0.0,0.0,False,0.0,0.0,0.0,STOPPED,DUPLICATE_OR_OLD,DUPLICATE_OR_OLD,155.018100834,155.018100834
155.211615933,0.0,0.0,0.016180339887498285,0.0,0.0,False,0.0,0.0,0.0,STOPPED,DUPLICATE_OR_OLD,DUPLICATE_OR_OLD,155.018100834,155.018100834
155.261615933,0.0,0.0,0.02118033988749942,0.0,0.0,False,0.0,0.0,0.0,STOPPED,DUPLICATE_OR_OLD,DUPLICATE_OR_OLD,155.018100834,155.018100834
155.311615933,0.0,0.0,0.007236067977499913,0.0,0.0,False,0.0,0.0,0.0,STOPPED,ACCEPTED,ACCEPTED,155.222109959,155.222109959
155.361615933,0.0,0.0,0.012236067977498207,0.0,0.0,False,0.0,0.0,0.0,STOPPED,DUPLICATE_OR_OLD,DUPLICATE_OR_OLD,155.222109959,155.222109959
155.411615933,0.0,0.0,0.006328398060887004,0.0,0.0,False,0.0,0.0,0.0,STOPPED,ACCEPTED,ACCEPTED,155.312122422,155.312122422
155.461615933,0.0,0.0,0.011328398060885298,0.0,0.0,False,0.0,0.0,0.0,STOPPED,DUPLICATE_OR_OLD,DUPLICATE_OR_OLD,155.312122422,155.312122422
155.511615933,0.00041742358293691065,1.043558957342514e-05,0.006201819808074068,0.0,0.0,False,0.0,0.6201819808074067,0.0,FUSED,ACCEPTED,ACCEPTED,155.406153748,155.406153748
155.561615933,0.002478621923596734,8.283672723678271e-05,0.011201819808075206,0.0,0.0,False,0.0,0.0,0.0,MODEL_ONLY,DUPLICATE_OR_OLD,DUPLICATE_OR_OLD,155.406153748,155.406153748
155.611615933,0.002047520426838477,0.0001959902859976244,0.006183471196562186,0.0,0.0,False,0.0,0.6183471196562185,0.0,FUSED,ACCEPTED,ACCEPTED,155.514063993,155.514063993
155.661615933,0.005689539883631244,0.00038941679375941146,0.011183471196563323,0.0,0.0,False,0.0,0.0,0.0,MODEL_ONLY,DUPLICATE_OR_OLD,DUPLICATE_OR_OLD,155.514063993,155.514063993
155.711615933,0.0037979989813419924,0.0006266052653836615,0.006180796684698862,0.0,0.0,False,0.0,0.6180796684698862,0.0,FUSED,ACCEPTED,ACCEPTED,155.630123367,155.630123367
155.761615933,0.009670329196323206,0.000963313469825368,0.0111807966847,0.0,0.0,False,0.0,0.0,0.0,MODEL_ONLY,DUPLICATE_OR_OLD,DUPLICATE_OR_OLD,155.630123367,155.630123367
155.811615933,0.006443032566037123,0.0013661475138844678,0.006180406532149749,0.0,0.0,False,0.0,0.6180406532149747,0.0,FUSED,ACCEPTED,ACCEPTED,155.734102087,155.734102087
155.861615933,0.014917851809857519,0.0019001696232816517,0.011180406532148045,0.0,0.0,False,0.0,0.0,0.0,MODEL_ONLY,DUPLICATE_OR_OLD,DUPLICATE_OR_OLD,155.734102087,155.734102087
155.911615933,0.009308266802442705,0.002505822588589295,0.006180349610797627,0.0,0.0,False,0.0,0.6180349610797624,0.0,FUSED,ACCEPTED,ACCEPTED,155.870057101,155.870057101
155.961615933,0.019789989492469958,0.0032332789959618633,0.011180349610795922,0.0,0.0,False,0.0,0.0,0.0,MODEL_ONLY,DUPLICATE_OR_OLD,DUPLICATE_OR_OLD,155.870057101,155.870057101
156.011615933,0.026992932173312223,0.004402852037606684,0.006180341306108499,0.0,0.0,False,0.0,0.6180341306108497,0.0,FUSED,ACCEPTED,ACCEPTED,155.910086805,155.910086805
156.061615933,0.04030892506979701,0.006085398468684797,0.011180341306109636,0.0,0.0,False,0.0,0.0,0.0,MODEL_ONLY,DUPLICATE_OR_OLD,DUPLICATE_OR_OLD,155.910086805,155.910086805
156.111615933,0.038144165781599716,0.008046725739969045,0.006180340094471199,0.0,0.0,False,0.0,0.6180340094471197,0.0,FUSED,ACCEPTED,ACCEPTED,156.014067247,156.014067247
156.161615933,0.05364537122439725,0.010341464165119493,0.011180340094472337,0.0,0.0,False,0.0,0.0,0.0,MODEL_ONLY,DUPLICATE_OR_OLD,DUPLICATE_OR_OLD,156.014067247,156.014067247
156.211615933,0.04704786864525017,0.01285879516185982,0.00618033991769571,0.0,0.0,False,0.0,0.618033991769571,0.0,FUSED,ACCEPTED,ACCEPTED,156.110047223,156.110047223
156.261615933,0.06423869748042588,0.015640959315002353,0.011180339917696847,0.0,0.0,False,0.0,0.0,0.0,MODEL_ONLY,DUPLICATE_OR_OLD,DUPLICATE_OR_OLD,156.110047223,156.110047223
156.311615933,0.053922718804540276,0.01859499472212718,0.006180339891904929,0.0,0.0,False,0.0,0.6180339891904927,0.0,FUSED,ACCEPTED,ACCEPTED,156.208063306,156.208063306
156.361615933,0.0724217784543778,0.021753607153599055,0.011180339891903224,0.0,0.0,False,0.0,0.0,0.0,MODEL_ONLY,DUPLICATE_OR_OLD,DUPLICATE_OR_OLD,156.208063306,156.208063306
156.411615933,0.05707480340813733,0.02499102170016267,0.00618033988814169,0.0,0.0,False,0.0,0.6180339888141688,0.0,FUSED,ACCEPTED,ACCEPTED,156.316043547,156.316043547
156.461615933,0.07658745746700246,0.028332578222040022,0.011180339888139986,0.0,0.0,False,0.0,0.0,0.0,MODEL_ONLY,DUPLICATE_OR_OLD,DUPLICATE_OR_OLD,156.316043547,156.316043547
156.511615933,0.05563743446819999,0.03163820052042084,0.006180339887592642,0.0,0.0,False,0.0,0.6180339887592641,0.0,FUSED,ACCEPTED,ACCEPTED,156.434122584,156.434122584
156.561615933,0.07593564802326508,0.034927527582708215,0.011180339887593779,0.0,0.0,False,0.0,0.0,0.0,MODEL_ONLY,DUPLICATE_OR_OLD,DUPLICATE_OR_OLD,156.434122584,156.434122584
156.611615933,0.08384140489433539,0.03892195390564686,0.006180339887512536,0.0,0.0,False,0.0,0.6180339887512536,0.0,FUSED,ACCEPTED,ACCEPTED,156.518069793,156.518069793
156.661615933,0.10445176656710399,0.04362928319218391,0.011180339887513673,0.0,0.0,False,0.0,0.0,0.0,MODEL_ONLY,DUPLICATE_OR_OLD,DUPLICATE_OR_OLD,156.518069793,156.518069793
156.711615933,0.13249597238515243,0.049552976665988305,0.006180339887500849,0.0,0.0,False,0.0,0.6180339887500848,0.0,FUSED,ACCEPTED,ACCEPTED,156.638036557,156.638036557
156.761615933,0.15299645656731417,0.05669028738980159,0.011180339887501986,0.0,0.0,False,0.0,0.0,0.0,MODEL_ONLY,DUPLICATE_OR_OLD,DUPLICATE_OR_OLD,156.638036557,156.638036557
156.811615933,0.17095523892662276,0.06478907977715186,0.006180339887499558,0.0,0.0,False,0.0,0.6180339887499557,0.0,FUSED,ACCEPTED,ACCEPTED,156.732047975,156.732047975
156.861615933,0.19147230493787035,0.07384976837376109,0.011180339887497854,0.0,0.0,False,0.0,0.0,0.0,MODEL_ONLY,DUPLICATE_OR_OLD,DUPLICATE_OR_OLD,156.732047975,156.732047975
156.911615933,0.2102437802750038,0.08389267050408522,0.006180339887498956,0.0,0.0,False,0.0,0.6180339887498953,0.0,FUSED,ACCEPTED,ACCEPTED,156.818036707,156.818036707
156.961615933,0.23078379677796126,0.0949183599304056,0.01118033988749725,0.0,0.0,False,0.0,0.0,0.0,MODEL_ONLY,DUPLICATE_OR_OLD,DUPLICATE_OR_OLD,156.818036707,156.818036707
157.011615933,0.2406790192578269,0.10670493033130299,0.006180339887498868,0.0,0.0,False,0.0,0.6180339887498867,0.0,FUSED,ACCEPTED,ACCEPTED,156.92403307,156.92403307
157.061615933,0.2612623051606434,0.1192534634417676,0.011180339887500005,0.0,0.0,False,0.0,0.0,0.0,MODEL_ONLY,DUPLICATE_OR_OLD,DUPLICATE_OR_OLD,156.92403307,156.92403307
157.111615933,0.26836328713109525,0.13249410324905656,0.006180339887498855,0.0,0.0,False,0.0,0.6180339887498854,0.0,FUSED,ACCEPTED,ACCEPTED,157.026044737,157.026044737
157.161615933,0.2889871883335916,0.14642786513567688,0.011180339887499991,0.0,0.0,False,0.0,0.0,0.0,MODEL_ONLY,DUPLICATE_OR_OLD,DUPLICATE_OR_OLD,157.026044737,157.026044737
157.211615933,0.2963078510972749,0.16106024112144354,0.006180339887498852,0.0,0.0,False,0.0,0.6180339887498851,0.0,FUSED,ACCEPTED,ACCEPTED,157.118036697,157.118036697
157.261615933,0.3169679954575701,0.17639213728531816,0.01118033988749999,0.0,0.0,False,0.0,0.0,0.0,MODEL_ONLY,DUPLICATE_OR_OLD,DUPLICATE_OR_OLD,157.118036697,157.118036697
157.311615933,0.3215946221745902,0.19235620272612577,0.006180339887499267,0.0,0.0,False,0.0,0.6180339887499267,0.0,FUSED,ACCEPTED,ACCEPTED,157.224054859,157.224054859
157.361615933,0.34228045510193966,0.20895307965803336,0.011180339887497562,0.0,0.0,False,0.0,0.0,0.0,MODEL_ONLY,DUPLICATE_OR_OLD,DUPLICATE_OR_OLD,157.224054859,157.224054859
157.411615933,0.35413225238352636,0.226363397345174,0.006180339887498913,0.0,0.0,False,0.0,0.6180339887498912,0.0,FUSED,ACCEPTED,ACCEPTED,157.346037825,157.346037825
157.461615933,0.3748116310260157,0.24458699443040632,0.011180339887497209,0.0,0.0,False,0.0,0.0,0.0,MODEL_ONLY,DUPLICATE_OR_OLD,DUPLICATE_OR_OLD,157.346037825,157.346037825
157.511615933,0.38643358899967756,0.26361812493105297,0.006180339887498861,0.0,0.0,False,0.0,0.618033988749886,0.0,FUSED,ACCEPTED,ACCEPTED,157.436022075,157.436022075
157.561615933,0.4071232460637054,0.2834570458076421,0.011180339887499998,0.0,0.0,False,0.0,0.0,0.0,MODEL_ONLY,DUPLICATE_OR_OLD,DUPLICATE_OR_OLD,157.436022075,157.436022075
157.611615933,0.4212010582591834,0.3041651534157072,0.006180339887498853,0.0,0.0,False,0.0,0.6180339887498852,0.0,FUSED,ACCEPTED,ACCEPTED,157.516106866,157.516106866
157.661615933,0.44190314727521973,0.3257427585540722,0.011180339887499991,0.0,0.0,False,0.0,0.0,0.0,MODEL_ONLY,DUPLICATE_OR_OLD,DUPLICATE_OR_OLD,157.516106866,157.516106866
157.711615933,0.4557703686335097,0.34818459645178274,0.006180339887498852,0.0,0.0,False,0.0,0.6180339887498851,0.0,FUSED,ACCEPTED,ACCEPTED,157.62001908,157.62001908
157.761615933,0.4764797236638791,0.3714908487592228,0.01118033988749999,0.0,0.0,False,0.0,0.0,0.0,MODEL_ONLY,DUPLICATE_OR_OLD,DUPLICATE_OR_OLD,157.62001908,157.62001908
157.811615933,0.4863082671732018,0.39556054853015526,0.006180339887499267,0.0,0.0,False,0.0,0.6180339887499267,0.0,FUSED,ACCEPTED,ACCEPTED,157.728065953,157.728065953
157.861615933,0.5070256351719288,0.4203938960887751,0.011180339887497562,0.0,0.0,False,0.0,0.0,0.0,MODEL_ONLY,DUPLICATE_OR_OLD,DUPLICATE_OR_OLD,157.728065953,157.728065953
157.911615933,0.520471479599684,0.4460813239580712,0.006180339887498913,0.0,0.0,False,0.0,0.6180339887498912,0.0,FUSED,ACCEPTED,ACCEPTED,157.832039323,157.832039323
157.961615933,0.5411945707021226,0.47262297521560737,0.011180339887497209,0.0,0.0,False,0.0,0.0,0.0,MODEL_ONLY,DUPLICATE_OR_OLD,DUPLICATE_OR_OLD,157.832039323,157.832039323
158.011615933,0.5542435149778124,0.5000089273576119,0.006180339887498861,0.0,0.0,False,0.0,0.618033988749886,-0.014400607064870627,FUSED,ACCEPTED,ACCEPTED,157.930052395,157.930052395
158.061615933,0.5742527843384186,0.5282213348405241,0.011180339887499998,0.0,0.0,False,0.0,0.0,-0.014400607064870627,MODEL_ONLY,DUPLICATE_OR_OLD,DUPLICATE_OR_OLD,157.930052395,157.930052395
158.111615933,0.5913148300038571,0.5573605251990711,0.006180339887498853,0.0,0.0,False,0.0,0.6180339887498852,-0.016586895676388096,FUSED,ACCEPTED,ACCEPTED,158.040077787,158.040077787
158.161615933,0.6122639539721486,0.587449994798478,0.011180339887499991,0.0,0.0,False,0.0,0.0,-0.016586895676388096,MODEL_ONLY,DUPLICATE_OR_OLD,DUPLICATE_OR_OLD,158.040077787,158.040077787
158.211615933,0.6325296885002963,0.6185698358602785,0.006180339887498852,0.0,0.0,False,0.0,0.6180339887498851,-0.01889333691285904,FUSED,ACCEPTED,ACCEPTED,158.110056316,158.110056316
158.261615933,0.6541786043087422,0.6507375431805118,0.01118033988749999,0.0,0.0,False,0.0,0.0,-0.01889333691285904,MODEL_ONLY,DUPLICATE_OR_OLD,DUPLICATE_OR_OLD,158.110056316,158.110056316
158.311615933,0.6685581210765156,0.6838059613151507,0.006180339887499267,0.0,0.0,False,0.0,0.6180339887499267,-0.04235907314594747,FUSED,ACCEPTED,ACCEPTED,158.228021909,158.228021909
158.361615933,0.6896656177761556,0.7177615547864559,0.011180339887497562,0.0,0.0,False,0.0,0.0,-0.04235907314594747,MODEL_ONLY,DUPLICATE_OR_OLD,DUPLICATE_OR_OLD,158.228021909,158.228021909
158.411615933,0.7152706261707199,0.7528849608851358,0.006180339887498913,0.0,0.0,False,0.0,0.6180339887498912,-0.019923438049968892,FUSED,ACCEPTED,ACCEPTED,158.324060428,158.324060428
158.461615933,0.7379895128059779,0.7892164643595408,0.011180339887497209,0.0,0.0,False,0.0,0.0,-0.019923438049968892,MODEL_ONLY,DUPLICATE_OR_OLD,DUPLICATE_OR_OLD,158.324060428,158.324060428
158.511615933,0.7643135891133879,0.8267740419075335,0.006180339887498861,0.0,0.0,False,0.0,0.618033988749886,-0.019980982182273697,FUSED,ACCEPTED,ACCEPTED,158.426004881,158.426004881
158.561615933,0.7874096335856197,0.8655671224750174,0.011180339887499998,0.0,0.0,False,0.0,0.0,-0.019980982182273697,MODEL_ONLY,DUPLICATE_OR_OLD,DUPLICATE_OR_OLD,158.426004881,158.426004881
158.611615933,0.8155652900567814,0.9056414955660639,0.006180339887498853,0.0,0.0,False,0.0,0.6180339887498852,-0.010618005294973485,FUSED,ACCEPTED,ACCEPTED,158.514011073,158.514011073
158.661615933,0.839424466962513,0.9470162394915556,0.011180339887499991,0.0,0.0,False,0.0,0.0,-0.010618005294973485,MODEL_ONLY,DUPLICATE_OR_OLD,DUPLICATE_OR_OLD,158.514011073,158.514011073
158.711615933,0.868330872908421,0.9897101229883143,0.006180339887498852,0.0,0.0,False,0.0,0.6180339887498851,-0.004459182152033988,FUSED,ACCEPTED,ACCEPTED,158.614034064,158.614034064
158.761615933,0.8927268296551002,1.0337365655524124,0.01118033988749999,0.0,0.0,False,0.0,0.0,-0.004459182152033988,MODEL_ONLY,DUPLICATE_OR_OLD,DUPLICATE_OR_OLD,158.614034064,158.614034064
158.811615933,0.908591061539054,1.0787695128322765,0.006180339887499267,0.0,0.0,False,0.0,0.6180339887499267,-0.02655482738379428,FUSED,ACCEPTED,ACCEPTED,158.734005977,158.734005977
158.861615933,0.9276190103822785,1.1246747646302941,0.011180339887497562,0.0,0.0,False,0.0,0.0,-0.02655482738379428,MODEL_ONLY,DUPLICATE_OR_OLD,DUPLICATE_OR_OLD,158.734005977,158.734005977
158.911615933,0.940303881732823,1.1713728369331822,0.006180339887498913,0.0,0.0,False,0.0,0.6180339887498912,0.0032508687817671376,FUSED,ACCEPTED,ACCEPTED,158.850027598,158.850027598
158.961615933,0.95270962528283,1.2186981746085574,0.011180339887497209,0.0,0.0,False,0.0,0.0,0.0032508687817671376,MODEL_ONLY,DUPLICATE_OR_OLD,DUPLICATE_OR_OLD,158.850027598,158.850027598
159.011615933,0.9771082427032327,1.26694362130822,0.006180339887498861,0.0,0.0,False,0.0,0.618033988749886,0.08330321043723098,FUSED,ACCEPTED,ACCEPTED,158.937999947,158.937999947
159.061615933,0.983679069922534,1.315963304123875,0.011180339887499998,0.0,0.0,False,0.0,0.0,0.08330321043723098,MODEL_ONLY,DUPLICATE_OR_OLD,DUPLICATE_OR_OLD,158.937999947,158.937999947
159.111615933,0.9982017260499998,1.3655103240231714,0.006180339887498853,0.0,0.0,False,0.0,0.6180339887498852,0.12835706385493895,FUSED,ACCEPTED,ACCEPTED,159.016053564,159.016053564
159.161615933,0.9943827722584434,1.4153249364808937,0.005278640450004439,0.0,0.0,False,0.0,0.5278640450004437,0.1132303021370889,FUSED,ACCEPTED,ACCEPTED,159.124088126,159.124088126
159.211615933,0.9883457271737657,1.464893148966682,0.010278640450002735,0.0,0.0,False,0.0,0.0,0.1132303021370889,MODEL_ONLY,DUPLICATE_OR_OLD,DUPLICATE_OR_OLD,159.124088126,159.124088126
159.261615933,0.9785813797794857,1.5140663266405245,0.015278640450003872,0.0,0.0,False,0.0,0.0,0.1132303021370889,MODEL_ONLY,DUPLICATE_OR_OLD,DUPLICATE_OR_OLD,159.124088126,159.124088126
159.311615933,0.962463001540625,1.5625924361735384,0.006697341805517446,0.0,0.0,False,0.0,0.6697341805517445,0.14923139976733904,FUSED,ACCEPTED,ACCEPTED,159.226039308,159.226039308
159.361615933,0.9471266872940369,1.6103321783943885,0.011697341805515741,0.0,0.0,False,0.0,0.0,0.14923139976733904,MODEL_ONLY,DUPLICATE_OR_OLD,DUPLICATE_OR_OLD,159.226039308,159.226039308
159.411615933,0.9089514285753664,1.6567341312911341,0.006254308734986663,0.0,0.0,False,0.0,0.6254308734986661,0.11462135223096875,FUSED,ACCEPTED,ACCEPTED,159.342101212,159.342101212
159.461615933,0.8858755838822738,1.70160480660256,0.011254308734984958,0.0,0.0,False,0.0,0.0,0.11462135223096875,MODEL_ONLY,DUPLICATE_OR_OLD,DUPLICATE_OR_OLD,159.342101212,159.342101212
159.511615933,0.8362020043514083,1.7446567463084117,0.0061911013917977775,0.0,0.0,False,0.0,0.6191101391797778,0.0889702315982852,FUSED,ACCEPTED,ACCEPTED,159.438017497,159.438017497
159.561615933,0.8069274736091525,1.785734983257435,0.011191101391798915,0.0,0.0,False,0.0,0.0,0.0889702315982852,MODEL_ONLY,DUPLICATE_OR_OLD,DUPLICATE_OR_OLD,159.438017497,159.438017497
159.611615933,0.7302710481373855,1.8241649463010852,0.00618190932469457,0.0,0.0,False,0.0,0.618190932469457,0.0009124671822085539,FUSED,ACCEPTED,ACCEPTED,159.508016716,159.508016716
159.661615933,0.6922582685312927,1.8597281792178104,0.011181909324695708,0.0,0.0,False,0.0,0.0,0.0009124671822085539,MODEL_ONLY,DUPLICATE_OR_OLD,DUPLICATE_OR_OLD,159.508016716,159.508016716
159.711615933,0.6152040637494713,1.8924147375248184,0.006180568851574055,0.0,0.0,False,0.0,0.6180568851574053,-0.02330381721832581,FUSED,ACCEPTED,ACCEPTED,159.630020653,159.630020653
159.761615933,0.5723664784710184,1.9221040010803374,0.011180568851575192,0.0,0.0,False,0.0,0.0,-0.02330381721832581,MODEL_ONLY,DUPLICATE_OR_OLD,DUPLICATE_OR_OLD,159.630020653,159.630020653
159.811615933,0.5047997491905523,1.9490331567718828,0.0061803732926154886,0.0,0.0,False,0.0,0.6180373292615489,-0.03277875385190975,FUSED,ACCEPTED,ACCEPTED,159.7299896,159.7299896
159.861615933,0.4584968513024704,1.9731155717842,0.011180373292613784,0.0,0.0,False,0.0,0.0,-0.03277875385190975,MODEL_ONLY,DUPLICATE_OR_OLD,DUPLICATE_OR_OLD,159.7299896,159.7299896
159.911615933,0.39625577043645527,1.9944843873276779,0.006180344761233469,0.0,0.0,False,0.0,0.6180344761233467,-0.03277875385190975,FUSED,ACCEPTED,ACCEPTED,159.835990377,159.835990377
159.961615933,0.34777093100903345,2.013085054863809,0.011180344761231763,0.0,0.0,False,0.0,0.0,-0.03277875385190975,MODEL_ONLY,DUPLICATE_OR_OLD,DUPLICATE_OR_OLD,159.835990377,159.835990377
160.011615933,0.2755731797325862,2.0286686576323527,0.0061803405985670174,0.0,0.0,False,0.0,0.6180340598567017,-0.03277875385190975,FUSED,ACCEPTED,ACCEPTED,159.922075464,159.922075464
160.061615933,0.22533571525321128,2.0411913800070005,0.011180340598568154,0.0,0.0,False,0.0,0.0,-0.03277875385190975,MODEL_ONLY,DUPLICATE_OR_OLD,DUPLICATE_OR_OLD,159.922075464,159.922075464
160.111615933,0.17159793684844804,2.0511147213095384,0.0061803399912422965,0.0,0.0,False,0.0,0.6180339991242295,-0.03277875385190975,FUSED,ACCEPTED,ACCEPTED,160.039988884,160.039988884
160.161615933,0.12118873329188737,2.058434388063049,0.011180339991243434,0.0,0.0,False,0.0,0.0,-0.03277875385190975,MODEL_ONLY,DUPLICATE_OR_OLD,DUPLICATE_OR_OLD,160.039988884,160.039988884
160.211615933,0.06528845340839128,2.063096317730554,0.006180339902634817,0.0,0.0,False,0.0,0.6180339902634816,-0.03277875385190975,FUSED,ACCEPTED,ACCEPTED,160.116049912,160.116049912
160.261615933,0.01728701279254166,2.065160704385578,0.011180339902635953,0.0,0.0,False,0.0,0.0,-0.03277875385190975,MODEL_ONLY,DUPLICATE_OR_OLD,DUPLICATE_OR_OLD,160.116049912,160.116049912
160.311615933,0.07631810821974322,2.067500832410886,0.006180339889707575,0.0,0.0,False,0.0,0.6180339889707573,-0.03277875385190975,FUSED,ACCEPTED,ACCEPTED,160.221992449,160.221992449
160.361615933,0.033924783348528297,2.070256904700092,0.011180339889705869,0.0,0.0,False,0.0,0.0,-0.03277875385190975,MODEL_ONLY,DUPLICATE_OR_OLD,DUPLICATE_OR_OLD,160.221992449,160.221992449
160.411615933,0.0,2.0711050242838054,0.0061803398878211,0.0,0.0,False,0.0,0.61803398878211,-0.03277875385190975,FUSED,ACCEPTED,ACCEPTED,160.316139201,160.316139201
160.461615933,-0.03346549525547894,2.0702683869024185,0.011180339887819395,0.0,0.0,False,0.0,0.0,-0.03277875385190975,MODEL_ONLY,DUPLICATE_OR_OLD,DUPLICATE_OR_OLD,160.316139201,160.316139201
160.511615933,-0.051304549340647265,2.068149135787515,0.006180339887545868,0.0,0.0,False,0.0,0.6180339887545867,-0.03277875385190975,FUSED,ACCEPTED,ACCEPTED,160.432116025,160.432116025
160.561615933,-0.07572264733672385,2.0649734558705797,0.011180339887547006,0.0,0.0,False,0.0,0.0,-0.03277875385190975,MODEL_ONLY,DUPLICATE_OR_OLD,DUPLICATE_OR_OLD,160.432116025,160.432116025
160.611615933,-0.05920531838536185,2.061600256727529,0.006180339887505711,0.0,0.0,False,0.0,0.618033988750571,-0.03277875385190975,FUSED,ACCEPTED,ACCEPTED,160.52000655,160.52000655
160.661615933,-0.07654817088044664,2.058206419495883,0.011180339887506848,0.0,0.0,False,0.0,0.0,-0.03277875385190975,MODEL_ONLY,DUPLICATE_OR_OLD,DUPLICATE_OR_OLD,160.52000655,160.52000655
160.711615933,-0.05047092156559279,2.0550309421847333,0.006180339887499853,0.0,0.0,False,0.0,0.6180339887499853,-0.03277875385190975,FUSED,ACCEPTED,ACCEPTED,160.622009728,160.622009728
160.761615933,-0.06293261352352658,2.0521958538075045,0.01118033988750099,0.0,0.0,False,0.0,0.0,-0.03277875385190975,MODEL_ONLY,DUPLICATE_OR_OLD,DUPLICATE_OR_OLD,160.622009728,160.622009728
160.811615933,-0.03807739487012275,2.0496706035976624,0.006180339887499413,0.0,0.0,False,0.0,0.6180339887499412,-0.03277875385190975,FUSED,ACCEPTED,ACCEPTED,160.73200401,160.73200401
160.861615933,-0.04717904186370714,2.047539192679318,0.011180339887497708,0.0,0.0,False,0.0,0.0,-0.03277875385190975,MODEL_ONLY,DUPLICATE_OR_OLD,DUPLICATE_OR_OLD,160.73200401,160.73200401
160.911615933,0.0,2.046359716632725,0.0061803398874989346,0.0,0.0,False,0.0,0.0,0.0,STOPPED,ACCEPTED,ACCEPTED,160.844002737,160.844002737
160.961615933,0.0,2.046359716632725,0.01118033988749723,0.0,0.0,False,0.0,0.0,0.0,STOPPED,DUPLICATE_OR_OLD,DUPLICATE_OR_OLD,160.844002737,160.844002737
161.011615933,0.0,2.046359716632725,0.006180339887498864,0.0,0.0,False,0.0,0.0,0.0,STOPPED,ACCEPTED,ACCEPTED,160.92604141,160.92604141
161.061615933,0.0,2.046359716632725,0.011180339887500002,0.0,0.0,False,0.0,0.0,0.0,STOPPED,DUPLICATE_OR_OLD,DUPLICATE_OR_OLD,160.92604141,160.92604141
161.111615933,0.0,2.046359716632725,0.006180339887498854,0.0,0.0,False,0.0,0.0,0.0,STOPPED,ACCEPTED,ACCEPTED,161.02005649,161.02005649
161.161615933,0.0,2.046359716632725,0.011180339887499991,0.0,0.0,False,0.0,0.0,0.0,STOPPED,DUPLICATE_OR_OLD,DUPLICATE_OR_OLD,161.02005649,161.02005649
161.211615933,0.0,2.046359716632725,0.006180339887498852,0.0,0.0,False,0.0,0.0,0.0,STOPPED,ACCEPTED,ACCEPTED,161.120010543,161.120010543
161.261615933,0.0,2.046359716632725,0.01118033988749999,0.0,0.0,False,0.0,0.0,0.0,STOPPED,DUPLICATE_OR_OLD,DUPLICATE_OR_OLD,161.120010543,161.120010543
161.311615933,0.00041978424645324256,2.0463702112388864,0.006180339887499267,0.0,0.0,False,0.0,0.6180339887499267,0.0,FUSED,ACCEPTED,ACCEPTED,161.230049221,161.230049221
161.361615933,0.002480951755050864,2.046442729638924,0.011180339887497562,0.0,0.0,False,0.0,0.0,0.0,MODEL_ONLY,DUPLICATE_OR_OLD,DUPLICATE_OR_OLD,161.230049221,161.230049221
161.411615933,0.0020500786305412727,2.0465560053985636,0.006180339887498913,0.0,0.0,False,0.0,0.6180339887498912,0.0,FUSED,ACCEPTED,ACCEPTED,161.317985114,161.317985114
161.461615933,0.005692064678605662,2.046749558981292,0.011180339887497209,0.0,0.0,False,0.0,0.0,0.0,MODEL_ONLY,DUPLICATE_OR_OLD,DUPLICATE_OR_OLD,161.317985114,161.317985114
161.511615933,0.004185640934515401,2.0469965016216203,0.006180339887498861,0.0,0.0,False,0.0,0.618033988749886,0.0,FUSED,ACCEPTED,ACCEPTED,161.431996591,161.431996591
161.561615933,0.01094321904393045,2.0473747231210817,0.011180339887499998,0.0,0.0,False,0.0,0.0,0.0,MODEL_ONLY,DUPLICATE_OR_OLD,DUPLICATE_OR_OLD,161.431996591,161.431996591
161.611615933,0.007222430481885585,2.047828864359227,0.006180339887498853,0.0,0.0,False,0.0,0.6180339887498852,0.0,FUSED,ACCEPTED,ACCEPTED,161.517996873,161.517996873
161.661615933,0.01637726808352391,2.0484188568233623,0.011180339887499991,0.0,0.0,False,0.0,0.0,0.0,MODEL_ONLY,DUPLICATE_OR_OLD,DUPLICATE_OR_OLD,161.517996873,161.517996873
161.711615933,0.010090616844948504,2.049080553946574,0.006180339887498852,0.0,0.0,False,0.0,0.6180339887498851,0.0,FUSED,ACCEPTED,ACCEPTED,161.625979034,161.625979034
161.761615933,0.021780952641859544,2.0498773431837445,0.01118033988749999,0.0,0.0,False,0.0,0.0,0.0,MODEL_ONLY,DUPLICATE_OR_OLD,DUPLICATE_OR_OLD,161.625979034,161.625979034
161.811615933,0.026608865283922912,2.0510870886318893,0.006180339887499267,0.0,0.0,False,0.0,0.6180339887499267,0.0,FUSED,ACCEPTED,ACCEPTED,161.727990251,161.727990251
161.861615933,0.04085460606997246,2.0527736754157364,0.011180339887497562,0.0,0.0,False,0.0,0.0,0.0,MODEL_ONLY,DUPLICATE_OR_OLD,DUPLICATE_OR_OLD,161.727990251,161.727990251
161.911615933,0.03963445084591795,2.054785901838634,0.006180339887498913,0.0,0.0,False,0.0,0.6180339887498912,0.0,FUSED,ACCEPTED,ACCEPTED,161.814047962,161.814047962
161.961615933,0.05585376447878747,2.0571731072217507,0.011180339887497209,0.0,0.0,False,0.0,0.0,0.0,MODEL_ONLY,DUPLICATE_OR_OLD,DUPLICATE_OR_OLD,161.814047962,161.814047962
162.011615933,0.04309157708870548,2.0596467407609387,0.006180339887498861,0.0,0.0,False,0.0,0.618033988749886,0.0,FUSED,ACCEPTED,ACCEPTED,161.937995673,161.937995673
162.061615933,0.06083812839687572,2.0622449833980787,0.011180339887499998,0.0,0.0,False,0.0,0.0,0.0,MODEL_ONLY,DUPLICATE_OR_OLD,DUPLICATE_OR_OLD,161.937995673,161.937995673
162.111615933,0.04984854745828145,2.0650121502944567,0.006180339887498853,0.0,0.0,False,0.0,0.6180339887498852,0.0,FUSED,ACCEPTED,ACCEPTED,162.023986685,162.023986685
162.161615933,0.06877806402561756,2.067977815581555,0.011180339887499991,0.0,0.0,False,0.0,0.0,0.0,MODEL_ONLY,DUPLICATE_OR_OLD,DUPLICATE_OR_OLD,162.023986685,162.023986685
162.211615933,0.05390420365132827,2.0710448722734776,0.006180339887498852,0.0,0.0,False,0.0,0.6180339887498851,0.0,FUSED,ACCEPTED,ACCEPTED,162.126000733,162.126000733
162.261615933,0.07375043248980842,2.0742362381770065,0.01118033988749999,0.0,0.0,False,0.0,0.0,0.0,MODEL_ONLY,DUPLICATE_OR_OLD,DUPLICATE_OR_OLD,162.126000733,162.126000733
162.311615933,0.05593626310299425,2.0774784055668274,0.006180339887499267,0.0,0.0,False,0.0,0.6180339887499267,0.0,FUSED,ACCEPTED,ACCEPTED,162.230091925,162.230091925
162.361615933,0.07649302816912011,2.080789137848629,0.011180339887497562,0.0,0.0,False,0.0,0.0,0.0,MODEL_ONLY,DUPLICATE_OR_OLD,DUPLICATE_OR_OLD,162.230091925,162.230091925
162.411615933,0.05887461414387352,2.084173328906455,0.006180339887498913,0.0,0.0,False,0.0,0.6180339887498912,0.0,FUSED,ACCEPTED,ACCEPTED,162.326023671,162.326023671
162.461615933,0.07998216431914569,2.0876447483680285,0.011180339887497209,0.0,0.0,False,0.0,0.0,0.0,MODEL_ONLY,DUPLICATE_OR_OLD,DUPLICATE_OR_OLD,162.326023671,162.326023671
162.511615933,0.061416038237482644,2.091179703431945,0.006180339887498861,0.0,0.0,False,0.0,0.618033988749886,0.0,FUSED,ACCEPTED,ACCEPTED,162.424020419,162.424020419
162.561615933,0.08295055861378646,2.0947888683532274,0.011180339887499998,0.0,0.0,False,0.0,0.0,0.0,MODEL_ONLY,DUPLICATE_OR_OLD,DUPLICATE_OR_OLD,162.424020419,162.424020419
162.611615933,0.10610805467057002,2.0995153336853347,0.006180339887498853,0.0,0.0,False,0.0,0.6180339887498852,0.0,FUSED,ACCEPTED,ACCEPTED,162.521947966,162.521947966
162.661615933,0.1274506127373775,2.105354300370535,0.011180339887499991,0.0,0.0,False,0.0,0.0,0.0,MODEL_ONLY,DUPLICATE_OR_OLD,DUPLICATE_OR_OLD,162.521947966,162.521947966
162.711615933,0.14925393666071562,2.1122719141054844,0.006180339887498852,0.0,0.0,False,0.0,0.6180339887498851,0.0,FUSED,ACCEPTED,ACCEPTED,162.628006664,162.628006664
162.761615933,0.17038560763200103,2.1202629027128044,0.01118033988749999,0.0,0.0,False,0.0,0.0,0.0,MODEL_ONLY,DUPLICATE_OR_OLD,DUPLICATE_OR_OLD,162.628006664,162.628006664
162.811615933,0.20419796744748492,2.1296274920897935,0.006180339887499267,0.0,0.0,False,0.0,0.6180339887499267,0.0,FUSED,ACCEPTED,ACCEPTED,162.739979536,162.739979536
162.861615933,0.22610109084062005,2.1403849685469925,0.011180339887497562,0.0,0.0,False,0.0,0.0,0.0,MODEL_ONLY,DUPLICATE_OR_OLD,DUPLICATE_OR_OLD,162.739979536,162.739979536
162.911615933,0.23006129304297562,2.1517890281440852,0.006180339887498913,0.0,0.0,False,0.0,0.6180339887498912,0.0,FUSED,ACCEPTED,ACCEPTED,162.815982244,162.815982244
162.961615933,0.25280659376224324,2.1638607253142115,0.011180339887497209,0.0,0.0,False,0.0,0.0,0.0,MODEL_ONLY,DUPLICATE_OR_OLD,DUPLICATE_OR_OLD,162.815982244,162.815982244
163.011615933,0.25688175154316134,2.1766029339468496,0.006180339887498861,0.0,0.0,False,0.0,0.618033988749886,0.0,FUSED,ACCEPTED,ACCEPTED,162.923954114,162.923954114
163.061615933,0.2802392601865059,2.190030959240094,0.011180339887499998,0.0,0.0,False,0.0,0.0,0.0,MODEL_ONLY,DUPLICATE_OR_OLD,DUPLICATE_OR_OLD,162.923954114,162.923954114
163.111615933,0.29428018243745,2.2043939453056884,0.006180339887498853,0.0,0.0,False,0.0,0.6180339887498852,0.0,FUSED,ACCEPTED,ACCEPTED,163.022024353,163.022024353
163.161615933,0.31806977540807935,2.21970269425183,0.011180339887499991,0.0,0.0,False,0.0,0.0,0.0,MODEL_ONLY,DUPLICATE_OR_OLD,DUPLICATE_OR_OLD,163.022024353,163.022024353
163.211615933,0.32132543140148007,2.2356875744220637,0.006180339887498852,0.0,0.0,False,0.0,0.6180339887498851,0.0,FUSED,ACCEPTED,ACCEPTED,163.125999343,163.125999343
163.261615933,0.34547926346183794,2.2523576917936503,0.01118033988749999,0.0,0.0,False,0.0,0.0,0.0,MODEL_ONLY,DUPLICATE_OR_OLD,DUPLICATE_OR_OLD,163.125999343,163.125999343
163.311615933,0.3697577425618596,2.270238616944247,0.016180339887501127,0.0,0.0,False,0.0,0.0,0.0,MODEL_ONLY,DUPLICATE_OR_OLD,DUPLICATE_OR_OLD,163.125999343,163.125999343
163.361615933,0.39415048425394655,2.2893363226146355,0.02118033988749942,0.0,0.0,False,0.0,0.0,0.0,MODEL_ONLY,DUPLICATE_OR_OLD,DUPLICATE_OR_OLD,163.125999343,163.125999343
163.411615933,0.3938170262503454,2.3090355103772473,0.007236067977499913,0.0,0.0,False,0.0,0.7236067977499911,0.0,FUSED,ACCEPTED,ACCEPTED,163.337954267,163.337954267
163.461615933,0.4184364186251855,2.3293418464991285,0.012236067977498207,0.0,0.0,False,0.0,0.0,0.0,MODEL_ONLY,DUPLICATE_OR_OLD,DUPLICATE_OR_OLD,163.337954267,163.337954267
163.511615933,0.43292988887686634,2.3506260041866844,0.006328398060887004,0.0,0.0,False,0.0,0.6328398060887003,0.0,FUSED,ACCEPTED,ACCEPTED,163.429954486,163.429954486
163.561615933,0.458620937778592,2.372914774853076,0.011328398060888142,0.0,0.0,False,0.0,0.0,0.0,MODEL_ONLY,DUPLICATE_OR_OLD,DUPLICATE_OR_OLD,163.429954486,163.429954486
163.611615933,0.47661484149489564,2.396295669334905,0.006201819808074068,0.0,0.0,False,0.0,0.6201819808074067,0.0,FUSED,ACCEPTED,ACCEPTED,163.529963532,163.529963532
163.661615933,0.5031364077754087,2.420789450566668,0.011201819808075206,0.0,0.0,False,0.0,0.0,0.0,MODEL_ONLY,DUPLICATE_OR_OLD,DUPLICATE_OR_OLD,163.529963532,163.529963532
163.711615933,0.5336358664330543,2.4467087574218707,0.006183471196562186,0.0,0.0,False,0.0,0.6183471196562185,0.0,FUSED,ACCEPTED,ACCEPTED,163.614012086,163.614012086
163.761615933,0.5616124240662241,2.4740899646843593,0.011183471196563323,0.0,0.0,False,0.0,0.0,0.0,MODEL_ONLY,DUPLICATE_OR_OLD,DUPLICATE_OR_OLD,163.614012086,163.614012086
163.811615933,0.58710814627119,2.502807978942801,0.006180796684699277,0.0,0.0,False,0.0,0.6180796684699276,-0.017909274922799298,FUSED,ACCEPTED,ACCEPTED,163.732012344,163.732012344
163.861615933,0.6157142707603744,2.5328785393685798,0.011180796684697573,0.0,0.0,False,0.0,0.0,-0.017909274922799298,MODEL_ONLY,DUPLICATE_OR_OLD,DUPLICATE_OR_OLD,163.732012344,163.732012344
163.911615933,0.6460952389857859,2.564423777112241,0.006180406532149395,0.0,0.0,False,0.0,0.6180406532149394,-0.015503643564810463,FUSED,ACCEPTED,ACCEPTED,163.815971063,163.815971063
163.961615933,0.6763547603926114,2.5974850270966896,0.011180406532147691,0.0,0.0,False,0.0,0.0,-0.015503643564810463,MODEL_ONLY,DUPLICATE_OR_OLD,DUPLICATE_OR_OLD,163.815971063,163.815971063
164.011615933,0.7018212895168668,2.631939428344434,0.006180349610797575,0.0,0.0,False,0.0,0.6180349610797573,-0.03828342313353457,FUSED,ACCEPTED,ACCEPTED,163.936058261,163.936058261
164.061615933,0.7321316144454157,2.6677882509434996,0.011180349610798713,0.0,0.0,False,0.0,0.0,-0.03828342313353457,MODEL_ONLY,DUPLICATE_OR_OLD,DUPLICATE_OR_OLD,163.936058261,163.936058261
164.111615933,0.7751097066343527,2.705469283970481,0.00618034130610849,0.0,0.0,False,0.0,0.618034130610849,0.0006651033728570649,FUSED,ACCEPTED,ACCEPTED,164.021928407,164.021928407
164.161615933,0.8089784355925941,2.7450714875261637,0.011180341306109627,0.0,0.0,False,0.0,0.0,0.0006651033728570649,MODEL_ONLY,DUPLICATE_OR_OLD,DUPLICATE_OR_OLD,164.021928407,164.021928407
164.211615933,0.8565672113465437,2.7867101286996276,0.006180340094471198,0.0,0.0,False,0.0,0.6180340094471197,0.013652651607807882,FUSED,ACCEPTED,ACCEPTED,164.115938423,164.115938423
164.261615933,0.8923351329099639,2.8304326873060504,0.011180340094472335,0.0,0.0,False,0.0,0.0,0.013652651607807882,MODEL_ONLY,DUPLICATE_OR_OLD,DUPLICATE_OR_OLD,164.115938423,164.115938423
164.311615933,0.9369956939736339,2.876165957978151,0.006180339917696125,0.0,0.0,False,0.0,0.6180339917696124,0.01657056143184156,FUSED,ACCEPTED,ACCEPTED,164.224024603,164.224024603
164.361615933,0.973878936061272,2.9239378237290072,0.01118033991769442,0.0,0.0,False,0.0,0.0,0.01657056143184156,MODEL_ONLY,DUPLICATE_OR_OLD,DUPLICATE_OR_OLD,164.224024603,164.224024603
164.411615933,1.0308610849319249,2.9740563242538487,0.0061803398919045745,0.0,0.0,False,0.0,0.6180339891904574,0.06124106999072843,FUSED,ACCEPTED,ACCEPTED,164.319938794,164.319938794
164.461615933,1.0710723105014002,3.026604659139664,0.011180339891902868,0.0,0.0,False,0.0,0.0,0.06124106999072843,MODEL_ONLY,DUPLICATE_OR_OLD,DUPLICATE_OR_OLD,164.319938794,164.319938794
164.511615933,1.1285917906423557,3.0815962616682704,0.006180339888141638,0.0,0.0,False,0.0,0.6180339888141637,0.07502802001134776,FUSED,ACCEPTED,ACCEPTED,164.437929498,164.437929498
164.561615933,1.1706426788563067,3.13907712340575,0.011180339888142776,0.0,0.0,False,0.0,0.0,0.07502802001134776,MODEL_ONLY,DUPLICATE_OR_OLD,DUPLICATE_OR_OLD,164.437929498,164.437929498
164.611615933,1.2420420960411904,3.1993942427781668,0.006180339887592633,0.0,0.0,False,0.0,0.6180339887592632,0.1370310609049013,FUSED,ACCEPTED,ACCEPTED,164.51394235,164.51394235
164.661615933,1.2880849738455886,3.2626474195253508,0.01118033988759377,0.0,0.0,False,0.0,0.0,0.1370310609049013,MODEL_ONLY,DUPLICATE_OR_OLD,DUPLICATE_OR_OLD,164.51394235,164.51394235
164.71161593300002,1.3551422448132397,3.3287280999918365,0.00618033988751295,0.0,0.0,False,0.0,0.6180339887512949,0.15073426441424406,FUSED,ACCEPTED,ACCEPTED,164.620028454,164.620028454
164.761615933,1.4025616848124602,3.397670698232455,0.011180339887511246,0.0,0.0,False,0.0,0.0,0.15073426441424406,MODEL_ONLY,DUPLICATE_OR_OLD,DUPLICATE_OR_OLD,164.620028454,164.620028454
164.811615933,1.45391426274027,3.46908259692129,0.0061803398875009095,0.0,0.0,False,0.0,0.6180339887500909,0.1336554803055205,FUSED,ACCEPTED,ACCEPTED,164.729990613,164.729990613
164.861615933,1.5010157659150904,3.542955847637649,0.011180339887499204,0.0,0.0,False,0.0,0.0,0.1336554803055205,MODEL_ONLY,DUPLICATE_OR_OLD,DUPLICATE_OR_OLD,164.729990613,164.729990613
164.911615933,1.5575332031757592,3.6194195718649373,0.006180339887499152,0.0,0.0,False,0.0,0.6180339887499151,0.15745150211527642,FUSED,ACCEPTED,ACCEPTED,164.821958767,164.821958767
164.96161593300002,1.6062400317398418,3.698513902737845,0.01118033988750029,0.0,0.0,False,0.0,0.0,0.15745150211527642,MODEL_ONLY,DUPLICATE_OR_OLD,DUPLICATE_OR_OLD,164.821958767,164.821958767
165.011615933,1.655118160579168,3.7800478575457928,0.016180339887498583,0.0,0.0,False,0.0,0.0,0.15745150211527642,MODEL_ONLY,DUPLICATE_OR_OLD,DUPLICATE_OR_OLD,164.821958767,164.821958767
165.061615933,1.7041471137535877,3.8640294894041305,0.02118033988749972,0.0,0.0,False,0.0,0.0,0.15745150211527642,MODEL_ONLY,DUPLICATE_OR_OLD,DUPLICATE_OR_OLD,164.821958767,164.821958767
165.111615933,1.7474612791346327,3.9503196992263065,0.00723606797749972,0.0,0.0,False,0.0,0.7236067977499718,0.12875440407477232,FUSED,ACCEPTED,ACCEPTED,165.053926209,165.053926209
165.161615933,1.7953050956322127,4.038888858595498,0.012236067977500858,0.0,0.0,False,0.0,0.0,0.12875440407477232,MODEL_ONLY,DUPLICATE_OR_OLD,DUPLICATE_OR_OLD,165.053926209,165.053926209
165.21161593300002,1.873054646304213,4.1305978521439295,0.006328398060887361,0.0,0.0,False,0.0,0.632839806088736,0.223981050936075,FUSED,ACCEPTED,ACCEPTED,165.115923497,165.115923497
165.261615933,1.9258533821834112,4.225570552856087,0.011328398060885656,0.0,0.0,False,0.0,0.0,0.223981050936075,MODEL_ONLY,DUPLICATE_OR_OLD,DUPLICATE_OR_OLD,165.115923497,165.115923497
165.311615933,1.9604287979625679,4.3227276073597585,0.00620181980807412,0.0,0.0,False,0.0,0.6201819808074118,0.1226854050262064,FUSED,ACCEPTED,ACCEPTED,165.224059513,165.224059513
165.361615933,2.0083128243601793,4.421946147917794,0.011201819808072415,0.0,0.0,False,0.0,0.0,0.1226854050262064,MODEL_ONLY,DUPLICATE_OR_OLD,DUPLICATE_OR_OLD,165.224059513,165.224059513
165.411615933,2.0707647998395657,4.52392308852281,0.006183471196562193,0.0,0.0,False,0.0,0.6183471196562191,0.2018474443247838,FUSED,ACCEPTED,ACCEPTED,165.313929374,165.313929374
165.46161593300002,2.1227232678057804,4.628760290213968,0.01118347119656333,0.0,0.0,False,0.0,0.0,0.2018474443247838,MODEL_ONLY,DUPLICATE_OR_OLD,DUPLICATE_OR_OLD,165.313929374,165.313929374
165.511615933,2.168218681960547,4.736033838958089,0.006180796684698864,0.0,0.0,False,0.0,0.6180796684698862,0.15309772266804614,FUSED,ACCEPTED,ACCEPTED,165.435905819,165.435905819
165.561615933,2.134150854588449,4.843593077371838,0.011180796684700001,0.0,0.0,False,0.0,0.0,0.15309772266804614,MODEL_ONLY,RATE_ANOMALY,RATE_ANOMALY,165.546252476,165.546252476
165.611615933,2.183799205701977,4.951541828879062,0.016180796684698295,0.0,0.0,False,0.0,0.0,0.15309772266804614,MODEL_ONLY,DUPLICATE_OR_OLD,DUPLICATE_OR_OLD,165.546252476,165.546252476
165.661615933,2.2334802928352526,5.061973816342518,0.02118079668469943,0.0,0.0,False,0.0,0.0,0.15309772266804614,MODEL_ONLY,DUPLICATE_OR_OLD,DUPLICATE_OR_OLD,165.546252476,165.546252476
165.71161593300002,2.283190202932138,5.174890578736728,0.026180796684700566,0.0,0.0,False,0.0,0.0,0.15309772266804614,MODEL_ONLY,ZERO_LOCK_SUSPECT,ZERO_LOCK_SUSPECT,165.621925429,165.621925429
165.761615933,2.3329254906783143,5.29029347107695,0.03118079668469886,0.0,0.0,False,0.0,0.0,0.15309772266804614,MODEL_ONLY,DUPLICATE_OR_OLD,DUPLICATE_OR_OLD,165.621925429,165.621925429
165.811615933,2.382683122590521,5.408183686408698,0.06775018183693252,0.007771769350671164,0.15543538701338794,True,0.03156938515223251,0.0,0.15309772266804614,MODEL_ONLY,ZERO_LOCK_SUSPECT,ZERO_LOCK_SUSPECT,165.727915783,165.727915783
165.861615933,2.432460427788719,5.528562275168138,0.07391594723953086,0.01554353870133791,0.15543538701338794,True,0.0011657654026000562,0.0,0.15309772266804614,MODEL_ONLY,DUPLICATE_OR_OLD,DUPLICATE_OR_OLD,165.727915783,165.727915783
165.911615933,2.482255054653028,5.65143016222921,0.08085888957719979,0.023315308052009074,0.15543538701338794,True,0.001942942337667791,0.0,0.15309772266804614,MODEL_ONLY,ZERO_LOCK_SUSPECT,ZERO_LOCK_SUSPECT,165.833934666,165.833934666
165.96161593300002,2.5320649326612177,5.776788161912095,0.08857900884993601,0.031087077402680238,0.15543538701338794,True,0.002720119272735084,0.0,0.15309772266804614,MODEL_ONLY,DUPLICATE_OR_OLD,DUPLICATE_OR_OLD,165.833934666,165.833934666
166.011615933,2.5818882387881525,5.904636991198286,0.09707630505773447,0.038858846753346984,0.15543538701338794,True,0.0034972962078001686,0.0,0.15309772266804614,MODEL_ONLY,ZERO_LOCK_SUSPECT,ZERO_LOCK_SUSPECT,165.93193433,165.93193433
166.061615933,2.63172336792165,6.034977281366061,0.10635077820060485,0.04663061610401815,0.15543538701338794,True,0.004274473142869229,0.0,0.15309772266804614,MODEL_ONLY,ZERO_LOCK_SUSPECT,ZERO_LOCK_SUSPECT,166.047985892,166.047985892
166.111615933,2.6815689068143587,6.167809588234416,0.11640242827853657,0.05440238545468489,0.15543538701338794,True,0.005051650077933429,0.0,0.15309772266804614,MODEL_ONLY,DUPLICATE_OR_OLD,DUPLICATE_OR_OLD,166.047985892,166.047985892
166.161615933,2.7310809525472086,6.303125834718486,0.12723125529154108,0.062174154805356055,0.15543538701338794,True,0.005828827013003373,0.0,0.15309772266804614,MODEL_ONLY,DUPLICATE_OR_OLD,DUPLICATE_OR_OLD,166.047985892,166.047985892
166.21161593300002,2.7802993687797772,6.440910342751692,0.1388372592396129,0.06994592415602723,0.15543538701338794,True,0.006606003948070666,0.0,0.15309772266804614,MODEL_ONLY,ZERO_LOCK_SUSPECT,ZERO_LOCK_SUSPECT,166.131908074,166.131908074
166.261615933,2.829259254122315,6.581149308324196,0.15122044012274471,0.07771769350669397,0.15543538701338794,True,0.007383180883133542,0.0,0.15309772266804614,MODEL_ONLY,DUPLICATE_OR_OLD,DUPLICATE_OR_OLD,166.131908074,166.131908074
166.311615933,2.877991511719638,6.723830577470277,0.16438079794095067,0.08548946285736514,0.15543538701338794,True,0.008160357818204811,0.0,0.15309772266804614,MODEL_ONLY,ZERO_LOCK_SUSPECT,ZERO_LOCK_SUSPECT,166.225913647,166.225913647
166.361615933,2.926523350750301,6.868943449031977,0.17831833269421576,0.09326123220803188,0.15543538701338794,True,0.008937534753266804,0.0,0.15309772266804614,MODEL_ONLY,DUPLICATE_OR_OLD,DUPLICATE_OR_OLD,166.225913647,166.225913647
166.411615933,2.974878727980133,7.016478501000271,0.19303304438255586,0.10103300155870305,0.15543538701338794,True,0.009714711688338954,0.0,0.15309772266804614,MODEL_ONLY,ZERO_LOCK_SUSPECT,ZERO_LOCK_SUSPECT,166.319913335,166.319913335
166.46161593300002,3.0227130613299646,7.166418295733058,0.20852493300596325,0.10880477090937422,0.15543538701338794,True,0.010491888623406248,0.0,0.15309772266804614,MODEL_ONLY,DUPLICATE_OR_OLD,DUPLICATE_OR_OLD,166.319913335,166.319913335
166.511615933,3.070088633084293,7.318738338093362,0.22479399856442844,0.11657654026004097,0.15543538701338794,True,0.011269065558466917,0.0,0.15309772266804614,MODEL_ONLY,ZERO_LOCK_SUSPECT,ZERO_LOCK_SUSPECT,166.427990139,166.427990139
166.561615933,3.1170602806979724,7.473417060937954,0.24184024105796997,0.12434830961071214,0.15543538701338794,True,0.012046242493540393,0.0,0.15309772266804614,MODEL_ONLY,DUPLICATE_OR_OLD,DUPLICATE_OR_OLD,166.427990139,166.427990139
166.611615933,3.1636762867038057,7.630435475122945,0.2596636604865684,0.1321200789613789,0.15543538701338794,True,0.012823419428600179,0.0,0.15309772266804614,MODEL_ONLY,ZERO_LOCK_SUSPECT,ZERO_LOCK_SUSPECT,166.529898163,166.529898163
166.661615933,3.2095849018852007,7.789767004837707,0.2782642568502441,0.13989184831205007,0.15543538701338794,True,0.01360059636367454,0.0,0.15309772266804614,MODEL_ONLY,DUPLICATE_OR_OLD,DUPLICATE_OR_OLD,166.529898163,166.529898163
166.71161593300002,3.254870683259861,7.95137839446637,0.29764203014898705,0.14766361766272124,0.15543538701338794,True,0.014377773298741833,0.0,0.15309772266804614,MODEL_ONLY,ZERO_LOCK_SUSPECT,ZERO_LOCK_SUSPECT,166.643904456,166.643904456
166.761615933,3.299608080435273,8.115240363558692,0.31779698038278564,0.155435387013388,0.15543538701338794,True,0.015154950233800292,0.0,0.15309772266804614,MODEL_ONLY,DUPLICATE_OR_OLD,DUPLICATE_OR_OLD,166.643904456,166.643904456
166.811615933,3.343862643784567,8.281327131664225,0.33872910755166274,0.16320715636405916,0.15543538701338794,True,0.01593212716887598,0.0,0.15309772266804614,MODEL_ONLY,ZERO_LOCK_SUSPECT,ZERO_LOCK_SUSPECT,166.735902683,166.735902683
166.861615933,3.387692088204445,8.449615999963893,0.3604384116555946,0.17097892571472592,0.15543538701338794,True,0.016709304103933554,0.0,0.15309772266804614,MODEL_ONLY,DUPLICATE_OR_OLD,DUPLICATE_OR_OLD,166.735902683,166.735902683
166.911615933,3.431147229718584,8.620086982912007,0.38292489269460583,0.1787506950653971,0.15543538701338794,True,0.017486481039010127,0.0,0.15309772266804614,MODEL_ONLY,ZERO_LOCK_SUSPECT,ZERO_LOCK_SUSPECT,166.829934027,166.829934027
166.96161593300002,3.4742728101250493,8.792722483908136,0.40618855066868437,0.18652246441606826,0.15543538701338794,True,0.01826365797407742,0.0,0.15309772266804614,MODEL_ONLY,DUPLICATE_OR_OLD,DUPLICATE_OR_OLD,166.829934027,166.829934027
167.011615933,3.516677096408089,8.967496231571404,0.4302293855778163,0.19429423376673502,0.15543538701338794,True,0.01904083490913367,0.0,0.15309772266804614,MODEL_ONLY,ZERO_LOCK_SUSPECT,ZERO_LOCK_SUSPECT,166.925960176,166.925960176
167.061615933,3.5584463074977566,9.14437431666909,0.455047397422029,0.2020660031174062,0.15543538701338794,True,0.019818011844211565,0.0,0.15309772266804614,MODEL_ONLY,DUPLICATE_OR_OLD,DUPLICATE_OR_OLD,166.925960176,166.925960176
167.111615933,3.599656356259327,9.323326883262956,0.4806425862012942,0.20983777246807295,0.15543538701338794,True,0.020595188779266933,0.0,0.15309772266804614,MODEL_ONLY,ZERO_LOCK_SUSPECT,ZERO_LOCK_SUSPECT,167.015937061,167.015937061
167.161615933,3.6403740814151675,9.50432764420486,0.507014951915641,0.21760954181874412,0.15543538701338794,True,0.021372365714345712,0.0,0.15309772266804614,MODEL_ONLY,DUPLICATE_OR_OLD,DUPLICATE_OR_OLD,167.015937061,167.015937061
167.21161593300002,3.6806583322101427,9.687353454545535,0.5341644945650552,0.2253813111694153,0.15543538701338794,True,0.022149542649413007,0.0,0.15309772266804614,MODEL_ONLY,ZERO_LOCK_SUSPECT,ZERO_LOCK_SUSPECT,167.115903056,167.115903056
167.261615933,3.720560923423203,9.872383935936305,0.5620912141495206,0.23315308052008205,0.15543538701338794,True,0.022926719584467046,0.0,0.15309772266804614,MODEL_ONLY,DUPLICATE_OR_OLD,DUPLICATE_OR_OLD,167.115903056,167.115903056
167.311615933,3.760127476222943,10.059401145927502,0.5907951106690689,0.24092484987075322,0.15543538701338794,True,0.02370389651954715,0.0,0.15309772266804614,MODEL_ONLY,ZERO_LOCK_SUSPECT,ZERO_LOCK_SUSPECT,167.231891429,167.231891429
167.361615933,3.799398158512395,10.248389286795822,0.6202761841236675,0.24869661922141997,0.15543538701338794,True,0.02448107345460031,0.0,0.15309772266804614,MODEL_ONLY,DUPLICATE_OR_OLD,DUPLICATE_OR_OLD,167.231891429,167.231891429
167.411615933,3.837927024911394,10.43932241638146,0.6505344345133499,0.25646838857209114,0.15543538701338794,True,0.025258250389681297,0.0,0.15309772266804614,MODEL_ONLY,ZERO_LOCK_SUSPECT,ZERO_LOCK_SUSPECT,167.313889478,167.313889478
167.46161593300002,3.875802747391951,10.632165660689088,0.6815698618380996,0.2642401579227623,0.15543538701338794,True,0.026035427324748592,0.0,0.15309772266804614,MODEL_ONLY,DUPLICATE_OR_OLD,DUPLICATE_OR_OLD,167.313889478,167.313889478
167.511615933,3.9131033986402914,10.826888314339827,0.7133824660978985,0.27201192727342904,0.15543538701338794,True,0.02681260425980042,0.0,0.15309772266804614,MODEL_ONLY,ZERO_LOCK_SUSPECT,ZERO_LOCK_SUSPECT,167.433911754,167.433911754
167.561615933,3.9498977190283915,11.02346334228159,0.7459722472927823,0.2797836966241002,0.15543538701338794,True,0.027589781194882736,0.0,0.15309772266804614,MODEL_ONLY,DUPLICATE_OR_OLD,DUPLICATE_OR_OLD,167.433911754,167.433911754
167.611615933,3.9856906032220984,11.221853050337783,0.7793392054227144,0.28755546597476694,0.15543538701338794,True,0.028366958129933683,0.0,0.15309772266804614,MODEL_ONLY,ZERO_LOCK_SUSPECT,ZERO_LOCK_SUSPECT,167.517910038,167.517910038
167.661615933,4.02060175655988,11.422010359332377,0.8134833404877324,0.2953272353254381,0.15543538701338794,True,0.02914413506501688,0.0,0.15309772266804614,MODEL_ONLY,DUPLICATE_OR_OLD,DUPLICATE_OR_OLD,167.517910038,167.517910038
167.71161593300002,4.054736575562338,11.623893817635478,0.8484046524878177,0.30309900467610923,0.15543538701338794,True,0.02992131200008417,0.0,0.15309772266804614,MODEL_ONLY,ZERO_LOCK_SUSPECT,ZERO_LOCK_SUSPECT,167.617930192,167.617930192
167.761615933,4.088187858317706,11.82746692848241,0.8841031414229499,0.310870774026776,0.15543538701338794,True,0.03069848893513379,0.0,0.15309772266804614,MODEL_ONLY,DUPLICATE_OR_OLD,DUPLICATE_OR_OLD,167.617930192,167.617930192
167.811615933,4.121037310418691,12.032697557700867,0.9205788072931693,0.31864254337744713,0.15543538701338794,True,0.031475665870218314,0.0,0.15309772266804614,MODEL_ONLY,ZERO_LOCK_SUSPECT,ZERO_LOCK_SUSPECT,167.727886554,167.727886554
167.861615933,4.153356870888996,12.23955741223349,0.9578316500984347,0.3264143127281139,0.15543538701338794,True,0.032252842805267044,0.0,0.15309772266804614,MODEL_ONLY,DUPLICATE_OR_OLD,DUPLICATE_OR_OLD,167.727886554,167.727886554
167.911615933,4.184526119082342,12.448004486982821,0.9958616698387883,0.33418608207878503,0.15543538701338794,True,0.033030019740352454,0.0,0.15309772266804614,MODEL_ONLY,ZERO_LOCK_SUSPECT,ZERO_LOCK_SUSPECT,167.835889984,167.835889984
167.96161593300002,4.2146825560409,12.65798470386095,1.0346688665142092,0.34195785142945617,0.15543538701338794,True,0.033807196675419746,0.0,0.15309772266804614,MODEL_ONLY,ZERO_LOCK_SUSPECT,ZERO_LOCK_SUSPECT,167.913878948,167.913878948
168.011615933,4.243947246803351,12.869450448931985,1.0742532401246747,0.34972962078012293,0.15543538701338794,True,0.03458437361046716,0.0,0.15309772266804614,MODEL_ONLY,DUPLICATE_OR_OLD,DUPLICATE_OR_OLD,167.913878948,167.913878948
168.061615933,4.272426785060661,13.082359799728634,1.1146147906702297,0.35750139013079407,0.15543538701338794,True,0.03536155054555389,0.0,0.15309772266804614,MODEL_ONLY,DUPLICATE_OR_OLD,DUPLICATE_OR_OLD,167.913878948,167.913878948
168.111615933,4.3002150229692075,13.296675844929307,1.1557535181508285,0.36527315948146083,0.15543538701338794,True,0.036138727480600416,0.0,0.15309772266804614,MODEL_ONLY,ZERO_LOCK_SUSPECT,ZERO_LOCK_SUSPECT,168.021907829,168.021907829
168.161615933,4.326383415500984,13.512340805891112,1.1976694225665176,0.373044928832132,0.15543538701338794,True,0.03691590441568803,0.0,0.15309772266804614,MODEL_ONLY,ZERO_LOCK_SUSPECT,ZERO_LOCK_SUSPECT,168.11587231,168.11587231
168.21161593300002,4.351125588710352,13.729278530996444,1.240362503917274,0.3808166981828031,0.15543538701338794,True,0.037693081350755324,0.0,0.15309772266804614,MODEL_ONLY,DUPLICATE_OR_OLD,DUPLICATE_OR_OLD,168.11587231,168.11587231
168.261615933,4.374612023819787,13.947421971309623,1.283832762203073,0.3885884675334699,0.15543538701338794,True,0.03847025828580052,0.0,0.15309772266804614,MODEL_ONLY,DUPLICATE_OR_OLD,DUPLICATE_OR_OLD,168.11587231,168.11587231
168.311615933,4.3969928238064915,14.16671209250033,1.3280801974239638,0.396360236884141,0.15543538701338794,True,0.03924743522088947,0.0,0.15309772266804614,MODEL_ONLY,ZERO_LOCK_SUSPECT,ZERO_LOCK_SUSPECT,168.225934337,168.225934337
168.361615933,4.418400149288648,14.387096916827632,1.373104809579896,0.4041320062348078,0.15543538701338794,True,0.04002461215593379,0.0,0.15309772266804614,MODEL_ONLY,DUPLICATE_OR_OLD,DUPLICATE_OR_OLD,168.225934337,168.225934337
168.411615933,4.438950363241447,14.608530679640936,1.4189065986709206,0.4119037755854789,0.15543538701338794,True,0.04080178909102361,0.0,0.15309772266804614,MODEL_ONLY,ZERO_LOCK_SUSPECT,ZERO_LOCK_SUSPECT,168.335941259,168.335941259
168.46161593300002,4.458745919347167,14.830973086705702,1.4654855646970129,0.41967554493615006,0.15543538701338794,True,0.0415789660260909,0.0,0.15309772266804614,MODEL_ONLY,DUPLICATE_OR_OLD,DUPLICATE_OR_OLD,168.335941259,168.335941259
168.511615933,4.477877024623967,15.054388660304905,1.512841707658145,0.4274473142868168,0.15543538701338794,True,0.042356142961133894,0.0,0.15309772266804614,MODEL_ONLY,ZERO_LOCK_SUSPECT,ZERO_LOCK_SUSPECT,168.427971399,168.427971399
168.561615933,4.497434282006798,15.278771442970726,1.5609750275543715,0.43521908363748796,0.15543538701338794,True,0.04313331989622505,0.0,0.15309772266804614,MODEL_ONLY,DUPLICATE_OR_OLD,DUPLICATE_OR_OLD,168.427971399,168.427971399
168.611615933,4.517366751972619,15.504141468820134,1.609885524385637,0.4429908529881547,0.15543538701338794,True,0.04391049683126715,0.0,0.15309772266804614,MODEL_ONLY,RATE_ANOMALY,RATE_ANOMALY,168.52603403,168.52603403
168.661615933,4.538313344521212,15.730533471232532,1.6595731981519974,0.45076262233882586,0.15543538701338794,True,0.04468767376635919,0.0,0.15309772266804614,MODEL_ONLY,DUPLICATE_OR_OLD,DUPLICATE_OR_OLD,168.52603403,168.52603403
168.71161593300002,4.051894104836951,15.945288657466534,0.01694195776755633,0.004542864004800554,0.15543538701338794,True,0.04546485070142648,0.9900926428046932,0.15309772266804614,FUSED,ACCEPTED,ACCEPTED,168.629936882,168.629936882
168.761615933,4.07507539618643,16.14846289499205,0.022784832635567732,0.0123146333554673,0.15543538701338794,True,0.0008428748680131052,0.0,0.15309772266804614,MODEL_ONLY,DUPLICATE_OR_OLD,DUPLICATE_OR_OLD,168.629936882,168.629936882
168.811615933,4.075597229632998,16.352229710637584,0.007462243541008412,0.005097439820540902,0.15543538701338794,False,0.0016200518030806566,0.7462243541008411,0.10054635155097721,FUSED,ACCEPTED,ACCEPTED,168.731998255,168.731998255
168.861615933,4.098372550349417,16.556578955137073,0.012462243541006706,0.005097439820540902,0.15543538701338794,False,0.0,0.0,0.10054635155097721,MODEL_ONLY,DUPLICATE_OR_OLD,DUPLICATE_OR_OLD,168.731998255,168.731998255
168.911615933,4.11256561323041,16.761852409226616,0.006358636909956919,0.005097439820540902,0.15543538701338794,False,0.0,0.6358636909956917,0.08782057046834292,FUSED,ACCEPTED,ACCEPTED,168.827879538,168.827879538
168.96161593300002,4.137331964945331,16.968099848681057,0.011358636909958055,0.005097439820540902,0.15543538701338794,False,0.0,0.0,0.08782057046834292,MODEL_ONLY,DUPLICATE_OR_OLD,DUPLICATE_OR_OLD,168.827879538,168.827879538
169.011615933,4.1673058692363965,17.175715794535527,0.006206177112207674,0.005097439820540902,0.15543538701338794,False,0.0,0.6206177112207674,0.10622164802013834,FUSED,ACCEPTED,ACCEPTED,168.927880302,168.927880302
169.061615933,4.195839747597021,17.38479443495641,0.011206177112208811,0.005097439820540902,0.15543538701338794,False,0.0,0.0,0.10622164802013834,MODEL_ONLY,DUPLICATE_OR_OLD,DUPLICATE_OR_OLD,168.927880302,168.927880302
169.111615933,4.267603064949718,17.596380505270005,0.006184105771252727,0.005097439820540902,0.15543538701338794,False,0.0,0.6184105771252726,0.13002088469448822,FUSED,ACCEPTED,ACCEPTED,169.027966192,169.027966192
169.161615933,4.3002757190747065,17.810577474870666,0.011184105771253864,0.005097439820540902,0.15543538701338794,False,0.0,0.0,0.13002088469448822,MODEL_ONLY,DUPLICATE_OR_OLD,DUPLICATE_OR_OLD,169.027966192,169.027966192
169.21161593300002,4.348418936826397,18.02679484126824,0.006180889243512745,0.005097439820540902,0.15543538701338794,False,0.0,0.6180889243512744,0.11128781175599023,FUSED,ACCEPTED,ACCEPTED,169.113877537,169.113877537
169.261615933,4.382806594897143,18.245075479561255,0.01118088924351104,0.005097439820540902,0.15543538701338794,False,0.0,0.0,0.11128781175599023,MODEL_ONLY,DUPLICATE_OR_OLD,DUPLICATE_OR_OLD,169.113877537,169.113877537
169.311615933,4.430998439312958,18.465420605416558,0.006180420035779314,0.005097439820540902,0.15543538701338794,False,0.0,0.6180420035779313,0.1233943766040709,FUSED,ACCEPTED,ACCEPTED,169.22788624,169.22788624
169.361615933,4.468369010897671,18.68790479167175,0.01118042003577761,0.005097439820540902,0.15543538701338794,False,0.0,0.0,0.1233943766040709,MODEL_ONLY,DUPLICATE_OR_OLD,DUPLICATE_OR_OLD,169.22788624,169.22788624
169.411615933,4.526495179205231,18.912776396424373,0.006180351580939582,0.005097439820540902,0.15543538701338794,False,0.0,0.6180351580939581,0.1550781121963374,FUSED,ACCEPTED,ACCEPTED,169.315907821,169.315907821
169.46161593300002,4.5679374494900875,19.14013721214181,0.011180351580940719,0.005097439820540902,0.15543538701338794,False,0.0,0.0,0.1550781121963374,MODEL_ONLY,DUPLICATE_OR_OLD,DUPLICATE_OR_OLD,169.315907821,169.315907821
169.511615933,4.606252846888748,19.369491969551202,0.0061803415935481,0.005097439820540902,0.15543538701338794,False,0.0,0.61803415935481,0.10654778952003668,FUSED,ACCEPTED,ACCEPTED,169.423863081,169.423863081
169.561615933,4.647196972437054,19.600828215034397,0.011180341593549237,0.005097439820540902,0.15543538701338794,False,0.0,0.0,0.10654778952003668,MODEL_ONLY,DUPLICATE_OR_OLD,DUPLICATE_OR_OLD,169.423863081,169.423863081
169.611615933,4.710388951180252,19.834767863124753,0.006180340136408067,0.005097439820540902,0.15543538701338794,False,0.0,0.6180340136408066,0.17307258842748163,FUSED,ACCEPTED,ACCEPTED,169.513883584,169.513883584
169.661615933,4.756762751881369,20.071446655701347,0.011180340136409204,0.005097439820540902,0.15543538701338794,False,0.0,0.0,0.17307258842748163,MODEL_ONLY,DUPLICATE_OR_OLD,DUPLICATE_OR_OLD,169.513883584,169.513883584
169.71161593300002,4.831945308788254,20.311164357218143,0.006180339923814632,0.005097439820540902,0.15543538701338794,False,0.0,0.6180339923814631,0.21033951783991295,FUSED,ACCEPTED,ACCEPTED,169.644003501,169.644003501
169.761615933,4.881813083036194,20.554008317013672,0.011180339923812926,0.005097439820540902,0.15543538701338794,False,0.0,0.0,0.21033951783991295,MODEL_ONLY,DUPLICATE_OR_OLD,DUPLICATE_OR_OLD,169.644003501,169.644003501
169.811615933,4.936234124694122,20.799459497206982,0.006180339892797253,0.005097439820540902,0.15543538701338794,False,0.0,0.6180339892797252,0.18082608895883123,FUSED,ACCEPTED,ACCEPTED,169.733871915,169.733871915
169.861615933,4.985890323797401,21.047512608419183,0.011180339892795547,0.005097439820540902,0.15543538701338794,False,0.0,0.0,0.18082608895883123,MODEL_ONLY,DUPLICATE_OR_OLD,DUPLICATE_OR_OLD,169.733871915,169.733871915
169.911615933,5.0414466860808425,21.298196033666198,0.006180339888271878,0.005097439820540902,0.15543538701338794,False,0.0,0.6180339888271877,0.19244364134007216,FUSED,ACCEPTED,ACCEPTED,169.823938419,169.823938419
169.96161593300002,5.092663716759227,21.551548793737254,0.011180339888273015,0.005097439820540902,0.15543538701338794,False,0.0,0.0,0.19244364134007216,MODEL_ONLY,DUPLICATE_OR_OLD,DUPLICATE_OR_OLD,169.823938419,169.823938419
170.011615933,5.14876660512432,21.807584551784256,0.006180339887611635,0.005097439820540902,0.15543538701338794,False,0.0,0.6180339887611634,0.1942485274079546,FUSED,ACCEPTED,ACCEPTED,169.919905427,169.919905427
170.061615933,5.175163909798592,22.06568281465739,0.005278640450029579,0.005097439820540902,0.15543538701338794,False,0.0,0.5278640450029579,0.09995592533660408,FUSED,ACCEPTED,ACCEPTED,170.02386198,170.02386198
170.111615933,5.222829413445614,22.325632647738406,0.010278640450027875,0.005097439820540902,0.15543538701338794,False,0.0,0.0,0.09995592533660408,MODEL_ONLY,DUPLICATE_OR_OLD,DUPLICATE_OR_OLD,170.02386198,170.02386198
170.161615933,5.2707706597038335,22.587972649567202,0.015278640450029012,0.005097439820540902,0.15543538701338794,False,0.0,0.0,0.09995592533660408,MODEL_ONLY,DUPLICATE_OR_OLD,DUPLICATE_OR_OLD,170.02386198,170.02386198
170.21161593300002,5.340595983217534,22.853256815640297,0.006697341805520188,0.005097439820540902,0.15543538701338794,False,0.0,0.6697341805520187,0.2046820162102409,FUSED,ACCEPTED,ACCEPTED,170.117937419,170.117937419
170.261615933,5.394230077559475,23.12162746715963,0.011697341805518482,0.005097439820540902,0.15543538701338794,False,0.0,0.0,0.2046820162102409,MODEL_ONLY,DUPLICATE_OR_OLD,DUPLICATE_OR_OLD,170.117937419,170.117937419
170.311615933,5.438571949962025,23.392447517847728,0.006254308734987047,0.005097439820540902,0.15543538701338794,False,0.0,0.6254308734987046,0.1386264421616728,FUSED,ACCEPTED,ACCEPTED,170.221950291,170.221950291
170.361615933,5.489257187726301,23.665643246289843,0.011254308734985341,0.005097439820540902,0.15543538701338794,False,0.0,0.0,0.1386264421616728,MODEL_ONLY,DUPLICATE_OR_OLD,DUPLICATE_OR_OLD,170.221950291,170.221950291
170.411615933,5.536309697122825,23.941282418411134,0.006191101391797833,0.005097439820540902,0.15543538701338794,False,0.0,0.6191101391797832,0.14714856079678293,FUSED,ACCEPTED,ACCEPTED,170.341916824,170.341916824
170.46161593300002,5.587695408670803,24.21938254605604,0.01119110139179897,0.005097439820540902,0.15543538701338794,False,0.0,0.0,0.14714856079678293,MODEL_ONLY,DUPLICATE_OR_OLD,DUPLICATE_OR_OLD,170.341916824,170.341916824
170.511615933,5.6441359400441335,24.500178329773817,0.006181909324694579,0.005097439820540902,0.15543538701338794,False,0.0,0.6181909324694577,0.16402710511328888,FUSED,ACCEPTED,ACCEPTED,170.437842568,170.437842568
170.561615933,5.6965782745195055,24.78369618513797,0.011181909324695715,0.005097439820540902,0.15543538701338794,False,0.0,0.0,0.16402710511328888,MODEL_ONLY,DUPLICATE_OR_OLD,DUPLICATE_OR_OLD,170.437842568,170.437842568
170.611615933,5.752731250197855,25.069928923255805,0.006180568851574055,0.005097439820540902,0.15543538701338794,False,0.0,0.6180568851574055,0.1662456733482146,FUSED,ACCEPTED,ACCEPTED,170.517979078,170.517979078
170.661615933,5.805449399260243,25.358883439492324,0.011180568851575192,0.005097439820540902,0.15543538701338794,False,0.0,0.0,0.1662456733482146,MODEL_ONLY,DUPLICATE_OR_OLD,DUPLICATE_OR_OLD,170.517979078,170.517979078
170.71161593300002,5.858467373052322,25.650481358800203,0.0061803732926154886,0.005097439820540902,0.15543538701338794,False,0.0,0.6180373292615489,0.1618995601515259,FUSED,ACCEPTED,ACCEPTED,170.623898361,170.623898361
170.761615933,5.911096039675137,25.94472044411829,0.011180373292613784,0.005097439820540902,0.15543538701338794,False,0.0,0.0,0.1618995601515259,MODEL_ONLY,DUPLICATE_OR_OLD,DUPLICATE_OR_OLD,170.623898361,170.623898361
170.811615933,5.972716241572959,26.24181575114956,0.006180344761233469,0.005097439820540902,0.15543538701338794,False,0.0,0.6180344761233467,0.1879448478280174,FUSED,ACCEPTED,ACCEPTED,170.729852338,170.729852338
170.861615933,6.026746263820081,26.541802313784284,0.011180344761231763,0.005097439820540902,0.15543538701338794,False,0.0,0.0,0.1879448478280174,MODEL_ONLY,DUPLICATE_OR_OLD,DUPLICATE_OR_OLD,170.729852338,170.729852338
170.911615933,6.081820993341245,26.844516495213384,0.0061803405985670174,0.005097439820540902,0.15543538701338794,False,0.0,0.6180340598567017,0.17690440806129504,FUSED,ACCEPTED,ACCEPTED,170.829924035,170.829924035
170.96161593300002,6.126309985043889,27.149719769673084,0.005278640608510316,0.005097439820540902,0.15543538701338794,False,0.0,0.5278640608510314,0.14909858949776741,FUSED,ACCEPTED,ACCEPTED,170.941840994,170.941840994
171.011615933,6.177662552047756,27.45731908310027,0.01027864060850861,0.005097439820540902,0.15543538701338794,False,0.0,0.0,0.14909858949776741,MODEL_ONLY,DUPLICATE_OR_OLD,DUPLICATE_OR_OLD,170.941840994,170.941840994
171.061615933,6.228630694454739,27.767476414262905,0.015278640608509747,0.005097439820540902,0.15543538701338794,False,0.0,0.0,0.14909858949776741,MODEL_ONLY,DUPLICATE_OR_OLD,DUPLICATE_OR_OLD,170.941840994,170.941840994
171.111615933,6.289017245334021,28.08041761275752,0.006697341822806246,0.005097439820540902,0.15543538701338794,False,0.0,0.6697341822806244,0.19458068860877265,FUSED,ACCEPTED,ACCEPTED,171.017838627,171.017838627
171.161615933,6.341516083043248,28.39618094596702,0.011697341822807383,0.005097439820540902,0.15543538701338794,False,0.0,0.0,0.19458068860877265,MODEL_ONLY,DUPLICATE_OR_OLD,DUPLICATE_OR_OLD,171.017838627,171.017838627
171.21161593300002,6.389901566780784,28.714466387212692,0.006254308737412714,0.005097439820540902,0.15543538701338794,False,0.0,0.6254308737412714,0.17056780966390753,FUSED,ACCEPTED,ACCEPTED,171.127914225,171.127914225
171.261615933,6.440483825729676,29.035226022025345,0.011254308737411008,0.005097439820540902,0.15543538701338794,False,0.0,0.0,0.17056780966390753,MODEL_ONLY,DUPLICATE_OR_OLD,DUPLICATE_OR_OLD,171.127914225,171.127914225
171.311615933,6.488594747519649,29.35845298635665,0.0061911013921497424,0.005097439820540902,0.15543538701338794,False,0.0,0.6191101392149742,0.17487566536859556,FUSED,ACCEPTED,ACCEPTED,171.22384081,171.22384081
171.361615933,6.538694825328357,29.68413522567774,0.011191101392148038,0.005097439820540902,0.15543538701338794,False,0.0,0.0,0.17487566536859556,MODEL_ONLY,DUPLICATE_OR_OLD,DUPLICATE_OR_OLD,171.22384081,171.22384081
171.411615933,6.588426807692929,30.012313266503348,0.006181909324745879,0.005097439820540902,0.15543538701338794,False,0.0,0.6181909324745878,0.17931771306691377,FUSED,ACCEPTED,ACCEPTED,171.317927601,171.317927601
171.46161593300002,6.638069637745375,30.342975677639377,0.011181909324747016,0.005097439820540902,0.15543538701338794,False,0.0,0.0,0.17931771306691377,MODEL_ONLY,DUPLICATE_OR_OLD,DUPLICATE_OR_OLD,171.317927601,171.317927601
171.511615933,6.683657690191022,30.676018860837676,0.00618056885158154,0.005097439820540902,0.15543538701338794,False,0.0,0.6180568851581538,0.1707223619416304,FUSED,ACCEPTED,ACCEPTED,171.437828329,171.437828329
171.561615933,6.732202432726144,31.01141536391068,0.011180568851582678,0.005097439820540902,0.15543538701338794,False,0.0,0.0,0.1707223619416304,MODEL_ONLY,DUPLICATE_OR_OLD,DUPLICATE_OR_OLD,171.437828329,171.437828329
171.611615933,6.777136393972401,31.349148834578028,0.006180373292616166,0.005097439820540902,0.15543538701338794,False,0.0,0.6180373292616166,0.16876584561628324,FUSED,ACCEPTED,ACCEPTED,171.52195102,171.52195102
171.661615933,6.824933728418183,31.68920058763787,0.011180373292617302,0.005097439820540902,0.15543538701338794,False,0.0,0.0,0.16876584561628324,MODEL_ONLY,DUPLICATE_OR_OLD,DUPLICATE_OR_OLD,171.52195102,171.52195102
171.71161593300002,6.868198417718479,32.031528891291366,0.006180344761233982,0.005097439820540902,0.15543538701338794,False,0.0,0.618034476123398,0.1630548862828502,FUSED,ACCEPTED,ACCEPTED,171.627851993,171.627851993
171.761615933,6.91508613871445,32.37611100520207,0.011180344761232277,0.005097439820540902,0.15543538701338794,False,0.0,0.0,0.1630548862828502,MODEL_ONLY,DUPLICATE_OR_OLD,DUPLICATE_OR_OLD,171.627851993,171.627851993
171.811615933,6.9633080032145624,32.72307085875038,0.006180340598567093,0.005097439820540902,0.15543538701338794,False,0.0,0.6180340598567091,0.17584204924803643,FUSED,ACCEPTED,ACCEPTED,171.729823216,171.729823216
171.861615933,7.010228455864504,33.07240927022723,0.011180340598565389,0.005097439820540902,0.15543538701338794,False,0.0,0.0,0.17584204924803643,MODEL_ONLY,DUPLICATE_OR_OLD,DUPLICATE_OR_OLD,171.729823216,171.729823216
171.911615933,7.057590126725513,33.42410473479207,0.006180339991242308,0.005097439820540902,0.15543538701338794,False,0.0,0.6180339991242306,0.17659206035600264,FUSED,ACCEPTED,ACCEPTED,171.833833813,171.833833813
171.96161593300002,7.103955512348668,33.778143375769,0.011180339991243446,0.005097439820540902,0.15543538701338794,False,0.0,0.0,0.17659206035600264,MODEL_ONLY,DUPLICATE_OR_OLD,DUPLICATE_OR_OLD,171.833833813,171.833833813
172.011615933,7.145535156382127,34.13438064248715,0.006180339902634818,0.005097439820540902,0.15543538701338794,False,0.0,0.6180339902634817,0.16457779116370966,FUSED,ACCEPTED,ACCEPTED,171.927859007,171.927859007
172.061615933,7.190729333473991,34.49278725473363,0.011180339902635957,0.005097439820540902,0.15543538701338794,False,0.0,0.0,0.16457779116370966,MODEL_ONLY,DUPLICATE_OR_OLD,DUPLICATE_OR_OLD,171.927859007,171.927859007
172.111615933,7.214345005608024,34.85291411321056,0.00618033988970716,0.005097439820540902,0.15543538701338794,False,0.0,0.6180339889707158,0.11062585331579078,FUSED,ACCEPTED,ACCEPTED,172.017850198,172.017850198
172.161615933,7.2563116346289975,35.214680529216565,0.011180339889708298,0.005097439820540902,0.15543538701338794,False,0.0,0.0,0.11062585331579078,MODEL_ONLY,DUPLICATE_OR_OLD,DUPLICATE_OR_OLD,172.017850198,172.017850198
172.21161593300002,7.3045125494569145,35.5787011338188,0.006180339887821454,0.005097439820540902,0.15543538701338794,False,0.0,0.6180339887821453,0.16340262064106378,FUSED,ACCEPTED,ACCEPTED,172.145916669,172.145916669
172.261615933,7.34860869990056,35.94502916505261,0.01118033988781975,0.005097439820540902,0.15543538701338794,False,0.0,0.0,0.16340262064106378,MODEL_ONLY,DUPLICATE_OR_OLD,DUPLICATE_OR_OLD,172.145916669,172.145916669
172.311615933,7.407661462824112,36.31393591912081,0.0061803398875459195,0.005097439820540902,0.15543538701338794,False,0.0,0.6180339887545918,0.19660555820014017,FUSED,ACCEPTED,ACCEPTED,172.231828675,172.231828675
172.361615933,7.452905282123045,36.685450087744364,0.011180339887544214,0.005097439820540902,0.15543538701338794,False,0.0,0.0,0.19660555820014017,MODEL_ONLY,DUPLICATE_OR_OLD,DUPLICATE_OR_OLD,172.231828675,172.231828675
172.411615933,7.504855575212105,37.05939410917782,0.00618033988750572,0.005097439820540902,0.15543538701338794,False,0.0,0.6180339887505718,0.1971203426867477,FUSED,ACCEPTED,ACCEPTED,172.313814028,172.313814028
172.46161593300002,7.549626014132694,37.43575614891153,0.011180339887506857,0.005097439820540902,0.15543538701338794,False,0.0,0.0,0.1971203426867477,MODEL_ONLY,DUPLICATE_OR_OLD,DUPLICATE_OR_OLD,172.313814028,172.313814028
172.511615933,7.592580084735168,37.8143113013831,0.006180339887499855,0.005097439820540902,0.15543538701338794,False,0.0,0.6180339887499853,0.18690277705171926,FUSED,ACCEPTED,ACCEPTED,172.425841331,172.425841331
172.561615933,7.63635879413343,38.1950347733549,0.011180339887500992,0.005097439820540902,0.15543538701338794,False,0.0,0.0,0.18690277705171926,MODEL_ONLY,DUPLICATE_OR_OLD,DUPLICATE_OR_OLD,172.425841331,172.425841331
172.611615933,7.683755450802096,38.57803762947815,0.006180339887498999,0.005097439820540902,0.15543538701338794,False,0.0,0.6180339887498998,0.20351671014613779,FUSED,ACCEPTED,ACCEPTED,172.52183832,172.52183832
172.661615933,7.727897530082056,38.963328954000346,0.011180339887500137,0.005097439820540902,0.15543538701338794,False,0.0,0.0,0.20351671014613779,MODEL_ONLY,DUPLICATE_OR_OLD,DUPLICATE_OR_OLD,172.52183832,172.52183832
172.71161593300002,7.766018407515036,39.35067685244036,0.006180339887499289,0.005097439820540902,0.15543538701338794,False,0.0,0.6180339887499287,0.18146766317649224,FUSED,ACCEPTED,ACCEPTED,172.623828888,172.623828888
172.761615933,7.808855415509194,39.74004869801583,0.011180339887497583,0.005097439820540902,0.15543538701338794,False,0.0,0.0,0.18146766317649224,MODEL_ONLY,DUPLICATE_OR_OLD,DUPLICATE_OR_OLD,172.623828888,172.623828888
172.811615933,7.851691338914449,40.131562366876516,0.016180339887498722,0.005097439820540902,0.15543538701338794,False,0.0,0.0,0.18146766317649224,MODEL_ONLY,DUPLICATE_OR_OLD,DUPLICATE_OR_OLD,172.623828888,172.623828888
172.861615933,7.894502355154817,40.52521720922812,0.021180339887497016,0.005097439820540902,0.15543538701338794,False,0.0,0.0,0.18146766317649224,MODEL_ONLY,DUPLICATE_OR_OLD,DUPLICATE_OR_OLD,172.623828888,172.623828888
172.911615933,7.929165605168975,40.9208089082363,0.007236067977499731,0.005097439820540902,0.15543538701338794,False,0.0,0.7236067977499728,0.17270784385363988,FUSED,ACCEPTED,ACCEPTED,172.843875061,172.843875061
172.96161593300002,7.971426196748227,41.31832370328432,0.012236067977500868,0.005097439820540902,0.15543538701338794,False,0.0,0.0,0.17270784385363988,MODEL_ONLY,DUPLICATE_OR_OLD,DUPLICATE_OR_OLD,172.843875061,172.843875061
173.011615933,8.015240366125216,41.71799036735602,0.0063283980608869785,0.005097439820540902,0.15543538701338794,False,0.0,0.6328398060886978,0.18486942776736742,FUSED,ACCEPTED,ACCEPTED,172.919932268,172.919932268
173.061615933,8.05793675246625,42.1198197953209,0.011328398060888116,0.005097439820540902,0.15543538701338794,False,0.0,0.0,0.18486942776736742,MODEL_ONLY,DUPLICATE_OR_OLD,DUPLICATE_OR_OLD,172.919932268,172.919932268
173.111615933,8.0996005531881,42.52375822796213,0.006201819808074065,0.005097439820540902,0.15543538701338794,False,0.0,0.6201819808074063,0.17925799848008384,FUSED,ACCEPTED,ACCEPTED,173.023820891,173.023820891
173.161615933,8.141802797558547,42.92979331173088,0.011201819808075202,0.005097439820540902,0.15543538701338794,False,0.0,0.0,0.17925799848008384,MODEL_ONLY,DUPLICATE_OR_OLD,DUPLICATE_OR_OLD,173.023820891,173.023820891
173.21161593300002,8.156670117310066,43.337255134602685,0.006183471196562599,0.005097439820540902,0.15543538701338794,False,0.0,0.6183471196562598,0.10190681985520231,FUSED,ACCEPTED,ACCEPTED,173.117824387,173.117824387
173.261615933,8.194773524198697,43.74604122564027,0.011183471196560893,0.005097439820540902,0.15543538701338794,False,0.0,0.0,0.10190681985520231,MODEL_ONLY,DUPLICATE_OR_OLD,DUPLICATE_OR_OLD,173.117824387,173.117824387
173.311615933,8.24726921161153,44.157092294035614,0.006180796684698921,0.005097439820540902,0.15543538701338794,False,0.0,0.6180796684698922,0.18787693263849312,FUSED,ACCEPTED,ACCEPTED,173.231923134,173.231923134
173.361615933,8.289418098768351,44.57050947679497,0.011180796684697215,0.005097439820540902,0.15543538701338794,False,0.0,0.0,0.18787693263849312,MODEL_ONLY,DUPLICATE_OR_OLD,DUPLICATE_OR_OLD,173.231923134,173.231923134
173.411615933,8.349995419859399,44.98649481476076,0.006180406532149343,0.005097439820540902,0.15543538701338794,False,0.0,0.6180406532149341,0.2147195737211733,FUSED,ACCEPTED,ACCEPTED,173.331818725,173.331818725
173.46161593300002,8.393192942364461,45.40507452381645,0.01118040653215048,0.005097439820540902,0.15543538701338794,False,0.0,0.0,0.2147195737211733,MODEL_ONLY,DUPLICATE_OR_OLD,DUPLICATE_OR_OLD,173.331818725,173.331818725
173.511615933,8.443303786866103,45.825986942047074,0.006180349610797567,0.005097439820540902,0.15543538701338794,False,0.0,0.6180349610797566,0.21193058501755394,FUSED,ACCEPTED,ACCEPTED,173.425819022,173.425819022
173.561615933,8.486046384964887,46.249220696342945,0.011180349610798704,0.005097439820540902,0.15543538701338794,False,0.0,0.0,0.21193058501755394,MODEL_ONLY,DUPLICATE_OR_OLD,DUPLICATE_OR_OLD,173.425819022,173.425819022
173.611615933,8.51993931130661,46.67437033874959,0.00618034130610849,0.005097439820540902,0.15543538701338794,False,0.0,0.6180341306108488,0.1803086577565577,FUSED,ACCEPTED,ACCEPTED,173.527810629,173.527810629
173.661615933,8.560782464827557,47.101388383153036,0.011180341306109627,0.005097439820540902,0.15543538701338794,False,0.0,0.0,0.1803086577565577,MODEL_ONLY,DUPLICATE_OR_OLD,DUPLICATE_OR_OLD,173.527810629,173.527810629
173.71161593300002,8.602692784353556,47.530475264382666,0.006180340094471612,0.005097439820540902,0.15543538701338794,False,0.0,0.6180340094471611,0.19968397395785098,FUSED,ACCEPTED,ACCEPTED,173.627816685,173.627816685
173.761615933,8.644400414951477,47.96165259436514,0.011180340094469908,0.005097439820540902,0.15543538701338794,False,0.0,0.0,0.19968397395785098,MODEL_ONLY,DUPLICATE_OR_OLD,DUPLICATE_OR_OLD,173.627816685,173.627816685
173.811615933,8.69095462931438,48.39503647047189,0.00618033991769577,0.005097439820540902,0.15543538701338794,False,0.0,0.618033991769577,0.2091374735816786,FUSED,ACCEPTED,ACCEPTED,173.735812644,173.735812644
173.861615933,8.73316155332536,48.830639375037734,0.011180339917694064,0.005097439820540902,0.15543538701338794,False,0.0,0.0,0.2091374735816786,MODEL_ONLY,DUPLICATE_OR_OLD,DUPLICATE_OR_OLD,173.735812644,173.735812644
173.911615933,8.780100400657801,49.26847092388741,0.006180339891904522,0.005097439820540902,0.15543538701338794,False,0.0,0.6180339891904523,0.21627579681049972,FUSED,ACCEPTED,ACCEPTED,173.863852977,173.863852977
173.96161593300002,8.822596744833545,49.7085383525248,0.01118033989190566,0.005097439820540902,0.15543538701338794,False,0.0,0.0,0.21627579681049972,MODEL_ONLY,DUPLICATE_OR_OLD,DUPLICATE_OR_OLD,173.863852977,173.863852977
174.011615933,8.851894637089034,50.150400637072714,0.006180339888141631,0.005097439820540902,0.15543538701338794,False,0.0,0.618033988814163,0.1708806145191643,FUSED,ACCEPTED,ACCEPTED,173.935800574,173.935800574
174.061615933,8.891996764576367,50.59399792211445,0.011180339888142769,0.005097439820540902,0.15543538701338794,False,0.0,0.0,0.1708806145191643,MODEL_ONLY,DUPLICATE_OR_OLD,DUPLICATE_OR_OLD,173.935800574,173.935800574
174.111615933,8.940846779026534,51.03981901070437,0.006180339887592632,0.005097439820540902,0.15543538701338794,False,0.0,0.6180339887592632,0.21849658432747388,FUSED,ACCEPTED,ACCEPTED,174.029843601,174.029843601
174.161615933,8.983170353153017,51.48791943900896,0.01118033988759377,0.005097439820540902,0.15543538701338794,False,0.0,0.0,0.21849658432747388,MODEL_ONLY,DUPLICATE_OR_OLD,DUPLICATE_OR_OLD,174.029843601,174.029843601
174.21161593300002,9.02266837530012,51.93806540722039,0.00618033988751295,0.005097439820540902,0.15543538701338794,False,0.0,0.6180339887512949,0.19410625609013465,FUSED,ACCEPTED,ACCEPTED,174.123881008,174.123881008
174.261615933,9.058842245608812,52.39010317274296,0.005278640450006948,0.005097439820540902,0.15543538701338794,False,0.0,0.5278640450006946,0.18515113906740305,FUSED,ACCEPTED,ACCEPTED,174.231879928,174.231879928
174.311615933,9.099195045134886,52.84405410501165,0.010278640450008085,0.005097439820540902,0.15543538701338794,False,0.0,0.0,0.18515113906740305,MODEL_ONLY,DUPLICATE_OR_OLD,DUPLICATE_OR_OLD,174.231879928,174.231879928
174.361615933,9.139431623719467,53.30001977173285,0.015278640450006379,0.005097439820540902,0.15543538701338794,False,0.0,0.0,0.18515113906740305,MODEL_ONLY,DUPLICATE_OR_OLD,DUPLICATE_OR_OLD,174.231879928,174.231879928
174.411615933,9.179548560027833,53.75799427632664,0.020278640450007518,0.005097439820540902,0.15543538701338794,False,0.0,0.0,0.18515113906740305,MODEL_ONLY,DUPLICATE_OR_OLD,DUPLICATE_OR_OLD,174.231879928,174.231879928
174.46161593300002,9.219543045034483,54.2179715664533,0.025278640450008653,0.005097439820540902,0.15543538701338794,False,0.0,0.0,0.18515113906740305,MODEL_ONLY,DUPLICATE_OR_OLD,DUPLICATE_OR_OLD,174.231879928,174.231879928
174.511615933,9.254638571214747,54.67982610685938,0.0075172945540672356,0.005097439820540902,0.15543538701338794,False,0.0,0.7517294554067235,0.18471017674017678,FUSED,ACCEPTED,ACCEPTED,174.443887614,174.443887614
174.561615933,9.294364326732087,55.143551179308155,0.012517294554068373,0.005097439820540902,0.15543538701338794,False,0.0,0.0,0.18471017674017678,MODEL_ONLY,DUPLICATE_OR_OLD,DUPLICATE_OR_OLD,174.443887614,174.443887614
174.611615933,9.346820564248993,55.609580801582524,0.006365921809518102,0.005097439820540902,0.15543538701338794,False,0.0,0.63659218095181,0.22568729816709832,FUSED,ACCEPTED,ACCEPTED,174.527813172,174.527813172
174.661615933,9.388344269231368,56.077959922419645,0.01136592180951924,0.005097439820540902,0.15543538701338794,False,0.0,0.0,0.22568729816709832,MODEL_ONLY,DUPLICATE_OR_OLD,DUPLICATE_OR_OLD,174.527813172,174.527813172
174.71161593300002,9.406182040334329,56.54782308015889,0.006207225344805076,0.005097439820540902,0.15543538701338794,False,0.0,0.6207225344805074,0.13872337776187893,FUSED,ACCEPTED,ACCEPTED,174.631922567,174.631922567
174.761615933,9.44310933903641,57.019055364643,0.011207225344803371,0.005097439820540902,0.15543538701338794,False,0.0,0.0,0.13872337776187893,MODEL_ONLY,DUPLICATE_OR_OLD,DUPLICATE_OR_OLD,174.631922567,174.631922567
174.811615933,9.49562616990214,57.49252375236657,0.006184258398807388,0.005097439820540902,0.15543538701338794,False,0.0,0.6184258398807385,0.2243452736144635,FUSED,ACCEPTED,ACCEPTED,174.731795825,174.731795825
174.861615933,9.536770269956856,57.96833366336289,0.011184258398805682,0.005097439820540902,0.15543538701338794,False,0.0,0.0,0.2243452736144635,MODEL_ONLY,DUPLICATE_OR_OLD,DUPLICATE_OR_OLD,174.731795825,174.731795825
174.911615933,9.594820056850509,58.44662342153318,0.00618091150503782,0.005097439820540902,0.15543538701338794,False,0.0,0.6180911505037818,0.24374685462551174,FUSED,ACCEPTED,ACCEPTED,174.82180658,174.82180658
174.96161593300002,9.636973888272811,58.927418270161375,0.011180911505038957,0.005097439820540902,0.15543538701338794,False,0.0,0.0,0.24374685462551174,MODEL_ONLY,DUPLICATE_OR_OLD,DUPLICATE_OR_OLD,174.82180658,174.82180658
175.011615933,9.66503953107852,59.40996860564499,0.006180423283552988,0.005097439820540902,0.15543538701338794,False,0.0,0.6180423283552987,0.1826975504549479,FUSED,ACCEPTED,ACCEPTED,174.959813604,174.959813604
175.061615933,9.70410356961155,59.894197183162355,0.011180423283554126,0.005097439820540902,0.15543538701338794,False,0.0,0.0,0.1826975504549479,MODEL_ONLY,DUPLICATE_OR_OLD,DUPLICATE_OR_OLD,174.959813604,174.959813604
175.111615933,9.738921279984178,60.38027280440208,0.006180352054780415,0.005097439820540902,0.15543538701338794,False,0.0,0.6180352054780414,0.19225923772825138,FUSED,ACCEPTED,ACCEPTED,175.037817546,175.037817546
175.161615933,9.778376702206458,60.86820525395696,0.011180352054781552,0.005097439820540902,0.15543538701338794,False,0.0,0.0,0.19225923772825138,MODEL_ONLY,DUPLICATE_OR_OLD,DUPLICATE_OR_OLD,175.037817546,175.037817546
175.21161593300002,9.813823532684058,61.358010259829335,0.006180341662680898,0.005097439820540902,0.15543538701338794,False,0.0,0.6180341662680897,0.18441335330183814,FUSED,ACCEPTED,ACCEPTED,175.127923034,175.127923034
175.261615933,9.852767423231525,61.84967503372705,0.011180341662679193,0.005097439820540902,0.15543538701338794,False,0.0,0.0,0.18441335330183814,MODEL_ONLY,DUPLICATE_OR_OLD,DUPLICATE_OR_OLD,175.127923034,175.127923034
175.311615933,9.889934966684415,62.34324259347507,0.006180340146494405,0.005097439820540902,0.15543538701338794,False,0.0,0.6180340146494403,0.18555267138341672,FUSED,ACCEPTED,ACCEPTED,175.225793448,175.225793448
175.361615933,9.928791519586992,62.83871075563169,0.0111803401464927,0.005097439820540902,0.15543538701338794,False,0.0,0.0,0.18555267138341672,MODEL_ONLY,DUPLICATE_OR_OLD,DUPLICATE_OR_OLD,175.225793448,175.225793448
175.411615933,9.966650528971837,63.33609680684577,0.006180339925285794,0.005097439820540902,0.15543538701338794,False,0.0,0.6180339925285794,0.18522514857982708,FUSED,ACCEPTED,ACCEPTED,175.319790157,175.319790157
175.46161593300002,10.005326202539232,63.83539622513366,0.011180339925286931,0.005097439820540902,0.15543538701338794,False,0.0,0.0,0.18522514857982708,MODEL_ONLY,DUPLICATE_OR_OLD,DUPLICATE_OR_OLD,175.319790157,175.319790157
175.511615933,10.051672038325549,64.33682118115512,0.006180339893011893,0.005097439820540902,0.15543538701338794,False,0.0,0.6180339893011891,0.20965413318614345,FUSED,ACCEPTED,ACCEPTED,175.425843121,175.425843121
175.561615933,10.091384791505822,64.840397601901,0.011180339893013029,0.005097439820540902,0.15543538701338794,False,0.0,0.0,0.20965413318614345,MODEL_ONLY,DUPLICATE_OR_OLD,DUPLICATE_OR_OLD,175.425843121,175.425843121
175.611615933,10.11874705096359,65.34565089796257,0.006180339888303195,0.005097439820540902,0.15543538701338794,False,0.0,0.6180339888303192,0.1626560725013133,FUSED,ACCEPTED,ACCEPTED,175.539848487,175.539848487
175.661615933,10.155910985491806,65.85251734887407,0.011180339888304332,0.005097439820540902,0.15543538701338794,False,0.0,0.0,0.1626560725013133,MODEL_ONLY,DUPLICATE_OR_OLD,DUPLICATE_OR_OLD,175.539848487,175.539848487
175.71161593300002,10.184827641612271,66.36103581455178,0.006180339887616619,0.005097439820540902,0.15543538701338794,False,0.0,0.6180339887616617,0.1592717900844854,FUSED,ACCEPTED,ACCEPTED,175.627839591,175.627839591
175.761615933,10.213310410648203,66.87098926585813,0.005278640450030056,0.005097439820540902,0.15543538701338794,False,0.0,0.5278640450030057,0.14085312448033502,FUSED,ACCEPTED,ACCEPTED,175.737879823,175.737879823
175.811615933,10.249076925309806,67.38254894925718,0.010278640450031193,0.005097439820540902,0.15543538701338794,False,0.0,0.0,0.14085312448033502,MODEL_ONLY,DUPLICATE_OR_OLD,DUPLICATE_OR_OLD,175.737879823,175.737879823
175.861615933,10.284737041551356,67.89589429842853,0.015278640450029489,0.005097439820540902,0.15543538701338794,False,0.0,0.0,0.14085312448033502,MODEL_ONLY,DUPLICATE_OR_OLD,DUPLICATE_OR_OLD,175.737879823,175.737879823
175.911615933,10.31644103399869,68.41092375031741,0.00669734180552024,0.005097439820540902,0.15543538701338794,False,0.0,0.6697341805520238,0.1455813490192722,FUSED,ACCEPTED,ACCEPTED,175.831801852,175.831801852
175.96161593300002,10.352130745870866,68.92763804481426,0.011697341805521377,0.005097439820540902,0.15543538701338794,False,0.0,0.0,0.1455813490192722,MODEL_ONLY,DUPLICATE_OR_OLD,DUPLICATE_OR_OLD,175.831801852,175.831801852
176.011615933,10.37386614317025,69.44578796704012,0.006254308734987054,0.005097439820540902,0.15543538701338794,False,0.0,0.6254308734987053,0.10779826177197327,FUSED,ACCEPTED,ACCEPTED,175.933789447,175.933789447
176.061615933,10.407773584805591,69.96532896023965,0.011254308734988191,0.005097439820540902,0.15543538701338794,False,0.0,0.0,0.10779826177197327,MODEL_ONLY,DUPLICATE_OR_OLD,DUPLICATE_OR_OLD,175.933789447,175.933789447
176.111615933,10.441709586371363,70.48656603951889,0.016254308734986487,0.005097439820540902,0.15543538701338794,False,0.0,0.0,0.10779826177197327,MODEL_ONLY,DUPLICATE_OR_OLD,DUPLICATE_OR_OLD,175.933789447,175.933789447
176.161615933,10.47565848452491,71.00950024129142,0.021254308734987626,0.005097439820540902,0.15543538701338794,False,0.0,0.0,0.10779826177197327,MODEL_ONLY,DUPLICATE_OR_OLD,DUPLICATE_OR_OLD,175.933789447,175.933789447
176.21161593300002,10.480168804775683,71.53339592352405,0.007241707165595721,0.005097439820540902,0.15543538701338794,False,0.0,0.7241707165595719,0.06084822239643447,FUSED,ACCEPTED,ACCEPTED,176.171794301,176.171794301
176.261615933,10.511760145655444,72.05819414728465,0.012241707165594015,0.005097439820540902,0.15543538701338794,False,0.0,0.0,0.06084822239643447,MODEL_ONLY,DUPLICATE_OR_OLD,DUPLICATE_OR_OLD,176.171794301,176.171794301
176.311615933,10.556237970149578,72.5848941001799,0.006329158103340354,0.005097439820540902,0.15543538701338794,False,0.0,0.6329158103340352,0.12388436367583272,FUSED,ACCEPTED,ACCEPTED,176.233878331,176.233878331
176.361615933,10.590932348559821,73.11357335814745,0.011329158103338649,0.005097439820540902,0.15543538701338794,False,0.0,0.0,0.12388436367583272,MODEL_ONLY,DUPLICATE_OR_OLD,DUPLICATE_OR_OLD,176.233878331,176.233878331
176.411615933,10.624990363957902,73.64397142596052,0.006201929449946398,0.005097439820540902,0.15543538701338794,False,0.0,0.6201929449946397,0.09850244497098602,FUSED,ACCEPTED,ACCEPTED,176.321796611,176.321796611
176.46161593300002,10.658621238748786,74.17606171602829,0.011201929449947535,0.005097439820540902,0.15543538701338794,False,0.0,0.0,0.09850244497098602,MODEL_ONLY,DUPLICATE_OR_OLD,DUPLICATE_OR_OLD,176.321796611,176.321796611
176.511615933,10.68213291940756,74.70958056998202,0.006183487166812186,0.005097439820540902,0.15543538701338794,False,0.0,0.6183487166812185,0.07319837618052691,FUSED,ACCEPTED,ACCEPTED,176.431793904,176.431793904
176.561615933,10.714619229989768,75.24449937371708,0.011183487166813322,0.005097439820540902,0.15543538701338794,False,0.0,0.0,0.07319837618052691,MODEL_ONLY,DUPLICATE_OR_OLD,DUPLICATE_OR_OLD,176.431793904,176.431793904
176.611615933,10.743088239815307,75.78094206046202,0.006180799014168247,0.005097439820540902,0.15543538701338794,False,0.0,0.6180799014168246,0.07608316645936358,FUSED,ACCEPTED,ACCEPTED,176.525775282,176.525775282
176.661615933,10.77577299382467,76.31891359130314,0.011180799014169384,0.005097439820540902,0.15543538701338794,False,0.0,0.0,0.07608316645936358,MODEL_ONLY,DUPLICATE_OR_OLD,DUPLICATE_OR_OLD,176.525775282,176.525775282
176.71161593300002,10.81129683236055,76.85859033695789,0.006180406872002862,0.005097439820540902,0.15543538701338794,False,0.0,0.618040687200286,0.08826888702672615,FUSED,ACCEPTED,ACCEPTED,176.635797751,176.635797751
176.761615933,10.844732387025305,77.39999106744236,0.011180406872001156,0.005097439820540902,0.15543538701338794,False,0.0,0.0,0.08826888702672615,MODEL_ONLY,DUPLICATE_OR_OLD,DUPLICATE_OR_OLD,176.635797751,176.635797751
176.811615933,10.873813257231037,77.94295470854888,0.006180349660381274,0.005097439820540902,0.15543538701338794,False,0.0,0.6180349660381272,0.06951011936293727,FUSED,ACCEPTED,ACCEPTED,176.737769416,176.737769416
176.861615933,10.906501198435441,78.48746256994036,0.01118034966037957,0.005097439820540902,0.15543538701338794,False,0.0,0.0,0.06951011936293727,MODEL_ONLY,DUPLICATE_OR_OLD,DUPLICATE_OR_OLD,176.737769416,176.737769416
176.911615933,10.940790520721613,79.0336448629194,0.006180341313342649,0.005097439820540902,0.15543538701338794,False,0.0,0.6180341313342648,0.08116970198758586,FUSED,ACCEPTED,ACCEPTED,176.825841862,176.825841862
176.96161593300002,10.974166495076732,79.5815187883145,0.011180341313343787,0.005097439820540902,0.15543538701338794,False,0.0,0.0,0.08116970198758586,MODEL_ONLY,DUPLICATE_OR_OLD,DUPLICATE_OR_OLD,176.825841862,176.825841862
177.011615933,10.998737996031734,80.13084140059202,0.006180340095526647,0.005097439820540902,0.15543538701338794,False,0.0,0.6180340095526646,0.052849928805714264,FUSED,ACCEPTED,ACCEPTED,176.93580084,176.93580084
177.061615933,11.030472773206435,80.6815716698231,0.011180340095527784,0.005097439820540902,0.15543538701338794,False,0.0,0.0,0.052849928805714264,MODEL_ONLY,DUPLICATE_OR_OLD,DUPLICATE_OR_OLD,176.93580084,176.93580084
177.111615933,11.062842428326903,81.23390454986124,0.006180339917849698,0.005097439820540902,0.15543538701338794,False,0.0,0.6180339917849698,0.06957782184126093,FUSED,ACCEPTED,ACCEPTED,177.027845226,177.027845226
177.161615933,11.095200400001568,81.78785562056957,0.011180339917850834,0.005097439820540902,0.15543538701338794,False,0.0,0.0,0.06957782184126093,MODEL_ONLY,DUPLICATE_OR_OLD,DUPLICATE_OR_OLD,177.027845226,177.027845226
177.21161593300002,11.12385950031218,82.34333211807754,0.006180339891927396,0.005097439820540902,0.15543538701338794,False,0.0,0.6180339891927393,0.05640634047394945,FUSED,ACCEPTED,ACCEPTED,177.121775807,177.121775807
177.261615933,11.155355708948845,82.90031249830888,0.01118033989192569,0.005097439820540902,0.15543538701338794,False,0.0,0.0,0.05640634047394945,MODEL_ONLY,DUPLICATE_OR_OLD,DUPLICATE_OR_OLD,177.121775807,177.121775807
177.311615933,11.170879426853746,83.45846837670406,0.006180339888144967,0.005097439820540902,0.15543538701338794,False,0.0,0.6180339888144968,0.017823148678272525,FUSED,ACCEPTED,ACCEPTED,177.247899453,177.247899453
177.361615933,11.200253808559156,84.0177467075892,0.011180339888143261,0.005097439820540902,0.15543538701338794,False,0.0,0.0,0.017823148678272525,MODEL_ONLY,DUPLICATE_OR_OLD,DUPLICATE_OR_OLD,177.247899453,177.247899453
177.411615933,11.234116422663107,84.57860596336988,0.00618033988759312,0.005097439820540902,0.15543538701338794,False,0.0,0.6180339887593118,0.05473953904049514,FUSED,ACCEPTED,ACCEPTED,177.329921032,177.329921032
177.46161593300002,11.265151352312364,85.14108765774441,0.011180339887594256,0.005097439820540902,0.15543538701338794,False,0.0,0.0,0.05473953904049514,MODEL_ONLY,DUPLICATE_OR_OLD,DUPLICATE_OR_OLD,177.329921032,177.329921032
177.511615933,11.298058427620209,85.70516790224252,0.006180339887512605,0.005097439820540902,0.15543538701338794,False,0.0,0.6180339887512605,0.05062477401483953,FUSED,ACCEPTED,ACCEPTED,177.433853653,177.433853653
177.561615933,11.328705496836358,86.27083700035406,0.011180339887513742,0.005097439820540902,0.15543538701338794,False,0.0,0.0,0.05062477401483953,MODEL_ONLY,DUPLICATE_OR_OLD,DUPLICATE_OR_OLD,177.433853653,177.433853653
177.611615933,11.355042416849171,86.837930698196,0.006180339887500859,0.005097439820540902,0.15543538701338794,False,0.0,0.6180339887500857,0.03706175115512645,FUSED,ACCEPTED,ACCEPTED,177.515747263,177.515747263
177.661615933,11.38483645200703,87.40642766991753,0.011180339887501996,0.005097439820540902,0.15543538701338794,False,0.0,0.0,0.03706175115512645,MODEL_ONLY,DUPLICATE_OR_OLD,DUPLICATE_OR_OLD,177.515747263,177.515747263
177.71161593300002,11.40519992418767,87.97617857932254,0.00618033988749956,0.005097439820540902,0.15543538701338794,False,0.0,0.618033988749956,0.01781602631940741,FUSED,ACCEPTED,ACCEPTED,177.633854247,177.633854247
177.761615933,11.433864928792788,88.54715520064687,0.011180339887497854,0.005097439820540902,0.15543538701338794,False,0.0,0.0,0.01781602631940741,MODEL_ONLY,DUPLICATE_OR_OLD,DUPLICATE_OR_OLD,177.633854247,177.633854247
177.811615933,11.468894175856484,89.11972417826323,0.006180339887498956,0.005097439820540902,0.15543538701338794,False,0.0,0.6180339887498953,0.05057776597326546,FUSED,ACCEPTED,ACCEPTED,177.731838017,177.731838017
177.861615933,11.498892406024323,89.69391884281005,0.01118033988749725,0.005097439820540902,0.15543538701338794,False,0.0,0.0,0.05057776597326546,MODEL_ONLY,DUPLICATE_OR_OLD,DUPLICATE_OR_OLD,177.731838017,177.731838017
177.911615933,11.517048578508607,90.2693173674235,0.006180339887498868,0.005097439820540902,0.15543538701338794,False,0.0,0.6180339887498867,0.0066970863360539395,FUSED,ACCEPTED,ACCEPTED,177.845788812,177.845788812
177.96161593300002,11.544459338298616,90.84585506534381,0.011180339887500005,0.005097439820540902,0.15543538701338794,False,0.0,0.0,0.0066970863360539395,MODEL_ONLY,DUPLICATE_OR_OLD,DUPLICATE_OR_OLD,177.845788812,177.845788812
178.011615933,11.571143240264806,91.4237451298077,0.006180339887498855,0.005097439820540902,0.15543538701338794,False,0.0,0.6180339887498854,0.024765581640350018,FUSED,ACCEPTED,ACCEPTED,177.931830837,177.931830837
178.061615933,11.599123697782039,92.003001803259,0.011180339887499991,0.005097439820540902,0.15543538701338794,False,0.0,0.0,0.024765581640350018,MODEL_ONLY,DUPLICATE_OR_OLD,DUPLICATE_OR_OLD,177.931830837,177.931830837
178.111615933,11.62640047135469,92.58363990748721,0.006180339887498852,0.005097439820540902,0.15543538701338794,False,0.0,0.6180339887498851,0.022288366760326722,FUSED,ACCEPTED,ACCEPTED,178.021755711,178.021755711
178.161615933,11.65396969081137,93.16564916154151,0.01118033988749999,0.005097439820540902,0.15543538701338794,False,0.0,0.0,0.022288366760326722,MODEL_ONLY,DUPLICATE_OR_OLD,DUPLICATE_OR_OLD,178.021755711,178.021755711
178.21161593300002,11.678079306306671,93.74895038646959,0.006180339887499267,0.005097439820540902,0.15543538701338794,False,0.0,0.6180339887499267,0.014653160611888438,FUSED,ACCEPTED,ACCEPTED,178.121819664,178.121819664
178.261615933,11.705016562687076,94.33352778319423,0.011180339887497562,0.005097439820540902,0.15543538701338794,False,0.0,0.0,0.014653160611888438,MODEL_ONLY,DUPLICATE_OR_OLD,DUPLICATE_OR_OLD,178.121819664,178.121819664
178.311615933,11.736627222841978,94.91956887783257,0.006180339887498913,0.005097439820540902,0.15543538701338794,False,0.0,0.6180339887498912,0.03463672673041972,FUSED,ACCEPTED,ACCEPTED,178.221895996,178.221895996
178.361615933,11.764340308637582,95.50709306611937,0.011180339887497209,0.005097439820540902,0.15543538701338794,False,0.0,0.0,0.03463672673041972,MODEL_ONLY,DUPLICATE_OR_OLD,DUPLICATE_OR_OLD,178.221895996,178.221895996
178.411615933,11.789239230994317,96.0959325546103,0.006180339887498861,0.005097439820540902,0.15543538701338794,False,0.0,0.618033988749886,0.019016975990562075,FUSED,ACCEPTED,ACCEPTED,178.325755566,178.325755566
178.46161593300002,11.81596823693717,96.68606274130872,0.011180339887499998,0.005097439820540902,0.15543538701338794,False,0.0,0.0,0.019016975990562075,MODEL_ONLY,DUPLICATE_OR_OLD,DUPLICATE_OR_OLD,178.325755566,178.325755566
178.511615933,11.842895883016817,97.27753434430737,0.006180339887498853,0.005097439820540902,0.15543538701338794,False,0.0,0.6180339887498852,0.026089784450429386,FUSED,ACCEPTED,ACCEPTED,178.429861091,178.429861091
178.561615933,11.869792389340082,97.87035155111643,0.011180339887499991,0.005097439820540902,0.15543538701338794,False,0.0,0.0,0.026089784450429386,MODEL_ONLY,DUPLICATE_OR_OLD,DUPLICATE_OR_OLD,178.429861091,178.429861091
