t,v,s,pvv,pvd,pdd,active,added,gain,d,mode,front_status,rear_status,front_t,rear_t
145.511615933,0.0,0.0,1.0,0.0,0.0,False,0.0,0.0,0.0,WAITING_FOR_INITIALIZATION,MISSING_OR_STALE,MISSING_OR_STALE,,
145.561615933,0.0,0.0,1.0,0.0,0.0,False,0.0,0.0,0.0,WAITING_FOR_INITIALIZATION,MISSING_OR_STALE,MISSING_OR_STALE,,
145.611615933,0.0,0.0,0.010000000000000002,0.0,0.0,False,0.0,0.0,0.0,INITIALIZED,ACCEPTED,ACCEPTED,145.504196877,145.504196877
145.661615933,0.0,0.0,0.01500000000000114,0.0,0.0,False,0.0,0.0,0.0,MODEL_ONLY,DUPLICATE_OR_OLD,DUPLICATE_OR_OLD,145.504196877,145.504196877
145.711615933,0.0,0.0,0.006666666666666605,0.0,0.0,False,0.0,0.6666666666666603,0.0,FUSED,ACCEPTED,ACCEPTED,145.620185549,145.620185549
145.761615933,0.0,0.0,0.011666666666667741,0.0,0.0,False,0.0,0.0,0.0,MODEL_ONLY,DUPLICATE_OR_OLD,DUPLICATE_OR_OLD,145.620185549,145.620185549
145.811615933,0.0,0.0,0.006250000000000313,0.0,0.0,False,0.0,0.625000000000031,0.0,FUSED,ACCEPTED,ACCEPTED,145.736184129,145.736184129
145.861615933,0.0,0.0,0.011249999999998608,0.0,0.0,False,0.0,0.0,0.0,MODEL_ONLY,DUPLICATE_OR_OLD,DUPLICATE_OR_OLD,145.736184129,145.736184129
145.911615933,0.0,0.0,0.006190476190476154,0.0,0.0,False,0.0,0.6190476190476153,0.0,FUSED,ACCEPTED,ACCEPTED,145.822178965,145.822178965
145.961615933,0.0,0.0,0.01119047619047445,0.0,0.0,False,0.0,0.0,0.0,MODEL_ONLY,DUPLICATE_OR_OLD,DUPLICATE_OR_OLD,145.822178965,145.822178965
146.011615933,0.0,0.0,0.01619047619047559,0.0,0.0,False,0.0,0.0,0.0,MODEL_ONLY,DUPLICATE_OR_OLD,DUPLICATE_OR_OLD,145.822178965,145.822178965
146.061615933,0.0,0.0,0.021190476190476724,0.0,0.0,False,0.0,0.0,0.0,MODEL_ONLY,DUPLICATE_OR_OLD,DUPLICATE_OR_OLD,145.822178965,145.822178965
146.111615933,0.0,0.0,0.007236842105263069,0.0,0.0,False,0.0,0.7236842105263068,0.0,FUSED,ACCEPTED,ACCEPTED,146.01823111,146.01823111
146.161615933,0.0,0.0,0.012236842105264207,0.0,0.0,False,0.0,0.0,0.0,STOPPED,DUPLICATE_OR_OLD,DUPLICATE_OR_OLD,146.01823111,146.01823111
146.211615933,0.0,0.0,0.006328502415458849,0.0,0.0,False,0.0,0.0,0.0,STOPPED,ACCEPTED,ACCEPTED,146.116218022,146.116218022
146.261615933,0.0,0.0,0.011328502415459987,0.0,0.0,False,0.0,0.0,0.0,STOPPED,DUPLICATE_OR_OLD,DUPLICATE_OR_OLD,146.116218022,146.116218022
146.311615933,0.0,0.0,0.006201834862385637,0.0,0.0,False,0.0,0.0,0.0,STOPPED,ACCEPTED,ACCEPTED,146.222307242,146.222307242
146.361615933,0.0,0.0,0.011201834862383932,0.0,0.0,False,0.0,0.0,0.0,STOPPED,DUPLICATE_OR_OLD,DUPLICATE_OR_OLD,146.222307242,146.222307242
146.411615933,0.0,0.0,0.006183473389355707,0.0,0.0,False,0.0,0.0,0.0,STOPPED,ACCEPTED,ACCEPTED,146.308165955,146.308165955
146.461615933,0.0,0.0,0.011183473389354001,0.0,0.0,False,0.0,0.0,0.0,STOPPED,DUPLICATE_OR_OLD,DUPLICATE_OR_OLD,146.308165955,146.308165955
146.511615933,0.0,0.0,0.006180797004546584,0.0,0.0,False,0.0,0.0,0.0,STOPPED,ACCEPTED,ACCEPTED,146.424188591,146.424188591
146.561615933,0.0,0.0,0.01118079700454772,0.0,0.0,False,0.0,0.0,0.0,STOPPED,DUPLICATE_OR_OLD,DUPLICATE_OR_OLD,146.424188591,146.424188591
146.611615933,0.0,0.0,0.006180406578812859,0.0,0.0,False,0.0,0.0,0.0,STOPPED,ACCEPTED,ACCEPTED,146.518167936,146.518167936
146.661615933,0.0,0.0,0.011180406578813997,0.0,0.0,False,0.0,0.0,0.0,STOPPED,DUPLICATE_OR_OLD,DUPLICATE_OR_OLD,146.518167936,146.518167936
146.711615933,0.0,0.0,0.006180349617605647,0.0,0.0,False,0.0,0.0,0.0,STOPPED,ACCEPTED,ACCEPTED,146.622185119,146.622185119
146.761615933,0.0,0.0,0.011180349617606784,0.0,0.0,False,0.0,0.0,0.0,STOPPED,DUPLICATE_OR_OLD,DUPLICATE_OR_OLD,146.622185119,146.622185119
146.811615933,0.0,0.0,0.006180341307102189,0.0,0.0,False,0.0,0.0,0.0,STOPPED,ACCEPTED,ACCEPTED,146.736202804,146.736202804
146.861615933,0.0,0.0,0.011180341307100484,0.0,0.0,False,0.0,0.0,0.0,STOPPED,DUPLICATE_OR_OLD,DUPLICATE_OR_OLD,146.736202804,146.736202804
146.911615933,0.0,0.0,0.006180340094616177,0.0,0.0,False,0.0,0.0,0.0,STOPPED,ACCEPTED,ACCEPTED,146.852234562,146.852234562
146.961615933,0.0,0.0,0.011180340094614473,0.0,0.0,False,0.0,0.0,0.0,STOPPED,DUPLICATE_OR_OLD,DUPLICATE_OR_OLD,146.852234562,146.852234562
147.011615933,0.0,0.0,0.0061803399177168625,0.0,0.0,False,0.0,0.0,0.0,STOPPED,ACCEPTED,ACCEPTED,146.908175622,146.908175622
147.061615933,0.0,0.0,0.011180339917718,0.0,0.0,False,0.0,0.0,0.0,STOPPED,DUPLICATE_OR_OLD,DUPLICATE_OR_OLD,146.908175622,146.908175622
147.111615933,0.0,0.0,0.006180339891907601,0.0,0.0,False,0.0,0.0,0.0,STOPPED,ACCEPTED,ACCEPTED,147.014175245,147.014175245
147.161615933,0.0,0.0,0.011180339891908739,0.0,0.0,False,0.0,0.0,0.0,STOPPED,DUPLICATE_OR_OLD,DUPLICATE_OR_OLD,147.014175245,147.014175245
147.211615933,0.0,0.0,0.00618033988814208,0.0,0.0,False,0.0,0.0,0.0,STOPPED,ACCEPTED,ACCEPTED,147.120246603,147.120246603
147.261615933,0.0,0.0,0.011180339888143216,0.0,0.0,False,0.0,0.0,0.0,STOPPED,DUPLICATE_OR_OLD,DUPLICATE_OR_OLD,147.120246603,147.120246603
147.311615933,0.0,0.0,0.006180339887593113,0.0,0.0,False,0.0,0.0,0.0,STOPPED,ACCEPTED,ACCEPTED,147.216184234,147.216184234
147.361615933,0.0,0.0,0.011180339887591408,0.0,0.0,False,0.0,0.0,0.0,STOPPED,DUPLICATE_OR_OLD,DUPLICATE_OR_OLD,147.216184234,147.216184234
147.411615933,0.0,0.0,0.006180339887512605,0.0,0.0,False,0.0,0.0,0.0,STOPPED,ACCEPTED,ACCEPTED,147.304230159,147.304230159
147.461615933,0.0,0.0,0.011180339887510899,0.0,0.0,False,0.0,0.0,0.0,STOPPED,DUPLICATE_OR_OLD,DUPLICATE_OR_OLD,147.304230159,147.304230159
147.511615933,0.0,0.0,0.016180339887512038,0.0,0.0,False,0.0,0.0,0.0,STOPPED,DUPLICATE_OR_OLD,DUPLICATE_OR_OLD,147.304230159,147.304230159
147.561615933,0.0,0.0,0.006792850868182899,0.0,0.0,False,0.0,0.0,0.0,STOPPED,ACCEPTED,ACCEPTED,147.516161212,147.516161212
147.611615933,0.0,0.0,0.011792850868181194,0.0,0.0,False,0.0,0.0,0.0,STOPPED,DUPLICATE_OR_OLD,DUPLICATE_OR_OLD,147.516161212,147.516161212
147.661615933,0.0,0.0,0.01679285086818233,0.0,0.0,False,0.0,0.0,0.0,STOPPED,DUPLICATE_OR_OLD,DUPLICATE_OR_OLD,147.516161212,147.516161212
147.711615933,0.0,0.0,0.006854638786102589,0.0,0.0,False,0.0,0.0,0.0,STOPPED,ACCEPTED,ACCEPTED,147.608175141,147.608175141
147.761615933,0.0,0.0,0.005424312386092376,0.0,0.0,False,0.0,0.0,0.0,STOPPED,ACCEPTED,ACCEPTED,147.732252498,147.732252498
147.811615933,0.0,0.0,0.010424312386093513,0.0,0.0,False,0.0,0.0,0.0,STOPPED,DUPLICATE_OR_OLD,DUPLICATE_OR_OLD,147.732252498,147.732252498
147.861615933,0.0,0.0,0.015424312386091807,0.0,0.0,False,0.0,0.0,0.0,STOPPED,DUPLICATE_OR_OLD,DUPLICATE_OR_OLD,147.732252498,147.732252498
147.911615933,0.0,0.0,0.006713154968599706,0.0,0.0,False,0.0,0.0,0.0,STOPPED,ACCEPTED,ACCEPTED,147.816185906,147.816185906
147.961615933,0.0,0.0,0.011713154968598,0.0,0.0,False,0.0,0.0,0.0,STOPPED,DUPLICATE_OR_OLD,DUPLICATE_OR_OLD,147.816185906,147.816185906
148.011615933,0.0,0.0,0.006256526040538893,0.0,0.0,False,0.0,0.0,0.0,STOPPED,ACCEPTED,ACCEPTED,147.904187168,147.904187168
148.061615933,0.0,0.0,0.011256526040540029,0.0,0.0,False,0.0,0.0,0.0,STOPPED,DUPLICATE_OR_OLD,DUPLICATE_OR_OLD,147.904187168,147.904187168
148.111615933,0.0,0.0,0.00619142304486105,0.0,0.0,False,0.0,0.0,0.0,STOPPED,ACCEPTED,ACCEPTED,148.018167708,148.018167708
148.161615933,0.0,0.0,0.011191423044862188,0.0,0.0,False,0.0,0.0,0.0,STOPPED,DUPLICATE_OR_OLD,DUPLICATE_OR_OLD,148.018167708,148.018167708
148.211615933,0.0,0.0,0.006181956214111746,0.0,0.0,False,0.0,0.0,0.0,STOPPED,ACCEPTED,ACCEPTED,148.120246359,148.120246359
148.261615933,0.0,0.0,0.011181956214112884,0.0,0.0,False,0.0,0.0,0.0,STOPPED,DUPLICATE_OR_OLD,DUPLICATE_OR_OLD,148.120246359,148.120246359
148.311615933,0.0,0.0,0.006180575691815857,0.0,0.0,False,0.0,0.0,0.0,STOPPED,ACCEPTED,ACCEPTED,148.26415328,148.26415328
148.361615933,0.0,0.0,0.011180575691814153,0.0,0.0,False,0.0,0.0,0.0,STOPPED,DUPLICATE_OR_OLD,DUPLICATE_OR_OLD,148.26415328,148.26415328
148.411615933,0.0,0.0,0.006180374290575188,0.0,0.0,False,0.0,0.0,0.0,STOPPED,ACCEPTED,ACCEPTED,148.322161674,148.322161674
148.461615933,0.0,0.0,0.011180374290573482,0.0,0.0,False,0.0,0.0,0.0,STOPPED,DUPLICATE_OR_OLD,DUPLICATE_OR_OLD,148.322161674,148.322161674
148.511615933,0.0,0.0,0.0061803449068334486,0.0,0.0,False,0.0,0.0,0.0,STOPPED,ACCEPTED,ACCEPTED,148.410198447,148.410198447
148.561615933,0.0,0.0,0.011180344906834585,0.0,0.0,False,0.0,0.0,0.0,STOPPED,DUPLICATE_OR_OLD,DUPLICATE_OR_OLD,148.410198447,148.410198447
148.611615933,0.0,0.0,0.00618034061980976,0.0,0.0,False,0.0,0.0,0.0,STOPPED,ACCEPTED,ACCEPTED,148.508156228,148.508156228
148.661615933,0.0,0.0,0.011180340619810897,0.0,0.0,False,0.0,0.0,0.0,STOPPED,DUPLICATE_OR_OLD,DUPLICATE_OR_OLD,148.508156228,148.508156228
148.711615933,0.0,0.0,0.006180339994341571,0.0,0.0,False,0.0,0.0,0.0,STOPPED,ACCEPTED,ACCEPTED,148.602209671,148.602209671
148.761615933,0.0,0.0,0.011180339994342708,0.0,0.0,False,0.0,0.0,0.0,STOPPED,DUPLICATE_OR_OLD,DUPLICATE_OR_OLD,148.602209671,148.602209671
148.811615933,0.0,0.0,0.0061803399030874095,0.0,0.0,False,0.0,0.0,0.0,STOPPED,ACCEPTED,ACCEPTED,148.736162842,148.736162842
148.861615933,0.0,0.0,0.011180339903085704,0.0,0.0,False,0.0,0.0,0.0,STOPPED,DUPLICATE_OR_OLD,DUPLICATE_OR_OLD,148.736162842,148.736162842
148.911615933,0.0,0.0,0.006180339889773193,0.0,0.0,False,0.0,0.0,0.0,STOPPED,ACCEPTED,ACCEPTED,148.816159419,148.816159419
148.961615933,0.0,0.0,0.011180339889771487,0.0,0.0,False,0.0,0.0,0.0,STOPPED,DUPLICATE_OR_OLD,DUPLICATE_OR_OLD,148.816159419,148.816159419
149.011615933,0.0,0.0,0.016180339889772626,0.0,0.0,False,0.0,0.0,0.0,STOPPED,DUPLICATE_OR_OLD,DUPLICATE_OR_OLD,148.816159419,148.816159419
149.061615933,0.0,0.0,0.02118033988977376,0.0,0.0,False,0.0,0.0,0.0,STOPPED,DUPLICATE_OR_OLD,DUPLICATE_OR_OLD,148.816159419,148.816159419
149.111615933,0.0,0.0,0.00723606797767344,0.0,0.0,False,0.0,0.0,0.0,STOPPED,ACCEPTED,ACCEPTED,149.016142186,149.016142186
149.161615933,0.0,0.0,0.012236067977674576,0.0,0.0,False,0.0,0.0,0.0,STOPPED,DUPLICATE_OR_OLD,DUPLICATE_OR_OLD,149.016142186,149.016142186
149.211615933,0.0,0.0,0.0063283980609103955,0.0,0.0,False,0.0,0.0,0.0,STOPPED,ACCEPTED,ACCEPTED,149.116145059,149.116145059
149.261615933,0.0,0.0,0.011328398060911533,0.0,0.0,False,0.0,0.0,0.0,STOPPED,DUPLICATE_OR_OLD,DUPLICATE_OR_OLD,149.116145059,149.116145059
149.311615933,0.0,0.0,0.006201819808077852,0.0,0.0,False,0.0,0.0,0.0,STOPPED,ACCEPTED,ACCEPTED,149.232171991,149.232171991
149.361615933,0.0,0.0,0.011201819808076146,0.0,0.0,False,0.0,0.0,0.0,STOPPED,DUPLICATE_OR_OLD,DUPLICATE_OR_OLD,149.232171991,149.232171991
149.411615933,0.0,0.0,0.006183471196562737,0.0,0.0,False,0.0,0.0,0.0,STOPPED,ACCEPTED,ACCEPTED,149.316139995,149.316139995
149.461615933,0.0,0.0,0.011183471196561032,0.0,0.0,False,0.0,0.0,0.0,STOPPED,DUPLICATE_OR_OLD,DUPLICATE_OR_OLD,149.316139995,149.316139995
149.511615933,0.0,0.0,0.006180796684698942,0.0,0.0,False,0.0,0.0,0.0,STOPPED,ACCEPTED,ACCEPTED,149.424135915,149.424135915
149.561615933,0.0,0.0,0.01118079668470008,0.0,0.0,False,0.0,0.0,0.0,STOPPED,DUPLICATE_OR_OLD,DUPLICATE_OR_OLD,149.424135915,149.424135915
149.611615933,0.0,0.0,0.006180406532149346,0.0,0.0,False,0.0,0.0,0.0,STOPPED,ACCEPTED,ACCEPTED,149.51814064,149.51814064
149.661615933,0.0,0.0,0.011180406532150484,0.0,0.0,False,0.0,0.0,0.0,STOPPED,DUPLICATE_OR_OLD,DUPLICATE_OR_OLD,149.51814064,149.51814064
149.711615933,0.0,0.0,0.006180349610797568,0.0,0.0,False,0.0,0.0,0.0,STOPPED,ACCEPTED,ACCEPTED,149.622132769,149.622132769
149.761615933,0.0,0.0,0.011180349610798706,0.0,0.0,False,0.0,0.0,0.0,STOPPED,DUPLICATE_OR_OLD,DUPLICATE_OR_OLD,149.622132769,149.622132769
149.811615933,0.0,0.0,0.0061803413061089045,0.0,0.0,False,0.0,0.0,0.0,STOPPED,ACCEPTED,ACCEPTED,149.734133986,149.734133986
149.861615933,0.0,0.0,0.011180341306107199,0.0,0.0,False,0.0,0.0,0.0,STOPPED,DUPLICATE_OR_OLD,DUPLICATE_OR_OLD,149.734133986,149.734133986
149.911615933,0.0,0.0,0.006180340094471258,0.0,0.0,False,0.0,0.0,0.0,STOPPED,ACCEPTED,ACCEPTED,149.810128916,149.810128916
149.961615933,0.0,0.0,0.011180340094469554,0.0,0.0,False,0.0,0.0,0.0,STOPPED,DUPLICATE_OR_OLD,DUPLICATE_OR_OLD,149.810128916,149.810128916
150.011615933,0.0,0.0,0.006180339917695719,0.0,0.0,False,0.0,0.0,0.0,STOPPED,ACCEPTED,ACCEPTED,149.902214058,149.902214058
150.061615933,0.0,0.0,0.011180339917696857,0.0,0.0,False,0.0,0.0,0.0,STOPPED,DUPLICATE_OR_OLD,DUPLICATE_OR_OLD,149.902214058,149.902214058
150.111615933,0.0,0.0,0.0061803398919045155,0.0,0.0,False,0.0,0.0,0.0,STOPPED,ACCEPTED,ACCEPTED,150.01213368,150.01213368
150.161615933,0.0,0.0,0.011180339891905653,0.0,0.0,False,0.0,0.0,0.0,STOPPED,DUPLICATE_OR_OLD,DUPLICATE_OR_OLD,150.01213368,150.01213368
150.211615933,0.0,0.0,0.01618033989190395,0.0,0.0,False,0.0,0.0,0.0,STOPPED,DUPLICATE_OR_OLD,DUPLICATE_OR_OLD,150.01213368,150.01213368
150.261615933,0.0,0.0,0.021180339891905084,0.0,0.0,False,0.0,0.0,0.0,STOPPED,DUPLICATE_OR_OLD,DUPLICATE_OR_OLD,150.01213368,150.01213368
150.311615933,0.0,0.0,0.0072360679778364755,0.0,0.0,False,0.0,0.0,0.0,STOPPED,ACCEPTED,ACCEPTED,150.222166083,150.222166083
150.361615933,0.0,0.0,0.012236067977834771,0.0,0.0,False,0.0,0.0,0.0,STOPPED,DUPLICATE_OR_OLD,DUPLICATE_OR_OLD,150.222166083,150.222166083
150.411615933,0.0,0.0,0.006328398060932374,0.0,0.0,False,0.0,0.0,0.0,STOPPED,ACCEPTED,ACCEPTED,150.31613546,150.31613546
150.461615933,0.0,0.0,0.01132839806093067,0.0,0.0,False,0.0,0.0,0.0,STOPPED,DUPLICATE_OR_OLD,DUPLICATE_OR_OLD,150.31613546,150.31613546
150.511615933,0.0,0.0,0.006201819808080614,0.0,0.0,False,0.0,0.0,0.0,STOPPED,ACCEPTED,ACCEPTED,150.422140432,150.422140432
150.561615933,0.0,0.0,0.01120181980808175,0.0,0.0,False,0.0,0.0,0.0,STOPPED,DUPLICATE_OR_OLD,DUPLICATE_OR_OLD,150.422140432,150.422140432
150.611615933,0.0,0.0,0.0061834711965631384,0.0,0.0,False,0.0,0.0,0.0,STOPPED,ACCEPTED,ACCEPTED,150.52613067,150.52613067
150.661615933,0.0,0.0,0.011183471196564276,0.0,0.0,False,0.0,0.0,0.0,STOPPED,DUPLICATE_OR_OLD,DUPLICATE_OR_OLD,150.52613067,150.52613067
150.711615933,0.0,0.0,0.01618347119656257,0.0,0.0,False,0.0,0.0,0.0,STOPPED,DUPLICATE_OR_OLD,DUPLICATE_OR_OLD,150.52613067,150.52613067
150.761615933,0.0,0.0,0.021183471196563705,0.0,0.0,False,0.0,0.0,0.0,STOPPED,DUPLICATE_OR_OLD,DUPLICATE_OR_OLD,150.52613067,150.52613067
150.811615933,0.0,0.0,0.007236307167525329,0.0,0.0,False,0.0,0.0,0.0,STOPPED,ACCEPTED,ACCEPTED,150.736130218,150.736130218
150.861615933,0.0,0.0,0.012236307167523624,0.0,0.0,False,0.0,0.0,0.0,STOPPED,DUPLICATE_OR_OLD,DUPLICATE_OR_OLD,150.736130218,150.736130218
150.911615933,0.0,0.0,0.0063284303049998235,0.0,0.0,False,0.0,0.0,0.0,STOPPED,ACCEPTED,ACCEPTED,150.814175226,150.814175226
150.961615933,0.0,0.0,0.011328430304998117,0.0,0.0,False,0.0,0.0,0.0,STOPPED,DUPLICATE_OR_OLD,DUPLICATE_OR_OLD,150.814175226,150.814175226
151.011615933,0.0,0.0,0.0062018244596597945,0.0,0.0,False,0.0,0.0,0.0,STOPPED,ACCEPTED,ACCEPTED,150.926128395,150.926128395
151.061615933,0.0,0.0,0.011201824459660932,0.0,0.0,False,0.0,0.0,0.0,STOPPED,DUPLICATE_OR_OLD,DUPLICATE_OR_OLD,150.926128395,150.926128395
151.111615933,0.0,0.0,0.006183471874107024,0.0,0.0,False,0.0,0.0,0.0,STOPPED,ACCEPTED,ACCEPTED,151.010224711,151.010224711
151.161615933,0.0,0.0,0.011183471874108161,0.0,0.0,False,0.0,0.0,0.0,STOPPED,DUPLICATE_OR_OLD,DUPLICATE_OR_OLD,151.010224711,151.010224711
151.211615933,0.0,0.0,0.006180796783527677,0.0,0.0,False,0.0,0.0,0.0,STOPPED,ACCEPTED,ACCEPTED,151.12412825,151.12412825
151.261615933,0.0,0.0,0.011180796783528815,0.0,0.0,False,0.0,0.0,0.0,STOPPED,DUPLICATE_OR_OLD,DUPLICATE_OR_OLD,151.12412825,151.12412825
151.311615933,0.0,0.0,0.0061804065465681755,0.0,0.0,False,0.0,0.0,0.0,STOPPED,ACCEPTED,ACCEPTED,151.276160865,151.276160865
151.361615933,0.0,0.0,0.01118040654656647,0.0,0.0,False,0.0,0.0,0.0,STOPPED,DUPLICATE_OR_OLD,DUPLICATE_OR_OLD,151.276160865,151.276160865
151.411615933,0.0,0.0,0.006180349612901235,0.0,0.0,False,0.0,0.0,0.0,STOPPED,ACCEPTED,ACCEPTED,151.324187282,151.324187282
151.461615933,0.0,0.0,0.011180349612899529,0.0,0.0,False,0.0,0.0,0.0,STOPPED,DUPLICATE_OR_OLD,DUPLICATE_OR_OLD,151.324187282,151.324187282
151.511615933,0.0,0.0,0.006180341306415409,0.0,0.0,False,0.0,0.0,0.0,STOPPED,ACCEPTED,ACCEPTED,151.420123055,151.420123055
151.561615933,0.0,0.0,0.011180341306416547,0.0,0.0,False,0.0,0.0,0.0,STOPPED,DUPLICATE_OR_OLD,DUPLICATE_OR_OLD,151.420123055,151.420123055
151.611615933,0.0,0.0,0.006180340094515977,0.0,0.0,False,0.0,0.0,0.0,STOPPED,ACCEPTED,ACCEPTED,151.520148762,151.520148762
151.661615933,0.0,0.0,0.011180340094517113,0.0,0.0,False,0.0,0.0,0.0,STOPPED,DUPLICATE_OR_OLD,DUPLICATE_OR_OLD,151.520148762,151.520148762
151.711615933,0.0,0.0,0.006180339917702243,0.0,0.0,False,0.0,0.0,0.0,STOPPED,ACCEPTED,ACCEPTED,151.622205809,151.622205809
151.761615933,0.0,0.0,0.01118033991770338,0.0,0.0,False,0.0,0.0,0.0,STOPPED,DUPLICATE_OR_OLD,DUPLICATE_OR_OLD,151.622205809,151.622205809
151.811615933,0.0,0.0,0.0061803398919058825,0.0,0.0,False,0.0,0.0,0.0,STOPPED,ACCEPTED,ACCEPTED,151.734181476,151.734181476
151.861615933,0.0,0.0,0.011180339891904176,0.0,0.0,False,0.0,0.0,0.0,STOPPED,DUPLICATE_OR_OLD,DUPLICATE_OR_OLD,151.734181476,151.734181476
151.911615933,0.0,0.0,0.006180339888141829,0.0,0.0,False,0.0,0.0,0.0,STOPPED,ACCEPTED,ACCEPTED,151.816154648,151.816154648
151.961615933,0.0,0.0,0.011180339888140125,0.0,0.0,False,0.0,0.0,0.0,STOPPED,DUPLICATE_OR_OLD,DUPLICATE_OR_OLD,151.816154648,151.816154648
152.011615933,0.0,0.0,0.006180339887592661,0.0,0.0,False,0.0,0.0,0.0,STOPPED,ACCEPTED,ACCEPTED,151.904112447,151.904112447
152.061615933,0.0,0.0,0.011180339887593798,0.0,0.0,False,0.0,0.0,0.0,STOPPED,DUPLICATE_OR_OLD,DUPLICATE_OR_OLD,151.904112447,151.904112447
152.111615933,0.0,0.0,0.006180339887512539,0.0,0.0,False,0.0,0.0,0.0,STOPPED,ACCEPTED,ACCEPTED,152.01017241,152.01017241
152.161615933,0.0,0.0,0.011180339887513676,0.0,0.0,False,0.0,0.0,0.0,STOPPED,DUPLICATE_OR_OLD,DUPLICATE_OR_OLD,152.01017241,152.01017241
152.211615933,0.0,0.0,0.006180339887500849,0.0,0.0,False,0.0,0.0,0.0,STOPPED,ACCEPTED,ACCEPTED,152.11416739,152.11416739
152.261615933,0.0,0.0,0.011180339887501986,0.0,0.0,False,0.0,0.0,0.0,STOPPED,DUPLICATE_OR_OLD,DUPLICATE_OR_OLD,152.11416739,152.11416739
152.311615933,0.0,0.0,0.006180339887499558,0.0,0.0,False,0.0,0.0,0.0,STOPPED,ACCEPTED,ACCEPTED,152.226230672,152.226230672
152.361615933,0.0,0.0,0.011180339887497854,0.0,0.0,False,0.0,0.0,0.0,STOPPED,DUPLICATE_OR_OLD,DUPLICATE_OR_OLD,152.226230672,152.226230672
152.411615933,0.0,0.0,0.006180339887498956,0.0,0.0,False,0.0,0.0,0.0,STOPPED,ACCEPTED,ACCEPTED,152.31422688,152.31422688
152.461615933,0.0,0.0,0.01118033988749725,0.0,0.0,False,0.0,0.0,0.0,STOPPED,DUPLICATE_OR_OLD,DUPLICATE_OR_OLD,152.31422688,152.31422688
152.511615933,0.0,0.0,0.006180339887498868,0.0,0.0,False,0.0,0.0,0.0,STOPPED,ACCEPTED,ACCEPTED,152.46815837,152.46815837
152.561615933,0.0,0.0,0.011180339887500005,0.0,0.0,False,0.0,0.0,0.0,STOPPED,DUPLICATE_OR_OLD,DUPLICATE_OR_OLD,152.46815837,152.46815837
152.611615933,0.0,0.0,0.006180339887498855,0.0,0.0,False,0.0,0.0,0.0,STOPPED,ACCEPTED,ACCEPTED,152.51408982,152.51408982
152.661615933,0.0,0.0,0.011180339887499991,0.0,0.0,False,0.0,0.0,0.0,STOPPED,DUPLICATE_OR_OLD,DUPLICATE_OR_OLD,152.51408982,152.51408982
152.711615933,0.0,0.0,0.006180339887498852,0.0,0.0,False,0.0,0.0,0.0,STOPPED,ACCEPTED,ACCEPTED,152.622098451,152.622098451
152.761615933,0.0,0.0,0.01118033988749999,0.0,0.0,False,0.0,0.0,0.0,STOPPED,DUPLICATE_OR_OLD,DUPLICATE_OR_OLD,152.622098451,152.622098451
152.811615933,0.0,0.0,0.006180339887499267,0.0,0.0,False,0.0,0.0,0.0,STOPPED,ACCEPTED,ACCEPTED,152.732149639,152.732149639
152.861615933,0.0,0.0,0.011180339887497562,0.0,0.0,False,0.0,0.0,0.0,STOPPED,DUPLICATE_OR_OLD,DUPLICATE_OR_OLD,152.732149639,152.732149639
152.911615933,0.0,0.0,0.006180339887498913,0.0,0.0,False,0.0,0.0,0.0,STOPPED,ACCEPTED,ACCEPTED,152.818133989,152.818133989
152.961615933,0.0,0.0,0.011180339887497209,0.0,0.0,False,0.0,0.0,0.0,STOPPED,DUPLICATE_OR_OLD,DUPLICATE_OR_OLD,152.818133989,152.818133989
153.011615933,0.0,0.0,0.006180339887498861,0.0,0.0,False,0.0,0.0,0.0,STOPPED,ACCEPTED,ACCEPTED,152.914161576,152.914161576
153.061615933,0.0,0.0,0.011180339887499998,0.0,0.0,False,0.0,0.0,0.0,STOPPED,DUPLICATE_OR_OLD,DUPLICATE_OR_OLD,152.914161576,152.914161576
153.111615933,0.0,0.0,0.006180339887498853,0.0,0.0,False,0.0,0.0,0.0,STOPPED,ACCEPTED,ACCEPTED,153.070088452,153.070088452
153.161615933,0.0,0.0,0.011180339887499991,0.0,0.0,False,0.0,0.0,0.0,STOPPED,DUPLICATE_OR_OLD,DUPLICATE_OR_OLD,153.070088452,153.070088452
153.211615933,0.0,0.0,0.006180339887498852,0.0,0.0,False,0.0,0.0,0.0,STOPPED,ACCEPTED,ACCEPTED,153.124201043,153.124201043
153.261615933,0.0,0.0,0.01118033988749999,0.0,0.0,False,0.0,0.0,0.0,STOPPED,DUPLICATE_OR_OLD,DUPLICATE_OR_OLD,153.124201043,153.124201043
153.311615933,0.0,0.0,0.006180339887499267,0.0,0.0,False,0.0,0.0,0.0,STOPPED,ACCEPTED,ACCEPTED,153.21412501,153.21412501
153.361615933,0.0,0.0,0.011180339887497562,0.0,0.0,False,0.0,0.0,0.0,STOPPED,DUPLICATE_OR_OLD,DUPLICATE_OR_OLD,153.21412501,153.21412501
153.411615933,0.0,0.0,0.006180339887498913,0.0,0.0,False,0.0,0.0,0.0,STOPPED,ACCEPTED,ACCEPTED,153.316148219,153.316148219
153.461615933,0.0,0.0,0.011180339887497209,0.0,0.0,False,0.0,0.0,0.0,STOPPED,DUPLICATE_OR_OLD,DUPLICATE_OR_OLD,153.316148219,153.316148219
153.511615933,0.0,0.0,0.006180339887498861,0.0,0.0,False,0.0,0.0,0.0,STOPPED,ACCEPTED,ACCEPTED,153.430094721,153.430094721
153.561615933,0.0,0.0,0.011180339887499998,0.0,0.0,False,0.0,0.0,0.0,STOPPED,DUPLICATE_OR_OLD,DUPLICATE_OR_OLD,153.430094721,153.430094721
153.611615933,0.0,0.0,0.006180339887498853,0.0,0.0,False,0.0,0.0,0.0,STOPPED,ACCEPTED,ACCEPTED,153.514131631,153.514131631
153.661615933,0.0,0.0,0.011180339887499991,0.0,0.0,False,0.0,0.0,0.0,STOPPED,DUPLICATE_OR_OLD,DUPLICATE_OR_OLD,153.514131631,153.514131631
153.711615933,0.0,0.0,0.006180339887498852,0.0,0.0,False,0.0,0.0,0.0,STOPPED,ACCEPTED,ACCEPTED,153.624145037,153.624145037
153.761615933,0.0,0.0,0.01118033988749999,0.0,0.0,False,0.0,0.0,0.0,STOPPED,DUPLICATE_OR_OLD,DUPLICATE_OR_OLD,153.624145037,153.624145037
153.811615933,0.0,0.0,0.006180339887499267,0.0,0.0,False,0.0,0.0,0.0,STOPPED,ACCEPTED,ACCEPTED,153.73408203,153.73408203
153.861615933,0.0,0.0,0.011180339887497562,0.0,0.0,False,0.0,0.0,0.0,STOPPED,DUPLICATE_OR_OLD,DUPLICATE_OR_OLD,153.73408203,153.73408203
153.911615933,0.0,0.0,0.006180339887498913,0.0,0.0,False,0.0,0.0,0.0,STOPPED,ACCEPTED,ACCEPTED,153.816085091,153.816085091
153.961615933,0.0,0.0,0.011180339887497209,0.0,0.0,False,0.0,0.0,0.0,STOPPED,DUPLICATE_OR_OLD,DUPLICATE_OR_OLD,153.816085091,153.816085091
154.011615933,0.0,0.0,0.006180339887498861,0.0,0.0,False,0.0,0.0,0.0,STOPPED,ACCEPTED,ACCEPTED,153.904206516,153.904206516
154.061615933,0.0,0.0,0.011180339887499998,0.0,0.0,False,0.0,0.0,0.0,STOPPED,DUPLICATE_OR_OLD,DUPLICATE_OR_OLD,153.904206516,153.904206516
154.111615933,0.0,0.0,0.006180339887498853,0.0,0.0,False,0.0,0.0,0.0,STOPPED,ACCEPTED,ACCEPTED,154.008113048,154.008113048
154.161615933,0.0,0.0,0.011180339887499991,0.0,0.0,False,0.0,0.0,0.0,STOPPED,DUPLICATE_OR_OLD,DUPLICATE_OR_OLD,154.008113048,154.008113048
154.211615933,0.0,0.0,0.006180339887498852,0.0,0.0,False,0.0,0.0,0.0,STOPPED,ACCEPTED,ACCEPTED,154.108151762,154.108151762
154.261615933,0.0,0.0,0.01118033988749999,0.0,0.0,False,0.0,0.0,0.0,STOPPED,DUPLICATE_OR_OLD,DUPLICATE_OR_OLD,154.108151762,154.108151762
154.311615933,0.0,0.0,0.006180339887499267,0.0,0.0,False,0.0,0.0,0.0,STOPPED,ACCEPTED,ACCEPTED,154.226124666,154.226124666
154.361615933,0.0,0.0,0.011180339887497562,0.0,0.0,False,0.0,0.0,0.0,STOPPED,DUPLICATE_OR_OLD,DUPLICATE_OR_OLD,154.226124666,154.226124666
154.411615933,0.0,0.0,0.006180339887498913,0.0,0.0,False,0.0,0.0,0.0,STOPPED,ACCEPTED,ACCEPTED,154.318077866,154.318077866
154.461615933,0.0,0.0,0.011180339887497209,0.0,0.0,False,0.0,0.0,0.0,STOPPED,DUPLICATE_OR_OLD,DUPLICATE_OR_OLD,154.318077866,154.318077866
154.511615933,0.0,0.0,0.006180339887498861,0.0,0.0,False,0.0,0.0,0.0,STOPPED,ACCEPTED,ACCEPTED,154.408075696,154.408075696
154.561615933,0.0,0.0,0.011180339887499998,0.0,0.0,False,0.0,0.0,0.0,STOPPED,DUPLICATE_OR_OLD,DUPLICATE_OR_OLD,154.408075696,154.408075696
154.611615933,0.0,0.0,0.006180339887498853,0.0,0.0,False,0.0,0.0,0.0,STOPPED,ACCEPTED,ACCEPTED,154.514091062,154.514091062
154.661615933,0.0,0.0,0.011180339887499991,0.0,0.0,False,0.0,0.0,0.0,STOPPED,DUPLICATE_OR_OLD,DUPLICATE_OR_OLD,154.514091062,154.514091062
154.711615933,0.0,0.0,0.006180339887498852,0.0,0.0,False,0.0,0.0,0.0,STOPPED,ACCEPTED,ACCEPTED,154.612118206,154.612118206
154.761615933,0.0,0.0,0.01118033988749999,0.0,0.0,False,0.0,0.0,0.0,STOPPED,DUPLICATE_OR_OLD,DUPLICATE_OR_OLD,154.612118206,154.612118206
154.811615933,0.0,0.0,0.006180339887499267,0.0,0.0,False,0.0,0.0,0.0,STOPPED,ACCEPTED,ACCEPTED,154.734159898,154.734159898
154.861615933,0.0,0.0,0.011180339887497562,0.0,0.0,False,0.0,0.0,0.0,STOPPED,DUPLICATE_OR_OLD,DUPLICATE_OR_OLD,154.734159898,154.734159898
154.911615933,0.0,0.0,0.006180339887498913,0.0,0.0,False,0.0,0.0,0.0,STOPPED,ACCEPTED,ACCEPTED,154.812075909,154.812075909
154.961615933,0.0,0.0,0.011180339887497209,0.0,0.0,False,0.0,0.0,0.0,STOPPED,DUPLICATE_OR_OLD,DUPLICATE_OR_OLD,154.812075909,154.812075909
155.011615933,0.0,0.0,0.006180339887498861,0.0,0.0,False,0.0,0.0,0.0,STOPPED,ACCEPTED,ACCEPTED,154.922111688,154.922111688
155.061615933,0.0,0.0,0.011180339887499998,0.0,0.0,False,0.0,0.0,0.0,STOPPED,DUPLICATE_OR_OLD,DUPLICATE_OR_OLD,154.922111688,154.922111688
155.111615933,0.0,0.0,0.006180339887498853,0.0,0.0,False,0.0,0.0,0.0,STOPPED,ACCEPTED,ACCEPTED,155.018100834,155.018100834
155.161615933,0.0,0.0,0.011180339887499991,0.0,0.0,False,0.0,0.0,0.0,STOPPED,DUPLICATE_OR_OLD,DUPLICATE_OR_OLD,155.018100834,155.018100834
155.211615933,0.0,0.0,0.016180339887498285,0.0,0.0,False,0.0,0.0,0.0,STOPPED,DUPLICATE_OR_OLD,DUPLICATE_OR_OLD,155.018100834,155.018100834
155.261615933,0.0,0.0,0.02118033988749942,0.0,0.0,False,0.0,0.0,0.0,STOPPED,DUPLICATE_OR_OLD,DUPLICATE_OR_OLD,155.018100834,155.018100834
155.311615933,0.0,0.0,0.007236067977499913,0.0,0.0,False,0.0,0.0,0.0,STOPPED,ACCEPTED,ACCEPTED,155.222109959,155.222109959
155.361615933,0.0,0.0,0.012236067977498207,0.0,0.0,False,0.0,0.0,0.0,STOPPED,DUPLICATE_OR_OLD,DUPLICATE_OR_OLD,155.222109959,155.222109959
155.411615933,0.0,0.0,0.006328398060887004,0.0,0.0,False,0.0,0.0,0.0,STOPPED,ACCEPTED,ACCEPTED,155.312122422,155.312122422
155.461615933,0.0,0.0,0.011328398060885298,0.0,0.0,False,0.0,0.0,0.0,STOPPED,DUPLICATE_OR_OLD,DUPLICATE_OR_OLD,155.312122422,155.312122422
155.511615933,0.00041742358293691065,1.043558957342514e-05,0.006201819808074068,0.0,0.0,False,0.0,0.6201819808074067,0.0,FUSED,ACCEPTED,ACCEPTED,155.406153748,155.406153748
155.561615933,0.002478621923596734,8.283672723678271e-05,0.011201819808075206,0.0,0.0,False,0.0,0.0,0.0,MODEL_ONLY,DUPLICATE_OR_OLD,DUPLICATE_OR_OLD,155.406153748,155.406153748
155.611615933,0.002047520426838477,0.0001959902859976244,0.006183471196562186,0.0,0.0,False,0.0,0.6183471196562185,0.0,FUSED,ACCEPTED,ACCEPTED,155.514063993,155.514063993
155.661615933,0.005689539883631244,0.00038941679375941146,0.011183471196563323,0.0,0.0,False,0.0,0.0,0.0,MODEL_ONLY,DUPLICATE_OR_OLD,DUPLICATE_OR_OLD,155.514063993,155.514063993
155.711615933,0.0037979989813419924,0.0006266052653836615,0.006180796684698862,0.0,0.0,False,0.0,0.6180796684698862,0.0,FUSED,ACCEPTED,ACCEPTED,155.630123367,155.630123367
155.761615933,0.009670329196323206,0.000963313469825368,0.0111807966847,0.0,0.0,False,0.0,0.0,0.0,MODEL_ONLY,DUPLICATE_OR_OLD,DUPLICATE_OR_OLD,155.630123367,155.630123367
155.811615933,0.006443032566037123,0.0013661475138844678,0.006180406532149749,0.0,0.0,False,0.0,0.6180406532149747,0.0,FUSED,ACCEPTED,ACCEPTED,155.734102087,155.734102087
155.861615933,0.014917851809857519,0.0019001696232816517,0.011180406532148045,0.0,0.0,False,0.0,0.0,0.0,MODEL_ONLY,DUPLICATE_OR_OLD,DUPLICATE_OR_OLD,155.734102087,155.734102087
155.911615933,0.009308266802442705,0.002505822588589295,0.006180349610797627,0.0,0.0,False,0.0,0.6180349610797624,0.0,FUSED,ACCEPTED,ACCEPTED,155.870057101,155.870057101
155.961615933,0.019789989492469958,0.0032332789959618633,0.011180349610795922,0.0,0.0,False,0.0,0.0,0.0,MODEL_ONLY,DUPLICATE_OR_OLD,DUPLICATE_OR_OLD,155.870057101,155.870057101
156.011615933,0.026992932173312223,0.004402852037606684,0.006180341306108499,0.0,0.0,False,0.0,0.6180341306108497,0.0,FUSED,ACCEPTED,ACCEPTED,155.910086805,155.910086805
156.061615933,0.04030892506979701,0.006085398468684797,0.011180341306109636,0.0,0.0,False,0.0,0.0,0.0,MODEL_ONLY,DUPLICATE_OR_OLD,DUPLICATE_OR_OLD,155.910086805,155.910086805
156.111615933,0.038144165781599716,0.008046725739969045,0.006180340094471199,0.0,0.0,False,0.0,0.6180340094471197,0.0,FUSED,ACCEPTED,ACCEPTED,156.014067247,156.014067247
156.161615933,0.05364537122439725,0.010341464165119493,0.011180340094472337,0.0,0.0,False,0.0,0.0,0.0,MODEL_ONLY,DUPLICATE_OR_OLD,DUPLICATE_OR_OLD,156.014067247,156.014067247
156.211615933,0.04704786864525017,0.01285879516185982,0.00618033991769571,0.0,0.0,False,0.0,0.618033991769571,0.0,FUSED,ACCEPTED,ACCEPTED,156.110047223,156.110047223
156.261615933,0.06423869748042588,0.015640959315002353,0.011180339917696847,0.0,0.0,False,0.0,0.0,0.0,MODEL_ONLY,DUPLICATE_OR_OLD,DUPLICATE_OR_OLD,156.110047223,156.110047223
156.311615933,0.053922718804540276,0.01859499472212718,0.006180339891904929,0.0,0.0,False,0.0,0.6180339891904927,0.0,FUSED,ACCEPTED,ACCEPTED,156.208063306,156.208063306
156.361615933,0.0724217784543778,0.021753607153599055,0.011180339891903224,0.0,0.0,False,0.0,0.0,0.0,MODEL_ONLY,DUPLICATE_OR_OLD,DUPLICATE_OR_OLD,156.208063306,156.208063306
156.411615933,0.05707480340813733,0.02499102170016267,0.00618033988814169,0.0,0.0,False,0.0,0.6180339888141688,0.0,FUSED,ACCEPTED,ACCEPTED,156.316043547,156.316043547
156.461615933,0.07658745746700246,0.028332578222040022,0.011180339888139986,0.0,0.0,False,0.0,0.0,0.0,MODEL_ONLY,DUPLICATE_OR_OLD,DUPLICATE_OR_OLD,156.316043547,156.316043547
156.511615933,0.05563743446819999,0.03163820052042084,0.006180339887592642,0.0,0.0,False,0.0,0.6180339887592641,0.0,FUSED,ACCEPTED,ACCEPTED,156.434122584,156.434122584
156.561615933,0.07593564802326508,0.034927527582708215,0.011180339887593779,0.0,0.0,False,0.0,0.0,0.0,MODEL_ONLY,DUPLICATE_OR_OLD,DUPLICATE_OR_OLD,156.434122584,156.434122584
156.611615933,0.08384140489433539,0.03892195390564686,0.006180339887512536,0.0,0.0,False,0.0,0.6180339887512536,0.0,FUSED,ACCEPTED,ACCEPTED,156.518069793,156.518069793
156.661615933,0.10445176656710399,0.04362928319218391,0.011180339887513673,0.0,0.0,False,0.0,0.0,0.0,MODEL_ONLY,DUPLICATE_OR_OLD,DUPLICATE_OR_OLD,156.518069793,156.518069793
156.711615933,0.13249597238515243,0.049552976665988305,0.006180339887500849,0.0,0.0,False,0.0,0.6180339887500848,0.0,FUSED,ACCEPTED,ACCEPTED,156.638036557,156.638036557
156.761615933,0.15299645656731417,0.05669028738980159,0.011180339887501986,0.0,0.0,False,0.0,0.0,0.0,MODEL_ONLY,DUPLICATE_OR_OLD,DUPLICATE_OR_OLD,156.638036557,156.638036557
156.811615933,0.17095523892662276,0.06478907977715186,0.006180339887499558,0.0,0.0,False,0.0,0.6180339887499557,0.0,FUSED,ACCEPTED,ACCEPTED,156.732047975,156.732047975
156.861615933,0.19147230493787035,0.07384976837376109,0.011180339887497854,0.0,0.0,False,0.0,0.0,0.0,MODEL_ONLY,DUPLICATE_OR_OLD,DUPLICATE_OR_OLD,156.732047975,156.732047975
156.911615933,0.2102437802750038,0.08389267050408522,0.006180339887498956,0.0,0.0,False,0.0,0.6180339887498953,0.0,FUSED,ACCEPTED,ACCEPTED,156.818036707,156.818036707
156.961615933,0.23078379677796126,0.0949183599304056,0.01118033988749725,0.0,0.0,False,0.0,0.0,0.0,MODEL_ONLY,DUPLICATE_OR_OLD,DUPLICATE_OR_OLD,156.818036707,156.818036707
157.011615933,0.2406790192578269,0.10670493033130299,0.006180339887498868,0.0,0.0,False,0.0,0.6180339887498867,0.0,FUSED,ACCEPTED,ACCEPTED,156.92403307,156.92403307
157.061615933,0.2612623051606434,0.1192534634417676,0.011180339887500005,0.0,0.0,False,0.0,0.0,0.0,MODEL_ONLY,DUPLICATE_OR_OLD,DUPLICATE_OR_OLD,156.92403307,156.92403307
157.111615933,0.26836328713109525,0.13249410324905656,0.006180339887498855,0.0,0.0,False,0.0,0.6180339887498854,0.0,FUSED,ACCEPTED,ACCEPTED,157.026044737,157.026044737
157.161615933,0.2889871883335916,0.14642786513567688,0.011180339887499991,0.0,0.0,False,0.0,0.0,0.0,MODEL_ONLY,DUPLICATE_OR_OLD,DUPLICATE_OR_OLD,157.026044737,157.026044737
157.211615933,0.2963078510972749,0.16106024112144354,0.006180339887498852,0.0,0.0,False,0.0,0.6180339887498851,0.0,FUSED,ACCEPTED,ACCEPTED,157.118036697,157.118036697
157.261615933,0.3169679954575701,0.17639213728531816,0.01118033988749999,0.0,0.0,False,0.0,0.0,0.0,MODEL_ONLY,DUPLICATE_OR_OLD,DUPLICATE_OR_OLD,157.118036697,157.118036697
157.311615933,0.3215946221745902,0.19235620272612577,0.006180339887499267,0.0,0.0,False,0.0,0.6180339887499267,0.0,FUSED,ACCEPTED,ACCEPTED,157.224054859,157.224054859
157.361615933,0.34228045510193966,0.20895307965803336,0.011180339887497562,0.0,0.0,False,0.0,0.0,0.0,MODEL_ONLY,DUPLICATE_OR_OLD,DUPLICATE_OR_OLD,157.224054859,157.224054859
157.411615933,0.35413225238352636,0.226363397345174,0.006180339887498913,0.0,0.0,False,0.0,0.6180339887498912,0.0,FUSED,ACCEPTED,ACCEPTED,157.346037825,157.346037825
157.461615933,0.3748116310260157,0.24458699443040632,0.011180339887497209,0.0,0.0,False,0.0,0.0,0.0,MODEL_ONLY,DUPLICATE_OR_OLD,DUPLICATE_OR_OLD,157.346037825,157.346037825
157.511615933,0.38643358899967756,0.26361812493105297,0.006180339887498861,0.0,0.0,False,0.0,0.618033988749886,0.0,FUSED,ACCEPTED,ACCEPTED,157.436022075,157.436022075
157.561615933,0.4071232460637054,0.2834570458076421,0.011180339887499998,0.0,0.0,False,0.0,0.0,0.0,MODEL_ONLY,DUPLICATE_OR_OLD,DUPLICATE_OR_OLD,157.436022075,157.436022075
157.611615933,0.4212010582591834,0.3041651534157072,0.006180339887498853,0.0,0.0,False,0.0,0.6180339887498852,0.0,FUSED,ACCEPTED,ACCEPTED,157.516106866,157.516106866
157.661615933,0.44190314727521973,0.3257427585540722,0.011180339887499991,0.0,0.0,False,0.0,0.0,0.0,MODEL_ONLY,DUPLICATE_OR_OLD,DUPLICATE_OR_OLD,157.516106866,157.516106866
157.711615933,0.4557703686335097,0.34818459645178274,0.006180339887498852,0.0,0.0,False,0.0,0.6180339887498851,0.0,FUSED,ACCEPTED,ACCEPTED,157.62001908,157.62001908
157.761615933,0.4764797236638791,0.3714908487592228,0.01118033988749999,0.0,0.0,False,0.0,0.0,0.0,MODEL_ONLY,DUPLICATE_OR_OLD,DUPLICATE_OR_OLD,157.62001908,157.62001908
157.811615933,0.4863082671732018,0.39556054853015526,0.006180339887499267,0.0,0.0,False,0.0,0.6180339887499267,0.0,FUSED,ACCEPTED,ACCEPTED,157.728065953,157.728065953
157.861615933,0.5070256351719288,0.4203938960887751,0.011180339887497562,0.0,0.0,False,0.0,0.0,0.0,MODEL_ONLY,DUPLICATE_OR_OLD,DUPLICATE_OR_OLD,157.728065953,157.728065953
157.911615933,0.520471479599684,0.4460813239580712,0.006180339887498913,0.0,0.0,False,0.0,0.6180339887498912,0.0,FUSED,ACCEPTED,ACCEPTED,157.832039323,157.832039323
157.961615933,0.5411945707021226,0.47262297521560737,0.011180339887497209,0.0,0.0,False,0.0,0.0,0.0,MODEL_ONLY,DUPLICATE_OR_OLD,DUPLICATE_OR_OLD,157.832039323,157.832039323
158.011615933,0.5542435149778124,0.5000089273576119,0.006180339887498861,0.0,0.0,False,0.0,0.618033988749886,-0.014400607064870627,FUSED,ACCEPTED,ACCEPTED,157.930052395,157.930052395
158.061615933,0.5742527843384186,0.5282213348405241,0.011180339887499998,0.0,0.0,False,0.0,0.0,-0.014400607064870627,MODEL_ONLY,DUPLICATE_OR_OLD,DUPLICATE_OR_OLD,157.930052395,157.930052395
158.111615933,0.5913148300038571,0.5573605251990711,0.006180339887498853,0.0,0.0,False,0.0,0.6180339887498852,-0.016586895676388096,FUSED,ACCEPTED,ACCEPTED,158.040077787,158.040077787
158.161615933,0.6122639539721486,0.587449994798478,0.011180339887499991,0.0,0.0,False,0.0,0.0,-0.016586895676388096,MODEL_ONLY,DUPLICATE_OR_OLD,DUPLICATE_OR_OLD,158.040077787,158.040077787
158.211615933,0.6325296885002963,0.6185698358602785,0.006180339887498852,0.0,0.0,False,0.0,0.6180339887498851,-0.01889333691285904,FUSED,ACCEPTED,ACCEPTED,158.110056316,158.110056316
158.261615933,0.6541786043087422,0.6507375431805118,0.01118033988749999,0.0,0.0,False,0.0,0.0,-0.01889333691285904,MODEL_ONLY,DUPLICATE_OR_OLD,DUPLICATE_OR_OLD,158.110056316,158.110056316
158.311615933,0.6685581210765156,0.6838059613151507,0.006180339887499267,0.0,0.0,False,0.0,0.6180339887499267,-0.04235907314594747,FUSED,ACCEPTED,ACCEPTED,158.228021909,158.228021909
158.361615933,0.6896656177761556,0.7177615547864559,0.011180339887497562,0.0,0.0,False,0.0,0.0,-0.04235907314594747,MODEL_ONLY,DUPLICATE_OR_OLD,DUPLICATE_OR_OLD,158.228021909,158.228021909
158.411615933,0.7152706261707199,0.7528849608851358,0.006180339887498913,0.0,0.0,False,0.0,0.6180339887498912,-0.019923438049968892,FUSED,ACCEPTED,ACCEPTED,158.324060428,158.324060428
158.461615933,0.7379895128059779,0.7892164643595408,0.011180339887497209,0.0,0.0,False,0.0,0.0,-0.019923438049968892,MODEL_ONLY,DUPLICATE_OR_OLD,DUPLICATE_OR_OLD,158.324060428,158.324060428
158.511615933,0.7643135891133879,0.8267740419075335,0.006180339887498861,0.0,0.0,False,0.0,0.618033988749886,-0.019980982182273697,FUSED,ACCEPTED,ACCEPTED,158.426004881,158.426004881
158.561615933,0.7874096335856197,0.8655671224750174,0.011180339887499998,0.0,0.0,False,0.0,0.0,-0.019980982182273697,MODEL_ONLY,DUPLICATE_OR_OLD,DUPLICATE_OR_OLD,158.426004881,158.426004881
158.611615933,0.8155652900567814,0.9056414955660639,0.006180339887498853,0.0,0.0,False,0.0,0.6180339887498852,-0.010618005294973485,FUSED,ACCEPTED,ACCEPTED,158.514011073,158.514011073
158.661615933,0.839424466962513,0.9470162394915556,0.011180339887499991,0.0,0.0,False,0.0,0.0,-0.010618005294973485,MODEL_ONLY,DUPLICATE_OR_OLD,DUPLICATE_OR_OLD,158.514011073,158.514011073
158.711615933,0.868330872908421,0.9897101229883143,0.006180339887498852,0.0,0.0,False,0.0,0.6180339887498851,-0.004459182152033988,FUSED,ACCEPTED,ACCEPTED,158.614034064,158.614034064
158.761615933,0.8927268296551002,1.0337365655524124,0.01118033988749999,0.0,0.0,False,0.0,0.0,-0.004459182152033988,MODEL_ONLY,DUPLICATE_OR_OLD,DUPLICATE_OR_OLD,158.614034064,158.614034064
158.811615933,0.908591061539054,1.0787695128322765,0.006180339887499267,0.0,0.0,False,0.0,0.6180339887499267,-0.02655482738379428,FUSED,ACCEPTED,ACCEPTED,158.734005977,158.734005977
158.861615933,0.9276190103822785,1.1246747646302941,0.011180339887497562,0.0,0.0,False,0.0,0.0,-0.02655482738379428,MODEL_ONLY,DUPLICATE_OR_OLD,DUPLICATE_OR_OLD,158.734005977,158.734005977
158.911615933,0.940303881732823,1.1713728369331822,0.006180339887498913,0.0,0.0,False,0.0,0.6180339887498912,0.0032508687817671376,FUSED,ACCEPTED,ACCEPTED,158.850027598,158.850027598
158.961615933,0.95270962528283,1.2186981746085574,0.011180339887497209,0.0,0.0,False,0.0,0.0,0.0032508687817671376,MODEL_ONLY,DUPLICATE_OR_OLD,DUPLICATE_OR_OLD,158.850027598,158.850027598
159.011615933,0.9771082427032327,1.26694362130822,0.006180339887498861,0.0,0.0,False,0.0,0.618033988749886,0.08330321043723098,FUSED,ACCEPTED,ACCEPTED,158.937999947,158.937999947
159.061615933,0.983679069922534,1.315963304123875,0.011180339887499998,0.0,0.0,False,0.0,0.0,0.08330321043723098,MODEL_ONLY,DUPLICATE_OR_OLD,DUPLICATE_OR_OLD,158.937999947,158.937999947
159.111615933,0.9982017260499998,1.3655103240231714,0.006180339887498853,0.0,0.0,False,0.0,0.6180339887498852,0.12835706385493895,FUSED,ACCEPTED,ACCEPTED,159.016053564,159.016053564
159.161615933,0.9943827722584434,1.4153249364808937,0.005278640450004439,0.0,0.0,False,0.0,0.5278640450004437,0.1132303021370889,FUSED,ACCEPTED,ACCEPTED,159.124088126,159.124088126
159.211615933,0.9883457271737657,1.464893148966682,0.010278640450002735,0.0,0.0,False,0.0,0.0,0.1132303021370889,MODEL_ONLY,DUPLICATE_OR_OLD,DUPLICATE_OR_OLD,159.124088126,159.124088126
159.261615933,0.9785813797794857,1.5140663266405245,0.015278640450003872,0.0,0.0,False,0.0,0.0,0.1132303021370889,MODEL_ONLY,DUPLICATE_OR_OLD,DUPLICATE_OR_OLD,159.124088126,159.124088126
159.311615933,0.962463001540625,1.5625924361735384,0.006697341805517446,0.0,0.0,False,0.0,0.6697341805517445,0.14923139976733904,FUSED,ACCEPTED,ACCEPTED,159.226039308,159.226039308
159.361615933,0.9471266872940369,1.6103321783943885,0.011697341805515741,0.0,0.0,False,0.0,0.0,0.14923139976733904,MODEL_ONLY,DUPLICATE_OR_OLD,DUPLICATE_OR_OLD,159.226039308,159.226039308
159.411615933,0.9089514285753664,1.6567341312911341,0.006254308734986663,0.0,0.0,False,0.0,0.6254308734986661,0.11462135223096875,FUSED,ACCEPTED,ACCEPTED,159.342101212,159.342101212
159.461615933,0.8858755838822738,1.70160480660256,0.011254308734984958,0.0,0.0,False,0.0,0.0,0.11462135223096875,MODEL_ONLY,DUPLICATE_OR_OLD,DUPLICATE_OR_OLD,159.342101212,159.342101212
159.511615933,0.8362020043514083,1.7446567463084117,0.0061911013917977775,0.0,0.0,False,0.0,0.6191101391797778,0.0889702315982852,FUSED,ACCEPTED,ACCEPTED,159.438017497,159.438017497
159.561615933,0.8069274736091525,1.785734983257435,0.011191101391798915,0.0,0.0,False,0.0,0.0,0.0889702315982852,MODEL_ONLY,DUPLICATE_OR_OLD,DUPLICATE_OR_OLD,159.438017497,159.438017497
159.611615933,0.7302710481373855,1.8241649463010852,0.00618190932469457,0.0,0.0,False,0.0,0.618190932469457,0.0009124671822085539,FUSED,ACCEPTED,ACCEPTED,159.508016716,159.508016716
159.661615933,0.6922582685312927,1.8597281792178104,0.011181909324695708,0.0,0.0,False,0.0,0.0,0.0009124671822085539,MODEL_ONLY,DUPLICATE_OR_OLD,DUPLICATE_OR_OLD,159.508016716,159.508016716
159.711615933,0.6152040637494713,1.8924147375248184,0.006180568851574055,0.0,0.0,False,0.0,0.6180568851574053,-0.02330381721832581,FUSED,ACCEPTED,ACCEPTED,159.630020653,159.630020653
159.761615933,0.5723664784710184,1.9221040010803374,0.011180568851575192,0.0,0.0,False,0.0,0.0,-0.02330381721832581,MODEL_ONLY,DUPLICATE_OR_OLD,DUPLICATE_OR_OLD,159.630020653,159.630020653
159.811615933,0.5047997491905523,1.9490331567718828,0.0061803732926154886,0.0,0.0,False,0.0,0.6180373292615489,-0.03277875385190975,FUSED,ACCEPTED,ACCEPTED,159.7299896,159.7299896
159.861615933,0.4584968513024704,1.9731155717842,0.011180373292613784,0.0,0.0,False,0.0,0.0,-0.03277875385190975,MODEL_ONLY,DUPLICATE_OR_OLD,DUPLICATE_OR_OLD,159.7299896,159.7299896
159.911615933,0.39625577043645527,1.9944843873276779,0.006180344761233469,0.0,0.0,False,0.0,0.6180344761233467,-0.03277875385190975,FUSED,ACCEPTED,ACCEPTED,159.835990377,159.835990377
159.961615933,0.34777093100903345,2.013085054863809,0.011180344761231763,0.0,0.0,False,0.0,0.0,-0.03277875385190975,MODEL_ONLY,DUPLICATE_OR_OLD,DUPLICATE_OR_OLD,159.835990377,159.835990377
160.011615933,0.2755731797325862,2.0286686576323527,0.0061803405985670174,0.0,0.0,False,0.0,0.6180340598567017,-0.03277875385190975,FUSED,ACCEPTED,ACCEPTED,159.922075464,159.922075464
160.061615933,0.22533571525321128,2.0411913800070005,0.011180340598568154,0.0,0.0,False,0.0,0.0,-0.03277875385190975,MODEL_ONLY,DUPLICATE_OR_OLD,DUPLICATE_OR_OLD,159.922075464,159.922075464
160.111615933,0.17159793684844804,2.0511147213095384,0.0061803399912422965,0.0,0.0,False,0.0,0.6180339991242295,-0.03277875385190975,FUSED,ACCEPTED,ACCEPTED,160.039988884,160.039988884
160.161615933,0.12118873329188737,2.058434388063049,0.011180339991243434,0.0,0.0,False,0.0,0.0,-0.03277875385190975,MODEL_ONLY,DUPLICATE_OR_OLD,DUPLICATE_OR_OLD,160.039988884,160.039988884
160.211615933,0.06528845340839128,2.063096317730554,0.006180339902634817,0.0,0.0,False,0.0,0.6180339902634816,-0.03277875385190975,FUSED,ACCEPTED,ACCEPTED,160.116049912,160.116049912
160.261615933,0.01728701279254166,2.065160704385578,0.011180339902635953,0.0,0.0,False,0.0,0.0,-0.03277875385190975,MODEL_ONLY,DUPLICATE_OR_OLD,DUPLICATE_OR_OLD,160.116049912,160.116049912
160.311615933,0.07631810821974322,2.067500832410886,0.006180339889707575,0.0,0.0,False,0.0,0.6180339889707573,-0.03277875385190975,FUSED,ACCEPTED,ACCEPTED,160.221992449,160.221992449
160.361615933,0.033924783348528297,2.070256904700092,0.011180339889705869,0.0,0.0,False,0.0,0.0,-0.03277875385190975,MODEL_ONLY,DUPLICATE_OR_OLD,DUPLICATE_OR_OLD,160.221992449,160.221992449
160.411615933,0.0,2.0711050242838054,0.0061803398878211,0.0,0.0,False,0.0,0.61803398878211,-0.03277875385190975,FUSED,ACCEPTED,ACCEPTED,160.316139201,160.316139201
160.461615933,-0.03346549525547894,2.0702683869024185,0.011180339887819395,0.0,0.0,False,0.0,0.0,-0.03277875385190975,MODEL_ONLY,DUPLICATE_OR_OLD,DUPLICATE_OR_OLD,160.316139201,160.316139201
160.511615933,-0.051304549340647265,2.068149135787515,0.006180339887545868,0.0,0.0,False,0.0,0.6180339887545867,-0.03277875385190975,FUSED,ACCEPTED,ACCEPTED,160.432116025,160.432116025
160.561615933,-0.07572264733672385,2.0649734558705797,0.011180339887547006,0.0,0.0,False,0.0,0.0,-0.03277875385190975,MODEL_ONLY,DUPLICATE_OR_OLD,DUPLICATE_OR_OLD,160.432116025,160.432116025
160.611615933,-0.05920531838536185,2.061600256727529,0.006180339887505711,0.0,0.0,False,0.0,0.618033988750571,-0.03277875385190975,FUSED,ACCEPTED,ACCEPTED,160.52000655,160.52000655
160.661615933,-0.07654817088044664,2.058206419495883,0.011180339887506848,0.0,0.0,False,0.0,0.0,-0.03277875385190975,MODEL_ONLY,DUPLICATE_OR_OLD,DUPLICATE_OR_OLD,160.52000655,160.52000655
160.711615933,-0.05047092156559279,2.0550309421847333,0.006180339887499853,0.0,0.0,False,0.0,0.6180339887499853,-0.03277875385190975,FUSED,ACCEPTED,ACCEPTED,160.622009728,160.622009728
160.761615933,-0.06293261352352658,2.0521958538075045,0.01118033988750099,0.0,0.0,False,0.0,0.0,-0.03277875385190975,MODEL_ONLY,DUPLICATE_OR_OLD,DUPLICATE_OR_OLD,160.622009728,160.622009728
160.811615933,-0.03807739487012275,2.0496706035976624,0.006180339887499413,0.0,0.0,False,0.0,0.6180339887499412,-0.03277875385190975,FUSED,ACCEPTED,ACCEPTED,160.73200401,160.73200401
160.861615933,-0.04717904186370714,2.047539192679318,0.011180339887497708,0.0,0.0,False,0.0,0.0,-0.03277875385190975,MODEL_ONLY,DUPLICATE_OR_OLD,DUPLICATE_OR_OLD,160.73200401,160.73200401
160.911615933,0.0,2.046359716632725,0.0061803398874989346,0.0,0.0,False,0.0,0.0,0.0,STOPPED,ACCEPTED,ACCEPTED,160.844002737,160.844002737
160.961615933,0.0,2.046359716632725,0.01118033988749723,0.0,0.0,False,0.0,0.0,0.0,STOPPED,DUPLICATE_OR_OLD,DUPLICATE_OR_OLD,160.844002737,160.844002737
161.011615933,0.0,2.046359716632725,0.006180339887498864,0.0,0.0,False,0.0,0.0,0.0,STOPPED,ACCEPTED,ACCEPTED,160.92604141,160.92604141
161.061615933,0.0,2.046359716632725,0.011180339887500002,0.0,0.0,False,0.0,0.0,0.0,STOPPED,DUPLICATE_OR_OLD,DUPLICATE_OR_OLD,160.92604141,160.92604141
161.111615933,0.0,2.046359716632725,0.006180339887498854,0.0,0.0,False,0.0,0.0,0.0,STOPPED,ACCEPTED,ACCEPTED,161.02005649,161.02005649
161.161615933,0.0,2.046359716632725,0.011180339887499991,0.0,0.0,False,0.0,0.0,0.0,STOPPED,DUPLICATE_OR_OLD,DUPLICATE_OR_OLD,161.02005649,161.02005649
161.211615933,0.0,2.046359716632725,0.006180339887498852,0.0,0.0,False,0.0,0.0,0.0,STOPPED,ACCEPTED,ACCEPTED,161.120010543,161.120010543
161.261615933,0.0,2.046359716632725,0.01118033988749999,0.0,0.0,False,0.0,0.0,0.0,STOPPED,DUPLICATE_OR_OLD,DUPLICATE_OR_OLD,161.120010543,161.120010543
161.311615933,0.00041978424645324256,2.0463702112388864,0.006180339887499267,0.0,0.0,False,0.0,0.6180339887499267,0.0,FUSED,ACCEPTED,ACCEPTED,161.230049221,161.230049221
161.361615933,0.002480951755050864,2.046442729638924,0.011180339887497562,0.0,0.0,False,0.0,0.0,0.0,MODEL_ONLY,DUPLICATE_OR_OLD,DUPLICATE_OR_OLD,161.230049221,161.230049221
161.411615933,0.0020500786305412727,2.0465560053985636,0.006180339887498913,0.0,0.0,False,0.0,0.6180339887498912,0.0,FUSED,ACCEPTED,ACCEPTED,161.317985114,161.317985114
161.461615933,0.005692064678605662,2.046749558981292,0.011180339887497209,0.0,0.0,False,0.0,0.0,0.0,MODEL_ONLY,DUPLICATE_OR_OLD,DUPLICATE_OR_OLD,161.317985114,161.317985114
161.511615933,0.004185640934515401,2.0469965016216203,0.006180339887498861,0.0,0.0,False,0.0,0.618033988749886,0.0,FUSED,ACCEPTED,ACCEPTED,161.431996591,161.431996591
161.561615933,0.01094321904393045,2.0473747231210817,0.011180339887499998,0.0,0.0,False,0.0,0.0,0.0,MODEL_ONLY,DUPLICATE_OR_OLD,DUPLICATE_OR_OLD,161.431996591,161.431996591
161.611615933,0.007222430481885585,2.047828864359227,0.006180339887498853,0.0,0.0,False,0.0,0.6180339887498852,0.0,FUSED,ACCEPTED,ACCEPTED,161.517996873,161.517996873
161.661615933,0.01637726808352391,2.0484188568233623,0.011180339887499991,0.0,0.0,False,0.0,0.0,0.0,MODEL_ONLY,DUPLICATE_OR_OLD,DUPLICATE_OR_OLD,161.517996873,161.517996873
161.711615933,0.010090616844948504,2.049080553946574,0.006180339887498852,0.0,0.0,False,0.0,0.6180339887498851,0.0,FUSED,ACCEPTED,ACCEPTED,161.625979034,161.625979034
161.761615933,0.021780952641859544,2.0498773431837445,0.01118033988749999,0.0,0.0,False,0.0,0.0,0.0,MODEL_ONLY,DUPLICATE_OR_OLD,DUPLICATE_OR_OLD,161.625979034,161.625979034
161.811615933,0.026608865283922912,2.0510870886318893,0.006180339887499267,0.0,0.0,False,0.0,0.6180339887499267,0.0,FUSED,ACCEPTED,ACCEPTED,161.727990251,161.727990251
161.861615933,0.04085460606997246,2.0527736754157364,0.011180339887497562,0.0,0.0,False,0.0,0.0,0.0,MODEL_ONLY,DUPLICATE_OR_OLD,DUPLICATE_OR_OLD,161.727990251,161.727990251
161.911615933,0.03963445084591795,2.054785901838634,0.006180339887498913,0.0,0.0,False,0.0,0.6180339887498912,0.0,FUSED,ACCEPTED,ACCEPTED,161.814047962,161.814047962
161.961615933,0.05585376447878747,2.0571731072217507,0.011180339887497209,0.0,0.0,False,0.0,0.0,0.0,MODEL_ONLY,DUPLICATE_OR_OLD,DUPLICATE_OR_OLD,161.814047962,161.814047962
162.011615933,0.04309157708870548,2.0596467407609387,0.006180339887498861,0.0,0.0,False,0.0,0.618033988749886,0.0,FUSED,ACCEPTED,ACCEPTED,161.937995673,161.937995673
162.061615933,0.06083812839687572,2.0622449833980787,0.011180339887499998,0.0,0.0,False,0.0,0.0,0.0,MODEL_ONLY,DUPLICATE_OR_OLD,DUPLICATE_OR_OLD,161.937995673,161.937995673
162.111615933,0.04984854745828145,2.0650121502944567,0.006180339887498853,0.0,0.0,False,0.0,0.6180339887498852,0.0,FUSED,ACCEPTED,ACCEPTED,162.023986685,162.023986685
162.161615933,0.06877806402561756,2.067977815581555,0.011180339887499991,0.0,0.0,False,0.0,0.0,0.0,MODEL_ONLY,DUPLICATE_OR_OLD,DUPLICATE_OR_OLD,162.023986685,162.023986685
162.211615933,0.05390420365132827,2.0710448722734776,0.006180339887498852,0.0,0.0,False,0.0,0.6180339887498851,0.0,FUSED,ACCEPTED,ACCEPTED,162.126000733,162.126000733
162.261615933,0.07375043248980842,2.0742362381770065,0.01118033988749999,0.0,0.0,False,0.0,0.0,0.0,MODEL_ONLY,DUPLICATE_OR_OLD,DUPLICATE_OR_OLD,162.126000733,162.126000733
162.311615933,0.05593626310299425,2.0774784055668274,0.006180339887499267,0.0,0.0,False,0.0,0.6180339887499267,0.0,FUSED,ACCEPTED,ACCEPTED,162.230091925,162.230091925
162.361615933,0.07649302816912011,2.080789137848629,0.011180339887497562,0.0,0.0,False,0.0,0.0,0.0,MODEL_ONLY,DUPLICATE_OR_OLD,DUPLICATE_OR_OLD,162.230091925,162.230091925
162.411615933,0.05887461414387352,2.084173328906455,0.006180339887498913,0.0,0.0,False,0.0,0.6180339887498912,0.0,FUSED,ACCEPTED,ACCEPTED,162.326023671,162.326023671
162.461615933,0.07998216431914569,2.0876447483680285,0.011180339887497209,0.0,0.0,False,0.0,0.0,0.0,MODEL_ONLY,DUPLICATE_OR_OLD,DUPLICATE_OR_OLD,162.326023671,162.326023671
162.511615933,0.061416038237482644,2.091179703431945,0.006180339887498861,0.0,0.0,False,0.0,0.618033988749886,0.0,FUSED,ACCEPTED,ACCEPTED,162.424020419,162.424020419
162.561615933,0.08295055861378646,2.0947888683532274,0.011180339887499998,0.0,0.0,False,0.0,0.0,0.0,MODEL_ONLY,DUPLICATE_OR_OLD,DUPLICATE_OR_OLD,162.424020419,162.424020419
162.611615933,0.10610805467057002,2.0995153336853347,0.006180339887498853,0.0,0.0,False,0.0,0.6180339887498852,0.0,FUSED,ACCEPTED,ACCEPTED,162.521947966,162.521947966
162.661615933,0.1274506127373775,2.105354300370535,0.011180339887499991,0.0,0.0,False,0.0,0.0,0.0,MODEL_ONLY,DUPLICATE_OR_OLD,DUPLICATE_OR_OLD,162.521947966,162.521947966
162.711615933,0.14925393666071562,2.1122719141054844,0.006180339887498852,0.0,0.0,False,0.0,0.6180339887498851,0.0,FUSED,ACCEPTED,ACCEPTED,162.628006664,162.628006664
162.761615933,0.17038560763200103,2.1202629027128044,0.01118033988749999,0.0,0.0,False,0.0,0.0,0.0,MODEL_ONLY,DUPLICATE_OR_OLD,DUPLICATE_OR_OLD,162.628006664,162.628006664
162.811615933,0.20419796744748492,2.1296274920897935,0.006180339887499267,0.0,0.0,False,0.0,0.6180339887499267,0.0,FUSED,ACCEPTED,ACCEPTED,162.739979536,162.739979536
162.861615933,0.22610109084062005,2.1403849685469925,0.011180339887497562,0.0,0.0,False,0.0,0.0,0.0,MODEL_ONLY,DUPLICATE_OR_OLD,DUPLICATE_OR_OLD,162.739979536,162.739979536
162.911615933,0.23006129304297562,2.1517890281440852,0.006180339887498913,0.0,0.0,False,0.0,0.6180339887498912,0.0,FUSED,ACCEPTED,ACCEPTED,162.815982244,162.815982244
162.961615933,0.25280659376224324,2.1638607253142115,0.011180339887497209,0.0,0.0,False,0.0,0.0,0.0,MODEL_ONLY,DUPLICATE_OR_OLD,DUPLICATE_OR_OLD,162.815982244,162.815982244
163.011615933,0.25688175154316134,2.1766029339468496,0.006180339887498861,0.0,0.0,False,0.0,0.618033988749886,0.0,FUSED,ACCEPTED,ACCEPTED,162.923954114,162.923954114
163.061615933,0.2802392601865059,2.190030959240094,0.011180339887499998,0.0,0.0,False,0.0,0.0,0.0,MODEL_ONLY,DUPLICATE_OR_OLD,DUPLICATE_OR_OLD,162.923954114,162.923954114
163.111615933,0.29428018243745,2.2043939453056884,0.006180339887498853,0.0,0.0,False,0.0,0.6180339887498852,0.0,FUSED,ACCEPTED,ACCEPTED,163.022024353,163.022024353
163.161615933,0.31806977540807935,2.21970269425183,0.011180339887499991,0.0,0.0,False,0.0,0.0,0.0,MODEL_ONLY,DUPLICATE_OR_OLD,DUPLICATE_OR_OLD,163.022024353,163.022024353
163.211615933,0.32132543140148007,2.2356875744220637,0.006180339887498852,0.0,0.0,False,0.0,0.6180339887498851,0.0,FUSED,ACCEPTED,ACCEPTED,163.125999343,163.125999343
163.261615933,0.34547926346183794,2.2523576917936503,0.01118033988749999,0.0,0.0,False,0.0,0.0,0.0,MODEL_ONLY,DUPLICATE_OR_OLD,DUPLICATE_OR_OLD,163.125999343,163.125999343
163.311615933,0.3697577425618596,2.270238616944247,0.016180339887501127,0.0,0.0,False,0.0,0.0,0.0,MODEL_ONLY,DUPLICATE_OR_OLD,DUPLICATE_OR_OLD,163.125999343,163.125999343
163.361615933,0.39415048425394655,2.2893363226146355,0.02118033988749942,0.0,0.0,False,0.0,0.0,0.0,MODEL_ONLY,DUPLICATE_OR_OLD,DUPLICATE_OR_OLD,163.125999343,163.125999343
163.411615933,0.3938170262503454,2.3090355103772473,0.007236067977499913,0.0,0.0,False,0.0,0.7236067977499911,0.0,FUSED,ACCEPTED,ACCEPTED,163.337954267,163.337954267
163.461615933,0.4184364186251855,2.3293418464991285,0.012236067977498207,0.0,0.0,False,0.0,0.0,0.0,MODEL_ONLY,DUPLICATE_OR_OLD,DUPLICATE_OR_OLD,163.337954267,163.337954267
163.511615933,0.43292988887686634,2.3506260041866844,0.006328398060887004,0.0,0.0,False,0.0,0.6328398060887003,0.0,FUSED,ACCEPTED,ACCEPTED,163.429954486,163.429954486
163.561615933,0.458620937778592,2.372914774853076,0.011328398060888142,0.0,0.0,False,0.0,0.0,0.0,MODEL_ONLY,DUPLICATE_OR_OLD,DUPLICATE_OR_OLD,163.429954486,163.429954486
163.611615933,0.47661484149489564,2.396295669334905,0.006201819808074068,0.0,0.0,False,0.0,0.6201819808074067,0.0,FUSED,ACCEPTED,ACCEPTED,163.529963532,163.529963532
163.661615933,0.5031364077754087,2.420789450566668,0.011201819808075206,0.0,0.0,False,0.0,0.0,0.0,MODEL_ONLY,DUPLICATE_OR_OLD,DUPLICATE_OR_OLD,163.529963532,163.529963532
163.711615933,0.5336358664330543,2.4467087574218707,0.006183471196562186,0.0,0.0,False,0.0,0.6183471196562185,0.0,FUSED,ACCEPTED,ACCEPTED,163.614012086,163.614012086
163.761615933,0.5616124240662241,2.4740899646843593,0.011183471196563323,0.0,0.0,False,0.0,0.0,0.0,MODEL_ONLY,DUPLICATE_OR_OLD,DUPLICATE_OR_OLD,163.614012086,163.614012086
163.811615933,0.58710814627119,2.502807978942801,0.006180796684699277,0.0,0.0,False,0.0,0.6180796684699276,-0.017909274922799298,FUSED,ACCEPTED,ACCEPTED,163.732012344,163.732012344
163.861615933,0.6157142707603744,2.5328785393685798,0.011180796684697573,0.0,0.0,False,0.0,0.0,-0.017909274922799298,MODEL_ONLY,DUPLICATE_OR_OLD,DUPLICATE_OR_OLD,163.732012344,163.732012344
163.911615933,0.6460952389857859,2.564423777112241,0.006180406532149395,0.0,0.0,False,0.0,0.6180406532149394,-0.015503643564810463,FUSED,ACCEPTED,ACCEPTED,163.815971063,163.815971063
163.961615933,0.6763547603926114,2.5974850270966896,0.011180406532147691,0.0,0.0,False,0.0,0.0,-0.015503643564810463,MODEL_ONLY,DUPLICATE_OR_OLD,DUPLICATE_OR_OLD,163.815971063,163.815971063
164.011615933,0.7018212895168668,2.631939428344434,0.006180349610797575,0.0,0.0,False,0.0,0.6180349610797573,-0.03828342313353457,FUSED,ACCEPTED,ACCEPTED,163.936058261,163.936058261
164.061615933,0.7321316144454157,2.6677882509434996,0.011180349610798713,0.0,0.0,False,0.0,0.0,-0.03828342313353457,MODEL_ONLY,DUPLICATE_OR_OLD,DUPLICATE_OR_OLD,163.936058261,163.936058261
164.111615933,0.7751097066343527,2.705469283970481,0.00618034130610849,0.0,0.0,False,0.0,0.618034130610849,0.0006651033728570649,FUSED,ACCEPTED,ACCEPTED,164.021928407,164.021928407
164.161615933,0.8089784355925941,2.7450714875261637,0.011180341306109627,0.0,0.0,False,0.0,0.0,0.0006651033728570649,MODEL_ONLY,DUPLICATE_OR_OLD,DUPLICATE_OR_OLD,164.021928407,164.021928407
164.211615933,0.8565672113465437,2.7867101286996276,0.006180340094471198,0.0,0.0,False,0.0,0.6180340094471197,0.013652651607807882,FUSED,ACCEPTED,ACCEPTED,164.115938423,164.115938423
164.261615933,0.8923351329099639,2.8304326873060504,0.011180340094472335,0.0,0.0,False,0.0,0.0,0.013652651607807882,MODEL_ONLY,DUPLICATE_OR_OLD,DUPLICATE_OR_OLD,164.115938423,164.115938423
164.311615933,0.9369956939736339,2.876165957978151,0.006180339917696125,0.0,0.0,False,0.0,0.6180339917696124,0.01657056143184156,FUSED,ACCEPTED,ACCEPTED,164.224024603,164.224024603
164.361615933,0.973878936061272,2.9239378237290072,0.01118033991769442,0.0,0.0,False,0.0,0.0,0.01657056143184156,MODEL_ONLY,DUPLICATE_OR_OLD,DUPLICATE_OR_OLD,164.224024603,164.224024603
164.411615933,1.0308610849319249,2.9740563242538487,0.0061803398919045745,0.0,0.0,False,0.0,0.6180339891904574,0.06124106999072843,FUSED,ACCEPTED,ACCEPTED,164.319938794,164.319938794
164.461615933,1.0710723105014002,3.026604659139664,0.011180339891902868,0.0,0.0,False,0.0,0.0,0.06124106999072843,MODEL_ONLY,DUPLICATE_OR_OLD,DUPLICATE_OR_OLD,164.319938794,164.319938794
164.511615933,1.1285917906423557,3.0815962616682704,0.006180339888141638,0.0,0.0,False,0.0,0.6180339888141637,0.07502802001134776,FUSED,ACCEPTED,ACCEPTED,164.437929498,164.437929498
164.561615933,1.1706426788563067,3.13907712340575,0.011180339888142776,0.0,0.0,False,0.0,0.0,0.07502802001134776,MODEL_ONLY,DUPLICATE_OR_OLD,DUPLICATE_OR_OLD,164.437929498,164.437929498
164.611615933,1.2420420960411904,3.1993942427781668,0.006180339887592633,0.0,0.0,False,0.0,0.6180339887592632,0.1370310609049013,FUSED,ACCEPTED,ACCEPTED,164.51394235,164.51394235
164.661615933,1.2880849738455886,3.2626474195253508,0.01118033988759377,0.0,0.0,False,0.0,0.0,0.1370310609049013,MODEL_ONLY,DUPLICATE_OR_OLD,DUPLICATE_OR_OLD,164.51394235,164.51394235
164.71161593300002,1.3551422448132397,3.3287280999918365,0.00618033988751295,0.0,0.0,False,0.0,0.6180339887512949,0.15073426441424406,FUSED,ACCEPTED,ACCEPTED,164.620028454,164.620028454
164.761615933,1.4025616848124602,3.397670698232455,0.011180339887511246,0.0,0.0,False,0.0,0.0,0.15073426441424406,MODEL_ONLY,DUPLICATE_OR_OLD,DUPLICATE_OR_OLD,164.620028454,164.620028454
164.811615933,1.45391426274027,3.46908259692129,0.0061803398875009095,0.0,0.0,False,0.0,0.6180339887500909,0.1336554803055205,FUSED,ACCEPTED,ACCEPTED,164.729990613,164.729990613
164.861615933,1.5010157659150904,3.542955847637649,0.011180339887499204,0.0,0.0,False,0.0,0.0,0.1336554803055205,MODEL_ONLY,DUPLICATE_OR_OLD,DUPLICATE_OR_OLD,164.729990613,164.729990613
164.911615933,1.5575332031757592,3.6194195718649373,0.006180339887499152,0.0,0.0,False,0.0,0.6180339887499151,0.15745150211527642,FUSED,ACCEPTED,ACCEPTED,164.821958767,164.821958767
164.96161593300002,1.6062400317398418,3.698513902737845,0.01118033988750029,0.0,0.0,False,0.0,0.0,0.15745150211527642,MODEL_ONLY,DUPLICATE_OR_OLD,DUPLICATE_OR_OLD,164.821958767,164.821958767
165.011615933,1.655118160579168,3.7800478575457928,0.016180339887498583,0.0,0.0,False,0.0,0.0,0.15745150211527642,MODEL_ONLY,DUPLICATE_OR_OLD,DUPLICATE_OR_OLD,164.821958767,164.821958767
165.061615933,1.7041471137535877,3.8640294894041305,0.02118033988749972,0.0,0.0,False,0.0,0.0,0.15745150211527642,MODEL_ONLY,DUPLICATE_OR_OLD,DUPLICATE_OR_OLD,164.821958767,164.821958767
165.111615933,1.7474612791346327,3.9503196992263065,0.00723606797749972,0.0,0.0,False,0.0,0.7236067977499718,0.12875440407477232,FUSED,ACCEPTED,ACCEPTED,165.053926209,165.053926209
165.161615933,1.7953050956322127,4.038888858595498,0.012236067977500858,0.0,0.0,False,0.0,0.0,0.12875440407477232,MODEL_ONLY,DUPLICATE_OR_OLD,DUPLICATE_OR_OLD,165.053926209,165.053926209
165.21161593300002,1.873054646304213,4.1305978521439295,0.006328398060887361,0.0,0.0,False,0.0,0.632839806088736,0.223981050936075,FUSED,ACCEPTED,ACCEPTED,165.115923497,165.115923497
165.261615933,1.9258533821834112,4.225570552856087,0.011328398060885656,0.0,0.0,False,0.0,0.0,0.223981050936075,MODEL_ONLY,DUPLICATE_OR_OLD,DUPLICATE_OR_OLD,165.115923497,165.115923497
165.311615933,1.9604287979625679,4.3227276073597585,0.00620181980807412,0.0,0.0,False,0.0,0.6201819808074118,0.1226854050262064,FUSED,ACCEPTED,ACCEPTED,165.224059513,165.224059513
165.361615933,2.0083128243601793,4.421946147917794,0.011201819808072415,0.0,0.0,False,0.0,0.0,0.1226854050262064,MODEL_ONLY,DUPLICATE_OR_OLD,DUPLICATE_OR_OLD,165.224059513,165.224059513
165.411615933,2.0707647998395657,4.52392308852281,0.006183471196562193,0.0,0.0,False,0.0,0.6183471196562191,0.2018474443247838,FUSED,ACCEPTED,ACCEPTED,165.313929374,165.313929374
165.46161593300002,2.1227232678057804,4.628760290213968,0.01118347119656333,0.0,0.0,False,0.0,0.0,0.2018474443247838,MODEL_ONLY,DUPLICATE_OR_OLD,DUPLICATE_OR_OLD,165.313929374,165.313929374
165.511615933,2.168218681960547,4.736033838958089,0.006180796684698864,0.0,0.0,False,0.0,0.6180796684698862,0.15309772266804614,FUSED,ACCEPTED,ACCEPTED,165.435905819,165.435905819
165.561615933,2.217829852755081,4.845685052326004,0.011180796684700001,0.0,0.0,False,0.0,0.0,0.15309772266804614,MODEL_ONLY,DUPLICATE_OR_OLD,DUPLICATE_OR_OLD,165.435905819,165.435905819
165.611615933,2.2674782038686088,4.957817753741558,0.016180796684698295,0.0,0.0,False,0.0,0.0,0.15309772266804614,MODEL_ONLY,DUPLICATE_OR_OLD,DUPLICATE_OR_OLD,165.435905819,165.435905819
165.661615933,2.3171592910018846,5.072433691113347,0.02118079668469943,0.0,0.0,False,0.0,0.0,0.15309772266804614,MODEL_ONLY,DUPLICATE_OR_OLD,DUPLICATE_OR_OLD,165.435905819,165.435905819
165.71161593300002,2.283190202932138,5.187442428461724,0.026180796684700566,0.0,0.0,False,0.0,0.0,0.15309772266804614,MODEL_ONLY,MISSING_OR_STALE,MISSING_OR_STALE,165.435905819,165.435905819
165.761615933,2.3329254906783143,5.3028453208019455,0.03118079668469886,0.0,0.0,False,0.0,0.0,0.15309772266804614,MODEL_ONLY,MISSING_OR_STALE,MISSING_OR_STALE,165.435905819,165.435905819
165.811615933,2.382683122590521,5.4207355361336935,0.06775018183693252,0.007771769350671164,0.15543538701338794,True,0.03156938515223251,0.0,0.15309772266804614,MODEL_ONLY,MISSING_OR_STALE,MISSING_OR_STALE,165.435905819,165.435905819
165.861615933,2.432460427788719,5.5411141248931335,0.07391594723953086,0.01554353870133791,0.15543538701338794,True,0.0011657654026000562,0.0,0.15309772266804614,MODEL_ONLY,MISSING_OR_STALE,MISSING_OR_STALE,165.435905819,165.435905819
165.911615933,2.482255054653028,5.6639820119542055,0.08085888957719979,0.023315308052009074,0.15543538701338794,True,0.001942942337667791,0.0,0.15309772266804614,MODEL_ONLY,MISSING_OR_STALE,MISSING_OR_STALE,165.435905819,165.435905819
165.96161593300002,2.5320649326612177,5.7893400116370906,0.08857900884993601,0.031087077402680238,0.15543538701338794,True,0.002720119272735084,0.0,0.15309772266804614,MODEL_ONLY,MISSING_OR_STALE,MISSING_OR_STALE,165.435905819,165.435905819
166.011615933,2.5818882387881525,5.917188840923282,0.09707630505773447,0.038858846753346984,0.15543538701338794,True,0.0034972962078001686,0.0,0.15309772266804614,MODEL_ONLY,MISSING_OR_STALE,MISSING_OR_STALE,165.435905819,165.435905819
166.061615933,2.63172336792165,6.047529131091056,0.10635077820060485,0.04663061610401815,0.15543538701338794,True,0.004274473142869229,0.0,0.15309772266804614,MODEL_ONLY,MISSING_OR_STALE,MISSING_OR_STALE,165.435905819,165.435905819
166.111615933,2.6815689068143587,6.180361437959411,0.11640242827853657,0.05440238545468489,0.15543538701338794,True,0.005051650077933429,0.0,0.15309772266804614,MODEL_ONLY,MISSING_OR_STALE,MISSING_OR_STALE,165.435905819,165.435905819
166.161615933,2.7310809525472086,6.315677684443481,0.12723125529154108,0.062174154805356055,0.15543538701338794,True,0.005828827013003373,0.0,0.15309772266804614,MODEL_ONLY,MISSING_OR_STALE,MISSING_OR_STALE,165.435905819,165.435905819
166.21161593300002,2.7802993687797772,6.453462192476687,0.1388372592396129,0.06994592415602723,0.15543538701338794,True,0.006606003948070666,0.0,0.15309772266804614,MODEL_ONLY,MISSING_OR_STALE,MISSING_OR_STALE,165.435905819,165.435905819
166.261615933,2.829259254122315,6.593701158049192,0.15122044012274471,0.07771769350669397,0.15543538701338794,True,0.007383180883133542,0.0,0.15309772266804614,MODEL_ONLY,MISSING_OR_STALE,MISSING_OR_STALE,165.435905819,165.435905819
166.311615933,2.877991511719638,6.736382427195273,0.16438079794095067,0.08548946285736514,0.15543538701338794,True,0.008160357818204811,0.0,0.15309772266804614,MODEL_ONLY,MISSING_OR_STALE,MISSING_OR_STALE,165.435905819,165.435905819
166.361615933,2.926523350750301,6.881495298756972,0.17831833269421576,0.09326123220803188,0.15543538701338794,True,0.008937534753266804,0.0,0.15309772266804614,MODEL_ONLY,MISSING_OR_STALE,MISSING_OR_STALE,165.435905819,165.435905819
166.411615933,2.974878727980133,7.029030350725266,0.19303304438255586,0.10103300155870305,0.15543538701338794,True,0.009714711688338954,0.0,0.15309772266804614,MODEL_ONLY,MISSING_OR_STALE,MISSING_OR_STALE,165.435905819,165.435905819
166.46161593300002,3.0227130613299646,7.178970145458053,0.20852493300596325,0.10880477090937422,0.15543538701338794,True,0.010491888623406248,0.0,0.15309772266804614,MODEL_ONLY,MISSING_OR_STALE,MISSING_OR_STALE,165.435905819,165.435905819
166.511615933,3.070088633084293,7.331290187818357,0.22479399856442844,0.11657654026004097,0.15543538701338794,True,0.011269065558466917,0.0,0.15309772266804614,MODEL_ONLY,MISSING_OR_STALE,MISSING_OR_STALE,165.435905819,165.435905819
166.561615933,3.1170602806979724,7.485968910662949,0.24184024105796997,0.12434830961071214,0.15543538701338794,True,0.012046242493540393,0.0,0.15309772266804614,MODEL_ONLY,MISSING_OR_STALE,MISSING_OR_STALE,165.435905819,165.435905819
166.611615933,3.1636762867038057,7.64298732484794,0.2596636604865684,0.1321200789613789,0.15543538701338794,True,0.012823419428600179,0.0,0.15309772266804614,MODEL_ONLY,MISSING_OR_STALE,MISSING_OR_STALE,165.435905819,165.435905819
166.661615933,3.2095849018852007,7.802318854562702,0.2782642568502441,0.13989184831205007,0.15543538701338794,True,0.01360059636367454,0.0,0.15309772266804614,MODEL_ONLY,MISSING_OR_STALE,MISSING_OR_STALE,165.435905819,165.435905819
166.71161593300002,3.254870683259861,7.963930244191365,0.29764203014898705,0.14766361766272124,0.15543538701338794,True,0.014377773298741833,0.0,0.15309772266804614,MODEL_ONLY,MISSING_OR_STALE,MISSING_OR_STALE,165.435905819,165.435905819
166.761615933,3.299608080435273,8.127792213283687,0.31779698038278564,0.155435387013388,0.15543538701338794,True,0.015154950233800292,0.0,0.15309772266804614,MODEL_ONLY,MISSING_OR_STALE,MISSING_OR_STALE,165.435905819,165.435905819
166.811615933,3.343862643784567,8.29387898138922,0.33872910755166274,0.16320715636405916,0.15543538701338794,True,0.01593212716887598,0.0,0.15309772266804614,MODEL_ONLY,MISSING_OR_STALE,MISSING_OR_STALE,165.435905819,165.435905819
166.861615933,3.387692088204445,8.462167849688889,0.3604384116555946,0.17097892571472592,0.15543538701338794,True,0.016709304103933554,0.0,0.15309772266804614,MODEL_ONLY,MISSING_OR_STALE,MISSING_OR_STALE,165.435905819,165.435905819
166.911615933,3.431147229718584,8.632638832637003,0.38292489269460583,0.1787506950653971,0.15543538701338794,True,0.017486481039010127,0.0,0.15309772266804614,MODEL_ONLY,MISSING_OR_STALE,MISSING_OR_STALE,165.435905819,165.435905819
166.96161593300002,3.4742728101250493,8.805274333633132,0.40618855066868437,0.18652246441606826,0.15543538701338794,True,0.01826365797407742,0.0,0.15309772266804614,MODEL_ONLY,MISSING_OR_STALE,MISSING_OR_STALE,165.435905819,165.435905819
167.011615933,3.516677096408089,8.980048081296399,0.4302293855778163,0.19429423376673502,0.15543538701338794,True,0.01904083490913367,0.0,0.15309772266804614,MODEL_ONLY,MISSING_OR_STALE,MISSING_OR_STALE,165.435905819,165.435905819
167.061615933,3.5584463074977566,9.156926166394086,0.455047397422029,0.2020660031174062,0.15543538701338794,True,0.019818011844211565,0.0,0.15309772266804614,MODEL_ONLY,MISSING_OR_STALE,MISSING_OR_STALE,165.435905819,165.435905819
167.111615933,3.599656356259327,9.33587873298795,0.4806425862012942,0.20983777246807295,0.15543538701338794,True,0.020595188779266933,0.0,0.15309772266804614,MODEL_ONLY,MISSING_OR_STALE,MISSING_OR_STALE,165.435905819,165.435905819
167.161615933,3.6403740814151675,9.516879493929856,0.507014951915641,0.21760954181874412,0.15543538701338794,True,0.021372365714345712,0.0,0.15309772266804614,MODEL_ONLY,MISSING_OR_STALE,MISSING_OR_STALE,165.435905819,165.435905819
167.21161593300002,3.6806583322101427,9.69990530427053,0.5341644945650552,0.2253813111694153,0.15543538701338794,True,0.022149542649413007,0.0,0.15309772266804614,MODEL_ONLY,MISSING_OR_STALE,MISSING_OR_STALE,165.435905819,165.435905819
167.261615933,3.720560923423203,9.884935785661302,0.5620912141495206,0.23315308052008205,0.15543538701338794,True,0.022926719584467046,0.0,0.15309772266804614,MODEL_ONLY,MISSING_OR_STALE,MISSING_OR_STALE,165.435905819,165.435905819
167.311615933,3.760127476222943,10.071952995652499,0.5907951106690689,0.24092484987075322,0.15543538701338794,True,0.02370389651954715,0.0,0.15309772266804614,MODEL_ONLY,MISSING_OR_STALE,MISSING_OR_STALE,165.435905819,165.435905819
167.361615933,3.799398158512395,10.260941136520817,0.6202761841236675,0.24869661922141997,0.15543538701338794,True,0.02448107345460031,0.0,0.15309772266804614,MODEL_ONLY,MISSING_OR_STALE,MISSING_OR_STALE,165.435905819,165.435905819
167.411615933,3.837927024911394,10.451874266106454,0.6505344345133499,0.25646838857209114,0.15543538701338794,True,0.025258250389681297,0.0,0.15309772266804614,MODEL_ONLY,MISSING_OR_STALE,MISSING_OR_STALE,165.435905819,165.435905819
167.46161593300002,3.875802747391951,10.644717510414083,0.6815698618380996,0.2642401579227623,0.15543538701338794,True,0.026035427324748592,0.0,0.15309772266804614,MODEL_ONLY,MISSING_OR_STALE,MISSING_OR_STALE,165.435905819,165.435905819
167.511615933,3.9131033986402914,10.839440164064822,0.7133824660978985,0.27201192727342904,0.15543538701338794,True,0.02681260425980042,0.0,0.15309772266804614,MODEL_ONLY,MISSING_OR_STALE,MISSING_OR_STALE,165.435905819,165.435905819
167.561615933,3.9498977190283915,11.036015192006584,0.7459722472927823,0.2797836966241002,0.15543538701338794,True,0.027589781194882736,0.0,0.15309772266804614,MODEL_ONLY,MISSING_OR_STALE,MISSING_OR_STALE,165.435905819,165.435905819
167.611615933,3.9856906032220984,11.234404900062778,0.7793392054227144,0.28755546597476694,0.15543538701338794,True,0.028366958129933683,0.0,0.15309772266804614,MODEL_ONLY,MISSING_OR_STALE,MISSING_OR_STALE,165.435905819,165.435905819
167.661615933,4.02060175655988,11.434562209057372,0.8134833404877324,0.2953272353254381,0.15543538701338794,True,0.02914413506501688,0.0,0.15309772266804614,MODEL_ONLY,MISSING_OR_STALE,MISSING_OR_STALE,165.435905819,165.435905819
167.71161593300002,4.054736575562338,11.636445667360473,0.8484046524878177,0.30309900467610923,0.15543538701338794,True,0.02992131200008417,0.0,0.15309772266804614,MODEL_ONLY,MISSING_OR_STALE,MISSING_OR_STALE,165.435905819,165.435905819
167.761615933,4.088187858317706,11.840018778207405,0.8841031414229499,0.310870774026776,0.15543538701338794,True,0.03069848893513379,0.0,0.15309772266804614,MODEL_ONLY,MISSING_OR_STALE,MISSING_OR_STALE,165.435905819,165.435905819
167.811615933,4.121037310418691,12.045249407425864,0.9205788072931693,0.31864254337744713,0.15543538701338794,True,0.031475665870218314,0.0,0.15309772266804614,MODEL_ONLY,MISSING_OR_STALE,MISSING_OR_STALE,165.435905819,165.435905819
167.861615933,4.153356870888996,12.252109261958484,0.9578316500984347,0.3264143127281139,0.15543538701338794,True,0.032252842805267044,0.0,0.15309772266804614,MODEL_ONLY,MISSING_OR_STALE,MISSING_OR_STALE,165.435905819,165.435905819
167.911615933,4.184526119082342,12.460556336707818,0.9958616698387883,0.33418608207878503,0.15543538701338794,True,0.033030019740352454,0.0,0.15309772266804614,MODEL_ONLY,MISSING_OR_STALE,MISSING_OR_STALE,165.435905819,165.435905819
167.96161593300002,4.2146825560409,12.670536553585947,1.0346688665142092,0.34195785142945617,0.15543538701338794,True,0.033807196675419746,0.0,0.15309772266804614,MODEL_ONLY,MISSING_OR_STALE,MISSING_OR_STALE,165.435905819,165.435905819
168.011615933,4.243947246803351,12.882002298656982,1.0742532401246747,0.34972962078012293,0.15543538701338794,True,0.03458437361046716,0.0,0.15309772266804614,MODEL_ONLY,MISSING_OR_STALE,MISSING_OR_STALE,165.435905819,165.435905819
168.061615933,4.272426785060661,13.094911649453628,1.1146147906702297,0.35750139013079407,0.15543538701338794,True,0.03536155054555389,0.0,0.15309772266804614,MODEL_ONLY,MISSING_OR_STALE,MISSING_OR_STALE,165.435905819,165.435905819
168.111615933,4.3002150229692075,13.309227694654304,1.1557535181508285,0.36527315948146083,0.15543538701338794,True,0.036138727480600416,0.0,0.15309772266804614,MODEL_ONLY,MISSING_OR_STALE,MISSING_OR_STALE,165.435905819,165.435905819
168.161615933,4.326383415500984,13.524892655616107,1.1976694225665176,0.373044928832132,0.15543538701338794,True,0.03691590441568803,0.0,0.15309772266804614,MODEL_ONLY,MISSING_OR_STALE,MISSING_OR_STALE,165.435905819,165.435905819
168.21161593300002,4.351125588710352,13.741830380721439,1.240362503917274,0.3808166981828031,0.15543538701338794,True,0.037693081350755324,0.0,0.15309772266804614,MODEL_ONLY,MISSING_OR_STALE,MISSING_OR_STALE,165.435905819,165.435905819
168.261615933,4.374612023819787,13.95997382103462,1.283832762203073,0.3885884675334699,0.15543538701338794,True,0.03847025828580052,0.0,0.15309772266804614,MODEL_ONLY,MISSING_OR_STALE,MISSING_OR_STALE,165.435905819,165.435905819
168.311615933,4.3969928238064915,14.179263942225326,1.3280801974239638,0.396360236884141,0.15543538701338794,True,0.03924743522088947,0.0,0.15309772266804614,MODEL_ONLY,MISSING_OR_STALE,MISSING_OR_STALE,165.435905819,165.435905819
168.361615933,4.418400149288648,14.399648766552627,1.373104809579896,0.4041320062348078,0.15543538701338794,True,0.04002461215593379,0.0,0.15309772266804614,MODEL_ONLY,MISSING_OR_STALE,MISSING_OR_STALE,165.435905819,165.435905819
168.411615933,4.438950363241447,14.621082529365932,1.4189065986709206,0.4119037755854789,0.15543538701338794,True,0.04080178909102361,0.0,0.15309772266804614,MODEL_ONLY,MISSING_OR_STALE,MISSING_OR_STALE,165.435905819,165.435905819
168.46161593300002,4.458745919347167,14.843524936430697,1.4654855646970129,0.41967554493615006,0.15543538701338794,True,0.0415789660260909,0.0,0.15309772266804614,MODEL_ONLY,MISSING_OR_STALE,MISSING_OR_STALE,165.435905819,165.435905819
168.511615933,4.477877024623967,15.066940510029902,1.512841707658145,0.4274473142868168,0.15543538701338794,True,0.042356142961133894,0.0,0.15309772266804614,MODEL_ONLY,MISSING_OR_STALE,MISSING_OR_STALE,165.435905819,165.435905819
168.561615933,4.497434282006798,15.291323292695722,1.5609750275543715,0.43521908363748796,0.15543538701338794,True,0.04313331989622505,0.0,0.15309772266804614,MODEL_ONLY,MISSING_OR_STALE,MISSING_OR_STALE,165.435905819,165.435905819
168.611615933,4.517366751972619,15.51669331854513,1.609885524385637,0.4429908529881547,0.15543538701338794,True,0.04391049683126715,0.0,0.15309772266804614,MODEL_ONLY,MISSING_OR_STALE,MISSING_OR_STALE,165.435905819,165.435905819
168.661615933,4.538313344521212,15.743085320957526,1.6595731981519974,0.45076262233882586,0.15543538701338794,True,0.04468767376635919,0.0,0.15309772266804614,MODEL_ONLY,MISSING_OR_STALE,MISSING_OR_STALE,165.435905819,165.435905819
168.71161593300002,4.56015283786364,15.970546975517198,1.7100380488534253,0.458534391689497,0.15543538701338794,True,0.04546485070142648,0.0,0.15309772266804614,MODEL_ONLY,MISSING_OR_STALE,MISSING_OR_STALE,165.435905819,165.435905819
168.761615933,4.58333412921312,16.19913414969404,1.7612800764898908,0.46630616104016376,0.15543538701338794,True,0.046242027636467266,0.0,0.15309772266804614,MODEL_ONLY,MISSING_OR_STALE,MISSING_OR_STALE,165.435905819,165.435905819
168.811615933,4.6076968285364055,16.42890992363783,1.8132992810614528,0.4740779303908349,0.15543538701338794,True,0.04701920457156063,0.0,0.15309772266804614,MODEL_ONLY,MISSING_OR_STALE,MISSING_OR_STALE,165.435905819,165.435905819
168.861615933,4.633099717808677,16.659929837296378,1.8660956625680516,0.48184969974150166,0.15543538701338794,True,0.047796381506600524,0.0,0.15309772266804614,MODEL_ONLY,MISSING_OR_STALE,MISSING_OR_STALE,165.435905819,165.435905819
168.911615933,4.659899771179842,16.892254824521142,1.9196692210097477,0.4896214690921728,0.15543538701338794,True,0.04857355844169477,0.0,0.15309772266804614,MODEL_ONLY,MISSING_OR_STALE,MISSING_OR_STALE,165.435905819,165.435905819
168.96161593300002,4.687929980504749,17.12595056831331,1.974019956386511,0.49739323844284394,0.15543538701338794,True,0.04935073537676206,0.0,0.15309772266804614,MODEL_ONLY,MISSING_OR_STALE,MISSING_OR_STALE,165.435905819,165.435905819
169.011615933,4.717474427396613,17.361085678510765,2.0291478686983098,0.5051650077935107,0.15543538701338794,True,0.05012791231180063,0.0,0.15309772266804614,MODEL_ONLY,MISSING_OR_STALE,MISSING_OR_STALE,165.435905819,165.435905819
169.061615933,4.748352109489634,17.597731341932974,2.0850529579452073,0.5129367771441818,0.15543538701338794,True,0.050905089246896205,0.0,0.15309772266804614,MODEL_ONLY,MISSING_OR_STALE,MISSING_OR_STALE,165.435905819,165.435905819
169.111615933,4.780797920655476,17.83596009268652,2.1417352241271392,0.5207085464948485,0.15543538701338794,True,0.05168226618193389,0.0,0.15309772266804614,MODEL_ONLY,MISSING_OR_STALE,MISSING_OR_STALE,165.435905819,165.435905819
169.161615933,4.814624416679143,18.07584565111994,2.199194667244171,0.5284803158455197,0.15543538701338794,True,0.05245944311703034,0.0,0.15309772266804614,MODEL_ONLY,MISSING_OR_STALE,MISSING_OR_STALE,165.435905819,165.435905819
169.21161593300002,4.849666559239559,18.317452925517962,2.25743128729627,0.5362520851961908,0.15543538701338794,True,0.05323662005209763,0.0,0.15309772266804614,MODEL_ONLY,MISSING_OR_STALE,MISSING_OR_STALE,165.435905819,165.435905819
169.261615933,4.886144712855907,18.560848207320266,2.316445084283402,0.5440238545468575,0.15543538701338794,True,0.054013796987133995,0.0,0.15309772266804614,MODEL_ONLY,MISSING_OR_STALE,MISSING_OR_STALE,165.435905819,165.435905819
169.311615933,4.923887225863945,18.80609900578832,2.376236058205635,0.5517956238975287,0.15543538701338794,True,0.05479097392223177,0.0,0.15309772266804614,MODEL_ONLY,MISSING_OR_STALE,MISSING_OR_STALE,165.435905819,165.435905819
169.361615933,4.962742964751857,19.05326476055363,2.4368042090629003,0.5595673932481954,0.15543538701338794,True,0.05556815085726725,0.0,0.15309772266804614,MODEL_ONLY,MISSING_OR_STALE,MISSING_OR_STALE,165.435905819,165.435905819
169.411615933,5.002921520152913,19.302406372676305,2.4981495368552675,0.5673391625988665,0.15543538701338794,True,0.05634532779236591,0.0,0.15309772266804614,MODEL_ONLY,MISSING_OR_STALE,MISSING_OR_STALE,165.435905819,165.435905819
169.46161593300002,5.044264770961355,19.553586029954218,2.560272041582702,0.5751109319495377,0.15543538701338794,True,0.057122504727433195,0.0,0.15309772266804614,MODEL_ONLY,MISSING_OR_STALE,MISSING_OR_STALE,165.435905819,165.435905819
169.511615933,5.086633496866678,19.806858486649833,2.6231717232451675,0.5828827013002044,0.15543538701338794,True,0.05789968166246735,0.0,0.15309772266804614,MODEL_ONLY,MISSING_OR_STALE,MISSING_OR_STALE,165.435905819,165.435905819
169.561615933,5.129905119072385,20.062271952048366,2.686848581842736,0.5906544706508755,0.15543538701338794,True,0.058676858597567334,0.0,0.15309772266804614,MODEL_ONLY,MISSING_OR_STALE,MISSING_OR_STALE,165.435905819,165.435905819
169.611615933,5.174295312330427,20.319876962833348,2.7513026173753348,0.5984262400015422,0.15543538701338794,True,0.059454035532600605,0.0,0.15309772266804614,MODEL_ONLY,MISSING_OR_STALE,MISSING_OR_STALE,165.435905819,165.435905819
169.661615933,5.219670369743572,20.579726104885257,2.8165338298430376,0.6061980093522134,0.15543538701338794,True,0.060231212467701474,0.0,0.15309772266804614,MODEL_ONLY,MISSING_OR_STALE,MISSING_OR_STALE,165.435905819,165.435905819
169.71161593300002,5.265912566889957,20.841865678301154,2.8825422192458077,0.6139697787028845,0.15543538701338794,True,0.061008389402768766,0.0,0.15309772266804614,MODEL_ONLY,MISSING_OR_STALE,MISSING_OR_STALE,165.435905819,165.435905819
169.761615933,5.312918251379306,21.106336448757794,2.9493277855836064,0.6217415480535512,0.15543538701338794,True,0.06178556633780071,0.0,0.15309772266804614,MODEL_ONLY,MISSING_OR_STALE,MISSING_OR_STALE,165.435905819,165.435905819
169.811615933,5.360596160771495,21.373174309061625,3.0168905288565107,0.6295133174042223,0.15543538701338794,True,0.06256274327290291,0.0,0.15309772266804614,MODEL_ONLY,MISSING_OR_STALE,MISSING_OR_STALE,165.435905819,165.435905819
169.861615933,5.408865941560235,21.642410861619826,3.0852304490644427,0.637285086754889,0.15543538701338794,True,0.06333992020793397,0.0,0.15309772266804614,MODEL_ONLY,MISSING_OR_STALE,MISSING_OR_STALE,165.435905819,165.435905819
169.911615933,5.457656845188427,21.914073931288605,3.154347546207481,0.6450568561055602,0.15543538701338794,True,0.06411709714303704,0.0,0.15309772266804614,MODEL_ONLY,MISSING_OR_STALE,MISSING_OR_STALE,165.435905819,165.435905819
169.96161593300002,5.50690657993321,22.18818801691671,3.2242418202855867,0.6528286254562313,0.15543538701338794,True,0.06489427407810433,0.0,0.15309772266804614,MODEL_ONLY,MISSING_OR_STALE,MISSING_OR_STALE,165.435905819,165.435905819
170.011615933,5.556560300029641,22.464774688915686,3.294913271298719,0.660600394806898,0.15543538701338794,True,0.06567145101313407,0.0,0.15309772266804614,MODEL_ONLY,MISSING_OR_STALE,MISSING_OR_STALE,165.435905819,165.435905819
170.061615933,5.606569715628147,22.743852939307192,3.3663618992469586,0.6683721641575692,0.15543538701338794,True,0.06644862794823847,0.0,0.15309772266804614,MODEL_ONLY,MISSING_OR_STALE,MISSING_OR_STALE,165.435905819,165.435905819
170.111615933,5.65689230914174,23.025439489926345,3.438587704130224,0.6761439335082359,0.15543538701338794,True,0.06722580488326732,0.0,0.15309772266804614,MODEL_ONLY,MISSING_OR_STALE,MISSING_OR_STALE,165.435905819,165.435905819
170.161615933,5.707490645266532,23.309549063786616,3.511590685948598,0.683915702858907,0.15543538701338794,True,0.06800298181837261,0.0,0.15309772266804614,MODEL_ONLY,MISSING_OR_STALE,MISSING_OR_STALE,165.435905819,165.435905819
170.21161593300002,5.758331763477626,23.596194624005285,3.585370844702039,0.6916874722095782,0.15543538701338794,True,0.0687801587534399,0.0,0.15309772266804614,MODEL_ONLY,MISSING_OR_STALE,MISSING_OR_STALE,165.435905819,165.435905819
170.261615933,5.809386643142458,23.88538758417069,3.6599281803905046,0.6994592415602449,0.15543538701338794,True,0.06955733568846743,0.0,0.15309772266804614,MODEL_ONLY,MISSING_OR_STALE,MISSING_OR_STALE,165.435905819,165.435905819
170.311615933,5.860629732571114,24.177137993563594,3.73526269301408,0.707231010910916,0.15543538701338794,True,0.07033451262357404,0.0,0.15309772266804614,MODEL_ONLY,MISSING_OR_STALE,MISSING_OR_STALE,165.435905819,165.435905819
170.361615933,5.9120385343607085,24.47145470023679,3.8113743825726787,0.7150027802615827,0.15543538701338794,True,0.07111168955860069,0.0,0.15309772266804614,MODEL_ONLY,MISSING_OR_STALE,MISSING_OR_STALE,165.435905819,165.435905819
170.411615933,5.963589814825654,24.768345408966518,3.888263249066388,0.7227745496122538,0.15543538701338794,True,0.07188886649370817,0.0,0.15309772266804614,MODEL_ONLY,MISSING_OR_STALE,MISSING_OR_STALE,165.435905819,165.435905819
170.46161593300002,6.015217401761003,25.06781558938125,3.965929292495165,0.730546318962925,0.15543538701338794,True,0.07266604342877546,0.0,0.15309772266804614,MODEL_ONLY,MISSING_OR_STALE,MISSING_OR_STALE,165.435905819,165.435905819
170.511615933,6.066863804194436,25.369867619530034,4.044372512858964,0.7383180883135917,0.15543538701338794,True,0.07344322036380078,0.0,0.15309772266804614,MODEL_ONLY,MISSING_OR_STALE,MISSING_OR_STALE,165.435905819,165.435905819
170.561615933,6.118479209313177,25.674501194867794,4.123592910157875,0.7460898576642628,0.15543538701338794,True,0.0742203972989096,0.0,0.15309772266804614,MODEL_ONLY,MISSING_OR_STALE,MISSING_OR_STALE,165.435905819,165.435905819
170.611615933,5.658677075202096,25.968930101980575,0.017044783807011,0.003056769802049361,0.15543538701338794,True,0.07499757423393404,0.9959451845106465,0.15309772266804614,FUSED,ACCEPTED,ACCEPTED,170.517979078,170.517979078
170.661615933,5.710348511885291,26.253155741657825,0.022739049254750787,0.010828539152720525,0.15543538701338794,True,0.0006942654477386522,0.0,0.15309772266804614,MODEL_ONLY,DUPLICATE_OR_OLD,DUPLICATE_OR_OLD,170.517979078,170.517979078
170.71161593300002,5.765018068384027,26.540039906164623,0.007449662173982671,0.004743707035179158,0.15543538701338794,False,0.0014714423828059453,0.7449662173982672,0.15257037597435733,FUSED,ACCEPTED,ACCEPTED,170.623898361,170.623898361
170.761615933,5.8168784707671035,26.829587319643302,0.012449662173980965,0.004743707035179158,0.15543538701338794,False,0.0,0.0,0.15257037597435733,MODEL_ONLY,DUPLICATE_OR_OLD,DUPLICATE_OR_OLD,170.623898361,170.623898361
170.811615933,5.883616966423936,27.122099705573145,0.006356967915809761,0.004743707035179158,0.15543538701338794,False,0.0,0.635696791580976,0.18141204976280328,FUSED,ACCEPTED,ACCEPTED,170.729852338,170.729852338
170.861615933,5.937086383179813,27.41761728931314,0.011356967915808057,0.004743707035179158,0.15543538701338794,False,0.0,0.0,0.18141204976280328,MODEL_ONLY,DUPLICATE_OR_OLD,DUPLICATE_OR_OLD,170.729852338,170.729852338
170.911615933,5.9928101714785305,27.715864703179665,0.006205936877131496,0.004743707035179158,0.15543538701338794,False,0.0,0.6205936877131495,0.17229904608744406,FUSED,ACCEPTED,ACCEPTED,170.829924035,170.829924035
170.96161593300002,6.073029057011204,28.017510683891977,0.005284339447985686,0.004743707035179158,0.15543538701338794,False,0.0,0.5284339447985684,0.1461370623505843,FUSED,ACCEPTED,ACCEPTED,170.941840994,170.941840994
171.011615933,6.124075887864711,28.32243830751377,0.01028433944798398,0.004743707035179158,0.15543538701338794,False,0.0,0.0,0.1461370623505843,MODEL_ONLY,DUPLICATE_OR_OLD,DUPLICATE_OR_OLD,170.941840994,170.941840994
171.061615933,6.174757826973926,28.629909150384808,0.015284339447985117,0.004743707035179158,0.15543538701338794,False,0.0,0.0,0.1461370623505843,MODEL_ONLY,DUPLICATE_OR_OLD,DUPLICATE_OR_OLD,170.941840994,170.941840994
171.111615933,6.270802735632533,28.941048164449864,0.006697963309658423,0.004743707035179158,0.15543538701338794,False,0.0,0.6697963309658423,0.19237715841132658,FUSED,ACCEPTED,ACCEPTED,171.017838627,171.017838627
171.161615933,6.323085495518501,29.25589537022871,0.01169796330965956,0.004743707035179158,0.15543538701338794,False,0.0,0.0,0.19237715841132658,MODEL_ONLY,DUPLICATE_OR_OLD,DUPLICATE_OR_OLD,171.017838627,171.017838627
171.21161593300002,6.382709742012339,29.573540251167053,0.006254395931250125,0.004743707035179158,0.15543538701338794,False,0.0,0.6254395931250124,0.1691660616487249,FUSED,ACCEPTED,ACCEPTED,171.127914225,171.127914225
171.261615933,6.433140554110423,29.893936508570015,0.011254395931248419,0.004743707035179158,0.15543538701338794,False,0.0,0.0,0.1691660616487249,MODEL_ONLY,DUPLICATE_OR_OLD,DUPLICATE_OR_OLD,171.127914225,171.127914225
171.311615933,6.485590315164095,30.216904780301952,0.006191114041935584,0.004743707035179158,0.15543538701338794,False,0.0,0.6191114041935581,0.17396741923237727,FUSED,ACCEPTED,ACCEPTED,171.22384081,171.22384081
171.361615933,6.535582422195542,30.542434098735832,0.011191114041933879,0.004743707035179158,0.15543538701338794,False,0.0,0.0,0.17396741923237727,MODEL_ONLY,DUPLICATE_OR_OLD,DUPLICATE_OR_OLD,171.22384081,171.22384081
171.411615933,6.587084093324082,30.870500761623898,0.006181911168807544,0.004743707035179158,0.15543538701338794,False,0.0,0.6181911168807543,0.17875331749643525,FUSED,ACCEPTED,ACCEPTED,171.317927601,171.317927601
171.46161593300002,6.636650564962663,31.201094128081145,0.011181911168808682,0.004743707035179158,0.15543538701338794,False,0.0,0.0,0.17875331749643525,MODEL_ONLY,DUPLICATE_OR_OLD,DUPLICATE_OR_OLD,171.317927601,171.317927601
171.511615933,6.683024555534639,31.534086006093464,0.006180569120594238,0.004743707035179158,0.15543538701338794,False,0.0,0.6180569120594236,0.1704582696768497,FUSED,ACCEPTED,ACCEPTED,171.437828329,171.437828329
171.561615933,6.731519023352555,31.86944959556572,0.011180569120595375,0.004743707035179158,0.15543538701338794,False,0.0,0.0,0.1704582696768497,MODEL_ONLY,DUPLICATE_OR_OLD,DUPLICATE_OR_OLD,171.437828329,171.437828329
171.611615933,6.776807219583513,32.207157751639,0.006180373331863903,0.004743707035179158,0.15543538701338794,False,0.0,0.6180373331863902,0.16864335465317593,FUSED,ACCEPTED,ACCEPTED,171.52195102,171.52195102
171.661615933,6.824569858470992,32.54719217859044,0.01118037333186504,0.004743707035179158,0.15543538701338794,False,0.0,0.0,0.16864335465317593,MODEL_ONLY,DUPLICATE_OR_OLD,DUPLICATE_OR_OLD,171.52195102,171.52195102
171.71161593300002,6.868015213044984,32.889506805378424,0.006180344766960135,0.004743707035179158,0.15543538701338794,False,0.0,0.6180344766960133,0.16305149520145834,FUSED,ACCEPTED,ACCEPTED,171.627851993,171.627851993
171.761615933,6.914880726905423,33.234079203877066,0.011180344766958429,0.004743707035179158,0.15543538701338794,False,0.0,0.0,0.16305149520145834,MODEL_ONLY,DUPLICATE_OR_OLD,DUPLICATE_OR_OLD,171.627851993,171.627851993
171.811615933,6.963202352945903,33.581031280873425,0.006180340599402526,0.004743707035179158,0.15543538701338794,False,0.0,0.6180340599402525,0.17591068066256982,FUSED,ACCEPTED,ACCEPTED,171.729823216,171.729823216
171.861615933,7.010109225552085,33.930364070335756,0.011180340599400821,0.004743707035179158,0.15543538701338794,False,0.0,0.0,0.17591068066256982,MODEL_ONLY,DUPLICATE_OR_OLD,DUPLICATE_OR_OLD,171.729823216,171.729823216
171.911615933,7.0575291184355065,34.282055028935524,0.006180339991364196,0.004743707035179158,0.15543538701338794,False,0.0,0.6180339991364194,0.17670393619351063,FUSED,ACCEPTED,ACCEPTED,171.833833813,171.833833813
171.96161593300002,7.103886955409655,34.636090430781735,0.011180339991365333,0.004743707035179158,0.15543538701338794,False,0.0,0.0,0.17670393619351063,MODEL_ONLY,DUPLICATE_OR_OLD,DUPLICATE_OR_OLD,171.833833813,171.833833813
172.011615933,7.145500526683338,34.992325117833936,0.006180339902652602,0.004743707035179158,0.15543538701338794,False,0.0,0.6180339902652601,0.16471009243797063,FUSED,ACCEPTED,ACCEPTED,171.927859007,171.927859007
172.061615933,7.190691157416487,35.35072990993651,0.01118033990265374,0.004743707035179158,0.15543538701338794,False,0.0,0.0,0.16471009243797063,MODEL_ONLY,DUPLICATE_OR_OLD,DUPLICATE_OR_OLD,171.927859007,171.927859007
172.111615933,7.214326847752873,35.71085536006562,0.006180339889709755,0.004743707035179158,0.15543538701338794,False,0.0,0.6180339889709754,0.110765799162002,FUSED,ACCEPTED,ACCEPTED,172.017850198,172.017850198
172.161615933,7.256292611365424,36.07262084654366,0.011180339889710893,0.004743707035179158,0.15543538701338794,False,0.0,0.0,0.110765799162002,MODEL_ONLY,DUPLICATE_OR_OLD,DUPLICATE_OR_OLD,172.017850198,172.017850198
172.21161593300002,7.304505378415114,36.43664079628826,0.006180339887821833,0.004743707035179158,0.15543538701338794,False,0.0,0.6180339887821832,0.16354220618352908,FUSED,ACCEPTED,ACCEPTED,172.145916669,172.145916669
172.261615933,7.3486024194143384,36.80296849123387,0.011180339887820127,0.004743707035179158,0.15543538701338794,False,0.0,0.0,0.16354220618352908,MODEL_ONLY,DUPLICATE_OR_OLD,DUPLICATE_OR_OLD,172.145916669,172.145916669
172.311615933,7.407661280044629,37.17187508372043,0.006180339887545974,0.004743707035179158,0.15543538701338794,False,0.0,0.6180339887545974,0.19674002939901802,FUSED,ACCEPTED,ACCEPTED,172.231828675,172.231828675
172.361615933,7.452907104201799,37.54338929332646,0.011180339887544268,0.004743707035179158,0.15543538701338794,False,0.0,0.0,0.19674002939901802,MODEL_ONLY,DUPLICATE_OR_OLD,DUPLICATE_OR_OLD,172.231828675,172.231828675
172.411615933,7.504860356363384,37.91733347984068,0.006180339887505727,0.004743707035179158,0.15543538701338794,False,0.0,0.6180339887505726,0.19724704685654232,FUSED,ACCEPTED,ACCEPTED,172.313814028,172.313814028
172.46161593300002,7.54963347063063,38.29369582551561,0.011180339887506864,0.004743707035179158,0.15543538701338794,False,0.0,0.0,0.19724704685654232,MODEL_ONLY,DUPLICATE_OR_OLD,DUPLICATE_OR_OLD,172.313814028,172.313814028
172.511615933,7.592587418637236,38.67225134774718,0.006180339887499855,0.004743707035179158,0.15543538701338794,False,0.0,0.6180339887499855,0.1870169944152883,FUSED,ACCEPTED,ACCEPTED,172.425841331,172.425841331
172.561615933,7.636368997951608,39.05297525816199,0.011180339887500992,0.004743707035179158,0.15543538701338794,False,0.0,0.0,0.1870169944152883,MODEL_ONLY,DUPLICATE_OR_OLD,DUPLICATE_OR_OLD,172.425841331,172.425841331
172.611615933,7.683764131141257,39.43597858638918,0.006180339887498999,0.004743707035179158,0.15543538701338794,False,0.0,0.6180339887498998,0.20361972531804773,FUSED,ACCEPTED,ACCEPTED,172.52183832,172.52183832
172.661615933,7.727909154161427,39.821270418521834,0.011180339887500137,0.004743707035179158,0.15543538701338794,False,0.0,0.0,0.20361972531804773,MODEL_ONLY,DUPLICATE_OR_OLD,DUPLICATE_OR_OLD,172.52183832,172.52183832
172.71161593300002,7.766027548190485,40.208618836080724,0.006180339887499289,0.004743707035179158,0.15543538701338794,False,0.0,0.6180339887499287,0.18155885373897326,FUSED,ACCEPTED,ACCEPTED,172.623828888,172.623828888
172.761615933,7.808867399684124,40.597991209777454,0.011180339887497583,0.004743707035179158,0.15543538701338794,False,0.0,0.0,0.18155885373897326,MODEL_ONLY,DUPLICATE_OR_OLD,DUPLICATE_OR_OLD,172.623828888,172.623828888
172.811615933,7.8517063680618175,40.989505553971185,0.016180339887498722,0.004743707035179158,0.15543538701338794,False,0.0,0.0,0.18155885373897326,MODEL_ONLY,DUPLICATE_OR_OLD,DUPLICATE_OR_OLD,172.623828888,172.623828888
172.861615933,7.894520605011645,41.383161228297894,0.021180339887497016,0.004743707035179158,0.15543538701338794,False,0.0,0.0,0.18155885373897326,MODEL_ONLY,DUPLICATE_OR_OLD,DUPLICATE_OR_OLD,172.623828888,172.623828888
172.911615933,7.9291748892304454,41.77875361565403,0.007236067977499731,0.004743707035179158,0.15543538701338794,False,0.0,0.7236067977499728,0.17277501192801836,FUSED,ACCEPTED,ACCEPTED,172.843875061,172.843875061
172.96161593300002,7.971437792733075,42.17626893270321,0.012236067977500868,0.004743707035179158,0.15543538701338794,False,0.0,0.0,0.17277501192801836,MODEL_ONLY,DUPLICATE_OR_OLD,DUPLICATE_OR_OLD,172.843875061,172.843875061
173.011615933,8.015248340887377,42.57593608604358,0.0063283980608869785,0.004743707035179158,0.15543538701338794,False,0.0,0.6328398060886978,0.18492972837274577,FUSED,ACCEPTED,ACCEPTED,172.919932268,172.919932268
173.061615933,8.057946926001383,42.97776596771589,0.011328398060888116,0.004743707035179158,0.15543538701338794,False,0.0,0.0,0.18492972837274577,MODEL_ONLY,DUPLICATE_OR_OLD,DUPLICATE_OR_OLD,172.919932268,172.919932268
173.111615933,8.099607785822096,43.381704835511336,0.006201819808074065,0.004743707035179158,0.15543538701338794,False,0.0,0.6201819808074063,0.1793096936842602,FUSED,ACCEPTED,ACCEPTED,173.023820891,173.023820891
173.161615933,8.14181197802471,43.7877403296076,0.011201819808075202,0.004743707035179158,0.15543538701338794,False,0.0,0.0,0.1793096936842602,MODEL_ONLY,DUPLICATE_OR_OLD,DUPLICATE_OR_OLD,173.023820891,173.023820891
173.21161593300002,8.156676737212443,44.19520254748862,0.006183471196562599,0.004743707035179158,0.15543538701338794,False,0.0,0.6183471196562598,0.10195158600177841,FUSED,ACCEPTED,ACCEPTED,173.117824387,173.117824387
173.261615933,8.194781885036457,44.6039890130447,0.011183471196560893,0.004743707035179158,0.15543538701338794,False,0.0,0.0,0.10195158600177841,MODEL_ONLY,DUPLICATE_OR_OLD,DUPLICATE_OR_OLD,173.117824387,173.117824387
173.311615933,8.247274862941028,45.01504043174423,0.006180796684698921,0.004743707035179158,0.15543538701338794,False,0.0,0.6180796684698922,0.1879143611656626,FUSED,ACCEPTED,ACCEPTED,173.231923134,173.231923134
173.361615933,8.289425232788414,45.42845793413733,0.011180796684697215,0.004743707035179158,0.15543538701338794,False,0.0,0.0,0.1879143611656626,MODEL_ONLY,DUPLICATE_OR_OLD,DUPLICATE_OR_OLD,173.231923134,173.231923134
173.411615933,8.350000234520673,45.84444357082015,0.006180406532149343,0.004743707035179158,0.15543538701338794,False,0.0,0.6180406532149341,0.2147514706220181,FUSED,ACCEPTED,ACCEPTED,173.331818725,173.331818725
173.46161593300002,8.393199047824314,46.26302355287887,0.01118040653215048,0.004743707035179158,0.15543538701338794,False,0.0,0.0,0.2147514706220181,MODEL_ONLY,DUPLICATE_OR_OLD,DUPLICATE_OR_OLD,173.331818725,173.331818725
173.511615933,8.44330803096922,46.68393622984856,0.006180349610797567,0.004743707035179158,0.15543538701338794,False,0.0,0.6180349610797566,0.21195793840878166,FUSED,ACCEPTED,ACCEPTED,173.425819022,173.425819022
173.561615933,8.486051758751676,47.10717022459168,0.011180349610798704,0.004743707035179158,0.15543538701338794,False,0.0,0.0,0.21195793840878166,MODEL_ONLY,DUPLICATE_OR_OLD,DUPLICATE_OR_OLD,173.425819022,173.425819022
173.611615933,8.519943004012884,47.532320093660644,0.00618034130610849,0.004743707035179158,0.15543538701338794,False,0.0,0.6180341306108488,0.18033174219300757,FUSED,ACCEPTED,ACCEPTED,173.527810629,173.527810629
173.661615933,8.560787125314514,47.95933834689393,0.011180341306109627,0.004743707035179158,0.15543538701338794,False,0.0,0.0,0.18033174219300757,MODEL_ONLY,DUPLICATE_OR_OLD,DUPLICATE_OR_OLD,173.527810629,173.527810629
173.71161593300002,8.602695966531787,48.38842542419018,0.006180340094471612,0.004743707035179158,0.15543538701338794,False,0.0,0.6180340094471611,0.19970347308979705,FUSED,ACCEPTED,ACCEPTED,173.627816685,173.627816685
173.761615933,8.644404425865067,48.81960293399996,0.011180340094469908,0.004743707035179158,0.15543538701338794,False,0.0,0.0,0.19970347308979705,MODEL_ONLY,DUPLICATE_OR_OLD,DUPLICATE_OR_OLD,173.627816685,173.627816685
173.811615933,8.690957276078544,49.25298697654865,0.00618033991769577,0.004743707035179158,0.15543538701338794,False,0.0,0.618033991769577,0.20915368909640997,FUSED,ACCEPTED,ACCEPTED,173.735812644,173.735812644
173.861615933,8.733164896042645,49.68859003085153,0.011180339917694064,0.004743707035179158,0.15543538701338794,False,0.0,0.0,0.20915368909640997,MODEL_ONLY,DUPLICATE_OR_OLD,DUPLICATE_OR_OLD,173.735812644,173.735812644
173.911615933,8.780102366669748,50.126421712419436,0.006180339891904522,0.004743707035179158,0.15543538701338794,False,0.0,0.6180339891904523,0.21628880964468875,FUSED,ACCEPTED,ACCEPTED,173.863852977,173.863852977
173.96161593300002,8.822599271253342,50.566489253367614,0.01118033989190566,0.004743707035179158,0.15543538701338794,False,0.0,0.0,0.21628880964468875,MODEL_ONLY,DUPLICATE_OR_OLD,DUPLICATE_OR_OLD,173.863852977,173.863852977
174.011615933,8.851896354621488,51.00835164401434,0.006180339888141631,0.004743707035179158,0.15543538701338794,False,0.0,0.618033988814163,0.17089209820456466,FUSED,ACCEPTED,ACCEPTED,173.935800574,173.935800574
174.061615933,8.891998985350218,51.45194902751373,0.011180339888142769,0.004743707035179158,0.15543538701338794,False,0.0,0.0,0.17089209820456466,MODEL_ONLY,DUPLICATE_OR_OLD,DUPLICATE_OR_OLD,173.935800574,173.935800574
174.111615933,8.940848339148062,51.89777021062603,0.006180339887592632,0.004743707035179158,0.15543538701338794,False,0.0,0.6180339887592632,0.2185063152892354,FUSED,ACCEPTED,ACCEPTED,174.029843601,174.029843601
174.161615933,8.983172343990937,52.34587072770461,0.01118033988759377,0.004743707035179158,0.15543538701338794,False,0.0,0.0,0.2185063152892354,MODEL_ONLY,DUPLICATE_OR_OLD,DUPLICATE_OR_OLD,174.029843601,174.029843601
174.21161593300002,9.02266977639941,52.79601678071447,0.00618033988751295,0.004743707035179158,0.15543538701338794,False,0.0,0.6180339887512949,0.19411448898319242,FUSED,ACCEPTED,ACCEPTED,174.123881008,174.123881008
174.261615933,9.05884319612189,53.24805460502734,0.005278640450006948,0.004743707035179158,0.15543538701338794,False,0.0,0.5278640450006946,0.18515794351488526,FUSED,ACCEPTED,ACCEPTED,174.231879928,174.231879928
174.311615933,9.099196296942756,53.70200559235406,0.010278640450008085,0.004743707035179158,0.15543538701338794,False,0.0,0.0,0.18515794351488526,MODEL_ONLY,DUPLICATE_OR_OLD,DUPLICATE_OR_OLD,174.231879928,174.231879928
174.361615933,9.139433181148249,54.15797132930618,0.015278640450006379,0.004743707035179158,0.15543538701338794,False,0.0,0.0,0.18515794351488526,MODEL_ONLY,DUPLICATE_OR_OLD,DUPLICATE_OR_OLD,174.231879928,174.231879928
174.411615933,9.17955042675849,54.61594591950395,0.020278640450007518,0.004743707035179158,0.15543538701338794,False,0.0,0.0,0.18515794351488526,MODEL_ONLY,DUPLICATE_OR_OLD,DUPLICATE_OR_OLD,174.231879928,174.231879928
174.46161593300002,9.219545224180631,55.07592331077754,0.025278640450008653,0.004743707035179158,0.15543538701338794,False,0.0,0.0,0.18515794351488526,MODEL_ONLY,DUPLICATE_OR_OLD,DUPLICATE_OR_OLD,174.231879928,174.231879928
174.511615933,9.25463951123062,55.53777792916266,0.0075172945540672356,0.004743707035179158,0.15543538701338794,False,0.0,0.7517294554067235,0.18471480378406874,FUSED,ACCEPTED,ACCEPTED,174.443887614,174.443887614
174.561615933,9.294365475711936,56.00150305383633,0.012517294554068373,0.004743707035179158,0.15543538701338794,False,0.0,0.0,0.18471480378406874,MODEL_ONLY,DUPLICATE_OR_OLD,DUPLICATE_OR_OLD,174.443887614,174.443887614
174.611615933,9.346821284102893,56.46753272283154,0.006365921809518102,0.004743707035179158,0.15543538701338794,False,0.0,0.63659218095181,0.2256912720609862,FUSED,ACCEPTED,ACCEPTED,174.527813172,174.527813172
174.661615933,9.388345170029769,56.93591188418497,0.01136592180951924,0.004743707035179158,0.15543538701338794,False,0.0,0.0,0.2256912720609862,MODEL_ONLY,DUPLICATE_OR_OLD,DUPLICATE_OR_OLD,174.527813172,174.527813172
174.71161593300002,9.406182632249756,57.40577507924206,0.006207225344805076,0.004743707035179158,0.15543538701338794,False,0.0,0.6207225344805074,0.13872666422107918,FUSED,ACCEPTED,ACCEPTED,174.631922567,174.631922567
174.761615933,9.443110081222883,57.877007397078714,0.011207225344803371,0.004743707035179158,0.15543538701338794,False,0.0,0.0,0.13872666422107918,MODEL_ONLY,DUPLICATE_OR_OLD,DUPLICATE_OR_OLD,174.631922567,174.631922567
174.811615933,9.495626660867558,58.350475815631086,0.006184258398807388,0.004743707035179158,0.15543538701338794,False,0.0,0.6184258398807385,0.224348010429203,FUSED,ACCEPTED,ACCEPTED,174.731795825,174.731795825
174.861615933,9.536770886632446,58.82628575431842,0.011184258398805682,0.004743707035179158,0.15543538701338794,False,0.0,0.0,0.224348010429203,MODEL_ONLY,DUPLICATE_OR_OLD,DUPLICATE_OR_OLD,174.731795825,174.731795825
174.911615933,9.594820481712707,59.30457553852716,0.00618091150503782,0.004743707035179158,0.15543538701338794,False,0.0,0.6180911505037818,0.24374917331311727,FUSED,ACCEPTED,ACCEPTED,174.82180658,174.82180658
174.96161593300002,9.636974420242886,59.78537041107616,0.011180911505038957,0.004743707035179158,0.15543538701338794,False,0.0,0.0,0.24374917331311727,MODEL_ONLY,DUPLICATE_OR_OLD,DUPLICATE_OR_OLD,174.82180658,174.82180658
175.011615933,9.665039844722472,60.267920767700126,0.006180423283552988,0.004743707035179158,0.15543538701338794,False,0.0,0.6180423283552987,0.18269934792968817,FUSED,ACCEPTED,ACCEPTED,174.959813604,174.959813604
175.061615933,9.704103966123935,60.7521493629714,0.011180423283554126,0.004743707035179158,0.15543538701338794,False,0.0,0.0,0.18269934792968817,MODEL_ONLY,DUPLICATE_OR_OLD,DUPLICATE_OR_OLD,174.959813604,174.959813604
175.111615933,9.738921539646524,61.2382250006155,0.006180352054780415,0.004743707035179158,0.15543538701338794,False,0.0,0.6180352054780414,0.1922607936500742,FUSED,ACCEPTED,ACCEPTED,175.037817546,175.037817546
175.161615933,9.778377034104244,61.72615746495938,0.011180352054781552,0.004743707035179158,0.15543538701338794,False,0.0,0.0,0.1922607936500742,MODEL_ONLY,DUPLICATE_OR_OLD,DUPLICATE_OR_OLD,175.037817546,175.037817546
175.21161593300002,9.813823762610653,62.21596248487736,0.006180341662680898,0.004743707035179158,0.15543538701338794,False,0.0,0.6180341662680897,0.1844146690409844,FUSED,ACCEPTED,ACCEPTED,175.127923034,175.127923034
175.261615933,9.852767714527698,62.707627271805656,0.011180341662679193,0.004743707035179158,0.15543538701338794,False,0.0,0.0,0.1844146690409844,MODEL_ONLY,DUPLICATE_OR_OLD,DUPLICATE_OR_OLD,175.127923034,175.127923034
175.311615933,9.889935167163719,63.20119484384805,0.006180340146494405,0.004743707035179158,0.15543538701338794,False,0.0,0.6180340146494403,0.18555376727072376,FUSED,ACCEPTED,ACCEPTED,175.225793448,175.225793448
175.361615933,9.928791771347505,63.69666301731066,0.0111803401464927,0.004743707035179158,0.15543538701338794,False,0.0,0.0,0.18555376727072376,MODEL_ONLY,DUPLICATE_OR_OLD,DUPLICATE_OR_OLD,175.225793448,175.225793448
175.411615933,9.966650703486703,64.19404907918162,0.006180339925285794,0.004743707035179158,0.15543538701338794,False,0.0,0.6180339925285794,0.1852260674360162,FUSED,ACCEPTED,ACCEPTED,175.319790157,175.319790157
175.46161593300002,10.00532642019995,64.69334850727391,0.011180339925286931,0.004743707035179158,0.15543538701338794,False,0.0,0.0,0.1852260674360162,MODEL_ONLY,DUPLICATE_OR_OLD,DUPLICATE_OR_OLD,175.319790157,175.319790157
175.511615933,10.051672184108066,65.19477347238144,0.006180339893011893,0.004743707035179158,0.15543538701338794,False,0.0,0.6180339893011891,0.20965488600865462,FUSED,ACCEPTED,ACCEPTED,175.425843121,175.425843121
175.561615933,10.09138497270041,65.69834990130177,0.011180339893013029,0.004743707035179158,0.15543538701338794,False,0.0,0.0,0.20965488600865462,MODEL_ONLY,DUPLICATE_OR_OLD,DUPLICATE_OR_OLD,175.425843121,175.425843121
175.611615933,10.118747165406887,66.20360320475427,0.006180339888303195,0.004743707035179158,0.15543538701338794,False,0.0,0.6180339888303192,0.16265667998285846,FUSED,ACCEPTED,ACCEPTED,175.539848487,175.539848487
175.661615933,10.155911128531427,66.71046966210285,0.011180339888304332,0.004743707035179158,0.15543538701338794,False,0.0,0.0,0.16265667998285846,MODEL_ONLY,DUPLICATE_OR_OLD,DUPLICATE_OR_OLD,175.539848487,175.539848487
175.71161593300002,10.184827737044234,67.21898813374237,0.006180339887616619,0.004743707035179158,0.15543538701338794,False,0.0,0.6180339887616617,0.15927230468294315,FUSED,ACCEPTED,ACCEPTED,175.627839591,175.627839591
175.761615933,10.213310473275609,67.72894158900019,0.005278640450030056,0.004743707035179158,0.15543538701338794,False,0.0,0.5278640450030057,0.140853543025995,FUSED,ACCEPTED,ACCEPTED,175.737879823,175.737879823
175.811615933,10.249077007604559,68.24050127602231,0.010278640450031193,0.004743707035179158,0.15543538701338794,False,0.0,0.0,0.140853543025995,MODEL_ONLY,DUPLICATE_OR_OLD,DUPLICATE_OR_OLD,175.737879823,175.737879823
175.861615933,10.284737143646037,68.75384662980339,0.015278640450029489,0.004743707035179158,0.15543538701338794,False,0.0,0.0,0.140853543025995,MODEL_ONLY,DUPLICATE_OR_OLD,DUPLICATE_OR_OLD,175.737879823,175.737879823
175.911615933,10.31644109557783,69.2688760857841,0.00669734180552024,0.004743707035179158,0.15543538701338794,False,0.0,0.6697341805520238,0.1455816993715152,FUSED,ACCEPTED,ACCEPTED,175.831801852,175.831801852
175.96161593300002,10.35213082406123,69.78559038377519,0.011697341805521377,0.004743707035179158,0.15543538701338794,False,0.0,0.0,0.1455816993715152,MODEL_ONLY,DUPLICATE_OR_OLD,DUPLICATE_OR_OLD,175.831801852,175.831801852
176.011615933,10.373866194974214,70.3037403092509,0.006254308734987054,0.004743707035179158,0.15543538701338794,False,0.0,0.6254308734987053,0.10779855048587327,FUSED,ACCEPTED,ACCEPTED,175.933789447,175.933789447
176.061615933,10.407773650319024,70.82328130538335,0.011254308734988191,0.004743707035179158,0.15543538701338794,False,0.0,0.0,0.10779855048587327,MODEL_ONLY,DUPLICATE_OR_OLD,DUPLICATE_OR_OLD,175.933789447,175.933789447
176.111615933,10.441709665667547,71.34451838828284,0.016254308734986487,0.004743707035179158,0.15543538701338794,False,0.0,0.0,0.10779855048587327,MODEL_ONLY,DUPLICATE_OR_OLD,DUPLICATE_OR_OLD,175.933789447,175.933789447
176.161615933,10.475658577663495,71.86745259436623,0.021254308734987626,0.004743707035179158,0.15543538701338794,False,0.0,0.0,0.10779855048587327,MODEL_ONLY,DUPLICATE_OR_OLD,DUPLICATE_OR_OLD,175.933789447,175.933789447
176.21161593300002,10.480168842308482,72.39134827986565,0.007241707165595721,0.004743707035179158,0.15543538701338794,False,0.0,0.7241707165595719,0.060848405894949886,FUSED,ACCEPTED,ACCEPTED,176.171794301,176.171794301
176.261615933,10.511760191875045,72.91614650572006,0.012241707165594015,0.004743707035179158,0.15543538701338794,False,0.0,0.0,0.060848405894949886,MODEL_ONLY,DUPLICATE_OR_OLD,DUPLICATE_OR_OLD,176.171794301,176.171794301
176.311615933,10.556237998917185,73.44284646048999,0.006329158103340354,0.004743707035179158,0.15543538701338794,False,0.0,0.6329158103340352,0.12388452677631492,FUSED,ACCEPTED,ACCEPTED,176.233878331,176.233878331
176.361615933,10.590932385089518,73.97152572008997,0.011329158103338649,0.004743707035179158,0.15543538701338794,False,0.0,0.0,0.12388452677631492,MODEL_ONLY,DUPLICATE_OR_OLD,DUPLICATE_OR_OLD,176.233878331,176.233878331
176.411615933,10.624990389486175,74.50192378945448,0.006201929449946398,0.004743707035179158,0.15543538701338794,False,0.0,0.6201929449946397,0.09850258291399619,FUSED,ACCEPTED,ACCEPTED,176.321796611,176.321796611
176.46161593300002,10.658621270858397,75.03401408096322,0.011201929449947535,0.004743707035179158,0.15543538701338794,False,0.0,0.0,0.09850258291399619,MODEL_ONLY,DUPLICATE_OR_OLD,DUPLICATE_OR_OLD,176.321796611,176.321796611
176.511615933,10.682132940713661,75.56753293625233,0.006183487166812186,0.004743707035179158,0.15543538701338794,False,0.0,0.6183487166812185,0.07319848800669497,FUSED,ACCEPTED,ACCEPTED,176.431793904,176.431793904
176.561615933,10.714619256633316,76.10245174118613,0.011183487166813322,0.004743707035179158,0.15543538701338794,False,0.0,0.0,0.07319848800669497,MODEL_ONLY,DUPLICATE_OR_OLD,DUPLICATE_OR_OLD,176.431793904,176.431793904
176.611615933,10.74308825772944,76.63889442904502,0.006180799014168247,0.004743707035179158,0.15543538701338794,False,0.0,0.6180799014168246,0.07608325990757468,FUSED,ACCEPTED,ACCEPTED,176.525775282,176.525775282
176.661615933,10.775773016207092,77.17686596089356,0.011180799014169384,0.004743707035179158,0.15543538701338794,False,0.0,0.0,0.07608325990757468,MODEL_ONLY,DUPLICATE_OR_OLD,DUPLICATE_OR_OLD,176.525775282,176.525775282
176.71161593300002,10.811296846830553,77.71654270746963,0.006180406872002862,0.004743707035179158,0.15543538701338794,False,0.0,0.618040687200286,0.08826896274412861,FUSED,ACCEPTED,ACCEPTED,176.635797751,176.635797751
176.761615933,10.844732405116877,78.25794343876812,0.011180406872001156,0.004743707035179158,0.15543538701338794,False,0.0,0.0,0.08826896274412861,MODEL_ONLY,DUPLICATE_OR_OLD,DUPLICATE_OR_OLD,176.635797751,176.635797751
176.811615933,10.873813268851226,78.80090708061745,0.006180349660381274,0.004743707035179158,0.15543538701338794,False,0.0,0.6180349660381272,0.0695101816581551,FUSED,ACCEPTED,ACCEPTED,176.737769416,176.737769416
176.861615933,10.906501213037998,79.3454149426645,0.01118034966037957,0.004743707035179158,0.15543538701338794,False,0.0,0.0,0.0695101816581551,MODEL_ONLY,DUPLICATE_OR_OLD,DUPLICATE_OR_OLD,176.737769416,176.737769416
176.911615933,10.94079053061906,79.89159723625605,0.006180341313342649,0.004743707035179158,0.15543538701338794,False,0.0,0.6180341313342648,0.08116975460783908,FUSED,ACCEPTED,ACCEPTED,176.825841862,176.825841862
176.96161593300002,10.974166507498479,80.43947116220912,0.011180341313343787,0.004743707035179158,0.15543538701338794,False,0.0,0.0,0.08116975460783908,MODEL_ONLY,DUPLICATE_OR_OLD,DUPLICATE_OR_OLD,176.825841862,176.825841862
177.011615933,10.998738004119994,80.98879377499938,0.006180340095526647,0.004743707035179158,0.15543538701338794,False,0.0,0.6180340095526646,0.05284997141797653,FUSED,ACCEPTED,ACCEPTED,176.93580084,176.93580084
177.061615933,11.030472783339356,81.53952404468599,0.011180340095527784,0.004743707035179158,0.15543538701338794,False,0.0,0.0,0.05284997141797653,MODEL_ONLY,DUPLICATE_OR_OLD,DUPLICATE_OR_OLD,176.93580084,176.93580084
177.111615933,11.062842435107392,82.09185692514697,0.006180339917849698,0.004743707035179158,0.15543538701338794,False,0.0,0.6180339917849698,0.069577857549596,FUSED,ACCEPTED,ACCEPTED,177.027845226,177.027845226
177.161615933,11.09520040849821,82.64580799623724,0.011180339917850834,0.004743707035179158,0.15543538701338794,False,0.0,0.0,0.069577857549596,MODEL_ONLY,DUPLICATE_OR_OLD,DUPLICATE_OR_OLD,177.027845226,177.027845226
177.21161593300002,11.123859506128941,83.20128449410304,0.006180339891927396,0.004743707035179158,0.15543538701338794,False,0.0,0.6180339891927393,0.056406370280679456,FUSED,ACCEPTED,ACCEPTED,177.121775807,177.121775807
177.261615933,11.155355716200088,83.75826487466107,0.01118033989192569,0.004743707035179158,0.15543538701338794,False,0.0,0.0,0.056406370280679456,MODEL_ONLY,DUPLICATE_OR_OLD,DUPLICATE_OR_OLD,177.121775807,177.121775807
177.311615933,11.170879431307492,84.31642075334888,0.006180339888144967,0.004743707035179158,0.15543538701338794,False,0.0,0.6180339888144968,0.017823172064598776,FUSED,ACCEPTED,ACCEPTED,177.247899453,177.247899453
177.361615933,11.200253814137142,84.87569908448481,0.011180339888143261,0.004743707035179158,0.15543538701338794,False,0.0,0.0,0.017823172064598776,MODEL_ONLY,DUPLICATE_OR_OLD,DUPLICATE_OR_OLD,177.247899453,177.247899453
177.411615933,11.234116426364464,85.43655834049748,0.00618033988759312,0.004743707035179158,0.15543538701338794,False,0.0,0.6180339887593118,0.05473955901178751,FUSED,ACCEPTED,ACCEPTED,177.329921032,177.329921032
177.46161593300002,11.265151356975911,85.99904003508111,0.011180339887594256,0.004743707035179158,0.15543538701338794,False,0.0,0.0,0.05473955901178751,MODEL_ONLY,DUPLICATE_OR_OLD,DUPLICATE_OR_OLD,177.329921032,177.329921032
177.511615933,11.298058430698623,86.56312027977278,0.006180339887512605,0.004743707035179158,0.15543538701338794,False,0.0,0.6180339887512605,0.050624790361195646,FUSED,ACCEPTED,ACCEPTED,177.433853653,177.433853653
177.561615933,11.328705500702723,87.12878937805795,0.011180339887513742,0.004743707035179158,0.15543538701338794,False,0.0,0.0,0.050624790361195646,MODEL_ONLY,DUPLICATE_OR_OLD,DUPLICATE_OR_OLD,177.433853653,177.433853653
177.611615933,11.355042419565116,87.69588307606445,0.006180339887500859,0.004743707035179158,0.15543538701338794,False,0.0,0.6180339887500857,0.03706176511210699,FUSED,ACCEPTED,ACCEPTED,177.515747263,177.515747263
177.661615933,11.384836455397101,88.26438004793863,0.011180339887501996,0.004743707035179158,0.15543538701338794,False,0.0,0.0,0.03706176511210699,MODEL_ONLY,DUPLICATE_OR_OLD,DUPLICATE_OR_OLD,177.515747263,177.515747263
177.71161593300002,11.405199926391067,88.83413095748347,0.00618033988749956,0.004743707035179158,0.15543538701338794,False,0.0,0.618033988749956,0.017816037430268904,FUSED,ACCEPTED,ACCEPTED,177.633854247,177.633854247
177.761615933,11.433864931532543,89.40510757893136,0.011180339887497854,0.004743707035179158,0.15543538701338794,False,0.0,0.0,0.017816037430268904,MODEL_ONLY,DUPLICATE_OR_OLD,DUPLICATE_OR_OLD,177.633854247,177.633854247
177.811615933,11.468894177639262,89.9776765566608,0.006180339887498956,0.004743707035179158,0.15543538701338794,False,0.0,0.6180339887498953,0.05057777516858906,FUSED,ACCEPTED,ACCEPTED,177.731838017,177.731838017
177.861615933,11.49889240825136,90.55187122130786,0.01118033988749725,0.004743707035179158,0.15543538701338794,False,0.0,0.0,0.05057777516858906,MODEL_ONLY,DUPLICATE_OR_OLD,DUPLICATE_OR_OLD,177.731838017,177.731838017
177.911615933,11.517048579892215,91.12726974601158,0.006180339887498868,0.004743707035179158,0.15543538701338794,False,0.0,0.6180339887498867,0.006697093714516246,FUSED,ACCEPTED,ACCEPTED,177.845788812,177.845788812
177.96161593300002,11.544459340038621,91.70380744401,0.011180339887500005,0.004743707035179158,0.15543538701338794,False,0.0,0.0,0.006697093714516246,MODEL_ONLY,DUPLICATE_OR_OLD,DUPLICATE_OR_OLD,177.845788812,177.845788812
178.011615933,11.57114324141869,92.28169750854623,0.006180339887498855,0.004743707035179158,0.15543538701338794,False,0.0,0.6180339887498854,0.024765587888130547,FUSED,ACCEPTED,ACCEPTED,177.931830837,177.931830837
178.061615933,11.599123699238195,92.86095418206278,0.011180339887499991,0.004743707035179158,0.15543538701338794,False,0.0,0.0,0.024765587888130547,MODEL_ONLY,DUPLICATE_OR_OLD,DUPLICATE_OR_OLD,177.931830837,177.931830837
178.111615933,11.626400472363544,93.44159228635263,0.006180339887498852,0.004743707035179158,0.15543538701338794,False,0.0,0.6180339887498851,0.022288372009803308,FUSED,ACCEPTED,ACCEPTED,178.021755711,178.021755711
178.161615933,11.653969692074522,94.02360154046372,0.01118033988749999,0.004743707035179158,0.15543538701338794,False,0.0,0.0,0.022288372009803308,MODEL_ONLY,DUPLICATE_OR_OLD,DUPLICATE_OR_OLD,178.021755711,178.021755711
178.21161593300002,11.678079307169705,94.60690276544496,0.006180339887499267,0.004743707035179158,0.15543538701338794,False,0.0,0.6180339887499267,0.014653164936073628,FUSED,ACCEPTED,ACCEPTED,178.121819664,178.121819664
178.261615933,11.705016563759706,95.19148016221799,0.011180339887497562,0.004743707035179158,0.15543538701338794,False,0.0,0.0,0.014653164936073628,MODEL_ONLY,DUPLICATE_OR_OLD,DUPLICATE_OR_OLD,178.121819664,178.121819664
178.311615933,11.736627223565122,95.77752125690125,0.006180339887498913,0.004743707035179158,0.15543538701338794,False,0.0,0.6180339887498912,0.03463673029193857,FUSED,ACCEPTED,ACCEPTED,178.221895996,178.221895996
178.361615933,11.764340309533448,96.36504544522852,0.011180339887497209,0.004743707035179158,0.15543538701338794,False,0.0,0.0,0.03463673029193857,MODEL_ONLY,DUPLICATE_OR_OLD,DUPLICATE_OR_OLD,178.221895996,178.221895996
178.411615933,11.78923923158652,96.95388493375665,0.006180339887498861,0.004743707035179158,0.15543538701338794,False,0.0,0.618033988749886,0.01901697890224998,FUSED,ACCEPTED,ACCEPTED,178.325755566,178.325755566
178.46161593300002,11.81596823767062,97.54401512048821,0.011180339887499998,0.004743707035179158,0.15543538701338794,False,0.0,0.0,0.01901697890224998,MODEL_ONLY,DUPLICATE_OR_OLD,DUPLICATE_OR_OLD,178.325755566,178.325755566
178.511615933,11.84289588349423,98.13548672351713,0.006180339887498853,0.004743707035179158,0.15543538701338794,False,0.0,0.6180339887498852,0.02608978682958757,FUSED,ACCEPTED,ACCEPTED,178.429861091,178.429861091
178.561615933,11.86979238993294,98.72830393035295,0.011180339887499991,0.004743707035179158,0.15543538701338794,False,0.0,0.0,0.02608978682958757,MODEL_ONLY,DUPLICATE_OR_OLD,DUPLICATE_OR_OLD,178.429861091,178.429861091
178.611615933,11.899718995066818,99.32254171497773,0.006180339887498852,0.004743707035179158,0.15543538701338794,False,0.0,0.6180339887498851,0.035691328921947256,FUSED,ACCEPTED,ACCEPTED,178.523807015,178.523807015
178.661615933,11.926657773753801,99.91820113419838,0.01118033988749999,0.004743707035179158,0.15543538701338794,False,0.0,0.0,0.035691328921947256,MODEL_ONLY,DUPLICATE_OR_OLD,DUPLICATE_OR_OLD,178.523807015,178.523807015
178.71161593300002,11.957762745240458,100.51531164717338,0.006180339887499267,0.004743707035179158,0.15543538701338794,False,0.0,0.6180339887499267,0.044877635471346114,FUSED,ACCEPTED,ACCEPTED,178.627782789,178.627782789
178.761615933,11.984792947964223,101.11387553950328,0.011180339887497562,0.004743707035179158,0.15543538701338794,False,0.0,0.0,0.044877635471346114,MODEL_ONLY,DUPLICATE_OR_OLD,DUPLICATE_OR_OLD,178.627782789,178.627782789
178.811615933,12.011148272952328,101.71377407002633,0.006180339887498913,0.004743707035179158,0.15543538701338794,False,0.0,0.6180339887498912,0.03846091438555588,FUSED,ACCEPTED,ACCEPTED,178.733729427,178.733729427
178.861615933,12.037544361387027,102.31499138588461,0.011180339887497209,0.004743707035179158,0.15543538701338794,False,0.0,0.0,0.03846091438555588,MODEL_ONLY,DUPLICATE_OR_OLD,DUPLICATE_OR_OLD,178.733729427,178.733729427
178.911615933,12.05932204888604,102.91741304614158,0.006180339887498861,0.004743707035179158,0.15543538701338794,False,0.0,0.618033988749886,0.02787632945718143,FUSED,ACCEPTED,ACCEPTED,178.833775889,178.833775889
178.96161593300002,12.084776332141125,103.5210155056674,0.011180339887499998,0.004743707035179158,0.15543538701338794,False,0.0,0.0,0.02787632945718143,MODEL_ONLY,DUPLICATE_OR_OLD,DUPLICATE_OR_OLD,178.833775889,178.833775889
179.011615933,12.108322216991986,104.12584296939552,0.006180339887498853,0.004743707035179158,0.15543538701338794,False,0.0,0.6180339887498852,0.03142123133050726,FUSED,ACCEPTED,ACCEPTED,178.935751028,178.935751028
179.061615933,12.133483557993607,104.7318881137703,0.011180339887499991,0.004743707035179158,0.15543538701338794,False,0.0,0.0,0.03142123133050726,MODEL_ONLY,DUPLICATE_OR_OLD,DUPLICATE_OR_OLD,178.935751028,178.935751028
179.111615933,12.163707724022705,105.33931789582051,0.006180339887498852,0.004743707035179158,0.15543538701338794,False,0.0,0.6180339887498851,0.05102005316975454,FUSED,ACCEPTED,ACCEPTED,179.029724957,179.029724957
179.161615933,12.189178241777233,105.94814004496564,0.01118033988749999,0.004743707035179158,0.15543538701338794,False,0.0,0.0,0.05102005316975454,MODEL_ONLY,DUPLICATE_OR_OLD,DUPLICATE_OR_OLD,179.029724957,179.029724957
179.21161593300002,12.210204956025608,106.55812462491085,0.006180339887499267,0.004743707035179158,0.15543538701338794,False,0.0,0.6180339887499267,0.03333668264000113,FUSED,ACCEPTED,ACCEPTED,179.127810538,179.127810538
179.261615933,12.23395418844662,107.16922860352244,0.011180339887497562,0.004743707035179158,0.15543538701338794,False,0.0,0.0,0.03333668264000113,MODEL_ONLY,DUPLICATE_OR_OLD,DUPLICATE_OR_OLD,179.127810538,179.127810538
179.311615933,12.242017858067378,107.78112790468543,0.006180339887498913,0.004743707035179158,0.15543538701338794,False,0.0,0.6180339887498912,-7.633248984588448e-05,FUSED,ACCEPTED,ACCEPTED,179.233758571,179.233758571
179.361615933,12.26311968913989,108.3937563433654,0.011180339887497209,0.004743707035179158,0.15543538701338794,False,0.0,0.0,-7.633248984588448e-05,MODEL_ONLY,DUPLICATE_OR_OLD,DUPLICATE_OR_OLD,179.233758571,179.233758571
179.411615933,12.28836676835492,109.00754350480291,0.006180339887498861,0.004743707035179158,0.15543538701338794,False,0.0,0.618033988749886,0.03869201454322518,FUSED,ACCEPTED,ACCEPTED,179.319789611,179.319789611
179.46161593300002,12.310634938419687,109.62251854747241,0.011180339887499998,0.004743707035179158,0.15543538701338794,False,0.0,0.0,0.03869201454322518,MODEL_ONLY,DUPLICATE_OR_OLD,DUPLICATE_OR_OLD,179.319789611,179.319789611
179.511615933,12.330872527818505,110.23855623412815,0.006180339887498853,0.004743707035179158,0.15543538701338794,False,0.0,0.6180339887498852,0.02681178975354829,FUSED,ACCEPTED,ACCEPTED,179.451779472,179.451779472
179.561615933,12.351599377360769,110.85561803175779,0.011180339887499991,0.004743707035179158,0.15543538701338794,False,0.0,0.0,0.02681178975354829,MODEL_ONLY,DUPLICATE_OR_OLD,DUPLICATE_OR_OLD,179.451779472,179.451779472
179.611615933,12.373241716449494,111.47373905910283,0.006180339887498852,0.004743707035179158,0.15543538701338794,False,0.0,0.6180339887498851,0.036356229460115935,FUSED,ACCEPTED,ACCEPTED,179.535834878,179.535834878
179.661615933,12.393696005331751,112.09291250214748,0.01118033988749999,0.004743707035179158,0.15543538701338794,False,0.0,0.0,0.036356229460115935,MODEL_ONLY,DUPLICATE_OR_OLD,DUPLICATE_OR_OLD,179.535834878,179.535834878
179.71161593300002,12.410545988844483,112.71301855200204,0.006180339887499267,0.004743707035179158,0.15543538701338794,False,0.0,0.6180339887499267,0.026232912520740722,FUSED,ACCEPTED,ACCEPTED,179.625752079,179.625752079
179.761615933,12.429899897368292,113.33402969915714,0.011180339887497562,0.004743707035179158,0.15543538701338794,False,0.0,0.0,0.026232912520740722,MODEL_ONLY,DUPLICATE_OR_OLD,DUPLICATE_OR_OLD,179.625752079,179.625752079
179.811615933,12.44025049519435,113.95578345897135,0.006180339887498913,0.004743707035179158,0.15543538701338794,False,0.0,0.6180339887498912,0.008130367541924036,FUSED,ACCEPTED,ACCEPTED,179.737749754,179.737749754
179.861615933,12.458227419972323,114.57824540685031,0.011180339887497209,0.004743707035179158,0.15543538701338794,False,0.0,0.0,0.008130367541924036,MODEL_ONLY,DUPLICATE_OR_OLD,DUPLICATE_OR_OLD,179.737749754,179.737749754
179.911615933,12.458192168369516,115.201155896559,0.006180339887498861,0.004743707035179158,0.15543538701338794,False,0.0,0.618033988749886,-0.030921936885559272,FUSED,ACCEPTED,ACCEPTED,179.823795754,179.823795754
179.96161593300002,12.468974188476034,115.82433505548028,0.005278640450004441,0.004743707035179158,0.15543538701338794,False,0.0,0.5278640450004439,-0.02096788525872976,FUSED,ACCEPTED,ACCEPTED,179.929773871,179.929773871
180.011615933,12.484964493665807,116.4481835225336,0.010278640450002735,0.004743707035179158,0.15543538701338794,False,0.0,0.0,-0.02096788525872976,MODEL_ONLY,DUPLICATE_OR_OLD,DUPLICATE_OR_OLD,179.929773871,179.929773871
180.061615933,12.50081293053245,117.0728279581387,0.015278640450003872,0.004743707035179158,0.15543538701338794,False,0.0,0.0,-0.02096788525872976,MODEL_ONLY,DUPLICATE_OR_OLD,DUPLICATE_OR_OLD,179.929773871,179.929773871
180.111615933,12.508982611317778,117.69807284668474,0.0066973418055171355,0.004743707035179158,0.15543538701338794,False,0.0,0.6697341805517134,-0.03238142258037169,FUSED,ACCEPTED,ACCEPTED,180.073719827,180.073719827
180.161615933,12.52401783876032,118.32389785793683,0.011697341805518274,0.004743707035179158,0.15543538701338794,False,0.0,0.0,-0.03238142258037169,MODEL_ONLY,DUPLICATE_OR_OLD,DUPLICATE_OR_OLD,180.073719827,180.073719827
180.21161593300002,12.52509494154538,118.95012567744462,0.0062543087349870175,0.004743707035179158,0.15543538701338794,False,0.0,0.6254308734987017,-0.06410853769427396,FUSED,ACCEPTED,ACCEPTED,180.149801474,180.149801474
180.261615933,12.53799875677284,119.57670301990237,0.011254308734985313,0.004743707035179158,0.15543538701338794,False,0.0,0.0,-0.06410853769427396,MODEL_ONLY,DUPLICATE_OR_OLD,DUPLICATE_OR_OLD,180.149801474,180.149801474
180.311615933,12.553344107703081,120.20398659151441,0.0061911013917978295,0.004743707035179158,0.15543538701338794,False,0.0,0.6191101391797829,-0.0357022285553929,FUSED,ACCEPTED,ACCEPTED,180.223733143,180.223733143
180.361615933,12.567240052134943,120.83200119551016,0.011191101391796125,0.004743707035179158,0.15543538701338794,False,0.0,0.0,-0.0357022285553929,MODEL_ONLY,DUPLICATE_OR_OLD,DUPLICATE_OR_OLD,180.223733143,180.223733143
180.411615933,12.581548718287278,121.46072091477085,0.006181909324694578,0.004743707035179158,0.15543538701338794,False,0.0,0.6181909324694577,-0.03994230116972746,FUSED,ACCEPTED,ACCEPTED,180.319777252,180.319777252
180.46161593300002,12.594893049312528,122.090131958961,0.011181909324695715,0.004743707035179158,0.15543538701338794,False,0.0,0.0,-0.03994230116972746,MODEL_ONLY,DUPLICATE_OR_OLD,DUPLICATE_OR_OLD,180.319777252,180.319777252
180.511615933,12.614683154279678,122.72037136405058,0.006180568851574055,0.004743707035179158,0.15543538701338794,False,0.0,0.6180568851574055,-0.019426226805525745,FUSED,ACCEPTED,ACCEPTED,180.425739428,180.425739428
180.561615933,12.628781225241546,123.35145797353876,0.011180568851575192,0.004743707035179158,0.15543538701338794,False,0.0,0.0,-0.019426226805525745,MODEL_ONLY,DUPLICATE_OR_OLD,DUPLICATE_OR_OLD,180.425739428,180.425739428
