t,v,s,pvv,pvd,pdd,active,added,gain,d,mode,front_status,rear_status,front_t,rear_t
116.007980079,0.0,0.0,1.0,0.0,0.0,False,0.0,0.0,0.0,WAITING_FOR_INITIALIZATION,MISSING_OR_STALE,MISSING_OR_STALE,,
116.057980079,2.705847687191433,0.0,0.010000000000000002,0.0,0.0,False,0.0,0.0,0.0,INITIALIZED,ACCEPTED,ACCEPTED,116.010673145,116.010673145
116.107980079,2.698772067608983,0.1351154938700027,0.014999999999999718,0.0,0.0,False,0.0,0.0,0.0,MODEL_ONLY,DUPLICATE_OR_OLD,DUPLICATE_OR_OLD,116.010673145,116.010673145
116.15798007900001,2.744221095874017,0.27119032295710865,0.006666666666666763,0.0,0.0,False,0.0,0.6666666666666761,0.0,FUSED,ACCEPTED,ACCEPTED,116.11461042,116.11461042
116.20798007900001,2.7290962246063275,0.40802325596910943,0.01166666666666648,0.0,0.0,False,0.0,0.0,0.0,MODEL_ONLY,DUPLICATE_OR_OLD,DUPLICATE_OR_OLD,116.11461042,116.11461042
116.257980079,2.6829654821895277,0.5433247986389981,0.006249999999999934,0.0,0.0,False,0.0,0.6249999999999933,-0.10892600296508193,FUSED,ACCEPTED,ACCEPTED,116.230572536,116.230572536
116.307980079,2.6546586194383677,0.6767654011796879,0.011249999999999651,0.0,0.0,False,0.0,0.0,-0.10892600296508193,MODEL_ONLY,DUPLICATE_OR_OLD,DUPLICATE_OR_OLD,116.230572536,116.230572536
116.357980079,2.6047225559387868,0.8082499305641092,0.0061904761904761005,0.0,0.0,False,0.0,0.6190476190476097,-0.1146292762977869,FUSED,ACCEPTED,ACCEPTED,116.324619456,116.324619456
116.40798007900001,2.569874145271902,0.9376148480944059,0.011190476190477238,0.0,0.0,False,0.0,0.0,-0.1146292762977869,MODEL_ONLY,DUPLICATE_OR_OLD,DUPLICATE_OR_OLD,116.324619456,116.324619456
116.45798007900001,2.5321650975135648,1.0651658291640353,0.016190476190476956,0.0,0.0,False,0.0,0.0,-0.1146292762977869,MODEL_ONLY,DUPLICATE_OR_OLD,DUPLICATE_OR_OLD,116.324619456,116.324619456
116.507980079,2.491937355099153,1.1907683904793462,0.021190476190476672,0.0,0.0,False,0.0,0.0,-0.1146292762977869,MODEL_ONLY,DUPLICATE_OR_OLD,DUPLICATE_OR_OLD,116.324619456,116.324619456
116.557980079,2.372218750060871,1.31237229310834,0.007236842105263175,0.0,0.0,False,0.0,0.7236842105263173,-0.23395951300095102,FUSED,ACCEPTED,ACCEPTED,116.524563829,116.524563829
116.607980079,2.3213468961534716,1.429711434263692,0.012236842105262892,0.0,0.0,False,0.0,0.0,-0.23395951300095102,MODEL_ONLY,DUPLICATE_OR_OLD,DUPLICATE_OR_OLD,116.524563829,116.524563829
116.65798007900001,2.2446224518925764,1.5438606679648692,0.006328502415459056,0.0,0.0,False,0.0,0.6328502415459054,-0.23195701582103861,FUSED,ACCEPTED,ACCEPTED,116.628581637,116.628581637
116.70798007900001,2.142088652037869,1.653528445563124,0.005311438278595661,0.0,0.0,False,0.0,0.5311438278595659,-0.3706599413380698,FUSED,ACCEPTED,ACCEPTED,116.706628299,116.706628299
116.757980079,2.078571304314426,1.7590449444719256,0.010311438278595379,0.0,0.0,False,0.0,0.0,-0.3706599413380698,MODEL_ONLY,DUPLICATE_OR_OLD,DUPLICATE_OR_OLD,116.706628299,116.706628299
116.807980079,2.0135605682083066,1.861348241284988,0.015311438278595095,0.0,0.0,False,0.0,0.0,-0.3706599413380698,MODEL_ONLY,DUPLICATE_OR_OLD,DUPLICATE_OR_OLD,116.706628299,116.706628299
116.857980079,1.883012969817021,1.9587625797356158,0.006700915374556228,0.0,0.0,False,0.0,0.6700915374556227,-0.4601194426500794,FUSED,ACCEPTED,ACCEPTED,116.806553331,116.806553331
116.90798007900001,1.7753380519480533,2.0502213552797635,0.005391899453363972,0.0,0.0,False,0.0,0.5391899453363971,-0.5124882780600231,FUSED,ACCEPTED,ACCEPTED,116.904579425,116.904579425
116.95798007900001,1.6997439939765513,2.137098406427874,0.010391899453363688,0.0,0.0,False,0.0,0.0,-0.5124882780600231,MODEL_ONLY,DUPLICATE_OR_OLD,DUPLICATE_OR_OLD,116.904579425,116.904579425
117.007980079,1.5943909653022228,2.2194517804098384,0.006061736138185834,0.0,0.0,False,0.0,0.6061736138185831,-0.5412191208567687,FUSED,ACCEPTED,ACCEPTED,117.006568043,117.006568043
117.057980079,1.5156726902732092,2.29720337179922,0.01106173613818555,0.0,0.0,False,0.0,0.0,-0.5412191208567687,MODEL_ONLY,DUPLICATE_OR_OLD,DUPLICATE_OR_OLD,117.006568043,117.006568043
117.107980079,1.4362586749957713,2.37100165593094,0.01606173613818527,0.0,0.0,False,0.0,0.0,-0.5412191208567687,MODEL_ONLY,DUPLICATE_OR_OLD,DUPLICATE_OR_OLD,117.006568043,117.006568043
117.15798007900001,1.3559816214330527,2.4408076633416766,0.021061736138186404,0.0,0.0,False,0.0,0.0,-0.5412191208567687,MODEL_ONLY,DUPLICATE_OR_OLD,DUPLICATE_OR_OLD,117.006568043,117.006568043
117.20798007900001,1.2749447023834966,2.5065808214370864,0.02606173613818612,0.0,0.0,False,0.0,0.0,-0.5412191208567687,MODEL_ONLY,DUPLICATE_OR_OLD,DUPLICATE_OR_OLD,117.006568043,117.006568043
117.257980079,1.153307555916828,2.5672871278945912,0.007564642672110404,0.0,0.0,False,0.0,0.7564642672110402,-0.5844293733612819,FUSED,ACCEPTED,ACCEPTED,117.218681333,117.218681333
117.307980079,1.0688521251195409,2.6228411199204973,0.01256464267211012,0.0,0.0,False,0.0,0.0,-0.5844293733612819,MODEL_ONLY,DUPLICATE_OR_OLD,DUPLICATE_OR_OLD,117.218681333,117.218681333
117.357980079,0.9800088139389771,2.674062643396957,0.006372164109307286,0.0,0.0,False,0.0,0.6372164109307286,-0.5665705513422024,FUSED,ACCEPTED,ACCEPTED,117.320543441,117.320543441
117.40798007900001,0.8954716779780149,2.7209496556948927,0.011372164109308424,0.0,0.0,False,0.0,0.0,-0.5665705513422024,MODEL_ONLY,DUPLICATE_OR_OLD,DUPLICATE_OR_OLD,117.320543441,117.320543441
117.45798007900001,0.813916308171111,2.7636843553486186,0.006208123095794604,0.0,0.0,False,0.0,0.6208123095794604,-0.5519962257251491,FUSED,ACCEPTED,ACCEPTED,117.41861863,117.41861863
117.507980079,0.7293552375743662,2.802266143992253,0.01120812309579432,0.0,0.0,False,0.0,0.0,-0.5519962257251491,MODEL_ONLY,DUPLICATE_OR_OLD,DUPLICATE_OR_OLD,117.41861863,117.41861863
117.557980079,0.6439145898487177,2.8365978896778286,0.0061843891058322945,0.0,0.0,False,0.0,0.6184389105832293,-0.557042553843544,FUSED,ACCEPTED,ACCEPTED,117.504541565,117.504541565
117.607980079,0.558531224808367,2.866659035044254,0.011184389105832011,0.0,0.0,False,0.0,0.0,-0.557042553843544,MODEL_ONLY,DUPLICATE_OR_OLD,DUPLICATE_OR_OLD,117.504541565,117.504541565
117.65798007900001,0.48373365894437825,2.8927156571380785,0.006180930569133546,0.0,0.0,False,0.0,0.6180930569133545,-0.523080880084148,FUSED,ACCEPTED,ACCEPTED,117.608558112,117.608558112
117.70798007900001,0.3996714722724078,2.914800785418497,0.011180930569133263,0.0,0.0,False,0.0,0.0,-0.523080880084148,MODEL_ONLY,DUPLICATE_OR_OLD,DUPLICATE_OR_OLD,117.608558112,117.608558112
117.757980079,0.3454532375983276,2.9334289031652645,0.006180426064843592,0.0,0.0,False,0.0,0.6180426064843589,-0.523080880084148,FUSED,ACCEPTED,ACCEPTED,117.710540825,117.710540825
117.807980079,0.261359199794368,2.948599214100081,0.011180426064843308,0.0,0.0,False,0.0,0.0,-0.523080880084148,MODEL_ONLY,DUPLICATE_OR_OLD,DUPLICATE_OR_OLD,117.710540825,117.710540825
117.857980079,0.22348411810810043,2.960720297047642,0.006180352460562617,0.0,0.0,False,0.0,0.6180352460562617,-0.523080880084148,FUSED,ACCEPTED,ACCEPTED,117.826545337,117.826545337
117.90798007900001,0.14035626616131702,2.9698163066543795,0.011180352460563755,0.0,0.0,False,0.0,0.0,-0.523080880084148,MODEL_ONLY,DUPLICATE_OR_OLD,DUPLICATE_OR_OLD,117.826545337,117.826545337
117.95798007900001,0.10923447620590497,2.9760560752135596,0.00618034172188346,0.0,0.0,False,0.0,0.618034172188346,-0.523080880084148,FUSED,ACCEPTED,ACCEPTED,117.918616016,117.918616016
118.007980079,0.07450450123037886,2.980649549649466,0.005278640858911088,0.0,0.0,False,0.0,0.5278640858911088,-0.523080880084148,FUSED,ACCEPTED,ACCEPTED,118.000542597,118.000542597
118.057980079,0.03448911426597179,2.983374390036875,0.010278640858910806,0.0,0.0,False,0.0,0.0,-0.523080880084148,MODEL_ONLY,DUPLICATE_OR_OLD,DUPLICATE_OR_OLD,118.000542597,118.000542597
118.107980079,0.0,2.984236617893524,0.015278640858910522,0.0,0.0,False,0.0,0.0,-0.523080880084148,MODEL_ONLY,DUPLICATE_OR_OLD,DUPLICATE_OR_OLD,118.000542597,118.000542597
118.15798007900001,0.013290211905256102,2.9845688731911553,0.006697341850119147,0.0,0.0,False,0.0,0.6697341850119146,-0.523080880084148,FUSED,ACCEPTED,ACCEPTED,118.108548186,118.108548186
118.20798007900001,0.0,2.9849011284887865,0.011697341850118864,0.0,0.0,False,0.0,0.0,-0.523080880084148,MODEL_ONLY,DUPLICATE_OR_OLD,DUPLICATE_OR_OLD,118.108548186,118.108548186
118.257980079,-0.06772765133890205,2.9832079372053144,0.006254308741244372,0.0,0.0,False,0.0,0.625430874124437,-0.523080880084148,FUSED,ACCEPTED,ACCEPTED,118.192569265,118.192569265
118.307980079,-0.11985040908214015,2.9785184856947886,0.011254308741244088,0.0,0.0,False,0.0,0.0,-0.523080880084148,MODEL_ONLY,DUPLICATE_OR_OLD,DUPLICATE_OR_OLD,118.192569265,118.192569265
118.357980079,-0.07774204697424644,2.973578674293379,0.006191101392705628,0.0,0.0,False,0.0,0.6191101392705627,-0.523080880084148,FUSED,ACCEPTED,ACCEPTED,118.332558391,118.332558391
118.40798007900001,-0.12029971211029147,2.9686276303162646,0.011191101392706765,0.0,0.0,False,0.0,0.0,-0.523080880084148,MODEL_ONLY,DUPLICATE_OR_OLD,DUPLICATE_OR_OLD,118.332558391,118.332558391
118.45798007900001,-0.08449941349607659,2.9635076521761055,0.006181909324827123,0.0,0.0,False,0.0,0.6181909324827122,-0.523080880084148,FUSED,ACCEPTED,ACCEPTED,118.406557414,118.406557414
118.507980079,-0.057278479582616386,2.9599632048491387,0.00527899027106153,0.0,0.0,False,0.0,0.527899027106153,-0.523080880084148,FUSED,ACCEPTED,ACCEPTED,118.506563899,118.506563899
118.557980079,-0.09099567746291962,2.956256350923,0.010278990271061246,0.0,0.0,False,0.0,0.0,-0.523080880084148,MODEL_ONLY,DUPLICATE_OR_OLD,DUPLICATE_OR_OLD,118.506563899,118.506563899
118.607980079,-0.12177556344070896,2.9509370699004096,0.015278990271060963,0.0,0.0,False,0.0,0.0,-0.523080880084148,MODEL_ONLY,DUPLICATE_OR_OLD,DUPLICATE_OR_OLD,118.506563899,118.506563899
118.65798007900001,0.0,2.9478926808143915,0.006697379961987344,0.0,0.0,False,0.0,0.0,0.0,STOPPED,ACCEPTED,ACCEPTED,118.606557945,118.606557945
118.70798007900001,0.0,2.9478926808143915,0.01169737996198706,0.0,0.0,False,0.0,0.0,0.0,STOPPED,DUPLICATE_OR_OLD,DUPLICATE_OR_OLD,118.606557945,118.606557945
118.757980079,0.0,2.9478926808143915,0.006254314088409216,0.0,0.0,False,0.0,0.0,0.0,STOPPED,ACCEPTED,ACCEPTED,118.714583548,118.714583548
118.807980079,0.0,2.9478926808143915,0.011254314088408933,0.0,0.0,False,0.0,0.0,0.0,STOPPED,DUPLICATE_OR_OLD,DUPLICATE_OR_OLD,118.714583548,118.714583548
118.857980079,0.0,2.9478926808143915,0.006191102168456563,0.0,0.0,False,0.0,0.0,0.0,STOPPED,ACCEPTED,ACCEPTED,118.820589198,118.820589198
118.90798007900001,0.0,2.9478926808143915,0.0052810382770535225,0.0,0.0,False,0.0,0.0,0.0,STOPPED,ACCEPTED,ACCEPTED,118.904558713,118.904558713
118.95798007900001,0.0,2.9478926808143915,0.010281038277053239,0.0,0.0,False,0.0,0.0,0.0,STOPPED,DUPLICATE_OR_OLD,DUPLICATE_OR_OLD,118.904558713,118.904558713
119.007980079,0.0,2.9478926808143915,0.015281038277052955,0.0,0.0,False,0.0,0.0,0.0,STOPPED,DUPLICATE_OR_OLD,DUPLICATE_OR_OLD,118.904558713,118.904558713
119.057980079,0.0,2.9478926808143915,0.006697603329018571,0.0,0.0,False,0.0,0.0,0.0,STOPPED,ACCEPTED,ACCEPTED,119.018550726,119.018550726
119.107980079,0.0,2.9478926808143915,0.011697603329018287,0.0,0.0,False,0.0,0.0,0.0,STOPPED,DUPLICATE_OR_OLD,DUPLICATE_OR_OLD,119.018550726,119.018550726
119.15798007900001,0.0,2.9478926808143915,0.006254345426905672,0.0,0.0,False,0.0,0.0,0.0,STOPPED,ACCEPTED,ACCEPTED,119.118543705,119.118543705
119.20798007900001,0.0,2.9478926808143915,0.011254345426905388,0.0,0.0,False,0.0,0.0,0.0,STOPPED,DUPLICATE_OR_OLD,DUPLICATE_OR_OLD,119.118543705,119.118543705
119.257980079,0.0,2.9478926808143915,0.006191106714947031,0.0,0.0,False,0.0,0.0,0.0,STOPPED,ACCEPTED,ACCEPTED,119.214548347,119.214548347
119.307980079,0.0,2.9478926808143915,0.011191106714946747,0.0,0.0,False,0.0,0.0,0.0,STOPPED,DUPLICATE_OR_OLD,DUPLICATE_OR_OLD,119.214548347,119.214548347
119.357980079,0.0,2.9478926808143915,0.006181910100693338,0.0,0.0,False,0.0,0.0,0.0,STOPPED,ACCEPTED,ACCEPTED,119.330553534,119.330553534
119.40798007900001,0.0,2.9478926808143915,0.011181910100694475,0.0,0.0,False,0.0,0.0,0.0,STOPPED,DUPLICATE_OR_OLD,DUPLICATE_OR_OLD,119.330553534,119.330553534
119.45798007900001,0.0,2.9478926808143915,0.00618056896477738,0.0,0.0,False,0.0,0.0,0.0,STOPPED,ACCEPTED,ACCEPTED,119.418599922,119.418599922
119.507980079,0.0,2.9478926808143915,0.011180568964777097,0.0,0.0,False,0.0,0.0,0.0,STOPPED,DUPLICATE_OR_OLD,DUPLICATE_OR_OLD,119.418599922,119.418599922
119.557980079,0.0,2.9478926808143915,0.006180373309130928,0.0,0.0,False,0.0,0.0,0.0,STOPPED,ACCEPTED,ACCEPTED,119.516545036,119.516545036
119.607980079,0.0,2.9478926808143915,0.011180373309130645,0.0,0.0,False,0.0,0.0,0.0,STOPPED,DUPLICATE_OR_OLD,DUPLICATE_OR_OLD,119.516545036,119.516545036
119.65798007900001,0.0,2.9478926808143915,0.00618034476364324,0.0,0.0,False,0.0,0.0,0.0,STOPPED,ACCEPTED,ACCEPTED,119.604532487,119.604532487
119.70798007900001,0.0,2.9478926808143915,0.011180344763642956,0.0,0.0,False,0.0,0.0,0.0,STOPPED,DUPLICATE_OR_OLD,DUPLICATE_OR_OLD,119.604532487,119.604532487
119.757980079,0.0,2.9478926808143915,0.006180340598918598,0.0,0.0,False,0.0,0.0,0.0,STOPPED,ACCEPTED,ACCEPTED,119.718565542,119.718565542
119.807980079,0.0,2.9478926808143915,0.011180340598918315,0.0,0.0,False,0.0,0.0,0.0,STOPPED,DUPLICATE_OR_OLD,DUPLICATE_OR_OLD,119.718565542,119.718565542
119.857980079,0.00041978423504591717,2.947903175420268,0.0061803399912935915,0.0,0.0,False,0.0,0.6180339991293591,0.0,FUSED,ACCEPTED,ACCEPTED,119.810549342,119.810549342
119.90798007900001,0.0024809517437939565,2.947975693819739,0.011180339991294728,0.0,0.0,False,0.0,0.0,0.0,MODEL_ONLY,DUPLICATE_OR_OLD,DUPLICATE_OR_OLD,119.810549342,119.810549342
119.95798007900001,0.00205007861816952,2.948088969578788,0.006180339902642508,0.0,0.0,False,0.0,0.6180339902642507,0.0,FUSED,ACCEPTED,ACCEPTED,119.91854835,119.91854835
120.007980079,0.005692064666396713,2.9482825231609024,0.011180339902642224,0.0,0.0,False,0.0,0.0,0.0,MODEL_ONLY,DUPLICATE_OR_OLD,DUPLICATE_OR_OLD,119.91854835,119.91854835
120.057980079,0.004185640927491064,2.9485294658007497,0.006180339889708283,0.0,0.0,False,0.0,0.6180339889708281,0.0,FUSED,ACCEPTED,ACCEPTED,120.018540874,120.018540874
120.107980079,0.010943219036995265,2.9489076872998616,0.011180339889708,0.0,0.0,False,0.0,0.0,0.0,MODEL_ONLY,DUPLICATE_OR_OLD,DUPLICATE_OR_OLD,120.018540874,120.018540874
120.15798007900001,0.007222430478662946,2.949361828537753,0.006180339887821411,0.0,0.0,False,0.0,0.618033988782141,0.0,FUSED,ACCEPTED,ACCEPTED,120.118552118,120.118552118
120.20798007900001,0.01637726808034052,2.9499518210017284,0.011180339887821127,0.0,0.0,False,0.0,0.0,0.0,MODEL_ONLY,DUPLICATE_OR_OLD,DUPLICATE_OR_OLD,120.118552118,120.118552118
120.257980079,0.010090616843625139,2.9506135181248276,0.0061803398875459135,0.0,0.0,False,0.0,0.6180339887545911,0.0,FUSED,ACCEPTED,ACCEPTED,120.218543645,120.218543645
120.307980079,0.02109719210564852,2.9513932133485596,0.01118033988754563,0.0,0.0,False,0.0,0.0,0.0,MODEL_ONLY,DUPLICATE_OR_OLD,DUPLICATE_OR_OLD,120.218543645,120.218543645
120.357980079,0.01603437506988995,2.952321502527948,0.006180339887505718,0.0,0.0,False,0.0,0.6180339887505717,0.0,FUSED,ACCEPTED,ACCEPTED,120.336532717,120.336532717
120.40798007900001,0.029756393950057435,2.9534662717534466,0.011180339887506855,0.0,0.0,False,0.0,0.0,0.0,MODEL_ONLY,DUPLICATE_OR_OLD,DUPLICATE_OR_OLD,120.336532717,120.336532717
120.45798007900001,0.021583113384986648,2.954749759436823,0.006180339887500061,0.0,0.0,False,0.0,0.6180339887500059,0.0,FUSED,ACCEPTED,ACCEPTED,120.432568527,120.432568527
120.507980079,0.03739877213216718,2.9562243065747515,0.011180339887499778,0.0,0.0,False,0.0,0.0,0.0,MODEL_ONLY,DUPLICATE_OR_OLD,DUPLICATE_OR_OLD,120.432568527,120.432568527
120.557980079,0.027391403212490263,2.957844060958368,0.006180339887499029,0.0,0.0,False,0.0,0.6180339887499027,0.0,FUSED,ACCEPTED,ACCEPTED,120.524584554,120.524584554
120.607980079,0.044825895577653256,2.959649493428121,0.011180339887498746,0.0,0.0,False,0.0,0.0,0.0,MODEL_ONLY,DUPLICATE_OR_OLD,DUPLICATE_OR_OLD,120.524584554,120.524584554
120.65798007900001,0.0326817522079878,2.961587184622762,0.0061803398874990855,0.0,0.0,False,0.0,0.6180339887499084,0.0,FUSED,ACCEPTED,ACCEPTED,120.618527218,120.618527218
120.70798007900001,0.051369669318350325,2.9636884701609207,0.011180339887498801,0.0,0.0,False,0.0,0.0,0.0,MODEL_ONLY,DUPLICATE_OR_OLD,DUPLICATE_OR_OLD,120.618527218,120.618527218
120.757980079,0.03706345476354811,2.965899298262968,0.006180339887498887,0.0,0.0,False,0.0,0.6180339887498885,0.0,FUSED,ACCEPTED,ACCEPTED,120.714526309,120.714526309
120.807980079,0.05597428196813017,2.96822524168126,0.005278640450004129,0.0,0.0,False,0.0,0.527864045000413,0.0,FUSED,ACCEPTED,ACCEPTED,120.804593499,120.804593499
120.857980079,0.0757134243931527,2.9715174343402913,0.010278640450003845,0.0,0.0,False,0.0,0.0,0.0,MODEL_ONLY,DUPLICATE_OR_OLD,DUPLICATE_OR_OLD,120.804593499,120.804593499
120.90798007900001,0.10219234350821142,2.9759650785378264,0.0060440910500002675,0.0,0.0,False,0.0,0.6044091050000266,0.0,FUSED,ACCEPTED,ACCEPTED,120.906516671,120.906516671
120.95798007900001,0.12203318996717548,2.9815707168747108,0.011044091049999984,0.0,0.0,False,0.0,0.0,0.0,MODEL_ONLY,DUPLICATE_OR_OLD,DUPLICATE_OR_OLD,120.906516671,120.906516671
121.007980079,0.15543041170553726,2.988507306916528,0.006160357456590863,0.0,0.0,False,0.0,0.6160357456590863,0.0,FUSED,ACCEPTED,ACCEPTED,121.006515116,121.006515116
121.057980079,0.17530341136678246,2.9967756524933358,0.01116035745659058,0.0,0.0,False,0.0,0.0,0.0,MODEL_ONLY,DUPLICATE_OR_OLD,DUPLICATE_OR_OLD,121.006515116,121.006515116
121.107980079,0.19525148319831664,3.0060395248574627,0.016160357456590297,0.0,0.0,False,0.0,0.0,0.0,MODEL_ONLY,DUPLICATE_OR_OLD,DUPLICATE_OR_OLD,121.006515116,121.006515116
121.15798007900001,0.22263099943462297,3.016486586923288,0.00679079419614146,0.0,0.0,False,0.0,0.6790794196141459,0.0,FUSED,ACCEPTED,ACCEPTED,121.130514132,121.130514132
121.20798007900001,0.24374807000121126,3.0281460636591837,0.011790794196141176,0.0,0.0,False,0.0,0.0,0.0,MODEL_ONLY,DUPLICATE_OR_OLD,DUPLICATE_OR_OLD,121.130514132,121.130514132
121.257980079,0.24944080621586526,3.0404757855646096,0.006267374559041456,0.0,0.0,False,0.0,0.6267374559041456,0.0,FUSED,ACCEPTED,ACCEPTED,121.214567153,121.214567153
121.307980079,0.2715545079991864,3.0535006684199852,0.011267374559041173,0.0,0.0,False,0.0,0.0,0.0,MODEL_ONLY,DUPLICATE_OR_OLD,DUPLICATE_OR_OLD,121.214567153,121.214567153
121.357980079,0.28198756463989266,3.0673392202359615,0.006192996000600248,0.0,0.0,False,0.0,0.6192996000600246,0.0,FUSED,ACCEPTED,ACCEPTED,121.338563611,121.338563611
121.40798007900001,0.30481445063537066,3.0820092706178466,0.011192996000601385,0.0,0.0,False,0.0,0.0,0.0,MODEL_ONLY,DUPLICATE_OR_OLD,DUPLICATE_OR_OLD,121.338563611,121.338563611
121.45798007900001,0.3143576000622968,3.0974885718852874,0.006182185497309851,0.0,0.0,False,0.0,0.6182185497309849,0.0,FUSED,ACCEPTED,ACCEPTED,121.424508792,121.424508792
121.507980079,0.33775869864497615,3.1137914793529684,0.011182185497309568,0.0,0.0,False,0.0,0.0,0.0,MODEL_ONLY,DUPLICATE_OR_OLD,DUPLICATE_OR_OLD,121.424508792,121.424508792
121.557980079,0.3517133107080905,3.131028279586794,0.006180609139360162,0.0,0.0,False,0.0,0.6180609139360161,0.0,FUSED,ACCEPTED,ACCEPTED,121.504534047,121.504534047
121.607980079,0.36334194884549903,3.1489046610756324,0.005278700468808982,0.0,0.0,False,0.0,0.5278700468808981,0.0,FUSED,ACCEPTED,ACCEPTED,121.602513376,121.602513376
121.65798007900001,0.3873625592680086,3.1676722737784746,0.01027870046881012,0.0,0.0,False,0.0,0.0,0.0,MODEL_ONLY,DUPLICATE_OR_OLD,DUPLICATE_OR_OLD,121.602513376,121.602513376
121.70798007900001,0.41153585951835553,3.1876447342481327,0.015278700468809836,0.0,0.0,False,0.0,0.0,0.0,MODEL_ONLY,DUPLICATE_OR_OLD,DUPLICATE_OR_OLD,121.602513376,121.602513376
121.757980079,0.43480195269550354,3.208803179553478,0.006697348352086274,0.0,0.0,False,0.0,0.6697348352086272,0.0,FUSED,ACCEPTED,ACCEPTED,121.718528093,121.718528093
121.807980079,0.4592397055326305,3.23115422100918,0.01169734835208599,0.0,0.0,False,0.0,0.0,0.0,MODEL_ONLY,DUPLICATE_OR_OLD,DUPLICATE_OR_OLD,121.718528093,121.718528093
121.857980079,0.47480955717682505,3.254505452576915,0.0062543096534833365,0.0,0.0,False,0.0,0.6254309653483336,0.0,FUSED,ACCEPTED,ACCEPTED,121.83255064,121.83255064
121.90798007900001,0.500361696438944,3.278884733917315,0.011254309653484474,0.0,0.0,False,0.0,0.0,0.0,MODEL_ONLY,DUPLICATE_OR_OLD,DUPLICATE_OR_OLD,121.83255064,121.83255064
121.95798007900001,0.5311423464547916,3.3046723349896565,0.006191101525050801,0.0,0.0,False,0.0,0.61911015250508,0.02304704221910681,FUSED,ACCEPTED,ACCEPTED,121.908599616,121.908599616
122.007980079,0.562797631784715,3.332020834445643,0.0052810381337757475,0.0,0.0,False,0.0,0.5281038133775746,0.02676997142140689,FUSED,ACCEPTED,ACCEPTED,122.002552583,122.002552583
122.057980079,0.5917178062130383,3.360883720395585,0.010281038133775464,0.0,0.0,False,0.0,0.0,0.02676997142140689,MODEL_ONLY,DUPLICATE_OR_OLD,DUPLICATE_OR_OLD,122.002552583,122.002552583
122.107980079,0.6212880656170398,3.391208867191335,0.01528103813377518,0.0,0.0,False,0.0,0.0,0.02676997142140689,MODEL_ONLY,DUPLICATE_OR_OLD,DUPLICATE_OR_OLD,122.002552583,122.002552583
122.15798007900001,0.6406309403429971,3.4227568423403434,0.006697603313393104,0.0,0.0,False,0.0,0.6697603313393103,-0.013995716041137616,FUSED,ACCEPTED,ACCEPTED,122.118499642,122.118499642
122.20798007900001,0.6699841163809864,3.455522218758441,0.01169760331339282,0.0,0.0,False,0.0,0.0,-0.013995716041137616,MODEL_ONLY,DUPLICATE_OR_OLD,DUPLICATE_OR_OLD,122.118499642,122.118499642
122.257980079,0.7074136647624473,3.4899571632870248,0.00625434542471323,0.0,0.0,False,0.0,0.6254345424713228,0.016630318085158455,FUSED,ACCEPTED,ACCEPTED,122.214500594,122.214500594
122.307980079,0.7397091371035803,3.5261352333336733,0.011254345424712948,0.0,0.0,False,0.0,0.0,0.016630318085158455,MODEL_ONLY,DUPLICATE_OR_OLD,DUPLICATE_OR_OLD,122.214500594,122.214500594
122.357980079,0.7725867659096798,3.5639426309090028,0.016254345424712664,0.0,0.0,False,0.0,0.0,0.016630318085158455,MODEL_ONLY,DUPLICATE_OR_OLD,DUPLICATE_OR_OLD,122.214500594,122.214500594
122.40798007900001,0.8059771882947215,3.6034067297641217,0.0212543454247138,0.0,0.0,False,0.0,0.0,0.016630318085158455,MODEL_ONLY,DUPLICATE_OR_OLD,DUPLICATE_OR_OLD,122.214500594,122.214500594
122.45798007900001,0.8171176717502457,3.6439841012652434,0.007241709957012962,0.0,0.0,False,0.0,0.7241709957012961,-0.053301093339815975,FUSED,ACCEPTED,ACCEPTED,122.402485843,122.402485843
122.507980079,0.8482272528615843,3.685617724380537,0.012241709957012677,0.0,0.0,False,0.0,0.0,-0.053301093339815975,MODEL_ONLY,DUPLICATE_OR_OLD,DUPLICATE_OR_OLD,122.402485843,122.402485843
122.557980079,0.9270614420583088,3.729999941753532,0.006329158479486029,0.0,0.0,False,0.0,0.6329158479486027,0.09570081689026863,FUSED,ACCEPTED,ACCEPTED,122.532493721,122.532493721
122.607980079,0.96688475267576,3.7773485966218807,0.011329158479485745,0.0,0.0,False,0.0,0.0,0.09570081689026863,MODEL_ONLY,DUPLICATE_OR_OLD,DUPLICATE_OR_OLD,122.532493721,122.532493721
122.65798007900001,1.0342424175440366,3.827376775877387,0.006201929504206895,0.0,0.0,False,0.0,0.6201929504206893,0.11673305478815373,FUSED,ACCEPTED,ACCEPTED,122.612527797,122.612527797
122.70798007900001,1.076097675331489,3.880135278199272,0.011201929504206612,0.0,0.0,False,0.0,0.0,0.11673305478815373,MODEL_ONLY,DUPLICATE_OR_OLD,DUPLICATE_OR_OLD,122.612527797,122.612527797
122.757980079,1.1369097344802463,3.9354604634445622,0.006183487174715644,0.0,0.0,False,0.0,0.6183487174715645,0.13700995210734934,FUSED,ACCEPTED,ACCEPTED,122.724486717,122.724486717
122.807980079,1.201339491833861,3.993916694102412,0.005279341914991215,0.0,0.0,False,0.0,0.5279341914991214,0.18687098446131395,FUSED,ACCEPTED,ACCEPTED,122.806519325,122.806519325
122.857980079,1.247775151666591,4.05514456018992,0.010279341914990931,0.0,0.0,False,0.0,0.0,0.18687098446131395,MODEL_ONLY,DUPLICATE_OR_OLD,DUPLICATE_OR_OLD,122.806519325,122.806519325
122.90798007900001,1.2944867565361882,4.118701107895003,0.015279341914992068,0.0,0.0,False,0.0,0.0,0.18687098446131395,MODEL_ONLY,DUPLICATE_OR_OLD,DUPLICATE_OR_OLD,122.806519325,122.806519325
122.95798007900001,1.324115396257208,4.184166161714835,0.006697418316397148,0.0,0.0,False,0.0,0.6697418316397146,0.10549420144392248,FUSED,ACCEPTED,ACCEPTED,122.91651502,122.91651502
123.007980079,1.3672150528112816,4.251449422941543,0.011697418316396865,0.0,0.0,False,0.0,0.0,0.10549420144392248,MODEL_ONLY,DUPLICATE_OR_OLD,DUPLICATE_OR_OLD,122.91651502,122.91651502
123.057980079,1.4451718277782104,4.321759094956277,0.006254319469587679,0.0,0.0,False,0.0,0.6254319469587677,0.2282905241296776,FUSED,ACCEPTED,ACCEPTED,123.002484062,123.002484062
123.107980079,1.4947654914364759,4.395257527936639,0.011254319469587395,0.0,0.0,False,0.0,0.0,0.2282905241296776,MODEL_ONLY,DUPLICATE_OR_OLD,DUPLICATE_OR_OLD,123.002484062,123.002484062
123.15798007900001,1.5490558554178155,4.471353061608014,0.0061911029491419824,0.0,0.0,False,0.0,0.6191102949141982,0.19180074452980822,FUSED,ACCEPTED,ACCEPTED,123.132486839,123.132486839
123.20798007900001,1.597099610057581,4.550006948244895,0.011191102949141699,0.0,0.0,False,0.0,0.0,0.19180074452980822,MODEL_ONLY,DUPLICATE_OR_OLD,DUPLICATE_OR_OLD,123.132486839,123.132486839
123.257980079,1.6610887409751942,4.631461657020709,0.006181909551721336,0.0,0.0,False,0.0,0.6181909551721335,0.2353274371521809,FUSED,ACCEPTED,ACCEPTED,123.210469454,123.210469454
123.307980079,1.7115216917358895,4.715776917838481,0.011181909551721053,0.0,0.0,False,0.0,0.0,0.2353274371521809,MODEL_ONLY,DUPLICATE_OR_OLD,DUPLICATE_OR_OLD,123.210469454,123.210469454
123.357980079,1.7621353783368576,4.802618344590295,0.0061805688846928416,0.0,0.0,False,0.0,0.6180568884692841,0.21401759810306972,FUSED,ACCEPTED,ACCEPTED,123.328477061,123.328477061
123.40798007900001,1.811667852190021,4.891963425353487,0.01118056888469398,0.0,0.0,False,0.0,0.0,0.21401759810306972,MODEL_ONLY,DUPLICATE_OR_OLD,DUPLICATE_OR_OLD,123.328477061,123.328477061
123.45798007900001,1.8708095124598718,4.984025359469729,0.0061803732974471635,0.0,0.0,False,0.0,0.6180373297447161,0.24331957457138526,FUSED,ACCEPTED,ACCEPTED,123.408542665,123.408542665
123.507980079,1.9219350084006168,5.078843972491235,0.01118037329744688,0.0,0.0,False,0.0,0.0,0.24331957457138526,MODEL_ONLY,DUPLICATE_OR_OLD,DUPLICATE_OR_OLD,123.408542665,123.408542665
123.557980079,1.971785435969067,5.176186983600472,0.006180344761938399,0.0,0.0,False,0.0,0.6180344761938397,0.22577843396179534,FUSED,ACCEPTED,ACCEPTED,123.506508179,123.506508179
123.607980079,2.019112877866726,5.275959441446361,0.005278641536576695,0.0,0.0,False,0.0,0.5278641536576694,0.21844442698905278,FUSED,ACCEPTED,ACCEPTED,123.606472623,123.606472623
123.65798007900001,2.069134667557119,5.37816563008198,0.010278641536577832,0.0,0.0,False,0.0,0.0,0.21844442698905278,MODEL_ONLY,DUPLICATE_OR_OLD,DUPLICATE_OR_OLD,123.606472623,123.606472623
123.70798007900001,2.11919245273341,5.482873808089237,0.015278641536577549,0.0,0.0,False,0.0,0.0,0.21844442698905278,MODEL_ONLY,DUPLICATE_OR_OLD,DUPLICATE_OR_OLD,123.606472623,123.606472623
123.757980079,2.1584442614987136,5.5898147259450335,0.006697341924035867,0.0,0.0,False,0.0,0.6697341924035864,0.19398407663992975,FUSED,ACCEPTED,ACCEPTED,123.712471208,123.712471208
123.807980079,2.2073386264302766,5.698959298143252,0.011697341924035584,0.0,0.0,False,0.0,0.0,0.19398407663992975,MODEL_ONLY,DUPLICATE_OR_OLD,DUPLICATE_OR_OLD,123.712471208,123.712471208
123.857980079,2.2488382146759793,5.810363719170902,0.006254308751615038,0.0,0.0,False,0.0,0.6254308751615036,0.18424451382921633,FUSED,ACCEPTED,ACCEPTED,123.832482015,123.832482015
123.90798007900001,2.2972918025231985,5.924016969600907,0.011254308751616175,0.0,0.0,False,0.0,0.0,0.18424451382921633,MODEL_ONLY,DUPLICATE_OR_OLD,DUPLICATE_OR_OLD,123.832482015,123.832482015
123.95798007900001,2.3474390923682846,6.040135241973188,0.00619110139421038,0.0,0.0,False,0.0,0.6191101394210379,0.19771001164657512,FUSED,ACCEPTED,ACCEPTED,123.922489473,123.922489473
124.007980079,2.3966017711346543,6.158736263560755,0.011191101394210097,0.0,0.0,False,0.0,0.0,0.19771001164657512,MODEL_ONLY,DUPLICATE_OR_OLD,DUPLICATE_OR_OLD,123.922489473,123.922489473
124.057980079,2.4523972834375356,6.279961239925052,0.006181909325046276,0.0,0.0,False,0.0,0.6181909325046274,0.214671657821563,FUSED,ACCEPTED,ACCEPTED,124.0005668,124.0005668
124.107980079,2.5024358098490582,6.40383206725721,0.011181909325045992,0.0,0.0,False,0.0,0.0,0.214671657821563,MODEL_ONLY,DUPLICATE_OR_OLD,DUPLICATE_OR_OLD,124.0005668,124.0005668
124.15798007900001,2.5209946036883593,6.529417827595673,0.0061805688516255695,0.0,0.0,False,0.0,0.6180568851625567,0.11422602822700423,FUSED,ACCEPTED,ACCEPTED,124.112476569,124.112476569
124.20798007900001,2.5660323728912187,6.656593502010156,0.011180568851625286,0.0,0.0,False,0.0,0.0,0.11422602822700423,MODEL_ONLY,DUPLICATE_OR_OLD,DUPLICATE_OR_OLD,124.112476569,124.112476569
124.257980079,2.6220979787929077,6.786296760802251,0.0061803732926225905,0.0,0.0,False,0.0,0.618037329262259,0.19005852671906268,FUSED,ACCEPTED,ACCEPTED,124.212477133,124.212477133
124.307980079,2.670944058986618,6.918622811746731,0.011180373292622307,0.0,0.0,False,0.0,0.0,0.19005852671906268,MODEL_ONLY,DUPLICATE_OR_OLD,DUPLICATE_OR_OLD,124.212477133,124.212477133
124.357980079,2.7230730422707645,7.0534732392781585,0.006180344761234504,0.0,0.0,False,0.0,0.6180344761234503,0.17901132839313166,FUSED,ACCEPTED,ACCEPTED,124.328472999,124.328472999
124.40798007900001,2.7720240559030054,7.190850666732534,0.011180344761235642,0.0,0.0,False,0.0,0.0,0.17901132839313166,MODEL_ONLY,DUPLICATE_OR_OLD,DUPLICATE_OR_OLD,124.328472999,124.328472999
124.45798007900001,2.8269868961307756,7.330825940533371,0.0061803405985673765,0.0,0.0,False,0.0,0.6180340598567375,0.192272573174576,FUSED,ACCEPTED,ACCEPTED,124.410511645,124.410511645
124.507980079,2.8771105195924243,7.473428375926442,0.011180340598567092,0.0,0.0,False,0.0,0.0,0.192272573174576,MODEL_ONLY,DUPLICATE_OR_OLD,DUPLICATE_OR_OLD,124.410511645,124.410511645
124.557980079,2.9163076923991453,7.618263831226224,0.006180339991242349,0.0,0.0,False,0.0,0.6180339991242347,0.1517500558595965,FUSED,ACCEPTED,ACCEPTED,124.532475933,124.532475933
124.607980079,2.96480020197094,7.765291528585467,0.011180339991242065,0.0,0.0,False,0.0,0.0,0.1517500558595965,MODEL_ONLY,DUPLICATE_OR_OLD,DUPLICATE_OR_OLD,124.532475933,124.532475933
124.65798007900001,3.0113679674928866,7.914695732822097,0.006180339902635031,0.0,0.0,False,0.0,0.618033990263503,0.15946353208688327,FUSED,ACCEPTED,ACCEPTED,124.618544181,124.618544181
124.70798007900001,3.0605523724421073,8.066493741320464,0.011180339902634747,0.0,0.0,False,0.0,0.0,0.15946353208688327,MODEL_ONLY,DUPLICATE_OR_OLD,DUPLICATE_OR_OLD,124.618544181,124.618544181
124.757980079,3.10125899075016,8.22053902540026,0.006180339889707191,0.0,0.0,False,0.0,0.6180339889707189,0.13539953019994946,FUSED,ACCEPTED,ACCEPTED,124.718482295,124.718482295
124.807980079,3.149477584983695,8.376807439793598,0.011180339889706906,0.0,0.0,False,0.0,0.0,0.13539953019994946,MODEL_ONLY,DUPLICATE_OR_OLD,DUPLICATE_OR_OLD,124.718482295,124.718482295
124.857980079,3.2014461567247006,8.535580533336299,0.006180339887821045,0.0,0.0,False,0.0,0.6180339887821042,0.1570384796526383,FUSED,ACCEPTED,ACCEPTED,124.81647597,124.81647597
124.90798007900001,3.250930727654644,8.69688995544582,0.011180339887822181,0.0,0.0,False,0.0,0.0,0.1570384796526383,MODEL_ONLY,DUPLICATE_OR_OLD,DUPLICATE_OR_OLD,124.81647597,124.81647597
124.95798007900001,3.302663911819935,8.860729821432676,0.006180339887546067,0.0,0.0,False,0.0,0.6180339887546066,0.157310340976705,FUSED,ACCEPTED,ACCEPTED,124.916484411,124.916484411
125.007980079,3.3607394420092054,9.027314905278393,0.0052786404500146464,0.0,0.0,False,0.0,0.5278640450014647,0.18408104750095938,FUSED,ACCEPTED,ACCEPTED,125.002477694,125.002477694
125.057980079,3.41177761749808,9.196627831766065,0.010278640450014363,0.0,0.0,False,0.0,0.0,0.18408104750095938,MODEL_ONLY,DUPLICATE_OR_OLD,DUPLICATE_OR_OLD,125.002477694,125.002477694
125.107980079,3.462867575724684,9.368493961596627,0.01527864045001408,0.0,0.0,False,0.0,0.0,0.18408104750095938,MODEL_ONLY,DUPLICATE_OR_OLD,DUPLICATE_OR_OLD,125.002477694,125.002477694
125.15798007900001,3.5091200665319273,9.542793652653081,0.00669734180551856,0.0,0.0,False,0.0,0.6697341805518557,0.15684235367799812,FUSED,ACCEPTED,ACCEPTED,125.110449089,125.110449089
125.20798007900001,3.55893382608873,9.719494999968587,0.011697341805518277,0.0,0.0,False,0.0,0.0,0.15684235367799812,MODEL_ONLY,DUPLICATE_OR_OLD,DUPLICATE_OR_OLD,125.110449089,125.110449089
125.257980079,3.604998145363837,9.898593299254891,0.006254308734986818,0.0,0.0,False,0.0,0.6254308734986818,0.15248423153816534,FUSED,ACCEPTED,ACCEPTED,125.232541445,125.232541445
125.307980079,3.6546604631750514,10.080084764468353,0.011254308734986535,0.0,0.0,False,0.0,0.0,0.15248423153816534,MODEL_ONLY,DUPLICATE_OR_OLD,DUPLICATE_OR_OLD,125.232541445,125.232541445
125.357980079,3.7012587910317185,10.263982745823512,0.0061911013917978,0.0,0.0,False,0.0,0.61911013917978,0.14763866880468782,FUSED,ACCEPTED,ACCEPTED,125.332448017,125.332448017
125.40798007900001,3.7507303552728133,10.450282474481167,0.011191101391798937,0.0,0.0,False,0.0,0.0,0.14763866880468782,MODEL_ONLY,DUPLICATE_OR_OLD,DUPLICATE_OR_OLD,125.332448017,125.332448017
125.45798007900001,3.808861457188654,10.639272269792693,0.006181909324694782,0.0,0.0,False,0.0,0.618190932469478,0.17723842745805599,FUSED,ACCEPTED,ACCEPTED,125.40854805,125.40854805
125.507980079,3.859852952286718,10.830990130029566,0.011181909324694497,0.0,0.0,False,0.0,0.0,0.17723842745805599,MODEL_ONLY,DUPLICATE_OR_OLD,DUPLICATE_OR_OLD,125.40854805,125.40854805
125.557980079,3.911354743208144,11.025270322416926,0.0061805688515740856,0.0,0.0,False,0.0,0.6180568851574084,0.16629107522466907,FUSED,ACCEPTED,ACCEPTED,125.510489927,125.510489927
125.60798007900001,3.9618298352869785,11.22209993687935,0.011180568851575222,0.0,0.0,False,0.0,0.0,0.16629107522466907,MODEL_ONLY,DUPLICATE_OR_OLD,DUPLICATE_OR_OLD,125.510489927,125.510489927
125.65798007900001,4.009947204471771,11.421394362873306,0.006180373292615286,0.0,0.0,False,0.0,0.6180373292615285,0.159657383275038,FUSED,ACCEPTED,ACCEPTED,125.61045383,125.61045383
125.70798007900001,4.060114616354403,11.62314590839395,0.011180373292615002,0.0,0.0,False,0.0,0.0,0.159657383275038,MODEL_ONLY,DUPLICATE_OR_OLD,DUPLICATE_OR_OLD,125.61045383,125.61045383
125.757980079,4.120904933608277,11.827671397143005,0.006180344761233438,0.0,0.0,False,0.0,0.6180344761233438,0.19402450421584228,FUSED,ACCEPTED,ACCEPTED,125.708452895,125.708452895
125.807980079,4.17280931025314,12.03501425323953,0.011180344761233155,0.0,0.0,False,0.0,0.0,0.19402450421584228,MODEL_ONLY,DUPLICATE_OR_OLD,DUPLICATE_OR_OLD,125.708452895,125.708452895
125.85798007900001,4.222888192248269,12.244906690802111,0.0061803405985672195,0.0,0.0,False,0.0,0.618034059856722,0.17363014719813558,FUSED,ACCEPTED,ACCEPTED,125.808494732,125.808494732
125.90798007900001,4.273787276908437,12.457323577531016,0.011180340598566936,0.0,0.0,False,0.0,0.0,0.17363014719813558,MODEL_ONLY,DUPLICATE_OR_OLD,DUPLICATE_OR_OLD,125.808494732,125.808494732
125.95798007900001,4.3108460860166495,12.67193941160413,0.006180339991242326,0.0,0.0,False,0.0,0.6180339991242325,0.13770759329773616,FUSED,ACCEPTED,ACCEPTED,125.932471957,125.932471957
126.007980079,4.366493088218309,12.888872890959993,0.005278640473129825,0.0,0.0,False,0.0,0.5278640473129823,0.17839974950739565,FUSED,ACCEPTED,ACCEPTED,126.004517503,126.004517503
126.057980079,4.417646446508468,13.108476379328149,0.010278640473129541,0.0,0.0,False,0.0,0.0,0.17839974950739565,MODEL_ONLY,DUPLICATE_OR_OLD,DUPLICATE_OR_OLD,126.004517503,126.004517503
126.10798007900001,4.4688038639954915,13.330637637090797,0.015278640473130678,0.0,0.0,False,0.0,0.0,0.17839974950739565,MODEL_ONLY,DUPLICATE_OR_OLD,DUPLICATE_OR_OLD,126.004517503,126.004517503
126.15798007900001,4.516491906584015,13.555270031355272,0.00669734180803986,0.0,0.0,False,0.0,0.6697341808039858,0.15832365739258597,FUSED,ACCEPTED,ACCEPTED,126.114424856,126.114424856
126.20798007900001,4.5666522402259675,13.78234863502551,0.011697341808039576,0.0,0.0,False,0.0,0.0,0.15832365739258597,MODEL_ONLY,DUPLICATE_OR_OLD,DUPLICATE_OR_OLD,126.114424856,126.114424856
126.257980079,4.595387812744642,14.011399636349761,0.006254308735340562,0.0,0.0,False,0.0,0.6254308735340561,0.10033758264786308,FUSED,ACCEPTED,ACCEPTED,126.204446802,126.204446802
126.307980079,4.642654052723956,14.242350682986464,0.01125430873534028,0.0,0.0,False,0.0,0.0,0.10033758264786308,MODEL_ONLY,DUPLICATE_OR_OLD,DUPLICATE_OR_OLD,126.204446802,126.204446802
126.35798007900001,4.709590282610838,14.476156791369887,0.0061911013918493265,0.0,0.0,False,0.0,0.6191101391849325,0.18531284182845664,FUSED,ACCEPTED,ACCEPTED,126.322441566,126.322441566
126.40798007900001,4.7611093245082525,14.712924281547851,0.011191101391849043,0.0,0.0,False,0.0,0.0,0.18531284182845664,MODEL_ONLY,DUPLICATE_OR_OLD,DUPLICATE_OR_OLD,126.322441566,126.322441566
126.45798007900001,4.823941951148408,14.952550563439253,0.006181909324702086,0.0,0.0,False,0.0,0.6181909324702084,0.19112258839176352,FUSED,ACCEPTED,ACCEPTED,126.412476298,126.412476298
126.507980079,4.875754611459744,15.195042977504443,0.011181909324701802,0.0,0.0,False,0.0,0.0,0.19112258839176352,MODEL_ONLY,DUPLICATE_OR_OLD,DUPLICATE_OR_OLD,126.412476298,126.412476298
126.557980079,4.92320766889283,15.440017034513241,0.006180568851575151,0.0,0.0,False,0.0,0.618056885157515,0.16518126498986305,FUSED,ACCEPTED,ACCEPTED,126.512443584,126.512443584
126.60798007900001,4.973725690317415,15.687440368493554,0.011180568851576287,0.0,0.0,False,0.0,0.0,0.16518126498986305,MODEL_ONLY,DUPLICATE_OR_OLD,DUPLICATE_OR_OLD,126.512443584,126.512443584
126.65798007900001,5.013199044639916,15.937113486867474,0.006180373292615442,0.0,0.0,False,0.0,0.618037329261544,0.14024310783093613,FUSED,ACCEPTED,ACCEPTED,126.630493467,126.630493467
126.70798007900001,5.062472039887472,16.189005263980643,0.011180373292615158,0.0,0.0,False,0.0,0.0,0.14024310783093613,MODEL_ONLY,DUPLICATE_OR_OLD,DUPLICATE_OR_OLD,126.630493467,126.630493467
126.757980079,5.112029531332434,16.44336780326113,0.006180344761233462,0.0,0.0,False,0.0,0.618034476123346,0.1548303524716269,FUSED,ACCEPTED,ACCEPTED,126.72044418,126.72044418
126.807980079,5.167615377873068,16.700358925991253,0.005278641536419556,0.0,0.0,False,0.0,0.5278641536419555,0.17300060469440598,FUSED,ACCEPTED,ACCEPTED,126.802536142,126.802536142
126.85798007900001,5.218528308038036,16.960012518139088,0.010278641536420694,0.0,0.0,False,0.0,0.0,0.17300060469440598,MODEL_ONLY,DUPLICATE_OR_OLD,DUPLICATE_OR_OLD,126.802536142,126.802536142
126.90798007900001,5.269441767676452,17.222211770031933,0.01527864153642041,0.0,0.0,False,0.0,0.0,0.17300060469440598,MODEL_ONLY,DUPLICATE_OR_OLD,DUPLICATE_OR_OLD,126.802536142,126.802536142
126.95798007900001,5.311243565560684,17.48672890336285,0.006697341924018727,0.0,0.0,False,0.0,0.6697341924018725,0.13942990392414512,FUSED,ACCEPTED,ACCEPTED,126.912506962,126.912506962
127.007980079,5.360479366803074,17.753521976671927,0.011697341924018443,0.0,0.0,False,0.0,0.0,0.13942990392414512,MODEL_ONLY,DUPLICATE_OR_OLD,DUPLICATE_OR_OLD,126.912506962,126.912506962
127.057980079,5.402721279017158,18.022601992817417,0.0062543087516126325,0.0,0.0,False,0.0,0.6254308751612632,0.13005029288693915,FUSED,ACCEPTED,ACCEPTED,127.010450674,127.010450674
127.10798007900001,5.451488779299339,18.29395724427539,0.011254308751613769,0.0,0.0,False,0.0,0.0,0.13005029288693915,MODEL_ONLY,DUPLICATE_OR_OLD,DUPLICATE_OR_OLD,127.010450674,127.010450674
127.15798007900001,5.493607251362859,18.56758464504193,0.006191101394210032,0.0,0.0,False,0.0,0.619110139421003,0.11904536859251247,FUSED,ACCEPTED,ACCEPTED,127.11644906,127.11644906
127.20798007900001,5.541825032263991,18.843470452132582,0.011191101394209748,0.0,0.0,False,0.0,0.0,0.11904536859251247,MODEL_ONLY,DUPLICATE_OR_OLD,DUPLICATE_OR_OLD,127.11644906,127.11644906
127.257980079,5.5830604996051445,19.121592590429294,0.006181909325046224,0.0,0.0,False,0.0,0.6181909325046224,0.1067182431623466,FUSED,ACCEPTED,ACCEPTED,127.208429647,127.208429647
127.307980079,5.6306623326472875,19.40193566123559,0.01118190932504594,0.0,0.0,False,0.0,0.0,0.1067182431623466,MODEL_ONLY,DUPLICATE_OR_OLD,DUPLICATE_OR_OLD,127.208429647,127.208429647
127.35798007900001,5.679798567648089,19.68469718374304,0.006180568851625561,0.0,0.0,False,0.0,0.6180568851625561,0.1199616172280611,FUSED,ACCEPTED,ACCEPTED,127.322428687,127.322428687
127.40798007900001,5.728062886003467,19.96989372008431,0.011180568851625277,0.0,0.0,False,0.0,0.0,0.1199616172280611,MODEL_ONLY,DUPLICATE_OR_OLD,DUPLICATE_OR_OLD,127.322428687,127.322428687
127.45798007900001,5.77632733488108,20.25750347560641,0.016180568851624992,0.0,0.0,False,0.0,0.0,0.1199616172280611,MODEL_ONLY,DUPLICATE_OR_OLD,DUPLICATE_OR_OLD,127.322428687,127.322428687
127.507980079,5.824591898679128,20.547526456445397,0.02118056885162471,0.0,0.0,False,0.0,0.0,0.1199616172280611,MODEL_ONLY,DUPLICATE_OR_OLD,DUPLICATE_OR_OLD,127.322428687,127.322428687
127.557980079,5.8557764018838645,20.839535663959456,0.0072360854686918455,0.0,0.0,False,0.0,0.7236085468691843,0.07894514023194349,FUSED,ACCEPTED,ACCEPTED,127.528509538,127.528509538
127.60798007900001,5.9019903321044245,21.13347983230923,0.012236085468692983,0.0,0.0,False,0.0,0.0,0.07894514023194349,MODEL_ONLY,DUPLICATE_OR_OLD,DUPLICATE_OR_OLD,127.528509538,127.528509538
127.65798007900001,5.934282411573167,21.429386650901154,0.0063284004188139354,0.0,0.0,False,0.0,0.6328400418813934,0.05313274728510742,FUSED,ACCEPTED,ACCEPTED,127.630450563,127.630450563
127.70798007900001,5.979205869649452,21.727223857931705,0.011328400418813653,0.0,0.0,False,0.0,0.0,0.05313274728510742,MODEL_ONLY,DUPLICATE_OR_OLD,DUPLICATE_OR_OLD,127.630450563,127.630450563
127.757980079,6.025984392865839,22.02735361449457,0.00620182014823265,0.0,0.0,False,0.0,0.620182014823265,0.07504489465799655,FUSED,ACCEPTED,ACCEPTED,127.714425611,127.714425611
127.807980079,6.071895165099477,22.329800603443683,0.011201820148232367,0.0,0.0,False,0.0,0.0,0.07504489465799655,MODEL_ONLY,DUPLICATE_OR_OLD,DUPLICATE_OR_OLD,127.714425611,127.714425611
127.85798007900001,6.12523801534485,22.63472893295486,0.0061834712461095245,0.0,0.0,False,0.0,0.6183471246109522,0.09389545483708761,FUSED,ACCEPTED,ACCEPTED,127.806433231,127.806433231
127.90798007900001,6.171861344594856,22.94215641695334,0.011183471246109241,0.0,0.0,False,0.0,0.0,0.09389545483708761,MODEL_ONLY,DUPLICATE_OR_OLD,DUPLICATE_OR_OLD,127.806433231,127.806433231
127.95798007900001,6.210417485099959,23.251713387695688,0.006180796691925993,0.0,0.0,False,0.0,0.6180796691925992,0.05950205494375672,FUSED,ACCEPTED,ACCEPTED,127.914461694,127.914461694
128.007980079,6.255585040751445,23.563363450841866,0.011180796691924288,0.0,0.0,False,0.0,0.0,0.05950205494375672,MODEL_ONLY,DUPLICATE_OR_OLD,DUPLICATE_OR_OLD,127.914461694,127.914461694
128.057980079,6.3008052983460425,23.877273209319373,0.016180796691925424,0.0,0.0,False,0.0,0.0,0.05950205494375672,MODEL_ONLY,DUPLICATE_OR_OLD,DUPLICATE_OR_OLD,127.914461694,127.914461694
128.10798007900001,6.346032886351037,24.19344416393687,0.02118079669192656,0.0,0.0,False,0.0,0.0,0.05950205494375672,MODEL_ONLY,DUPLICATE_OR_OLD,DUPLICATE_OR_OLD,127.914461694,127.914461694
128.157980079,6.389852896079954,24.511841308497537,0.007236102873812095,0.0,0.0,False,0.0,0.7236102873812094,0.06701595007877831,FUSED,ACCEPTED,ACCEPTED,128.122411655,128.122411655
128.207980079,6.43535352647911,24.832471469061588,0.012236102873813232,0.0,0.0,False,0.0,0.0,0.06701595007877831,MODEL_ONLY,DUPLICATE_OR_OLD,DUPLICATE_OR_OLD,128.122411655,128.122411655
128.257980079,6.472888041017495,25.15517750824889,0.006328402765134453,0.0,0.0,False,0.0,0.6328402765134452,0.045098978745761534,FUSED,ACCEPTED,ACCEPTED,128.210420973,128.210420973
128.307980079,6.517078999655374,25.479926684265788,0.01132840276513559,0.0,0.0,False,0.0,0.0,0.045098978745761534,MODEL_ONLY,DUPLICATE_OR_OLD,DUPLICATE_OR_OLD,128.210420973,128.210420973
128.35798007900001,6.552181922722234,25.8066582073253,0.0062018204867172215,0.0,0.0,False,0.0,0.620182048671722,0.030066764381623548,FUSED,ACCEPTED,ACCEPTED,128.3304235,128.3304235
128.407980079,6.595329642872905,26.135345996465066,0.011201820486715516,0.0,0.0,False,0.0,0.0,0.030066764381623548,MODEL_ONLY,DUPLICATE_OR_OLD,DUPLICATE_OR_OLD,128.3304235,128.3304235
128.457980079,6.638413021856299,26.466189563083375,0.006183471295412612,0.0,0.0,False,0.0,0.618347129541261,0.04177027324486841,FUSED,ACCEPTED,ACCEPTED,128.424504906,128.424504906
128.507980079,6.681790610569229,26.7991946538939,0.011183471295410908,0.0,0.0,False,0.0,0.0,0.04177027324486841,MODEL_ONLY,DUPLICATE_OR_OLD,DUPLICATE_OR_OLD,128.424504906,128.424504906
128.557980079,6.725899102342955,27.134386896716777,0.006180796699117495,0.0,0.0,False,0.0,0.6180796699117495,0.04448993127382658,FUSED,ACCEPTED,ACCEPTED,128.518443615,128.518443615
128.60798007900001,6.769013808605677,27.47175971949057,0.011180796699118633,0.0,0.0,False,0.0,0.0,0.04448993127382658,MODEL_ONLY,DUPLICATE_OR_OLD,DUPLICATE_OR_OLD,128.518443615,128.518443615
128.657980079,6.821476915397759,27.811521987590538,0.00618040653425291,0.0,0.0,False,0.0,0.6180406534252909,0.07253993021395523,FUSED,ACCEPTED,ACCEPTED,128.608516598,128.608516598
128.707980079,6.865563161704758,28.15369798951818,0.011180406534254048,0.0,0.0,False,0.0,0.0,0.07253993021395523,MODEL_ONLY,DUPLICATE_OR_OLD,DUPLICATE_OR_OLD,128.608516598,128.608516598
128.757980079,6.906542982047925,28.498000643111876,0.0061803496111044725,0.0,0.0,False,0.0,0.618034961110447,0.05234615179723649,FUSED,ACCEPTED,ACCEPTED,128.722410282,128.722410282
128.807980079,6.949162742838779,28.844393286234123,0.01118034961110561,0.0,0.0,False,0.0,0.0,0.05234615179723649,MODEL_ONLY,DUPLICATE_OR_OLD,DUPLICATE_OR_OLD,128.722410282,128.722410282
128.85798007900001,6.9987073612615704,29.19309003883671,0.006180341306153681,0.0,0.0,False,0.0,0.6180341306153679,0.07920417035609278,FUSED,ACCEPTED,ACCEPTED,128.810456706,128.810456706
128.907980079,7.042198620326095,29.544112688376284,0.011180341306151975,0.0,0.0,False,0.0,0.0,0.07920417035609278,MODEL_ONLY,DUPLICATE_OR_OLD,DUPLICATE_OR_OLD,128.810456706,128.810456706
128.957980079,7.083940615059484,29.897266169261005,0.006180340094477791,0.0,0.0,False,0.0,0.618034009447779,0.06580077594285799,FUSED,ACCEPTED,ACCEPTED,128.918433059,128.918433059
129.007980079,7.130399690338788,30.25262467689584,0.005278640496141968,0.0,0.0,False,0.0,0.5278640496141969,0.0831398201893793,FUSED,ACCEPTED,ACCEPTED,129.006407863,129.006407863
129.057980079,7.173352742761574,30.61021848772343,0.010278640496143104,0.0,0.0,False,0.0,0.0,0.0831398201893793,MODEL_ONLY,DUPLICATE_OR_OLD,DUPLICATE_OR_OLD,129.006407863,129.006407863
129.10798007900001,7.216052799805682,30.969953626287694,0.015278640496144242,0.0,0.0,False,0.0,0.0,0.0831398201893793,MODEL_ONLY,DUPLICATE_OR_OLD,DUPLICATE_OR_OLD,129.006407863,129.006407863
129.157980079,7.261858017885561,31.33190139672985,0.006697341810549921,0.0,0.0,False,0.0,0.6697341810549919,0.08691442792052533,FUSED,ACCEPTED,ACCEPTED,129.104415886,129.104415886
129.207980079,7.3042580362604745,31.696054298083585,0.011697341810551059,0.0,0.0,False,0.0,0.0,0.08691442792052533,MODEL_ONLY,DUPLICATE_OR_OLD,DUPLICATE_OR_OLD,129.104415886,129.104415886
129.257980079,7.34805663816964,32.06236216494421,0.006254308735692729,0.0,0.0,False,0.0,0.6254308735692728,0.0896084322861325,FUSED,ACCEPTED,ACCEPTED,129.21641352,129.21641352
129.307980079,7.390117852148758,32.43081652720225,0.011254308735693866,0.0,0.0,False,0.0,0.0,0.0896084322861325,MODEL_ONLY,DUPLICATE_OR_OLD,DUPLICATE_OR_OLD,129.21641352,129.21641352
129.35798007900001,7.431944390945313,32.80136808327969,0.016254308735695003,0.0,0.0,False,0.0,0.0,0.0896084322861325,MODEL_ONLY,DUPLICATE_OR_OLD,DUPLICATE_OR_OLD,129.21641352,129.21641352
129.407980079,7.473538464513471,33.174005154666034,0.021254308735693297,0.0,0.0,False,0.0,0.0,0.0896084322861325,MODEL_ONLY,DUPLICATE_OR_OLD,DUPLICATE_OR_OLD,129.21641352,129.21641352
129.457980079,7.471929235752297,33.54764184717276,0.007241707165649409,0.0,0.0,False,0.0,0.7241707165649409,-0.010200944526225317,FUSED,ACCEPTED,ACCEPTED,129.398456035,129.398456035
129.507980079,7.508567021559451,33.92215425360543,0.012241707165647705,0.0,0.0,False,0.0,0.0,-0.010200944526225317,MODEL_ONLY,DUPLICATE_OR_OLD,DUPLICATE_OR_OLD,129.398456035,129.398456035
129.557980079,7.567090964676035,34.2990457032614,0.006329158103347589,0.0,0.0,False,0.0,0.6329158103347587,0.08958009208789683,FUSED,ACCEPTED,ACCEPTED,129.534404624,129.534404624
129.60798007900001,7.628732654593044,34.678941293743215,0.005311582411483004,0.0,0.0,False,0.0,0.5311582411483002,0.13199027211008707,FUSED,ACCEPTED,ACCEPTED,129.606398084,129.606398084
129.657980079,7.672327375258698,35.061467794489374,0.0103115824114813,0.0,0.0,False,0.0,0.0,0.13199027211008707,MODEL_ONLY,DUPLICATE_OR_OLD,DUPLICATE_OR_OLD,129.606398084,129.606398084
129.707980079,7.715813227055209,35.44617130954731,0.015311582411482437,0.0,0.0,False,0.0,0.0,0.13199027211008707,MODEL_ONLY,DUPLICATE_OR_OLD,DUPLICATE_OR_OLD,129.606398084,129.606398084
129.757980079,7.766576309654604,35.83323104796492,0.00670093106184637,0.0,0.0,False,0.0,0.6700931061846369,0.12051289941246807,FUSED,ACCEPTED,ACCEPTED,129.714398796,129.714398796
129.807980079,7.8092383586094005,36.222626414671616,0.011700931061847508,0.0,0.0,False,0.0,0.0,0.12051289941246807,MODEL_ONLY,DUPLICATE_OR_OLD,DUPLICATE_OR_OLD,129.714398796,129.714398796
129.85798007900001,7.848690585371212,36.61407463827122,0.006254812247244668,0.0,0.0,False,0.0,0.6254812247244667,0.10652878707618989,FUSED,ACCEPTED,ACCEPTED,129.810395465,129.810395465
129.907980079,7.890375220729342,37.0075512834236,0.011254812247242962,0.0,0.0,False,0.0,0.0,0.10652878707618989,MODEL_ONLY,DUPLICATE_OR_OLD,DUPLICATE_OR_OLD,129.810395465,129.810395465
129.957980079,7.934757837431943,37.40317960987772,0.006191174438488063,0.0,0.0,False,0.0,0.6191174438488063,0.12016567356469197,FUSED,ACCEPTED,ACCEPTED,129.910419917,129.910419917
130.007980079,7.976822266249744,37.80096911246963,0.011191174438486358,0.0,0.0,False,0.0,0.0,0.12016567356469197,MODEL_ONLY,DUPLICATE_OR_OLD,DUPLICATE_OR_OLD,129.910419917,129.910419917
130.057980079,8.024340270572715,38.200998175890284,0.006181919973277272,0.0,0.0,False,0.0,0.618191997327727,0.13313168347268584,FUSED,ACCEPTED,ACCEPTED,130.008434303,130.008434303
130.10798007900001,8.06672729451291,38.60327486501751,0.01118191997327841,0.0,0.0,False,0.0,0.0,0.13313168347268584,MODEL_ONLY,DUPLICATE_OR_OLD,DUPLICATE_OR_OLD,130.008434303,130.008434303
130.157980079,8.108925890776279,39.0076661946496,0.006180570404994449,0.0,0.0,False,0.0,0.6180570404994448,0.12662653679759714,FUSED,ACCEPTED,ACCEPTED,130.122430814,130.122430814
130.207980079,8.150642135102434,39.41415539529667,0.011180570404995586,0.0,0.0,False,0.0,0.0,0.12662653679759714,MODEL_ONLY,DUPLICATE_OR_OLD,DUPLICATE_OR_OLD,130.122430814,130.122430814
130.257980079,8.193945747044458,39.8227700923502,0.006180373519252078,0.0,0.0,False,0.0,0.6180373519252076,0.1330946522303973,FUSED,ACCEPTED,ACCEPTED,130.210418207,130.210418207
130.307980079,8.235630438121106,40.23350949697943,0.011180373519253215,0.0,0.0,False,0.0,0.0,0.1330946522303973,MODEL_ONLY,DUPLICATE_OR_OLD,DUPLICATE_OR_OLD,130.210418207,130.210418207
130.35798007900001,8.281384768601564,40.64643487714759,0.006180344794299631,0.0,0.0,False,0.0,0.6180344794299629,0.1438110868394756,FUSED,ACCEPTED,ACCEPTED,130.324400576,130.324400576
130.407980079,8.323242756512032,41.06155056527529,0.011180344794297926,0.0,0.0,False,0.0,0.0,0.1438110868394756,MODEL_ONLY,DUPLICATE_OR_OLD,DUPLICATE_OR_OLD,130.324400576,130.324400576
130.457980079,8.364156432257955,41.478735544994635,0.006180340603391303,0.0,0.0,False,0.0,0.6180340603391303,0.1368838949908593,FUSED,ACCEPTED,ACCEPTED,130.414479092,130.414479092
130.507980079,8.405302969137587,41.89797203002938,0.011180340603389599,0.0,0.0,False,0.0,0.0,0.1368838949908593,MODEL_ONLY,DUPLICATE_OR_OLD,DUPLICATE_OR_OLD,130.414479092,130.414479092
130.557980079,8.44528109084752,42.3192366315291,0.00618033999194615,0.0,0.0,False,0.0,0.6180339991946149,0.1362790461880896,FUSED,ACCEPTED,ACCEPTED,130.508405118,130.508405118
130.60798007900001,8.48603969291254,42.742519651123196,0.011180339991947287,0.0,0.0,False,0.0,0.0,0.1362790461880896,MODEL_ONLY,DUPLICATE_OR_OLD,DUPLICATE_OR_OLD,130.508405118,130.508405118
130.657980079,8.525312518697033,43.16780345641329,0.006180339902737508,0.0,0.0,False,0.0,0.6180339902737506,0.13455109067913504,FUSED,ACCEPTED,ACCEPTED,130.606446992,130.606446992
130.707980079,8.565634853543777,43.595077140719404,0.011180339902738645,0.0,0.0,False,0.0,0.0,0.13455109067913504,MODEL_ONLY,DUPLICATE_OR_OLD,DUPLICATE_OR_OLD,130.606446992,130.606446992
130.757980079,8.595816372855715,44.02411342137924,0.006180339889722142,0.0,0.0,False,0.0,0.6180339889722141,0.1068237143215065,FUSED,ACCEPTED,ACCEPTED,130.716396382,130.716396382
130.807980079,8.63479295601363,44.454878654601075,0.011180339889723279,0.0,0.0,False,0.0,0.0,0.1068237143215065,MODEL_ONLY,DUPLICATE_OR_OLD,DUPLICATE_OR_OLD,130.716396382,130.716396382
130.85798007900001,8.671453060196692,44.88753480500643,0.00618033988782364,0.0,0.0,False,0.0,0.6180339887823639,0.11344101524611866,FUSED,ACCEPTED,ACCEPTED,130.83645038,130.83645038
130.907980079,8.710715225083247,45.322089012138285,0.011180339887821935,0.0,0.0,False,0.0,0.0,0.11344101524611866,MODEL_ONLY,DUPLICATE_OR_OLD,DUPLICATE_OR_OLD,130.83645038,130.83645038
130.957980079,8.763850033135785,45.75895314359386,0.006180339887546239,0.0,0.0,False,0.0,0.6180339887546238,0.1573486310053897,FUSED,ACCEPTED,ACCEPTED,130.922378016,130.922378016
131.007980079,8.80518964797672,46.19817913562152,0.011180339887544534,0.0,0.0,False,0.0,0.0,0.1573486310053897,MODEL_ONLY,DUPLICATE_OR_OLD,DUPLICATE_OR_OLD,130.922378016,130.922378016
131.057980079,8.848479524177339,46.63952086492547,0.006180339887505766,0.0,0.0,False,0.0,0.6180339887505765,0.14506987666546922,FUSED,ACCEPTED,ACCEPTED,131.010429748,131.010429748
131.10798007900001,8.889037195169351,47.082958782909245,0.011180339887506902,0.0,0.0,False,0.0,0.0,0.14506987666546922,MODEL_ONLY,DUPLICATE_OR_OLD,DUPLICATE_OR_OLD,131.010429748,131.010429748
131.157980079,8.920999349048364,47.52820969651454,0.006180339887499861,0.0,0.0,False,0.0,0.6180339887499859,0.11961731701048277,FUSED,ACCEPTED,ACCEPTED,131.118490352,131.118490352
131.207980079,8.96008706482218,47.9752368568614,0.011180339887500997,0.0,0.0,False,0.0,0.0,0.11961731701048277,MODEL_ONLY,DUPLICATE_OR_OLD,DUPLICATE_OR_OLD,131.118490352,131.118490352
131.257980079,8.995349777371638,48.4241227779161,0.006180339887499,0.0,0.0,False,0.0,0.6180339887498998,0.12054589007148604,FUSED,ACCEPTED,ACCEPTED,131.22038966,131.22038966
131.307980079,9.034265218810416,48.874863152820744,0.011180339887500137,0.0,0.0,False,0.0,0.0,0.12054589007148604,MODEL_ONLY,DUPLICATE_OR_OLD,DUPLICATE_OR_OLD,131.22038966,131.22038966
131.35798007900001,9.071975061489793,49.32751915982835,0.006180339887499289,0.0,0.0,False,0.0,0.6180339887499287,0.12195473644292461,FUSED,ACCEPTED,ACCEPTED,131.334434867,131.334434867
131.407980079,9.110721697030522,49.7820865787912,0.011180339887497583,0.0,0.0,False,0.0,0.0,0.12195473644292461,MODEL_ONLY,DUPLICATE_OR_OLD,DUPLICATE_OR_OLD,131.334434867,131.334434867
131.457980079,9.150756591144704,50.238623535995686,0.006180339887498916,0.0,0.0,False,0.0,0.6180339887498916,0.12769199279180826,FUSED,ACCEPTED,ACCEPTED,131.436430207,131.436430207
131.507980079,9.189533785541373,50.697130795412676,0.011180339887497212,0.0,0.0,False,0.0,0.0,0.12769199279180826,MODEL_ONLY,DUPLICATE_OR_OLD,DUPLICATE_OR_OLD,131.436430207,131.436430207
131.557980079,9.230665991611339,51.1576357898416,0.006180339887498861,0.0,0.0,False,0.0,0.618033988749886,0.1337274588189661,FUSED,ACCEPTED,ACCEPTED,131.518405275,131.518405275
131.60798007900001,9.273224579019976,51.62023305410749,0.005278640450004441,0.0,0.0,False,0.0,0.5278640450004439,0.14370351267701523,FUSED,ACCEPTED,ACCEPTED,131.602404113,131.602404113
131.657980079,9.312399817962106,52.08487366403189,0.010278640450002735,0.0,0.0,False,0.0,0.0,0.14370351267701523,MODEL_ONLY,DUPLICATE_OR_OLD,DUPLICATE_OR_OLD,131.602404113,131.602404113
131.707980079,9.351435610212532,52.55146954973636,0.015278640450003872,0.0,0.0,False,0.0,0.0,0.14370351267701523,MODEL_ONLY,DUPLICATE_OR_OLD,DUPLICATE_OR_OLD,131.602404113,131.602404113
131.757980079,9.381841563730175,53.01980147908477,0.0066973418055171355,0.0,0.0,False,0.0,0.6697341805517134,0.11712819119904548,FUSED,ACCEPTED,ACCEPTED,131.722401129,131.722401129
131.807980079,9.418928074210045,53.489820720033386,0.011697341805518274,0.0,0.0,False,0.0,0.0,0.11712819119904548,MODEL_ONLY,DUPLICATE_OR_OLD,DUPLICATE_OR_OLD,131.722401129,131.722401129
131.85798007900001,9.453829321200883,53.96163965491876,0.0062543087349870175,0.0,0.0,False,0.0,0.6254308734987017,0.1220284301523005,FUSED,ACCEPTED,ACCEPTED,131.80837424,131.80837424
131.907980079,9.499080876651224,54.435462409864904,0.005295071637150137,0.0,0.0,False,0.0,0.5295071637150137,0.15309354327782665,FUSED,ACCEPTED,ACCEPTED,131.906433193,131.906433193
131.957980079,9.537191295467313,54.911369214167976,0.010295071637151274,0.0,0.0,False,0.0,0.0,0.15309354327782665,MODEL_ONLY,DUPLICATE_OR_OLD,DUPLICATE_OR_OLD,131.906433193,131.906433193
132.007980079,9.575069463626617,55.389175733145166,0.01529507163714957,0.0,0.0,False,0.0,0.0,0.15309354327782665,MODEL_ONLY,DUPLICATE_OR_OLD,DUPLICATE_OR_OLD,131.906433193,131.906433193
132.057980079,9.6127284012146,55.8688706797663,0.020295071637150705,0.0,0.0,False,0.0,0.0,0.15309354327782665,MODEL_ONLY,DUPLICATE_OR_OLD,DUPLICATE_OR_OLD,131.906433193,131.906433193
132.10798007900001,9.650179772655397,56.35044338411316,0.02529507163715184,0.0,0.0,False,0.0,0.0,0.15309354327782665,MODEL_ONLY,DUPLICATE_OR_OLD,DUPLICATE_OR_OLD,131.906433193,131.906433193
132.157980079,9.674484045106187,56.83355997955704,0.007518306930919941,0.0,0.0,False,0.0,0.751830693091994,0.11825593816933626,FUSED,ACCEPTED,ACCEPTED,132.132479775,132.132479775
132.207980079,9.709460465119239,57.318158592312784,0.012518306930921078,0.0,0.0,False,0.0,0.0,0.11825593816933626,MODEL_ONLY,DUPLICATE_OR_OLD,DUPLICATE_OR_OLD,132.132479775,132.132479775
132.257980079,9.754724310546045,57.80476321170425,0.006366055504394397,0.0,0.0,False,0.0,0.6366055504394396,0.15945376183426124,FUSED,ACCEPTED,ACCEPTED,132.218370901,132.218370901
132.307980079,9.791147807012326,58.29341001464332,0.011366055504395534,0.0,0.0,False,0.0,0.0,0.15945376183426124,MODEL_ONLY,DUPLICATE_OR_OLD,DUPLICATE_OR_OLD,132.218370901,132.218370901
132.35798007900001,9.823830599969131,58.78378447481797,0.006207244576902127,0.0,0.0,False,0.0,0.6207244576902127,0.1367861293111631,FUSED,ACCEPTED,ACCEPTED,132.322359664,132.322359664
132.407980079,9.85859800061066,59.275845189832296,0.011207244576900421,0.0,0.0,False,0.0,0.0,0.1367861293111631,MODEL_ONLY,DUPLICATE_OR_OLD,DUPLICATE_OR_OLD,132.322359664,132.322359664
132.457980079,9.897792778713217,59.769754959315506,0.0061842611989763475,0.0,0.0,False,0.0,0.6184261198976345,0.1569143204715559,FUSED,ACCEPTED,ACCEPTED,132.416350071,132.416350071
132.507980079,9.932922291348683,60.26552283606688,0.011184261198974643,0.0,0.0,False,0.0,0.0,0.1569143204715559,MODEL_ONLY,DUPLICATE_OR_OLD,DUPLICATE_OR_OLD,132.416350071,132.416350071
132.557980079,9.963575637194891,60.76293528428059,0.006180911913454653,0.0,0.0,False,0.0,0.6180911913454652,0.1398829843524096,FUSED,ACCEPTED,ACCEPTED,132.508362318,132.508362318
132.60798007900001,10.00019249438057,61.26202948757008,0.005278767958216564,0.0,0.0,False,0.0,0.5278767958216564,0.15719001060795856,FUSED,ACCEPTED,ACCEPTED,132.602405072,132.602405072
132.657980079,10.034311061272183,61.76289207646123,0.01027876795821486,0.0,0.0,False,0.0,0.0,0.15719001060795856,MODEL_ONLY,DUPLICATE_OR_OLD,DUPLICATE_OR_OLD,132.602405072,132.602405072
132.707980079,10.068142726725103,62.265453421161276,0.015278767958215997,0.0,0.0,False,0.0,0.0,0.15719001060795856,MODEL_ONLY,DUPLICATE_OR_OLD,DUPLICATE_OR_OLD,132.602405072,132.602405072
132.757980079,10.08721432168257,62.7693373473713,0.006697355713482025,0.0,0.0,False,0.0,0.6697355713482023,0.11666946376211502,FUSED,ACCEPTED,ACCEPTED,132.724484958,132.724484958
132.807980079,10.118141597133057,63.2744712453418,0.011697355713483161,0.0,0.0,False,0.0,0.0,0.11666946376211502,MODEL_ONLY,DUPLICATE_OR_OLD,DUPLICATE_OR_OLD,132.724484958,132.724484958
132.85798007900001,10.148695616198967,63.78114217567522,0.016697355713484296,0.0,0.0,False,0.0,0.0,0.11666946376211502,MODEL_ONLY,DUPLICATE_OR_OLD,DUPLICATE_OR_OLD,132.724484958,132.724484958
132.907980079,10.178912130741322,64.28933236934856,0.02169735571348259,0.0,0.0,False,0.0,0.0,0.11666946376211502,MODEL_ONLY,DUPLICATE_OR_OLD,DUPLICATE_OR_OLD,132.724484958,132.724484958
132.957980079,10.20519808272069,64.79893512468522,0.007275008020175773,0.0,0.0,False,0.0,0.727500802017577,0.12897243998180014,FUSED,ACCEPTED,ACCEPTED,132.918400381,132.918400381
133.007980079,10.235048175143355,65.30994128113164,0.012275008020174068,0.0,0.0,False,0.0,0.0,0.12897243998180014,MODEL_ONLY,DUPLICATE_OR_OLD,DUPLICATE_OR_OLD,132.918400381,132.918400381
133.057980079,10.257712521347324,65.82226029854402,0.0063336399415160425,0.0,0.0,False,0.0,0.633363994151604,0.11307599375897753,FUSED,ACCEPTED,ACCEPTED,133.020478964,133.020478964
133.10798007900001,10.28598027959556,66.33585261856771,0.01133363994151718,0.0,0.0,False,0.0,0.0,0.11307599375897753,MODEL_ONLY,DUPLICATE_OR_OLD,DUPLICATE_OR_OLD,133.020478964,133.020478964
133.157980079,10.315831422049575,66.85089791110866,0.006202575860302999,0.0,0.0,False,0.0,0.6202575860302998,0.1299163609376061,FUSED,ACCEPTED,ACCEPTED,133.114435365,133.114435365
133.207980079,10.343877793049899,67.36739064148625,0.011202575860304136,0.0,0.0,False,0.0,0.0,0.1299163609376061,MODEL_ONLY,DUPLICATE_OR_OLD,DUPLICATE_OR_OLD,133.114435365,133.114435365
133.257980079,10.366820120942418,67.88515808933589,0.006183581319136547,0.0,0.0,False,0.0,0.6183581319136544,0.11489833467713921,FUSED,ACCEPTED,ACCEPTED,133.216389094,133.216389094
133.307980079,10.393267202677208,68.4041602724265,0.011183581319137683,0.0,0.0,False,0.0,0.0,0.11489833467713921,MODEL_ONLY,DUPLICATE_OR_OLD,DUPLICATE_OR_OLD,133.216389094,133.216389094
133.35798007900001,10.419249895343636,68.92447319987714,0.006180812747456161,0.0,0.0,False,0.0,0.618081274745616,0.12420436603689658,FUSED,ACCEPTED,ACCEPTED,133.322421538,133.322421538
133.407980079,10.445020101965271,69.44607994980967,0.011180812747454456,0.0,0.0,False,0.0,0.0,0.12420436603689658,MODEL_ONLY,DUPLICATE_OR_OLD,DUPLICATE_OR_OLD,133.322421538,133.322421538
133.457980079,10.470311223744618,69.96896323295255,0.016180812747455593,0.0,0.0,False,0.0,0.0,0.12420436603689658,MODEL_ONLY,DUPLICATE_OR_OLD,DUPLICATE_OR_OLD,133.322421538,133.322421538
133.507980079,10.495175272679473,70.49310039536297,0.021180812747453887,0.0,0.0,False,0.0,0.0,0.12420436603689658,MODEL_ONLY,DUPLICATE_OR_OLD,DUPLICATE_OR_OLD,133.322421538,133.322421538
133.557980079,10.510162895362871,71.01823384956415,0.007236104100313943,0.0,0.0,False,0.0,0.7236104100313943,0.11051536530928034,FUSED,ACCEPTED,ACCEPTED,133.532370807,133.532370807
133.60798007900001,10.533111491363323,71.54431570923242,0.01223610410031508,0.0,0.0,False,0.0,0.0,0.11051536530928034,MODEL_ONLY,DUPLICATE_OR_OLD,DUPLICATE_OR_OLD,133.532370807,133.532370807
133.657980079,10.555531428540842,72.07153178222985,0.006328402930474576,0.0,0.0,False,0.0,0.6328402930474575,0.11952405452901185,FUSED,ACCEPTED,ACCEPTED,133.622378971,133.622378971
133.707980079,10.577961312033676,72.59986910074433,0.011328402930475713,0.0,0.0,False,0.0,0.0,0.11952405452901185,MODEL_ONLY,DUPLICATE_OR_OLD,DUPLICATE_OR_OLD,133.622378971,133.622378971
133.757980079,10.596046120196265,73.1292192865499,0.006201820510569054,0.0,0.0,False,0.0,0.6201820510569054,0.10925012238486541,FUSED,ACCEPTED,ACCEPTED,133.718391021,133.718391021
133.807980079,10.616886824629171,73.65954261017066,0.011201820510570192,0.0,0.0,False,0.0,0.0,0.10925012238486541,MODEL_ONLY,DUPLICATE_OR_OLD,DUPLICATE_OR_OLD,133.718391021,133.718391021
133.85798007900001,10.631653284376034,74.19075611289591,0.006183471298887258,0.0,0.0,False,0.0,0.6183471298887258,0.10110269000302283,FUSED,ACCEPTED,ACCEPTED,133.808359001,133.808359001
133.907980079,10.650969405271631,74.72282168013692,0.011183471298885552,0.0,0.0,False,0.0,0.0,0.10110269000302283,MODEL_ONLY,DUPLICATE_OR_OLD,DUPLICATE_OR_OLD,133.808359001,133.808359001
133.957980079,10.661934286904785,75.25564427244146,0.006180796699624319,0.0,0.0,False,0.0,0.6180796699624317,0.08758903454852919,FUSED,ACCEPTED,ACCEPTED,133.918455874,133.918455874
134.007980079,10.679699739490568,75.78918512310115,0.011180796699622613,0.0,0.0,False,0.0,0.0,0.08758903454852919,MODEL_ONLY,DUPLICATE_OR_OLD,DUPLICATE_OR_OLD,133.918455874,133.918455874
134.057980079,10.696722115678883,76.32359566948051,0.016180796699623752,0.0,0.0,False,0.0,0.0,0.08758903454852919,MODEL_ONLY,DUPLICATE_OR_OLD,DUPLICATE_OR_OLD,133.918455874,133.918455874
134.10798007900001,10.71308837456902,76.85884093173684,0.021180796699624888,0.0,0.0,False,0.0,0.0,0.08758903454852919,MODEL_ONLY,DUPLICATE_OR_OLD,DUPLICATE_OR_OLD,133.918455874,133.918455874
134.157980079,10.710910638220186,77.39444090705638,0.00723610287440018,0.0,0.0,False,0.0,0.7236102874400179,0.06507270317420202,FUSED,ACCEPTED,ACCEPTED,134.124454654,134.124454654
134.207980079,10.719686525940466,77.93020583616051,0.00550280907743406,0.0,0.0,False,0.0,0.5502809077434061,0.0670930402607596,FUSED,ACCEPTED,ACCEPTED,134.20235154,134.20235154
134.257980079,10.73129722119294,78.46648042983867,0.010502809077432354,0.0,0.0,False,0.0,0.0,0.0670930402607596,MODEL_ONLY,DUPLICATE_OR_OLD,DUPLICATE_OR_OLD,134.20235154,134.20235154
134.307980079,10.741608799861309,79.00330308036514,0.015502809077433491,0.0,0.0,False,0.0,0.0,0.0670930402607596,MODEL_ONLY,DUPLICATE_OR_OLD,DUPLICATE_OR_OLD,134.20235154,134.20235154
134.35798007900001,10.749338845254362,79.54057677149316,0.006721613417762957,0.0,0.0,False,0.0,0.6721613417762955,0.07654839421721472,FUSED,ACCEPTED,ACCEPTED,134.322342311,134.322342311
134.407980079,10.757972260787799,80.07825954914404,0.011721613417761251,0.0,0.0,False,0.0,0.0,0.07654839421721472,MODEL_ONLY,DUPLICATE_OR_OLD,DUPLICATE_OR_OLD,134.322342311,134.322342311
134.457980079,10.757891715160957,80.61615614854288,0.006257710998336351,0.0,0.0,False,0.0,0.625771099833635,0.05848575911479678,FUSED,ACCEPTED,ACCEPTED,134.4163945,134.4163945
134.507980079,10.763954552258443,81.15420230522818,0.011257710998334645,0.0,0.0,False,0.0,0.0,0.05848575911479678,MODEL_ONLY,DUPLICATE_OR_OLD,DUPLICATE_OR_OLD,134.4163945,134.4163945
134.557980079,10.753164577958373,81.69213028348373,0.006191594918295125,0.0,0.0,False,0.0,0.6191594918295125,0.024266605280443346,FUSED,ACCEPTED,ACCEPTED,134.510387276,134.510387276
134.60798007900001,10.756223817735258,82.2298649933762,0.011191594918296261,0.0,0.0,False,0.0,0.0,0.024266605280443346,MODEL_ONLY,DUPLICATE_OR_OLD,DUPLICATE_OR_OLD,134.510387276,134.510387276
134.657980079,10.750295876809348,82.76752798573963,0.0061819812687256,0.0,0.0,False,0.0,0.61819812687256,0.023384297198222315,FUSED,ACCEPTED,ACCEPTED,134.612356385,134.612356385
134.707980079,10.752308919838605,83.30509310565596,0.011181981268726738,0.0,0.0,False,0.0,0.0,0.023384297198222315,MODEL_ONLY,DUPLICATE_OR_OLD,DUPLICATE_OR_OLD,134.612356385,134.612356385
134.757980079,10.74616019144716,83.84255483343792,0.0061805793467795255,0.0,0.0,False,0.0,0.6180579346779524,0.01246772368873122,FUSED,ACCEPTED,ACCEPTED,134.718352929,134.718352929
134.807980079,10.746850571332475,84.37988010250753,0.011180579346780663,0.0,0.0,False,0.0,0.0,0.01246772368873122,MODEL_ONLY,DUPLICATE_OR_OLD,DUPLICATE_OR_OLD,134.718352929,134.718352929
134.85798007900001,10.743836349812083,84.91714727553627,0.006180374823817935,0.0,0.0,False,0.0,0.6180374823817933,0.01357087894542391,FUSED,ACCEPTED,ACCEPTED,134.816374491,134.816374491
134.907980079,10.74397966909213,85.45434267600868,0.01118037482381623,0.0,0.0,False,0.0,0.0,0.01357087894542391,MODEL_ONLY,DUPLICATE_OR_OLD,DUPLICATE_OR_OLD,134.816374491,134.816374491
134.957980079,10.7357254325202,85.9913353035491,0.0061803449846323105,0.0,0.0,False,0.0,0.618034498463231,-0.005373129433774389,FUSED,ACCEPTED,ACCEPTED,134.916361608,134.916361608
135.007980079,10.734454699075425,86.5280898068388,0.011180344984630605,0.0,0.0,False,0.0,0.0,-0.005373129433774389,MODEL_ONLY,DUPLICATE_OR_OLD,DUPLICATE_OR_OLD,134.916361608,134.916361608
135.057980079,10.726195000027356,87.06460604931651,0.006180340631160457,0.0,0.0,False,0.0,0.6180340631160456,-0.013844905267524904,FUSED,ACCEPTED,ACCEPTED,135.008337268,135.008337268
135.10798007900001,10.72413876409474,87.60086439341968,0.011180340631161594,0.0,0.0,False,0.0,0.0,-0.013844905267524904,MODEL_ONLY,DUPLICATE_OR_OLD,DUPLICATE_OR_OLD,135.008337268,135.008337268
135.157980079,10.710671672217641,88.13673465432731,0.006180339995997616,0.0,0.0,False,0.0,0.6180339995997614,-0.03742415278907105,FUSED,ACCEPTED,ACCEPTED,135.118427369,135.118427369
135.207980079,10.707155910823323,88.67218034390348,0.011180339995998753,0.0,0.0,False,0.0,0.0,-0.03742415278907105,MODEL_ONLY,DUPLICATE_OR_OLD,DUPLICATE_OR_OLD,135.118427369,135.118427369
135.257980079,10.699127363153726,89.20733742575271,0.006180339903328608,0.0,0.0,False,0.0,0.6180339903328607,-0.03548002905643123,FUSED,ACCEPTED,ACCEPTED,135.234340642,135.234340642
135.307980079,10.695491309559406,89.74220289257066,0.011180339903329745,0.0,0.0,False,0.0,0.0,-0.03548002905643123,MODEL_ONLY,DUPLICATE_OR_OLD,DUPLICATE_OR_OLD,135.234340642,135.234340642
135.35798007900001,10.697585824796866,90.27702982092968,0.006180339889808798,0.0,0.0,False,0.0,0.6180339889808797,-0.013283819153432713,FUSED,ACCEPTED,ACCEPTED,135.336389369,135.336389369
135.407980079,10.694890972388018,90.81184174085914,0.011180339889807094,0.0,0.0,False,0.0,0.0,-0.013283819153432713,MODEL_ONLY,DUPLICATE_OR_OLD,DUPLICATE_OR_OLD,135.336389369,135.336389369
135.457980079,10.687041900931597,91.34639006269224,0.006180339887835869,0.0,0.0,False,0.0,0.6180339887835867,-0.03889870151396785,FUSED,ACCEPTED,ACCEPTED,135.428357872,135.428357872
135.507980079,10.684077618744116,91.88066805068394,0.011180339887834165,0.0,0.0,False,0.0,0.0,-0.03889870151396785,MODEL_ONLY,DUPLICATE_OR_OLD,DUPLICATE_OR_OLD,135.428357872,135.428357872
135.557980079,10.688070895696727,92.4149717635451,0.006180339887548023,0.0,0.0,False,0.0,0.6180339887548021,-0.013432124249542154,FUSED,ACCEPTED,ACCEPTED,135.518358328,135.518358328
135.60798007900001,10.68716440513663,92.94935264606605,0.01118033988754916,0.0,0.0,False,0.0,0.0,-0.013432124249542154,MODEL_ONLY,DUPLICATE_OR_OLD,DUPLICATE_OR_OLD,135.518358328,135.518358328
135.657980079,10.673579069360684,93.48337123292829,0.006180339887506026,0.0,0.0,False,0.0,0.6180339887506026,-0.06287238845660498,FUSED,ACCEPTED,ACCEPTED,135.606370411,135.606370411
135.707980079,10.670809390143011,94.016980944416,0.011180339887507162,0.0,0.0,False,0.0,0.0,-0.06287238845660498,MODEL_ONLY,DUPLICATE_OR_OLD,DUPLICATE_OR_OLD,135.606370411,135.606370411
135.757980079,10.659679328877132,94.55024316239133,0.006180339887499898,0.0,0.0,False,0.0,0.6180339887499897,-0.07028493312791176,FUSED,ACCEPTED,ACCEPTED,135.722372512,135.722372512
135.807980079,10.657012619259481,95.08316046109486,0.011180339887501035,0.0,0.0,False,0.0,0.0,-0.07028493312791176,MODEL_ONLY,DUPLICATE_OR_OLD,DUPLICATE_OR_OLD,135.722372512,135.722372512
135.85798007900001,10.649935014494814,95.61583415193886,0.006180339887499419,0.0,0.0,False,0.0,0.6180339887499418,-0.07450613314062181,FUSED,ACCEPTED,ACCEPTED,135.836385531,135.836385531
135.907980079,10.647425630428891,96.14826816806176,0.011180339887497715,0.0,0.0,False,0.0,0.0,-0.07450613314062181,MODEL_ONLY,DUPLICATE_OR_OLD,DUPLICATE_OR_OLD,135.836385531,135.836385531
135.957980079,10.640588917504083,96.68046853176021,0.006180339887498935,0.0,0.0,False,0.0,0.6180339887498933,-0.08307901853702224,FUSED,ACCEPTED,ACCEPTED,135.908370497,135.908370497
136.007980079,10.637937462459398,97.21243169125911,0.01118033988749723,0.0,0.0,False,0.0,0.0,-0.08307901853702224,MODEL_ONLY,DUPLICATE_OR_OLD,DUPLICATE_OR_OLD,135.908370497,135.908370497
136.057980079,10.637322217180804,97.74431318325024,0.01618033988749837,0.0,0.0,False,0.0,0.0,-0.08307901853702224,MODEL_ONLY,RATE_ANOMALY,RATE_ANOMALY,136.016332278,136.016332278
136.10798007900001,10.63489366154514,98.27611858021851,0.021180339887499504,0.0,0.0,False,0.0,0.0,-0.08307901853702224,MODEL_ONLY,DUPLICATE_OR_OLD,DUPLICATE_OR_OLD,136.016332278,136.016332278
136.157980079,10.6325572034824,98.80780485184401,0.026180339887497798,0.0,0.0,False,0.0,0.0,-0.08307901853702224,MODEL_ONLY,MODEL_DISAGREEMENT,MODEL_DISAGREEMENT,136.112385818,136.112385818
136.207980079,10.630301968404865,99.33937633114131,0.031180339887498937,0.0,0.0,False,0.0,0.0,-0.08307901853702224,MODEL_ONLY,DUPLICATE_OR_OLD,DUPLICATE_OR_OLD,136.112385818,136.112385818
136.257980079,10.628118376995806,99.87083683977615,0.036180339887497234,0.0,0.0,False,0.0,0.0,-0.08307901853702224,MODEL_ONLY,MODEL_DISAGREEMENT,MODEL_DISAGREEMENT,136.212326815,136.212326815
136.307980079,10.625997990925752,100.40218974897431,0.04118033988749837,0.0,0.0,False,0.0,0.0,-0.08307901853702224,MODEL_ONLY,DUPLICATE_OR_OLD,DUPLICATE_OR_OLD,136.212326815,136.212326815
136.35798007900001,10.62393337694635,100.93343803317123,0.046180339887499505,0.0,0.0,False,0.0,0.0,-0.08307901853702224,MODEL_ONLY,MODEL_DISAGREEMENT,MODEL_DISAGREEMENT,136.32831899,136.32831899
136.407980079,10.621917987172658,101.46458431727402,0.0511803398874978,0.0,0.0,False,0.0,0.0,-0.08307901853702224,MODEL_ONLY,DUPLICATE_OR_OLD,DUPLICATE_OR_OLD,136.32831899,136.32831899
136.457980079,10.619946053625544,101.9956309182941,0.05618033988749894,0.0,0.0,False,0.0,0.0,-0.08307901853702224,MODEL_ONLY,MODEL_DISAGREEMENT,MODEL_DISAGREEMENT,136.406325581,136.406325581
136.507980079,10.618012495335588,102.52657988201794,0.061180339887497236,0.0,0.0,False,0.0,0.0,-0.08307901853702224,MODEL_ONLY,DUPLICATE_OR_OLD,DUPLICATE_OR_OLD,136.406325581,136.406325581
136.557980079,10.616112836512166,103.05743301531426,0.06618033988749837,0.0,0.0,False,0.0,0.0,-0.08307901853702224,MODEL_ONLY,MODEL_DISAGREEMENT,MODEL_DISAGREEMENT,136.522333365,136.522333365
136.60798007900001,10.6142431344597,103.58819191458868,0.07118033988749951,0.0,0.0,False,0.0,0.0,-0.08307901853702224,MODEL_ONLY,DUPLICATE_OR_OLD,DUPLICATE_OR_OLD,136.522333365,136.522333365
136.657980079,10.61239991608002,104.11885799085199,0.07618033988749781,0.0,0.0,False,0.0,0.0,-0.08307901853702224,MODEL_ONLY,MODEL_DISAGREEMENT,MODEL_DISAGREEMENT,136.614324619,136.614324619
136.707980079,10.61058012193811,104.64943249180257,0.08118033988749895,0.0,0.0,False,0.0,0.0,-0.08307901853702224,MODEL_ONLY,DUPLICATE_OR_OLD,DUPLICATE_OR_OLD,136.614324619,136.614324619
136.757980079,10.608781056990317,105.1799165212756,0.08618033988749725,0.0,0.0,False,0.0,0.0,-0.08307901853702224,MODEL_ONLY,MODEL_DISAGREEMENT,MODEL_DISAGREEMENT,136.724320664,136.724320664
136.807980079,10.60700034718144,105.71031105638002,0.0911803398874984,0.0,0.0,False,0.0,0.0,-0.08307901853702224,MODEL_ONLY,DUPLICATE_OR_OLD,DUPLICATE_OR_OLD,136.724320664,136.724320664
136.85798007900001,10.60579916388052,106.24063104415669,0.09618033988749954,0.0,0.0,False,0.0,0.0,-0.08307901853702224,MODEL_ONLY,MODEL_DISAGREEMENT,MODEL_DISAGREEMENT,136.81030499,136.81030499
136.907980079,10.605108367288398,106.77090373243573,0.10118033988749783,0.0,0.0,False,0.0,0.0,-0.08307901853702224,MODEL_ONLY,DUPLICATE_OR_OLD,DUPLICATE_OR_OLD,136.81030499,136.81030499
136.957980079,10.604867025586545,107.30115311725773,0.10618033988749898,0.0,0.0,False,0.0,0.0,-0.08307901853702224,MODEL_ONLY,MODEL_DISAGREEMENT,MODEL_DISAGREEMENT,136.910317004,136.910317004
137.007980079,10.60502144053998,107.8314003289107,0.11118033988749727,0.0,0.0,False,0.0,0.0,-0.08307901853702224,MODEL_ONLY,DUPLICATE_OR_OLD,DUPLICATE_OR_OLD,136.910317004,136.910317004
137.057980079,10.755524288786665,108.365413972144,0.11618033988749842,0.0,0.0,False,0.0,0.0,-0.08307901853702224,REACQUIRING,REACQUIRE_ACCEPTED,REACQUIRE_ACCEPTED,137.020330755,137.020330755
137.10798007900001,10.756317469587193,108.90321001610347,0.12118033988749956,0.0,0.0,False,0.0,0.0,-0.08307901853702224,MODEL_ONLY,DUPLICATE_OR_OLD,DUPLICATE_OR_OLD,137.020330755,137.020330755
137.157980079,10.898382119945545,109.44457750584161,0.12618033988749786,0.0,0.0,False,0.0,0.0,-0.08307901853702224,REACQUIRING,REACQUIRE_ACCEPTED,REACQUIRE_ACCEPTED,137.114341373,137.114341373
137.207980079,10.899640730176028,109.98952807709477,0.131180339887499,0.0,0.0,False,0.0,0.0,-0.08307901853702224,MODEL_ONLY,DUPLICATE_OR_OLD,DUPLICATE_OR_OLD,137.114341373,137.114341373
137.257980079,10.900535866788381,110.5345324920187,0.13618033988749728,0.0,0.0,False,0.0,0.0,-0.08307901853702224,MODEL_ONLY,RATE_ANOMALY,RATE_ANOMALY,137.22431698,137.22431698
137.307980079,10.901110928194015,111.07957366189338,0.14118033988749842,0.0,0.0,False,0.0,0.0,-0.08307901853702224,MODEL_ONLY,DUPLICATE_OR_OLD,DUPLICATE_OR_OLD,137.22431698,137.22431698
137.35798007900001,10.76727018126904,111.62128318963008,0.009359714544916268,0.0,0.0,False,0.0,0.9359714544916266,-0.08307901853702224,FUSED,ACCEPTED,ACCEPTED,137.330442619,137.330442619
137.407980079,10.767322643511601,112.15964801024941,0.014359714544914564,0.0,0.0,False,0.0,0.0,-0.08307901853702224,MODEL_ONLY,DUPLICATE_OR_OLD,DUPLICATE_OR_OLD,137.330442619,137.330442619
137.457980079,10.7660162034378,112.69798148142327,0.006593972334199099,0.0,0.0,False,0.0,0.6593972334199099,-0.0690908721270996,FUSED,ACCEPTED,ACCEPTED,137.414319713,137.414319713
137.507980079,10.766369530140947,113.23629112476256,0.011593972334197393,0.0,0.0,False,0.0,0.0,-0.0690908721270996,MODEL_ONLY,DUPLICATE_OR_OLD,DUPLICATE_OR_OLD,137.414319713,137.414319713
137.557980079,10.779569799976551,113.77493960801561,0.006239749416020676,0.0,0.0,False,0.0,0.6239749416020676,-0.03001161724134708,FUSED,ACCEPTED,ACCEPTED,137.516357423,137.516357423
137.60798007900001,10.781567419289505,114.31396803849739,0.011239749416021814,0.0,0.0,False,0.0,0.0,-0.03001161724134708,MODEL_ONLY,DUPLICATE_OR_OLD,DUPLICATE_OR_OLD,137.516357423,137.516357423
137.657980079,10.78795882852865,114.85320619469266,0.006188987996244081,0.0,0.0,False,0.0,0.6188987996244081,-0.030745873159132568,FUSED,ACCEPTED,ACCEPTED,137.616320244,137.616320244
137.707980079,10.789678455279052,115.39264712678798,0.01118898799624522,0.0,0.0,False,0.0,0.0,-0.030745873159132568,MODEL_ONLY,DUPLICATE_OR_OLD,DUPLICATE_OR_OLD,137.616320244,137.616320244
137.757980079,10.8101619567285,115.932643137088,0.006181601212908885,0.0,0.0,False,0.0,0.6181601212908885,0.016882677045528503,FUSED,ACCEPTED,ACCEPTED,137.72442054,137.72442054
137.807980079,10.81407436828004,116.47324904521332,0.011181601212910022,0.0,0.0,False,0.0,0.0,0.016882677045528503,MODEL_ONLY,DUPLICATE_OR_OLD,DUPLICATE_OR_OLD,137.72442054,137.72442054
137.85798007900001,10.817908278208927,117.01404861137567,0.016181601212911158,0.0,0.0,False,0.0,0.0,0.016882677045528503,MODEL_ONLY,DUPLICATE_OR_OLD,DUPLICATE_OR_OLD,137.72442054,137.72442054
137.907980079,10.82167285726816,117.55503813976242,0.021181601212909452,0.0,0.0,False,0.0,0.0,0.016882677045528503,MODEL_ONLY,DUPLICATE_OR_OLD,DUPLICATE_OR_OLD,137.72442054,137.72442054
137.957980079,10.840369832244212,118.09658920700035,0.007236164330827978,0.0,0.0,False,0.0,0.7236164330827978,0.030338206780877966,FUSED,ACCEPTED,ACCEPTED,137.912314237,137.912314237
138.007980079,10.844691078181583,118.63871572976082,0.012236164330826273,0.0,0.0,False,0.0,0.0,0.030338206780877966,MODEL_ONLY,DUPLICATE_OR_OLD,DUPLICATE_OR_OLD,137.912314237,137.912314237
138.057980079,10.862982444572038,119.18140756782978,0.0063284110499063784,0.0,0.0,False,0.0,0.6328411049906376,0.06279681244786228,FUSED,ACCEPTED,ACCEPTED,138.020363398,138.020363398
138.10798007900001,10.867709105360868,119.72467485657822,0.011328411049907516,0.0,0.0,False,0.0,0.0,0.06279681244786228,MODEL_ONLY,DUPLICATE_OR_OLD,DUPLICATE_OR_OLD,138.020363398,138.020363398
138.157980079,10.882545804863343,120.26843122933364,0.0062018216818915195,0.0,0.0,False,0.0,0.6201821681891518,0.07869163672085554,FUSED,ACCEPTED,ACCEPTED,138.11434398,138.11434398
138.207980079,10.88712336337497,120.81267295853972,0.011201821681892658,0.0,0.0,False,0.0,0.0,0.07869163672085554,MODEL_ONLY,DUPLICATE_OR_OLD,DUPLICATE_OR_OLD,138.11434398,138.11434398
138.257980079,10.891880736647416,121.35714806104009,0.006183471469500395,0.0,0.0,False,0.0,0.6183471469500392,0.0760007911398621,FUSED,ACCEPTED,ACCEPTED,138.212369798,138.212369798
138.307980079,10.893610997145945,121.90178535438505,0.011183471469501532,0.0,0.0,False,0.0,0.0,0.0760007911398621,MODEL_ONLY,DUPLICATE_OR_OLD,DUPLICATE_OR_OLD,138.212369798,138.212369798
138.35798007900001,10.896305389928223,122.44653326406203,0.006180796724510901,0.0,0.0,False,0.0,0.61807967245109,0.08623355145256208,FUSED,ACCEPTED,ACCEPTED,138.338304302,138.338304302
138.407980079,10.896444303318104,122.991352006393,0.011180796724509195,0.0,0.0,False,0.0,0.0,0.08623355145256208,MODEL_ONLY,DUPLICATE_OR_OLD,DUPLICATE_OR_OLD,138.338304302,138.338304302
138.457980079,10.88168276493054,123.53580518309934,0.006180406537957629,0.0,0.0,False,0.0,0.6180406537957628,0.04943326496587815,FUSED,ACCEPTED,ACCEPTED,138.40631287,138.40631287
138.507980079,10.876528640569768,124.07976046823667,0.011180406537955923,0.0,0.0,False,0.0,0.0,0.04943326496587815,MODEL_ONLY,DUPLICATE_OR_OLD,DUPLICATE_OR_OLD,138.40631287,138.40631287
138.557980079,10.871881154467467,124.62347071311272,0.006180349611644981,0.0,0.0,False,0.0,0.618034961164498,0.08102206466547746,FUSED,ACCEPTED,ACCEPTED,138.5203199,138.5203199
138.60798007900001,10.8656296139309,125.1669084823228,0.011180349611646118,0.0,0.0,False,0.0,0.0,0.08102206466547746,MODEL_ONLY,DUPLICATE_OR_OLD,DUPLICATE_OR_OLD,138.5203199,138.5203199
138.657980079,10.856579655440337,125.7099637140569,0.006180341306232125,0.0,0.0,False,0.0,0.6180341306232124,0.07694244646221271,FUSED,ACCEPTED,ACCEPTED,138.618288633,138.618288633
138.707980079,10.84739353354574,126.25256304378168,0.011180341306233263,0.0,0.0,False,0.0,0.0,0.07694244646221271,MODEL_ONLY,DUPLICATE_OR_OLD,DUPLICATE_OR_OLD,138.618288633,138.618288633
138.757980079,10.827078841057785,126.79442485314658,0.006180340094489236,0.0,0.0,False,0.0,0.6180340094489235,0.05788098143571575,FUSED,ACCEPTED,ACCEPTED,138.728296769,138.728296769
138.807980079,10.814245729559586,127.33545796741214,0.011180340094490374,0.0,0.0,False,0.0,0.0,0.05788098143571575,MODEL_ONLY,DUPLICATE_OR_OLD,DUPLICATE_OR_OLD,138.728296769,138.728296769
138.85798007900001,10.787908307474495,127.87551181833811,0.006180339917698757,0.0,0.0,False,0.0,0.6180339917698756,0.03759613857717864,FUSED,ACCEPTED,ACCEPTED,138.808401159,138.808401159
138.907980079,10.771972573392853,128.41450884035962,0.011180339917697051,0.0,0.0,False,0.0,0.0,0.03759613857717864,MODEL_ONLY,DUPLICATE_OR_OLD,DUPLICATE_OR_OLD,138.808401159,138.808401159
138.957980079,10.722794187661906,128.9518780093861,0.00618033989190496,0.0,0.0,False,0.0,0.6180339891904958,-0.03666617606525022,FUSED,ACCEPTED,ACCEPTED,138.910346947,138.910346947
139.007980079,10.700993761694793,129.48747270811984,0.011180339891903254,0.0,0.0,False,0.0,0.0,-0.03666617606525022,MODEL_ONLY,DUPLICATE_OR_OLD,DUPLICATE_OR_OLD,138.910346947,138.910346947
139.057980079,10.644525695371104,130.0211106945466,0.006180339888141696,0.0,0.0,False,0.0,0.6180339888141693,-0.08550514192940545,FUSED,ACCEPTED,ACCEPTED,139.02232465,139.02232465
139.10798007900001,10.618146420318203,130.55267749743894,0.011180339888142833,0.0,0.0,False,0.0,0.0,-0.08550514192940545,MODEL_ONLY,DUPLICATE_OR_OLD,DUPLICATE_OR_OLD,139.02232465,139.02232465
139.157980079,10.57588583815215,131.08252830390052,0.006180339887592642,0.0,0.0,False,0.0,0.6180339887592641,-0.08474305226915427,FUSED,ACCEPTED,ACCEPTED,139.1123017,139.1123017
139.207980079,10.547888097282753,131.61062265228654,0.011180339887593779,0.0,0.0,False,0.0,0.0,-0.08474305226915427,MODEL_ONLY,DUPLICATE_OR_OLD,DUPLICATE_OR_OLD,139.1123017,139.1123017
139.257980079,10.504000267430346,132.13691986140418,0.006180339887512536,0.0,0.0,False,0.0,0.6180339887512536,-0.10876471282973246,FUSED,ACCEPTED,ACCEPTED,139.220279821,139.220279821
139.307980079,10.473517235502884,132.6613577989776,0.011180339887513673,0.0,0.0,False,0.0,0.0,-0.10876471282973246,MODEL_ONLY,DUPLICATE_OR_OLD,DUPLICATE_OR_OLD,139.220279821,139.220279821
139.35798007900001,10.417667542247646,133.18363741842148,0.006180339887501263,0.0,0.0,False,0.0,0.6180339887501263,-0.16052913305128536,FUSED,ACCEPTED,ACCEPTED,139.3182762,139.3182762
139.407980079,10.383600744317823,133.70366912558544,0.011180339887499557,0.0,0.0,False,0.0,0.0,-0.16052913305128536,MODEL_ONLY,DUPLICATE_OR_OLD,DUPLICATE_OR_OLD,139.3182762,139.3182762
139.457980079,10.331326029829176,134.22154229493924,0.006180339887499204,0.0,0.0,False,0.0,0.6180339887499202,-0.1791365957287449,FUSED,ACCEPTED,ACCEPTED,139.42028055,139.42028055
139.507980079,10.295557091414304,134.73721437297016,0.0111803398874975,0.0,0.0,False,0.0,0.0,-0.1791365957287449,MODEL_ONLY,DUPLICATE_OR_OLD,DUPLICATE_OR_OLD,139.42028055,139.42028055
139.557980079,10.254746170180223,135.25097195451013,0.006180339887498904,0.0,0.0,False,0.0,0.6180339887498902,-0.17027601133870476,FUSED,ACCEPTED,ACCEPTED,139.520297326,139.520297326
139.60798007900001,10.218821970752296,135.76281115803357,0.011180339887500041,0.0,0.0,False,0.0,0.0,-0.17027601133870476,MODEL_ONLY,DUPLICATE_OR_OLD,DUPLICATE_OR_OLD,139.520297326,139.520297326
139.657980079,10.16627713696407,136.2724386357263,0.00618033988749886,0.0,0.0,False,0.0,0.6180339887498859,-0.21269184022177576,FUSED,ACCEPTED,ACCEPTED,139.614321434,139.614321434
139.707980079,10.127768338959179,136.7797897726245,0.011180339887499998,0.0,0.0,False,0.0,0.0,-0.21269184022177576,MODEL_ONLY,DUPLICATE_OR_OLD,DUPLICATE_OR_OLD,139.614321434,139.614321434
139.757980079,10.085906401797969,137.28513164114324,0.006180339887498853,0.0,0.0,False,0.0,0.6180339887498852,-0.1993494723644346,FUSED,ACCEPTED,ACCEPTED,139.720302352,139.720302352
139.807980079,10.047705169171792,137.78847193041761,0.011180339887499991,0.0,0.0,False,0.0,0.0,-0.1993494723644346,MODEL_ONLY,DUPLICATE_OR_OLD,DUPLICATE_OR_OLD,139.720302352,139.720302352
139.85798007900001,10.009786352386133,138.28990921845667,0.006180339887499267,0.0,0.0,False,0.0,0.6180339887499267,-0.1948331366508191,FUSED,ACCEPTED,ACCEPTED,139.838279418,139.838279418
139.907980079,9.971532203510218,138.7894421823539,0.011180339887497562,0.0,0.0,False,0.0,0.0,-0.1948331366508191,MODEL_ONLY,DUPLICATE_OR_OLD,DUPLICATE_OR_OLD,139.838279418,139.838279418
139.957980079,9.930287912059738,139.28698768524325,0.006180339887498913,0.0,0.0,False,0.0,0.6180339887498912,-0.20661581281019056,FUSED,ACCEPTED,ACCEPTED,139.92227384,139.92227384
140.007980079,9.892230123376265,139.782550636129,0.011180339887497209,0.0,0.0,False,0.0,0.0,-0.20661581281019056,MODEL_ONLY,DUPLICATE_OR_OLD,DUPLICATE_OR_OLD,139.92227384,139.92227384
140.057980079,9.847473860876468,140.27604323573541,0.006180339887498861,0.0,0.0,False,0.0,0.618033988749886,-0.22435139005597407,FUSED,ACCEPTED,ACCEPTED,140.008365873,140.008365873
140.10798007900001,9.809138224749518,140.76745853787617,0.011180339887499998,0.0,0.0,False,0.0,0.0,-0.22435139005597407,MODEL_ONLY,DUPLICATE_OR_OLD,DUPLICATE_OR_OLD,140.008365873,140.008365873
140.157980079,9.79760059060913,141.25762700826,0.006180339887498853,0.0,0.0,False,0.0,0.6180339887498852,-0.13893909766452928,FUSED,ACCEPTED,ACCEPTED,140.11432186,140.11432186
140.207980079,9.764007625505299,141.74666721366296,0.011180339887499991,0.0,0.0,False,0.0,0.0,-0.13893909766452928,MODEL_ONLY,DUPLICATE_OR_OLD,DUPLICATE_OR_OLD,140.11432186,140.11432186
140.257980079,9.701899439954067,142.23331489029928,0.006180339887498852,0.0,0.0,False,0.0,0.6180339887498851,-0.2611293038598036,FUSED,ACCEPTED,ACCEPTED,140.210307521,140.210307521
140.307980079,9.662562912562262,142.7174264491123,0.01118033988749999,0.0,0.0,False,0.0,0.0,-0.2611293038598036,MODEL_ONLY,DUPLICATE_OR_OLD,DUPLICATE_OR_OLD,140.210307521,140.210307521
140.35798007900001,9.625364393612086,143.19962463176677,0.006180339887499267,0.0,0.0,False,0.0,0.6180339887499267,-0.2144092544539598,FUSED,ACCEPTED,ACCEPTED,140.332317029,140.332317029
140.407980079,9.588647559270042,143.67997493058866,0.011180339887497562,0.0,0.0,False,0.0,0.0,-0.2144092544539598,MODEL_ONLY,DUPLICATE_OR_OLD,DUPLICATE_OR_OLD,140.332317029,140.332317029
140.457980079,9.546468097615051,144.15835282201087,0.006180339887498913,0.0,0.0,False,0.0,0.6180339887498912,-0.23611902686951444,FUSED,ACCEPTED,ACCEPTED,140.408269298,140.408269298
140.507980079,9.50888569753765,144.63473666688955,0.011180339887497209,0.0,0.0,False,0.0,0.0,-0.23611902686951444,MODEL_ONLY,DUPLICATE_OR_OLD,DUPLICATE_OR_OLD,140.408269298,140.408269298
140.557980079,9.501218432438025,145.10998927013904,0.006180339887498861,0.0,0.0,False,0.0,0.618033988749886,-0.14186447930223123,FUSED,ACCEPTED,ACCEPTED,140.518273445,140.518273445
140.60798007900001,9.468519248570942,145.58423271216438,0.011180339887499998,0.0,0.0,False,0.0,0.0,-0.14186447930223123,MODEL_ONLY,DUPLICATE_OR_OLD,DUPLICATE_OR_OLD,140.518273445,140.518273445
140.657980079,9.424625739235996,146.05656133685937,0.006180339887498853,0.0,0.0,False,0.0,0.6180339887498852,-0.21572477837762055,FUSED,ACCEPTED,ACCEPTED,140.614330868,140.614330868
140.707980079,9.388365706932387,146.5268861230137,0.011180339887499991,0.0,0.0,False,0.0,0.0,-0.21572477837762055,MODEL_ONLY,DUPLICATE_OR_OLD,DUPLICATE_OR_OLD,140.614330868,140.614330868
140.757980079,9.352160160185614,146.99539926969146,0.016180339887498285,0.0,0.0,False,0.0,0.0,-0.21572477837762055,MODEL_ONLY,DUPLICATE_OR_OLD,DUPLICATE_OR_OLD,140.614330868,140.614330868
140.807980079,9.31600258613735,147.46210333834966,0.02118033988749942,0.0,0.0,False,0.0,0.0,-0.21572477837762055,MODEL_ONLY,DUPLICATE_OR_OLD,DUPLICATE_OR_OLD,140.614330868,140.614330868
140.85798007900001,9.261402778844085,147.9265384724743,0.007236067977499913,0.0,0.0,False,0.0,0.7236067977499911,-0.24165248627558486,FUSED,ACCEPTED,ACCEPTED,140.820281555,140.820281555
140.907980079,9.224028247188764,148.38867424812497,0.012236067977498207,0.0,0.0,False,0.0,0.0,-0.24165248627558486,MODEL_ONLY,DUPLICATE_OR_OLD,DUPLICATE_OR_OLD,140.820281555,140.820281555
140.957980079,9.196370685512987,148.8491842214426,0.006328398060887004,0.0,0.0,False,0.0,0.6328398060887003,-0.1990886667366752,FUSED,ACCEPTED,ACCEPTED,140.910303737,140.910303737
141.007980079,9.161185918921118,149.30812313655332,0.011328398060885298,0.0,0.0,False,0.0,0.0,-0.1990886667366752,MODEL_ONLY,DUPLICATE_OR_OLD,DUPLICATE_OR_OLD,140.910303737,140.910303737
141.057980079,9.121533733739906,149.76519112786994,0.006201819808074068,0.0,0.0,False,0.0,0.6201819808074067,-0.2262234366709514,FUSED,ACCEPTED,ACCEPTED,141.010300882,141.010300882
141.10798007900001,9.085039962174207,150.2203554702679,0.011201819808075206,0.0,0.0,False,0.0,0.0,-0.2262234366709514,MODEL_ONLY,DUPLICATE_OR_OLD,DUPLICATE_OR_OLD,141.010300882,141.010300882
141.157980079,9.05417023070152,150.67383572508965,0.006183471196562186,0.0,0.0,False,0.0,0.6183471196562185,-0.20284111803660954,FUSED,ACCEPTED,ACCEPTED,141.122267359,141.122267359
141.207980079,9.018882579095338,151.12566204533468,0.011183471196563323,0.0,0.0,False,0.0,0.0,-0.20284111803660954,MODEL_ONLY,DUPLICATE_OR_OLD,DUPLICATE_OR_OLD,141.122267359,141.122267359
141.257980079,8.977695361139947,151.5755764938404,0.006180796684698862,0.0,0.0,False,0.0,0.6180796684698862,-0.2283840339075282,FUSED,ACCEPTED,ACCEPTED,141.208346375,141.208346375
141.307980079,8.941159250038446,152.02354785911996,0.0111807966847,0.0,0.0,False,0.0,0.0,-0.2283840339075282,MODEL_ONLY,DUPLICATE_OR_OLD,DUPLICATE_OR_OLD,141.208346375,141.208346375
141.35798007900001,8.904486826940577,152.46968901104452,0.006180406532149749,0.0,0.0,False,0.0,0.6180406532149747,-0.22007504194973695,FUSED,ACCEPTED,ACCEPTED,141.322338496,141.322338496
141.407980079,8.868388403656846,152.9140108918093,0.011180406532148045,0.0,0.0,False,0.0,0.0,-0.22007504194973695,MODEL_ONLY,DUPLICATE_OR_OLD,DUPLICATE_OR_OLD,141.322338496,141.322338496
141.457980079,8.848464824157848,153.35693222250478,0.006180349610797627,0.0,0.0,False,0.0,0.6180349610797624,-0.17343229238431845,FUSED,ACCEPTED,ACCEPTED,141.430265168,141.430265168
141.507980079,8.814715777886699,153.79851173755574,0.011180349610795922,0.0,0.0,False,0.0,0.0,-0.17343229238431845,MODEL_ONLY,DUPLICATE_OR_OLD,DUPLICATE_OR_OLD,141.430265168,141.430265168
141.557980079,8.776457212702116,154.23829106232054,0.006180341306108499,0.0,0.0,False,0.0,0.6180341306108497,-0.207688608213636,FUSED,ACCEPTED,ACCEPTED,141.51426402,141.51426402
141.60798007900001,8.741008715087949,154.6762277105154,0.011180341306109636,0.0,0.0,False,0.0,0.0,-0.207688608213636,MODEL_ONLY,DUPLICATE_OR_OLD,DUPLICATE_OR_OLD,141.51426402,141.51426402
141.657980079,8.698065469225384,155.11220456512308,0.006180340094471199,0.0,0.0,False,0.0,0.6180340094471197,-0.22199527283182516,FUSED,ACCEPTED,ACCEPTED,141.610326771,141.610326771
141.707980079,8.661911998780973,155.54620400182333,0.011180340094472337,0.0,0.0,False,0.0,0.0,-0.22199527283182516,MODEL_ONLY,DUPLICATE_OR_OLD,DUPLICATE_OR_OLD,141.610326771,141.610326771
141.757980079,8.625349553331144,155.978385540626,0.00618033991769571,0.0,0.0,False,0.0,0.618033991769571,-0.213736334316493,FUSED,ACCEPTED,ACCEPTED,141.728252107,141.728252107
141.807980079,8.589617061412328,156.4087597059947,0.011180339917696847,0.0,0.0,False,0.0,0.0,-0.213736334316493,MODEL_ONLY,DUPLICATE_OR_OLD,DUPLICATE_OR_OLD,141.728252107,141.728252107
141.85798007900001,8.54622419447264,156.83715573739192,0.006180339891904929,0.0,0.0,False,0.0,0.6180339891904927,-0.23647206339845178,FUSED,ACCEPTED,ACCEPTED,141.8162667,141.8162667
141.907980079,8.509361142364334,157.26354537081272,0.011180339891903224,0.0,0.0,False,0.0,0.0,-0.23647206339845178,MODEL_ONLY,DUPLICATE_OR_OLD,DUPLICATE_OR_OLD,141.8162667,141.8162667
141.957980079,8.481815937265297,157.68832479780355,0.00618033988814169,0.0,0.0,False,0.0,0.6180339888141688,-0.19936330941704372,FUSED,ACCEPTED,ACCEPTED,141.930277638,141.930277638
142.007980079,8.446813149586918,158.1115405249747,0.011180339888139986,0.0,0.0,False,0.0,0.0,-0.19936330941704372,MODEL_ONLY,DUPLICATE_OR_OLD,DUPLICATE_OR_OLD,141.930277638,141.930277638
142.057980079,8.406147578206342,158.53286454316967,0.006180339887592642,0.0,0.0,False,0.0,0.6180339887592641,-0.22833884942995222,FUSED,ACCEPTED,ACCEPTED,142.028367143,142.028367143
142.10798007900001,8.36969975531026,158.95226072650766,0.011180339887593779,0.0,0.0,False,0.0,0.0,-0.22833884942995222,MODEL_ONLY,DUPLICATE_OR_OLD,DUPLICATE_OR_OLD,142.028367143,142.028367143
142.157980079,8.341844720407908,159.3700493384005,0.006180339887512536,0.0,0.0,False,0.0,0.6180339887512536,-0.1949216891930678,FUSED,ACCEPTED,ACCEPTED,142.118314382,142.118314382
142.207980079,8.307070656232279,159.7862722228166,0.011180339887513673,0.0,0.0,False,0.0,0.0,-0.1949216891930678,MODEL_ONLY,DUPLICATE_OR_OLD,DUPLICATE_OR_OLD,142.118314382,142.118314382
142.257980079,8.271072895164496,160.20072581160136,0.006180339887500849,0.0,0.0,False,0.0,0.6180339887500848,-0.21063944392529646,FUSED,ACCEPTED,ACCEPTED,142.212265448,142.212265448
142.307980079,8.235515191942389,160.6133905137791,0.011180339887501986,0.0,0.0,False,0.0,0.0,-0.21063944392529646,MODEL_ONLY,DUPLICATE_OR_OLD,DUPLICATE_OR_OLD,142.212265448,142.212265448
142.35798007900001,8.20670121717371,161.0244459240071,0.006180339887499558,0.0,0.0,False,0.0,0.6180339887499557,-0.18845233798141303,FUSED,ACCEPTED,ACCEPTED,142.324309351,142.324309351
142.407980079,8.172254612480558,161.43391981974833,0.011180339887497854,0.0,0.0,False,0.0,0.0,-0.18845233798141303,MODEL_ONLY,DUPLICATE_OR_OLD,DUPLICATE_OR_OLD,142.324309351,142.324309351
142.457980079,8.140960910403575,161.84175020782052,0.006180339887498956,0.0,0.0,False,0.0,0.6180339887498953,-0.18811768346323907,FUSED,ACCEPTED,ACCEPTED,142.422261266,142.422261266
142.507980079,8.106532389826127,162.24793754032612,0.01118033988749725,0.0,0.0,False,0.0,0.0,-0.18811768346323907,MODEL_ONLY,DUPLICATE_OR_OLD,DUPLICATE_OR_OLD,142.422261266,142.422261266
142.557980079,8.072104426358182,162.65240346073082,0.01618033988749839,0.0,0.0,False,0.0,0.0,-0.18811768346323907,MODEL_ONLY,DUPLICATE_OR_OLD,DUPLICATE_OR_OLD,142.422261266,142.422261266
142.60798007900001,8.03758661036032,163.05514573664885,0.006792850868181495,0.0,0.0,False,0.0,0.6792850868181495,-0.19175291675666542,FUSED,ACCEPTED,ACCEPTED,142.56824169,142.56824169
142.657980079,8.00297780762689,163.4561598470984,0.011792850868179789,0.0,0.0,False,0.0,0.0,-0.19175291675666542,MODEL_ONLY,DUPLICATE_OR_OLD,DUPLICATE_OR_OLD,142.56824169,142.56824169
142.707980079,7.96439114922545,163.8553440710198,0.006267661082727126,0.0,0.0,False,0.0,0.6267661082727125,-0.20296423258685792,FUSED,ACCEPTED,ACCEPTED,142.664265791,142.664265791
142.757980079,7.929222495763683,164.25268441214436,0.011267661082725422,0.0,0.0,False,0.0,0.0,-0.20296423258685792,MODEL_ONLY,DUPLICATE_OR_OLD,DUPLICATE_OR_OLD,142.664265791,142.664265791
142.807980079,7.89663721614321,164.64833090494213,0.006193037526825739,0.0,0.0,False,0.0,0.6193037526825738,-0.1902223054646529,FUSED,ACCEPTED,ACCEPTED,142.764253026,142.764253026
142.85798007900001,7.862106213369498,165.04229949068002,0.011193037526826877,0.0,0.0,False,0.0,0.0,-0.1902223054646529,MODEL_ONLY,DUPLICATE_OR_OLD,DUPLICATE_OR_OLD,142.764253026,142.764253026
142.907980079,7.837662282229775,165.4347937030699,0.006182191550041242,0.0,0.0,False,0.0,0.618219155004124,-0.16428559475423418,FUSED,ACCEPTED,ACCEPTED,142.85423702,142.85423702
142.957980079,7.804428544721346,165.82584597374375,0.011182191550042379,0.0,0.0,False,0.0,0.0,-0.16428559475423418,MODEL_ONLY,DUPLICATE_OR_OLD,DUPLICATE_OR_OLD,142.85423702,142.85423702
143.007980079,7.76468041258686,166.21507369767633,0.006180610022317073,0.0,0.0,False,0.0,0.6180610022317071,-0.19683194240280838,FUSED,ACCEPTED,ACCEPTED,142.96624888,142.96624888
143.057980079,7.7298196908315235,166.6024362002619,0.01118061002231821,0.0,0.0,False,0.0,0.0,-0.19683194240280838,MODEL_ONLY,DUPLICATE_OR_OLD,DUPLICATE_OR_OLD,142.96624888,142.96624888
143.10798007900001,7.69495910641108,166.98805567019306,0.016180610022319346,0.0,0.0,False,0.0,0.0,-0.19683194240280838,MODEL_ONLY,DUPLICATE_OR_OLD,DUPLICATE_OR_OLD,142.96624888,142.96624888
143.157980079,7.655976512838709,167.37182906067417,0.0067928786534828985,0.0,0.0,False,0.0,0.6792878653482898,-0.19799127710389808,FUSED,ACCEPTED,ACCEPTED,143.138243606,143.138243606
143.207980079,7.621058189066848,167.75375492822187,0.011792878653484036,0.0,0.0,False,0.0,0.0,-0.19799127710389808,MODEL_ONLY,DUPLICATE_OR_OLD,DUPLICATE_OR_OLD,143.138243606,143.138243606
143.257980079,7.586139959033757,168.13393488192426,0.01679287865348233,0.0,0.0,False,0.0,0.0,-0.19799127710389808,MODEL_ONLY,DUPLICATE_OR_OLD,DUPLICATE_OR_OLD,143.138243606,143.138243606
143.307980079,7.579902230094761,168.51308593665257,0.006854641534982766,0.0,0.0,False,0.0,0.6854641534982764,-0.12157070654756218,FUSED,ACCEPTED,ACCEPTED,143.278256165,143.278256165
143.35798007900001,7.548805183791525,168.8913036219998,0.011854641534983903,0.0,0.0,False,0.0,0.0,-0.12157070654756218,MODEL_ONLY,DUPLICATE_OR_OLD,DUPLICATE_OR_OLD,143.278256165,143.278256165
143.407980079,7.506815385317951,169.26769413622742,0.006276248935598899,0.0,0.0,False,0.0,0.6276248935598898,-0.17964458305322936,FUSED,ACCEPTED,ACCEPTED,143.402305255,143.402305255
143.457980079,7.47281476550532,169.6421848899981,0.011276248935600036,0.0,0.0,False,0.0,0.0,-0.17964458305322936,MODEL_ONLY,DUPLICATE_OR_OLD,DUPLICATE_OR_OLD,143.402305255,143.402305255
143.507980079,7.438814195292852,170.0149756140179,0.01627624893559833,0.0,0.0,False,0.0,0.0,-0.17964458305322936,MODEL_ONLY,DUPLICATE_OR_OLD,DUPLICATE_OR_OLD,143.402305255,143.402305255
143.557980079,7.3878395064886675,170.38564195656255,0.006802685635163325,0.0,0.0,False,0.0,0.6802685635163324,-0.21294990652272494,FUSED,ACCEPTED,ACCEPTED,143.490241978,143.490241978
143.60798007900001,7.352173752225033,170.7541422880305,0.011802685635164463,0.0,0.0,False,0.0,0.0,-0.21294990652272494,MODEL_ONLY,DUPLICATE_OR_OLD,DUPLICATE_OR_OLD,143.490241978,143.490241978
143.657980079,7.321095267760935,171.12097401353,0.006269030597858865,0.0,0.0,False,0.0,0.6269030597858865,-0.18168256301518385,FUSED,ACCEPTED,ACCEPTED,143.608256931,143.608256931
143.707980079,7.286992944335628,171.4861762188325,0.011269030597860002,0.0,0.0,False,0.0,0.0,-0.18168256301518385,MODEL_ONLY,DUPLICATE_OR_OLD,DUPLICATE_OR_OLD,143.608256931,143.608256931
143.757980079,7.25880643564102,171.8498212033318,0.006193235999803018,0.0,0.0,False,0.0,0.6193235999803016,-0.17641254601869075,FUSED,ACCEPTED,ACCEPTED,143.706223313,143.706223313
143.807980079,7.226200205475583,172.2119463693598,0.011193235999804155,0.0,0.0,False,0.0,0.0,-0.17641254601869075,MODEL_ONLY,DUPLICATE_OR_OLD,DUPLICATE_OR_OLD,143.706223313,143.706223313
143.85798007900001,7.178384221206672,172.57206098002695,0.006182220478571516,0.0,0.0,False,0.0,0.6182220478571516,-0.23149171973813562,FUSED,ACCEPTED,ACCEPTED,143.812227426,143.812227426
143.907980079,7.143979563835723,172.9301200746529,0.011182220478569812,0.0,0.0,False,0.0,0.0,-0.23149171973813562,MODEL_ONLY,DUPLICATE_OR_OLD,DUPLICATE_OR_OLD,143.812227426,143.812227426
143.957980079,7.108214165566673,173.28642491788804,0.006180614242331135,0.0,0.0,False,0.0,0.6180614242331134,-0.21675623794931415,FUSED,ACCEPTED,ACCEPTED,143.92423108,143.92423108
144.007980079,7.0752870303237465,173.64101244778516,0.01118061424232943,0.0,0.0,False,0.0,0.0,-0.21675623794931415,MODEL_ONLY,DUPLICATE_OR_OLD,DUPLICATE_OR_OLD,143.92423108,143.92423108
144.057980079,7.048975352486877,173.99411900735552,0.006180379914909969,0.0,0.0,False,0.0,0.6180379914909967,-0.19839473499431887,FUSED,ACCEPTED,ACCEPTED,144.01623153,144.01623153
144.10798007900001,7.017540535802702,174.34578190456284,0.011180379914911106,0.0,0.0,False,0.0,0.0,-0.19839473499431887,MODEL_ONLY,DUPLICATE_OR_OLD,DUPLICATE_OR_OLD,144.01623153,144.01623153
144.157980079,6.9992163053366125,174.69620082559123,0.006180345727410501,0.0,0.0,False,0.0,0.6180345727410501,-0.17087867053658798,FUSED,ACCEPTED,ACCEPTED,144.138256474,144.138256474
144.207980079,6.969602457407899,175.04542129465992,0.011180345727411639,0.0,0.0,False,0.0,0.0,-0.17087867053658798,MODEL_ONLY,DUPLICATE_OR_OLD,DUPLICATE_OR_OLD,144.138256474,144.138256474
144.257980079,6.9401721286671485,175.39316565931168,0.016180345727409933,0.0,0.0,False,0.0,0.0,-0.17087867053658798,MODEL_ONLY,DUPLICATE_OR_OLD,DUPLICATE_OR_OLD,144.138256474,144.138256474
144.307980079,6.91090338239322,175.73944254708826,0.021180345727411072,0.0,0.0,False,0.0,0.0,-0.17087867053658798,MODEL_ONLY,DUPLICATE_OR_OLD,DUPLICATE_OR_OLD,144.138256474,144.138256474
144.35798007900001,6.89551533241345,176.0846030149585,0.007236068423629395,0.0,0.0,False,0.0,0.7236068423629392,-0.15463106713520458,FUSED,ACCEPTED,ACCEPTED,144.27428331,144.27428331
144.407980079,6.867326496348258,176.42867406067745,0.01223606842362769,0.0,0.0,False,0.0,0.0,-0.15463106713520458,MODEL_ONLY,DUPLICATE_OR_OLD,DUPLICATE_OR_OLD,144.27428331,144.27428331
144.457980079,6.825090187501433,176.77098447777377,0.0063283981210282055,0.0,0.0,False,0.0,0.6328398121028203,-0.20538498045028253,FUSED,ACCEPTED,ACCEPTED,144.4282318,144.4282318
144.507980079,6.794571050665841,177.11147600872783,0.011328398121026501,0.0,0.0,False,0.0,0.0,-0.20538498045028253,MODEL_ONLY,DUPLICATE_OR_OLD,DUPLICATE_OR_OLD,144.4282318,144.4282318
144.557980079,6.766076271822295,177.45049219179012,0.006201819816750142,0.0,0.0,False,0.0,0.620181981675014,-0.18253172885832378,FUSED,ACCEPTED,ACCEPTED,144.532219135,144.532219135
144.60798007900001,6.736860574437679,177.7880656129467,0.01120181981675128,0.0,0.0,False,0.0,0.0,-0.18253172885832378,MODEL_ONLY,DUPLICATE_OR_OLD,DUPLICATE_OR_OLD,144.532219135,144.532219135
144.657980079,6.713221212654789,178.1243176576239,0.006183471197825933,0.0,0.0,False,0.0,0.6183471197825932,-0.16975231970188143,FUSED,ACCEPTED,ACCEPTED,144.624221589,144.624221589
144.707980079,6.684769123329763,178.4592674160236,0.011183471197827071,0.0,0.0,False,0.0,0.0,-0.16975231970188143,MODEL_ONLY,DUPLICATE_OR_OLD,DUPLICATE_OR_OLD,144.624221589,144.624221589
144.757980079,6.657039364386833,178.7928126282164,0.006180796684883196,0.0,0.0,False,0.0,0.6180796684883195,-0.17493853673458828,FUSED,ACCEPTED,ACCEPTED,144.728258796,144.728258796
144.807980079,6.628424585892379,179.12494922697346,0.011180796684884333,0.0,0.0,False,0.0,0.0,-0.17493853673458828,MODEL_ONLY,DUPLICATE_OR_OLD,DUPLICATE_OR_OLD,144.728258796,144.728258796
144.85798007900001,6.604848264793998,179.45578104824068,0.006180406532176642,0.0,0.0,False,0.0,0.618040653217664,-0.16083184050028543,FUSED,ACCEPTED,ACCEPTED,144.822243327,144.822243327
144.907980079,6.577013724265222,179.78532759796707,0.011180406532174936,0.0,0.0,False,0.0,0.0,-0.16083184050028543,MODEL_ONLY,DUPLICATE_OR_OLD,DUPLICATE_OR_OLD,144.822243327,144.822243327
144.957980079,6.56182674888511,180.1137986097959,0.00618034961080155,0.0,0.0,False,0.0,0.618034961080155,-0.13036491603643177,FUSED,ACCEPTED,ACCEPTED,144.918254205,144.918254205
145.007980079,6.5355736210749855,180.4412336190448,0.011180349610799844,0.0,0.0,False,0.0,0.0,-0.13036491603643177,MODEL_ONLY,DUPLICATE_OR_OLD,DUPLICATE_OR_OLD,144.918254205,144.918254205
145.057980079,6.509344431138094,180.7673565703502,0.016180349610800983,0.0,0.0,False,0.0,0.0,-0.13036491603643177,MODEL_ONLY,DUPLICATE_OR_OLD,DUPLICATE_OR_OLD,144.918254205,144.918254205
145.10798007900001,6.483136317692733,181.09216858907104,0.02118034961080212,0.0,0.0,False,0.0,0.0,-0.13036491603643177,MODEL_ONLY,DUPLICATE_OR_OLD,DUPLICATE_OR_OLD,144.918254205,144.918254205
145.157980079,6.479758912498541,181.4162409698257,0.007236068720293726,0.0,0.0,False,0.0,0.7236068720293725,-0.08684507910914302,FUSED,ACCEPTED,ACCEPTED,145.090255285,145.090255285
145.207980079,6.454529143921762,181.73959817123628,0.012236068720294863,0.0,0.0,False,0.0,0.0,-0.08684507910914302,MODEL_ONLY,DUPLICATE_OR_OLD,DUPLICATE_OR_OLD,145.090255285,145.090255285
145.257980079,6.410335483942965,182.06121978693278,0.006328398161020515,0.0,0.0,False,0.0,0.6328398161020514,-0.15492126011558133,FUSED,ACCEPTED,ACCEPTED,145.234276711,145.234276711
145.307980079,6.380773465267223,182.38099751066312,0.011328398161021653,0.0,0.0,False,0.0,0.0,-0.15492126011558133,MODEL_ONLY,DUPLICATE_OR_OLD,DUPLICATE_OR_OLD,145.234276711,145.234276711
145.35798007900001,6.350088416750257,182.69926905771362,0.0062018198225199115,0.0,0.0,False,0.0,0.620181982251991,-0.13333857937642132,FUSED,ACCEPTED,ACCEPTED,145.334262644,145.334262644
145.407980079,6.320885785143654,183.01604341276087,0.011201819822518206,0.0,0.0,False,0.0,0.0,-0.13333857937642132,MODEL_ONLY,DUPLICATE_OR_OLD,DUPLICATE_OR_OLD,145.334262644,145.334262644
145.457980079,6.291386438339208,183.331350218348,0.016201819822519344,0.0,0.0,False,0.0,0.0,-0.13333857937642132,MODEL_ONLY,DUPLICATE_OR_OLD,DUPLICATE_OR_OLD,145.334262644,145.334262644
145.507980079,6.261625843791965,183.64517552540119,0.021201819822517638,0.0,0.0,False,0.0,0.0,-0.13333857937642132,MODEL_ONLY,DUPLICATE_OR_OLD,DUPLICATE_OR_OLD,145.334262644,145.334262644
145.557980079,6.246308601075749,183.95787388652295,0.007237707924898392,0.0,0.0,False,0.0,0.7237707924898389,-0.09436240151915279,FUSED,ACCEPTED,ACCEPTED,145.470235446,145.470235446
145.60798007900001,6.218064270850775,184.26948320832116,0.012237707924899529,0.0,0.0,False,0.0,0.0,-0.09436240151915279,MODEL_ONLY,DUPLICATE_OR_OLD,DUPLICATE_OR_OLD,145.470235446,145.470235446
145.657980079,6.1629467153578785,184.57900848297626,0.006328619123322393,0.0,0.0,False,0.0,0.6328619123322392,-0.18103542971086278,FUSED,ACCEPTED,ACCEPTED,145.62428362,145.62428362
145.707980079,6.1300334161029,184.88633298626286,0.01132861912332353,0.0,0.0,False,0.0,0.0,-0.18103542971086278,MODEL_ONLY,DUPLICATE_OR_OLD,DUPLICATE_OR_OLD,145.62428362,145.62428362
145.757980079,6.096981882387048,185.192008368725,0.016328619123321824,0.0,0.0,False,0.0,0.0,-0.18103542971086278,MODEL_ONLY,DUPLICATE_OR_OLD,DUPLICATE_OR_OLD,145.62428362,145.62428362
145.807980079,6.063808637882006,185.4960281317318,0.021328619123322963,0.0,0.0,False,0.0,0.0,-0.18103542971086278,MODEL_ONLY,DUPLICATE_OR_OLD,DUPLICATE_OR_OLD,145.62428362,145.62428362
145.85798007900001,6.01773304828182,185.79806667388598,0.007247349268615694,0.0,0.0,False,0.0,0.7247349268615693,-0.17803764759740778,FUSED,ACCEPTED,ACCEPTED,145.818199752,145.818199752
145.907980079,5.984508177874261,186.09812270453978,0.01224734926861399,0.0,0.0,False,0.0,0.0,-0.17803764759740778,MODEL_ONLY,DUPLICATE_OR_OLD,DUPLICATE_OR_OLD,145.818199752,145.818199752
145.957980079,5.959016269797744,186.39671081573164,0.006329918223818379,0.0,0.0,False,0.0,0.6329918223818378,-0.14647267231840116,FUSED,ACCEPTED,ACCEPTED,145.912202985,145.912202985
146.007980079,5.92721342949454,186.69386655821384,0.011329918223816675,0.0,0.0,False,0.0,0.0,-0.14647267231840116,MODEL_ONLY,DUPLICATE_OR_OLD,DUPLICATE_OR_OLD,145.912202985,145.912202985
146.057980079,5.882555989007812,186.98911079367647,0.0062020390967435345,0.0,0.0,False,0.0,0.6202039096743532,-0.19397282182083253,FUSED,ACCEPTED,ACCEPTED,146.020264856,146.020264856
146.10798007900001,5.848257037249061,187.28238111933297,0.011202039096744672,0.0,0.0,False,0.0,0.0,-0.19397282182083253,MODEL_ONLY,DUPLICATE_OR_OLD,DUPLICATE_OR_OLD,146.020264856,146.020264856
146.157980079,5.813908160456799,187.57393524927554,0.016202039096742966,0.0,0.0,False,0.0,0.0,-0.19397282182083253,MODEL_ONLY,DUPLICATE_OR_OLD,DUPLICATE_OR_OLD,146.020264856,146.020264856
146.207980079,5.77951532635321,187.86377083644584,0.021202039096744105,0.0,0.0,False,0.0,0.0,-0.19397282182083253,MODEL_ONLY,DUPLICATE_OR_OLD,DUPLICATE_OR_OLD,146.020264856,146.020264856
146.257980079,5.744067512286513,188.15186040741173,0.007237724655984962,0.0,0.0,False,0.0,0.7237724655984961,-0.1798745211648006,FUSED,ACCEPTED,ACCEPTED,146.228227627,146.228227627
146.307980079,5.7103068136535455,188.4382197655603,0.012237724655986099,0.0,0.0,False,0.0,0.0,-0.1798745211648006,MODEL_ONLY,DUPLICATE_OR_OLD,DUPLICATE_OR_OLD,146.228227627,146.228227627
146.35798007900001,5.681768794916357,188.7230216557746,0.00632862137851083,0.0,0.0,False,0.0,0.632862137851083,-0.16485039888412245,FUSED,ACCEPTED,ACCEPTED,146.33422371,146.33422371
146.407980079,5.648702882154846,189.0062834477013,0.011328621378509124,0.0,0.0,False,0.0,0.0,-0.16485039888412245,MODEL_ONLY,DUPLICATE_OR_OLD,DUPLICATE_OR_OLD,146.33422371,146.33422371
146.457980079,5.6156137101866905,189.2878913625099,0.01632862137851026,0.0,0.0,False,0.0,0.0,-0.16485039888412245,MODEL_ONLY,DUPLICATE_OR_OLD,DUPLICATE_OR_OLD,146.33422371,146.33422371
146.507980079,5.582504059270137,189.56784430674622,0.021328621378508553,0.0,0.0,False,0.0,0.0,-0.16485039888412245,MODEL_ONLY,DUPLICATE_OR_OLD,DUPLICATE_OR_OLD,146.33422371,146.33422371
146.557980079,5.557462704087227,189.84634347583022,0.007247349439493036,0.0,0.0,False,0.0,0.7247349439493036,-0.15175633635013627,FUSED,ACCEPTED,ACCEPTED,146.53020343,146.53020343
146.60798007900001,5.524973849562493,190.12340438967152,0.012247349439494173,0.0,0.0,False,0.0,0.0,-0.15175633635013627,MODEL_ONLY,DUPLICATE_OR_OLD,DUPLICATE_OR_OLD,146.53020343,146.53020343
146.657980079,5.490241987240949,190.39878478559152,0.006329918246834702,0.0,0.0,False,0.0,0.6329918246834703,-0.16433517071588574,FUSED,ACCEPTED,ACCEPTED,146.62819907,146.62819907
146.707980079,5.45709790578613,190.67246828291727,0.01132991824683584,0.0,0.0,False,0.0,0.0,-0.16433517071588574,MODEL_ONLY,DUPLICATE_OR_OLD,DUPLICATE_OR_OLD,146.62819907,146.62819907
146.757980079,5.4259940246371805,190.94454558117775,0.0062020391000635255,0.0,0.0,False,0.0,0.6202039100063523,-0.15532657780332176,FUSED,ACCEPTED,ACCEPTED,146.734208808,146.734208808
146.807980079,5.393279995980673,191.21502743169324,0.011202039100064662,0.0,0.0,False,0.0,0.0,-0.15532657780332176,MODEL_ONLY,DUPLICATE_OR_OLD,DUPLICATE_OR_OLD,146.734208808,146.734208808
146.85798007900001,5.353767555391113,191.4837036204776,0.006183503138129855,0.0,0.0,False,0.0,0.6183503138129852,-0.18220842870099682,FUSED,ACCEPTED,ACCEPTED,146.808282282,146.808282282
146.907980079,5.320926180687644,191.75057096387948,0.011183503138128149,0.0,0.0,False,0.0,0.0,-0.18220842870099682,MODEL_ONLY,DUPLICATE_OR_OLD,DUPLICATE_OR_OLD,146.808282282,146.808282282
146.957980079,5.298168184042056,192.0160483229978,0.0061808013437905235,0.0,0.0,False,0.0,0.6180801343790523,-0.1464712266866875,FUSED,ACCEPTED,ACCEPTED,146.916259859,146.916259859
147.007980079,5.268056916836402,192.28020395051965,0.011180801343788817,0.0,0.0,False,0.0,0.0,-0.1464712266866875,MODEL_ONLY,DUPLICATE_OR_OLD,DUPLICATE_OR_OLD,146.916259859,146.916259859
147.057980079,5.233441124367967,192.54274140154985,0.006180407211877806,0.0,0.0,False,0.0,0.6180407211877803,-0.17627901784482308,FUSED,ACCEPTED,ACCEPTED,147.014190583,147.014190583
147.10798007900001,5.202570692764003,192.80364169697822,0.011180407211878943,0.0,0.0,False,0.0,0.0,-0.17627901784482308,MODEL_ONLY,DUPLICATE_OR_OLD,DUPLICATE_OR_OLD,147.014190583,147.014190583
147.157980079,5.1667437195448445,193.06287455728582,0.006180349709968106,0.0,0.0,False,0.0,0.6180349709968105,-0.1853859282830678,FUSED,ACCEPTED,ACCEPTED,147.118193205,147.118193205
147.207980079,5.135984803494543,193.32044277036186,0.011180349709969242,0.0,0.0,False,0.0,0.0,-0.1853859282830678,MODEL_ONLY,DUPLICATE_OR_OLD,DUPLICATE_OR_OLD,147.118193205,147.118193205
