t,v,s,pvv,pvd,pdd,active,added,gain,d,mode,front_status,rear_status,front_t,rear_t
145.511615933,0.0,0.0,1.0,0.0,0.0,False,0.0,0.0,0.0,WAITING_FOR_INITIALIZATION,MISSING_OR_STALE,MISSING_OR_STALE,,
145.561615933,0.0,0.0,1.0,0.0,0.0,False,0.0,0.0,0.0,WAITING_FOR_INITIALIZATION,MISSING_OR_STALE,MISSING_OR_STALE,,
145.611615933,0.0,0.0,0.010000000000000002,0.0,0.0,False,0.0,0.0,0.0,INITIALIZED,ACCEPTED,ACCEPTED,145.504196877,145.504196877
145.661615933,0.0,0.0,0.01500000000000114,0.0,0.0,False,0.0,0.0,0.0,MODEL_ONLY,DUPLICATE_OR_OLD,DUPLICATE_OR_OLD,145.504196877,145.504196877
145.711615933,0.0,0.0,0.006666666666666605,0.0,0.0,False,0.0,0.6666666666666603,0.0,FUSED,ACCEPTED,ACCEPTED,145.620185549,145.620185549
145.761615933,0.0,0.0,0.011666666666667741,0.0,0.0,False,0.0,0.0,0.0,MODEL_ONLY,DUPLICATE_OR_OLD,DUPLICATE_OR_OLD,145.620185549,145.620185549
145.811615933,0.0,0.0,0.006250000000000313,0.0,0.0,False,0.0,0.625000000000031,0.0,FUSED,ACCEPTED,ACCEPTED,145.736184129,145.736184129
145.861615933,0.0,0.0,0.011249999999998608,0.0,0.0,False,0.0,0.0,0.0,MODEL_ONLY,DUPLICATE_OR_OLD,DUPLICATE_OR_OLD,145.736184129,145.736184129
145.911615933,0.0,0.0,0.006190476190476154,0.0,0.0,False,0.0,0.6190476190476153,0.0,FUSED,ACCEPTED,ACCEPTED,145.822178965,145.822178965
145.961615933,0.0,0.0,0.01119047619047445,0.0,0.0,False,0.0,0.0,0.0,MODEL_ONLY,DUPLICATE_OR_OLD,DUPLICATE_OR_OLD,145.822178965,145.822178965
146.011615933,0.0,0.0,0.01619047619047559,0.0,0.0,False,0.0,0.0,0.0,MODEL_ONLY,DUPLICATE_OR_OLD,DUPLICATE_OR_OLD,145.822178965,145.822178965
146.061615933,0.0,0.0,0.021190476190476724,0.0,0.0,False,0.0,0.0,0.0,MODEL_ONLY,DUPLICATE_OR_OLD,DUPLICATE_OR_OLD,145.822178965,145.822178965
146.111615933,0.0,0.0,0.007236842105263069,0.0,0.0,False,0.0,0.7236842105263068,0.0,FUSED,ACCEPTED,ACCEPTED,146.01823111,146.01823111
146.161615933,0.0,0.0,0.012236842105264207,0.0,0.0,False,0.0,0.0,0.0,STOPPED,DUPLICATE_OR_OLD,DUPLICATE_OR_OLD,146.01823111,146.01823111
146.211615933,0.0,0.0,0.006328502415458849,0.0,0.0,False,0.0,0.0,0.0,STOPPED,ACCEPTED,ACCEPTED,146.116218022,146.116218022
146.261615933,0.0,0.0,0.011328502415459987,0.0,0.0,False,0.0,0.0,0.0,STOPPED,DUPLICATE_OR_OLD,DUPLICATE_OR_OLD,146.116218022,146.116218022
146.311615933,0.0,0.0,0.006201834862385637,0.0,0.0,False,0.0,0.0,0.0,STOPPED,ACCEPTED,ACCEPTED,146.222307242,146.222307242
146.361615933,0.0,0.0,0.011201834862383932,0.0,0.0,False,0.0,0.0,0.0,STOPPED,DUPLICATE_OR_OLD,DUPLICATE_OR_OLD,146.222307242,146.222307242
146.411615933,0.0,0.0,0.006183473389355707,0.0,0.0,False,0.0,0.0,0.0,STOPPED,ACCEPTED,ACCEPTED,146.308165955,146.308165955
146.461615933,0.0,0.0,0.011183473389354001,0.0,0.0,False,0.0,0.0,0.0,STOPPED,DUPLICATE_OR_OLD,DUPLICATE_OR_OLD,146.308165955,146.308165955
146.511615933,0.0,0.0,0.006180797004546584,0.0,0.0,False,0.0,0.0,0.0,STOPPED,ACCEPTED,ACCEPTED,146.424188591,146.424188591
146.561615933,0.0,0.0,0.01118079700454772,0.0,0.0,False,0.0,0.0,0.0,STOPPED,DUPLICATE_OR_OLD,DUPLICATE_OR_OLD,146.424188591,146.424188591
146.611615933,0.0,0.0,0.006180406578812859,0.0,0.0,False,0.0,0.0,0.0,STOPPED,ACCEPTED,ACCEPTED,146.518167936,146.518167936
146.661615933,0.0,0.0,0.011180406578813997,0.0,0.0,False,0.0,0.0,0.0,STOPPED,DUPLICATE_OR_OLD,DUPLICATE_OR_OLD,146.518167936,146.518167936
146.711615933,0.0,0.0,0.006180349617605647,0.0,0.0,False,0.0,0.0,0.0,STOPPED,ACCEPTED,ACCEPTED,146.622185119,146.622185119
146.761615933,0.0,0.0,0.011180349617606784,0.0,0.0,False,0.0,0.0,0.0,STOPPED,DUPLICATE_OR_OLD,DUPLICATE_OR_OLD,146.622185119,146.622185119
146.811615933,0.0,0.0,0.006180341307102189,0.0,0.0,False,0.0,0.0,0.0,STOPPED,ACCEPTED,ACCEPTED,146.736202804,146.736202804
146.861615933,0.0,0.0,0.011180341307100484,0.0,0.0,False,0.0,0.0,0.0,STOPPED,DUPLICATE_OR_OLD,DUPLICATE_OR_OLD,146.736202804,146.736202804
146.911615933,0.0,0.0,0.006180340094616177,0.0,0.0,False,0.0,0.0,0.0,STOPPED,ACCEPTED,ACCEPTED,146.852234562,146.852234562
146.961615933,0.0,0.0,0.011180340094614473,0.0,0.0,False,0.0,0.0,0.0,STOPPED,DUPLICATE_OR_OLD,DUPLICATE_OR_OLD,146.852234562,146.852234562
147.011615933,0.0,0.0,0.0061803399177168625,0.0,0.0,False,0.0,0.0,0.0,STOPPED,ACCEPTED,ACCEPTED,146.908175622,146.908175622
147.061615933,0.0,0.0,0.011180339917718,0.0,0.0,False,0.0,0.0,0.0,STOPPED,DUPLICATE_OR_OLD,DUPLICATE_OR_OLD,146.908175622,146.908175622
147.111615933,0.0,0.0,0.006180339891907601,0.0,0.0,False,0.0,0.0,0.0,STOPPED,ACCEPTED,ACCEPTED,147.014175245,147.014175245
147.161615933,0.0,0.0,0.011180339891908739,0.0,0.0,False,0.0,0.0,0.0,STOPPED,DUPLICATE_OR_OLD,DUPLICATE_OR_OLD,147.014175245,147.014175245
147.211615933,0.0,0.0,0.00618033988814208,0.0,0.0,False,0.0,0.0,0.0,STOPPED,ACCEPTED,ACCEPTED,147.120246603,147.120246603
147.261615933,0.0,0.0,0.011180339888143216,0.0,0.0,False,0.0,0.0,0.0,STOPPED,DUPLICATE_OR_OLD,DUPLICATE_OR_OLD,147.120246603,147.120246603
147.311615933,0.0,0.0,0.006180339887593113,0.0,0.0,False,0.0,0.0,0.0,STOPPED,ACCEPTED,ACCEPTED,147.216184234,147.216184234
147.361615933,0.0,0.0,0.011180339887591408,0.0,0.0,False,0.0,0.0,0.0,STOPPED,DUPLICATE_OR_OLD,DUPLICATE_OR_OLD,147.216184234,147.216184234
147.411615933,0.0,0.0,0.006180339887512605,0.0,0.0,False,0.0,0.0,0.0,STOPPED,ACCEPTED,ACCEPTED,147.304230159,147.304230159
147.461615933,0.0,0.0,0.011180339887510899,0.0,0.0,False,0.0,0.0,0.0,STOPPED,DUPLICATE_OR_OLD,DUPLICATE_OR_OLD,147.304230159,147.304230159
147.511615933,0.0,0.0,0.016180339887512038,0.0,0.0,False,0.0,0.0,0.0,STOPPED,DUPLICATE_OR_OLD,DUPLICATE_OR_OLD,147.304230159,147.304230159
147.561615933,0.0,0.0,0.006792850868182899,0.0,0.0,False,0.0,0.0,0.0,STOPPED,ACCEPTED,ACCEPTED,147.516161212,147.516161212
147.611615933,0.0,0.0,0.011792850868181194,0.0,0.0,False,0.0,0.0,0.0,STOPPED,DUPLICATE_OR_OLD,DUPLICATE_OR_OLD,147.516161212,147.516161212
147.661615933,0.0,0.0,0.01679285086818233,0.0,0.0,False,0.0,0.0,0.0,STOPPED,DUPLICATE_OR_OLD,DUPLICATE_OR_OLD,147.516161212,147.516161212
147.711615933,0.0,0.0,0.006854638786102589,0.0,0.0,False,0.0,0.0,0.0,STOPPED,ACCEPTED,ACCEPTED,147.608175141,147.608175141
147.761615933,0.0,0.0,0.005424312386092376,0.0,0.0,False,0.0,0.0,0.0,STOPPED,ACCEPTED,ACCEPTED,147.732252498,147.732252498
147.811615933,0.0,0.0,0.010424312386093513,0.0,0.0,False,0.0,0.0,0.0,STOPPED,DUPLICATE_OR_OLD,DUPLICATE_OR_OLD,147.732252498,147.732252498
147.861615933,0.0,0.0,0.015424312386091807,0.0,0.0,False,0.0,0.0,0.0,STOPPED,DUPLICATE_OR_OLD,DUPLICATE_OR_OLD,147.732252498,147.732252498
147.911615933,0.0,0.0,0.006713154968599706,0.0,0.0,False,0.0,0.0,0.0,STOPPED,ACCEPTED,ACCEPTED,147.816185906,147.816185906
147.961615933,0.0,0.0,0.011713154968598,0.0,0.0,False,0.0,0.0,0.0,STOPPED,DUPLICATE_OR_OLD,DUPLICATE_OR_OLD,147.816185906,147.816185906
148.011615933,0.0,0.0,0.006256526040538893,0.0,0.0,False,0.0,0.0,0.0,STOPPED,ACCEPTED,ACCEPTED,147.904187168,147.904187168
148.061615933,0.0,0.0,0.011256526040540029,0.0,0.0,False,0.0,0.0,0.0,STOPPED,DUPLICATE_OR_OLD,DUPLICATE_OR_OLD,147.904187168,147.904187168
148.111615933,0.0,0.0,0.00619142304486105,0.0,0.0,False,0.0,0.0,0.0,STOPPED,ACCEPTED,ACCEPTED,148.018167708,148.018167708
148.161615933,0.0,0.0,0.011191423044862188,0.0,0.0,False,0.0,0.0,0.0,STOPPED,DUPLICATE_OR_OLD,DUPLICATE_OR_OLD,148.018167708,148.018167708
148.211615933,0.0,0.0,0.006181956214111746,0.0,0.0,False,0.0,0.0,0.0,STOPPED,ACCEPTED,ACCEPTED,148.120246359,148.120246359
148.261615933,0.0,0.0,0.011181956214112884,0.0,0.0,False,0.0,0.0,0.0,STOPPED,DUPLICATE_OR_OLD,DUPLICATE_OR_OLD,148.120246359,148.120246359
148.311615933,0.0,0.0,0.006180575691815857,0.0,0.0,False,0.0,0.0,0.0,STOPPED,ACCEPTED,ACCEPTED,148.26415328,148.26415328
148.361615933,0.0,0.0,0.011180575691814153,0.0,0.0,False,0.0,0.0,0.0,STOPPED,DUPLICATE_OR_OLD,DUPLICATE_OR_OLD,148.26415328,148.26415328
148.411615933,0.0,0.0,0.006180374290575188,0.0,0.0,False,0.0,0.0,0.0,STOPPED,ACCEPTED,ACCEPTED,148.322161674,148.322161674
148.461615933,0.0,0.0,0.011180374290573482,0.0,0.0,False,0.0,0.0,0.0,STOPPED,DUPLICATE_OR_OLD,DUPLICATE_OR_OLD,148.322161674,148.322161674
148.511615933,0.0,0.0,0.0061803449068334486,0.0,0.0,False,0.0,0.0,0.0,STOPPED,ACCEPTED,ACCEPTED,148.410198447,148.410198447
148.561615933,0.0,0.0,0.011180344906834585,0.0,0.0,False,0.0,0.0,0.0,STOPPED,DUPLICATE_OR_OLD,DUPLICATE_OR_OLD,148.410198447,148.410198447
148.611615933,0.0,0.0,0.00618034061980976,0.0,0.0,False,0.0,0.0,0.0,STOPPED,ACCEPTED,ACCEPTED,148.508156228,148.508156228
148.661615933,0.0,0.0,0.011180340619810897,0.0,0.0,False,0.0,0.0,0.0,STOPPED,DUPLICATE_OR_OLD,DUPLICATE_OR_OLD,148.508156228,148.508156228
148.711615933,0.0,0.0,0.006180339994341571,0.0,0.0,False,0.0,0.0,0.0,STOPPED,ACCEPTED,ACCEPTED,148.602209671,148.602209671
148.761615933,0.0,0.0,0.011180339994342708,0.0,0.0,False,0.0,0.0,0.0,STOPPED,DUPLICATE_OR_OLD,DUPLICATE_OR_OLD,148.602209671,148.602209671
148.811615933,0.0,0.0,0.0061803399030874095,0.0,0.0,False,0.0,0.0,0.0,STOPPED,ACCEPTED,ACCEPTED,148.736162842,148.736162842
148.861615933,0.0,0.0,0.011180339903085704,0.0,0.0,False,0.0,0.0,0.0,STOPPED,DUPLICATE_OR_OLD,DUPLICATE_OR_OLD,148.736162842,148.736162842
148.911615933,0.0,0.0,0.006180339889773193,0.0,0.0,False,0.0,0.0,0.0,STOPPED,ACCEPTED,ACCEPTED,148.816159419,148.816159419
148.961615933,0.0,0.0,0.011180339889771487,0.0,0.0,False,0.0,0.0,0.0,STOPPED,DUPLICATE_OR_OLD,DUPLICATE_OR_OLD,148.816159419,148.816159419
149.011615933,0.0,0.0,0.016180339889772626,0.0,0.0,False,0.0,0.0,0.0,STOPPED,DUPLICATE_OR_OLD,DUPLICATE_OR_OLD,148.816159419,148.816159419
149.061615933,0.0,0.0,0.02118033988977376,0.0,0.0,False,0.0,0.0,0.0,STOPPED,DUPLICATE_OR_OLD,DUPLICATE_OR_OLD,148.816159419,148.816159419
149.111615933,0.0,0.0,0.00723606797767344,0.0,0.0,False,0.0,0.0,0.0,STOPPED,ACCEPTED,ACCEPTED,149.016142186,149.016142186
149.161615933,0.0,0.0,0.012236067977674576,0.0,0.0,False,0.0,0.0,0.0,STOPPED,DUPLICATE_OR_OLD,DUPLICATE_OR_OLD,149.016142186,149.016142186
149.211615933,0.0,0.0,0.0063283980609103955,0.0,0.0,False,0.0,0.0,0.0,STOPPED,ACCEPTED,ACCEPTED,149.116145059,149.116145059
149.261615933,0.0,0.0,0.011328398060911533,0.0,0.0,False,0.0,0.0,0.0,STOPPED,DUPLICATE_OR_OLD,DUPLICATE_OR_OLD,149.116145059,149.116145059
149.311615933,0.0,0.0,0.006201819808077852,0.0,0.0,False,0.0,0.0,0.0,STOPPED,ACCEPTED,ACCEPTED,149.232171991,149.232171991
149.361615933,0.0,0.0,0.011201819808076146,0.0,0.0,False,0.0,0.0,0.0,STOPPED,DUPLICATE_OR_OLD,DUPLICATE_OR_OLD,149.232171991,149.232171991
149.411615933,0.0,0.0,0.006183471196562737,0.0,0.0,False,0.0,0.0,0.0,STOPPED,ACCEPTED,ACCEPTED,149.316139995,149.316139995
149.461615933,0.0,0.0,0.011183471196561032,0.0,0.0,False,0.0,0.0,0.0,STOPPED,DUPLICATE_OR_OLD,DUPLICATE_OR_OLD,149.316139995,149.316139995
149.511615933,0.0,0.0,0.006180796684698942,0.0,0.0,False,0.0,0.0,0.0,STOPPED,ACCEPTED,ACCEPTED,149.424135915,149.424135915
149.561615933,0.0,0.0,0.01118079668470008,0.0,0.0,False,0.0,0.0,0.0,STOPPED,DUPLICATE_OR_OLD,DUPLICATE_OR_OLD,149.424135915,149.424135915
149.611615933,0.0,0.0,0.006180406532149346,0.0,0.0,False,0.0,0.0,0.0,STOPPED,ACCEPTED,ACCEPTED,149.51814064,149.51814064
149.661615933,0.0,0.0,0.011180406532150484,0.0,0.0,False,0.0,0.0,0.0,STOPPED,DUPLICATE_OR_OLD,DUPLICATE_OR_OLD,149.51814064,149.51814064
149.711615933,0.0,0.0,0.006180349610797568,0.0,0.0,False,0.0,0.0,0.0,STOPPED,ACCEPTED,ACCEPTED,149.622132769,149.622132769
149.761615933,0.0,0.0,0.011180349610798706,0.0,0.0,False,0.0,0.0,0.0,STOPPED,DUPLICATE_OR_OLD,DUPLICATE_OR_OLD,149.622132769,149.622132769
149.811615933,0.0,0.0,0.0061803413061089045,0.0,0.0,False,0.0,0.0,0.0,STOPPED,ACCEPTED,ACCEPTED,149.734133986,149.734133986
149.861615933,0.0,0.0,0.011180341306107199,0.0,0.0,False,0.0,0.0,0.0,STOPPED,DUPLICATE_OR_OLD,DUPLICATE_OR_OLD,149.734133986,149.734133986
149.911615933,0.0,0.0,0.006180340094471258,0.0,0.0,False,0.0,0.0,0.0,STOPPED,ACCEPTED,ACCEPTED,149.810128916,149.810128916
149.961615933,0.0,0.0,0.011180340094469554,0.0,0.0,False,0.0,0.0,0.0,STOPPED,DUPLICATE_OR_OLD,DUPLICATE_OR_OLD,149.810128916,149.810128916
150.011615933,0.0,0.0,0.006180339917695719,0.0,0.0,False,0.0,0.0,0.0,STOPPED,ACCEPTED,ACCEPTED,149.902214058,149.902214058
150.061615933,0.0,0.0,0.011180339917696857,0.0,0.0,False,0.0,0.0,0.0,STOPPED,DUPLICATE_OR_OLD,DUPLICATE_OR_OLD,149.902214058,149.902214058
150.111615933,0.0,0.0,0.0061803398919045155,0.0,0.0,False,0.0,0.0,0.0,STOPPED,ACCEPTED,ACCEPTED,150.01213368,150.01213368
150.161615933,0.0,0.0,0.011180339891905653,0.0,0.0,False,0.0,0.0,0.0,STOPPED,DUPLICATE_OR_OLD,DUPLICATE_OR_OLD,150.01213368,150.01213368
150.211615933,0.0,0.0,0.01618033989190395,0.0,0.0,False,0.0,0.0,0.0,STOPPED,DUPLICATE_OR_OLD,DUPLICATE_OR_OLD,150.01213368,150.01213368
150.261615933,0.0,0.0,0.021180339891905084,0.0,0.0,False,0.0,0.0,0.0,STOPPED,DUPLICATE_OR_OLD,DUPLICATE_OR_OLD,150.01213368,150.01213368
150.311615933,0.0,0.0,0.0072360679778364755,0.0,0.0,False,0.0,0.0,0.0,STOPPED,ACCEPTED,ACCEPTED,150.222166083,150.222166083
150.361615933,0.0,0.0,0.012236067977834771,0.0,0.0,False,0.0,0.0,0.0,STOPPED,DUPLICATE_OR_OLD,DUPLICATE_OR_OLD,150.222166083,150.222166083
150.411615933,0.0,0.0,0.006328398060932374,0.0,0.0,False,0.0,0.0,0.0,STOPPED,ACCEPTED,ACCEPTED,150.31613546,150.31613546
150.461615933,0.0,0.0,0.01132839806093067,0.0,0.0,False,0.0,0.0,0.0,STOPPED,DUPLICATE_OR_OLD,DUPLICATE_OR_OLD,150.31613546,150.31613546
150.511615933,0.0,0.0,0.006201819808080614,0.0,0.0,False,0.0,0.0,0.0,STOPPED,ACCEPTED,ACCEPTED,150.422140432,150.422140432
150.561615933,0.0,0.0,0.01120181980808175,0.0,0.0,False,0.0,0.0,0.0,STOPPED,DUPLICATE_OR_OLD,DUPLICATE_OR_OLD,150.422140432,150.422140432
150.611615933,0.0,0.0,0.0061834711965631384,0.0,0.0,False,0.0,0.0,0.0,STOPPED,ACCEPTED,ACCEPTED,150.52613067,150.52613067
150.661615933,0.0,0.0,0.011183471196564276,0.0,0.0,False,0.0,0.0,0.0,STOPPED,DUPLICATE_OR_OLD,DUPLICATE_OR_OLD,150.52613067,150.52613067
150.711615933,0.0,0.0,0.01618347119656257,0.0,0.0,False,0.0,0.0,0.0,STOPPED,DUPLICATE_OR_OLD,DUPLICATE_OR_OLD,150.52613067,150.52613067
150.761615933,0.0,0.0,0.021183471196563705,0.0,0.0,False,0.0,0.0,0.0,STOPPED,DUPLICATE_OR_OLD,DUPLICATE_OR_OLD,150.52613067,150.52613067
150.811615933,0.0,0.0,0.007236307167525329,0.0,0.0,False,0.0,0.0,0.0,STOPPED,ACCEPTED,ACCEPTED,150.736130218,150.736130218
150.861615933,0.0,0.0,0.012236307167523624,0.0,0.0,False,0.0,0.0,0.0,STOPPED,DUPLICATE_OR_OLD,DUPLICATE_OR_OLD,150.736130218,150.736130218
150.911615933,0.0,0.0,0.0063284303049998235,0.0,0.0,False,0.0,0.0,0.0,STOPPED,ACCEPTED,ACCEPTED,150.814175226,150.814175226
150.961615933,0.0,0.0,0.011328430304998117,0.0,0.0,False,0.0,0.0,0.0,STOPPED,DUPLICATE_OR_OLD,DUPLICATE_OR_OLD,150.814175226,150.814175226
151.011615933,0.0,0.0,0.0062018244596597945,0.0,0.0,False,0.0,0.0,0.0,STOPPED,ACCEPTED,ACCEPTED,150.926128395,150.926128395
151.061615933,0.0,0.0,0.011201824459660932,0.0,0.0,False,0.0,0.0,0.0,STOPPED,DUPLICATE_OR_OLD,DUPLICATE_OR_OLD,150.926128395,150.926128395
151.111615933,0.0,0.0,0.006183471874107024,0.0,0.0,False,0.0,0.0,0.0,STOPPED,ACCEPTED,ACCEPTED,151.010224711,151.010224711
151.161615933,0.0,0.0,0.011183471874108161,0.0,0.0,False,0.0,0.0,0.0,STOPPED,DUPLICATE_OR_OLD,DUPLICATE_OR_OLD,151.010224711,151.010224711
151.211615933,0.0,0.0,0.006180796783527677,0.0,0.0,False,0.0,0.0,0.0,STOPPED,ACCEPTED,ACCEPTED,151.12412825,151.12412825
151.261615933,0.0,0.0,0.011180796783528815,0.0,0.0,False,0.0,0.0,0.0,STOPPED,DUPLICATE_OR_OLD,DUPLICATE_OR_OLD,151.12412825,151.12412825
151.311615933,0.0,0.0,0.0061804065465681755,0.0,0.0,False,0.0,0.0,0.0,STOPPED,ACCEPTED,ACCEPTED,151.276160865,151.276160865
151.361615933,0.0,0.0,0.01118040654656647,0.0,0.0,False,0.0,0.0,0.0,STOPPED,DUPLICATE_OR_OLD,DUPLICATE_OR_OLD,151.276160865,151.276160865
151.411615933,0.0,0.0,0.006180349612901235,0.0,0.0,False,0.0,0.0,0.0,STOPPED,ACCEPTED,ACCEPTED,151.324187282,151.324187282
151.461615933,0.0,0.0,0.011180349612899529,0.0,0.0,False,0.0,0.0,0.0,STOPPED,DUPLICATE_OR_OLD,DUPLICATE_OR_OLD,151.324187282,151.324187282
151.511615933,0.0,0.0,0.006180341306415409,0.0,0.0,False,0.0,0.0,0.0,STOPPED,ACCEPTED,ACCEPTED,151.420123055,151.420123055
151.561615933,0.0,0.0,0.011180341306416547,0.0,0.0,False,0.0,0.0,0.0,STOPPED,DUPLICATE_OR_OLD,DUPLICATE_OR_OLD,151.420123055,151.420123055
151.611615933,0.0,0.0,0.006180340094515977,0.0,0.0,False,0.0,0.0,0.0,STOPPED,ACCEPTED,ACCEPTED,151.520148762,151.520148762
151.661615933,0.0,0.0,0.011180340094517113,0.0,0.0,False,0.0,0.0,0.0,STOPPED,DUPLICATE_OR_OLD,DUPLICATE_OR_OLD,151.520148762,151.520148762
151.711615933,0.0,0.0,0.006180339917702243,0.0,0.0,False,0.0,0.0,0.0,STOPPED,ACCEPTED,ACCEPTED,151.622205809,151.622205809
151.761615933,0.0,0.0,0.01118033991770338,0.0,0.0,False,0.0,0.0,0.0,STOPPED,DUPLICATE_OR_OLD,DUPLICATE_OR_OLD,151.622205809,151.622205809
151.811615933,0.0,0.0,0.0061803398919058825,0.0,0.0,False,0.0,0.0,0.0,STOPPED,ACCEPTED,ACCEPTED,151.734181476,151.734181476
151.861615933,0.0,0.0,0.011180339891904176,0.0,0.0,False,0.0,0.0,0.0,STOPPED,DUPLICATE_OR_OLD,DUPLICATE_OR_OLD,151.734181476,151.734181476
151.911615933,0.0,0.0,0.006180339888141829,0.0,0.0,False,0.0,0.0,0.0,STOPPED,ACCEPTED,ACCEPTED,151.816154648,151.816154648
151.961615933,0.0,0.0,0.011180339888140125,0.0,0.0,False,0.0,0.0,0.0,STOPPED,DUPLICATE_OR_OLD,DUPLICATE_OR_OLD,151.816154648,151.816154648
152.011615933,0.0,0.0,0.006180339887592661,0.0,0.0,False,0.0,0.0,0.0,STOPPED,ACCEPTED,ACCEPTED,151.904112447,151.904112447
152.061615933,0.0,0.0,0.011180339887593798,0.0,0.0,False,0.0,0.0,0.0,STOPPED,DUPLICATE_OR_OLD,DUPLICATE_OR_OLD,151.904112447,151.904112447
152.111615933,0.0,0.0,0.006180339887512539,0.0,0.0,False,0.0,0.0,0.0,STOPPED,ACCEPTED,ACCEPTED,152.01017241,152.01017241
152.161615933,0.0,0.0,0.011180339887513676,0.0,0.0,False,0.0,0.0,0.0,STOPPED,DUPLICATE_OR_OLD,DUPLICATE_OR_OLD,152.01017241,152.01017241
152.211615933,0.0,0.0,0.006180339887500849,0.0,0.0,False,0.0,0.0,0.0,STOPPED,ACCEPTED,ACCEPTED,152.11416739,152.11416739
152.261615933,0.0,0.0,0.011180339887501986,0.0,0.0,False,0.0,0.0,0.0,STOPPED,DUPLICATE_OR_OLD,DUPLICATE_OR_OLD,152.11416739,152.11416739
152.311615933,0.0,0.0,0.006180339887499558,0.0,0.0,False,0.0,0.0,0.0,STOPPED,ACCEPTED,ACCEPTED,152.226230672,152.226230672
152.361615933,0.0,0.0,0.011180339887497854,0.0,0.0,False,0.0,0.0,0.0,STOPPED,DUPLICATE_OR_OLD,DUPLICATE_OR_OLD,152.226230672,152.226230672
152.411615933,0.0,0.0,0.006180339887498956,0.0,0.0,False,0.0,0.0,0.0,STOPPED,ACCEPTED,ACCEPTED,152.31422688,152.31422688
152.461615933,0.0,0.0,0.01118033988749725,0.0,0.0,False,0.0,0.0,0.0,STOPPED,DUPLICATE_OR_OLD,DUPLICATE_OR_OLD,152.31422688,152.31422688
152.511615933,0.0,0.0,0.006180339887498868,0.0,0.0,False,0.0,0.0,0.0,STOPPED,ACCEPTED,ACCEPTED,152.46815837,152.46815837
152.561615933,0.0,0.0,0.011180339887500005,0.0,0.0,False,0.0,0.0,0.0,STOPPED,DUPLICATE_OR_OLD,DUPLICATE_OR_OLD,152.46815837,152.46815837
152.611615933,0.0,0.0,0.006180339887498855,0.0,0.0,False,0.0,0.0,0.0,STOPPED,ACCEPTED,ACCEPTED,152.51408982,152.51408982
152.661615933,0.0,0.0,0.011180339887499991,0.0,0.0,False,0.0,0.0,0.0,STOPPED,DUPLICATE_OR_OLD,DUPLICATE_OR_OLD,152.51408982,152.51408982
152.711615933,0.0,0.0,0.006180339887498852,0.0,0.0,False,0.0,0.0,0.0,STOPPED,ACCEPTED,ACCEPTED,152.622098451,152.622098451
152.761615933,0.0,0.0,0.01118033988749999,0.0,0.0,False,0.0,0.0,0.0,STOPPED,DUPLICATE_OR_OLD,DUPLICATE_OR_OLD,152.622098451,152.622098451
152.811615933,0.0,0.0,0.006180339887499267,0.0,0.0,False,0.0,0.0,0.0,STOPPED,ACCEPTED,ACCEPTED,152.732149639,152.732149639
152.861615933,0.0,0.0,0.011180339887497562,0.0,0.0,False,0.0,0.0,0.0,STOPPED,DUPLICATE_OR_OLD,DUPLICATE_OR_OLD,152.732149639,152.732149639
152.911615933,0.0,0.0,0.006180339887498913,0.0,0.0,False,0.0,0.0,0.0,STOPPED,ACCEPTED,ACCEPTED,152.818133989,152.818133989
152.961615933,0.0,0.0,0.011180339887497209,0.0,0.0,False,0.0,0.0,0.0,STOPPED,DUPLICATE_OR_OLD,DUPLICATE_OR_OLD,152.818133989,152.818133989
153.011615933,0.0,0.0,0.006180339887498861,0.0,0.0,False,0.0,0.0,0.0,STOPPED,ACCEPTED,ACCEPTED,152.914161576,152.914161576
153.061615933,0.0,0.0,0.011180339887499998,0.0,0.0,False,0.0,0.0,0.0,STOPPED,DUPLICATE_OR_OLD,DUPLICATE_OR_OLD,152.914161576,152.914161576
153.111615933,0.0,0.0,0.006180339887498853,0.0,0.0,False,0.0,0.0,0.0,STOPPED,ACCEPTED,ACCEPTED,153.070088452,153.070088452
153.161615933,0.0,0.0,0.011180339887499991,0.0,0.0,False,0.0,0.0,0.0,STOPPED,DUPLICATE_OR_OLD,DUPLICATE_OR_OLD,153.070088452,153.070088452
153.211615933,0.0,0.0,0.006180339887498852,0.0,0.0,False,0.0,0.0,0.0,STOPPED,ACCEPTED,ACCEPTED,153.124201043,153.124201043
153.261615933,0.0,0.0,0.01118033988749999,0.0,0.0,False,0.0,0.0,0.0,STOPPED,DUPLICATE_OR_OLD,DUPLICATE_OR_OLD,153.124201043,153.124201043
153.311615933,0.0,0.0,0.006180339887499267,0.0,0.0,False,0.0,0.0,0.0,STOPPED,ACCEPTED,ACCEPTED,153.21412501,153.21412501
153.361615933,0.0,0.0,0.011180339887497562,0.0,0.0,False,0.0,0.0,0.0,STOPPED,DUPLICATE_OR_OLD,DUPLICATE_OR_OLD,153.21412501,153.21412501
153.411615933,0.0,0.0,0.006180339887498913,0.0,0.0,False,0.0,0.0,0.0,STOPPED,ACCEPTED,ACCEPTED,153.316148219,153.316148219
153.461615933,0.0,0.0,0.011180339887497209,0.0,0.0,False,0.0,0.0,0.0,STOPPED,DUPLICATE_OR_OLD,DUPLICATE_OR_OLD,153.316148219,153.316148219
153.511615933,0.0,0.0,0.006180339887498861,0.0,0.0,False,0.0,0.0,0.0,STOPPED,ACCEPTED,ACCEPTED,153.430094721,153.430094721
153.561615933,0.0,0.0,0.011180339887499998,0.0,0.0,False,0.0,0.0,0.0,STOPPED,DUPLICATE_OR_OLD,DUPLICATE_OR_OLD,153.430094721,153.430094721
153.611615933,0.0,0.0,0.006180339887498853,0.0,0.0,False,0.0,0.0,0.0,STOPPED,ACCEPTED,ACCEPTED,153.514131631,153.514131631
153.661615933,0.0,0.0,0.011180339887499991,0.0,0.0,False,0.0,0.0,0.0,STOPPED,DUPLICATE_OR_OLD,DUPLICATE_OR_OLD,153.514131631,153.514131631
153.711615933,0.0,0.0,0.006180339887498852,0.0,0.0,False,0.0,0.0,0.0,STOPPED,ACCEPTED,ACCEPTED,153.624145037,153.624145037
153.761615933,0.0,0.0,0.01118033988749999,0.0,0.0,False,0.0,0.0,0.0,STOPPED,DUPLICATE_OR_OLD,DUPLICATE_OR_OLD,153.624145037,153.624145037
153.811615933,0.0,0.0,0.006180339887499267,0.0,0.0,False,0.0,0.0,0.0,STOPPED,ACCEPTED,ACCEPTED,153.73408203,153.73408203
153.861615933,0.0,0.0,0.011180339887497562,0.0,0.0,False,0.0,0.0,0.0,STOPPED,DUPLICATE_OR_OLD,DUPLICATE_OR_OLD,153.73408203,153.73408203
153.911615933,0.0,0.0,0.006180339887498913,0.0,0.0,False,0.0,0.0,0.0,STOPPED,ACCEPTED,ACCEPTED,153.816085091,153.816085091
153.961615933,0.0,0.0,0.011180339887497209,0.0,0.0,False,0.0,0.0,0.0,STOPPED,DUPLICATE_OR_OLD,DUPLICATE_OR_OLD,153.816085091,153.816085091
154.011615933,0.0,0.0,0.006180339887498861,0.0,0.0,False,0.0,0.0,0.0,STOPPED,ACCEPTED,ACCEPTED,153.904206516,153.904206516
154.061615933,0.0,0.0,0.011180339887499998,0.0,0.0,False,0.0,0.0,0.0,STOPPED,DUPLICATE_OR_OLD,DUPLICATE_OR_OLD,153.904206516,153.904206516
154.111615933,0.0,0.0,0.006180339887498853,0.0,0.0,False,0.0,0.0,0.0,STOPPED,ACCEPTED,ACCEPTED,154.008113048,154.008113048
154.161615933,0.0,0.0,0.011180339887499991,0.0,0.0,False,0.0,0.0,0.0,STOPPED,DUPLICATE_OR_OLD,DUPLICATE_OR_OLD,154.008113048,154.008113048
154.211615933,0.0,0.0,0.006180339887498852,0.0,0.0,False,0.0,0.0,0.0,STOPPED,ACCEPTED,ACCEPTED,154.108151762,154.108151762
154.261615933,0.0,0.0,0.01118033988749999,0.0,0.0,False,0.0,0.0,0.0,STOPPED,DUPLICATE_OR_OLD,DUPLICATE_OR_OLD,154.108151762,154.108151762
154.311615933,0.0,0.0,0.006180339887499267,0.0,0.0,False,0.0,0.0,0.0,STOPPED,ACCEPTED,ACCEPTED,154.226124666,154.226124666
154.361615933,0.0,0.0,0.011180339887497562,0.0,0.0,False,0.0,0.0,0.0,STOPPED,DUPLICATE_OR_OLD,DUPLICATE_OR_OLD,154.226124666,154.226124666
154.411615933,0.0,0.0,0.006180339887498913,0.0,0.0,False,0.0,0.0,0.0,STOPPED,ACCEPTED,ACCEPTED,154.318077866,154.318077866
154.461615933,0.0,0.0,0.011180339887497209,0.0,0.0,False,0.0,0.0,0.0,STOPPED,DUPLICATE_OR_OLD,DUPLICATE_OR_OLD,154.318077866,154.318077866
154.511615933,0.0,0.0,0.006180339887498861,0.0,0.0,False,0.0,0.0,0.0,STOPPED,ACCEPTED,ACCEPTED,154.408075696,154.408075696
154.561615933,0.0,0.0,0.011180339887499998,0.0,0.0,False,0.0,0.0,0.0,STOPPED,DUPLICATE_OR_OLD,DUPLICATE_OR_OLD,154.408075696,154.408075696
154.611615933,0.0,0.0,0.006180339887498853,0.0,0.0,False,0.0,0.0,0.0,STOPPED,ACCEPTED,ACCEPTED,154.514091062,154.514091062
154.661615933,0.0,0.0,0.011180339887499991,0.0,0.0,False,0.0,0.0,0.0,STOPPED,DUPLICATE_OR_OLD,DUPLICATE_OR_OLD,154.514091062,154.514091062
154.711615933,0.0,0.0,0.006180339887498852,0.0,0.0,False,0.0,0.0,0.0,STOPPED,ACCEPTED,ACCEPTED,154.612118206,154.612118206
154.761615933,0.0,0.0,0.01118033988749999,0.0,0.0,False,0.0,0.0,0.0,STOPPED,DUPLICATE_OR_OLD,DUPLICATE_OR_OLD,154.612118206,154.612118206
154.811615933,0.0,0.0,0.006180339887499267,0.0,0.0,False,0.0,0.0,0.0,STOPPED,ACCEPTED,ACCEPTED,154.734159898,154.734159898
154.861615933,0.0,0.0,0.011180339887497562,0.0,0.0,False,0.0,0.0,0.0,STOPPED,DUPLICATE_OR_OLD,DUPLICATE_OR_OLD,154.734159898,154.734159898
154.911615933,0.0,0.0,0.006180339887498913,0.0,0.0,False,0.0,0.0,0.0,STOPPED,ACCEPTED,ACCEPTED,154.812075909,154.812075909
154.961615933,0.0,0.0,0.011180339887497209,0.0,0.0,False,0.0,0.0,0.0,STOPPED,DUPLICATE_OR_OLD,DUPLICATE_OR_OLD,154.812075909,154.812075909
155.011615933,0.0,0.0,0.006180339887498861,0.0,0.0,False,0.0,0.0,0.0,STOPPED,ACCEPTED,ACCEPTED,154.922111688,154.922111688
155.061615933,0.0,0.0,0.011180339887499998,0.0,0.0,False,0.0,0.0,0.0,STOPPED,DUPLICATE_OR_OLD,DUPLICATE_OR_OLD,154.922111688,154.922111688
155.111615933,0.0,0.0,0.006180339887498853,0.0,0.0,False,0.0,0.0,0.0,STOPPED,ACCEPTED,ACCEPTED,155.018100834,155.018100834
155.161615933,0.0,0.0,0.011180339887499991,0.0,0.0,False,0.0,0.0,0.0,STOPPED,DUPLICATE_OR_OLD,DUPLICATE_OR_OLD,155.018100834,155.018100834
155.211615933,0.0,0.0,0.016180339887498285,0.0,0.0,False,0.0,0.0,0.0,STOPPED,DUPLICATE_OR_OLD,DUPLICATE_OR_OLD,155.018100834,155.018100834
155.261615933,0.0,0.0,0.02118033988749942,0.0,0.0,False,0.0,0.0,0.0,STOPPED,DUPLICATE_OR_OLD,DUPLICATE_OR_OLD,155.018100834,155.018100834
155.311615933,0.0,0.0,0.007236067977499913,0.0,0.0,False,0.0,0.0,0.0,STOPPED,ACCEPTED,ACCEPTED,155.222109959,155.222109959
155.361615933,0.0,0.0,0.012236067977498207,0.0,0.0,False,0.0,0.0,0.0,STOPPED,DUPLICATE_OR_OLD,DUPLICATE_OR_OLD,155.222109959,155.222109959
155.411615933,0.0,0.0,0.006328398060887004,0.0,0.0,False,0.0,0.0,0.0,STOPPED,ACCEPTED,ACCEPTED,155.312122422,155.312122422
155.461615933,0.0,0.0,0.011328398060885298,0.0,0.0,False,0.0,0.0,0.0,STOPPED,DUPLICATE_OR_OLD,DUPLICATE_OR_OLD,155.312122422,155.312122422
155.511615933,0.00041742358293691065,1.043558957342514e-05,0.006201819808074068,0.0,0.0,False,0.0,0.6201819808074067,0.0,FUSED,ACCEPTED,ACCEPTED,155.406153748,155.406153748
155.561615933,0.002478621923596734,8.283672723678271e-05,0.011201819808075206,0.0,0.0,False,0.0,0.0,0.0,MODEL_ONLY,DUPLICATE_OR_OLD,DUPLICATE_OR_OLD,155.406153748,155.406153748
155.611615933,0.002047520426838477,0.0001959902859976244,0.006183471196562186,0.0,0.0,False,0.0,0.6183471196562185,0.0,FUSED,ACCEPTED,ACCEPTED,155.514063993,155.514063993
155.661615933,0.005689539883631244,0.00038941679375941146,0.011183471196563323,0.0,0.0,False,0.0,0.0,0.0,MODEL_ONLY,DUPLICATE_OR_OLD,DUPLICATE_OR_OLD,155.514063993,155.514063993
155.711615933,0.0037979989813419924,0.0006266052653836615,0.006180796684698862,0.0,0.0,False,0.0,0.6180796684698862,0.0,FUSED,ACCEPTED,ACCEPTED,155.630123367,155.630123367
155.761615933,0.009670329196323206,0.000963313469825368,0.0111807966847,0.0,0.0,False,0.0,0.0,0.0,MODEL_ONLY,DUPLICATE_OR_OLD,DUPLICATE_OR_OLD,155.630123367,155.630123367
155.811615933,0.006443032566037123,0.0013661475138844678,0.006180406532149749,0.0,0.0,False,0.0,0.6180406532149747,0.0,FUSED,ACCEPTED,ACCEPTED,155.734102087,155.734102087
155.861615933,0.014917851809857519,0.0019001696232816517,0.011180406532148045,0.0,0.0,False,0.0,0.0,0.0,MODEL_ONLY,DUPLICATE_OR_OLD,DUPLICATE_OR_OLD,155.734102087,155.734102087
155.911615933,0.009308266802442705,0.002505822588589295,0.006180349610797627,0.0,0.0,False,0.0,0.6180349610797624,0.0,FUSED,ACCEPTED,ACCEPTED,155.870057101,155.870057101
155.961615933,0.019789989492469958,0.0032332789959618633,0.011180349610795922,0.0,0.0,False,0.0,0.0,0.0,MODEL_ONLY,DUPLICATE_OR_OLD,DUPLICATE_OR_OLD,155.870057101,155.870057101
156.011615933,0.026992932173312223,0.004402852037606684,0.006180341306108499,0.0,0.0,False,0.0,0.6180341306108497,0.0,FUSED,ACCEPTED,ACCEPTED,155.910086805,155.910086805
156.061615933,0.04030892506979701,0.006085398468684797,0.011180341306109636,0.0,0.0,False,0.0,0.0,0.0,MODEL_ONLY,DUPLICATE_OR_OLD,DUPLICATE_OR_OLD,155.910086805,155.910086805
156.111615933,0.038144165781599716,0.008046725739969045,0.006180340094471199,0.0,0.0,False,0.0,0.6180340094471197,0.0,FUSED,ACCEPTED,ACCEPTED,156.014067247,156.014067247
156.161615933,0.05364537122439725,0.010341464165119493,0.011180340094472337,0.0,0.0,False,0.0,0.0,0.0,MODEL_ONLY,DUPLICATE_OR_OLD,DUPLICATE_OR_OLD,156.014067247,156.014067247
156.211615933,0.04704786864525017,0.01285879516185982,0.00618033991769571,0.0,0.0,False,0.0,0.618033991769571,0.0,FUSED,ACCEPTED,ACCEPTED,156.110047223,156.110047223
156.261615933,0.06423869748042588,0.015640959315002353,0.011180339917696847,0.0,0.0,False,0.0,0.0,0.0,MODEL_ONLY,DUPLICATE_OR_OLD,DUPLICATE_OR_OLD,156.110047223,156.110047223
156.311615933,0.053922718804540276,0.01859499472212718,0.006180339891904929,0.0,0.0,False,0.0,0.6180339891904927,0.0,FUSED,ACCEPTED,ACCEPTED,156.208063306,156.208063306
156.361615933,0.0724217784543778,0.021753607153599055,0.011180339891903224,0.0,0.0,False,0.0,0.0,0.0,MODEL_ONLY,DUPLICATE_OR_OLD,DUPLICATE_OR_OLD,156.208063306,156.208063306
156.411615933,0.05707480340813733,0.02499102170016267,0.00618033988814169,0.0,0.0,False,0.0,0.6180339888141688,0.0,FUSED,ACCEPTED,ACCEPTED,156.316043547,156.316043547
156.461615933,0.07658745746700246,0.028332578222040022,0.011180339888139986,0.0,0.0,False,0.0,0.0,0.0,MODEL_ONLY,DUPLICATE_OR_OLD,DUPLICATE_OR_OLD,156.316043547,156.316043547
156.511615933,0.05563743446819999,0.03163820052042084,0.006180339887592642,0.0,0.0,False,0.0,0.6180339887592641,0.0,FUSED,ACCEPTED,ACCEPTED,156.434122584,156.434122584
156.561615933,0.07593564802326508,0.034927527582708215,0.011180339887593779,0.0,0.0,False,0.0,0.0,0.0,MODEL_ONLY,DUPLICATE_OR_OLD,DUPLICATE_OR_OLD,156.434122584,156.434122584
156.611615933,0.08384140489433539,0.03892195390564686,0.006180339887512536,0.0,0.0,False,0.0,0.6180339887512536,0.0,FUSED,ACCEPTED,ACCEPTED,156.518069793,156.518069793
156.661615933,0.10445176656710399,0.04362928319218391,0.011180339887513673,0.0,0.0,False,0.0,0.0,0.0,MODEL_ONLY,DUPLICATE_OR_OLD,DUPLICATE_OR_OLD,156.518069793,156.518069793
156.711615933,0.13249597238515243,0.049552976665988305,0.006180339887500849,0.0,0.0,False,0.0,0.6180339887500848,0.0,FUSED,ACCEPTED,ACCEPTED,156.638036557,156.638036557
156.761615933,0.15299645656731417,0.05669028738980159,0.011180339887501986,0.0,0.0,False,0.0,0.0,0.0,MODEL_ONLY,DUPLICATE_OR_OLD,DUPLICATE_OR_OLD,156.638036557,156.638036557
156.811615933,0.17095523892662276,0.06478907977715186,0.006180339887499558,0.0,0.0,False,0.0,0.6180339887499557,0.0,FUSED,ACCEPTED,ACCEPTED,156.732047975,156.732047975
156.861615933,0.19147230493787035,0.07384976837376109,0.011180339887497854,0.0,0.0,False,0.0,0.0,0.0,MODEL_ONLY,DUPLICATE_OR_OLD,DUPLICATE_OR_OLD,156.732047975,156.732047975
156.911615933,0.2102437802750038,0.08389267050408522,0.006180339887498956,0.0,0.0,False,0.0,0.6180339887498953,0.0,FUSED,ACCEPTED,ACCEPTED,156.818036707,156.818036707
156.961615933,0.23078379677796126,0.0949183599304056,0.01118033988749725,0.0,0.0,False,0.0,0.0,0.0,MODEL_ONLY,DUPLICATE_OR_OLD,DUPLICATE_OR_OLD,156.818036707,156.818036707
157.011615933,0.2406790192578269,0.10670493033130299,0.006180339887498868,0.0,0.0,False,0.0,0.6180339887498867,0.0,FUSED,ACCEPTED,ACCEPTED,156.92403307,156.92403307
157.061615933,0.2612623051606434,0.1192534634417676,0.011180339887500005,0.0,0.0,False,0.0,0.0,0.0,MODEL_ONLY,DUPLICATE_OR_OLD,DUPLICATE_OR_OLD,156.92403307,156.92403307
157.111615933,0.26836328713109525,0.13249410324905656,0.006180339887498855,0.0,0.0,False,0.0,0.6180339887498854,0.0,FUSED,ACCEPTED,ACCEPTED,157.026044737,157.026044737
157.161615933,0.2889871883335916,0.14642786513567688,0.011180339887499991,0.0,0.0,False,0.0,0.0,0.0,MODEL_ONLY,DUPLICATE_OR_OLD,DUPLICATE_OR_OLD,157.026044737,157.026044737
157.211615933,0.2963078510972749,0.16106024112144354,0.006180339887498852,0.0,0.0,False,0.0,0.6180339887498851,0.0,FUSED,ACCEPTED,ACCEPTED,157.118036697,157.118036697
157.261615933,0.3169679954575701,0.17639213728531816,0.01118033988749999,0.0,0.0,False,0.0,0.0,0.0,MODEL_ONLY,DUPLICATE_OR_OLD,DUPLICATE_OR_OLD,157.118036697,157.118036697
157.311615933,0.3215946221745902,0.19235620272612577,0.006180339887499267,0.0,0.0,False,0.0,0.6180339887499267,0.0,FUSED,ACCEPTED,ACCEPTED,157.224054859,157.224054859
157.361615933,0.34228045510193966,0.20895307965803336,0.011180339887497562,0.0,0.0,False,0.0,0.0,0.0,MODEL_ONLY,DUPLICATE_OR_OLD,DUPLICATE_OR_OLD,157.224054859,157.224054859
157.411615933,0.35413225238352636,0.226363397345174,0.006180339887498913,0.0,0.0,False,0.0,0.6180339887498912,0.0,FUSED,ACCEPTED,ACCEPTED,157.346037825,157.346037825
157.461615933,0.3748116310260157,0.24458699443040632,0.011180339887497209,0.0,0.0,False,0.0,0.0,0.0,MODEL_ONLY,DUPLICATE_OR_OLD,DUPLICATE_OR_OLD,157.346037825,157.346037825
157.511615933,0.38643358899967756,0.26361812493105297,0.006180339887498861,0.0,0.0,False,0.0,0.618033988749886,0.0,FUSED,ACCEPTED,ACCEPTED,157.436022075,157.436022075
157.561615933,0.4071232460637054,0.2834570458076421,0.011180339887499998,0.0,0.0,False,0.0,0.0,0.0,MODEL_ONLY,DUPLICATE_OR_OLD,DUPLICATE_OR_OLD,157.436022075,157.436022075
157.611615933,0.4212010582591834,0.3041651534157072,0.006180339887498853,0.0,0.0,False,0.0,0.6180339887498852,0.0,FUSED,ACCEPTED,ACCEPTED,157.516106866,157.516106866
157.661615933,0.44190314727521973,0.3257427585540722,0.011180339887499991,0.0,0.0,False,0.0,0.0,0.0,MODEL_ONLY,DUPLICATE_OR_OLD,DUPLICATE_OR_OLD,157.516106866,157.516106866
157.711615933,0.4557703686335097,0.34818459645178274,0.006180339887498852,0.0,0.0,False,0.0,0.6180339887498851,0.0,FUSED,ACCEPTED,ACCEPTED,157.62001908,157.62001908
157.761615933,0.4764797236638791,0.3714908487592228,0.01118033988749999,0.0,0.0,False,0.0,0.0,0.0,MODEL_ONLY,DUPLICATE_OR_OLD,DUPLICATE_OR_OLD,157.62001908,157.62001908
157.811615933,0.4863082671732018,0.39556054853015526,0.006180339887499267,0.0,0.0,False,0.0,0.6180339887499267,0.0,FUSED,ACCEPTED,ACCEPTED,157.728065953,157.728065953
157.861615933,0.5070256351719288,0.4203938960887751,0.011180339887497562,0.0,0.0,False,0.0,0.0,0.0,MODEL_ONLY,DUPLICATE_OR_OLD,DUPLICATE_OR_OLD,157.728065953,157.728065953
157.911615933,0.520471479599684,0.4460813239580712,0.006180339887498913,0.0,0.0,False,0.0,0.6180339887498912,0.0,FUSED,ACCEPTED,ACCEPTED,157.832039323,157.832039323
157.961615933,0.5411945707021226,0.47262297521560737,0.011180339887497209,0.0,0.0,False,0.0,0.0,0.0,MODEL_ONLY,DUPLICATE_OR_OLD,DUPLICATE_OR_OLD,157.832039323,157.832039323
158.011615933,0.5542435149778124,0.5000089273576119,0.006180339887498861,0.0,0.0,False,0.0,0.618033988749886,-0.014400607064870627,FUSED,ACCEPTED,ACCEPTED,157.930052395,157.930052395
158.061615933,0.5742527843384186,0.5282213348405241,0.011180339887499998,0.0,0.0,False,0.0,0.0,-0.014400607064870627,MODEL_ONLY,DUPLICATE_OR_OLD,DUPLICATE_OR_OLD,157.930052395,157.930052395
158.111615933,0.5913148300038571,0.5573605251990711,0.006180339887498853,0.0,0.0,False,0.0,0.6180339887498852,-0.016586895676388096,FUSED,ACCEPTED,ACCEPTED,158.040077787,158.040077787
158.161615933,0.6122639539721486,0.587449994798478,0.011180339887499991,0.0,0.0,False,0.0,0.0,-0.016586895676388096,MODEL_ONLY,DUPLICATE_OR_OLD,DUPLICATE_OR_OLD,158.040077787,158.040077787
158.211615933,0.6325296885002963,0.6185698358602785,0.006180339887498852,0.0,0.0,False,0.0,0.6180339887498851,-0.01889333691285904,FUSED,ACCEPTED,ACCEPTED,158.110056316,158.110056316
158.261615933,0.6541786043087422,0.6507375431805118,0.01118033988749999,0.0,0.0,False,0.0,0.0,-0.01889333691285904,MODEL_ONLY,DUPLICATE_OR_OLD,DUPLICATE_OR_OLD,158.110056316,158.110056316
158.311615933,0.6685581210765156,0.6838059613151507,0.006180339887499267,0.0,0.0,False,0.0,0.6180339887499267,-0.04235907314594747,FUSED,ACCEPTED,ACCEPTED,158.228021909,158.228021909
158.361615933,0.6896656177761556,0.7177615547864559,0.011180339887497562,0.0,0.0,False,0.0,0.0,-0.04235907314594747,MODEL_ONLY,DUPLICATE_OR_OLD,DUPLICATE_OR_OLD,158.228021909,158.228021909
158.411615933,0.7152706261707199,0.7528849608851358,0.006180339887498913,0.0,0.0,False,0.0,0.6180339887498912,-0.019923438049968892,FUSED,ACCEPTED,ACCEPTED,158.324060428,158.324060428
158.461615933,0.7379895128059779,0.7892164643595408,0.011180339887497209,0.0,0.0,False,0.0,0.0,-0.019923438049968892,MODEL_ONLY,DUPLICATE_OR_OLD,DUPLICATE_OR_OLD,158.324060428,158.324060428
158.511615933,0.7643135891133879,0.8267740419075335,0.006180339887498861,0.0,0.0,False,0.0,0.618033988749886,-0.019980982182273697,FUSED,ACCEPTED,ACCEPTED,158.426004881,158.426004881
158.561615933,0.7874096335856197,0.8655671224750174,0.011180339887499998,0.0,0.0,False,0.0,0.0,-0.019980982182273697,MODEL_ONLY,DUPLICATE_OR_OLD,DUPLICATE_OR_OLD,158.426004881,158.426004881
158.611615933,0.8155652900567814,0.9056414955660639,0.006180339887498853,0.0,0.0,False,0.0,0.6180339887498852,-0.010618005294973485,FUSED,ACCEPTED,ACCEPTED,158.514011073,158.514011073
158.661615933,0.839424466962513,0.9470162394915556,0.011180339887499991,0.0,0.0,False,0.0,0.0,-0.010618005294973485,MODEL_ONLY,DUPLICATE_OR_OLD,DUPLICATE_OR_OLD,158.514011073,158.514011073
158.711615933,0.868330872908421,0.9897101229883143,0.006180339887498852,0.0,0.0,False,0.0,0.6180339887498851,-0.004459182152033988,FUSED,ACCEPTED,ACCEPTED,158.614034064,158.614034064
158.761615933,0.8927268296551002,1.0337365655524124,0.01118033988749999,0.0,0.0,False,0.0,0.0,-0.004459182152033988,MODEL_ONLY,DUPLICATE_OR_OLD,DUPLICATE_OR_OLD,158.614034064,158.614034064
158.811615933,0.908591061539054,1.0787695128322765,0.006180339887499267,0.0,0.0,False,0.0,0.6180339887499267,-0.02655482738379428,FUSED,ACCEPTED,ACCEPTED,158.734005977,158.734005977
158.861615933,0.9276190103822785,1.1246747646302941,0.011180339887497562,0.0,0.0,False,0.0,0.0,-0.02655482738379428,MODEL_ONLY,DUPLICATE_OR_OLD,DUPLICATE_OR_OLD,158.734005977,158.734005977
158.911615933,0.940303881732823,1.1713728369331822,0.006180339887498913,0.0,0.0,False,0.0,0.6180339887498912,0.0032508687817671376,FUSED,ACCEPTED,ACCEPTED,158.850027598,158.850027598
158.961615933,0.95270962528283,1.2186981746085574,0.011180339887497209,0.0,0.0,False,0.0,0.0,0.0032508687817671376,MODEL_ONLY,DUPLICATE_OR_OLD,DUPLICATE_OR_OLD,158.850027598,158.850027598
159.011615933,0.9771082427032327,1.26694362130822,0.006180339887498861,0.0,0.0,False,0.0,0.618033988749886,0.08330321043723098,FUSED,ACCEPTED,ACCEPTED,158.937999947,158.937999947
159.061615933,0.983679069922534,1.315963304123875,0.011180339887499998,0.0,0.0,False,0.0,0.0,0.08330321043723098,MODEL_ONLY,DUPLICATE_OR_OLD,DUPLICATE_OR_OLD,158.937999947,158.937999947
159.111615933,0.9982017260499998,1.3655103240231714,0.006180339887498853,0.0,0.0,False,0.0,0.6180339887498852,0.12835706385493895,FUSED,ACCEPTED,ACCEPTED,159.016053564,159.016053564
159.161615933,0.9943827722584434,1.4153249364808937,0.005278640450004439,0.0,0.0,False,0.0,0.5278640450004437,0.1132303021370889,FUSED,ACCEPTED,ACCEPTED,159.124088126,159.124088126
159.211615933,0.9883457271737657,1.464893148966682,0.010278640450002735,0.0,0.0,False,0.0,0.0,0.1132303021370889,MODEL_ONLY,DUPLICATE_OR_OLD,DUPLICATE_OR_OLD,159.124088126,159.124088126
159.261615933,0.9785813797794857,1.5140663266405245,0.015278640450003872,0.0,0.0,False,0.0,0.0,0.1132303021370889,MODEL_ONLY,DUPLICATE_OR_OLD,DUPLICATE_OR_OLD,159.124088126,159.124088126
159.311615933,0.962463001540625,1.5625924361735384,0.006697341805517446,0.0,0.0,False,0.0,0.6697341805517445,0.14923139976733904,FUSED,ACCEPTED,ACCEPTED,159.226039308,159.226039308
159.361615933,0.9471266872940369,1.6103321783943885,0.011697341805515741,0.0,0.0,False,0.0,0.0,0.14923139976733904,MODEL_ONLY,DUPLICATE_OR_OLD,DUPLICATE_OR_OLD,159.226039308,159.226039308
159.411615933,0.9089514285753664,1.6567341312911341,0.006254308734986663,0.0,0.0,False,0.0,0.6254308734986661,0.11462135223096875,FUSED,ACCEPTED,ACCEPTED,159.342101212,159.342101212
159.461615933,0.8858755838822738,1.70160480660256,0.011254308734984958,0.0,0.0,False,0.0,0.0,0.11462135223096875,MODEL_ONLY,DUPLICATE_OR_OLD,DUPLICATE_OR_OLD,159.342101212,159.342101212
159.511615933,0.8362020043514083,1.7446567463084117,0.0061911013917977775,0.0,0.0,False,0.0,0.6191101391797778,0.0889702315982852,FUSED,ACCEPTED,ACCEPTED,159.438017497,159.438017497
159.561615933,0.8069274736091525,1.785734983257435,0.011191101391798915,0.0,0.0,False,0.0,0.0,0.0889702315982852,MODEL_ONLY,DUPLICATE_OR_OLD,DUPLICATE_OR_OLD,159.438017497,159.438017497
159.611615933,0.7302710481373855,1.8241649463010852,0.00618190932469457,0.0,0.0,False,0.0,0.618190932469457,0.0009124671822085539,FUSED,ACCEPTED,ACCEPTED,159.508016716,159.508016716
159.661615933,0.6922582685312927,1.8597281792178104,0.011181909324695708,0.0,0.0,False,0.0,0.0,0.0009124671822085539,MODEL_ONLY,DUPLICATE_OR_OLD,DUPLICATE_OR_OLD,159.508016716,159.508016716
159.711615933,0.6152040637494713,1.8924147375248184,0.006180568851574055,0.0,0.0,False,0.0,0.6180568851574053,-0.02330381721832581,FUSED,ACCEPTED,ACCEPTED,159.630020653,159.630020653
159.761615933,0.5723664784710184,1.9221040010803374,0.011180568851575192,0.0,0.0,False,0.0,0.0,-0.02330381721832581,MODEL_ONLY,DUPLICATE_OR_OLD,DUPLICATE_OR_OLD,159.630020653,159.630020653
159.811615933,0.5047997491905523,1.9490331567718828,0.0061803732926154886,0.0,0.0,False,0.0,0.6180373292615489,-0.03277875385190975,FUSED,ACCEPTED,ACCEPTED,159.7299896,159.7299896
159.861615933,0.4584968513024704,1.9731155717842,0.011180373292613784,0.0,0.0,False,0.0,0.0,-0.03277875385190975,MODEL_ONLY,DUPLICATE_OR_OLD,DUPLICATE_OR_OLD,159.7299896,159.7299896
159.911615933,0.39625577043645527,1.9944843873276779,0.006180344761233469,0.0,0.0,False,0.0,0.6180344761233467,-0.03277875385190975,FUSED,ACCEPTED,ACCEPTED,159.835990377,159.835990377
159.961615933,0.34777093100903345,2.013085054863809,0.011180344761231763,0.0,0.0,False,0.0,0.0,-0.03277875385190975,MODEL_ONLY,DUPLICATE_OR_OLD,DUPLICATE_OR_OLD,159.835990377,159.835990377
160.011615933,0.2755731797325862,2.0286686576323527,0.0061803405985670174,0.0,0.0,False,0.0,0.6180340598567017,-0.03277875385190975,FUSED,ACCEPTED,ACCEPTED,159.922075464,159.922075464
160.061615933,0.22533571525321128,2.0411913800070005,0.011180340598568154,0.0,0.0,False,0.0,0.0,-0.03277875385190975,MODEL_ONLY,DUPLICATE_OR_OLD,DUPLICATE_OR_OLD,159.922075464,159.922075464
160.111615933,0.17159793684844804,2.0511147213095384,0.0061803399912422965,0.0,0.0,False,0.0,0.6180339991242295,-0.03277875385190975,FUSED,ACCEPTED,ACCEPTED,160.039988884,160.039988884
160.161615933,0.12118873329188737,2.058434388063049,0.011180339991243434,0.0,0.0,False,0.0,0.0,-0.03277875385190975,MODEL_ONLY,DUPLICATE_OR_OLD,DUPLICATE_OR_OLD,160.039988884,160.039988884
160.211615933,0.06528845340839128,2.063096317730554,0.006180339902634817,0.0,0.0,False,0.0,0.6180339902634816,-0.03277875385190975,FUSED,ACCEPTED,ACCEPTED,160.116049912,160.116049912
160.261615933,0.01728701279254166,2.065160704385578,0.011180339902635953,0.0,0.0,False,0.0,0.0,-0.03277875385190975,MODEL_ONLY,DUPLICATE_OR_OLD,DUPLICATE_OR_OLD,160.116049912,160.116049912
160.311615933,0.07631810821974322,2.067500832410886,0.006180339889707575,0.0,0.0,False,0.0,0.6180339889707573,-0.03277875385190975,FUSED,ACCEPTED,ACCEPTED,160.221992449,160.221992449
160.361615933,0.033924783348528297,2.070256904700092,0.011180339889705869,0.0,0.0,False,0.0,0.0,-0.03277875385190975,MODEL_ONLY,DUPLICATE_OR_OLD,DUPLICATE_OR_OLD,160.221992449,160.221992449
160.411615933,0.0,2.0711050242838054,0.0061803398878211,0.0,0.0,False,0.0,0.61803398878211,-0.03277875385190975,FUSED,ACCEPTED,ACCEPTED,160.316139201,160.316139201
160.461615933,-0.03346549525547894,2.0702683869024185,0.011180339887819395,0.0,0.0,False,0.0,0.0,-0.03277875385190975,MODEL_ONLY,DUPLICATE_OR_OLD,DUPLICATE_OR_OLD,160.316139201,160.316139201
160.511615933,-0.051304549340647265,2.068149135787515,0.006180339887545868,0.0,0.0,False,0.0,0.6180339887545867,-0.03277875385190975,FUSED,ACCEPTED,ACCEPTED,160.432116025,160.432116025
160.561615933,-0.07572264733672385,2.0649734558705797,0.011180339887547006,0.0,0.0,False,0.0,0.0,-0.03277875385190975,MODEL_ONLY,DUPLICATE_OR_OLD,DUPLICATE_OR_OLD,160.432116025,160.432116025
160.611615933,-0.05920531838536185,2.061600256727529,0.006180339887505711,0.0,0.0,False,0.0,0.618033988750571,-0.03277875385190975,FUSED,ACCEPTED,ACCEPTED,160.52000655,160.52000655
160.661615933,-0.07654817088044664,2.058206419495883,0.011180339887506848,0.0,0.0,False,0.0,0.0,-0.03277875385190975,MODEL_ONLY,DUPLICATE_OR_OLD,DUPLICATE_OR_OLD,160.52000655,160.52000655
160.711615933,-0.05047092156559279,2.0550309421847333,0.006180339887499853,0.0,0.0,False,0.0,0.6180339887499853,-0.03277875385190975,FUSED,ACCEPTED,ACCEPTED,160.622009728,160.622009728
160.761615933,-0.06293261352352658,2.0521958538075045,0.01118033988750099,0.0,0.0,False,0.0,0.0,-0.03277875385190975,MODEL_ONLY,DUPLICATE_OR_OLD,DUPLICATE_OR_OLD,160.622009728,160.622009728
160.811615933,-0.03807739487012275,2.0496706035976624,0.006180339887499413,0.0,0.0,False,0.0,0.6180339887499412,-0.03277875385190975,FUSED,ACCEPTED,ACCEPTED,160.73200401,160.73200401
160.861615933,-0.04717904186370714,2.047539192679318,0.011180339887497708,0.0,0.0,False,0.0,0.0,-0.03277875385190975,MODEL_ONLY,DUPLICATE_OR_OLD,DUPLICATE_OR_OLD,160.73200401,160.73200401
160.911615933,0.0,2.046359716632725,0.0061803398874989346,0.0,0.0,False,0.0,0.0,0.0,STOPPED,ACCEPTED,ACCEPTED,160.844002737,160.844002737
160.961615933,0.0,2.046359716632725,0.01118033988749723,0.0,0.0,False,0.0,0.0,0.0,STOPPED,DUPLICATE_OR_OLD,DUPLICATE_OR_OLD,160.844002737,160.844002737
161.011615933,0.0,2.046359716632725,0.006180339887498864,0.0,0.0,False,0.0,0.0,0.0,STOPPED,ACCEPTED,ACCEPTED,160.92604141,160.92604141
161.061615933,0.0,2.046359716632725,0.011180339887500002,0.0,0.0,False,0.0,0.0,0.0,STOPPED,DUPLICATE_OR_OLD,DUPLICATE_OR_OLD,160.92604141,160.92604141
161.111615933,0.0,2.046359716632725,0.006180339887498854,0.0,0.0,False,0.0,0.0,0.0,STOPPED,ACCEPTED,ACCEPTED,161.02005649,161.02005649
161.161615933,0.0,2.046359716632725,0.011180339887499991,0.0,0.0,False,0.0,0.0,0.0,STOPPED,DUPLICATE_OR_OLD,DUPLICATE_OR_OLD,161.02005649,161.02005649
161.211615933,0.0,2.046359716632725,0.006180339887498852,0.0,0.0,False,0.0,0.0,0.0,STOPPED,ACCEPTED,ACCEPTED,161.120010543,161.120010543
161.261615933,0.0,2.046359716632725,0.01118033988749999,0.0,0.0,False,0.0,0.0,0.0,STOPPED,DUPLICATE_OR_OLD,DUPLICATE_OR_OLD,161.120010543,161.120010543
161.311615933,0.00041978424645324256,2.0463702112388864,0.006180339887499267,0.0,0.0,False,0.0,0.6180339887499267,0.0,FUSED,ACCEPTED,ACCEPTED,161.230049221,161.230049221
161.361615933,0.002480951755050864,2.046442729638924,0.011180339887497562,0.0,0.0,False,0.0,0.0,0.0,MODEL_ONLY,DUPLICATE_OR_OLD,DUPLICATE_OR_OLD,161.230049221,161.230049221
161.411615933,0.0020500786305412727,2.0465560053985636,0.006180339887498913,0.0,0.0,False,0.0,0.6180339887498912,0.0,FUSED,ACCEPTED,ACCEPTED,161.317985114,161.317985114
161.461615933,0.005692064678605662,2.046749558981292,0.011180339887497209,0.0,0.0,False,0.0,0.0,0.0,MODEL_ONLY,DUPLICATE_OR_OLD,DUPLICATE_OR_OLD,161.317985114,161.317985114
161.511615933,0.004185640934515401,2.0469965016216203,0.006180339887498861,0.0,0.0,False,0.0,0.618033988749886,0.0,FUSED,ACCEPTED,ACCEPTED,161.431996591,161.431996591
161.561615933,0.01094321904393045,2.0473747231210817,0.011180339887499998,0.0,0.0,False,0.0,0.0,0.0,MODEL_ONLY,DUPLICATE_OR_OLD,DUPLICATE_OR_OLD,161.431996591,161.431996591
161.611615933,0.007222430481885585,2.047828864359227,0.006180339887498853,0.0,0.0,False,0.0,0.6180339887498852,0.0,FUSED,ACCEPTED,ACCEPTED,161.517996873,161.517996873
161.661615933,0.01637726808352391,2.0484188568233623,0.011180339887499991,0.0,0.0,False,0.0,0.0,0.0,MODEL_ONLY,DUPLICATE_OR_OLD,DUPLICATE_OR_OLD,161.517996873,161.517996873
161.711615933,0.010090616844948504,2.049080553946574,0.006180339887498852,0.0,0.0,False,0.0,0.6180339887498851,0.0,FUSED,ACCEPTED,ACCEPTED,161.625979034,161.625979034
161.761615933,0.021780952641859544,2.0498773431837445,0.01118033988749999,0.0,0.0,False,0.0,0.0,0.0,MODEL_ONLY,DUPLICATE_OR_OLD,DUPLICATE_OR_OLD,161.625979034,161.625979034
161.811615933,0.026608865283922912,2.0510870886318893,0.006180339887499267,0.0,0.0,False,0.0,0.6180339887499267,0.0,FUSED,ACCEPTED,ACCEPTED,161.727990251,161.727990251
161.861615933,0.04085460606997246,2.0527736754157364,0.011180339887497562,0.0,0.0,False,0.0,0.0,0.0,MODEL_ONLY,DUPLICATE_OR_OLD,DUPLICATE_OR_OLD,161.727990251,161.727990251
161.911615933,0.03963445084591795,2.054785901838634,0.006180339887498913,0.0,0.0,False,0.0,0.6180339887498912,0.0,FUSED,ACCEPTED,ACCEPTED,161.814047962,161.814047962
161.961615933,0.05585376447878747,2.0571731072217507,0.011180339887497209,0.0,0.0,False,0.0,0.0,0.0,MODEL_ONLY,DUPLICATE_OR_OLD,DUPLICATE_OR_OLD,161.814047962,161.814047962
162.011615933,0.04309157708870548,2.0596467407609387,0.006180339887498861,0.0,0.0,False,0.0,0.618033988749886,0.0,FUSED,ACCEPTED,ACCEPTED,161.937995673,161.937995673
162.061615933,0.06083812839687572,2.0622449833980787,0.011180339887499998,0.0,0.0,False,0.0,0.0,0.0,MODEL_ONLY,DUPLICATE_OR_OLD,DUPLICATE_OR_OLD,161.937995673,161.937995673
162.111615933,0.04984854745828145,2.0650121502944567,0.006180339887498853,0.0,0.0,False,0.0,0.6180339887498852,0.0,FUSED,ACCEPTED,ACCEPTED,162.023986685,162.023986685
162.161615933,0.06877806402561756,2.067977815581555,0.011180339887499991,0.0,0.0,False,0.0,0.0,0.0,MODEL_ONLY,DUPLICATE_OR_OLD,DUPLICATE_OR_OLD,162.023986685,162.023986685
162.211615933,0.05390420365132827,2.0710448722734776,0.006180339887498852,0.0,0.0,False,0.0,0.6180339887498851,0.0,FUSED,ACCEPTED,ACCEPTED,162.126000733,162.126000733
162.261615933,0.07375043248980842,2.0742362381770065,0.01118033988749999,0.0,0.0,False,0.0,0.0,0.0,MODEL_ONLY,DUPLICATE_OR_OLD,DUPLICATE_OR_OLD,162.126000733,162.126000733
162.311615933,0.05593626310299425,2.0774784055668274,0.006180339887499267,0.0,0.0,False,0.0,0.6180339887499267,0.0,FUSED,ACCEPTED,ACCEPTED,162.230091925,162.230091925
162.361615933,0.07649302816912011,2.080789137848629,0.011180339887497562,0.0,0.0,False,0.0,0.0,0.0,MODEL_ONLY,DUPLICATE_OR_OLD,DUPLICATE_OR_OLD,162.230091925,162.230091925
162.411615933,0.05887461414387352,2.084173328906455,0.006180339887498913,0.0,0.0,False,0.0,0.6180339887498912,0.0,FUSED,ACCEPTED,ACCEPTED,162.326023671,162.326023671
162.461615933,0.07998216431914569,2.0876447483680285,0.011180339887497209,0.0,0.0,False,0.0,0.0,0.0,MODEL_ONLY,DUPLICATE_OR_OLD,DUPLICATE_OR_OLD,162.326023671,162.326023671
162.511615933,0.061416038237482644,2.091179703431945,0.006180339887498861,0.0,0.0,False,0.0,0.618033988749886,0.0,FUSED,ACCEPTED,ACCEPTED,162.424020419,162.424020419
162.561615933,0.08295055861378646,2.0947888683532274,0.011180339887499998,0.0,0.0,False,0.0,0.0,0.0,MODEL_ONLY,DUPLICATE_OR_OLD,DUPLICATE_OR_OLD,162.424020419,162.424020419
162.611615933,0.10610805467057002,2.0995153336853347,0.006180339887498853,0.0,0.0,False,0.0,0.6180339887498852,0.0,FUSED,ACCEPTED,ACCEPTED,162.521947966,162.521947966
162.661615933,0.1274506127373775,2.105354300370535,0.011180339887499991,0.0,0.0,False,0.0,0.0,0.0,MODEL_ONLY,DUPLICATE_OR_OLD,DUPLICATE_OR_OLD,162.521947966,162.521947966
162.711615933,0.14925393666071562,2.1122719141054844,0.006180339887498852,0.0,0.0,False,0.0,0.6180339887498851,0.0,FUSED,ACCEPTED,ACCEPTED,162.628006664,162.628006664
162.761615933,0.17038560763200103,2.1202629027128044,0.01118033988749999,0.0,0.0,False,0.0,0.0,0.0,MODEL_ONLY,DUPLICATE_OR_OLD,DUPLICATE_OR_OLD,162.628006664,162.628006664
162.811615933,0.20419796744748492,2.1296274920897935,0.006180339887499267,0.0,0.0,False,0.0,0.6180339887499267,0.0,FUSED,ACCEPTED,ACCEPTED,162.739979536,162.739979536
162.861615933,0.22610109084062005,2.1403849685469925,0.011180339887497562,0.0,0.0,False,0.0,0.0,0.0,MODEL_ONLY,DUPLICATE_OR_OLD,DUPLICATE_OR_OLD,162.739979536,162.739979536
162.911615933,0.23006129304297562,2.1517890281440852,0.006180339887498913,0.0,0.0,False,0.0,0.6180339887498912,0.0,FUSED,ACCEPTED,ACCEPTED,162.815982244,162.815982244
162.961615933,0.25280659376224324,2.1638607253142115,0.011180339887497209,0.0,0.0,False,0.0,0.0,0.0,MODEL_ONLY,DUPLICATE_OR_OLD,DUPLICATE_OR_OLD,162.815982244,162.815982244
163.011615933,0.25688175154316134,2.1766029339468496,0.006180339887498861,0.0,0.0,False,0.0,0.618033988749886,0.0,FUSED,ACCEPTED,ACCEPTED,162.923954114,162.923954114
163.061615933,0.2802392601865059,2.190030959240094,0.011180339887499998,0.0,0.0,False,0.0,0.0,0.0,MODEL_ONLY,DUPLICATE_OR_OLD,DUPLICATE_OR_OLD,162.923954114,162.923954114
163.111615933,0.29428018243745,2.2043939453056884,0.006180339887498853,0.0,0.0,False,0.0,0.6180339887498852,0.0,FUSED,ACCEPTED,ACCEPTED,163.022024353,163.022024353
163.161615933,0.31806977540807935,2.21970269425183,0.011180339887499991,0.0,0.0,False,0.0,0.0,0.0,MODEL_ONLY,DUPLICATE_OR_OLD,DUPLICATE_OR_OLD,163.022024353,163.022024353
163.211615933,0.32132543140148007,2.2356875744220637,0.006180339887498852,0.0,0.0,False,0.0,0.6180339887498851,0.0,FUSED,ACCEPTED,ACCEPTED,163.125999343,163.125999343
163.261615933,0.34547926346183794,2.2523576917936503,0.01118033988749999,0.0,0.0,False,0.0,0.0,0.0,MODEL_ONLY,DUPLICATE_OR_OLD,DUPLICATE_OR_OLD,163.125999343,163.125999343
163.311615933,0.3697577425618596,2.270238616944247,0.016180339887501127,0.0,0.0,False,0.0,0.0,0.0,MODEL_ONLY,DUPLICATE_OR_OLD,DUPLICATE_OR_OLD,163.125999343,163.125999343
163.361615933,0.39415048425394655,2.2893363226146355,0.02118033988749942,0.0,0.0,False,0.0,0.0,0.0,MODEL_ONLY,DUPLICATE_OR_OLD,DUPLICATE_OR_OLD,163.125999343,163.125999343
163.411615933,0.3938170262503454,2.3090355103772473,0.007236067977499913,0.0,0.0,False,0.0,0.7236067977499911,0.0,FUSED,ACCEPTED,ACCEPTED,163.337954267,163.337954267
163.461615933,0.4184364186251855,2.3293418464991285,0.012236067977498207,0.0,0.0,False,0.0,0.0,0.0,MODEL_ONLY,DUPLICATE_OR_OLD,DUPLICATE_OR_OLD,163.337954267,163.337954267
163.511615933,0.43292988887686634,2.3506260041866844,0.006328398060887004,0.0,0.0,False,0.0,0.6328398060887003,0.0,FUSED,ACCEPTED,ACCEPTED,163.429954486,163.429954486
163.561615933,0.458620937778592,2.372914774853076,0.011328398060888142,0.0,0.0,False,0.0,0.0,0.0,MODEL_ONLY,DUPLICATE_OR_OLD,DUPLICATE_OR_OLD,163.429954486,163.429954486
163.611615933,0.47661484149489564,2.396295669334905,0.006201819808074068,0.0,0.0,False,0.0,0.6201819808074067,0.0,FUSED,ACCEPTED,ACCEPTED,163.529963532,163.529963532
163.661615933,0.5031364077754087,2.420789450566668,0.011201819808075206,0.0,0.0,False,0.0,0.0,0.0,MODEL_ONLY,DUPLICATE_OR_OLD,DUPLICATE_OR_OLD,163.529963532,163.529963532
163.711615933,0.5336358664330543,2.4467087574218707,0.006183471196562186,0.0,0.0,False,0.0,0.6183471196562185,0.0,FUSED,ACCEPTED,ACCEPTED,163.614012086,163.614012086
163.761615933,0.5616124240662241,2.4740899646843593,0.011183471196563323,0.0,0.0,False,0.0,0.0,0.0,MODEL_ONLY,DUPLICATE_OR_OLD,DUPLICATE_OR_OLD,163.614012086,163.614012086
163.811615933,0.58710814627119,2.502807978942801,0.006180796684699277,0.0,0.0,False,0.0,0.6180796684699276,-0.017909274922799298,FUSED,ACCEPTED,ACCEPTED,163.732012344,163.732012344
163.861615933,0.6157142707603744,2.5328785393685798,0.011180796684697573,0.0,0.0,False,0.0,0.0,-0.017909274922799298,MODEL_ONLY,DUPLICATE_OR_OLD,DUPLICATE_OR_OLD,163.732012344,163.732012344
163.911615933,0.6460952389857859,2.564423777112241,0.006180406532149395,0.0,0.0,False,0.0,0.6180406532149394,-0.015503643564810463,FUSED,ACCEPTED,ACCEPTED,163.815971063,163.815971063
163.961615933,0.6763547603926114,2.5974850270966896,0.011180406532147691,0.0,0.0,False,0.0,0.0,-0.015503643564810463,MODEL_ONLY,DUPLICATE_OR_OLD,DUPLICATE_OR_OLD,163.815971063,163.815971063
164.011615933,0.7018212895168668,2.631939428344434,0.006180349610797575,0.0,0.0,False,0.0,0.6180349610797573,-0.03828342313353457,FUSED,ACCEPTED,ACCEPTED,163.936058261,163.936058261
164.061615933,0.7321316144454157,2.6677882509434996,0.011180349610798713,0.0,0.0,False,0.0,0.0,-0.03828342313353457,MODEL_ONLY,DUPLICATE_OR_OLD,DUPLICATE_OR_OLD,163.936058261,163.936058261
164.111615933,0.7751097066343527,2.705469283970481,0.00618034130610849,0.0,0.0,False,0.0,0.618034130610849,0.0006651033728570649,FUSED,ACCEPTED,ACCEPTED,164.021928407,164.021928407
164.161615933,0.8089784355925941,2.7450714875261637,0.011180341306109627,0.0,0.0,False,0.0,0.0,0.0006651033728570649,MODEL_ONLY,DUPLICATE_OR_OLD,DUPLICATE_OR_OLD,164.021928407,164.021928407
164.211615933,0.8565672113465437,2.7867101286996276,0.006180340094471198,0.0,0.0,False,0.0,0.6180340094471197,0.013652651607807882,FUSED,ACCEPTED,ACCEPTED,164.115938423,164.115938423
164.261615933,0.8923351329099639,2.8304326873060504,0.011180340094472335,0.0,0.0,False,0.0,0.0,0.013652651607807882,MODEL_ONLY,DUPLICATE_OR_OLD,DUPLICATE_OR_OLD,164.115938423,164.115938423
164.311615933,0.9369956939736339,2.876165957978151,0.006180339917696125,0.0,0.0,False,0.0,0.6180339917696124,0.01657056143184156,FUSED,ACCEPTED,ACCEPTED,164.224024603,164.224024603
164.361615933,0.973878936061272,2.9239378237290072,0.01118033991769442,0.0,0.0,False,0.0,0.0,0.01657056143184156,MODEL_ONLY,DUPLICATE_OR_OLD,DUPLICATE_OR_OLD,164.224024603,164.224024603
164.411615933,1.0308610849319249,2.9740563242538487,0.0061803398919045745,0.0,0.0,False,0.0,0.6180339891904574,0.06124106999072843,FUSED,ACCEPTED,ACCEPTED,164.319938794,164.319938794
164.461615933,1.0710723105014002,3.026604659139664,0.011180339891902868,0.0,0.0,False,0.0,0.0,0.06124106999072843,MODEL_ONLY,DUPLICATE_OR_OLD,DUPLICATE_OR_OLD,164.319938794,164.319938794
164.511615933,1.1285917906423557,3.0815962616682704,0.006180339888141638,0.0,0.0,False,0.0,0.6180339888141637,0.07502802001134776,FUSED,ACCEPTED,ACCEPTED,164.437929498,164.437929498
164.561615933,1.1706426788563067,3.13907712340575,0.011180339888142776,0.0,0.0,False,0.0,0.0,0.07502802001134776,MODEL_ONLY,DUPLICATE_OR_OLD,DUPLICATE_OR_OLD,164.437929498,164.437929498
164.611615933,1.2420420960411904,3.1993942427781668,0.006180339887592633,0.0,0.0,False,0.0,0.6180339887592632,0.1370310609049013,FUSED,ACCEPTED,ACCEPTED,164.51394235,164.51394235
164.661615933,1.2880849738455886,3.2626474195253508,0.01118033988759377,0.0,0.0,False,0.0,0.0,0.1370310609049013,MODEL_ONLY,DUPLICATE_OR_OLD,DUPLICATE_OR_OLD,164.51394235,164.51394235
164.71161593300002,1.3551422448132397,3.3287280999918365,0.00618033988751295,0.0,0.0,False,0.0,0.6180339887512949,0.15073426441424406,FUSED,ACCEPTED,ACCEPTED,164.620028454,164.620028454
164.761615933,1.4025616848124602,3.397670698232455,0.011180339887511246,0.0,0.0,False,0.0,0.0,0.15073426441424406,MODEL_ONLY,DUPLICATE_OR_OLD,DUPLICATE_OR_OLD,164.620028454,164.620028454
164.811615933,1.45391426274027,3.46908259692129,0.0061803398875009095,0.0,0.0,False,0.0,0.6180339887500909,0.1336554803055205,FUSED,ACCEPTED,ACCEPTED,164.729990613,164.729990613
164.861615933,1.5010157659150904,3.542955847637649,0.011180339887499204,0.0,0.0,False,0.0,0.0,0.1336554803055205,MODEL_ONLY,DUPLICATE_OR_OLD,DUPLICATE_OR_OLD,164.729990613,164.729990613
164.911615933,1.5575332031757592,3.6194195718649373,0.006180339887499152,0.0,0.0,False,0.0,0.6180339887499151,0.15745150211527642,FUSED,ACCEPTED,ACCEPTED,164.821958767,164.821958767
164.96161593300002,1.6062400317398418,3.698513902737845,0.01118033988750029,0.0,0.0,False,0.0,0.0,0.15745150211527642,MODEL_ONLY,DUPLICATE_OR_OLD,DUPLICATE_OR_OLD,164.821958767,164.821958767
165.011615933,1.655118160579168,3.7800478575457928,0.016180339887498583,0.0,0.0,False,0.0,0.0,0.15745150211527642,MODEL_ONLY,DUPLICATE_OR_OLD,DUPLICATE_OR_OLD,164.821958767,164.821958767
165.061615933,1.7041471137535877,3.8640294894041305,0.02118033988749972,0.0,0.0,False,0.0,0.0,0.15745150211527642,MODEL_ONLY,DUPLICATE_OR_OLD,DUPLICATE_OR_OLD,164.821958767,164.821958767
165.111615933,1.7474612791346327,3.9503196992263065,0.00723606797749972,0.0,0.0,False,0.0,0.7236067977499718,0.12875440407477232,FUSED,ACCEPTED,ACCEPTED,165.053926209,165.053926209
165.161615933,1.7953050956322127,4.038888858595498,0.012236067977500858,0.0,0.0,False,0.0,0.0,0.12875440407477232,MODEL_ONLY,DUPLICATE_OR_OLD,DUPLICATE_OR_OLD,165.053926209,165.053926209
165.21161593300002,1.873054646304213,4.1305978521439295,0.006328398060887361,0.0,0.0,False,0.0,0.632839806088736,0.223981050936075,FUSED,ACCEPTED,ACCEPTED,165.115923497,165.115923497
165.261615933,1.9258533821834112,4.225570552856087,0.011328398060885656,0.0,0.0,False,0.0,0.0,0.223981050936075,MODEL_ONLY,DUPLICATE_OR_OLD,DUPLICATE_OR_OLD,165.115923497,165.115923497
165.311615933,1.9604287979625679,4.3227276073597585,0.00620181980807412,0.0,0.0,False,0.0,0.6201819808074118,0.1226854050262064,FUSED,ACCEPTED,ACCEPTED,165.224059513,165.224059513
165.361615933,2.0083128243601793,4.421946147917794,0.011201819808072415,0.0,0.0,False,0.0,0.0,0.1226854050262064,MODEL_ONLY,DUPLICATE_OR_OLD,DUPLICATE_OR_OLD,165.224059513,165.224059513
165.411615933,2.0707647998395657,4.52392308852281,0.006183471196562193,0.0,0.0,False,0.0,0.6183471196562191,0.2018474443247838,FUSED,ACCEPTED,ACCEPTED,165.313929374,165.313929374
165.46161593300002,2.1227232678057804,4.628760290213968,0.01118347119656333,0.0,0.0,False,0.0,0.0,0.2018474443247838,MODEL_ONLY,DUPLICATE_OR_OLD,DUPLICATE_OR_OLD,165.313929374,165.313929374
165.511615933,2.168218681960547,4.736033838958089,0.006180796684698864,0.0,0.0,False,0.0,0.6180796684698862,0.15309772266804614,FUSED,ACCEPTED,ACCEPTED,165.435905819,165.435905819
165.561615933,2.134150854588449,4.843593077371838,0.011180796684700001,0.0,0.0,False,0.0,0.0,0.15309772266804614,MODEL_ONLY,RATE_ANOMALY,RATE_ANOMALY,165.546252476,165.546252476
165.611615933,2.183799205701977,4.951541828879062,0.016180796684698295,0.0,0.0,False,0.0,0.0,0.15309772266804614,MODEL_ONLY,DUPLICATE_OR_OLD,DUPLICATE_OR_OLD,165.546252476,165.546252476
165.661615933,2.2334802928352526,5.061973816342518,0.02118079668469943,0.0,0.0,False,0.0,0.0,0.15309772266804614,MODEL_ONLY,DUPLICATE_OR_OLD,DUPLICATE_OR_OLD,165.546252476,165.546252476
165.71161593300002,2.283190202932138,5.174890578736728,0.026180796684700566,0.0,0.0,False,0.0,0.0,0.15309772266804614,MODEL_ONLY,MODEL_DISAGREEMENT,MODEL_DISAGREEMENT,165.621925429,165.621925429
165.761615933,2.3329254906783143,5.29029347107695,0.03118079668469886,0.0,0.0,False,0.0,0.0,0.15309772266804614,MODEL_ONLY,DUPLICATE_OR_OLD,DUPLICATE_OR_OLD,165.621925429,165.621925429
165.811615933,2.382683122590521,5.408183686408698,0.0361807966847,0.0,0.0,False,0.0,0.0,0.15309772266804614,MODEL_ONLY,MODEL_DISAGREEMENT,MODEL_DISAGREEMENT,165.727915783,165.727915783
165.861615933,2.432460427788719,5.528562275168138,0.0411807966846983,0.0,0.0,False,0.0,0.0,0.15309772266804614,MODEL_ONLY,DUPLICATE_OR_OLD,DUPLICATE_OR_OLD,165.727915783,165.727915783
165.911615933,2.482255054653028,5.65143016222921,0.04618079668469943,0.0,0.0,False,0.0,0.0,0.15309772266804614,MODEL_ONLY,MODEL_DISAGREEMENT,MODEL_DISAGREEMENT,165.833934666,165.833934666
165.96161593300002,2.5320649326612177,5.776788161912095,0.05118079668470057,0.0,0.0,False,0.0,0.0,0.15309772266804614,MODEL_ONLY,DUPLICATE_OR_OLD,DUPLICATE_OR_OLD,165.833934666,165.833934666
166.011615933,2.5818882387881525,5.904636991198286,0.056180796684698865,0.0,0.0,False,0.0,0.0,0.15309772266804614,MODEL_ONLY,MODEL_DISAGREEMENT,MODEL_DISAGREEMENT,165.93193433,165.93193433
166.061615933,2.63172336792165,6.034977281366061,0.0611807966847,0.0,0.0,False,0.0,0.0,0.15309772266804614,MODEL_ONLY,MODEL_DISAGREEMENT,MODEL_DISAGREEMENT,166.047985892,166.047985892
166.111615933,2.6815689068143587,6.167809588234416,0.0661807966846983,0.0,0.0,False,0.0,0.0,0.15309772266804614,MODEL_ONLY,DUPLICATE_OR_OLD,DUPLICATE_OR_OLD,166.047985892,166.047985892
166.161615933,2.7310809525472086,6.303125834718486,0.07118079668469944,0.0,0.0,False,0.0,0.0,0.15309772266804614,MODEL_ONLY,DUPLICATE_OR_OLD,DUPLICATE_OR_OLD,166.047985892,166.047985892
166.21161593300002,2.7802993687797772,6.440910342751692,0.07618079668470058,0.0,0.0,False,0.0,0.0,0.15309772266804614,MODEL_ONLY,MODEL_DISAGREEMENT,MODEL_DISAGREEMENT,166.131908074,166.131908074
166.261615933,2.829259254122315,6.581149308324196,0.08118079668469888,0.0,0.0,False,0.0,0.0,0.15309772266804614,MODEL_ONLY,DUPLICATE_OR_OLD,DUPLICATE_OR_OLD,166.131908074,166.131908074
166.311615933,2.877991511719638,6.723830577470277,0.08618079668470002,0.0,0.0,False,0.0,0.0,0.15309772266804614,MODEL_ONLY,RATE_ANOMALY,RATE_ANOMALY,166.225913647,166.225913647
166.361615933,2.926523350750301,6.868943449031977,0.09118079668469832,0.0,0.0,False,0.0,0.0,0.15309772266804614,MODEL_ONLY,DUPLICATE_OR_OLD,DUPLICATE_OR_OLD,166.225913647,166.225913647
166.411615933,2.9390919192427147,7.015583830781836,0.00905821011781493,0.0,0.0,False,0.0,0.905821011781493,0.15309772266804614,FUSED,ACCEPTED,ACCEPTED,166.319913335,166.319913335
166.46161593300002,2.9869262525925464,7.163734285077751,0.014058210117816067,0.0,0.0,False,0.0,0.0,0.15309772266804614,MODEL_ONLY,DUPLICATE_OR_OLD,DUPLICATE_OR_OLD,166.319913335,166.319913335
166.511615933,3.0214849858075783,7.313944566037702,0.006558631808547141,0.0,0.0,False,0.0,0.655863180854714,0.11170215899913777,FUSED,ACCEPTED,ACCEPTED,166.427990139,166.427990139
166.561615933,3.0663868552378117,7.466141362063872,0.011558631808548278,0.0,0.0,False,0.0,0.0,0.11170215899913777,MODEL_ONLY,DUPLICATE_OR_OLD,DUPLICATE_OR_OLD,166.427990139,166.427990139
166.611615933,3.1050436248155133,7.620427124065152,0.006234745798621299,0.0,0.0,False,0.0,0.62347457986213,0.10434650280353987,FUSED,ACCEPTED,ACCEPTED,166.529898163,166.529898163
166.661615933,3.1485146790036826,7.776766081660668,0.011234745798622436,0.0,0.0,False,0.0,0.0,0.10434650280353987,MODEL_ONLY,DUPLICATE_OR_OLD,DUPLICATE_OR_OLD,166.529898163,166.529898163
166.71161593300002,3.188588325105709,7.935193656763438,0.006188261141632767,0.0,0.0,False,0.0,0.6188261141632766,0.08233710588597078,FUSED,ACCEPTED,ACCEPTED,166.643904456,166.643904456
166.761615933,3.2297876914420187,8.095653057177078,0.011188261141631062,0.0,0.0,False,0.0,0.0,0.08233710588597078,MODEL_ONLY,DUPLICATE_OR_OLD,DUPLICATE_OR_OLD,166.643904456,166.643904456
166.811615933,3.305997530641547,8.259047687729204,0.006181495233334633,0.0,0.0,False,0.0,0.6181495233334631,0.0905046383023436,FUSED,ACCEPTED,ACCEPTED,166.735902683,166.735902683
166.861615933,3.346697320843141,8.425365059016265,0.011181495233332929,0.0,0.0,False,0.0,0.0,0.0905046383023436,MODEL_ONLY,DUPLICATE_OR_OLD,DUPLICATE_OR_OLD,166.735902683,166.735902683
166.911615933,3.388976949470588,8.593756915774145,0.006180508442746204,0.0,0.0,False,0.0,0.6180508442746202,0.05805708870971871,FUSED,ACCEPTED,ACCEPTED,166.829934027,166.829934027
166.96161593300002,3.427350498179136,8.764165101965428,0.011180508442747341,0.0,0.0,False,0.0,0.0,0.05805708870971871,MODEL_ONLY,DUPLICATE_OR_OLD,DUPLICATE_OR_OLD,166.829934027,166.829934027
167.011615933,3.4632676781492013,8.936430556373578,0.006180364479219692,0.0,0.0,False,0.0,0.618036447921969,0.06001023753943274,FUSED,ACCEPTED,ACCEPTED,166.925960176,166.925960176
167.061615933,3.5003825149824372,9.110521811201908,0.01118036447922083,0.0,0.0,False,0.0,0.0,0.06001023753943274,MODEL_ONLY,DUPLICATE_OR_OLD,DUPLICATE_OR_OLD,166.925960176,166.925960176
167.111615933,3.5415278076527446,9.286569569267728,0.006180343475379199,0.0,0.0,False,0.0,0.6180343475379199,0.08002756681769495,FUSED,ACCEPTED,ACCEPTED,167.015937061,167.015937061
167.161615933,3.5785920250160665,9.464572565084488,0.011180343475380336,0.0,0.0,False,0.0,0.0,0.08002756681769495,MODEL_ONLY,DUPLICATE_OR_OLD,DUPLICATE_OR_OLD,167.015937061,167.015937061
167.21161593300002,3.6094657237984844,9.644274008804894,0.006180340410963883,0.0,0.0,False,0.0,0.6180340410963883,0.0585250587186115,FUSED,ACCEPTED,ACCEPTED,167.115903056,167.115903056
167.261615933,3.6446396818140747,9.825626643945144,0.011180340410962178,0.0,0.0,False,0.0,0.0,0.0585250587186115,MODEL_ONLY,DUPLICATE_OR_OLD,DUPLICATE_OR_OLD,167.115903056,167.115903056
167.311615933,3.6736556124677007,10.00858402630223,0.00618033996387137,0.0,0.0,False,0.0,0.6180339963871369,0.05478704555147604,FUSED,ACCEPTED,ACCEPTED,167.231891429,167.231891429
167.361615933,3.7080107609013253,10.193125685636392,0.011180339963869666,0.0,0.0,False,0.0,0.0,0.05478704555147604,MODEL_ONLY,DUPLICATE_OR_OLD,DUPLICATE_OR_OLD,167.231891429,167.231891429
167.411615933,3.726755830631383,10.378994850424752,0.006180339898641453,0.0,0.0,False,0.0,0.6180339898641452,0.022017938868461748,FUSED,ACCEPTED,ACCEPTED,167.313889478,167.313889478
167.46161593300002,3.7580775639219595,10.56611568528863,0.01118033989864259,0.0,0.0,False,0.0,0.0,0.022017938868461748,MODEL_ONLY,DUPLICATE_OR_OLD,DUPLICATE_OR_OLD,167.313889478,167.313889478
167.511615933,3.7840136806918174,10.754667966403908,0.006180339889124536,0.0,0.0,False,0.0,0.6180339889124535,0.03550193053178974,FUSED,ACCEPTED,ACCEPTED,167.433911754,167.433911754
167.561615933,3.814928211473103,10.944641513708074,0.011180339889125673,0.0,0.0,False,0.0,0.0,0.03550193053178974,MODEL_ONLY,DUPLICATE_OR_OLD,DUPLICATE_OR_OLD,167.433911754,167.433911754
167.611615933,3.854644060302018,11.136380820502387,0.0061803398877360366,0.0,0.0,False,0.0,0.6180339887736035,0.07440496841304917,FUSED,ACCEPTED,ACCEPTED,167.517910038,167.517910038
167.661615933,3.885620575927049,11.329887436408157,0.011180339887737173,0.0,0.0,False,0.0,0.0,0.07440496841304917,MODEL_ONLY,DUPLICATE_OR_OLD,DUPLICATE_OR_OLD,167.517910038,167.517910038
167.71161593300002,3.8911502391034265,11.524306706783962,0.006180339887533872,0.0,0.0,False,0.0,0.618033988753387,-0.008502112686113991,FUSED,ACCEPTED,ACCEPTED,167.617930192,167.617930192
167.761615933,3.9165215300910887,11.719498501013758,0.011180339887532167,0.0,0.0,False,0.0,0.0,-0.008502112686113991,MODEL_ONLY,DUPLICATE_OR_OLD,DUPLICATE_OR_OLD,167.617930192,167.617930192
167.811615933,3.941018764446679,11.915937008377247,0.006180339887503962,0.0,0.0,False,0.0,0.6180339887503961,0.037430715829637376,FUSED,ACCEPTED,ACCEPTED,167.727886554,167.727886554
167.861615933,3.9675549745750653,12.113651351852724,0.011180339887502257,0.0,0.0,False,0.0,0.0,0.037430715829637376,MODEL_ONLY,DUPLICATE_OR_OLD,DUPLICATE_OR_OLD,167.727886554,167.727886554
167.911615933,3.9770157857663,12.312265620861302,0.006180339887499597,0.0,0.0,False,0.0,0.6180339887499596,-0.008403105328717186,FUSED,ACCEPTED,ACCEPTED,167.835889984,167.835889984
167.96161593300002,3.9847008966093904,12.51130853792074,0.005278640450004604,0.0,0.0,False,0.0,0.5278640450004604,-0.03141339759657735,FUSED,ACCEPTED,ACCEPTED,167.913878948,167.913878948
168.011615933,4.0047400313586135,12.711044561119872,0.010278640450002898,0.0,0.0,False,0.0,0.0,-0.03141339759657735,MODEL_ONLY,DUPLICATE_OR_OLD,DUPLICATE_OR_OLD,167.913878948,167.913878948
168.061615933,4.023994013602691,12.91176291224395,0.015278640450004035,0.0,0.0,False,0.0,0.0,-0.03141339759657735,MODEL_ONLY,DUPLICATE_OR_OLD,DUPLICATE_OR_OLD,167.913878948,167.913878948
168.111615933,3.9966658741797874,13.112279409438443,0.006697341805517154,0.0,0.0,False,0.0,0.6697341805517152,-0.12155926117366377,FUSED,ACCEPTED,ACCEPTED,168.021907829,168.021907829
168.161615933,3.988806042357916,13.311916207351931,0.0053911404956266595,0.0,0.0,False,0.0,0.5391140495626658,-0.12889368227009043,FUSED,ACCEPTED,ACCEPTED,168.11587231,168.11587231
168.21161593300002,3.999448645320374,13.511622574543932,0.010391140495627796,0.0,0.0,False,0.0,0.0,-0.12889368227009043,MODEL_ONLY,DUPLICATE_OR_OLD,DUPLICATE_OR_OLD,168.11587231,168.11587231
168.261615933,4.008835510182907,13.711829678431446,0.01539114049562609,0.0,0.0,False,0.0,0.0,-0.12889368227009043,MODEL_ONLY,DUPLICATE_OR_OLD,DUPLICATE_OR_OLD,168.11587231,168.11587231
168.311615933,4.015674663358473,13.912442432770026,0.006709567381507507,0.0,0.0,False,0.0,0.6709567381507504,-0.08855820894127633,FUSED,ACCEPTED,ACCEPTED,168.225934337,168.225934337
168.361615933,4.024999192260168,14.113459279160423,0.011709567381505801,0.0,0.0,False,0.0,0.0,-0.08855820894127633,MODEL_ONLY,DUPLICATE_OR_OLD,DUPLICATE_OR_OLD,168.225934337,168.225934337
168.411615933,4.023954786260383,14.314683128623482,0.006256023223002946,0.0,0.0,False,0.0,0.6256023223002946,-0.11361841164360695,FUSED,ACCEPTED,ACCEPTED,168.335941259,168.335941259
168.46161593300002,4.030414535650517,14.516042361671301,0.011256023223004084,0.0,0.0,False,0.0,0.0,-0.11361841164360695,MODEL_ONLY,DUPLICATE_OR_OLD,DUPLICATE_OR_OLD,168.335941259,168.335941259
168.511615933,4.0306002140423125,14.717567730413554,0.0061913501084813185,0.0,0.0,False,0.0,0.6191350108481317,-0.1111692916806365,FUSED,ACCEPTED,ACCEPTED,168.427971399,168.427971399
168.561615933,4.036944120707705,14.91925633878235,0.011191350108482455,0.0,0.0,False,0.0,0.0,-0.1111692916806365,MODEL_ONLY,DUPLICATE_OR_OLD,DUPLICATE_OR_OLD,168.427971399,168.427971399
168.611615933,4.037458091060466,15.121116394076486,0.00618194558181176,0.0,0.0,False,0.0,0.6181945581811759,-0.1266195147615439,FUSED,ACCEPTED,ACCEPTED,168.52603403,168.52603403
168.661615933,4.044418821737576,15.323163316896483,0.011181945581812897,0.0,0.0,False,0.0,0.0,-0.1266195147615439,MODEL_ONLY,DUPLICATE_OR_OLD,DUPLICATE_OR_OLD,168.52603403,168.52603403
168.71161593300002,4.056824635440559,15.525694403325982,0.006180574140775087,0.0,0.0,False,0.0,0.6180574140775086,-0.1115171671616297,FUSED,ACCEPTED,ACCEPTED,168.629936882,168.629936882
168.761615933,4.066775182298559,15.72878439876939,0.011180574140773381,0.0,0.0,False,0.0,0.0,-0.1115171671616297,MODEL_ONLY,DUPLICATE_OR_OLD,DUPLICATE_OR_OLD,168.629936882,168.629936882
168.811615933,4.082423945694183,15.932514376969255,0.006180374064285451,0.0,0.0,False,0.0,0.6180374064285451,-0.11521064902677582,FUSED,ACCEPTED,ACCEPTED,168.731998255,168.731998255
168.861615933,4.094411416381718,16.136935261021083,0.011180374064283745,0.0,0.0,False,0.0,0.0,-0.11521064902677582,MODEL_ONLY,DUPLICATE_OR_OLD,DUPLICATE_OR_OLD,168.731998255,168.731998255
168.911615933,4.121065453511257,16.342322182768452,0.006180344873818307,0.0,0.0,False,0.0,0.6180344873818306,-0.09028744791286904,FUSED,ACCEPTED,ACCEPTED,168.827879538,168.827879538
168.96161593300002,4.136926404307116,16.548771979213956,0.011180344873819444,0.0,0.0,False,0.0,0.0,-0.09028744791286904,MODEL_ONLY,DUPLICATE_OR_OLD,DUPLICATE_OR_OLD,168.827879538,168.827879538
169.011615933,4.18171785521067,16.75673808570183,0.006180340614992918,0.0,0.0,False,0.0,0.6180340614992916,-0.03960064118170588,FUSED,ACCEPTED,ACCEPTED,168.927880302,168.927880302
169.061615933,4.2029606191112014,16.966355047559922,0.011180340614994056,0.0,0.0,False,0.0,0.0,-0.03960064118170588,MODEL_ONLY,DUPLICATE_OR_OLD,DUPLICATE_OR_OLD,168.927880302,168.927880302
169.111615933,4.259973891804772,17.17792841033275,0.006180339993638803,0.0,0.0,False,0.0,0.6180339993638801,0.01065219895483245,FUSED,ACCEPTED,ACCEPTED,169.027966192,169.027966192
169.161615933,4.286678111642776,17.391594710418985,0.01118033999363994,0.0,0.0,False,0.0,0.0,0.01065219895483245,MODEL_ONLY,DUPLICATE_OR_OLD,DUPLICATE_OR_OLD,169.027966192,169.027966192
169.21161593300002,4.33373356384991,17.60710500230635,0.006180339902984878,0.0,0.0,False,0.0,0.6180339902984875,0.010764042145196346,FUSED,ACCEPTED,ACCEPTED,169.113877537,169.113877537
169.261615933,4.363095033440119,17.82452571723853,0.011180339902983172,0.0,0.0,False,0.0,0.0,0.010764042145196346,MODEL_ONLY,DUPLICATE_OR_OLD,DUPLICATE_OR_OLD,169.113877537,169.113877537
169.311615933,4.416347413495391,18.044011778411967,0.006180339889758232,0.0,0.0,False,0.0,0.6180339889758232,0.04336635790662384,FUSED,ACCEPTED,ACCEPTED,169.22788624,169.22788624
169.361615933,4.449716584145233,18.265663378352905,0.011180339889756526,0.0,0.0,False,0.0,0.0,0.04336635790662384,MODEL_ONLY,DUPLICATE_OR_OLD,DUPLICATE_OR_OLD,169.22788624,169.22788624
169.411615933,4.5131084236105625,18.48973400354685,0.006180339887828491,0.0,0.0,False,0.0,0.618033988782849,0.08796807321183683,FUSED,ACCEPTED,ACCEPTED,169.315907821,169.315907821
169.46161593300002,4.551195191946193,18.71634159393582,0.011180339887829628,0.0,0.0,False,0.0,0.0,0.08796807321183683,MODEL_ONLY,DUPLICATE_OR_OLD,DUPLICATE_OR_OLD,169.315907821,169.315907821
169.511615933,4.5949365247003415,18.944994886851905,0.006180339887546946,0.0,0.0,False,0.0,0.6180339887546945,0.052470023338087354,FUSED,ACCEPTED,ACCEPTED,169.423863081,169.423863081
169.561615933,4.633176761939549,19.175697719017958,0.011180339887548083,0.0,0.0,False,0.0,0.0,0.052470023338087354,MODEL_ONLY,DUPLICATE_OR_OLD,DUPLICATE_OR_OLD,169.423863081,169.423863081
169.611615933,4.700734512462166,19.40904550087792,0.006180339887505869,0.0,0.0,False,0.0,0.6180339887505868,0.12790489342051248,FUSED,ACCEPTED,ACCEPTED,169.513883584,169.513883584
169.661615933,4.7448499284129335,19.645185111899853,0.011180339887507006,0.0,0.0,False,0.0,0.0,0.12790489342051248,MODEL_ONLY,DUPLICATE_OR_OLD,DUPLICATE_OR_OLD,169.513883584,169.513883584
169.71161593300002,4.824644976164903,19.88442248451435,0.006180339887500292,0.0,0.0,False,0.0,0.6180339887500289,0.17552124658442358,FUSED,ACCEPTED,ACCEPTED,169.644003501,169.644003501
169.761615933,4.872771836850069,20.126857904839643,0.011180339887498586,0.0,0.0,False,0.0,0.0,0.17552124658442358,MODEL_ONLY,DUPLICATE_OR_OLD,DUPLICATE_OR_OLD,169.644003501,169.644003501
169.811615933,4.930442742328422,20.37193826931916,0.006180339887499062,0.0,0.0,False,0.0,0.618033988749906,0.15173576941601238,FUSED,ACCEPTED,ACCEPTED,169.733871915,169.733871915
169.861615933,4.97864442545456,20.619665448513647,0.011180339887497358,0.0,0.0,False,0.0,0.0,0.15173576941601238,MODEL_ONLY,DUPLICATE_OR_OLD,DUPLICATE_OR_OLD,169.733871915,169.733871915
169.911615933,5.036547086491993,20.870045236312368,0.0061803398874988825,0.0,0.0,False,0.0,0.6180339887498882,0.16814859563587195,FUSED,ACCEPTED,ACCEPTED,169.823938419,169.823938419
169.96161593300002,5.086549364885167,21.123122647596855,0.011180339887500019,0.0,0.0,False,0.0,0.0,0.16814859563587195,MODEL_ONLY,DUPLICATE_OR_OLD,DUPLICATE_OR_OLD,169.823938419,169.823938419
170.011615933,5.144590088154057,21.378901133922746,0.0061803398874988565,0.0,0.0,False,0.0,0.6180339887498856,0.17419633623782826,FUSED,ACCEPTED,ACCEPTED,169.919905427,169.919905427
170.061615933,5.172319038746638,21.636823862095323,0.005278640450004439,0.0,0.0,False,0.0,0.5278640450004439,0.08366797930344134,FUSED,ACCEPTED,ACCEPTED,170.02386198,170.02386198
170.111615933,5.219170145092001,21.8966110916912,0.010278640450002735,0.0,0.0,False,0.0,0.0,0.08366797930344134,MODEL_ONLY,DUPLICATE_OR_OLD,DUPLICATE_OR_OLD,170.02386198,170.02386198
170.161615933,5.266296994048562,22.158747770169775,0.015278640450003872,0.0,0.0,False,0.0,0.0,0.08366797930344134,MODEL_ONLY,DUPLICATE_OR_OLD,DUPLICATE_OR_OLD,170.02386198,170.02386198
170.21161593300002,5.337827615878269,22.423850885418005,0.006697341805517446,0.0,0.0,False,0.0,0.6697341805517445,0.19118762073755208,FUSED,ACCEPTED,ACCEPTED,170.117937419,170.117937419
170.261615933,5.390786990446577,22.692066250576033,0.011697341805515741,0.0,0.0,False,0.0,0.0,0.19118762073755208,MODEL_ONLY,DUPLICATE_OR_OLD,DUPLICATE_OR_OLD,170.117937419,170.117937419
170.311615933,5.436272785512641,22.962742744975078,0.006254308734986663,0.0,0.0,False,0.0,0.6254308734986661,0.1276664813594446,FUSED,ACCEPTED,ACCEPTED,170.221950291,170.221950291
170.361615933,5.486410025236806,23.235809815243723,0.011254308734984958,0.0,0.0,False,0.0,0.0,0.1276664813594446,MODEL_ONLY,DUPLICATE_OR_OLD,DUPLICATE_OR_OLD,170.221950291,170.221950291
170.411615933,5.534543576973873,23.51133365529905,0.0061911013917977775,0.0,0.0,False,0.0,0.6191101391797778,0.13852657318874778,FUSED,ACCEPTED,ACCEPTED,170.341916824,170.341916824
170.46161593300002,5.5854981891414495,23.789334699452,0.011191101391798915,0.0,0.0,False,0.0,0.0,0.13852657318874778,MODEL_ONLY,DUPLICATE_OR_OLD,DUPLICATE_OR_OLD,170.341916824,170.341916824
170.511615933,5.642739209467033,24.070040634417115,0.00618190932469457,0.0,0.0,False,0.0,0.618190932469457,0.1569102626623012,FUSED,ACCEPTED,ACCEPTED,170.437842568,170.437842568
170.561615933,5.694825701819855,24.353479757199352,0.011181909324695708,0.0,0.0,False,0.0,0.0,0.1569102626623012,MODEL_ONLY,DUPLICATE_OR_OLD,DUPLICATE_OR_OLD,170.437842568,170.437842568
170.611615933,5.751514083340898,24.639638251828273,0.006180568851574055,0.0,0.0,False,0.0,0.6180568851574053,0.1601827557802939,FUSED,ACCEPTED,ACCEPTED,170.517979078,170.517979078
170.661615933,5.80392908652489,24.928524331074986,0.011180568851575192,0.0,0.0,False,0.0,0.0,0.1601827557802939,MODEL_ONLY,DUPLICATE_OR_OLD,DUPLICATE_OR_OLD,170.517979078,170.517979078
170.71161593300002,5.857442192593294,25.22005861305301,0.0061803732926154886,0.0,0.0,False,0.0,0.6180373292615489,0.15699408202778403,FUSED,ACCEPTED,ACCEPTED,170.623898361,170.623898361
170.761615933,5.909825585309922,25.51424030750049,0.011180373292613784,0.0,0.0,False,0.0,0.0,0.15699408202778403,MODEL_ONLY,DUPLICATE_OR_OLD,DUPLICATE_OR_OLD,170.623898361,170.623898361
170.811615933,5.971889398474274,25.81128318209516,0.006180344761233469,0.0,0.0,False,0.0,0.6180344761233467,0.18397612391287602,FUSED,ACCEPTED,ACCEPTED,170.729852338,170.729852338
170.861615933,6.0257209845256385,26.111223441670056,0.011180344761231763,0.0,0.0,False,0.0,0.0,0.18397612391287602,MODEL_ONLY,DUPLICATE_OR_OLD,DUPLICATE_OR_OLD,170.729852338,170.729852338
170.911615933,6.081153929490962,26.41389531452054,0.0061803405985670174,0.0,0.0,False,0.0,0.6180340598567017,0.17365365946671313,FUSED,ACCEPTED,ACCEPTED,170.829924035,170.829924035
170.96161593300002,6.125884852693058,26.719071284075213,0.005278640608510316,0.0,0.0,False,0.0,0.5278640608510314,0.1464969277590887,FUSED,ACCEPTED,ACCEPTED,170.941840994,170.941840994
171.011615933,6.177108145283367,27.02664610902452,0.01027864060850861,0.0,0.0,False,0.0,0.0,0.1464969277590887,MODEL_ONLY,DUPLICATE_OR_OLD,DUPLICATE_OR_OLD,170.941840994,170.941840994
171.061615933,6.227947204218429,27.336772492762137,0.015278640608509747,0.0,0.0,False,0.0,0.0,0.1464969277590887,MODEL_ONLY,DUPLICATE_OR_OLD,DUPLICATE_OR_OLD,170.941840994,170.941840994
171.111615933,6.288587165422945,27.649685852003064,0.006697341822806246,0.0,0.0,False,0.0,0.6697341822806244,0.19234229866736186,FUSED,ACCEPTED,ACCEPTED,171.017838627,171.017838627
171.161615933,6.340975364593839,27.965424915253553,0.011697341822807383,0.0,0.0,False,0.0,0.0,0.19234229866736186,MODEL_ONLY,DUPLICATE_OR_OLD,DUPLICATE_OR_OLD,171.017838627,171.017838627
171.21161593300002,6.38954188752234,28.28368784655653,0.006254308737412714,0.0,0.0,False,0.0,0.6254308737412714,0.16876628880147532,FUSED,ACCEPTED,ACCEPTED,171.127914225,171.127914225
171.261615933,6.440035408006448,28.604427278944637,0.011254308737411008,0.0,0.0,False,0.0,0.0,0.16876628880147532,MODEL_ONLY,DUPLICATE_OR_OLD,DUPLICATE_OR_OLD,171.127914225,171.127914225
171.311615933,6.48829375303267,28.92763550797069,0.0061911013921497424,0.0,0.0,False,0.0,0.6191101392149742,0.17338385476440166,FUSED,ACCEPTED,ACCEPTED,171.22384081,171.22384081
171.361615933,6.538320545406434,29.25330086543156,0.011191101392148038,0.0,0.0,False,0.0,0.0,0.17338385476440166,MODEL_ONLY,DUPLICATE_OR_OLD,DUPLICATE_OR_OLD,171.22384081,171.22384081
171.411615933,6.588171028346385,29.581463154775452,0.006181909324745879,0.0,0.0,False,0.0,0.6181909324745878,0.17807732526326284,FUSED,ACCEPTED,ACCEPTED,171.317927601,171.317927601
171.46161593300002,6.6377530637723865,29.9121112570785,0.011181909324747016,0.0,0.0,False,0.0,0.0,0.17807732526326284,MODEL_ONLY,DUPLICATE_OR_OLD,DUPLICATE_OR_OLD,171.317927601,171.317927601
171.511615933,6.683458074945798,30.245141535546338,0.00618056885158154,0.0,0.0,False,0.0,0.6180568851581538,0.16974132464204894,FUSED,ACCEPTED,ACCEPTED,171.437828329,171.437828329
171.561615933,6.731954885536422,30.58052685955847,0.011180568851582678,0.0,0.0,False,0.0,0.0,0.16974132464204894,MODEL_ONLY,DUPLICATE_OR_OLD,DUPLICATE_OR_OLD,171.437828329,171.437828329
171.611615933,6.776970351661288,30.9182499904883,0.006180373292616166,0.0,0.0,False,0.0,0.6180373292616166,0.1679333736161965,FUSED,ACCEPTED,ACCEPTED,171.52195102,171.52195102
171.661615933,6.824727064664307,31.258292425896514,0.011180373292617302,0.0,0.0,False,0.0,0.0,0.1679333736161965,MODEL_ONLY,DUPLICATE_OR_OLD,DUPLICATE_OR_OLD,171.52195102,171.52195102
171.71161593300002,6.868061843880159,31.600612148610203,0.006180344761233982,0.0,0.0,False,0.0,0.618034476123398,0.1623776504202735,FUSED,ACCEPTED,ACCEPTED,171.627851993,171.627851993
171.761615933,6.914916587353465,31.945186609390927,0.011180344761232277,0.0,0.0,False,0.0,0.0,0.1623776504202735,MODEL_ONLY,DUPLICATE_OR_OLD,DUPLICATE_OR_OLD,171.627851993,171.627851993
171.811615933,6.9631972417904695,32.2921394551196,0.006180340598567093,0.0,0.0,False,0.0,0.6180340598567091,0.17528665737450813,FUSED,ACCEPTED,ACCEPTED,171.729823216,171.729823216
171.861615933,7.010090696083426,32.64147165356633,0.011180340598565389,0.0,0.0,False,0.0,0.0,0.17528665737450813,MODEL_ONLY,DUPLICATE_OR_OLD,DUPLICATE_OR_OLD,171.729823216,171.729823216
171.911615933,7.057501179347427,32.99316145045218,0.006180339991242308,0.0,0.0,False,0.0,0.6180339991242306,0.1761382421818545,FUSED,ACCEPTED,ACCEPTED,171.833833813,171.833833813
171.96161593300002,7.103844540192638,33.34719509344076,0.011180339991243446,0.0,0.0,False,0.0,0.0,0.1761382421818545,MODEL_ONLY,DUPLICATE_OR_OLD,DUPLICATE_OR_OLD,171.833833813,171.833833813
172.011615933,7.145461496327724,33.703427744353654,0.006180339902634818,0.0,0.0,False,0.0,0.6180339902634817,0.1641996253232463,FUSED,ACCEPTED,ACCEPTED,171.927859007,171.927859007
172.061615933,7.190637335865864,34.06183021515857,0.011180339902635957,0.0,0.0,False,0.0,0.0,0.1641996253232463,MODEL_ONLY,DUPLICATE_OR_OLD,DUPLICATE_OR_OLD,171.927859007,171.927859007
172.111615933,7.214281551026121,34.42195318733075,0.00618033988970716,0.0,0.0,False,0.0,0.6180339889707158,0.11030821859901582,FUSED,ACCEPTED,ACCEPTED,172.017850198,172.017850198
172.161615933,7.256232784560259,34.783716045720496,0.011180339889708298,0.0,0.0,False,0.0,0.0,0.11030821859901582,MODEL_ONLY,DUPLICATE_OR_OLD,DUPLICATE_OR_OLD,172.017850198,172.017850198
172.21161593300002,7.304464009477305,35.14773346557151,0.006180339887821454,0.0,0.0,False,0.0,0.6180339887821453,0.163154708715198,FUSED,ACCEPTED,ACCEPTED,172.145916669,172.145916669
172.261615933,7.34854817691756,35.51405877023126,0.01118033988781975,0.0,0.0,False,0.0,0.0,0.163154708715198,MODEL_ONLY,DUPLICATE_OR_OLD,DUPLICATE_OR_OLD,172.145916669,172.145916669
172.311615933,7.407621910158265,35.88296302240824,0.0061803398875459195,0.0,0.0,False,0.0,0.6180339887545918,0.1963955741410186,FUSED,ACCEPTED,ACCEPTED,172.231828675,172.231828675
172.361615933,7.452855578125249,36.2544749596152,0.011180339887544214,0.0,0.0,False,0.0,0.0,0.1963955741410186,MODEL_ONLY,DUPLICATE_OR_OLD,DUPLICATE_OR_OLD,172.231828675,172.231828675
172.411615933,7.504820399972886,36.62841685906774,0.00618033988750572,0.0,0.0,False,0.0,0.6180339887505718,0.19694114019389755,FUSED,ACCEPTED,ACCEPTED,172.313814028,172.313814028
172.46161593300002,7.549582170882453,37.00477692333921,0.011180339887506857,0.0,0.0,False,0.0,0.0,0.19694114019389755,MODEL_ONLY,DUPLICATE_OR_OLD,DUPLICATE_OR_OLD,172.313814028,172.313814028
172.511615933,7.592550805686666,37.38333024775331,0.006180339887499855,0.0,0.0,False,0.0,0.6180339887499853,0.18675846037531146,FUSED,ACCEPTED,ACCEPTED,172.425841331,172.425841331
172.561615933,7.636322544078851,37.76405208149753,0.011180339887500992,0.0,0.0,False,0.0,0.0,0.18675846037531146,MODEL_ONLY,DUPLICATE_OR_OLD,DUPLICATE_OR_OLD,172.425841331,172.425841331
172.611615933,7.683731178180791,38.14705342455389,0.006180339887498999,0.0,0.0,False,0.0,0.6180339887498998,0.20339681370591328,FUSED,ACCEPTED,ACCEPTED,172.52183832,172.52183832
172.661615933,7.72786746723617,38.5323433906894,0.011180339887500137,0.0,0.0,False,0.0,0.0,0.20339681370591328,MODEL_ONLY,DUPLICATE_OR_OLD,DUPLICATE_OR_OLD,172.52183832,172.52183832
172.71161593300002,7.7659984064897865,38.91969003753264,0.006180339887499289,0.0,0.0,False,0.0,0.6180339887499287,0.18136919398975188,FUSED,ACCEPTED,ACCEPTED,172.623828888,172.623828888
172.761615933,7.8088306618332615,39.309060764240584,0.011180339887497583,0.0,0.0,False,0.0,0.0,0.18136919398975188,MODEL_ONLY,DUPLICATE_OR_OLD,DUPLICATE_OR_OLD,172.623828888,172.623828888
172.811615933,7.851661819474674,39.70057307627337,0.016180339887498722,0.0,0.0,False,0.0,0.0,0.18136919398975188,MODEL_ONLY,DUPLICATE_OR_OLD,DUPLICATE_OR_OLD,172.623828888,172.623828888
172.861615933,7.8944680609753926,40.09422632328449,0.021180339887497016,0.0,0.0,False,0.0,0.0,0.18136919398975188,MODEL_ONLY,DUPLICATE_OR_OLD,DUPLICATE_OR_OLD,172.623828888,172.623828888
172.911615933,7.929150119077827,40.48981677778591,0.007236067977499731,0.0,0.0,False,0.0,0.7236067977499728,0.1726434113552182,FUSED,ACCEPTED,ACCEPTED,172.843875061,172.843875061
172.96161593300002,7.97140761933436,40.88733072124631,0.012236067977500868,0.0,0.0,False,0.0,0.0,0.1726434113552182,MODEL_ONLY,DUPLICATE_OR_OLD,DUPLICATE_OR_OLD,172.843875061,172.843875061
173.011615933,8.01522880793249,41.28699663192784,0.0063283980608869785,0.0,0.0,False,0.0,0.6328398060886978,0.18481374741911288,FUSED,ACCEPTED,ACCEPTED,172.919932268,172.919932268
173.061615933,8.057922518991262,41.68882541510103,0.011328398060888116,0.0,0.0,False,0.0,0.0,0.18481374741911288,MODEL_ONLY,DUPLICATE_OR_OLD,DUPLICATE_OR_OLD,172.919932268,172.919932268
173.111615933,8.099591204499285,42.09276325818816,0.006201819808074065,0.0,0.0,False,0.0,0.6201819808074063,0.17921238993668412,FUSED,ACCEPTED,ACCEPTED,173.023820891,173.023820891
173.161615933,8.141791258380747,42.49879781976025,0.011201819808075202,0.0,0.0,False,0.0,0.0,0.17921238993668412,MODEL_ONLY,DUPLICATE_OR_OLD,DUPLICATE_OR_OLD,173.023820891,173.023820891
173.21161593300002,8.156662324879097,42.906259159341836,0.006183471196562599,0.0,0.0,False,0.0,0.6183471196562598,0.1018687458976634,FUSED,ACCEPTED,ACCEPTED,173.117824387,173.117824387
173.261615933,8.19476390222295,43.31504481501925,0.011183471196560893,0.0,0.0,False,0.0,0.0,0.1018687458976634,MODEL_ONLY,DUPLICATE_OR_OLD,DUPLICATE_OR_OLD,173.117824387,173.117824387
173.311615933,8.247263027081242,43.72609548825194,0.006180796684698921,0.0,0.0,False,0.0,0.6180796684698922,0.1878463501673385,FUSED,ACCEPTED,ACCEPTED,173.231923134,173.231923134
173.361615933,8.289410446164084,44.13951232508294,0.011180796684697215,0.0,0.0,False,0.0,0.0,0.1878463501673385,MODEL_ONLY,DUPLICATE_OR_OLD,DUPLICATE_OR_OLD,173.231923134,173.231923134
173.411615933,8.349990480876377,44.555497348259046,0.006180406532149343,0.0,0.0,False,0.0,0.6180406532149341,0.2146943276418,FUSED,ACCEPTED,ACCEPTED,173.331818725,173.331818725
173.46161593300002,8.39318679123144,44.974076780061836,0.01118040653215048,0.0,0.0,False,0.0,0.0,0.2146943276418,MODEL_ONLY,DUPLICATE_OR_OLD,DUPLICATE_OR_OLD,173.331818725,173.331818725
173.511615933,8.443299682536642,45.39498894190589,0.006180349610797567,0.0,0.0,False,0.0,0.6180349610797566,0.21190950885185766,FUSED,ACCEPTED,ACCEPTED,173.425819022,173.425819022
173.561615933,8.486041267964502,45.81822246566852,0.011180349610798704,0.0,0.0,False,0.0,0.0,0.21190950885185766,MODEL_ONLY,DUPLICATE_OR_OLD,DUPLICATE_OR_OLD,173.425819022,173.425819022
173.611615933,8.519935915844284,46.24337189526359,0.00618034130610849,0.0,0.0,False,0.0,0.6180341306108488,0.18029133215973434,FUSED,ACCEPTED,ACCEPTED,173.527810629,173.527810629
173.661615933,8.560778236803168,46.670389749079874,0.011180341306109627,0.0,0.0,False,0.0,0.0,0.18029133215973434,MODEL_ONLY,DUPLICATE_OR_OLD,DUPLICATE_OR_OLD,173.527810629,173.527810629
173.71161593300002,8.602689984788384,47.09947645461976,0.006180340094471612,0.0,0.0,False,0.0,0.6180340094471611,0.19966967765614338,FUSED,ACCEPTED,ACCEPTED,173.627816685,173.627816685
173.761615933,8.644396928219997,47.53065362744483,0.011180340094469908,0.0,0.0,False,0.0,0.0,0.19966967765614338,MODEL_ONLY,DUPLICATE_OR_OLD,DUPLICATE_OR_OLD,173.627816685,173.627816685
173.811615933,8.690952387997813,47.96403736035037,0.00618033991769577,0.0,0.0,False,0.0,0.618033991769577,0.20912585636623138,FUSED,ACCEPTED,ACCEPTED,173.735812644,173.735812644
173.861615933,8.733158753843107,48.399640138896245,0.011180339917694064,0.0,0.0,False,0.0,0.0,0.20912585636623138,MODEL_ONLY,DUPLICATE_OR_OLD,DUPLICATE_OR_OLD,173.735812644,173.735812644
173.911615933,8.780098786686171,48.83747157740958,0.006180339891904522,0.0,0.0,False,0.0,0.6180339891904523,0.21626671059834102,FUSED,ACCEPTED,ACCEPTED,173.863852977,173.863852977
173.96161593300002,8.822594695155681,49.27753891445573,0.01118033989190566,0.0,0.0,False,0.0,0.0,0.21626671059834102,MODEL_ONLY,DUPLICATE_OR_OLD,DUPLICATE_OR_OLD,173.863852977,173.863852977
174.011615933,8.851893277261238,49.719401113766004,0.006180339888141631,0.0,0.0,False,0.0,0.618033988814163,0.17087270062179555,FUSED,ACCEPTED,ACCEPTED,173.935800574,173.935800574
174.061615933,8.891995024270509,50.16299832130439,0.011180339888142769,0.0,0.0,False,0.0,0.0,0.17087270062179555,MODEL_ONLY,DUPLICATE_OR_OLD,DUPLICATE_OR_OLD,173.935800574,173.935800574
174.111615933,8.940845582498255,50.60881933647346,0.006180339887592632,0.0,0.0,False,0.0,0.6180339887592632,0.21848997978884732,FUSED,ACCEPTED,ACCEPTED,174.029843601,174.029843601
174.161615933,8.983168838842603,51.05691969700708,0.01118033988759377,0.0,0.0,False,0.0,0.0,0.21848997978884732,MODEL_ONLY,DUPLICATE_OR_OLD,DUPLICATE_OR_OLD,174.029843601,174.029843601
174.21161593300002,9.022667329255592,51.50706560120964,0.00618033988751295,0.0,0.0,False,0.0,0.6180339887512949,0.19410074500744937,FUSED,ACCEPTED,ACCEPTED,174.123881008,174.123881008
174.261615933,9.05884154313149,51.959103323019164,0.005278640450006948,0.0,0.0,False,0.0,0.5278640450006946,0.18514665903278413,FUSED,ACCEPTED,ACCEPTED,174.231879928,174.231879928
174.311615933,9.099194127765621,52.41305421479169,0.010278640450008085,0.0,0.0,False,0.0,0.0,0.18514665903278413,MODEL_ONLY,DUPLICATE_OR_OLD,DUPLICATE_OR_OLD,174.231879928,174.231879928
174.361615933,9.139430490607726,52.86901983025087,0.015278640450006379,0.0,0.0,False,0.0,0.0,0.18514665903278413,MODEL_ONLY,DUPLICATE_OR_OLD,DUPLICATE_OR_OLD,174.231879928,174.231879928
174.411615933,9.179547210515063,53.32699427277905,0.020278640450007518,0.0,0.0,False,0.0,0.0,0.18514665903278413,MODEL_ONLY,DUPLICATE_OR_OLD,DUPLICATE_OR_OLD,174.231879928,174.231879928
174.46161593300002,9.219541478629864,53.78697149000777,0.025278640450008653,0.0,0.0,False,0.0,0.0,0.18514665903278413,MODEL_ONLY,DUPLICATE_OR_OLD,DUPLICATE_OR_OLD,174.231879928,174.231879928
174.511615933,9.254637907184549,54.24882597465297,0.0075172945540672356,0.0,0.0,False,0.0,0.7517294554067235,0.1847071981830518,FUSED,ACCEPTED,ACCEPTED,174.443887614,174.443887614
174.561615933,9.29436351987798,54.71255101032965,0.012517294554068373,0.0,0.0,False,0.0,0.0,0.1847071981830518,MODEL_ONLY,DUPLICATE_OR_OLD,DUPLICATE_OR_OLD,174.443887614,174.443887614
174.611615933,9.346820065990551,55.1785805999762,0.006365921809518102,0.0,0.0,False,0.0,0.63659218095181,0.22568476261448217,FUSED,ACCEPTED,ACCEPTED,174.527813172,174.527813172
174.661615933,9.38834364920317,55.64695969285615,0.01136592180951924,0.0,0.0,False,0.0,0.0,0.22568476261448217,MODEL_ONLY,DUPLICATE_OR_OLD,DUPLICATE_OR_OLD,174.527813172,174.527813172
174.71161593300002,9.406181637892091,56.116822825033644,0.006207225344805076,0.0,0.0,False,0.0,0.6207225344805074,0.13872130170103236,FUSED,ACCEPTED,ACCEPTED,174.631922567,174.631922567
174.761615933,9.443108836873416,56.588055086902614,0.011207225344803371,0.0,0.0,False,0.0,0.0,0.13872130170103236,MODEL_ONLY,DUPLICATE_OR_OLD,DUPLICATE_OR_OLD,174.631922567,174.631922567
174.811615933,9.495625841275432,57.061523453856445,0.006184258398807388,0.0,0.0,False,0.0,0.6184258398807385,0.22434356002417105,FUSED,ACCEPTED,ACCEPTED,174.731795825,174.731795825
174.861615933,9.536769858975251,57.53733334636255,0.011184258398805682,0.0,0.0,False,0.0,0.0,0.22434356002417105,MODEL_ONLY,DUPLICATE_OR_OLD,DUPLICATE_OR_OLD,174.731795825,174.731795825
174.911615933,9.594819776557417,58.01562308725097,0.00618091150503782,0.0,0.0,False,0.0,0.6180911505037818,0.24374541339015265,FUSED,ACCEPTED,ACCEPTED,174.82180658,174.82180658
174.96161593300002,9.636973538626654,58.49641792013069,0.011180911505038957,0.0,0.0,False,0.0,0.0,0.24374541339015265,MODEL_ONLY,DUPLICATE_OR_OLD,DUPLICATE_OR_OLD,174.82180658,174.82180658
175.011615933,9.665039326377284,58.978968241755624,0.006180423283552988,0.0,0.0,False,0.0,0.6180423283552987,0.18269644496980741,FUSED,ACCEPTED,ACCEPTED,174.959813604,174.959813604
175.061615933,9.704103311842564,59.463196807711235,0.011180423283554126,0.0,0.0,False,0.0,0.0,0.18269644496980741,MODEL_ONLY,DUPLICATE_OR_OLD,DUPLICATE_OR_OLD,174.959813604,174.959813604
175.111615933,9.738921112583908,59.949272418321726,0.006180352054780415,0.0,0.0,False,0.0,0.6180352054780414,0.19225828614072799,FUSED,ACCEPTED,ACCEPTED,175.037817546,175.037817546
175.161615933,9.778376489021502,60.43720485836197,0.011180352054781552,0.0,0.0,False,0.0,0.0,0.19225828614072799,MODEL_ONLY,DUPLICATE_OR_OLD,DUPLICATE_OR_OLD,175.037817546,175.037817546
175.21161593300002,9.813823386167334,60.927009855241806,0.006180341662680898,0.0,0.0,False,0.0,0.6180341662680897,0.18441255326451345,FUSED,ACCEPTED,ACCEPTED,175.127923034,175.127923034
175.261615933,9.85276723817248,61.41867462085013,0.011180341662679193,0.0,0.0,False,0.0,0.0,0.18441255326451345,MODEL_ONLY,DUPLICATE_OR_OLD,DUPLICATE_OR_OLD,175.127923034,175.127923034
175.311615933,9.889934840195808,61.91224217280946,0.006180340146494405,0.0,0.0,False,0.0,0.6180340146494403,0.18555200886080983,FUSED,ACCEPTED,ACCEPTED,175.225793448,175.225793448
175.361615933,9.92879136115993,62.407710327843176,0.0111803401464927,0.0,0.0,False,0.0,0.0,0.18555200886080983,MODEL_ONLY,DUPLICATE_OR_OLD,DUPLICATE_OR_OLD,175.225793448,175.225793448
175.411615933,9.9666504198422,62.90509637236835,0.006180339925285794,0.0,0.0,False,0.0,0.6180339925285794,0.18522459590309934,FUSED,ACCEPTED,ACCEPTED,175.319790157,175.319790157
175.46161593300002,10.0053260667426,63.40439578453309,0.011180339925286931,0.0,0.0,False,0.0,0.0,0.18522459590309934,MODEL_ONLY,DUPLICATE_OR_OLD,DUPLICATE_OR_OLD,175.319790157,175.319790157
175.511615933,10.051671947869666,63.90582073489822,0.006180339893011893,0.0,0.0,False,0.0,0.6180339893011891,0.20965368278027136,FUSED,ACCEPTED,ACCEPTED,175.425843121,175.425843121
175.561615933,10.091384679317006,64.409397150578,0.011180339893013029,0.0,0.0,False,0.0,0.0,0.20965368278027136,MODEL_ONLY,DUPLICATE_OR_OLD,DUPLICATE_OR_OLD,175.425843121,175.425843121
175.611615933,10.118746980439305,64.91465044207173,0.006180339888303195,0.0,0.0,False,0.0,0.6180339888303192,0.1626557110097233,FUSED,ACCEPTED,ACCEPTED,175.539848487,175.539848487
175.661615933,10.155910897534053,65.42151688902118,0.011180339888304332,0.0,0.0,False,0.0,0.0,0.1626557110097233,MODEL_ONLY,DUPLICATE_OR_OLD,DUPLICATE_OR_OLD,175.539848487,175.539848487
175.71161593300002,10.184827583219896,65.93003535104015,0.006180339887616619,0.0,0.0,False,0.0,0.6180339887616617,0.1592714850469723,FUSED,ACCEPTED,ACCEPTED,175.627839591,175.627839591
175.761615933,10.213310372433194,66.4399887999313,0.005278640450030056,0.0,0.0,False,0.0,0.5278640450030057,0.14085287764054202,FUSED,ACCEPTED,ACCEPTED,175.737879823,175.737879823
175.811615933,10.249076875218902,66.95154848112271,0.010278640450031193,0.0,0.0,False,0.0,0.0,0.14085287764054202,MODEL_ONLY,DUPLICATE_OR_OLD,DUPLICATE_OR_OLD,175.737879823,175.737879823
175.861615933,10.284736979539794,67.46489382749152,0.015278640450029489,0.0,0.0,False,0.0,0.0,0.14085287764054202,MODEL_ONLY,DUPLICATE_OR_OLD,DUPLICATE_OR_OLD,175.737879823,175.737879823
175.911615933,10.31644099678786,67.97992327689983,0.00669734180552024,0.0,0.0,False,0.0,0.6697341805520238,0.14558114312998677,FUSED,ACCEPTED,ACCEPTED,175.831801852,175.831801852
175.96161593300002,10.352130698711845,68.49663756928744,0.011697341805521377,0.0,0.0,False,0.0,0.0,0.14558114312998677,MODEL_ONLY,DUPLICATE_OR_OLD,DUPLICATE_OR_OLD,175.831801852,175.831801852
176.011615933,10.373866112053069,69.01478748955638,0.006254308734987054,0.0,0.0,False,0.0,0.6254308734987053,0.10779809270995144,FUSED,ACCEPTED,ACCEPTED,175.933789447,175.933789447
176.061615933,10.40777354551794,69.53432848099577,0.011254308734988191,0.0,0.0,False,0.0,0.0,0.10779809270995144,MODEL_ONLY,DUPLICATE_OR_OLD,DUPLICATE_OR_OLD,175.933789447,175.933789447
176.111615933,10.441709538887569,70.05556555810574,0.016254308734986487,0.0,0.0,False,0.0,0.0,0.10779809270995144,MODEL_ONLY,DUPLICATE_OR_OLD,DUPLICATE_OR_OLD,175.933789447,175.933789447
176.161615933,10.47565842882526,70.57849975729867,0.021254308734987626,0.0,0.0,False,0.0,0.0,0.10779809270995144,MODEL_ONLY,DUPLICATE_OR_OLD,DUPLICATE_OR_OLD,175.933789447,175.933789447
176.21161593300002,10.48016878239504,71.1023954375793,0.007241707165595721,0.0,0.0,False,0.0,0.7241707165595719,0.06084811567805184,FUSED,ACCEPTED,ACCEPTED,176.171794301,176.171794301
176.261615933,10.511760118139627,71.62719366009249,0.012241707165594015,0.0,0.0,False,0.0,0.0,0.06084811567805184,MODEL_ONLY,DUPLICATE_OR_OLD,DUPLICATE_OR_OLD,176.171794301,176.171794301
